ISO-10303-21;
HEADER;
FILE_DESCRIPTION (( 'STEP AP203' ),
    '1' );
FILE_NAME ('地柜07.STEP',
    '2026-06-05T00:40:19',
    ( 'Windows 用户' ),
    ( 'Microsoft' ),
    'SwSTEP 2.0',
    'SolidWorks 2018',
    '' );
FILE_SCHEMA (( 'CONFIG_CONTROL_DESIGN' ));
ENDSEC;

DATA;
#1 = DATE_TIME_ROLE ( 'classification_date' ) ;
#2 = ORIENTED_EDGE ( 'NONE', *, *, #2302, .T. ) ;
#3 = DIRECTION ( 'NONE',  ( -0.000000000000000000, 1.000000000000000000, -0.000000000000000000 ) ) ;
#4 = DIRECTION ( 'NONE',  ( -0.000000000000000000, -0.000000000000000000, -1.000000000000000000 ) ) ;
#5 = AXIS2_PLACEMENT_3D ( 'NONE', #1707, #2031, #3442 ) ;
#6 = ADVANCED_FACE ( 'NONE', ( #1399 ), #2341, .F. ) ;
#7 = ORIENTED_EDGE ( 'NONE', *, *, #3082, .F. ) ;
#8 = DIRECTION ( 'NONE',  ( 1.000000000000000000, -0.000000000000000000, -0.000000000000000000 ) ) ;
#9 = ORIENTED_EDGE ( 'NONE', *, *, #3255, .F. ) ;
#10 = CARTESIAN_POINT ( 'NONE',  ( 0.000000000000000000, 0.000000000000000000, 2.000000000000000000 ) ) ;
#11 = AXIS2_PLACEMENT_3D ( 'NONE', #293, #581, #2571 ) ;
#12 = ORIENTED_EDGE ( 'NONE', *, *, #3159, .F. ) ;
#13 = DIRECTION ( 'NONE',  ( 0.000000000000000000, -1.000000000000000000, 0.000000000000000000 ) ) ;
#14 = DATE_AND_TIME ( #2014, #526 ) ;
#15 = ORIENTED_EDGE ( 'NONE', *, *, #3537, .F. ) ;
#16 = DATE_TIME_ROLE ( 'classification_date' ) ;
#17 = CC_DESIGN_PERSON_AND_ORGANIZATION_ASSIGNMENT ( #143, #1087, ( #3327 ) ) ;
#18 = APPROVAL_DATE_TIME ( #1735, #3246 ) ;
#19 = DIRECTION ( 'NONE',  ( -1.000000000000000000, -8.527058560869099964E-17, 0.000000000000000000 ) ) ;
#20 = PLANE ( 'NONE',  #11 ) ;
#21 = ORIENTED_EDGE ( 'NONE', *, *, #304, .T. ) ;
#22 = CARTESIAN_POINT ( 'NONE',  ( 15.90000000000005720, 363.5000000000000000, 15.90000000000000036 ) ) ;
#23 = ORIENTED_EDGE ( 'NONE', *, *, #634, .F. ) ;
#24 = EDGE_CURVE ( 'NONE', #1751, #333, #206, .T. ) ;
#25 = DESIGN_CONTEXT ( 'detailed design', #560, 'design' ) ;
#26 = ADVANCED_FACE ( 'NONE', ( #1988 ), #1711, .F. ) ;
#27 = CARTESIAN_POINT ( 'NONE',  ( 33.00000000000007816, 0.000000000000000000, 0.000000000000000000 ) ) ;
#28 = EDGE_CURVE ( 'NONE', #2591, #3158, #819, .T. ) ;
#29 = PLANE ( 'NONE',  #2101 ) ;
#30 = CIRCLE ( 'NONE', #1526, 5.000000000000000888 ) ;
#31 = ORIENTED_EDGE ( 'NONE', *, *, #716, .F. ) ;
#32 = AXIS2_PLACEMENT_3D ( 'NONE', #1777, #375, #944 ) ;
#33 = CARTESIAN_POINT ( 'NONE',  ( 0.000000000000000000, 0.000000000000000000, 570.0000000000001137 ) ) ;
#34 = DIRECTION ( 'NONE',  ( 0.000000000000000000, -0.000000000000000000, -1.000000000000000000 ) ) ;
#35 = EDGE_LOOP ( 'NONE', ( #2394, #200, #2534, #2460 ) ) ;
#36 = DIRECTION ( 'NONE',  ( -0.000000000000000000, -1.000000000000000000, -0.000000000000000000 ) ) ;
#37 = CARTESIAN_POINT ( 'NONE',  ( 15.90000000000005720, -250.0000000000000000, 20.90000000000000213 ) ) ;
#38 = AXIS2_PLACEMENT_3D ( 'NONE', #2413, #2986, #1577 ) ;
#39 = ORIENTED_EDGE ( 'NONE', *, *, #1892, .T. ) ;
#40 = CYLINDRICAL_SURFACE ( 'NONE', #82, 27.00000000000002487 ) ;
#41 = CARTESIAN_POINT ( 'NONE',  ( 30.00000000000001421, -615.0000000000000000, 586.8000000000001819 ) ) ;
#42 = ORIENTED_EDGE ( 'NONE', *, *, #184, .T. ) ;
#43 = CC_DESIGN_SECURITY_CLASSIFICATION ( #2586, ( #3358 ) ) ;
#44 = EDGE_CURVE ( 'NONE', #2886, #2504, #1307, .T. ) ;
#45 = VECTOR ( 'NONE', #1608, 1000.000000000000000 ) ;
#46 = CARTESIAN_POINT ( 'NONE',  ( 385.0000000000001137, -800.0000000000000000, 472.9999999999999432 ) ) ;
#47 = FACE_OUTER_BOUND ( 'NONE', #190, .T. ) ;
#48 = CARTESIAN_POINT ( 'NONE',  ( 70.00000000000009948, -745.0000000000000000, 97.00000000000000000 ) ) ;
#49 = ORIENTED_EDGE ( 'NONE', *, *, #2021, .T. ) ;
#50 = EDGE_CURVE ( 'NONE', #1050, #2825, #1220, .T. ) ;
#51 = DIRECTION ( 'NONE',  ( 0.000000000000000000, 0.000000000000000000, 1.000000000000000000 ) ) ;
#52 = ORIENTED_EDGE ( 'NONE', *, *, #2001, .F. ) ;
#53 = DIRECTION ( 'NONE',  ( 0.000000000000000000, -1.000000000000000000, 0.000000000000000000 ) ) ;
#54 = DATE_AND_TIME ( #622, #700 ) ;
#55 = CARTESIAN_POINT ( 'NONE',  ( 22.00000000000001066, -664.5000000000000000, 586.8000000000001819 ) ) ;
#56 = EDGE_LOOP ( 'NONE', ( #31, #2712, #1677, #2443 ) ) ;
#57 = CARTESIAN_POINT ( 'NONE',  ( 70.00000000000008527, -745.0000000000000000, 473.0000000000000000 ) ) ;
#58 = EDGE_LOOP ( 'NONE', ( #2537, #365, #961, #464 ) ) ;
#59 = AXIS2_PLACEMENT_3D ( 'NONE', #1958, #250, #1623 ) ;
#60 = SHAPE_REPRESENTATION ( '地柜07', ( #1790, #1741, #3462, #1716, #1021 ), #1836 ) ;
#61 = ORIENTED_EDGE ( 'NONE', *, *, #2914, .T. ) ;
#62 = CARTESIAN_POINT ( 'NONE',  ( 15.90000000000005720, -363.5000000000000000, 22.40000000000000568 ) ) ;
#63 = CARTESIAN_POINT ( 'NONE',  ( 13.20000000000000817, -664.5000000000000000, 586.8000000000001819 ) ) ;
#64 = DIRECTION ( 'NONE',  ( -1.000000000000000000, 0.000000000000000000, 0.000000000000000000 ) ) ;
#65 = ORIENTED_EDGE ( 'NONE', *, *, #1010, .F. ) ;
#66 = DIRECTION ( 'NONE',  ( -1.000000000000000000, 0.000000000000000000, 0.000000000000000000 ) ) ;
#67 = DIRECTION ( 'NONE',  ( 0.000000000000000000, 0.000000000000000000, 1.000000000000000000 ) ) ;
#68 = VECTOR ( 'NONE', #1525, 1000.000000000000000 ) ;
#69 = VECTOR ( 'NONE', #3661, 1000.000000000000000 ) ;
#70 = EDGE_CURVE ( 'NONE', #1017, #1549, #3002, .T. ) ;
#71 = LINE ( 'NONE', #2950, #2154 ) ;
#72 = DIRECTION ( 'NONE',  ( -0.000000000000000000, -0.000000000000000000, -1.000000000000000000 ) ) ;
#73 = DIRECTION ( 'NONE',  ( 0.000000000000000000, 0.000000000000000000, -1.000000000000000000 ) ) ;
#74 = EDGE_LOOP ( 'NONE', ( #2842, #1236, #2291, #1652 ) ) ;
#75 = EDGE_CURVE ( 'NONE', #3158, #1829, #83, .T. ) ;
#76 = DIRECTION ( 'NONE',  ( 1.000000000000000000, 0.000000000000000000, 0.000000000000000000 ) ) ;
#77 = PLANE ( 'NONE',  #1426 ) ;
#78 = CARTESIAN_POINT ( 'NONE',  ( 13.20000000000000817, -615.0000000000000000, 586.8000000000001819 ) ) ;
#79 = CYLINDRICAL_SURFACE ( 'NONE', #1128, 8.000000000000007105 ) ;
#80 = LINE ( 'NONE', #2794, #1305 ) ;
#81 = DIRECTION ( 'NONE',  ( 0.000000000000000000, -1.000000000000000000, 0.000000000000000000 ) ) ;
#82 = AXIS2_PLACEMENT_3D ( 'NONE', #2026, #2271, #1434 ) ;
#83 = LINE ( 'NONE', #2625, #3144 ) ;
#84 = FACE_OUTER_BOUND ( 'NONE', #376, .T. ) ;
#85 = ORIENTED_EDGE ( 'NONE', *, *, #1010, .T. ) ;
#86 = DIRECTION ( 'NONE',  ( -0.000000000000000000, 1.000000000000000000, -0.000000000000000000 ) ) ;
#87 = CARTESIAN_POINT ( 'NONE',  ( 5.200000000000008171, -664.5000000000000000, 586.8000000000001819 ) ) ;
#88 = CC_DESIGN_PERSON_AND_ORGANIZATION_ASSIGNMENT ( #2367, #856, ( #887 ) ) ;
#89 = CIRCLE ( 'NONE', #723, 27.00000000000002487 ) ;
#90 = CARTESIAN_POINT ( 'NONE',  ( 15.90000000000000036, -65.49999999999998579, 586.0000000000001137 ) ) ;
#91 = LINE ( 'NONE', #3450, #3009 ) ;
#92 = EDGE_LOOP ( 'NONE', ( #1742, #1646, #1866, #2209 ) ) ;
#93 = ADVANCED_BREP_SHAPE_REPRESENTATION ( '', ( #1235, #218 ), #3265 ) ;
#94 = CARTESIAN_POINT ( 'NONE',  ( 22.00000000000001066, -664.5000000000000000, 586.8000000000001819 ) ) ;
#95 = CARTESIAN_POINT ( 'NONE',  ( 385.0000000000001137, -745.0000000000000000, 43.00000000000000000 ) ) ;
#96 = LINE ( 'NONE', #1432, #3012 ) ;
#97 = ORIENTED_EDGE ( 'NONE', *, *, #957, .F. ) ;
#98 = EDGE_CURVE ( 'NONE', #2389, #2647, #997, .T. ) ;
#99 = ADVANCED_FACE ( 'NONE', ( #248 ), #1127, .T. ) ;
#100 = ITEM_DEFINED_TRANSFORMATION ( 'NONE', 'NONE', #1716,  #218 ) ;
#101 = EDGE_LOOP ( 'NONE', ( #2180, #594, #167, #897 ) ) ;
#102 = EDGE_CURVE ( 'NONE', #227, #1164, #553, .T. ) ;
#103 = CARTESIAN_POINT ( 'NONE',  ( 22.00000000000001066, -114.9999999999999858, 594.8000000000001819 ) ) ;
#104 = COORDINATED_UNIVERSAL_TIME_OFFSET ( 8, 0, .AHEAD. ) ;
#105 = DIRECTION ( 'NONE',  ( 0.000000000000000000, 0.000000000000000000, 1.000000000000000000 ) ) ;
#106 = ORIENTED_EDGE ( 'NONE', *, *, #3472, .T. ) ;
#107 = DATE_AND_TIME ( #3430, #1596 ) ;
#108 = CARTESIAN_POINT ( 'NONE',  ( -28.00000000000005684, -250.0000000000000000, 27.00000000000000000 ) ) ;
#109 = DIRECTION ( 'NONE',  ( 0.000000000000000000, 0.000000000000000000, -1.000000000000000000 ) ) ;
#110 = AXIS2_PLACEMENT_3D ( 'NONE', #2656, #2939, #1229 ) ;
#111 = EDGE_LOOP ( 'NONE', ( #2588, #2654 ) ) ;
#112 = ORIENTED_EDGE ( 'NONE', *, *, #500, .F. ) ;
#113 = VERTEX_POINT ( 'NONE', #1734 ) ;
#114 = ORIENTED_EDGE ( 'NONE', *, *, #3580, .T. ) ;
#115 = VERTEX_POINT ( 'NONE', #48 ) ;
#116 = EDGE_CURVE ( 'NONE', #1549, #1017, #954, .T. ) ;
#117 = CARTESIAN_POINT ( 'NONE',  ( 436.9999999999999432, -708.0000000000000000, 0.000000000000000000 ) ) ;
#118 = CIRCLE ( 'NONE', #2715, 27.00000000000002487 ) ;
#119 = DIRECTION ( 'NONE',  ( 0.000000000000000000, 0.000000000000000000, 1.000000000000000000 ) ) ;
#120 = ORIENTED_EDGE ( 'NONE', *, *, #2379, .T. ) ;
#121 = CARTESIAN_POINT ( 'NONE',  ( 9.368548013477252718E-14, 365.0000000000000000, 27.00000000000000355 ) ) ;
#122 = CIRCLE ( 'NONE', #2853, 26.99999999999999645 ) ;
#123 = EDGE_CURVE ( 'NONE', #2202, #1733, #2255, .T. ) ;
#124 = VECTOR ( 'NONE', #1148, 1000.000000000000000 ) ;
#125 = PRODUCT ( '定位销', '定位销', '', ( #3070 ) ) ;
#126 = ORIENTED_EDGE ( 'NONE', *, *, #2769, .F. ) ;
#127 = EDGE_CURVE ( 'NONE', #2364, #1453, #383, .T. ) ;
#128 = LINE ( 'NONE', #477, #1356 ) ;
#129 = DIRECTION ( 'NONE',  ( -0.000000000000000000, 1.000000000000000000, 0.000000000000000000 ) ) ;
#130 = ORIENTED_EDGE ( 'NONE', *, *, #435, .T. ) ;
#131 = AXIS2_PLACEMENT_3D ( 'NONE', #3216, #2646, #67 ) ;
#132 = DIRECTION ( 'NONE',  ( 0.000000000000000000, -1.000000000000000000, 0.000000000000000000 ) ) ;
#133 = VERTEX_POINT ( 'NONE', #1428 ) ;
#134 = VECTOR ( 'NONE', #1599, 1000.000000000000000 ) ;
#135 = LINE ( 'NONE', #352, #781 ) ;
#136 = ORIENTED_EDGE ( 'NONE', *, *, #3472, .F. ) ;
#137 = SECURITY_CLASSIFICATION ( '', '', #2543 ) ;
#138 = ORIENTED_EDGE ( 'NONE', *, *, #3520, .F. ) ;
#139 = DIRECTION ( 'NONE',  ( -0.000000000000000000, -1.000000000000000000, -0.000000000000000000 ) ) ;
#140 = APPROVAL_DATE_TIME ( #2048, #2347 ) ;
#141 = EDGE_CURVE ( 'NONE', #1498, #3036, #2346, .T. ) ;
#142 = ORIENTED_EDGE ( 'NONE', *, *, #3300, .F. ) ;
#143 = PERSON_AND_ORGANIZATION ( #1826, #2100 ) ;
#144 = ORIENTED_EDGE ( 'NONE', *, *, #762, .T. ) ;
#145 = CALENDAR_DATE ( 2026, 5, 6 ) ;
#146 = ADVANCED_FACE ( 'NONE', ( #1619, #865 ), #2043, .F. ) ;
#147 = PRODUCT ( '地柜07', '地柜07', '', ( #779 ) ) ;
#148 = ADVANCED_FACE ( 'NONE', ( #1493 ), #1660, .T. ) ;
#149 = ORIENTED_EDGE ( 'NONE', *, *, #614, .T. ) ;
#150 = EDGE_LOOP ( 'NONE', ( #2913, #23 ) ) ;
#151 = CARTESIAN_POINT ( 'NONE',  ( 22.00000000000001066, -65.49999999999998579, 594.8000000000001819 ) ) ;
#152 = DIRECTION ( 'NONE',  ( -0.000000000000000000, 1.000000000000000000, -0.000000000000000000 ) ) ;
#153 = SHAPE_REPRESENTATION_RELATIONSHIP ( 'NONE' , 'NONE' ,  #1227, #3109 ) ;
#154 = DIRECTION ( 'NONE',  ( 0.000000000000000000, 0.000000000000000000, 1.000000000000000000 ) ) ;
#155 = CARTESIAN_POINT ( 'NONE',  ( -5.000000000000000000, 0.000000000000000000, 119.0000000000000142 ) ) ;
#156 = CYLINDRICAL_SURFACE ( 'NONE', #1637, 8.000000000000007105 ) ;
#157 = EDGE_CURVE ( 'NONE', #1995, #1811, #726, .T. ) ;
#158 = DIRECTION ( 'NONE',  ( -0.000000000000000000, 1.000000000000000000, 0.000000000000000000 ) ) ;
#159 = PLANE ( 'NONE',  #2671 ) ;
#160 = ORIENTED_EDGE ( 'NONE', *, *, #1490, .F. ) ;
#161 = CARTESIAN_POINT ( 'NONE',  ( 15.00000000000008704, -250.0000000000000000, 0.000000000000000000 ) ) ;
#162 = ADVANCED_FACE ( 'NONE', ( #690, #502 ), #960, .F. ) ;
#163 = CYLINDRICAL_SURFACE ( 'NONE', #3186, 5.000000000000000888 ) ;
#164 = EDGE_CURVE ( 'NONE', #1806, #1507, #2868, .T. ) ;
#165 = LINE ( 'NONE', #3653, #2652 ) ;
#166 = DIRECTION ( 'NONE',  ( -0.000000000000000000, 1.000000000000000000, -0.000000000000000000 ) ) ;
#167 = ORIENTED_EDGE ( 'NONE', *, *, #377, .F. ) ;
#168 = CYLINDRICAL_SURFACE ( 'NONE', #3328, 6.500000000000005329 ) ;
#169 = PLANE ( 'NONE',  #2433 ) ;
#170 = AXIS2_PLACEMENT_3D ( 'NONE', #3031, #1902, #2701 ) ;
#171 = ORIENTED_EDGE ( 'NONE', *, *, #1779, .T. ) ;
#172 = CARTESIAN_POINT ( 'NONE',  ( 30.00000000000000711, -57.00000000000000711, 570.0000000000001137 ) ) ;
#173 = LINE ( 'NONE', #595, #1501 ) ;
#174 = CLOSED_SHELL ( 'NONE', ( #238, #1996, #3482, #2256, #2239, #148, #1144, #3201, #987 ) ) ;
#175 = DIRECTION ( 'NONE',  ( -1.520853458390625560E-16, 1.000000000000000000, -0.000000000000000000 ) ) ;
#176 = ORIENTED_EDGE ( 'NONE', *, *, #2310, .T. ) ;
#177 = DIRECTION ( 'NONE',  ( 0.000000000000000000, -0.000000000000000000, 1.000000000000000000 ) ) ;
#178 = ORGANIZATION ( 'NAUO-ORG4', 'UNSPECIFIED', 'UNSPECIFIED' ) ;
#179 = CC_DESIGN_SECURITY_CLASSIFICATION ( #1885, ( #3681 ) ) ;
#180 = CARTESIAN_POINT ( 'NONE',  ( 0.000000000000000000, 0.000000000000000000, 570.0000000000001137 ) ) ;
#181 = ADVANCED_FACE ( 'NONE', ( #1033 ), #913, .T. ) ;
#182 = EDGE_LOOP ( 'NONE', ( #981, #486, #837, #455 ) ) ;
#183 = EDGE_LOOP ( 'NONE', ( #1362, #2596 ) ) ;
#184 = EDGE_CURVE ( 'NONE', #3036, #2022, #1753, .T. ) ;
#185 = DIRECTION ( 'NONE',  ( 1.000000000000000000, 0.000000000000000000, 0.000000000000000000 ) ) ;
#186 = PERSON_AND_ORGANIZATION ( #1826, #2100 ) ;
#187 = ORIENTED_EDGE ( 'NONE', *, *, #1097, .F. ) ;
#188 = CARTESIAN_POINT ( 'NONE',  ( 385.0000000000001137, -745.0000000000000000, 500.0000000000000000 ) ) ;
#189 = AXIS2_PLACEMENT_3D ( 'NONE', #2930, #3242, #1198 ) ;
#190 = EDGE_LOOP ( 'NONE', ( #2416, #1562, #1828, #1944 ) ) ;
#191 = ORIENTED_EDGE ( 'NONE', *, *, #1442, .F. ) ;
#192 = CARTESIAN_POINT ( 'NONE',  ( 385.0000000000001137, -785.0000000000000000, 70.00000000000000000 ) ) ;
#193 = DESIGN_CONTEXT ( 'detailed design', #2197, 'design' ) ;
#194 = CARTESIAN_POINT ( 'NONE',  ( 0.000000000000000000, 0.000000000000000000, -1.500000000000000000 ) ) ;
#195 = CIRCLE ( 'NONE', #709, 6.500000000000005329 ) ;
#196 = CARTESIAN_POINT ( 'NONE',  ( -311.0813204887219285, -124.3571428571429180, 407.7000000000000455 ) ) ;
#197 = CARTESIAN_POINT ( 'NONE',  ( 70.00000000000009948, -730.0000000000000000, 97.00000000000000000 ) ) ;
#198 = LINE ( 'NONE', #1085, #3493 ) ;
#199 = APPROVAL ( #3409, '未指定' ) ;
#200 = ORIENTED_EDGE ( 'NONE', *, *, #1071, .T. ) ;
#201 = DIRECTION ( 'NONE',  ( -1.225764668124932819E-16, 1.000000000000000000, 0.000000000000000000 ) ) ;
#202 = ORIENTED_EDGE ( 'NONE', *, *, #3658, .F. ) ;
#203 = VECTOR ( 'NONE', #233, 1000.000000000000000 ) ;
#204 = EDGE_CURVE ( 'NONE', #3342, #359, #3453, .T. ) ;
#205 = CARTESIAN_POINT ( 'NONE',  ( 70.00000000000008527, -785.0000000000000000, 520.0000000000000000 ) ) ;
#206 = LINE ( 'NONE', #316, #3093 ) ;
#207 = LINE ( 'NONE', #2444, #1714 ) ;
#208 = ORIENTED_EDGE ( 'NONE', *, *, #1346, .F. ) ;
#209 = EDGE_CURVE ( 'NONE', #731, #2927, #2514, .T. ) ;
#210 = DIRECTION ( 'NONE',  ( -0.000000000000000000, 1.000000000000000000, -0.000000000000000000 ) ) ;
#211 = ORIENTED_EDGE ( 'NONE', *, *, #1339, .T. ) ;
#212 = DIRECTION ( 'NONE',  ( 0.000000000000000000, -1.000000000000000000, 0.000000000000000000 ) ) ;
#213 = LINE ( 'NONE', #800, #3316 ) ;
#214 = AXIS2_PLACEMENT_3D ( 'NONE', #1397, #3157, #2852 ) ;
#215 = ORIENTED_EDGE ( 'NONE', *, *, #3037, .T. ) ;
#216 = APPROVAL_DATE_TIME ( #966, #1116 ) ;
#217 = DIRECTION ( 'NONE',  ( 0.000000000000000000, 0.000000000000000000, 1.000000000000000000 ) ) ;
#218 = AXIS2_PLACEMENT_3D ( 'NONE', #1076, #2759, #185 ) ;
#219 = ORIENTED_EDGE ( 'NONE', *, *, #697, .F. ) ;
#220 = CARTESIAN_POINT ( 'NONE',  ( 30.00000000000000355, -369.9999999999999432, 20.00000000000000000 ) ) ;
#221 = ITEM_DEFINED_TRANSFORMATION ( 'NONE', 'NONE', #1741,  #218 ) ;
#222 = ORIENTED_EDGE ( 'NONE', *, *, #2664, .T. ) ;
#223 = LOCAL_TIME ( 8, 40, 19.00000000000000000, #1013 ) ;
#224 = PLANE ( 'NONE',  #1398 ) ;
#225 = ORIENTED_EDGE ( 'NONE', *, *, #102, .F. ) ;
#226 = DIRECTION ( 'NONE',  ( 0.000000000000000000, 1.000000000000000000, 0.000000000000000000 ) ) ;
#227 = VERTEX_POINT ( 'NONE', #2637 ) ;
#228 = EDGE_CURVE ( 'NONE', #3538, #1318, #3270, .T. ) ;
#229 = ORIENTED_EDGE ( 'NONE', *, *, #916, .F. ) ;
#230 = DIRECTION ( 'NONE',  ( 0.000000000000000000, -1.000000000000000000, 0.000000000000000000 ) ) ;
#231 = DIRECTION ( 'NONE',  ( 0.000000000000000000, -0.000000000000000000, -1.000000000000000000 ) ) ;
#232 = CARTESIAN_POINT ( 'NONE',  ( 15.00000000000009059, 0.000000000000000000, 0.000000000000000000 ) ) ;
#233 = DIRECTION ( 'NONE',  ( 1.000000000000000000, 0.000000000000000000, 0.000000000000000000 ) ) ;
#234 = CIRCLE ( 'NONE', #1932, 8.000000000000007105 ) ;
#235 = AXIS2_PLACEMENT_3D ( 'NONE', #2245, #2755, #787 ) ;
#236 = CARTESIAN_POINT ( 'NONE',  ( 15.00000000000008704, -300.0000000000000568, 0.000000000000000000 ) ) ;
#237 = LINE ( 'NONE', #2683, #2380 ) ;
#238 = ADVANCED_FACE ( 'NONE', ( #3623 ), #2253, .T. ) ;
#239 = CARTESIAN_POINT ( 'NONE',  ( 437.0000000000000000, -57.00000000000000000, 570.0000000000001137 ) ) ;
#240 = ORIENTED_EDGE ( 'NONE', *, *, #2205, .T. ) ;
#241 = AXIS2_PLACEMENT_3D ( 'NONE', #1151, #1998, #1713 ) ;
#242 = CYLINDRICAL_SURFACE ( 'NONE', #3241, 20.00000000000001776 ) ;
#243 = PERSON_AND_ORGANIZATION_ROLE ( 'design_owner' ) ;
#244 = ORIENTED_EDGE ( 'NONE', *, *, #476, .F. ) ;
#245 = CARTESIAN_POINT ( 'NONE',  ( 385.0000000000001137, -785.0000000000000000, 43.00000000000000000 ) ) ;
#246 = FACE_BOUND ( 'NONE', #345, .T. ) ;
#247 = DIRECTION ( 'NONE',  ( 0.000000000000000000, 0.000000000000000000, 1.000000000000000000 ) ) ;
#248 = FACE_OUTER_BOUND ( 'NONE', #1160, .T. ) ;
#249 = EDGE_CURVE ( 'NONE', #1004, #2171, #3668, .T. ) ;
#250 = DIRECTION ( 'NONE',  ( 1.704887937077943325E-17, -1.000000000000000000, 0.000000000000000000 ) ) ;
#251 = LINE ( 'NONE', #3475, #959 ) ;
#252 = ORIENTED_EDGE ( 'NONE', *, *, #3468, .F. ) ;
#253 = MECHANICAL_CONTEXT ( 'NONE', #791, 'mechanical' ) ;
#254 = LINE ( 'NONE', #3330, #1139 ) ;
#255 = DIRECTION ( 'NONE',  ( -1.000000000000000000, -0.000000000000000000, -0.000000000000000000 ) ) ;
#256 = EDGE_CURVE ( 'NONE', #3579, #2932, #722, .T. ) ;
#257 = EDGE_LOOP ( 'NONE', ( #320, #3513, #672, #2668 ) ) ;
#258 = ADVANCED_FACE ( 'NONE', ( #909 ), #3523, .F. ) ;
#259 = UNCERTAINTY_MEASURE_WITH_UNIT (LENGTH_MEASURE( 1.000000000000000082E-05 ), #1592, 'distance_accuracy_value', 'NONE');
#260 = ORIENTED_EDGE ( 'NONE', *, *, #3364, .F. ) ;
#261 = DIRECTION ( 'NONE',  ( 1.000000000000000000, 0.000000000000000000, 0.000000000000000000 ) ) ;
#262 = AXIS2_PLACEMENT_3D ( 'NONE', #592, #1152, #668 ) ;
#263 = CALENDAR_DATE ( 2026, 5, 6 ) ;
#264 = ORIENTED_EDGE ( 'NONE', *, *, #3300, .T. ) ;
#265 = PERSON_AND_ORGANIZATION_ROLE ( 'classification_officer' ) ;
#266 = APPROVAL_PERSON_ORGANIZATION ( #2232, #199, #3355 ) ;
#267 = CC_DESIGN_PERSON_AND_ORGANIZATION_ASSIGNMENT ( #1102, #1037, ( #759 ) ) ;
#268 = DIRECTION ( 'NONE',  ( 0.000000000000000000, -1.000000000000000000, 0.000000000000000000 ) ) ;
#269 = DIRECTION ( 'NONE',  ( 1.000000000000000000, -0.000000000000000000, -0.000000000000000000 ) ) ;
#270 = EDGE_LOOP ( 'NONE', ( #1681, #1041, #3617, #3637, #3190, #768, #1518, #2838 ) ) ;
#271 = PERSON_AND_ORGANIZATION ( #1826, #2100 ) ;
#272 = ORIENTED_EDGE ( 'NONE', *, *, #614, .F. ) ;
#273 = EDGE_CURVE ( 'NONE', #731, #772, #2998, .T. ) ;
#274 = DIRECTION ( 'NONE',  ( -0.000000000000000000, -0.000000000000000000, -1.000000000000000000 ) ) ;
#275 = ADVANCED_FACE ( 'NONE', ( #1176 ), #163, .F. ) ;
#276 = ORIENTED_EDGE ( 'NONE', *, *, #50, .F. ) ;
#277 = CARTESIAN_POINT ( 'NONE',  ( 33.00000000000007816, -300.0000000000000000, 0.000000000000000000 ) ) ;
#278 = DIRECTION ( 'NONE',  ( -0.000000000000000000, 1.000000000000000000, -0.000000000000000000 ) ) ;
#279 = EDGE_CURVE ( 'NONE', #308, #1995, #3089, .T. ) ;
#280 =( REPRESENTATION_RELATIONSHIP ('NONE','NONE', #60, #2227 ) REPRESENTATION_RELATIONSHIP_WITH_TRANSFORMATION ( #221 )SHAPE_REPRESENTATION_RELATIONSHIP( ) );
#281 = DIRECTION ( 'NONE',  ( 0.000000000000000000, -1.000000000000000000, 0.000000000000000000 ) ) ;
#282 = CARTESIAN_POINT ( 'NONE',  ( 33.00000000000007816, 300.0000000000000000, 0.000000000000000000 ) ) ;
#283 = LINE ( 'NONE', #3088, #945 ) ;
#284 = CIRCLE ( 'NONE', #994, 5.000000000000000888 ) ;
#285 = ORIENTED_EDGE ( 'NONE', *, *, #2721, .T. ) ;
#286 = FACE_OUTER_BOUND ( 'NONE', #3581, .T. ) ;
#287 = DIRECTION ( 'NONE',  ( 0.000000000000000000, 1.000000000000000000, 0.000000000000000000 ) ) ;
#288 = AXIS2_PLACEMENT_3D ( 'NONE', #3636, #534, #1937 ) ;
#289 = VECTOR ( 'NONE', #1949, 1000.000000000000000 ) ;
#290 = PERSON_AND_ORGANIZATION_ROLE ( 'design_owner' ) ;
#291 = VECTOR ( 'NONE', #2823, 1000.000000000000000 ) ;
#292 = DIRECTION ( 'NONE',  ( -0.000000000000000000, -0.000000000000000000, -1.000000000000000000 ) ) ;
#293 = CARTESIAN_POINT ( 'NONE',  ( 70.00000000000008527, -785.0000000000000000, 500.0000000000000000 ) ) ;
#294 = ORIENTED_EDGE ( 'NONE', *, *, #2398, .F. ) ;
#295 = SECURITY_CLASSIFICATION ( '', '', #2296 ) ;
#296 = ADVANCED_FACE ( 'NONE', ( #1801 ), #457, .T. ) ;
#297 = FACE_BOUND ( 'NONE', #2964, .T. ) ;
#298 = EDGE_CURVE ( 'NONE', #2407, #2927, #2606, .T. ) ;
#299 = CARTESIAN_POINT ( 'NONE',  ( 70.00000000000008527, -745.0000000000000000, 500.0000000000000000 ) ) ;
#300 = ORIENTED_EDGE ( 'NONE', *, *, #2383, .T. ) ;
#301 = DIRECTION ( 'NONE',  ( -0.000000000000000000, -1.000000000000000000, -0.000000000000000000 ) ) ;
#302 = CARTESIAN_POINT ( 'NONE',  ( 30.00000000000001421, -351.9999999999999432, 977.3978399550003360 ) ) ;
#303 = EDGE_LOOP ( 'NONE', ( #589, #1140, #2781, #3547 ) ) ;
#304 = EDGE_CURVE ( 'NONE', #2580, #2340, #3571, .T. ) ;
#305 = CARTESIAN_POINT ( 'NONE',  ( 70.00000000000009948, -800.0000000000000000, 43.00000000000000000 ) ) ;
#306 = FACE_OUTER_BOUND ( 'NONE', #676, .T. ) ;
#307 =( REPRESENTATION_RELATIONSHIP ('NONE','NONE', #60, #2470 ) REPRESENTATION_RELATIONSHIP_WITH_TRANSFORMATION ( #3587 )SHAPE_REPRESENTATION_RELATIONSHIP( ) );
#308 = VERTEX_POINT ( 'NONE', #1641 ) ;
#309 = DIRECTION ( 'NONE',  ( 0.000000000000000000, 1.000000000000000000, 0.000000000000000000 ) ) ;
#310 = CARTESIAN_POINT ( 'NONE',  ( 0.000000000000000000, 0.000000000000000000, 570.0000000000001137 ) ) ;
#311 = EDGE_CURVE ( 'NONE', #2124, #891, #1573, .T. ) ;
#312 = CONTEXT_DEPENDENT_SHAPE_REPRESENTATION ( #2885, #3042 ) ;
#313 = UNCERTAINTY_MEASURE_WITH_UNIT (LENGTH_MEASURE( 1.000000000000000082E-05 ), #3577, 'distance_accuracy_value', 'NONE');
#314 = EDGE_LOOP ( 'NONE', ( #1036, #662, #126, #1783 ) ) ;
#315 = CARTESIAN_POINT ( 'NONE',  ( 15.00000000000009059, 365.0000000000000000, 15.00000000000000000 ) ) ;
#316 = CARTESIAN_POINT ( 'NONE',  ( 15.90000000000005720, -363.5000000000000000, 9.399999999999995026 ) ) ;
#317 = CARTESIAN_POINT ( 'NONE',  ( 385.0000000000001137, -800.0000000000000000, 500.0000000000000000 ) ) ;
#318 = ORIENTED_EDGE ( 'NONE', *, *, #2111, .T. ) ;
#319 = CARTESIAN_POINT ( 'NONE',  ( 15.90000000000005720, -541.0000000000004547, 10.90000000000000036 ) ) ;
#320 = ORIENTED_EDGE ( 'NONE', *, *, #3386, .F. ) ;
#321 = CC_DESIGN_PERSON_AND_ORGANIZATION_ASSIGNMENT ( #3117, #1655, ( #2229 ) ) ;
#322 = DIRECTION ( 'NONE',  ( 0.000000000000000000, 0.000000000000000000, -1.000000000000000000 ) ) ;
#323 = DIRECTION ( 'NONE',  ( 0.000000000000000000, 1.000000000000000000, -0.000000000000000000 ) ) ;
#324 = VERTEX_POINT ( 'NONE', #1934 ) ;
#325 = CARTESIAN_POINT ( 'NONE',  ( 9.368548013477252718E-14, -300.0000000000000568, 30.00000000000000000 ) ) ;
#326 = EDGE_CURVE ( 'NONE', #884, #1918, #1354, .T. ) ;
#327 = VERTEX_POINT ( 'NONE', #3592 ) ;
#328 = DIRECTION ( 'NONE',  ( -1.000000000000000000, 0.000000000000000000, -0.000000000000000000 ) ) ;
#329 = ORIENTED_EDGE ( 'NONE', *, *, #3525, .F. ) ;
#330 = DIRECTION ( 'NONE',  ( -0.000000000000000000, 1.000000000000000000, -0.000000000000000000 ) ) ;
#331 = FACE_OUTER_BOUND ( 'NONE', #3425, .T. ) ;
#332 = EDGE_CURVE ( 'NONE', #2977, #324, #2909, .T. ) ;
#333 = VERTEX_POINT ( 'NONE', #756 ) ;
#334 = DIRECTION ( 'NONE',  ( -0.000000000000000000, 1.000000000000000000, -0.000000000000000000 ) ) ;
#335 = DIRECTION ( 'NONE',  ( -0.000000000000000000, 0.000000000000000000, 1.000000000000000000 ) ) ;
#336 = FACE_OUTER_BOUND ( 'NONE', #3336, .T. ) ;
#337 = AXIS2_PLACEMENT_3D ( 'NONE', #3101, #832, #596 ) ;
#338 = CARTESIAN_POINT ( 'NONE',  ( 9.368548013477252718E-14, 365.0000000000000000, 30.00000000000000000 ) ) ;
#339 = LINE ( 'NONE', #1961, #3540 ) ;
#340 = CYLINDRICAL_SURFACE ( 'NONE', #1162, 6.450000000000001066 ) ;
#341 = AXIS2_PLACEMENT_3D ( 'NONE', #714, #3240, #1557 ) ;
#342 = EDGE_LOOP ( 'NONE', ( #3554, #2130 ) ) ;
#343 = LINE ( 'NONE', #3391, #2963 ) ;
#344 = CARTESIAN_POINT ( 'NONE',  ( -0.000000000000000000, 300.0000000000000000, 0.000000000000000000 ) ) ;
#345 = EDGE_LOOP ( 'NONE', ( #1738, #2094 ) ) ;
#346 = EDGE_CURVE ( 'NONE', #1449, #2194, #1887, .T. ) ;
#347 = LINE ( 'NONE', #1314, #134 ) ;
#348 = CARTESIAN_POINT ( 'NONE',  ( 70.00000000000008527, -745.0000000000000000, 500.0000000000000000 ) ) ;
#349 = LINE ( 'NONE', #651, #3362 ) ;
#350 = ORIENTED_EDGE ( 'NONE', *, *, #3250, .T. ) ;
#351 = EDGE_CURVE ( 'NONE', #2206, #2754, #1260, .T. ) ;
#352 = CARTESIAN_POINT ( 'NONE',  ( 22.00000000000001066, -664.5000000000000000, 594.8000000000001819 ) ) ;
#353 = CARTESIAN_POINT ( 'NONE',  ( 385.0000000000001137, -785.0000000000000000, 90.00000000000002842 ) ) ;
#354 = VERTEX_POINT ( 'NONE', #1615 ) ;
#355 = CARTESIAN_POINT ( 'NONE',  ( 385.0000000000001137, -800.0000000000000000, 527.0000000000000000 ) ) ;
#356 = PERSON_AND_ORGANIZATION_ROLE ( 'classification_officer' ) ;
#357 = ORIENTED_EDGE ( 'NONE', *, *, #1030, .T. ) ;
#358 = APPROVAL_DATE_TIME ( #2628, #1464 ) ;
#359 = VERTEX_POINT ( 'NONE', #1040 ) ;
#360 = DATE_AND_TIME ( #2632, #2938 ) ;
#361 = AXIS2_PLACEMENT_3D ( 'NONE', #2605, #1769, #400 ) ;
#362 = ORIENTED_EDGE ( 'NONE', *, *, #2837, .T. ) ;
#363 = DIRECTION ( 'NONE',  ( 0.000000000000000000, 0.000000000000000000, 1.000000000000000000 ) ) ;
#364 = CC_DESIGN_PERSON_AND_ORGANIZATION_ASSIGNMENT ( #1193, #2260, ( #1662 ) ) ;
#365 = ORIENTED_EDGE ( 'NONE', *, *, #419, .F. ) ;
#366 = CARTESIAN_POINT ( 'NONE',  ( 15.90000000000005720, 363.5000000000000000, 15.90000000000000036 ) ) ;
#367 = CARTESIAN_POINT ( 'NONE',  ( 70.00000000000009948, -800.0000000000000000, 70.00000000000000000 ) ) ;
#368 = DIRECTION ( 'NONE',  ( 1.000000000000000000, 0.000000000000000000, 0.000000000000000000 ) ) ;
#369 = CYLINDRICAL_SURFACE ( 'NONE', #1237, 20.00000000000000355 ) ;
#370 = CARTESIAN_POINT ( 'NONE',  ( 0.000000000000000000, 0.000000000000000000, 120.0000000000000000 ) ) ;
#371 = EDGE_CURVE ( 'NONE', #3471, #1154, #339, .T. ) ;
#372 = VECTOR ( 'NONE', #851, 1000.000000000000000 ) ;
#373 = PLANE ( 'NONE',  #1497 ) ;
#374 = DIRECTION ( 'NONE',  ( -1.000000000000000000, 0.000000000000000000, -0.000000000000000000 ) ) ;
#375 = DIRECTION ( 'NONE',  ( -0.000000000000000000, 1.000000000000000000, -0.000000000000000000 ) ) ;
#376 = EDGE_LOOP ( 'NONE', ( #3026, #3045, #3153, #1023 ) ) ;
#377 = EDGE_CURVE ( 'NONE', #1268, #2022, #3354, .T. ) ;
#378 = LINE ( 'NONE', #344, #2649 ) ;
#379 = CARTESIAN_POINT ( 'NONE',  ( 437.0000000000000000, -57.00000000000000000, 20.00000000000001776 ) ) ;
#380 = DIRECTION ( 'NONE',  ( -0.000000000000000000, -0.000000000000000000, -1.000000000000000000 ) ) ;
#381 = VECTOR ( 'NONE', #2662, 1000.000000000000000 ) ;
#382 = LINE ( 'NONE', #1664, #3572 ) ;
#383 = LINE ( 'NONE', #325, #2563 ) ;
#384 = VECTOR ( 'NONE', #212, 1000.000000000000000 ) ;
#385 = VERTEX_POINT ( 'NONE', #2530 ) ;
#386 = PRODUCT_DEFINITION_FORMATION_WITH_SPECIFIED_SOURCE ( '任何', '', #125, .NOT_KNOWN. ) ;
#387 = VECTOR ( 'NONE', #2522, 1000.000000000000000 ) ;
#388 = ORIENTED_EDGE ( 'NONE', *, *, #2561, .F. ) ;
#389 = CARTESIAN_POINT ( 'NONE',  ( 30.00000000000000355, -369.9999999999999432, 977.3978399550003360 ) ) ;
#390 = CARTESIAN_POINT ( 'NONE',  ( 385.0000000000001137, -800.0000000000000000, 472.9999999999999432 ) ) ;
#391 = ORIENTED_EDGE ( 'NONE', *, *, #1520, .F. ) ;
#392 = EDGE_CURVE ( 'NONE', #1255, #775, #814, .T. ) ;
#393 = DIRECTION ( 'NONE',  ( 1.288758049684149971E-16, 0.000000000000000000, -1.000000000000000000 ) ) ;
#394 = APPROVAL_PERSON_ORGANIZATION ( #2492, #732, #1421 ) ;
#395 = ORIENTED_EDGE ( 'NONE', *, *, #1669, .T. ) ;
#396 = EDGE_CURVE ( 'NONE', #528, #3382, #995, .T. ) ;
#397 = ADVANCED_FACE ( 'NONE', ( #1079 ), #79, .T. ) ;
#398 = ORIENTED_EDGE ( 'NONE', *, *, #1722, .F. ) ;
#399 = CALENDAR_DATE ( 2026, 5, 6 ) ;
#400 = DIRECTION ( 'NONE',  ( 1.000000000000000000, 0.000000000000000000, 1.137523590804461357E-16 ) ) ;
#401 = AXIS2_PLACEMENT_3D ( 'NONE', #3134, #1415, #1165 ) ;
#402 = ORIENTED_EDGE ( 'NONE', *, *, #1223, .F. ) ;
#403 = DIRECTION ( 'NONE',  ( 0.000000000000000000, -1.000000000000000000, 0.000000000000000000 ) ) ;
#404 = DIRECTION ( 'NONE',  ( 0.000000000000000000, 1.000000000000000000, 0.000000000000000000 ) ) ;
#405 = EDGE_LOOP ( 'NONE', ( #1457, #2037 ) ) ;
#406 = ORIENTED_EDGE ( 'NONE', *, *, #1604, .T. ) ;
#407 =( GEOMETRIC_REPRESENTATION_CONTEXT ( 3 ) GLOBAL_UNCERTAINTY_ASSIGNED_CONTEXT ( ( #1737 ) ) GLOBAL_UNIT_ASSIGNED_CONTEXT ( ( #484, #3588, #3320 ) ) REPRESENTATION_CONTEXT ( 'NONE', 'WORKASPACE' ) );
#408 = CARTESIAN_POINT ( 'NONE',  ( 15.90000000000005720, -365.0000000000000000, 22.40000000000000568 ) ) ;
#409 = ORIENTED_EDGE ( 'NONE', *, *, #3562, .F. ) ;
#410 = CYLINDRICAL_SURFACE ( 'NONE', #341, 20.00000000000001776 ) ;
#411 = CARTESIAN_POINT ( 'NONE',  ( 385.0000000000001137, -730.0000000000000000, 500.0000000000000000 ) ) ;
#412 = CARTESIAN_POINT ( 'NONE',  ( 15.90000000000000036, -65.49999999999998579, 580.9500000000000455 ) ) ;
#413 = DIRECTION ( 'NONE',  ( 0.000000000000000000, 0.000000000000000000, -1.000000000000000000 ) ) ;
#414 = ORIENTED_EDGE ( 'NONE', *, *, #2356, .F. ) ;
#415 = ADVANCED_FACE ( 'NONE', ( #246, #1489 ), #1717, .T. ) ;
#416 = ADVANCED_FACE ( 'NONE', ( #1123, #2160 ), #803, .T. ) ;
#417 = CARTESIAN_POINT ( 'NONE',  ( 385.0000000000001137, -745.0000000000000000, 70.00000000000000000 ) ) ;
#418 = FACE_BOUND ( 'NONE', #183, .T. ) ;
#419 = EDGE_CURVE ( 'NONE', #1170, #3507, #3184, .T. ) ;
#420 = VECTOR ( 'NONE', #890, 1000.000000000000114 ) ;
#421 = VECTOR ( 'NONE', #3633, 1000.000000000000000 ) ;
#422 = AXIS2_PLACEMENT_3D ( 'NONE', #1980, #555, #1685 ) ;
#423 = LINE ( 'NONE', #2179, #384 ) ;
#424 = CARTESIAN_POINT ( 'NONE',  ( 455.0000000000001137, -730.0000000000000000, 570.0000000000001137 ) ) ;
#425 = CARTESIAN_POINT ( 'NONE',  ( 437.0000000000000000, -57.00000000000000000, -0.000000000000000000 ) ) ;
#426 = CARTESIAN_POINT ( 'NONE',  ( 30.00000000000008527, -708.0000000000000000, 2.000000000000000000 ) ) ;
#427 = ORIENTED_EDGE ( 'NONE', *, *, #2751, .T. ) ;
#428 = LINE ( 'NONE', #2918, #2483 ) ;
#429 = AXIS2_PLACEMENT_3D ( 'NONE', #3178, #935, #1475 ) ;
#430 = ORIENTED_EDGE ( 'NONE', *, *, #157, .T. ) ;
#431 = ORIENTED_EDGE ( 'NONE', *, *, #1199, .T. ) ;
#432 = CARTESIAN_POINT ( 'NONE',  ( 70.00000000000008527, -745.0000000000000000, 500.0000000000000000 ) ) ;
#433 = ORIENTED_EDGE ( 'NONE', *, *, #332, .F. ) ;
#434 = PERSON_AND_ORGANIZATION ( #3527, #3470 ) ;
#435 = EDGE_CURVE ( 'NONE', #2214, #2525, #2811, .T. ) ;
#436 = CARTESIAN_POINT ( 'NONE',  ( 9.368548013477252718E-14, -365.0000000000000000, 30.00000000000000000 ) ) ;
#437 = ORIENTED_EDGE ( 'NONE', *, *, #1363, .T. ) ;
#438 = APPROVAL_PERSON_ORGANIZATION ( #3645, #3309, #3083 ) ;
#439 = EDGE_CURVE ( 'NONE', #475, #3629, #1303, .T. ) ;
#440 = ORIENTED_EDGE ( 'NONE', *, *, #3503, .F. ) ;
#441 = LOCAL_TIME ( 8, 40, 19.00000000000000000, #1781 ) ;
#442 = EDGE_LOOP ( 'NONE', ( #3435, #1077, #2894, #3550 ) ) ;
#443 = CARTESIAN_POINT ( 'NONE',  ( 437.0000000000000000, -57.00000000000000000, 570.0000000000001137 ) ) ;
#444 = DIRECTION ( 'NONE',  ( 1.032573497605233103E-16, 0.000000000000000000, 1.000000000000000000 ) ) ;
#445 = COORDINATED_UNIVERSAL_TIME_OFFSET ( 8, 0, .AHEAD. ) ;
#446 = AXIS2_PLACEMENT_3D ( 'NONE', #883, #53, #2036 ) ;
#447 = VERTEX_POINT ( 'NONE', #1380 ) ;
#448 = VERTEX_POINT ( 'NONE', #3381 ) ;
#449 = CIRCLE ( 'NONE', #2695, 20.00000000000000355 ) ;
#450 = ADVANCED_FACE ( 'NONE', ( #2559, #551 ), #2545, .T. ) ;
#451 = DIRECTION ( 'NONE',  ( -0.000000000000000000, 1.000000000000000000, -0.000000000000000000 ) ) ;
#452 = APPROVAL ( #802, '未指定' ) ;
#453 = EDGE_CURVE ( 'NONE', #2008, #1001, #2727, .T. ) ;
#454 = CARTESIAN_POINT ( 'NONE',  ( 15.90000000000005720, -363.5000000000000000, 22.40000000000000568 ) ) ;
#455 = ORIENTED_EDGE ( 'NONE', *, *, #2866, .F. ) ;
#456 = DIRECTION ( 'NONE',  ( 0.000000000000000000, -1.000000000000000000, 0.000000000000000000 ) ) ;
#457 = CYLINDRICAL_SURFACE ( 'NONE', #1319, 20.00000000000001776 ) ;
#458 = EDGE_CURVE ( 'NONE', #2786, #1751, #3498, .T. ) ;
#459 = LINE ( 'NONE', #1723, #1844 ) ;
#460 = VECTOR ( 'NONE', #1454, 1000.000000000000000 ) ;
#461 = VECTOR ( 'NONE', #274, 1000.000000000000000 ) ;
#462 = DIRECTION ( 'NONE',  ( -0.000000000000000000, 1.000000000000000000, 0.000000000000000000 ) ) ;
#463 = AXIS2_PLACEMENT_3D ( 'NONE', #2895, #1204, #1495 ) ;
#464 = ORIENTED_EDGE ( 'NONE', *, *, #2281, .T. ) ;
#465 = DIRECTION ( 'NONE',  ( -0.000000000000000000, -1.000000000000000000, -0.000000000000000000 ) ) ;
#466 = CARTESIAN_POINT ( 'NONE',  ( 0.000000000000000000, 0.000000000000000000, 570.0000000000001137 ) ) ;
#467 = VECTOR ( 'NONE', #66, 1000.000000000000000 ) ;
#468 = ORIENTED_EDGE ( 'NONE', *, *, #28, .F. ) ;
#469 =( NAMED_UNIT ( * ) PLANE_ANGLE_UNIT ( ) SI_UNIT ( $, .RADIAN. ) );
#470 = AXIS2_PLACEMENT_3D ( 'NONE', #3481, #2353, #1196 ) ;
#471 = FACE_OUTER_BOUND ( 'NONE', #1521, .T. ) ;
#472 = CARTESIAN_POINT ( 'NONE',  ( 15.90000000000005720, 365.0000000000000000, 9.399999999999995026 ) ) ;
#473 = EDGE_LOOP ( 'NONE', ( #1222, #12, #1963, #2980 ) ) ;
#474 = COORDINATED_UNIVERSAL_TIME_OFFSET ( 8, 0, .AHEAD. ) ;
#475 = VERTEX_POINT ( 'NONE', #3397 ) ;
#476 = EDGE_CURVE ( 'NONE', #971, #1197, #1217, .T. ) ;
#477 = CARTESIAN_POINT ( 'NONE',  ( 9.368548013477252718E-14, 250.0000000000000000, 30.00000000000000000 ) ) ;
#478 = VERTEX_POINT ( 'NONE', #1986 ) ;
#479 = CALENDAR_DATE ( 2026, 5, 6 ) ;
#480 = CARTESIAN_POINT ( 'NONE',  ( 385.0000000000001137, -745.0000000000000000, 500.0000000000000000 ) ) ;
#481 = DIRECTION ( 'NONE',  ( 0.000000000000000000, 0.000000000000000000, -1.000000000000000000 ) ) ;
#482 = ORIENTED_EDGE ( 'NONE', *, *, #351, .T. ) ;
#483 = EDGE_CURVE ( 'NONE', #2376, #3263, #1982, .T. ) ;
#484 =( LENGTH_UNIT ( ) NAMED_UNIT ( * ) SI_UNIT ( .MILLI., .METRE. ) );
#485 = COORDINATED_UNIVERSAL_TIME_OFFSET ( 8, 0, .AHEAD. ) ;
#486 = ORIENTED_EDGE ( 'NONE', *, *, #2423, .T. ) ;
#487 = EDGE_CURVE ( 'NONE', #1059, #2206, #2822, .T. ) ;
#488 = ORIENTED_EDGE ( 'NONE', *, *, #1442, .T. ) ;
#489 = VERTEX_POINT ( 'NONE', #2040 ) ;
#490 = CARTESIAN_POINT ( 'NONE',  ( 385.0000000000001137, -785.0000000000000000, 500.0000000000000000 ) ) ;
#491 = LINE ( 'NONE', #1173, #2640 ) ;
#492 = APPLICATION_PROTOCOL_DEFINITION ( 'international standard', 'config_control_design', 1994, #1920 ) ;
#493 = DIRECTION ( 'NONE',  ( -0.000000000000000000, -1.000000000000000000, -0.000000000000000000 ) ) ;
#494 = CC_DESIGN_DATE_AND_TIME_ASSIGNMENT ( #107, #3644, ( #1212 ) ) ;
#495 = ORIENTED_EDGE ( 'NONE', *, *, #1841, .T. ) ;
#496 = PLANE ( 'NONE',  #288 ) ;
#497 = DIRECTION ( 'NONE',  ( 0.000000000000000000, -1.000000000000000000, 0.000000000000000000 ) ) ;
#498 = ORIENTED_EDGE ( 'NONE', *, *, #2769, .T. ) ;
#499 = LINE ( 'NONE', #2896, #3449 ) ;
#500 = EDGE_CURVE ( 'NONE', #3148, #2977, #2307, .T. ) ;
#501 = DIRECTION ( 'NONE',  ( 0.000000000000000000, 1.000000000000000000, 0.000000000000000000 ) ) ;
#502 = FACE_OUTER_BOUND ( 'NONE', #694, .T. ) ;
#503 = APPROVAL_STATUS ( 'not_yet_approved' ) ;
#504 = FACE_OUTER_BOUND ( 'NONE', #3274, .T. ) ;
#505 = EDGE_LOOP ( 'NONE', ( #2808, #2878, #222, #2565 ) ) ;
#506 = AXIS2_PLACEMENT_3D ( 'NONE', #2404, #1528, #925 ) ;
#507 = ORIENTED_EDGE ( 'NONE', *, *, #2726, .F. ) ;
#508 = LINE ( 'NONE', #2399, #822 ) ;
#509 = DIRECTION ( 'NONE',  ( 1.000000000000000000, 0.000000000000000000, 0.000000000000000000 ) ) ;
#510 = AXIS2_PLACEMENT_3D ( 'NONE', #1616, #1344, #3062 ) ;
#511 = EDGE_LOOP ( 'NONE', ( #3423, #2796, #3654, #682 ) ) ;
#512 = DIRECTION ( 'NONE',  ( 0.000000000000000000, 0.000000000000000000, -1.000000000000000000 ) ) ;
#513 = PERSON_AND_ORGANIZATION_ROLE ( 'classification_officer' ) ;
#514 = EDGE_LOOP ( 'NONE', ( #1736, #1766, #276, #1579, #3169 ) ) ;
#515 = AXIS2_PLACEMENT_3D ( 'NONE', #188, #1859, #1009 ) ;
#516 = CARTESIAN_POINT ( 'NONE',  ( 15.90000000000005720, -541.0000000000004547, 15.90000000000000036 ) ) ;
#517 = DATE_AND_TIME ( #2935, #2670 ) ;
#518 = CARTESIAN_POINT ( 'NONE',  ( 385.0000000000001137, -730.0000000000000000, 500.0000000000000000 ) ) ;
#519 = EDGE_LOOP ( 'NONE', ( #2719, #2003 ) ) ;
#520 = EDGE_CURVE ( 'NONE', #2927, #2407, #3099, .T. ) ;
#521 = DIRECTION ( 'NONE',  ( -0.000000000000000000, 1.000000000000000000, 0.000000000000000000 ) ) ;
#522 = ORIENTED_EDGE ( 'NONE', *, *, #1802, .T. ) ;
#523 = ADVANCED_FACE ( 'NONE', ( #1269 ), #2352, .F. ) ;
#524 = CARTESIAN_POINT ( 'NONE',  ( 437.0000000000000000, -351.9999999999999432, 20.00000000000001776 ) ) ;
#525 = CARTESIAN_POINT ( 'NONE',  ( 13.20000000000000817, -664.5000000000000000, 586.8000000000001819 ) ) ;
#526 = LOCAL_TIME ( 8, 40, 19.00000000000000000, #1280 ) ;
#527 = EDGE_CURVE ( 'NONE', #1331, #3625, #508, .T. ) ;
#528 = VERTEX_POINT ( 'NONE', #3236 ) ;
#529 = PERSON_AND_ORGANIZATION_ROLE ( 'creator' ) ;
#530 = VECTOR ( 'NONE', #1547, 1000.000000000000000 ) ;
#531 = DIRECTION ( 'NONE',  ( -0.000000000000000000, -1.000000000000000000, -0.000000000000000000 ) ) ;
#532 = VERTEX_POINT ( 'NONE', #2387 ) ;
#533 = ORIENTED_EDGE ( 'NONE', *, *, #1339, .F. ) ;
#534 = DIRECTION ( 'NONE',  ( 0.000000000000000000, -1.000000000000000000, 0.000000000000000000 ) ) ;
#535 = VECTOR ( 'NONE', #3011, 1000.000000000000000 ) ;
#536 = AXIS2_PLACEMENT_3D ( 'NONE', #2481, #2222, #3094 ) ;
#537 = DIRECTION ( 'NONE',  ( 0.000000000000000000, 0.000000000000000000, -1.000000000000000000 ) ) ;
#538 = VECTOR ( 'NONE', #8, 1000.000000000000000 ) ;
#539 = CARTESIAN_POINT ( 'NONE',  ( 15.90000000000005720, -250.0000000000000000, 15.90000000000000036 ) ) ;
#540 = CARTESIAN_POINT ( 'NONE',  ( 70.00000000000009948, -785.0000000000000000, 70.00000000000000000 ) ) ;
#541 = AXIS2_PLACEMENT_3D ( 'NONE', #315, #2329, #584 ) ;
#542 = LINE ( 'NONE', #2295, #2599 ) ;
#543 = APPROVAL_STATUS ( 'not_yet_approved' ) ;
#544 = ORIENTED_EDGE ( 'NONE', *, *, #256, .F. ) ;
#545 = CARTESIAN_POINT ( 'NONE',  ( 385.0000000000001137, -745.0000000000000000, 70.00000000000000000 ) ) ;
#546 = DIRECTION ( 'NONE',  ( 1.000000000000000000, -0.000000000000000000, 0.000000000000000000 ) ) ;
#547 = LINE ( 'NONE', #95, #2603 ) ;
#548 = CC_DESIGN_PERSON_AND_ORGANIZATION_ASSIGNMENT ( #3245, #529, ( #3358 ) ) ;
#549 = ADVANCED_FACE ( 'NONE', ( #3279 ), #77, .F. ) ;
#550 = DIRECTION ( 'NONE',  ( 0.000000000000000000, 0.000000000000000000, 1.000000000000000000 ) ) ;
#551 = FACE_OUTER_BOUND ( 'NONE', #2445, .T. ) ;
#552 = DIRECTION ( 'NONE',  ( -0.000000000000000000, 1.000000000000000000, -0.000000000000000000 ) ) ;
#553 = LINE ( 'NONE', #3416, #2731 ) ;
#554 = EDGE_CURVE ( 'NONE', #333, #3084, #1460, .T. ) ;
#555 = DIRECTION ( 'NONE',  ( 0.000000000000000000, -1.000000000000000000, 0.000000000000000000 ) ) ;
#556 = DIRECTION ( 'NONE',  ( -0.000000000000000000, 1.000000000000000000, -0.000000000000000000 ) ) ;
#557 = VECTOR ( 'NONE', #1762, 1000.000000000000000 ) ;
#558 = CARTESIAN_POINT ( 'NONE',  ( 15.90000000000005720, 363.5000000000000000, 15.90000000000000036 ) ) ;
#559 = EDGE_LOOP ( 'NONE', ( #2860, #112 ) ) ;
#560 = APPLICATION_CONTEXT ( 'configuration controlled 3d designs of mechanical parts and assemblies' ) ;
#561 = FACE_OUTER_BOUND ( 'NONE', #473, .T. ) ;
#562 = VECTOR ( 'NONE', #3203, 1000.000000000000000 ) ;
#563 = CARTESIAN_POINT ( 'NONE',  ( 437.0000000000000000, -57.00000000000000000, 570.0000000000001137 ) ) ;
#564 = DIRECTION ( 'NONE',  ( -0.000000000000000000, 0.000000000000000000, -1.000000000000000000 ) ) ;
#565 = CARTESIAN_POINT ( 'NONE',  ( 385.0000000000001137, -800.0000000000000000, 43.00000000000000000 ) ) ;
#566 = AXIS2_PLACEMENT_3D ( 'NONE', #338, #2330, #2609 ) ;
#567 = ORIENTED_EDGE ( 'NONE', *, *, #964, .T. ) ;
#568 = DIRECTION ( 'NONE',  ( -0.000000000000000000, 1.000000000000000000, -0.000000000000000000 ) ) ;
#569 = FACE_OUTER_BOUND ( 'NONE', #101, .T. ) ;
#570 = ORIENTED_EDGE ( 'NONE', *, *, #3255, .T. ) ;
#571 = DIRECTION ( 'NONE',  ( -1.000000000000000000, 0.000000000000000000, 0.000000000000000000 ) ) ;
#572 = AXIS2_PLACEMENT_3D ( 'NONE', #2041, #902, #2050 ) ;
#573 = DATE_AND_TIME ( #3058, #2446 ) ;
#574 = ADVANCED_FACE ( 'NONE', ( #2736 ), #1523, .T. ) ;
#575 = DIRECTION ( 'NONE',  ( 0.000000000000000000, -1.000000000000000000, 0.000000000000000000 ) ) ;
#576 = CARTESIAN_POINT ( 'NONE',  ( -4.000000000000017764, 0.000000000000000000, 120.0000000000000000 ) ) ;
#577 = ORIENTED_EDGE ( 'NONE', *, *, #2546, .F. ) ;
#578 = APPLICATION_PROTOCOL_DEFINITION ( 'international standard', 'config_control_design', 1994, #2236 ) ;
#579 = CC_DESIGN_PERSON_AND_ORGANIZATION_ASSIGNMENT ( #1687, #265, ( #1212 ) ) ;
#580 = DIRECTION ( 'NONE',  ( 0.000000000000000000, 0.000000000000000000, 1.000000000000000000 ) ) ;
#581 = DIRECTION ( 'NONE',  ( 0.000000000000000000, -1.000000000000000000, 0.000000000000000000 ) ) ;
#582 = ORIENTED_EDGE ( 'NONE', *, *, #593, .F. ) ;
#583 = LOCAL_TIME ( 8, 40, 19.00000000000000000, #2276 ) ;
#584 = DIRECTION ( 'NONE',  ( 0.000000000000000000, 0.000000000000000000, -1.000000000000000000 ) ) ;
#585 = ORIENTED_EDGE ( 'NONE', *, *, #1246, .T. ) ;
#586 = DIRECTION ( 'NONE',  ( 1.225764668124932819E-16, -1.000000000000000000, 0.000000000000000000 ) ) ;
#587 = EDGE_CURVE ( 'NONE', #1918, #967, #1580, .T. ) ;
#588 = CARTESIAN_POINT ( 'NONE',  ( 30.00000000000000711, -664.5000000000000000, 570.0000000000001137 ) ) ;
#589 = ORIENTED_EDGE ( 'NONE', *, *, #2233, .T. ) ;
#590 = VERTEX_POINT ( 'NONE', #3548 ) ;
#591 = CARTESIAN_POINT ( 'NONE',  ( 15.90000000000000036, -615.0000000000000000, 580.9500000000000455 ) ) ;
#592 = CARTESIAN_POINT ( 'NONE',  ( 15.90000000000005720, 363.5000000000000568, 15.90000000000000036 ) ) ;
#593 = EDGE_CURVE ( 'NONE', #630, #1004, #1992, .T. ) ;
#594 = ORIENTED_EDGE ( 'NONE', *, *, #3077, .T. ) ;
#595 = CARTESIAN_POINT ( 'NONE',  ( 5.200000000000006395, -664.5000000000000000, 570.0000000000001137 ) ) ;
#596 = DIRECTION ( 'NONE',  ( 0.000000000000000000, 0.000000000000000000, -1.000000000000000000 ) ) ;
#597 = VECTOR ( 'NONE', #2030, 1000.000000000000000 ) ;
#598 = CARTESIAN_POINT ( 'NONE',  ( 385.0000000000001137, -730.0000000000000000, 527.0000000000000000 ) ) ;
#599 = AXIS2_PLACEMENT_3D ( 'NONE', #2494, #1310, #1912 ) ;
#600 = CIRCLE ( 'NONE', #241, 20.00000000000001776 ) ;
#601 = DIRECTION ( 'NONE',  ( 0.000000000000000000, 1.000000000000000000, 0.000000000000000000 ) ) ;
#602 = DIRECTION ( 'NONE',  ( 0.000000000000000000, 0.000000000000000000, -1.000000000000000000 ) ) ;
#603 = ORIENTED_EDGE ( 'NONE', *, *, #3271, .F. ) ;
#604 = CIRCLE ( 'NONE', #3044, 6.450000000000001066 ) ;
#605 = CARTESIAN_POINT ( 'NONE',  ( 15.90000000000000036, -664.5000000000000000, 580.9500000000000455 ) ) ;
#606 =( GEOMETRIC_REPRESENTATION_CONTEXT ( 3 ) GLOBAL_UNCERTAINTY_ASSIGNED_CONTEXT ( ( #259 ) ) GLOBAL_UNIT_ASSIGNED_CONTEXT ( ( #1592, #3630, #1627 ) ) REPRESENTATION_CONTEXT ( 'NONE', 'WORKASPACE' ) );
#607 = CARTESIAN_POINT ( 'NONE',  ( 70.00000000000009948, -730.0000000000000000, 43.00000000000000000 ) ) ;
#608 = ORIENTED_EDGE ( 'NONE', *, *, #273, .T. ) ;
#609 = VECTOR ( 'NONE', #3308, 1000.000000000000000 ) ;
#610 = LINE ( 'NONE', #1926, #3542 ) ;
#611 = ORIENTED_EDGE ( 'NONE', *, *, #520, .T. ) ;
#612 = CARTESIAN_POINT ( 'NONE',  ( 15.90000000000000036, -114.9999999999999858, 586.0000000000001137 ) ) ;
#613 = ORIENTED_EDGE ( 'NONE', *, *, #1820, .T. ) ;
#614 = EDGE_CURVE ( 'NONE', #447, #825, #1947, .T. ) ;
#615 = DIRECTION ( 'NONE',  ( 0.000000000000000000, 0.000000000000000000, 1.000000000000000000 ) ) ;
#616 = FACE_OUTER_BOUND ( 'NONE', #270, .T. ) ;
#617 = DIRECTION ( 'NONE',  ( -0.000000000000000000, 1.000000000000000000, -0.000000000000000000 ) ) ;
#618 = CIRCLE ( 'NONE', #2170, 15.00000000000000000 ) ;
#619 = VERTEX_POINT ( 'NONE', #685 ) ;
#620 = AXIS2_PLACEMENT_3D ( 'NONE', #2273, #1703, #580 ) ;
#621 = ORIENTED_EDGE ( 'NONE', *, *, #332, .T. ) ;
#622 = CALENDAR_DATE ( 2026, 5, 6 ) ;
#623 = AXIS2_PLACEMENT_3D ( 'NONE', #3032, #2993, #1035 ) ;
#624 = ORIENTED_EDGE ( 'NONE', *, *, #326, .T. ) ;
#625 = DIRECTION ( 'NONE',  ( 0.000000000000000000, 0.000000000000000000, 1.000000000000000000 ) ) ;
#626 = DIRECTION ( 'NONE',  ( 0.000000000000000000, 0.000000000000000000, -1.000000000000000000 ) ) ;
#627 = ORIENTED_EDGE ( 'NONE', *, *, #75, .F. ) ;
#628 = CARTESIAN_POINT ( 'NONE',  ( 70.00000000000009948, -785.0000000000000000, 90.00000000000001421 ) ) ;
#629 = DIRECTION ( 'NONE',  ( 0.000000000000000000, 0.000000000000000000, 1.000000000000000000 ) ) ;
#630 = VERTEX_POINT ( 'NONE', #3505 ) ;
#631 = DIRECTION ( 'NONE',  ( 0.000000000000000000, 0.000000000000000000, -1.000000000000000000 ) ) ;
#632 = DIRECTION ( 'NONE',  ( 1.224646799147353454E-16, -1.000000000000000000, 0.000000000000000000 ) ) ;
#633 = EDGE_LOOP ( 'NONE', ( #603, #2493, #1556, #1965 ) ) ;
#634 = EDGE_CURVE ( 'NONE', #3014, #3382, #89, .T. ) ;
#635 = CARTESIAN_POINT ( 'NONE',  ( 0.000000000000000000, 0.000000000000000000, 0.000000000000000000 ) ) ;
#636 = DIRECTION ( 'NONE',  ( 0.000000000000000000, 0.000000000000000000, 1.000000000000000000 ) ) ;
#637 = EDGE_CURVE ( 'NONE', #891, #2680, #1225, .T. ) ;
#638 = PERSON_AND_ORGANIZATION_ROLE ( 'classification_officer' ) ;
#639 = DIRECTION ( 'NONE',  ( -0.000000000000000000, -0.000000000000000000, -1.000000000000000000 ) ) ;
#640 = ORIENTED_EDGE ( 'NONE', *, *, #2116, .F. ) ;
#641 = ADVANCED_FACE ( 'NONE', ( #561 ), #1251, .F. ) ;
#642 = AXIS2_PLACEMENT_3D ( 'NONE', #1226, #2948, #2068 ) ;
#643 = FACE_OUTER_BOUND ( 'NONE', #2622, .T. ) ;
#644 = VECTOR ( 'NONE', #1656, 1000.000000000000000 ) ;
#645 = CARTESIAN_POINT ( 'NONE',  ( -28.00000000000005684, 300.0000000000000000, 27.00000000000000000 ) ) ;
#646 = DIRECTION ( 'NONE',  ( 0.000000000000000000, 0.000000000000000000, 1.000000000000000000 ) ) ;
#647 = VECTOR ( 'NONE', #3120, 1000.000000000000000 ) ;
#648 = APPROVAL ( #2553, '未指定' ) ;
#649 = VECTOR ( 'NONE', #2883, 1000.000000000000000 ) ;
#650 = LINE ( 'NONE', #774, #727 ) ;
#651 = CARTESIAN_POINT ( 'NONE',  ( 385.0000000000001137, -800.0000000000000000, 97.00000000000000000 ) ) ;
#652 = CARTESIAN_POINT ( 'NONE',  ( 70.00000000000009948, -785.0000000000000000, 43.00000000000000000 ) ) ;
#653 = ORIENTED_EDGE ( 'NONE', *, *, #396, .F. ) ;
#654 = EDGE_CURVE ( 'NONE', #1031, #2331, #2261, .T. ) ;
#655 = VECTOR ( 'NONE', #2981, 1000.000000000000000 ) ;
#656 = DIRECTION ( 'NONE',  ( -0.000000000000000000, 1.000000000000000000, -0.000000000000000000 ) ) ;
#657 = CIRCLE ( 'NONE', #3218, 6.500000000000005329 ) ;
#658 = DIRECTION ( 'NONE',  ( 0.000000000000000000, 0.000000000000000000, 1.000000000000000000 ) ) ;
#659 = ORIENTED_EDGE ( 'NONE', *, *, #2681, .F. ) ;
#660 = EDGE_CURVE ( 'NONE', #2373, #2056, #3007, .T. ) ;
#661 = CARTESIAN_POINT ( 'NONE',  ( 15.90000000000000036, -65.49999999999998579, 591.0500000000000682 ) ) ;
#662 = ORIENTED_EDGE ( 'NONE', *, *, #1892, .F. ) ;
#663 = DIRECTION ( 'NONE',  ( -0.000000000000000000, 1.000000000000000000, -0.000000000000000000 ) ) ;
#664 = APPROVAL_DATE_TIME ( #3202, #2978 ) ;
#665 = DIRECTION ( 'NONE',  ( -1.000000000000000000, 0.000000000000000000, -1.288758049684149971E-16 ) ) ;
#666 = DIRECTION ( 'NONE',  ( -0.000000000000000000, 1.000000000000000000, -0.000000000000000000 ) ) ;
#667 = VERTEX_POINT ( 'NONE', #151 ) ;
#668 = DIRECTION ( 'NONE',  ( 0.000000000000000000, 0.000000000000000000, 1.000000000000000000 ) ) ;
#669 = ORIENTED_EDGE ( 'NONE', *, *, #157, .F. ) ;
#670 = AXIS2_PLACEMENT_3D ( 'NONE', #1234, #1813, #119 ) ;
#671 = CARTESIAN_POINT ( 'NONE',  ( 9.020562075079396891E-14, 300.0000000000000000, 15.00000000000000000 ) ) ;
#672 = ORIENTED_EDGE ( 'NONE', *, *, #3393, .T. ) ;
#673 = PERSON_AND_ORGANIZATION ( #1826, #2100 ) ;
#674 = ORIENTED_EDGE ( 'NONE', *, *, #2515, .T. ) ;
#675 = CC_DESIGN_PERSON_AND_ORGANIZATION_ASSIGNMENT ( #3593, #2528, ( #3358 ) ) ;
#676 = EDGE_LOOP ( 'NONE', ( #1070, #901, #1516, #149, #3289 ) ) ;
#677 = EDGE_CURVE ( 'NONE', #3516, #2146, #2128, .T. ) ;
#678 = DIRECTION ( 'NONE',  ( -0.000000000000000000, -0.000000000000000000, -1.000000000000000000 ) ) ;
#679 = CIRCLE ( 'NONE', #2075, 5.000000000000000888 ) ;
#680 = EDGE_CURVE ( 'NONE', #3325, #2825, #2919, .T. ) ;
#681 = CIRCLE ( 'NONE', #2974, 8.000000000000007105 ) ;
#682 = ORIENTED_EDGE ( 'NONE', *, *, #637, .T. ) ;
#683 = EDGE_CURVE ( 'NONE', #1323, #3507, #1852, .T. ) ;
#684 = LINE ( 'NONE', #466, #2862 ) ;
#685 = CARTESIAN_POINT ( 'NONE',  ( 33.00000000000007105, 300.0000000000000000, 27.00000000000000711 ) ) ;
#686 = CARTESIAN_POINT ( 'NONE',  ( 15.90000000000005720, 250.0000000000000000, 15.90000000000000036 ) ) ;
#687 = VERTEX_POINT ( 'NONE', #1325 ) ;
#688 = DIRECTION ( 'NONE',  ( -0.000000000000000000, 0.000000000000000000, 1.000000000000000000 ) ) ;
#689 = AXIS2_PLACEMENT_3D ( 'NONE', #3020, #1609, #1315 ) ;
#690 = FACE_BOUND ( 'NONE', #2434, .T. ) ;
#691 = DIRECTION ( 'NONE',  ( 0.000000000000000000, -1.000000000000000000, 0.000000000000000000 ) ) ;
#692 = ORIENTED_EDGE ( 'NONE', *, *, #2985, .T. ) ;
#693 = APPROVAL ( #2002, '未指定' ) ;
#694 = EDGE_LOOP ( 'NONE', ( #468, #3110, #244, #2098, #2277, #3017 ) ) ;
#695 = DIRECTION ( 'NONE',  ( 0.000000000000000000, -1.000000000000000000, 0.000000000000000000 ) ) ;
#696 = ORIENTED_EDGE ( 'NONE', *, *, #1199, .F. ) ;
#697 = EDGE_CURVE ( 'NONE', #2932, #3579, #1404, .T. ) ;
#698 = CARTESIAN_POINT ( 'NONE',  ( 385.0000000000001137, -800.0000000000000000, 97.00000000000000000 ) ) ;
#699 = CARTESIAN_POINT ( 'NONE',  ( 15.90000000000005720, -541.0000000000004547, 15.90000000000000036 ) ) ;
#700 = LOCAL_TIME ( 8, 40, 19.00000000000000000, #742 ) ;
#701 = CARTESIAN_POINT ( 'NONE',  ( 437.0000000000000568, -708.0000000000000000, 570.0000000000001137 ) ) ;
#702 = DIRECTION ( 'NONE',  ( -0.000000000000000000, 1.000000000000000000, -0.000000000000000000 ) ) ;
#703 = DIRECTION ( 'NONE',  ( -1.000000000000000000, 0.000000000000000000, 0.000000000000000000 ) ) ;
#704 = DIRECTION ( 'NONE',  ( -0.000000000000000000, 1.000000000000000000, -0.000000000000000000 ) ) ;
#705 = ORIENTED_EDGE ( 'NONE', *, *, #3295, .T. ) ;
#706 = PERSON_AND_ORGANIZATION ( #1826, #2100 ) ;
#707 = ADVANCED_FACE ( 'NONE', ( #729 ), #3631, .F. ) ;
#708 = EDGE_LOOP ( 'NONE', ( #3417, #3591, #3226, #2010 ) ) ;
#709 = AXIS2_PLACEMENT_3D ( 'NONE', #3622, #1361, #3650 ) ;
#710 = DIRECTION ( 'NONE',  ( -0.000000000000000000, 1.000000000000000000, -0.000000000000000000 ) ) ;
#711 = DIRECTION ( 'NONE',  ( -1.225764668124932819E-16, 1.000000000000000000, 0.000000000000000000 ) ) ;
#712 = CARTESIAN_POINT ( 'NONE',  ( 70.00000000000008527, -785.0000000000000000, 500.0000000000000000 ) ) ;
#713 = FACE_OUTER_BOUND ( 'NONE', #2485, .T. ) ;
#714 = CARTESIAN_POINT ( 'NONE',  ( 385.0000000000001137, -785.0000000000000000, 70.00000000000000000 ) ) ;
#715 = VECTOR ( 'NONE', #380, 1000.000000000000000 ) ;
#716 = EDGE_CURVE ( 'NONE', #1671, #1419, #2167, .T. ) ;
#717 = ORIENTED_EDGE ( 'NONE', *, *, #1219, .F. ) ;
#718 = CARTESIAN_POINT ( 'NONE',  ( -28.00000000000005684, 300.0000000000000000, 22.00000000000000000 ) ) ;
#719 = VECTOR ( 'NONE', #2018, 1000.000000000000000 ) ;
#720 = CARTESIAN_POINT ( 'NONE',  ( 0.000000000000000000, 0.000000000000000000, 20.00000000000000000 ) ) ;
#721 = ADVANCED_FACE ( 'NONE', ( #616 ), #3292, .T. ) ;
#722 = CIRCLE ( 'NONE', #1898, 4.000000000000017764 ) ;
#723 = AXIS2_PLACEMENT_3D ( 'NONE', #411, #3529, #2083 ) ;
#724 = DIRECTION ( 'NONE',  ( 0.000000000000000000, -1.000000000000000000, 0.000000000000000000 ) ) ;
#725 = DIRECTION ( 'NONE',  ( 0.000000000000000000, -0.000000000000000000, -1.000000000000000000 ) ) ;
#726 = CIRCLE ( 'NONE', #2922, 27.00000000000002487 ) ;
#727 = VECTOR ( 'NONE', #1024, 1000.000000000000000 ) ;
#728 = ORIENTED_EDGE ( 'NONE', *, *, #3082, .T. ) ;
#729 = FACE_OUTER_BOUND ( 'NONE', #2264, .T. ) ;
#730 = LINE ( 'NONE', #3211, #1581 ) ;
#731 = VERTEX_POINT ( 'NONE', #205 ) ;
#732 = APPROVAL ( #3127, 'UNKNOWN' ) ;
#733 = DIRECTION ( 'NONE',  ( -1.288758049684149971E-16, -0.000000000000000000, 1.000000000000000000 ) ) ;
#734 = ORIENTED_EDGE ( 'NONE', *, *, #2743, .T. ) ;
#735 = CARTESIAN_POINT ( 'NONE',  ( 5.200000000000008171, -114.9999999999999858, 586.8000000000001819 ) ) ;
#736 = DIRECTION ( 'NONE',  ( 1.000000000000000000, 0.000000000000000000, 0.000000000000000000 ) ) ;
#737 = EDGE_CURVE ( 'NONE', #619, #2480, #347, .T. ) ;
#738 =( NAMED_UNIT ( * ) SI_UNIT ( $, .STERADIAN. ) SOLID_ANGLE_UNIT ( ) );
#739 = ORIENTED_EDGE ( 'NONE', *, *, #3562, .T. ) ;
#740 = ORIENTED_EDGE ( 'NONE', *, *, #2362, .F. ) ;
#741 = DIRECTION ( 'NONE',  ( -1.000000000000000000, 0.000000000000000000, 0.000000000000000000 ) ) ;
#742 = COORDINATED_UNIVERSAL_TIME_OFFSET ( 8, 0, .AHEAD. ) ;
#743 = DIRECTION ( 'NONE',  ( -0.000000000000000000, -0.000000000000000000, -1.000000000000000000 ) ) ;
#744 = AXIS2_PLACEMENT_3D ( 'NONE', #1304, #2989, #2149 ) ;
#745 = ORIENTED_EDGE ( 'NONE', *, *, #2681, .T. ) ;
#746 = DIRECTION ( 'NONE',  ( 0.000000000000000000, 0.000000000000000000, 1.000000000000000000 ) ) ;
#747 = ORIENTED_EDGE ( 'NONE', *, *, #351, .F. ) ;
#748 = CARTESIAN_POINT ( 'NONE',  ( 30.00000000000000711, -615.0000000000000000, 570.0000000000001137 ) ) ;
#749 = CARTESIAN_POINT ( 'NONE',  ( 70.00000000000009948, -800.0000000000000000, 70.00000000000000000 ) ) ;
#750 = COORDINATED_UNIVERSAL_TIME_OFFSET ( 8, 0, .AHEAD. ) ;
#751 = AXIS2_PLACEMENT_3D ( 'NONE', #1230, #2378, #969 ) ;
#752 = EDGE_LOOP ( 'NONE', ( #3010, #2884, #2954, #433 ) ) ;
#753 = ORIENTED_EDGE ( 'NONE', *, *, #654, .T. ) ;
#754 = APPROVAL_ROLE ( '' ) ;
#755 = LINE ( 'NONE', #2962, #530 ) ;
#756 = CARTESIAN_POINT ( 'NONE',  ( 15.90000000000005720, -365.0000000000000000, 9.399999999999995026 ) ) ;
#757 = DIRECTION ( 'NONE',  ( 0.000000000000000000, 0.000000000000000000, -1.000000000000000000 ) ) ;
#758 = ORIENTED_EDGE ( 'NONE', *, *, #2704, .F. ) ;
#759 = PRODUCT_DEFINITION_FORMATION_WITH_SPECIFIED_SOURCE ( '任何', '', #147, .NOT_KNOWN. ) ;
#760 = PLANE ( 'NONE',  #1278 ) ;
#761 = FACE_BOUND ( 'NONE', #3395, .T. ) ;
#762 = EDGE_CURVE ( 'NONE', #1419, #2191, #1312, .T. ) ;
#763 = CARTESIAN_POINT ( 'NONE',  ( 9.368548013477252718E-14, 365.0000000000000000, 30.00000000000000000 ) ) ;
#764 = DIRECTION ( 'NONE',  ( 0.000000000000000000, 0.000000000000000000, -1.000000000000000000 ) ) ;
#765 = ORIENTED_EDGE ( 'NONE', *, *, #2182, .F. ) ;
#766 = LINE ( 'NONE', #1600, #2955 ) ;
#767 = DATE_TIME_ROLE ( 'creation_date' ) ;
#768 = ORIENTED_EDGE ( 'NONE', *, *, #439, .F. ) ;
#769 = CARTESIAN_POINT ( 'NONE',  ( 70.00000000000009948, -800.0000000000000000, 97.00000000000000000 ) ) ;
#770 = EDGE_CURVE ( 'NONE', #1749, #1245, #2700, .T. ) ;
#771 = FACE_OUTER_BOUND ( 'NONE', #3589, .T. ) ;
#772 = VERTEX_POINT ( 'NONE', #1853 ) ;
#773 = FACE_OUTER_BOUND ( 'NONE', #2576, .T. ) ;
#774 = CARTESIAN_POINT ( 'NONE',  ( 15.00000000000009059, 0.000000000000000000, 0.000000000000000000 ) ) ;
#775 = VERTEX_POINT ( 'NONE', #748 ) ;
#776 = CARTESIAN_POINT ( 'NONE',  ( 5.200000000000006395, -65.49999999999998579, 570.0000000000001137 ) ) ;
#777 = LINE ( 'NONE', #27, #871 ) ;
#778 = ORIENTED_EDGE ( 'NONE', *, *, #2965, .T. ) ;
#779 = MECHANICAL_CONTEXT ( 'NONE', #1920, 'mechanical' ) ;
#780 = FACE_OUTER_BOUND ( 'NONE', #3075, .T. ) ;
#781 = VECTOR ( 'NONE', #3197, 1000.000000000000000 ) ;
#782 = DIRECTION ( 'NONE',  ( 0.000000000000000000, -1.000000000000000000, 0.000000000000000000 ) ) ;
#783 = VERTEX_POINT ( 'NONE', #2144 ) ;
#784 = CARTESIAN_POINT ( 'NONE',  ( 385.0000000000001137, -800.0000000000000000, 70.00000000000000000 ) ) ;
#785 = ORIENTED_EDGE ( 'NONE', *, *, #790, .F. ) ;
#786 = DATE_AND_TIME ( #479, #972 ) ;
#787 = DIRECTION ( 'NONE',  ( 1.000000000000000000, 0.000000000000000000, 0.000000000000000000 ) ) ;
#788 = DIRECTION ( 'NONE',  ( -0.000000000000000000, 1.000000000000000000, -0.000000000000000000 ) ) ;
#789 = VERTEX_POINT ( 'NONE', #1588 ) ;
#790 = EDGE_CURVE ( 'NONE', #772, #2407, #875, .T. ) ;
#791 = APPLICATION_CONTEXT ( 'configuration controlled 3d designs of mechanical parts and assemblies' ) ;
#792 = LOCAL_TIME ( 8, 40, 19.00000000000000000, #3248 ) ;
#793 = ADVANCED_FACE ( 'NONE', ( #2879 ), #3303, .T. ) ;
#794 = PERSON_AND_ORGANIZATION ( #1826, #2100 ) ;
#795 = MANIFOLD_SOLID_BREP ( '倒角1', #174 ) ;
#796 = ORIENTED_EDGE ( 'NONE', *, *, #2259, .F. ) ;
#797 = CARTESIAN_POINT ( 'NONE',  ( 9.368548013477252718E-14, 365.0000000000000000, 0.000000000000000000 ) ) ;
#798 = SHAPE_REPRESENTATION_RELATIONSHIP ( 'NONE' , 'NONE' ,  #2227, #93 ) ;
#799 = ORIENTED_EDGE ( 'NONE', *, *, #1945, .T. ) ;
#800 = CARTESIAN_POINT ( 'NONE',  ( -28.00000000000005684, 250.0000000000000000, 27.00000000000000000 ) ) ;
#801 = AXIS2_PLACEMENT_3D ( 'NONE', #1095, #3057, #2802 ) ;
#802 = APPROVAL_STATUS ( 'not_yet_approved' ) ;
#803 = PLANE ( 'NONE',  #2667 ) ;
#804 = DIRECTION ( 'NONE',  ( 0.000000000000000000, 0.000000000000000000, 1.000000000000000000 ) ) ;
#805 = FACE_BOUND ( 'NONE', #3164, .T. ) ;
#806 = CC_DESIGN_SECURITY_CLASSIFICATION ( #137, ( #3680 ) ) ;
#807 = ADVANCED_FACE ( 'NONE', ( #780 ), #1286, .T. ) ;
#808 = CIRCLE ( 'NONE', #1904, 20.00000000000001776 ) ;
#809 = DIRECTION ( 'NONE',  ( 0.000000000000000000, 0.000000000000000000, 1.000000000000000000 ) ) ;
#810 = ORIENTED_EDGE ( 'NONE', *, *, #476, .T. ) ;
#811 = EDGE_CURVE ( 'NONE', #327, #227, #3191, .T. ) ;
#812 = CARTESIAN_POINT ( 'NONE',  ( 0.000000000000000000, 0.000000000000000000, 570.0000000000001137 ) ) ;
#813 = DIRECTION ( 'NONE',  ( -0.7071067811865460184, 0.000000000000000000, -0.7071067811865490160 ) ) ;
#814 = LINE ( 'NONE', #2555, #2650 ) ;
#815 = APPLICATION_PROTOCOL_DEFINITION ( 'international standard', 'config_control_design', 1994, #3059 ) ;
#816 = CYLINDRICAL_SURFACE ( 'NONE', #2730, 5.049999999999998934 ) ;
#817 = CARTESIAN_POINT ( 'NONE',  ( 70.00000000000009948, -745.0000000000000000, 70.00000000000000000 ) ) ;
#818 = DIRECTION ( 'NONE',  ( -8.527058560869098731E-17, 1.000000000000000000, -0.000000000000000000 ) ) ;
#819 = LINE ( 'NONE', #3432, #3404 ) ;
#820 = EDGE_CURVE ( 'NONE', #1154, #3060, #254, .T. ) ;
#821 = EDGE_LOOP ( 'NONE', ( #488, #3597 ) ) ;
#822 = VECTOR ( 'NONE', #2096, 1000.000000000000000 ) ;
#823 = DIRECTION ( 'NONE',  ( -0.000000000000000000, -1.000000000000000000, -0.000000000000000000 ) ) ;
#824 = LINE ( 'NONE', #1474, #2881 ) ;
#825 = VERTEX_POINT ( 'NONE', #3043 ) ;
#826 = ADVANCED_FACE ( 'NONE', ( #3321 ), #1957, .F. ) ;
#827 = PLANE ( 'NONE',  #3546 ) ;
#828 = APPROVAL_STATUS ( 'not_yet_approved' ) ;
#829 = ORIENTED_EDGE ( 'NONE', *, *, #2379, .F. ) ;
#830 = CC_DESIGN_PERSON_AND_ORGANIZATION_ASSIGNMENT ( #1911, #1960, ( #2735 ) ) ;
#831 = CARTESIAN_POINT ( 'NONE',  ( 15.00000000000008704, -365.0000000000000000, 0.000000000000000000 ) ) ;
#832 = DIRECTION ( 'NONE',  ( 0.000000000000000000, -1.000000000000000000, 0.000000000000000000 ) ) ;
#833 = EDGE_LOOP ( 'NONE', ( #1953, #3122, #350, #582 ) ) ;
#834 = VERTEX_POINT ( 'NONE', #735 ) ;
#835 = EDGE_CURVE ( 'NONE', #1170, #1050, #2357, .T. ) ;
#836 = CARTESIAN_POINT ( 'NONE',  ( 385.0000000000001137, -745.0000000000000000, 500.0000000000000000 ) ) ;
#837 = ORIENTED_EDGE ( 'NONE', *, *, #3344, .T. ) ;
#838 = CARTESIAN_POINT ( 'NONE',  ( 70.00000000000008527, -785.0000000000000000, 500.0000000000000000 ) ) ;
#839 = CARTESIAN_POINT ( 'NONE',  ( 30.00000000000000711, -57.00000000000000711, 570.0000000000001137 ) ) ;
#840 = DATE_AND_TIME ( #1425, #3023 ) ;
#841 = EDGE_CURVE ( 'NONE', #2480, #1318, #213, .T. ) ;
#842 = ORIENTED_EDGE ( 'NONE', *, *, #1490, .T. ) ;
#843 = SECURITY_CLASSIFICATION_LEVEL ( 'unclassified' ) ;
#844 = SHAPE_DEFINITION_REPRESENTATION ( #3403, #1227 ) ;
#845 = DIRECTION ( 'NONE',  ( 0.000000000000000000, -1.000000000000000000, 0.000000000000000000 ) ) ;
#846 = DIRECTION ( 'NONE',  ( 0.000000000000000000, 0.000000000000000000, 1.000000000000000000 ) ) ;
#847 = EDGE_LOOP ( 'NONE', ( #3239, #2627 ) ) ;
#848 = ORIENTED_EDGE ( 'NONE', *, *, #75, .T. ) ;
#849 = FACE_OUTER_BOUND ( 'NONE', #3378, .T. ) ;
#850 = AXIS2_PLACEMENT_3D ( 'NONE', #2283, #1110, #3419 ) ;
#851 = DIRECTION ( 'NONE',  ( -0.000000000000000000, 1.000000000000000000, -0.000000000000000000 ) ) ;
#852 = VERTEX_POINT ( 'NONE', #3366 ) ;
#853 = AXIS2_PLACEMENT_3D ( 'NONE', #348, #81, #2061 ) ;
#854 = CARTESIAN_POINT ( 'NONE',  ( 70.00000000000009948, -745.0000000000000000, 70.00000000000000000 ) ) ;
#855 = FACE_OUTER_BOUND ( 'NONE', #2945, .T. ) ;
#856 = PERSON_AND_ORGANIZATION_ROLE ( 'design_supplier' ) ;
#857 = EDGE_LOOP ( 'NONE', ( #2013, #2944, #1228, #15 ) ) ;
#858 = DIRECTION ( 'NONE',  ( -0.000000000000000000, 1.000000000000000000, -0.000000000000000000 ) ) ;
#859 = LINE ( 'NONE', #3599, #2246 ) ;
#860 = CC_DESIGN_APPROVAL ( #2655, ( #2586 ) ) ;
#861 = EDGE_CURVE ( 'NONE', #3036, #2166, #3583, .T. ) ;
#862 = DIRECTION ( 'NONE',  ( -0.000000000000000000, -1.000000000000000000, -0.000000000000000000 ) ) ;
#863 = DIRECTION ( 'NONE',  ( 1.000000000000000000, -0.000000000000000000, -0.000000000000000000 ) ) ;
#864 = VECTOR ( 'NONE', #2806, 1000.000000000000000 ) ;
#865 = FACE_OUTER_BOUND ( 'NONE', #514, .T. ) ;
#866 = EDGE_CURVE ( 'NONE', #1453, #825, #1720, .T. ) ;
#867 = CARTESIAN_POINT ( 'NONE',  ( 15.00000000000009059, -365.0000000000000000, 15.00000000000000000 ) ) ;
#868 = DIRECTION ( 'NONE',  ( 0.000000000000000000, 0.000000000000000000, 1.000000000000000000 ) ) ;
#869 = FACE_OUTER_BOUND ( 'NONE', #1214, .T. ) ;
#870 = ORIENTED_EDGE ( 'NONE', *, *, #1697, .T. ) ;
#871 = VECTOR ( 'NONE', #3138, 1000.000000000000000 ) ;
#872 = PLANE ( 'NONE',  #1064 ) ;
#873 = AXIS2_PLACEMENT_3D ( 'NONE', #443, #1864, #1014 ) ;
#874 = EDGE_LOOP ( 'NONE', ( #765, #2019, #3028, #2674 ) ) ;
#875 = LINE ( 'NONE', #3555, #1088 ) ;
#876 = CIRCLE ( 'NONE', #235, 5.000000000000000000 ) ;
#877 = CARTESIAN_POINT ( 'NONE',  ( 30.00000000000001421, -351.9999999999999432, 977.3978399550003360 ) ) ;
#878 = ORIENTED_EDGE ( 'NONE', *, *, #2618, .T. ) ;
#879 = DIRECTION ( 'NONE',  ( -0.000000000000000000, 0.000000000000000000, -1.000000000000000000 ) ) ;
#880 = CONTEXT_DEPENDENT_SHAPE_REPRESENTATION ( #307, #2691 ) ;
#881 = DIRECTION ( 'NONE',  ( 0.000000000000000000, 1.000000000000000000, -0.000000000000000000 ) ) ;
#882 = DIRECTION ( 'NONE',  ( 1.000000000000000000, 1.225764668124932819E-16, -0.000000000000000000 ) ) ;
#883 = CARTESIAN_POINT ( 'NONE',  ( 385.0000000000001137, -745.0000000000000000, 500.0000000000000000 ) ) ;
#884 = VERTEX_POINT ( 'NONE', #239 ) ;
#885 = APPROVAL_STATUS ( 'not_yet_approved' ) ;
#886 = DATE_AND_TIME ( #2706, #1635 ) ;
#887 = PRODUCT_DEFINITION_FORMATION_WITH_SPECIFIED_SOURCE ( '任何', '', #1805, .NOT_KNOWN. ) ;
#888 = CARTESIAN_POINT ( 'NONE',  ( 15.90000000000000036, -65.49999999999998579, 580.9500000000000455 ) ) ;
#889 = CARTESIAN_POINT ( 'NONE',  ( 70.00000000000008527, -745.0000000000000000, 500.0000000000000000 ) ) ;
#890 = DIRECTION ( 'NONE',  ( 0.7071067811865460184, 8.659560562354913137E-17, -0.7071067811865490160 ) ) ;
#891 = VERTEX_POINT ( 'NONE', #1969 ) ;
#892 = APPROVAL_PERSON_ORGANIZATION ( #2140, #1464, #1124 ) ;
#893 = DIRECTION ( 'NONE',  ( 0.000000000000000000, 1.000000000000000000, -0.000000000000000000 ) ) ;
#894 = ORIENTED_EDGE ( 'NONE', *, *, #2501, .T. ) ;
#895 = EDGE_CURVE ( 'NONE', #2191, #1419, #2000, .T. ) ;
#896 = DATE_AND_TIME ( #1333, #3293 ) ;
#897 = ORIENTED_EDGE ( 'NONE', *, *, #1047, .F. ) ;
#898 = ORIENTED_EDGE ( 'NONE', *, *, #520, .F. ) ;
#899 = CARTESIAN_POINT ( 'NONE',  ( 70.00000000000008527, -745.0000000000000000, 520.0000000000000000 ) ) ;
#900 = AXIS2_PLACEMENT_3D ( 'NONE', #3181, #1479, #3469 ) ;
#901 = ORIENTED_EDGE ( 'NONE', *, *, #2131, .F. ) ;
#902 = DIRECTION ( 'NONE',  ( -0.000000000000000000, 1.000000000000000000, -0.000000000000000000 ) ) ;
#903 = FACE_OUTER_BOUND ( 'NONE', #1701, .T. ) ;
#904 = FACE_OUTER_BOUND ( 'NONE', #2817, .T. ) ;
#905 = CIRCLE ( 'NONE', #949, 5.000000000000000888 ) ;
#906 = DIRECTION ( 'NONE',  ( 0.000000000000000000, -1.000000000000000000, 0.000000000000000000 ) ) ;
#907 = AXIS2_PLACEMENT_3D ( 'NONE', #1551, #3543, #1538 ) ;
#908 = LINE ( 'NONE', #2006, #1936 ) ;
#909 = FACE_OUTER_BOUND ( 'NONE', #1463, .T. ) ;
#910 = FACE_OUTER_BOUND ( 'NONE', #2529, .T. ) ;
#911 = CARTESIAN_POINT ( 'NONE',  ( 70.00000000000009948, -745.0000000000000000, 70.00000000000000000 ) ) ;
#912 = ORIENTED_EDGE ( 'NONE', *, *, #941, .F. ) ;
#913 = PLANE ( 'NONE',  #189 ) ;
#914 = LINE ( 'NONE', #1472, #2395 ) ;
#915 = EDGE_LOOP ( 'NONE', ( #3413, #2360, #215, #498 ) ) ;
#916 = EDGE_CURVE ( 'NONE', #1284, #2282, #1586, .T. ) ;
#917 = DIRECTION ( 'NONE',  ( 0.000000000000000000, 0.000000000000000000, 1.000000000000000000 ) ) ;
#918 = DIRECTION ( 'NONE',  ( 1.000000000000000000, -8.527058560869098731E-17, 0.000000000000000000 ) ) ;
#919 = LINE ( 'NONE', #3273, #562 ) ;
#920 = ADVANCED_FACE ( 'NONE', ( #1412 ), #3679, .T. ) ;
#921 = ORIENTED_EDGE ( 'NONE', *, *, #392, .F. ) ;
#922 = CARTESIAN_POINT ( 'NONE',  ( 15.90000000000005720, 250.0000000000000000, 15.90000000000000036 ) ) ;
#923 = CARTESIAN_POINT ( 'NONE',  ( 15.90000000000005720, -363.5000000000000000, 15.90000000000000036 ) ) ;
#924 = ORIENTED_EDGE ( 'NONE', *, *, #737, .T. ) ;
#925 = DIRECTION ( 'NONE',  ( 0.000000000000000000, 0.000000000000000000, -1.000000000000000000 ) ) ;
#926 = LOCAL_TIME ( 8, 40, 19.00000000000000000, #2225 ) ;
#927 = AXIS2_PLACEMENT_3D ( 'NONE', #718, #3310, #1605 ) ;
#928 = ORIENTED_EDGE ( 'NONE', *, *, #1485, .T. ) ;
#929 = CARTESIAN_POINT ( 'NONE',  ( 22.00000000000001066, -664.5000000000000000, 594.8000000000001819 ) ) ;
#930 = CALENDAR_DATE ( 2026, 5, 6 ) ;
#931 = ORIENTED_EDGE ( 'NONE', *, *, #861, .T. ) ;
#932 = CC_DESIGN_APPROVAL ( #732, ( #1885 ) ) ;
#933 = DIRECTION ( 'NONE',  ( -0.000000000000000000, 1.000000000000000000, -0.000000000000000000 ) ) ;
#934 = DIRECTION ( 'NONE',  ( -0.000000000000000000, 1.000000000000000000, -0.000000000000000000 ) ) ;
#935 = DIRECTION ( 'NONE',  ( -0.000000000000000000, -1.000000000000000000, -0.000000000000000000 ) ) ;
#936 = ORIENTED_EDGE ( 'NONE', *, *, #2310, .F. ) ;
#937 = DIRECTION ( 'NONE',  ( -0.000000000000000000, 1.000000000000000000, -0.000000000000000000 ) ) ;
#938 = ADVANCED_FACE ( 'NONE', ( #1231 ), #1366, .F. ) ;
#939 = DIRECTION ( 'NONE',  ( 0.000000000000000000, 0.000000000000000000, -1.000000000000000000 ) ) ;
#940 = ORIENTED_EDGE ( 'NONE', *, *, #1202, .F. ) ;
#941 = EDGE_CURVE ( 'NONE', #3647, #133, #1505, .T. ) ;
#942 = ORIENTED_EDGE ( 'NONE', *, *, #1120, .T. ) ;
#943 = CARTESIAN_POINT ( 'NONE',  ( 22.00000000000001066, -65.49999999999998579, 594.8000000000001819 ) ) ;
#944 = DIRECTION ( 'NONE',  ( 0.000000000000000000, 0.000000000000000000, 1.000000000000000000 ) ) ;
#945 = VECTOR ( 'NONE', #1952, 1000.000000000000000 ) ;
#946 = CARTESIAN_POINT ( 'NONE',  ( 436.9999999999999432, -708.0000000000000000, 2.000000000000000000 ) ) ;
#947 = FACE_OUTER_BOUND ( 'NONE', #1924, .T. ) ;
#948 = ORIENTED_EDGE ( 'NONE', *, *, #3602, .T. ) ;
#949 = AXIS2_PLACEMENT_3D ( 'NONE', #686, #666, #109 ) ;
#950 = CIRCLE ( 'NONE', #2526, 20.00000000000001776 ) ;
#951 = ORIENTED_EDGE ( 'NONE', *, *, #1468, .T. ) ;
#952 = VECTOR ( 'NONE', #3323, 1000.000000000000000 ) ;
#953 = CC_DESIGN_APPROVAL ( #199, ( #1662 ) ) ;
#954 = CIRCLE ( 'NONE', #1583, 5.049999999999998934 ) ;
#955 = LINE ( 'NONE', #353, #557 ) ;
#956 = EDGE_LOOP ( 'NONE', ( #3526, #1159, #3544, #1467 ) ) ;
#957 = EDGE_CURVE ( 'NONE', #2525, #2214, #876, .T. ) ;
#958 = CARTESIAN_POINT ( 'NONE',  ( 9.368548013477252718E-14, -250.0000000000000000, 15.00000000000000000 ) ) ;
#959 = VECTOR ( 'NONE', #3212, 1000.000000000000000 ) ;
#960 = PLANE ( 'NONE',  #3115 ) ;
#961 = ORIENTED_EDGE ( 'NONE', *, *, #1030, .F. ) ;
#962 = ADVANCED_BREP_SHAPE_REPRESENTATION ( '', ( #795, #218 ), #606 ) ;
#963 = CYLINDRICAL_SURFACE ( 'NONE', #2521, 26.99999999999999645 ) ;
#964 = EDGE_CURVE ( 'NONE', #2166, #447, #1818, .T. ) ;
#965 = EDGE_LOOP ( 'NONE', ( #1542, #2705, #2502, #2585, #3467, #1851, #2666, #1131, #1602, #522, #878, #2947 ) ) ;
#966 = DATE_AND_TIME ( #2314, #926 ) ;
#967 = VERTEX_POINT ( 'NONE', #524 ) ;
#968 = DIRECTION ( 'NONE',  ( -0.000000000000000000, 1.000000000000000000, -0.000000000000000000 ) ) ;
#969 = DIRECTION ( 'NONE',  ( -1.225764668124932819E-16, -1.000000000000000000, 0.000000000000000000 ) ) ;
#970 = AXIS2_PLACEMENT_3D ( 'NONE', #2303, #602, #1119 ) ;
#971 = VERTEX_POINT ( 'NONE', #1353 ) ;
#972 = LOCAL_TIME ( 8, 40, 19.00000000000000000, #2789 ) ;
#973 = DIRECTION ( 'NONE',  ( -1.288758049684149971E-16, 0.000000000000000000, 1.000000000000000000 ) ) ;
#974 = ORIENTED_EDGE ( 'NONE', *, *, #3558, .T. ) ;
#975 = AXIS2_PLACEMENT_3D ( 'NONE', #982, #2722, #2782 ) ;
#976 = ORIENTED_EDGE ( 'NONE', *, *, #1363, .F. ) ;
#977 = COORDINATED_UNIVERSAL_TIME_OFFSET ( 8, 0, .AHEAD. ) ;
#978 = VERTEX_POINT ( 'NONE', #3067 ) ;
#979 = ORIENTED_EDGE ( 'NONE', *, *, #1796, .T. ) ;
#980 = DIRECTION ( 'NONE',  ( 0.000000000000000000, 0.000000000000000000, 1.000000000000000000 ) ) ;
#981 = ORIENTED_EDGE ( 'NONE', *, *, #1147, .F. ) ;
#982 = CARTESIAN_POINT ( 'NONE',  ( 0.000000000000000000, 0.000000000000000000, 0.000000000000000000 ) ) ;
#983 = LINE ( 'NONE', #1832, #2241 ) ;
#984 = EDGE_CURVE ( 'NONE', #2977, #3148, #2084, .T. ) ;
#985 = ORIENTED_EDGE ( 'NONE', *, *, #2843, .T. ) ;
#986 = ADVANCED_FACE ( 'NONE', ( #2527, #306 ), #827, .F. ) ;
#987 = ADVANCED_FACE ( 'NONE', ( #471 ), #1674, .T. ) ;
#988 = AXIS2_PLACEMENT_3D ( 'NONE', #3173, #906, #2892 ) ;
#989 = LINE ( 'NONE', #1297, #3615 ) ;
#990 = CARTESIAN_POINT ( 'NONE',  ( 385.0000000000001137, -745.0000000000000000, 90.00000000000002842 ) ) ;
#991 = ORIENTED_EDGE ( 'NONE', *, *, #98, .F. ) ;
#992 = DIRECTION ( 'NONE',  ( 0.000000000000000000, 0.000000000000000000, 1.000000000000000000 ) ) ;
#993 = DIRECTION ( 'NONE',  ( 1.000000000000000000, 0.000000000000000000, 0.000000000000000000 ) ) ;
#994 = AXIS2_PLACEMENT_3D ( 'NONE', #2540, #2810, #1111 ) ;
#995 = LINE ( 'NONE', #3369, #2775 ) ;
#996 = VECTOR ( 'NONE', #261, 1000.000000000000000 ) ;
#997 = LINE ( 'NONE', #2575, #460 ) ;
#998 = CC_DESIGN_PERSON_AND_ORGANIZATION_ASSIGNMENT ( #2492, #2874, ( #1885 ) ) ;
#999 = CYLINDRICAL_SURFACE ( 'NONE', #1659, 8.000000000000007105 ) ;
#1000 = DIRECTION ( 'NONE',  ( 1.032573497605233226E-16, 0.000000000000000000, 1.000000000000000000 ) ) ;
#1001 = VERTEX_POINT ( 'NONE', #3124 ) ;
#1002 = DIRECTION ( 'NONE',  ( 0.000000000000000000, 0.000000000000000000, 1.000000000000000000 ) ) ;
#1003 = FACE_BOUND ( 'NONE', #2311, .T. ) ;
#1004 = VERTEX_POINT ( 'NONE', #3389 ) ;
#1005 = EDGE_CURVE ( 'NONE', #789, #308, #2926, .T. ) ;
#1006 = ADVANCED_FACE ( 'NONE', ( #569 ), #1042, .T. ) ;
#1007 = LINE ( 'NONE', #943, #1132 ) ;
#1008 = VERTEX_POINT ( 'NONE', #2845 ) ;
#1009 = DIRECTION ( 'NONE',  ( 0.000000000000000000, 0.000000000000000000, -1.000000000000000000 ) ) ;
#1010 = EDGE_CURVE ( 'NONE', #772, #731, #3238, .T. ) ;
#1011 = DIRECTION ( 'NONE',  ( -0.000000000000000000, -0.000000000000000000, -1.000000000000000000 ) ) ;
#1012 = EDGE_LOOP ( 'NONE', ( #1436, #3280, #2137, #1683 ) ) ;
#1013 = COORDINATED_UNIVERSAL_TIME_OFFSET ( 8, 0, .AHEAD. ) ;
#1014 = DIRECTION ( 'NONE',  ( 8.527058560869099964E-17, -1.000000000000000000, 0.000000000000000000 ) ) ;
#1015 = DIRECTION ( 'NONE',  ( -8.527058560869098731E-17, -1.000000000000000000, 0.000000000000000000 ) ) ;
#1016 = AXIS2_PLACEMENT_3D ( 'NONE', #192, #462, #1282 ) ;
#1017 = VERTEX_POINT ( 'NONE', #1121 ) ;
#1018 = CARTESIAN_POINT ( 'NONE',  ( 30.00000000000000711, -65.49999999999998579, 570.0000000000001137 ) ) ;
#1019 = LOCAL_TIME ( 8, 40, 19.00000000000000000, #3559 ) ;
#1020 = EDGE_LOOP ( 'NONE', ( #285, #2716 ) ) ;
#1021 = AXIS2_PLACEMENT_3D ( 'NONE', #3616, #3046, #1893 ) ;
#1022 = EDGE_LOOP ( 'NONE', ( #3123, #613, #842, #3319 ) ) ;
#1023 = ORIENTED_EDGE ( 'NONE', *, *, #2890, .F. ) ;
#1024 = DIRECTION ( 'NONE',  ( -0.000000000000000000, 1.000000000000000000, -0.000000000000000000 ) ) ;
#1025 = ADVANCED_FACE ( 'NONE', ( #2487 ), #1770, .T. ) ;
#1026 = EDGE_CURVE ( 'NONE', #978, #852, #2400, .T. ) ;
#1027 = DIRECTION ( 'NONE',  ( 0.000000000000000000, 0.000000000000000000, 1.000000000000000000 ) ) ;
#1028 = DIRECTION ( 'NONE',  ( 0.000000000000000000, -1.000000000000000000, 0.000000000000000000 ) ) ;
#1029 = DIRECTION ( 'NONE',  ( -0.8371691043312223801, 0.000000000000000000, -0.5469441386039887165 ) ) ;
#1030 = EDGE_CURVE ( 'NONE', #354, #1170, #96, .T. ) ;
#1031 = VERTEX_POINT ( 'NONE', #591 ) ;
#1032 = DIRECTION ( 'NONE',  ( 0.000000000000000000, -1.000000000000000000, 0.000000000000000000 ) ) ;
#1033 = FACE_OUTER_BOUND ( 'NONE', #2548, .T. ) ;
#1034 = AXIS2_PLACEMENT_3D ( 'NONE', #1808, #2688, #980 ) ;
#1035 = DIRECTION ( 'NONE',  ( 1.000000000000000000, 0.000000000000000000, 0.000000000000000000 ) ) ;
#1036 = ORIENTED_EDGE ( 'NONE', *, *, #371, .T. ) ;
#1037 = PERSON_AND_ORGANIZATION_ROLE ( 'creator' ) ;
#1038 = FACE_OUTER_BOUND ( 'NONE', #314, .T. ) ;
#1039 = AXIS2_PLACEMENT_3D ( 'NONE', #2402, #3262, #3539 ) ;
#1040 = CARTESIAN_POINT ( 'NONE',  ( 385.0000000000001137, -785.0000000000000000, 472.9999999999999432 ) ) ;
#1041 = ORIENTED_EDGE ( 'NONE', *, *, #2116, .T. ) ;
#1042 = CYLINDRICAL_SURFACE ( 'NONE', #422, 15.00000000000000000 ) ;
#1043 = LINE ( 'NONE', #2091, #1455 ) ;
#1044 = CARTESIAN_POINT ( 'NONE',  ( 70.00000000000009948, -785.0000000000000000, 70.00000000000000000 ) ) ;
#1045 = VERTEX_POINT ( 'NONE', #3436 ) ;
#1046 = CC_DESIGN_SECURITY_CLASSIFICATION ( #2397, ( #3682 ) ) ;
#1047 = EDGE_CURVE ( 'NONE', #1873, #1268, #2174, .T. ) ;
#1048 = CARTESIAN_POINT ( 'NONE',  ( 437.0000000000000000, -57.00000000000000000, 20.00000000000001776 ) ) ;
#1049 = VECTOR ( 'NONE', #1072, 1000.000000000000000 ) ;
#1050 = VERTEX_POINT ( 'NONE', #1712 ) ;
#1051 = DIRECTION ( 'NONE',  ( 0.000000000000000000, -1.000000000000000000, 0.000000000000000000 ) ) ;
#1052 = DATE_AND_TIME ( #1320, #2177 ) ;
#1053 = EDGE_CURVE ( 'NONE', #834, #227, #2741, .T. ) ;
#1054 = CARTESIAN_POINT ( 'NONE',  ( -311.0813204887218717, 240.8928571428571388, -162.3999999999999773 ) ) ;
#1055 = DIRECTION ( 'NONE',  ( -1.000000000000000000, 0.000000000000000000, 0.000000000000000000 ) ) ;
#1056 = APPROVAL_PERSON_ORGANIZATION ( #2496, #2655, #3669 ) ;
#1057 = DIRECTION ( 'NONE',  ( 1.225764668124932819E-16, -1.000000000000000000, 0.000000000000000000 ) ) ;
#1058 = AXIS2_PLACEMENT_3D ( 'NONE', #2992, #724, #1889 ) ;
#1059 = VERTEX_POINT ( 'NONE', #305 ) ;
#1060 = APPROVAL_DATE_TIME ( #2710, #3309 ) ;
#1061 = DIRECTION ( 'NONE',  ( 0.000000000000000000, 0.000000000000000000, 1.000000000000000000 ) ) ;
#1062 = EDGE_LOOP ( 'NONE', ( #2984, #2972, #3119, #1933 ) ) ;
#1063 = DIRECTION ( 'NONE',  ( -1.288758049684149971E-16, -0.000000000000000000, 1.000000000000000000 ) ) ;
#1064 = AXIS2_PLACEMENT_3D ( 'NONE', #1987, #2531, #3398 ) ;
#1065 = ORIENTED_EDGE ( 'NONE', *, *, #941, .T. ) ;
#1066 = EDGE_LOOP ( 'NONE', ( #2608, #1096 ) ) ;
#1067 = APPROVAL_STATUS ( 'not_yet_approved' ) ;
#1068 = CC_DESIGN_DATE_AND_TIME_ASSIGNMENT ( #2889, #1931, ( #1530 ) ) ;
#1069 = CARTESIAN_POINT ( 'NONE',  ( 13.20000000000000995, -615.0000000000000000, 594.8000000000001819 ) ) ;
#1070 = ORIENTED_EDGE ( 'NONE', *, *, #2497, .T. ) ;
#1071 = EDGE_CURVE ( 'NONE', #2786, #3084, #3196, .T. ) ;
#1072 = DIRECTION ( 'NONE',  ( 0.000000000000000000, 1.000000000000000000, 0.000000000000000000 ) ) ;
#1073 = CARTESIAN_POINT ( 'NONE',  ( -4.000000000000017764, 0.000000000000000000, 120.0000000000000000 ) ) ;
#1074 = ORIENTED_EDGE ( 'NONE', *, *, #2472, .F. ) ;
#1075 = VECTOR ( 'NONE', #2109, 1000.000000000000000 ) ;
#1076 = CARTESIAN_POINT ( 'NONE',  ( 0.000000000000000000, 0.000000000000000000, 0.000000000000000000 ) ) ;
#1077 = ORIENTED_EDGE ( 'NONE', *, *, #98, .T. ) ;
#1078 = DIRECTION ( 'NONE',  ( -1.000000000000000000, 0.000000000000000000, 0.000000000000000000 ) ) ;
#1079 = FACE_OUTER_BOUND ( 'NONE', #74, .T. ) ;
#1080 = VECTOR ( 'NONE', #3052, 1000.000000000000000 ) ;
#1081 = CARTESIAN_POINT ( 'NONE',  ( 30.00000000000008527, -708.0000000000000000, 2.000000000000000000 ) ) ;
#1082 = ORIENTED_EDGE ( 'NONE', *, *, #1047, .T. ) ;
#1083 = ADVANCED_FACE ( 'NONE', ( #3512 ), #963, .T. ) ;
#1084 = CARTESIAN_POINT ( 'NONE',  ( 5.200000000000006395, -65.49999999999998579, 570.0000000000001137 ) ) ;
#1085 = CARTESIAN_POINT ( 'NONE',  ( 385.0000000000001137, -745.0000000000000000, 97.00000000000000000 ) ) ;
#1086 = EDGE_LOOP ( 'NONE', ( #1601, #1375, #2639, #42, #2231 ) ) ;
#1087 = PERSON_AND_ORGANIZATION_ROLE ( 'design_owner' ) ;
#1088 = VECTOR ( 'NONE', #158, 1000.000000000000000 ) ;
#1089 = LINE ( 'NONE', #2924, #1270 ) ;
#1090 = DIRECTION ( 'NONE',  ( -0.000000000000000000, 1.000000000000000000, -0.000000000000000000 ) ) ;
#1091 = VERTEX_POINT ( 'NONE', #2602 ) ;
#1092 = CARTESIAN_POINT ( 'NONE',  ( 385.0000000000001137, -745.0000000000000000, 70.00000000000000000 ) ) ;
#1093 = EDGE_LOOP ( 'NONE', ( #2409, #3235 ) ) ;
#1094 = CARTESIAN_POINT ( 'NONE',  ( 0.000000000000000000, 0.000000000000000000, -1.500000000000000000 ) ) ;
#1095 = CARTESIAN_POINT ( 'NONE',  ( 0.000000000000000000, 0.000000000000000000, 20.00000000000000000 ) ) ;
#1096 = ORIENTED_EDGE ( 'NONE', *, *, #453, .T. ) ;
#1097 = EDGE_CURVE ( 'NONE', #667, #1164, #1007, .T. ) ;
#1098 = SECURITY_CLASSIFICATION_LEVEL ( 'unclassified' ) ;
#1099 = DIRECTION ( 'NONE',  ( -0.000000000000000000, 1.000000000000000000, -0.000000000000000000 ) ) ;
#1100 = VERTEX_POINT ( 'NONE', #2067 ) ;
#1101 = ADVANCED_FACE ( 'NONE', ( #2659 ), #3509, .T. ) ;
#1102 = PERSON_AND_ORGANIZATION ( #1826, #2100 ) ;
#1103 = DIRECTION ( 'NONE',  ( -0.000000000000000000, 1.000000000000000000, -0.000000000000000000 ) ) ;
#1104 = AXIS2_PLACEMENT_3D ( 'NONE', #480, #2513, #1929 ) ;
#1105 = ORIENTED_EDGE ( 'NONE', *, *, #1650, .T. ) ;
#1106 = DIRECTION ( 'NONE',  ( -1.000000000000000000, 0.000000000000000000, -1.137523590804461357E-16 ) ) ;
#1107 = APPROVAL_PERSON_ORGANIZATION ( #2016, #3246, #2486 ) ;
#1108 = EDGE_LOOP ( 'NONE', ( #2401, #2020, #2724, #570 ) ) ;
#1109 = EDGE_LOOP ( 'NONE', ( #1388, #1584 ) ) ;
#1110 = DIRECTION ( 'NONE',  ( 0.000000000000000000, -1.000000000000000000, 0.000000000000000000 ) ) ;
#1111 = DIRECTION ( 'NONE',  ( 0.000000000000000000, 0.000000000000000000, 1.000000000000000000 ) ) ;
#1112 = AXIS2_PLACEMENT_3D ( 'NONE', #518, #2819, #1719 ) ;
#1113 = DATE_TIME_ROLE ( 'classification_date' ) ;
#1114 = DIRECTION ( 'NONE',  ( 1.000000000000000000, 0.000000000000000000, 0.000000000000000000 ) ) ;
#1115 = FACE_BOUND ( 'NONE', #821, .T. ) ;
#1116 = APPROVAL ( #885, 'UNKNOWN' ) ;
#1117 = DIRECTION ( 'NONE',  ( -0.000000000000000000, 1.000000000000000000, -0.000000000000000000 ) ) ;
#1118 = VECTOR ( 'NONE', #2590, 1000.000000000000000 ) ;
#1119 = DIRECTION ( 'NONE',  ( -1.000000000000000000, 0.000000000000000000, 0.000000000000000000 ) ) ;
#1120 = EDGE_CURVE ( 'NONE', #2124, #2554, #2824, .T. ) ;
#1121 = CARTESIAN_POINT ( 'NONE',  ( 15.90000000000000036, -114.9999999999999858, 591.0500000000000682 ) ) ;
#1122 = DIRECTION ( 'NONE',  ( 0.000000000000000000, 0.000000000000000000, -1.000000000000000000 ) ) ;
#1123 = FACE_BOUND ( 'NONE', #1513, .T. ) ;
#1124 = APPROVAL_ROLE ( '' ) ;
#1125 = CIRCLE ( 'NONE', #2882, 27.00000000000007816 ) ;
#1126 = CARTESIAN_POINT ( 'NONE',  ( 5.200000000000008171, -615.0000000000000000, 586.8000000000001819 ) ) ;
#1127 = CYLINDRICAL_SURFACE ( 'NONE', #5, 26.99999999999999645 ) ;
#1128 = AXIS2_PLACEMENT_3D ( 'NONE', #2518, #3426, #2815 ) ;
#1129 = VECTOR ( 'NONE', #201, 1000.000000000000000 ) ;
#1130 = CARTESIAN_POINT ( 'NONE',  ( 385.0000000000001137, -800.0000000000000000, 527.0000000000000000 ) ) ;
#1131 = ORIENTED_EDGE ( 'NONE', *, *, #141, .F. ) ;
#1132 = VECTOR ( 'NONE', #2333, 1000.000000000000000 ) ;
#1133 = LINE ( 'NONE', #3163, #2304 ) ;
#1134 = AXIS2_PLACEMENT_3D ( 'NONE', #1205, #335, #1194 ) ;
#1135 = ORIENTED_EDGE ( 'NONE', *, *, #3519, .T. ) ;
#1136 = DIRECTION ( 'NONE',  ( -0.000000000000000000, -0.000000000000000000, -1.000000000000000000 ) ) ;
#1137 = CARTESIAN_POINT ( 'NONE',  ( 15.90000000000005720, -363.5000000000000000, 15.90000000000000036 ) ) ;
#1138 = DIRECTION ( 'NONE',  ( 0.000000000000000000, 0.000000000000000000, 1.000000000000000000 ) ) ;
#1139 = VECTOR ( 'NONE', #1672, 1000.000000000000000 ) ;
#1140 = ORIENTED_EDGE ( 'NONE', *, *, #1120, .F. ) ;
#1141 = PRODUCT_DEFINITION ( '未知', '', #759, #193 ) ;
#1142 = DIRECTION ( 'NONE',  ( -0.000000000000000000, 1.000000000000000000, -0.000000000000000000 ) ) ;
#1143 = APPROVAL_DATE_TIME ( #2971, #732 ) ;
#1144 = ADVANCED_FACE ( 'NONE', ( #1670 ), #373, .T. ) ;
#1145 = CARTESIAN_POINT ( 'NONE',  ( 13.20000000000000817, -65.49999999999998579, 586.8000000000001819 ) ) ;
#1146 = ORIENTED_EDGE ( 'NONE', *, *, #841, .T. ) ;
#1147 = EDGE_CURVE ( 'NONE', #3585, #489, #3193, .T. ) ;
#1148 = DIRECTION ( 'NONE',  ( -0.000000000000000000, -0.000000000000000000, -1.000000000000000000 ) ) ;
#1149 = ORIENTED_EDGE ( 'NONE', *, *, #2045, .F. ) ;
#1150 = DIRECTION ( 'NONE',  ( -1.225764668124932819E-16, 1.000000000000000000, 0.000000000000000000 ) ) ;
#1151 = CARTESIAN_POINT ( 'NONE',  ( 385.0000000000001137, -785.0000000000000000, 70.00000000000000000 ) ) ;
#1152 = DIRECTION ( 'NONE',  ( -0.000000000000000000, -1.000000000000000000, -0.000000000000000000 ) ) ;
#1153 = EDGE_CURVE ( 'NONE', #3116, #2194, #1544, .T. ) ;
#1154 = VERTEX_POINT ( 'NONE', #635 ) ;
#1155 = CALENDAR_DATE ( 2026, 5, 6 ) ;
#1156 = CARTESIAN_POINT ( 'NONE',  ( 15.90000000000005720, 363.5000000000000000, 15.90000000000000036 ) ) ;
#1157 = DIRECTION ( 'NONE',  ( 0.000000000000000000, 0.000000000000000000, -1.000000000000000000 ) ) ;
#1158 = DIRECTION ( 'NONE',  ( 0.000000000000000000, 0.000000000000000000, -1.000000000000000000 ) ) ;
#1159 = ORIENTED_EDGE ( 'NONE', *, *, #458, .T. ) ;
#1160 = EDGE_LOOP ( 'NONE', ( #142, #2679, #1760, #3326 ) ) ;
#1161 = DIRECTION ( 'NONE',  ( 0.000000000000000000, -1.000000000000000000, 0.000000000000000000 ) ) ;
#1162 = AXIS2_PLACEMENT_3D ( 'NONE', #1094, #3387, #3676 ) ;
#1163 = DIRECTION ( 'NONE',  ( -0.000000000000000000, 1.000000000000000000, -0.000000000000000000 ) ) ;
#1164 = VERTEX_POINT ( 'NONE', #103 ) ;
#1165 = DIRECTION ( 'NONE',  ( 0.000000000000000000, 0.000000000000000000, -1.000000000000000000 ) ) ;
#1166 = VECTOR ( 'NONE', #1207, 1000.000000000000000 ) ;
#1167 = CARTESIAN_POINT ( 'NONE',  ( 385.0000000000001137, -745.0000000000000000, 500.0000000000000000 ) ) ;
#1168 = CARTESIAN_POINT ( 'NONE',  ( 5.200000000000006395, -114.9999999999999858, 570.0000000000001137 ) ) ;
#1169 = LINE ( 'NONE', #3446, #1118 ) ;
#1170 = VERTEX_POINT ( 'NONE', #1491 ) ;
#1171 = CARTESIAN_POINT ( 'NONE',  ( 455.0000000000001137, -730.0000000000000000, 0.000000000000000000 ) ) ;
#1172 = FACE_OUTER_BOUND ( 'NONE', #2280, .T. ) ;
#1173 = CARTESIAN_POINT ( 'NONE',  ( 8.939921633775678437E-14, -730.0000000000000000, 570.0000000000001137 ) ) ;
#1174 = ORIENTED_EDGE ( 'NONE', *, *, #2566, .F. ) ;
#1175 = FACE_OUTER_BOUND ( 'NONE', #2696, .T. ) ;
#1176 = FACE_OUTER_BOUND ( 'NONE', #1378, .T. ) ;
#1177 = EDGE_CURVE ( 'NONE', #1197, #2663, #135, .T. ) ;
#1178 = DIRECTION ( 'NONE',  ( -0.000000000000000000, 1.000000000000000000, -0.000000000000000000 ) ) ;
#1179 = DIRECTION ( 'NONE',  ( 0.000000000000000000, -1.000000000000000000, 0.000000000000000000 ) ) ;
#1180 = VECTOR ( 'NONE', #2934, 1000.000000000000000 ) ;
#1181 = EDGE_LOOP ( 'NONE', ( #728, #3102 ) ) ;
#1182 = APPROVAL_ROLE ( '' ) ;
#1183 = FACE_OUTER_BOUND ( 'NONE', #833, .T. ) ;
#1184 = CARTESIAN_POINT ( 'NONE',  ( 436.9999999999999432, -708.0000000000000000, 2.000000000000000000 ) ) ;
#1185 = DIRECTION ( 'NONE',  ( 1.000000000000000000, 0.000000000000000000, 0.000000000000000000 ) ) ;
#1186 = ORIENTED_EDGE ( 'NONE', *, *, #487, .F. ) ;
#1187 = VECTOR ( 'NONE', #2925, 1000.000000000000000 ) ;
#1188 = DIRECTION ( 'NONE',  ( 0.000000000000000000, 1.000000000000000000, 0.000000000000000000 ) ) ;
#1189 = EDGE_LOOP ( 'NONE', ( #1424, #3210 ) ) ;
#1190 = AXIS2_PLACEMENT_3D ( 'NONE', #1821, #129, #2122 ) ;
#1191 = CARTESIAN_POINT ( 'NONE',  ( 9.368548013477252718E-14, 365.0000000000000000, 15.00000000000000000 ) ) ;
#1192 = ORIENTED_EDGE ( 'NONE', *, *, #3107, .F. ) ;
#1193 = PERSON_AND_ORGANIZATION ( #1826, #2100 ) ;
#1194 = DIRECTION ( 'NONE',  ( 1.000000000000000000, 0.000000000000000000, 0.000000000000000000 ) ) ;
#1195 = VERTEX_POINT ( 'NONE', #1788 ) ;
#1196 = DIRECTION ( 'NONE',  ( 0.000000000000000000, -0.000000000000000000, 1.000000000000000000 ) ) ;
#1197 = VERTEX_POINT ( 'NONE', #929 ) ;
#1198 = DIRECTION ( 'NONE',  ( 0.000000000000000000, -0.000000000000000000, -1.000000000000000000 ) ) ;
#1199 = EDGE_CURVE ( 'NONE', #619, #3538, #1364, .T. ) ;
#1200 = ORIENTED_EDGE ( 'NONE', *, *, #70, .T. ) ;
#1201 = DIRECTION ( 'NONE',  ( -0.000000000000000000, -0.000000000000000000, -1.000000000000000000 ) ) ;
#1202 = EDGE_CURVE ( 'NONE', #3651, #1873, #730, .T. ) ;
#1203 = ORIENTED_EDGE ( 'NONE', *, *, #3652, .F. ) ;
#1204 = DIRECTION ( 'NONE',  ( 0.000000000000000000, 1.000000000000000000, 0.000000000000000000 ) ) ;
#1205 = CARTESIAN_POINT ( 'NONE',  ( 22.00000000000001066, -664.5000000000000000, 594.8000000000001819 ) ) ;
#1206 = ORIENTED_EDGE ( 'NONE', *, *, #2914, .F. ) ;
#1207 = DIRECTION ( 'NONE',  ( -0.000000000000000000, 1.000000000000000000, -0.000000000000000000 ) ) ;
#1208 = AXIS2_PLACEMENT_3D ( 'NONE', #317, #3418, #34 ) ;
#1209 = CIRCLE ( 'NONE', #515, 27.00000000000002487 ) ;
#1210 = CARTESIAN_POINT ( 'NONE',  ( 15.90000000000005720, 365.0000000000000000, 15.90000000000000036 ) ) ;
#1211 = CIRCLE ( 'NONE', #3590, 5.000000000000000888 ) ;
#1212 = SECURITY_CLASSIFICATION ( '', '', #2793 ) ;
#1213 = CARTESIAN_POINT ( 'NONE',  ( 437.0000000000000000, -57.00000000000000000, 2.000000000000000000 ) ) ;
#1214 = EDGE_LOOP ( 'NONE', ( #2069, #272, #3283, #2461 ) ) ;
#1215 = ADVANCED_FACE ( 'NONE', ( #2309 ), #2933, .T. ) ;
#1216 = FACE_OUTER_BOUND ( 'NONE', #708, .T. ) ;
#1217 = LINE ( 'NONE', #2570, #3400 ) ;
#1218 = LINE ( 'NONE', #1977, #996 ) ;
#1219 = EDGE_CURVE ( 'NONE', #478, #687, #2784, .T. ) ;
#1220 = LINE ( 'NONE', #3156, #2519 ) ;
#1221 = VECTOR ( 'NONE', #1011, 1000.000000000000000 ) ;
#1222 = ORIENTED_EDGE ( 'NONE', *, *, #3595, .T. ) ;
#1223 = EDGE_CURVE ( 'NONE', #630, #532, #3632, .T. ) ;
#1224 = DIRECTION ( 'NONE',  ( 0.000000000000000000, -1.000000000000000000, 0.000000000000000000 ) ) ;
#1225 = LINE ( 'NONE', #946, #2615 ) ;
#1226 = CARTESIAN_POINT ( 'NONE',  ( 385.0000000000001137, -785.0000000000000000, 70.00000000000000000 ) ) ;
#1227 = SHAPE_REPRESENTATION ( '地柜07-柜门_地柜07-柜门', ( #218 ), #407 ) ;
#1228 = ORIENTED_EDGE ( 'NONE', *, *, #2641, .F. ) ;
#1229 = DIRECTION ( 'NONE',  ( 1.520853458390625560E-16, -1.000000000000000000, 0.000000000000000000 ) ) ;
#1230 = CARTESIAN_POINT ( 'NONE',  ( 30.00000000000016698, -57.00000000000000000, 2.000000000000000000 ) ) ;
#1231 = FACE_OUTER_BOUND ( 'NONE', #2689, .T. ) ;
#1232 = AXIS2_PLACEMENT_3D ( 'NONE', #2411, #968, #1242 ) ;
#1233 = VERTEX_POINT ( 'NONE', #888 ) ;
#1234 = CARTESIAN_POINT ( 'NONE',  ( 15.90000000000005720, -541.0000000000004547, 15.90000000000000036 ) ) ;
#1235 = MANIFOLD_SOLID_BREP ( '凸台-拉伸9', #1706 ) ;
#1236 = ORIENTED_EDGE ( 'NONE', *, *, #811, .F. ) ;
#1237 = AXIS2_PLACEMENT_3D ( 'NONE', #1044, #2203, #550 ) ;
#1238 = COORDINATED_UNIVERSAL_TIME_OFFSET ( 8, 0, .AHEAD. ) ;
#1239 = ORIENTED_EDGE ( 'NONE', *, *, #660, .F. ) ;
#1240 = PERSON_AND_ORGANIZATION ( #1826, #2100 ) ;
#1241 = EDGE_CURVE ( 'NONE', #3560, #825, #2617, .T. ) ;
#1242 = DIRECTION ( 'NONE',  ( 0.000000000000000000, 0.000000000000000000, 1.000000000000000000 ) ) ;
#1243 = EDGE_LOOP ( 'NONE', ( #240, #2082, #1203, #3348 ) ) ;
#1244 = DIRECTION ( 'NONE',  ( 0.000000000000000000, -1.000000000000000000, 0.000000000000000000 ) ) ;
#1245 = VERTEX_POINT ( 'NONE', #1171 ) ;
#1246 = EDGE_CURVE ( 'NONE', #2371, #3678, #173, .T. ) ;
#1247 = ORIENTED_EDGE ( 'NONE', *, *, #346, .F. ) ;
#1248 = LINE ( 'NONE', #1842, #1337 ) ;
#1249 = ORIENTED_EDGE ( 'NONE', *, *, #102, .T. ) ;
#1250 = AXIS2_PLACEMENT_3D ( 'NONE', #1915, #3056, #2498 ) ;
#1251 = PLANE ( 'NONE',  #110 ) ;
#1252 = CARTESIAN_POINT ( 'NONE',  ( 30.00000000000001421, -664.5000000000000000, 586.8000000000001819 ) ) ;
#1253 = LINE ( 'NONE', #1981, #2684 ) ;
#1254 = DIRECTION ( 'NONE',  ( 0.000000000000000000, 1.000000000000000000, -0.000000000000000000 ) ) ;
#1255 = VERTEX_POINT ( 'NONE', #41 ) ;
#1256 = AXIS2_PLACEMENT_3D ( 'NONE', #749, #788, #2766 ) ;
#1257 = CIRCLE ( 'NONE', #623, 5.000000000000000000 ) ;
#1258 = FACE_BOUND ( 'NONE', #3204, .T. ) ;
#1259 = SECURITY_CLASSIFICATION ( '', '', #843 ) ;
#1260 = LINE ( 'NONE', #1921, #421 ) ;
#1261 = LINE ( 'NONE', #1966, #461 ) ;
#1262 = DIRECTION ( 'NONE',  ( 0.000000000000000000, 0.000000000000000000, 1.000000000000000000 ) ) ;
#1263 = ORIENTED_EDGE ( 'NONE', *, *, #371, .F. ) ;
#1264 = EDGE_CURVE ( 'NONE', #1522, #3357, #3677, .T. ) ;
#1265 = DIRECTION ( 'NONE',  ( 1.000000000000000000, 0.000000000000000000, 0.000000000000000000 ) ) ;
#1266 = CIRCLE ( 'NONE', #2390, 26.99999999999999645 ) ;
#1267 = ADVANCED_FACE ( 'NONE', ( #2169 ), #3396, .T. ) ;
#1268 = VERTEX_POINT ( 'NONE', #831 ) ;
#1269 = FACE_OUTER_BOUND ( 'NONE', #956, .T. ) ;
#1270 = VECTOR ( 'NONE', #3478, 1000.000000000000000 ) ;
#1271 = AXIS2_PLACEMENT_3D ( 'NONE', #1210, #2087, #3222 ) ;
#1272 = ORIENTED_EDGE ( 'NONE', *, *, #1598, .F. ) ;
#1273 = AXIS2_PLACEMENT_3D ( 'NONE', #10, #1993, #571 ) ;
#1274 = DIRECTION ( 'NONE',  ( 0.000000000000000000, 0.000000000000000000, -1.000000000000000000 ) ) ;
#1275 = DIRECTION ( 'NONE',  ( 0.000000000000000000, 0.000000000000000000, -1.000000000000000000 ) ) ;
#1276 = EDGE_LOOP ( 'NONE', ( #495, #1882, #1941, #388 ) ) ;
#1277 = LOCAL_TIME ( 8, 40, 19.00000000000000000, #3112 ) ;
#1278 = AXIS2_PLACEMENT_3D ( 'NONE', #1618, #3607, #1909 ) ;
#1279 = EDGE_LOOP ( 'NONE', ( #294, #1554, #3338, #2757 ) ) ;
#1280 = COORDINATED_UNIVERSAL_TIME_OFFSET ( 8, 0, .AHEAD. ) ;
#1281 = ADVANCED_FACE ( 'NONE', ( #2524 ), #2569, .F. ) ;
#1282 = DIRECTION ( 'NONE',  ( 0.000000000000000000, 0.000000000000000000, 1.000000000000000000 ) ) ;
#1283 = ADVANCED_FACE ( 'NONE', ( #1405, #2220 ), #2049, .T. ) ;
#1284 = VERTEX_POINT ( 'NONE', #2983 ) ;
#1285 = EDGE_CURVE ( 'NONE', #891, #1327, #1461, .T. ) ;
#1286 = PLANE ( 'NONE',  #873 ) ;
#1287 = DIRECTION ( 'NONE',  ( 0.000000000000000000, 0.000000000000000000, -1.000000000000000000 ) ) ;
#1288 = ORIENTED_EDGE ( 'NONE', *, *, #44, .F. ) ;
#1289 = CARTESIAN_POINT ( 'NONE',  ( 15.90000000000005720, -300.0000000000000000, 10.90000000000000036 ) ) ;
#1290 = FACE_BOUND ( 'NONE', #2105, .T. ) ;
#1291 = EDGE_CURVE ( 'NONE', #2272, #324, #2967, .T. ) ;
#1292 = CIRCLE ( 'NONE', #1688, 27.00000000000000355 ) ;
#1293 = DIRECTION ( 'NONE',  ( 0.000000000000000000, 1.000000000000000000, 0.000000000000000000 ) ) ;
#1294 = AXIS2_PLACEMENT_3D ( 'NONE', #867, #36, #2855 ) ;
#1295 = VECTOR ( 'NONE', #2846, 1000.000000000000000 ) ;
#1296 = DIRECTION ( 'NONE',  ( 0.000000000000000000, 0.000000000000000000, -1.000000000000000000 ) ) ;
#1297 = CARTESIAN_POINT ( 'NONE',  ( 5.200000000000006395, -664.5000000000000000, 570.0000000000001137 ) ) ;
#1298 = ORIENTED_EDGE ( 'NONE', *, *, #3006, .F. ) ;
#1299 = FACE_OUTER_BOUND ( 'NONE', #2452, .T. ) ;
#1300 = DIRECTION ( 'NONE',  ( 0.000000000000000000, 0.000000000000000000, 1.000000000000000000 ) ) ;
#1301 = AXIS2_PLACEMENT_3D ( 'NONE', #2134, #403, #3531 ) ;
#1302 = ADVANCED_FACE ( 'NONE', ( #1948 ), #2921, .F. ) ;
#1303 = LINE ( 'NONE', #3142, #3307 ) ;
#1304 = CARTESIAN_POINT ( 'NONE',  ( 70.00000000000008527, -785.0000000000000000, 500.0000000000000000 ) ) ;
#1305 = VECTOR ( 'NONE', #1090, 1000.000000000000000 ) ;
#1306 = DIRECTION ( 'NONE',  ( -0.000000000000000000, -0.000000000000000000, -1.000000000000000000 ) ) ;
#1307 = LINE ( 'NONE', #3132, #649 ) ;
#1308 = CC_DESIGN_APPROVAL ( #1116, ( #295 ) ) ;
#1309 = VECTOR ( 'NONE', #1322, 1000.000000000000000 ) ;
#1310 = DIRECTION ( 'NONE',  ( 0.000000000000000000, 0.000000000000000000, -1.000000000000000000 ) ) ;
#1311 = ORIENTED_EDGE ( 'NONE', *, *, #3634, .F. ) ;
#1312 = CIRCLE ( 'NONE', #170, 26.99999999999999645 ) ;
#1313 = PRODUCT_DEFINITION_SHAPE ( 'NONE', 'NONE',  #3681 ) ;
#1314 = CARTESIAN_POINT ( 'NONE',  ( 33.00000000000007105, 300.0000000000000000, 27.00000000000000711 ) ) ;
#1315 = DIRECTION ( 'NONE',  ( 1.000000000000000000, 0.000000000000000000, 0.000000000000000000 ) ) ;
#1316 = ORIENTED_EDGE ( 'NONE', *, *, #1241, .T. ) ;
#1317 = EDGE_CURVE ( 'NONE', #3663, #385, #349, .T. ) ;
#1318 = VERTEX_POINT ( 'NONE', #2133 ) ;
#1319 = AXIS2_PLACEMENT_3D ( 'NONE', #3035, #1358, #2733 ) ;
#1320 = CALENDAR_DATE ( 2026, 5, 6 ) ;
#1321 = VERTEX_POINT ( 'NONE', #628 ) ;
#1322 = DIRECTION ( 'NONE',  ( -0.000000000000000000, -0.000000000000000000, -1.000000000000000000 ) ) ;
#1323 = VERTEX_POINT ( 'NONE', #2620 ) ;
#1324 = ITEM_DEFINED_TRANSFORMATION ( 'NONE', 'NONE', #3462,  #218 ) ;
#1325 = CARTESIAN_POINT ( 'NONE',  ( 70.00000000000008527, -730.0000000000000000, 473.0000000000000000 ) ) ;
#1326 = AXIS2_PLACEMENT_3D ( 'NONE', #3259, #2982, #1809 ) ;
#1327 = VERTEX_POINT ( 'NONE', #426 ) ;
#1328 = DIRECTION ( 'NONE',  ( 1.000000000000000000, 0.000000000000000000, 0.000000000000000000 ) ) ;
#1329 = PERSON_AND_ORGANIZATION ( #1826, #2100 ) ;
#1330 = CARTESIAN_POINT ( 'NONE',  ( -5.000000000000000000, 0.000000000000000000, 0.000000000000000000 ) ) ;
#1331 = VERTEX_POINT ( 'NONE', #2645 ) ;
#1332 = CC_DESIGN_PERSON_AND_ORGANIZATION_ASSIGNMENT ( #1967, #2770, ( #1141 ) ) ;
#1333 = CALENDAR_DATE ( 2026, 5, 6 ) ;
#1334 = ORIENTED_EDGE ( 'NONE', *, *, #2941, .T. ) ;
#1335 = VERTEX_POINT ( 'NONE', #2365 ) ;
#1336 = DIRECTION ( 'NONE',  ( 1.225764668124932819E-16, -1.000000000000000000, 0.000000000000000000 ) ) ;
#1337 = VECTOR ( 'NONE', #1265, 1000.000000000000000 ) ;
#1338 = EDGE_LOOP ( 'NONE', ( #2630, #49, #357, #2113 ) ) ;
#1339 = EDGE_CURVE ( 'NONE', #783, #478, #919, .T. ) ;
#1340 = CARTESIAN_POINT ( 'NONE',  ( 385.0000000000001137, -745.0000000000000000, 70.00000000000000000 ) ) ;
#1341 = LINE ( 'NONE', #2230, #3567 ) ;
#1342 = CARTESIAN_POINT ( 'NONE',  ( 0.000000000000000000, 0.000000000000000000, 0.000000000000000000 ) ) ;
#1343 = ORIENTED_EDGE ( 'NONE', *, *, #820, .T. ) ;
#1344 = DIRECTION ( 'NONE',  ( 0.000000000000000000, 0.000000000000000000, 1.000000000000000000 ) ) ;
#1345 = VECTOR ( 'NONE', #556, 1000.000000000000000 ) ;
#1346 = EDGE_CURVE ( 'NONE', #1829, #1597, #3100, .T. ) ;
#1347 = ORIENTED_EDGE ( 'NONE', *, *, #1414, .T. ) ;
#1348 = CARTESIAN_POINT ( 'NONE',  ( 30.00000000000000711, -57.00000000000000711, 570.0000000000001137 ) ) ;
#1349 = FACE_BOUND ( 'NONE', #150, .T. ) ;
#1350 = MANIFOLD_SOLID_BREP ( '镜向2', #2267 ) ;
#1351 = CARTESIAN_POINT ( 'NONE',  ( 70.00000000000009948, -745.0000000000000000, 70.00000000000000000 ) ) ;
#1352 = ORIENTED_EDGE ( 'NONE', *, *, #3209, .F. ) ;
#1353 = CARTESIAN_POINT ( 'NONE',  ( 13.20000000000000995, -664.5000000000000000, 594.8000000000001819 ) ) ;
#1354 = LINE ( 'NONE', #2772, #609 ) ;
#1355 = PERSON_AND_ORGANIZATION_ROLE ( 'design_supplier' ) ;
#1356 = VECTOR ( 'NONE', #1621, 1000.000000000000000 ) ;
#1357 = AXIS2_PLACEMENT_3D ( 'NONE', #2424, #2112, #1275 ) ;
#1358 = DIRECTION ( 'NONE',  ( -0.000000000000000000, 1.000000000000000000, 0.000000000000000000 ) ) ;
#1359 = ORIENTED_EDGE ( 'NONE', *, *, #141, .T. ) ;
#1360 = FACE_OUTER_BOUND ( 'NONE', #2678, .T. ) ;
#1361 = DIRECTION ( 'NONE',  ( 0.000000000000000000, 1.000000000000000000, 0.000000000000000000 ) ) ;
#1362 = ORIENTED_EDGE ( 'NONE', *, *, #1775, .F. ) ;
#1363 = EDGE_CURVE ( 'NONE', #1597, #2580, #824, .T. ) ;
#1364 = LINE ( 'NONE', #645, #3053 ) ;
#1365 = ORIENTED_EDGE ( 'NONE', *, *, #2618, .F. ) ;
#1366 = PLANE ( 'NONE',  #2142 ) ;
#1367 = DIRECTION ( 'NONE',  ( 0.000000000000000000, 0.000000000000000000, -1.000000000000000000 ) ) ;
#1368 = EDGE_CURVE ( 'NONE', #3148, #2272, #1089, .T. ) ;
#1369 = APPROVAL_ROLE ( '' ) ;
#1370 = EDGE_LOOP ( 'NONE', ( #1614, #1473, #3535, #912 ) ) ;
#1371 = COORDINATED_UNIVERSAL_TIME_OFFSET ( 8, 0, .AHEAD. ) ;
#1372 = ADVANCED_FACE ( 'NONE', ( #1003, #2354 ), #3215, .F. ) ;
#1373 = CARTESIAN_POINT ( 'NONE',  ( 15.90000000000005720, 299.9999999999999432, 15.90000000000000036 ) ) ;
#1374 = AXIS2_PLACEMENT_3D ( 'NONE', #2004, #2017, #2831 ) ;
#1375 = ORIENTED_EDGE ( 'NONE', *, *, #3541, .F. ) ;
#1376 = DIRECTION ( 'NONE',  ( -1.000000000000000000, -0.000000000000000000, -0.000000000000000000 ) ) ;
#1377 = APPROVAL_DATE_TIME ( #840, #1908 ) ;
#1378 = EDGE_LOOP ( 'NONE', ( #1910, #778, #3447, #329 ) ) ;
#1379 = DATE_TIME_ROLE ( 'creation_date' ) ;
#1380 = CARTESIAN_POINT ( 'NONE',  ( 33.00000000000007105, -250.0000000000000000, 27.00000000000000711 ) ) ;
#1381 = CARTESIAN_POINT ( 'NONE',  ( 385.0000000000001137, -785.0000000000000000, 70.00000000000000000 ) ) ;
#1382 = ORIENTED_EDGE ( 'NONE', *, *, #2423, .F. ) ;
#1383 = CARTESIAN_POINT ( 'NONE',  ( 15.90000000000005720, -365.0000000000000000, 15.90000000000000036 ) ) ;
#1384 = VECTOR ( 'NONE', #1394, 1000.000000000000000 ) ;
#1385 = EDGE_CURVE ( 'NONE', #789, #1811, #91, .T. ) ;
#1386 = ADVANCED_FACE ( 'NONE', ( #47 ), #1994, .T. ) ;
#1387 = CARTESIAN_POINT ( 'NONE',  ( 30.00000000000001421, -351.9999999999999432, 20.00000000000000000 ) ) ;
#1388 = ORIENTED_EDGE ( 'NONE', *, *, #2704, .T. ) ;
#1389 = APPROVAL_ROLE ( '' ) ;
#1390 = ORIENTED_EDGE ( 'NONE', *, *, #127, .F. ) ;
#1391 = DIRECTION ( 'NONE',  ( 0.000000000000000000, -0.000000000000000000, -1.000000000000000000 ) ) ;
#1392 = CARTESIAN_POINT ( 'NONE',  ( 5.200000000000006395, -664.5000000000000000, 570.0000000000001137 ) ) ;
#1393 = EDGE_CURVE ( 'NONE', #532, #630, #657, .T. ) ;
#1394 = DIRECTION ( 'NONE',  ( 1.032573497605233226E-16, 0.000000000000000000, 1.000000000000000000 ) ) ;
#1395 = VECTOR ( 'NONE', #2832, 1000.000000000000000 ) ;
#1396 = FACE_OUTER_BOUND ( 'NONE', #2821, .T. ) ;
#1397 = CARTESIAN_POINT ( 'NONE',  ( 70.00000000000009948, -800.0000000000000000, 70.00000000000000000 ) ) ;
#1398 = AXIS2_PLACEMENT_3D ( 'NONE', #2219, #2268, #3624 ) ;
#1399 = FACE_OUTER_BOUND ( 'NONE', #2888, .T. ) ;
#1400 = CARTESIAN_POINT ( 'NONE',  ( -28.00000000000005684, 250.0000000000000000, 22.00000000000000000 ) ) ;
#1401 = VERTEX_POINT ( 'NONE', #1168 ) ;
#1402 = PERSON_AND_ORGANIZATION_ROLE ( 'classification_officer' ) ;
#1403 = CC_DESIGN_APPROVAL ( #3246, ( #1141 ) ) ;
#1404 = CIRCLE ( 'NONE', #3090, 4.000000000000017764 ) ;
#1405 = FACE_OUTER_BOUND ( 'NONE', #847, .T. ) ;
#1406 = DIRECTION ( 'NONE',  ( 0.000000000000000000, 0.000000000000000000, 1.000000000000000000 ) ) ;
#1407 = CARTESIAN_POINT ( 'NONE',  ( 385.0000000000001137, -800.0000000000000000, 43.00000000000000000 ) ) ;
#1408 = CARTESIAN_POINT ( 'NONE',  ( 15.90000000000005720, 250.0000000000000000, 10.90000000000000036 ) ) ;
#1409 = ORIENTED_EDGE ( 'NONE', *, *, #1346, .T. ) ;
#1410 = ADVANCED_FACE ( 'NONE', ( #2262 ), #40, .T. ) ;
#1411 = CARTESIAN_POINT ( 'NONE',  ( 15.90000000000005720, 299.9999999999999432, 20.90000000000000213 ) ) ;
#1412 = FACE_OUTER_BOUND ( 'NONE', #1569, .T. ) ;
#1413 = ORIENTED_EDGE ( 'NONE', *, *, #249, .T. ) ;
#1414 = EDGE_CURVE ( 'NONE', #3311, #1335, #618, .T. ) ;
#1415 = DIRECTION ( 'NONE',  ( 0.000000000000000000, -1.000000000000000000, 0.000000000000000000 ) ) ;
#1416 = LOCAL_TIME ( 8, 40, 19.00000000000000000, #1509 ) ;
#1417 = DIRECTION ( 'NONE',  ( -0.000000000000000000, 1.000000000000000000, -0.000000000000000000 ) ) ;
#1418 = CARTESIAN_POINT ( 'NONE',  ( 30.00000000000008527, -708.0000000000000000, -0.000000000000000000 ) ) ;
#1419 = VERTEX_POINT ( 'NONE', #607 ) ;
#1420 = EDGE_CURVE ( 'NONE', #1045, #2366, #777, .T. ) ;
#1421 = APPROVAL_ROLE ( '' ) ;
#1422 = DATE_AND_TIME ( #1728, #2752 ) ;
#1423 = CARTESIAN_POINT ( 'NONE',  ( -6.450000000000001066, 7.898971854500429678E-16, -1.500000000000000000 ) ) ;
#1424 = ORIENTED_EDGE ( 'NONE', *, *, #1604, .F. ) ;
#1425 = CALENDAR_DATE ( 2026, 5, 6 ) ;
#1426 = AXIS2_PLACEMENT_3D ( 'NONE', #1830, #3258, #2377 ) ;
#1427 = ORIENTED_EDGE ( 'NONE', *, *, #2751, .F. ) ;
#1428 = CARTESIAN_POINT ( 'NONE',  ( 15.90000000000005720, -300.0000000000000000, 20.90000000000000213 ) ) ;
#1429 = DATE_AND_TIME ( #145, #1644 ) ;
#1430 = ADVANCED_FACE ( 'NONE', ( #3187 ), #2697, .T. ) ;
#1431 = EDGE_LOOP ( 'NONE', ( #2792, #3368 ) ) ;
#1432 = CARTESIAN_POINT ( 'NONE',  ( 455.0000000000001137, 365.0000000000000000, 30.00000000000000000 ) ) ;
#1433 = AXIS2_PLACEMENT_3D ( 'NONE', #3251, #3284, #413 ) ;
#1434 = DIRECTION ( 'NONE',  ( 0.000000000000000000, 0.000000000000000000, 1.000000000000000000 ) ) ;
#1435 = CIRCLE ( 'NONE', #2760, 27.00000000000000355 ) ;
#1436 = ORIENTED_EDGE ( 'NONE', *, *, #346, .T. ) ;
#1437 = DIRECTION ( 'NONE',  ( 1.000000000000000000, 0.000000000000000000, 0.000000000000000000 ) ) ;
#1438 = EDGE_CURVE ( 'NONE', #3064, #3014, #343, .T. ) ;
#1439 = DIRECTION ( 'NONE',  ( 0.000000000000000000, 0.000000000000000000, 1.000000000000000000 ) ) ;
#1440 = CARTESIAN_POINT ( 'NONE',  ( 437.0000000000000000, -57.00000000000000000, 2.000000000000000000 ) ) ;
#1441 = ORIENTED_EDGE ( 'NONE', *, *, #3626, .T. ) ;
#1442 = EDGE_CURVE ( 'NONE', #1321, #2886, #1541, .T. ) ;
#1443 = DIRECTION ( 'NONE',  ( -0.000000000000000000, -1.000000000000000000, -0.000000000000000000 ) ) ;
#1444 = PLANE ( 'NONE',  #2901 ) ;
#1445 = CARTESIAN_POINT ( 'NONE',  ( 70.00000000000009948, -785.0000000000000000, 70.00000000000000000 ) ) ;
#1446 = ORIENTED_EDGE ( 'NONE', *, *, #1939, .F. ) ;
#1447 = CARTESIAN_POINT ( 'NONE',  ( 437.0000000000000000, -57.00000000000000000, 2.000000000000000000 ) ) ;
#1448 = CARTESIAN_POINT ( 'NONE',  ( 9.020562075079396891E-14, -300.0000000000000568, 15.00000000000000000 ) ) ;
#1449 = VERTEX_POINT ( 'NONE', #1418 ) ;
#1450 = AXIS2_PLACEMENT_3D ( 'NONE', #539, #1443, #51 ) ;
#1451 = VECTOR ( 'NONE', #733, 1000.000000000000000 ) ;
#1452 = CARTESIAN_POINT ( 'NONE',  ( 22.00000000000001066, -65.49999999999998579, 594.8000000000001819 ) ) ;
#1453 = VERTEX_POINT ( 'NONE', #2581 ) ;
#1454 = DIRECTION ( 'NONE',  ( -0.000000000000000000, -0.000000000000000000, 1.000000000000000000 ) ) ;
#1455 = VECTOR ( 'NONE', #2893, 1000.000000000000000 ) ;
#1456 = AXIS2_PLACEMENT_3D ( 'NONE', #490, #3352, #1367 ) ;
#1457 = ORIENTED_EDGE ( 'NONE', *, *, #1517, .F. ) ;
#1458 = CARTESIAN_POINT ( 'NONE',  ( -28.00000000000005684, -250.0000000000000000, 22.00000000000000000 ) ) ;
#1459 = DIRECTION ( 'NONE',  ( 0.000000000000000000, 0.000000000000000000, 1.000000000000000000 ) ) ;
#1460 = CIRCLE ( 'NONE', #1232, 6.500000000000005329 ) ;
#1461 = LINE ( 'NONE', #1184, #467 ) ;
#1462 = DATE_TIME_ROLE ( 'classification_date' ) ;
#1463 = EDGE_LOOP ( 'NONE', ( #3135, #3243, #2542, #1896 ) ) ;
#1464 = APPROVAL ( #1983, '未指定' ) ;
#1465 = DIRECTION ( 'NONE',  ( -0.000000000000000000, -1.000000000000000000, -0.000000000000000000 ) ) ;
#1466 = PLANE ( 'NONE',  #361 ) ;
#1467 = ORIENTED_EDGE ( 'NONE', *, *, #3278, .F. ) ;
#1468 = EDGE_CURVE ( 'NONE', #448, #2384, #2348, .T. ) ;
#1469 = ORIENTED_EDGE ( 'NONE', *, *, #1285, .T. ) ;
#1470 = DIRECTION ( 'NONE',  ( 0.000000000000000000, 0.000000000000000000, -1.000000000000000000 ) ) ;
#1471 = CALENDAR_DATE ( 2026, 5, 6 ) ;
#1472 = CARTESIAN_POINT ( 'NONE',  ( 30.00000000000000711, -615.0000000000000000, 570.0000000000001137 ) ) ;
#1473 = ORIENTED_EDGE ( 'NONE', *, *, #3030, .F. ) ;
#1474 = CARTESIAN_POINT ( 'NONE',  ( 437.0000000000000568, -708.0000000000000000, 570.0000000000001137 ) ) ;
#1475 = DIRECTION ( 'NONE',  ( 0.000000000000000000, 0.000000000000000000, 1.000000000000000000 ) ) ;
#1476 = ORIENTED_EDGE ( 'NONE', *, *, #811, .T. ) ;
#1477 = CARTESIAN_POINT ( 'NONE',  ( 70.00000000000009948, -785.0000000000000000, 90.00000000000001421 ) ) ;
#1478 = AXIS2_PLACEMENT_3D ( 'NONE', #1682, #3341, #1106 ) ;
#1479 = DIRECTION ( 'NONE',  ( -0.000000000000000000, -0.000000000000000000, 1.000000000000000000 ) ) ;
#1480 = ORIENTED_EDGE ( 'NONE', *, *, #2887, .F. ) ;
#1481 = CARTESIAN_POINT ( 'NONE',  ( 385.0000000000001137, -785.0000000000000000, 500.0000000000000000 ) ) ;
#1482 = AXIS2_PLACEMENT_3D ( 'NONE', #1383, #1103, #3118 ) ;
#1483 = VECTOR ( 'NONE', #210, 1000.000000000000000 ) ;
#1484 = VECTOR ( 'NONE', #3506, 1000.000000000000000 ) ;
#1485 = EDGE_CURVE ( 'NONE', #1091, #2778, #1133, .T. ) ;
#1486 = DIRECTION ( 'NONE',  ( -0.000000000000000000, 1.000000000000000000, -0.000000000000000000 ) ) ;
#1487 = ORIENTED_EDGE ( 'NONE', *, *, #2561, .T. ) ;
#1488 = CARTESIAN_POINT ( 'NONE',  ( -0.000000000000000000, -300.0000000000000000, 0.000000000000000000 ) ) ;
#1489 = FACE_OUTER_BOUND ( 'NONE', #3502, .T. ) ;
#1490 = EDGE_CURVE ( 'NONE', #113, #1845, #1667, .T. ) ;
#1491 = CARTESIAN_POINT ( 'NONE',  ( 455.0000000000001137, 365.0000000000000000, 30.00000000000000000 ) ) ;
#1492 = LINE ( 'NONE', #3347, #203 ) ;
#1493 = FACE_OUTER_BOUND ( 'NONE', #2850, .T. ) ;
#1494 = FACE_OUTER_BOUND ( 'NONE', #505, .T. ) ;
#1495 = DIRECTION ( 'NONE',  ( 0.000000000000000000, -0.000000000000000000, 1.000000000000000000 ) ) ;
#1496 = DIRECTION ( 'NONE',  ( 0.000000000000000000, 0.000000000000000000, -1.000000000000000000 ) ) ;
#1497 = AXIS2_PLACEMENT_3D ( 'NONE', #2613, #2642, #328 ) ;
#1498 = VERTEX_POINT ( 'NONE', #2595 ) ;
#1499 = VECTOR ( 'NONE', #678, 1000.000000000000000 ) ;
#1500 = CARTESIAN_POINT ( 'NONE',  ( 15.90000000000005720, -541.0000000000004547, 20.90000000000000213 ) ) ;
#1501 = VECTOR ( 'NONE', #858, 1000.000000000000000 ) ;
#1502 = ADVANCED_FACE ( 'NONE', ( #1183 ), #168, .F. ) ;
#1503 = ORIENTED_EDGE ( 'NONE', *, *, #1520, .T. ) ;
#1504 = AXIS2_PLACEMENT_3D ( 'NONE', #2623, #2660, #2368 ) ;
#1505 = CIRCLE ( 'NONE', #1250, 5.000000000000000888 ) ;
#1506 = DIRECTION ( 'NONE',  ( 0.000000000000000000, -1.000000000000000000, 0.000000000000000000 ) ) ;
#1507 = VERTEX_POINT ( 'NONE', #1698 ) ;
#1508 = DIRECTION ( 'NONE',  ( 0.000000000000000000, 1.000000000000000000, 0.000000000000000000 ) ) ;
#1509 = COORDINATED_UNIVERSAL_TIME_OFFSET ( 8, 0, .AHEAD. ) ;
#1510 = CC_DESIGN_PERSON_AND_ORGANIZATION_ASSIGNMENT ( #434, #1402, ( #137 ) ) ;
#1511 = ORIENTED_EDGE ( 'NONE', *, *, #2182, .T. ) ;
#1512 = DIRECTION ( 'NONE',  ( -0.000000000000000000, -1.000000000000000000, -0.000000000000000000 ) ) ;
#1513 = EDGE_LOOP ( 'NONE', ( #898, #1816 ) ) ;
#1514 = CONTEXT_DEPENDENT_SHAPE_REPRESENTATION ( #280, #1976 ) ;
#1515 = DIRECTION ( 'NONE',  ( 0.000000000000000000, 0.000000000000000000, -1.000000000000000000 ) ) ;
#1516 = ORIENTED_EDGE ( 'NONE', *, *, #1914, .T. ) ;
#1517 = EDGE_CURVE ( 'NONE', #385, #3263, #3359, .T. ) ;
#1518 = ORIENTED_EDGE ( 'NONE', *, *, #2093, .T. ) ;
#1519 = PERSON ( 'NAUO-PER3', 'UNSPECIFIED', 'UNSPECIFIED', ('UNSPECIFIED'), ('UNSPECIFIED'), ('UNSPECIFIED') ) ;
#1520 = EDGE_CURVE ( 'NONE', #775, #3678, #914, .T. ) ;
#1521 = EDGE_LOOP ( 'NONE', ( #2961, #219, #1668, #1959 ) ) ;
#1522 = VERTEX_POINT ( 'NONE', #1791 ) ;
#1523 = PLANE ( 'NONE',  #3168 ) ;
#1524 = ORIENTED_EDGE ( 'NONE', *, *, #2449, .T. ) ;
#1525 = DIRECTION ( 'NONE',  ( -1.000000000000000000, 0.000000000000000000, -1.137523590804461357E-16 ) ) ;
#1526 = AXIS2_PLACEMENT_3D ( 'NONE', #1533, #139, #1262 ) ;
#1527 = FACE_OUTER_BOUND ( 'NONE', #1862, .T. ) ;
#1528 = DIRECTION ( 'NONE',  ( -0.000000000000000000, 1.000000000000000000, -0.000000000000000000 ) ) ;
#1529 = VECTOR ( 'NONE', #1376, 1000.000000000000000 ) ;
#1530 = SECURITY_CLASSIFICATION ( '', '', #3345 ) ;
#1531 = ORIENTED_EDGE ( 'NONE', *, *, #3324, .T. ) ;
#1532 = CIRCLE ( 'NONE', #3121, 8.000000000000007105 ) ;
#1533 = CARTESIAN_POINT ( 'NONE',  ( 15.90000000000005720, -300.0000000000000000, 15.90000000000000036 ) ) ;
#1534 = ORIENTED_EDGE ( 'NONE', *, *, #1485, .F. ) ;
#1535 = EDGE_CURVE ( 'NONE', #1045, #2480, #251, .T. ) ;
#1536 = CARTESIAN_POINT ( 'NONE',  ( 4.000000000000017764, 5.510910596163100402E-16, 120.0000000000000000 ) ) ;
#1537 = EDGE_LOOP ( 'NONE', ( #951, #3314 ) ) ;
#1538 = DIRECTION ( 'NONE',  ( 0.000000000000000000, -0.000000000000000000, -1.000000000000000000 ) ) ;
#1539 = ORIENTED_EDGE ( 'NONE', *, *, #587, .T. ) ;
#1540 = EDGE_CURVE ( 'NONE', #1001, #2008, #3276, .T. ) ;
#1541 = CIRCLE ( 'NONE', #1784, 20.00000000000000355 ) ;
#1542 = ORIENTED_EDGE ( 'NONE', *, *, #2449, .F. ) ;
#1543 = CARTESIAN_POINT ( 'NONE',  ( 15.90000000000005720, 299.9999999999999432, 15.90000000000000036 ) ) ;
#1544 = LINE ( 'NONE', #1761, #2441 ) ;
#1545 = AXIS2_PLACEMENT_3D ( 'NONE', #1481, #2359, #625 ) ;
#1546 = ORIENTED_EDGE ( 'NONE', *, *, #2139, .F. ) ;
#1547 = DIRECTION ( 'NONE',  ( -0.000000000000000000, -1.000000000000000000, -0.000000000000000000 ) ) ;
#1548 = PERSON_AND_ORGANIZATION ( #1849, #178 ) ;
#1549 = VERTEX_POINT ( 'NONE', #1726 ) ;
#1550 = AXIS2_PLACEMENT_3D ( 'NONE', #3146, #862, #2851 ) ;
#1551 = CARTESIAN_POINT ( 'NONE',  ( 22.00000000000001066, -65.49999999999998579, 586.8000000000001819 ) ) ;
#1552 = ADVANCED_FACE ( 'NONE', ( #2215 ), #2661, .F. ) ;
#1553 = ADVANCED_FACE ( 'NONE', ( #1624 ), #1764, .F. ) ;
#1554 = ORIENTED_EDGE ( 'NONE', *, *, #3503, .T. ) ;
#1555 = PLANE ( 'NONE',  #1710 ) ;
#1556 = ORIENTED_EDGE ( 'NONE', *, *, #2685, .T. ) ;
#1557 = DIRECTION ( 'NONE',  ( 0.000000000000000000, 0.000000000000000000, 1.000000000000000000 ) ) ;
#1558 = COORDINATED_UNIVERSAL_TIME_OFFSET ( 8, 0, .AHEAD. ) ;
#1559 = ORIENTED_EDGE ( 'NONE', *, *, #1438, .F. ) ;
#1560 = EDGE_CURVE ( 'NONE', #2825, #3066, #1043, .T. ) ;
#1561 = VERTEX_POINT ( 'NONE', #355 ) ;
#1562 = ORIENTED_EDGE ( 'NONE', *, *, #1177, .F. ) ;
#1563 = VECTOR ( 'NONE', #568, 1000.000000000000000 ) ;
#1564 = AXIS2_PLACEMENT_3D ( 'NONE', #838, #13, #2826 ) ;
#1565 = DIRECTION ( 'NONE',  ( 1.225764668124932819E-16, -1.000000000000000000, 0.000000000000000000 ) ) ;
#1566 = AXIS2_PLACEMENT_3D ( 'NONE', #3390, #1417, #868 ) ;
#1567 = ADVANCED_FACE ( 'NONE', ( #1360, #3410 ), #2904, .T. ) ;
#1568 = CIRCLE ( 'NONE', #2484, 20.00000000000000355 ) ;
#1569 = EDGE_LOOP ( 'NONE', ( #1298, #2958, #2355, #653 ) ) ;
#1570 = FACE_OUTER_BOUND ( 'NONE', #915, .T. ) ;
#1571 = PRODUCT_RELATED_PRODUCT_CATEGORY ( 'detail', '', ( #3327 ) ) ;
#1572 = CARTESIAN_POINT ( 'NONE',  ( 15.90000000000005720, -541.0000000000004547, 15.90000000000000036 ) ) ;
#1573 = LINE ( 'NONE', #3618, #2119 ) ;
#1574 = DIRECTION ( 'NONE',  ( -0.000000000000000000, 0.000000000000000000, 1.000000000000000000 ) ) ;
#1575 = ORIENTED_EDGE ( 'NONE', *, *, #50, .T. ) ;
#1576 = EDGE_CURVE ( 'NONE', #1780, #1233, #1897, .T. ) ;
#1577 = DIRECTION ( 'NONE',  ( 1.000000000000000000, 0.000000000000000000, 0.000000000000000000 ) ) ;
#1578 = FACE_OUTER_BOUND ( 'NONE', #2742, .T. ) ;
#1579 = ORIENTED_EDGE ( 'NONE', *, *, #835, .F. ) ;
#1580 = LINE ( 'NONE', #379, #2440 ) ;
#1581 = VECTOR ( 'NONE', #2077, 1000.000000000000000 ) ;
#1582 = DIRECTION ( 'NONE',  ( 0.000000000000000000, 1.000000000000000000, 0.000000000000000000 ) ) ;
#1583 = AXIS2_PLACEMENT_3D ( 'NONE', #3149, #601, #2317 ) ;
#1584 = ORIENTED_EDGE ( 'NONE', *, *, #487, .T. ) ;
#1585 = ADVANCED_FACE ( 'NONE', ( #84 ), #2125, .F. ) ;
#1586 = LINE ( 'NONE', #776, #2574 ) ;
#1587 = VERTEX_POINT ( 'NONE', #3515 ) ;
#1588 = CARTESIAN_POINT ( 'NONE',  ( 70.00000000000008527, -800.0000000000000000, 527.0000000000000000 ) ) ;
#1589 = DIRECTION ( 'NONE',  ( 0.000000000000000000, 0.000000000000000000, -1.000000000000000000 ) ) ;
#1590 = AXIS2_PLACEMENT_3D ( 'NONE', #836, #3638, #247 ) ;
#1591 = COORDINATED_UNIVERSAL_TIME_OFFSET ( 8, 0, .AHEAD. ) ;
#1592 =( LENGTH_UNIT ( ) NAMED_UNIT ( * ) SI_UNIT ( .MILLI., .METRE. ) );
#1593 = ORIENTED_EDGE ( 'NONE', *, *, #593, .T. ) ;
#1594 = CC_DESIGN_APPROVAL ( #693, ( #2735 ) ) ;
#1595 = ORIENTED_EDGE ( 'NONE', *, *, #3468, .T. ) ;
#1596 = LOCAL_TIME ( 8, 40, 19.00000000000000000, #485 ) ;
#1597 = VERTEX_POINT ( 'NONE', #701 ) ;
#1598 = EDGE_CURVE ( 'NONE', #2282, #834, #3459, .T. ) ;
#1599 = DIRECTION ( 'NONE',  ( 0.000000000000000000, -1.000000000000000000, 0.000000000000000000 ) ) ;
#1600 = CARTESIAN_POINT ( 'NONE',  ( 437.0000000000000000, -57.00000000000000000, -0.000000000000000000 ) ) ;
#1601 = ORIENTED_EDGE ( 'NONE', *, *, #127, .T. ) ;
#1602 = ORIENTED_EDGE ( 'NONE', *, *, #2131, .T. ) ;
#1603 = CARTESIAN_POINT ( 'NONE',  ( 385.0000000000001137, -800.0000000000000000, 70.00000000000000000 ) ) ;
#1604 = EDGE_CURVE ( 'NONE', #2593, #3434, #3545, .T. ) ;
#1605 = DIRECTION ( 'NONE',  ( 0.000000000000000000, 0.000000000000000000, 1.000000000000000000 ) ) ;
#1606 = CARTESIAN_POINT ( 'NONE',  ( 0.000000000000000000, 0.000000000000000000, 570.0000000000001137 ) ) ;
#1607 = AXIS2_PLACEMENT_3D ( 'NONE', #1156, #309, #2876 ) ;
#1608 = DIRECTION ( 'NONE',  ( -0.000000000000000000, 1.000000000000000000, -0.000000000000000000 ) ) ;
#1609 = DIRECTION ( 'NONE',  ( 0.000000000000000000, 0.000000000000000000, -1.000000000000000000 ) ) ;
#1610 = ORIENTED_EDGE ( 'NONE', *, *, #2021, .F. ) ;
#1611 = FACE_BOUND ( 'NONE', #1978, .T. ) ;
#1612 = DIRECTION ( 'NONE',  ( 1.000000000000000000, 0.000000000000000000, 0.000000000000000000 ) ) ;
#1613 = AXIS2_PLACEMENT_3D ( 'NONE', #3568, #688, #993 ) ;
#1614 = ORIENTED_EDGE ( 'NONE', *, *, #1824, .F. ) ;
#1615 = CARTESIAN_POINT ( 'NONE',  ( 455.0000000000001137, -365.0000000000000000, 30.00000000000000000 ) ) ;
#1616 = CARTESIAN_POINT ( 'NONE',  ( 0.000000000000000000, 0.000000000000000000, 120.0000000000000000 ) ) ;
#1617 = LINE ( 'NONE', #1680, #2809 ) ;
#1618 = CARTESIAN_POINT ( 'NONE',  ( 0.000000000000000000, 0.000000000000000000, 0.000000000000000000 ) ) ;
#1619 = FACE_BOUND ( 'NONE', #2156, .T. ) ;
#1620 = CIRCLE ( 'NONE', #2370, 5.049999999999998934 ) ;
#1621 = DIRECTION ( 'NONE',  ( 0.000000000000000000, 0.000000000000000000, -1.000000000000000000 ) ) ;
#1622 = ORIENTED_EDGE ( 'NONE', *, *, #3580, .F. ) ;
#1623 = DIRECTION ( 'NONE',  ( 1.000000000000000000, 1.704887937077943325E-17, 0.000000000000000000 ) ) ;
#1624 = FACE_OUTER_BOUND ( 'NONE', #3429, .T. ) ;
#1625 = ORIENTED_EDGE ( 'NONE', *, *, #3183, .F. ) ;
#1626 = EDGE_CURVE ( 'NONE', #2340, #2056, #2039, .T. ) ;
#1627 =( NAMED_UNIT ( * ) SI_UNIT ( $, .STERADIAN. ) SOLID_ANGLE_UNIT ( ) );
#1628 = VECTOR ( 'NONE', #3351, 1000.000000000000000 ) ;
#1629 = CARTESIAN_POINT ( 'NONE',  ( 70.00000000000008527, -745.0000000000000000, 500.0000000000000000 ) ) ;
#1630 = CARTESIAN_POINT ( 'NONE',  ( 437.0000000000000000, -57.00000000000000000, -0.000000000000000000 ) ) ;
#1631 = ORIENTED_EDGE ( 'NONE', *, *, #1746, .F. ) ;
#1632 = AXIS2_PLACEMENT_3D ( 'NONE', #2306, #881, #3160 ) ;
#1633 = PERSON_AND_ORGANIZATION ( #1519, #2363 ) ;
#1634 = ORIENTED_EDGE ( 'NONE', *, *, #697, .T. ) ;
#1635 = LOCAL_TIME ( 8, 40, 19.00000000000000000, #1371 ) ;
#1636 = CARTESIAN_POINT ( 'NONE',  ( 22.00000000000001066, -615.0000000000000000, 586.8000000000001819 ) ) ;
#1637 = AXIS2_PLACEMENT_3D ( 'NONE', #1782, #1512, #2621 ) ;
#1638 = ORIENTED_EDGE ( 'NONE', *, *, #1097, .T. ) ;
#1639 = PERSON_AND_ORGANIZATION_ROLE ( 'classification_officer' ) ;
#1640 = DATE_AND_TIME ( #930, #223 ) ;
#1641 = CARTESIAN_POINT ( 'NONE',  ( 70.00000000000008527, -800.0000000000000000, 473.0000000000000000 ) ) ;
#1642 = ORIENTED_EDGE ( 'NONE', *, *, #435, .F. ) ;
#1643 = CC_DESIGN_SECURITY_CLASSIFICATION ( #1259, ( #887 ) ) ;
#1644 = LOCAL_TIME ( 8, 40, 19.00000000000000000, #977 ) ;
#1645 = CARTESIAN_POINT ( 'NONE',  ( 5.200000000000006395, -615.0000000000000000, 570.0000000000001137 ) ) ;
#1646 = ORIENTED_EDGE ( 'NONE', *, *, #3386, .T. ) ;
#1647 = ORIENTED_EDGE ( 'NONE', *, *, #2158, .F. ) ;
#1648 = DIRECTION ( 'NONE',  ( -1.000000000000000000, 0.000000000000000000, 0.000000000000000000 ) ) ;
#1649 = ORIENTED_EDGE ( 'NONE', *, *, #2497, .F. ) ;
#1650 = EDGE_CURVE ( 'NONE', #2754, #2469, #1266, .T. ) ;
#1651 = ADVANCED_FACE ( 'NONE', ( #1578 ), #3628, .T. ) ;
#1652 = ORIENTED_EDGE ( 'NONE', *, *, #1598, .T. ) ;
#1653 = DIRECTION ( 'NONE',  ( -1.000000000000000000, -0.000000000000000000, -1.137523590804461357E-16 ) ) ;
#1654 = DIRECTION ( 'NONE',  ( 8.527058560869099964E-17, -1.000000000000000000, 0.000000000000000000 ) ) ;
#1655 = PERSON_AND_ORGANIZATION_ROLE ( 'creator' ) ;
#1656 = DIRECTION ( 'NONE',  ( -0.000000000000000000, 1.000000000000000000, -0.000000000000000000 ) ) ;
#1657 = FACE_OUTER_BOUND ( 'NONE', #1798, .T. ) ;
#1658 = CARTESIAN_POINT ( 'NONE',  ( 15.00000000000008704, 365.0000000000000000, 0.000000000000000000 ) ) ;
#1659 = AXIS2_PLACEMENT_3D ( 'NONE', #63, #3473, #646 ) ;
#1660 = CYLINDRICAL_SURFACE ( 'NONE', #900, 6.450000000000001066 ) ;
#1661 = APPROVAL_ROLE ( '' ) ;
#1662 = PRODUCT_DEFINITION ( '未知', '', #3358, #3106 ) ;
#1663 = DIRECTION ( 'NONE',  ( 0.000000000000000000, 0.000000000000000000, 1.000000000000000000 ) ) ;
#1664 = CARTESIAN_POINT ( 'NONE',  ( 436.9999999999999432, -708.0000000000000000, -0.000000000000000000 ) ) ;
#1665 = ORIENTED_EDGE ( 'NONE', *, *, #637, .F. ) ;
#1666 = ADVANCED_FACE ( 'NONE', ( #2875 ), #2568, .T. ) ;
#1667 = CIRCLE ( 'NONE', #446, 20.00000000000001776 ) ;
#1668 = ORIENTED_EDGE ( 'NONE', *, *, #2873, .T. ) ;
#1669 = EDGE_CURVE ( 'NONE', #1335, #3560, #1814, .T. ) ;
#1670 = FACE_OUTER_BOUND ( 'NONE', #1020, .T. ) ;
#1671 = VERTEX_POINT ( 'NONE', #2651 ) ;
#1672 = DIRECTION ( 'NONE',  ( 1.224646799147353454E-16, -1.000000000000000000, 0.000000000000000000 ) ) ;
#1673 = PLANE ( 'NONE',  #59 ) ;
#1674 = CONICAL_SURFACE ( 'NONE', #2456, 4.000000000000017764, 0.7853981633974460586 ) ;
#1675 = EDGE_CURVE ( 'NONE', #1268, #1323, #428, .T. ) ;
#1676 = PERSON_AND_ORGANIZATION_ROLE ( 'classification_officer' ) ;
#1677 = ORIENTED_EDGE ( 'NONE', *, *, #3063, .T. ) ;
#1678 = DIRECTION ( 'NONE',  ( 0.000000000000000000, -0.000000000000000000, 1.000000000000000000 ) ) ;
#1679 = CARTESIAN_POINT ( 'NONE',  ( 70.00000000000008527, -745.0000000000000000, 500.0000000000000000 ) ) ;
#1680 = CARTESIAN_POINT ( 'NONE',  ( 455.0000000000001137, -365.0000000000000000, 30.00000000000000000 ) ) ;
#1681 = ORIENTED_EDGE ( 'NONE', *, *, #677, .T. ) ;
#1682 = CARTESIAN_POINT ( 'NONE',  ( -28.00000000000005684, -300.0000000000000000, 27.00000000000000000 ) ) ;
#1683 = ORIENTED_EDGE ( 'NONE', *, *, #2047, .T. ) ;
#1684 = ADVANCED_FACE ( 'NONE', ( #2611 ), #999, .T. ) ;
#1685 = DIRECTION ( 'NONE',  ( 0.000000000000000000, 0.000000000000000000, -1.000000000000000000 ) ) ;
#1686 = DIRECTION ( 'NONE',  ( 0.000000000000000000, 0.000000000000000000, 1.000000000000000000 ) ) ;
#1687 = PERSON_AND_ORGANIZATION ( #1826, #2100 ) ;
#1688 = AXIS2_PLACEMENT_3D ( 'NONE', #784, #3360, #2252 ) ;
#1689 = ORIENTED_EDGE ( 'NONE', *, *, #164, .T. ) ;
#1690 = SECURITY_CLASSIFICATION_LEVEL ( 'unclassified' ) ;
#1691 = CARTESIAN_POINT ( 'NONE',  ( 15.90000000000005720, 363.5000000000000568, 10.90000000000000036 ) ) ;
#1692 = ORIENTED_EDGE ( 'NONE', *, *, #3443, .F. ) ;
#1693 = CC_DESIGN_DATE_AND_TIME_ASSIGNMENT ( #573, #2631, ( #295 ) ) ;
#1694 = VERTEX_POINT ( 'NONE', #1789 ) ;
#1695 = VECTOR ( 'NONE', #937, 1000.000000000000000 ) ;
#1696 = DIRECTION ( 'NONE',  ( -1.000000000000000000, 0.000000000000000000, -0.000000000000000000 ) ) ;
#1697 = EDGE_CURVE ( 'NONE', #971, #3228, #3318, .T. ) ;
#1698 = CARTESIAN_POINT ( 'NONE',  ( 15.90000000000005720, -363.5000000000000000, 20.90000000000000213 ) ) ;
#1699 = LINE ( 'NONE', #605, #372 ) ;
#1700 = APPROVAL_STATUS ( 'not_yet_approved' ) ;
#1701 = EDGE_LOOP ( 'NONE', ( #3207, #1913, #3029, #1174 ) ) ;
#1702 = DIRECTION ( 'NONE',  ( 0.000000000000000000, 0.000000000000000000, 1.000000000000000000 ) ) ;
#1703 = DIRECTION ( 'NONE',  ( -0.000000000000000000, 1.000000000000000000, -0.000000000000000000 ) ) ;
#1704 = AXIS2_PLACEMENT_3D ( 'NONE', #2943, #2064, #2381 ) ;
#1705 = FACE_BOUND ( 'NONE', #3291, .T. ) ;
#1706 = CLOSED_SHELL ( 'NONE', ( #2081, #99, #2436, #1410, #1799, #3220, #296, #2455, #3501, #920, #1651, #1430, #1552, #2369, #2988, #721, #1267, #807, #2800, #1850, #2403, #3087, #2912, #3665, #826, #2643, #641, #1868, #3074, #1567, #938, #397, #1778, #2512, #707, #1386, #2419, #1684, #2723, #162, #2818, #2062, #1553, #1281, #2573, #3383, #2136, #549, #6, #1083, #415, #2969, #416, #1974, #3565, #3269, #450, #2708, #1666, #2551, #3578, #2437, #1215, #2385, #1101, #2135, #2692, #3130, #181, #2345, #2788, #793, #3286 ) ) ;
#1707 = CARTESIAN_POINT ( 'NONE',  ( 385.0000000000001137, -800.0000000000000000, 70.00000000000000000 ) ) ;
#1708 = LINE ( 'NONE', #1630, #952 ) ;
#1709 = PLANE ( 'NONE',  #2316 ) ;
#1710 = AXIS2_PLACEMENT_3D ( 'NONE', #2657, #3549, #1839 ) ;
#1711 = CYLINDRICAL_SURFACE ( 'NONE', #3448, 6.500000000000005329 ) ;
#1712 = CARTESIAN_POINT ( 'NONE',  ( 9.368548013477252718E-14, 365.0000000000000000, 30.00000000000000000 ) ) ;
#1713 = DIRECTION ( 'NONE',  ( 0.000000000000000000, 0.000000000000000000, -1.000000000000000000 ) ) ;
#1714 = VECTOR ( 'NONE', #3313, 1000.000000000000000 ) ;
#1715 = EDGE_LOOP ( 'NONE', ( #3049, #3287 ) ) ;
#1716 = AXIS2_PLACEMENT_3D ( 'NONE', #3604, #230, #1029 ) ;
#1717 = PLANE ( 'NONE',  #2478 ) ;
#1718 = CARTESIAN_POINT ( 'NONE',  ( 30.00000000000008527, -708.0000000000000000, 20.00000000000001776 ) ) ;
#1719 = DIRECTION ( 'NONE',  ( 0.000000000000000000, 0.000000000000000000, 1.000000000000000000 ) ) ;
#1720 = LINE ( 'NONE', #3641, #1049 ) ;
#1721 = ORIENTED_EDGE ( 'NONE', *, *, #587, .F. ) ;
#1722 = EDGE_CURVE ( 'NONE', #1401, #834, #3233, .T. ) ;
#1723 = CARTESIAN_POINT ( 'NONE',  ( -0.000000000000000000, -250.0000000000000000, 0.000000000000000000 ) ) ;
#1724 = DIRECTION ( 'NONE',  ( 0.000000000000000000, 0.000000000000000000, -1.000000000000000000 ) ) ;
#1725 = DIRECTION ( 'NONE',  ( -1.520853458390625560E-16, 1.000000000000000000, -0.000000000000000000 ) ) ;
#1726 = CARTESIAN_POINT ( 'NONE',  ( 15.90000000000000036, -114.9999999999999858, 580.9500000000000455 ) ) ;
#1727 = EDGE_CURVE ( 'NONE', #1694, #884, #3356, .T. ) ;
#1728 = CALENDAR_DATE ( 2026, 5, 6 ) ;
#1729 = DIRECTION ( 'NONE',  ( -0.000000000000000000, 1.000000000000000000, -0.000000000000000000 ) ) ;
#1730 = EDGE_LOOP ( 'NONE', ( #2143, #1631, #985, #870 ) ) ;
#1731 = PERSON_AND_ORGANIZATION ( #1826, #2100 ) ;
#1732 = AXIS2_PLACEMENT_3D ( 'NONE', #1606, #1032, #1874 ) ;
#1733 = VERTEX_POINT ( 'NONE', #2344 ) ;
#1734 = CARTESIAN_POINT ( 'NONE',  ( 385.0000000000001137, -745.0000000000000000, 480.0000000000000000 ) ) ;
#1735 = DATE_AND_TIME ( #1155, #2189 ) ;
#1736 = ORIENTED_EDGE ( 'NONE', *, *, #2024, .T. ) ;
#1737 = UNCERTAINTY_MEASURE_WITH_UNIT (LENGTH_MEASURE( 1.000000000000000082E-05 ), #484, 'distance_accuracy_value', 'NONE');
#1738 = ORIENTED_EDGE ( 'NONE', *, *, #2592, .F. ) ;
#1739 = CARTESIAN_POINT ( 'NONE',  ( 0.000000000000000000, 0.000000000000000000, 120.0000000000000000 ) ) ;
#1740 = CARTESIAN_POINT ( 'NONE',  ( 8.939921633775678437E-14, -730.0000000000000000, 0.000000000000000000 ) ) ;
#1741 = AXIS2_PLACEMENT_3D ( 'NONE', #1054, #2226, #1612 ) ;
#1742 = ORIENTED_EDGE ( 'NONE', *, *, #2187, .F. ) ;
#1743 = DIRECTION ( 'NONE',  ( 0.000000000000000000, 1.000000000000000000, 0.000000000000000000 ) ) ;
#1744 = DIRECTION ( 'NONE',  ( -0.000000000000000000, 1.000000000000000000, -0.000000000000000000 ) ) ;
#1745 = FACE_OUTER_BOUND ( 'NONE', #965, .T. ) ;
#1746 = EDGE_CURVE ( 'NONE', #1100, #2315, #1894, .T. ) ;
#1747 = CARTESIAN_POINT ( 'NONE',  ( 385.0000000000001137, -745.0000000000000000, 49.99999999999998579 ) ) ;
#1748 = CIRCLE ( 'NONE', #3353, 8.000000000000007105 ) ;
#1749 = VERTEX_POINT ( 'NONE', #3268 ) ;
#1750 = EDGE_CURVE ( 'NONE', #1008, #2593, #955, .T. ) ;
#1751 = VERTEX_POINT ( 'NONE', #3174 ) ;
#1752 = DIRECTION ( 'NONE',  ( 0.000000000000000000, 0.000000000000000000, -1.000000000000000000 ) ) ;
#1753 = LINE ( 'NONE', #1488, #381 ) ;
#1754 = AXIS2_PLACEMENT_3D ( 'NONE', #2374, #1224, #231 ) ;
#1755 = LINE ( 'NONE', #1081, #291 ) ;
#1756 = DIRECTION ( 'NONE',  ( 0.000000000000000000, -1.000000000000000000, 0.000000000000000000 ) ) ;
#1757 = ORIENTED_EDGE ( 'NONE', *, *, #228, .T. ) ;
#1758 = DIRECTION ( 'NONE',  ( 0.000000000000000000, -1.000000000000000000, 0.000000000000000000 ) ) ;
#1759 = AXIS2_PLACEMENT_3D ( 'NONE', #2861, #531, #3129 ) ;
#1760 = ORIENTED_EDGE ( 'NONE', *, *, #2210, .T. ) ;
#1761 = CARTESIAN_POINT ( 'NONE',  ( 30.00000000000016698, -57.00000000000000000, 2.000000000000000000 ) ) ;
#1762 = DIRECTION ( 'NONE',  ( -0.000000000000000000, 1.000000000000000000, 0.000000000000000000 ) ) ;
#1763 = VECTOR ( 'NONE', #465, 1000.000000000000000 ) ;
#1764 = PLANE ( 'NONE',  #2624 ) ;
#1765 = VECTOR ( 'NONE', #76, 1000.000000000000000 ) ;
#1766 = ORIENTED_EDGE ( 'NONE', *, *, #680, .T. ) ;
#1767 = CARTESIAN_POINT ( 'NONE',  ( 30.00000000000008527, -708.0000000000000000, 570.0000000000001137 ) ) ;
#1768 = DIRECTION ( 'NONE',  ( 0.000000000000000000, 0.000000000000000000, -1.000000000000000000 ) ) ;
#1769 = DIRECTION ( 'NONE',  ( -1.137523590804461357E-16, 0.000000000000000000, 1.000000000000000000 ) ) ;
#1770 = CYLINDRICAL_SURFACE ( 'NONE', #2820, 15.00000000000000000 ) ;
#1771 = ORIENTED_EDGE ( 'NONE', *, *, #1147, .T. ) ;
#1772 = CARTESIAN_POINT ( 'NONE',  ( 0.000000000000000000, 0.000000000000000000, 120.0000000000000000 ) ) ;
#1773 = DIRECTION ( 'NONE',  ( -0.000000000000000000, 1.000000000000000000, 0.000000000000000000 ) ) ;
#1774 = ORGANIZATION ( 'NAUO-ORG2', 'UNSPECIFIED', 'UNSPECIFIED' ) ;
#1775 = EDGE_CURVE ( 'NONE', #2331, #1031, #1620, .T. ) ;
#1776 = VERTEX_POINT ( 'NONE', #155 ) ;
#1777 = CARTESIAN_POINT ( 'NONE',  ( 15.90000000000005720, -541.0000000000004547, 15.90000000000000036 ) ) ;
#1778 = ADVANCED_FACE ( 'NONE', ( #773 ), #2429, .F. ) ;
#1779 = EDGE_CURVE ( 'NONE', #3625, #2647, #3003, .T. ) ;
#1780 = VERTEX_POINT ( 'NONE', #661 ) ;
#1781 = COORDINATED_UNIVERSAL_TIME_OFFSET ( 8, 0, .AHEAD. ) ;
#1782 = CARTESIAN_POINT ( 'NONE',  ( 22.00000000000001066, -65.49999999999998579, 586.8000000000001819 ) ) ;
#1783 = ORIENTED_EDGE ( 'NONE', *, *, #3159, .T. ) ;
#1784 = AXIS2_PLACEMENT_3D ( 'NONE', #1445, #1999, #3151 ) ;
#1785 = CARTESIAN_POINT ( 'NONE',  ( 385.0000000000001137, -785.0000000000000000, 500.0000000000000000 ) ) ;
#1786 = EDGE_LOOP ( 'NONE', ( #2103, #61, #753, #2412 ) ) ;
#1787 = LINE ( 'NONE', #1797, #1166 ) ;
#1788 = CARTESIAN_POINT ( 'NONE',  ( 30.00000000000001421, -114.9999999999999858, 586.8000000000001819 ) ) ;
#1789 = CARTESIAN_POINT ( 'NONE',  ( 437.0000000000000000, -351.9999999999999432, 570.0000000000001137 ) ) ;
#1790 = AXIS2_PLACEMENT_3D ( 'NONE', #1342, #217, #3306 ) ;
#1791 = CARTESIAN_POINT ( 'NONE',  ( 15.90000000000000036, -664.5000000000000000, 580.9500000000000455 ) ) ;
#1792 = CYLINDRICAL_SURFACE ( 'NONE', #2463, 26.99999999999999645 ) ;
#1793 = CARTESIAN_POINT ( 'NONE',  ( 33.00000000000007816, -300.0000000000000000, -26.84171144931213604 ) ) ;
#1794 = DIRECTION ( 'NONE',  ( 0.000000000000000000, 0.000000000000000000, -1.000000000000000000 ) ) ;
#1795 = VECTOR ( 'NONE', #813, 1000.000000000000114 ) ;
#1796 = EDGE_CURVE ( 'NONE', #2364, #1873, #423, .T. ) ;
#1797 = CARTESIAN_POINT ( 'NONE',  ( 15.90000000000005720, -541.0000000000004547, 20.90000000000000213 ) ) ;
#1798 = EDGE_LOOP ( 'NONE', ( #1382, #2474, #3464, #300 ) ) ;
#1799 = ADVANCED_FACE ( 'NONE', ( #1494 ), #2257, .T. ) ;
#1800 = FACE_OUTER_BOUND ( 'NONE', #1012, .T. ) ;
#1801 = FACE_OUTER_BOUND ( 'NONE', #1022, .T. ) ;
#1802 = EDGE_CURVE ( 'NONE', #3643, #3311, #650, .T. ) ;
#1803 = LINE ( 'NONE', #797, #1080 ) ;
#1804 = CARTESIAN_POINT ( 'NONE',  ( 5.200000000000008171, -65.49999999999998579, 586.8000000000001819 ) ) ;
#1805 = PRODUCT ( '地柜07-柜门_地柜07-柜门', '地柜07-柜门_地柜07-柜门', '', ( #253 ) ) ;
#1806 = VERTEX_POINT ( 'NONE', #2753 ) ;
#1807 = LINE ( 'NONE', #2740, #1221 ) ;
#1808 = CARTESIAN_POINT ( 'NONE',  ( 15.90000000000000036, -615.0000000000000000, 586.0000000000001137 ) ) ;
#1809 = DIRECTION ( 'NONE',  ( 0.000000000000000000, 0.000000000000000000, -1.000000000000000000 ) ) ;
#1810 = AXIS2_PLACEMENT_3D ( 'NONE', #3586, #2729, #3317 ) ;
#1811 = VERTEX_POINT ( 'NONE', #3596 ) ;
#1812 = VECTOR ( 'NONE', #501, 1000.000000000000000 ) ;
#1813 = DIRECTION ( 'NONE',  ( -0.000000000000000000, 1.000000000000000000, -0.000000000000000000 ) ) ;
#1814 = LINE ( 'NONE', #1191, #1847 ) ;
#1815 = CARTESIAN_POINT ( 'NONE',  ( 33.00000000000007816, 300.0000000000000000, -26.84171144931213604 ) ) ;
#1816 = ORIENTED_EDGE ( 'NONE', *, *, #298, .F. ) ;
#1817 = AXIS2_PLACEMENT_3D ( 'NONE', #2953, #656, #631 ) ;
#1818 = LINE ( 'NONE', #3655, #1812 ) ;
#1819 = EDGE_LOOP ( 'NONE', ( #437, #21, #1192, #1409 ) ) ;
#1820 = EDGE_CURVE ( 'NONE', #2008, #113, #207, .T. ) ;
#1821 = CARTESIAN_POINT ( 'NONE',  ( 70.00000000000009948, -785.0000000000000000, 70.00000000000000000 ) ) ;
#1822 = APPROVAL_DATE_TIME ( #517, #3103 ) ;
#1823 = ORIENTED_EDGE ( 'NONE', *, *, #1385, .F. ) ;
#1824 = EDGE_CURVE ( 'NONE', #1806, #3647, #3673, .T. ) ;
#1825 = ORIENTED_EDGE ( 'NONE', *, *, #44, .T. ) ;
#1826 = PERSON ( '未指定', '未指定', '未指定', ('未指定'), ('未指定'), ('未指定') ) ;
#1827 = AXIS2_PLACEMENT_3D ( 'NONE', #2358, #1178, #615 ) ;
#1828 = ORIENTED_EDGE ( 'NONE', *, *, #2427, .T. ) ;
#1829 = VERTEX_POINT ( 'NONE', #3563 ) ;
#1830 = CARTESIAN_POINT ( 'NONE',  ( 30.00000000000000355, -369.9999999999999432, 977.3978399550003360 ) ) ;
#1831 = CARTESIAN_POINT ( 'NONE',  ( 22.00000000000001066, -615.0000000000000000, 594.8000000000001819 ) ) ;
#1832 = CARTESIAN_POINT ( 'NONE',  ( 455.0000000000000000, 0.000000000000000000, 0.000000000000000000 ) ) ;
#1833 = LINE ( 'NONE', #46, #597 ) ;
#1834 = ADVANCED_FACE ( 'NONE', ( #2915 ), #1989, .F. ) ;
#1835 = CARTESIAN_POINT ( 'NONE',  ( 385.0000000000001137, -745.0000000000000000, 473.0000000000000000 ) ) ;
#1836 =( GEOMETRIC_REPRESENTATION_CONTEXT ( 3 ) GLOBAL_UNCERTAINTY_ASSIGNED_CONTEXT ( ( #2516 ) ) GLOBAL_UNIT_ASSIGNED_CONTEXT ( ( #3022, #469, #1905 ) ) REPRESENTATION_CONTEXT ( 'NONE', 'WORKASPACE' ) );
#1837 = ORIENTED_EDGE ( 'NONE', *, *, #273, .F. ) ;
#1838 = DIRECTION ( 'NONE',  ( -0.000000000000000000, -0.000000000000000000, -1.000000000000000000 ) ) ;
#1839 = DIRECTION ( 'NONE',  ( 0.000000000000000000, -0.000000000000000000, 1.000000000000000000 ) ) ;
#1840 = FACE_OUTER_BOUND ( 'NONE', #405, .T. ) ;
#1841 = EDGE_CURVE ( 'NONE', #1233, #1780, #2211, .T. ) ;
#1842 = CARTESIAN_POINT ( 'NONE',  ( 8.939921633775678437E-14, -730.0000000000000000, 570.0000000000001137 ) ) ;
#1843 = VECTOR ( 'NONE', #1099, 1000.000000000000000 ) ;
#1844 = VECTOR ( 'NONE', #1696, 1000.000000000000000 ) ;
#1845 = VERTEX_POINT ( 'NONE', #2479 ) ;
#1846 = AXIS2_PLACEMENT_3D ( 'NONE', #1815, #2102, #393 ) ;
#1847 = VECTOR ( 'NONE', #1506, 1000.000000000000000 ) ;
#1848 = CARTESIAN_POINT ( 'NONE',  ( 15.90000000000000036, -615.0000000000000000, 586.0000000000001137 ) ) ;
#1849 = PERSON ( 'NAUO-PER4', 'UNSPECIFIED', 'UNSPECIFIED', ('UNSPECIFIED'), ('UNSPECIFIED'), ('UNSPECIFIED') ) ;
#1850 = ADVANCED_FACE ( 'NONE', ( #3504 ), #169, .F. ) ;
#1851 = ORIENTED_EDGE ( 'NONE', *, *, #377, .T. ) ;
#1852 = LINE ( 'NONE', #1877, #2966 ) ;
#1853 = CARTESIAN_POINT ( 'NONE',  ( 70.00000000000008527, -785.0000000000000000, 480.0000000000000000 ) ) ;
#1854 = AXIS2_PLACEMENT_3D ( 'NONE', #1861, #1293, #746 ) ;
#1855 = ORIENTED_EDGE ( 'NONE', *, *, #123, .F. ) ;
#1856 = CARTESIAN_POINT ( 'NONE',  ( 385.0000000000001137, -745.0000000000000000, 43.00000000000000000 ) ) ;
#1857 = ORIENTED_EDGE ( 'NONE', *, *, #1669, .F. ) ;
#1858 = CC_DESIGN_PERSON_AND_ORGANIZATION_ASSIGNMENT ( #2414, #2499, ( #147 ) ) ;
#1859 = DIRECTION ( 'NONE',  ( 0.000000000000000000, -1.000000000000000000, 0.000000000000000000 ) ) ;
#1860 = LOCAL_TIME ( 8, 40, 19.00000000000000000, #1591 ) ;
#1861 = CARTESIAN_POINT ( 'NONE',  ( 15.90000000000000036, -65.49999999999998579, 586.0000000000001137 ) ) ;
#1862 = EDGE_LOOP ( 'NONE', ( #2503, #1825, #2891, #409 ) ) ;
#1863 = EDGE_CURVE ( 'NONE', #1694, #967, #1807, .T. ) ;
#1864 = DIRECTION ( 'NONE',  ( -1.000000000000000000, -8.527058560869099964E-17, 0.000000000000000000 ) ) ;
#1865 = DIRECTION ( 'NONE',  ( 0.000000000000000000, -1.000000000000000000, 0.000000000000000000 ) ) ;
#1866 = ORIENTED_EDGE ( 'NONE', *, *, #2812, .T. ) ;
#1867 = PERSON_AND_ORGANIZATION ( #1826, #2100 ) ;
#1868 = ADVANCED_FACE ( 'NONE', ( #1038 ), #2468, .F. ) ;
#1869 = EDGE_CURVE ( 'NONE', #2074, #852, #2959, .T. ) ;
#1870 = ORIENTED_EDGE ( 'NONE', *, *, #1414, .F. ) ;
#1871 = DIRECTION ( 'NONE',  ( 0.000000000000000000, 0.000000000000000000, 1.000000000000000000 ) ) ;
#1872 = ORIENTED_EDGE ( 'NONE', *, *, #256, .T. ) ;
#1873 = VERTEX_POINT ( 'NONE', #3582 ) ;
#1874 = DIRECTION ( 'NONE',  ( 0.000000000000000000, -0.000000000000000000, -1.000000000000000000 ) ) ;
#1875 = CIRCLE ( 'NONE', #1817, 15.00000000000000000 ) ;
#1876 = AXIS2_PLACEMENT_3D ( 'NONE', #1447, #3411, #1702 ) ;
#1877 = CARTESIAN_POINT ( 'NONE',  ( 455.0000000000001137, 365.0000000000000000, 0.000000000000000000 ) ) ;
#1878 = PLANE ( 'NONE',  #3285 ) ;
#1879 = FACE_OUTER_BOUND ( 'NONE', #342, .T. ) ;
#1880 = AXIS2_PLACEMENT_3D ( 'NONE', #3001, #1582, #177 ) ;
#1881 = VECTOR ( 'NONE', #1654, 1000.000000000000000 ) ;
#1882 = ORIENTED_EDGE ( 'NONE', *, *, #3658, .T. ) ;
#1883 = DIRECTION ( 'NONE',  ( -0.000000000000000000, -1.000000000000000000, -0.000000000000000000 ) ) ;
#1884 = CYLINDRICAL_SURFACE ( 'NONE', #131, 27.00000000000002487 ) ;
#1885 = SECURITY_CLASSIFICATION ( '', '', #1690 ) ;
#1886 = CARTESIAN_POINT ( 'NONE',  ( 33.00000000000007816, -250.0000000000000000, -26.84171144931213604 ) ) ;
#1887 = LINE ( 'NONE', #3061, #289 ) ;
#1888 = CIRCLE ( 'NONE', #970, 6.450000000000001066 ) ;
#1889 = DIRECTION ( 'NONE',  ( 0.000000000000000000, -0.000000000000000000, -1.000000000000000000 ) ) ;
#1890 = CARTESIAN_POINT ( 'NONE',  ( 70.00000000000009948, -785.0000000000000000, 97.00000000000000000 ) ) ;
#1891 = VECTOR ( 'NONE', #632, 1000.000000000000000 ) ;
#1892 = EDGE_CURVE ( 'NONE', #2202, #1154, #2564, .T. ) ;
#1893 = DIRECTION ( 'NONE',  ( 1.000000000000000000, 0.000000000000000000, 0.000000000000000000 ) ) ;
#1894 = LINE ( 'NONE', #87, #1180 ) ;
#1895 = CARTESIAN_POINT ( 'NONE',  ( 70.00000000000009948, -800.0000000000000000, 43.00000000000000711 ) ) ;
#1896 = ORIENTED_EDGE ( 'NONE', *, *, #1420, .F. ) ;
#1897 = CIRCLE ( 'NONE', #2009, 5.049999999999998934 ) ;
#1898 = AXIS2_PLACEMENT_3D ( 'NONE', #370, #658, #2648 ) ;
#1899 = VERTEX_POINT ( 'NONE', #3039 ) ;
#1900 = CARTESIAN_POINT ( 'NONE',  ( 30.00000000000000711, -57.00000000000000711, 20.00000000000001776 ) ) ;
#1901 = ORIENTED_EDGE ( 'NONE', *, *, #209, .F. ) ;
#1902 = DIRECTION ( 'NONE',  ( -0.000000000000000000, -1.000000000000000000, -0.000000000000000000 ) ) ;
#1903 = CARTESIAN_POINT ( 'NONE',  ( 437.0000000000000000, -369.9999999999999432, 20.00000000000001776 ) ) ;
#1904 = AXIS2_PLACEMENT_3D ( 'NONE', #2195, #1051, #764 ) ;
#1905 =( NAMED_UNIT ( * ) SI_UNIT ( $, .STERADIAN. ) SOLID_ANGLE_UNIT ( ) );
#1906 = ORIENTED_EDGE ( 'NONE', *, *, #1317, .T. ) ;
#1907 = COORDINATED_UNIVERSAL_TIME_OFFSET ( 8, 0, .AHEAD. ) ;
#1908 = APPROVAL ( #503, '未指定' ) ;
#1909 = DIRECTION ( 'NONE',  ( -1.000000000000000000, 0.000000000000000000, -0.000000000000000000 ) ) ;
#1910 = ORIENTED_EDGE ( 'NONE', *, *, #3315, .F. ) ;
#1911 = PERSON_AND_ORGANIZATION ( #1826, #2100 ) ;
#1912 = DIRECTION ( 'NONE',  ( -1.000000000000000000, 0.000000000000000000, 0.000000000000000000 ) ) ;
#1913 = ORIENTED_EDGE ( 'NONE', *, *, #2001, .T. ) ;
#1914 = EDGE_CURVE ( 'NONE', #1498, #447, #2732, .T. ) ;
#1915 = CARTESIAN_POINT ( 'NONE',  ( 15.90000000000005720, -300.0000000000000000, 15.90000000000000036 ) ) ;
#1916 = CARTESIAN_POINT ( 'NONE',  ( 437.0000000000000000, -57.00000000000000000, 20.00000000000001776 ) ) ;
#1917 = SHAPE_DEFINITION_REPRESENTATION ( #2928, #2227 ) ;
#1918 = VERTEX_POINT ( 'NONE', #1048 ) ;
#1919 = ORIENTED_EDGE ( 'NONE', *, *, #1727, .T. ) ;
#1920 = APPLICATION_CONTEXT ( 'configuration controlled 3d designs of mechanical parts and assemblies' ) ;
#1921 = CARTESIAN_POINT ( 'NONE',  ( 70.00000000000009948, -800.0000000000000000, 97.00000000000000000 ) ) ;
#1922 = CARTESIAN_POINT ( 'NONE',  ( 385.0000000000001137, -785.0000000000000000, 49.99999999999998579 ) ) ;
#1923 = EDGE_CURVE ( 'NONE', #1318, #1335, #128, .T. ) ;
#1924 = EDGE_LOOP ( 'NONE', ( #2582, #2129, #1365, #1347, #2178 ) ) ;
#1925 = FACE_OUTER_BOUND ( 'NONE', #2848, .T. ) ;
#1926 = CARTESIAN_POINT ( 'NONE',  ( 385.0000000000001137, -785.0000000000000000, 49.99999999999998579 ) ) ;
#1927 = AXIS2_PLACEMENT_3D ( 'NONE', #417, #3322, #1768 ) ;
#1928 = FACE_OUTER_BOUND ( 'NONE', #3480, .T. ) ;
#1929 = DIRECTION ( 'NONE',  ( 0.000000000000000000, 0.000000000000000000, 1.000000000000000000 ) ) ;
#1930 = PLANE ( 'NONE',  #2415 ) ;
#1931 = DATE_TIME_ROLE ( 'classification_date' ) ;
#1932 = AXIS2_PLACEMENT_3D ( 'NONE', #1145, #893, #2558 ) ;
#1933 = ORIENTED_EDGE ( 'NONE', *, *, #2066, .T. ) ;
#1934 = CARTESIAN_POINT ( 'NONE',  ( 15.90000000000005720, 250.0000000000000000, 20.90000000000000213 ) ) ;
#1935 = CARTESIAN_POINT ( 'NONE',  ( 30.00000000000016698, -57.00000000000000000, -0.000000000000000000 ) ) ;
#1936 = VECTOR ( 'NONE', #2816, 1000.000000000000000 ) ;
#1937 = DIRECTION ( 'NONE',  ( 0.000000000000000000, -0.000000000000000000, -1.000000000000000000 ) ) ;
#1938 = VECTOR ( 'NONE', #741, 1000.000000000000000 ) ;
#1939 = EDGE_CURVE ( 'NONE', #2373, #775, #3312, .T. ) ;
#1940 = CARTESIAN_POINT ( 'NONE',  ( 385.0000000000001137, -785.0000000000000000, 480.0000000000000000 ) ) ;
#1941 = ORIENTED_EDGE ( 'NONE', *, *, #116, .F. ) ;
#1942 = ADVANCED_FACE ( 'NONE', ( #869 ), #3078, .T. ) ;
#1943 = PLANE ( 'NONE',  #801 ) ;
#1944 = ORIENTED_EDGE ( 'NONE', *, *, #3209, .T. ) ;
#1945 = EDGE_CURVE ( 'NONE', #115, #1671, #3231, .T. ) ;
#1946 = APPLICATION_PROTOCOL_DEFINITION ( 'international standard', 'config_control_design', 1994, #2849 ) ;
#1947 = LINE ( 'NONE', #108, #1187 ) ;
#1948 = FACE_OUTER_BOUND ( 'NONE', #752, .T. ) ;
#1949 = DIRECTION ( 'NONE',  ( 1.225764668124932819E-16, 1.000000000000000000, -0.000000000000000000 ) ) ;
#1950 = DIRECTION ( 'NONE',  ( -0.000000000000000000, -0.000000000000000000, -1.000000000000000000 ) ) ;
#1951 = ORIENTED_EDGE ( 'NONE', *, *, #28, .T. ) ;
#1952 = DIRECTION ( 'NONE',  ( -1.000000000000000000, 0.000000000000000000, 0.000000000000000000 ) ) ;
#1953 = ORIENTED_EDGE ( 'NONE', *, *, #1393, .F. ) ;
#1954 = CARTESIAN_POINT ( 'NONE',  ( 15.90000000000000036, -664.5000000000000000, 586.0000000000001137 ) ) ;
#1955 = APPROVAL_PERSON_ORGANIZATION ( #434, #2347, #2813 ) ;
#1956 = ADVANCED_FACE ( 'NONE', ( #2165, #297 ), #224, .T. ) ;
#1957 = PLANE ( 'NONE',  #2970 ) ;
#1958 = CARTESIAN_POINT ( 'NONE',  ( 30.00000000000000711, -57.00000000000000711, 570.0000000000001137 ) ) ;
#1959 = ORIENTED_EDGE ( 'NONE', *, *, #2699, .F. ) ;
#1960 = PERSON_AND_ORGANIZATION_ROLE ( 'creator' ) ;
#1961 = CARTESIAN_POINT ( 'NONE',  ( 0.000000000000000000, 0.000000000000000000, 0.000000000000000000 ) ) ;
#1962 = CARTESIAN_POINT ( 'NONE',  ( 15.90000000000000036, -615.0000000000000000, 591.0500000000000682 ) ) ;
#1963 = ORIENTED_EDGE ( 'NONE', *, *, #3037, .F. ) ;
#1964 = COORDINATED_UNIVERSAL_TIME_OFFSET ( 8, 0, .AHEAD. ) ;
#1965 = ORIENTED_EDGE ( 'NONE', *, *, #1746, .T. ) ;
#1966 = CARTESIAN_POINT ( 'NONE',  ( 5.000000000000000000, 6.123233995736766282E-16, 120.0000000000000000 ) ) ;
#1967 = PERSON_AND_ORGANIZATION ( #1826, #2100 ) ;
#1968 = EDGE_CURVE ( 'NONE', #2221, #3434, #610, .T. ) ;
#1969 = CARTESIAN_POINT ( 'NONE',  ( 436.9999999999999432, -708.0000000000000000, 2.000000000000000000 ) ) ;
#1970 = CARTESIAN_POINT ( 'NONE',  ( 9.368548013477252718E-14, 365.0000000000000000, 15.00000000000000000 ) ) ;
#1971 = DATE_TIME_ROLE ( 'creation_date' ) ;
#1972 = DIRECTION ( 'NONE',  ( 0.000000000000000000, -0.000000000000000000, -1.000000000000000000 ) ) ;
#1973 = EDGE_CURVE ( 'NONE', #1694, #2146, #2776, .T. ) ;
#1974 = ADVANCED_FACE ( 'NONE', ( #504 ), #2910, .T. ) ;
#1975 = CYLINDRICAL_SURFACE ( 'NONE', #3552, 6.500000000000005329 ) ;
#1976 = PRODUCT_DEFINITION_SHAPE ( 'NONE', 'NONE',  #3680 ) ;
#1977 = CARTESIAN_POINT ( 'NONE',  ( 22.00000000000001066, -615.0000000000000000, 594.8000000000001819 ) ) ;
#1978 = EDGE_LOOP ( 'NONE', ( #2771, #3408 ) ) ;
#1979 = CIRCLE ( 'NONE', #3510, 8.000000000000007105 ) ;
#1980 = CARTESIAN_POINT ( 'NONE',  ( 15.00000000000009059, 365.0000000000000000, 15.00000000000000000 ) ) ;
#1981 = CARTESIAN_POINT ( 'NONE',  ( 30.00000000000000711, -57.00000000000000711, 20.00000000000001776 ) ) ;
#1982 = LINE ( 'NONE', #1407, #2783 ) ;
#1983 = APPROVAL_STATUS ( 'not_yet_approved' ) ;
#1984 = LINE ( 'NONE', #220, #2475 ) ;
#1985 = CC_DESIGN_DATE_AND_TIME_ASSIGNMENT ( #1429, #767, ( #1141 ) ) ;
#1986 = CARTESIAN_POINT ( 'NONE',  ( 70.00000000000008527, -730.0000000000000000, 527.0000000000000000 ) ) ;
#1987 = CARTESIAN_POINT ( 'NONE',  ( 385.0000000000001137, -785.0000000000000000, 70.00000000000000000 ) ) ;
#1988 = FACE_OUTER_BOUND ( 'NONE', #3214, .T. ) ;
#1989 = CYLINDRICAL_SURFACE ( 'NONE', #2123, 5.000000000000000888 ) ;
#1990 = VERTEX_POINT ( 'NONE', #2536 ) ;
#1991 = EDGE_CURVE ( 'NONE', #687, #478, #2120, .T. ) ;
#1992 = LINE ( 'NONE', #2960, #2079 ) ;
#1993 = DIRECTION ( 'NONE',  ( 0.000000000000000000, 0.000000000000000000, -1.000000000000000000 ) ) ;
#1994 = CYLINDRICAL_SURFACE ( 'NONE', #2929, 8.000000000000007105 ) ;
#1995 = VERTEX_POINT ( 'NONE', #2523 ) ;
#1996 = ADVANCED_FACE ( 'NONE', ( #3454 ), #340, .T. ) ;
#1997 = DIRECTION ( 'NONE',  ( 0.000000000000000000, 0.000000000000000000, -1.000000000000000000 ) ) ;
#1998 = DIRECTION ( 'NONE',  ( 0.000000000000000000, -1.000000000000000000, 0.000000000000000000 ) ) ;
#1999 = DIRECTION ( 'NONE',  ( 0.000000000000000000, -1.000000000000000000, 0.000000000000000000 ) ) ;
#2000 = CIRCLE ( 'NONE', #536, 26.99999999999999645 ) ;
#2001 = EDGE_CURVE ( 'NONE', #1899, #2525, #1261, .T. ) ;
#2002 = APPROVAL_STATUS ( 'not_yet_approved' ) ;
#2003 = ORIENTED_EDGE ( 'NONE', *, *, #458, .F. ) ;
#2004 = CARTESIAN_POINT ( 'NONE',  ( 70.00000000000008527, -730.0000000000000000, 500.0000000000000000 ) ) ;
#2005 = CARTESIAN_POINT ( 'NONE',  ( 0.000000000000000000, 0.000000000000000000, 0.000000000000000000 ) ) ;
#2006 = CARTESIAN_POINT ( 'NONE',  ( 70.00000000000008527, -745.0000000000000000, 473.0000000000000000 ) ) ;
#2007 = DATE_AND_TIME ( #2745, #2532 ) ;
#2008 = VERTEX_POINT ( 'NONE', #1940 ) ;
#2009 = AXIS2_PLACEMENT_3D ( 'NONE', #90, #1508, #105 ) ;
#2010 = ORIENTED_EDGE ( 'NONE', *, *, #2635, .T. ) ;
#2011 = DIRECTION ( 'NONE',  ( -0.000000000000000000, -0.000000000000000000, -1.000000000000000000 ) ) ;
#2012 = APPROVAL_DATE_TIME ( #1422, #2655 ) ;
#2013 = ORIENTED_EDGE ( 'NONE', *, *, #164, .F. ) ;
#2014 = CALENDAR_DATE ( 2026, 5, 6 ) ;
#2015 = ORIENTED_EDGE ( 'NONE', *, *, #2187, .T. ) ;
#2016 = PERSON_AND_ORGANIZATION ( #1826, #2100 ) ;
#2017 = DIRECTION ( 'NONE',  ( -0.000000000000000000, -1.000000000000000000, -0.000000000000000000 ) ) ;
#2018 = DIRECTION ( 'NONE',  ( -0.000000000000000000, 1.000000000000000000, -0.000000000000000000 ) ) ;
#2019 = ORIENTED_EDGE ( 'NONE', *, *, #1626, .F. ) ;
#2020 = ORIENTED_EDGE ( 'NONE', *, *, #3013, .T. ) ;
#2021 = EDGE_CURVE ( 'NONE', #3651, #354, #165, .T. ) ;
#2022 = VERTEX_POINT ( 'NONE', #236 ) ;
#2023 = CIRCLE ( 'NONE', #853, 27.00000000000002487 ) ;
#2024 = EDGE_CURVE ( 'NONE', #3507, #3325, #1803, .T. ) ;
#2025 = DIRECTION ( 'NONE',  ( -1.225764668124932819E-16, 1.000000000000000000, 0.000000000000000000 ) ) ;
#2026 = CARTESIAN_POINT ( 'NONE',  ( 70.00000000000008527, -800.0000000000000000, 500.0000000000000000 ) ) ;
#2027 = FACE_OUTER_BOUND ( 'NONE', #2051, .T. ) ;
#2028 = ORIENTED_EDGE ( 'NONE', *, *, #2332, .T. ) ;
#2029 = AXIS2_PLACEMENT_3D ( 'NONE', #367, #2584, #1157 ) ;
#2030 = DIRECTION ( 'NONE',  ( -0.000000000000000000, 1.000000000000000000, -0.000000000000000000 ) ) ;
#2031 = DIRECTION ( 'NONE',  ( -0.000000000000000000, 1.000000000000000000, -0.000000000000000000 ) ) ;
#2032 = CIRCLE ( 'NONE', #3667, 26.99999999999999645 ) ;
#2033 = VECTOR ( 'NONE', #3025, 1000.000000000000000 ) ;
#2034 = CARTESIAN_POINT ( 'NONE',  ( 437.0000000000000000, -57.00000000000000000, 2.000000000000000000 ) ) ;
#2035 = VECTOR ( 'NONE', #1648, 1000.000000000000000 ) ;
#2036 = DIRECTION ( 'NONE',  ( 0.000000000000000000, 0.000000000000000000, -1.000000000000000000 ) ) ;
#2037 = ORIENTED_EDGE ( 'NONE', *, *, #2210, .F. ) ;
#2038 = CC_DESIGN_SECURITY_CLASSIFICATION ( #1530, ( #759 ) ) ;
#2039 = LINE ( 'NONE', #3402, #3095 ) ;
#2040 = CARTESIAN_POINT ( 'NONE',  ( 385.0000000000001137, -745.0000000000000000, 97.00000000000000000 ) ) ;
#2041 = CARTESIAN_POINT ( 'NONE',  ( 70.00000000000008527, -800.0000000000000000, 500.0000000000000000 ) ) ;
#2042 = ORIENTED_EDGE ( 'NONE', *, *, #3230, .F. ) ;
#2043 = PLANE ( 'NONE',  #566 ) ;
#2044 = ORIENTED_EDGE ( 'NONE', *, *, #3250, .F. ) ;
#2045 = EDGE_CURVE ( 'NONE', #3228, #2663, #1218, .T. ) ;
#2046 = CARTESIAN_POINT ( 'NONE',  ( 70.00000000000009948, -745.0000000000000000, 70.00000000000000000 ) ) ;
#2047 = EDGE_CURVE ( 'NONE', #1327, #1449, #1755, .T. ) ;
#2048 = DATE_AND_TIME ( #3640, #2973 ) ;
#2049 = PLANE ( 'NONE',  #2266 ) ;
#2050 = DIRECTION ( 'NONE',  ( 0.000000000000000000, 0.000000000000000000, 1.000000000000000000 ) ) ;
#2051 = EDGE_LOOP ( 'NONE', ( #2747, #1239, #2975, #921, #1352, #1951, #848, #3198 ) ) ;
#2052 = APPROVAL_DATE_TIME ( #3205, #693 ) ;
#2053 = ORIENTED_EDGE ( 'NONE', *, *, #2546, .T. ) ;
#2054 = DIRECTION ( 'NONE',  ( -0.000000000000000000, 0.000000000000000000, -1.000000000000000000 ) ) ;
#2055 = APPROVAL_PERSON_ORGANIZATION ( #3377, #2629, #2517 ) ;
#2056 = VERTEX_POINT ( 'NONE', #2511 ) ;
#2057 = CC_DESIGN_APPROVAL ( #2859, ( #759 ) ) ;
#2058 = APPROVAL_ROLE ( '' ) ;
#2059 = DIRECTION ( 'NONE',  ( -0.000000000000000000, 1.000000000000000000, -0.000000000000000000 ) ) ;
#2060 = FACE_OUTER_BOUND ( 'NONE', #182, .T. ) ;
#2061 = DIRECTION ( 'NONE',  ( 0.000000000000000000, 0.000000000000000000, -1.000000000000000000 ) ) ;
#2062 = ADVANCED_FACE ( 'NONE', ( #910 ), #816, .F. ) ;
#2063 = LINE ( 'NONE', #1452, #538 ) ;
#2064 = DIRECTION ( 'NONE',  ( 0.000000000000000000, 0.000000000000000000, -1.000000000000000000 ) ) ;
#2065 = LINE ( 'NONE', #319, #1345 ) ;
#2066 = EDGE_CURVE ( 'NONE', #1845, #113, #3670, .T. ) ;
#2067 = CARTESIAN_POINT ( 'NONE',  ( 5.200000000000008171, -664.5000000000000000, 586.8000000000001819 ) ) ;
#2068 = DIRECTION ( 'NONE',  ( 0.000000000000000000, 0.000000000000000000, -1.000000000000000000 ) ) ;
#2069 = ORIENTED_EDGE ( 'NONE', *, *, #866, .T. ) ;
#2070 = CIRCLE ( 'NONE', #3096, 8.000000000000007105 ) ;
#2071 = CARTESIAN_POINT ( 'NONE',  ( 70.00000000000009948, -745.0000000000000000, 50.00000000000000000 ) ) ;
#2072 = AXIS2_PLACEMENT_3D ( 'NONE', #922, #933, #1274 ) ;
#2073 = LINE ( 'NONE', #588, #3227 ) ;
#2074 = VERTEX_POINT ( 'NONE', #2242 ) ;
#2075 = AXIS2_PLACEMENT_3D ( 'NONE', #1373, #1117, #2509 ) ;
#2076 = EDGE_LOOP ( 'NONE', ( #3224, #3054, #3021, #1638 ) ) ;
#2077 = DIRECTION ( 'NONE',  ( -0.000000000000000000, -0.000000000000000000, -1.000000000000000000 ) ) ;
#2078 = DIRECTION ( 'NONE',  ( -0.000000000000000000, 1.000000000000000000, -0.000000000000000000 ) ) ;
#2079 = VECTOR ( 'NONE', #934, 1000.000000000000000 ) ;
#2080 = VECTOR ( 'NONE', #1678, 1000.000000000000000 ) ;
#2081 = ADVANCED_FACE ( 'NONE', ( #3091 ), #2254, .T. ) ;
#2082 = ORIENTED_EDGE ( 'NONE', *, *, #770, .F. ) ;
#2083 = DIRECTION ( 'NONE',  ( 0.000000000000000000, 0.000000000000000000, 1.000000000000000000 ) ) ;
#2084 = CIRCLE ( 'NONE', #1450, 5.000000000000000888 ) ;
#2085 = ORIENTED_EDGE ( 'NONE', *, *, #1264, .T. ) ;
#2086 = CARTESIAN_POINT ( 'NONE',  ( 385.0000000000001137, -745.0000000000000000, 70.00000000000000000 ) ) ;
#2087 = DIRECTION ( 'NONE',  ( 0.000000000000000000, 1.000000000000000000, 0.000000000000000000 ) ) ;
#2088 = EDGE_CURVE ( 'NONE', #2389, #1331, #1888, .T. ) ;
#2089 = ORIENTED_EDGE ( 'NONE', *, *, #1863, .T. ) ;
#2090 = ORIENTED_EDGE ( 'NONE', *, *, #2362, .T. ) ;
#2091 = CARTESIAN_POINT ( 'NONE',  ( 9.368548013477252718E-14, 365.0000000000000000, 15.00000000000000000 ) ) ;
#2092 = PERSON ( 'NAUO-PER2', 'UNSPECIFIED', 'UNSPECIFIED', ('UNSPECIFIED'), ('UNSPECIFIED'), ('UNSPECIFIED') ) ;
#2093 = EDGE_CURVE ( 'NONE', #475, #1195, #2957, .T. ) ;
#2094 = ORIENTED_EDGE ( 'NONE', *, *, #3497, .F. ) ;
#2095 = PERSON_AND_ORGANIZATION ( #1826, #2100 ) ;
#2096 = DIRECTION ( 'NONE',  ( -0.000000000000000000, -0.000000000000000000, 1.000000000000000000 ) ) ;
#2097 = CARTESIAN_POINT ( 'NONE',  ( -6.450000000000001066, 7.898971854500429678E-16, 0.000000000000000000 ) ) ;
#2098 = ORIENTED_EDGE ( 'NONE', *, *, #2843, .F. ) ;
#2099 = PRODUCT_DEFINITION_SHAPE ( 'NONE', 'NONE',  #2229 ) ;
#2100 = ORGANIZATION ( '未指定', '未指定', '' ) ;
#2101 = AXIS2_PLACEMENT_3D ( 'NONE', #310, #2299, #368 ) ;
#2102 = DIRECTION ( 'NONE',  ( 1.000000000000000000, 0.000000000000000000, 1.288758049684149971E-16 ) ) ;
#2103 = ORIENTED_EDGE ( 'NONE', *, *, #1264, .F. ) ;
#2104 = ORIENTED_EDGE ( 'NONE', *, *, #1923, .T. ) ;
#2105 = EDGE_LOOP ( 'NONE', ( #2634, #1065 ) ) ;
#2106 = CC_DESIGN_APPROVAL ( #1908, ( #1530 ) ) ;
#2107 = CIRCLE ( 'NONE', #1550, 26.99999999999999645 ) ;
#2108 = DIRECTION ( 'NONE',  ( 8.527058560869099964E-17, -1.000000000000000000, 0.000000000000000000 ) ) ;
#2109 = DIRECTION ( 'NONE',  ( 1.000000000000000000, 0.000000000000000000, 0.000000000000000000 ) ) ;
#2110 = CIRCLE ( 'NONE', #1456, 27.00000000000007816 ) ;
#2111 = EDGE_CURVE ( 'NONE', #3158, #2371, #2073, .T. ) ;
#2112 = DIRECTION ( 'NONE',  ( 0.000000000000000000, -1.000000000000000000, 0.000000000000000000 ) ) ;
#2113 = ORIENTED_EDGE ( 'NONE', *, *, #835, .T. ) ;
#2114 = FACE_OUTER_BOUND ( 'NONE', #3437, .T. ) ;
#2115 = ORIENTED_EDGE ( 'NONE', *, *, #2259, .T. ) ;
#2116 = EDGE_CURVE ( 'NONE', #2146, #2074, #2607, .T. ) ;
#2117 = CYLINDRICAL_SURFACE ( 'NONE', #2601, 20.00000000000001776 ) ;
#2118 = ADVANCED_FACE ( 'NONE', ( #771 ), #1709, .F. ) ;
#2119 = VECTOR ( 'NONE', #3334, 1000.000000000000000 ) ;
#2120 = CIRCLE ( 'NONE', #2799, 27.00000000000002487 ) ;
#2121 = DIRECTION ( 'NONE',  ( -1.288758049684149971E-16, 0.000000000000000000, 1.000000000000000000 ) ) ;
#2122 = DIRECTION ( 'NONE',  ( 0.000000000000000000, 0.000000000000000000, 1.000000000000000000 ) ) ;
#2123 = AXIS2_PLACEMENT_3D ( 'NONE', #1572, #2454, #1061 ) ;
#2124 = VERTEX_POINT ( 'NONE', #1440 ) ;
#2125 = CYLINDRICAL_SURFACE ( 'NONE', #32, 5.000000000000000888 ) ;
#2126 = EDGE_LOOP ( 'NONE', ( #1359, #931, #567, #3180 ) ) ;
#2127 = AXIS2_PLACEMENT_3D ( 'NONE', #2086, #1486, #2636 ) ;
#2128 = LINE ( 'NONE', #2949, #3675 ) ;
#2129 = ORIENTED_EDGE ( 'NONE', *, *, #1535, .F. ) ;
#2130 = ORIENTED_EDGE ( 'NONE', *, *, #3139, .F. ) ;
#2131 = EDGE_CURVE ( 'NONE', #1498, #3643, #459, .T. ) ;
#2132 = DIRECTION ( 'NONE',  ( 0.000000000000000000, 0.000000000000000000, -1.000000000000000000 ) ) ;
#2133 = CARTESIAN_POINT ( 'NONE',  ( 9.367506770274758310E-14, 250.0000000000000000, 27.00000000000000355 ) ) ;
#2134 = CARTESIAN_POINT ( 'NONE',  ( 385.0000000000001137, -745.0000000000000000, 500.0000000000000000 ) ) ;
#2135 = ADVANCED_FACE ( 'NONE', ( #2297 ), #3433, .T. ) ;
#2136 = ADVANCED_FACE ( 'NONE', ( #1396 ), #2279, .T. ) ;
#2137 = ORIENTED_EDGE ( 'NONE', *, *, #2743, .F. ) ;
#2138 = DIRECTION ( 'NONE',  ( 0.000000000000000000, 0.000000000000000000, 1.000000000000000000 ) ) ;
#2139 = EDGE_CURVE ( 'NONE', #2680, #1449, #382, .T. ) ;
#2140 = PERSON_AND_ORGANIZATION ( #1826, #2100 ) ;
#2141 = APPROVAL_PERSON_ORGANIZATION ( #271, #1908, #2507 ) ;
#2142 = AXIS2_PLACEMENT_3D ( 'NONE', #1084, #3611, #3079 ) ;
#2143 = ORIENTED_EDGE ( 'NONE', *, *, #2515, .F. ) ;
#2144 = CARTESIAN_POINT ( 'NONE',  ( 70.00000000000008527, -745.0000000000000000, 527.0000000000000000 ) ) ;
#2145 = DIRECTION ( 'NONE',  ( 1.032573497605233226E-16, 0.000000000000000000, 1.000000000000000000 ) ) ;
#2146 = VERTEX_POINT ( 'NONE', #3619 ) ;
#2147 = CARTESIAN_POINT ( 'NONE',  ( 6.450000000000001066, 0.000000000000000000, 0.000000000000000000 ) ) ;
#2148 = VECTOR ( 'NONE', #973, 1000.000000000000000 ) ;
#2149 = DIRECTION ( 'NONE',  ( 0.000000000000000000, 0.000000000000000000, -1.000000000000000000 ) ) ;
#2150 = CARTESIAN_POINT ( 'NONE',  ( 385.0000000000001137, -730.0000000000000000, 97.00000000000000000 ) ) ;
#2151 = LINE ( 'NONE', #1645, #1384 ) ;
#2152 = CC_DESIGN_PERSON_AND_ORGANIZATION_ASSIGNMENT ( #2318, #1676, ( #2586 ) ) ;
#2153 = ADVANCED_FACE ( 'NONE', ( #2814 ), #3500, .F. ) ;
#2154 = VECTOR ( 'NONE', #703, 1000.000000000000000 ) ;
#2155 = DIRECTION ( 'NONE',  ( -1.000000000000000000, 0.000000000000000000, 0.000000000000000000 ) ) ;
#2156 = EDGE_LOOP ( 'NONE', ( #3672, #2044 ) ) ;
#2157 = FACE_BOUND ( 'NONE', #3329, .T. ) ;
#2158 = EDGE_CURVE ( 'NONE', #532, #2171, #80, .T. ) ;
#2159 = CARTESIAN_POINT ( 'NONE',  ( 33.00000000000007816, 300.0000000000000000, -26.84171144931213604 ) ) ;
#2160 = FACE_OUTER_BOUND ( 'NONE', #2916, .T. ) ;
#2161 = CIRCLE ( 'NONE', #3639, 27.00000000000000355 ) ;
#2162 = CARTESIAN_POINT ( 'NONE',  ( 15.90000000000005720, -250.0000000000000000, 10.90000000000000036 ) ) ;
#2163 = ORIENTED_EDGE ( 'NONE', *, *, #3133, .T. ) ;
#2164 = AXIS2_PLACEMENT_3D ( 'NONE', #877, #1758, #2864 ) ;
#2165 = FACE_OUTER_BOUND ( 'NONE', #519, .T. ) ;
#2166 = VERTEX_POINT ( 'NONE', #2213 ) ;
#2167 = LINE ( 'NONE', #3019, #45 ) ;
#2168 = CARTESIAN_POINT ( 'NONE',  ( 5.200000000000006395, -664.5000000000000000, 570.0000000000001137 ) ) ;
#2169 = FACE_OUTER_BOUND ( 'NONE', #2658, .T. ) ;
#2170 = AXIS2_PLACEMENT_3D ( 'NONE', #2308, #278, #2857 ) ;
#2171 = VERTEX_POINT ( 'NONE', #472 ) ;
#2172 =( NAMED_UNIT ( * ) PLANE_ANGLE_UNIT ( ) SI_UNIT ( $, .RADIAN. ) );
#2173 = ADVANCED_FACE ( 'NONE', ( #2728 ), #3605, .F. ) ;
#2174 = CIRCLE ( 'NONE', #1294, 15.00000000000000000 ) ;
#2175 = ORIENTED_EDGE ( 'NONE', *, *, #70, .F. ) ;
#2176 = CC_DESIGN_APPROVAL ( #452, ( #386 ) ) ;
#2177 = LOCAL_TIME ( 8, 40, 19.00000000000000000, #474 ) ;
#2178 = ORIENTED_EDGE ( 'NONE', *, *, #1923, .F. ) ;
#2179 = CARTESIAN_POINT ( 'NONE',  ( 9.368548013477252718E-14, 365.0000000000000000, 15.00000000000000000 ) ) ;
#2180 = ORIENTED_EDGE ( 'NONE', *, *, #1796, .F. ) ;
#2181 = COORDINATED_UNIVERSAL_TIME_OFFSET ( 8, 0, .AHEAD. ) ;
#2182 = EDGE_CURVE ( 'NONE', #2056, #2778, #1984, .T. ) ;
#2183 = ORIENTED_EDGE ( 'NONE', *, *, #554, .T. ) ;
#2184 = APPLICATION_CONTEXT ( 'configuration controlled 3d designs of mechanical parts and assemblies' ) ;
#2185 = APPROVAL_PERSON_ORGANIZATION ( #186, #648, #1661 ) ;
#2186 = DIRECTION ( 'NONE',  ( -0.000000000000000000, 1.000000000000000000, -0.000000000000000000 ) ) ;
#2187 = EDGE_CURVE ( 'NONE', #2672, #1561, #1125, .T. ) ;
#2188 = ORIENTED_EDGE ( 'NONE', *, *, #2406, .F. ) ;
#2189 = LOCAL_TIME ( 8, 40, 19.00000000000000000, #750 ) ;
#2190 = PLANE ( 'NONE',  #927 ) ;
#2191 = VERTEX_POINT ( 'NONE', #197 ) ;
#2192 = FACE_BOUND ( 'NONE', #3256, .T. ) ;
#2193 = AXIS2_PLACEMENT_3D ( 'NONE', #3499, #73, #374 ) ;
#2194 = VERTEX_POINT ( 'NONE', #1935 ) ;
#2195 = CARTESIAN_POINT ( 'NONE',  ( 385.0000000000001137, -785.0000000000000000, 70.00000000000000000 ) ) ;
#2196 = LINE ( 'NONE', #3337, #3608 ) ;
#2197 = APPLICATION_CONTEXT ( 'configuration controlled 3d designs of mechanical parts and assemblies' ) ;
#2198 = AXIS2_PLACEMENT_3D ( 'NONE', #2762, #1883, #2442 ) ;
#2199 = DIRECTION ( 'NONE',  ( 0.000000000000000000, 0.000000000000000000, -1.000000000000000000 ) ) ;
#2200 = CARTESIAN_POINT ( 'NONE',  ( 455.0000000000001137, 365.0000000000000000, 30.00000000000000000 ) ) ;
#2201 = LINE ( 'NONE', #1387, #1529 ) ;
#2202 = VERTEX_POINT ( 'NONE', #3048 ) ;
#2203 = DIRECTION ( 'NONE',  ( -0.000000000000000000, 1.000000000000000000, 0.000000000000000000 ) ) ;
#2204 = CC_DESIGN_PERSON_AND_ORGANIZATION_ASSIGNMENT ( #1633, #638, ( #2397 ) ) ;
#2205 = EDGE_CURVE ( 'NONE', #3060, #1245, #1492, .T. ) ;
#2206 = VERTEX_POINT ( 'NONE', #769 ) ;
#2207 = FACE_BOUND ( 'NONE', #3247, .T. ) ;
#2208 = DIRECTION ( 'NONE',  ( -0.000000000000000000, 1.000000000000000000, -0.000000000000000000 ) ) ;
#2209 = ORIENTED_EDGE ( 'NONE', *, *, #3393, .F. ) ;
#2210 = EDGE_CURVE ( 'NONE', #3263, #385, #2161, .T. ) ;
#2211 = CIRCLE ( 'NONE', #1854, 5.049999999999998934 ) ;
#2212 = CARTESIAN_POINT ( 'NONE',  ( 70.00000000000008527, -800.0000000000000000, 473.0000000000000000 ) ) ;
#2213 = CARTESIAN_POINT ( 'NONE',  ( 33.00000000000007105, -300.0000000000000000, 27.00000000000000711 ) ) ;
#2214 = VERTEX_POINT ( 'NONE', #1330 ) ;
#2215 = FACE_OUTER_BOUND ( 'NONE', #1786, .T. ) ;
#2216 = DIRECTION ( 'NONE',  ( 0.000000000000000000, 0.000000000000000000, 1.000000000000000000 ) ) ;
#2217 = AXIS2_PLACEMENT_3D ( 'NONE', #923, #2907, #322 ) ;
#2218 = ORIENTED_EDGE ( 'NONE', *, *, #2205, .F. ) ;
#2219 = CARTESIAN_POINT ( 'NONE',  ( 15.90000000000005720, -363.5000000000000000, 15.90000000000000036 ) ) ;
#2220 = FACE_BOUND ( 'NONE', #1537, .T. ) ;
#2221 = VERTEX_POINT ( 'NONE', #1922 ) ;
#2222 = DIRECTION ( 'NONE',  ( -0.000000000000000000, -1.000000000000000000, -0.000000000000000000 ) ) ;
#2223 = DIRECTION ( 'NONE',  ( 0.000000000000000000, 0.000000000000000000, -1.000000000000000000 ) ) ;
#2224 = AXIS2_PLACEMENT_3D ( 'NONE', #2274, #2556, #846 ) ;
#2225 = COORDINATED_UNIVERSAL_TIME_OFFSET ( 8, 0, .AHEAD. ) ;
#2226 = DIRECTION ( 'NONE',  ( 0.000000000000000000, 0.000000000000000000, 1.000000000000000000 ) ) ;
#2227 = SHAPE_REPRESENTATION ( '地柜07-柜体_地柜07', ( #218 ), #3265 ) ;
#2228 = DIRECTION ( 'NONE',  ( 0.000000000000000000, -1.000000000000000000, 0.000000000000000000 ) ) ;
#2229 = PRODUCT_DEFINITION ( '未知', '', #386, #2278 ) ;
#2230 = CARTESIAN_POINT ( 'NONE',  ( 15.90000000000000036, -664.5000000000000000, 591.0500000000000682 ) ) ;
#2231 = ORIENTED_EDGE ( 'NONE', *, *, #3077, .F. ) ;
#2232 = PERSON_AND_ORGANIZATION ( #1826, #2100 ) ;
#2233 = EDGE_CURVE ( 'NONE', #2194, #2554, #1708, .T. ) ;
#2234 = DIRECTION ( 'NONE',  ( 0.000000000000000000, 0.000000000000000000, -1.000000000000000000 ) ) ;
#2235 = ORIENTED_EDGE ( 'NONE', *, *, #1727, .F. ) ;
#2236 = APPLICATION_CONTEXT ( 'configuration controlled 3d designs of mechanical parts and assemblies' ) ;
#2237 = EDGE_CURVE ( 'NONE', #1284, #1401, #2431, .T. ) ;
#2238 = EDGE_LOOP ( 'NONE', ( #2495, #1082, #3051, #3015, #1610 ) ) ;
#2239 = ADVANCED_FACE ( 'NONE', ( #2391 ), #2773, .T. ) ;
#2240 = CARTESIAN_POINT ( 'NONE',  ( 385.0000000000001137, -785.0000000000000000, 527.0000000000000000 ) ) ;
#2241 = VECTOR ( 'NONE', #175, 1000.000000000000000 ) ;
#2242 = CARTESIAN_POINT ( 'NONE',  ( 30.00000000000001421, -351.9999999999999432, 20.00000000000000000 ) ) ;
#2243 = AXIS2_PLACEMENT_3D ( 'NONE', #432, #2903, #636 ) ;
#2244 = LINE ( 'NONE', #2476, #1483 ) ;
#2245 = CARTESIAN_POINT ( 'NONE',  ( 0.000000000000000000, 0.000000000000000000, 0.000000000000000000 ) ) ;
#2246 = VECTOR ( 'NONE', #2459, 1000.000000000000000 ) ;
#2247 = APPROVAL_ROLE ( '' ) ;
#2248 = CC_DESIGN_APPROVAL ( #1464, ( #1259 ) ) ;
#2249 = DIRECTION ( 'NONE',  ( 0.000000000000000000, -1.000000000000000000, 0.000000000000000000 ) ) ;
#2250 = CARTESIAN_POINT ( 'NONE',  ( 437.0000000000000000, -57.00000000000000000, 570.0000000000001137 ) ) ;
#2251 = FACE_BOUND ( 'NONE', #3155, .T. ) ;
#2252 = DIRECTION ( 'NONE',  ( 0.000000000000000000, 0.000000000000000000, -1.000000000000000000 ) ) ;
#2253 = CONICAL_SURFACE ( 'NONE', #1704, 4.000000000000017764, 0.7853981633974460586 ) ;
#2254 = CYLINDRICAL_SURFACE ( 'NONE', #214, 26.99999999999999645 ) ;
#2255 = LINE ( 'NONE', #33, #1891 ) ;
#2256 = ADVANCED_FACE ( 'NONE', ( #2560 ), #3041, .T. ) ;
#2257 = CYLINDRICAL_SURFACE ( 'NONE', #1016, 20.00000000000001776 ) ;
#2258 = EDGE_LOOP ( 'NONE', ( #2319, #1200 ) ) ;
#2259 = EDGE_CURVE ( 'NONE', #1059, #2469, #3141, .T. ) ;
#2260 = PERSON_AND_ORGANIZATION_ROLE ( 'creator' ) ;
#2261 = CIRCLE ( 'NONE', #1034, 5.049999999999998934 ) ;
#2262 = FACE_OUTER_BOUND ( 'NONE', #3522, .T. ) ;
#2263 = DIRECTION ( 'NONE',  ( 0.000000000000000000, -0.000000000000000000, -1.000000000000000000 ) ) ;
#2264 = EDGE_LOOP ( 'NONE', ( #202, #2872, #1487, #2175 ) ) ;
#2265 = DIRECTION ( 'NONE',  ( -0.000000000000000000, 1.000000000000000000, -0.000000000000000000 ) ) ;
#2266 = AXIS2_PLACEMENT_3D ( 'NONE', #366, #1743, #3465 ) ;
#2267 = CLOSED_SHELL ( 'NONE', ( #2844, #1502, #1302, #275, #2153, #3553, #1585, #2118, #3648, #1025, #1006, #1372, #2173, #146, #2677, #3365, #1834, #1942, #574, #3521, #986, #2533, #258, #3108, #3005, #1283, #26, #1956, #523 ) ) ;
#2268 = DIRECTION ( 'NONE',  ( 0.000000000000000000, -1.000000000000000000, 0.000000000000000000 ) ) ;
#2269 = DIRECTION ( 'NONE',  ( -0.000000000000000000, 1.000000000000000000, -0.000000000000000000 ) ) ;
#2270 = ORIENTED_EDGE ( 'NONE', *, *, #1722, .T. ) ;
#2271 = DIRECTION ( 'NONE',  ( -0.000000000000000000, 1.000000000000000000, -0.000000000000000000 ) ) ;
#2272 = VERTEX_POINT ( 'NONE', #1408 ) ;
#2273 = CARTESIAN_POINT ( 'NONE',  ( 15.90000000000005720, -363.5000000000000000, 15.90000000000000036 ) ) ;
#2274 = CARTESIAN_POINT ( 'NONE',  ( 385.0000000000001137, -730.0000000000000000, 70.00000000000000000 ) ) ;
#2275 = ORIENTED_EDGE ( 'NONE', *, *, #2045, .T. ) ;
#2276 = COORDINATED_UNIVERSAL_TIME_OFFSET ( 8, 0, .AHEAD. ) ;
#2277 = ORIENTED_EDGE ( 'NONE', *, *, #2685, .F. ) ;
#2278 = DESIGN_CONTEXT ( 'detailed design', #2236, 'design' ) ;
#2279 = PLANE ( 'NONE',  #1273 ) ;
#2280 = EDGE_LOOP ( 'NONE', ( #785, #1837, #2301, #611 ) ) ;
#2281 = EDGE_CURVE ( 'NONE', #354, #1323, #1617, .T. ) ;
#2282 = VERTEX_POINT ( 'NONE', #3073 ) ;
#2283 = CARTESIAN_POINT ( 'NONE',  ( 70.00000000000008527, -800.0000000000000000, 500.0000000000000000 ) ) ;
#2284 = CARTESIAN_POINT ( 'NONE',  ( 15.90000000000005720, -363.5000000000000000, 15.90000000000000036 ) ) ;
#2285 = APPROVAL_STATUS ( 'not_yet_approved' ) ;
#2286 = DIRECTION ( 'NONE',  ( 8.527058560869099964E-17, -1.000000000000000000, 0.000000000000000000 ) ) ;
#2287 = DIRECTION ( 'NONE',  ( 0.000000000000000000, -1.000000000000000000, 0.000000000000000000 ) ) ;
#2288 = LINE ( 'NONE', #3385, #69 ) ;
#2289 = CARTESIAN_POINT ( 'NONE',  ( 436.9999999999999432, -708.0000000000000000, 2.000000000000000000 ) ) ;
#2290 = VECTOR ( 'NONE', #3666, 1000.000000000000000 ) ;
#2291 = ORIENTED_EDGE ( 'NONE', *, *, #3420, .F. ) ;
#2292 = AXIS2_PLACEMENT_3D ( 'NONE', #1543, #152, #2132 ) ;
#2293 = CIRCLE ( 'NONE', #689, 5.000000000000000000 ) ;
#2294 = DIRECTION ( 'NONE',  ( 0.000000000000000000, 0.000000000000000000, -1.000000000000000000 ) ) ;
#2295 = CARTESIAN_POINT ( 'NONE',  ( 455.0000000000000000, 0.000000000000000000, 570.0000000000001137 ) ) ;
#2296 = SECURITY_CLASSIFICATION_LEVEL ( 'unclassified' ) ;
#2297 = FACE_OUTER_BOUND ( 'NONE', #3294, .T. ) ;
#2298 = CC_DESIGN_PERSON_AND_ORGANIZATION_ASSIGNMENT ( #1867, #1355, ( #759 ) ) ;
#2299 = DIRECTION ( 'NONE',  ( -0.000000000000000000, 0.000000000000000000, 1.000000000000000000 ) ) ;
#2300 = EDGE_LOOP ( 'NONE', ( #2979, #659, #2457, #406 ) ) ;
#2301 = ORIENTED_EDGE ( 'NONE', *, *, #209, .T. ) ;
#2302 = EDGE_CURVE ( 'NONE', #1561, #2672, #3267, .T. ) ;
#2303 = CARTESIAN_POINT ( 'NONE',  ( 0.000000000000000000, 0.000000000000000000, -1.500000000000000000 ) ) ;
#2304 = VECTOR ( 'NONE', #3126, 1000.000000000000000 ) ;
#2305 = ORIENTED_EDGE ( 'NONE', *, *, #396, .T. ) ;
#2306 = CARTESIAN_POINT ( 'NONE',  ( 13.20000000000000817, -114.9999999999999858, 586.8000000000001819 ) ) ;
#2307 = CIRCLE ( 'NONE', #3282, 5.000000000000000888 ) ;
#2308 = CARTESIAN_POINT ( 'NONE',  ( 15.00000000000009059, 250.0000000000000000, 15.00000000000000000 ) ) ;
#2309 = FACE_OUTER_BOUND ( 'NONE', #3223, .T. ) ;
#2310 = EDGE_CURVE ( 'NONE', #3460, #687, #908, .T. ) ;
#2311 = EDGE_LOOP ( 'NONE', ( #2183, #2734 ) ) ;
#2312 = DIRECTION ( 'NONE',  ( 0.000000000000000000, 0.000000000000000000, -1.000000000000000000 ) ) ;
#2313 = CARTESIAN_POINT ( 'NONE',  ( 70.00000000000008527, -745.0000000000000000, 480.0000000000000000 ) ) ;
#2314 = CALENDAR_DATE ( 2026, 5, 6 ) ;
#2315 = VERTEX_POINT ( 'NONE', #1126 ) ;
#2316 = AXIS2_PLACEMENT_3D ( 'NONE', #2562, #2841, #879 ) ;
#2317 = DIRECTION ( 'NONE',  ( 0.000000000000000000, 0.000000000000000000, 1.000000000000000000 ) ) ;
#2318 = PERSON_AND_ORGANIZATION ( #1826, #2100 ) ;
#2319 = ORIENTED_EDGE ( 'NONE', *, *, #116, .T. ) ;
#2320 = DIRECTION ( 'NONE',  ( -0.000000000000000000, -1.000000000000000000, -0.000000000000000000 ) ) ;
#2321 = DIRECTION ( 'NONE',  ( -0.000000000000000000, 1.000000000000000000, -0.000000000000000000 ) ) ;
#2322 = AXIS2_PLACEMENT_3D ( 'NONE', #1137, #3422, #1459 ) ;
#2323 = DIRECTION ( 'NONE',  ( 0.000000000000000000, 1.000000000000000000, 0.000000000000000000 ) ) ;
#2324 = EDGE_LOOP ( 'NONE', ( #1634, #1872 ) ) ;
#2325 = DATE_AND_TIME ( #3594, #583 ) ;
#2326 = CARTESIAN_POINT ( 'NONE',  ( 4.000000000000017764, 4.898587196589433536E-16, 120.0000000000000000 ) ) ;
#2327 = ORIENTED_EDGE ( 'NONE', *, *, #2635, .F. ) ;
#2328 = ORIENTED_EDGE ( 'NONE', *, *, #1005, .T. ) ;
#2329 = DIRECTION ( 'NONE',  ( 0.000000000000000000, -1.000000000000000000, 0.000000000000000000 ) ) ;
#2330 = DIRECTION ( 'NONE',  ( 0.000000000000000000, -1.000000000000000000, 0.000000000000000000 ) ) ;
#2331 = VERTEX_POINT ( 'NONE', #1962 ) ;
#2332 = EDGE_CURVE ( 'NONE', #3116, #2124, #3664, .T. ) ;
#2333 = DIRECTION ( 'NONE',  ( -0.000000000000000000, -1.000000000000000000, -0.000000000000000000 ) ) ;
#2334 = CARTESIAN_POINT ( 'NONE',  ( 13.20000000000000995, -664.5000000000000000, 594.8000000000001819 ) ) ;
#2335 = DIRECTION ( 'NONE',  ( 8.527058560869098731E-17, 1.000000000000000000, 0.000000000000000000 ) ) ;
#2336 = FACE_OUTER_BOUND ( 'NONE', #1819, .T. ) ;
#2337 = DIRECTION ( 'NONE',  ( -0.000000000000000000, 1.000000000000000000, 0.000000000000000000 ) ) ;
#2338 = AXIS2_PLACEMENT_3D ( 'NONE', #3113, #1729, #1406 ) ;
#2339 = CARTESIAN_POINT ( 'NONE',  ( 30.00000000000001421, -114.9999999999999858, 570.0000000000001137 ) ) ;
#2340 = VERTEX_POINT ( 'NONE', #1718 ) ;
#2341 = PLANE ( 'NONE',  #2164 ) ;
#2342 = VECTOR ( 'NONE', #546, 1000.000000000000000 ) ;
#2343 = AXIS2_PLACEMENT_3D ( 'NONE', #839, #882, #2025 ) ;
#2344 = CARTESIAN_POINT ( 'NONE',  ( 8.939921633775678437E-14, -730.0000000000000000, 570.0000000000001137 ) ) ;
#2345 = ADVANCED_FACE ( 'NONE', ( #1258, #1840 ), #872, .F. ) ;
#2346 = LINE ( 'NONE', #2839, #2392 ) ;
#2347 = APPROVAL ( #828, 'UNKNOWN' ) ;
#2348 = CIRCLE ( 'NONE', #262, 5.000000000000000888 ) ;
#2349 = DIRECTION ( 'NONE',  ( -0.000000000000000000, 1.000000000000000000, -0.000000000000000000 ) ) ;
#2350 = CARTESIAN_POINT ( 'NONE',  ( 33.00000000000007105, 250.0000000000000000, 27.00000000000000711 ) ) ;
#2351 = ORIENTED_EDGE ( 'NONE', *, *, #1517, .T. ) ;
#2352 = CYLINDRICAL_SURFACE ( 'NONE', #2217, 6.500000000000005329 ) ;
#2353 = DIRECTION ( 'NONE',  ( 0.000000000000000000, 1.000000000000000000, 0.000000000000000000 ) ) ;
#2354 = FACE_OUTER_BOUND ( 'NONE', #2238, .T. ) ;
#2355 = ORIENTED_EDGE ( 'NONE', *, *, #634, .T. ) ;
#2356 = EDGE_CURVE ( 'NONE', #1597, #1091, #3182, .T. ) ;
#2357 = LINE ( 'NONE', #763, #1628 ) ;
#2358 = CARTESIAN_POINT ( 'NONE',  ( 385.0000000000001137, -800.0000000000000000, 500.0000000000000000 ) ) ;
#2359 = DIRECTION ( 'NONE',  ( -0.000000000000000000, 1.000000000000000000, 0.000000000000000000 ) ) ;
#2360 = ORIENTED_EDGE ( 'NONE', *, *, #3652, .T. ) ;
#2361 = DIRECTION ( 'NONE',  ( 0.000000000000000000, -1.000000000000000000, 0.000000000000000000 ) ) ;
#2362 = EDGE_CURVE ( 'NONE', #1671, #115, #2032, .T. ) ;
#2363 = ORGANIZATION ( 'NAUO-ORG3', 'UNSPECIFIED', 'UNSPECIFIED' ) ;
#2364 = VERTEX_POINT ( 'NONE', #1448 ) ;
#2365 = CARTESIAN_POINT ( 'NONE',  ( 9.020562075079396891E-14, 250.0000000000000000, 15.00000000000000000 ) ) ;
#2366 = VERTEX_POINT ( 'NONE', #282 ) ;
#2367 = PERSON_AND_ORGANIZATION ( #1826, #2100 ) ;
#2368 = DIRECTION ( 'NONE',  ( 0.000000000000000000, 0.000000000000000000, 1.000000000000000000 ) ) ;
#2369 = ADVANCED_FACE ( 'NONE', ( #3305 ), #3399, .F. ) ;
#2370 = AXIS2_PLACEMENT_3D ( 'NONE', #1848, #2078, #917 ) ;
#2371 = VERTEX_POINT ( 'NONE', #1392 ) ;
#2372 = DIRECTION ( 'NONE',  ( 0.000000000000000000, -1.000000000000000000, 0.000000000000000000 ) ) ;
#2373 = VERTEX_POINT ( 'NONE', #3114 ) ;
#2374 = CARTESIAN_POINT ( 'NONE',  ( 70.00000000000008527, -800.0000000000000000, 500.0000000000000000 ) ) ;
#2375 = CC_DESIGN_APPROVAL ( #2629, ( #2229 ) ) ;
#2376 = VERTEX_POINT ( 'NONE', #565 ) ;
#2377 = DIRECTION ( 'NONE',  ( 0.000000000000000000, -0.000000000000000000, 1.000000000000000000 ) ) ;
#2378 = DIRECTION ( 'NONE',  ( -1.000000000000000000, 1.225764668124932819E-16, 0.000000000000000000 ) ) ;
#2379 = EDGE_CURVE ( 'NONE', #2373, #1091, #3086, .T. ) ;
#2380 = VECTOR ( 'NONE', #1306, 1000.000000000000000 ) ;
#2381 = DIRECTION ( 'NONE',  ( -1.000000000000000000, 0.000000000000000000, 0.000000000000000000 ) ) ;
#2382 = LINE ( 'NONE', #3137, #1295 ) ;
#2383 = EDGE_CURVE ( 'NONE', #3170, #2923, #2996, .T. ) ;
#2384 = VERTEX_POINT ( 'NONE', #1691 ) ;
#2385 = ADVANCED_FACE ( 'NONE', ( #2207, #643 ), #20, .F. ) ;
#2386 = LINE ( 'NONE', #2421, #715 ) ;
#2387 = CARTESIAN_POINT ( 'NONE',  ( 15.90000000000005720, 363.5000000000000000, 9.399999999999995026 ) ) ;
#2388 = CARTESIAN_POINT ( 'NONE',  ( 70.00000000000009948, -745.0000000000000000, 70.00000000000000000 ) ) ;
#2389 = VERTEX_POINT ( 'NONE', #1423 ) ;
#2390 = AXIS2_PLACEMENT_3D ( 'NONE', #3200, #1244, #1470 ) ;
#2391 = FACE_OUTER_BOUND ( 'NONE', #2324, .T. ) ;
#2392 = VECTOR ( 'NONE', #3172, 1000.000000000000000 ) ;
#2393 = AXIS2_PLACEMENT_3D ( 'NONE', #1092, #3349, #2216 ) ;
#2394 = ORIENTED_EDGE ( 'NONE', *, *, #3034, .T. ) ;
#2395 = VECTOR ( 'NONE', #64, 1000.000000000000000 ) ;
#2396 = ORIENTED_EDGE ( 'NONE', *, *, #3520, .T. ) ;
#2397 = SECURITY_CLASSIFICATION ( '', '', #3140 ) ;
#2398 = EDGE_CURVE ( 'NONE', #1587, #3325, #2774, .T. ) ;
#2399 = CARTESIAN_POINT ( 'NONE',  ( 6.450000000000001066, 0.000000000000000000, -1.500000000000000000 ) ) ;
#2400 = LINE ( 'NONE', #2869, #2828 ) ;
#2401 = ORIENTED_EDGE ( 'NONE', *, *, #1026, .T. ) ;
#2402 = CARTESIAN_POINT ( 'NONE',  ( 385.0000000000001137, -745.0000000000000000, 70.00000000000000000 ) ) ;
#2403 = ADVANCED_FACE ( 'NONE', ( #2251, #1570, #2157 ), #29, .T. ) ;
#2404 = CARTESIAN_POINT ( 'NONE',  ( 15.90000000000005720, -363.5000000000000000, 15.90000000000000036 ) ) ;
#2405 = CONTEXT_DEPENDENT_SHAPE_REPRESENTATION ( #3394, #1313 ) ;
#2406 = EDGE_CURVE ( 'NONE', #1164, #1195, #2070, .T. ) ;
#2407 = VERTEX_POINT ( 'NONE', #2313 ) ;
#2408 = AXIS2_PLACEMENT_3D ( 'NONE', #172, #2458, #711 ) ;
#2409 = ORIENTED_EDGE ( 'NONE', *, *, #2538, .T. ) ;
#2410 = PERSON_AND_ORGANIZATION ( #1826, #2100 ) ;
#2411 = CARTESIAN_POINT ( 'NONE',  ( 15.90000000000005720, -365.0000000000000000, 15.90000000000000036 ) ) ;
#2412 = ORIENTED_EDGE ( 'NONE', *, *, #3295, .F. ) ;
#2413 = CARTESIAN_POINT ( 'NONE',  ( 0.000000000000000000, 0.000000000000000000, 0.000000000000000000 ) ) ;
#2414 = PERSON_AND_ORGANIZATION ( #1826, #2100 ) ;
#2415 = AXIS2_PLACEMENT_3D ( 'NONE', #1636, #226, #3080 ) ;
#2416 = ORIENTED_EDGE ( 'NONE', *, *, #2941, .F. ) ;
#2417 = ORIENTED_EDGE ( 'NONE', *, *, #2566, .T. ) ;
#2418 = CC_DESIGN_PERSON_AND_ORGANIZATION_ASSIGNMENT ( #794, #243, ( #125 ) ) ;
#2419 = ADVANCED_FACE ( 'NONE', ( #1299 ), #3452, .T. ) ;
#2420 = DIRECTION ( 'NONE',  ( 1.000000000000000000, 0.000000000000000000, 0.000000000000000000 ) ) ;
#2421 = CARTESIAN_POINT ( 'NONE',  ( -5.000000000000000000, 0.000000000000000000, 120.0000000000000000 ) ) ;
#2422 = FACE_BOUND ( 'NONE', #1093, .T. ) ;
#2423 = EDGE_CURVE ( 'NONE', #3585, #2923, #547, .T. ) ;
#2424 = CARTESIAN_POINT ( 'NONE',  ( 70.00000000000009948, -785.0000000000000000, 70.00000000000000000 ) ) ;
#2425 = FACE_OUTER_BOUND ( 'NONE', #2076, .T. ) ;
#2426 = EDGE_LOOP ( 'NONE', ( #1480, #1721, #2937, #3511 ) ) ;
#2427 = EDGE_CURVE ( 'NONE', #1197, #2591, #1979, .T. ) ;
#2428 = VECTOR ( 'NONE', #818, 1000.000000000000000 ) ;
#2429 = PLANE ( 'NONE',  #2193 ) ;
#2430 = VECTOR ( 'NONE', #1773, 1000.000000000000000 ) ;
#2431 = LINE ( 'NONE', #3335, #2999 ) ;
#2432 = CARTESIAN_POINT ( 'NONE',  ( 70.00000000000009948, -800.0000000000000000, 70.00000000000000000 ) ) ;
#2433 = AXIS2_PLACEMENT_3D ( 'NONE', #720, #3301, #3004 ) ;
#2434 = EDGE_LOOP ( 'NONE', ( #2396, #2085 ) ) ;
#2435 = PLANE ( 'NONE',  #38 ) ;
#2436 = ADVANCED_FACE ( 'NONE', ( #3496 ), #1884, .T. ) ;
#2437 = ADVANCED_FACE ( 'NONE', ( #1216 ), #2557, .T. ) ;
#2438 = EDGE_LOOP ( 'NONE', ( #1186, #2115, #114, #747 ) ) ;
#2439 = PRODUCT_RELATED_PRODUCT_CATEGORY ( 'detail', '', ( #147 ) ) ;
#2440 = VECTOR ( 'NONE', #2108, 1000.000000000000000 ) ;
#2441 = VECTOR ( 'NONE', #72, 1000.000000000000000 ) ;
#2442 = DIRECTION ( 'NONE',  ( 0.000000000000000000, 0.000000000000000000, 1.000000000000000000 ) ) ;
#2443 = ORIENTED_EDGE ( 'NONE', *, *, #895, .T. ) ;
#2444 = CARTESIAN_POINT ( 'NONE',  ( 385.0000000000001137, -785.0000000000000000, 480.0000000000000000 ) ) ;
#2445 = EDGE_LOOP ( 'NONE', ( #948, #1771 ) ) ;
#2446 = LOCAL_TIME ( 8, 40, 19.00000000000000000, #2834 ) ;
#2447 = CARTESIAN_POINT ( 'NONE',  ( 5.200000000000006395, -615.0000000000000000, 570.0000000000001137 ) ) ;
#2448 = ORIENTED_EDGE ( 'NONE', *, *, #2066, .F. ) ;
#2449 = EDGE_CURVE ( 'NONE', #1587, #2366, #378, .T. ) ;
#2450 = LOCAL_TIME ( 8, 40, 19.00000000000000000, #3018 ) ;
#2451 = DIRECTION ( 'NONE',  ( 0.000000000000000000, 0.000000000000000000, -1.000000000000000000 ) ) ;
#2452 = EDGE_LOOP ( 'NONE', ( #1149, #3195, #810, #3363 ) ) ;
#2453 = PERSON_AND_ORGANIZATION ( #1826, #2100 ) ;
#2454 = DIRECTION ( 'NONE',  ( -0.000000000000000000, 1.000000000000000000, -0.000000000000000000 ) ) ;
#2455 = ADVANCED_FACE ( 'NONE', ( #1175 ), #2117, .T. ) ;
#2456 = AXIS2_PLACEMENT_3D ( 'NONE', #1739, #1997, #2539 ) ;
#2457 = ORIENTED_EDGE ( 'NONE', *, *, #1750, .T. ) ;
#2458 = DIRECTION ( 'NONE',  ( 1.000000000000000000, 1.225764668124932819E-16, -0.000000000000000000 ) ) ;
#2459 = DIRECTION ( 'NONE',  ( 1.225764668124932819E-16, 1.000000000000000000, -0.000000000000000000 ) ) ;
#2460 = ORIENTED_EDGE ( 'NONE', *, *, #24, .F. ) ;
#2461 = ORIENTED_EDGE ( 'NONE', *, *, #3541, .T. ) ;
#2462 = DIRECTION ( 'NONE',  ( 0.000000000000000000, 0.000000000000000000, -1.000000000000000000 ) ) ;
#2463 = AXIS2_PLACEMENT_3D ( 'NONE', #2718, #166, #1871 ) ;
#2464 = CYLINDRICAL_SURFACE ( 'NONE', #541, 15.00000000000000000 ) ;
#2465 = CARTESIAN_POINT ( 'NONE',  ( 30.00000000000007816, -664.5000000000000000, 570.0000000000001137 ) ) ;
#2466 = CIRCLE ( 'NONE', #3333, 6.450000000000001066 ) ;
#2467 = CC_DESIGN_DATE_AND_TIME_ASSIGNMENT ( #786, #1, ( #2586 ) ) ;
#2468 = PLANE ( 'NONE',  #1732 ) ;
#2469 = VERTEX_POINT ( 'NONE', #652 ) ;
#2470 = SHAPE_REPRESENTATION ( '定位销', ( #218 ), #606 ) ;
#2471 = CIRCLE ( 'NONE', #2292, 5.000000000000000888 ) ;
#2472 = EDGE_CURVE ( 'NONE', #1195, #3516, #499, .T. ) ;
#2473 = APPROVAL_STATUS ( 'not_yet_approved' ) ;
#2474 = ORIENTED_EDGE ( 'NONE', *, *, #3602, .F. ) ;
#2475 = VECTOR ( 'NONE', #2500, 1000.000000000000000 ) ;
#2476 = CARTESIAN_POINT ( 'NONE',  ( 30.00000000000001421, -664.5000000000000000, 586.8000000000001819 ) ) ;
#2477 = ORIENTED_EDGE ( 'NONE', *, *, #228, .F. ) ;
#2478 = AXIS2_PLACEMENT_3D ( 'NONE', #817, #845, #1972 ) ;
#2479 = CARTESIAN_POINT ( 'NONE',  ( 385.0000000000001137, -745.0000000000000000, 520.0000000000000000 ) ) ;
#2480 = VERTEX_POINT ( 'NONE', #2350 ) ;
#2481 = CARTESIAN_POINT ( 'NONE',  ( 70.00000000000009948, -730.0000000000000000, 70.00000000000000000 ) ) ;
#2482 = DIRECTION ( 'NONE',  ( -1.000000000000000000, -0.000000000000000000, -0.000000000000000000 ) ) ;
#2483 = VECTOR ( 'NONE', #3461, 1000.000000000000000 ) ;
#2484 = AXIS2_PLACEMENT_3D ( 'NONE', #2388, #695, #1794 ) ;
#2485 = EDGE_LOOP ( 'NONE', ( #2163, #440, #1524, #1441, #431 ) ) ;
#2486 = APPROVAL_ROLE ( '' ) ;
#2487 = FACE_OUTER_BOUND ( 'NONE', #1279, .T. ) ;
#2488 = DIRECTION ( 'NONE',  ( 0.000000000000000000, 0.000000000000000000, -1.000000000000000000 ) ) ;
#2489 = ORIENTED_EDGE ( 'NONE', *, *, #3519, .F. ) ;
#2490 = CC_DESIGN_PERSON_AND_ORGANIZATION_ASSIGNMENT ( #706, #1639, ( #1530 ) ) ;
#2491 = CARTESIAN_POINT ( 'NONE',  ( 0.000000000000000000, 0.000000000000000000, 0.000000000000000000 ) ) ;
#2492 = PERSON_AND_ORGANIZATION ( #2092, #1774 ) ;
#2493 = ORIENTED_EDGE ( 'NONE', *, *, #1246, .F. ) ;
#2494 = CARTESIAN_POINT ( 'NONE',  ( 0.000000000000000000, 0.000000000000000000, 0.000000000000000000 ) ) ;
#2495 = ORIENTED_EDGE ( 'NONE', *, *, #1202, .T. ) ;
#2496 = PERSON_AND_ORGANIZATION ( #1826, #2100 ) ;
#2497 = EDGE_CURVE ( 'NONE', #3560, #3643, #3620, .T. ) ;
#2498 = DIRECTION ( 'NONE',  ( 0.000000000000000000, 0.000000000000000000, 1.000000000000000000 ) ) ;
#2499 = PERSON_AND_ORGANIZATION_ROLE ( 'design_owner' ) ;
#2500 = DIRECTION ( 'NONE',  ( 1.000000000000000000, 0.000000000000000000, 0.000000000000000000 ) ) ;
#2501 = EDGE_CURVE ( 'NONE', #3579, #1899, #2690, .T. ) ;
#2502 = ORIENTED_EDGE ( 'NONE', *, *, #2024, .F. ) ;
#2503 = ORIENTED_EDGE ( 'NONE', *, *, #2790, .F. ) ;
#2504 = VERTEX_POINT ( 'NONE', #2071 ) ;
#2505 = DIRECTION ( 'NONE',  ( -0.000000000000000000, -1.000000000000000000, -0.000000000000000000 ) ) ;
#2506 = CIRCLE ( 'NONE', #1357, 26.99999999999999645 ) ;
#2507 = APPROVAL_ROLE ( '' ) ;
#2508 = EDGE_LOOP ( 'NONE', ( #740, #3361, #144, #2836 ) ) ;
#2509 = DIRECTION ( 'NONE',  ( 0.000000000000000000, 0.000000000000000000, -1.000000000000000000 ) ) ;
#2510 = FACE_OUTER_BOUND ( 'NONE', #1243, .T. ) ;
#2511 = CARTESIAN_POINT ( 'NONE',  ( 30.00000000000004263, -369.9999999999999432, 20.00000000000001776 ) ) ;
#2512 = ADVANCED_FACE ( 'NONE', ( #2425 ), #156, .T. ) ;
#2513 = DIRECTION ( 'NONE',  ( -0.000000000000000000, 1.000000000000000000, -0.000000000000000000 ) ) ;
#2514 = LINE ( 'NONE', #3483, #2430 ) ;
#2515 = EDGE_CURVE ( 'NONE', #2315, #3228, #1532, .T. ) ;
#2516 = UNCERTAINTY_MEASURE_WITH_UNIT (LENGTH_MEASURE( 1.000000000000000082E-05 ), #3022, 'distance_accuracy_value', 'NONE');
#2517 = APPROVAL_ROLE ( '' ) ;
#2518 = CARTESIAN_POINT ( 'NONE',  ( 13.20000000000000817, -65.49999999999998579, 586.8000000000001819 ) ) ;
#2519 = VECTOR ( 'NONE', #2011, 1000.000000000000000 ) ;
#2520 = VECTOR ( 'NONE', #710, 1000.000000000000000 ) ;
#2521 = AXIS2_PLACEMENT_3D ( 'NONE', #2046, #86, #3185 ) ;
#2522 = DIRECTION ( 'NONE',  ( -0.000000000000000000, -1.000000000000000000, -0.000000000000000000 ) ) ;
#2523 = CARTESIAN_POINT ( 'NONE',  ( 70.00000000000008527, -785.0000000000000000, 473.0000000000000000 ) ) ;
#2524 = FACE_OUTER_BOUND ( 'NONE', #303, .T. ) ;
#2525 = VERTEX_POINT ( 'NONE', #3189 ) ;
#2526 = AXIS2_PLACEMENT_3D ( 'NONE', #1340, #2756, #1589 ) ;
#2527 = FACE_BOUND ( 'NONE', #559, .T. ) ;
#2528 = PERSON_AND_ORGANIZATION_ROLE ( 'design_supplier' ) ;
#2529 = EDGE_LOOP ( 'NONE', ( #1206, #138, #705, #3603 ) ) ;
#2530 = CARTESIAN_POINT ( 'NONE',  ( 385.0000000000001137, -785.0000000000000000, 97.00000000000000000 ) ) ;
#2531 = DIRECTION ( 'NONE',  ( 0.000000000000000000, -1.000000000000000000, 0.000000000000000000 ) ) ;
#2532 = LOCAL_TIME ( 8, 40, 19.00000000000000000, #2626 ) ;
#2533 = ADVANCED_FACE ( 'NONE', ( #336 ), #1466, .F. ) ;
#2534 = ORIENTED_EDGE ( 'NONE', *, *, #554, .F. ) ;
#2535 = LOCAL_TIME ( 8, 40, 19.00000000000000000, #104 ) ;
#2536 = CARTESIAN_POINT ( 'NONE',  ( 15.90000000000005720, 299.9999999999999432, 10.90000000000000036 ) ) ;
#2537 = ORIENTED_EDGE ( 'NONE', *, *, #683, .T. ) ;
#2538 = EDGE_CURVE ( 'NONE', #3249, #1990, #2471, .T. ) ;
#2539 = DIRECTION ( 'NONE',  ( -1.000000000000000000, 0.000000000000000000, 0.000000000000000000 ) ) ;
#2540 = CARTESIAN_POINT ( 'NONE',  ( 15.90000000000005720, 363.5000000000000568, 15.90000000000000036 ) ) ;
#2541 = APPROVAL_DATE_TIME ( #360, #452 ) ;
#2542 = ORIENTED_EDGE ( 'NONE', *, *, #3626, .F. ) ;
#2543 = SECURITY_CLASSIFICATION_LEVEL ( 'unclassified' ) ;
#2544 = APPROVAL_DATE_TIME ( #896, #2859 ) ;
#2545 = PLANE ( 'NONE',  #3609 ) ;
#2546 = EDGE_CURVE ( 'NONE', #3629, #1284, #71, .T. ) ;
#2547 = EDGE_LOOP ( 'NONE', ( #3530, #3606, #621, #2703 ) ) ;
#2548 = EDGE_LOOP ( 'NONE', ( #1135, #264 ) ) ;
#2549 = CYLINDRICAL_SURFACE ( 'NONE', #2127, 26.99999999999999645 ) ;
#2550 = CIRCLE ( 'NONE', #2198, 15.00000000000000000 ) ;
#2551 = ADVANCED_FACE ( 'NONE', ( #286 ), #3662, .T. ) ;
#2552 = DIRECTION ( 'NONE',  ( 0.000000000000000000, 0.000000000000000000, 1.000000000000000000 ) ) ;
#2553 = APPROVAL_STATUS ( 'not_yet_approved' ) ;
#2554 = VERTEX_POINT ( 'NONE', #425 ) ;
#2555 = CARTESIAN_POINT ( 'NONE',  ( 30.00000000000000711, -615.0000000000000000, 570.0000000000001137 ) ) ;
#2556 = DIRECTION ( 'NONE',  ( -0.000000000000000000, -1.000000000000000000, -0.000000000000000000 ) ) ;
#2557 = CYLINDRICAL_SURFACE ( 'NONE', #572, 27.00000000000002487 ) ;
#2558 = DIRECTION ( 'NONE',  ( 0.000000000000000000, 0.000000000000000000, -1.000000000000000000 ) ) ;
#2559 = FACE_BOUND ( 'NONE', #1189, .T. ) ;
#2560 = FACE_OUTER_BOUND ( 'NONE', #3232, .T. ) ;
#2561 = EDGE_CURVE ( 'NONE', #1233, #1549, #3445, .T. ) ;
#2562 = CARTESIAN_POINT ( 'NONE',  ( 9.368548013477252718E-14, 365.0000000000000000, 30.00000000000000000 ) ) ;
#2563 = VECTOR ( 'NONE', #3458, 1000.000000000000000 ) ;
#2564 = LINE ( 'NONE', #180, #1309 ) ;
#2565 = ORIENTED_EDGE ( 'NONE', *, *, #1750, .F. ) ;
#2566 = EDGE_CURVE ( 'NONE', #1776, #2214, #2386, .T. ) ;
#2567 = APPLICATION_PROTOCOL_DEFINITION ( 'international standard', 'config_control_design', 1994, #560 ) ;
#2568 = CYLINDRICAL_SURFACE ( 'NONE', #1545, 20.00000000000001776 ) ;
#2569 = PLANE ( 'NONE',  #1876 ) ;
#2570 = CARTESIAN_POINT ( 'NONE',  ( 22.00000000000001066, -664.5000000000000000, 594.8000000000001819 ) ) ;
#2571 = DIRECTION ( 'NONE',  ( 0.000000000000000000, -0.000000000000000000, -1.000000000000000000 ) ) ;
#2572 = ORIENTED_EDGE ( 'NONE', *, *, #677, .F. ) ;
#2573 = ADVANCED_FACE ( 'NONE', ( #1800 ), #2702, .F. ) ;
#2574 = VECTOR ( 'NONE', #2765, 1000.000000000000000 ) ;
#2575 = CARTESIAN_POINT ( 'NONE',  ( -6.450000000000001066, 7.898971854500429678E-16, -1.500000000000000000 ) ) ;
#2576 = EDGE_LOOP ( 'NONE', ( #1249, #187, #260, #1476 ) ) ;
#2577 = DIRECTION ( 'NONE',  ( -1.000000000000000000, 0.000000000000000000, 0.000000000000000000 ) ) ;
#2578 = APPROVAL_PERSON_ORGANIZATION ( #1633, #2978, #1182 ) ;
#2579 = DIRECTION ( 'NONE',  ( 0.000000000000000000, 0.000000000000000000, -1.000000000000000000 ) ) ;
#2580 = VERTEX_POINT ( 'NONE', #3517 ) ;
#2581 = CARTESIAN_POINT ( 'NONE',  ( 9.367506770274758310E-14, -300.0000000000000000, 27.00000000000000355 ) ) ;
#2582 = ORIENTED_EDGE ( 'NONE', *, *, #841, .F. ) ;
#2583 = PERSON_AND_ORGANIZATION ( #1826, #2100 ) ;
#2584 = DIRECTION ( 'NONE',  ( 0.000000000000000000, -1.000000000000000000, 0.000000000000000000 ) ) ;
#2585 = ORIENTED_EDGE ( 'NONE', *, *, #683, .F. ) ;
#2586 = SECURITY_CLASSIFICATION ( '', '', #1098 ) ;
#2587 = APPROVAL_DATE_TIME ( #2673, #199 ) ;
#2588 = ORIENTED_EDGE ( 'NONE', *, *, #204, .F. ) ;
#2589 = DIRECTION ( 'NONE',  ( 0.000000000000000000, 0.000000000000000000, 1.000000000000000000 ) ) ;
#2590 = DIRECTION ( 'NONE',  ( -0.000000000000000000, 1.000000000000000000, 0.000000000000000000 ) ) ;
#2591 = VERTEX_POINT ( 'NONE', #1252 ) ;
#2592 = EDGE_CURVE ( 'NONE', #3674, #2504, #1568, .T. ) ;
#2593 = VERTEX_POINT ( 'NONE', #990 ) ;
#2594 = DIRECTION ( 'NONE',  ( 0.000000000000000000, -0.000000000000000000, 1.000000000000000000 ) ) ;
#2595 = CARTESIAN_POINT ( 'NONE',  ( 33.00000000000007816, -250.0000000000000000, 0.000000000000000000 ) ) ;
#2596 = ORIENTED_EDGE ( 'NONE', *, *, #654, .F. ) ;
#2597 = FACE_OUTER_BOUND ( 'NONE', #2300, .T. ) ;
#2598 = AXIS2_PLACEMENT_3D ( 'NONE', #3598, #3008, #1296 ) ;
#2599 = VECTOR ( 'NONE', #1725, 1000.000000000000000 ) ;
#2600 = ORIENTED_EDGE ( 'NONE', *, *, #866, .F. ) ;
#2601 = AXIS2_PLACEMENT_3D ( 'NONE', #3492, #2337, #629 ) ;
#2602 = CARTESIAN_POINT ( 'NONE',  ( 437.0000000000000000, -369.9999999999999432, 570.0000000000001137 ) ) ;
#2603 = VECTOR ( 'NONE', #1744, 1000.000000000000000 ) ;
#2604 = CC_DESIGN_DATE_AND_TIME_ASSIGNMENT ( #1640, #16, ( #1259 ) ) ;
#2605 = CARTESIAN_POINT ( 'NONE',  ( -28.00000000000005684, 300.0000000000000000, 27.00000000000000000 ) ) ;
#2606 = CIRCLE ( 'NONE', #2990, 20.00000000000001776 ) ;
#2607 = LINE ( 'NONE', #302, #124 ) ;
#2608 = ORIENTED_EDGE ( 'NONE', *, *, #1540, .T. ) ;
#2609 = DIRECTION ( 'NONE',  ( 0.000000000000000000, -0.000000000000000000, -1.000000000000000000 ) ) ;
#2610 = EDGE_CURVE ( 'NONE', #324, #2272, #905, .T. ) ;
#2611 = FACE_OUTER_BOUND ( 'NONE', #1730, .T. ) ;
#2612 = ORIENTED_EDGE ( 'NONE', *, *, #820, .F. ) ;
#2613 = CARTESIAN_POINT ( 'NONE',  ( 0.000000000000000000, 0.000000000000000000, -1.500000000000000000 ) ) ;
#2614 = DIRECTION ( 'NONE',  ( -8.527058560869098731E-17, 1.000000000000000000, -0.000000000000000000 ) ) ;
#2615 = VECTOR ( 'NONE', #1838, 1000.000000000000000 ) ;
#2616 = CARTESIAN_POINT ( 'NONE',  ( 15.90000000000000036, -664.5000000000000000, 586.0000000000001137 ) ) ;
#2617 = LINE ( 'NONE', #3346, #2080 ) ;
#2618 = EDGE_CURVE ( 'NONE', #3311, #1045, #2902, .T. ) ;
#2619 = ORIENTED_EDGE ( 'NONE', *, *, #3420, .T. ) ;
#2620 = CARTESIAN_POINT ( 'NONE',  ( 455.0000000000001137, -365.0000000000000000, 0.000000000000000000 ) ) ;
#2621 = DIRECTION ( 'NONE',  ( 0.000000000000000000, 0.000000000000000000, -1.000000000000000000 ) ) ;
#2622 = EDGE_LOOP ( 'NONE', ( #2327, #669 ) ) ;
#2623 = CARTESIAN_POINT ( 'NONE',  ( 15.90000000000000036, -664.5000000000000000, 586.0000000000001137 ) ) ;
#2624 = AXIS2_PLACEMENT_3D ( 'NONE', #1213, #918, #2335 ) ;
#2625 = CARTESIAN_POINT ( 'NONE',  ( 30.00000000000000711, -57.00000000000000711, 570.0000000000001137 ) ) ;
#2626 = COORDINATED_UNIVERSAL_TIME_OFFSET ( 8, 0, .AHEAD. ) ;
#2627 = ORIENTED_EDGE ( 'NONE', *, *, #1393, .T. ) ;
#2628 = DATE_AND_TIME ( #3373, #2535 ) ;
#2629 = APPROVAL ( #1700, '未指定' ) ;
#2630 = ORIENTED_EDGE ( 'NONE', *, *, #2946, .T. ) ;
#2631 = DATE_TIME_ROLE ( 'classification_date' ) ;
#2632 = CALENDAR_DATE ( 2026, 5, 6 ) ;
#2633 = CARTESIAN_POINT ( 'NONE',  ( 22.00000000000001066, -114.9999999999999858, 586.8000000000001819 ) ) ;
#2634 = ORIENTED_EDGE ( 'NONE', *, *, #2641, .T. ) ;
#2635 = EDGE_CURVE ( 'NONE', #1811, #1995, #3536, .T. ) ;
#2636 = DIRECTION ( 'NONE',  ( 0.000000000000000000, 0.000000000000000000, 1.000000000000000000 ) ) ;
#2637 = CARTESIAN_POINT ( 'NONE',  ( 13.20000000000000995, -114.9999999999999858, 594.8000000000001819 ) ) ;
#2638 = ORIENTED_EDGE ( 'NONE', *, *, #2721, .F. ) ;
#2639 = ORIENTED_EDGE ( 'NONE', *, *, #861, .F. ) ;
#2640 = VECTOR ( 'NONE', #3171, 1000.000000000000000 ) ;
#2641 = EDGE_CURVE ( 'NONE', #133, #3647, #30, .T. ) ;
#2642 = DIRECTION ( 'NONE',  ( 0.000000000000000000, 0.000000000000000000, -1.000000000000000000 ) ) ;
#2643 = ADVANCED_FACE ( 'NONE', ( #3264, #1349, #1705, #1611, #2510 ), #1555, .F. ) ;
#2644 = VECTOR ( 'NONE', #1057, 1000.000000000000000 ) ;
#2645 = CARTESIAN_POINT ( 'NONE',  ( 6.450000000000001066, 0.000000000000000000, -1.500000000000000000 ) ) ;
#2646 = DIRECTION ( 'NONE',  ( -0.000000000000000000, 1.000000000000000000, -0.000000000000000000 ) ) ;
#2647 = VERTEX_POINT ( 'NONE', #2097 ) ;
#2648 = DIRECTION ( 'NONE',  ( 1.000000000000000000, 0.000000000000000000, 0.000000000000000000 ) ) ;
#2649 = VECTOR ( 'NONE', #1185, 1000.000000000000000 ) ;
#2650 = VECTOR ( 'NONE', #564, 1000.000000000000000 ) ;
#2651 = CARTESIAN_POINT ( 'NONE',  ( 70.00000000000009948, -745.0000000000000000, 43.00000000000000000 ) ) ;
#2652 = VECTOR ( 'NONE', #509, 1000.000000000000000 ) ;
#2653 = DIRECTION ( 'NONE',  ( 0.000000000000000000, -1.000000000000000000, 0.000000000000000000 ) ) ;
#2654 = ORIENTED_EDGE ( 'NONE', *, *, #2812, .F. ) ;
#2655 = APPROVAL ( #543, '未指定' ) ;
#2656 = CARTESIAN_POINT ( 'NONE',  ( 455.0000000000000000, 0.000000000000000000, 570.0000000000001137 ) ) ;
#2657 = CARTESIAN_POINT ( 'NONE',  ( 8.939921633775678437E-14, -730.0000000000000000, 570.0000000000001137 ) ) ;
#2658 = EDGE_LOOP ( 'NONE', ( #3253, #928, #362, #976 ) ) ;
#2659 = FACE_OUTER_BOUND ( 'NONE', #257, .T. ) ;
#2660 = DIRECTION ( 'NONE',  ( -0.000000000000000000, 1.000000000000000000, -0.000000000000000000 ) ) ;
#2661 = CYLINDRICAL_SURFACE ( 'NONE', #2951, 5.049999999999998934 ) ;
#2662 = DIRECTION ( 'NONE',  ( -1.000000000000000000, 0.000000000000000000, -0.000000000000000000 ) ) ;
#2663 = VERTEX_POINT ( 'NONE', #1831 ) ;
#2664 = EDGE_CURVE ( 'NONE', #3434, #2593, #950, .T. ) ;
#2665 = VECTOR ( 'NONE', #1063, 1000.000000000000000 ) ;
#2666 = ORIENTED_EDGE ( 'NONE', *, *, #184, .F. ) ;
#2667 = AXIS2_PLACEMENT_3D ( 'NONE', #1679, #268, #2263 ) ;
#2668 = ORIENTED_EDGE ( 'NONE', *, *, #204, .T. ) ;
#2669 = ORIENTED_EDGE ( 'NONE', *, *, #1973, .T. ) ;
#2670 = LOCAL_TIME ( 8, 40, 19.00000000000000000, #1238 ) ;
#2671 = AXIS2_PLACEMENT_3D ( 'NONE', #3575, #1865, #725 ) ;
#2672 = VERTEX_POINT ( 'NONE', #390 ) ;
#2673 = DATE_AND_TIME ( #1471, #2450 ) ;
#2674 = ORIENTED_EDGE ( 'NONE', *, *, #2837, .F. ) ;
#2675 = CC_DESIGN_DATE_AND_TIME_ASSIGNMENT ( #14, #1971, ( #2229 ) ) ;
#2676 = SHAPE_REPRESENTATION_RELATIONSHIP ( 'NONE' , 'NONE' ,  #2470, #962 ) ;
#2677 = ADVANCED_FACE ( 'NONE', ( #2768 ), #3237, .T. ) ;
#2678 = EDGE_LOOP ( 'NONE', ( #1074, #2188, #225, #3069, #398, #2042 ) ) ;
#2679 = ORIENTED_EDGE ( 'NONE', *, *, #483, .T. ) ;
#2680 = VERTEX_POINT ( 'NONE', #117 ) ;
#2681 = EDGE_CURVE ( 'NONE', #1008, #2221, #808, .T. ) ;
#2682 = CYLINDRICAL_SURFACE ( 'NONE', #670, 5.000000000000000888 ) ;
#2683 = CARTESIAN_POINT ( 'NONE',  ( 30.00000000000008527, -708.0000000000000000, 570.0000000000001137 ) ) ;
#2684 = VECTOR ( 'NONE', #3125, 1000.000000000000000 ) ;
#2685 = EDGE_CURVE ( 'NONE', #2371, #1100, #989, .T. ) ;
#2686 = ORIENTED_EDGE ( 'NONE', *, *, #2873, .F. ) ;
#2687 = FACE_BOUND ( 'NONE', #1066, .T. ) ;
#2688 = DIRECTION ( 'NONE',  ( -0.000000000000000000, 1.000000000000000000, -0.000000000000000000 ) ) ;
#2689 = EDGE_LOOP ( 'NONE', ( #2270, #1272, #229, #3277 ) ) ;
#2690 = LINE ( 'NONE', #2326, #420 ) ;
#2691 = PRODUCT_DEFINITION_SHAPE ( 'NONE', 'NONE',  #3683 ) ;
#2692 = ADVANCED_FACE ( 'NONE', ( #2687, #2991 ), #159, .F. ) ;
#2693 = VECTOR ( 'NONE', #2372, 1000.000000000000000 ) ;
#2694 = VECTOR ( 'NONE', #3281, 1000.000000000000000 ) ;
#2695 = AXIS2_PLACEMENT_3D ( 'NONE', #911, #2942, #1515 ) ;
#2696 = EDGE_LOOP ( 'NONE', ( #65, #3372, #3635, #1901 ) ) ;
#2697 = CYLINDRICAL_SURFACE ( 'NONE', #2995, 26.99999999999999645 ) ;
#2698 = ORIENTED_EDGE ( 'NONE', *, *, #1576, .F. ) ;
#2699 = EDGE_CURVE ( 'NONE', #1899, #1776, #1257, .T. ) ;
#2700 = LINE ( 'NONE', #424, #655 ) ;
#2701 = DIRECTION ( 'NONE',  ( 0.000000000000000000, 0.000000000000000000, 1.000000000000000000 ) ) ;
#2702 = PLANE ( 'NONE',  #751 ) ;
#2703 = ORIENTED_EDGE ( 'NONE', *, *, #2610, .T. ) ;
#2704 = EDGE_CURVE ( 'NONE', #2206, #1059, #122, .T. ) ;
#2705 = ORIENTED_EDGE ( 'NONE', *, *, #2398, .T. ) ;
#2706 = CALENDAR_DATE ( 2026, 5, 6 ) ;
#2707 = CARTESIAN_POINT ( 'NONE',  ( 5.200000000000006395, -114.9999999999999858, 570.0000000000001137 ) ) ;
#2708 = ADVANCED_FACE ( 'NONE', ( #1172 ), #242, .T. ) ;
#2709 = EDGE_LOOP ( 'NONE', ( #3340, #2489, #1906, #2351 ) ) ;
#2710 = DATE_AND_TIME ( #2976, #3288 ) ;
#2711 = CARTESIAN_POINT ( 'NONE',  ( 0.000000000000000000, 0.000000000000000000, 120.0000000000000000 ) ) ;
#2712 = ORIENTED_EDGE ( 'NONE', *, *, #1945, .F. ) ;
#2713 = DIRECTION ( 'NONE',  ( 0.000000000000000000, 0.000000000000000000, -1.000000000000000000 ) ) ;
#2714 = APPROVAL_PERSON_ORGANIZATION ( #3477, #452, #1369 ) ;
#2715 = AXIS2_PLACEMENT_3D ( 'NONE', #1167, #3161, #1122 ) ;
#2716 = ORIENTED_EDGE ( 'NONE', *, *, #2088, .T. ) ;
#2717 = SHAPE_DEFINITION_REPRESENTATION ( #2099, #2470 ) ;
#2718 = CARTESIAN_POINT ( 'NONE',  ( 385.0000000000001137, -800.0000000000000000, 70.00000000000000000 ) ) ;
#2719 = ORIENTED_EDGE ( 'NONE', *, *, #3034, .F. ) ;
#2720 = FACE_OUTER_BOUND ( 'NONE', #1181, .T. ) ;
#2721 = EDGE_CURVE ( 'NONE', #1331, #2389, #604, .T. ) ;
#2722 = DIRECTION ( 'NONE',  ( 0.000000000000000000, 0.000000000000000000, 1.000000000000000000 ) ) ;
#2723 = ADVANCED_FACE ( 'NONE', ( #3179 ), #1878, .T. ) ;
#2724 = ORIENTED_EDGE ( 'NONE', *, *, #326, .F. ) ;
#2725 = DIRECTION ( 'NONE',  ( -1.000000000000000000, 0.000000000000000000, 0.000000000000000000 ) ) ;
#2726 = EDGE_CURVE ( 'NONE', #1776, #1899, #2293, .T. ) ;
#2727 = CIRCLE ( 'NONE', #3371, 20.00000000000001776 ) ;
#2728 = FACE_OUTER_BOUND ( 'NONE', #58, .T. ) ;
#2729 = DIRECTION ( 'NONE',  ( -0.000000000000000000, -1.000000000000000000, -0.000000000000000000 ) ) ;
#2730 = AXIS2_PLACEMENT_3D ( 'NONE', #1954, #552, #809 ) ;
#2731 = VECTOR ( 'NONE', #863, 1000.000000000000000 ) ;
#2732 = LINE ( 'NONE', #1886, #1451 ) ;
#2733 = DIRECTION ( 'NONE',  ( 0.000000000000000000, 0.000000000000000000, 1.000000000000000000 ) ) ;
#2734 = ORIENTED_EDGE ( 'NONE', *, *, #3278, .T. ) ;
#2735 = PRODUCT_DEFINITION ( '未知', '', #887, #25 ) ;
#2736 = FACE_OUTER_BOUND ( 'NONE', #2126, .T. ) ;
#2737 = VECTOR ( 'NONE', #1201, 1000.000000000000000 ) ;
#2738 = DIRECTION ( 'NONE',  ( 0.000000000000000000, 0.000000000000000000, -1.000000000000000000 ) ) ;
#2739 = EDGE_LOOP ( 'NONE', ( #1343, #1692, #1855, #39 ) ) ;
#2740 = CARTESIAN_POINT ( 'NONE',  ( 437.0000000000000568, -351.9999999999999432, 977.3978399550003360 ) ) ;
#2741 = CIRCLE ( 'NONE', #1632, 8.000000000000007105 ) ;
#2742 = EDGE_LOOP ( 'NONE', ( #136, #176, #3040, #533 ) ) ;
#2743 = EDGE_CURVE ( 'NONE', #1327, #3116, #859, .T. ) ;
#2744 = DIRECTION ( 'NONE',  ( -0.000000000000000000, 1.000000000000000000, 0.000000000000000000 ) ) ;
#2745 = CALENDAR_DATE ( 2026, 5, 6 ) ;
#2746 = APPLICATION_PROTOCOL_DEFINITION ( 'international standard', 'config_control_design', 1994, #2184 ) ;
#2747 = ORIENTED_EDGE ( 'NONE', *, *, #1626, .T. ) ;
#2748 = ORIENTED_EDGE ( 'NONE', *, *, #2233, .F. ) ;
#2749 = CARTESIAN_POINT ( 'NONE',  ( 15.90000000000005720, -541.0000000000004547, 20.90000000000000213 ) ) ;
#2750 = DIRECTION ( 'NONE',  ( -1.000000000000000000, 0.000000000000000000, 0.000000000000000000 ) ) ;
#2751 = EDGE_CURVE ( 'NONE', #2554, #2680, #766, .T. ) ;
#2752 = LOCAL_TIME ( 8, 40, 19.00000000000000000, #2181 ) ;
#2753 = CARTESIAN_POINT ( 'NONE',  ( 15.90000000000005720, -363.5000000000000000, 10.90000000000000036 ) ) ;
#2754 = VERTEX_POINT ( 'NONE', #1890 ) ;
#2755 = DIRECTION ( 'NONE',  ( 0.000000000000000000, 0.000000000000000000, 1.000000000000000000 ) ) ;
#2756 = DIRECTION ( 'NONE',  ( 0.000000000000000000, -1.000000000000000000, 0.000000000000000000 ) ) ;
#2757 = ORIENTED_EDGE ( 'NONE', *, *, #680, .F. ) ;
#2758 = ORIENTED_EDGE ( 'NONE', *, *, #3364, .T. ) ;
#2759 = DIRECTION ( 'NONE',  ( 0.000000000000000000, 0.000000000000000000, 1.000000000000000000 ) ) ;
#2760 = AXIS2_PLACEMENT_3D ( 'NONE', #1603, #456, #2462 ) ;
#2761 = DIRECTION ( 'NONE',  ( 0.000000000000000000, -1.000000000000000000, 0.000000000000000000 ) ) ;
#2762 = CARTESIAN_POINT ( 'NONE',  ( 15.00000000000009059, -300.0000000000000568, 15.00000000000000000 ) ) ;
#2763 = FACE_OUTER_BOUND ( 'NONE', #1086, .T. ) ;
#2764 = FACE_BOUND ( 'NONE', #1715, .T. ) ;
#2765 = DIRECTION ( 'NONE',  ( 1.032573497605233226E-16, 0.000000000000000000, 1.000000000000000000 ) ) ;
#2766 = DIRECTION ( 'NONE',  ( 0.000000000000000000, 0.000000000000000000, 1.000000000000000000 ) ) ;
#2767 = ORIENTED_EDGE ( 'NONE', *, *, #2946, .F. ) ;
#2768 = FACE_OUTER_BOUND ( 'NONE', #1338, .T. ) ;
#2769 = EDGE_CURVE ( 'NONE', #590, #2202, #684, .T. ) ;
#2770 = PERSON_AND_ORGANIZATION_ROLE ( 'creator' ) ;
#2771 = ORIENTED_EDGE ( 'NONE', *, *, #895, .F. ) ;
#2772 = CARTESIAN_POINT ( 'NONE',  ( 437.0000000000000000, -57.00000000000000000, 570.0000000000001137 ) ) ;
#2773 = PLANE ( 'NONE',  #510 ) ;
#2774 = LINE ( 'NONE', #3427, #719 ) ;
#2775 = VECTOR ( 'NONE', #1142, 1000.000000000000000 ) ;
#2776 = LINE ( 'NONE', #2777, #2035 ) ;
#2777 = CARTESIAN_POINT ( 'NONE',  ( 30.00000000000001421, -351.9999999999999432, 570.0000000000001137 ) ) ;
#2778 = VERTEX_POINT ( 'NONE', #1903 ) ;
#2779 = DIRECTION ( 'NONE',  ( -0.000000000000000000, 1.000000000000000000, -0.000000000000000000 ) ) ;
#2780 = AXIS2_PLACEMENT_3D ( 'NONE', #3556, #1574, #736 ) ;
#2781 = ORIENTED_EDGE ( 'NONE', *, *, #2332, .F. ) ;
#2782 = DIRECTION ( 'NONE',  ( 1.000000000000000000, 0.000000000000000000, 0.000000000000000000 ) ) ;
#2783 = VECTOR ( 'NONE', #3, 1000.000000000000000 ) ;
#2784 = CIRCLE ( 'NONE', #1374, 27.00000000000002487 ) ;
#2785 = CARTESIAN_POINT ( 'NONE',  ( 0.000000000000000000, 0.000000000000000000, 120.0000000000000000 ) ) ;
#2786 = VERTEX_POINT ( 'NONE', #454 ) ;
#2787 = CC_DESIGN_DATE_AND_TIME_ASSIGNMENT ( #886, #1113, ( #137 ) ) ;
#2788 = ADVANCED_FACE ( 'NONE', ( #2114 ), #3392, .T. ) ;
#2789 = COORDINATED_UNIVERSAL_TIME_OFFSET ( 8, 0, .AHEAD. ) ;
#2790 = EDGE_CURVE ( 'NONE', #2886, #1321, #3081, .T. ) ;
#2791 = CARTESIAN_POINT ( 'NONE',  ( 70.00000000000009948, -785.0000000000000000, 50.00000000000000000 ) ) ;
#2792 = ORIENTED_EDGE ( 'NONE', *, *, #2383, .F. ) ;
#2793 = SECURITY_CLASSIFICATION_LEVEL ( 'unclassified' ) ;
#2794 = CARTESIAN_POINT ( 'NONE',  ( 15.90000000000005720, 363.5000000000000000, 9.399999999999995026 ) ) ;
#2795 = AXIS2_PLACEMENT_3D ( 'NONE', #1785, #691, #3194 ) ;
#2796 = ORIENTED_EDGE ( 'NONE', *, *, #2047, .F. ) ;
#2797 = DATE_AND_TIME ( #3208, #1019 ) ;
#2798 = ORIENTED_EDGE ( 'NONE', *, *, #1560, .T. ) ;
#2799 = AXIS2_PLACEMENT_3D ( 'NONE', #3092, #823, #3350 ) ;
#2800 = ADVANCED_FACE ( 'NONE', ( #3038 ), #1943, .F. ) ;
#2801 = DIRECTION ( 'NONE',  ( 1.000000000000000000, 1.224646799147353454E-16, -0.000000000000000000 ) ) ;
#2802 = DIRECTION ( 'NONE',  ( -1.000000000000000000, 0.000000000000000000, -0.000000000000000000 ) ) ;
#2803 = LINE ( 'NONE', #1130, #1563 ) ;
#2804 = PERSON_AND_ORGANIZATION_ROLE ( 'creator' ) ;
#2805 = CC_DESIGN_PERSON_AND_ORGANIZATION_ASSIGNMENT ( #1240, #3098, ( #386 ) ) ;
#2806 = DIRECTION ( 'NONE',  ( -0.000000000000000000, 1.000000000000000000, -0.000000000000000000 ) ) ;
#2807 = CIRCLE ( 'NONE', #1482, 6.500000000000005329 ) ;
#2808 = ORIENTED_EDGE ( 'NONE', *, *, #2985, .F. ) ;
#2809 = VECTOR ( 'NONE', #4, 1000.000000000000000 ) ;
#2810 = DIRECTION ( 'NONE',  ( -0.000000000000000000, -1.000000000000000000, -0.000000000000000000 ) ) ;
#2811 = CIRCLE ( 'NONE', #3428, 5.000000000000000000 ) ;
#2812 = EDGE_CURVE ( 'NONE', #359, #3342, #2110, .T. ) ;
#2813 = APPROVAL_ROLE ( '' ) ;
#2814 = FACE_OUTER_BOUND ( 'NONE', #857, .T. ) ;
#2815 = DIRECTION ( 'NONE',  ( 0.000000000000000000, 0.000000000000000000, -1.000000000000000000 ) ) ;
#2816 = DIRECTION ( 'NONE',  ( -0.000000000000000000, 1.000000000000000000, -0.000000000000000000 ) ) ;
#2817 = EDGE_LOOP ( 'NONE', ( #3375, #1622 ) ) ;
#2818 = ADVANCED_FACE ( 'NONE', ( #418, #331 ), #1930, .T. ) ;
#2819 = DIRECTION ( 'NONE',  ( -0.000000000000000000, -1.000000000000000000, -0.000000000000000000 ) ) ;
#2820 = AXIS2_PLACEMENT_3D ( 'NONE', #3136, #575, #2294 ) ;
#2821 = EDGE_LOOP ( 'NONE', ( #3304, #1469, #734, #2028 ) ) ;
#2822 = CIRCLE ( 'NONE', #2029, 26.99999999999999645 ) ;
#2823 = DIRECTION ( 'NONE',  ( -0.000000000000000000, -0.000000000000000000, -1.000000000000000000 ) ) ;
#2824 = LINE ( 'NONE', #2034, #2737 ) ;
#2825 = VERTEX_POINT ( 'NONE', #1970 ) ;
#2826 = DIRECTION ( 'NONE',  ( 0.000000000000000000, 0.000000000000000000, -1.000000000000000000 ) ) ;
#2827 = AXIS2_PLACEMENT_3D ( 'NONE', #299, #1756, #3192 ) ;
#2828 = VECTOR ( 'NONE', #1136, 1000.000000000000000 ) ;
#2829 = PERSON_AND_ORGANIZATION_ROLE ( 'creator' ) ;
#2830 = ORIENTED_EDGE ( 'NONE', *, *, #3634, .T. ) ;
#2831 = DIRECTION ( 'NONE',  ( 0.000000000000000000, 0.000000000000000000, 1.000000000000000000 ) ) ;
#2832 = DIRECTION ( 'NONE',  ( -0.000000000000000000, -0.000000000000000000, -1.000000000000000000 ) ) ;
#2833 = CARTESIAN_POINT ( 'NONE',  ( 437.0000000000000000, -57.00000000000000000, 2.000000000000000000 ) ) ;
#2834 = COORDINATED_UNIVERSAL_TIME_OFFSET ( 8, 0, .AHEAD. ) ;
#2835 = CC_DESIGN_DATE_AND_TIME_ASSIGNMENT ( #2007, #1462, ( #1885 ) ) ;
#2836 = ORIENTED_EDGE ( 'NONE', *, *, #3063, .F. ) ;
#2837 = EDGE_CURVE ( 'NONE', #2778, #2580, #3131, .T. ) ;
#2838 = ORIENTED_EDGE ( 'NONE', *, *, #2472, .T. ) ;
#2839 = CARTESIAN_POINT ( 'NONE',  ( 33.00000000000007816, 0.000000000000000000, 0.000000000000000000 ) ) ;
#2840 = APPROVAL_PERSON_ORGANIZATION ( #2583, #3103, #2247 ) ;
#2841 = DIRECTION ( 'NONE',  ( 1.000000000000000000, 0.000000000000000000, -0.000000000000000000 ) ) ;
#2842 = ORIENTED_EDGE ( 'NONE', *, *, #1053, .T. ) ;
#2843 = EDGE_CURVE ( 'NONE', #1100, #971, #681, .T. ) ;
#2844 = ADVANCED_FACE ( 'NONE', ( #2858 ), #1975, .F. ) ;
#2845 = CARTESIAN_POINT ( 'NONE',  ( 385.0000000000001137, -785.0000000000000000, 90.00000000000002842 ) ) ;
#2846 = DIRECTION ( 'NONE',  ( 0.000000000000000000, -1.000000000000000000, 0.000000000000000000 ) ) ;
#2847 = APPROVAL_DATE_TIME ( #2325, #648 ) ;
#2848 = EDGE_LOOP ( 'NONE', ( #1870, #3613, #1649, #1857 ) ) ;
#2849 = APPLICATION_CONTEXT ( 'configuration controlled 3d designs of mechanical parts and assemblies' ) ;
#2850 = EDGE_LOOP ( 'NONE', ( #991, #2638, #2863, #171 ) ) ;
#2851 = DIRECTION ( 'NONE',  ( 0.000000000000000000, 0.000000000000000000, 1.000000000000000000 ) ) ;
#2852 = DIRECTION ( 'NONE',  ( 0.000000000000000000, 0.000000000000000000, 1.000000000000000000 ) ) ;
#2853 = AXIS2_PLACEMENT_3D ( 'NONE', #2432, #1028, #1287 ) ;
#2854 = LINE ( 'NONE', #3561, #3221 ) ;
#2855 = DIRECTION ( 'NONE',  ( 0.000000000000000000, 0.000000000000000000, 1.000000000000000000 ) ) ;
#2856 = CARTESIAN_POINT ( 'NONE',  ( 22.00000000000001066, -615.0000000000000000, 586.8000000000001819 ) ) ;
#2857 = DIRECTION ( 'NONE',  ( 0.000000000000000000, 0.000000000000000000, -1.000000000000000000 ) ) ;
#2858 = FACE_OUTER_BOUND ( 'NONE', #35, .T. ) ;
#2859 = APPROVAL ( #1067, '未指定' ) ;
#2860 = ORIENTED_EDGE ( 'NONE', *, *, #984, .F. ) ;
#2861 = CARTESIAN_POINT ( 'NONE',  ( 15.90000000000000036, -65.49999999999998579, 586.0000000000001137 ) ) ;
#2862 = VECTOR ( 'NONE', #2482, 1000.000000000000000 ) ;
#2863 = ORIENTED_EDGE ( 'NONE', *, *, #527, .T. ) ;
#2864 = DIRECTION ( 'NONE',  ( 0.000000000000000000, -0.000000000000000000, -1.000000000000000000 ) ) ;
#2865 = VECTOR ( 'NONE', #269, 1000.000000000000000 ) ;
#2866 = EDGE_CURVE ( 'NONE', #489, #3170, #198, .T. ) ;
#2867 = CARTESIAN_POINT ( 'NONE',  ( 30.00000000000001421, -65.49999999999998579, 586.8000000000001819 ) ) ;
#2868 = CIRCLE ( 'NONE', #506, 5.000000000000000888 ) ;
#2869 = CARTESIAN_POINT ( 'NONE',  ( 30.00000000000000711, -57.00000000000000711, 570.0000000000001137 ) ) ;
#2870 = PLANE ( 'NONE',  #2343 ) ;
#2871 = CARTESIAN_POINT ( 'NONE',  ( 15.90000000000005720, 363.5000000000000000, 15.90000000000000036 ) ) ;
#2872 = ORIENTED_EDGE ( 'NONE', *, *, #1576, .T. ) ;
#2873 = EDGE_CURVE ( 'NONE', #2932, #1776, #3569, .T. ) ;
#2874 = PERSON_AND_ORGANIZATION_ROLE ( 'classification_officer' ) ;
#2875 = FACE_OUTER_BOUND ( 'NONE', #1062, .T. ) ;
#2876 = DIRECTION ( 'NONE',  ( 0.000000000000000000, 0.000000000000000000, 1.000000000000000000 ) ) ;
#2877 = CARTESIAN_POINT ( 'NONE',  ( 70.00000000000009948, -745.0000000000000000, 97.00000000000000000 ) ) ;
#2878 = ORIENTED_EDGE ( 'NONE', *, *, #1968, .T. ) ;
#2879 = FACE_OUTER_BOUND ( 'NONE', #1109, .T. ) ;
#2880 = PLANE ( 'NONE',  #3024 ) ;
#2881 = VECTOR ( 'NONE', #3188, 1000.000000000000000 ) ;
#2882 = AXIS2_PLACEMENT_3D ( 'NONE', #3370, #2761, #2488 ) ;
#2883 = DIRECTION ( 'NONE',  ( -0.000000000000000000, 1.000000000000000000, 0.000000000000000000 ) ) ;
#2884 = ORIENTED_EDGE ( 'NONE', *, *, #1368, .T. ) ;
#2885 =( REPRESENTATION_RELATIONSHIP ('NONE','NONE', #60, #2470 ) REPRESENTATION_RELATIONSHIP_WITH_TRANSFORMATION ( #100 )SHAPE_REPRESENTATION_RELATIONSHIP( ) );
#2886 = VERTEX_POINT ( 'NONE', #2791 ) ;
#2887 = EDGE_CURVE ( 'NONE', #967, #2074, #2201, .T. ) ;
#2888 = EDGE_LOOP ( 'NONE', ( #3444, #2089, #3431, #640 ) ) ;
#2889 = DATE_AND_TIME ( #3649, #441 ) ;
#2890 = EDGE_CURVE ( 'NONE', #2384, #448, #284, .T. ) ;
#2891 = ORIENTED_EDGE ( 'NONE', *, *, #3497, .T. ) ;
#2892 = DIRECTION ( 'NONE',  ( 0.000000000000000000, 0.000000000000000000, -1.000000000000000000 ) ) ;
#2893 = DIRECTION ( 'NONE',  ( 0.000000000000000000, -1.000000000000000000, 0.000000000000000000 ) ) ;
#2894 = ORIENTED_EDGE ( 'NONE', *, *, #3139, .T. ) ;
#2895 = CARTESIAN_POINT ( 'NONE',  ( 9.368548013477252718E-14, -365.0000000000000000, 30.00000000000000000 ) ) ;
#2896 = CARTESIAN_POINT ( 'NONE',  ( 30.00000000000000711, -114.9999999999999858, 570.0000000000001137 ) ) ;
#2897 = LINE ( 'NONE', #2159, #2148 ) ;
#2898 = AXIS2_PLACEMENT_3D ( 'NONE', #563, #19, #2286 ) ;
#2899 = PLANE ( 'NONE',  #470 ) ;
#2900 = DIRECTION ( 'NONE',  ( 0.000000000000000000, 0.000000000000000000, -1.000000000000000000 ) ) ;
#2901 = AXIS2_PLACEMENT_3D ( 'NONE', #1400, #1179, #1686 ) ;
#2902 = LINE ( 'NONE', #3272, #1075 ) ;
#2903 = DIRECTION ( 'NONE',  ( -0.000000000000000000, 1.000000000000000000, -0.000000000000000000 ) ) ;
#2904 = PLANE ( 'NONE',  #3147 ) ;
#2905 = CC_DESIGN_APPROVAL ( #2347, ( #137 ) ) ;
#2906 = DIRECTION ( 'NONE',  ( -0.000000000000000000, 1.000000000000000000, -0.000000000000000000 ) ) ;
#2907 = DIRECTION ( 'NONE',  ( -0.000000000000000000, -1.000000000000000000, -0.000000000000000000 ) ) ;
#2908 = DIRECTION ( 'NONE',  ( -0.000000000000000000, -0.000000000000000000, -1.000000000000000000 ) ) ;
#2909 = LINE ( 'NONE', #2749, #644 ) ;
#2910 = CYLINDRICAL_SURFACE ( 'NONE', #1590, 27.00000000000002487 ) ;
#2911 = CARTESIAN_POINT ( 'NONE',  ( 22.00000000000001066, -65.49999999999998579, 586.8000000000001819 ) ) ;
#2912 = ADVANCED_FACE ( 'NONE', ( #3261 ), #1673, .T. ) ;
#2913 = ORIENTED_EDGE ( 'NONE', *, *, #3324, .F. ) ;
#2914 = EDGE_CURVE ( 'NONE', #1522, #1031, #1699, .T. ) ;
#2915 = FACE_OUTER_BOUND ( 'NONE', #2547, .T. ) ;
#2916 = EDGE_LOOP ( 'NONE', ( #1595, #106 ) ) ;
#2917 = DIRECTION ( 'NONE',  ( -1.000000000000000000, -0.000000000000000000, -1.137523590804461357E-16 ) ) ;
#2918 = CARTESIAN_POINT ( 'NONE',  ( 9.368548013477252718E-14, -365.0000000000000000, 0.000000000000000000 ) ) ;
#2919 = CIRCLE ( 'NONE', #2598, 15.00000000000000000 ) ;
#2920 = CARTESIAN_POINT ( 'NONE',  ( 22.00000000000001066, -114.9999999999999858, 586.8000000000001819 ) ) ;
#2921 = CYLINDRICAL_SURFACE ( 'NONE', #3401, 5.000000000000000888 ) ;
#2922 = AXIS2_PLACEMENT_3D ( 'NONE', #3229, #132, #939 ) ;
#2923 = VERTEX_POINT ( 'NONE', #3656 ) ;
#2924 = CARTESIAN_POINT ( 'NONE',  ( 15.90000000000005720, -541.0000000000004547, 10.90000000000000036 ) ) ;
#2925 = DIRECTION ( 'NONE',  ( -1.000000000000000000, 0.000000000000000000, -1.137523590804461357E-16 ) ) ;
#2926 = CIRCLE ( 'NONE', #850, 27.00000000000002487 ) ;
#2927 = VERTEX_POINT ( 'NONE', #899 ) ;
#2928 = PRODUCT_DEFINITION_SHAPE ( 'NONE', 'NONE',  #1662 ) ;
#2929 = AXIS2_PLACEMENT_3D ( 'NONE', #94, #704, #992 ) ;
#2930 = CARTESIAN_POINT ( 'NONE',  ( 385.0000000000001137, -800.0000000000000000, 70.00000000000000000 ) ) ;
#2931 = CALENDAR_DATE ( 2026, 5, 6 ) ;
#2932 = VERTEX_POINT ( 'NONE', #576 ) ;
#2933 = PLANE ( 'NONE',  #1754 ) ;
#2934 = DIRECTION ( 'NONE',  ( -0.000000000000000000, 1.000000000000000000, -0.000000000000000000 ) ) ;
#2935 = CALENDAR_DATE ( 2026, 5, 6 ) ;
#2936 = CC_DESIGN_PERSON_AND_ORGANIZATION_ASSIGNMENT ( #1731, #513, ( #1259 ) ) ;
#2937 = ORIENTED_EDGE ( 'NONE', *, *, #3013, .F. ) ;
#2938 = LOCAL_TIME ( 8, 40, 19.00000000000000000, #1964 ) ;
#2939 = DIRECTION ( 'NONE',  ( -1.000000000000000000, -1.520853458390625560E-16, 0.000000000000000000 ) ) ;
#2940 = ORIENTED_EDGE ( 'NONE', *, *, #279, .T. ) ;
#2941 = EDGE_CURVE ( 'NONE', #2663, #1255, #1748, .T. ) ;
#2942 = DIRECTION ( 'NONE',  ( 0.000000000000000000, -1.000000000000000000, 0.000000000000000000 ) ) ;
#2943 = CARTESIAN_POINT ( 'NONE',  ( 0.000000000000000000, 0.000000000000000000, 120.0000000000000000 ) ) ;
#2944 = ORIENTED_EDGE ( 'NONE', *, *, #1824, .T. ) ;
#2945 = EDGE_LOOP ( 'NONE', ( #936, #252, #211, #3528 ) ) ;
#2946 = EDGE_CURVE ( 'NONE', #1050, #3651, #2382, .T. ) ;
#2947 = ORIENTED_EDGE ( 'NONE', *, *, #1420, .T. ) ;
#2948 = DIRECTION ( 'NONE',  ( 0.000000000000000000, -1.000000000000000000, 0.000000000000000000 ) ) ;
#2949 = CARTESIAN_POINT ( 'NONE',  ( 30.00000000000000711, -57.00000000000000711, 570.0000000000001137 ) ) ;
#2950 = CARTESIAN_POINT ( 'NONE',  ( 30.00000000000000711, -65.49999999999998579, 570.0000000000001137 ) ) ;
#2951 = AXIS2_PLACEMENT_3D ( 'NONE', #2616, #663, #363 ) ;
#2952 = LINE ( 'NONE', #2877, #2290 ) ;
#2953 = CARTESIAN_POINT ( 'NONE',  ( 15.00000000000009059, 300.0000000000000000, 15.00000000000000000 ) ) ;
#2954 = ORIENTED_EDGE ( 'NONE', *, *, #1291, .T. ) ;
#2955 = VECTOR ( 'NONE', #1015, 1000.000000000000000 ) ;
#2956 = ORIENTED_EDGE ( 'NONE', *, *, #660, .T. ) ;
#2957 = LINE ( 'NONE', #2867, #647 ) ;
#2958 = ORIENTED_EDGE ( 'NONE', *, *, #1438, .T. ) ;
#2959 = LINE ( 'NONE', #1900, #1129 ) ;
#2960 = CARTESIAN_POINT ( 'NONE',  ( 15.90000000000005720, 363.5000000000000000, 22.40000000000000568 ) ) ;
#2961 = ORIENTED_EDGE ( 'NONE', *, *, #2501, .F. ) ;
#2962 = CARTESIAN_POINT ( 'NONE',  ( 15.90000000000000036, -65.49999999999998579, 591.0500000000000682 ) ) ;
#2963 = VECTOR ( 'NONE', #3424, 1000.000000000000000 ) ;
#2964 = EDGE_LOOP ( 'NONE', ( #3097, #1689 ) ) ;
#2965 = EDGE_CURVE ( 'NONE', #1990, #2384, #2065, .T. ) ;
#2966 = VECTOR ( 'NONE', #702, 1000.000000000000000 ) ;
#2967 = CIRCLE ( 'NONE', #2072, 5.000000000000000888 ) ;
#2968 = EDGE_LOOP ( 'NONE', ( #544, #894, #507, #2686 ) ) ;
#2969 = ADVANCED_FACE ( 'NONE', ( #855 ), #3534, .T. ) ;
#2970 = AXIS2_PLACEMENT_3D ( 'NONE', #812, #2801, #3376 ) ;
#2971 = DATE_AND_TIME ( #2931, #1860 ) ;
#2972 = ORIENTED_EDGE ( 'NONE', *, *, #1540, .F. ) ;
#2973 = LOCAL_TIME ( 8, 40, 19.00000000000000000, #1907 ) ;
#2974 = AXIS2_PLACEMENT_3D ( 'NONE', #525, #2208, #2223 ) ;
#2975 = ORIENTED_EDGE ( 'NONE', *, *, #1939, .T. ) ;
#2976 = CALENDAR_DATE ( 2026, 5, 6 ) ;
#2977 = VERTEX_POINT ( 'NONE', #37 ) ;
#2978 = APPROVAL ( #3165, 'UNKNOWN' ) ;
#2979 = ORIENTED_EDGE ( 'NONE', *, *, #1968, .F. ) ;
#2980 = ORIENTED_EDGE ( 'NONE', *, *, #770, .T. ) ;
#2981 = DIRECTION ( 'NONE',  ( -0.000000000000000000, -0.000000000000000000, -1.000000000000000000 ) ) ;
#2982 = DIRECTION ( 'NONE',  ( 0.000000000000000000, -1.000000000000000000, 0.000000000000000000 ) ) ;
#2983 = CARTESIAN_POINT ( 'NONE',  ( 5.200000000000006395, -65.49999999999998579, 570.0000000000001137 ) ) ;
#2984 = ORIENTED_EDGE ( 'NONE', *, *, #1820, .F. ) ;
#2985 = EDGE_CURVE ( 'NONE', #2221, #1008, #600, .T. ) ;
#2986 = DIRECTION ( 'NONE',  ( -0.000000000000000000, 0.000000000000000000, 1.000000000000000000 ) ) ;
#2987 = CYLINDRICAL_SURFACE ( 'NONE', #3406, 5.000000000000000000 ) ;
#2988 = ADVANCED_FACE ( 'NONE', ( #2027 ), #2870, .T. ) ;
#2989 = DIRECTION ( 'NONE',  ( 0.000000000000000000, -1.000000000000000000, 0.000000000000000000 ) ) ;
#2990 = AXIS2_PLACEMENT_3D ( 'NONE', #1629, #782, #2199 ) ;
#2991 = FACE_OUTER_BOUND ( 'NONE', #111, .T. ) ;
#2992 = CARTESIAN_POINT ( 'NONE',  ( 70.00000000000009948, -800.0000000000000000, 70.00000000000000000 ) ) ;
#2993 = DIRECTION ( 'NONE',  ( 0.000000000000000000, 0.000000000000000000, -1.000000000000000000 ) ) ;
#2994 = ORIENTED_EDGE ( 'NONE', *, *, #3271, .T. ) ;
#2995 = AXIS2_PLACEMENT_3D ( 'NONE', #854, #617, #1138 ) ;
#2996 = CIRCLE ( 'NONE', #2224, 26.99999999999999645 ) ;
#2997 = PLANE ( 'NONE',  #1301 ) ;
#2998 = CIRCLE ( 'NONE', #744, 20.00000000000001776 ) ;
#2999 = VECTOR ( 'NONE', #493, 1000.000000000000000 ) ;
#3000 = CC_DESIGN_APPROVAL ( #648, ( #1212 ) ) ;
#3001 = CARTESIAN_POINT ( 'NONE',  ( 30.00000000000008527, -708.0000000000000000, 570.0000000000001137 ) ) ;
#3002 = CIRCLE ( 'NONE', #3234, 5.049999999999998934 ) ;
#3003 = CIRCLE ( 'NONE', #599, 6.450000000000001066 ) ;
#3004 = DIRECTION ( 'NONE',  ( -1.000000000000000000, 0.000000000000000000, -0.000000000000000000 ) ) ;
#3005 = ADVANCED_FACE ( 'NONE', ( #2764, #947 ), #1444, .F. ) ;
#3006 = EDGE_CURVE ( 'NONE', #3064, #528, #118, .T. ) ;
#3007 = LINE ( 'NONE', #389, #1499 ) ;
#3008 = DIRECTION ( 'NONE',  ( -0.000000000000000000, 1.000000000000000000, -0.000000000000000000 ) ) ;
#3009 = VECTOR ( 'NONE', #2906, 1000.000000000000000 ) ;
#3010 = ORIENTED_EDGE ( 'NONE', *, *, #984, .T. ) ;
#3011 = DIRECTION ( 'NONE',  ( -0.000000000000000000, 1.000000000000000000, 0.000000000000000000 ) ) ;
#3012 = VECTOR ( 'NONE', #3421, 1000.000000000000000 ) ;
#3013 = EDGE_CURVE ( 'NONE', #852, #1918, #1253, .T. ) ;
#3014 = VERTEX_POINT ( 'NONE', #3405 ) ;
#3015 = ORIENTED_EDGE ( 'NONE', *, *, #2281, .F. ) ;
#3016 = CARTESIAN_POINT ( 'NONE',  ( 15.90000000000005720, -541.0000000000004547, 10.90000000000000036 ) ) ;
#3017 = ORIENTED_EDGE ( 'NONE', *, *, #2111, .F. ) ;
#3018 = COORDINATED_UNIVERSAL_TIME_OFFSET ( 8, 0, .AHEAD. ) ;
#3019 = CARTESIAN_POINT ( 'NONE',  ( 70.00000000000009948, -745.0000000000000000, 43.00000000000000711 ) ) ;
#3020 = CARTESIAN_POINT ( 'NONE',  ( 0.000000000000000000, 0.000000000000000000, 119.0000000000000142 ) ) ;
#3021 = ORIENTED_EDGE ( 'NONE', *, *, #3558, .F. ) ;
#3022 =( LENGTH_UNIT ( ) NAMED_UNIT ( * ) SI_UNIT ( .MILLI., .METRE. ) );
#3023 = LOCAL_TIME ( 8, 40, 19.00000000000000000, #1558 ) ;
#3024 = AXIS2_PLACEMENT_3D ( 'NONE', #2289, #1161, #3455 ) ;
#3025 = DIRECTION ( 'NONE',  ( -0.000000000000000000, 1.000000000000000000, -0.000000000000000000 ) ) ;
#3026 = ORIENTED_EDGE ( 'NONE', *, *, #2965, .F. ) ;
#3027 = PLANE ( 'NONE',  #1880 ) ;
#3028 = ORIENTED_EDGE ( 'NONE', *, *, #304, .F. ) ;
#3029 = ORIENTED_EDGE ( 'NONE', *, *, #957, .T. ) ;
#3030 = EDGE_CURVE ( 'NONE', #1507, #1806, #1211, .T. ) ;
#3031 = CARTESIAN_POINT ( 'NONE',  ( 70.00000000000009948, -730.0000000000000000, 70.00000000000000000 ) ) ;
#3032 = CARTESIAN_POINT ( 'NONE',  ( 0.000000000000000000, 0.000000000000000000, 119.0000000000000142 ) ) ;
#3033 = FACE_OUTER_BOUND ( 'NONE', #2709, .T. ) ;
#3034 = EDGE_CURVE ( 'NONE', #1751, #2786, #3302, .T. ) ;
#3035 = CARTESIAN_POINT ( 'NONE',  ( 385.0000000000001137, -785.0000000000000000, 500.0000000000000000 ) ) ;
#3036 = VERTEX_POINT ( 'NONE', #277 ) ;
#3037 = EDGE_CURVE ( 'NONE', #1749, #590, #542, .T. ) ;
#3038 = FACE_OUTER_BOUND ( 'NONE', #874, .T. ) ;
#3039 = CARTESIAN_POINT ( 'NONE',  ( 5.000000000000000000, 6.123233995736766282E-16, 119.0000000000000142 ) ) ;
#3040 = ORIENTED_EDGE ( 'NONE', *, *, #1991, .T. ) ;
#3041 = CYLINDRICAL_SURFACE ( 'NONE', #3485, 5.000000000000000000 ) ;
#3042 = PRODUCT_DEFINITION_SHAPE ( 'NONE', 'NONE',  #3682 ) ;
#3043 = CARTESIAN_POINT ( 'NONE',  ( 9.367506770274758310E-14, -250.0000000000000000, 27.00000000000000355 ) ) ;
#3044 = AXIS2_PLACEMENT_3D ( 'NONE', #194, #481, #2155 ) ;
#3045 = ORIENTED_EDGE ( 'NONE', *, *, #2538, .F. ) ;
#3046 = DIRECTION ( 'NONE',  ( 0.000000000000000000, 1.000000000000000000, 0.000000000000000000 ) ) ;
#3047 = VECTOR ( 'NONE', #2614, 1000.000000000000000 ) ;
#3048 = CARTESIAN_POINT ( 'NONE',  ( 0.000000000000000000, 0.000000000000000000, 570.0000000000001137 ) ) ;
#3049 = ORIENTED_EDGE ( 'NONE', *, *, #2610, .F. ) ;
#3050 = PRODUCT_RELATED_PRODUCT_CATEGORY ( 'detail', '', ( #125 ) ) ;
#3051 = ORIENTED_EDGE ( 'NONE', *, *, #1675, .T. ) ;
#3052 = DIRECTION ( 'NONE',  ( -1.000000000000000000, -0.000000000000000000, -0.000000000000000000 ) ) ;
#3053 = VECTOR ( 'NONE', #2917, 1000.000000000000000 ) ;
#3054 = ORIENTED_EDGE ( 'NONE', *, *, #2093, .F. ) ;
#3055 = EDGE_CURVE ( 'NONE', #1001, #1845, #1169, .T. ) ;
#3056 = DIRECTION ( 'NONE',  ( -0.000000000000000000, -1.000000000000000000, -0.000000000000000000 ) ) ;
#3057 = DIRECTION ( 'NONE',  ( 0.000000000000000000, 0.000000000000000000, -1.000000000000000000 ) ) ;
#3058 = CALENDAR_DATE ( 2026, 5, 6 ) ;
#3059 = APPLICATION_CONTEXT ( 'configuration controlled 3d designs of mechanical parts and assemblies' ) ;
#3060 = VERTEX_POINT ( 'NONE', #1740 ) ;
#3061 = CARTESIAN_POINT ( 'NONE',  ( 30.00000000000016698, -57.00000000000000000, -0.000000000000000000 ) ) ;
#3062 = DIRECTION ( 'NONE',  ( 1.000000000000000000, 0.000000000000000000, -0.000000000000000000 ) ) ;
#3063 = EDGE_CURVE ( 'NONE', #115, #2191, #2952, .T. ) ;
#3064 = VERTEX_POINT ( 'NONE', #1835 ) ;
#3065 = AXIS2_PLACEMENT_3D ( 'NONE', #2200, #2750, #804 ) ;
#3066 = VERTEX_POINT ( 'NONE', #671 ) ;
#3067 = CARTESIAN_POINT ( 'NONE',  ( 30.00000000000000711, -57.00000000000000711, 570.0000000000001137 ) ) ;
#3068 = APPROVAL_DATE_TIME ( #2797, #2629 ) ;
#3069 = ORIENTED_EDGE ( 'NONE', *, *, #1053, .F. ) ;
#3070 = MECHANICAL_CONTEXT ( 'NONE', #2184, 'mechanical' ) ;
#3071 = AXIS2_PLACEMENT_3D ( 'NONE', #2911, #1254, #2713 ) ;
#3072 = CARTESIAN_POINT ( 'NONE',  ( 30.00000000000008527, -708.0000000000000000, 20.00000000000001776 ) ) ;
#3073 = CARTESIAN_POINT ( 'NONE',  ( 5.200000000000008171, -65.49999999999998579, 586.8000000000001819 ) ) ;
#3074 = ADVANCED_FACE ( 'NONE', ( #1928, #761 ), #3244, .F. ) ;
#3075 = EDGE_LOOP ( 'NONE', ( #1539, #3384, #1919, #624 ) ) ;
#3076 = LINE ( 'NONE', #3206, #68 ) ;
#3077 = EDGE_CURVE ( 'NONE', #2364, #2022, #2550, .T. ) ;
#3078 = PLANE ( 'NONE',  #1478 ) ;
#3079 = DIRECTION ( 'NONE',  ( -1.032573497605233103E-16, 0.000000000000000000, -1.000000000000000000 ) ) ;
#3080 = DIRECTION ( 'NONE',  ( 0.000000000000000000, 0.000000000000000000, -1.000000000000000000 ) ) ;
#3081 = CIRCLE ( 'NONE', #3614, 20.00000000000000355 ) ;
#3082 = EDGE_CURVE ( 'NONE', #528, #3064, #1209, .T. ) ;
#3083 = APPROVAL_ROLE ( '' ) ;
#3084 = VERTEX_POINT ( 'NONE', #408 ) ;
#3085 = CARTESIAN_POINT ( 'NONE',  ( 455.0000000000001137, 365.0000000000000000, 30.00000000000000000 ) ) ;
#3086 = LINE ( 'NONE', #3439, #2342 ) ;
#3087 = ADVANCED_FACE ( 'NONE', ( #2336 ), #3027, .T. ) ;
#3088 = CARTESIAN_POINT ( 'NONE',  ( 30.00000000000000711, -114.9999999999999858, 570.0000000000001137 ) ) ;
#3089 = LINE ( 'NONE', #2212, #2033 ) ;
#3090 = AXIS2_PLACEMENT_3D ( 'NONE', #2711, #1027, #2420 ) ;
#3091 = FACE_OUTER_BOUND ( 'NONE', #2438, .T. ) ;
#3092 = CARTESIAN_POINT ( 'NONE',  ( 70.00000000000008527, -730.0000000000000000, 500.0000000000000000 ) ) ;
#3093 = VECTOR ( 'NONE', #301, 1000.000000000000000 ) ;
#3094 = DIRECTION ( 'NONE',  ( 0.000000000000000000, 0.000000000000000000, 1.000000000000000000 ) ) ;
#3095 = VECTOR ( 'NONE', #1150, 1000.000000000000000 ) ;
#3096 = AXIS2_PLACEMENT_3D ( 'NONE', #2633, #323, #1496 ) ;
#3097 = ORIENTED_EDGE ( 'NONE', *, *, #3030, .T. ) ;
#3098 = PERSON_AND_ORGANIZATION_ROLE ( 'design_supplier' ) ;
#3099 = CIRCLE ( 'NONE', #3584, 20.00000000000001776 ) ;
#3100 = LINE ( 'NONE', #1767, #1765 ) ;
#3101 = CARTESIAN_POINT ( 'NONE',  ( 385.0000000000001137, -800.0000000000000000, 500.0000000000000000 ) ) ;
#3102 = ORIENTED_EDGE ( 'NONE', *, *, #3006, .T. ) ;
#3103 = APPROVAL ( #3367, '未指定' ) ;
#3104 = CARTESIAN_POINT ( 'NONE',  ( 15.00000000000009059, 250.0000000000000000, 0.000000000000000000 ) ) ;
#3105 = ORIENTED_EDGE ( 'NONE', *, *, #439, .T. ) ;
#3106 = DESIGN_CONTEXT ( 'detailed design', #2849, 'design' ) ;
#3107 = EDGE_CURVE ( 'NONE', #1829, #2340, #237, .T. ) ;
#3108 = ADVANCED_FACE ( 'NONE', ( #2422, #713 ), #2190, .T. ) ;
#3109 = ADVANCED_BREP_SHAPE_REPRESENTATION ( '', ( #1350, #218 ), #407 ) ;
#3110 = ORIENTED_EDGE ( 'NONE', *, *, #2427, .F. ) ;
#3111 = MECHANICAL_CONTEXT ( 'NONE', #3059, 'mechanical' ) ;
#3112 = COORDINATED_UNIVERSAL_TIME_OFFSET ( 8, 0, .AHEAD. ) ;
#3113 = CARTESIAN_POINT ( 'NONE',  ( 15.90000000000000036, -664.5000000000000000, 586.0000000000001137 ) ) ;
#3114 = CARTESIAN_POINT ( 'NONE',  ( 30.00000000000004263, -369.9999999999999432, 570.0000000000001137 ) ) ;
#3115 = AXIS2_PLACEMENT_3D ( 'NONE', #3533, #404, #2900 ) ;
#3116 = VERTEX_POINT ( 'NONE', #3266 ) ;
#3117 = PERSON_AND_ORGANIZATION ( #1826, #2100 ) ;
#3118 = DIRECTION ( 'NONE',  ( 0.000000000000000000, 0.000000000000000000, 1.000000000000000000 ) ) ;
#3119 = ORIENTED_EDGE ( 'NONE', *, *, #3055, .T. ) ;
#3120 = DIRECTION ( 'NONE',  ( -0.000000000000000000, -1.000000000000000000, -0.000000000000000000 ) ) ;
#3121 = AXIS2_PLACEMENT_3D ( 'NONE', #78, #2059, #3167 ) ;
#3122 = ORIENTED_EDGE ( 'NONE', *, *, #2158, .T. ) ;
#3123 = ORIENTED_EDGE ( 'NONE', *, *, #453, .F. ) ;
#3124 = CARTESIAN_POINT ( 'NONE',  ( 385.0000000000001137, -785.0000000000000000, 520.0000000000000000 ) ) ;
#3125 = DIRECTION ( 'NONE',  ( 1.000000000000000000, 1.704887937077943325E-17, 0.000000000000000000 ) ) ;
#3126 = DIRECTION ( 'NONE',  ( -0.000000000000000000, -0.000000000000000000, -1.000000000000000000 ) ) ;
#3127 = APPROVAL_STATUS ( 'not_yet_approved' ) ;
#3128 = CC_DESIGN_PERSON_AND_ORGANIZATION_ASSIGNMENT ( #2095, #290, ( #1805 ) ) ;
#3129 = DIRECTION ( 'NONE',  ( 0.000000000000000000, 0.000000000000000000, -1.000000000000000000 ) ) ;
#3130 = ADVANCED_FACE ( 'NONE', ( #3033 ), #1792, .T. ) ;
#3131 = LINE ( 'NONE', #1916, #1881 ) ;
#3132 = CARTESIAN_POINT ( 'NONE',  ( 70.00000000000009948, -785.0000000000000000, 50.00000000000000000 ) ) ;
#3133 = EDGE_CURVE ( 'NONE', #3538, #3066, #2196, .T. ) ;
#3134 = CARTESIAN_POINT ( 'NONE',  ( 385.0000000000001137, -745.0000000000000000, 500.0000000000000000 ) ) ;
#3135 = ORIENTED_EDGE ( 'NONE', *, *, #1535, .T. ) ;
#3136 = CARTESIAN_POINT ( 'NONE',  ( 15.00000000000009059, 365.0000000000000000, 15.00000000000000000 ) ) ;
#3137 = CARTESIAN_POINT ( 'NONE',  ( 9.368548013477252718E-14, 365.0000000000000000, 30.00000000000000000 ) ) ;
#3138 = DIRECTION ( 'NONE',  ( 0.000000000000000000, 1.000000000000000000, -0.000000000000000000 ) ) ;
#3139 = EDGE_CURVE ( 'NONE', #2647, #3625, #2466, .T. ) ;
#3140 = SECURITY_CLASSIFICATION_LEVEL ( 'unclassified' ) ;
#3141 = LINE ( 'NONE', #1895, #864 ) ;
#3142 = CARTESIAN_POINT ( 'NONE',  ( 30.00000000000000711, -65.49999999999998579, 570.0000000000001137 ) ) ;
#3143 = CARTESIAN_POINT ( 'NONE',  ( 70.00000000000009948, -745.0000000000000000, 70.00000000000000000 ) ) ;
#3144 = VECTOR ( 'NONE', #586, 1000.000000000000000 ) ;
#3145 = VECTOR ( 'NONE', #1336, 1000.000000000000000 ) ;
#3146 = CARTESIAN_POINT ( 'NONE',  ( 385.0000000000001137, -730.0000000000000000, 70.00000000000000000 ) ) ;
#3147 = AXIS2_PLACEMENT_3D ( 'NONE', #2920, #2653, #3489 ) ;
#3148 = VERTEX_POINT ( 'NONE', #2162 ) ;
#3149 = CARTESIAN_POINT ( 'NONE',  ( 15.90000000000000036, -114.9999999999999858, 586.0000000000001137 ) ) ;
#3150 = VECTOR ( 'NONE', #1000, 1000.000000000000000 ) ;
#3151 = DIRECTION ( 'NONE',  ( 0.000000000000000000, 0.000000000000000000, -1.000000000000000000 ) ) ;
#3152 = VECTOR ( 'NONE', #2320, 1000.000000000000000 ) ;
#3153 = ORIENTED_EDGE ( 'NONE', *, *, #3525, .T. ) ;
#3154 = APPROVAL_PERSON_ORGANIZATION ( #1548, #1116, #2058 ) ;
#3155 = EDGE_LOOP ( 'NONE', ( #1446, #120, #414, #208, #627, #318, #585, #391 ) ) ;
#3156 = CARTESIAN_POINT ( 'NONE',  ( 9.368548013477252718E-14, 365.0000000000000000, 30.00000000000000000 ) ) ;
#3157 = DIRECTION ( 'NONE',  ( -0.000000000000000000, 1.000000000000000000, -0.000000000000000000 ) ) ;
#3158 = VERTEX_POINT ( 'NONE', #2465 ) ;
#3159 = EDGE_CURVE ( 'NONE', #590, #3471, #2854, .T. ) ;
#3160 = DIRECTION ( 'NONE',  ( 0.000000000000000000, 0.000000000000000000, -1.000000000000000000 ) ) ;
#3161 = DIRECTION ( 'NONE',  ( 0.000000000000000000, -1.000000000000000000, 0.000000000000000000 ) ) ;
#3162 = DATE_AND_TIME ( #3332, #792 ) ;
#3163 = CARTESIAN_POINT ( 'NONE',  ( 437.0000000000000568, -369.9999999999999432, 977.3978399550003360 ) ) ;
#3164 = EDGE_LOOP ( 'NONE', ( #1642, #97 ) ) ;
#3165 = APPROVAL_STATUS ( 'not_yet_approved' ) ;
#3166 = DIRECTION ( 'NONE',  ( 0.000000000000000000, -1.000000000000000000, 0.000000000000000000 ) ) ;
#3167 = DIRECTION ( 'NONE',  ( 0.000000000000000000, 0.000000000000000000, -1.000000000000000000 ) ) ;
#3168 = AXIS2_PLACEMENT_3D ( 'NONE', #1793, #665, #2121 ) ;
#3169 = ORIENTED_EDGE ( 'NONE', *, *, #419, .T. ) ;
#3170 = VERTEX_POINT ( 'NONE', #2150 ) ;
#3171 = DIRECTION ( 'NONE',  ( -0.000000000000000000, -0.000000000000000000, -1.000000000000000000 ) ) ;
#3172 = DIRECTION ( 'NONE',  ( 0.000000000000000000, -1.000000000000000000, 0.000000000000000000 ) ) ;
#3173 = CARTESIAN_POINT ( 'NONE',  ( 385.0000000000001137, -745.0000000000000000, 70.00000000000000000 ) ) ;
#3174 = CARTESIAN_POINT ( 'NONE',  ( 15.90000000000005720, -363.5000000000000000, 9.399999999999995026 ) ) ;
#3175 = CC_DESIGN_PERSON_AND_ORGANIZATION_ASSIGNMENT ( #1548, #356, ( #295 ) ) ;
#3176 = ORIENTED_EDGE ( 'NONE', *, *, #1841, .F. ) ;
#3177 = CARTESIAN_POINT ( 'NONE',  ( 15.90000000000005720, -541.0000000000004547, 15.90000000000000036 ) ) ;
#3178 = CARTESIAN_POINT ( 'NONE',  ( 15.00000000000009059, -250.0000000000000000, 15.00000000000000000 ) ) ;
#3179 = FACE_OUTER_BOUND ( 'NONE', #633, .T. ) ;
#3180 = ORIENTED_EDGE ( 'NONE', *, *, #1914, .F. ) ;
#3181 = CARTESIAN_POINT ( 'NONE',  ( 0.000000000000000000, 0.000000000000000000, -1.500000000000000000 ) ) ;
#3182 = LINE ( 'NONE', #2250, #2428 ) ;
#3183 = EDGE_CURVE ( 'NONE', #978, #3629, #3388, .T. ) ;
#3184 = LINE ( 'NONE', #3085, #1395 ) ;
#3185 = DIRECTION ( 'NONE',  ( 0.000000000000000000, 0.000000000000000000, 1.000000000000000000 ) ) ;
#3186 = AXIS2_PLACEMENT_3D ( 'NONE', #699, #451, #2138 ) ;
#3187 = FACE_OUTER_BOUND ( 'NONE', #2508, .T. ) ;
#3188 = DIRECTION ( 'NONE',  ( -0.000000000000000000, -0.000000000000000000, -1.000000000000000000 ) ) ;
#3189 = CARTESIAN_POINT ( 'NONE',  ( 5.000000000000000000, 6.123233995736766282E-16, 0.000000000000000000 ) ) ;
#3190 = ORIENTED_EDGE ( 'NONE', *, *, #3183, .T. ) ;
#3191 = LINE ( 'NONE', #3574, #1763 ) ;
#3192 = DIRECTION ( 'NONE',  ( 0.000000000000000000, 0.000000000000000000, -1.000000000000000000 ) ) ;
#3193 = CIRCLE ( 'NONE', #988, 27.00000000000000355 ) ;
#3194 = DIRECTION ( 'NONE',  ( 0.000000000000000000, 0.000000000000000000, -1.000000000000000000 ) ) ;
#3195 = ORIENTED_EDGE ( 'NONE', *, *, #1697, .F. ) ;
#3196 = LINE ( 'NONE', #62, #3152 ) ;
#3197 = DIRECTION ( 'NONE',  ( -0.000000000000000000, 1.000000000000000000, -0.000000000000000000 ) ) ;
#3198 = ORIENTED_EDGE ( 'NONE', *, *, #3107, .T. ) ;
#3199 = CC_DESIGN_DATE_AND_TIME_ASSIGNMENT ( #3162, #3379, ( #2735 ) ) ;
#3200 = CARTESIAN_POINT ( 'NONE',  ( 70.00000000000009948, -785.0000000000000000, 70.00000000000000000 ) ) ;
#3201 = ADVANCED_FACE ( 'NONE', ( #805, #1879 ), #760, .F. ) ;
#3202 = DATE_AND_TIME ( #263, #1416 ) ;
#3203 = DIRECTION ( 'NONE',  ( -0.000000000000000000, 1.000000000000000000, -0.000000000000000000 ) ) ;
#3204 = EDGE_LOOP ( 'NONE', ( #745, #692 ) ) ;
#3205 = DATE_AND_TIME ( #399, #1277 ) ;
#3206 = CARTESIAN_POINT ( 'NONE',  ( -28.00000000000005684, -300.0000000000000000, 27.00000000000000000 ) ) ;
#3207 = ORIENTED_EDGE ( 'NONE', *, *, #2726, .T. ) ;
#3208 = CALENDAR_DATE ( 2026, 5, 6 ) ;
#3209 = EDGE_CURVE ( 'NONE', #2591, #1255, #2244, .T. ) ;
#3210 = ORIENTED_EDGE ( 'NONE', *, *, #2664, .F. ) ;
#3211 = CARTESIAN_POINT ( 'NONE',  ( 9.368548013477252718E-14, -365.0000000000000000, 30.00000000000000000 ) ) ;
#3212 = DIRECTION ( 'NONE',  ( -1.288758049684149971E-16, 0.000000000000000000, 1.000000000000000000 ) ) ;
#3213 = ORIENTED_EDGE ( 'NONE', *, *, #916, .T. ) ;
#3214 = EDGE_LOOP ( 'NONE', ( #1647, #402, #1593, #1413 ) ) ;
#3215 = PLANE ( 'NONE',  #463 ) ;
#3216 = CARTESIAN_POINT ( 'NONE',  ( 385.0000000000001137, -800.0000000000000000, 500.0000000000000000 ) ) ;
#3217 = FACE_OUTER_BOUND ( 'NONE', #1370, .T. ) ;
#3218 = AXIS2_PLACEMENT_3D ( 'NONE', #2871, #2323, #3407 ) ;
#3219 = CARTESIAN_POINT ( 'NONE',  ( 9.367506770274758310E-14, 300.0000000000000000, 27.00000000000000355 ) ) ;
#3220 = ADVANCED_FACE ( 'NONE', ( #1527 ), #369, .T. ) ;
#3221 = VECTOR ( 'NONE', #743, 1000.000000000000000 ) ;
#3222 = DIRECTION ( 'NONE',  ( 0.000000000000000000, 0.000000000000000000, 1.000000000000000000 ) ) ;
#3223 = EDGE_LOOP ( 'NONE', ( #2328, #2830 ) ) ;
#3224 = ORIENTED_EDGE ( 'NONE', *, *, #2406, .T. ) ;
#3225 = CC_DESIGN_DATE_AND_TIME_ASSIGNMENT ( #54, #1379, ( #1662 ) ) ;
#3226 = ORIENTED_EDGE ( 'NONE', *, *, #1385, .T. ) ;
#3227 = VECTOR ( 'NONE', #2577, 1000.000000000000000 ) ;
#3228 = VERTEX_POINT ( 'NONE', #1069 ) ;
#3229 = CARTESIAN_POINT ( 'NONE',  ( 70.00000000000008527, -785.0000000000000000, 500.0000000000000000 ) ) ;
#3230 = EDGE_CURVE ( 'NONE', #3516, #1401, #283, .T. ) ;
#3231 = CIRCLE ( 'NONE', #3456, 26.99999999999999645 ) ;
#3232 = EDGE_LOOP ( 'NONE', ( #52, #3254, #2417, #130 ) ) ;
#3233 = LINE ( 'NONE', #2707, #3150 ) ;
#3234 = AXIS2_PLACEMENT_3D ( 'NONE', #612, #1188, #1439 ) ;
#3235 = ORIENTED_EDGE ( 'NONE', *, *, #3315, .T. ) ;
#3236 = CARTESIAN_POINT ( 'NONE',  ( 385.0000000000001137, -745.0000000000000000, 527.0000000000000000 ) ) ;
#3237 = PLANE ( 'NONE',  #2780 ) ;
#3238 = CIRCLE ( 'NONE', #1564, 20.00000000000001776 ) ;
#3239 = ORIENTED_EDGE ( 'NONE', *, *, #1223, .T. ) ;
#3240 = DIRECTION ( 'NONE',  ( -0.000000000000000000, 1.000000000000000000, 0.000000000000000000 ) ) ;
#3241 = AXIS2_PLACEMENT_3D ( 'NONE', #712, #2744, #1002 ) ;
#3242 = DIRECTION ( 'NONE',  ( 0.000000000000000000, -1.000000000000000000, 0.000000000000000000 ) ) ;
#3243 = ORIENTED_EDGE ( 'NONE', *, *, #737, .F. ) ;
#3244 = PLANE ( 'NONE',  #907 ) ;
#3245 = PERSON_AND_ORGANIZATION ( #1826, #2100 ) ;
#3246 = APPROVAL ( #2473, '未指定' ) ;
#3247 = EDGE_LOOP ( 'NONE', ( #608, #85 ) ) ;
#3248 = COORDINATED_UNIVERSAL_TIME_OFFSET ( 8, 0, .AHEAD. ) ;
#3249 = VERTEX_POINT ( 'NONE', #1411 ) ;
#3250 = EDGE_CURVE ( 'NONE', #2171, #1004, #195, .T. ) ;
#3251 = CARTESIAN_POINT ( 'NONE',  ( 70.00000000000008527, -800.0000000000000000, 500.0000000000000000 ) ) ;
#3252 = SHAPE_DEFINITION_REPRESENTATION ( #3573, #60 ) ;
#3253 = ORIENTED_EDGE ( 'NONE', *, *, #2356, .T. ) ;
#3254 = ORIENTED_EDGE ( 'NONE', *, *, #2699, .T. ) ;
#3255 = EDGE_CURVE ( 'NONE', #884, #978, #2288, .T. ) ;
#3256 = EDGE_LOOP ( 'NONE', ( #1546, #1427, #2748, #1247 ) ) ;
#3257 = LINE ( 'NONE', #1500, #1695 ) ;
#3258 = DIRECTION ( 'NONE',  ( 0.000000000000000000, 1.000000000000000000, 0.000000000000000000 ) ) ;
#3259 = CARTESIAN_POINT ( 'NONE',  ( 70.00000000000008527, -785.0000000000000000, 500.0000000000000000 ) ) ;
#3260 = AXIS2_PLACEMENT_3D ( 'NONE', #3463, #2361, #626 ) ;
#3261 = FACE_OUTER_BOUND ( 'NONE', #1108, .T. ) ;
#3262 = DIRECTION ( 'NONE',  ( 0.000000000000000000, -1.000000000000000000, 0.000000000000000000 ) ) ;
#3263 = VERTEX_POINT ( 'NONE', #245 ) ;
#3264 = FACE_BOUND ( 'NONE', #1431, .T. ) ;
#3265 =( GEOMETRIC_REPRESENTATION_CONTEXT ( 3 ) GLOBAL_UNCERTAINTY_ASSIGNED_CONTEXT ( ( #313 ) ) GLOBAL_UNIT_ASSIGNED_CONTEXT ( ( #3577, #2172, #738 ) ) REPRESENTATION_CONTEXT ( 'NONE', 'WORKASPACE' ) );
#3266 = CARTESIAN_POINT ( 'NONE',  ( 30.00000000000016698, -57.00000000000000000, 2.000000000000000000 ) ) ;
#3267 = CIRCLE ( 'NONE', #337, 27.00000000000007816 ) ;
#3268 = CARTESIAN_POINT ( 'NONE',  ( 455.0000000000001137, -730.0000000000000000, 570.0000000000001137 ) ) ;
#3269 = ADVANCED_FACE ( 'NONE', ( #1657 ), #3660, .T. ) ;
#3270 = LINE ( 'NONE', #121, #2693 ) ;
#3271 = EDGE_CURVE ( 'NONE', #3678, #2315, #2151, .T. ) ;
#3272 = CARTESIAN_POINT ( 'NONE',  ( -0.000000000000000000, 250.0000000000000000, 0.000000000000000000 ) ) ;
#3273 = CARTESIAN_POINT ( 'NONE',  ( 70.00000000000008527, -745.0000000000000000, 527.0000000000000000 ) ) ;
#3274 = EDGE_LOOP ( 'NONE', ( #1559, #7, #2305, #1531 ) ) ;
#3275 = PLANE ( 'NONE',  #1613 ) ;
#3276 = CIRCLE ( 'NONE', #3260, 20.00000000000001776 ) ;
#3277 = ORIENTED_EDGE ( 'NONE', *, *, #2237, .T. ) ;
#3278 = EDGE_CURVE ( 'NONE', #3084, #333, #2807, .T. ) ;
#3279 = FACE_OUTER_BOUND ( 'NONE', #3331, .T. ) ;
#3280 = ORIENTED_EDGE ( 'NONE', *, *, #1153, .F. ) ;
#3281 = DIRECTION ( 'NONE',  ( -0.000000000000000000, 1.000000000000000000, -0.000000000000000000 ) ) ;
#3282 = AXIS2_PLACEMENT_3D ( 'NONE', #3479, #1465, #3451 ) ;
#3283 = ORIENTED_EDGE ( 'NONE', *, *, #964, .F. ) ;
#3284 = DIRECTION ( 'NONE',  ( 0.000000000000000000, -1.000000000000000000, 0.000000000000000000 ) ) ;
#3285 = AXIS2_PLACEMENT_3D ( 'NONE', #2168, #3566, #444 ) ;
#3286 = ADVANCED_FACE ( 'NONE', ( #1115, #904 ), #496, .F. ) ;
#3287 = ORIENTED_EDGE ( 'NONE', *, *, #1291, .F. ) ;
#3288 = LOCAL_TIME ( 8, 40, 19.00000000000000000, #3474 ) ;
#3289 = ORIENTED_EDGE ( 'NONE', *, *, #1241, .F. ) ;
#3290 = CC_DESIGN_DATE_AND_TIME_ASSIGNMENT ( #1052, #3476, ( #2397 ) ) ;
#3291 = EDGE_LOOP ( 'NONE', ( #717, #3576 ) ) ;
#3292 = PLANE ( 'NONE',  #2408 ) ;
#3293 = LOCAL_TIME ( 8, 40, 19.00000000000000000, #445 ) ;
#3294 = EDGE_LOOP ( 'NONE', ( #2, #2015 ) ) ;
#3295 = EDGE_CURVE ( 'NONE', #3357, #2331, #1341, .T. ) ;
#3296 = ORIENTED_EDGE ( 'NONE', *, *, #311, .F. ) ;
#3297 = APPLICATION_PROTOCOL_DEFINITION ( 'international standard', 'config_control_design', 1994, #2197 ) ;
#3298 = CIRCLE ( 'NONE', #1433, 27.00000000000002487 ) ;
#3299 = CIRCLE ( 'NONE', #1112, 27.00000000000002487 ) ;
#3300 = EDGE_CURVE ( 'NONE', #2376, #3663, #1292, .T. ) ;
#3301 = DIRECTION ( 'NONE',  ( 0.000000000000000000, 0.000000000000000000, -1.000000000000000000 ) ) ;
#3302 = CIRCLE ( 'NONE', #2322, 6.500000000000005329 ) ;
#3303 = PLANE ( 'NONE',  #1058 ) ;
#3304 = ORIENTED_EDGE ( 'NONE', *, *, #311, .T. ) ;
#3305 = FACE_OUTER_BOUND ( 'NONE', #1276, .T. ) ;
#3306 = DIRECTION ( 'NONE',  ( 1.000000000000000000, 0.000000000000000000, 0.000000000000000000 ) ) ;
#3307 = VECTOR ( 'NONE', #292, 1000.000000000000000 ) ;
#3308 = DIRECTION ( 'NONE',  ( -0.000000000000000000, -0.000000000000000000, -1.000000000000000000 ) ) ;
#3309 = APPROVAL ( #2285, '未指定' ) ;
#3310 = DIRECTION ( 'NONE',  ( 0.000000000000000000, -1.000000000000000000, 0.000000000000000000 ) ) ;
#3311 = VERTEX_POINT ( 'NONE', #3104 ) ;
#3312 = LINE ( 'NONE', #3610, #3145 ) ;
#3313 = DIRECTION ( 'NONE',  ( -0.000000000000000000, 1.000000000000000000, 0.000000000000000000 ) ) ;
#3314 = ORIENTED_EDGE ( 'NONE', *, *, #2890, .T. ) ;
#3315 = EDGE_CURVE ( 'NONE', #1990, #3249, #679, .T. ) ;
#3316 = VECTOR ( 'NONE', #1653, 1000.000000000000000 ) ;
#3317 = DIRECTION ( 'NONE',  ( 0.000000000000000000, 0.000000000000000000, -1.000000000000000000 ) ) ;
#3318 = LINE ( 'NONE', #2334, #2520 ) ;
#3319 = ORIENTED_EDGE ( 'NONE', *, *, #3055, .F. ) ;
#3320 =( NAMED_UNIT ( * ) SI_UNIT ( $, .STERADIAN. ) SOLID_ANGLE_UNIT ( ) );
#3321 = FACE_OUTER_BOUND ( 'NONE', #2739, .T. ) ;
#3322 = DIRECTION ( 'NONE',  ( 0.000000000000000000, -1.000000000000000000, 0.000000000000000000 ) ) ;
#3323 = DIRECTION ( 'NONE',  ( 1.000000000000000000, -0.000000000000000000, -0.000000000000000000 ) ) ;
#3324 = EDGE_CURVE ( 'NONE', #3382, #3014, #3299, .T. ) ;
#3325 = VERTEX_POINT ( 'NONE', #1658 ) ;
#3326 = ORIENTED_EDGE ( 'NONE', *, *, #1317, .F. ) ;
#3327 = PRODUCT ( '地柜07-柜体_地柜07', '地柜07-柜体_地柜07', '', ( #3111 ) ) ;
#3328 = AXIS2_PLACEMENT_3D ( 'NONE', #558, #330, #2552 ) ;
#3329 = EDGE_LOOP ( 'NONE', ( #2669, #2572, #3557, #3601, #577, #1625, #9, #2235 ) ) ;
#3330 = CARTESIAN_POINT ( 'NONE',  ( 0.000000000000000000, 0.000000000000000000, 0.000000000000000000 ) ) ;
#3331 = EDGE_LOOP ( 'NONE', ( #829, #2956, #1511, #1534 ) ) ;
#3332 = CALENDAR_DATE ( 2026, 5, 6 ) ;
#3333 = AXIS2_PLACEMENT_3D ( 'NONE', #2491, #2451, #2725 ) ;
#3334 = DIRECTION ( 'NONE',  ( -8.527058560869098731E-17, -1.000000000000000000, 0.000000000000000000 ) ) ;
#3335 = CARTESIAN_POINT ( 'NONE',  ( 5.200000000000006395, -65.49999999999998579, 570.0000000000001137 ) ) ;
#3336 = EDGE_LOOP ( 'NONE', ( #696, #924, #1146, #2477 ) ) ;
#3337 = CARTESIAN_POINT ( 'NONE',  ( 9.368548013477252718E-14, 300.0000000000000000, 30.00000000000000000 ) ) ;
#3338 = ORIENTED_EDGE ( 'NONE', *, *, #1560, .F. ) ;
#3339 = CC_DESIGN_APPROVAL ( #3103, ( #3358 ) ) ;
#3340 = ORIENTED_EDGE ( 'NONE', *, *, #483, .F. ) ;
#3341 = DIRECTION ( 'NONE',  ( 1.137523590804461357E-16, 0.000000000000000000, -1.000000000000000000 ) ) ;
#3342 = VERTEX_POINT ( 'NONE', #2240 ) ;
#3343 = CIRCLE ( 'NONE', #3071, 8.000000000000007105 ) ;
#3344 = EDGE_CURVE ( 'NONE', #2923, #3170, #2107, .T. ) ;
#3345 = SECURITY_CLASSIFICATION_LEVEL ( 'unclassified' ) ;
#3346 = CARTESIAN_POINT ( 'NONE',  ( 9.368548013477252718E-14, -250.0000000000000000, 30.00000000000000000 ) ) ;
#3347 = CARTESIAN_POINT ( 'NONE',  ( 8.939921633775678437E-14, -730.0000000000000000, 0.000000000000000000 ) ) ;
#3348 = ORIENTED_EDGE ( 'NONE', *, *, #3443, .T. ) ;
#3349 = DIRECTION ( 'NONE',  ( -0.000000000000000000, 1.000000000000000000, -0.000000000000000000 ) ) ;
#3350 = DIRECTION ( 'NONE',  ( 0.000000000000000000, 0.000000000000000000, 1.000000000000000000 ) ) ;
#3351 = DIRECTION ( 'NONE',  ( -1.000000000000000000, -0.000000000000000000, -0.000000000000000000 ) ) ;
#3352 = DIRECTION ( 'NONE',  ( 0.000000000000000000, -1.000000000000000000, 0.000000000000000000 ) ) ;
#3353 = AXIS2_PLACEMENT_3D ( 'NONE', #2856, #2269, #2579 ) ;
#3354 = LINE ( 'NONE', #232, #1843 ) ;
#3355 = APPROVAL_ROLE ( '' ) ;
#3356 = LINE ( 'NONE', #3487, #3047 ) ;
#3357 = VERTEX_POINT ( 'NONE', #3441 ) ;
#3358 = PRODUCT_DEFINITION_FORMATION_WITH_SPECIFIED_SOURCE ( '任何', '', #3327, .NOT_KNOWN. ) ;
#3359 = CIRCLE ( 'NONE', #642, 27.00000000000000355 ) ;
#3360 = DIRECTION ( 'NONE',  ( 0.000000000000000000, -1.000000000000000000, 0.000000000000000000 ) ) ;
#3361 = ORIENTED_EDGE ( 'NONE', *, *, #716, .T. ) ;
#3362 = VECTOR ( 'NONE', #334, 1000.000000000000000 ) ;
#3363 = ORIENTED_EDGE ( 'NONE', *, *, #1177, .T. ) ;
#3364 = EDGE_CURVE ( 'NONE', #327, #667, #2063, .T. ) ;
#3365 = ADVANCED_FACE ( 'NONE', ( #1925 ), #2464, .T. ) ;
#3366 = CARTESIAN_POINT ( 'NONE',  ( 30.00000000000000711, -57.00000000000000711, 20.00000000000001776 ) ) ;
#3367 = APPROVAL_STATUS ( 'not_yet_approved' ) ;
#3368 = ORIENTED_EDGE ( 'NONE', *, *, #3344, .F. ) ;
#3369 = CARTESIAN_POINT ( 'NONE',  ( 385.0000000000001137, -745.0000000000000000, 527.0000000000000000 ) ) ;
#3370 = CARTESIAN_POINT ( 'NONE',  ( 385.0000000000001137, -800.0000000000000000, 500.0000000000000000 ) ) ;
#3371 = AXIS2_PLACEMENT_3D ( 'NONE', #3671, #281, #3412 ) ;
#3372 = ORIENTED_EDGE ( 'NONE', *, *, #790, .T. ) ;
#3373 = CALENDAR_DATE ( 2026, 5, 6 ) ;
#3374 = AXIS2_PLACEMENT_3D ( 'NONE', #516, #2186, #3646 ) ;
#3375 = ORIENTED_EDGE ( 'NONE', *, *, #1650, .F. ) ;
#3376 = DIRECTION ( 'NONE',  ( -1.224646799147353454E-16, 1.000000000000000000, 0.000000000000000000 ) ) ;
#3377 = PERSON_AND_ORGANIZATION ( #1826, #2100 ) ;
#3378 = EDGE_LOOP ( 'NONE', ( #2612, #1263, #3484, #2218 ) ) ;
#3379 = DATE_TIME_ROLE ( 'creation_date' ) ;
#3380 = CC_DESIGN_APPROVAL ( #3309, ( #887 ) ) ;
#3381 = CARTESIAN_POINT ( 'NONE',  ( 15.90000000000005720, 363.5000000000000568, 20.90000000000000213 ) ) ;
#3382 = VERTEX_POINT ( 'NONE', #598 ) ;
#3383 = ADVANCED_FACE ( 'NONE', ( #3490 ), #2880, .F. ) ;
#3384 = ORIENTED_EDGE ( 'NONE', *, *, #1863, .F. ) ;
#3385 = CARTESIAN_POINT ( 'NONE',  ( 30.00000000000000711, -57.00000000000000711, 570.0000000000001137 ) ) ;
#3386 = EDGE_CURVE ( 'NONE', #2672, #359, #1833, .T. ) ;
#3387 = DIRECTION ( 'NONE',  ( -0.000000000000000000, -0.000000000000000000, 1.000000000000000000 ) ) ;
#3388 = LINE ( 'NONE', #1348, #2644 ) ;
#3389 = CARTESIAN_POINT ( 'NONE',  ( 15.90000000000005720, 365.0000000000000000, 22.40000000000000568 ) ) ;
#3390 = CARTESIAN_POINT ( 'NONE',  ( 70.00000000000008527, -745.0000000000000000, 500.0000000000000000 ) ) ;
#3391 = CARTESIAN_POINT ( 'NONE',  ( 385.0000000000001137, -745.0000000000000000, 473.0000000000000000 ) ) ;
#3392 = CYLINDRICAL_SURFACE ( 'NONE', #1256, 26.99999999999999645 ) ;
#3393 = EDGE_CURVE ( 'NONE', #1561, #3342, #2803, .T. ) ;
#3394 =( REPRESENTATION_RELATIONSHIP ('NONE','NONE', #60, #1227 ) REPRESENTATION_RELATIONSHIP_WITH_TRANSFORMATION ( #1324 )SHAPE_REPRESENTATION_RELATIONSHIP( ) );
#3395 = EDGE_LOOP ( 'NONE', ( #3176, #2698 ) ) ;
#3396 = PLANE ( 'NONE',  #2898 ) ;
#3397 = CARTESIAN_POINT ( 'NONE',  ( 30.00000000000001421, -65.49999999999998579, 586.8000000000001819 ) ) ;
#3398 = DIRECTION ( 'NONE',  ( 0.000000000000000000, -0.000000000000000000, -1.000000000000000000 ) ) ;
#3399 = CYLINDRICAL_SURFACE ( 'NONE', #1759, 5.049999999999998934 ) ;
#3400 = VECTOR ( 'NONE', #1437, 1000.000000000000000 ) ;
#3401 = AXIS2_PLACEMENT_3D ( 'NONE', #3177, #2349, #154 ) ;
#3402 = CARTESIAN_POINT ( 'NONE',  ( 30.00000000000000711, -57.00000000000000711, 20.00000000000001776 ) ) ;
#3403 = PRODUCT_DEFINITION_SHAPE ( 'NONE', 'NONE',  #2735 ) ;
#3404 = VECTOR ( 'NONE', #2054, 1000.000000000000000 ) ;
#3405 = CARTESIAN_POINT ( 'NONE',  ( 385.0000000000001137, -730.0000000000000000, 473.0000000000000000 ) ) ;
#3406 = AXIS2_PLACEMENT_3D ( 'NONE', #1772, #639, #3494 ) ;
#3407 = DIRECTION ( 'NONE',  ( 0.000000000000000000, 0.000000000000000000, 1.000000000000000000 ) ) ;
#3408 = ORIENTED_EDGE ( 'NONE', *, *, #762, .F. ) ;
#3409 = APPROVAL_STATUS ( 'not_yet_approved' ) ;
#3410 = FACE_BOUND ( 'NONE', #2258, .T. ) ;
#3411 = DIRECTION ( 'NONE',  ( 0.000000000000000000, 1.000000000000000000, -0.000000000000000000 ) ) ;
#3412 = DIRECTION ( 'NONE',  ( 0.000000000000000000, 0.000000000000000000, -1.000000000000000000 ) ) ;
#3413 = ORIENTED_EDGE ( 'NONE', *, *, #123, .T. ) ;
#3414 = CC_DESIGN_APPROVAL ( #2978, ( #2397 ) ) ;
#3415 = CARTESIAN_POINT ( 'NONE',  ( 455.0000000000000000, 0.000000000000000000, 0.000000000000000000 ) ) ;
#3416 = CARTESIAN_POINT ( 'NONE',  ( 22.00000000000001066, -114.9999999999999858, 594.8000000000001819 ) ) ;
#3417 = ORIENTED_EDGE ( 'NONE', *, *, #279, .F. ) ;
#3418 = DIRECTION ( 'NONE',  ( 0.000000000000000000, -1.000000000000000000, 0.000000000000000000 ) ) ;
#3419 = DIRECTION ( 'NONE',  ( 0.000000000000000000, 0.000000000000000000, -1.000000000000000000 ) ) ;
#3420 = EDGE_CURVE ( 'NONE', #2282, #327, #234, .T. ) ;
#3421 = DIRECTION ( 'NONE',  ( -0.000000000000000000, 1.000000000000000000, -0.000000000000000000 ) ) ;
#3422 = DIRECTION ( 'NONE',  ( -0.000000000000000000, 1.000000000000000000, -0.000000000000000000 ) ) ;
#3423 = ORIENTED_EDGE ( 'NONE', *, *, #2139, .T. ) ;
#3424 = DIRECTION ( 'NONE',  ( -0.000000000000000000, 1.000000000000000000, -0.000000000000000000 ) ) ;
#3425 = EDGE_LOOP ( 'NONE', ( #3495, #1503, #2994, #674, #2275, #1334 ) ) ;
#3426 = DIRECTION ( 'NONE',  ( -0.000000000000000000, -1.000000000000000000, -0.000000000000000000 ) ) ;
#3427 = CARTESIAN_POINT ( 'NONE',  ( 15.00000000000009059, 0.000000000000000000, 0.000000000000000000 ) ) ;
#3428 = AXIS2_PLACEMENT_3D ( 'NONE', #2005, #1663, #1114 ) ;
#3429 = EDGE_LOOP ( 'NONE', ( #427, #1665, #3296, #942 ) ) ;
#3430 = CALENDAR_DATE ( 2026, 5, 6 ) ;
#3431 = ORIENTED_EDGE ( 'NONE', *, *, #2887, .T. ) ;
#3432 = CARTESIAN_POINT ( 'NONE',  ( 30.00000000000000711, -664.5000000000000000, 570.0000000000001137 ) ) ;
#3433 = PLANE ( 'NONE',  #1208 ) ;
#3434 = VERTEX_POINT ( 'NONE', #1747 ) ;
#3435 = ORIENTED_EDGE ( 'NONE', *, *, #2088, .F. ) ;
#3436 = CARTESIAN_POINT ( 'NONE',  ( 33.00000000000007816, 250.0000000000000000, 0.000000000000000000 ) ) ;
#3437 = EDGE_LOOP ( 'NONE', ( #796, #758, #482, #1105 ) ) ;
#3438 = CC_DESIGN_PERSON_AND_ORGANIZATION_ASSIGNMENT ( #2453, #2804, ( #386 ) ) ;
#3439 = CARTESIAN_POINT ( 'NONE',  ( 30.00000000000000355, -369.9999999999999432, 570.0000000000001137 ) ) ;
#3440 = LINE ( 'NONE', #1477, #535 ) ;
#3441 = CARTESIAN_POINT ( 'NONE',  ( 15.90000000000000036, -664.5000000000000000, 591.0500000000000682 ) ) ;
#3442 = DIRECTION ( 'NONE',  ( 0.000000000000000000, 0.000000000000000000, 1.000000000000000000 ) ) ;
#3443 = EDGE_CURVE ( 'NONE', #1733, #3060, #491, .T. ) ;
#3444 = ORIENTED_EDGE ( 'NONE', *, *, #1973, .F. ) ;
#3445 = LINE ( 'NONE', #412, #1484 ) ;
#3446 = CARTESIAN_POINT ( 'NONE',  ( 385.0000000000001137, -785.0000000000000000, 520.0000000000000000 ) ) ;
#3447 = ORIENTED_EDGE ( 'NONE', *, *, #1468, .F. ) ;
#3448 = AXIS2_PLACEMENT_3D ( 'NONE', #22, #1163, #2589 ) ;
#3449 = VECTOR ( 'NONE', #2908, 1000.000000000000000 ) ;
#3450 = CARTESIAN_POINT ( 'NONE',  ( 70.00000000000008527, -800.0000000000000000, 527.0000000000000000 ) ) ;
#3451 = DIRECTION ( 'NONE',  ( 0.000000000000000000, 0.000000000000000000, 1.000000000000000000 ) ) ;
#3452 = PLANE ( 'NONE',  #1134 ) ;
#3453 = CIRCLE ( 'NONE', #2795, 27.00000000000007816 ) ;
#3454 = FACE_OUTER_BOUND ( 'NONE', #442, .T. ) ;
#3455 = DIRECTION ( 'NONE',  ( 0.000000000000000000, -0.000000000000000000, -1.000000000000000000 ) ) ;
#3456 = AXIS2_PLACEMENT_3D ( 'NONE', #1351, #497, #537 ) ;
#3457 = ORIENTED_EDGE ( 'NONE', *, *, #2592, .T. ) ;
#3458 = DIRECTION ( 'NONE',  ( 0.000000000000000000, -0.000000000000000000, 1.000000000000000000 ) ) ;
#3459 = LINE ( 'NONE', #1804, #387 ) ;
#3460 = VERTEX_POINT ( 'NONE', #57 ) ;
#3461 = DIRECTION ( 'NONE',  ( 1.000000000000000000, 0.000000000000000000, 0.000000000000000000 ) ) ;
#3462 = AXIS2_PLACEMENT_3D ( 'NONE', #196, #1300, #1328 ) ;
#3463 = CARTESIAN_POINT ( 'NONE',  ( 385.0000000000001137, -785.0000000000000000, 500.0000000000000000 ) ) ;
#3464 = ORIENTED_EDGE ( 'NONE', *, *, #2866, .T. ) ;
#3465 = DIRECTION ( 'NONE',  ( 0.000000000000000000, -0.000000000000000000, 1.000000000000000000 ) ) ;
#3466 = DIRECTION ( 'NONE',  ( -0.000000000000000000, 1.000000000000000000, -0.000000000000000000 ) ) ;
#3467 = ORIENTED_EDGE ( 'NONE', *, *, #1675, .F. ) ;
#3468 = EDGE_CURVE ( 'NONE', #783, #3460, #3564, .T. ) ;
#3469 = DIRECTION ( 'NONE',  ( 1.000000000000000000, 0.000000000000000000, 0.000000000000000000 ) ) ;
#3470 = ORGANIZATION ( 'NAUO-ORG1', 'UNSPECIFIED', 'UNSPECIFIED' ) ;
#3471 = VERTEX_POINT ( 'NONE', #3415 ) ;
#3472 = EDGE_CURVE ( 'NONE', #3460, #783, #2023, .T. ) ;
#3473 = DIRECTION ( 'NONE',  ( -0.000000000000000000, 1.000000000000000000, -0.000000000000000000 ) ) ;
#3474 = COORDINATED_UNIVERSAL_TIME_OFFSET ( 8, 0, .AHEAD. ) ;
#3475 = CARTESIAN_POINT ( 'NONE',  ( 33.00000000000007816, 250.0000000000000000, -26.84171144931213604 ) ) ;
#3476 = DATE_TIME_ROLE ( 'classification_date' ) ;
#3477 = PERSON_AND_ORGANIZATION ( #1826, #2100 ) ;
#3478 = DIRECTION ( 'NONE',  ( -0.000000000000000000, 1.000000000000000000, -0.000000000000000000 ) ) ;
#3479 = CARTESIAN_POINT ( 'NONE',  ( 15.90000000000005720, -250.0000000000000000, 15.90000000000000036 ) ) ;
#3480 = EDGE_LOOP ( 'NONE', ( #3105, #2053, #3213, #2619, #2758, #974 ) ) ;
#3481 = CARTESIAN_POINT ( 'NONE',  ( -28.00000000000005684, -300.0000000000000000, 22.00000000000000000 ) ) ;
#3482 = ADVANCED_FACE ( 'NONE', ( #903 ), #2987, .T. ) ;
#3483 = CARTESIAN_POINT ( 'NONE',  ( 70.00000000000008527, -785.0000000000000000, 520.0000000000000000 ) ) ;
#3484 = ORIENTED_EDGE ( 'NONE', *, *, #3595, .F. ) ;
#3485 = AXIS2_PLACEMENT_3D ( 'NONE', #2785, #1950, #1078 ) ;
#3486 = FACE_BOUND ( 'NONE', #3488, .T. ) ;
#3487 = CARTESIAN_POINT ( 'NONE',  ( 437.0000000000000000, -57.00000000000000000, 570.0000000000001137 ) ) ;
#3488 = EDGE_LOOP ( 'NONE', ( #2448, #160 ) ) ;
#3489 = DIRECTION ( 'NONE',  ( 0.000000000000000000, -0.000000000000000000, -1.000000000000000000 ) ) ;
#3490 = FACE_OUTER_BOUND ( 'NONE', #511, .T. ) ;
#3491 = CC_DESIGN_SECURITY_CLASSIFICATION ( #295, ( #3683 ) ) ;
#3492 = CARTESIAN_POINT ( 'NONE',  ( 70.00000000000008527, -785.0000000000000000, 500.0000000000000000 ) ) ;
#3493 = VECTOR ( 'NONE', #2779, 1000.000000000000000 ) ;
#3494 = DIRECTION ( 'NONE',  ( -1.000000000000000000, 0.000000000000000000, 0.000000000000000000 ) ) ;
#3495 = ORIENTED_EDGE ( 'NONE', *, *, #392, .T. ) ;
#3496 = FACE_OUTER_BOUND ( 'NONE', #92, .T. ) ;
#3497 = EDGE_CURVE ( 'NONE', #2504, #3674, #449, .T. ) ;
#3498 = CIRCLE ( 'NONE', #620, 6.500000000000005329 ) ;
#3499 = CARTESIAN_POINT ( 'NONE',  ( 22.00000000000001066, -65.49999999999998579, 594.8000000000001819 ) ) ;
#3500 = CYLINDRICAL_SURFACE ( 'NONE', #3374, 5.000000000000000888 ) ;
#3501 = ADVANCED_FACE ( 'NONE', ( #2060 ), #2549, .T. ) ;
#3502 = EDGE_LOOP ( 'NONE', ( #799, #2090 ) ) ;
#3503 = EDGE_CURVE ( 'NONE', #1587, #3066, #1875, .T. ) ;
#3504 = FACE_OUTER_BOUND ( 'NONE', #2426, .T. ) ;
#3505 = CARTESIAN_POINT ( 'NONE',  ( 15.90000000000005720, 363.5000000000000000, 22.40000000000000568 ) ) ;
#3506 = DIRECTION ( 'NONE',  ( -0.000000000000000000, -1.000000000000000000, -0.000000000000000000 ) ) ;
#3507 = VERTEX_POINT ( 'NONE', #3508 ) ;
#3508 = CARTESIAN_POINT ( 'NONE',  ( 455.0000000000001137, 365.0000000000000000, 0.000000000000000000 ) ) ;
#3509 = CYLINDRICAL_SURFACE ( 'NONE', #1827, 27.00000000000002487 ) ;
#3510 = AXIS2_PLACEMENT_3D ( 'NONE', #55, #3466, #1752 ) ;
#3511 = ORIENTED_EDGE ( 'NONE', *, *, #1869, .F. ) ;
#3512 = FACE_OUTER_BOUND ( 'NONE', #56, .T. ) ;
#3513 = ORIENTED_EDGE ( 'NONE', *, *, #2302, .F. ) ;
#3514 = PRODUCT_RELATED_PRODUCT_CATEGORY ( 'detail', '', ( #1805 ) ) ;
#3515 = CARTESIAN_POINT ( 'NONE',  ( 15.00000000000009059, 300.0000000000000000, 0.000000000000000000 ) ) ;
#3516 = VERTEX_POINT ( 'NONE', #2339 ) ;
#3517 = CARTESIAN_POINT ( 'NONE',  ( 437.0000000000000568, -708.0000000000000000, 20.00000000000001776 ) ) ;
#3518 = ORIENTED_EDGE ( 'NONE', *, *, #3133, .F. ) ;
#3519 = EDGE_CURVE ( 'NONE', #3663, #2376, #1435, .T. ) ;
#3520 = EDGE_CURVE ( 'NONE', #3357, #1522, #3532, .T. ) ;
#3521 = ADVANCED_FACE ( 'NONE', ( #1290, #2763 ), #2899, .T. ) ;
#3522 = EDGE_LOOP ( 'NONE', ( #1311, #2940, #430, #1823 ) ) ;
#3523 = PLANE ( 'NONE',  #1846 ) ;
#3524 = APPROVAL_PERSON_ORGANIZATION ( #1329, #693, #1389 ) ;
#3525 = EDGE_CURVE ( 'NONE', #3249, #448, #1787, .T. ) ;
#3526 = ORIENTED_EDGE ( 'NONE', *, *, #1071, .F. ) ;
#3527 = PERSON ( 'NAUO-PER1', 'UNSPECIFIED', 'UNSPECIFIED', ('UNSPECIFIED'), ('UNSPECIFIED'), ('UNSPECIFIED') ) ;
#3528 = ORIENTED_EDGE ( 'NONE', *, *, #1219, .T. ) ;
#3529 = DIRECTION ( 'NONE',  ( -0.000000000000000000, -1.000000000000000000, -0.000000000000000000 ) ) ;
#3530 = ORIENTED_EDGE ( 'NONE', *, *, #1368, .F. ) ;
#3531 = DIRECTION ( 'NONE',  ( 0.000000000000000000, -0.000000000000000000, -1.000000000000000000 ) ) ;
#3532 = CIRCLE ( 'NONE', #1504, 5.049999999999998934 ) ;
#3533 = CARTESIAN_POINT ( 'NONE',  ( 22.00000000000001066, -664.5000000000000000, 586.8000000000001819 ) ) ;
#3534 = CYLINDRICAL_SURFACE ( 'NONE', #1566, 27.00000000000002487 ) ;
#3535 = ORIENTED_EDGE ( 'NONE', *, *, #3537, .T. ) ;
#3536 = CIRCLE ( 'NONE', #1326, 27.00000000000002487 ) ;
#3537 = EDGE_CURVE ( 'NONE', #1507, #133, #3257, .T. ) ;
#3538 = VERTEX_POINT ( 'NONE', #3219 ) ;
#3539 = DIRECTION ( 'NONE',  ( 0.000000000000000000, 0.000000000000000000, -1.000000000000000000 ) ) ;
#3540 = VECTOR ( 'NONE', #255, 1000.000000000000000 ) ;
#3541 = EDGE_CURVE ( 'NONE', #2166, #1453, #3076, .T. ) ;
#3542 = VECTOR ( 'NONE', #521, 1000.000000000000000 ) ;
#3543 = DIRECTION ( 'NONE',  ( 0.000000000000000000, -1.000000000000000000, 0.000000000000000000 ) ) ;
#3544 = ORIENTED_EDGE ( 'NONE', *, *, #24, .T. ) ;
#3545 = CIRCLE ( 'NONE', #1927, 20.00000000000001776 ) ;
#3546 = AXIS2_PLACEMENT_3D ( 'NONE', #1458, #287, #2594 ) ;
#3547 = ORIENTED_EDGE ( 'NONE', *, *, #1153, .T. ) ;
#3548 = CARTESIAN_POINT ( 'NONE',  ( 455.0000000000000000, 0.000000000000000000, 570.0000000000001137 ) ) ;
#3549 = DIRECTION ( 'NONE',  ( 0.000000000000000000, 1.000000000000000000, 0.000000000000000000 ) ) ;
#3550 = ORIENTED_EDGE ( 'NONE', *, *, #527, .F. ) ;
#3551 = CARTESIAN_POINT ( 'NONE',  ( 70.00000000000009948, -745.0000000000000000, 90.00000000000001421 ) ) ;
#3552 = AXIS2_PLACEMENT_3D ( 'NONE', #3642, #2505, #512 ) ;
#3553 = ADVANCED_FACE ( 'NONE', ( #3217 ), #2682, .F. ) ;
#3554 = ORIENTED_EDGE ( 'NONE', *, *, #1779, .F. ) ;
#3555 = CARTESIAN_POINT ( 'NONE',  ( 70.00000000000008527, -785.0000000000000000, 480.0000000000000000 ) ) ;
#3556 = CARTESIAN_POINT ( 'NONE',  ( 0.000000000000000000, 0.000000000000000000, 30.00000000000000000 ) ) ;
#3557 = ORIENTED_EDGE ( 'NONE', *, *, #3230, .T. ) ;
#3558 = EDGE_CURVE ( 'NONE', #667, #475, #3343, .T. ) ;
#3559 = COORDINATED_UNIVERSAL_TIME_OFFSET ( 8, 0, .AHEAD. ) ;
#3560 = VERTEX_POINT ( 'NONE', #958 ) ;
#3561 = CARTESIAN_POINT ( 'NONE',  ( 455.0000000000000000, 0.000000000000000000, 570.0000000000001137 ) ) ;
#3562 = EDGE_CURVE ( 'NONE', #1321, #3674, #3440, .T. ) ;
#3563 = CARTESIAN_POINT ( 'NONE',  ( 30.00000000000008527, -708.0000000000000000, 570.0000000000001137 ) ) ;
#3564 = CIRCLE ( 'NONE', #2827, 27.00000000000002487 ) ;
#3565 = ADVANCED_FACE ( 'NONE', ( #3486, #2720 ), #2997, .T. ) ;
#3566 = DIRECTION ( 'NONE',  ( -1.000000000000000000, 0.000000000000000000, 1.032573497605233103E-16 ) ) ;
#3567 = VECTOR ( 'NONE', #2265, 1000.000000000000000 ) ;
#3568 = CARTESIAN_POINT ( 'NONE',  ( 0.000000000000000000, 0.000000000000000000, 0.000000000000000000 ) ) ;
#3569 = LINE ( 'NONE', #1073, #1795 ) ;
#3570 = CC_DESIGN_PERSON_AND_ORGANIZATION_ASSIGNMENT ( #2410, #2829, ( #887 ) ) ;
#3571 = LINE ( 'NONE', #3072, #1938 ) ;
#3572 = VECTOR ( 'NONE', #1055, 1000.000000000000000 ) ;
#3573 = PRODUCT_DEFINITION_SHAPE ( 'NONE', 'NONE',  #1141 ) ;
#3574 = CARTESIAN_POINT ( 'NONE',  ( 13.20000000000000995, -65.49999999999998579, 594.8000000000001819 ) ) ;
#3575 = CARTESIAN_POINT ( 'NONE',  ( 385.0000000000001137, -785.0000000000000000, 500.0000000000000000 ) ) ;
#3576 = ORIENTED_EDGE ( 'NONE', *, *, #1991, .F. ) ;
#3577 =( LENGTH_UNIT ( ) NAMED_UNIT ( * ) SI_UNIT ( .MILLI., .METRE. ) );
#3578 = ADVANCED_FACE ( 'NONE', ( #2597 ), #410, .T. ) ;
#3579 = VERTEX_POINT ( 'NONE', #1536 ) ;
#3580 = EDGE_CURVE ( 'NONE', #2469, #2754, #2506, .T. ) ;
#3581 = EDGE_LOOP ( 'NONE', ( #1288, #191, #739, #3457 ) ) ;
#3582 = CARTESIAN_POINT ( 'NONE',  ( 9.368548013477252718E-14, -365.0000000000000000, 15.00000000000000000 ) ) ;
#3583 = LINE ( 'NONE', #3627, #2665 ) ;
#3584 = AXIS2_PLACEMENT_3D ( 'NONE', #889, #3166, #2312 ) ;
#3585 = VERTEX_POINT ( 'NONE', #1856 ) ;
#3586 = CARTESIAN_POINT ( 'NONE',  ( 15.90000000000000036, -65.49999999999998579, 586.0000000000001137 ) ) ;
#3587 = ITEM_DEFINED_TRANSFORMATION ( 'NONE', 'NONE', #1021,  #218 ) ;
#3588 =( NAMED_UNIT ( * ) PLANE_ANGLE_UNIT ( ) SI_UNIT ( $, .RADIAN. ) );
#3589 = EDGE_LOOP ( 'NONE', ( #3518, #1757, #2104, #395, #1316, #2600, #1390, #979, #940, #2767, #1575, #2798 ) ) ;
#3590 = AXIS2_PLACEMENT_3D ( 'NONE', #2284, #2321, #1724 ) ;
#3591 = ORIENTED_EDGE ( 'NONE', *, *, #1005, .F. ) ;
#3592 = CARTESIAN_POINT ( 'NONE',  ( 13.20000000000000995, -65.49999999999998579, 594.8000000000001819 ) ) ;
#3593 = PERSON_AND_ORGANIZATION ( #1826, #2100 ) ;
#3594 = CALENDAR_DATE ( 2026, 5, 6 ) ;
#3595 = EDGE_CURVE ( 'NONE', #1245, #3471, #983, .T. ) ;
#3596 = CARTESIAN_POINT ( 'NONE',  ( 70.00000000000008527, -785.0000000000000000, 527.0000000000000000 ) ) ;
#3597 = ORIENTED_EDGE ( 'NONE', *, *, #2790, .T. ) ;
#3598 = CARTESIAN_POINT ( 'NONE',  ( 15.00000000000009059, 365.0000000000000000, 15.00000000000000000 ) ) ;
#3599 = CARTESIAN_POINT ( 'NONE',  ( 30.00000000000016698, -57.00000000000000000, 2.000000000000000000 ) ) ;
#3600 = APPROVAL_PERSON_ORGANIZATION ( #673, #2859, #754 ) ;
#3601 = ORIENTED_EDGE ( 'NONE', *, *, #2237, .F. ) ;
#3602 = EDGE_CURVE ( 'NONE', #489, #3585, #3657, .T. ) ;
#3603 = ORIENTED_EDGE ( 'NONE', *, *, #1775, .T. ) ;
#3604 = CARTESIAN_POINT ( 'NONE',  ( -295.1813204887218376, 239.1428571428570820, 423.6000000000000796 ) ) ;
#3605 = PLANE ( 'NONE',  #3065 ) ;
#3606 = ORIENTED_EDGE ( 'NONE', *, *, #500, .T. ) ;
#3607 = DIRECTION ( 'NONE',  ( 0.000000000000000000, 0.000000000000000000, -1.000000000000000000 ) ) ;
#3608 = VECTOR ( 'NONE', #2738, 1000.000000000000000 ) ;
#3609 = AXIS2_PLACEMENT_3D ( 'NONE', #545, #2249, #1391 ) ;
#3610 = CARTESIAN_POINT ( 'NONE',  ( 30.00000000000000711, -57.00000000000000711, 570.0000000000001137 ) ) ;
#3611 = DIRECTION ( 'NONE',  ( 1.000000000000000000, 0.000000000000000000, -1.032573497605233103E-16 ) ) ;
#3612 = DIRECTION ( 'NONE',  ( 0.000000000000000000, -1.000000000000000000, 0.000000000000000000 ) ) ;
#3613 = ORIENTED_EDGE ( 'NONE', *, *, #1802, .F. ) ;
#3614 = AXIS2_PLACEMENT_3D ( 'NONE', #540, #3612, #2234 ) ;
#3615 = VECTOR ( 'NONE', #2145, 1000.000000000000000 ) ;
#3616 = CARTESIAN_POINT ( 'NONE',  ( -295.1813204887218376, -487.8571428571429465, 423.6000000000000796 ) ) ;
#3617 = ORIENTED_EDGE ( 'NONE', *, *, #1869, .T. ) ;
#3618 = CARTESIAN_POINT ( 'NONE',  ( 437.0000000000000000, -57.00000000000000000, 2.000000000000000000 ) ) ;
#3619 = CARTESIAN_POINT ( 'NONE',  ( 30.00000000000003908, -351.9999999999999432, 570.0000000000001137 ) ) ;
#3620 = CIRCLE ( 'NONE', #429, 15.00000000000000000 ) ;
#3621 = CC_DESIGN_SECURITY_CLASSIFICATION ( #1212, ( #386 ) ) ;
#3622 = CARTESIAN_POINT ( 'NONE',  ( 15.90000000000005720, 365.0000000000000000, 15.90000000000000036 ) ) ;
#3623 = FACE_OUTER_BOUND ( 'NONE', #2968, .T. ) ;
#3624 = DIRECTION ( 'NONE',  ( 0.000000000000000000, 0.000000000000000000, 1.000000000000000000 ) ) ;
#3625 = VERTEX_POINT ( 'NONE', #2147 ) ;
#3626 = EDGE_CURVE ( 'NONE', #2366, #619, #2897, .T. ) ;
#3627 = CARTESIAN_POINT ( 'NONE',  ( 33.00000000000007816, -300.0000000000000000, -26.84171144931213604 ) ) ;
#3628 = CYLINDRICAL_SURFACE ( 'NONE', #2243, 27.00000000000002487 ) ;
#3629 = VERTEX_POINT ( 'NONE', #1018 ) ;
#3630 =( NAMED_UNIT ( * ) PLANE_ANGLE_UNIT ( ) SI_UNIT ( $, .RADIAN. ) );
#3631 = CYLINDRICAL_SURFACE ( 'NONE', #1810, 5.049999999999998934 ) ;
#3632 = CIRCLE ( 'NONE', #1607, 6.500000000000005329 ) ;
#3633 = DIRECTION ( 'NONE',  ( -0.000000000000000000, 1.000000000000000000, -0.000000000000000000 ) ) ;
#3634 = EDGE_CURVE ( 'NONE', #308, #789, #3298, .T. ) ;
#3635 = ORIENTED_EDGE ( 'NONE', *, *, #298, .T. ) ;
#3636 = CARTESIAN_POINT ( 'NONE',  ( 70.00000000000009948, -785.0000000000000000, 70.00000000000000000 ) ) ;
#3637 = ORIENTED_EDGE ( 'NONE', *, *, #1026, .F. ) ;
#3638 = DIRECTION ( 'NONE',  ( -0.000000000000000000, 1.000000000000000000, -0.000000000000000000 ) ) ;
#3639 = AXIS2_PLACEMENT_3D ( 'NONE', #1381, #2228, #757 ) ;
#3640 = CALENDAR_DATE ( 2026, 5, 6 ) ;
#3641 = CARTESIAN_POINT ( 'NONE',  ( 9.368548013477252718E-14, 365.0000000000000000, 27.00000000000000355 ) ) ;
#3642 = CARTESIAN_POINT ( 'NONE',  ( 15.90000000000005720, -363.5000000000000000, 15.90000000000000036 ) ) ;
#3643 = VERTEX_POINT ( 'NONE', #161 ) ;
#3644 = DATE_TIME_ROLE ( 'classification_date' ) ;
#3645 = PERSON_AND_ORGANIZATION ( #1826, #2100 ) ;
#3646 = DIRECTION ( 'NONE',  ( 0.000000000000000000, 0.000000000000000000, 1.000000000000000000 ) ) ;
#3647 = VERTEX_POINT ( 'NONE', #1289 ) ;
#3648 = ADVANCED_FACE ( 'NONE', ( #1745 ), #3275, .F. ) ;
#3649 = CALENDAR_DATE ( 2026, 5, 6 ) ;
#3650 = DIRECTION ( 'NONE',  ( 0.000000000000000000, 0.000000000000000000, 1.000000000000000000 ) ) ;
#3651 = VERTEX_POINT ( 'NONE', #436 ) ;
#3652 = EDGE_CURVE ( 'NONE', #1733, #1749, #1248, .T. ) ;
#3653 = CARTESIAN_POINT ( 'NONE',  ( 9.368548013477252718E-14, -365.0000000000000000, 30.00000000000000000 ) ) ;
#3654 = ORIENTED_EDGE ( 'NONE', *, *, #1285, .F. ) ;
#3655 = CARTESIAN_POINT ( 'NONE',  ( 33.00000000000007105, -300.0000000000000000, 27.00000000000000711 ) ) ;
#3656 = CARTESIAN_POINT ( 'NONE',  ( 385.0000000000001137, -730.0000000000000000, 43.00000000000000000 ) ) ;
#3657 = CIRCLE ( 'NONE', #1039, 27.00000000000000355 ) ;
#3658 = EDGE_CURVE ( 'NONE', #1780, #1017, #755, .T. ) ;
#3659 = APPLICATION_PROTOCOL_DEFINITION ( 'international standard', 'config_control_design', 1994, #791 ) ;
#3660 = CYLINDRICAL_SURFACE ( 'NONE', #2393, 26.99999999999999645 ) ;
#3661 = DIRECTION ( 'NONE',  ( -1.000000000000000000, -1.704887937077943325E-17, -0.000000000000000000 ) ) ;
#3662 = CYLINDRICAL_SURFACE ( 'NONE', #1190, 20.00000000000000355 ) ;
#3663 = VERTEX_POINT ( 'NONE', #698 ) ;
#3664 = LINE ( 'NONE', #2833, #2865 ) ;
#3665 = ADVANCED_FACE ( 'NONE', ( #2192, #849 ), #2435, .F. ) ;
#3666 = DIRECTION ( 'NONE',  ( -0.000000000000000000, 1.000000000000000000, -0.000000000000000000 ) ) ;
#3667 = AXIS2_PLACEMENT_3D ( 'NONE', #3143, #2287, #1158 ) ;
#3668 = CIRCLE ( 'NONE', #1271, 6.500000000000005329 ) ;
#3669 = APPROVAL_ROLE ( '' ) ;
#3670 = CIRCLE ( 'NONE', #401, 20.00000000000001776 ) ;
#3671 = CARTESIAN_POINT ( 'NONE',  ( 385.0000000000001137, -785.0000000000000000, 500.0000000000000000 ) ) ;
#3672 = ORIENTED_EDGE ( 'NONE', *, *, #249, .F. ) ;
#3673 = LINE ( 'NONE', #3016, #2694 ) ;
#3674 = VERTEX_POINT ( 'NONE', #3551 ) ;
#3675 = VECTOR ( 'NONE', #1565, 1000.000000000000000 ) ;
#3676 = DIRECTION ( 'NONE',  ( 1.000000000000000000, 0.000000000000000000, 0.000000000000000000 ) ) ;
#3677 = CIRCLE ( 'NONE', #2338, 5.049999999999998934 ) ;
#3678 = VERTEX_POINT ( 'NONE', #2447 ) ;
#3679 = CYLINDRICAL_SURFACE ( 'NONE', #1104, 27.00000000000002487 ) ;
#3680 = NEXT_ASSEMBLY_USAGE_OCCURRENCE ( 'NAUO1', ' ', ' ', #1141, #1662, $ ) ;
#3681 = NEXT_ASSEMBLY_USAGE_OCCURRENCE ( 'NAUO2', ' ', ' ', #1141, #2735, $ ) ;
#3682 = NEXT_ASSEMBLY_USAGE_OCCURRENCE ( 'NAUO3', ' ', ' ', #1141, #2229, $ ) ;
#3683 = NEXT_ASSEMBLY_USAGE_OCCURRENCE ( 'NAUO4', ' ', ' ', #1141, #2229, $ ) ;
ENDSEC;
END-ISO-10303-21;
