ISO-10303-21;
HEADER;
FILE_DESCRIPTION (( 'STEP AP203' ),
    '1' );
FILE_NAME ('地柜09.STEP',
    '2026-06-09T01:59:06',
    ( 'Windows 用户' ),
    ( 'Microsoft' ),
    'SwSTEP 2.0',
    'SolidWorks 2018',
    '' );
FILE_SCHEMA (( 'CONFIG_CONTROL_DESIGN' ));
ENDSEC;

DATA;
#1 = EDGE_CURVE ( 'NONE', #168, #2824, #1956, .T. ) ;
#2 = AXIS2_PLACEMENT_3D ( 'NONE', #221, #2893, #228 ) ;
#3 = VECTOR ( 'NONE', #2440, 1000.000000000000000 ) ;
#4 = CARTESIAN_POINT ( 'NONE',  ( 155.0000000000001421, -420.0000000000000568, 485.0000000000000000 ) ) ;
#5 = VECTOR ( 'NONE', #1581, 1000.000000000000000 ) ;
#6 = VERTEX_POINT ( 'NONE', #159 ) ;
#7 = DIRECTION ( 'NONE',  ( 0.000000000000000000, 0.000000000000000000, -1.000000000000000000 ) ) ;
#8 = EDGE_CURVE ( 'NONE', #1801, #1373, #2128, .T. ) ;
#9 = ORIENTED_EDGE ( 'NONE', *, *, #48, .F. ) ;
#10 = CARTESIAN_POINT ( 'NONE',  ( -207.0000000000001705, 7.999999999999934275, 580.0000000000000000 ) ) ;
#11 = AXIS2_PLACEMENT_3D ( 'NONE', #1044, #1064, #1683 ) ;
#12 = COORDINATED_UNIVERSAL_TIME_OFFSET ( 8, 0, .AHEAD. ) ;
#13 = DIRECTION ( 'NONE',  ( 0.000000000000000000, 0.000000000000000000, 1.000000000000000000 ) ) ;
#14 = ORIENTED_EDGE ( 'NONE', *, *, #1734, .T. ) ;
#15 = DIRECTION ( 'NONE',  ( 0.000000000000000000, 0.000000000000000000, -1.000000000000000000 ) ) ;
#16 = CARTESIAN_POINT ( 'NONE',  ( 155.0000000000001421, -435.0000000000000568, 510.0000000000000000 ) ) ;
#17 = CARTESIAN_POINT ( 'NONE',  ( 224.9999999999999432, -165.0000000000000000, 20.00000000000000000 ) ) ;
#18 = PRODUCT_DEFINITION_SHAPE ( 'NONE', 'NONE',  #2900 ) ;
#19 = PERSON_AND_ORGANIZATION_ROLE ( 'classification_officer' ) ;
#20 = ORIENTED_EDGE ( 'NONE', *, *, #1378, .T. ) ;
#21 = DIRECTION ( 'NONE',  ( 0.000000000000000000, -1.000000000000000000, 0.000000000000000000 ) ) ;
#22 = CARTESIAN_POINT ( 'NONE',  ( -225.0000000000000568, 165.0000000000000000, 20.00000000000000000 ) ) ;
#23 = ORIENTED_EDGE ( 'NONE', *, *, #1204, .F. ) ;
#24 = ORIENTED_EDGE ( 'NONE', *, *, #2704, .T. ) ;
#25 = EDGE_CURVE ( 'NONE', #2111, #457, #854, .T. ) ;
#26 = EDGE_LOOP ( 'NONE', ( #170, #2898, #1420, #2752 ) ) ;
#27 = CC_DESIGN_APPROVAL ( #2886, ( #1714 ) ) ;
#28 = CARTESIAN_POINT ( 'NONE',  ( 0.000000000000000000, 0.000000000000000000, 20.00000000000000000 ) ) ;
#29 = ORIENTED_EDGE ( 'NONE', *, *, #2715, .T. ) ;
#30 = APPROVAL_ROLE ( '' ) ;
#31 = AXIS2_PLACEMENT_3D ( 'NONE', #1357, #488, #945 ) ;
#32 = CARTESIAN_POINT ( 'NONE',  ( 224.9999999999998579, -85.00000000000005684, 533.9999999999998863 ) ) ;
#33 = EDGE_LOOP ( 'NONE', ( #1906, #1297, #2514, #198 ) ) ;
#34 = ORIENTED_EDGE ( 'NONE', *, *, #579, .T. ) ;
#35 = LINE ( 'NONE', #1990, #2866 ) ;
#36 = APPROVAL_PERSON_ORGANIZATION ( #1951, #1132, #30 ) ;
#37 = CARTESIAN_POINT ( 'NONE',  ( -155.0000000000001421, -420.0000000000000568, 69.99999999999995737 ) ) ;
#38 = DIRECTION ( 'NONE',  ( -1.000000000000000000, 0.000000000000000000, -0.000000000000000000 ) ) ;
#39 = DIRECTION ( 'NONE',  ( 0.000000000000000000, 0.000000000000000000, -1.000000000000000000 ) ) ;
#40 = CIRCLE ( 'NONE', #2773, 25.00000000000000000 ) ;
#41 = ADVANCED_FACE ( 'NONE', ( #47 ), #921, .F. ) ;
#42 = DIRECTION ( 'NONE',  ( 1.000000000000000000, 0.000000000000000000, -0.000000000000000000 ) ) ;
#43 = APPROVAL_ROLE ( '' ) ;
#44 = CIRCLE ( 'NONE', #2138, 27.00000000000002487 ) ;
#45 = APPROVAL_DATE_TIME ( #1359, #1552 ) ;
#46 = CARTESIAN_POINT ( 'NONE',  ( 224.9999999999998579, -10.00000000000006750, 551.9999999999998863 ) ) ;
#47 = FACE_OUTER_BOUND ( 'NONE', #470, .T. ) ;
#48 = EDGE_CURVE ( 'NONE', #2881, #1614, #923, .T. ) ;
#49 = CC_DESIGN_APPROVAL ( #1552, ( #1592 ) ) ;
#50 = CARTESIAN_POINT ( 'NONE',  ( -187.0000000000000853, -129.0000000000000000, -461.9999999999999432 ) ) ;
#51 = FACE_OUTER_BOUND ( 'NONE', #2584, .T. ) ;
#52 = ORIENTED_EDGE ( 'NONE', *, *, #2078, .F. ) ;
#53 = ORIENTED_EDGE ( 'NONE', *, *, #2404, .T. ) ;
#54 = VECTOR ( 'NONE', #2235, 1000.000000000000000 ) ;
#55 = CARTESIAN_POINT ( 'NONE',  ( -225.0000000000001421, -365.0000000000000568, 580.0000000000000000 ) ) ;
#56 = DIRECTION ( 'NONE',  ( 0.000000000000000000, 0.000000000000000000, -1.000000000000000000 ) ) ;
#57 = DATE_AND_TIME ( #348, #930 ) ;
#58 = CARTESIAN_POINT ( 'NONE',  ( -207.0000000000001421, -347.0000000000000568, 580.0000000000000000 ) ) ;
#59 = ADVANCED_FACE ( 'NONE', ( #268 ), #714, .T. ) ;
#60 = ORIENTED_EDGE ( 'NONE', *, *, #2188, .F. ) ;
#61 = AXIS2_PLACEMENT_3D ( 'NONE', #2147, #816, #374 ) ;
#62 = DIRECTION ( 'NONE',  ( -3.083952846180990774E-16, -1.000000000000000000, -0.000000000000000000 ) ) ;
#63 = ORIENTED_EDGE ( 'NONE', *, *, #1471, .T. ) ;
#64 = VECTOR ( 'NONE', #774, 1000.000000000000000 ) ;
#65 = VERTEX_POINT ( 'NONE', #2236 ) ;
#66 = DIRECTION ( 'NONE',  ( -0.000000000000000000, 1.000000000000000000, -0.000000000000000000 ) ) ;
#67 = APPROVAL_ROLE ( '' ) ;
#68 = EDGE_LOOP ( 'NONE', ( #1155, #2710, #1562, #1762 ) ) ;
#69 = EDGE_CURVE ( 'NONE', #1908, #2051, #1745, .T. ) ;
#70 = DIRECTION ( 'NONE',  ( 0.000000000000000000, -0.000000000000000000, -1.000000000000000000 ) ) ;
#71 = VERTEX_POINT ( 'NONE', #1803 ) ;
#72 = CARTESIAN_POINT ( 'NONE',  ( 155.0000000000001421, -380.0000000000000568, 490.0000000000000000 ) ) ;
#73 = ORIENTED_EDGE ( 'NONE', *, *, #2126, .T. ) ;
#74 = CARTESIAN_POINT ( 'NONE',  ( -155.0000000000001421, -365.0000000000000568, 69.99999999999995737 ) ) ;
#75 = CARTESIAN_POINT ( 'NONE',  ( -225.0000000000001421, -67.00000000000005684, 580.0000000000000000 ) ) ;
#76 = LINE ( 'NONE', #558, #2376 ) ;
#77 = PERSON_AND_ORGANIZATION_ROLE ( 'classification_officer' ) ;
#78 = DIRECTION ( 'NONE',  ( 0.000000000000000000, -1.000000000000000000, 0.000000000000000000 ) ) ;
#79 = VECTOR ( 'NONE', #354, 1000.000000000000000 ) ;
#80 = CIRCLE ( 'NONE', #519, 25.00000000000002132 ) ;
#81 = CARTESIAN_POINT ( 'NONE',  ( 206.9999999999998863, 0.000000000000000000, 580.0000000000000000 ) ) ;
#82 = PLANE ( 'NONE',  #2176 ) ;
#83 = LINE ( 'NONE', #671, #851 ) ;
#84 = CARTESIAN_POINT ( 'NONE',  ( -225.0000000000000568, -165.0000000000000000, 20.00000000000000000 ) ) ;
#85 = COORDINATED_UNIVERSAL_TIME_OFFSET ( 8, 0, .AHEAD. ) ;
#86 = EDGE_CURVE ( 'NONE', #1448, #2214, #2570, .T. ) ;
#87 = FACE_OUTER_BOUND ( 'NONE', #2636, .T. ) ;
#88 = ORIENTED_EDGE ( 'NONE', *, *, #2149, .T. ) ;
#89 = CARTESIAN_POINT ( 'NONE',  ( 155.0000000000001421, -435.0000000000000568, 69.99999999999995737 ) ) ;
#90 = ADVANCED_FACE ( 'NONE', ( #2351 ), #787, .T. ) ;
#91 = EDGE_CURVE ( 'NONE', #157, #2712, #223, .T. ) ;
#92 = DIRECTION ( 'NONE',  ( 0.000000000000000000, -1.000000000000000000, 0.000000000000000000 ) ) ;
#93 = LOCAL_TIME ( 9, 59, 6.000000000000000000, #1333 ) ;
#94 = DIRECTION ( 'NONE',  ( 0.000000000000000000, -1.000000000000000000, 0.000000000000000000 ) ) ;
#95 = DIRECTION ( 'NONE',  ( -0.000000000000000000, 1.000000000000000000, -0.000000000000000000 ) ) ;
#96 = AXIS2_PLACEMENT_3D ( 'NONE', #1355, #1583, #506 ) ;
#97 = ORIENTED_EDGE ( 'NONE', *, *, #788, .F. ) ;
#98 = DIRECTION ( 'NONE',  ( 1.000000000000000000, 0.000000000000000000, -0.000000000000000000 ) ) ;
#99 = EDGE_LOOP ( 'NONE', ( #2469, #653 ) ) ;
#100 = DIRECTION ( 'NONE',  ( -1.000000000000000000, 0.000000000000000000, 0.000000000000000000 ) ) ;
#101 = ORIENTED_EDGE ( 'NONE', *, *, #2769, .F. ) ;
#102 = VERTEX_POINT ( 'NONE', #487 ) ;
#103 = ORIENTED_EDGE ( 'NONE', *, *, #561, .T. ) ;
#104 = VERTEX_POINT ( 'NONE', #497 ) ;
#105 = EDGE_CURVE ( 'NONE', #2109, #503, #1953, .T. ) ;
#106 = AXIS2_PLACEMENT_3D ( 'NONE', #2479, #2677, #1999 ) ;
#107 = CARTESIAN_POINT ( 'NONE',  ( 224.9999999999998579, 287.9999999999999432, 580.0000000000000000 ) ) ;
#108 = FACE_OUTER_BOUND ( 'NONE', #1410, .T. ) ;
#109 = EDGE_LOOP ( 'NONE', ( #2264, #652, #246, #1340 ) ) ;
#110 = DIRECTION ( 'NONE',  ( -0.000000000000000000, 1.000000000000000000, -0.000000000000000000 ) ) ;
#111 = FACE_OUTER_BOUND ( 'NONE', #1431, .T. ) ;
#112 = EDGE_CURVE ( 'NONE', #157, #864, #2492, .T. ) ;
#113 = VECTOR ( 'NONE', #1168, 1000.000000000000000 ) ;
#114 = APPROVAL_PERSON_ORGANIZATION ( #640, #1778, #2063 ) ;
#115 = CALENDAR_DATE ( 2026, 9, 6 ) ;
#116 = LINE ( 'NONE', #409, #1742 ) ;
#117 = PERSON_AND_ORGANIZATION ( #1665, #227 ) ;
#118 = ORIENTED_EDGE ( 'NONE', *, *, #2556, .T. ) ;
#119 = EDGE_CURVE ( 'NONE', #2255, #664, #2127, .T. ) ;
#120 = VERTEX_POINT ( 'NONE', #1069 ) ;
#121 = VECTOR ( 'NONE', #2784, 1000.000000000000000 ) ;
#122 = DIRECTION ( 'NONE',  ( -0.000000000000000000, 1.000000000000000000, -0.000000000000000000 ) ) ;
#123 = CC_DESIGN_APPROVAL ( #1663, ( #2700 ) ) ;
#124 = PERSON_AND_ORGANIZATION ( #1665, #227 ) ;
#125 = EDGE_LOOP ( 'NONE', ( #904, #1080, #2887, #584 ) ) ;
#126 = ORIENTED_EDGE ( 'NONE', *, *, #199, .F. ) ;
#127 = AXIS2_PLACEMENT_3D ( 'NONE', #323, #1644, #2772 ) ;
#128 = EDGE_LOOP ( 'NONE', ( #1315, #1059, #1258, #2848 ) ) ;
#129 = CARTESIAN_POINT ( 'NONE',  ( 224.9999999999998579, -365.0000000000000568, 580.0000000000000000 ) ) ;
#130 = CARTESIAN_POINT ( 'NONE',  ( 205.0000000000000284, 32.99999999999997868, -480.0000000000000000 ) ) ;
#131 = CARTESIAN_POINT ( 'NONE',  ( -187.0000000000000853, -129.0000000000000000, -461.9999999999999432 ) ) ;
#132 = ORIENTED_EDGE ( 'NONE', *, *, #596, .T. ) ;
#133 = ORIENTED_EDGE ( 'NONE', *, *, #447, .T. ) ;
#134 = VECTOR ( 'NONE', #943, 1000.000000000000000 ) ;
#135 = CARTESIAN_POINT ( 'NONE',  ( -225.0000000000001421, 345.0000000000000568, 600.0000000000000000 ) ) ;
#136 = ORIENTED_EDGE ( 'NONE', *, *, #631, .T. ) ;
#137 = EDGE_CURVE ( 'NONE', #553, #1991, #83, .T. ) ;
#138 = DIRECTION ( 'NONE',  ( 0.000000000000000000, 0.000000000000000000, -1.000000000000000000 ) ) ;
#139 = UNCERTAINTY_MEASURE_WITH_UNIT (LENGTH_MEASURE( 1.000000000000000082E-05 ), #636, 'distance_accuracy_value', 'NONE');
#140 = EDGE_CURVE ( 'NONE', #1141, #560, #1813, .T. ) ;
#141 = LINE ( 'NONE', #130, #1192 ) ;
#142 = CC_DESIGN_PERSON_AND_ORGANIZATION_ASSIGNMENT ( #2174, #293, ( #496 ) ) ;
#143 = PLANE ( 'NONE',  #2599 ) ;
#144 = VECTOR ( 'NONE', #2725, 1000.000000000000000 ) ;
#145 = CIRCLE ( 'NONE', #1914, 20.00000000000001776 ) ;
#146 = CARTESIAN_POINT ( 'NONE',  ( -207.0000000000001421, -347.0000000000000568, 2.000000000000000000 ) ) ;
#147 = PLANE ( 'NONE',  #368 ) ;
#148 = AXIS2_PLACEMENT_3D ( 'NONE', #1347, #21, #2027 ) ;
#149 = PERSON_AND_ORGANIZATION ( #1665, #227 ) ;
#150 = CARTESIAN_POINT ( 'NONE',  ( 155.0000000000001421, -420.0000000000000568, 530.0000000000000000 ) ) ;
#151 = DIRECTION ( 'NONE',  ( -1.000000000000000000, 0.000000000000000000, 0.000000000000000000 ) ) ;
#152 = LINE ( 'NONE', #1276, #1860 ) ;
#153 = EDGE_LOOP ( 'NONE', ( #195, #2806, #1214, #251 ) ) ;
#154 = SHAPE_DEFINITION_REPRESENTATION ( #2733, #1708 ) ;
#155 = DIRECTION ( 'NONE',  ( -0.000000000000000000, 1.000000000000000000, -0.000000000000000000 ) ) ;
#156 = VECTOR ( 'NONE', #2616, 1000.000000000000000 ) ;
#157 = VERTEX_POINT ( 'NONE', #1500 ) ;
#158 = CARTESIAN_POINT ( 'NONE',  ( -155.0000000000001421, -435.0000000000000568, 69.99999999999995737 ) ) ;
#159 = CARTESIAN_POINT ( 'NONE',  ( 155.0000000000001421, -435.0000000000000568, 535.0000000000000000 ) ) ;
#160 = EDGE_CURVE ( 'NONE', #1647, #566, #44, .T. ) ;
#161 = AXIS2_PLACEMENT_3D ( 'NONE', #1089, #1955, #2875 ) ;
#162 = PERSON_AND_ORGANIZATION ( #1665, #227 ) ;
#163 = CARTESIAN_POINT ( 'NONE',  ( 156.9999999999998579, 7.999999999999952038, 580.0000000000000000 ) ) ;
#164 = DIRECTION ( 'NONE',  ( 1.000000000000000000, 0.000000000000000000, 0.000000000000000000 ) ) ;
#165 = ORIENTED_EDGE ( 'NONE', *, *, #2698, .F. ) ;
#166 = EDGE_CURVE ( 'NONE', #890, #1367, #549, .T. ) ;
#167 = CARTESIAN_POINT ( 'NONE',  ( -155.0000000000001421, -420.0000000000000568, 510.0000000000000000 ) ) ;
#168 = VERTEX_POINT ( 'NONE', #2877 ) ;
#169 = AXIS2_PLACEMENT_3D ( 'NONE', #2132, #78, #70 ) ;
#170 = ORIENTED_EDGE ( 'NONE', *, *, #1659, .T. ) ;
#171 = ORIENTED_EDGE ( 'NONE', *, *, #160, .F. ) ;
#172 = ORIENTED_EDGE ( 'NONE', *, *, #2758, .F. ) ;
#173 = DIRECTION ( 'NONE',  ( 0.000000000000000000, 0.000000000000000000, -1.000000000000000000 ) ) ;
#174 = CARTESIAN_POINT ( 'NONE',  ( -1.110223024625156540E-13, -200.0000000000000568, 580.0000000000000000 ) ) ;
#175 = DIRECTION ( 'NONE',  ( 0.000000000000000000, -0.000000000000000000, 1.000000000000000000 ) ) ;
#176 = DIRECTION ( 'NONE',  ( -0.000000000000000000, 1.000000000000000000, 0.000000000000000000 ) ) ;
#177 = VERTEX_POINT ( 'NONE', #197 ) ;
#178 = ORIENTED_EDGE ( 'NONE', *, *, #2595, .F. ) ;
#179 = DIRECTION ( 'NONE',  ( -0.000000000000000000, -0.000000000000000000, -1.000000000000000000 ) ) ;
#180 = VECTOR ( 'NONE', #1459, 1000.000000000000000 ) ;
#181 = LINE ( 'NONE', #1892, #1284 ) ;
#182 = LINE ( 'NONE', #341, #878 ) ;
#183 = ORIENTED_EDGE ( 'NONE', *, *, #1038, .F. ) ;
#184 = EDGE_CURVE ( 'NONE', #2576, #2824, #2627, .T. ) ;
#185 = CARTESIAN_POINT ( 'NONE',  ( -155.0000000000001421, -420.0000000000000568, 69.99999999999995737 ) ) ;
#186 = APPROVAL_STATUS ( 'not_yet_approved' ) ;
#187 = CONTEXT_DEPENDENT_SHAPE_REPRESENTATION ( #1170, #18 ) ;
#188 = DIRECTION ( 'NONE',  ( -0.000000000000000000, 1.000000000000000000, -0.000000000000000000 ) ) ;
#189 = FACE_OUTER_BOUND ( 'NONE', #858, .T. ) ;
#190 = LOCAL_TIME ( 9, 59, 6.000000000000000000, #85 ) ;
#191 = LINE ( 'NONE', #278, #2494 ) ;
#192 = VECTOR ( 'NONE', #583, 1000.000000000000000 ) ;
#193 = CARTESIAN_POINT ( 'NONE',  ( 205.0000000000000284, 32.99999999999997868, 0.000000000000000000 ) ) ;
#194 = DIRECTION ( 'NONE',  ( 1.000000000000000000, 0.000000000000000000, 0.000000000000000000 ) ) ;
#195 = ORIENTED_EDGE ( 'NONE', *, *, #447, .F. ) ;
#196 = FACE_BOUND ( 'NONE', #1548, .T. ) ;
#197 = CARTESIAN_POINT ( 'NONE',  ( -155.0000000000001421, -380.0000000000000568, 483.0000000000000568 ) ) ;
#198 = ORIENTED_EDGE ( 'NONE', *, *, #2286, .T. ) ;
#199 = EDGE_CURVE ( 'NONE', #628, #2509, #116, .T. ) ;
#200 = CC_DESIGN_DATE_AND_TIME_ASSIGNMENT ( #853, #678, ( #1592 ) ) ;
#201 = VERTEX_POINT ( 'NONE', #2407 ) ;
#202 = DIRECTION ( 'NONE',  ( -0.000000000000000000, -0.000000000000000000, -1.000000000000000000 ) ) ;
#203 = CARTESIAN_POINT ( 'NONE',  ( 0.000000000000000000, 0.000000000000000000, 0.000000000000000000 ) ) ;
#204 = ORIENTED_EDGE ( 'NONE', *, *, #2039, .T. ) ;
#205 = ORIENTED_EDGE ( 'NONE', *, *, #1662, .F. ) ;
#206 = AXIS2_PLACEMENT_3D ( 'NONE', #2175, #2197, #1065 ) ;
#207 = DIRECTION ( 'NONE',  ( 0.000000000000000000, -1.000000000000000000, 0.000000000000000000 ) ) ;
#208 = CARTESIAN_POINT ( 'NONE',  ( 206.9999999999998863, -10.00000000000004619, 99.99999999999997158 ) ) ;
#209 = ADVANCED_FACE ( 'NONE', ( #2348 ), #1540, .F. ) ;
#210 = ORIENTED_EDGE ( 'NONE', *, *, #2156, .T. ) ;
#211 = ORIENTED_EDGE ( 'NONE', *, *, #2662, .F. ) ;
#212 = DIRECTION ( 'NONE',  ( -0.000000000000000000, -1.000000000000000000, -0.000000000000000000 ) ) ;
#213 = ORIENTED_EDGE ( 'NONE', *, *, #2365, .F. ) ;
#214 = APPROVAL_STATUS ( 'not_yet_approved' ) ;
#215 = FACE_OUTER_BOUND ( 'NONE', #1759, .T. ) ;
#216 = CARTESIAN_POINT ( 'NONE',  ( -187.0000000000000853, -129.0000000000000000, -461.9999999999999432 ) ) ;
#217 = LINE ( 'NONE', #2703, #113 ) ;
#218 = EDGE_CURVE ( 'NONE', #2606, #1015, #1025, .T. ) ;
#219 = VECTOR ( 'NONE', #2451, 1000.000000000000000 ) ;
#220 = VECTOR ( 'NONE', #2503, 1000.000000000000000 ) ;
#221 = CARTESIAN_POINT ( 'NONE',  ( 224.9999999999998579, -85.00000000000005684, 580.0000000000000000 ) ) ;
#222 = ADVANCED_FACE ( 'NONE', ( #2276 ), #480, .T. ) ;
#223 = LINE ( 'NONE', #2032, #1358 ) ;
#224 = CARTESIAN_POINT ( 'NONE',  ( -207.0000000000001421, 346.9999999999999432, 580.0000000000000000 ) ) ;
#225 = CARTESIAN_POINT ( 'NONE',  ( 224.9999999999998579, -10.00000000000006750, 551.9999999999998863 ) ) ;
#226 = AXIS2_PLACEMENT_3D ( 'NONE', #608, #1947, #1909 ) ;
#227 = ORGANIZATION ( '未指定', '未指定', '' ) ;
#228 = DIRECTION ( 'NONE',  ( 0.000000000000000000, -0.000000000000000000, -1.000000000000000000 ) ) ;
#229 = FACE_BOUND ( 'NONE', #2822, .T. ) ;
#230 = ORIENTED_EDGE ( 'NONE', *, *, #8, .T. ) ;
#231 = CARTESIAN_POINT ( 'NONE',  ( 224.9999999999999432, -165.0000000000000000, 20.00000000000000000 ) ) ;
#232 = APPROVAL_DATE_TIME ( #557, #2400 ) ;
#233 = MANIFOLD_SOLID_BREP ( '凸台-拉伸6', #1959 ) ;
#234 = CARTESIAN_POINT ( 'NONE',  ( 155.0000000000001421, -435.0000000000000568, 69.99999999999995737 ) ) ;
#235 = ADVANCED_FACE ( 'NONE', ( #1641 ), #2205, .F. ) ;
#236 = EDGE_LOOP ( 'NONE', ( #2537, #2100, #1732, #499 ) ) ;
#237 = DIRECTION ( 'NONE',  ( 0.000000000000000000, 0.000000000000000000, 1.000000000000000000 ) ) ;
#238 = EDGE_CURVE ( 'NONE', #2060, #464, #1885, .T. ) ;
#239 = VERTEX_POINT ( 'NONE', #440 ) ;
#240 = CARTESIAN_POINT ( 'NONE',  ( 187.0000000000001421, -129.0000000000000000, 0.000000000000000000 ) ) ;
#241 = ORIENTED_EDGE ( 'NONE', *, *, #1795, .F. ) ;
#242 = ORIENTED_EDGE ( 'NONE', *, *, #2387, .F. ) ;
#243 = PERSON_AND_ORGANIZATION_ROLE ( 'classification_officer' ) ;
#244 = ADVANCED_FACE ( 'NONE', ( #2200, #1707 ), #2213, .F. ) ;
#245 = AXIS2_PLACEMENT_3D ( 'NONE', #482, #2459, #2000 ) ;
#246 = ORIENTED_EDGE ( 'NONE', *, *, #1662, .T. ) ;
#247 = ORIENTED_EDGE ( 'NONE', *, *, #119, .F. ) ;
#248 = CARTESIAN_POINT ( 'NONE',  ( -187.0000000000000853, 33.00000000000000711, -461.9999999999999432 ) ) ;
#249 = FACE_OUTER_BOUND ( 'NONE', #422, .T. ) ;
#250 = CARTESIAN_POINT ( 'NONE',  ( -225.0000000000001421, -365.0000000000000568, 0.000000000000000000 ) ) ;
#251 = ORIENTED_EDGE ( 'NONE', *, *, #988, .T. ) ;
#252 = EDGE_LOOP ( 'NONE', ( #1309, #2113, #384, #118 ) ) ;
#253 = ADVANCED_FACE ( 'NONE', ( #189 ), #1516, .F. ) ;
#254 = DIRECTION ( 'NONE',  ( 0.000000000000000000, -1.000000000000000000, 0.000000000000000000 ) ) ;
#255 = CYLINDRICAL_SURFACE ( 'NONE', #1443, 27.00000000000002487 ) ;
#256 = VECTOR ( 'NONE', #2074, 1000.000000000000000 ) ;
#257 = CALENDAR_DATE ( 2026, 9, 6 ) ;
#258 = DIRECTION ( 'NONE',  ( -1.000000000000000000, 0.000000000000000000, 1.201540069940645842E-16 ) ) ;
#259 = ORGANIZATION ( 'NAUO-ORG1', 'UNSPECIFIED', 'UNSPECIFIED' ) ;
#260 = EDGE_CURVE ( 'NONE', #364, #1320, #517, .T. ) ;
#261 = AXIS2_PLACEMENT_3D ( 'NONE', #2818, #122, #2349 ) ;
#262 = VECTOR ( 'NONE', #2858, 1000.000000000000000 ) ;
#263 = DIRECTION ( 'NONE',  ( 0.000000000000000000, 0.000000000000000000, 1.000000000000000000 ) ) ;
#264 = ADVANCED_FACE ( 'NONE', ( #2775 ), #2468, .F. ) ;
#265 = PERSON_AND_ORGANIZATION ( #1665, #227 ) ;
#266 = CARTESIAN_POINT ( 'NONE',  ( 187.0000000000001421, -129.0000000000000000, 0.000000000000000000 ) ) ;
#267 = CARTESIAN_POINT ( 'NONE',  ( 206.9999999999998863, -365.0000000000000568, 533.9999999999998863 ) ) ;
#268 = FACE_OUTER_BOUND ( 'NONE', #461, .T. ) ;
#269 = LINE ( 'NONE', #131, #1432 ) ;
#270 = EDGE_CURVE ( 'NONE', #2816, #71, #2873, .T. ) ;
#271 = PERSON_AND_ORGANIZATION_ROLE ( 'classification_officer' ) ;
#272 = ORIENTED_EDGE ( 'NONE', *, *, #1962, .T. ) ;
#273 = CARTESIAN_POINT ( 'NONE',  ( 224.9999999999998579, -365.0000000000000568, 0.000000000000000000 ) ) ;
#274 = ADVANCED_FACE ( 'NONE', ( #1165 ), #1091, .T. ) ;
#275 = VECTOR ( 'NONE', #752, 1000.000000000000000 ) ;
#276 = AXIS2_PLACEMENT_3D ( 'NONE', #2159, #2581, #138 ) ;
#277 = DIRECTION ( 'NONE',  ( -1.000000000000000000, 0.000000000000000000, -0.000000000000000000 ) ) ;
#278 = CARTESIAN_POINT ( 'NONE',  ( -187.0000000000000853, 33.00000000000000711, -461.9999999999999432 ) ) ;
#279 = VERTEX_POINT ( 'NONE', #2220 ) ;
#280 = EDGE_CURVE ( 'NONE', #533, #1514, #1122, .T. ) ;
#281 = DIRECTION ( 'NONE',  ( 0.000000000000000000, 0.000000000000000000, -1.000000000000000000 ) ) ;
#282 = DIRECTION ( 'NONE',  ( 0.000000000000000000, -1.239088197126289584E-16, -1.000000000000000000 ) ) ;
#283 = ORIENTED_EDGE ( 'NONE', *, *, #2093, .F. ) ;
#284 = ORIENTED_EDGE ( 'NONE', *, *, #307, .T. ) ;
#285 = DIRECTION ( 'NONE',  ( -0.000000000000000000, -0.000000000000000000, 1.000000000000000000 ) ) ;
#286 = VERTEX_POINT ( 'NONE', #1362 ) ;
#287 = CARTESIAN_POINT ( 'NONE',  ( 224.9999999999998579, -10.00000000000006750, 551.9999999999998863 ) ) ;
#288 = VERTEX_POINT ( 'NONE', #721 ) ;
#289 = LINE ( 'NONE', #1433, #1482 ) ;
#290 = ADVANCED_FACE ( 'NONE', ( #2804 ), #2096, .T. ) ;
#291 = PLANE ( 'NONE',  #793 ) ;
#292 = VERTEX_POINT ( 'NONE', #273 ) ;
#293 = PERSON_AND_ORGANIZATION_ROLE ( 'classification_officer' ) ;
#294 = AXIS2_PLACEMENT_3D ( 'NONE', #146, #1477, #382 ) ;
#295 = CARTESIAN_POINT ( 'NONE',  ( -155.0000000000001421, -365.0000000000000568, 510.0000000000000000 ) ) ;
#296 = VERTEX_POINT ( 'NONE', #2687 ) ;
#297 = DIRECTION ( 'NONE',  ( 0.000000000000000000, 0.000000000000000000, -1.000000000000000000 ) ) ;
#298 = FACE_OUTER_BOUND ( 'NONE', #1142, .T. ) ;
#299 = FACE_OUTER_BOUND ( 'NONE', #128, .T. ) ;
#300 = LINE ( 'NONE', #1820, #144 ) ;
#301 = VECTOR ( 'NONE', #1695, 1000.000000000000000 ) ;
#302 = LINE ( 'NONE', #1671, #1916 ) ;
#303 = CARTESIAN_POINT ( 'NONE',  ( -155.0000000000001421, -435.0000000000000568, 510.0000000000000000 ) ) ;
#304 = EDGE_CURVE ( 'NONE', #239, #2051, #2731, .T. ) ;
#305 = APPROVAL_STATUS ( 'not_yet_approved' ) ;
#306 = ORIENTED_EDGE ( 'NONE', *, *, #1290, .T. ) ;
#307 = EDGE_CURVE ( 'NONE', #279, #2116, #339, .T. ) ;
#308 = CC_DESIGN_PERSON_AND_ORGANIZATION_ASSIGNMENT ( #1951, #271, ( #1151 ) ) ;
#309 = PLANE ( 'NONE',  #1765 ) ;
#310 = ORIENTED_EDGE ( 'NONE', *, *, #86, .T. ) ;
#311 = PRODUCT ( '地柜09', '地柜09', '', ( #1282 ) ) ;
#312 = VECTOR ( 'NONE', #2360, 1000.000000000000000 ) ;
#313 = DIRECTION ( 'NONE',  ( 0.000000000000000000, -0.000000000000000000, 1.000000000000000000 ) ) ;
#314 = DIRECTION ( 'NONE',  ( 0.000000000000000000, 0.000000000000000000, -1.000000000000000000 ) ) ;
#315 = ORIENTED_EDGE ( 'NONE', *, *, #2444, .F. ) ;
#316 = CALENDAR_DATE ( 2026, 9, 6 ) ;
#317 = AXIS2_PLACEMENT_3D ( 'NONE', #2067, #1863, #56 ) ;
#318 = CARTESIAN_POINT ( 'NONE',  ( -225.0000000000001421, -67.00000000000005684, 562.0000000000000000 ) ) ;
#319 = DESIGN_CONTEXT ( 'detailed design', #1295, 'design' ) ;
#320 = ADVANCED_FACE ( 'NONE', ( #718 ), #505, .F. ) ;
#321 = DIRECTION ( 'NONE',  ( 0.000000000000000000, 1.000000000000000000, 0.000000000000000000 ) ) ;
#322 = ORIENTED_EDGE ( 'NONE', *, *, #137, .F. ) ;
#323 = CARTESIAN_POINT ( 'NONE',  ( 0.000000000000000000, 0.000000000000000000, 2.000000000000000000 ) ) ;
#324 = ORIENTED_EDGE ( 'NONE', *, *, #2001, .F. ) ;
#325 = EDGE_CURVE ( 'NONE', #2765, #2646, #1779, .T. ) ;
#326 = ORIENTED_EDGE ( 'NONE', *, *, #709, .F. ) ;
#327 = DIRECTION ( 'NONE',  ( 0.000000000000000000, -0.000000000000000000, -1.000000000000000000 ) ) ;
#328 = ORIENTED_EDGE ( 'NONE', *, *, #2365, .T. ) ;
#329 = DIRECTION ( 'NONE',  ( -0.000000000000000000, 1.000000000000000000, -0.000000000000000000 ) ) ;
#330 = VERTEX_POINT ( 'NONE', #2453 ) ;
#331 = EDGE_CURVE ( 'NONE', #1310, #2014, #1499, .T. ) ;
#332 = DIRECTION ( 'NONE',  ( 0.000000000000000000, 0.000000000000000000, 1.000000000000000000 ) ) ;
#333 = FACE_OUTER_BOUND ( 'NONE', #2225, .T. ) ;
#334 = ORIENTED_EDGE ( 'NONE', *, *, #788, .T. ) ;
#335 = ORIENTED_EDGE ( 'NONE', *, *, #1344, .F. ) ;
#336 = LINE ( 'NONE', #1741, #1456 ) ;
#337 = CIRCLE ( 'NONE', #1598, 20.00000000000001776 ) ;
#338 = CARTESIAN_POINT ( 'NONE',  ( -225.0000000000000568, -165.0000000000000000, 20.00000000000000000 ) ) ;
#339 = CIRCLE ( 'NONE', #959, 25.00000000000000000 ) ;
#340 = CARTESIAN_POINT ( 'NONE',  ( 0.000000000000000000, -10.00000000000004619, 0.000000000000000000 ) ) ;
#341 = CARTESIAN_POINT ( 'NONE',  ( 155.0000000000001421, -435.0000000000000568, 485.0000000000000000 ) ) ;
#342 = VECTOR ( 'NONE', #934, 1000.000000000000000 ) ;
#343 = DIRECTION ( 'NONE',  ( -0.000000000000000000, -0.000000000000000000, 1.000000000000000000 ) ) ;
#344 = VECTOR ( 'NONE', #1969, 1000.000000000000000 ) ;
#345 = EDGE_CURVE ( 'NONE', #2297, #1749, #1197, .T. ) ;
#346 = CC_DESIGN_SECURITY_CLASSIFICATION ( #1151, ( #2900 ) ) ;
#347 = CARTESIAN_POINT ( 'NONE',  ( -155.0000000000001421, -380.0000000000000568, 510.0000000000000000 ) ) ;
#348 = CALENDAR_DATE ( 2026, 9, 6 ) ;
#349 = ADVANCED_FACE ( 'NONE', ( #577 ), #1148, .T. ) ;
#350 = CARTESIAN_POINT ( 'NONE',  ( 155.0000000000001421, -380.0000000000000568, 537.0000000000000000 ) ) ;
#351 = AXIS2_PLACEMENT_3D ( 'NONE', #1664, #995, #551 ) ;
#352 = CARTESIAN_POINT ( 'NONE',  ( 205.0000000000000284, 32.99999999999997868, -480.0000000000000000 ) ) ;
#353 = ORIENTED_EDGE ( 'NONE', *, *, #1830, .F. ) ;
#354 = DIRECTION ( 'NONE',  ( 1.000000000000000000, 0.000000000000000000, 0.000000000000000000 ) ) ;
#355 = EDGE_LOOP ( 'NONE', ( #981, #2554, #1893, #1900 ) ) ;
#356 = VERTEX_POINT ( 'NONE', #900 ) ;
#357 = EDGE_CURVE ( 'NONE', #2746, #2513, #2166, .T. ) ;
#358 = AXIS2_PLACEMENT_3D ( 'NONE', #1354, #903, #38 ) ;
#359 = DIRECTION ( 'NONE',  ( 0.000000000000000000, 1.000000000000000000, 0.000000000000000000 ) ) ;
#360 = ORIENTED_EDGE ( 'NONE', *, *, #2782, .T. ) ;
#361 = VECTOR ( 'NONE', #813, 1000.000000000000000 ) ;
#362 = AXIS2_PLACEMENT_3D ( 'NONE', #687, #1116, #2240 ) ;
#363 = VECTOR ( 'NONE', #535, 1000.000000000000000 ) ;
#364 = VERTEX_POINT ( 'NONE', #22 ) ;
#365 = CARTESIAN_POINT ( 'NONE',  ( 156.9999999999998579, -10.00000000000006750, 533.9999999999998863 ) ) ;
#366 = LINE ( 'NONE', #216, #1389 ) ;
#367 = FACE_BOUND ( 'NONE', #866, .T. ) ;
#368 = AXIS2_PLACEMENT_3D ( 'NONE', #1264, #1452, #605 ) ;
#369 = CARTESIAN_POINT ( 'NONE',  ( -207.0000000000001421, 346.9999999999999432, 2.000000000000000000 ) ) ;
#370 = CARTESIAN_POINT ( 'NONE',  ( -155.0000000000001421, -380.0000000000000568, 96.99999999999994316 ) ) ;
#371 = PLANE ( 'NONE',  #2131 ) ;
#372 = DIRECTION ( 'NONE',  ( 0.000000000000000000, -1.000000000000000000, 0.000000000000000000 ) ) ;
#373 = APPROVAL_DATE_TIME ( #2167, #951 ) ;
#374 = DIRECTION ( 'NONE',  ( 0.000000000000000000, 0.000000000000000000, 1.000000000000000000 ) ) ;
#375 = ORIENTED_EDGE ( 'NONE', *, *, #2575, .T. ) ;
#376 = EDGE_CURVE ( 'NONE', #2824, #2583, #404, .T. ) ;
#377 = FACE_BOUND ( 'NONE', #2072, .T. ) ;
#378 = DIRECTION ( 'NONE',  ( -0.000000000000000000, -0.000000000000000000, -1.000000000000000000 ) ) ;
#379 = DIRECTION ( 'NONE',  ( -1.000000000000000000, 3.083952846180990774E-16, 0.000000000000000000 ) ) ;
#380 = CARTESIAN_POINT ( 'NONE',  ( -207.0000000000001421, 7.999999999999934275, 580.0000000000000000 ) ) ;
#381 = VERTEX_POINT ( 'NONE', #1348 ) ;
#382 = DIRECTION ( 'NONE',  ( 0.000000000000000000, 0.000000000000000000, 1.000000000000000000 ) ) ;
#383 = DIRECTION ( 'NONE',  ( -0.000000000000000000, 1.000000000000000000, -0.000000000000000000 ) ) ;
#384 = ORIENTED_EDGE ( 'NONE', *, *, #140, .F. ) ;
#385 = AXIS2_PLACEMENT_3D ( 'NONE', #2803, #1894, #2564 ) ;
#386 = ORIENTED_EDGE ( 'NONE', *, *, #199, .T. ) ;
#387 = CARTESIAN_POINT ( 'NONE',  ( 0.000000000000000000, 0.000000000000000000, 0.000000000000000000 ) ) ;
#388 = ORIENTED_EDGE ( 'NONE', *, *, #909, .T. ) ;
#389 = VERTEX_POINT ( 'NONE', #2518 ) ;
#390 = CARTESIAN_POINT ( 'NONE',  ( 224.9999999999998579, 287.9999999999999432, 580.0000000000000000 ) ) ;
#391 = VERTEX_POINT ( 'NONE', #1369 ) ;
#392 = EDGE_CURVE ( 'NONE', #1254, #2829, #1428, .T. ) ;
#393 = CARTESIAN_POINT ( 'NONE',  ( 155.0000000000001421, -365.0000000000000568, 510.0000000000000000 ) ) ;
#394 = EDGE_LOOP ( 'NONE', ( #1077, #1035, #2338, #2588, #2890, #388, #2542, #1070, #1971, #133, #1935, #901 ) ) ;
#395 = EDGE_CURVE ( 'NONE', #1655, #2744, #2089, .T. ) ;
#396 = LINE ( 'NONE', #397, #2223 ) ;
#397 = CARTESIAN_POINT ( 'NONE',  ( 224.9999999999998579, 365.0000000000000568, 551.9999999999998863 ) ) ;
#398 = CIRCLE ( 'NONE', #2786, 26.99999999999999645 ) ;
#399 = DIRECTION ( 'NONE',  ( 0.000000000000000000, 0.000000000000000000, -1.000000000000000000 ) ) ;
#400 = FACE_OUTER_BOUND ( 'NONE', #2082, .T. ) ;
#401 = LINE ( 'NONE', #1693, #2154 ) ;
#402 = ORIENTED_EDGE ( 'NONE', *, *, #1307, .T. ) ;
#403 = DATE_AND_TIME ( #115, #2729 ) ;
#404 = LINE ( 'NONE', #10, #2694 ) ;
#405 = COORDINATED_UNIVERSAL_TIME_OFFSET ( 8, 0, .AHEAD. ) ;
#406 = VECTOR ( 'NONE', #2215, 1000.000000000000000 ) ;
#407 = APPROVAL_PERSON_ORGANIZATION ( #1576, #1057, #1484 ) ;
#408 = CARTESIAN_POINT ( 'NONE',  ( 155.0000000000001421, -365.0000000000000568, 42.99999999999995026 ) ) ;
#409 = CARTESIAN_POINT ( 'NONE',  ( 206.9999999999998863, 0.000000000000000000, 580.0000000000000000 ) ) ;
#410 = DIRECTION ( 'NONE',  ( -0.000000000000000000, -1.000000000000000000, -0.000000000000000000 ) ) ;
#411 = CIRCLE ( 'NONE', #919, 20.00000000000001776 ) ;
#412 = EDGE_CURVE ( 'NONE', #1098, #2830, #1461, .T. ) ;
#413 = CC_DESIGN_APPROVAL ( #1057, ( #2649 ) ) ;
#414 = PERSON_AND_ORGANIZATION ( #1665, #227 ) ;
#415 = CARTESIAN_POINT ( 'NONE',  ( 224.9999999999998579, -10.00000000000006395, 580.0000000000000000 ) ) ;
#416 = EDGE_CURVE ( 'NONE', #533, #2299, #2659, .T. ) ;
#417 = CARTESIAN_POINT ( 'NONE',  ( -205.0000000000000284, 33.00000000000002842, 0.000000000000000000 ) ) ;
#418 = UNCERTAINTY_MEASURE_WITH_UNIT (LENGTH_MEASURE( 1.000000000000000082E-05 ), #865, 'distance_accuracy_value', 'NONE');
#419 = ADVANCED_FACE ( 'NONE', ( #1491 ), #760, .F. ) ;
#420 = ORIENTED_EDGE ( 'NONE', *, *, #1004, .F. ) ;
#421 = CARTESIAN_POINT ( 'NONE',  ( -155.0000000000001421, -420.0000000000000568, 490.0000000000000000 ) ) ;
#422 = EDGE_LOOP ( 'NONE', ( #1521, #2403 ) ) ;
#423 = ORIENTED_EDGE ( 'NONE', *, *, #137, .T. ) ;
#424 = ORIENTED_EDGE ( 'NONE', *, *, #709, .T. ) ;
#425 = EDGE_LOOP ( 'NONE', ( #840, #2186 ) ) ;
#426 = CARTESIAN_POINT ( 'NONE',  ( 224.9999999999998579, -10.00000000000006750, 533.9999999999998863 ) ) ;
#427 =( NAMED_UNIT ( * ) SI_UNIT ( $, .STERADIAN. ) SOLID_ANGLE_UNIT ( ) );
#428 = EDGE_CURVE ( 'NONE', #2576, #288, #2802, .T. ) ;
#429 = EDGE_LOOP ( 'NONE', ( #2435, #937, #834, #830 ) ) ;
#430 = EDGE_LOOP ( 'NONE', ( #2252, #2289, #907, #1673 ) ) ;
#431 = CARTESIAN_POINT ( 'NONE',  ( -155.0000000000001421, -435.0000000000000568, 510.0000000000000000 ) ) ;
#432 = CYLINDRICAL_SURFACE ( 'NONE', #1014, 26.99999999999999645 ) ;
#433 = CYLINDRICAL_SURFACE ( 'NONE', #2231, 20.00000000000001776 ) ;
#434 = ORIENTED_EDGE ( 'NONE', *, *, #140, .T. ) ;
#435 = ORGANIZATION ( 'NAUO-ORG2', 'UNSPECIFIED', 'UNSPECIFIED' ) ;
#436 = DIRECTION ( 'NONE',  ( 0.000000000000000000, 0.000000000000000000, -1.000000000000000000 ) ) ;
#437 = LINE ( 'NONE', #2825, #2124 ) ;
#438 = VECTOR ( 'NONE', #2540, 1000.000000000000000 ) ;
#439 = CARTESIAN_POINT ( 'NONE',  ( -155.0000000000001421, -420.0000000000000568, 510.0000000000000000 ) ) ;
#440 = CARTESIAN_POINT ( 'NONE',  ( -225.0000000000001421, 287.9999999999999432, 562.0000000000000000 ) ) ;
#441 = AXIS2_PLACEMENT_3D ( 'NONE', #167, #1712, #399 ) ;
#442 = EDGE_LOOP ( 'NONE', ( #1682, #944, #705, #635 ) ) ;
#443 = CARTESIAN_POINT ( 'NONE',  ( -157.0000000000000284, -10.00000000000004619, 580.0000000000000000 ) ) ;
#444 = DATE_AND_TIME ( #1537, #2388 ) ;
#445 = ORIENTED_EDGE ( 'NONE', *, *, #2387, .T. ) ;
#446 = PERSON_AND_ORGANIZATION_ROLE ( 'design_owner' ) ;
#447 = EDGE_CURVE ( 'NONE', #979, #168, #2382, .T. ) ;
#448 = CARTESIAN_POINT ( 'NONE',  ( 204.9999999999999716, -147.0000000000000284, -0.000000000000000000 ) ) ;
#449 = VERTEX_POINT ( 'NONE', #2309 ) ;
#450 = DIRECTION ( 'NONE',  ( -0.000000000000000000, -0.000000000000000000, -1.000000000000000000 ) ) ;
#451 = EDGE_LOOP ( 'NONE', ( #989, #1146, #692, #2654 ) ) ;
#452 = EDGE_CURVE ( 'NONE', #1442, #1923, #80, .T. ) ;
#453 = CC_DESIGN_APPROVAL ( #1132, ( #1151 ) ) ;
#454 = ORIENTED_EDGE ( 'NONE', *, *, #112, .T. ) ;
#455 = CARTESIAN_POINT ( 'NONE',  ( 224.9999999999999432, -165.0000000000000000, 20.00000000000000000 ) ) ;
#456 = MECHANICAL_CONTEXT ( 'NONE', #850, 'mechanical' ) ;
#457 = VERTEX_POINT ( 'NONE', #732 ) ;
#458 = AXIS2_PLACEMENT_3D ( 'NONE', #1268, #1932, #615 ) ;
#459 = DIRECTION ( 'NONE',  ( -1.000000000000000000, -0.000000000000000000, -0.000000000000000000 ) ) ;
#460 = DIRECTION ( 'NONE',  ( 0.000000000000000000, -1.000000000000000000, 0.000000000000000000 ) ) ;
#461 = EDGE_LOOP ( 'NONE', ( #1480, #2267, #495, #2460 ) ) ;
#462 = EDGE_LOOP ( 'NONE', ( #1656, #1970, #2855, #434 ) ) ;
#463 = AXIS2_PLACEMENT_3D ( 'NONE', #469, #512, #1147 ) ;
#464 = VERTEX_POINT ( 'NONE', #72 ) ;
#465 = DIRECTION ( 'NONE',  ( 0.000000000000000000, 0.000000000000000000, -1.000000000000000000 ) ) ;
#466 = PERSON_AND_ORGANIZATION_ROLE ( 'design_supplier' ) ;
#467 = VECTOR ( 'NONE', #1261, 1000.000000000000000 ) ;
#468 = VECTOR ( 'NONE', #1725, 1000.000000000000000 ) ;
#469 = CARTESIAN_POINT ( 'NONE',  ( 224.9999999999998579, 297.9999999999999432, 562.0000000000000000 ) ) ;
#470 = EDGE_LOOP ( 'NONE', ( #484, #2511, #1334, #1512 ) ) ;
#471 = CARTESIAN_POINT ( 'NONE',  ( -155.0000000000001421, -365.0000000000000568, 69.99999999999995737 ) ) ;
#472 = EDGE_CURVE ( 'NONE', #457, #2081, #2344, .T. ) ;
#473 = LINE ( 'NONE', #2521, #2801 ) ;
#474 = VECTOR ( 'NONE', #1996, 1000.000000000000000 ) ;
#475 = ADVANCED_FACE ( 'NONE', ( #1565 ), #529, .F. ) ;
#476 = DIRECTION ( 'NONE',  ( 0.000000000000000000, -1.000000000000000000, 0.000000000000000000 ) ) ;
#477 = VECTOR ( 'NONE', #1041, 1000.000000000000000 ) ;
#478 = EDGE_CURVE ( 'NONE', #1554, #1874, #953, .T. ) ;
#479 = APPLICATION_CONTEXT ( 'configuration controlled 3d designs of mechanical parts and assemblies' ) ;
#480 = CYLINDRICAL_SURFACE ( 'NONE', #206, 20.00000000000001776 ) ;
#481 = APPROVAL_PERSON_ORGANIZATION ( #610, #951, #646 ) ;
#482 = CARTESIAN_POINT ( 'NONE',  ( 155.0000000000001421, -380.0000000000000568, 69.99999999999995737 ) ) ;
#483 = AXIS2_PLACEMENT_3D ( 'NONE', #1209, #568, #2543 ) ;
#484 = ORIENTED_EDGE ( 'NONE', *, *, #1011, .T. ) ;
#485 = PERSON_AND_ORGANIZATION ( #1665, #227 ) ;
#486 = CARTESIAN_POINT ( 'NONE',  ( 224.9999999999998579, 364.9999999999999432, 580.0000000000000000 ) ) ;
#487 = CARTESIAN_POINT ( 'NONE',  ( -205.0000000000000284, 33.00000000000002842, -480.0000000000000000 ) ) ;
#488 = DIRECTION ( 'NONE',  ( -0.000000000000000000, 1.000000000000000000, -0.000000000000000000 ) ) ;
#489 = APPLICATION_PROTOCOL_DEFINITION ( 'international standard', 'config_control_design', 1994, #479 ) ;
#490 = PERSON_AND_ORGANIZATION ( #1665, #227 ) ;
#491 = DIRECTION ( 'NONE',  ( -1.000000000000000000, 0.000000000000000000, -0.000000000000000000 ) ) ;
#492 = DIRECTION ( 'NONE',  ( 0.000000000000000000, 0.000000000000000000, -1.000000000000000000 ) ) ;
#493 = DIRECTION ( 'NONE',  ( 0.000000000000000000, 0.000000000000000000, -1.000000000000000000 ) ) ;
#494 = AXIS2_PLACEMENT_3D ( 'NONE', #1318, #1769, #1154 ) ;
#495 = ORIENTED_EDGE ( 'NONE', *, *, #949, .T. ) ;
#496 = SECURITY_CLASSIFICATION ( '', '', #2508 ) ;
#497 = CARTESIAN_POINT ( 'NONE',  ( 224.9999999999998579, 365.0000000000000568, 600.0000000000000000 ) ) ;
#498 = ADVANCED_FACE ( 'NONE', ( #1637 ), #2740, .T. ) ;
#499 = ORIENTED_EDGE ( 'NONE', *, *, #1436, .T. ) ;
#500 = EDGE_LOOP ( 'NONE', ( #2510, #1217 ) ) ;
#501 = DIRECTION ( 'NONE',  ( -0.000000000000000000, -0.000000000000000000, -1.000000000000000000 ) ) ;
#502 = AXIS2_PLACEMENT_3D ( 'NONE', #1829, #2263, #2506 ) ;
#503 = VERTEX_POINT ( 'NONE', #58 ) ;
#504 = VERTEX_POINT ( 'NONE', #1865 ) ;
#505 = PLANE ( 'NONE',  #362 ) ;
#506 = DIRECTION ( 'NONE',  ( 0.000000000000000000, -0.000000000000000000, 1.000000000000000000 ) ) ;
#507 = ORIENTED_EDGE ( 'NONE', *, *, #1946, .F. ) ;
#508 = VERTEX_POINT ( 'NONE', #1190 ) ;
#509 = CARTESIAN_POINT ( 'NONE',  ( -155.0000000000001421, -380.0000000000000568, 510.0000000000000000 ) ) ;
#510 = VECTOR ( 'NONE', #1016, 1000.000000000000000 ) ;
#511 = DATE_TIME_ROLE ( 'classification_date' ) ;
#512 = DIRECTION ( 'NONE',  ( 1.000000000000000000, 0.000000000000000000, 0.000000000000000000 ) ) ;
#513 = FACE_OUTER_BOUND ( 'NONE', #1374, .T. ) ;
#514 = FACE_OUTER_BOUND ( 'NONE', #2862, .T. ) ;
#515 = EDGE_CURVE ( 'NONE', #2060, #724, #337, .T. ) ;
#516 = PRODUCT_DEFINITION_FORMATION_WITH_SPECIFIED_SOURCE ( '任何', '', #1875, .NOT_KNOWN. ) ;
#517 = LINE ( 'NONE', #2643, #1292 ) ;
#518 = CARTESIAN_POINT ( 'NONE',  ( -155.0000000000001421, -420.0000000000000568, 69.99999999999995737 ) ) ;
#519 = AXIS2_PLACEMENT_3D ( 'NONE', #2762, #1638, #297 ) ;
#520 = EDGE_LOOP ( 'NONE', ( #272, #2258, #706, #1612 ) ) ;
#521 = DIRECTION ( 'NONE',  ( 0.000000000000000000, 0.000000000000000000, 1.000000000000000000 ) ) ;
#522 = AXIS2_PLACEMENT_3D ( 'NONE', #2527, #2122, #1680 ) ;
#523 = DIRECTION ( 'NONE',  ( 0.000000000000000000, 0.000000000000000000, -1.000000000000000000 ) ) ;
#524 = APPROVAL_DATE_TIME ( #1233, #1817 ) ;
#525 = ADVANCED_FACE ( 'NONE', ( #514 ), #877, .T. ) ;
#526 = DIRECTION ( 'NONE',  ( 0.000000000000000000, -1.000000000000000000, -0.000000000000000000 ) ) ;
#527 = EDGE_LOOP ( 'NONE', ( #771, #2304, #2665, #29 ) ) ;
#528 = EDGE_CURVE ( 'NONE', #819, #935, #302, .T. ) ;
#529 = PLANE ( 'NONE',  #660 ) ;
#530 = ORIENTED_EDGE ( 'NONE', *, *, #1590, .F. ) ;
#531 = DIRECTION ( 'NONE',  ( 0.000000000000000000, -0.000000000000000000, -1.000000000000000000 ) ) ;
#532 = ORIENTED_EDGE ( 'NONE', *, *, #1436, .F. ) ;
#533 = VERTEX_POINT ( 'NONE', #537 ) ;
#534 = CARTESIAN_POINT ( 'NONE',  ( 155.0000000000001421, -420.0000000000000568, 530.0000000000000000 ) ) ;
#535 = DIRECTION ( 'NONE',  ( -0.000000000000000000, -0.000000000000000000, 1.000000000000000000 ) ) ;
#536 = CARTESIAN_POINT ( 'NONE',  ( 155.0000000000001421, -435.0000000000000568, 69.99999999999995737 ) ) ;
#537 = CARTESIAN_POINT ( 'NONE',  ( -155.0000000000001421, -435.0000000000000568, 94.99999999999994316 ) ) ;
#538 = ADVANCED_FACE ( 'NONE', ( #1351 ), #433, .T. ) ;
#539 = FACE_OUTER_BOUND ( 'NONE', #394, .T. ) ;
#540 = LINE ( 'NONE', #1107, #2863 ) ;
#541 = ORIENTED_EDGE ( 'NONE', *, *, #2885, .T. ) ;
#542 = PLANE ( 'NONE',  #642 ) ;
#543 = VECTOR ( 'NONE', #1633, 1000.000000000000000 ) ;
#544 = FACE_OUTER_BOUND ( 'NONE', #1144, .T. ) ;
#545 = DIRECTION ( 'NONE',  ( -0.000000000000000000, -0.000000000000000000, -1.000000000000000000 ) ) ;
#546 = CARTESIAN_POINT ( 'NONE',  ( 155.0000000000001421, -420.0000000000000568, 510.0000000000000000 ) ) ;
#547 = VECTOR ( 'NONE', #2144, 1000.000000000000000 ) ;
#548 = DIRECTION ( 'NONE',  ( -0.000000000000000000, 1.000000000000000000, -0.000000000000000000 ) ) ;
#549 = LINE ( 'NONE', #208, #1058 ) ;
#550 = EDGE_CURVE ( 'NONE', #2830, #2146, #1847, .T. ) ;
#551 = DIRECTION ( 'NONE',  ( 0.000000000000000000, 0.000000000000000000, -1.000000000000000000 ) ) ;
#552 = VECTOR ( 'NONE', #910, 1000.000000000000000 ) ;
#553 = VERTEX_POINT ( 'NONE', #1221 ) ;
#554 = PERSON ( 'NAUO-PER3', 'UNSPECIFIED', 'UNSPECIFIED', ('UNSPECIFIED'), ('UNSPECIFIED'), ('UNSPECIFIED') ) ;
#555 = PLANE ( 'NONE',  #1952 ) ;
#556 = AXIS2_PLACEMENT_3D ( 'NONE', #1743, #1272, #2846 ) ;
#557 = DATE_AND_TIME ( #2284, #1756 ) ;
#558 = CARTESIAN_POINT ( 'NONE',  ( 155.0000000000001421, -420.0000000000000568, 89.99999999999997158 ) ) ;
#559 = PLANE ( 'NONE',  #2333 ) ;
#560 = VERTEX_POINT ( 'NONE', #2320 ) ;
#561 = EDGE_CURVE ( 'NONE', #2011, #1231, #1246, .T. ) ;
#562 = ORIENTED_EDGE ( 'NONE', *, *, #594, .T. ) ;
#563 =( GEOMETRIC_REPRESENTATION_CONTEXT ( 3 ) GLOBAL_UNCERTAINTY_ASSIGNED_CONTEXT ( ( #418 ) ) GLOBAL_UNIT_ASSIGNED_CONTEXT ( ( #865, #658, #427 ) ) REPRESENTATION_CONTEXT ( 'NONE', 'WORKASPACE' ) );
#564 = CARTESIAN_POINT ( 'NONE',  ( -187.0000000000000284, -129.0000000000000000, 0.000000000000000000 ) ) ;
#565 = VERTEX_POINT ( 'NONE', #564 ) ;
#566 = VERTEX_POINT ( 'NONE', #2358 ) ;
#567 = EDGE_CURVE ( 'NONE', #2372, #1320, #675, .T. ) ;
#568 = DIRECTION ( 'NONE',  ( 0.000000000000000000, -1.000000000000000000, 0.000000000000000000 ) ) ;
#569 = FACE_BOUND ( 'NONE', #843, .T. ) ;
#570 = ORIENTED_EDGE ( 'NONE', *, *, #69, .T. ) ;
#571 = AXIS2_PLACEMENT_3D ( 'NONE', #1139, #258, #2253 ) ;
#572 = LINE ( 'NONE', #888, #1019 ) ;
#573 = LINE ( 'NONE', #742, #2412 ) ;
#574 = LINE ( 'NONE', #1008, #2088 ) ;
#575 = VECTOR ( 'NONE', #962, 1000.000000000000000 ) ;
#576 = DIRECTION ( 'NONE',  ( -1.184689203106112228E-16, -1.000000000000000000, 0.000000000000000000 ) ) ;
#577 = FACE_OUTER_BOUND ( 'NONE', #1444, .T. ) ;
#578 = DIRECTION ( 'NONE',  ( 0.000000000000000000, 0.000000000000000000, -1.000000000000000000 ) ) ;
#579 = EDGE_CURVE ( 'NONE', #791, #1749, #181, .T. ) ;
#580 = LOCAL_TIME ( 9, 59, 6.000000000000000000, #964 ) ;
#581 = DIRECTION ( 'NONE',  ( -0.000000000000000000, 1.000000000000000000, -0.000000000000000000 ) ) ;
#582 = DIRECTION ( 'NONE',  ( -0.000000000000000000, -0.000000000000000000, 1.000000000000000000 ) ) ;
#583 = DIRECTION ( 'NONE',  ( 3.469446951953614682E-16, 0.000000000000000000, -1.000000000000000000 ) ) ;
#584 = ORIENTED_EDGE ( 'NONE', *, *, #831, .T. ) ;
#585 = LINE ( 'NONE', #1853, #275 ) ;
#586 = CARTESIAN_POINT ( 'NONE',  ( -155.0000000000001421, -420.0000000000000568, 94.99999999999994316 ) ) ;
#587 = AXIS2_PLACEMENT_3D ( 'NONE', #626, #155, #2173 ) ;
#588 = CALENDAR_DATE ( 2026, 9, 6 ) ;
#589 = CARTESIAN_POINT ( 'NONE',  ( 155.0000000000001421, -380.0000000000000568, 49.99999999999993605 ) ) ;
#590 = ADVANCED_FACE ( 'NONE', ( #1160 ), #1000, .T. ) ;
#591 = ORIENTED_EDGE ( 'NONE', *, *, #2678, .T. ) ;
#592 = CARTESIAN_POINT ( 'NONE',  ( -155.0000000000001421, -380.0000000000000568, 537.0000000000000000 ) ) ;
#593 = VERTEX_POINT ( 'NONE', #352 ) ;
#594 = EDGE_CURVE ( 'NONE', #2829, #2851, #1667, .T. ) ;
#595 = VERTEX_POINT ( 'NONE', #2586 ) ;
#596 = EDGE_CURVE ( 'NONE', #2583, #2006, #2270, .T. ) ;
#597 = ORIENTED_EDGE ( 'NONE', *, *, #1697, .F. ) ;
#598 = CC_DESIGN_APPROVAL ( #1778, ( #1963 ) ) ;
#599 = CARTESIAN_POINT ( 'NONE',  ( 155.0000000000001421, -420.0000000000000568, 490.0000000000000000 ) ) ;
#600 = ORIENTED_EDGE ( 'NONE', *, *, #1551, .F. ) ;
#601 = VECTOR ( 'NONE', #2488, 1000.000000000000000 ) ;
#602 = AXIS2_PLACEMENT_3D ( 'NONE', #415, #1467, #826 ) ;
#603 = LINE ( 'NONE', #2610, #2896 ) ;
#604 = VERTEX_POINT ( 'NONE', #2781 ) ;
#605 = DIRECTION ( 'NONE',  ( -1.000000000000000000, 0.000000000000000000, -0.000000000000000000 ) ) ;
#606 = LINE ( 'NONE', #1034, #301 ) ;
#607 = CARTESIAN_POINT ( 'NONE',  ( -225.0000000000001421, -365.0000000000000568, 580.0000000000000000 ) ) ;
#608 = CARTESIAN_POINT ( 'NONE',  ( 187.0000000000000853, -129.0000000000000000, -461.9999999999999432 ) ) ;
#609 = VECTOR ( 'NONE', #1794, 1000.000000000000000 ) ;
#610 = PERSON_AND_ORGANIZATION ( #1665, #227 ) ;
#611 = EDGE_LOOP ( 'NONE', ( #2182, #2498, #1376, #1541 ) ) ;
#612 = EDGE_CURVE ( 'NONE', #1831, #1231, #76, .T. ) ;
#613 = AXIS2_PLACEMENT_3D ( 'NONE', #2844, #2620, #1523 ) ;
#614 = CYLINDRICAL_SURFACE ( 'NONE', #2894, 25.00000000000002132 ) ;
#615 = DIRECTION ( 'NONE',  ( 0.000000000000000000, 0.000000000000000000, 1.000000000000000000 ) ) ;
#616 = CARTESIAN_POINT ( 'NONE',  ( -207.0000000000001421, -85.00000000000005684, 580.0000000000000000 ) ) ;
#617 =( NAMED_UNIT ( * ) SI_UNIT ( $, .STERADIAN. ) SOLID_ANGLE_UNIT ( ) );
#618 = EDGE_CURVE ( 'NONE', #2816, #1602, #1386, .T. ) ;
#619 = DIRECTION ( 'NONE',  ( 0.000000000000000000, 0.000000000000000000, -1.000000000000000000 ) ) ;
#620 = APPROVAL_PERSON_ORGANIZATION ( #124, #1941, #1787 ) ;
#621 = CARTESIAN_POINT ( 'NONE',  ( 206.9999999999998863, -85.00000000000005684, 580.0000000000000000 ) ) ;
#622 = AXIS2_PLACEMENT_3D ( 'NONE', #1403, #321, #1218 ) ;
#623 = ORIENTED_EDGE ( 'NONE', *, *, #970, .F. ) ;
#624 = DIRECTION ( 'NONE',  ( 0.000000000000000000, 0.000000000000000000, 1.000000000000000000 ) ) ;
#625 = ORIENTED_EDGE ( 'NONE', *, *, #994, .T. ) ;
#626 = CARTESIAN_POINT ( 'NONE',  ( -155.0000000000001421, -435.0000000000000568, 510.0000000000000000 ) ) ;
#627 = CARTESIAN_POINT ( 'NONE',  ( -207.0000000000001421, -347.0000000000000568, 0.000000000000000000 ) ) ;
#628 = VERTEX_POINT ( 'NONE', #769 ) ;
#629 = ORIENTED_EDGE ( 'NONE', *, *, #2305, .T. ) ;
#630 = EDGE_LOOP ( 'NONE', ( #1974, #2854 ) ) ;
#631 = EDGE_CURVE ( 'NONE', #1311, #867, #1193, .T. ) ;
#632 = ADVANCED_FACE ( 'NONE', ( #1808 ), #992, .F. ) ;
#633 = LINE ( 'NONE', #1545, #2337 ) ;
#634 = CC_DESIGN_APPROVAL ( #1817, ( #496 ) ) ;
#635 = ORIENTED_EDGE ( 'NONE', *, *, #91, .T. ) ;
#636 =( LENGTH_UNIT ( ) NAMED_UNIT ( * ) SI_UNIT ( .MILLI., .METRE. ) );
#637 = VECTOR ( 'NONE', #2695, 1000.000000000000000 ) ;
#638 = DIRECTION ( 'NONE',  ( 0.000000000000000000, 0.000000000000000000, 1.000000000000000000 ) ) ;
#639 = ORIENTED_EDGE ( 'NONE', *, *, #817, .T. ) ;
#640 = PERSON_AND_ORGANIZATION ( #955, #435 ) ;
#641 = CARTESIAN_POINT ( 'NONE',  ( 156.9999999999998579, -10.00000000000004619, 580.0000000000000000 ) ) ;
#642 = AXIS2_PLACEMENT_3D ( 'NONE', #983, #941, #277 ) ;
#643 = FACE_OUTER_BOUND ( 'NONE', #109, .T. ) ;
#644 = DIRECTION ( 'NONE',  ( 1.000000000000000000, 0.000000000000000000, -2.775557561562889872E-16 ) ) ;
#645 = CARTESIAN_POINT ( 'NONE',  ( 187.0000000000001421, 33.00000000000000711, 0.000000000000000000 ) ) ;
#646 = APPROVAL_ROLE ( '' ) ;
#647 = ORIENTED_EDGE ( 'NONE', *, *, #392, .T. ) ;
#648 = LINE ( 'NONE', #1228, #312 ) ;
#649 = PLANE ( 'NONE',  #1211 ) ;
#650 = VECTOR ( 'NONE', #2663, 1000.000000000000000 ) ;
#651 = CARTESIAN_POINT ( 'NONE',  ( 155.0000000000001421, -365.0000000000000568, 510.0000000000000000 ) ) ;
#652 = ORIENTED_EDGE ( 'NONE', *, *, #472, .T. ) ;
#653 = ORIENTED_EDGE ( 'NONE', *, *, #1207, .T. ) ;
#654 = VECTOR ( 'NONE', #1929, 1000.000000000000000 ) ;
#655 = EDGE_CURVE ( 'NONE', #867, #1602, #811, .T. ) ;
#656 =( GEOMETRIC_REPRESENTATION_CONTEXT ( 3 ) GLOBAL_UNCERTAINTY_ASSIGNED_CONTEXT ( ( #1868 ) ) GLOBAL_UNIT_ASSIGNED_CONTEXT ( ( #1934, #2417, #617 ) ) REPRESENTATION_CONTEXT ( 'NONE', 'WORKASPACE' ) );
#657 = CARTESIAN_POINT ( 'NONE',  ( 206.9999999999998863, 269.9999999999998863, 533.9999999999998863 ) ) ;
#658 =( NAMED_UNIT ( * ) PLANE_ANGLE_UNIT ( ) SI_UNIT ( $, .RADIAN. ) );
#659 = DATE_AND_TIME ( #2211, #2323 ) ;
#660 = AXIS2_PLACEMENT_3D ( 'NONE', #948, #2068, #2049 ) ;
#661 = DIRECTION ( 'NONE',  ( 0.000000000000000000, -1.000000000000000000, 0.000000000000000000 ) ) ;
#662 = EDGE_LOOP ( 'NONE', ( #132, #744, #1796, #2179 ) ) ;
#663 = CARTESIAN_POINT ( 'NONE',  ( 156.9999999999998579, -10.00000000000004619, 580.0000000000000000 ) ) ;
#664 = VERTEX_POINT ( 'NONE', #1427 ) ;
#665 = ADVANCED_FACE ( 'NONE', ( #1457 ), #1494, .T. ) ;
#666 = ORIENTED_EDGE ( 'NONE', *, *, #1131, .F. ) ;
#667 = ORIENTED_EDGE ( 'NONE', *, *, #8, .F. ) ;
#668 = CARTESIAN_POINT ( 'NONE',  ( -187.0000000000000568, 33.00000000000002842, 0.000000000000000000 ) ) ;
#669 = APPLICATION_PROTOCOL_DEFINITION ( 'international standard', 'config_control_design', 1994, #1988 ) ;
#670 = ORIENTED_EDGE ( 'NONE', *, *, #25, .F. ) ;
#671 = CARTESIAN_POINT ( 'NONE',  ( 206.9999999999998863, 7.999999999999952038, 99.99999999999997158 ) ) ;
#672 = EDGE_CURVE ( 'NONE', #330, #2299, #2797, .T. ) ;
#673 = DIRECTION ( 'NONE',  ( -1.000000000000000000, 0.000000000000000000, 0.000000000000000000 ) ) ;
#674 = CIRCLE ( 'NONE', #483, 20.00000000000001776 ) ;
#675 = LINE ( 'NONE', #2789, #2054 ) ;
#676 = DIRECTION ( 'NONE',  ( -1.000000000000000000, -0.000000000000000000, -0.000000000000000000 ) ) ;
#677 = VECTOR ( 'NONE', #762, 1000.000000000000000 ) ;
#678 = DATE_TIME_ROLE ( 'creation_date' ) ;
#679 = DIRECTION ( 'NONE',  ( 0.000000000000000000, 0.000000000000000000, -1.000000000000000000 ) ) ;
#680 = AXIS2_PLACEMENT_3D ( 'NONE', #1806, #936, #7 ) ;
#681 = VECTOR ( 'NONE', #2483, 1000.000000000000000 ) ;
#682 = DIRECTION ( 'NONE',  ( -5.551115123125779744E-16, 0.000000000000000000, 1.000000000000000000 ) ) ;
#683 = APPROVAL_PERSON_ORGANIZATION ( #1255, #1552, #1136 ) ;
#684 = CARTESIAN_POINT ( 'NONE',  ( 204.9999999999999716, -147.0000000000000284, -480.0000000000000000 ) ) ;
#685 = LINE ( 'NONE', #1979, #2064 ) ;
#686 = CARTESIAN_POINT ( 'NONE',  ( 224.9999999999998579, 365.0000000000000568, 533.9999999999998863 ) ) ;
#687 = CARTESIAN_POINT ( 'NONE',  ( 206.9999999999998863, -347.0000000000000568, 2.000000000000000000 ) ) ;
#688 = DATE_AND_TIME ( #1178, #1137 ) ;
#689 = EDGE_CURVE ( 'NONE', #2014, #2372, #603, .T. ) ;
#690 = CARTESIAN_POINT ( 'NONE',  ( 224.9999999999998579, -365.0000000000000568, 580.0000000000000000 ) ) ;
#691 = ADVANCED_FACE ( 'NONE', ( #2486, #299 ), #1031, .T. ) ;
#692 = ORIENTED_EDGE ( 'NONE', *, *, #1011, .F. ) ;
#693 = CARTESIAN_POINT ( 'NONE',  ( 206.9999999999998863, -347.0000000000000568, 2.000000000000000000 ) ) ;
#694 = APPLICATION_PROTOCOL_DEFINITION ( 'international standard', 'config_control_design', 1994, #850 ) ;
#695 = ORIENTED_EDGE ( 'NONE', *, *, #2286, .F. ) ;
#696 = CARTESIAN_POINT ( 'NONE',  ( 206.9999999999998863, -347.0000000000000568, 18.00000000000000000 ) ) ;
#697 = DIRECTION ( 'NONE',  ( -0.000000000000000000, -0.000000000000000000, -1.000000000000000000 ) ) ;
#698 = ORIENTED_EDGE ( 'NONE', *, *, #1777, .F. ) ;
#699 = CARTESIAN_POINT ( 'NONE',  ( 204.9999999999999716, -147.0000000000000284, -0.000000000000000000 ) ) ;
#700 = ORIENTED_EDGE ( 'NONE', *, *, #2250, .T. ) ;
#701 = CARTESIAN_POINT ( 'NONE',  ( -225.0000000000001421, 365.0000000000000568, 551.9999999999998863 ) ) ;
#702 = APPROVAL_ROLE ( '' ) ;
#703 = VECTOR ( 'NONE', #2275, 1000.000000000000000 ) ;
#704 = CARTESIAN_POINT ( 'NONE',  ( 156.9999999999998579, -10.00000000000004619, 533.9999999999998863 ) ) ;
#705 = ORIENTED_EDGE ( 'NONE', *, *, #1836, .F. ) ;
#706 = ORIENTED_EDGE ( 'NONE', *, *, #2266, .F. ) ;
#707 = CARTESIAN_POINT ( 'NONE',  ( -225.0000000000000568, -165.0000000000000000, 0.000000000000000000 ) ) ;
#708 = ADVANCED_FACE ( 'NONE', ( #1048, #2302 ), #2836, .T. ) ;
#709 = EDGE_CURVE ( 'NONE', #2214, #1448, #1082, .T. ) ;
#710 = FACE_OUTER_BOUND ( 'NONE', #2788, .T. ) ;
#711 = CC_DESIGN_APPROVAL ( #951, ( #2190 ) ) ;
#712 = DIRECTION ( 'NONE',  ( -1.000000000000000000, -0.000000000000000000, -0.000000000000000000 ) ) ;
#713 = CARTESIAN_POINT ( 'NONE',  ( 204.9999999999999716, -147.0000000000000284, -0.000000000000000000 ) ) ;
#714 = PLANE ( 'NONE',  #96 ) ;
#715 = COORDINATED_UNIVERSAL_TIME_OFFSET ( 8, 0, .AHEAD. ) ;
#716 = CARTESIAN_POINT ( 'NONE',  ( -207.0000000000001421, 269.9999999999998863, 533.9999999999998863 ) ) ;
#717 = EDGE_CURVE ( 'NONE', #947, #595, #2685, .T. ) ;
#718 = FACE_OUTER_BOUND ( 'NONE', #527, .T. ) ;
#719 = LOCAL_TIME ( 9, 59, 6.000000000000000000, #1816 ) ;
#720 = LINE ( 'NONE', #1152, #1646 ) ;
#721 = CARTESIAN_POINT ( 'NONE',  ( 206.9999999999998863, 269.9999999999998863, 580.0000000000000000 ) ) ;
#722 = AXIS2_PLACEMENT_3D ( 'NONE', #1728, #661, #638 ) ;
#723 = CARTESIAN_POINT ( 'NONE',  ( 224.9999999999998579, -57.00000000000005684, 551.9999999999998863 ) ) ;
#724 = VERTEX_POINT ( 'NONE', #150 ) ;
#725 = ORIENTED_EDGE ( 'NONE', *, *, #2421, .F. ) ;
#726 = ADVANCED_FACE ( 'NONE', ( #569, #544 ), #143, .F. ) ;
#727 = LINE ( 'NONE', #365, #1827 ) ;
#728 = DIRECTION ( 'NONE',  ( 1.000000000000000000, -0.000000000000000000, 0.000000000000000000 ) ) ;
#729 = PERSON_AND_ORGANIZATION_ROLE ( 'classification_officer' ) ;
#730 = EDGE_CURVE ( 'NONE', #974, #1017, #2408, .T. ) ;
#731 = DATE_AND_TIME ( #588, #1303 ) ;
#732 = CARTESIAN_POINT ( 'NONE',  ( -155.0000000000001421, -420.0000000000000568, 49.99999999999993605 ) ) ;
#733 = ORIENTED_EDGE ( 'NONE', *, *, #2384, .T. ) ;
#734 = ORIENTED_EDGE ( 'NONE', *, *, #1344, .T. ) ;
#735 = ORIENTED_EDGE ( 'NONE', *, *, #478, .T. ) ;
#736 = EDGE_LOOP ( 'NONE', ( #2615, #1804, #2555, #334 ) ) ;
#737 = DATE_TIME_ROLE ( 'classification_date' ) ;
#738 = AXIS2_PLACEMENT_3D ( 'NONE', #74, #2709, #975 ) ;
#739 = EDGE_LOOP ( 'NONE', ( #1587, #2613, #725, #2755 ) ) ;
#740 = ADVANCED_FACE ( 'NONE', ( #333 ), #2086, .T. ) ;
#741 = ORIENTED_EDGE ( 'NONE', *, *, #1326, .F. ) ;
#742 = CARTESIAN_POINT ( 'NONE',  ( -225.0000000000000568, -165.0000000000000000, 20.00000000000000000 ) ) ;
#743 = ORIENTED_EDGE ( 'NONE', *, *, #2242, .T. ) ;
#744 = ORIENTED_EDGE ( 'NONE', *, *, #1263, .F. ) ;
#745 = VECTOR ( 'NONE', #2538, 1000.000000000000000 ) ;
#746 = VECTOR ( 'NONE', #1413, 1000.000000000000000 ) ;
#747 = DIRECTION ( 'NONE',  ( -0.000000000000000000, -1.000000000000000000, -0.000000000000000000 ) ) ;
#748 = CYLINDRICAL_SURFACE ( 'NONE', #1227, 20.00000000000001776 ) ;
#749 = EDGE_CURVE ( 'NONE', #104, #2881, #2764, .T. ) ;
#750 = CC_DESIGN_DATE_AND_TIME_ASSIGNMENT ( #1950, #511, ( #1714 ) ) ;
#751 = ADVANCED_FACE ( 'NONE', ( #1493 ), #2619, .F. ) ;
#752 = DIRECTION ( 'NONE',  ( -0.000000000000000000, -1.000000000000000000, -0.000000000000000000 ) ) ;
#753 = DIRECTION ( 'NONE',  ( 0.000000000000000000, 0.000000000000000000, 1.000000000000000000 ) ) ;
#754 = LOCAL_TIME ( 9, 59, 6.000000000000000000, #1027 ) ;
#755 = AXIS2_PLACEMENT_3D ( 'NONE', #1549, #1569, #2696 ) ;
#756 = VECTOR ( 'NONE', #845, 1000.000000000000000 ) ;
#757 = ORIENTED_EDGE ( 'NONE', *, *, #2305, .F. ) ;
#758 = CARTESIAN_POINT ( 'NONE',  ( -225.0000000000001421, 297.9999999999999432, 551.9999999999998863 ) ) ;
#759 = SHAPE_REPRESENTATION_RELATIONSHIP ( 'NONE' , 'NONE' ,  #1718, #1776 ) ;
#760 = PLANE ( 'NONE',  #1440 ) ;
#761 = FACE_OUTER_BOUND ( 'NONE', #2497, .T. ) ;
#762 = DIRECTION ( 'NONE',  ( -1.000000000000000000, 0.000000000000000000, 0.000000000000000000 ) ) ;
#763 = ORIENTED_EDGE ( 'NONE', *, *, #1980, .T. ) ;
#764 = SHAPE_DEFINITION_REPRESENTATION ( #2551, #1626 ) ;
#765 = CARTESIAN_POINT ( 'NONE',  ( 206.9999999999998863, 346.9999999999999432, 0.000000000000000000 ) ) ;
#766 = CARTESIAN_POINT ( 'NONE',  ( 206.9999999999998863, 346.9999999999999432, 2.000000000000000000 ) ) ;
#767 = ORIENTED_EDGE ( 'NONE', *, *, #2421, .T. ) ;
#768 = EDGE_CURVE ( 'NONE', #2829, #1015, #2481, .T. ) ;
#769 = CARTESIAN_POINT ( 'NONE',  ( 206.9999999999998863, -347.0000000000000568, 580.0000000000000000 ) ) ;
#770 = EDGE_LOOP ( 'NONE', ( #2152, #1585 ) ) ;
#771 = ORIENTED_EDGE ( 'NONE', *, *, #2769, .T. ) ;
#772 = ORIENTED_EDGE ( 'NONE', *, *, #1854, .F. ) ;
#773 = EDGE_CURVE ( 'NONE', #628, #1884, #1346, .T. ) ;
#774 = DIRECTION ( 'NONE',  ( 1.000000000000000000, 0.000000000000000000, 0.000000000000000000 ) ) ;
#775 = CARTESIAN_POINT ( 'NONE',  ( 155.0000000000001421, -435.0000000000000568, 485.0000000000000000 ) ) ;
#776 = ORIENTED_EDGE ( 'NONE', *, *, #1836, .T. ) ;
#777 = AXIS2_PLACEMENT_3D ( 'NONE', #997, #94, #1643 ) ;
#778 = ORIENTED_EDGE ( 'NONE', *, *, #395, .T. ) ;
#779 = DIRECTION ( 'NONE',  ( -0.000000000000000000, 1.000000000000000000, -0.000000000000000000 ) ) ;
#780 = EDGE_LOOP ( 'NONE', ( #1965, #902, #1051, #1327 ) ) ;
#781 = CARTESIAN_POINT ( 'NONE',  ( 155.0000000000001421, -380.0000000000000568, 483.0000000000000000 ) ) ;
#782 = LINE ( 'NONE', #946, #2655 ) ;
#783 = LINE ( 'NONE', #954, #1533 ) ;
#784 = CARTESIAN_POINT ( 'NONE',  ( 155.0000000000001421, -420.0000000000000568, 49.99999999999993605 ) ) ;
#785 = CALENDAR_DATE ( 2026, 9, 6 ) ;
#786 = DIRECTION ( 'NONE',  ( 0.000000000000000000, -1.000000000000000000, 0.000000000000000000 ) ) ;
#787 = CYLINDRICAL_SURFACE ( 'NONE', #2684, 25.00000000000002132 ) ;
#788 = EDGE_CURVE ( 'NONE', #1481, #1310, #1730, .T. ) ;
#789 = CALENDAR_DATE ( 2026, 9, 6 ) ;
#790 = CYLINDRICAL_SURFACE ( 'NONE', #1392, 26.99999999999999645 ) ;
#791 = VERTEX_POINT ( 'NONE', #1973 ) ;
#792 = LINE ( 'NONE', #1939, #344 ) ;
#793 = AXIS2_PLACEMENT_3D ( 'NONE', #925, #2004, #42 ) ;
#794 = EDGE_LOOP ( 'NONE', ( #1445, #942, #1702, #2439, #2612, #9, #1522, #778, #1395, #1382, #2473, #2544, #1468, #1180 ) ) ;
#795 = DIRECTION ( 'NONE',  ( 1.000000000000000000, 0.000000000000000000, 0.000000000000000000 ) ) ;
#796 = CARTESIAN_POINT ( 'NONE',  ( 156.9999999999998579, -10.00000000000004619, 99.99999999999998579 ) ) ;
#797 = DIRECTION ( 'NONE',  ( 1.000000000000000000, -1.184689203106112228E-16, 0.000000000000000000 ) ) ;
#798 = VERTEX_POINT ( 'NONE', #668 ) ;
#799 = VERTEX_POINT ( 'NONE', #2888 ) ;
#800 = ORIENTED_EDGE ( 'NONE', *, *, #2101, .T. ) ;
#801 = EDGE_CURVE ( 'NONE', #2881, #1655, #633, .T. ) ;
#802 = EDGE_LOOP ( 'NONE', ( #178, #1219, #2043, #894, #136, #1558, #2226, #14, #2413, #24, #800, #1591, #1912, #700 ) ) ;
#803 = CC_DESIGN_DATE_AND_TIME_ASSIGNMENT ( #2808, #1726, ( #2649 ) ) ;
#804 = CARTESIAN_POINT ( 'NONE',  ( -155.0000000000001421, -420.0000000000000568, 510.0000000000000000 ) ) ;
#805 = EDGE_LOOP ( 'NONE', ( #2579, #952, #2366, #541 ) ) ;
#806 = DIRECTION ( 'NONE',  ( 1.000000000000000000, -0.000000000000000000, 0.000000000000000000 ) ) ;
#807 = PERSON ( 'NAUO-PER1', 'UNSPECIFIED', 'UNSPECIFIED', ('UNSPECIFIED'), ('UNSPECIFIED'), ('UNSPECIFIED') ) ;
#808 = EDGE_LOOP ( 'NONE', ( #424, #310 ) ) ;
#809 = AXIS2_PLACEMENT_3D ( 'NONE', #2199, #212, #1103 ) ;
#810 = VECTOR ( 'NONE', #679, 1000.000000000000000 ) ;
#811 = LINE ( 'NONE', #107, #2622 ) ;
#812 = VECTOR ( 'NONE', #526, 1000.000000000000000 ) ;
#813 = DIRECTION ( 'NONE',  ( -0.000000000000000000, 1.000000000000000000, -0.000000000000000000 ) ) ;
#814 = CARTESIAN_POINT ( 'NONE',  ( -205.0000000000000284, -146.9999999999999716, -480.0000000000000000 ) ) ;
#815 = CIRCLE ( 'NONE', #2526, 20.00000000000001776 ) ;
#816 = DIRECTION ( 'NONE',  ( -0.000000000000000000, 1.000000000000000000, 0.000000000000000000 ) ) ;
#817 = EDGE_CURVE ( 'NONE', #71, #1365, #918, .T. ) ;
#818 = VERTEX_POINT ( 'NONE', #455 ) ;
#819 = VERTEX_POINT ( 'NONE', #1114 ) ;
#820 = CARTESIAN_POINT ( 'NONE',  ( 206.9999999999998863, -10.00000000000004619, 99.99999999999997158 ) ) ;
#821 = EDGE_LOOP ( 'NONE', ( #833, #570, #1454, #1825 ) ) ;
#822 = CARTESIAN_POINT ( 'NONE',  ( 155.0000000000001421, -380.0000000000000568, 510.0000000000000000 ) ) ;
#823 = VECTOR ( 'NONE', #2354, 1000.000000000000000 ) ;
#824 = AXIS2_PLACEMENT_3D ( 'NONE', #546, #1841, #1652 ) ;
#825 = CALENDAR_DATE ( 2026, 9, 6 ) ;
#826 = DIRECTION ( 'NONE',  ( 0.000000000000000000, 1.239088197126289584E-16, 1.000000000000000000 ) ) ;
#827 = DIRECTION ( 'NONE',  ( -0.000000000000000000, -0.000000000000000000, 1.000000000000000000 ) ) ;
#828 = ORIENTED_EDGE ( 'NONE', *, *, #1677, .F. ) ;
#829 = DIRECTION ( 'NONE',  ( -0.000000000000000000, 1.000000000000000000, -0.000000000000000000 ) ) ;
#830 = ORIENTED_EDGE ( 'NONE', *, *, #428, .F. ) ;
#831 = EDGE_CURVE ( 'NONE', #1602, #2823, #1153, .T. ) ;
#832 = CARTESIAN_POINT ( 'NONE',  ( -206.9999999999998863, -10.00000000000004619, 99.99999999999992895 ) ) ;
#833 = ORIENTED_EDGE ( 'NONE', *, *, #1962, .F. ) ;
#834 = ORIENTED_EDGE ( 'NONE', *, *, #988, .F. ) ;
#835 = EDGE_CURVE ( 'NONE', #504, #2580, #1567, .T. ) ;
#836 = VERTEX_POINT ( 'NONE', #645 ) ;
#837 = DIRECTION ( 'NONE',  ( 0.000000000000000000, 0.000000000000000000, 1.000000000000000000 ) ) ;
#838 = CARTESIAN_POINT ( 'NONE',  ( -207.0000000000001421, -365.0000000000000568, 580.0000000000000000 ) ) ;
#839 = CARTESIAN_POINT ( 'NONE',  ( 0.000000000000000000, 0.000000000000000000, 0.000000000000000000 ) ) ;
#840 = ORIENTED_EDGE ( 'NONE', *, *, #1890, .T. ) ;
#841 = AXIS2_PLACEMENT_3D ( 'NONE', #1764, #1092, #1101 ) ;
#842 = FACE_OUTER_BOUND ( 'NONE', #2878, .T. ) ;
#843 = EDGE_LOOP ( 'NONE', ( #2107, #2548 ) ) ;
#844 = EDGE_LOOP ( 'NONE', ( #1487, #990, #1030, #1599 ) ) ;
#845 = DIRECTION ( 'NONE',  ( 0.000000000000000000, 0.000000000000000000, -1.000000000000000000 ) ) ;
#846 = LINE ( 'NONE', #899, #2193 ) ;
#847 = LINE ( 'NONE', #2464, #1423 ) ;
#848 = ORIENTED_EDGE ( 'NONE', *, *, #376, .F. ) ;
#849 = CARTESIAN_POINT ( 'NONE',  ( 155.0000000000001421, -380.0000000000000568, 69.99999999999995737 ) ) ;
#850 = APPLICATION_CONTEXT ( 'configuration controlled 3d designs of mechanical parts and assemblies' ) ;
#851 = VECTOR ( 'NONE', #2624, 1000.000000000000000 ) ;
#852 = ADVANCED_FACE ( 'NONE', ( #2230 ), #2651, .T. ) ;
#853 = DATE_AND_TIME ( #1226, #719 ) ;
#854 = CIRCLE ( 'NONE', #932, 20.00000000000001776 ) ;
#855 = PLANE ( 'NONE',  #2410 ) ;
#856 = EDGE_CURVE ( 'NONE', #976, #364, #1486, .T. ) ;
#857 = APPROVAL ( #906, '未指定' ) ;
#858 = EDGE_LOOP ( 'NONE', ( #242, #2716, #1173, #1731 ) ) ;
#859 = VECTOR ( 'NONE', #1897, 1000.000000000000000 ) ;
#860 = EDGE_CURVE ( 'NONE', #2448, #2438, #540, .T. ) ;
#861 = CARTESIAN_POINT ( 'NONE',  ( -155.0000000000001421, -380.0000000000000568, 510.0000000000000000 ) ) ;
#862 = ORIENTED_EDGE ( 'NONE', *, *, #1924, .T. ) ;
#863 = AXIS2_PLACEMENT_3D ( 'NONE', #295, #747, #961 ) ;
#864 = VERTEX_POINT ( 'NONE', #657 ) ;
#865 =( LENGTH_UNIT ( ) NAMED_UNIT ( * ) SI_UNIT ( .MILLI., .METRE. ) );
#866 = EDGE_LOOP ( 'NONE', ( #73, #1275 ) ) ;
#867 = VERTEX_POINT ( 'NONE', #2455 ) ;
#868 = EDGE_LOOP ( 'NONE', ( #1248, #1931, #2066, #1556 ) ) ;
#869 = EDGE_CURVE ( 'NONE', #1150, #6, #2158, .T. ) ;
#870 = VECTOR ( 'NONE', #1052, 1000.000000000000000 ) ;
#871 = DIRECTION ( 'NONE',  ( 0.000000000000000000, -1.239088197126289584E-16, -1.000000000000000000 ) ) ;
#872 = EDGE_LOOP ( 'NONE', ( #1623, #2515, #2334, #1408 ) ) ;
#873 = CARTESIAN_POINT ( 'NONE',  ( -156.9999999999999147, 7.999999999999928946, 533.9999999999998863 ) ) ;
#874 = VERTEX_POINT ( 'NONE', #193 ) ;
#875 = EDGE_LOOP ( 'NONE', ( #230, #1277 ) ) ;
#876 = LINE ( 'NONE', #1406, #180 ) ;
#877 = CYLINDRICAL_SURFACE ( 'NONE', #1686, 24.99999999999999289 ) ;
#878 = VECTOR ( 'NONE', #66, 1000.000000000000000 ) ;
#879 = DIRECTION ( 'NONE',  ( 1.000000000000000000, -0.000000000000000000, -2.775557561562890365E-16 ) ) ;
#880 = ADVANCED_FACE ( 'NONE', ( #2162 ), #2626, .F. ) ;
#881 = AXIS2_PLACEMENT_3D ( 'NONE', #439, #1110, #1976 ) ;
#882 = CIRCLE ( 'NONE', #351, 20.00000000000001776 ) ;
#883 = VECTOR ( 'NONE', #1833, 1000.000000000000000 ) ;
#884 = PLANE ( 'NONE',  #2807 ) ;
#885 = CARTESIAN_POINT ( 'NONE',  ( 224.9999999999998579, 345.0000000000000568, 600.0000000000000000 ) ) ;
#886 = EDGE_LOOP ( 'NONE', ( #423, #283, #1752, #1858 ) ) ;
#887 = APPROVAL_DATE_TIME ( #2130, #857 ) ;
#888 = CARTESIAN_POINT ( 'NONE',  ( 224.9999999999998579, 297.9999999999999432, 551.9999999999998863 ) ) ;
#889 = DIRECTION ( 'NONE',  ( 1.000000000000000000, 0.000000000000000000, 0.000000000000000000 ) ) ;
#890 = VERTEX_POINT ( 'NONE', #1964 ) ;
#891 = PLANE ( 'NONE',  #106 ) ;
#892 = FACE_OUTER_BOUND ( 'NONE', #2076, .T. ) ;
#893 = EDGE_CURVE ( 'NONE', #391, #1171, #911, .T. ) ;
#894 = ORIENTED_EDGE ( 'NONE', *, *, #2057, .T. ) ;
#895 = ADVANCED_FACE ( 'NONE', ( #2618 ), #1087, .T. ) ;
#896 = DIRECTION ( 'NONE',  ( 0.000000000000000000, 0.000000000000000000, -1.000000000000000000 ) ) ;
#897 = COORDINATED_UNIVERSAL_TIME_OFFSET ( 8, 0, .AHEAD. ) ;
#898 = AXIS2_PLACEMENT_3D ( 'NONE', #2549, #2336, #2809 ) ;
#899 = CARTESIAN_POINT ( 'NONE',  ( -206.9999999999998863, -10.00000000000004619, 99.99999999999992895 ) ) ;
#900 = CARTESIAN_POINT ( 'NONE',  ( -207.0000000000001705, -10.00000000000006395, 533.9999999999998863 ) ) ;
#901 = ORIENTED_EDGE ( 'NONE', *, *, #376, .T. ) ;
#902 = ORIENTED_EDGE ( 'NONE', *, *, #2715, .F. ) ;
#903 = DIRECTION ( 'NONE',  ( 0.000000000000000000, 0.000000000000000000, -1.000000000000000000 ) ) ;
#904 = ORIENTED_EDGE ( 'NONE', *, *, #2465, .T. ) ;
#905 = DIRECTION ( 'NONE',  ( 0.000000000000000000, -1.000000000000000000, 0.000000000000000000 ) ) ;
#906 = APPROVAL_STATUS ( 'not_yet_approved' ) ;
#907 = ORIENTED_EDGE ( 'NONE', *, *, #2882, .F. ) ;
#908 = DIRECTION ( 'NONE',  ( -1.000000000000000000, 0.000000000000000000, -0.000000000000000000 ) ) ;
#909 = EDGE_CURVE ( 'NONE', #503, #2146, #2224, .T. ) ;
#910 = DIRECTION ( 'NONE',  ( -0.000000000000000000, -0.000000000000000000, -1.000000000000000000 ) ) ;
#911 = CIRCLE ( 'NONE', #1928, 20.00000000000001776 ) ;
#912 = DIRECTION ( 'NONE',  ( 0.000000000000000000, -1.000000000000000000, 0.000000000000000000 ) ) ;
#913 = EDGE_LOOP ( 'NONE', ( #2331, #1785, #1485, #63 ) ) ;
#914 = ORIENTED_EDGE ( 'NONE', *, *, #515, .F. ) ;
#915 = FACE_OUTER_BOUND ( 'NONE', #355, .T. ) ;
#916 = EDGE_CURVE ( 'NONE', #799, #2744, #2265, .T. ) ;
#917 = APPROVAL_ROLE ( '' ) ;
#918 = LINE ( 'NONE', #2674, #993 ) ;
#919 = AXIS2_PLACEMENT_3D ( 'NONE', #2593, #2385, #578 ) ;
#920 = DIRECTION ( 'NONE',  ( -0.000000000000000000, 1.000000000000000000, -0.000000000000000000 ) ) ;
#921 = PLANE ( 'NONE',  #2046 ) ;
#922 = CYLINDRICAL_SURFACE ( 'NONE', #1689, 24.99999999999999289 ) ;
#923 = LINE ( 'NONE', #2012, #342 ) ;
#924 = ADVANCED_FACE ( 'NONE', ( #842 ), #291, .F. ) ;
#925 = CARTESIAN_POINT ( 'NONE',  ( 0.000000000000000000, 0.000000000000000000, -480.0000000000000000 ) ) ;
#926 = PERSON_AND_ORGANIZATION_ROLE ( 'creator' ) ;
#927 = FACE_OUTER_BOUND ( 'NONE', #2280, .T. ) ;
#928 = CARTESIAN_POINT ( 'NONE',  ( 205.0000000000000284, 32.99999999999997868, 0.000000000000000000 ) ) ;
#929 = DIRECTION ( 'NONE',  ( -0.000000000000000000, -1.000000000000000000, -0.000000000000000000 ) ) ;
#930 = LOCAL_TIME ( 9, 59, 6.000000000000000000, #2105 ) ;
#931 = DIRECTION ( 'NONE',  ( 1.000000000000000000, 0.000000000000000000, 5.551115123125779744E-16 ) ) ;
#932 = AXIS2_PLACEMENT_3D ( 'NONE', #1364, #476, #2246 ) ;
#933 = CC_DESIGN_PERSON_AND_ORGANIZATION_ASSIGNMENT ( #1102, #1328, ( #2700 ) ) ;
#934 = DIRECTION ( 'NONE',  ( 0.000000000000000000, -1.000000000000000000, 0.000000000000000000 ) ) ;
#935 = VERTEX_POINT ( 'NONE', #873 ) ;
#936 = DIRECTION ( 'NONE',  ( 0.000000000000000000, -1.000000000000000000, 0.000000000000000000 ) ) ;
#937 = ORIENTED_EDGE ( 'NONE', *, *, #1, .F. ) ;
#938 = DIRECTION ( 'NONE',  ( -1.000000000000000000, 0.000000000000000000, 0.000000000000000000 ) ) ;
#939 = CARTESIAN_POINT ( 'NONE',  ( 155.0000000000001421, -420.0000000000000568, 510.0000000000000000 ) ) ;
#940 = ORIENTED_EDGE ( 'NONE', *, *, #1056, .F. ) ;
#941 = DIRECTION ( 'NONE',  ( 0.000000000000000000, 0.000000000000000000, -1.000000000000000000 ) ) ;
#942 = ORIENTED_EDGE ( 'NONE', *, *, #2327, .F. ) ;
#943 = DIRECTION ( 'NONE',  ( -0.000000000000000000, 1.000000000000000000, -0.000000000000000000 ) ) ;
#944 = ORIENTED_EDGE ( 'NONE', *, *, #412, .F. ) ;
#945 = DIRECTION ( 'NONE',  ( 0.000000000000000000, 0.000000000000000000, 1.000000000000000000 ) ) ;
#946 = CARTESIAN_POINT ( 'NONE',  ( 206.9999999999998863, -85.00000000000007105, 580.0000000000000000 ) ) ;
#947 = VERTEX_POINT ( 'NONE', #1597 ) ;
#948 = CARTESIAN_POINT ( 'NONE',  ( 204.9999999999999716, -147.0000000000000284, -480.0000000000000000 ) ) ;
#949 = EDGE_CURVE ( 'NONE', #503, #628, #2690, .T. ) ;
#950 = LINE ( 'NONE', #1375, #361 ) ;
#951 = APPROVAL ( #186, '未指定' ) ;
#952 = ORIENTED_EDGE ( 'NONE', *, *, #1975, .F. ) ;
#953 = CIRCLE ( 'NONE', #1138, 26.99999999999999645 ) ;
#954 = CARTESIAN_POINT ( 'NONE',  ( -156.9999999999998579, -10.00000000000004619, 99.99999999999994316 ) ) ;
#955 = PERSON ( 'NAUO-PER2', 'UNSPECIFIED', 'UNSPECIFIED', ('UNSPECIFIED'), ('UNSPECIFIED'), ('UNSPECIFIED') ) ;
#956 = LINE ( 'NONE', #448, #219 ) ;
#957 = ADVANCED_FACE ( 'NONE', ( #2553, #400 ), #1335, .T. ) ;
#958 = DIRECTION ( 'NONE',  ( 0.000000000000000000, 0.000000000000000000, -1.000000000000000000 ) ) ;
#959 = AXIS2_PLACEMENT_3D ( 'NONE', #1126, #1812, #2891 ) ;
#960 = VECTOR ( 'NONE', #1140, 1000.000000000000000 ) ;
#961 = DIRECTION ( 'NONE',  ( 0.000000000000000000, 0.000000000000000000, 1.000000000000000000 ) ) ;
#962 = DIRECTION ( 'NONE',  ( -0.000000000000000000, 1.000000000000000000, -0.000000000000000000 ) ) ;
#963 = AXIS2_PLACEMENT_3D ( 'NONE', #1071, #2847, #2625 ) ;
#964 = COORDINATED_UNIVERSAL_TIME_OFFSET ( 8, 0, .AHEAD. ) ;
#965 = DIRECTION ( 'NONE',  ( -0.000000000000000000, 1.000000000000000000, -0.000000000000000000 ) ) ;
#966 = EDGE_LOOP ( 'NONE', ( #2754, #1281 ) ) ;
#967 = DESIGN_CONTEXT ( 'detailed design', #479, 'design' ) ;
#968 = FACE_BOUND ( 'NONE', #2009, .T. ) ;
#969 = SECURITY_CLASSIFICATION_LEVEL ( 'unclassified' ) ;
#970 = EDGE_CURVE ( 'NONE', #381, #1782, #1419, .T. ) ;
#971 = COORDINATED_UNIVERSAL_TIME_OFFSET ( 8, 0, .AHEAD. ) ;
#972 = CARTESIAN_POINT ( 'NONE',  ( 155.0000000000001421, -365.0000000000000568, 69.99999999999995737 ) ) ;
#973 = ADVANCED_FACE ( 'NONE', ( #1278 ), #1286, .T. ) ;
#974 = VERTEX_POINT ( 'NONE', #2013 ) ;
#975 = DIRECTION ( 'NONE',  ( 0.000000000000000000, 0.000000000000000000, 1.000000000000000000 ) ) ;
#976 = VERTEX_POINT ( 'NONE', #1586 ) ;
#977 = DIRECTION ( 'NONE',  ( -0.000000000000000000, 1.000000000000000000, -0.000000000000000000 ) ) ;
#978 =( REPRESENTATION_RELATIONSHIP ('NONE','NONE', #1708, #1718 ) REPRESENTATION_RELATIONSHIP_WITH_TRANSFORMATION ( #1225 )SHAPE_REPRESENTATION_RELATIONSHIP( ) );
#979 = VERTEX_POINT ( 'NONE', #716 ) ;
#980 = CARTESIAN_POINT ( 'NONE',  ( -155.0000000000001421, -420.0000000000000568, 530.0000000000000000 ) ) ;
#981 = ORIENTED_EDGE ( 'NONE', *, *, #218, .T. ) ;
#982 = ORIENTED_EDGE ( 'NONE', *, *, #2742, .F. ) ;
#983 = CARTESIAN_POINT ( 'NONE',  ( 0.000000000000000000, 0.000000000000000000, 580.0000000000000000 ) ) ;
#984 = ORIENTED_EDGE ( 'NONE', *, *, #2607, .T. ) ;
#985 = ADVANCED_FACE ( 'NONE', ( #108 ), #1458, .T. ) ;
#986 = DIRECTION ( 'NONE',  ( 0.000000000000000000, -0.000000000000000000, -1.000000000000000000 ) ) ;
#987 = LINE ( 'NONE', #820, #2301 ) ;
#988 = EDGE_CURVE ( 'NONE', #288, #168, #217, .T. ) ;
#989 = ORIENTED_EDGE ( 'NONE', *, *, #689, .T. ) ;
#990 = ORIENTED_EDGE ( 'NONE', *, *, #1509, .F. ) ;
#991 = FACE_OUTER_BOUND ( 'NONE', #802, .T. ) ;
#992 = PLANE ( 'NONE',  #1578 ) ;
#993 = VECTOR ( 'NONE', #2666, 1000.000000000000000 ) ;
#994 = EDGE_CURVE ( 'NONE', #864, #979, #2727, .T. ) ;
#995 = DIRECTION ( 'NONE',  ( 0.000000000000000000, -1.000000000000000000, 0.000000000000000000 ) ) ;
#996 = VECTOR ( 'NONE', #2675, 1000.000000000000000 ) ;
#997 = CARTESIAN_POINT ( 'NONE',  ( -225.0000000000001421, 364.9999999999999432, 580.0000000000000000 ) ) ;
#998 = CARTESIAN_POINT ( 'NONE',  ( 155.0000000000001421, -435.0000000000000568, 94.99999999999994316 ) ) ;
#999 = AXIS2_PLACEMENT_3D ( 'NONE', #1579, #1324, #2899 ) ;
#1000 = PLANE ( 'NONE',  #2507 ) ;
#1001 = PLANE ( 'NONE',  #2669 ) ;
#1002 = LINE ( 'NONE', #832, #859 ) ;
#1003 = PERSON_AND_ORGANIZATION ( #1665, #227 ) ;
#1004 = EDGE_CURVE ( 'NONE', #6, #1150, #2120, .T. ) ;
#1005 = DIRECTION ( 'NONE',  ( 0.000000000000000000, 0.000000000000000000, -1.000000000000000000 ) ) ;
#1006 = ORIENTED_EDGE ( 'NONE', *, *, #2607, .F. ) ;
#1007 = LINE ( 'NONE', #2133, #192 ) ;
#1008 = CARTESIAN_POINT ( 'NONE',  ( 0.000000000000000000, -347.0000000000000568, 18.00000000000000000 ) ) ;
#1009 = ORIENTED_EDGE ( 'NONE', *, *, #260, .T. ) ;
#1010 = EDGE_LOOP ( 'NONE', ( #2401, #2409, #1229, #210 ) ) ;
#1011 = EDGE_CURVE ( 'NONE', #818, #976, #2591, .T. ) ;
#1012 = CARTESIAN_POINT ( 'NONE',  ( -156.9999999999998579, -10.00000000000004619, 99.99999999999994316 ) ) ;
#1013 = ORIENTED_EDGE ( 'NONE', *, *, #528, .T. ) ;
#1014 = AXIS2_PLACEMENT_3D ( 'NONE', #2883, #188, #2876 ) ;
#1015 = VERTEX_POINT ( 'NONE', #2045 ) ;
#1016 = DIRECTION ( 'NONE',  ( 1.000000000000000000, 0.000000000000000000, 5.551115123125780730E-16 ) ) ;
#1017 = VERTEX_POINT ( 'NONE', #2249 ) ;
#1018 = DIRECTION ( 'NONE',  ( 0.000000000000000000, 0.000000000000000000, 1.000000000000000000 ) ) ;
#1019 = VECTOR ( 'NONE', #1314, 1000.000000000000000 ) ;
#1020 = VECTOR ( 'NONE', #1203, 1000.000000000000000 ) ;
#1021 = CONTEXT_DEPENDENT_SHAPE_REPRESENTATION ( #2516, #1412 ) ;
#1022 = DIRECTION ( 'NONE',  ( -0.000000000000000000, -1.000000000000000000, -0.000000000000000000 ) ) ;
#1023 = EDGE_CURVE ( 'NONE', #2851, #2255, #300, .T. ) ;
#1024 = VECTOR ( 'NONE', #1926, 1000.000000000000000 ) ;
#1025 = LINE ( 'NONE', #627, #262 ) ;
#1026 = DIRECTION ( 'NONE',  ( 0.000000000000000000, 0.000000000000000000, 1.000000000000000000 ) ) ;
#1027 = COORDINATED_UNIVERSAL_TIME_OFFSET ( 8, 0, .AHEAD. ) ;
#1028 = CARTESIAN_POINT ( 'NONE',  ( -225.0000000000000568, 165.0000000000000000, 20.00000000000000000 ) ) ;
#1029 = AXIS2_PLACEMENT_3D ( 'NONE', #1575, #254, #314 ) ;
#1030 = ORIENTED_EDGE ( 'NONE', *, *, #1854, .T. ) ;
#1031 = PLANE ( 'NONE',  #1879 ) ;
#1032 = CARTESIAN_POINT ( 'NONE',  ( 224.9999999999998579, -67.00000000000005684, 580.0000000000000000 ) ) ;
#1033 = ORIENTED_EDGE ( 'NONE', *, *, #105, .F. ) ;
#1034 = CARTESIAN_POINT ( 'NONE',  ( -207.0000000000001705, 365.0000000000000568, 533.9999999999998863 ) ) ;
#1035 = ORIENTED_EDGE ( 'NONE', *, *, #2849, .F. ) ;
#1036 = CARTESIAN_POINT ( 'NONE',  ( 155.0000000000001421, -380.0000000000000568, 96.99999999999994316 ) ) ;
#1037 = ORIENTED_EDGE ( 'NONE', *, *, #1609, .F. ) ;
#1038 = EDGE_CURVE ( 'NONE', #2048, #1442, #847, .T. ) ;
#1039 = DIRECTION ( 'NONE',  ( 0.000000000000000000, 0.000000000000000000, -1.000000000000000000 ) ) ;
#1040 = CARTESIAN_POINT ( 'NONE',  ( 0.000000000000000000, -85.00000000000005684, 580.0000000000000000 ) ) ;
#1041 = DIRECTION ( 'NONE',  ( -0.000000000000000000, 1.000000000000000000, -0.000000000000000000 ) ) ;
#1042 = ORIENTED_EDGE ( 'NONE', *, *, #2075, .F. ) ;
#1043 = ORIENTED_EDGE ( 'NONE', *, *, #1095, .F. ) ;
#1044 = CARTESIAN_POINT ( 'NONE',  ( 224.9999999999998579, -365.0000000000000568, 580.0000000000000000 ) ) ;
#1045 = AXIS2_PLACEMENT_3D ( 'NONE', #2416, #1557, #465 ) ;
#1046 = DIRECTION ( 'NONE',  ( 0.000000000000000000, 0.000000000000000000, 1.000000000000000000 ) ) ;
#1047 = LINE ( 'NONE', #163, #467 ) ;
#1048 = FACE_BOUND ( 'NONE', #630, .T. ) ;
#1049 = CARTESIAN_POINT ( 'NONE',  ( 155.0000000000001421, -420.0000000000000568, 510.0000000000000000 ) ) ;
#1050 = ORIENTED_EDGE ( 'NONE', *, *, #307, .F. ) ;
#1051 = ORIENTED_EDGE ( 'NONE', *, *, #1172, .F. ) ;
#1052 = DIRECTION ( 'NONE',  ( 1.000000000000000000, 0.000000000000000000, 0.000000000000000000 ) ) ;
#1053 = FACE_OUTER_BOUND ( 'NONE', #1370, .T. ) ;
#1054 = VECTOR ( 'NONE', #501, 1000.000000000000000 ) ;
#1055 = VECTOR ( 'NONE', #1390, 1000.000000000000000 ) ;
#1056 = EDGE_CURVE ( 'NONE', #593, #874, #1848, .T. ) ;
#1057 = APPROVAL ( #1495, '未指定' ) ;
#1058 = VECTOR ( 'NONE', #879, 1000.000000000000000 ) ;
#1059 = ORIENTED_EDGE ( 'NONE', *, *, #2480, .F. ) ;
#1060 = DIRECTION ( 'NONE',  ( 0.000000000000000000, -0.000000000000000000, -1.000000000000000000 ) ) ;
#1061 = DIRECTION ( 'NONE',  ( 0.000000000000000000, 0.000000000000000000, 1.000000000000000000 ) ) ;
#1062 = ORIENTED_EDGE ( 'NONE', *, *, #2647, .T. ) ;
#1063 = EDGE_CURVE ( 'NONE', #595, #947, #2020, .T. ) ;
#1064 = DIRECTION ( 'NONE',  ( -1.000000000000000000, 0.000000000000000000, 0.000000000000000000 ) ) ;
#1065 = DIRECTION ( 'NONE',  ( 0.000000000000000000, 0.000000000000000000, 1.000000000000000000 ) ) ;
#1066 = DIRECTION ( 'NONE',  ( -1.000000000000000000, 1.353930517835556973E-16, 0.000000000000000000 ) ) ;
#1067 = AXIS2_PLACEMENT_3D ( 'NONE', #2793, #2091, #1657 ) ;
#1068 = DIRECTION ( 'NONE',  ( 0.000000000000000000, 1.000000000000000000, 0.000000000000000000 ) ) ;
#1069 = CARTESIAN_POINT ( 'NONE',  ( -225.0000000000001421, -67.00000000000005684, 562.0000000000000000 ) ) ;
#1070 = ORIENTED_EDGE ( 'NONE', *, *, #1791, .F. ) ;
#1071 = CARTESIAN_POINT ( 'NONE',  ( 155.0000000000001421, -420.0000000000000568, 69.99999999999995737 ) ) ;
#1072 = ORIENTED_EDGE ( 'NONE', *, *, #631, .F. ) ;
#1073 = VERTEX_POINT ( 'NONE', #1135 ) ;
#1074 = EDGE_CURVE ( 'NONE', #2217, #1254, #1911, .T. ) ;
#1075 = ORIENTED_EDGE ( 'NONE', *, *, #2556, .F. ) ;
#1076 = CC_DESIGN_PERSON_AND_ORGANIZATION_ASSIGNMENT ( #490, #1821, ( #2700 ) ) ;
#1077 = ORIENTED_EDGE ( 'NONE', *, *, #1713, .F. ) ;
#1078 = CARTESIAN_POINT ( 'NONE',  ( -225.0000000000000568, 165.0000000000000000, 20.00000000000000000 ) ) ;
#1079 = APPLICATION_PROTOCOL_DEFINITION ( 'international standard', 'config_control_design', 1994, #2630 ) ;
#1080 = ORIENTED_EDGE ( 'NONE', *, *, #270, .F. ) ;
#1081 = CARTESIAN_POINT ( 'NONE',  ( 0.000000000000000000, -10.00000000000004619, 0.000000000000000000 ) ) ;
#1082 = CIRCLE ( 'NONE', #458, 27.00000000000002487 ) ;
#1083 = ORIENTED_EDGE ( 'NONE', *, *, #428, .T. ) ;
#1084 = FACE_OUTER_BOUND ( 'NONE', #2676, .T. ) ;
#1085 = VECTOR ( 'NONE', #795, 1000.000000000000000 ) ;
#1086 = CIRCLE ( 'NONE', #2374, 20.00000000000001776 ) ;
#1087 = PLANE ( 'NONE',  #1117 ) ;
#1088 = CIRCLE ( 'NONE', #441, 25.00000000000002132 ) ;
#1089 = CARTESIAN_POINT ( 'NONE',  ( 0.000000000000000000, 0.000000000000000000, 0.000000000000000000 ) ) ;
#1090 = CARTESIAN_POINT ( 'NONE',  ( 155.0000000000001421, -435.0000000000000568, 510.0000000000000000 ) ) ;
#1091 = CYLINDRICAL_SURFACE ( 'NONE', #1385, 24.99999999999999289 ) ;
#1092 = DIRECTION ( 'NONE',  ( 1.000000000000000000, -0.000000000000000000, 0.000000000000000000 ) ) ;
#1093 = ORIENTED_EDGE ( 'NONE', *, *, #2882, .T. ) ;
#1094 = DIRECTION ( 'NONE',  ( 1.000000000000000000, 0.000000000000000000, 0.000000000000000000 ) ) ;
#1095 = EDGE_CURVE ( 'NONE', #2033, #2297, #2868, .T. ) ;
#1096 = CC_DESIGN_DATE_AND_TIME_ASSIGNMENT ( #444, #2015, ( #1341 ) ) ;
#1097 = ADVANCED_FACE ( 'NONE', ( #2452 ), #1871, .T. ) ;
#1098 = VERTEX_POINT ( 'NONE', #1394 ) ;
#1099 = DIRECTION ( 'NONE',  ( 0.000000000000000000, 0.000000000000000000, 1.000000000000000000 ) ) ;
#1100 = LINE ( 'NONE', #713, #54 ) ;
#1101 = DIRECTION ( 'NONE',  ( 0.000000000000000000, 0.000000000000000000, -1.000000000000000000 ) ) ;
#1102 = PERSON_AND_ORGANIZATION ( #1665, #227 ) ;
#1103 = DIRECTION ( 'NONE',  ( 0.000000000000000000, 0.000000000000000000, 1.000000000000000000 ) ) ;
#1104 = ORIENTED_EDGE ( 'NONE', *, *, #1263, .T. ) ;
#1105 = AXIS2_PLACEMENT_3D ( 'NONE', #1802, #1783, #493 ) ;
#1106 = ORIENTED_EDGE ( 'NONE', *, *, #2001, .T. ) ;
#1107 = CARTESIAN_POINT ( 'NONE',  ( 206.9999999999998863, -365.0000000000000568, 533.9999999999998863 ) ) ;
#1108 = PERSON_AND_ORGANIZATION_ROLE ( 'creator' ) ;
#1109 = ORIENTED_EDGE ( 'NONE', *, *, #612, .F. ) ;
#1110 = DIRECTION ( 'NONE',  ( 0.000000000000000000, -1.000000000000000000, 0.000000000000000000 ) ) ;
#1111 = EDGE_LOOP ( 'NONE', ( #1072, #597, #2017, #2441 ) ) ;
#1112 = EDGE_CURVE ( 'NONE', #1874, #1554, #1387, .T. ) ;
#1113 = ORIENTED_EDGE ( 'NONE', *, *, #48, .T. ) ;
#1114 = CARTESIAN_POINT ( 'NONE',  ( -156.9999999999998579, -10.00000000000004619, 533.9999999999998863 ) ) ;
#1115 = LINE ( 'NONE', #1032, #1634 ) ;
#1116 = DIRECTION ( 'NONE',  ( 0.000000000000000000, -1.000000000000000000, 0.000000000000000000 ) ) ;
#1117 = AXIS2_PLACEMENT_3D ( 'NONE', #426, #436, #2202 ) ;
#1118 = CYLINDRICAL_SURFACE ( 'NONE', #1669, 27.00000000000002487 ) ;
#1119 = CARTESIAN_POINT ( 'NONE',  ( -207.0000000000001421, 7.999999999999952038, 99.99999999999992895 ) ) ;
#1120 = DIRECTION ( 'NONE',  ( -0.000000000000000000, 1.000000000000000000, -0.000000000000000000 ) ) ;
#1121 = PERSON_AND_ORGANIZATION_ROLE ( 'design_supplier' ) ;
#1122 = CIRCLE ( 'NONE', #2026, 25.00000000000000000 ) ;
#1123 = EDGE_CURVE ( 'NONE', #120, #2189, #1985, .T. ) ;
#1124 = CARTESIAN_POINT ( 'NONE',  ( 155.0000000000001421, -365.0000000000000568, 96.99999999999994316 ) ) ;
#1125 = FACE_OUTER_BOUND ( 'NONE', #1903, .T. ) ;
#1126 = CARTESIAN_POINT ( 'NONE',  ( 155.0000000000001421, -435.0000000000000568, 69.99999999999995737 ) ) ;
#1127 = EDGE_LOOP ( 'NONE', ( #1415, #639, #2150, #2185 ) ) ;
#1128 = SHAPE_REPRESENTATION_RELATIONSHIP ( 'NONE' , 'NONE' ,  #1626, #2487 ) ;
#1129 = DIRECTION ( 'NONE',  ( -0.000000000000000000, 1.000000000000000000, -0.000000000000000000 ) ) ;
#1130 = LINE ( 'NONE', #1721, #1504 ) ;
#1131 = EDGE_CURVE ( 'NONE', #1150, #2785, #182, .T. ) ;
#1132 = APPROVAL ( #2283, 'UNKNOWN' ) ;
#1133 = DIRECTION ( 'NONE',  ( 0.000000000000000000, -1.000000000000000000, 0.000000000000000000 ) ) ;
#1134 = DIRECTION ( 'NONE',  ( -0.000000000000000000, 1.000000000000000000, -0.000000000000000000 ) ) ;
#1135 = CARTESIAN_POINT ( 'NONE',  ( -155.0000000000001421, -380.0000000000000568, 89.99999999999997158 ) ) ;
#1136 = APPROVAL_ROLE ( '' ) ;
#1137 = LOCAL_TIME ( 9, 59, 6.000000000000000000, #1206 ) ;
#1138 = AXIS2_PLACEMENT_3D ( 'NONE', #972, #2278, #2750 ) ;
#1139 = CARTESIAN_POINT ( 'NONE',  ( -187.0000000000000853, -129.0000000000000000, -461.9999999999999432 ) ) ;
#1140 = DIRECTION ( 'NONE',  ( -0.000000000000000000, -0.000000000000000000, 1.000000000000000000 ) ) ;
#1141 = VERTEX_POINT ( 'NONE', #1617 ) ;
#1142 = EDGE_LOOP ( 'NONE', ( #1270, #1434 ) ) ;
#1143 = ORIENTED_EDGE ( 'NONE', *, *, #1630, .T. ) ;
#1144 = EDGE_LOOP ( 'NONE', ( #2294, #1625 ) ) ;
#1145 = DATE_TIME_ROLE ( 'creation_date' ) ;
#1146 = ORIENTED_EDGE ( 'NONE', *, *, #2156, .F. ) ;
#1147 = DIRECTION ( 'NONE',  ( 0.000000000000000000, 0.000000000000000000, -1.000000000000000000 ) ) ;
#1148 = PLANE ( 'NONE',  #755 ) ;
#1149 = EDGE_CURVE ( 'NONE', #120, #2044, #1809, .T. ) ;
#1150 = VERTEX_POINT ( 'NONE', #775 ) ;
#1151 = SECURITY_CLASSIFICATION ( '', '', #969 ) ;
#1152 = CARTESIAN_POINT ( 'NONE',  ( 206.9999999999998863, -347.0000000000000568, 2.000000000000000000 ) ) ;
#1153 = LINE ( 'NONE', #1770, #2833 ) ;
#1154 = DIRECTION ( 'NONE',  ( 0.000000000000000000, 0.000000000000000000, -1.000000000000000000 ) ) ;
#1155 = ORIENTED_EDGE ( 'NONE', *, *, #2242, .F. ) ;
#1156 = ADVANCED_FACE ( 'NONE', ( #2271 ), #2545, .T. ) ;
#1157 = CARTESIAN_POINT ( 'NONE',  ( 0.000000000000000000, -347.0000000000000568, 580.0000000000000000 ) ) ;
#1158 = VECTOR ( 'NONE', #1824, 1000.000000000000000 ) ;
#1159 = EDGE_CURVE ( 'NONE', #1015, #2255, #1222, .T. ) ;
#1160 = FACE_OUTER_BOUND ( 'NONE', #1627, .T. ) ;
#1161 = FACE_OUTER_BOUND ( 'NONE', #33, .T. ) ;
#1162 = ORGANIZATION ( 'NAUO-ORG3', 'UNSPECIFIED', 'UNSPECIFIED' ) ;
#1163 = LINE ( 'NONE', #1421, #2658 ) ;
#1164 = AXIS2_PLACEMENT_3D ( 'NONE', #1196, #2306, #2759 ) ;
#1165 = FACE_OUTER_BOUND ( 'NONE', #2787, .T. ) ;
#1166 = CARTESIAN_POINT ( 'NONE',  ( 155.0000000000001421, -380.0000000000000568, 42.99999999999995026 ) ) ;
#1167 = CARTESIAN_POINT ( 'NONE',  ( 155.0000000000001421, -435.0000000000000568, 44.99999999999995026 ) ) ;
#1168 = DIRECTION ( 'NONE',  ( -1.000000000000000000, 0.000000000000000000, 0.000000000000000000 ) ) ;
#1169 = PERSON_AND_ORGANIZATION ( #1665, #227 ) ;
#1170 =( REPRESENTATION_RELATIONSHIP ('NONE','NONE', #1708, #1626 ) REPRESENTATION_RELATIONSHIP_WITH_TRANSFORMATION ( #2670 )SHAPE_REPRESENTATION_RELATIONSHIP( ) );
#1171 = VERTEX_POINT ( 'NONE', #2779 ) ;
#1172 = EDGE_CURVE ( 'NONE', #2851, #2217, #2656, .T. ) ;
#1173 = ORIENTED_EDGE ( 'NONE', *, *, #2856, .F. ) ;
#1174 = DIRECTION ( 'NONE',  ( -0.000000000000000000, -1.000000000000000000, -0.000000000000000000 ) ) ;
#1175 = ADVANCED_FACE ( 'NONE', ( #1319 ), #2061, .T. ) ;
#1176 = LINE ( 'NONE', #2443, #2281 ) ;
#1177 = CARTESIAN_POINT ( 'NONE',  ( 155.0000000000001421, -380.0000000000000568, 483.0000000000000000 ) ) ;
#1178 = CALENDAR_DATE ( 2026, 9, 6 ) ;
#1179 = SECURITY_CLASSIFICATION_LEVEL ( 'unclassified' ) ;
#1180 = ORIENTED_EDGE ( 'NONE', *, *, #817, .F. ) ;
#1181 = DIRECTION ( 'NONE',  ( 0.000000000000000000, -1.000000000000000000, 0.000000000000000000 ) ) ;
#1182 = FACE_OUTER_BOUND ( 'NONE', #736, .T. ) ;
#1183 = ORIENTED_EDGE ( 'NONE', *, *, #1250, .F. ) ;
#1184 = ORIENTED_EDGE ( 'NONE', *, *, #2266, .T. ) ;
#1185 = CARTESIAN_POINT ( 'NONE',  ( 155.0000000000001421, -380.0000000000000568, 537.0000000000000000 ) ) ;
#1186 = ORIENTED_EDGE ( 'NONE', *, *, #2219, .F. ) ;
#1187 = EDGE_CURVE ( 'NONE', #2116, #947, #2303, .T. ) ;
#1188 = DATE_TIME_ROLE ( 'classification_date' ) ;
#1189 = CARTESIAN_POINT ( 'NONE',  ( -155.0000000000001421, -420.0000000000000568, 535.0000000000000000 ) ) ;
#1190 = CARTESIAN_POINT ( 'NONE',  ( 187.0000000000000853, 33.00000000000000711, -461.9999999999999432 ) ) ;
#1191 = EDGE_CURVE ( 'NONE', #1017, #974, #2561, .T. ) ;
#1192 = VECTOR ( 'NONE', #1855, 1000.000000000000000 ) ;
#1193 = CIRCLE ( 'NONE', #2652, 10.00000000000000888 ) ;
#1194 = VECTOR ( 'NONE', #2145, 1000.000000000000000 ) ;
#1195 = DIRECTION ( 'NONE',  ( 0.000000000000000000, 0.000000000000000000, 1.000000000000000000 ) ) ;
#1196 = CARTESIAN_POINT ( 'NONE',  ( -207.0000000000001421, 346.9999999999999432, 2.000000000000000000 ) ) ;
#1197 = CIRCLE ( 'NONE', #2839, 26.99999999999999645 ) ;
#1198 = ADVANCED_FACE ( 'NONE', ( #1161 ), #2195, .T. ) ;
#1199 = CARTESIAN_POINT ( 'NONE',  ( 206.9999999999998863, -10.00000000000004619, 580.0000000000000000 ) ) ;
#1200 = CYLINDRICAL_SURFACE ( 'NONE', #2861, 20.00000000000001776 ) ;
#1201 = ORIENTED_EDGE ( 'NONE', *, *, #2647, .F. ) ;
#1202 = CARTESIAN_POINT ( 'NONE',  ( 206.9999999999998863, -347.0000000000000568, 2.000000000000000000 ) ) ;
#1203 = DIRECTION ( 'NONE',  ( 1.000000000000000000, 0.000000000000000000, 0.000000000000000000 ) ) ;
#1204 = EDGE_CURVE ( 'NONE', #2214, #1647, #1773, .T. ) ;
#1205 = CC_DESIGN_PERSON_AND_ORGANIZATION_ASSIGNMENT ( #1993, #1108, ( #2190 ) ) ;
#1206 = COORDINATED_UNIVERSAL_TIME_OFFSET ( 8, 0, .AHEAD. ) ;
#1207 = EDGE_CURVE ( 'NONE', #457, #2111, #1086, .T. ) ;
#1208 = ADVANCED_FACE ( 'NONE', ( #1352 ), #2341, .T. ) ;
#1209 = CARTESIAN_POINT ( 'NONE',  ( 155.0000000000001421, -420.0000000000000568, 510.0000000000000000 ) ) ;
#1210 = ORIENTED_EDGE ( 'NONE', *, *, #2398, .F. ) ;
#1211 = AXIS2_PLACEMENT_3D ( 'NONE', #1090, #2686, #1360 ) ;
#1212 = ORIENTED_EDGE ( 'NONE', *, *, #1266, .T. ) ;
#1213 = CARTESIAN_POINT ( 'NONE',  ( -206.9999999999998863, 7.999999999999952038, 99.99999999999992895 ) ) ;
#1214 = ORIENTED_EDGE ( 'NONE', *, *, #2398, .T. ) ;
#1215 = ORIENTED_EDGE ( 'NONE', *, *, #2849, .T. ) ;
#1216 = DIRECTION ( 'NONE',  ( 1.000000000000000000, 0.000000000000000000, 0.000000000000000000 ) ) ;
#1217 = ORIENTED_EDGE ( 'NONE', *, *, #893, .F. ) ;
#1218 = DIRECTION ( 'NONE',  ( 0.000000000000000000, -0.000000000000000000, 1.000000000000000000 ) ) ;
#1219 = ORIENTED_EDGE ( 'NONE', *, *, #2345, .F. ) ;
#1220 = LINE ( 'NONE', #1568, #637 ) ;
#1221 = CARTESIAN_POINT ( 'NONE',  ( 156.9999999999998579, 7.999999999999952038, 99.99999999999998579 ) ) ;
#1222 = LINE ( 'NONE', #2325, #1020 ) ;
#1223 = CC_DESIGN_DATE_AND_TIME_ASSIGNMENT ( #1356, #1366, ( #1963 ) ) ;
#1224 = CARTESIAN_POINT ( 'NONE',  ( 224.9999999999998579, -10.00000000000004619, 533.9999999999998863 ) ) ;
#1225 = ITEM_DEFINED_TRANSFORMATION ( 'NONE', 'NONE', #2502,  #161 ) ;
#1226 = CALENDAR_DATE ( 2026, 9, 6 ) ;
#1227 = AXIS2_PLACEMENT_3D ( 'NONE', #1244, #829, #2812 ) ;
#1228 = CARTESIAN_POINT ( 'NONE',  ( -225.0000000000001421, 287.9999999999999432, 562.0000000000000000 ) ) ;
#1229 = ORIENTED_EDGE ( 'NONE', *, *, #856, .F. ) ;
#1230 = CARTESIAN_POINT ( 'NONE',  ( -155.0000000000001421, -435.0000000000000568, 44.99999999999995026 ) ) ;
#1231 = VERTEX_POINT ( 'NONE', #1850 ) ;
#1232 = CIRCLE ( 'NONE', #276, 25.00000000000002132 ) ;
#1233 = DATE_AND_TIME ( #825, #1927 ) ;
#1234 = EDGE_CURVE ( 'NONE', #364, #1481, #573, .T. ) ;
#1235 =( GEOMETRIC_REPRESENTATION_CONTEXT ( 3 ) GLOBAL_UNCERTAINTY_ASSIGNED_CONTEXT ( ( #139 ) ) GLOBAL_UNIT_ASSIGNED_CONTEXT ( ( #636, #2180, #2437 ) ) REPRESENTATION_CONTEXT ( 'NONE', 'WORKASPACE' ) );
#1236 = AXIS2_PLACEMENT_3D ( 'NONE', #185, #1483, #1039 ) ;
#1237 = CARTESIAN_POINT ( 'NONE',  ( 155.0000000000001421, -420.0000000000000568, 69.99999999999995737 ) ) ;
#1238 = ORIENTED_EDGE ( 'NONE', *, *, #1811, .F. ) ;
#1239 = AXIS2_PLACEMENT_3D ( 'NONE', #46, #281, #491 ) ;
#1240 = ORIENTED_EDGE ( 'NONE', *, *, #2517, .F. ) ;
#1241 = DIRECTION ( 'NONE',  ( -1.000000000000000000, 0.000000000000000000, -0.000000000000000000 ) ) ;
#1242 = DIRECTION ( 'NONE',  ( -3.083952846180990774E-16, -1.000000000000000000, 0.000000000000000000 ) ) ;
#1243 = DIRECTION ( 'NONE',  ( -0.000000000000000000, -0.000000000000000000, -1.000000000000000000 ) ) ;
#1244 = CARTESIAN_POINT ( 'NONE',  ( -155.0000000000001421, -420.0000000000000568, 69.99999999999995737 ) ) ;
#1245 = FACE_OUTER_BOUND ( 'NONE', #805, .T. ) ;
#1246 = CIRCLE ( 'NONE', #898, 20.00000000000001776 ) ;
#1247 = FACE_OUTER_BOUND ( 'NONE', #252, .T. ) ;
#1248 = ORIENTED_EDGE ( 'NONE', *, *, #2480, .T. ) ;
#1249 = DIRECTION ( 'NONE',  ( -0.000000000000000000, 1.000000000000000000, -0.000000000000000000 ) ) ;
#1250 = EDGE_CURVE ( 'NONE', #1749, #2297, #1883, .T. ) ;
#1251 = VECTOR ( 'NONE', #62, 1000.000000000000000 ) ;
#1252 = CARTESIAN_POINT ( 'NONE',  ( 206.9999999999998863, 346.9999999999999432, 2.000000000000000000 ) ) ;
#1253 = CARTESIAN_POINT ( 'NONE',  ( -155.0000000000001421, -380.0000000000000568, 69.99999999999995737 ) ) ;
#1254 = VERTEX_POINT ( 'NONE', #2512 ) ;
#1255 = PERSON_AND_ORGANIZATION ( #1665, #227 ) ;
#1256 = LINE ( 'NONE', #1353, #406 ) ;
#1257 = AXIS2_PLACEMENT_3D ( 'NONE', #2757, #2535, #1195 ) ;
#1258 = ORIENTED_EDGE ( 'NONE', *, *, #395, .F. ) ;
#1259 = CYLINDRICAL_SURFACE ( 'NONE', #261, 26.99999999999999645 ) ;
#1260 = DIRECTION ( 'NONE',  ( 0.000000000000000000, -1.000000000000000000, 0.000000000000000000 ) ) ;
#1261 = DIRECTION ( 'NONE',  ( 0.000000000000000000, 0.000000000000000000, -1.000000000000000000 ) ) ;
#1262 = APPROVAL_PERSON_ORGANIZATION ( #2780, #1663, #1997 ) ;
#1263 = EDGE_CURVE ( 'NONE', #2256, #2006, #783, .T. ) ;
#1264 = CARTESIAN_POINT ( 'NONE',  ( 0.000000000000000000, 0.000000000000000000, 0.000000000000000000 ) ) ;
#1265 = ORIENTED_EDGE ( 'NONE', *, *, #831, .F. ) ;
#1266 = EDGE_CURVE ( 'NONE', #2044, #2513, #2025, .T. ) ;
#1267 = ORIENTED_EDGE ( 'NONE', *, *, #160, .T. ) ;
#1268 = CARTESIAN_POINT ( 'NONE',  ( 155.0000000000001421, -380.0000000000000568, 510.0000000000000000 ) ) ;
#1269 = PERSON_AND_ORGANIZATION_ROLE ( 'design_owner' ) ;
#1270 = ORIENTED_EDGE ( 'NONE', *, *, #280, .T. ) ;
#1271 = DIRECTION ( 'NONE',  ( 0.000000000000000000, 1.000000000000000000, 0.000000000000000000 ) ) ;
#1272 = DIRECTION ( 'NONE',  ( 1.000000000000000000, 0.000000000000000000, 0.000000000000000000 ) ) ;
#1273 = AXIS2_PLACEMENT_3D ( 'NONE', #89, #1399, #327 ) ;
#1274 = ORIENTED_EDGE ( 'NONE', *, *, #1755, .T. ) ;
#1275 = ORIENTED_EDGE ( 'NONE', *, *, #2444, .T. ) ;
#1276 = CARTESIAN_POINT ( 'NONE',  ( 187.0000000000000853, 33.00000000000000711, -461.9999999999999432 ) ) ;
#1277 = ORIENTED_EDGE ( 'NONE', *, *, #1590, .T. ) ;
#1278 = FACE_OUTER_BOUND ( 'NONE', #611, .T. ) ;
#1279 = DIRECTION ( 'NONE',  ( 0.000000000000000000, -1.000000000000000000, 0.000000000000000000 ) ) ;
#1280 = ORIENTED_EDGE ( 'NONE', *, *, #860, .T. ) ;
#1281 = ORIENTED_EDGE ( 'NONE', *, *, #672, .F. ) ;
#1282 = MECHANICAL_CONTEXT ( 'NONE', #2630, 'mechanical' ) ;
#1283 = CIRCLE ( 'NONE', #722, 26.99999999999999645 ) ;
#1284 = VECTOR ( 'NONE', #779, 1000.000000000000000 ) ;
#1285 = DIRECTION ( 'NONE',  ( 0.000000000000000000, -0.000000000000000000, 1.000000000000000000 ) ) ;
#1286 = CYLINDRICAL_SURFACE ( 'NONE', #31, 20.00000000000001776 ) ;
#1287 = ORIENTED_EDGE ( 'NONE', *, *, #1112, .T. ) ;
#1288 = CARTESIAN_POINT ( 'NONE',  ( 206.9999999999998863, -85.00000000000005684, 533.9999999999998863 ) ) ;
#1289 = APPROVAL_DATE_TIME ( #2491, #1778 ) ;
#1290 = EDGE_CURVE ( 'NONE', #1448, #566, #1700, .T. ) ;
#1291 = CC_DESIGN_APPROVAL ( #857, ( #1341 ) ) ;
#1292 = VECTOR ( 'NONE', #697, 1000.000000000000000 ) ;
#1293 = ADVANCED_FACE ( 'NONE', ( #367, #249 ), #82, .F. ) ;
#1294 = DIRECTION ( 'NONE',  ( 0.000000000000000000, -1.000000000000000000, 0.000000000000000000 ) ) ;
#1295 = APPLICATION_CONTEXT ( 'configuration controlled 3d designs of mechanical parts and assemblies' ) ;
#1296 = FACE_OUTER_BOUND ( 'NONE', #1938, .T. ) ;
#1297 = ORIENTED_EDGE ( 'NONE', *, *, #2129, .F. ) ;
#1298 = CARTESIAN_POINT ( 'NONE',  ( -225.0000000000001421, 364.9999999999999432, 0.000000000000000000 ) ) ;
#1299 = ORIENTED_EDGE ( 'NONE', *, *, #1453, .T. ) ;
#1300 = EDGE_LOOP ( 'NONE', ( #2261, #2047, #647, #562 ) ) ;
#1301 = FACE_BOUND ( 'NONE', #1379, .T. ) ;
#1302 = DIRECTION ( 'NONE',  ( 0.000000000000000000, 1.000000000000000000, 0.000000000000000000 ) ) ;
#1303 = LOCAL_TIME ( 9, 59, 6.000000000000000000, #1580 ) ;
#1304 = CARTESIAN_POINT ( 'NONE',  ( 155.0000000000001421, -420.0000000000000568, 490.0000000000000000 ) ) ;
#1305 = ADVANCED_FACE ( 'NONE', ( #1247 ), #2732, .F. ) ;
#1306 = EDGE_LOOP ( 'NONE', ( #1685, #2181, #1694, #1658 ) ) ;
#1307 = EDGE_CURVE ( 'NONE', #593, #2765, #2454, .T. ) ;
#1308 = DIRECTION ( 'NONE',  ( 2.775557561562889872E-16, 0.000000000000000000, 1.000000000000000000 ) ) ;
#1309 = ORIENTED_EDGE ( 'NONE', *, *, #2698, .T. ) ;
#1310 = VERTEX_POINT ( 'NONE', #1593 ) ;
#1311 = VERTEX_POINT ( 'NONE', #2070 ) ;
#1312 = MECHANICAL_CONTEXT ( 'NONE', #2865, 'mechanical' ) ;
#1313 = ORIENTED_EDGE ( 'NONE', *, *, #869, .F. ) ;
#1314 = DIRECTION ( 'NONE',  ( 1.000000000000000000, -0.000000000000000000, -0.000000000000000000 ) ) ;
#1315 = ORIENTED_EDGE ( 'NONE', *, *, #2250, .F. ) ;
#1316 = CARTESIAN_POINT ( 'NONE',  ( -206.9999999999998863, -10.00000000000004619, 99.99999999999992895 ) ) ;
#1317 = LINE ( 'NONE', #1397, #1384 ) ;
#1318 = CARTESIAN_POINT ( 'NONE',  ( 155.0000000000001421, -380.0000000000000568, 69.99999999999995737 ) ) ;
#1319 = FACE_OUTER_BOUND ( 'NONE', #425, .T. ) ;
#1320 = VERTEX_POINT ( 'NONE', #2753 ) ;
#1321 = LINE ( 'NONE', #1224, #79 ) ;
#1322 = EDGE_CURVE ( 'NONE', #2111, #1073, #2689, .T. ) ;
#1323 = LINE ( 'NONE', #690, #547 ) ;
#1324 = DIRECTION ( 'NONE',  ( 0.000000000000000000, 0.000000000000000000, -1.000000000000000000 ) ) ;
#1325 = PLANE ( 'NONE',  #2 ) ;
#1326 = EDGE_CURVE ( 'NONE', #2794, #1141, #1529, .T. ) ;
#1327 = ORIENTED_EDGE ( 'NONE', *, *, #1023, .T. ) ;
#1328 = PERSON_AND_ORGANIZATION_ROLE ( 'creator' ) ;
#1329 = VECTOR ( 'NONE', #2771, 1000.000000000000000 ) ;
#1330 = AXIS2_PLACEMENT_3D ( 'NONE', #2436, #1302, #2447 ) ;
#1331 = CARTESIAN_POINT ( 'NONE',  ( 206.9999999999999147, 346.9999999999999432, 580.0000000000000000 ) ) ;
#1332 = EDGE_LOOP ( 'NONE', ( #695, #2641 ) ) ;
#1333 = COORDINATED_UNIVERSAL_TIME_OFFSET ( 8, 0, .AHEAD. ) ;
#1334 = ORIENTED_EDGE ( 'NONE', *, *, #1234, .T. ) ;
#1335 = PLANE ( 'NONE',  #2431 ) ;
#1336 = ADVANCED_FACE ( 'NONE', ( #1684, #2229 ), #309, .F. ) ;
#1337 = ORIENTED_EDGE ( 'NONE', *, *, #801, .F. ) ;
#1338 = DIRECTION ( 'NONE',  ( 0.000000000000000000, -1.000000000000000000, 0.000000000000000000 ) ) ;
#1339 = EDGE_CURVE ( 'NONE', #102, #1782, #473, .T. ) ;
#1340 = ORIENTED_EDGE ( 'NONE', *, *, #1322, .F. ) ;
#1341 = SECURITY_CLASSIFICATION ( '', '', #2005 ) ;
#1342 = CARTESIAN_POINT ( 'NONE',  ( -225.0000000000001421, 345.0000000000000568, 600.0000000000000000 ) ) ;
#1343 = ORIENTED_EDGE ( 'NONE', *, *, #749, .F. ) ;
#1344 = EDGE_CURVE ( 'NONE', #296, #120, #2832, .T. ) ;
#1345 = LINE ( 'NONE', #2722, #1381 ) ;
#1346 = LINE ( 'NONE', #1918, #2827 ) ;
#1347 = CARTESIAN_POINT ( 'NONE',  ( -155.0000000000001421, -380.0000000000000568, 69.99999999999995737 ) ) ;
#1348 = CARTESIAN_POINT ( 'NONE',  ( -205.0000000000000284, -146.9999999999999716, 0.000000000000000000 ) ) ;
#1349 = AXIS2_PLACEMENT_3D ( 'NONE', #838, #1919, #2389 ) ;
#1350 = FACE_OUTER_BOUND ( 'NONE', #1978, .T. ) ;
#1351 = FACE_OUTER_BOUND ( 'NONE', #1835, .T. ) ;
#1352 = FACE_OUTER_BOUND ( 'NONE', #2714, .T. ) ;
#1353 = CARTESIAN_POINT ( 'NONE',  ( 224.9999999999998579, -365.0000000000000568, 580.0000000000000000 ) ) ;
#1354 = CARTESIAN_POINT ( 'NONE',  ( 0.000000000000000000, 0.000000000000000000, 580.0000000000000000 ) ) ;
#1355 = CARTESIAN_POINT ( 'NONE',  ( -225.0000000000001421, -347.0000000000000568, 580.0000000000000000 ) ) ;
#1356 = DATE_AND_TIME ( #257, #2123 ) ;
#1357 = CARTESIAN_POINT ( 'NONE',  ( -155.0000000000001421, -420.0000000000000568, 510.0000000000000000 ) ) ;
#1358 = VECTOR ( 'NONE', #1818, 1000.000000000000000 ) ;
#1359 = DATE_AND_TIME ( #2420, #190 ) ;
#1360 = DIRECTION ( 'NONE',  ( 0.000000000000000000, -0.000000000000000000, -1.000000000000000000 ) ) ;
#1361 = CIRCLE ( 'NONE', #1105, 25.00000000000000000 ) ;
#1362 = CARTESIAN_POINT ( 'NONE',  ( 156.9999999999998579, 7.999999999999928946, 533.9999999999998863 ) ) ;
#1363 = ADVANCED_FACE ( 'NONE', ( #2522, #1636 ), #542, .F. ) ;
#1364 = CARTESIAN_POINT ( 'NONE',  ( -155.0000000000001421, -420.0000000000000568, 69.99999999999995737 ) ) ;
#1365 = VERTEX_POINT ( 'NONE', #2080 ) ;
#1366 = DATE_TIME_ROLE ( 'classification_date' ) ;
#1367 = VERTEX_POINT ( 'NONE', #1814 ) ;
#1368 = CARTESIAN_POINT ( 'NONE',  ( 155.0000000000001421, -380.0000000000000568, 510.0000000000000000 ) ) ;
#1369 = CARTESIAN_POINT ( 'NONE',  ( -155.0000000000001421, -380.0000000000000568, 490.0000000000000000 ) ) ;
#1370 = EDGE_LOOP ( 'NONE', ( #828, #591, #2738, #772 ) ) ;
#1371 = DIRECTION ( 'NONE',  ( -0.000000000000000000, -1.000000000000000000, -0.000000000000000000 ) ) ;
#1372 = VERTEX_POINT ( 'NONE', #2041 ) ;
#1373 = VERTEX_POINT ( 'NONE', #1166 ) ;
#1374 = EDGE_LOOP ( 'NONE', ( #984, #1075, #741, #360 ) ) ;
#1375 = CARTESIAN_POINT ( 'NONE',  ( 155.0000000000001421, -435.0000000000000568, 535.0000000000000000 ) ) ;
#1376 = ORIENTED_EDGE ( 'NONE', *, *, #893, .T. ) ;
#1377 = DIRECTION ( 'NONE',  ( -1.000000000000000000, 0.000000000000000000, -0.000000000000000000 ) ) ;
#1378 = EDGE_CURVE ( 'NONE', #2299, #330, #40, .T. ) ;
#1379 = EDGE_LOOP ( 'NONE', ( #2673, #1183 ) ) ;
#1380 = APPROVAL ( #1771, '未指定' ) ;
#1381 = VECTOR ( 'NONE', #2031, 1000.000000000000000 ) ;
#1382 = ORIENTED_EDGE ( 'NONE', *, *, #2222, .F. ) ;
#1383 = CARTESIAN_POINT ( 'NONE',  ( 206.9999999999998863, -365.0000000000000568, 580.0000000000000000 ) ) ;
#1384 = VECTOR ( 'NONE', #582, 1000.000000000000000 ) ;
#1385 = AXIS2_PLACEMENT_3D ( 'NONE', #234, #2007, #2018 ) ;
#1386 = LINE ( 'NONE', #129, #2558 ) ;
#1387 = CIRCLE ( 'NONE', #1257, 26.99999999999999645 ) ;
#1388 = ORIENTED_EDGE ( 'NONE', *, *, #1630, .F. ) ;
#1389 = VECTOR ( 'NONE', #1538, 1000.000000000000000 ) ;
#1390 = DIRECTION ( 'NONE',  ( 0.000000000000000000, 1.000000000000000000, 0.000000000000000000 ) ) ;
#1391 = ADVANCED_FACE ( 'NONE', ( #1460 ), #1001, .F. ) ;
#1392 = AXIS2_PLACEMENT_3D ( 'NONE', #2671, #2221, #2257 ) ;
#1393 = ORIENTED_EDGE ( 'NONE', *, *, #773, .F. ) ;
#1394 = CARTESIAN_POINT ( 'NONE',  ( 206.9999999999998863, 346.9999999999999432, 18.00000000000000000 ) ) ;
#1395 = ORIENTED_EDGE ( 'NONE', *, *, #916, .F. ) ;
#1396 = EDGE_CURVE ( 'NONE', #356, #819, #1321, .T. ) ;
#1397 = CARTESIAN_POINT ( 'NONE',  ( -205.0000000000000284, -146.9999999999999716, -480.0000000000000000 ) ) ;
#1398 = CC_DESIGN_PERSON_AND_ORGANIZATION_ASSIGNMENT ( #162, #446, ( #2115 ) ) ;
#1399 = DIRECTION ( 'NONE',  ( 0.000000000000000000, -1.000000000000000000, 0.000000000000000000 ) ) ;
#1400 = FACE_OUTER_BOUND ( 'NONE', #430, .T. ) ;
#1401 = PERSON_AND_ORGANIZATION ( #1665, #227 ) ;
#1402 = ADVANCED_FACE ( 'NONE', ( #2058 ), #2791, .F. ) ;
#1403 = CARTESIAN_POINT ( 'NONE',  ( -225.0000000000001421, -365.0000000000000568, 580.0000000000000000 ) ) ;
#1404 = DIRECTION ( 'NONE',  ( 1.000000000000000000, 0.000000000000000000, 0.000000000000000000 ) ) ;
#1405 = EDGE_LOOP ( 'NONE', ( #1867, #629, #2648, #88 ) ) ;
#1406 = CARTESIAN_POINT ( 'NONE',  ( -187.0000000000000284, -129.0000000000000000, 0.000000000000000000 ) ) ;
#1407 = CARTESIAN_POINT ( 'NONE',  ( -225.0000000000001421, -365.0000000000000568, 0.000000000000000000 ) ) ;
#1408 = ORIENTED_EDGE ( 'NONE', *, *, #768, .T. ) ;
#1409 = CARTESIAN_POINT ( 'NONE',  ( -155.0000000000001421, -380.0000000000000568, 510.0000000000000000 ) ) ;
#1410 = EDGE_LOOP ( 'NONE', ( #666, #420, #862, #1849 ) ) ;
#1411 = EDGE_LOOP ( 'NONE', ( #2056, #982, #165, #1006, #2766, #940, #2117, #1872 ) ) ;
#1412 = PRODUCT_DEFINITION_SHAPE ( 'NONE', 'NONE',  #2901 ) ;
#1413 = DIRECTION ( 'NONE',  ( -1.000000000000000000, 0.000000000000000000, 0.000000000000000000 ) ) ;
#1414 = EDGE_LOOP ( 'NONE', ( #1943, #532, #2573, #1861, #1083, #1210, #2547, #776, #2562, #1393, #386, #507 ) ) ;
#1415 = ORIENTED_EDGE ( 'NONE', *, *, #270, .T. ) ;
#1416 = DIRECTION ( 'NONE',  ( 0.000000000000000000, 0.000000000000000000, 1.000000000000000000 ) ) ;
#1417 = ADVANCED_FACE ( 'NONE', ( #2307 ), #1118, .T. ) ;
#1418 = EDGE_CURVE ( 'NONE', #1514, #330, #2768, .T. ) ;
#1419 = LINE ( 'NONE', #2484, #703 ) ;
#1420 = ORIENTED_EDGE ( 'NONE', *, *, #1307, .F. ) ;
#1421 = CARTESIAN_POINT ( 'NONE',  ( -225.0000000000000568, -165.0000000000000000, 20.00000000000000000 ) ) ;
#1422 = LINE ( 'NONE', #928, #601 ) ;
#1423 = VECTOR ( 'NONE', #1120, 1000.000000000000000 ) ;
#1424 = DIRECTION ( 'NONE',  ( 0.000000000000000000, 1.000000000000000000, 0.000000000000000000 ) ) ;
#1425 = DIRECTION ( 'NONE',  ( 0.000000000000000000, -1.000000000000000000, 0.000000000000000000 ) ) ;
#1426 = AXIS2_PLACEMENT_3D ( 'NONE', #641, #1528, #2184 ) ;
#1427 = CARTESIAN_POINT ( 'NONE',  ( 206.9999999999998863, -347.0000000000000568, -0.000000000000000000 ) ) ;
#1428 = LINE ( 'NONE', #2285, #1055 ) ;
#1429 = CARTESIAN_POINT ( 'NONE',  ( -155.0000000000001421, -380.0000000000000568, 510.0000000000000000 ) ) ;
#1430 = FACE_OUTER_BOUND ( 'NONE', #2697, .T. ) ;
#1431 = EDGE_LOOP ( 'NONE', ( #1793, #1451 ) ) ;
#1432 = VECTOR ( 'NONE', #1681, 1000.000000000000000 ) ;
#1433 = CARTESIAN_POINT ( 'NONE',  ( 224.9999999999999432, 165.0000000000000000, 20.00000000000000000 ) ) ;
#1434 = ORIENTED_EDGE ( 'NONE', *, *, #2662, .T. ) ;
#1435 = CYLINDRICAL_SURFACE ( 'NONE', #1899, 20.00000000000001776 ) ;
#1436 = EDGE_CURVE ( 'NONE', #1367, #2448, #1915, .T. ) ;
#1437 = SECURITY_CLASSIFICATION ( '', '', #2682 ) ;
#1438 = DIRECTION ( 'NONE',  ( -0.000000000000000000, 1.000000000000000000, -0.000000000000000000 ) ) ;
#1439 = DIRECTION ( 'NONE',  ( 0.000000000000000000, -1.000000000000000000, 0.000000000000000000 ) ) ;
#1440 = AXIS2_PLACEMENT_3D ( 'NONE', #2718, #2499, #1377 ) ;
#1441 = CARTESIAN_POINT ( 'NONE',  ( -225.0000000000001421, 287.9999999999999432, 580.0000000000000000 ) ) ;
#1442 = VERTEX_POINT ( 'NONE', #2767 ) ;
#1443 = AXIS2_PLACEMENT_3D ( 'NONE', #1368, #2457, #1600 ) ;
#1444 = EDGE_LOOP ( 'NONE', ( #1113, #1184, #1476, #1758 ) ) ;
#1445 = ORIENTED_EDGE ( 'NONE', *, *, #2465, .F. ) ;
#1446 = CARTESIAN_POINT ( 'NONE',  ( -207.0000000000001421, 0.000000000000000000, 18.00000000000000000 ) ) ;
#1447 = ADVANCED_FACE ( 'NONE', ( #1053 ), #1564, .T. ) ;
#1448 = VERTEX_POINT ( 'NONE', #781 ) ;
#1449 = EDGE_LOOP ( 'NONE', ( #2141, #1013, #2426, #445, #2362, #1280, #2632, #1238 ) ) ;
#1450 = CARTESIAN_POINT ( 'NONE',  ( 224.9999999999998579, 364.9999999999999432, 0.000000000000000000 ) ) ;
#1451 = ORIENTED_EDGE ( 'NONE', *, *, #869, .T. ) ;
#1452 = DIRECTION ( 'NONE',  ( 0.000000000000000000, 0.000000000000000000, -1.000000000000000000 ) ) ;
#1453 = EDGE_CURVE ( 'NONE', #1171, #391, #815, .T. ) ;
#1454 = ORIENTED_EDGE ( 'NONE', *, *, #1697, .T. ) ;
#1455 = VERTEX_POINT ( 'NONE', #1450 ) ;
#1456 = VECTOR ( 'NONE', #2194, 1000.000000000000000 ) ;
#1457 = FACE_OUTER_BOUND ( 'NONE', #153, .T. ) ;
#1458 = CYLINDRICAL_SURFACE ( 'NONE', #502, 25.00000000000002132 ) ;
#1459 = DIRECTION ( 'NONE',  ( -0.000000000000000000, 1.000000000000000000, -0.000000000000000000 ) ) ;
#1460 = FACE_OUTER_BOUND ( 'NONE', #1411, .T. ) ;
#1461 = LINE ( 'NONE', #2528, #2523 ) ;
#1462 = PLANE ( 'NONE',  #11 ) ;
#1463 = FACE_BOUND ( 'NONE', #429, .T. ) ;
#1464 = PLANE ( 'NONE',  #1845 ) ;
#1465 = EDGE_LOOP ( 'NONE', ( #126, #1589, #1033, #2760 ) ) ;
#1466 = CALENDAR_DATE ( 2026, 9, 6 ) ;
#1467 = DIRECTION ( 'NONE',  ( 0.000000000000000000, 1.000000000000000000, -1.239088197126289584E-16 ) ) ;
#1468 = ORIENTED_EDGE ( 'NONE', *, *, #1648, .F. ) ;
#1469 = PLANE ( 'NONE',  #294 ) ;
#1470 = LINE ( 'NONE', #2314, #1329 ) ;
#1471 = EDGE_CURVE ( 'NONE', #2146, #1884, #574, .T. ) ;
#1472 = DIRECTION ( 'NONE',  ( 0.000000000000000000, 0.000000000000000000, 1.000000000000000000 ) ) ;
#1473 = LOCAL_TIME ( 9, 59, 6.000000000000000000, #1620 ) ;
#1474 = EDGE_CURVE ( 'NONE', #1231, #2011, #882, .T. ) ;
#1475 = DIRECTION ( 'NONE',  ( 0.000000000000000000, -0.000000000000000000, -1.000000000000000000 ) ) ;
#1476 = ORIENTED_EDGE ( 'NONE', *, *, #2345, .T. ) ;
#1477 = DIRECTION ( 'NONE',  ( -1.000000000000000000, 0.000000000000000000, 0.000000000000000000 ) ) ;
#1478 = ORIENTED_EDGE ( 'NONE', *, *, #1038, .T. ) ;
#1479 = PLANE ( 'NONE',  #61 ) ;
#1480 = ORIENTED_EDGE ( 'NONE', *, *, #1471, .F. ) ;
#1481 = VERTEX_POINT ( 'NONE', #338 ) ;
#1482 = VECTOR ( 'NONE', #545, 1000.000000000000000 ) ;
#1483 = DIRECTION ( 'NONE',  ( 0.000000000000000000, -1.000000000000000000, 0.000000000000000000 ) ) ;
#1484 = APPROVAL_ROLE ( '' ) ;
#1485 = ORIENTED_EDGE ( 'NONE', *, *, #550, .T. ) ;
#1486 = LINE ( 'NONE', #1078, #1880 ) ;
#1487 = ORIENTED_EDGE ( 'NONE', *, *, #2678, .F. ) ;
#1488 = DIRECTION ( 'NONE',  ( -0.000000000000000000, 1.000000000000000000, -0.000000000000000000 ) ) ;
#1489 = EDGE_CURVE ( 'NONE', #1481, #818, #1163, .T. ) ;
#1490 = LINE ( 'NONE', #2776, #2381 ) ;
#1491 = FACE_OUTER_BOUND ( 'NONE', #821, .T. ) ;
#1492 = PRODUCT_RELATED_PRODUCT_CATEGORY ( 'detail', '', ( #311 ) ) ;
#1493 = FACE_OUTER_BOUND ( 'NONE', #1127, .T. ) ;
#1494 = PLANE ( 'NONE',  #2293 ) ;
#1495 = APPROVAL_STATUS ( 'not_yet_approved' ) ;
#1496 = CONTEXT_DEPENDENT_SHAPE_REPRESENTATION ( #978, #1786 ) ;
#1497 = EDGE_CURVE ( 'NONE', #286, #935, #1490, .T. ) ;
#1498 = DIRECTION ( 'NONE',  ( 0.000000000000000000, 0.000000000000000000, -1.000000000000000000 ) ) ;
#1499 = LINE ( 'NONE', #707, #996 ) ;
#1500 = CARTESIAN_POINT ( 'NONE',  ( 206.9999999999998863, 346.9999999999999432, 533.9999999999998863 ) ) ;
#1501 = CIRCLE ( 'NONE', #2761, 25.00000000000002132 ) ;
#1502 = CARTESIAN_POINT ( 'NONE',  ( 224.9999999999999432, -165.0000000000000000, 20.00000000000000000 ) ) ;
#1503 = AXIS2_PLACEMENT_3D ( 'NONE', #393, #1022, #2605 ) ;
#1504 = VECTOR ( 'NONE', #410, 1000.000000000000000 ) ;
#1505 = PERSON_AND_ORGANIZATION_ROLE ( 'creator' ) ;
#1506 = CIRCLE ( 'NONE', #1503, 27.00000000000002487 ) ;
#1507 = PERSON_AND_ORGANIZATION ( #1665, #227 ) ;
#1508 = DIRECTION ( 'NONE',  ( 0.000000000000000000, 0.000000000000000000, 1.000000000000000000 ) ) ;
#1509 = EDGE_CURVE ( 'NONE', #1621, #177, #2594, .T. ) ;
#1510 = ORIENTED_EDGE ( 'NONE', *, *, #1497, .T. ) ;
#1511 = EDGE_CURVE ( 'NONE', #464, #2371, #1775, .T. ) ;
#1512 = ORIENTED_EDGE ( 'NONE', *, *, #1489, .T. ) ;
#1513 = DIRECTION ( 'NONE',  ( -1.000000000000000000, 0.000000000000000000, 0.000000000000000000 ) ) ;
#1514 = VERTEX_POINT ( 'NONE', #2087 ) ;
#1515 = DIRECTION ( 'NONE',  ( 0.000000000000000000, 0.000000000000000000, -1.000000000000000000 ) ) ;
#1516 = PLANE ( 'NONE',  #1426 ) ;
#1517 = AXIS2_PLACEMENT_3D ( 'NONE', #50, #523, #2272 ) ;
#1518 = EDGE_LOOP ( 'NONE', ( #1093, #97, #2399, #1009 ) ) ;
#1519 = ADVANCED_FACE ( 'NONE', ( #2871 ), #559, .F. ) ;
#1520 = DIRECTION ( 'NONE',  ( 0.000000000000000000, 0.000000000000000000, -1.000000000000000000 ) ) ;
#1521 = ORIENTED_EDGE ( 'NONE', *, *, #717, .F. ) ;
#1522 = ORIENTED_EDGE ( 'NONE', *, *, #801, .T. ) ;
#1523 = DIRECTION ( 'NONE',  ( 1.000000000000000000, 0.000000000000000000, 0.000000000000000000 ) ) ;
#1524 = LINE ( 'NONE', #1298, #2590 ) ;
#1525 = PLANE ( 'NONE',  #2277 ) ;
#1526 = VECTOR ( 'NONE', #2024, 1000.000000000000000 ) ;
#1527 = LOCAL_TIME ( 9, 59, 6.000000000000000000, #2342 ) ;
#1528 = DIRECTION ( 'NONE',  ( 1.000000000000000000, 0.000000000000000000, 0.000000000000000000 ) ) ;
#1529 = LINE ( 'NONE', #2059, #543 ) ;
#1530 = CARTESIAN_POINT ( 'NONE',  ( 206.9999999999998863, -10.00000000000004619, 533.9999999999998863 ) ) ;
#1531 = EDGE_CURVE ( 'NONE', #2712, #979, #606, .T. ) ;
#1532 = CC_DESIGN_APPROVAL ( #1380, ( #516 ) ) ;
#1533 = VECTOR ( 'NONE', #1613, 1000.000000000000000 ) ;
#1534 = DIRECTION ( 'NONE',  ( 0.000000000000000000, 0.000000000000000000, -1.000000000000000000 ) ) ;
#1535 = APPLICATION_PROTOCOL_DEFINITION ( 'international standard', 'config_control_design', 1994, #2865 ) ;
#1536 = VECTOR ( 'NONE', #1984, 1000.000000000000000 ) ;
#1537 = CALENDAR_DATE ( 2026, 9, 6 ) ;
#1538 = DIRECTION ( 'NONE',  ( 1.201540069940645842E-16, 0.000000000000000000, 1.000000000000000000 ) ) ;
#1539 = LINE ( 'NONE', #486, #5 ) ;
#1540 = PLANE ( 'NONE',  #841 ) ;
#1541 = ORIENTED_EDGE ( 'NONE', *, *, #1980, .F. ) ;
#1542 = CARTESIAN_POINT ( 'NONE',  ( -207.0000000000001421, 346.9999999999999432, 533.9999999999998863 ) ) ;
#1543 = FACE_BOUND ( 'NONE', #770, .T. ) ;
#1544 = AXIS2_PLACEMENT_3D ( 'NONE', #2596, #379, #1242 ) ;
#1545 = CARTESIAN_POINT ( 'NONE',  ( -225.0000000000001421, 364.9999999999999432, 580.0000000000000000 ) ) ;
#1546 = PERSON_AND_ORGANIZATION_ROLE ( 'design_owner' ) ;
#1547 = DATE_AND_TIME ( #1651, #93 ) ;
#1548 = EDGE_LOOP ( 'NONE', ( #1722, #2790 ) ) ;
#1549 = CARTESIAN_POINT ( 'NONE',  ( 0.000000000000000000, 0.000000000000000000, 600.0000000000000000 ) ) ;
#1550 = ORIENTED_EDGE ( 'NONE', *, *, #416, .T. ) ;
#1551 = EDGE_CURVE ( 'NONE', #2006, #935, #1851, .T. ) ;
#1552 = APPROVAL ( #214, '未指定' ) ;
#1553 = CARTESIAN_POINT ( 'NONE',  ( 155.0000000000001421, -420.0000000000000568, 69.99999999999995737 ) ) ;
#1554 = VERTEX_POINT ( 'NONE', #408 ) ;
#1555 = ORIENTED_EDGE ( 'NONE', *, *, #2101, .F. ) ;
#1556 = ORIENTED_EDGE ( 'NONE', *, *, #916, .T. ) ;
#1557 = DIRECTION ( 'NONE',  ( 0.000000000000000000, -1.000000000000000000, 0.000000000000000000 ) ) ;
#1558 = ORIENTED_EDGE ( 'NONE', *, *, #655, .T. ) ;
#1559 = AXIS2_PLACEMENT_3D ( 'NONE', #1429, #329, #1018 ) ;
#1560 = DIRECTION ( 'NONE',  ( -0.000000000000000000, 1.000000000000000000, -0.000000000000000000 ) ) ;
#1561 = VECTOR ( 'NONE', #151, 1000.000000000000000 ) ;
#1562 = ORIENTED_EDGE ( 'NONE', *, *, #612, .T. ) ;
#1563 = DIRECTION ( 'NONE',  ( -0.000000000000000000, -0.000000000000000000, 1.000000000000000000 ) ) ;
#1564 = CYLINDRICAL_SURFACE ( 'NONE', #1559, 27.00000000000002487 ) ;
#1565 = FACE_OUTER_BOUND ( 'NONE', #1306, .T. ) ;
#1566 = PERSON_AND_ORGANIZATION_ROLE ( 'creator' ) ;
#1567 = LINE ( 'NONE', #885, #1942 ) ;
#1568 = CARTESIAN_POINT ( 'NONE',  ( -155.0000000000001421, -380.0000000000000568, 537.0000000000000000 ) ) ;
#1569 = DIRECTION ( 'NONE',  ( -0.000000000000000000, 0.000000000000000000, 1.000000000000000000 ) ) ;
#1570 = ADVANCED_FACE ( 'NONE', ( #991 ), #1462, .F. ) ;
#1571 = VECTOR ( 'NONE', #1338, 1000.000000000000000 ) ;
#1572 = EDGE_CURVE ( 'NONE', #1884, #1098, #2730, .T. ) ;
#1573 = PERSON_AND_ORGANIZATION ( #1665, #227 ) ;
#1574 = CARTESIAN_POINT ( 'NONE',  ( -207.0000000000001421, 0.000000000000000000, 580.0000000000000000 ) ) ;
#1575 = CARTESIAN_POINT ( 'NONE',  ( 155.0000000000001421, -420.0000000000000568, 69.99999999999995737 ) ) ;
#1576 = PERSON_AND_ORGANIZATION ( #1665, #227 ) ;
#1577 = APPROVAL_STATUS ( 'not_yet_approved' ) ;
#1578 = AXIS2_PLACEMENT_3D ( 'NONE', #2106, #98, #2095 ) ;
#1579 = CARTESIAN_POINT ( 'NONE',  ( 0.000000000000000000, 0.000000000000000000, 18.00000000000000000 ) ) ;
#1580 = COORDINATED_UNIVERSAL_TIME_OFFSET ( 8, 0, .AHEAD. ) ;
#1581 = DIRECTION ( 'NONE',  ( -0.000000000000000000, -0.000000000000000000, -1.000000000000000000 ) ) ;
#1582 = DIRECTION ( 'NONE',  ( -0.000000000000000000, 1.000000000000000000, -0.000000000000000000 ) ) ;
#1583 = DIRECTION ( 'NONE',  ( 0.000000000000000000, 1.000000000000000000, 0.000000000000000000 ) ) ;
#1584 = ADVANCED_FACE ( 'NONE', ( #915 ), #1469, .F. ) ;
#1585 = ORIENTED_EDGE ( 'NONE', *, *, #478, .F. ) ;
#1586 = CARTESIAN_POINT ( 'NONE',  ( 224.9999999999999432, 165.0000000000000000, 20.00000000000000000 ) ) ;
#1587 = ORIENTED_EDGE ( 'NONE', *, *, #970, .T. ) ;
#1588 = PLANE ( 'NONE',  #571 ) ;
#1589 = ORIENTED_EDGE ( 'NONE', *, *, #949, .F. ) ;
#1590 = EDGE_CURVE ( 'NONE', #1373, #1801, #398, .T. ) ;
#1591 = ORIENTED_EDGE ( 'NONE', *, *, #2828, .F. ) ;
#1592 = PRODUCT_DEFINITION ( '未知', '', #516, #967 ) ;
#1593 = CARTESIAN_POINT ( 'NONE',  ( -225.0000000000000568, -165.0000000000000000, 0.000000000000000000 ) ) ;
#1594 = ADVANCED_FACE ( 'NONE', ( #643 ), #748, .T. ) ;
#1595 = ORIENTED_EDGE ( 'NONE', *, *, #672, .T. ) ;
#1596 = DIRECTION ( 'NONE',  ( -1.000000000000000000, 0.000000000000000000, -0.000000000000000000 ) ) ;
#1597 = CARTESIAN_POINT ( 'NONE',  ( 155.0000000000001421, -420.0000000000000568, 94.99999999999994316 ) ) ;
#1598 = AXIS2_PLACEMENT_3D ( 'NONE', #939, #1603, #2326 ) ;
#1599 = ORIENTED_EDGE ( 'NONE', *, *, #2501, .T. ) ;
#1600 = DIRECTION ( 'NONE',  ( 0.000000000000000000, 0.000000000000000000, 1.000000000000000000 ) ) ;
#1601 = ORIENTED_EDGE ( 'NONE', *, *, #472, .F. ) ;
#1602 = VERTEX_POINT ( 'NONE', #2589 ) ;
#1603 = DIRECTION ( 'NONE',  ( 0.000000000000000000, -1.000000000000000000, 0.000000000000000000 ) ) ;
#1604 = ADVANCED_FACE ( 'NONE', ( #2343 ), #2623, .F. ) ;
#1605 = CIRCLE ( 'NONE', #2065, 26.99999999999996803 ) ;
#1606 = DIRECTION ( 'NONE',  ( 0.000000000000000000, -1.000000000000000000, 0.000000000000000000 ) ) ;
#1607 = VECTOR ( 'NONE', #1640, 1000.000000000000000 ) ;
#1608 = VECTOR ( 'NONE', #2661, 1000.000000000000000 ) ;
#1609 = EDGE_CURVE ( 'NONE', #1073, #2081, #2274, .T. ) ;
#1610 = CARTESIAN_POINT ( 'NONE',  ( 224.9999999999999432, -165.0000000000000000, 0.000000000000000000 ) ) ;
#1611 = CARTESIAN_POINT ( 'NONE',  ( -155.0000000000001421, -435.0000000000000568, 94.99999999999994316 ) ) ;
#1612 = ORIENTED_EDGE ( 'NONE', *, *, #2614, .T. ) ;
#1613 = DIRECTION ( 'NONE',  ( -0.000000000000000000, 1.000000000000000000, -0.000000000000000000 ) ) ;
#1614 = VERTEX_POINT ( 'NONE', #2391 ) ;
#1615 = ADVANCED_FACE ( 'NONE', ( #513 ), #1717, .F. ) ;
#1616 = CYLINDRICAL_SURFACE ( 'NONE', #2571, 24.99999999999999289 ) ;
#1617 = CARTESIAN_POINT ( 'NONE',  ( 187.0000000000000853, -129.0000000000000000, -461.9999999999999432 ) ) ;
#1618 = AXIS2_PLACEMENT_3D ( 'NONE', #2282, #2292, #958 ) ;
#1619 = CARTESIAN_POINT ( 'NONE',  ( -156.9999999999998579, 7.999999999999952038, 99.99999999999994316 ) ) ;
#1620 = COORDINATED_UNIVERSAL_TIME_OFFSET ( 8, 0, .AHEAD. ) ;
#1621 = VERTEX_POINT ( 'NONE', #592 ) ;
#1622 = DIRECTION ( 'NONE',  ( -0.000000000000000000, 1.000000000000000000, -0.000000000000000000 ) ) ;
#1623 = ORIENTED_EDGE ( 'NONE', *, *, #1159, .T. ) ;
#1624 = LINE ( 'NONE', #2073, #64 ) ;
#1625 = ORIENTED_EDGE ( 'NONE', *, *, #2404, .F. ) ;
#1626 = SHAPE_REPRESENTATION ( '地柜09-柜体_地柜09-柜体', ( #161 ), #563 ) ;
#1627 = EDGE_LOOP ( 'NONE', ( #848, #2644, #2121, #322, #1042, #1510, #600, #2370 ) ) ;
#1628 = DIRECTION ( 'NONE',  ( -3.469446951953614189E-16, -0.000000000000000000, 1.000000000000000000 ) ) ;
#1629 = DIRECTION ( 'NONE',  ( -0.000000000000000000, 0.000000000000000000, 1.000000000000000000 ) ) ;
#1630 = EDGE_CURVE ( 'NONE', #1923, #1442, #1088, .T. ) ;
#1631 = ORIENTED_EDGE ( 'NONE', *, *, #2110, .T. ) ;
#1632 = CC_DESIGN_DATE_AND_TIME_ASSIGNMENT ( #731, #737, ( #496 ) ) ;
#1633 = DIRECTION ( 'NONE',  ( -1.201540069940645842E-16, -0.000000000000000000, -1.000000000000000000 ) ) ;
#1634 = VECTOR ( 'NONE', #827, 1000.000000000000000 ) ;
#1635 = DIRECTION ( 'NONE',  ( 1.000000000000000000, 0.000000000000000000, 0.000000000000000000 ) ) ;
#1636 = FACE_BOUND ( 'NONE', #1465, .T. ) ;
#1637 = FACE_OUTER_BOUND ( 'NONE', #2191, .T. ) ;
#1638 = DIRECTION ( 'NONE',  ( 0.000000000000000000, -1.000000000000000000, 0.000000000000000000 ) ) ;
#1639 = VECTOR ( 'NONE', #1534, 1000.000000000000000 ) ;
#1640 = DIRECTION ( 'NONE',  ( -0.000000000000000000, -0.000000000000000000, 1.000000000000000000 ) ) ;
#1641 = FACE_OUTER_BOUND ( 'NONE', #1518, .T. ) ;
#1642 = ADVANCED_FACE ( 'NONE', ( #1738 ), #1670, .T. ) ;
#1643 = DIRECTION ( 'NONE',  ( 0.000000000000000000, -0.000000000000000000, -1.000000000000000000 ) ) ;
#1644 = DIRECTION ( 'NONE',  ( 0.000000000000000000, 0.000000000000000000, -1.000000000000000000 ) ) ;
#1645 = CALENDAR_DATE ( 2026, 9, 6 ) ;
#1646 = VECTOR ( 'NONE', #450, 1000.000000000000000 ) ;
#1647 = VERTEX_POINT ( 'NONE', #2183 ) ;
#1648 = EDGE_CURVE ( 'NONE', #1365, #2044, #437, .T. ) ;
#1649 = CC_DESIGN_PERSON_AND_ORGANIZATION_ASSIGNMENT ( #1859, #1546, ( #1875 ) ) ;
#1650 = EDGE_CURVE ( 'NONE', #560, #565, #366, .T. ) ;
#1651 = CALENDAR_DATE ( 2026, 9, 6 ) ;
#1652 = DIRECTION ( 'NONE',  ( 0.000000000000000000, 0.000000000000000000, 1.000000000000000000 ) ) ;
#1653 = AXIS2_PLACEMENT_3D ( 'NONE', #2841, #1308, #644 ) ;
#1654 = DIRECTION ( 'NONE',  ( 0.000000000000000000, 1.000000000000000000, -1.239088197126289584E-16 ) ) ;
#1655 = VERTEX_POINT ( 'NONE', #1957 ) ;
#1656 = ORIENTED_EDGE ( 'NONE', *, *, #1650, .T. ) ;
#1657 = DIRECTION ( 'NONE',  ( 0.000000000000000000, 0.000000000000000000, -1.000000000000000000 ) ) ;
#1658 = ORIENTED_EDGE ( 'NONE', *, *, #325, .T. ) ;
#1659 = EDGE_CURVE ( 'NONE', #874, #2646, #956, .T. ) ;
#1660 = DIRECTION ( 'NONE',  ( 0.000000000000000000, 1.239088197126289584E-16, 1.000000000000000000 ) ) ;
#1661 = CARTESIAN_POINT ( 'NONE',  ( -225.0000000000001421, 365.0000000000000568, 600.0000000000000000 ) ) ;
#1662 = EDGE_CURVE ( 'NONE', #2081, #1073, #145, .T. ) ;
#1663 = APPROVAL ( #2210, '未指定' ) ;
#1664 = CARTESIAN_POINT ( 'NONE',  ( 155.0000000000001421, -380.0000000000000568, 69.99999999999995737 ) ) ;
#1665 = PERSON ( '未指定', '未指定', '未指定', ('未指定'), ('未指定'), ('未指定') ) ;
#1666 = LINE ( 'NONE', #32, #2621 ) ;
#1667 = LINE ( 'NONE', #369, #1085 ) ;
#1668 = APPROVAL_PERSON_ORGANIZATION ( #1810, #2886, #43 ) ;
#1669 = AXIS2_PLACEMENT_3D ( 'NONE', #2350, #2098, #1026 ) ;
#1670 = CYLINDRICAL_SURFACE ( 'NONE', #587, 25.00000000000002132 ) ;
#1671 = CARTESIAN_POINT ( 'NONE',  ( -157.0000000000000284, -10.00000000000006750, 533.9999999999998863 ) ) ;
#1672 = VECTOR ( 'NONE', #2668, 1000.000000000000000 ) ;
#1673 = ORIENTED_EDGE ( 'NONE', *, *, #567, .F. ) ;
#1674 = LOCAL_TIME ( 9, 59, 6.000000000000000000, #2699 ) ;
#1675 = DIRECTION ( 'NONE',  ( -0.000000000000000000, 1.000000000000000000, -0.000000000000000000 ) ) ;
#1676 = CIRCLE ( 'NONE', #963, 20.00000000000001776 ) ;
#1677 = EDGE_CURVE ( 'NONE', #177, #1621, #1605, .T. ) ;
#1678 = CC_DESIGN_PERSON_AND_ORGANIZATION_ASSIGNMENT ( #1507, #1566, ( #516 ) ) ;
#1679 = CARTESIAN_POINT ( 'NONE',  ( 224.9999999999998579, 297.9999999999999432, 562.0000000000000000 ) ) ;
#1680 = DIRECTION ( 'NONE',  ( 0.000000000000000000, 0.000000000000000000, -1.000000000000000000 ) ) ;
#1681 = DIRECTION ( 'NONE',  ( -0.000000000000000000, 1.000000000000000000, -0.000000000000000000 ) ) ;
#1682 = ORIENTED_EDGE ( 'NONE', *, *, #1791, .T. ) ;
#1683 = DIRECTION ( 'NONE',  ( 0.000000000000000000, 0.000000000000000000, 1.000000000000000000 ) ) ;
#1684 = FACE_BOUND ( 'NONE', #99, .T. ) ;
#1685 = ORIENTED_EDGE ( 'NONE', *, *, #2795, .T. ) ;
#1686 = AXIS2_PLACEMENT_3D ( 'NONE', #2077, #548, #2268 ) ;
#1687 = DIRECTION ( 'NONE',  ( 0.000000000000000000, -1.000000000000000000, 0.000000000000000000 ) ) ;
#1688 = ORIENTED_EDGE ( 'NONE', *, *, #1191, .T. ) ;
#1689 = AXIS2_PLACEMENT_3D ( 'NONE', #1767, #1560, #13 ) ;
#1690 = ORIENTED_EDGE ( 'NONE', *, *, #2758, .T. ) ;
#1691 = CARTESIAN_POINT ( 'NONE',  ( -155.0000000000001421, -420.0000000000000568, 510.0000000000000000 ) ) ;
#1692 = CARTESIAN_POINT ( 'NONE',  ( 224.9999999999998579, -10.00000000000006750, 551.9999999999998863 ) ) ;
#1693 = CARTESIAN_POINT ( 'NONE',  ( -207.0000000000001421, -347.0000000000000568, 2.000000000000000000 ) ) ;
#1694 = ORIENTED_EDGE ( 'NONE', *, *, #2575, .F. ) ;
#1695 = DIRECTION ( 'NONE',  ( 0.000000000000000000, -1.000000000000000000, 0.000000000000000000 ) ) ;
#1696 = CARTESIAN_POINT ( 'NONE',  ( 224.9999999999999432, 165.0000000000000000, 0.000000000000000000 ) ) ;
#1697 = EDGE_CURVE ( 'NONE', #2051, #1311, #572, .T. ) ;
#1698 = CC_DESIGN_PERSON_AND_ORGANIZATION_ASSIGNMENT ( #414, #243, ( #1437 ) ) ;
#1699 = FACE_OUTER_BOUND ( 'NONE', #26, .T. ) ;
#1700 = LINE ( 'NONE', #1177, #2799 ) ;
#1701 = DIRECTION ( 'NONE',  ( 0.000000000000000000, -1.000000000000000000, 0.000000000000000000 ) ) ;
#1702 = ORIENTED_EDGE ( 'NONE', *, *, #304, .T. ) ;
#1703 = VECTOR ( 'NONE', #965, 1000.000000000000000 ) ;
#1704 = DIRECTION ( 'NONE',  ( 0.000000000000000000, -1.000000000000000000, 0.000000000000000000 ) ) ;
#1705 = CARTESIAN_POINT ( 'NONE',  ( 224.9999999999998579, 365.0000000000000568, 600.0000000000000000 ) ) ;
#1706 = CARTESIAN_POINT ( 'NONE',  ( -207.0000000000001421, 0.000000000000000000, 580.0000000000000000 ) ) ;
#1707 = FACE_OUTER_BOUND ( 'NONE', #808, .T. ) ;
#1708 = SHAPE_REPRESENTATION ( '地柜09', ( #1838, #2346, #2463, #2502 ), #656 ) ;
#1709 = LOCAL_TIME ( 9, 59, 6.000000000000000000, #2736 ) ;
#1710 = CARTESIAN_POINT ( 'NONE',  ( -225.0000000000001421, -365.0000000000000568, 580.0000000000000000 ) ) ;
#1711 = VECTOR ( 'NONE', #1992, 1000.000000000000000 ) ;
#1712 = DIRECTION ( 'NONE',  ( 0.000000000000000000, -1.000000000000000000, 0.000000000000000000 ) ) ;
#1713 = EDGE_CURVE ( 'NONE', #389, #2583, #846, .T. ) ;
#1714 = SECURITY_CLASSIFICATION ( '', '', #2536 ) ;
#1715 = DIRECTION ( 'NONE',  ( 1.000000000000000000, 0.000000000000000000, 0.000000000000000000 ) ) ;
#1716 = ORIENTED_EDGE ( 'NONE', *, *, #2021, .T. ) ;
#1717 = PLANE ( 'NONE',  #226 ) ;
#1718 = SHAPE_REPRESENTATION ( '地柜09-柜门_地柜09-柜门', ( #161 ), #1235 ) ;
#1719 = DIRECTION ( 'NONE',  ( -0.000000000000000000, 1.000000000000000000, -0.000000000000000000 ) ) ;
#1720 = ORIENTED_EDGE ( 'NONE', *, *, #1873, .T. ) ;
#1721 = CARTESIAN_POINT ( 'NONE',  ( -225.0000000000001421, -365.0000000000000568, 580.0000000000000000 ) ) ;
#1722 = ORIENTED_EDGE ( 'NONE', *, *, #2501, .F. ) ;
#1723 = ADVANCED_FACE ( 'NONE', ( #1981 ), #1525, .F. ) ;
#1724 = ORIENTED_EDGE ( 'NONE', *, *, #1890, .F. ) ;
#1725 = DIRECTION ( 'NONE',  ( -1.000000000000000000, -0.000000000000000000, -0.000000000000000000 ) ) ;
#1726 = DATE_TIME_ROLE ( 'creation_date' ) ;
#1727 = ORIENTED_EDGE ( 'NONE', *, *, #1159, .F. ) ;
#1728 = CARTESIAN_POINT ( 'NONE',  ( -155.0000000000001421, -380.0000000000000568, 69.99999999999995737 ) ) ;
#1729 = DIRECTION ( 'NONE',  ( -1.000000000000000000, 0.000000000000000000, 0.000000000000000000 ) ) ;
#1730 = LINE ( 'NONE', #1986, #474 ) ;
#1731 = ORIENTED_EDGE ( 'NONE', *, *, #2565, .F. ) ;
#1732 = ORIENTED_EDGE ( 'NONE', *, *, #166, .T. ) ;
#1733 = CARTESIAN_POINT ( 'NONE',  ( 224.9999999999998579, -57.00000000000004974, 551.9999999999998863 ) ) ;
#1734 = EDGE_CURVE ( 'NONE', #2816, #2746, #35, .T. ) ;
#1735 = CIRCLE ( 'NONE', #1747, 25.00000000000000000 ) ;
#1736 = PRODUCT_RELATED_PRODUCT_CATEGORY ( 'detail', '', ( #1875 ) ) ;
#1737 = DIRECTION ( 'NONE',  ( 0.000000000000000000, 0.000000000000000000, 1.000000000000000000 ) ) ;
#1738 = FACE_OUTER_BOUND ( 'NONE', #2598, .T. ) ;
#1739 = VECTOR ( 'NONE', #1174, 1000.000000000000000 ) ;
#1740 = AXIS2_PLACEMENT_3D ( 'NONE', #1966, #176, #1508 ) ;
#1741 = CARTESIAN_POINT ( 'NONE',  ( -207.0000000000001705, -85.00000000000005684, 580.0000000000000000 ) ) ;
#1742 = VECTOR ( 'NONE', #2430, 1000.000000000000000 ) ;
#1743 = CARTESIAN_POINT ( 'NONE',  ( -225.0000000000000568, -165.0000000000000000, 20.00000000000000000 ) ) ;
#1744 = ADVANCED_FACE ( 'NONE', ( #1846, #1350 ), #2633, .F. ) ;
#1745 = LINE ( 'NONE', #701, #681 ) ;
#1746 = CARTESIAN_POINT ( 'NONE',  ( 224.9999999999998579, -57.00000000000005684, 562.0000000000000000 ) ) ;
#1747 = AXIS2_PLACEMENT_3D ( 'NONE', #536, #1181, #1832 ) ;
#1748 = FACE_OUTER_BOUND ( 'NONE', #886, .T. ) ;
#1749 = VERTEX_POINT ( 'NONE', #2660 ) ;
#1750 = CARTESIAN_POINT ( 'NONE',  ( -207.0000000000001421, -347.0000000000000568, 580.0000000000000000 ) ) ;
#1751 = DIRECTION ( 'NONE',  ( 0.000000000000000000, 0.000000000000000000, 1.000000000000000000 ) ) ;
#1752 = ORIENTED_EDGE ( 'NONE', *, *, #166, .F. ) ;
#1753 = LINE ( 'NONE', #2084, #2172 ) ;
#1754 = DIRECTION ( 'NONE',  ( 0.000000000000000000, 0.000000000000000000, 1.000000000000000000 ) ) ;
#1755 = EDGE_CURVE ( 'NONE', #1455, #1655, #1524, .T. ) ;
#1756 = LOCAL_TIME ( 9, 59, 6.000000000000000000, #897 ) ;
#1757 = PLANE ( 'NONE',  #1653 ) ;
#1758 = ORIENTED_EDGE ( 'NONE', *, *, #749, .T. ) ;
#1759 = EDGE_LOOP ( 'NONE', ( #2724, #306, #328, #23 ) ) ;
#1760 = DIRECTION ( 'NONE',  ( -0.000000000000000000, -0.000000000000000000, -1.000000000000000000 ) ) ;
#1761 = PERSON_AND_ORGANIZATION_ROLE ( 'creator' ) ;
#1762 = ORIENTED_EDGE ( 'NONE', *, *, #1474, .T. ) ;
#1763 = DIRECTION ( 'NONE',  ( 0.000000000000000000, -1.000000000000000000, 0.000000000000000000 ) ) ;
#1764 = CARTESIAN_POINT ( 'NONE',  ( -205.0000000000000284, -146.9999999999999716, -480.0000000000000000 ) ) ;
#1765 = AXIS2_PLACEMENT_3D ( 'NONE', #37, #1606, #531 ) ;
#1766 = ORIENTED_EDGE ( 'NONE', *, *, #1815, .F. ) ;
#1767 = CARTESIAN_POINT ( 'NONE',  ( 155.0000000000001421, -435.0000000000000568, 69.99999999999995737 ) ) ;
#1768 = ORIENTED_EDGE ( 'NONE', *, *, #1290, .F. ) ;
#1769 = DIRECTION ( 'NONE',  ( 0.000000000000000000, -1.000000000000000000, 0.000000000000000000 ) ) ;
#1770 = CARTESIAN_POINT ( 'NONE',  ( 224.9999999999998579, 287.9999999999999432, 580.0000000000000000 ) ) ;
#1771 = APPROVAL_STATUS ( 'not_yet_approved' ) ;
#1772 = FACE_OUTER_BOUND ( 'NONE', #872, .T. ) ;
#1773 = LINE ( 'NONE', #1185, #1948 ) ;
#1774 = ADVANCED_FACE ( 'NONE', ( #1084 ), #432, .T. ) ;
#1775 = CIRCLE ( 'NONE', #2582, 20.00000000000001776 ) ;
#1776 = ADVANCED_BREP_SHAPE_REPRESENTATION ( '', ( #2578, #161 ), #1235 ) ;
#1777 = EDGE_CURVE ( 'NONE', #2033, #791, #1283, .T. ) ;
#1778 = APPROVAL ( #305, 'UNKNOWN' ) ;
#1779 = LINE ( 'NONE', #2478, #960 ) ;
#1780 = LINE ( 'NONE', #1342, #552 ) ;
#1781 = CARTESIAN_POINT ( 'NONE',  ( -225.0000000000001421, 297.9999999999999432, 562.0000000000000000 ) ) ;
#1782 = VERTEX_POINT ( 'NONE', #417 ) ;
#1783 = DIRECTION ( 'NONE',  ( 0.000000000000000000, -1.000000000000000000, 0.000000000000000000 ) ) ;
#1784 = CARTESIAN_POINT ( 'NONE',  ( -225.0000000000001421, 287.9999999999997726, 580.0000000000000000 ) ) ;
#1785 = ORIENTED_EDGE ( 'NONE', *, *, #412, .T. ) ;
#1786 = PRODUCT_DEFINITION_SHAPE ( 'NONE', 'NONE',  #2902 ) ;
#1787 = APPROVAL_ROLE ( '' ) ;
#1788 = APPROVAL_DATE_TIME ( #1547, #1663 ) ;
#1789 = DIRECTION ( 'NONE',  ( 0.000000000000000000, 0.000000000000000000, -1.000000000000000000 ) ) ;
#1790 = DIRECTION ( 'NONE',  ( 0.000000000000000000, 0.000000000000000000, -1.000000000000000000 ) ) ;
#1791 = EDGE_CURVE ( 'NONE', #2712, #2830, #1910, .T. ) ;
#1792 = CC_DESIGN_PERSON_AND_ORGANIZATION_ASSIGNMENT ( #1003, #1121, ( #516 ) ) ;
#1793 = ORIENTED_EDGE ( 'NONE', *, *, #1004, .T. ) ;
#1794 = DIRECTION ( 'NONE',  ( 0.000000000000000000, -1.000000000000000000, 0.000000000000000000 ) ) ;
#1795 = EDGE_CURVE ( 'NONE', #604, #2109, #336, .T. ) ;
#1796 = ORIENTED_EDGE ( 'NONE', *, *, #2384, .F. ) ;
#1797 = ORIENTED_EDGE ( 'NONE', *, *, #1204, .T. ) ;
#1798 = CARTESIAN_POINT ( 'NONE',  ( -155.0000000000001421, -435.0000000000000568, 69.99999999999995737 ) ) ;
#1799 = ADVANCED_FACE ( 'NONE', ( #111 ), #649, .T. ) ;
#1800 = AXIS2_PLACEMENT_3D ( 'NONE', #340, #1424, #1878 ) ;
#1801 = VERTEX_POINT ( 'NONE', #2867 ) ;
#1802 = CARTESIAN_POINT ( 'NONE',  ( -155.0000000000001421, -435.0000000000000568, 69.99999999999995737 ) ) ;
#1803 = CARTESIAN_POINT ( 'NONE',  ( -225.0000000000001421, -10.00000000000006395, 580.0000000000000000 ) ) ;
#1804 = ORIENTED_EDGE ( 'NONE', *, *, #2461, .F. ) ;
#1805 = ORIENTED_EDGE ( 'NONE', *, *, #1946, .T. ) ;
#1806 = CARTESIAN_POINT ( 'NONE',  ( 155.0000000000001421, -435.0000000000000568, 510.0000000000000000 ) ) ;
#1807 = LINE ( 'NONE', #1331, #1158 ) ;
#1808 = FACE_OUTER_BOUND ( 'NONE', #780, .T. ) ;
#1809 = CIRCLE ( 'NONE', #2160, 10.00000000000000888 ) ;
#1810 = PERSON_AND_ORGANIZATION ( #554, #1162 ) ;
#1811 = EDGE_CURVE ( 'NONE', #356, #604, #2485, .T. ) ;
#1812 = DIRECTION ( 'NONE',  ( 0.000000000000000000, -1.000000000000000000, 0.000000000000000000 ) ) ;
#1813 = LINE ( 'NONE', #2395, #1608 ) ;
#1814 = CARTESIAN_POINT ( 'NONE',  ( 206.9999999999998863, -10.00000000000004619, 99.99999999999997158 ) ) ;
#1815 = EDGE_CURVE ( 'NONE', #1782, #798, #1422, .T. ) ;
#1816 = COORDINATED_UNIVERSAL_TIME_OFFSET ( 8, 0, .AHEAD. ) ;
#1817 = APPROVAL ( #2737, '未指定' ) ;
#1818 = DIRECTION ( 'NONE',  ( -1.000000000000000000, 0.000000000000000000, 0.000000000000000000 ) ) ;
#1819 = ADVANCED_FACE ( 'NONE', ( #2269 ), #2411, .F. ) ;
#1820 = CARTESIAN_POINT ( 'NONE',  ( 206.9999999999998863, 346.9999999999999432, 2.000000000000000000 ) ) ;
#1821 = PERSON_AND_ORGANIZATION_ROLE ( 'design_supplier' ) ;
#1822 = AXIS2_PLACEMENT_3D ( 'NONE', #1253, #372, #2157 ) ;
#1823 = ORIENTED_EDGE ( 'NONE', *, *, #2795, .F. ) ;
#1824 = DIRECTION ( 'NONE',  ( 0.000000000000000000, 0.000000000000000000, -1.000000000000000000 ) ) ;
#1825 = ORIENTED_EDGE ( 'NONE', *, *, #2057, .F. ) ;
#1826 = DIRECTION ( 'NONE',  ( -1.000000000000000000, 0.000000000000000000, 0.000000000000000000 ) ) ;
#1827 = VECTOR ( 'NONE', #2805, 1000.000000000000000 ) ;
#1828 = ORIENTED_EDGE ( 'NONE', *, *, #2312, .T. ) ;
#1829 = CARTESIAN_POINT ( 'NONE',  ( 155.0000000000001421, -435.0000000000000568, 510.0000000000000000 ) ) ;
#1830 = EDGE_CURVE ( 'NONE', #2438, #604, #1666, .T. ) ;
#1831 = VERTEX_POINT ( 'NONE', #2016 ) ;
#1832 = DIRECTION ( 'NONE',  ( 0.000000000000000000, 0.000000000000000000, -1.000000000000000000 ) ) ;
#1833 = DIRECTION ( 'NONE',  ( -0.000000000000000000, 1.000000000000000000, -0.000000000000000000 ) ) ;
#1834 = ADVANCED_FACE ( 'NONE', ( #215 ), #255, .T. ) ;
#1835 = EDGE_LOOP ( 'NONE', ( #1240, #2010, #763, #1299 ) ) ;
#1836 = EDGE_CURVE ( 'NONE', #157, #1098, #1807, .T. ) ;
#1837 = EDGE_LOOP ( 'NONE', ( #1688, #2330 ) ) ;
#1838 = AXIS2_PLACEMENT_3D ( 'NONE', #839, #1099, #194 ) ;
#1839 = CARTESIAN_POINT ( 'NONE',  ( 155.0000000000001421, -420.0000000000000568, 69.99999999999995737 ) ) ;
#1840 = ORIENTED_EDGE ( 'NONE', *, *, #1648, .T. ) ;
#1841 = DIRECTION ( 'NONE',  ( -0.000000000000000000, 1.000000000000000000, -0.000000000000000000 ) ) ;
#1842 = AXIS2_PLACEMENT_3D ( 'NONE', #2393, #2367, #2843 ) ;
#1843 = ORIENTED_EDGE ( 'NONE', *, *, #1149, .F. ) ;
#1844 = CARTESIAN_POINT ( 'NONE',  ( -207.0000000000001705, 269.9999999999998863, 580.0000000000000000 ) ) ;
#1845 = AXIS2_PLACEMENT_3D ( 'NONE', #1028, #1687, #2433 ) ;
#1846 = FACE_BOUND ( 'NONE', #1837, .T. ) ;
#1847 = LINE ( 'NONE', #1446, #1982 ) ;
#1848 = LINE ( 'NONE', #2680, #2897 ) ;
#1849 = ORIENTED_EDGE ( 'NONE', *, *, #1958, .T. ) ;
#1850 = CARTESIAN_POINT ( 'NONE',  ( 155.0000000000001421, -380.0000000000000568, 89.99999999999997158 ) ) ;
#1851 = LINE ( 'NONE', #2165, #1194 ) ;
#1852 = ADVANCED_FACE ( 'NONE', ( #1945 ), #2232, .F. ) ;
#1853 = CARTESIAN_POINT ( 'NONE',  ( -225.0000000000001421, -365.0000000000000568, 580.0000000000000000 ) ) ;
#1854 = EDGE_CURVE ( 'NONE', #1621, #2148, #1220, .T. ) ;
#1855 = DIRECTION ( 'NONE',  ( 1.000000000000000000, -1.184689203106112228E-16, -0.000000000000000000 ) ) ;
#1856 = CC_DESIGN_SECURITY_CLASSIFICATION ( #1341, ( #2190 ) ) ;
#1857 = CARTESIAN_POINT ( 'NONE',  ( -155.0000000000001421, -420.0000000000000568, 49.99999999999993605 ) ) ;
#1858 = ORIENTED_EDGE ( 'NONE', *, *, #2856, .T. ) ;
#1859 = PERSON_AND_ORGANIZATION ( #1665, #227 ) ;
#1860 = VECTOR ( 'NONE', #2470, 1000.000000000000000 ) ;
#1861 = ORIENTED_EDGE ( 'NONE', *, *, #2541, .F. ) ;
#1862 = CARTESIAN_POINT ( 'NONE',  ( -155.0000000000001421, -435.0000000000000568, 535.0000000000000000 ) ) ;
#1863 = DIRECTION ( 'NONE',  ( 0.000000000000000000, -1.000000000000000000, 0.000000000000000000 ) ) ;
#1864 = APPROVAL_DATE_TIME ( #2604, #1132 ) ;
#1865 = CARTESIAN_POINT ( 'NONE',  ( 224.9999999999998579, 345.0000000000000568, 600.0000000000000000 ) ) ;
#1866 = ADVANCED_FACE ( 'NONE', ( #710 ), #2477, .T. ) ;
#1867 = ORIENTED_EDGE ( 'NONE', *, *, #2828, .T. ) ;
#1868 = UNCERTAINTY_MEASURE_WITH_UNIT (LENGTH_MEASURE( 1.000000000000000082E-05 ), #1934, 'distance_accuracy_value', 'NONE');
#1869 = CARTESIAN_POINT ( 'NONE',  ( -155.0000000000001421, -365.0000000000000568, 537.0000000000000000 ) ) ;
#1870 = ORIENTED_EDGE ( 'NONE', *, *, #91, .F. ) ;
#1871 = PLANE ( 'NONE',  #2008 ) ;
#1872 = ORIENTED_EDGE ( 'NONE', *, *, #1339, .T. ) ;
#1873 = EDGE_CURVE ( 'NONE', #791, #2033, #2340, .T. ) ;
#1874 = VERTEX_POINT ( 'NONE', #1124 ) ;
#1875 = PRODUCT ( '地柜09-柜门_地柜09-柜门', '地柜09-柜门_地柜09-柜门', '', ( #1312 ) ) ;
#1876 = VERTEX_POINT ( 'NONE', #704 ) ;
#1877 = ADVANCED_FACE ( 'NONE', ( #1245 ), #1588, .F. ) ;
#1878 = DIRECTION ( 'NONE',  ( 0.000000000000000000, -0.000000000000000000, 1.000000000000000000 ) ) ;
#1879 = AXIS2_PLACEMENT_3D ( 'NONE', #387, #173, #1241 ) ;
#1880 = VECTOR ( 'NONE', #676, 1000.000000000000000 ) ;
#1881 = EDGE_LOOP ( 'NONE', ( #247, #1727, #2247, #101 ) ) ;
#1882 = VECTOR ( 'NONE', #2036, 1000.000000000000000 ) ;
#1883 = CIRCLE ( 'NONE', #738, 26.99999999999999645 ) ;
#1884 = VERTEX_POINT ( 'NONE', #696 ) ;
#1885 = LINE ( 'NONE', #1304, #2313 ) ;
#1886 = PLANE ( 'NONE',  #777 ) ;
#1887 = APPROVAL_PERSON_ORGANIZATION ( #265, #1380, #917 ) ;
#1888 = CIRCLE ( 'NONE', #2254, 10.00000000000000888 ) ;
#1889 = EDGE_LOOP ( 'NONE', ( #2291, #324, #1104, #2842 ) ) ;
#1890 = EDGE_CURVE ( 'NONE', #2657, #2048, #2557, .T. ) ;
#1891 = CC_DESIGN_PERSON_AND_ORGANIZATION_ASSIGNMENT ( #1169, #1505, ( #2649 ) ) ;
#1892 = CARTESIAN_POINT ( 'NONE',  ( -155.0000000000001421, -380.0000000000000568, 42.99999999999995737 ) ) ;
#1893 = ORIENTED_EDGE ( 'NONE', *, *, #392, .F. ) ;
#1894 = DIRECTION ( 'NONE',  ( 0.000000000000000000, -1.000000000000000000, 0.000000000000000000 ) ) ;
#1895 = ORIENTED_EDGE ( 'NONE', *, *, #2169, .F. ) ;
#1896 = VECTOR ( 'NONE', #2103, 1000.000000000000000 ) ;
#1897 = DIRECTION ( 'NONE',  ( 1.000000000000000000, 0.000000000000000000, 5.551115123125780730E-16 ) ) ;
#1898 = ORIENTED_EDGE ( 'NONE', *, *, #452, .T. ) ;
#1899 = AXIS2_PLACEMENT_3D ( 'NONE', #1237, #1675, #1046 ) ;
#1900 = ORIENTED_EDGE ( 'NONE', *, *, #2834, .T. ) ;
#1901 = ORIENTED_EDGE ( 'NONE', *, *, #1396, .F. ) ;
#1902 = ORIENTED_EDGE ( 'NONE', *, *, #1322, .T. ) ;
#1903 = EDGE_LOOP ( 'NONE', ( #2356, #698, #2390, #2609 ) ) ;
#1904 = EDGE_CURVE ( 'NONE', #2859, #381, #1317, .T. ) ;
#1905 = ORIENTED_EDGE ( 'NONE', *, *, #2704, .F. ) ;
#1906 = ORIENTED_EDGE ( 'NONE', *, *, #238, .F. ) ;
#1907 = CARTESIAN_POINT ( 'NONE',  ( -155.0000000000001421, -435.0000000000000568, 485.0000000000000000 ) ) ;
#1908 = VERTEX_POINT ( 'NONE', #2295 ) ;
#1909 = DIRECTION ( 'NONE',  ( -1.201540069940645842E-16, 0.000000000000000000, -1.000000000000000000 ) ) ;
#1910 = LINE ( 'NONE', #224, #810 ) ;
#1911 = LINE ( 'NONE', #693, #746 ) ;
#1912 = ORIENTED_EDGE ( 'NONE', *, *, #2628, .T. ) ;
#1913 = CARTESIAN_POINT ( 'NONE',  ( -155.0000000000001421, -365.0000000000000568, 96.99999999999994316 ) ) ;
#1914 = AXIS2_PLACEMENT_3D ( 'NONE', #2642, #1763, #1515 ) ;
#1915 = LINE ( 'NONE', #1199, #1607 ) ;
#1916 = VECTOR ( 'NONE', #359, 1000.000000000000000 ) ;
#1917 = LINE ( 'NONE', #796, #477 ) ;
#1918 = CARTESIAN_POINT ( 'NONE',  ( 206.9999999999998863, -347.0000000000000568, 580.0000000000000000 ) ) ;
#1919 = DIRECTION ( 'NONE',  ( 1.000000000000000000, 0.000000000000000000, 0.000000000000000000 ) ) ;
#1920 = DIRECTION ( 'NONE',  ( 0.000000000000000000, -1.000000000000000000, 0.000000000000000000 ) ) ;
#1921 = EDGE_CURVE ( 'NONE', #201, #2148, #2118, .T. ) ;
#1922 = CARTESIAN_POINT ( 'NONE',  ( 224.9999999999998579, -67.00000000000005684, 580.0000000000000000 ) ) ;
#1923 = VERTEX_POINT ( 'NONE', #1189 ) ;
#1924 = EDGE_CURVE ( 'NONE', #6, #2434, #950, .T. ) ;
#1925 = CC_DESIGN_PERSON_AND_ORGANIZATION_ASSIGNMENT ( #640, #77, ( #1963 ) ) ;
#1926 = DIRECTION ( 'NONE',  ( -1.000000000000000000, -0.000000000000000000, -0.000000000000000000 ) ) ;
#1927 = LOCAL_TIME ( 9, 59, 6.000000000000000000, #971 ) ;
#1928 = AXIS2_PLACEMENT_3D ( 'NONE', #2874, #2880, #1520 ) ;
#1929 = DIRECTION ( 'NONE',  ( 0.000000000000000000, 0.000000000000000000, 1.000000000000000000 ) ) ;
#1930 = EDGE_LOOP ( 'NONE', ( #2375, #2650, #1550, #20 ) ) ;
#1931 = ORIENTED_EDGE ( 'NONE', *, *, #2628, .F. ) ;
#1932 = DIRECTION ( 'NONE',  ( 0.000000000000000000, -1.000000000000000000, 0.000000000000000000 ) ) ;
#1933 = CARTESIAN_POINT ( 'NONE',  ( -155.0000000000001421, -380.0000000000000568, 49.99999999999993605 ) ) ;
#1934 =( LENGTH_UNIT ( ) NAMED_UNIT ( * ) SI_UNIT ( .MILLI., .METRE. ) );
#1935 = ORIENTED_EDGE ( 'NONE', *, *, #1, .T. ) ;
#1936 = ORIENTED_EDGE ( 'NONE', *, *, #1250, .T. ) ;
#1937 = CARTESIAN_POINT ( 'NONE',  ( 206.9999999999998863, 0.000000000000000000, 18.00000000000000000 ) ) ;
#1938 = EDGE_LOOP ( 'NONE', ( #172, #2728, #2777, #2495 ) ) ;
#1939 = CARTESIAN_POINT ( 'NONE',  ( -225.0000000000001421, -365.0000000000000568, 0.000000000000000000 ) ) ;
#1940 = EDGE_CURVE ( 'NONE', #2116, #279, #1735, .T. ) ;
#1941 = APPROVAL ( #1577, '未指定' ) ;
#1942 = VECTOR ( 'NONE', #1760, 1000.000000000000000 ) ;
#1943 = ORIENTED_EDGE ( 'NONE', *, *, #860, .F. ) ;
#1944 = DIRECTION ( 'NONE',  ( 0.000000000000000000, 0.000000000000000000, -1.000000000000000000 ) ) ;
#1945 = FACE_OUTER_BOUND ( 'NONE', #2216, .T. ) ;
#1946 = EDGE_CURVE ( 'NONE', #2438, #2509, #782, .T. ) ;
#1947 = DIRECTION ( 'NONE',  ( 1.000000000000000000, 0.000000000000000000, -1.201540069940645842E-16 ) ) ;
#1948 = VECTOR ( 'NONE', #2747, 1000.000000000000000 ) ;
#1949 = ORIENTED_EDGE ( 'NONE', *, *, #357, .F. ) ;
#1950 = DATE_AND_TIME ( #2414, #2023 ) ;
#1951 = PERSON_AND_ORGANIZATION ( #807, #259 ) ;
#1952 = AXIS2_PLACEMENT_3D ( 'NONE', #84, #2778, #313 ) ;
#1953 = LINE ( 'NONE', #1574, #609 ) ;
#1954 = LOCAL_TIME ( 9, 59, 6.000000000000000000, #2568 ) ;
#1955 = DIRECTION ( 'NONE',  ( 0.000000000000000000, 0.000000000000000000, 1.000000000000000000 ) ) ;
#1956 = LINE ( 'NONE', #1706, #1536 ) ;
#1957 = CARTESIAN_POINT ( 'NONE',  ( -225.0000000000001421, 364.9999999999999432, 0.000000000000000000 ) ) ;
#1958 = EDGE_CURVE ( 'NONE', #2434, #2785, #2520, .T. ) ;
#1959 = CLOSED_SHELL ( 'NONE', ( #525, #274, #90, #2446, #1594, #2635, #222, #973, #290, #2869, #1834, #1447, #419, #895, #2052, #1097, #1363, #2751, #1570, #2262, #2892, #2241, #691, #1402, #1852, #751, #1519, #2735, #59, #264, #2719, #590, #665, #1866, #1417, #957, #740, #244, #2688, #2290, #1774, #708, #538, #1198, #2353, #1208, #1642, #1175, #1744, #985, #1799, #726, #2672, #498, #1293, #2310, #1995, #1336, #253, #2519, #2227, #2592, #2532, #1723, #1819, #2490, #632, #2037, #1584, #320, #1156, #1604, #349 ) ) ;
#1960 = DIRECTION ( 'NONE',  ( -1.000000000000000000, 0.000000000000000000, -3.469446951953614189E-16 ) ) ;
#1961 = FACE_OUTER_BOUND ( 'NONE', #868, .T. ) ;
#1962 = EDGE_CURVE ( 'NONE', #1908, #2580, #2726, .T. ) ;
#1963 = SECURITY_CLASSIFICATION ( '', '', #1179 ) ;
#1964 = CARTESIAN_POINT ( 'NONE',  ( 156.9999999999998579, -10.00000000000004619, 99.99999999999998579 ) ) ;
#1965 = ORIENTED_EDGE ( 'NONE', *, *, #119, .T. ) ;
#1966 = CARTESIAN_POINT ( 'NONE',  ( 155.0000000000001421, -380.0000000000000568, 510.0000000000000000 ) ) ;
#1967 = ORIENTED_EDGE ( 'NONE', *, *, #1418, .T. ) ;
#1968 = AXIS2_PLACEMENT_3D ( 'NONE', #135, #2383, #175 ) ;
#1969 = DIRECTION ( 'NONE',  ( 1.000000000000000000, 0.000000000000000000, 0.000000000000000000 ) ) ;
#1970 = ORIENTED_EDGE ( 'NONE', *, *, #2188, .T. ) ;
#1971 = ORIENTED_EDGE ( 'NONE', *, *, #1531, .T. ) ;
#1972 = ORIENTED_EDGE ( 'NONE', *, *, #1123, .T. ) ;
#1973 = CARTESIAN_POINT ( 'NONE',  ( -155.0000000000001421, -380.0000000000000568, 42.99999999999995026 ) ) ;
#1974 = ORIENTED_EDGE ( 'NONE', *, *, #1474, .F. ) ;
#1975 = EDGE_CURVE ( 'NONE', #565, #798, #876, .T. ) ;
#1976 = DIRECTION ( 'NONE',  ( 0.000000000000000000, -0.000000000000000000, -1.000000000000000000 ) ) ;
#1977 = DIRECTION ( 'NONE',  ( -0.000000000000000000, -1.000000000000000000, -0.000000000000000000 ) ) ;
#1978 = EDGE_LOOP ( 'NONE', ( #1388, #2707 ) ) ;
#1979 = CARTESIAN_POINT ( 'NONE',  ( 206.9999999999998863, 7.999999999999952038, 580.0000000000000000 ) ) ;
#1980 = EDGE_CURVE ( 'NONE', #1017, #1171, #2796, .T. ) ;
#1981 = FACE_OUTER_BOUND ( 'NONE', #2238, .T. ) ;
#1982 = VECTOR ( 'NONE', #2119, 1000.000000000000000 ) ;
#1983 = CC_DESIGN_PERSON_AND_ORGANIZATION_ASSIGNMENT ( #117, #1761, ( #1592 ) ) ;
#1984 = DIRECTION ( 'NONE',  ( 0.000000000000000000, -1.000000000000000000, 0.000000000000000000 ) ) ;
#1985 = LINE ( 'NONE', #75, #363 ) ;
#1986 = CARTESIAN_POINT ( 'NONE',  ( -225.0000000000000568, -165.0000000000000000, 20.00000000000000000 ) ) ;
#1987 = VECTOR ( 'NONE', #1271, 1000.000000000000000 ) ;
#1988 = APPLICATION_CONTEXT ( 'configuration controlled 3d designs of mechanical parts and assemblies' ) ;
#1989 = AXIS2_PLACEMENT_3D ( 'NONE', #849, #2629, #2603 ) ;
#1990 = CARTESIAN_POINT ( 'NONE',  ( 224.9999999999998579, -10.00000000000006395, 580.0000000000000000 ) ) ;
#1991 = VERTEX_POINT ( 'NONE', #2739 ) ;
#1992 = DIRECTION ( 'NONE',  ( -0.000000000000000000, 1.000000000000000000, -0.000000000000000000 ) ) ;
#1993 = PERSON_AND_ORGANIZATION ( #1665, #227 ) ;
#1994 = LINE ( 'NONE', #663, #756 ) ;
#1995 = ADVANCED_FACE ( 'NONE', ( #298 ), #2749, .T. ) ;
#1996 = DIRECTION ( 'NONE',  ( -0.000000000000000000, -0.000000000000000000, -1.000000000000000000 ) ) ;
#1997 = APPROVAL_ROLE ( '' ) ;
#1998 = VECTOR ( 'NONE', #977, 1000.000000000000000 ) ;
#1999 = DIRECTION ( 'NONE',  ( 0.000000000000000000, -0.000000000000000000, -1.000000000000000000 ) ) ;
#2000 = DIRECTION ( 'NONE',  ( 0.000000000000000000, 0.000000000000000000, 1.000000000000000000 ) ) ;
#2001 = EDGE_CURVE ( 'NONE', #2256, #819, #2019, .T. ) ;
#2002 = CC_DESIGN_DATE_AND_TIME_ASSIGNMENT ( #57, #2218, ( #1437 ) ) ;
#2003 = EDGE_LOOP ( 'NONE', ( #530, #1062, #735, #2720 ) ) ;
#2004 = DIRECTION ( 'NONE',  ( 0.000000000000000000, -0.000000000000000000, 1.000000000000000000 ) ) ;
#2005 = SECURITY_CLASSIFICATION_LEVEL ( 'unclassified' ) ;
#2006 = VERTEX_POINT ( 'NONE', #1619 ) ;
#2007 = DIRECTION ( 'NONE',  ( -0.000000000000000000, 1.000000000000000000, -0.000000000000000000 ) ) ;
#2008 = AXIS2_PLACEMENT_3D ( 'NONE', #1383, #2300, #332 ) ;
#2009 = EDGE_LOOP ( 'NONE', ( #1037, #205 ) ) ;
#2010 = ORIENTED_EDGE ( 'NONE', *, *, #1191, .F. ) ;
#2011 = VERTEX_POINT ( 'NONE', #589 ) ;
#2012 = CARTESIAN_POINT ( 'NONE',  ( -225.0000000000001421, 365.0000000000000568, 600.0000000000000000 ) ) ;
#2013 = CARTESIAN_POINT ( 'NONE',  ( -155.0000000000001421, -420.0000000000000568, 490.0000000000000000 ) ) ;
#2014 = VERTEX_POINT ( 'NONE', #1610 ) ;
#2015 = DATE_TIME_ROLE ( 'classification_date' ) ;
#2016 = CARTESIAN_POINT ( 'NONE',  ( 155.0000000000001421, -420.0000000000000568, 89.99999999999997158 ) ) ;
#2017 = ORIENTED_EDGE ( 'NONE', *, *, #304, .F. ) ;
#2018 = DIRECTION ( 'NONE',  ( 0.000000000000000000, 0.000000000000000000, 1.000000000000000000 ) ) ;
#2019 = LINE ( 'NONE', #2359, #2449 ) ;
#2020 = CIRCLE ( 'NONE', #1029, 25.00000000000000000 ) ;
#2021 = EDGE_CURVE ( 'NONE', #102, #593, #141, .T. ) ;
#2022 = CARTESIAN_POINT ( 'NONE',  ( 206.9999999999998863, 346.9999999999999432, 0.000000000000000000 ) ) ;
#2023 = LOCAL_TIME ( 9, 59, 6.000000000000000000, #2196 ) ;
#2024 = DIRECTION ( 'NONE',  ( 0.000000000000000000, 1.000000000000000000, 0.000000000000000000 ) ) ;
#2025 = LINE ( 'NONE', #723, #220 ) ;
#2026 = AXIS2_PLACEMENT_3D ( 'NONE', #1798, #460, #492 ) ;
#2027 = DIRECTION ( 'NONE',  ( 0.000000000000000000, 0.000000000000000000, 1.000000000000000000 ) ) ;
#2028 = LINE ( 'NONE', #2691, #1711 ) ;
#2029 = CARTESIAN_POINT ( 'NONE',  ( 224.9999999999998579, -57.00000000000005684, 562.0000000000000000 ) ) ;
#2030 = LINE ( 'NONE', #421, #650 ) ;
#2031 = DIRECTION ( 'NONE',  ( -1.000000000000000000, 0.000000000000000000, 0.000000000000000000 ) ) ;
#2032 = CARTESIAN_POINT ( 'NONE',  ( 224.9999999999998579, 346.9999999999999432, 533.9999999999998863 ) ) ;
#2033 = VERTEX_POINT ( 'NONE', #370 ) ;
#2034 = LINE ( 'NONE', #2601, #654 ) ;
#2035 = APPROVAL_STATUS ( 'not_yet_approved' ) ;
#2036 = DIRECTION ( 'NONE',  ( 0.000000000000000000, -1.000000000000000000, 0.000000000000000000 ) ) ;
#2037 = ADVANCED_FACE ( 'NONE', ( #1772 ), #2587, .F. ) ;
#2038 = EDGE_LOOP ( 'NONE', ( #914, #2550, #2396, #1895 ) ) ;
#2039 = EDGE_CURVE ( 'NONE', #2509, #2109, #2763, .T. ) ;
#2040 = CC_DESIGN_PERSON_AND_ORGANIZATION_ASSIGNMENT ( #2244, #926, ( #2151 ) ) ;
#2041 = CARTESIAN_POINT ( 'NONE',  ( 224.9999999999998579, -365.0000000000000568, 580.0000000000000000 ) ) ;
#2042 = ORIENTED_EDGE ( 'NONE', *, *, #2219, .T. ) ;
#2043 = ORIENTED_EDGE ( 'NONE', *, *, #835, .T. ) ;
#2044 = VERTEX_POINT ( 'NONE', #2394 ) ;
#2045 = CARTESIAN_POINT ( 'NONE',  ( -207.0000000000001421, 346.9999999999999432, 0.000000000000000000 ) ) ;
#2046 = AXIS2_PLACEMENT_3D ( 'NONE', #28, #39, #1596 ) ;
#2047 = ORIENTED_EDGE ( 'NONE', *, *, #1074, .T. ) ;
#2048 = VERTEX_POINT ( 'NONE', #1907 ) ;
#2049 = DIRECTION ( 'NONE',  ( -1.000000000000000000, 1.353930517835556973E-16, 0.000000000000000000 ) ) ;
#2050 = DIRECTION ( 'NONE',  ( 0.000000000000000000, -1.000000000000000000, 0.000000000000000000 ) ) ;
#2051 = VERTEX_POINT ( 'NONE', #758 ) ;
#2052 = ADVANCED_FACE ( 'NONE', ( #539 ), #2164, .T. ) ;
#2053 = VECTOR ( 'NONE', #1635, 1000.000000000000000 ) ;
#2054 = VECTOR ( 'NONE', #2347, 1000.000000000000000 ) ;
#2055 = VECTOR ( 'NONE', #2713, 1000.000000000000000 ) ;
#2056 = ORIENTED_EDGE ( 'NONE', *, *, #1815, .T. ) ;
#2057 = EDGE_CURVE ( 'NONE', #2580, #1311, #396, .T. ) ;
#2058 = FACE_OUTER_BOUND ( 'NONE', #2476, .T. ) ;
#2059 = CARTESIAN_POINT ( 'NONE',  ( 187.0000000000000853, -129.0000000000000000, -461.9999999999999432 ) ) ;
#2060 = VERTEX_POINT ( 'NONE', #599 ) ;
#2061 = PLANE ( 'NONE',  #2617 ) ;
#2062 = APPROVAL_PERSON_ORGANIZATION ( #2664, #857, #702 ) ;
#2063 = APPROVAL_ROLE ( '' ) ;
#2064 = VECTOR ( 'NONE', #871, 1000.000000000000000 ) ;
#2065 = AXIS2_PLACEMENT_3D ( 'NONE', #861, #207, #2429 ) ;
#2066 = ORIENTED_EDGE ( 'NONE', *, *, #2149, .F. ) ;
#2067 = CARTESIAN_POINT ( 'NONE',  ( -155.0000000000001421, -435.0000000000000568, 510.0000000000000000 ) ) ;
#2068 = DIRECTION ( 'NONE',  ( 1.353930517835556973E-16, 1.000000000000000000, 0.000000000000000000 ) ) ;
#2069 = LINE ( 'NONE', #784, #121 ) ;
#2070 = CARTESIAN_POINT ( 'NONE',  ( 224.9999999999998579, 297.9999999999999432, 551.9999999999998863 ) ) ;
#2071 = COORDINATED_UNIVERSAL_TIME_OFFSET ( 8, 0, .AHEAD. ) ;
#2072 = EDGE_LOOP ( 'NONE', ( #2474, #52, #2820, #60, #2811, #1766, #623, #1823 ) ) ;
#2073 = CARTESIAN_POINT ( 'NONE',  ( -187.0000000000000284, -129.0000000000000000, 0.000000000000000000 ) ) ;
#2074 = DIRECTION ( 'NONE',  ( -0.000000000000000000, 1.000000000000000000, -0.000000000000000000 ) ) ;
#2075 = EDGE_CURVE ( 'NONE', #286, #553, #1047, .T. ) ;
#2076 = EDGE_LOOP ( 'NONE', ( #2734, #1720 ) ) ;
#2077 = CARTESIAN_POINT ( 'NONE',  ( -155.0000000000001421, -435.0000000000000568, 69.99999999999995737 ) ) ;
#2078 = EDGE_CURVE ( 'NONE', #836, #874, #2895, .T. ) ;
#2079 = PRODUCT_RELATED_PRODUCT_CATEGORY ( 'detail', '', ( #2115 ) ) ;
#2080 = CARTESIAN_POINT ( 'NONE',  ( -225.0000000000001421, -10.00000000000006750, 551.9999999999998863 ) ) ;
#2081 = VERTEX_POINT ( 'NONE', #1933 ) ;
#2082 = EDGE_LOOP ( 'NONE', ( #2364, #2192 ) ) ;
#2083 = ADVANCED_FACE ( 'NONE', ( #1699 ), #2143, .F. ) ;
#2084 = CARTESIAN_POINT ( 'NONE',  ( -225.0000000000001421, 345.0000000000000568, 600.0000000000000000 ) ) ;
#2085 = AXIS2_PLACEMENT_3D ( 'NONE', #231, #1513, #1737 ) ;
#2086 = CYLINDRICAL_SURFACE ( 'NONE', #2889, 27.00000000000002487 ) ;
#2087 = CARTESIAN_POINT ( 'NONE',  ( -155.0000000000001421, -435.0000000000000568, 44.99999999999995026 ) ) ;
#2088 = VECTOR ( 'NONE', #806, 1000.000000000000000 ) ;
#2089 = LINE ( 'NONE', #1407, #1739 ) ;
#2090 = VECTOR ( 'NONE', #728, 1000.000000000000000 ) ;
#2091 = DIRECTION ( 'NONE',  ( 0.000000000000000000, -1.000000000000000000, 0.000000000000000000 ) ) ;
#2092 = CARTESIAN_POINT ( 'NONE',  ( -225.0000000000001421, -57.00000000000005684, 562.0000000000000000 ) ) ;
#2093 = EDGE_CURVE ( 'NONE', #1367, #1991, #987, .T. ) ;
#2094 = CC_DESIGN_APPROVAL ( #1941, ( #1437 ) ) ;
#2095 = DIRECTION ( 'NONE',  ( -0.000000000000000000, 0.000000000000000000, -1.000000000000000000 ) ) ;
#2096 = CYLINDRICAL_SURFACE ( 'NONE', #245, 26.99999999999999645 ) ;
#2097 = APPROVAL_DATE_TIME ( #2234, #1057 ) ;
#2098 = DIRECTION ( 'NONE',  ( -0.000000000000000000, 1.000000000000000000, -0.000000000000000000 ) ) ;
#2099 = VECTOR ( 'NONE', #1488, 1000.000000000000000 ) ;
#2100 = ORIENTED_EDGE ( 'NONE', *, *, #2565, .T. ) ;
#2101 = EDGE_CURVE ( 'NONE', #296, #2355, #1115, .T. ) ;
#2102 = CYLINDRICAL_SURFACE ( 'NONE', #2708, 10.00000000000000888 ) ;
#2103 = DIRECTION ( 'NONE',  ( 1.000000000000000000, -0.000000000000000000, 0.000000000000000000 ) ) ;
#2104 = FACE_OUTER_BOUND ( 'NONE', #68, .T. ) ;
#2105 = COORDINATED_UNIVERSAL_TIME_OFFSET ( 8, 0, .AHEAD. ) ;
#2106 = CARTESIAN_POINT ( 'NONE',  ( 206.9999999999998863, 346.9999999999999432, 2.000000000000000000 ) ) ;
#2107 = ORIENTED_EDGE ( 'NONE', *, *, #2129, .T. ) ;
#2108 = CARTESIAN_POINT ( 'NONE',  ( -207.0000000000001421, -347.0000000000000568, 18.00000000000000000 ) ) ;
#2109 = VERTEX_POINT ( 'NONE', #616 ) ;
#2110 = EDGE_CURVE ( 'NONE', #2746, #1365, #2198, .T. ) ;
#2111 = VERTEX_POINT ( 'NONE', #2155 ) ;
#2112 = DIRECTION ( 'NONE',  ( 0.000000000000000000, 1.000000000000000000, 0.000000000000000000 ) ) ;
#2113 = ORIENTED_EDGE ( 'NONE', *, *, #2885, .F. ) ;
#2114 = CARTESIAN_POINT ( 'NONE',  ( 205.0000000000000284, 32.99999999999997868, -480.0000000000000000 ) ) ;
#2115 = PRODUCT ( '地柜09-柜体_地柜09-柜体', '地柜09-柜体_地柜09-柜体', '', ( #456 ) ) ;
#2116 = VERTEX_POINT ( 'NONE', #2611 ) ;
#2117 = ORIENTED_EDGE ( 'NONE', *, *, #2021, .F. ) ;
#2118 = CIRCLE ( 'NONE', #863, 27.00000000000002487 ) ;
#2119 = DIRECTION ( 'NONE',  ( 0.000000000000000000, -1.000000000000000000, 0.000000000000000000 ) ) ;
#2120 = CIRCLE ( 'NONE', #680, 25.00000000000002132 ) ;
#2121 = ORIENTED_EDGE ( 'NONE', *, *, #2541, .T. ) ;
#2122 = DIRECTION ( 'NONE',  ( 0.000000000000000000, -1.000000000000000000, 0.000000000000000000 ) ) ;
#2123 = LOCAL_TIME ( 9, 59, 6.000000000000000000, #2563 ) ;
#2124 = VECTOR ( 'NONE', #2857, 1000.000000000000000 ) ;
#2125 = VECTOR ( 'NONE', #1629, 1000.000000000000000 ) ;
#2126 = EDGE_CURVE ( 'NONE', #1831, #449, #2826, .T. ) ;
#2127 = LINE ( 'NONE', #2022, #2386 ) ;
#2128 = CIRCLE ( 'NONE', #494, 26.99999999999999645 ) ;
#2129 = EDGE_CURVE ( 'NONE', #724, #2060, #674, .T. ) ;
#2130 = DATE_AND_TIME ( #1466, #1709 ) ;
#2131 = AXIS2_PLACEMENT_3D ( 'NONE', #1710, #164, #1944 ) ;
#2132 = CARTESIAN_POINT ( 'NONE',  ( -155.0000000000001421, -435.0000000000000568, 69.99999999999995737 ) ) ;
#2133 = CARTESIAN_POINT ( 'NONE',  ( -207.0000000000000568, -10.00000000000004619, 580.0000000000000000 ) ) ;
#2134 = LINE ( 'NONE', #1502, #2425 ) ;
#2135 = ORIENTED_EDGE ( 'NONE', *, *, #2870, .T. ) ;
#2136 = DIRECTION ( 'NONE',  ( 0.000000000000000000, 0.000000000000000000, -1.000000000000000000 ) ) ;
#2137 = FACE_OUTER_BOUND ( 'NONE', #236, .T. ) ;
#2138 = AXIS2_PLACEMENT_3D ( 'NONE', #651, #1977, #1754 ) ;
#2139 = ORIENTED_EDGE ( 'NONE', *, *, #2327, .T. ) ;
#2140 = DATE_AND_TIME ( #2745, #2466 ) ;
#2141 = ORIENTED_EDGE ( 'NONE', *, *, #1396, .T. ) ;
#2142 = DIRECTION ( 'NONE',  ( 0.000000000000000000, 0.000000000000000000, -1.000000000000000000 ) ) ;
#2143 = PLANE ( 'NONE',  #1544 ) ;
#2144 = DIRECTION ( 'NONE',  ( 0.000000000000000000, 1.000000000000000000, 0.000000000000000000 ) ) ;
#2145 = DIRECTION ( 'NONE',  ( -3.469446951953614189E-16, -0.000000000000000000, 1.000000000000000000 ) ) ;
#2146 = VERTEX_POINT ( 'NONE', #2108 ) ;
#2147 = CARTESIAN_POINT ( 'NONE',  ( -155.0000000000001421, -380.0000000000000568, 69.99999999999995737 ) ) ;
#2148 = VERTEX_POINT ( 'NONE', #1869 ) ;
#2149 = EDGE_CURVE ( 'NONE', #799, #1372, #2717, .T. ) ;
#2150 = ORIENTED_EDGE ( 'NONE', *, *, #2110, .F. ) ;
#2151 = PRODUCT_DEFINITION ( '未知', '', #2700, #2456 ) ;
#2152 = ORIENTED_EDGE ( 'NONE', *, *, #1112, .F. ) ;
#2153 = CARTESIAN_POINT ( 'NONE',  ( -207.0000000000001421, 346.9999999999999432, 2.000000000000000000 ) ) ;
#2154 = VECTOR ( 'NONE', #1243, 1000.000000000000000 ) ;
#2155 = CARTESIAN_POINT ( 'NONE',  ( -155.0000000000001421, -420.0000000000000568, 89.99999999999997158 ) ) ;
#2156 = EDGE_CURVE ( 'NONE', #976, #2372, #289, .T. ) ;
#2157 = DIRECTION ( 'NONE',  ( 0.000000000000000000, 0.000000000000000000, -1.000000000000000000 ) ) ;
#2158 = CIRCLE ( 'NONE', #1045, 25.00000000000002132 ) ;
#2159 = CARTESIAN_POINT ( 'NONE',  ( 155.0000000000001421, -420.0000000000000568, 510.0000000000000000 ) ) ;
#2160 = AXIS2_PLACEMENT_3D ( 'NONE', #2092, #1404, #2315 ) ;
#2161 = VECTOR ( 'NONE', #110, 1000.000000000000000 ) ;
#2162 = FACE_OUTER_BOUND ( 'NONE', #451, .T. ) ;
#2163 = LINE ( 'NONE', #1167, #2311 ) ;
#2164 = PLANE ( 'NONE',  #1349 ) ;
#2165 = CARTESIAN_POINT ( 'NONE',  ( -157.0000000000000284, 7.999999999999952038, 580.0000000000000000 ) ) ;
#2166 = LINE ( 'NONE', #225, #1571 ) ;
#2167 = DATE_AND_TIME ( #2316, #754 ) ;
#2168 = FACE_OUTER_BOUND ( 'NONE', #442, .T. ) ;
#2169 = EDGE_CURVE ( 'NONE', #724, #2371, #2248, .T. ) ;
#2170 = DIRECTION ( 'NONE',  ( -0.000000000000000000, 1.000000000000000000, -0.000000000000000000 ) ) ;
#2171 = DIRECTION ( 'NONE',  ( 1.000000000000000000, 0.000000000000000000, 0.000000000000000000 ) ) ;
#2172 = VECTOR ( 'NONE', #2552, 1000.000000000000000 ) ;
#2173 = DIRECTION ( 'NONE',  ( 0.000000000000000000, 0.000000000000000000, 1.000000000000000000 ) ) ;
#2174 = PERSON_AND_ORGANIZATION ( #1665, #227 ) ;
#2175 = CARTESIAN_POINT ( 'NONE',  ( 155.0000000000001421, -420.0000000000000568, 510.0000000000000000 ) ) ;
#2176 = AXIS2_PLACEMENT_3D ( 'NONE', #1839, #2050, #2721 ) ;
#2177 = CARTESIAN_POINT ( 'NONE',  ( 224.9999999999998579, 345.0000000000000568, 551.9999999999998863 ) ) ;
#2178 = VECTOR ( 'NONE', #2567, 1000.000000000000000 ) ;
#2179 = ORIENTED_EDGE ( 'NONE', *, *, #1713, .T. ) ;
#2180 =( NAMED_UNIT ( * ) PLANE_ANGLE_UNIT ( ) SI_UNIT ( $, .RADIAN. ) );
#2181 = ORIENTED_EDGE ( 'NONE', *, *, #1904, .F. ) ;
#2182 = ORIENTED_EDGE ( 'NONE', *, *, #730, .F. ) ;
#2183 = CARTESIAN_POINT ( 'NONE',  ( 155.0000000000001421, -365.0000000000000568, 537.0000000000000000 ) ) ;
#2184 = DIRECTION ( 'NONE',  ( 0.000000000000000000, 0.000000000000000000, -1.000000000000000000 ) ) ;
#2185 = ORIENTED_EDGE ( 'NONE', *, *, #1734, .F. ) ;
#2186 = ORIENTED_EDGE ( 'NONE', *, *, #2814, .T. ) ;
#2187 = DIRECTION ( 'NONE',  ( 0.000000000000000000, 0.000000000000000000, -1.000000000000000000 ) ) ;
#2188 = EDGE_CURVE ( 'NONE', #565, #2794, #1624, .T. ) ;
#2189 = VERTEX_POINT ( 'NONE', #2534 ) ;
#2190 = PRODUCT_DEFINITION_FORMATION_WITH_SPECIFIED_SOURCE ( '任何', '', #311, .NOT_KNOWN. ) ;
#2191 = EDGE_LOOP ( 'NONE', ( #2531, #284 ) ) ;
#2192 = ORIENTED_EDGE ( 'NONE', *, *, #1677, .T. ) ;
#2193 = VECTOR ( 'NONE', #2653, 1000.000000000000000 ) ;
#2194 = DIRECTION ( 'NONE',  ( -0.000000000000000000, 0.000000000000000000, 1.000000000000000000 ) ) ;
#2195 = CYLINDRICAL_SURFACE ( 'NONE', #824, 20.00000000000001776 ) ;
#2196 = COORDINATED_UNIVERSAL_TIME_OFFSET ( 8, 0, .AHEAD. ) ;
#2197 = DIRECTION ( 'NONE',  ( -0.000000000000000000, 1.000000000000000000, -0.000000000000000000 ) ) ;
#2198 = LINE ( 'NONE', #1692, #1024 ) ;
#2199 = CARTESIAN_POINT ( 'NONE',  ( -155.0000000000001421, -365.0000000000000568, 510.0000000000000000 ) ) ;
#2200 = FACE_BOUND ( 'NONE', #1332, .T. ) ;
#2201 = ADVANCED_FACE ( 'NONE', ( #1182 ), #555, .F. ) ;
#2202 = DIRECTION ( 'NONE',  ( -1.000000000000000000, 0.000000000000000000, -0.000000000000000000 ) ) ;
#2203 = ORIENTED_EDGE ( 'NONE', *, *, #1873, .F. ) ;
#2204 = DIRECTION ( 'NONE',  ( -0.000000000000000000, 1.000000000000000000, 0.000000000000000000 ) ) ;
#2205 = PLANE ( 'NONE',  #556 ) ;
#2206 = ORIENTED_EDGE ( 'NONE', *, *, #2595, .T. ) ;
#2207 = EDGE_CURVE ( 'NONE', #1876, #2448, #2209, .T. ) ;
#2208 = CARTESIAN_POINT ( 'NONE',  ( 187.0000000000000853, -129.0000000000000000, -461.9999999999999432 ) ) ;
#2209 = LINE ( 'NONE', #2332, #1896 ) ;
#2210 = APPROVAL_STATUS ( 'not_yet_approved' ) ;
#2211 = CALENDAR_DATE ( 2026, 9, 6 ) ;
#2212 = DIRECTION ( 'NONE',  ( 0.000000000000000000, -1.239088197126289831E-16, -1.000000000000000000 ) ) ;
#2213 = PLANE ( 'NONE',  #1740 ) ;
#2214 = VERTEX_POINT ( 'NONE', #350 ) ;
#2215 = DIRECTION ( 'NONE',  ( -0.000000000000000000, -0.000000000000000000, -1.000000000000000000 ) ) ;
#2216 = EDGE_LOOP ( 'NONE', ( #1840, #1212, #1949, #1631 ) ) ;
#2217 = VERTEX_POINT ( 'NONE', #1202 ) ;
#2218 = DATE_TIME_ROLE ( 'classification_date' ) ;
#2219 = EDGE_CURVE ( 'NONE', #2657, #1923, #2357, .T. ) ;
#2220 = CARTESIAN_POINT ( 'NONE',  ( 155.0000000000001421, -435.0000000000000568, 44.99999999999995026 ) ) ;
#2221 = DIRECTION ( 'NONE',  ( -0.000000000000000000, 1.000000000000000000, -0.000000000000000000 ) ) ;
#2222 = EDGE_CURVE ( 'NONE', #2189, #799, #585, .T. ) ;
#2223 = VECTOR ( 'NONE', #2817, 1000.000000000000000 ) ;
#2224 = LINE ( 'NONE', #1750, #1639 ) ;
#2225 = EDGE_LOOP ( 'NONE', ( #1768, #326, #1797, #1267 ) ) ;
#2226 = ORIENTED_EDGE ( 'NONE', *, *, #618, .F. ) ;
#2227 = ADVANCED_FACE ( 'NONE', ( #2137 ), #2574, .F. ) ;
#2228 = DIRECTION ( 'NONE',  ( 0.000000000000000000, -0.000000000000000000, -1.000000000000000000 ) ) ;
#2229 = FACE_OUTER_BOUND ( 'NONE', #966, .T. ) ;
#2230 = FACE_OUTER_BOUND ( 'NONE', #462, .T. ) ;
#2231 = AXIS2_PLACEMENT_3D ( 'NONE', #804, #581, #2560 ) ;
#2232 = PLANE ( 'NONE',  #1239 ) ;
#2233 = CARTESIAN_POINT ( 'NONE',  ( -155.0000000000001421, -435.0000000000000568, 535.0000000000000000 ) ) ;
#2234 = DATE_AND_TIME ( #2529, #1674 ) ;
#2235 = DIRECTION ( 'NONE',  ( -1.000000000000000000, 1.353930517835556973E-16, 0.000000000000000000 ) ) ;
#2236 = CARTESIAN_POINT ( 'NONE',  ( -187.0000000000000853, 33.00000000000000711, -461.9999999999999432 ) ) ;
#2237 = VECTOR ( 'NONE', #712, 1000.000000000000000 ) ;
#2238 = EDGE_LOOP ( 'NONE', ( #1901, #1215, #733, #1106 ) ) ;
#2239 = APPROVAL_STATUS ( 'not_yet_approved' ) ;
#2240 = DIRECTION ( 'NONE',  ( 0.000000000000000000, -0.000000000000000000, -1.000000000000000000 ) ) ;
#2241 = ADVANCED_FACE ( 'NONE', ( #1543, #1301, #229, #196, #1961 ), #2756, .F. ) ;
#2242 = EDGE_CURVE ( 'NONE', #449, #2011, #2069, .T. ) ;
#2243 = CC_DESIGN_SECURITY_CLASSIFICATION ( #1437, ( #516 ) ) ;
#2244 = PERSON_AND_ORGANIZATION ( #1665, #227 ) ;
#2245 = CARTESIAN_POINT ( 'NONE',  ( -207.0000000000001421, -347.0000000000000568, 0.000000000000000000 ) ) ;
#2246 = DIRECTION ( 'NONE',  ( 0.000000000000000000, 0.000000000000000000, -1.000000000000000000 ) ) ;
#2247 = ORIENTED_EDGE ( 'NONE', *, *, #218, .F. ) ;
#2248 = LINE ( 'NONE', #534, #2178 ) ;
#2249 = CARTESIAN_POINT ( 'NONE',  ( -155.0000000000001421, -420.0000000000000568, 530.0000000000000000 ) ) ;
#2250 = EDGE_CURVE ( 'NONE', #292, #1455, #1470, .T. ) ;
#2251 = APPROVAL_ROLE ( '' ) ;
#2252 = ORIENTED_EDGE ( 'NONE', *, *, #689, .F. ) ;
#2253 = DIRECTION ( 'NONE',  ( 1.201540069940645842E-16, 0.000000000000000000, 1.000000000000000000 ) ) ;
#2254 = AXIS2_PLACEMENT_3D ( 'NONE', #2029, #673, #263 ) ;
#2255 = VERTEX_POINT ( 'NONE', #765 ) ;
#2256 = VERTEX_POINT ( 'NONE', #1012 ) ;
#2257 = DIRECTION ( 'NONE',  ( 0.000000000000000000, 0.000000000000000000, 1.000000000000000000 ) ) ;
#2258 = ORIENTED_EDGE ( 'NONE', *, *, #835, .F. ) ;
#2259 = CARTESIAN_POINT ( 'NONE',  ( -207.0000000000001421, 346.9999999999999432, 18.00000000000000000 ) ) ;
#2260 = DIRECTION ( 'NONE',  ( 0.000000000000000000, -1.000000000000000000, -0.000000000000000000 ) ) ;
#2261 = ORIENTED_EDGE ( 'NONE', *, *, #1172, .T. ) ;
#2262 = ADVANCED_FACE ( 'NONE', ( #761 ), #1886, .F. ) ;
#2263 = DIRECTION ( 'NONE',  ( -0.000000000000000000, 1.000000000000000000, -0.000000000000000000 ) ) ;
#2264 = ORIENTED_EDGE ( 'NONE', *, *, #1207, .F. ) ;
#2265 = LINE ( 'NONE', #55, #1054 ) ;
#2266 = EDGE_CURVE ( 'NONE', #1614, #504, #1753, .T. ) ;
#2267 = ORIENTED_EDGE ( 'NONE', *, *, #909, .F. ) ;
#2268 = DIRECTION ( 'NONE',  ( 0.000000000000000000, 0.000000000000000000, 1.000000000000000000 ) ) ;
#2269 = FACE_OUTER_BOUND ( 'NONE', #1111, .T. ) ;
#2270 = LINE ( 'NONE', #1213, #510 ) ;
#2271 = FACE_OUTER_BOUND ( 'NONE', #1300, .T. ) ;
#2272 = DIRECTION ( 'NONE',  ( -1.000000000000000000, 0.000000000000000000, -0.000000000000000000 ) ) ;
#2273 = PLANE ( 'NONE',  #358 ) ;
#2274 = CIRCLE ( 'NONE', #1822, 20.00000000000001776 ) ;
#2275 = DIRECTION ( 'NONE',  ( 0.000000000000000000, 1.000000000000000000, 0.000000000000000000 ) ) ;
#2276 = FACE_OUTER_BOUND ( 'NONE', #2038, .T. ) ;
#2277 = AXIS2_PLACEMENT_3D ( 'NONE', #1081, #2204, #1285 ) ;
#2278 = DIRECTION ( 'NONE',  ( -0.000000000000000000, -1.000000000000000000, -0.000000000000000000 ) ) ;
#2279 = ORIENTED_EDGE ( 'NONE', *, *, #1924, .F. ) ;
#2280 = EDGE_LOOP ( 'NONE', ( #1905, #2319, #1843, #335 ) ) ;
#2281 = VECTOR ( 'NONE', #2872, 1000.000000000000000 ) ;
#2282 = CARTESIAN_POINT ( 'NONE',  ( -155.0000000000001421, -420.0000000000000568, 510.0000000000000000 ) ) ;
#2283 = APPROVAL_STATUS ( 'not_yet_approved' ) ;
#2284 = CALENDAR_DATE ( 2026, 9, 6 ) ;
#2285 = CARTESIAN_POINT ( 'NONE',  ( -207.0000000000001421, -347.0000000000000568, 2.000000000000000000 ) ) ;
#2286 = EDGE_CURVE ( 'NONE', #2371, #464, #411, .T. ) ;
#2287 = CC_DESIGN_SECURITY_CLASSIFICATION ( #496, ( #2700 ) ) ;
#2288 = CARTESIAN_POINT ( 'NONE',  ( -155.0000000000001421, -420.0000000000000568, 89.99999999999997158 ) ) ;
#2289 = ORIENTED_EDGE ( 'NONE', *, *, #331, .F. ) ;
#2290 = ADVANCED_FACE ( 'NONE', ( #968, #892 ), #1479, .F. ) ;
#2291 = ORIENTED_EDGE ( 'NONE', *, *, #528, .F. ) ;
#2292 = DIRECTION ( 'NONE',  ( 0.000000000000000000, -1.000000000000000000, 0.000000000000000000 ) ) ;
#2293 = AXIS2_PLACEMENT_3D ( 'NONE', #2402, #1260, #1475 ) ;
#2294 = ORIENTED_EDGE ( 'NONE', *, *, #1958, .F. ) ;
#2295 = CARTESIAN_POINT ( 'NONE',  ( -225.0000000000001421, 345.0000000000000568, 551.9999999999998863 ) ) ;
#2296 = AXIS2_PLACEMENT_3D ( 'NONE', #686, #1789, #908 ) ;
#2297 = VERTEX_POINT ( 'NONE', #1913 ) ;
#2298 = CARTESIAN_POINT ( 'NONE',  ( 204.9999999999999716, -147.0000000000000284, -480.0000000000000000 ) ) ;
#2299 = VERTEX_POINT ( 'NONE', #586 ) ;
#2300 = DIRECTION ( 'NONE',  ( -1.000000000000000000, 0.000000000000000000, 0.000000000000000000 ) ) ;
#2301 = VECTOR ( 'NONE', #2379, 1000.000000000000000 ) ;
#2302 = FACE_OUTER_BOUND ( 'NONE', #875, .T. ) ;
#2303 = LINE ( 'NONE', #998, #256 ) ;
#2304 = ORIENTED_EDGE ( 'NONE', *, *, #2834, .F. ) ;
#2305 = EDGE_CURVE ( 'NONE', #2355, #2189, #2741, .T. ) ;
#2306 = DIRECTION ( 'NONE',  ( 0.000000000000000000, 1.000000000000000000, 0.000000000000000000 ) ) ;
#2307 = FACE_OUTER_BOUND ( 'NONE', #844, .T. ) ;
#2308 = CC_DESIGN_APPROVAL ( #2400, ( #2151 ) ) ;
#2309 = CARTESIAN_POINT ( 'NONE',  ( 155.0000000000001421, -420.0000000000000568, 49.99999999999993605 ) ) ;
#2310 = ADVANCED_FACE ( 'NONE', ( #2667 ), #1616, .T. ) ;
#2311 = VECTOR ( 'NONE', #1582, 1000.000000000000000 ) ;
#2312 = EDGE_CURVE ( 'NONE', #1801, #1874, #2602, .T. ) ;
#2313 = VECTOR ( 'NONE', #1719, 1000.000000000000000 ) ;
#2314 = CARTESIAN_POINT ( 'NONE',  ( 224.9999999999998579, -365.0000000000000568, 0.000000000000000000 ) ) ;
#2315 = DIRECTION ( 'NONE',  ( 0.000000000000000000, 0.000000000000000000, -1.000000000000000000 ) ) ;
#2316 = CALENDAR_DATE ( 2026, 9, 6 ) ;
#2317 = VECTOR ( 'NONE', #1129, 1000.000000000000000 ) ;
#2318 = AXIS2_PLACEMENT_3D ( 'NONE', #518, #2524, #753 ) ;
#2319 = ORIENTED_EDGE ( 'NONE', *, *, #1266, .F. ) ;
#2320 = CARTESIAN_POINT ( 'NONE',  ( -187.0000000000000853, -129.0000000000000000, -461.9999999999999432 ) ) ;
#2321 = CIRCLE ( 'NONE', #809, 27.00000000000002487 ) ;
#2322 = CARTESIAN_POINT ( 'NONE',  ( -155.0000000000001421, -420.0000000000000568, 69.99999999999995737 ) ) ;
#2323 = LOCAL_TIME ( 9, 59, 6.000000000000000000, #2071 ) ;
#2324 = ADVANCED_FACE ( 'NONE', ( #377, #1400 ), #147, .T. ) ;
#2325 = CARTESIAN_POINT ( 'NONE',  ( -207.0000000000001421, 346.9999999999999432, 0.000000000000000000 ) ) ;
#2326 = DIRECTION ( 'NONE',  ( 0.000000000000000000, 0.000000000000000000, -1.000000000000000000 ) ) ;
#2327 = EDGE_CURVE ( 'NONE', #239, #2823, #2533, .T. ) ;
#2328 = ORIENTED_EDGE ( 'NONE', *, *, #655, .F. ) ;
#2329 = CC_DESIGN_SECURITY_CLASSIFICATION ( #1963, ( #2901 ) ) ;
#2330 = ORIENTED_EDGE ( 'NONE', *, *, #730, .T. ) ;
#2331 = ORIENTED_EDGE ( 'NONE', *, *, #1572, .T. ) ;
#2332 = CARTESIAN_POINT ( 'NONE',  ( 224.9999999999998579, -10.00000000000004619, 533.9999999999998863 ) ) ;
#2333 = AXIS2_PLACEMENT_3D ( 'NONE', #390, #1920, #2597 ) ;
#2334 = ORIENTED_EDGE ( 'NONE', *, *, #594, .F. ) ;
#2335 = ORIENTED_EDGE ( 'NONE', *, *, #1609, .T. ) ;
#2336 = DIRECTION ( 'NONE',  ( 0.000000000000000000, -1.000000000000000000, 0.000000000000000000 ) ) ;
#2337 = VECTOR ( 'NONE', #202, 1000.000000000000000 ) ;
#2338 = ORIENTED_EDGE ( 'NONE', *, *, #1811, .T. ) ;
#2339 = DIRECTION ( 'NONE',  ( 0.000000000000000000, 0.000000000000000000, -1.000000000000000000 ) ) ;
#2340 = CIRCLE ( 'NONE', #148, 26.99999999999999645 ) ;
#2341 = CYLINDRICAL_SURFACE ( 'NONE', #2318, 20.00000000000001776 ) ;
#2342 = COORDINATED_UNIVERSAL_TIME_OFFSET ( 8, 0, .AHEAD. ) ;
#2343 = FACE_OUTER_BOUND ( 'NONE', #520, .T. ) ;
#2344 = LINE ( 'NONE', #1857, #575 ) ;
#2345 = EDGE_CURVE ( 'NONE', #504, #104, #2500, .T. ) ;
#2346 = AXIS2_PLACEMENT_3D ( 'NONE', #203, #1751, #1715 ) ;
#2347 = DIRECTION ( 'NONE',  ( -1.000000000000000000, -0.000000000000000000, -0.000000000000000000 ) ) ;
#2348 = FACE_OUTER_BOUND ( 'NONE', #739, .T. ) ;
#2349 = DIRECTION ( 'NONE',  ( 0.000000000000000000, 0.000000000000000000, 1.000000000000000000 ) ) ;
#2350 = CARTESIAN_POINT ( 'NONE',  ( -155.0000000000001421, -380.0000000000000568, 510.0000000000000000 ) ) ;
#2351 = FACE_OUTER_BOUND ( 'NONE', #2445, .T. ) ;
#2352 = AXIS2_PLACEMENT_3D ( 'NONE', #1781, #889, #1790 ) ;
#2353 = ADVANCED_FACE ( 'NONE', ( #2104 ), #1435, .T. ) ;
#2354 = DIRECTION ( 'NONE',  ( -0.000000000000000000, 1.000000000000000000, -0.000000000000000000 ) ) ;
#2355 = VERTEX_POINT ( 'NONE', #2831 ) ;
#2356 = ORIENTED_EDGE ( 'NONE', *, *, #579, .F. ) ;
#2357 = LINE ( 'NONE', #1862, #1998 ) ;
#2358 = CARTESIAN_POINT ( 'NONE',  ( 155.0000000000001421, -365.0000000000000568, 483.0000000000000000 ) ) ;
#2359 = CARTESIAN_POINT ( 'NONE',  ( -157.0000000000000284, -10.00000000000004619, 580.0000000000000000 ) ) ;
#2360 = DIRECTION ( 'NONE',  ( -1.000000000000000000, 0.000000000000000000, 0.000000000000000000 ) ) ;
#2361 = DIRECTION ( 'NONE',  ( 0.000000000000000000, 0.000000000000000000, -1.000000000000000000 ) ) ;
#2362 = ORIENTED_EDGE ( 'NONE', *, *, #2207, .T. ) ;
#2363 = CARTESIAN_POINT ( 'NONE',  ( 155.0000000000001421, -380.0000000000000568, 530.0000000000000000 ) ) ;
#2364 = ORIENTED_EDGE ( 'NONE', *, *, #1509, .T. ) ;
#2365 = EDGE_CURVE ( 'NONE', #566, #1647, #1506, .T. ) ;
#2366 = ORIENTED_EDGE ( 'NONE', *, *, #1650, .F. ) ;
#2367 = DIRECTION ( 'NONE',  ( 0.000000000000000000, -1.000000000000000000, 0.000000000000000000 ) ) ;
#2368 = DIRECTION ( 'NONE',  ( 1.000000000000000000, -1.184689203106112228E-16, -0.000000000000000000 ) ) ;
#2369 = CARTESIAN_POINT ( 'NONE',  ( -225.0000000000000568, -165.0000000000000000, 0.000000000000000000 ) ) ;
#2370 = ORIENTED_EDGE ( 'NONE', *, *, #596, .F. ) ;
#2371 = VERTEX_POINT ( 'NONE', #2363 ) ;
#2372 = VERTEX_POINT ( 'NONE', #1696 ) ;
#2373 = DIRECTION ( 'NONE',  ( -1.000000000000000000, -0.000000000000000000, -0.000000000000000000 ) ) ;
#2374 = AXIS2_PLACEMENT_3D ( 'NONE', #2706, #786, #1005 ) ;
#2375 = ORIENTED_EDGE ( 'NONE', *, *, #1418, .F. ) ;
#2376 = VECTOR ( 'NONE', #1438, 1000.000000000000000 ) ;
#2377 = CARTESIAN_POINT ( 'NONE',  ( -225.0000000000001421, 365.0000000000000568, 600.0000000000000000 ) ) ;
#2378 = VECTOR ( 'NONE', #95, 1000.000000000000000 ) ;
#2379 = DIRECTION ( 'NONE',  ( -0.000000000000000000, 1.000000000000000000, -0.000000000000000000 ) ) ;
#2380 = CARTESIAN_POINT ( 'NONE',  ( -207.0000000000001421, 346.9999999999999432, 2.000000000000000000 ) ) ;
#2381 = VECTOR ( 'NONE', #100, 1000.000000000000000 ) ;
#2382 = LINE ( 'NONE', #1844, #2125 ) ;
#2383 = DIRECTION ( 'NONE',  ( 0.000000000000000000, 1.000000000000000000, 0.000000000000000000 ) ) ;
#2384 = EDGE_CURVE ( 'NONE', #389, #2256, #1002, .T. ) ;
#2385 = DIRECTION ( 'NONE',  ( 0.000000000000000000, -1.000000000000000000, 0.000000000000000000 ) ) ;
#2386 = VECTOR ( 'NONE', #2260, 1000.000000000000000 ) ;
#2387 = EDGE_CURVE ( 'NONE', #286, #1876, #727, .T. ) ;
#2388 = LOCAL_TIME ( 9, 59, 6.000000000000000000, #405 ) ;
#2389 = DIRECTION ( 'NONE',  ( 0.000000000000000000, 0.000000000000000000, -1.000000000000000000 ) ) ;
#2390 = ORIENTED_EDGE ( 'NONE', *, *, #1095, .T. ) ;
#2391 = CARTESIAN_POINT ( 'NONE',  ( -225.0000000000001421, 345.0000000000000568, 600.0000000000000000 ) ) ;
#2392 = APPROVAL_PERSON_ORGANIZATION ( #2845, #2400, #2251 ) ;
#2393 = CARTESIAN_POINT ( 'NONE',  ( 155.0000000000001421, -420.0000000000000568, 69.99999999999995737 ) ) ;
#2394 = CARTESIAN_POINT ( 'NONE',  ( -225.0000000000001421, -57.00000000000004974, 551.9999999999998863 ) ) ;
#2395 = CARTESIAN_POINT ( 'NONE',  ( -187.0000000000000853, -129.0000000000000000, -461.9999999999999432 ) ) ;
#2396 = ORIENTED_EDGE ( 'NONE', *, *, #1511, .T. ) ;
#2397 = CARTESIAN_POINT ( 'NONE',  ( 204.9999999999999716, -147.0000000000000284, -480.0000000000000000 ) ) ;
#2398 = EDGE_CURVE ( 'NONE', #864, #288, #2034, .T. ) ;
#2399 = ORIENTED_EDGE ( 'NONE', *, *, #1234, .F. ) ;
#2400 = APPROVAL ( #2239, '未指定' ) ;
#2401 = ORIENTED_EDGE ( 'NONE', *, *, #567, .T. ) ;
#2402 = CARTESIAN_POINT ( 'NONE',  ( 224.9999999999998579, 269.9999999999998863, 580.0000000000000000 ) ) ;
#2403 = ORIENTED_EDGE ( 'NONE', *, *, #1063, .F. ) ;
#2404 = EDGE_CURVE ( 'NONE', #2785, #2434, #1232, .T. ) ;
#2405 = CARTESIAN_POINT ( 'NONE',  ( 155.0000000000001421, -380.0000000000000568, 69.99999999999995737 ) ) ;
#2406 = LINE ( 'NONE', #266, #134 ) ;
#2407 = CARTESIAN_POINT ( 'NONE',  ( -155.0000000000001421, -365.0000000000000568, 483.0000000000000568 ) ) ;
#2408 = CIRCLE ( 'NONE', #2450, 20.00000000000001776 ) ;
#2409 = ORIENTED_EDGE ( 'NONE', *, *, #260, .F. ) ;
#2410 = AXIS2_PLACEMENT_3D ( 'NONE', #1316, #682, #931 ) ;
#2411 = CYLINDRICAL_SURFACE ( 'NONE', #463, 10.00000000000000888 ) ;
#2412 = VECTOR ( 'NONE', #1371, 1000.000000000000000 ) ;
#2413 = ORIENTED_EDGE ( 'NONE', *, *, #357, .T. ) ;
#2414 = CALENDAR_DATE ( 2026, 9, 6 ) ;
#2415 = ADVANCED_FACE ( 'NONE', ( #2702 ), #1464, .F. ) ;
#2416 = CARTESIAN_POINT ( 'NONE',  ( 155.0000000000001421, -435.0000000000000568, 510.0000000000000000 ) ) ;
#2417 =( NAMED_UNIT ( * ) PLANE_ANGLE_UNIT ( ) SI_UNIT ( $, .RADIAN. ) );
#2418 = ITEM_DEFINED_TRANSFORMATION ( 'NONE', 'NONE', #2463,  #161 ) ;
#2419 = CARTESIAN_POINT ( 'NONE',  ( 224.9999999999998579, -10.00000000000006395, 580.0000000000000000 ) ) ;
#2420 = CALENDAR_DATE ( 2026, 9, 6 ) ;
#2421 = EDGE_CURVE ( 'NONE', #2859, #102, #1176, .T. ) ;
#2422 = ORIENTED_EDGE ( 'NONE', *, *, #416, .F. ) ;
#2423 = CARTESIAN_POINT ( 'NONE',  ( 206.9999999999998863, 7.999999999999934275, 580.0000000000000000 ) ) ;
#2424 = FACE_OUTER_BOUND ( 'NONE', #794, .T. ) ;
#2425 = VECTOR ( 'NONE', #179, 1000.000000000000000 ) ;
#2426 = ORIENTED_EDGE ( 'NONE', *, *, #1497, .F. ) ;
#2427 = ORIENTED_EDGE ( 'NONE', *, *, #1131, .T. ) ;
#2428 = VECTOR ( 'NONE', #2373, 1000.000000000000000 ) ;
#2429 = DIRECTION ( 'NONE',  ( 0.000000000000000000, 0.000000000000000000, -1.000000000000000000 ) ) ;
#2430 = DIRECTION ( 'NONE',  ( 0.000000000000000000, 1.000000000000000000, 0.000000000000000000 ) ) ;
#2431 = AXIS2_PLACEMENT_3D ( 'NONE', #509, #905, #2228 ) ;
#2432 = APPROVAL_PERSON_ORGANIZATION ( #1401, #1817, #67 ) ;
#2433 = DIRECTION ( 'NONE',  ( 0.000000000000000000, -0.000000000000000000, -1.000000000000000000 ) ) ;
#2434 = VERTEX_POINT ( 'NONE', #2813 ) ;
#2435 = ORIENTED_EDGE ( 'NONE', *, *, #184, .T. ) ;
#2436 = CARTESIAN_POINT ( 'NONE',  ( 0.000000000000000000, -129.0000000000000000, 0.000000000000000000 ) ) ;
#2437 =( NAMED_UNIT ( * ) SI_UNIT ( $, .STERADIAN. ) SOLID_ANGLE_UNIT ( ) );
#2438 = VERTEX_POINT ( 'NONE', #1288 ) ;
#2439 = ORIENTED_EDGE ( 'NONE', *, *, #69, .F. ) ;
#2440 = DIRECTION ( 'NONE',  ( 0.000000000000000000, -1.000000000000000000, 0.000000000000000000 ) ) ;
#2441 = ORIENTED_EDGE ( 'NONE', *, *, #2870, .F. ) ;
#2442 = ORIENTED_EDGE ( 'NONE', *, *, #2814, .F. ) ;
#2443 = CARTESIAN_POINT ( 'NONE',  ( -205.0000000000000284, -146.9999999999999716, -480.0000000000000000 ) ) ;
#2444 = EDGE_CURVE ( 'NONE', #449, #1831, #1676, .T. ) ;
#2445 = EDGE_LOOP ( 'NONE', ( #1313, #2427, #53, #2279 ) ) ;
#2446 = ADVANCED_FACE ( 'NONE', ( #2879 ), #614, .T. ) ;
#2447 = DIRECTION ( 'NONE',  ( 0.000000000000000000, -0.000000000000000000, 1.000000000000000000 ) ) ;
#2448 = VERTEX_POINT ( 'NONE', #1530 ) ;
#2449 = VECTOR ( 'NONE', #1628, 1000.000000000000000 ) ;
#2450 = AXIS2_PLACEMENT_3D ( 'NONE', #1691, #1701, #2142 ) ;
#2451 = DIRECTION ( 'NONE',  ( -3.083952846180990774E-16, -1.000000000000000000, -0.000000000000000000 ) ) ;
#2452 = FACE_OUTER_BOUND ( 'NONE', #1414, .T. ) ;
#2453 = CARTESIAN_POINT ( 'NONE',  ( -155.0000000000001421, -420.0000000000000568, 44.99999999999995026 ) ) ;
#2454 = LINE ( 'NONE', #2298, #1251 ) ;
#2455 = CARTESIAN_POINT ( 'NONE',  ( 224.9999999999998579, 287.9999999999999432, 562.0000000000000000 ) ) ;
#2456 = DESIGN_CONTEXT ( 'detailed design', #1988, 'design' ) ;
#2457 = DIRECTION ( 'NONE',  ( -0.000000000000000000, 1.000000000000000000, -0.000000000000000000 ) ) ;
#2458 = FACE_OUTER_BOUND ( 'NONE', #662, .T. ) ;
#2459 = DIRECTION ( 'NONE',  ( -0.000000000000000000, 1.000000000000000000, -0.000000000000000000 ) ) ;
#2460 = ORIENTED_EDGE ( 'NONE', *, *, #773, .T. ) ;
#2461 = EDGE_CURVE ( 'NONE', #818, #2014, #2134, .T. ) ;
#2462 = VECTOR ( 'NONE', #2800, 1000.000000000000000 ) ;
#2463 = AXIS2_PLACEMENT_3D ( 'NONE', #174, #1061, #2640 ) ;
#2464 = CARTESIAN_POINT ( 'NONE',  ( -155.0000000000001421, -435.0000000000000568, 485.0000000000000000 ) ) ;
#2465 = EDGE_CURVE ( 'NONE', #2823, #71, #1130, .T. ) ;
#2466 = LOCAL_TIME ( 9, 59, 6.000000000000000000, #12 ) ;
#2467 = CARTESIAN_POINT ( 'NONE',  ( -207.0000000000001705, -10.00000000000006750, 533.9999999999998863 ) ) ;
#2468 = PLANE ( 'NONE',  #999 ) ;
#2469 = ORIENTED_EDGE ( 'NONE', *, *, #25, .T. ) ;
#2470 = DIRECTION ( 'NONE',  ( -1.201540069940645842E-16, -0.000000000000000000, -1.000000000000000000 ) ) ;
#2471 = CARTESIAN_POINT ( 'NONE',  ( -155.0000000000001421, -435.0000000000000568, 510.0000000000000000 ) ) ;
#2472 = DIRECTION ( 'NONE',  ( 0.000000000000000000, 0.000000000000000000, 1.000000000000000000 ) ) ;
#2473 = ORIENTED_EDGE ( 'NONE', *, *, #1123, .F. ) ;
#2474 = ORIENTED_EDGE ( 'NONE', *, *, #1659, .F. ) ;
#2475 = CARTESIAN_POINT ( 'NONE',  ( -155.0000000000001421, -380.0000000000000568, 96.99999999999994316 ) ) ;
#2476 = EDGE_LOOP ( 'NONE', ( #1555, #734, #1972, #757 ) ) ;
#2477 = PLANE ( 'NONE',  #2296 ) ;
#2478 = CARTESIAN_POINT ( 'NONE',  ( 204.9999999999999716, -147.0000000000000284, -480.0000000000000000 ) ) ;
#2479 = CARTESIAN_POINT ( 'NONE',  ( -225.0000000000001421, 346.9999999999999432, 580.0000000000000000 ) ) ;
#2480 = EDGE_CURVE ( 'NONE', #2744, #292, #792, .T. ) ;
#2481 = LINE ( 'NONE', #2153, #2770 ) ;
#2482 = CC_DESIGN_PERSON_AND_ORGANIZATION_ASSIGNMENT ( #1810, #729, ( #1714 ) ) ;
#2483 = DIRECTION ( 'NONE',  ( 0.000000000000000000, -1.000000000000000000, 0.000000000000000000 ) ) ;
#2484 = CARTESIAN_POINT ( 'NONE',  ( -205.0000000000000284, -146.9999999999999716, 0.000000000000000000 ) ) ;
#2485 = LINE ( 'NONE', #2467, #1882 ) ;
#2486 = FACE_BOUND ( 'NONE', #1881, .T. ) ;
#2487 = ADVANCED_BREP_SHAPE_REPRESENTATION ( '', ( #233, #161 ), #563 ) ;
#2488 = DIRECTION ( 'NONE',  ( 1.000000000000000000, -1.184689203106112228E-16, -0.000000000000000000 ) ) ;
#2489 = DIRECTION ( 'NONE',  ( 0.000000000000000000, 0.000000000000000000, 1.000000000000000000 ) ) ;
#2490 = ADVANCED_FACE ( 'NONE', ( #927 ), #2102, .F. ) ;
#2491 = DATE_AND_TIME ( #785, #1527 ) ;
#2492 = LINE ( 'NONE', #267, #3 ) ;
#2493 = DIRECTION ( 'NONE',  ( 0.000000000000000000, 0.000000000000000000, 1.000000000000000000 ) ) ;
#2494 = VECTOR ( 'NONE', #2711, 1000.000000000000000 ) ;
#2495 = ORIENTED_EDGE ( 'NONE', *, *, #717, .T. ) ;
#2496 = CARTESIAN_POINT ( 'NONE',  ( 224.9999999999998579, 269.9999999999998863, 533.9999999999998863 ) ) ;
#2497 = EDGE_LOOP ( 'NONE', ( #1337, #1343, #2206, #1274 ) ) ;
#2498 = ORIENTED_EDGE ( 'NONE', *, *, #2517, .T. ) ;
#2499 = DIRECTION ( 'NONE',  ( 0.000000000000000000, 0.000000000000000000, -1.000000000000000000 ) ) ;
#2500 = LINE ( 'NONE', #1705, #823 ) ;
#2501 = EDGE_CURVE ( 'NONE', #2148, #201, #2321, .T. ) ;
#2502 = AXIS2_PLACEMENT_3D ( 'NONE', #2838, #624, #2171 ) ;
#2503 = DIRECTION ( 'NONE',  ( 1.000000000000000000, -0.000000000000000000, -0.000000000000000000 ) ) ;
#2504 = CARTESIAN_POINT ( 'NONE',  ( 224.9999999999998579, -10.00000000000017586, 580.0000000000000000 ) ) ;
#2505 = EDGE_LOOP ( 'NONE', ( #2442, #1478, #1898, #1186 ) ) ;
#2506 = DIRECTION ( 'NONE',  ( 0.000000000000000000, 0.000000000000000000, 1.000000000000000000 ) ) ;
#2507 = AXIS2_PLACEMENT_3D ( 'NONE', #2577, #1654, #1660 ) ;
#2508 = SECURITY_CLASSIFICATION_LEVEL ( 'unclassified' ) ;
#2509 = VERTEX_POINT ( 'NONE', #621 ) ;
#2510 = ORIENTED_EDGE ( 'NONE', *, *, #1453, .F. ) ;
#2511 = ORIENTED_EDGE ( 'NONE', *, *, #856, .T. ) ;
#2512 = CARTESIAN_POINT ( 'NONE',  ( -207.0000000000001421, -347.0000000000000568, 2.000000000000000000 ) ) ;
#2513 = VERTEX_POINT ( 'NONE', #1733 ) ;
#2514 = ORIENTED_EDGE ( 'NONE', *, *, #2169, .T. ) ;
#2515 = ORIENTED_EDGE ( 'NONE', *, *, #1023, .F. ) ;
#2516 =( REPRESENTATION_RELATIONSHIP ('NONE','NONE', #1708, #1718 ) REPRESENTATION_RELATIONSHIP_WITH_TRANSFORMATION ( #2418 )SHAPE_REPRESENTATION_RELATIONSHIP( ) );
#2517 = EDGE_CURVE ( 'NONE', #974, #391, #2030, .T. ) ;
#2518 = CARTESIAN_POINT ( 'NONE',  ( -207.0000000000001421, -10.00000000000006395, 99.99999999999992895 ) ) ;
#2519 = ADVANCED_FACE ( 'NONE', ( #1748 ), #1757, .F. ) ;
#2520 = CIRCLE ( 'NONE', #522, 25.00000000000002132 ) ;
#2521 = CARTESIAN_POINT ( 'NONE',  ( -205.0000000000000284, 33.00000000000002842, -480.0000000000000000 ) ) ;
#2522 = FACE_OUTER_BOUND ( 'NONE', #1405, .T. ) ;
#2523 = VECTOR ( 'NONE', #1826, 1000.000000000000000 ) ;
#2524 = DIRECTION ( 'NONE',  ( -0.000000000000000000, 1.000000000000000000, -0.000000000000000000 ) ) ;
#2525 = FACE_OUTER_BOUND ( 'NONE', #125, .T. ) ;
#2526 = AXIS2_PLACEMENT_3D ( 'NONE', #1409, #2783, #2361 ) ;
#2527 = CARTESIAN_POINT ( 'NONE',  ( 155.0000000000001421, -420.0000000000000568, 510.0000000000000000 ) ) ;
#2528 = CARTESIAN_POINT ( 'NONE',  ( 0.000000000000000000, 346.9999999999999432, 18.00000000000000000 ) ) ;
#2529 = CALENDAR_DATE ( 2026, 9, 6 ) ;
#2530 = LINE ( 'NONE', #2397, #2631 ) ;
#2531 = ORIENTED_EDGE ( 'NONE', *, *, #1940, .T. ) ;
#2532 = ADVANCED_FACE ( 'NONE', ( #2634 ), #884, .F. ) ;
#2533 = LINE ( 'NONE', #1441, #156 ) ;
#2534 = CARTESIAN_POINT ( 'NONE',  ( -225.0000000000001421, -67.00000000000005684, 580.0000000000000000 ) ) ;
#2535 = DIRECTION ( 'NONE',  ( -0.000000000000000000, -1.000000000000000000, -0.000000000000000000 ) ) ;
#2536 = SECURITY_CLASSIFICATION_LEVEL ( 'unclassified' ) ;
#2537 = ORIENTED_EDGE ( 'NONE', *, *, #2207, .F. ) ;
#2538 = DIRECTION ( 'NONE',  ( -0.000000000000000000, 1.000000000000000000, -0.000000000000000000 ) ) ;
#2539 = APPROVAL_DATE_TIME ( #688, #1941 ) ;
#2540 = DIRECTION ( 'NONE',  ( 0.000000000000000000, 1.000000000000000000, 0.000000000000000000 ) ) ;
#2541 = EDGE_CURVE ( 'NONE', #2576, #1991, #685, .T. ) ;
#2542 = ORIENTED_EDGE ( 'NONE', *, *, #550, .F. ) ;
#2543 = DIRECTION ( 'NONE',  ( 0.000000000000000000, 0.000000000000000000, -1.000000000000000000 ) ) ;
#2544 = ORIENTED_EDGE ( 'NONE', *, *, #1149, .T. ) ;
#2545 = PLANE ( 'NONE',  #127 ) ;
#2546 = AXIS2_PLACEMENT_3D ( 'NONE', #2692, #912, #2472 ) ;
#2547 = ORIENTED_EDGE ( 'NONE', *, *, #112, .F. ) ;
#2548 = ORIENTED_EDGE ( 'NONE', *, *, #515, .T. ) ;
#2549 = CARTESIAN_POINT ( 'NONE',  ( 155.0000000000001421, -380.0000000000000568, 69.99999999999995737 ) ) ;
#2550 = ORIENTED_EDGE ( 'NONE', *, *, #238, .T. ) ;
#2551 = PRODUCT_DEFINITION_SHAPE ( 'NONE', 'NONE',  #2151 ) ;
#2552 = DIRECTION ( 'NONE',  ( 1.000000000000000000, 0.000000000000000000, 0.000000000000000000 ) ) ;
#2553 = FACE_BOUND ( 'NONE', #500, .T. ) ;
#2554 = ORIENTED_EDGE ( 'NONE', *, *, #768, .F. ) ;
#2555 = ORIENTED_EDGE ( 'NONE', *, *, #1489, .F. ) ;
#2556 = EDGE_CURVE ( 'NONE', #1141, #508, #2600, .T. ) ;
#2557 = CIRCLE ( 'NONE', #317, 25.00000000000002132 ) ;
#2558 = VECTOR ( 'NONE', #2112, 1000.000000000000000 ) ;
#2559 = CC_DESIGN_DATE_AND_TIME_ASSIGNMENT ( #2140, #1145, ( #2151 ) ) ;
#2560 = DIRECTION ( 'NONE',  ( 0.000000000000000000, 0.000000000000000000, 1.000000000000000000 ) ) ;
#2561 = CIRCLE ( 'NONE', #1618, 20.00000000000001776 ) ;
#2562 = ORIENTED_EDGE ( 'NONE', *, *, #1572, .F. ) ;
#2563 = COORDINATED_UNIVERSAL_TIME_OFFSET ( 8, 0, .AHEAD. ) ;
#2564 = DIRECTION ( 'NONE',  ( 0.000000000000000000, -0.000000000000000000, -1.000000000000000000 ) ) ;
#2565 = EDGE_CURVE ( 'NONE', #1876, #890, #1994, .T. ) ;
#2566 = VECTOR ( 'NONE', #1729, 1000.000000000000000 ) ;
#2567 = DIRECTION ( 'NONE',  ( -0.000000000000000000, 1.000000000000000000, -0.000000000000000000 ) ) ;
#2568 = COORDINATED_UNIVERSAL_TIME_OFFSET ( 8, 0, .AHEAD. ) ;
#2569 = LINE ( 'NONE', #2701, #2317 ) ;
#2570 = CIRCLE ( 'NONE', #2546, 27.00000000000002487 ) ;
#2571 = AXIS2_PLACEMENT_3D ( 'NONE', #158, #383, #1472 ) ;
#2572 = LINE ( 'NONE', #2369, #2462 ) ;
#2573 = ORIENTED_EDGE ( 'NONE', *, *, #2093, .T. ) ;
#2574 = PLANE ( 'NONE',  #1800 ) ;
#2575 = EDGE_CURVE ( 'NONE', #2765, #2859, #2530, .T. ) ;
#2576 = VERTEX_POINT ( 'NONE', #2423 ) ;
#2577 = CARTESIAN_POINT ( 'NONE',  ( 224.9999999999998579, 7.999999999999934275, 580.0000000000000000 ) ) ;
#2578 = MANIFOLD_SOLID_BREP ( '切除-拉伸1', #2585 ) ;
#2579 = ORIENTED_EDGE ( 'NONE', *, *, #2742, .T. ) ;
#2580 = VERTEX_POINT ( 'NONE', #2177 ) ;
#2581 = DIRECTION ( 'NONE',  ( 0.000000000000000000, -1.000000000000000000, 0.000000000000000000 ) ) ;
#2582 = AXIS2_PLACEMENT_3D ( 'NONE', #822, #2819, #619 ) ;
#2583 = VERTEX_POINT ( 'NONE', #1119 ) ;
#2584 = EDGE_LOOP ( 'NONE', ( #2203, #34, #1936, #1043 ) ) ;
#2585 = CLOSED_SHELL ( 'NONE', ( #880, #2415, #235, #2201, #41, #2324, #2083, #475, #209, #1391, #924, #1877, #1305, #1615, #852 ) ) ;
#2586 = CARTESIAN_POINT ( 'NONE',  ( 155.0000000000001421, -420.0000000000000568, 44.99999999999995026 ) ) ;
#2587 = PLANE ( 'NONE',  #1164 ) ;
#2588 = ORIENTED_EDGE ( 'NONE', *, *, #1795, .T. ) ;
#2589 = CARTESIAN_POINT ( 'NONE',  ( 224.9999999999998579, 287.9999999999999432, 580.0000000000000000 ) ) ;
#2590 = VECTOR ( 'NONE', #459, 1000.000000000000000 ) ;
#2591 = LINE ( 'NONE', #17, #1526 ) ;
#2592 = ADVANCED_FACE ( 'NONE', ( #2458 ), #855, .F. ) ;
#2593 = CARTESIAN_POINT ( 'NONE',  ( 155.0000000000001421, -380.0000000000000568, 510.0000000000000000 ) ) ;
#2594 = CIRCLE ( 'NONE', #2821, 26.99999999999996803 ) ;
#2595 = EDGE_CURVE ( 'NONE', #104, #1455, #1539, .T. ) ;
#2596 = CARTESIAN_POINT ( 'NONE',  ( 204.9999999999999716, -147.0000000000000284, -480.0000000000000000 ) ) ;
#2597 = DIRECTION ( 'NONE',  ( 0.000000000000000000, -0.000000000000000000, -1.000000000000000000 ) ) ;
#2598 = EDGE_LOOP ( 'NONE', ( #183, #1724, #2042, #1143 ) ) ;
#2599 = AXIS2_PLACEMENT_3D ( 'NONE', #1049, #1279, #1060 ) ;
#2600 = LINE ( 'NONE', #2208, #2099 ) ;
#2601 = CARTESIAN_POINT ( 'NONE',  ( 206.9999999999998863, 269.9999999999999432, 580.0000000000000000 ) ) ;
#2602 = LINE ( 'NONE', #1036, #2638 ) ;
#2603 = DIRECTION ( 'NONE',  ( 0.000000000000000000, -0.000000000000000000, -1.000000000000000000 ) ) ;
#2604 = DATE_AND_TIME ( #316, #1473 ) ;
#2605 = DIRECTION ( 'NONE',  ( 0.000000000000000000, 0.000000000000000000, 1.000000000000000000 ) ) ;
#2606 = VERTEX_POINT ( 'NONE', #2245 ) ;
#2607 = EDGE_CURVE ( 'NONE', #836, #508, #152, .T. ) ;
#2608 = CC_DESIGN_PERSON_AND_ORGANIZATION_ASSIGNMENT ( #149, #19, ( #1341 ) ) ;
#2609 = ORIENTED_EDGE ( 'NONE', *, *, #345, .T. ) ;
#2610 = CARTESIAN_POINT ( 'NONE',  ( 224.9999999999999432, -165.0000000000000000, 0.000000000000000000 ) ) ;
#2611 = CARTESIAN_POINT ( 'NONE',  ( 155.0000000000001421, -435.0000000000000568, 94.99999999999994316 ) ) ;
#2612 = ORIENTED_EDGE ( 'NONE', *, *, #2614, .F. ) ;
#2613 = ORIENTED_EDGE ( 'NONE', *, *, #1339, .F. ) ;
#2614 = EDGE_CURVE ( 'NONE', #1614, #1908, #1780, .T. ) ;
#2615 = ORIENTED_EDGE ( 'NONE', *, *, #331, .T. ) ;
#2616 = DIRECTION ( 'NONE',  ( -0.000000000000000000, -0.000000000000000000, 1.000000000000000000 ) ) ;
#2617 = AXIS2_PLACEMENT_3D ( 'NONE', #303, #1425, #986 ) ;
#2618 = FACE_OUTER_BOUND ( 'NONE', #1449, .T. ) ;
#2619 = PLANE ( 'NONE',  #602 ) ;
#2620 = DIRECTION ( 'NONE',  ( 0.000000000000000000, 0.000000000000000000, 1.000000000000000000 ) ) ;
#2621 = VECTOR ( 'NONE', #938, 1000.000000000000000 ) ;
#2622 = VECTOR ( 'NONE', #343, 1000.000000000000000 ) ;
#2623 = PLANE ( 'NONE',  #1968 ) ;
#2624 = DIRECTION ( 'NONE',  ( 1.000000000000000000, -0.000000000000000000, -2.775557561562890365E-16 ) ) ;
#2625 = DIRECTION ( 'NONE',  ( 0.000000000000000000, 0.000000000000000000, -1.000000000000000000 ) ) ;
#2626 = PLANE ( 'NONE',  #2085 ) ;
#2627 = LINE ( 'NONE', #2884, #2566 ) ;
#2628 = EDGE_CURVE ( 'NONE', #1372, #292, #1256, .T. ) ;
#2629 = DIRECTION ( 'NONE',  ( 0.000000000000000000, -1.000000000000000000, 0.000000000000000000 ) ) ;
#2630 = APPLICATION_CONTEXT ( 'configuration controlled 3d designs of mechanical parts and assemblies' ) ;
#2631 = VECTOR ( 'NONE', #1066, 1000.000000000000000 ) ;
#2632 = ORIENTED_EDGE ( 'NONE', *, *, #1830, .T. ) ;
#2633 = PLANE ( 'NONE',  #881 ) ;
#2634 = FACE_OUTER_BOUND ( 'NONE', #1889, .T. ) ;
#2635 = ADVANCED_FACE ( 'NONE', ( #1430 ), #1200, .T. ) ;
#2636 = EDGE_LOOP ( 'NONE', ( #241, #353, #1805, #204 ) ) ;
#2637 = DIRECTION ( 'NONE',  ( -0.000000000000000000, 1.000000000000000000, -0.000000000000000000 ) ) ;
#2638 = VECTOR ( 'NONE', #1249, 1000.000000000000000 ) ;
#2639 = DATE_AND_TIME ( #789, #1954 ) ;
#2640 = DIRECTION ( 'NONE',  ( 1.000000000000000000, 0.000000000000000000, 0.000000000000000000 ) ) ;
#2641 = ORIENTED_EDGE ( 'NONE', *, *, #1511, .F. ) ;
#2642 = CARTESIAN_POINT ( 'NONE',  ( -155.0000000000001421, -380.0000000000000568, 69.99999999999995737 ) ) ;
#2643 = CARTESIAN_POINT ( 'NONE',  ( -225.0000000000000568, 165.0000000000000000, 20.00000000000000000 ) ) ;
#2644 = ORIENTED_EDGE ( 'NONE', *, *, #184, .F. ) ;
#2645 = DIRECTION ( 'NONE',  ( -3.469446951953614189E-16, 0.000000000000000000, 1.000000000000000000 ) ) ;
#2646 = VERTEX_POINT ( 'NONE', #699 ) ;
#2647 = EDGE_CURVE ( 'NONE', #1373, #1554, #2569, .T. ) ;
#2648 = ORIENTED_EDGE ( 'NONE', *, *, #2222, .T. ) ;
#2649 = PRODUCT_DEFINITION ( '未知', '', #2190, #319 ) ;
#2650 = ORIENTED_EDGE ( 'NONE', *, *, #280, .F. ) ;
#2651 = PLANE ( 'NONE',  #1330 ) ;
#2652 = AXIS2_PLACEMENT_3D ( 'NONE', #1679, #2774, #1416 ) ;
#2653 = DIRECTION ( 'NONE',  ( -0.000000000000000000, 1.000000000000000000, -0.000000000000000000 ) ) ;
#2654 = ORIENTED_EDGE ( 'NONE', *, *, #2461, .T. ) ;
#2655 = VECTOR ( 'NONE', #521, 1000.000000000000000 ) ;
#2656 = LINE ( 'NONE', #766, #812 ) ;
#2657 = VERTEX_POINT ( 'NONE', #2233 ) ;
#2658 = VECTOR ( 'NONE', #1216, 1000.000000000000000 ) ;
#2659 = LINE ( 'NONE', #1611, #883 ) ;
#2660 = CARTESIAN_POINT ( 'NONE',  ( -155.0000000000001421, -365.0000000000000568, 42.99999999999995026 ) ) ;
#2661 = DIRECTION ( 'NONE',  ( -1.000000000000000000, -0.000000000000000000, -0.000000000000000000 ) ) ;
#2662 = EDGE_CURVE ( 'NONE', #1514, #533, #1361, .T. ) ;
#2663 = DIRECTION ( 'NONE',  ( -0.000000000000000000, 1.000000000000000000, -0.000000000000000000 ) ) ;
#2664 = PERSON_AND_ORGANIZATION ( #1665, #227 ) ;
#2665 = ORIENTED_EDGE ( 'NONE', *, *, #1074, .F. ) ;
#2666 = DIRECTION ( 'NONE',  ( 0.000000000000000000, -1.239088197126289831E-16, -1.000000000000000000 ) ) ;
#2667 = FACE_OUTER_BOUND ( 'NONE', #1930, .T. ) ;
#2668 = DIRECTION ( 'NONE',  ( -1.000000000000000000, -0.000000000000000000, -0.000000000000000000 ) ) ;
#2669 = AXIS2_PLACEMENT_3D ( 'NONE', #2114, #576, #797 ) ;
#2670 = ITEM_DEFINED_TRANSFORMATION ( 'NONE', 'NONE', #2346,  #161 ) ;
#2671 = CARTESIAN_POINT ( 'NONE',  ( -155.0000000000001421, -380.0000000000000568, 69.99999999999995737 ) ) ;
#2672 = ADVANCED_FACE ( 'NONE', ( #1296 ), #922, .T. ) ;
#2673 = ORIENTED_EDGE ( 'NONE', *, *, #345, .F. ) ;
#2674 = CARTESIAN_POINT ( 'NONE',  ( -225.0000000000001421, -10.00000000000006395, 580.0000000000000000 ) ) ;
#2675 = DIRECTION ( 'NONE',  ( 1.000000000000000000, 0.000000000000000000, 0.000000000000000000 ) ) ;
#2676 = EDGE_LOOP ( 'NONE', ( #1201, #667, #1828, #1287 ) ) ;
#2677 = DIRECTION ( 'NONE',  ( 0.000000000000000000, -1.000000000000000000, 0.000000000000000000 ) ) ;
#2678 = EDGE_CURVE ( 'NONE', #177, #201, #2028, .T. ) ;
#2679 = ORIENTED_EDGE ( 'NONE', *, *, #1187, .F. ) ;
#2680 = CARTESIAN_POINT ( 'NONE',  ( 205.0000000000000284, 32.99999999999997868, -480.0000000000000000 ) ) ;
#2681 = PRODUCT_DEFINITION_SHAPE ( 'NONE', 'NONE',  #1592 ) ;
#2682 = SECURITY_CLASSIFICATION_LEVEL ( 'unclassified' ) ;
#2683 = VECTOR ( 'NONE', #2368, 1000.000000000000000 ) ;
#2684 = AXIS2_PLACEMENT_3D ( 'NONE', #16, #1134, #2493 ) ;
#2685 = CIRCLE ( 'NONE', #1842, 25.00000000000000000 ) ;
#2686 = DIRECTION ( 'NONE',  ( 0.000000000000000000, -1.000000000000000000, 0.000000000000000000 ) ) ;
#2687 = CARTESIAN_POINT ( 'NONE',  ( 224.9999999999998579, -67.00000000000005684, 562.0000000000000000 ) ) ;
#2688 = ADVANCED_FACE ( 'NONE', ( #1125 ), #790, .T. ) ;
#2689 = LINE ( 'NONE', #2288, #1703 ) ;
#2690 = LINE ( 'NONE', #1157, #2090 ) ;
#2691 = CARTESIAN_POINT ( 'NONE',  ( -155.0000000000001421, -380.0000000000000568, 483.0000000000000568 ) ) ;
#2692 = CARTESIAN_POINT ( 'NONE',  ( 155.0000000000001421, -380.0000000000000568, 510.0000000000000000 ) ) ;
#2693 = APPROVAL_DATE_TIME ( #403, #2886 ) ;
#2694 = VECTOR ( 'NONE', #282, 1000.000000000000000 ) ;
#2695 = DIRECTION ( 'NONE',  ( -0.000000000000000000, 1.000000000000000000, -0.000000000000000000 ) ) ;
#2696 = DIRECTION ( 'NONE',  ( 1.000000000000000000, 0.000000000000000000, 0.000000000000000000 ) ) ;
#2697 = EDGE_LOOP ( 'NONE', ( #315, #743, #103, #1109 ) ) ;
#2698 = EDGE_CURVE ( 'NONE', #508, #65, #2840, .T. ) ;
#2699 = COORDINATED_UNIVERSAL_TIME_OFFSET ( 8, 0, .AHEAD. ) ;
#2700 = PRODUCT_DEFINITION_FORMATION_WITH_SPECIFIED_SOURCE ( '任何', '', #2115, .NOT_KNOWN. ) ;
#2701 = CARTESIAN_POINT ( 'NONE',  ( 155.0000000000001421, -380.0000000000000568, 42.99999999999995737 ) ) ;
#2702 = FACE_OUTER_BOUND ( 'NONE', #1010, .T. ) ;
#2703 = CARTESIAN_POINT ( 'NONE',  ( 0.000000000000000000, 269.9999999999998863, 580.0000000000000000 ) ) ;
#2704 = EDGE_CURVE ( 'NONE', #2513, #296, #1888, .T. ) ;
#2705 = APPROVAL_DATE_TIME ( #2639, #1380 ) ;
#2706 = CARTESIAN_POINT ( 'NONE',  ( -155.0000000000001421, -420.0000000000000568, 69.99999999999995737 ) ) ;
#2707 = ORIENTED_EDGE ( 'NONE', *, *, #452, .F. ) ;
#2708 = AXIS2_PLACEMENT_3D ( 'NONE', #1746, #1094, #2187 ) ;
#2709 = DIRECTION ( 'NONE',  ( -0.000000000000000000, -1.000000000000000000, -0.000000000000000000 ) ) ;
#2710 = ORIENTED_EDGE ( 'NONE', *, *, #2126, .F. ) ;
#2711 = DIRECTION ( 'NONE',  ( 1.201540069940645842E-16, 0.000000000000000000, 1.000000000000000000 ) ) ;
#2712 = VERTEX_POINT ( 'NONE', #1542 ) ;
#2713 = DIRECTION ( 'NONE',  ( -1.000000000000000000, 0.000000000000000000, 0.000000000000000000 ) ) ;
#2714 = EDGE_LOOP ( 'NONE', ( #1601, #670, #1902, #2335 ) ) ;
#2715 = EDGE_CURVE ( 'NONE', #2217, #664, #720, .T. ) ;
#2716 = ORIENTED_EDGE ( 'NONE', *, *, #2075, .T. ) ;
#2717 = LINE ( 'NONE', #607, #870 ) ;
#2718 = CARTESIAN_POINT ( 'NONE',  ( 224.9999999999998579, 365.0000000000000568, 551.9999999999998863 ) ) ;
#2719 = ADVANCED_FACE ( 'NONE', ( #87 ), #1325, .T. ) ;
#2720 = ORIENTED_EDGE ( 'NONE', *, *, #2312, .F. ) ;
#2721 = DIRECTION ( 'NONE',  ( 0.000000000000000000, -0.000000000000000000, -1.000000000000000000 ) ) ;
#2722 = CARTESIAN_POINT ( 'NONE',  ( 206.9999999999998863, -347.0000000000000568, -0.000000000000000000 ) ) ;
#2723 = EDGE_LOOP ( 'NONE', ( #2328, #2135, #2139, #1265 ) ) ;
#2724 = ORIENTED_EDGE ( 'NONE', *, *, #86, .F. ) ;
#2725 = DIRECTION ( 'NONE',  ( -0.000000000000000000, -0.000000000000000000, -1.000000000000000000 ) ) ;
#2726 = LINE ( 'NONE', #2810, #2053 ) ;
#2727 = LINE ( 'NONE', #2496, #2055 ) ;
#2728 = ORIENTED_EDGE ( 'NONE', *, *, #1940, .F. ) ;
#2729 = LOCAL_TIME ( 9, 59, 6.000000000000000000, #715 ) ;
#2730 = LINE ( 'NONE', #1937, #1987 ) ;
#2731 = CIRCLE ( 'NONE', #2352, 10.00000000000000888 ) ;
#2732 = PLANE ( 'NONE',  #1517 ) ;
#2733 = PRODUCT_DEFINITION_SHAPE ( 'NONE', 'NONE',  #2649 ) ;
#2734 = ORIENTED_EDGE ( 'NONE', *, *, #1777, .T. ) ;
#2735 = ADVANCED_FACE ( 'NONE', ( #2168 ), #891, .T. ) ;
#2736 = COORDINATED_UNIVERSAL_TIME_OFFSET ( 8, 0, .AHEAD. ) ;
#2737 = APPROVAL_STATUS ( 'not_yet_approved' ) ;
#2738 = ORIENTED_EDGE ( 'NONE', *, *, #1921, .T. ) ;
#2739 = CARTESIAN_POINT ( 'NONE',  ( 206.9999999999998863, 7.999999999999952038, 99.99999999999997158 ) ) ;
#2740 = PLANE ( 'NONE',  #1273 ) ;
#2741 = LINE ( 'NONE', #1922, #2428 ) ;
#2742 = EDGE_CURVE ( 'NONE', #65, #798, #191, .T. ) ;
#2743 = CC_DESIGN_SECURITY_CLASSIFICATION ( #1714, ( #2902 ) ) ;
#2744 = VERTEX_POINT ( 'NONE', #250 ) ;
#2745 = CALENDAR_DATE ( 2026, 9, 6 ) ;
#2746 = VERTEX_POINT ( 'NONE', #287 ) ;
#2747 = DIRECTION ( 'NONE',  ( -0.000000000000000000, 1.000000000000000000, -0.000000000000000000 ) ) ;
#2748 = ORIENTED_EDGE ( 'NONE', *, *, #1531, .F. ) ;
#2749 = PLANE ( 'NONE',  #169 ) ;
#2750 = DIRECTION ( 'NONE',  ( 0.000000000000000000, 0.000000000000000000, 1.000000000000000000 ) ) ;
#2751 = ADVANCED_FACE ( 'NONE', ( #2525, #1463 ), #2273, .F. ) ;
#2752 = ORIENTED_EDGE ( 'NONE', *, *, #1056, .T. ) ;
#2753 = CARTESIAN_POINT ( 'NONE',  ( -225.0000000000000568, 165.0000000000000000, 0.000000000000000000 ) ) ;
#2754 = ORIENTED_EDGE ( 'NONE', *, *, #1378, .F. ) ;
#2755 = ORIENTED_EDGE ( 'NONE', *, *, #1904, .T. ) ;
#2756 = PLANE ( 'NONE',  #622 ) ;
#2757 = CARTESIAN_POINT ( 'NONE',  ( 155.0000000000001421, -365.0000000000000568, 69.99999999999995737 ) ) ;
#2758 = EDGE_CURVE ( 'NONE', #279, #595, #2163, .T. ) ;
#2759 = DIRECTION ( 'NONE',  ( 0.000000000000000000, -0.000000000000000000, 1.000000000000000000 ) ) ;
#2760 = ORIENTED_EDGE ( 'NONE', *, *, #2039, .F. ) ;
#2761 = AXIS2_PLACEMENT_3D ( 'NONE', #2471, #1133, #15 ) ;
#2762 = CARTESIAN_POINT ( 'NONE',  ( -155.0000000000001421, -420.0000000000000568, 510.0000000000000000 ) ) ;
#2763 = LINE ( 'NONE', #1040, #1561 ) ;
#2764 = LINE ( 'NONE', #2377, #468 ) ;
#2765 = VERTEX_POINT ( 'NONE', #684 ) ;
#2766 = ORIENTED_EDGE ( 'NONE', *, *, #2078, .T. ) ;
#2767 = CARTESIAN_POINT ( 'NONE',  ( -155.0000000000001421, -420.0000000000000568, 485.0000000000000000 ) ) ;
#2768 = LINE ( 'NONE', #1230, #2161 ) ;
#2769 = EDGE_CURVE ( 'NONE', #664, #2606, #1345, .T. ) ;
#2770 = VECTOR ( 'NONE', #378, 1000.000000000000000 ) ;
#2771 = DIRECTION ( 'NONE',  ( 0.000000000000000000, 1.000000000000000000, 0.000000000000000000 ) ) ;
#2772 = DIRECTION ( 'NONE',  ( -1.000000000000000000, 0.000000000000000000, -0.000000000000000000 ) ) ;
#2773 = AXIS2_PLACEMENT_3D ( 'NONE', #2322, #92, #2339 ) ;
#2774 = DIRECTION ( 'NONE',  ( -1.000000000000000000, 0.000000000000000000, 0.000000000000000000 ) ) ;
#2775 = FACE_OUTER_BOUND ( 'NONE', #913, .T. ) ;
#2776 = CARTESIAN_POINT ( 'NONE',  ( 224.9999999999998579, 7.999999999999928946, 533.9999999999998863 ) ) ;
#2777 = ORIENTED_EDGE ( 'NONE', *, *, #1187, .T. ) ;
#2778 = DIRECTION ( 'NONE',  ( 0.000000000000000000, 1.000000000000000000, 0.000000000000000000 ) ) ;
#2779 = CARTESIAN_POINT ( 'NONE',  ( -155.0000000000001421, -380.0000000000000568, 530.0000000000000000 ) ) ;
#2780 = PERSON_AND_ORGANIZATION ( #1665, #227 ) ;
#2781 = CARTESIAN_POINT ( 'NONE',  ( -207.0000000000001421, -85.00000000000005684, 533.9999999999998863 ) ) ;
#2782 = EDGE_CURVE ( 'NONE', #2794, #836, #2406, .T. ) ;
#2783 = DIRECTION ( 'NONE',  ( 0.000000000000000000, -1.000000000000000000, 0.000000000000000000 ) ) ;
#2784 = DIRECTION ( 'NONE',  ( -0.000000000000000000, 1.000000000000000000, -0.000000000000000000 ) ) ;
#2785 = VERTEX_POINT ( 'NONE', #4 ) ;
#2786 = AXIS2_PLACEMENT_3D ( 'NONE', #2405, #1704, #1498 ) ;
#2787 = EDGE_LOOP ( 'NONE', ( #1050, #1690, #2792, #2679 ) ) ;
#2788 = EDGE_LOOP ( 'NONE', ( #2748, #1870, #454, #625 ) ) ;
#2789 = CARTESIAN_POINT ( 'NONE',  ( -225.0000000000000568, 165.0000000000000000, 0.000000000000000000 ) ) ;
#2790 = ORIENTED_EDGE ( 'NONE', *, *, #1921, .F. ) ;
#2791 = PLANE ( 'NONE',  #385 ) ;
#2792 = ORIENTED_EDGE ( 'NONE', *, *, #1063, .T. ) ;
#2793 = CARTESIAN_POINT ( 'NONE',  ( 155.0000000000001421, -420.0000000000000568, 69.99999999999995737 ) ) ;
#2794 = VERTEX_POINT ( 'NONE', #240 ) ;
#2795 = EDGE_CURVE ( 'NONE', #2646, #381, #1100, .T. ) ;
#2796 = LINE ( 'NONE', #980, #745 ) ;
#2797 = CIRCLE ( 'NONE', #1236, 25.00000000000000000 ) ;
#2798 = CC_DESIGN_PERSON_AND_ORGANIZATION_ASSIGNMENT ( #1573, #466, ( #2190 ) ) ;
#2799 = VECTOR ( 'NONE', #1622, 1000.000000000000000 ) ;
#2800 = DIRECTION ( 'NONE',  ( -0.000000000000000000, -1.000000000000000000, -0.000000000000000000 ) ) ;
#2801 = VECTOR ( 'NONE', #285, 1000.000000000000000 ) ;
#2802 = LINE ( 'NONE', #81, #438 ) ;
#2803 = CARTESIAN_POINT ( 'NONE',  ( 224.9999999999998579, -67.00000000000005684, 580.0000000000000000 ) ) ;
#2804 = FACE_OUTER_BOUND ( 'NONE', #2003, .T. ) ;
#2805 = DIRECTION ( 'NONE',  ( 0.000000000000000000, -1.000000000000000000, 0.000000000000000000 ) ) ;
#2806 = ORIENTED_EDGE ( 'NONE', *, *, #994, .F. ) ;
#2807 = AXIS2_PLACEMENT_3D ( 'NONE', #443, #1960, #2645 ) ;
#2808 = DATE_AND_TIME ( #1645, #580 ) ;
#2809 = DIRECTION ( 'NONE',  ( 0.000000000000000000, 0.000000000000000000, -1.000000000000000000 ) ) ;
#2810 = CARTESIAN_POINT ( 'NONE',  ( -225.0000000000001421, 345.0000000000000568, 551.9999999999998863 ) ) ;
#2811 = ORIENTED_EDGE ( 'NONE', *, *, #1975, .T. ) ;
#2812 = DIRECTION ( 'NONE',  ( 0.000000000000000000, 0.000000000000000000, 1.000000000000000000 ) ) ;
#2813 = CARTESIAN_POINT ( 'NONE',  ( 155.0000000000001421, -420.0000000000000568, 535.0000000000000000 ) ) ;
#2814 = EDGE_CURVE ( 'NONE', #2048, #2657, #1501, .T. ) ;
#2815 = SHAPE_DEFINITION_REPRESENTATION ( #2681, #1718 ) ;
#2816 = VERTEX_POINT ( 'NONE', #2504 ) ;
#2817 = DIRECTION ( 'NONE',  ( 0.000000000000000000, -1.000000000000000000, 0.000000000000000000 ) ) ;
#2818 = CARTESIAN_POINT ( 'NONE',  ( -155.0000000000001421, -380.0000000000000568, 69.99999999999995737 ) ) ;
#2819 = DIRECTION ( 'NONE',  ( 0.000000000000000000, -1.000000000000000000, 0.000000000000000000 ) ) ;
#2820 = ORIENTED_EDGE ( 'NONE', *, *, #2782, .F. ) ;
#2821 = AXIS2_PLACEMENT_3D ( 'NONE', #347, #1439, #2136 ) ;
#2822 = EDGE_LOOP ( 'NONE', ( #171, #213 ) ) ;
#2823 = VERTEX_POINT ( 'NONE', #1784 ) ;
#2824 = VERTEX_POINT ( 'NONE', #380 ) ;
#2825 = CARTESIAN_POINT ( 'NONE',  ( -225.0000000000001421, -10.00000000000006750, 551.9999999999998863 ) ) ;
#2826 = CIRCLE ( 'NONE', #1067, 20.00000000000001776 ) ;
#2827 = VECTOR ( 'NONE', #896, 1000.000000000000000 ) ;
#2828 = EDGE_CURVE ( 'NONE', #1372, #2355, #1323, .T. ) ;
#2829 = VERTEX_POINT ( 'NONE', #2380 ) ;
#2830 = VERTEX_POINT ( 'NONE', #2259 ) ;
#2831 = CARTESIAN_POINT ( 'NONE',  ( 224.9999999999998579, -67.00000000000005684, 580.0000000000000000 ) ) ;
#2832 = LINE ( 'NONE', #318, #677 ) ;
#2833 = VECTOR ( 'NONE', #2864, 1000.000000000000000 ) ;
#2834 = EDGE_CURVE ( 'NONE', #1254, #2606, #401, .T. ) ;
#2835 = CC_DESIGN_DATE_AND_TIME_ASSIGNMENT ( #659, #1188, ( #1151 ) ) ;
#2836 = PLANE ( 'NONE',  #1989 ) ;
#2837 = CARTESIAN_POINT ( 'NONE',  ( 205.0000000000000284, 32.99999999999997868, 0.000000000000000000 ) ) ;
#2838 = CARTESIAN_POINT ( 'NONE',  ( -1.156482317317871228E-13, 154.9999999999998863, 580.9533922412413176 ) ) ;
#2839 = AXIS2_PLACEMENT_3D ( 'NONE', #471, #929, #2489 ) ;
#2840 = LINE ( 'NONE', #248, #2237 ) ;
#2841 = CARTESIAN_POINT ( 'NONE',  ( 206.9999999999998863, -10.00000000000004619, 99.99999999999997158 ) ) ;
#2842 = ORIENTED_EDGE ( 'NONE', *, *, #1551, .T. ) ;
#2843 = DIRECTION ( 'NONE',  ( 0.000000000000000000, 0.000000000000000000, -1.000000000000000000 ) ) ;
#2844 = CARTESIAN_POINT ( 'NONE',  ( 0.000000000000000000, 0.000000000000000000, 0.000000000000000000 ) ) ;
#2845 = PERSON_AND_ORGANIZATION ( #1665, #227 ) ;
#2846 = DIRECTION ( 'NONE',  ( 0.000000000000000000, 0.000000000000000000, -1.000000000000000000 ) ) ;
#2847 = DIRECTION ( 'NONE',  ( 0.000000000000000000, -1.000000000000000000, 0.000000000000000000 ) ) ;
#2848 = ORIENTED_EDGE ( 'NONE', *, *, #1755, .F. ) ;
#2849 = EDGE_CURVE ( 'NONE', #356, #389, #1007, .T. ) ;
#2850 = CC_DESIGN_PERSON_AND_ORGANIZATION_ASSIGNMENT ( #485, #1269, ( #311 ) ) ;
#2851 = VERTEX_POINT ( 'NONE', #1252 ) ;
#2852 = CARTESIAN_POINT ( 'NONE',  ( 155.0000000000001421, -380.0000000000000568, 510.0000000000000000 ) ) ;
#2853 = APPLICATION_PROTOCOL_DEFINITION ( 'international standard', 'config_control_design', 1994, #1295 ) ;
#2854 = ORIENTED_EDGE ( 'NONE', *, *, #561, .F. ) ;
#2855 = ORIENTED_EDGE ( 'NONE', *, *, #1326, .T. ) ;
#2856 = EDGE_CURVE ( 'NONE', #890, #553, #1917, .T. ) ;
#2857 = DIRECTION ( 'NONE',  ( 0.000000000000000000, -1.000000000000000000, 0.000000000000000000 ) ) ;
#2858 = DIRECTION ( 'NONE',  ( 0.000000000000000000, 1.000000000000000000, 0.000000000000000000 ) ) ;
#2859 = VERTEX_POINT ( 'NONE', #814 ) ;
#2860 = DIRECTION ( 'NONE',  ( 0.000000000000000000, 0.000000000000000000, 1.000000000000000000 ) ) ;
#2861 = AXIS2_PLACEMENT_3D ( 'NONE', #1553, #920, #237 ) ;
#2862 = EDGE_LOOP ( 'NONE', ( #211, #1967, #1595, #2422 ) ) ;
#2863 = VECTOR ( 'NONE', #1294, 1000.000000000000000 ) ;
#2864 = DIRECTION ( 'NONE',  ( -1.000000000000000000, -0.000000000000000000, -0.000000000000000000 ) ) ;
#2865 = APPLICATION_CONTEXT ( 'configuration controlled 3d designs of mechanical parts and assemblies' ) ;
#2866 = VECTOR ( 'NONE', #2212, 1000.000000000000000 ) ;
#2867 = CARTESIAN_POINT ( 'NONE',  ( 155.0000000000001421, -380.0000000000000568, 96.99999999999994316 ) ) ;
#2868 = LINE ( 'NONE', #2475, #2378 ) ;
#2869 = ADVANCED_FACE ( 'NONE', ( #51 ), #1259, .T. ) ;
#2870 = EDGE_CURVE ( 'NONE', #867, #239, #648, .T. ) ;
#2871 = FACE_OUTER_BOUND ( 'NONE', #2723, .T. ) ;
#2872 = DIRECTION ( 'NONE',  ( 0.000000000000000000, 1.000000000000000000, 0.000000000000000000 ) ) ;
#2873 = LINE ( 'NONE', #2419, #1672 ) ;
#2874 = CARTESIAN_POINT ( 'NONE',  ( -155.0000000000001421, -380.0000000000000568, 510.0000000000000000 ) ) ;
#2875 = DIRECTION ( 'NONE',  ( 1.000000000000000000, 0.000000000000000000, 0.000000000000000000 ) ) ;
#2876 = DIRECTION ( 'NONE',  ( 0.000000000000000000, 0.000000000000000000, 1.000000000000000000 ) ) ;
#2877 = CARTESIAN_POINT ( 'NONE',  ( -207.0000000000001421, 269.9999999999998863, 580.0000000000000000 ) ) ;
#2878 = EDGE_LOOP ( 'NONE', ( #402, #375, #767, #1716 ) ) ;
#2879 = FACE_OUTER_BOUND ( 'NONE', #2505, .T. ) ;
#2880 = DIRECTION ( 'NONE',  ( 0.000000000000000000, -1.000000000000000000, 0.000000000000000000 ) ) ;
#2881 = VERTEX_POINT ( 'NONE', #1661 ) ;
#2882 = EDGE_CURVE ( 'NONE', #1320, #1310, #2572, .T. ) ;
#2883 = CARTESIAN_POINT ( 'NONE',  ( 155.0000000000001421, -380.0000000000000568, 69.99999999999995737 ) ) ;
#2884 = CARTESIAN_POINT ( 'NONE',  ( 224.9999999999998579, 7.999999999999934275, 580.0000000000000000 ) ) ;
#2885 = EDGE_CURVE ( 'NONE', #560, #65, #269, .T. ) ;
#2886 = APPROVAL ( #2035, 'UNKNOWN' ) ;
#2887 = ORIENTED_EDGE ( 'NONE', *, *, #618, .T. ) ;
#2888 = CARTESIAN_POINT ( 'NONE',  ( -225.0000000000001421, -365.0000000000000568, 580.0000000000000000 ) ) ;
#2889 = AXIS2_PLACEMENT_3D ( 'NONE', #2852, #2170, #837 ) ;
#2890 = ORIENTED_EDGE ( 'NONE', *, *, #105, .T. ) ;
#2891 = DIRECTION ( 'NONE',  ( 0.000000000000000000, 0.000000000000000000, -1.000000000000000000 ) ) ;
#2892 = ADVANCED_FACE ( 'NONE', ( #2424 ), #371, .F. ) ;
#2893 = DIRECTION ( 'NONE',  ( 0.000000000000000000, -1.000000000000000000, 0.000000000000000000 ) ) ;
#2894 = AXIS2_PLACEMENT_3D ( 'NONE', #431, #2637, #2860 ) ;
#2895 = LINE ( 'NONE', #2837, #2683 ) ;
#2896 = VECTOR ( 'NONE', #1068, 1000.000000000000000 ) ;
#2897 = VECTOR ( 'NONE', #1563, 1000.000000000000000 ) ;
#2898 = ORIENTED_EDGE ( 'NONE', *, *, #325, .F. ) ;
#2899 = DIRECTION ( 'NONE',  ( -1.000000000000000000, 0.000000000000000000, -0.000000000000000000 ) ) ;
#2900 = NEXT_ASSEMBLY_USAGE_OCCURRENCE ( 'NAUO1', ' ', ' ', #2649, #2151, $ ) ;
#2901 = NEXT_ASSEMBLY_USAGE_OCCURRENCE ( 'NAUO2', ' ', ' ', #2649, #1592, $ ) ;
#2902 = NEXT_ASSEMBLY_USAGE_OCCURRENCE ( 'NAUO3', ' ', ' ', #2649, #1592, $ ) ;
ENDSEC;
END-ISO-10303-21;
