ISO-10303-21;
HEADER;
FILE_DESCRIPTION (( 'STEP AP203' ),
    '1' );
FILE_NAME ('地柜11.STEP',
    '2026-06-09T02:19:48',
    ( 'Windows 用户' ),
    ( 'Microsoft' ),
    'SwSTEP 2.0',
    'SolidWorks 2018',
    '' );
FILE_SCHEMA (( 'CONFIG_CONTROL_DESIGN' ));
ENDSEC;

DATA;
#1 = AXIS2_PLACEMENT_3D ( 'NONE', #2457, #3289, #2989 ) ;
#2 = LINE ( 'NONE', #795, #1003 ) ;
#3 = CARTESIAN_POINT ( 'NONE',  ( 380.0000000000001705, -435.0000000000000000, 69.99999999999995737 ) ) ;
#4 = CARTESIAN_POINT ( 'NONE',  ( -450.0000000000000568, 365.0000000000000568, 612.2599999999998772 ) ) ;
#5 = LINE ( 'NONE', #2508, #753 ) ;
#6 = VERTEX_POINT ( 'NONE', #676 ) ;
#7 = CARTESIAN_POINT ( 'NONE',  ( 380.0000000000001705, -380.0000000000000000, 510.0000000000000000 ) ) ;
#8 = AXIS2_PLACEMENT_3D ( 'NONE', #2223, #555, #834 ) ;
#9 = VERTEX_POINT ( 'NONE', #3527 ) ;
#10 = VERTEX_POINT ( 'NONE', #2661 ) ;
#11 = CIRCLE ( 'NONE', #2892, 27.00000000000000355 ) ;
#12 = EDGE_CURVE ( 'NONE', #2990, #1350, #956, .T. ) ;
#13 = VERTEX_POINT ( 'NONE', #963 ) ;
#14 = DIRECTION ( 'NONE',  ( -0.000000000000000000, 1.000000000000000000, -0.000000000000000000 ) ) ;
#15 = CARTESIAN_POINT ( 'NONE',  ( 449.9999999999999432, 308.0000000000000568, 580.0000000000000000 ) ) ;
#16 = CARTESIAN_POINT ( 'NONE',  ( 0.000000000000000000, 0.000000000000000000, 612.2599999999998772 ) ) ;
#17 = ADVANCED_FACE ( 'NONE', ( #639 ), #1575, .F. ) ;
#18 = EDGE_CURVE ( 'NONE', #223, #2310, #995, .T. ) ;
#19 = CARTESIAN_POINT ( 'NONE',  ( 0.000000000000000000, -197.4999999999999432, 594.2781269104968942 ) ) ;
#20 = CALENDAR_DATE ( 2026, 9, 6 ) ;
#21 = ORIENTED_EDGE ( 'NONE', *, *, #1379, .F. ) ;
#22 = CARTESIAN_POINT ( 'NONE',  ( -380.0000000000001705, -420.0000000000000000, 94.99999999999995737 ) ) ;
#23 = ORIENTED_EDGE ( 'NONE', *, *, #732, .T. ) ;
#24 = APPROVAL ( #1365, 'UNKNOWN' ) ;
#25 = APPROVAL_PERSON_ORGANIZATION ( #1725, #1312, #722 ) ;
#26 = AXIS2_PLACEMENT_3D ( 'NONE', #1062, #1362, #2467 ) ;
#27 = DIRECTION ( 'NONE',  ( -2.775557561562895295E-16, 0.000000000000000000, 1.000000000000000000 ) ) ;
#28 = CARTESIAN_POINT ( 'NONE',  ( 449.9999999999999432, 17.99999999999994316, 580.0000000000000000 ) ) ;
#29 = ORIENTED_EDGE ( 'NONE', *, *, #1008, .F. ) ;
#30 = EDGE_CURVE ( 'NONE', #2032, #2819, #3268, .T. ) ;
#31 = ORIENTED_EDGE ( 'NONE', *, *, #1824, .T. ) ;
#32 = VERTEX_POINT ( 'NONE', #2102 ) ;
#33 = DIRECTION ( 'NONE',  ( -0.000000000000000000, 1.000000000000000000, -0.000000000000000000 ) ) ;
#34 = ADVANCED_FACE ( 'NONE', ( #635 ), #3578, .T. ) ;
#35 = ORIENTED_EDGE ( 'NONE', *, *, #1604, .F. ) ;
#36 = ORIENTED_EDGE ( 'NONE', *, *, #2357, .T. ) ;
#37 = CARTESIAN_POINT ( 'NONE',  ( -214.9999999999999716, 375.0000000000000000, 258.0000000000000000 ) ) ;
#38 = CARTESIAN_POINT ( 'NONE',  ( 35.00000000000006395, 397.0000000000000000, 492.0000000000000000 ) ) ;
#39 = FACE_OUTER_BOUND ( 'NONE', #2307, .T. ) ;
#40 = VECTOR ( 'NONE', #2721, 1000.000000000000000 ) ;
#41 = CARTESIAN_POINT ( 'NONE',  ( 449.9999999999999432, 318.0000000000000568, 551.9999999999998863 ) ) ;
#42 = FACE_OUTER_BOUND ( 'NONE', #1051, .T. ) ;
#43 = VERTEX_POINT ( 'NONE', #998 ) ;
#44 = LINE ( 'NONE', #3552, #2960 ) ;
#45 = AXIS2_PLACEMENT_3D ( 'NONE', #876, #3143, #1468 ) ;
#46 = UNCERTAINTY_MEASURE_WITH_UNIT (LENGTH_MEASURE( 1.000000000000000082E-05 ), #2055, 'distance_accuracy_value', 'NONE');
#47 = DIRECTION ( 'NONE',  ( 0.000000000000000000, 0.000000000000000000, 1.000000000000000000 ) ) ;
#48 = DIRECTION ( 'NONE',  ( -0.000000000000000000, -0.000000000000000000, -1.000000000000000000 ) ) ;
#49 = CIRCLE ( 'NONE', #1651, 20.00000000000001776 ) ;
#50 = ADVANCED_FACE ( 'NONE', ( #1174 ), #702, .F. ) ;
#51 = ORIENTED_EDGE ( 'NONE', *, *, #1274, .F. ) ;
#52 = CIRCLE ( 'NONE', #2206, 25.00000000000000711 ) ;
#53 = DIRECTION ( 'NONE',  ( 0.000000000000000000, 0.000000000000000000, 1.000000000000000000 ) ) ;
#54 = FACE_OUTER_BOUND ( 'NONE', #2400, .T. ) ;
#55 = DIRECTION ( 'NONE',  ( 0.000000000000000000, -1.000000000000000000, 0.000000000000000000 ) ) ;
#56 = EDGE_CURVE ( 'NONE', #1720, #3288, #3447, .T. ) ;
#57 = VECTOR ( 'NONE', #58, 1000.000000000000000 ) ;
#58 = DIRECTION ( 'NONE',  ( -1.000000000000000000, -0.000000000000000000, -0.000000000000000000 ) ) ;
#59 = VERTEX_POINT ( 'NONE', #2406 ) ;
#60 = AXIS2_PLACEMENT_3D ( 'NONE', #1073, #1023, #3588 ) ;
#61 = DATE_AND_TIME ( #1183, #812 ) ;
#62 = CARTESIAN_POINT ( 'NONE',  ( 35.00000000000006395, 397.0000000000000000, 507.0000000000000000 ) ) ;
#63 = EDGE_LOOP ( 'NONE', ( #2235, #1567, #2329, #256 ) ) ;
#64 = ORIENTED_EDGE ( 'NONE', *, *, #2789, .F. ) ;
#65 = AXIS2_PLACEMENT_3D ( 'NONE', #2111, #3445, #2908 ) ;
#66 = COORDINATED_UNIVERSAL_TIME_OFFSET ( 8, 0, .AHEAD. ) ;
#67 = ADVANCED_FACE ( 'NONE', ( #235 ), #985, .F. ) ;
#68 = DIRECTION ( 'NONE',  ( 0.000000000000000000, 0.000000000000000000, 1.000000000000000000 ) ) ;
#69 = EDGE_CURVE ( 'NONE', #108, #2143, #673, .T. ) ;
#70 = VERTEX_POINT ( 'NONE', #2759 ) ;
#71 = ORIENTED_EDGE ( 'NONE', *, *, #2638, .F. ) ;
#72 = LINE ( 'NONE', #3047, #3082 ) ;
#73 = CARTESIAN_POINT ( 'NONE',  ( 0.000000000000000000, -131.4999999999999716, 0.000000000000000000 ) ) ;
#74 = ORIENTED_EDGE ( 'NONE', *, *, #1737, .F. ) ;
#75 = LINE ( 'NONE', #3209, #2992 ) ;
#76 = CARTESIAN_POINT ( 'NONE',  ( -382.0000000000000000, 1.734723475976807094E-14, 99.99999999999987210 ) ) ;
#77 = LINE ( 'NONE', #2384, #2232 ) ;
#78 = DIRECTION ( 'NONE',  ( 0.000000000000000000, -1.000000000000000000, -0.000000000000000000 ) ) ;
#79 = CARTESIAN_POINT ( 'NONE',  ( -432.0000000000000568, -75.00000000000005684, 580.0000000000000000 ) ) ;
#80 = FACE_OUTER_BOUND ( 'NONE', #551, .T. ) ;
#81 = VECTOR ( 'NONE', #380, 1000.000000000000000 ) ;
#82 = PERSON_AND_ORGANIZATION_ROLE ( 'design_owner' ) ;
#83 = PRODUCT_DEFINITION_FORMATION_WITH_SPECIFIED_SOURCE ( '任何', '', #628, .NOT_KNOWN. ) ;
#84 = AXIS2_PLACEMENT_3D ( 'NONE', #900, #2620, #2907 ) ;
#85 = ORIENTED_EDGE ( 'NONE', *, *, #312, .F. ) ;
#86 = VERTEX_POINT ( 'NONE', #2189 ) ;
#87 = FACE_OUTER_BOUND ( 'NONE', #2148, .T. ) ;
#88 = DIRECTION ( 'NONE',  ( 0.000000000000000000, 0.000000000000000000, 1.000000000000000000 ) ) ;
#89 = EDGE_CURVE ( 'NONE', #412, #1518, #1490, .T. ) ;
#90 = CARTESIAN_POINT ( 'NONE',  ( -450.0000000000000568, -365.0000000000000000, 580.0000000000000000 ) ) ;
#91 = AXIS2_PLACEMENT_3D ( 'NONE', #2786, #1432, #251 ) ;
#92 = CARTESIAN_POINT ( 'NONE',  ( -432.0000000000000568, 347.0000000000000000, 533.9999999999998863 ) ) ;
#93 = PRODUCT_DEFINITION_SHAPE ( 'NONE', 'NONE',  #3655 ) ;
#94 = CARTESIAN_POINT ( 'NONE',  ( -450.0000000000000568, -365.0000000000000000, 0.000000000000000000 ) ) ;
#95 = APPROVAL_STATUS ( 'not_yet_approved' ) ;
#96 = CIRCLE ( 'NONE', #1116, 25.00000000000000711 ) ;
#97 = EDGE_CURVE ( 'NONE', #1706, #1646, #1712, .T. ) ;
#98 = CONTEXT_DEPENDENT_SHAPE_REPRESENTATION ( #725, #93 ) ;
#99 = ORIENTED_EDGE ( 'NONE', *, *, #2388, .F. ) ;
#100 = CARTESIAN_POINT ( 'NONE',  ( 127.6456385958150150, -131.4999999999999716, 0.000000000000000000 ) ) ;
#101 = ORIENTED_EDGE ( 'NONE', *, *, #2881, .T. ) ;
#102 = CARTESIAN_POINT ( 'NONE',  ( -450.0000000000000568, 318.0000000000000568, 551.9999999999998863 ) ) ;
#103 = COORDINATED_UNIVERSAL_TIME_OFFSET ( 8, 0, .AHEAD. ) ;
#104 = EDGE_LOOP ( 'NONE', ( #1774, #217 ) ) ;
#105 = ORIENTED_EDGE ( 'NONE', *, *, #3030, .F. ) ;
#106 = CALENDAR_DATE ( 2026, 9, 6 ) ;
#107 = APPLICATION_PROTOCOL_DEFINITION ( 'international standard', 'config_control_design', 1994, #1831 ) ;
#108 = VERTEX_POINT ( 'NONE', #170 ) ;
#109 = AXIS2_PLACEMENT_3D ( 'NONE', #2009, #1193, #3122 ) ;
#110 = EDGE_LOOP ( 'NONE', ( #2124, #345, #2220, #1137 ) ) ;
#111 = DIRECTION ( 'NONE',  ( 0.000000000000000000, 0.000000000000000000, -1.000000000000000000 ) ) ;
#112 = AXIS2_PLACEMENT_3D ( 'NONE', #1698, #559, #2519 ) ;
#113 = EDGE_CURVE ( 'NONE', #591, #1351, #3108, .T. ) ;
#114 = CARTESIAN_POINT ( 'NONE',  ( 449.9999999999999432, -5.551115123125782702E-14, 580.0000000000000000 ) ) ;
#115 = EDGE_LOOP ( 'NONE', ( #3025, #1498, #379, #1331 ) ) ;
#116 = DIRECTION ( 'NONE',  ( 0.000000000000000000, -1.000000000000000000, 0.000000000000000000 ) ) ;
#117 = FACE_OUTER_BOUND ( 'NONE', #3327, .T. ) ;
#118 = LINE ( 'NONE', #3547, #575 ) ;
#119 = APPLICATION_CONTEXT ( 'configuration controlled 3d designs of mechanical parts and assemblies' ) ;
#120 = ORIENTED_EDGE ( 'NONE', *, *, #295, .F. ) ;
#121 = VECTOR ( 'NONE', #2447, 1000.000000000000000 ) ;
#122 = VECTOR ( 'NONE', #1143, 1000.000000000000000 ) ;
#123 = ORIENTED_EDGE ( 'NONE', *, *, #1975, .F. ) ;
#124 = VERTEX_POINT ( 'NONE', #2456 ) ;
#125 = CARTESIAN_POINT ( 'NONE',  ( -380.0000000000001705, -420.0000000000000000, 69.99999999999995737 ) ) ;
#126 = FACE_OUTER_BOUND ( 'NONE', #2859, .T. ) ;
#127 = CARTESIAN_POINT ( 'NONE',  ( 412.0000000000001705, -131.4999999999999716, -261.9999999999999432 ) ) ;
#128 = EDGE_CURVE ( 'NONE', #282, #6, #1983, .T. ) ;
#129 = CARTESIAN_POINT ( 'NONE',  ( 0.000000000000000000, -131.4999999999999716, 0.000000000000000000 ) ) ;
#130 = PLANE ( 'NONE',  #1209 ) ;
#131 = ORIENTED_EDGE ( 'NONE', *, *, #3061, .T. ) ;
#132 = DIRECTION ( 'NONE',  ( 0.000000000000000000, 0.000000000000000000, -1.000000000000000000 ) ) ;
#133 = AXIS2_PLACEMENT_3D ( 'NONE', #1649, #227, #2228 ) ;
#134 = FACE_OUTER_BOUND ( 'NONE', #2750, .T. ) ;
#135 = EDGE_CURVE ( 'NONE', #2665, #2032, #1891, .T. ) ;
#136 = CC_DESIGN_PERSON_AND_ORGANIZATION_ASSIGNMENT ( #1459, #3477, ( #352 ) ) ;
#137 = DIRECTION ( 'NONE',  ( -1.000000000000000000, 0.000000000000000000, -0.000000000000000000 ) ) ;
#138 = EDGE_LOOP ( 'NONE', ( #3543, #2941, #1462, #1884, #131, #249, #85, #3043, #1182, #793, #800, #2484 ) ) ;
#139 = ADVANCED_FACE ( 'NONE', ( #442 ), #1451, .T. ) ;
#140 = VECTOR ( 'NONE', #2332, 1000.000000000000000 ) ;
#141 = CARTESIAN_POINT ( 'NONE',  ( 380.0000000000001705, -380.0000000000000000, 42.99999999999995026 ) ) ;
#142 = CARTESIAN_POINT ( 'NONE',  ( 380.0000000000001705, -435.0000000000000000, 485.0000000000000000 ) ) ;
#143 = DIRECTION ( 'NONE',  ( 0.000000000000000000, 1.000000000000000000, 0.000000000000000000 ) ) ;
#144 = FACE_OUTER_BOUND ( 'NONE', #2354, .T. ) ;
#145 = DIRECTION ( 'NONE',  ( -0.000000000000000000, 1.000000000000000000, -0.000000000000000000 ) ) ;
#146 = VERTEX_POINT ( 'NONE', #2160 ) ;
#147 = COORDINATED_UNIVERSAL_TIME_OFFSET ( 8, 0, .AHEAD. ) ;
#148 = ORIENTED_EDGE ( 'NONE', *, *, #1960, .T. ) ;
#149 = EDGE_CURVE ( 'NONE', #1518, #2372, #1124, .T. ) ;
#150 = ORIENTED_EDGE ( 'NONE', *, *, #1012, .F. ) ;
#151 = CARTESIAN_POINT ( 'NONE',  ( -432.0000000000000568, -75.00000000000005684, 580.0000000000000000 ) ) ;
#152 = VERTEX_POINT ( 'NONE', #775 ) ;
#153 = DIRECTION ( 'NONE',  ( -0.000000000000000000, 1.000000000000000000, -0.000000000000000000 ) ) ;
#154 = EDGE_LOOP ( 'NONE', ( #1450, #3169, #2496, #400 ) ) ;
#155 = FACE_BOUND ( 'NONE', #1747, .T. ) ;
#156 = APPROVAL ( #2227, 'UNKNOWN' ) ;
#157 = CARTESIAN_POINT ( 'NONE',  ( 431.9999999999999432, -75.00000000000007105, 533.9999999999998863 ) ) ;
#158 = ORIENTED_EDGE ( 'NONE', *, *, #3110, .F. ) ;
#159 = DIRECTION ( 'NONE',  ( 0.000000000000000000, 1.000000000000000000, 0.000000000000000000 ) ) ;
#160 = EDGE_CURVE ( 'NONE', #436, #453, #3357, .T. ) ;
#161 = EDGE_LOOP ( 'NONE', ( #1419, #318 ) ) ;
#162 = CARTESIAN_POINT ( 'NONE',  ( 449.9999999999999432, -75.00000000000007105, 533.9999999999998863 ) ) ;
#163 = FACE_OUTER_BOUND ( 'NONE', #405, .T. ) ;
#164 = EDGE_LOOP ( 'NONE', ( #3572, #3210, #2677, #1279 ) ) ;
#165 = DIRECTION ( 'NONE',  ( -0.000000000000000000, -1.000000000000000000, -0.000000000000000000 ) ) ;
#166 = PLANE ( 'NONE',  #2625 ) ;
#167 = CARTESIAN_POINT ( 'NONE',  ( 109.6456385958148871, 30.50000000000000000, -244.0000000000000284 ) ) ;
#168 = FACE_BOUND ( 'NONE', #1618, .T. ) ;
#169 = EDGE_CURVE ( 'NONE', #2340, #3651, #1534, .T. ) ;
#170 = CARTESIAN_POINT ( 'NONE',  ( -449.9999999999999432, -167.5000000000000000, 20.00000000000000000 ) ) ;
#171 = VERTEX_POINT ( 'NONE', #487 ) ;
#172 = CARTESIAN_POINT ( 'NONE',  ( -380.0000000000001705, -420.0000000000000000, 69.99999999999995737 ) ) ;
#173 = DIRECTION ( 'NONE',  ( -0.000000000000000000, 1.000000000000000000, -0.000000000000000000 ) ) ;
#174 = CYLINDRICAL_SURFACE ( 'NONE', #1441, 25.00000000000002132 ) ;
#175 = EDGE_CURVE ( 'NONE', #1226, #3478, #896, .T. ) ;
#176 = DIRECTION ( 'NONE',  ( -0.000000000000000000, -1.000000000000000000, -0.000000000000000000 ) ) ;
#177 = LINE ( 'NONE', #3341, #1612 ) ;
#178 = CARTESIAN_POINT ( 'NONE',  ( 449.9999999999999432, 290.0000000000000568, 533.9999999999998863 ) ) ;
#179 = DIRECTION ( 'NONE',  ( -0.000000000000000000, -1.000000000000000000, -0.000000000000000000 ) ) ;
#180 = ADVANCED_FACE ( 'NONE', ( #982 ), #3154, .T. ) ;
#181 = CARTESIAN_POINT ( 'NONE',  ( -380.0000000000001705, -420.0000000000000000, 510.0000000000000000 ) ) ;
#182 = CARTESIAN_POINT ( 'NONE',  ( -380.0000000000001705, -365.0000000000000000, 536.9999999999998863 ) ) ;
#183 = CARTESIAN_POINT ( 'NONE',  ( -450.0000000000000568, -365.0000000000000000, 580.0000000000000000 ) ) ;
#184 = ORIENTED_EDGE ( 'NONE', *, *, #97, .T. ) ;
#185 = LINE ( 'NONE', #3551, #1842 ) ;
#186 = DIRECTION ( 'NONE',  ( -0.000000000000000000, 1.000000000000000000, -0.000000000000000000 ) ) ;
#187 = DIRECTION ( 'NONE',  ( 1.000000000000000000, -1.210272192541958369E-16, 0.000000000000000000 ) ) ;
#188 = PLANE ( 'NONE',  #1163 ) ;
#189 = ORIENTED_EDGE ( 'NONE', *, *, #2887, .T. ) ;
#190 = AXIS2_PLACEMENT_3D ( 'NONE', #1838, #116, #2125 ) ;
#191 = PLANE ( 'NONE',  #522 ) ;
#192 = LOCAL_TIME ( 10, 19, 48.00000000000000000, #3022 ) ;
#193 = VERTEX_POINT ( 'NONE', #1354 ) ;
#194 = APPLICATION_CONTEXT ( 'configuration controlled 3d designs of mechanical parts and assemblies' ) ;
#195 = DIRECTION ( 'NONE',  ( 0.000000000000000000, 0.000000000000000000, -1.000000000000000000 ) ) ;
#196 = ORIENTED_EDGE ( 'NONE', *, *, #781, .T. ) ;
#197 = CARTESIAN_POINT ( 'NONE',  ( -380.0000000000001705, -420.0000000000000000, 510.0000000000000000 ) ) ;
#198 = EDGE_CURVE ( 'NONE', #9, #1229, #803, .T. ) ;
#199 = DATE_AND_TIME ( #1906, #2413 ) ;
#200 = CARTESIAN_POINT ( 'NONE',  ( -450.0000000000000568, 318.0000000000000568, 562.0000000000000000 ) ) ;
#201 = ORIENTED_EDGE ( 'NONE', *, *, #2420, .F. ) ;
#202 = EDGE_LOOP ( 'NONE', ( #1493, #2041, #3103, #407 ) ) ;
#203 = LINE ( 'NONE', #183, #464 ) ;
#204 = CARTESIAN_POINT ( 'NONE',  ( 380.0000000000001705, -435.0000000000000000, 69.99999999999995737 ) ) ;
#205 = EDGE_LOOP ( 'NONE', ( #703, #1237 ) ) ;
#206 = ORIENTED_EDGE ( 'NONE', *, *, #12, .T. ) ;
#207 = ADVANCED_BREP_SHAPE_REPRESENTATION ( '', ( #2843, #1796 ), #3168 ) ;
#208 = CARTESIAN_POINT ( 'NONE',  ( 380.0000000000001705, -435.0000000000000000, 44.99999999999994316 ) ) ;
#209 = EDGE_LOOP ( 'NONE', ( #1611, #2126, #332, #609 ) ) ;
#210 = APPROVAL_ROLE ( '' ) ;
#211 = PLANE ( 'NONE',  #1894 ) ;
#212 = CARTESIAN_POINT ( 'NONE',  ( 380.0000000000001705, -380.0000000000000000, 42.99999999999995026 ) ) ;
#213 = CC_DESIGN_DATE_AND_TIME_ASSIGNMENT ( #3071, #902, ( #1506 ) ) ;
#214 = EDGE_LOOP ( 'NONE', ( #317, #1297, #2549, #3587 ) ) ;
#215 = VECTOR ( 'NONE', #2277, 1000.000000000000000 ) ;
#216 = VECTOR ( 'NONE', #3202, 1000.000000000000000 ) ;
#217 = ORIENTED_EDGE ( 'NONE', *, *, #1041, .T. ) ;
#218 = EDGE_CURVE ( 'NONE', #3478, #2901, #2114, .T. ) ;
#219 = CARTESIAN_POINT ( 'NONE',  ( -380.0000000000001705, -365.0000000000000000, 96.99999999999994316 ) ) ;
#220 = LINE ( 'NONE', #248, #2878 ) ;
#221 = ADVANCED_FACE ( 'NONE', ( #54 ), #211, .F. ) ;
#222 = DIRECTION ( 'NONE',  ( 1.000000000000000000, 0.000000000000000000, 0.000000000000000000 ) ) ;
#223 = VERTEX_POINT ( 'NONE', #2825 ) ;
#224 = VECTOR ( 'NONE', #2875, 1000.000000000000000 ) ;
#225 = PERSON_AND_ORGANIZATION_ROLE ( 'classification_officer' ) ;
#226 = CARTESIAN_POINT ( 'NONE',  ( -380.0000000000001705, -380.0000000000000000, 510.0000000000000000 ) ) ;
#227 = DIRECTION ( 'NONE',  ( 0.000000000000000000, 0.000000000000000000, -1.000000000000000000 ) ) ;
#228 = EDGE_LOOP ( 'NONE', ( #1412, #3642, #504, #691, #31, #1776, #2630, #3267, #2342, #1642, #3546, #344, #438, #1815 ) ) ;
#229 = CIRCLE ( 'NONE', #3251, 20.00000000000001776 ) ;
#230 = CARTESIAN_POINT ( 'NONE',  ( 431.9999999999999432, 347.0000000000000000, 0.000000000000000000 ) ) ;
#231 = ORIENTED_EDGE ( 'NONE', *, *, #423, .T. ) ;
#232 = VECTOR ( 'NONE', #3648, 1000.000000000000000 ) ;
#233 = CARTESIAN_POINT ( 'NONE',  ( -432.0000000000000568, -347.0000000000000000, 18.00000000000000000 ) ) ;
#234 = DIRECTION ( 'NONE',  ( 1.000000000000000000, 0.000000000000000000, 0.000000000000000000 ) ) ;
#235 = FACE_OUTER_BOUND ( 'NONE', #2469, .T. ) ;
#236 = DIRECTION ( 'NONE',  ( -1.000000000000000000, 0.000000000000000000, -0.000000000000000000 ) ) ;
#237 = PLANE ( 'NONE',  #3097 ) ;
#238 = AXIS2_PLACEMENT_3D ( 'NONE', #1527, #942, #2952 ) ;
#239 = AXIS2_PLACEMENT_3D ( 'NONE', #1722, #856, #1741 ) ;
#240 = VECTOR ( 'NONE', #3495, 1000.000000000000000 ) ;
#241 = ADVANCED_FACE ( 'NONE', ( #2850 ), #1672, .F. ) ;
#242 = VERTEX_POINT ( 'NONE', #1381 ) ;
#243 = CARTESIAN_POINT ( 'NONE',  ( 127.6456385958149582, 275.1630335788388493, 0.000000000000000000 ) ) ;
#244 = LINE ( 'NONE', #734, #495 ) ;
#245 = PERSON_AND_ORGANIZATION ( #2026, #1228 ) ;
#246 = EDGE_LOOP ( 'NONE', ( #1762, #1302, #1425, #2305 ) ) ;
#247 = DIRECTION ( 'NONE',  ( -1.000000000000000000, 0.000000000000000000, -0.000000000000000000 ) ) ;
#248 = CARTESIAN_POINT ( 'NONE',  ( 127.6456385958148729, 275.1630335788388493, -244.0000000000000284 ) ) ;
#249 = ORIENTED_EDGE ( 'NONE', *, *, #3083, .T. ) ;
#250 = DATE_AND_TIME ( #2264, #992 ) ;
#251 = DIRECTION ( 'NONE',  ( 0.000000000000000000, -0.000000000000000000, -1.000000000000000000 ) ) ;
#252 = CARTESIAN_POINT ( 'NONE',  ( 380.0000000000001705, -380.0000000000000000, 490.0000000000000000 ) ) ;
#253 = CARTESIAN_POINT ( 'NONE',  ( -380.0000000000001705, -380.0000000000000000, 89.99999999999997158 ) ) ;
#254 = EDGE_CURVE ( 'NONE', #2196, #3123, #1402, .T. ) ;
#255 = VECTOR ( 'NONE', #3497, 1000.000000000000000 ) ;
#256 = ORIENTED_EDGE ( 'NONE', *, *, #2280, .F. ) ;
#257 = DIRECTION ( 'NONE',  ( 0.000000000000000000, 0.000000000000000000, 1.000000000000000000 ) ) ;
#258 = VECTOR ( 'NONE', #2182, 1000.000000000000000 ) ;
#259 = ORIENTED_EDGE ( 'NONE', *, *, #2241, .T. ) ;
#260 = ORIENTED_EDGE ( 'NONE', *, *, #2257, .T. ) ;
#261 = DIRECTION ( 'NONE',  ( -0.000000000000000000, -0.000000000000000000, 1.000000000000000000 ) ) ;
#262 = VECTOR ( 'NONE', #860, 1000.000000000000000 ) ;
#263 =( REPRESENTATION_RELATIONSHIP ('NONE','NONE', #1260, #1200 ) REPRESENTATION_RELATIONSHIP_WITH_TRANSFORMATION ( #1130 )SHAPE_REPRESENTATION_RELATIONSHIP( ) );
#264 = DIRECTION ( 'NONE',  ( 0.000000000000000000, 0.000000000000000000, -1.000000000000000000 ) ) ;
#265 = EDGE_CURVE ( 'NONE', #1587, #410, #1846, .T. ) ;
#266 = VECTOR ( 'NONE', #1392, 1000.000000000000000 ) ;
#267 = EDGE_LOOP ( 'NONE', ( #2128, #3242, #1213, #3440 ) ) ;
#268 = VECTOR ( 'NONE', #721, 1000.000000000000000 ) ;
#269 = CARTESIAN_POINT ( 'NONE',  ( -432.0000000000000568, 18.00000000000001421, 99.99999999999981526 ) ) ;
#270 = VECTOR ( 'NONE', #1258, 1000.000000000000000 ) ;
#271 = DIRECTION ( 'NONE',  ( -0.000000000000000000, -0.000000000000000000, -1.000000000000000000 ) ) ;
#272 = DIRECTION ( 'NONE',  ( 0.000000000000000000, -1.000000000000000000, 0.000000000000000000 ) ) ;
#273 = ORIENTED_EDGE ( 'NONE', *, *, #3011, .T. ) ;
#274 = PLANE ( 'NONE',  #91 ) ;
#275 = DIRECTION ( 'NONE',  ( 0.000000000000000000, 0.000000000000000000, 1.000000000000000000 ) ) ;
#276 = DIRECTION ( 'NONE',  ( -0.000000000000000000, -1.000000000000000000, -0.000000000000000000 ) ) ;
#277 = PLANE ( 'NONE',  #326 ) ;
#278 = ORIENTED_EDGE ( 'NONE', *, *, #1539, .T. ) ;
#279 = FACE_OUTER_BOUND ( 'NONE', #2926, .T. ) ;
#280 = ADVANCED_FACE ( 'NONE', ( #2497 ), #274, .F. ) ;
#281 = EDGE_CURVE ( 'NONE', #485, #1635, #2708, .T. ) ;
#282 = VERTEX_POINT ( 'NONE', #1127 ) ;
#283 = EDGE_LOOP ( 'NONE', ( #1136, #1387, #1323, #1056 ) ) ;
#284 = CARTESIAN_POINT ( 'NONE',  ( -450.0000000000000568, 365.0000000000000000, 0.000000000000000000 ) ) ;
#285 = CC_DESIGN_APPROVAL ( #1312, ( #1506 ) ) ;
#286 = CARTESIAN_POINT ( 'NONE',  ( -449.9999999999999432, 167.5000000000000000, 20.00000000000000000 ) ) ;
#287 = PLANE ( 'NONE',  #3027 ) ;
#288 = DIRECTION ( 'NONE',  ( -1.000000000000000000, 0.000000000000000000, 0.000000000000000000 ) ) ;
#289 = APPROVAL_DATE_TIME ( #1027, #24 ) ;
#290 = ORIENTED_EDGE ( 'NONE', *, *, #3444, .F. ) ;
#291 = EDGE_CURVE ( 'NONE', #2935, #388, #3526, .T. ) ;
#292 = ORIENTED_EDGE ( 'NONE', *, *, #533, .F. ) ;
#293 = LOCAL_TIME ( 10, 19, 48.00000000000000000, #3118 ) ;
#294 = EDGE_LOOP ( 'NONE', ( #2395, #2266 ) ) ;
#295 = EDGE_CURVE ( 'NONE', #560, #3589, #631, .T. ) ;
#296 = FACE_OUTER_BOUND ( 'NONE', #2197, .T. ) ;
#297 = ADVANCED_FACE ( 'NONE', ( #3150 ), #1666, .T. ) ;
#298 = DIRECTION ( 'NONE',  ( -0.000000000000000000, 1.000000000000000000, -0.000000000000000000 ) ) ;
#299 = ORIENTED_EDGE ( 'NONE', *, *, #1519, .T. ) ;
#300 = DIRECTION ( 'NONE',  ( 1.000000000000000000, 0.000000000000000000, 0.000000000000000000 ) ) ;
#301 = CARTESIAN_POINT ( 'NONE',  ( 412.0000000000000568, -131.4999999999999716, -461.9999999999999432 ) ) ;
#302 = EDGE_LOOP ( 'NONE', ( #2106, #292, #745, #884 ) ) ;
#303 = AXIS2_PLACEMENT_3D ( 'NONE', #73, #938, #3172 ) ;
#304 = VECTOR ( 'NONE', #3055, 1000.000000000000000 ) ;
#305 = LINE ( 'NONE', #3515, #2137 ) ;
#306 = AXIS2_PLACEMENT_3D ( 'NONE', #114, #2121, #646 ) ;
#307 = AXIS2_PLACEMENT_3D ( 'NONE', #1734, #1066, #2872 ) ;
#308 = FACE_OUTER_BOUND ( 'NONE', #3381, .T. ) ;
#309 = DIRECTION ( 'NONE',  ( -0.000000000000000000, -0.000000000000000000, -1.000000000000000000 ) ) ;
#310 = CARTESIAN_POINT ( 'NONE',  ( -450.0000000000000568, -365.0000000000000000, 580.0000000000000000 ) ) ;
#311 = EDGE_CURVE ( 'NONE', #2340, #1682, #937, .T. ) ;
#312 = EDGE_CURVE ( 'NONE', #553, #804, #1075, .T. ) ;
#313 = CARTESIAN_POINT ( 'NONE',  ( 431.9999999999999432, 18.00000000000001421, 99.99999999999997158 ) ) ;
#314 = CARTESIAN_POINT ( 'NONE',  ( -380.0000000000001705, -380.0000000000000000, 69.99999999999995737 ) ) ;
#315 = LINE ( 'NONE', #1715, #389 ) ;
#316 = ADVANCED_FACE ( 'NONE', ( #1982 ), #501, .F. ) ;
#317 = ORIENTED_EDGE ( 'NONE', *, *, #2132, .F. ) ;
#318 = ORIENTED_EDGE ( 'NONE', *, *, #470, .F. ) ;
#319 =( LENGTH_UNIT ( ) NAMED_UNIT ( * ) SI_UNIT ( .MILLI., .METRE. ) );
#320 = VECTOR ( 'NONE', #271, 1000.000000000000000 ) ;
#321 = EDGE_CURVE ( 'NONE', #1400, #3439, #2967, .T. ) ;
#322 = ORIENTED_EDGE ( 'NONE', *, *, #1829, .T. ) ;
#323 = LINE ( 'NONE', #1442, #140 ) ;
#324 = DIRECTION ( 'NONE',  ( 0.000000000000000000, -1.000000000000000000, 2.478176394252579169E-16 ) ) ;
#325 = CARTESIAN_POINT ( 'NONE',  ( 431.9999999999999432, 17.99999999999994316, 580.0000000000000000 ) ) ;
#326 = AXIS2_PLACEMENT_3D ( 'NONE', #2520, #1407, #3373 ) ;
#327 = AXIS2_PLACEMENT_3D ( 'NONE', #3494, #2422, #3533 ) ;
#328 = ORIENTED_EDGE ( 'NONE', *, *, #441, .T. ) ;
#329 = ADVANCED_FACE ( 'NONE', ( #2756 ), #2265, .T. ) ;
#330 = SECURITY_CLASSIFICATION ( '', '', #1886 ) ;
#331 = COORDINATED_UNIVERSAL_TIME_OFFSET ( 8, 0, .AHEAD. ) ;
#332 = ORIENTED_EDGE ( 'NONE', *, *, #1703, .T. ) ;
#333 = DIRECTION ( 'NONE',  ( 0.000000000000000000, 0.000000000000000000, -1.000000000000000000 ) ) ;
#334 = ORIENTED_EDGE ( 'NONE', *, *, #218, .F. ) ;
#335 = DIRECTION ( 'NONE',  ( 0.000000000000000000, 0.000000000000000000, 1.000000000000000000 ) ) ;
#336 = SHAPE_DEFINITION_REPRESENTATION ( #1895, #2369 ) ;
#337 = EDGE_CURVE ( 'NONE', #2966, #758, #52, .T. ) ;
#338 = EDGE_LOOP ( 'NONE', ( #1910, #1483 ) ) ;
#339 = LINE ( 'NONE', #2348, #3306 ) ;
#340 = ORIENTED_EDGE ( 'NONE', *, *, #2560, .T. ) ;
#341 = FACE_BOUND ( 'NONE', #1549, .T. ) ;
#342 =( NAMED_UNIT ( * ) SI_UNIT ( $, .STERADIAN. ) SOLID_ANGLE_UNIT ( ) );
#343 = ORIENTED_EDGE ( 'NONE', *, *, #1566, .T. ) ;
#344 = ORIENTED_EDGE ( 'NONE', *, *, #898, .F. ) ;
#345 = ORIENTED_EDGE ( 'NONE', *, *, #2707, .T. ) ;
#346 = DIRECTION ( 'NONE',  ( 0.000000000000000000, -1.000000000000000000, 0.000000000000000000 ) ) ;
#347 = FACE_OUTER_BOUND ( 'NONE', #1529, .T. ) ;
#348 = ADVANCED_FACE ( 'NONE', ( #894 ), #1757, .F. ) ;
#349 = VECTOR ( 'NONE', #1307, 1000.000000000000000 ) ;
#350 = PLANE ( 'NONE',  #368 ) ;
#351 = ORIENTED_EDGE ( 'NONE', *, *, #2488, .F. ) ;
#352 = PRODUCT_DEFINITION ( '未知', '', #3229, #3281 ) ;
#353 = LINE ( 'NONE', #983, #2013 ) ;
#354 = DIRECTION ( 'NONE',  ( 0.000000000000000000, -1.000000000000000000, 0.000000000000000000 ) ) ;
#355 = ORIENTED_EDGE ( 'NONE', *, *, #961, .T. ) ;
#356 = CARTESIAN_POINT ( 'NONE',  ( 380.0000000000001705, -380.0000000000000000, 49.99999999999993605 ) ) ;
#357 = LINE ( 'NONE', #2242, #1524 ) ;
#358 = EDGE_CURVE ( 'NONE', #2702, #410, #2446, .T. ) ;
#359 = DIRECTION ( 'NONE',  ( 0.000000000000000000, -0.000000000000000000, -1.000000000000000000 ) ) ;
#360 = DIRECTION ( 'NONE',  ( 0.000000000000000000, 0.000000000000000000, 1.000000000000000000 ) ) ;
#361 = EDGE_LOOP ( 'NONE', ( #1508, #35, #740, #189 ) ) ;
#362 = VECTOR ( 'NONE', #2562, 1000.000000000000000 ) ;
#363 = APPLICATION_CONTEXT ( 'configuration controlled 3d designs of mechanical parts and assemblies' ) ;
#364 = CARTESIAN_POINT ( 'NONE',  ( 430.0000000000001705, -149.5000000000000284, -480.0000000000000000 ) ) ;
#365 = EDGE_CURVE ( 'NONE', #2233, #647, #1211, .T. ) ;
#366 = DIRECTION ( 'NONE',  ( 0.000000000000000000, 1.000000000000000000, 0.000000000000000000 ) ) ;
#367 = ORIENTED_EDGE ( 'NONE', *, *, #2641, .T. ) ;
#368 = AXIS2_PLACEMENT_3D ( 'NONE', #2325, #616, #2033 ) ;
#369 = ITEM_DEFINED_TRANSFORMATION ( 'NONE', 'NONE', #2077,  #1796 ) ;
#370 = SECURITY_CLASSIFICATION_LEVEL ( 'unclassified' ) ;
#371 = ORIENTED_EDGE ( 'NONE', *, *, #312, .T. ) ;
#372 = ORIENTED_EDGE ( 'NONE', *, *, #2450, .T. ) ;
#373 = PERSON_AND_ORGANIZATION ( #2026, #1228 ) ;
#374 = AXIS2_PLACEMENT_3D ( 'NONE', #2415, #1849, #2136 ) ;
#375 = ORIENTED_EDGE ( 'NONE', *, *, #3377, .F. ) ;
#376 = LINE ( 'NONE', #3538, #1966 ) ;
#377 = DIRECTION ( 'NONE',  ( -1.000000000000000000, -0.000000000000000000, -0.000000000000000000 ) ) ;
#378 = CARTESIAN_POINT ( 'NONE',  ( -380.0000000000001705, -435.0000000000000000, 510.0000000000000000 ) ) ;
#379 = ORIENTED_EDGE ( 'NONE', *, *, #2241, .F. ) ;
#380 = DIRECTION ( 'NONE',  ( -0.000000000000000000, -0.000000000000000000, -1.000000000000000000 ) ) ;
#381 = AXIS2_PLACEMENT_3D ( 'NONE', #2710, #2161, #1340 ) ;
#382 = VERTEX_POINT ( 'NONE', #871 ) ;
#383 = FACE_OUTER_BOUND ( 'NONE', #3062, .T. ) ;
#384 = LINE ( 'NONE', #1175, #2565 ) ;
#385 = CARTESIAN_POINT ( 'NONE',  ( -214.9999999999999716, 375.0000000000000000, 168.0000000000000000 ) ) ;
#386 = CARTESIAN_POINT ( 'NONE',  ( -450.0000000000000568, -57.00000000000005684, 580.0000000000000000 ) ) ;
#387 = LINE ( 'NONE', #1958, #619 ) ;
#388 = VERTEX_POINT ( 'NONE', #1141 ) ;
#389 = VECTOR ( 'NONE', #531, 1000.000000000000000 ) ;
#390 = APPROVAL_STATUS ( 'not_yet_approved' ) ;
#391 = CC_DESIGN_APPROVAL ( #24, ( #3303 ) ) ;
#392 = CARTESIAN_POINT ( 'NONE',  ( -380.0000000000001705, -380.0000000000000000, 536.9999999999998863 ) ) ;
#393 = ADVANCED_FACE ( 'NONE', ( #3353 ), #2289, .F. ) ;
#394 = ORIENTED_EDGE ( 'NONE', *, *, #1084, .F. ) ;
#395 = EDGE_LOOP ( 'NONE', ( #3052, #2975, #2429, #733 ) ) ;
#396 = VECTOR ( 'NONE', #1686, 1000.000000000000000 ) ;
#397 = DIRECTION ( 'NONE',  ( 0.000000000000000000, -1.000000000000000000, 0.000000000000000000 ) ) ;
#398 = CARTESIAN_POINT ( 'NONE',  ( -214.9999999999999716, 375.0000000000000000, 258.0000000000000000 ) ) ;
#399 = ORIENTED_EDGE ( 'NONE', *, *, #1953, .T. ) ;
#400 = ORIENTED_EDGE ( 'NONE', *, *, #1986, .T. ) ;
#401 = FACE_OUTER_BOUND ( 'NONE', #557, .T. ) ;
#402 = EDGE_CURVE ( 'NONE', #10, #2166, #323, .T. ) ;
#403 = DIRECTION ( 'NONE',  ( 0.000000000000000000, 1.000000000000000000, 0.000000000000000000 ) ) ;
#404 = LINE ( 'NONE', #3113, #791 ) ;
#405 = EDGE_LOOP ( 'NONE', ( #372, #2876, #2698, #2409 ) ) ;
#406 = DIRECTION ( 'NONE',  ( -0.000000000000000000, -0.000000000000000000, 1.000000000000000000 ) ) ;
#407 = ORIENTED_EDGE ( 'NONE', *, *, #1544, .F. ) ;
#408 = CARTESIAN_POINT ( 'NONE',  ( -432.0000000000000568, -347.0000000000000000, 0.000000000000000000 ) ) ;
#409 = LOCAL_TIME ( 10, 19, 48.00000000000000000, #147 ) ;
#410 = VERTEX_POINT ( 'NONE', #2884 ) ;
#411 = ORIENTED_EDGE ( 'NONE', *, *, #850, .T. ) ;
#412 = VERTEX_POINT ( 'NONE', #859 ) ;
#413 = AXIS2_PLACEMENT_3D ( 'NONE', #2309, #3135, #584 ) ;
#414 = ORIENTED_EDGE ( 'NONE', *, *, #757, .T. ) ;
#415 = FACE_OUTER_BOUND ( 'NONE', #115, .T. ) ;
#416 = LINE ( 'NONE', #2071, #3601 ) ;
#417 = DIRECTION ( 'NONE',  ( 0.000000000000000000, 0.000000000000000000, 1.000000000000000000 ) ) ;
#418 = DIRECTION ( 'NONE',  ( -1.000000000000000000, 0.000000000000000000, 0.000000000000000000 ) ) ;
#419 = DIRECTION ( 'NONE',  ( -1.000000000000000000, -0.000000000000000000, -0.000000000000000000 ) ) ;
#420 = ORIENTED_EDGE ( 'NONE', *, *, #737, .T. ) ;
#421 = CIRCLE ( 'NONE', #2065, 25.00000000000000711 ) ;
#422 = CARTESIAN_POINT ( 'NONE',  ( -380.0000000000001705, -420.0000000000000000, 69.99999999999995737 ) ) ;
#423 = EDGE_CURVE ( 'NONE', #440, #762, #2618, .T. ) ;
#424 = CARTESIAN_POINT ( 'NONE',  ( 431.9999999999999432, -347.0000000000000000, 2.000000000000000000 ) ) ;
#425 = FACE_OUTER_BOUND ( 'NONE', #946, .T. ) ;
#426 = ADVANCED_FACE ( 'NONE', ( #1120 ), #1156, .T. ) ;
#427 = ORIENTED_EDGE ( 'NONE', *, *, #89, .F. ) ;
#428 = CIRCLE ( 'NONE', #2252, 20.00000000000001776 ) ;
#429 = CARTESIAN_POINT ( 'NONE',  ( -430.0000000000001705, -149.4999999999999147, -480.0000000000000000 ) ) ;
#430 = DIRECTION ( 'NONE',  ( 0.000000000000000000, 1.000000000000000000, 0.000000000000000000 ) ) ;
#431 = CARTESIAN_POINT ( 'NONE',  ( -380.0000000000001705, -435.0000000000000000, 510.0000000000000000 ) ) ;
#432 = DIRECTION ( 'NONE',  ( -2.403080139881291685E-16, 0.000000000000000000, -1.000000000000000000 ) ) ;
#433 = VECTOR ( 'NONE', #2074, 1000.000000000000000 ) ;
#434 = AXIS2_PLACEMENT_3D ( 'NONE', #1186, #2333, #359 ) ;
#435 = CC_DESIGN_DATE_AND_TIME_ASSIGNMENT ( #3277, #2774, ( #1115 ) ) ;
#436 = VERTEX_POINT ( 'NONE', #1487 ) ;
#437 = AXIS2_PLACEMENT_3D ( 'NONE', #3535, #720, #1569 ) ;
#438 = ORIENTED_EDGE ( 'NONE', *, *, #1359, .T. ) ;
#439 = VECTOR ( 'NONE', #3633, 1000.000000000000000 ) ;
#440 = VERTEX_POINT ( 'NONE', #570 ) ;
#441 = EDGE_CURVE ( 'NONE', #59, #3263, #2246, .T. ) ;
#442 = FACE_OUTER_BOUND ( 'NONE', #1812, .T. ) ;
#443 = DIRECTION ( 'NONE',  ( 0.000000000000000000, 0.000000000000000000, 1.000000000000000000 ) ) ;
#444 = CARTESIAN_POINT ( 'NONE',  ( -380.0000000000001705, -420.0000000000000000, 69.99999999999995737 ) ) ;
#445 = DIRECTION ( 'NONE',  ( -0.000000000000000000, 1.000000000000000000, -0.000000000000000000 ) ) ;
#446 = AXIS2_PLACEMENT_3D ( 'NONE', #1117, #1404, #3078 ) ;
#447 = VECTOR ( 'NONE', #145, 1000.000000000000000 ) ;
#448 = DATE_TIME_ROLE ( 'creation_date' ) ;
#449 = DIRECTION ( 'NONE',  ( -0.000000000000000000, 1.000000000000000000, -0.000000000000000000 ) ) ;
#450 = CARTESIAN_POINT ( 'NONE',  ( -214.9999999999999716, 375.0000000000000000, 348.0000000000000000 ) ) ;
#451 = EDGE_CURVE ( 'NONE', #1516, #3570, #3264, .T. ) ;
#452 = CARTESIAN_POINT ( 'NONE',  ( 215.0000000000000284, 375.0000000000000000, 167.9999999999998863 ) ) ;
#453 = VERTEX_POINT ( 'NONE', #2574 ) ;
#454 = ADVANCED_FACE ( 'NONE', ( #1169 ), #2068, .T. ) ;
#455 = DATE_AND_TIME ( #2165, #1315 ) ;
#456 = EDGE_LOOP ( 'NONE', ( #1119, #1461, #2260, #2682, #788, #1081, #3449, #689 ) ) ;
#457 = CARTESIAN_POINT ( 'NONE',  ( -214.9999999999999716, 365.0000000000000000, 368.0000000000000000 ) ) ;
#458 = EDGE_CURVE ( 'NONE', #2714, #3149, #3063, .T. ) ;
#459 = ORIENTED_EDGE ( 'NONE', *, *, #1558, .T. ) ;
#460 = PERSON_AND_ORGANIZATION ( #2026, #1228 ) ;
#461 = PLANE ( 'NONE',  #2203 ) ;
#462 = CARTESIAN_POINT ( 'NONE',  ( 380.0000000000001705, -365.0000000000000000, 69.99999999999995737 ) ) ;
#463 = EDGE_LOOP ( 'NONE', ( #1276, #1811, #3157, #1109 ) ) ;
#464 = VECTOR ( 'NONE', #736, 1000.000000000000000 ) ;
#465 = ORIENTED_EDGE ( 'NONE', *, *, #1299, .T. ) ;
#466 = DIRECTION ( 'NONE',  ( -0.000000000000000000, 1.000000000000000000, -0.000000000000000000 ) ) ;
#467 = PRODUCT_RELATED_PRODUCT_CATEGORY ( 'detail', '', ( #556 ) ) ;
#468 = ORIENTED_EDGE ( 'NONE', *, *, #981, .F. ) ;
#469 = DIRECTION ( 'NONE',  ( -0.000000000000000000, 1.000000000000000000, 0.000000000000000000 ) ) ;
#470 = EDGE_CURVE ( 'NONE', #2514, #3023, #2028, .T. ) ;
#471 = PLANE ( 'NONE',  #3048 ) ;
#472 = AXIS2_PLACEMENT_3D ( 'NONE', #1961, #3098, #1454 ) ;
#473 = LINE ( 'NONE', #2140, #568 ) ;
#474 = ORIENTED_EDGE ( 'NONE', *, *, #975, .T. ) ;
#475 = FACE_OUTER_BOUND ( 'NONE', #1546, .T. ) ;
#476 = VECTOR ( 'NONE', #1770, 1000.000000000000000 ) ;
#477 = DIRECTION ( 'NONE',  ( 0.000000000000000000, 0.000000000000000000, 1.000000000000000000 ) ) ;
#478 = LINE ( 'NONE', #1497, #1395 ) ;
#479 = VECTOR ( 'NONE', #3330, 1000.000000000000000 ) ;
#480 = EDGE_CURVE ( 'NONE', #1855, #3401, #2890, .T. ) ;
#481 = FACE_OUTER_BOUND ( 'NONE', #1001, .T. ) ;
#482 = CARTESIAN_POINT ( 'NONE',  ( -432.0000000000000568, 347.0000000000000000, 2.000000000000000000 ) ) ;
#483 = CARTESIAN_POINT ( 'NONE',  ( 431.9999999999999432, 1.734723475976807094E-14, 99.99999999999997158 ) ) ;
#484 = DIRECTION ( 'NONE',  ( 0.000000000000000000, 0.000000000000000000, -1.000000000000000000 ) ) ;
#485 = VERTEX_POINT ( 'NONE', #2692 ) ;
#486 = VECTOR ( 'NONE', #153, 1000.000000000000000 ) ;
#487 = CARTESIAN_POINT ( 'NONE',  ( -380.0000000000001705, -365.0000000000000000, 483.0000000000000568 ) ) ;
#488 = DIRECTION ( 'NONE',  ( -0.000000000000000000, 1.000000000000000000, -0.000000000000000000 ) ) ;
#489 = AXIS2_PLACEMENT_3D ( 'NONE', #310, #2575, #886 ) ;
#490 = ORIENTED_EDGE ( 'NONE', *, *, #458, .T. ) ;
#491 = LINE ( 'NONE', #2097, #1303 ) ;
#492 = AXIS2_PLACEMENT_3D ( 'NONE', #2674, #714, #132 ) ;
#493 = ADVANCED_FACE ( 'NONE', ( #279 ), #592, .T. ) ;
#494 = EDGE_CURVE ( 'NONE', #2977, #2373, #3228, .T. ) ;
#495 = VECTOR ( 'NONE', #406, 1000.000000000000000 ) ;
#496 = CARTESIAN_POINT ( 'NONE',  ( 431.9999999999999432, -347.0000000000000000, 2.000000000000000000 ) ) ;
#497 = ORIENTED_EDGE ( 'NONE', *, *, #281, .T. ) ;
#498 = LOCAL_TIME ( 10, 19, 48.00000000000000000, #1718 ) ;
#499 = VERTEX_POINT ( 'NONE', #356 ) ;
#500 = PERSON_AND_ORGANIZATION_ROLE ( 'classification_officer' ) ;
#501 = PLANE ( 'NONE',  #1015 ) ;
#502 = EDGE_CURVE ( 'NONE', #668, #43, #3627, .T. ) ;
#503 = PERSON_AND_ORGANIZATION ( #2026, #1228 ) ;
#504 = ORIENTED_EDGE ( 'NONE', *, *, #3239, .T. ) ;
#505 = VERTEX_POINT ( 'NONE', #1779 ) ;
#506 = COORDINATED_UNIVERSAL_TIME_OFFSET ( 8, 0, .AHEAD. ) ;
#507 = DIRECTION ( 'NONE',  ( 0.000000000000000000, 0.000000000000000000, 1.000000000000000000 ) ) ;
#508 = CC_DESIGN_PERSON_AND_ORGANIZATION_ASSIGNMENT ( #460, #2623, ( #628 ) ) ;
#509 = CARTESIAN_POINT ( 'NONE',  ( 449.9999999999999432, -365.0000000000000000, 580.0000000000000000 ) ) ;
#510 = ORIENTED_EDGE ( 'NONE', *, *, #1160, .T. ) ;
#511 = EDGE_CURVE ( 'NONE', #1190, #1646, #3493, .T. ) ;
#512 = AXIS2_PLACEMENT_3D ( 'NONE', #125, #2669, #1269 ) ;
#513 = CIRCLE ( 'NONE', #636, 15.00000000000001421 ) ;
#514 = ADVANCED_FACE ( 'NONE', ( #401 ), #2629, .T. ) ;
#515 = DIRECTION ( 'NONE',  ( 0.000000000000000000, 0.000000000000000000, -1.000000000000000000 ) ) ;
#516 = CARTESIAN_POINT ( 'NONE',  ( -412.0000000000000568, -131.4999999999999716, -461.9999999999999432 ) ) ;
#517 = DIRECTION ( 'NONE',  ( -0.000000000000000000, -0.000000000000000000, -1.000000000000000000 ) ) ;
#518 = DIRECTION ( 'NONE',  ( 0.000000000000000000, -1.000000000000000000, 0.000000000000000000 ) ) ;
#519 = CC_DESIGN_SECURITY_CLASSIFICATION ( #330, ( #3124 ) ) ;
#520 = DIRECTION ( 'NONE',  ( -1.000000000000000000, 0.000000000000000000, 0.000000000000000000 ) ) ;
#521 = FACE_OUTER_BOUND ( 'NONE', #2240, .T. ) ;
#522 = AXIS2_PLACEMENT_3D ( 'NONE', #3309, #469, #3574 ) ;
#523 = EDGE_CURVE ( 'NONE', #3638, #960, #980, .T. ) ;
#524 = FACE_OUTER_BOUND ( 'NONE', #3599, .T. ) ;
#525 = PLANE ( 'NONE',  #756 ) ;
#526 = CARTESIAN_POINT ( 'NONE',  ( -449.9999999999999432, -167.5000000000000000, 0.000000000000000000 ) ) ;
#527 = ORIENTED_EDGE ( 'NONE', *, *, #2107, .T. ) ;
#528 = VECTOR ( 'NONE', #78, 1000.000000000000000 ) ;
#529 = LINE ( 'NONE', #1322, #1204 ) ;
#530 = DIRECTION ( 'NONE',  ( -0.000000000000000000, -1.000000000000000000, -0.000000000000000000 ) ) ;
#531 = DIRECTION ( 'NONE',  ( 0.000000000000000000, 0.000000000000000000, -1.000000000000000000 ) ) ;
#532 = ADVANCED_FACE ( 'NONE', ( #1708 ), #538, .T. ) ;
#533 = EDGE_CURVE ( 'NONE', #863, #382, #1401, .T. ) ;
#534 = EDGE_LOOP ( 'NONE', ( #2393, #3363, #3262, #1870 ) ) ;
#535 = VECTOR ( 'NONE', #2478, 1000.000000000000000 ) ;
#536 = FACE_OUTER_BOUND ( 'NONE', #534, .T. ) ;
#537 = VERTEX_POINT ( 'NONE', #632 ) ;
#538 = CYLINDRICAL_SURFACE ( 'NONE', #2770, 26.99999999999991473 ) ;
#539 =( GEOMETRIC_REPRESENTATION_CONTEXT ( 3 ) GLOBAL_UNCERTAINTY_ASSIGNED_CONTEXT ( ( #1580 ) ) GLOBAL_UNIT_ASSIGNED_CONTEXT ( ( #319, #2069, #2603 ) ) REPRESENTATION_CONTEXT ( 'NONE', 'WORKASPACE' ) );
#540 = CARTESIAN_POINT ( 'NONE',  ( -432.0000000000000568, 0.000000000000000000, 99.99999999999987210 ) ) ;
#541 = PLANE ( 'NONE',  #8 ) ;
#542 = AXIS2_PLACEMENT_3D ( 'NONE', #845, #1113, #3346 ) ;
#543 = APPROVAL ( #3541, '未指定' ) ;
#544 = ORIENTED_EDGE ( 'NONE', *, *, #1726, .F. ) ;
#545 = DIRECTION ( 'NONE',  ( 0.000000000000000000, -1.000000000000000000, 0.000000000000000000 ) ) ;
#546 = CARTESIAN_POINT ( 'NONE',  ( 449.9999999999999432, 347.0000000000000000, 533.9999999999998863 ) ) ;
#547 = AXIS2_PLACEMENT_3D ( 'NONE', #3355, #2288, #3645 ) ;
#548 = LINE ( 'NONE', #2968, #866 ) ;
#549 = EDGE_CURVE ( 'NONE', #2714, #3203, #491, .T. ) ;
#550 = DIRECTION ( 'NONE',  ( -0.000000000000000000, -1.000000000000000000, -0.000000000000000000 ) ) ;
#551 = EDGE_LOOP ( 'NONE', ( #1920, #724, #3292, #1736 ) ) ;
#552 = DATE_AND_TIME ( #3450, #2976 ) ;
#553 = VERTEX_POINT ( 'NONE', #1295 ) ;
#554 = ADVANCED_FACE ( 'NONE', ( #3403 ), #1486, .T. ) ;
#555 = DIRECTION ( 'NONE',  ( 0.000000000000000000, -1.000000000000000000, 2.478176394252579169E-16 ) ) ;
#556 = PRODUCT ( '地柜11-柜体_地柜11-柜体', '地柜11-柜体_地柜11-柜体', '', ( #1598 ) ) ;
#557 = EDGE_LOOP ( 'NONE', ( #465, #603, #3504, #527 ) ) ;
#558 = PERSON_AND_ORGANIZATION ( #2026, #1228 ) ;
#559 = DIRECTION ( 'NONE',  ( -0.000000000000000000, 1.000000000000000000, -0.000000000000000000 ) ) ;
#560 = VERTEX_POINT ( 'NONE', #3451 ) ;
#561 = ORIENTED_EDGE ( 'NONE', *, *, #2388, .T. ) ;
#562 = PLANE ( 'NONE',  #3577 ) ;
#563 = VECTOR ( 'NONE', #853, 1000.000000000000000 ) ;
#564 = VERTEX_POINT ( 'NONE', #1582 ) ;
#565 = CARTESIAN_POINT ( 'NONE',  ( -34.99999999999994316, 397.0000000000000000, 477.0000000000000000 ) ) ;
#566 = DIRECTION ( 'NONE',  ( 0.000000000000000000, 0.000000000000000000, 1.000000000000000000 ) ) ;
#567 = PLANE ( 'NONE',  #542 ) ;
#568 = VECTOR ( 'NONE', #1603, 1000.000000000000000 ) ;
#569 = ORIENTED_EDGE ( 'NONE', *, *, #1424, .T. ) ;
#570 = CARTESIAN_POINT ( 'NONE',  ( -412.0000000000000568, -131.4999999999999716, -461.9999999999999432 ) ) ;
#571 = PLANE ( 'NONE',  #489 ) ;
#572 = EDGE_CURVE ( 'NONE', #744, #2056, #3441, .T. ) ;
#573 = DIRECTION ( 'NONE',  ( -0.000000000000000000, 1.000000000000000000, -0.000000000000000000 ) ) ;
#574 = VECTOR ( 'NONE', #2443, 1000.000000000000000 ) ;
#575 = VECTOR ( 'NONE', #1616, 1000.000000000000000 ) ;
#576 = FACE_OUTER_BOUND ( 'NONE', #3117, .T. ) ;
#577 = ADVANCED_FACE ( 'NONE', ( #1261 ), #3522, .T. ) ;
#578 = ORIENTED_EDGE ( 'NONE', *, *, #1420, .F. ) ;
#579 = AXIS2_PLACEMENT_3D ( 'NONE', #2933, #1554, #1253 ) ;
#580 = VECTOR ( 'NONE', #2133, 1000.000000000000000 ) ;
#581 = VECTOR ( 'NONE', #288, 1000.000000000000000 ) ;
#582 = DIRECTION ( 'NONE',  ( 0.000000000000000000, 0.000000000000000000, 1.000000000000000000 ) ) ;
#583 = VECTOR ( 'NONE', #1107, 1000.000000000000000 ) ;
#584 = DIRECTION ( 'NONE',  ( 0.000000000000000000, 0.000000000000000000, 1.000000000000000000 ) ) ;
#585 = EDGE_CURVE ( 'NONE', #3603, #744, #3321, .T. ) ;
#586 = CARTESIAN_POINT ( 'NONE',  ( 109.6456385958148587, 30.50000000000000000, 0.000000000000000000 ) ) ;
#587 = CARTESIAN_POINT ( 'NONE',  ( -412.0000000000000568, -131.4999999999999716, -261.9999999999999432 ) ) ;
#588 = EDGE_LOOP ( 'NONE', ( #2198, #2645, #2267, #1665 ) ) ;
#589 = FACE_OUTER_BOUND ( 'NONE', #3189, .T. ) ;
#590 = EDGE_CURVE ( 'NONE', #1963, #3638, #2493, .T. ) ;
#591 = VERTEX_POINT ( 'NONE', #2703 ) ;
#592 = CYLINDRICAL_SURFACE ( 'NONE', #2844, 25.00000000000000711 ) ;
#593 = CARTESIAN_POINT ( 'NONE',  ( 0.000000000000000000, 0.000000000000000000, 0.000000000000000000 ) ) ;
#594 = AXIS2_PLACEMENT_3D ( 'NONE', #924, #3171, #3183 ) ;
#595 = ADVANCED_FACE ( 'NONE', ( #2668 ), #1940, .F. ) ;
#596 = CC_DESIGN_DATE_AND_TIME_ASSIGNMENT ( #2898, #1943, ( #3303 ) ) ;
#597 = AXIS2_PLACEMENT_3D ( 'NONE', #906, #2951, #477 ) ;
#598 = DIRECTION ( 'NONE',  ( 0.000000000000000000, 0.000000000000000000, -1.000000000000000000 ) ) ;
#599 = DIRECTION ( 'NONE',  ( 0.000000000000000000, 1.000000000000000000, 0.000000000000000000 ) ) ;
#600 = CARTESIAN_POINT ( 'NONE',  ( -449.9999999999999432, 167.5000000000000000, 20.00000000000000000 ) ) ;
#601 = LOCAL_TIME ( 10, 19, 48.00000000000000000, #1540 ) ;
#602 = DIRECTION ( 'NONE',  ( -0.000000000000000000, -0.000000000000000000, 1.000000000000000000 ) ) ;
#603 = ORIENTED_EDGE ( 'NONE', *, *, #1374, .F. ) ;
#604 = CALENDAR_DATE ( 2026, 9, 6 ) ;
#605 = ORIENTED_EDGE ( 'NONE', *, *, #1245, .F. ) ;
#606 = ORIENTED_EDGE ( 'NONE', *, *, #3650, .T. ) ;
#607 = DIRECTION ( 'NONE',  ( 0.000000000000000000, 1.000000000000000000, 0.000000000000000000 ) ) ;
#608 = ORIENTED_EDGE ( 'NONE', *, *, #3101, .F. ) ;
#609 = ORIENTED_EDGE ( 'NONE', *, *, #1216, .F. ) ;
#610 = DIRECTION ( 'NONE',  ( 0.000000000000000000, 0.000000000000000000, 1.000000000000000000 ) ) ;
#611 = CARTESIAN_POINT ( 'NONE',  ( 0.000000000000000000, 0.000000000000000000, 580.0000000000000000 ) ) ;
#612 = CARTESIAN_POINT ( 'NONE',  ( -382.0000000000001137, 1.734723475976807094E-14, 579.9999999999998863 ) ) ;
#613 = CARTESIAN_POINT ( 'NONE',  ( -382.0000000000000000, 1.734723475976807094E-14, 99.99999999999987210 ) ) ;
#614 = ADVANCED_FACE ( 'NONE', ( #1484, #3400 ), #166, .F. ) ;
#615 = VERTEX_POINT ( 'NONE', #3038 ) ;
#616 = DIRECTION ( 'NONE',  ( -1.210272192541958369E-16, -1.000000000000000000, 0.000000000000000000 ) ) ;
#617 = AXIS2_PLACEMENT_3D ( 'NONE', #1898, #1378, #3536 ) ;
#618 = FACE_OUTER_BOUND ( 'NONE', #2391, .T. ) ;
#619 = VECTOR ( 'NONE', #3051, 1000.000000000000000 ) ;
#620 = ORIENTED_EDGE ( 'NONE', *, *, #3479, .F. ) ;
#621 = CARTESIAN_POINT ( 'NONE',  ( 380.0000000000001705, -420.0000000000000000, 510.0000000000000000 ) ) ;
#622 = LINE ( 'NONE', #843, #2653 ) ;
#623 = DIRECTION ( 'NONE',  ( 0.000000000000000000, 1.000000000000000000, 0.000000000000000000 ) ) ;
#624 = CARTESIAN_POINT ( 'NONE',  ( 431.9999999999999432, 290.0000000000000568, 533.9999999999998863 ) ) ;
#625 = LINE ( 'NONE', #2059, #2401 ) ;
#626 = ADVANCED_FACE ( 'NONE', ( #87 ), #1164, .T. ) ;
#627 = PLANE ( 'NONE',  #239 ) ;
#628 = PRODUCT ( '地柜11', '地柜11', '', ( #671 ) ) ;
#629 = EDGE_CURVE ( 'NONE', #1320, #1133, #2751, .T. ) ;
#630 = ORIENTED_EDGE ( 'NONE', *, *, #651, .F. ) ;
#631 = CIRCLE ( 'NONE', #2828, 20.00000000000001776 ) ;
#632 = CARTESIAN_POINT ( 'NONE',  ( 380.0000000000001705, -420.0000000000000000, 485.0000000000000000 ) ) ;
#633 = CARTESIAN_POINT ( 'NONE',  ( -432.0000000000000568, 347.0000000000000000, 0.000000000000000000 ) ) ;
#634 = DIRECTION ( 'NONE',  ( 2.312964634635742957E-16, 0.000000000000000000, -1.000000000000000000 ) ) ;
#635 = FACE_OUTER_BOUND ( 'NONE', #2075, .T. ) ;
#636 = AXIS2_PLACEMENT_3D ( 'NONE', #746, #1935, #2738 ) ;
#637 = AXIS2_PLACEMENT_3D ( 'NONE', #3356, #272, #2272 ) ;
#638 = APPLICATION_CONTEXT ( 'configuration controlled 3d designs of mechanical parts and assemblies' ) ;
#639 = FACE_OUTER_BOUND ( 'NONE', #2509, .T. ) ;
#640 = CARTESIAN_POINT ( 'NONE',  ( 431.9999999999999432, 347.0000000000000000, 2.000000000000000000 ) ) ;
#641 = APPROVAL_PERSON_ORGANIZATION ( #1989, #24, #1647 ) ;
#642 = AXIS2_PLACEMENT_3D ( 'NONE', #3378, #1719, #566 ) ;
#643 = DIRECTION ( 'NONE',  ( 0.000000000000000000, -1.000000000000000000, 0.000000000000000000 ) ) ;
#644 = CARTESIAN_POINT ( 'NONE',  ( -432.0000000000000568, 347.0000000000000000, 2.000000000000000000 ) ) ;
#645 = ORIENTED_EDGE ( 'NONE', *, *, #3405, .T. ) ;
#646 = DIRECTION ( 'NONE',  ( 0.000000000000000000, 1.239088197126289584E-16, 1.000000000000000000 ) ) ;
#647 = VERTEX_POINT ( 'NONE', #1913 ) ;
#648 = LOCAL_TIME ( 10, 19, 48.00000000000000000, #66 ) ;
#649 = AXIS2_PLACEMENT_3D ( 'NONE', #424, #2181, #1009 ) ;
#650 = ADVANCED_FACE ( 'NONE', ( #2023 ), #1300, .T. ) ;
#651 = EDGE_CURVE ( 'NONE', #3275, #86, #185, .T. ) ;
#652 = ORIENTED_EDGE ( 'NONE', *, *, #3340, .F. ) ;
#653 = ORIENTED_EDGE ( 'NONE', *, *, #878, .F. ) ;
#654 = VECTOR ( 'NONE', #3549, 1000.000000000000000 ) ;
#655 = DATE_TIME_ROLE ( 'classification_date' ) ;
#656 = LINE ( 'NONE', #2587, #262 ) ;
#657 = DIRECTION ( 'NONE',  ( -0.000000000000000000, 2.478176394252579169E-16, 1.000000000000000000 ) ) ;
#658 = ORIENTED_EDGE ( 'NONE', *, *, #1243, .F. ) ;
#659 = CIRCLE ( 'NONE', #2806, 90.00000000000002842 ) ;
#660 = CC_DESIGN_SECURITY_CLASSIFICATION ( #2374, ( #83 ) ) ;
#661 = FACE_OUTER_BOUND ( 'NONE', #456, .T. ) ;
#662 = VECTOR ( 'NONE', #2302, 1000.000000000000000 ) ;
#663 = CARTESIAN_POINT ( 'NONE',  ( -412.0000000000000568, -131.4999999999999716, -261.9999999999999432 ) ) ;
#664 = AXIS2_PLACEMENT_3D ( 'NONE', #516, #2505, #3358 ) ;
#665 = CARTESIAN_POINT ( 'NONE',  ( 430.0000000000001137, 30.49999999999997868, -480.0000000000000000 ) ) ;
#666 = VERTEX_POINT ( 'NONE', #1061 ) ;
#667 = CARTESIAN_POINT ( 'NONE',  ( 380.0000000000001705, -435.0000000000000000, 44.99999999999994316 ) ) ;
#668 = VERTEX_POINT ( 'NONE', #496 ) ;
#669 = CARTESIAN_POINT ( 'NONE',  ( 0.000000000000000000, -75.00000000000005684, 580.0000000000000000 ) ) ;
#670 = LINE ( 'NONE', #2048, #2293 ) ;
#671 = MECHANICAL_CONTEXT ( 'NONE', #1831, 'mechanical' ) ;
#672 = ORIENTED_EDGE ( 'NONE', *, *, #3564, .T. ) ;
#673 = LINE ( 'NONE', #3542, #3066 ) ;
#674 = CARTESIAN_POINT ( 'NONE',  ( 380.0000000000001705, -435.0000000000000000, 510.0000000000000000 ) ) ;
#675 = DIRECTION ( 'NONE',  ( 0.000000000000000000, 0.000000000000000000, 1.000000000000000000 ) ) ;
#676 = CARTESIAN_POINT ( 'NONE',  ( 449.9999999999999432, -57.00000000000005684, 580.0000000000000000 ) ) ;
#677 = COORDINATED_UNIVERSAL_TIME_OFFSET ( 8, 0, .AHEAD. ) ;
#678 = APPLICATION_PROTOCOL_DEFINITION ( 'international standard', 'config_control_design', 1994, #638 ) ;
#679 = ORIENTED_EDGE ( 'NONE', *, *, #585, .F. ) ;
#680 = EDGE_LOOP ( 'NONE', ( #2637, #399, #1444, #815 ) ) ;
#681 = AXIS2_PLACEMENT_3D ( 'NONE', #2973, #2964, #3545 ) ;
#682 = APPROVAL_PERSON_ORGANIZATION ( #950, #543, #1029 ) ;
#683 = PLANE ( 'NONE',  #2112 ) ;
#684 = EDGE_CURVE ( 'NONE', #3439, #1400, #760, .T. ) ;
#685 = ORIENTED_EDGE ( 'NONE', *, *, #684, .T. ) ;
#686 = EDGE_CURVE ( 'NONE', #1955, #499, #2846, .T. ) ;
#687 = PLANE ( 'NONE',  #512 ) ;
#688 = ORIENTED_EDGE ( 'NONE', *, *, #1344, .F. ) ;
#689 = ORIENTED_EDGE ( 'NONE', *, *, #1044, .F. ) ;
#690 = APPROVAL_STATUS ( 'not_yet_approved' ) ;
#691 = ORIENTED_EDGE ( 'NONE', *, *, #254, .T. ) ;
#692 = PLANE ( 'NONE',  #1760 ) ;
#693 = VERTEX_POINT ( 'NONE', #483 ) ;
#694 = LINE ( 'NONE', #1050, #2389 ) ;
#695 = VECTOR ( 'NONE', #159, 1000.000000000000000 ) ;
#696 = VERTEX_POINT ( 'NONE', #2222 ) ;
#697 = AXIS2_PLACEMENT_3D ( 'NONE', #200, #3057, #1384 ) ;
#698 = EDGE_LOOP ( 'NONE', ( #2986, #2776, #2912, #2602 ) ) ;
#699 = DIRECTION ( 'NONE',  ( 0.000000000000000000, 0.000000000000000000, -1.000000000000000000 ) ) ;
#700 = CARTESIAN_POINT ( 'NONE',  ( 215.0000000000000284, 375.0000000000000000, 257.9999999999999432 ) ) ;
#701 = FACE_OUTER_BOUND ( 'NONE', #1929, .T. ) ;
#702 = PLANE ( 'NONE',  #3212 ) ;
#703 = ORIENTED_EDGE ( 'NONE', *, *, #1629, .F. ) ;
#704 = LINE ( 'NONE', #1099, #837 ) ;
#705 = CC_DESIGN_SECURITY_CLASSIFICATION ( #3303, ( #3654 ) ) ;
#706 = DIRECTION ( 'NONE',  ( 0.000000000000000000, 0.000000000000000000, -1.000000000000000000 ) ) ;
#707 = CIRCLE ( 'NONE', #920, 25.00000000000000711 ) ;
#708 = EDGE_CURVE ( 'NONE', #3119, #2310, #3012, .T. ) ;
#709 = DIRECTION ( 'NONE',  ( 0.000000000000000000, 0.000000000000000000, 1.000000000000000000 ) ) ;
#710 = DIRECTION ( 'NONE',  ( -1.000000000000000000, 0.000000000000000000, 0.000000000000000000 ) ) ;
#711 = CARTESIAN_POINT ( 'NONE',  ( -380.0000000000001705, -435.0000000000000000, 510.0000000000000000 ) ) ;
#712 = ORIENTED_EDGE ( 'NONE', *, *, #2475, .F. ) ;
#713 = VECTOR ( 'NONE', #3112, 1000.000000000000000 ) ;
#714 = DIRECTION ( 'NONE',  ( 0.000000000000000000, -1.000000000000000000, 0.000000000000000000 ) ) ;
#715 = DIRECTION ( 'NONE',  ( 0.000000000000000000, 1.000000000000000000, 0.000000000000000000 ) ) ;
#716 = DIRECTION ( 'NONE',  ( 0.000000000000000000, -1.000000000000000000, 0.000000000000000000 ) ) ;
#717 = VECTOR ( 'NONE', #3557, 1000.000000000000000 ) ;
#718 = EDGE_CURVE ( 'NONE', #3200, #2109, #2664, .T. ) ;
#719 = EDGE_LOOP ( 'NONE', ( #645, #1510, #3184, #3193 ) ) ;
#720 = DIRECTION ( 'NONE',  ( 1.000000000000000000, 0.000000000000000000, -2.403080139881291685E-16 ) ) ;
#721 = DIRECTION ( 'NONE',  ( 3.083952846180990774E-16, -1.000000000000000000, -0.000000000000000000 ) ) ;
#722 = APPROVAL_ROLE ( '' ) ;
#723 = ITEM_DEFINED_TRANSFORMATION ( 'NONE', 'NONE', #2271,  #1796 ) ;
#724 = ORIENTED_EDGE ( 'NONE', *, *, #2381, .F. ) ;
#725 =( REPRESENTATION_RELATIONSHIP ('NONE','NONE', #1260, #1200 ) REPRESENTATION_RELATIONSHIP_WITH_TRANSFORMATION ( #723 )SHAPE_REPRESENTATION_RELATIONSHIP( ) );
#726 = DIRECTION ( 'NONE',  ( -0.000000000000000000, 1.000000000000000000, -0.000000000000000000 ) ) ;
#727 = ORIENTED_EDGE ( 'NONE', *, *, #708, .T. ) ;
#728 = CC_DESIGN_APPROVAL ( #3192, ( #330 ) ) ;
#729 = ORIENTED_EDGE ( 'NONE', *, *, #1628, .T. ) ;
#730 = LINE ( 'NONE', #2157, #2005 ) ;
#731 = FACE_BOUND ( 'NONE', #3278, .T. ) ;
#732 = EDGE_CURVE ( 'NONE', #3641, #1088, #1256, .T. ) ;
#733 = ORIENTED_EDGE ( 'NONE', *, *, #3261, .T. ) ;
#734 = CARTESIAN_POINT ( 'NONE',  ( 430.0000000000001137, 30.49999999999997868, -480.0000000000000000 ) ) ;
#735 = DIRECTION ( 'NONE',  ( -0.000000000000000000, -1.000000000000000000, -0.000000000000000000 ) ) ;
#736 = DIRECTION ( 'NONE',  ( -0.000000000000000000, -1.000000000000000000, -0.000000000000000000 ) ) ;
#737 = EDGE_CURVE ( 'NONE', #666, #770, #3489, .T. ) ;
#738 = DIRECTION ( 'NONE',  ( 1.000000000000000000, 0.000000000000000000, 0.000000000000000000 ) ) ;
#739 = FACE_BOUND ( 'NONE', #1904, .T. ) ;
#740 = ORIENTED_EDGE ( 'NONE', *, *, #480, .F. ) ;
#741 = ORIENTED_EDGE ( 'NONE', *, *, #2762, .T. ) ;
#742 = EDGE_CURVE ( 'NONE', #960, #3638, #707, .T. ) ;
#743 = CIRCLE ( 'NONE', #2490, 10.00000000000000888 ) ;
#744 = VERTEX_POINT ( 'NONE', #1610 ) ;
#745 = ORIENTED_EDGE ( 'NONE', *, *, #1019, .T. ) ;
#746 = CARTESIAN_POINT ( 'NONE',  ( -34.99999999999994316, 365.0000000000000000, 492.0000000000000000 ) ) ;
#747 = DESIGN_CONTEXT ( 'detailed design', #363, 'design' ) ;
#748 = VECTOR ( 'NONE', #1562, 1000.000000000000000 ) ;
#749 = AXIS2_PLACEMENT_3D ( 'NONE', #422, #3560, #2178 ) ;
#750 = DIRECTION ( 'NONE',  ( -0.000000000000000000, -1.000000000000000000, -0.000000000000000000 ) ) ;
#751 = DIRECTION ( 'NONE',  ( -1.000000000000000000, 0.000000000000000000, -0.000000000000000000 ) ) ;
#752 = PRODUCT_DEFINITION_SHAPE ( 'NONE', 'NONE',  #3656 ) ;
#753 = VECTOR ( 'NONE', #1093, 1000.000000000000000 ) ;
#754 = CARTESIAN_POINT ( 'NONE',  ( -450.0000000000000568, 341.5000000000000000, 612.2599999999998772 ) ) ;
#755 = DIRECTION ( 'NONE',  ( 0.000000000000000000, 0.000000000000000000, -1.000000000000000000 ) ) ;
#756 = AXIS2_PLACEMENT_3D ( 'NONE', #3620, #515, #247 ) ;
#757 = EDGE_CURVE ( 'NONE', #2233, #3603, #1352, .T. ) ;
#758 = VERTEX_POINT ( 'NONE', #208 ) ;
#759 = CARTESIAN_POINT ( 'NONE',  ( 431.9999999999999432, -347.0000000000000000, 580.0000000000000000 ) ) ;
#760 = CIRCLE ( 'NONE', #1505, 20.00000000000001776 ) ;
#761 = DIRECTION ( 'NONE',  ( 0.000000000000000000, -0.000000000000000000, -1.000000000000000000 ) ) ;
#762 = VERTEX_POINT ( 'NONE', #2996 ) ;
#763 = EDGE_CURVE ( 'NONE', #564, #769, #3315, .T. ) ;
#764 = DIRECTION ( 'NONE',  ( 0.000000000000000000, 0.000000000000000000, 1.000000000000000000 ) ) ;
#765 = DIRECTION ( 'NONE',  ( 0.000000000000000000, 0.000000000000000000, 1.000000000000000000 ) ) ;
#766 = VECTOR ( 'NONE', #2040, 1000.000000000000000 ) ;
#767 = CARTESIAN_POINT ( 'NONE',  ( 0.000000000000000000, 0.000000000000000000, 580.0000000000000000 ) ) ;
#768 = ORGANIZATION ( 'NAUO-ORG1', 'UNSPECIFIED', 'UNSPECIFIED' ) ;
#769 = VERTEX_POINT ( 'NONE', #284 ) ;
#770 = VERTEX_POINT ( 'NONE', #2261 ) ;
#771 = DATE_AND_TIME ( #2122, #409 ) ;
#772 = ORIENTED_EDGE ( 'NONE', *, *, #905, .F. ) ;
#773 = CARTESIAN_POINT ( 'NONE',  ( -432.0000000000000568, 17.99999999999994316, 580.0000000000000000 ) ) ;
#774 = ORIENTED_EDGE ( 'NONE', *, *, #3467, .F. ) ;
#775 = CARTESIAN_POINT ( 'NONE',  ( 430.0000000000001137, 30.49999999999997868, 0.000000000000000000 ) ) ;
#776 = CARTESIAN_POINT ( 'NONE',  ( -450.0000000000000568, 347.0000000000000000, 580.0000000000000000 ) ) ;
#777 = ORIENTED_EDGE ( 'NONE', *, *, #3213, .T. ) ;
#778 = CC_DESIGN_PERSON_AND_ORGANIZATION_ASSIGNMENT ( #1989, #225, ( #3303 ) ) ;
#779 = AXIS2_PLACEMENT_3D ( 'NONE', #2061, #710, #2609 ) ;
#780 = CARTESIAN_POINT ( 'NONE',  ( -411.9999999999997726, 30.50000000000007816, 0.000000000000000000 ) ) ;
#781 = EDGE_CURVE ( 'NONE', #1586, #2547, #11, .T. ) ;
#782 = CARTESIAN_POINT ( 'NONE',  ( 35.00000000000006395, 365.0000000000000000, 492.0000000000000000 ) ) ;
#783 = ORIENTED_EDGE ( 'NONE', *, *, #2753, .F. ) ;
#784 = DIRECTION ( 'NONE',  ( 0.000000000000000000, -0.000000000000000000, -1.000000000000000000 ) ) ;
#785 = CARTESIAN_POINT ( 'NONE',  ( -449.9999999999999432, 167.5000000000000000, 0.000000000000000000 ) ) ;
#786 = VECTOR ( 'NONE', #2723, 1000.000000000000000 ) ;
#787 = FACE_OUTER_BOUND ( 'NONE', #104, .T. ) ;
#788 = ORIENTED_EDGE ( 'NONE', *, *, #3029, .T. ) ;
#789 = CARTESIAN_POINT ( 'NONE',  ( 380.0000000000001705, -380.0000000000000000, 483.0000000000000000 ) ) ;
#790 = VECTOR ( 'NONE', #1078, 1000.000000000000000 ) ;
#791 = VECTOR ( 'NONE', #2886, 1000.000000000000000 ) ;
#792 = ADVANCED_FACE ( 'NONE', ( #2110 ), #567, .F. ) ;
#793 = ORIENTED_EDGE ( 'NONE', *, *, #1103, .T. ) ;
#794 = VECTOR ( 'NONE', #1684, 1000.000000000000000 ) ;
#795 = CARTESIAN_POINT ( 'NONE',  ( 412.0000000000001705, -131.4999999999999716, 0.000000000000000000 ) ) ;
#796 = AXIS2_PLACEMENT_3D ( 'NONE', #1594, #750, #3020 ) ;
#797 = VECTOR ( 'NONE', #3379, 1000.000000000000000 ) ;
#798 = CARTESIAN_POINT ( 'NONE',  ( -430.0000000000001705, -149.4999999999999147, -480.0000000000000000 ) ) ;
#799 = CARTESIAN_POINT ( 'NONE',  ( 380.0000000000001705, -365.0000000000000000, 510.0000000000000000 ) ) ;
#800 = ORIENTED_EDGE ( 'NONE', *, *, #2728, .T. ) ;
#801 = VECTOR ( 'NONE', #2169, 1000.000000000000000 ) ;
#802 = DIRECTION ( 'NONE',  ( 0.000000000000000000, -1.000000000000000000, 0.000000000000000000 ) ) ;
#803 = CIRCLE ( 'NONE', #3585, 27.00000000000002487 ) ;
#804 = VERTEX_POINT ( 'NONE', #233 ) ;
#805 = CYLINDRICAL_SURFACE ( 'NONE', #3274, 25.00000000000000711 ) ;
#806 = CARTESIAN_POINT ( 'NONE',  ( -412.0000000000000568, 30.50000000000003197, -461.9999999999999432 ) ) ;
#807 = ADVANCED_FACE ( 'NONE', ( #589 ), #525, .F. ) ;
#808 = DIRECTION ( 'NONE',  ( -1.000000000000000000, 0.000000000000000000, -0.000000000000000000 ) ) ;
#809 = DIRECTION ( 'NONE',  ( -1.000000000000000000, 0.000000000000000000, 0.000000000000000000 ) ) ;
#810 = ORIENTED_EDGE ( 'NONE', *, *, #590, .F. ) ;
#811 = DIRECTION ( 'NONE',  ( 0.000000000000000000, -1.000000000000000000, 0.000000000000000000 ) ) ;
#812 = LOCAL_TIME ( 10, 19, 48.00000000000000000, #1585 ) ;
#813 = DIRECTION ( 'NONE',  ( 0.000000000000000000, 0.000000000000000000, -1.000000000000000000 ) ) ;
#814 = EDGE_LOOP ( 'NONE', ( #2511, #3452 ) ) ;
#815 = ORIENTED_EDGE ( 'NONE', *, *, #1604, .T. ) ;
#816 = PLANE ( 'NONE',  #1557 ) ;
#817 = EDGE_LOOP ( 'NONE', ( #3282, #3618, #1426, #2387 ) ) ;
#818 = VERTEX_POINT ( 'NONE', #3064 ) ;
#819 = CIRCLE ( 'NONE', #2672, 89.99999999999997158 ) ;
#820 = DIRECTION ( 'NONE',  ( 0.000000000000000000, 0.000000000000000000, -1.000000000000000000 ) ) ;
#821 = CARTESIAN_POINT ( 'NONE',  ( 380.0000000000001705, -420.0000000000000000, 510.0000000000000000 ) ) ;
#822 = AXIS2_PLACEMENT_3D ( 'NONE', #2659, #947, #939 ) ;
#823 = DIRECTION ( 'NONE',  ( 0.000000000000000000, -1.000000000000000000, 0.000000000000000000 ) ) ;
#824 = CARTESIAN_POINT ( 'NONE',  ( 109.6456385958148871, 275.1630335788388493, -244.0000000000000284 ) ) ;
#825 = EDGE_CURVE ( 'NONE', #1320, #146, #1660, .T. ) ;
#826 = DIRECTION ( 'NONE',  ( -0.000000000000000000, -1.000000000000000000, -0.000000000000000000 ) ) ;
#827 = ORIENTED_EDGE ( 'NONE', *, *, #1823, .F. ) ;
#828 = ADVANCED_FACE ( 'NONE', ( #2579 ), #3631, .F. ) ;
#829 = VERTEX_POINT ( 'NONE', #3364 ) ;
#830 = LINE ( 'NONE', #1997, #3471 ) ;
#831 = ORIENTED_EDGE ( 'NONE', *, *, #2762, .F. ) ;
#832 = FACE_OUTER_BOUND ( 'NONE', #931, .T. ) ;
#833 = DIRECTION ( 'NONE',  ( 0.000000000000000000, 0.000000000000000000, -1.000000000000000000 ) ) ;
#834 = DIRECTION ( 'NONE',  ( 0.000000000000000000, -2.478176394252579169E-16, -1.000000000000000000 ) ) ;
#835 = ORIENTED_EDGE ( 'NONE', *, *, #2800, .F. ) ;
#836 = EDGE_CURVE ( 'NONE', #505, #1516, #1398, .T. ) ;
#837 = VECTOR ( 'NONE', #1151, 1000.000000000000000 ) ;
#838 = CARTESIAN_POINT ( 'NONE',  ( -380.0000000000001705, -435.0000000000000000, 510.0000000000000000 ) ) ;
#839 = LINE ( 'NONE', #2909, #2399 ) ;
#840 = EDGE_LOOP ( 'NONE', ( #2818, #2916, #328, #729, #578, #2270, #2657, #3524, #1573, #123, #394, #3058 ) ) ;
#841 = ORIENTED_EDGE ( 'NONE', *, *, #872, .F. ) ;
#842 = LINE ( 'NONE', #1766, #797 ) ;
#843 = CARTESIAN_POINT ( 'NONE',  ( 430.0000000000001705, -149.5000000000000284, -480.0000000000000000 ) ) ;
#844 = ADVANCED_FACE ( 'NONE', ( #3573 ), #2199, .T. ) ;
#845 = CARTESIAN_POINT ( 'NONE',  ( -431.9999999999999432, 1.734723475976807094E-14, 99.99999999999987210 ) ) ;
#846 = APPROVAL ( #95, '未指定' ) ;
#847 = VERTEX_POINT ( 'NONE', #3604 ) ;
#848 = CARTESIAN_POINT ( 'NONE',  ( 430.0000000000001705, -149.5000000000000284, -0.000000000000000000 ) ) ;
#849 = CARTESIAN_POINT ( 'NONE',  ( 380.0000000000001705, -365.0000000000000000, 483.0000000000000000 ) ) ;
#850 = EDGE_CURVE ( 'NONE', #2547, #1586, #1568, .T. ) ;
#851 = EDGE_CURVE ( 'NONE', #1646, #1190, #1617, .T. ) ;
#852 = CYLINDRICAL_SURFACE ( 'NONE', #1843, 27.00000000000002487 ) ;
#853 = DIRECTION ( 'NONE',  ( -3.412570772413390973E-16, -0.000000000000000000, -1.000000000000000000 ) ) ;
#854 = CALENDAR_DATE ( 2026, 9, 6 ) ;
#855 = ORIENTED_EDGE ( 'NONE', *, *, #2482, .F. ) ;
#856 = DIRECTION ( 'NONE',  ( 1.000000000000000000, 0.000000000000000000, 0.000000000000000000 ) ) ;
#857 = ORIENTED_EDGE ( 'NONE', *, *, #311, .F. ) ;
#858 = COORDINATED_UNIVERSAL_TIME_OFFSET ( 8, 0, .AHEAD. ) ;
#859 = CARTESIAN_POINT ( 'NONE',  ( -450.0000000000000568, 341.5000000000000000, 612.2599999999998772 ) ) ;
#860 = DIRECTION ( 'NONE',  ( 0.000000000000000000, 0.000000000000000000, -1.000000000000000000 ) ) ;
#861 = ORIENTED_EDGE ( 'NONE', *, *, #572, .T. ) ;
#862 = CARTESIAN_POINT ( 'NONE',  ( 449.9999999999999432, -365.0000000000000000, 580.0000000000000000 ) ) ;
#863 = VERTEX_POINT ( 'NONE', #3337 ) ;
#864 = ADVANCED_FACE ( 'NONE', ( #1071 ), #1413, .F. ) ;
#865 = ORIENTED_EDGE ( 'NONE', *, *, #2641, .F. ) ;
#866 = VECTOR ( 'NONE', #165, 1000.000000000000000 ) ;
#867 = AXIS2_PLACEMENT_3D ( 'NONE', #918, #1221, #2063 ) ;
#868 = CARTESIAN_POINT ( 'NONE',  ( 0.000000000000000000, 0.000000000000000000, 0.000000000000000000 ) ) ;
#869 = VERTEX_POINT ( 'NONE', #2548 ) ;
#870 = CARTESIAN_POINT ( 'NONE',  ( -432.0000000000000568, -347.0000000000000000, 2.000000000000000000 ) ) ;
#871 = CARTESIAN_POINT ( 'NONE',  ( 380.0000000000001705, -380.0000000000000000, 483.0000000000000000 ) ) ;
#872 = EDGE_CURVE ( 'NONE', #1314, #1682, #1530, .T. ) ;
#873 = FACE_OUTER_BOUND ( 'NONE', #1161, .T. ) ;
#874 = DIRECTION ( 'NONE',  ( -0.000000000000000000, 1.000000000000000000, -0.000000000000000000 ) ) ;
#875 = ORIENTED_EDGE ( 'NONE', *, *, #917, .T. ) ;
#876 = CARTESIAN_POINT ( 'NONE',  ( 431.9999999999999432, 347.0000000000000000, 2.000000000000000000 ) ) ;
#877 = CIRCLE ( 'NONE', #951, 109.9999999999999858 ) ;
#878 = EDGE_CURVE ( 'NONE', #647, #744, #1933, .T. ) ;
#879 =( NAMED_UNIT ( * ) PLANE_ANGLE_UNIT ( ) SI_UNIT ( $, .RADIAN. ) );
#880 = ORIENTED_EDGE ( 'NONE', *, *, #763, .T. ) ;
#881 = LINE ( 'NONE', #3455, #1927 ) ;
#882 = ADVANCED_FACE ( 'NONE', ( #2151 ), #2606, .T. ) ;
#883 = CARTESIAN_POINT ( 'NONE',  ( -450.0000000000000568, -57.00000000000006395, 562.0000000000000000 ) ) ;
#884 = ORIENTED_EDGE ( 'NONE', *, *, #198, .T. ) ;
#885 = CARTESIAN_POINT ( 'NONE',  ( -34.99999999999994316, 397.0000000000000000, 492.0000000000000000 ) ) ;
#886 = DIRECTION ( 'NONE',  ( 0.000000000000000000, 0.000000000000000000, -1.000000000000000000 ) ) ;
#887 = CARTESIAN_POINT ( 'NONE',  ( -214.9999999999999716, 375.0000000000000000, 148.0000000000000284 ) ) ;
#888 = ORIENTED_EDGE ( 'NONE', *, *, #1629, .T. ) ;
#889 = CIRCLE ( 'NONE', #3634, 25.00000000000002132 ) ;
#890 = EDGE_CURVE ( 'NONE', #43, #505, #976, .T. ) ;
#891 = AXIS2_PLACEMENT_3D ( 'NONE', #711, #3270, #1858 ) ;
#892 = EDGE_LOOP ( 'NONE', ( #727, #2292, #1677, #2021, #2275, #2956, #51, #1043, #1194, #1074, #2477, #1070 ) ) ;
#893 = EDGE_LOOP ( 'NONE', ( #3089, #1203, #544, #3079 ) ) ;
#894 = FACE_OUTER_BOUND ( 'NONE', #2651, .T. ) ;
#895 = DIRECTION ( 'NONE',  ( 0.000000000000000000, 0.000000000000000000, 1.000000000000000000 ) ) ;
#896 = LINE ( 'NONE', #3272, #3530 ) ;
#897 = CARTESIAN_POINT ( 'NONE',  ( -380.0000000000001705, -380.0000000000000000, 510.0000000000000000 ) ) ;
#898 = EDGE_CURVE ( 'NONE', #1389, #6, #3224, .T. ) ;
#899 = CC_DESIGN_PERSON_AND_ORGANIZATION_ASSIGNMENT ( #1678, #1798, ( #83 ) ) ;
#900 = CARTESIAN_POINT ( 'NONE',  ( -380.0000000000001705, -420.0000000000000000, 510.0000000000000000 ) ) ;
#901 = DIRECTION ( 'NONE',  ( 0.000000000000000000, 0.000000000000000000, 1.000000000000000000 ) ) ;
#902 = DATE_TIME_ROLE ( 'classification_date' ) ;
#903 = ORIENTED_EDGE ( 'NONE', *, *, #2085, .F. ) ;
#904 = ADVANCED_FACE ( 'NONE', ( #2928 ), #627, .T. ) ;
#905 = EDGE_CURVE ( 'NONE', #1723, #3246, #2888, .T. ) ;
#906 = CARTESIAN_POINT ( 'NONE',  ( 380.0000000000001705, -380.0000000000000000, 69.99999999999995737 ) ) ;
#907 = DATE_AND_TIME ( #604, #1852 ) ;
#908 = VERTEX_POINT ( 'NONE', #883 ) ;
#909 = EDGE_LOOP ( 'NONE', ( #712, #1457 ) ) ;
#910 = PERSON_AND_ORGANIZATION ( #2026, #1228 ) ;
#911 = PRODUCT ( '地柜11-柜门_地柜11-柜门', '地柜11-柜门_地柜11-柜门', '', ( #2346 ) ) ;
#912 = ORIENTED_EDGE ( 'NONE', *, *, #1930, .T. ) ;
#913 = VERTEX_POINT ( 'NONE', #3427 ) ;
#914 = CYLINDRICAL_SURFACE ( 'NONE', #2171, 25.00000000000002132 ) ;
#915 = CARTESIAN_POINT ( 'NONE',  ( -34.99999999999994316, 397.0000000000000000, 492.0000000000000000 ) ) ;
#916 = CARTESIAN_POINT ( 'NONE',  ( 412.0000000000001705, -131.4999999999999716, 0.000000000000000000 ) ) ;
#917 = EDGE_CURVE ( 'NONE', #1572, #2665, #229, .T. ) ;
#918 = CARTESIAN_POINT ( 'NONE',  ( -380.0000000000001705, -420.0000000000000000, 69.99999999999995737 ) ) ;
#919 = DIRECTION ( 'NONE',  ( -0.000000000000000000, -1.000000000000000000, -0.000000000000000000 ) ) ;
#920 = AXIS2_PLACEMENT_3D ( 'NONE', #444, #2434, #2715 ) ;
#921 = LINE ( 'NONE', #2540, #1691 ) ;
#922 = CC_DESIGN_PERSON_AND_ORGANIZATION_ASSIGNMENT ( #1495, #500, ( #1166 ) ) ;
#923 = ORIENTED_EDGE ( 'NONE', *, *, #2085, .T. ) ;
#924 = CARTESIAN_POINT ( 'NONE',  ( -412.0000000000000568, 854.6965784932623365, -261.9999999999999432 ) ) ;
#925 = VECTOR ( 'NONE', #1626, 1000.000000000000000 ) ;
#926 = DIRECTION ( 'NONE',  ( -0.000000000000000000, -1.000000000000000000, -0.000000000000000000 ) ) ;
#927 = EDGE_CURVE ( 'NONE', #410, #3119, #625, .T. ) ;
#928 = DIRECTION ( 'NONE',  ( 0.000000000000000000, -0.000000000000000000, -1.000000000000000000 ) ) ;
#929 = CARTESIAN_POINT ( 'NONE',  ( -380.0000000000001705, -435.0000000000000000, 535.0000000000000000 ) ) ;
#930 = FACE_OUTER_BOUND ( 'NONE', #817, .T. ) ;
#931 = EDGE_LOOP ( 'NONE', ( #2076, #3514, #420, #1162 ) ) ;
#932 = VECTOR ( 'NONE', #1917, 1000.000000000000000 ) ;
#933 = APPROVAL_STATUS ( 'not_yet_approved' ) ;
#934 = EDGE_LOOP ( 'NONE', ( #2993, #2451 ) ) ;
#935 = EDGE_CURVE ( 'NONE', #1187, #1291, #3145, .T. ) ;
#936 = ORIENTED_EDGE ( 'NONE', *, *, #1474, .T. ) ;
#937 = LINE ( 'NONE', #1105, #439 ) ;
#938 = DIRECTION ( 'NONE',  ( 0.000000000000000000, 1.000000000000000000, 0.000000000000000000 ) ) ;
#939 = DIRECTION ( 'NONE',  ( 0.000000000000000000, 0.000000000000000000, 1.000000000000000000 ) ) ;
#940 = CARTESIAN_POINT ( 'NONE',  ( 449.9999999999999432, 341.5000000000000000, 612.2599999999998772 ) ) ;
#941 = ORIENTED_EDGE ( 'NONE', *, *, #3195, .T. ) ;
#942 = DIRECTION ( 'NONE',  ( -0.000000000000000000, 1.000000000000000000, -0.000000000000000000 ) ) ;
#943 = FACE_OUTER_BOUND ( 'NONE', #1825, .T. ) ;
#944 = AXIS2_PLACEMENT_3D ( 'NONE', #3287, #1915, #195 ) ;
#945 = APPROVAL_DATE_TIME ( #552, #156 ) ;
#946 = EDGE_LOOP ( 'NONE', ( #2817, #2039, #231, #3525 ) ) ;
#947 = DIRECTION ( 'NONE',  ( 0.000000000000000000, -1.000000000000000000, 0.000000000000000000 ) ) ;
#948 = ORIENTED_EDGE ( 'NONE', *, *, #1761, .T. ) ;
#949 = CARTESIAN_POINT ( 'NONE',  ( -380.0000000000001705, -380.0000000000000000, 510.0000000000000000 ) ) ;
#950 = PERSON_AND_ORGANIZATION ( #2026, #1228 ) ;
#951 = AXIS2_PLACEMENT_3D ( 'NONE', #2868, #2924, #2398 ) ;
#952 = ORIENTED_EDGE ( 'NONE', *, *, #1960, .F. ) ;
#953 = FACE_OUTER_BOUND ( 'NONE', #2596, .T. ) ;
#954 = APPROVAL_STATUS ( 'not_yet_approved' ) ;
#955 = ORIENTED_EDGE ( 'NONE', *, *, #3007, .T. ) ;
#956 = LINE ( 'NONE', #1262, #255 ) ;
#957 = ORIENTED_EDGE ( 'NONE', *, *, #2739, .T. ) ;
#958 = DIRECTION ( 'NONE',  ( 3.083952846180990774E-16, -1.000000000000000000, 0.000000000000000000 ) ) ;
#959 = DIRECTION ( 'NONE',  ( -1.000000000000000000, 0.000000000000000000, 0.000000000000000000 ) ) ;
#960 = VERTEX_POINT ( 'NONE', #22 ) ;
#961 = EDGE_CURVE ( 'NONE', #453, #436, #2796, .T. ) ;
#962 = DIRECTION ( 'NONE',  ( 0.000000000000000000, 1.000000000000000000, -0.000000000000000000 ) ) ;
#963 = CARTESIAN_POINT ( 'NONE',  ( -450.0000000000000568, -5.551115123125782702E-14, 580.0000000000000000 ) ) ;
#964 = VECTOR ( 'NONE', #2251, 1000.000000000000000 ) ;
#965 = DIRECTION ( 'NONE',  ( 1.000000000000000000, 0.000000000000000000, 0.000000000000000000 ) ) ;
#966 = FACE_BOUND ( 'NONE', #977, .T. ) ;
#967 = APPROVAL_ROLE ( '' ) ;
#968 = CC_DESIGN_APPROVAL ( #3094, ( #1212 ) ) ;
#969 = CIRCLE ( 'NONE', #637, 20.00000000000001776 ) ;
#970 = ORIENTED_EDGE ( 'NONE', *, *, #905, .T. ) ;
#971 = CARTESIAN_POINT ( 'NONE',  ( 431.9999999999999432, 0.000000000000000000, 18.00000000000000000 ) ) ;
#972 = CYLINDRICAL_SURFACE ( 'NONE', #1481, 20.00000000000001776 ) ;
#973 = EDGE_CURVE ( 'NONE', #2414, #537, #889, .T. ) ;
#974 = ORIENTED_EDGE ( 'NONE', *, *, #402, .F. ) ;
#975 = EDGE_CURVE ( 'NONE', #3539, #1615, #3059, .T. ) ;
#976 = LINE ( 'NONE', #870, #3106 ) ;
#977 = EDGE_LOOP ( 'NONE', ( #3211, #3035 ) ) ;
#978 = CARTESIAN_POINT ( 'NONE',  ( 215.0000000000000284, 375.0000000000000000, 257.9999999999999432 ) ) ;
#979 = ORIENTED_EDGE ( 'NONE', *, *, #629, .T. ) ;
#980 = CIRCLE ( 'NONE', #1263, 25.00000000000000711 ) ;
#981 = EDGE_CURVE ( 'NONE', #2663, #3592, #842, .T. ) ;
#982 = FACE_OUTER_BOUND ( 'NONE', #209, .T. ) ;
#983 = CARTESIAN_POINT ( 'NONE',  ( 412.0000000000001705, 854.6965784932623365, -261.9999999999999432 ) ) ;
#984 = CIRCLE ( 'NONE', #822, 26.99999999999999645 ) ;
#985 = PLANE ( 'NONE',  #2474 ) ;
#986 = DIRECTION ( 'NONE',  ( 0.000000000000000000, 0.000000000000000000, 1.000000000000000000 ) ) ;
#987 = ORIENTED_EDGE ( 'NONE', *, *, #12, .F. ) ;
#988 = DATE_AND_TIME ( #1771, #293 ) ;
#989 = DIRECTION ( 'NONE',  ( 0.000000000000000000, 1.000000000000000000, 0.000000000000000000 ) ) ;
#990 = ORIENTED_EDGE ( 'NONE', *, *, #2904, .T. ) ;
#991 = ORIENTED_EDGE ( 'NONE', *, *, #1345, .F. ) ;
#992 = LOCAL_TIME ( 10, 19, 48.00000000000000000, #2168 ) ;
#993 = ORIENTED_EDGE ( 'NONE', *, *, #585, .T. ) ;
#994 = DIRECTION ( 'NONE',  ( 0.000000000000000000, -1.239088197126289584E-16, -1.000000000000000000 ) ) ;
#995 = LINE ( 'NONE', #2972, #447 ) ;
#996 = ORIENTED_EDGE ( 'NONE', *, *, #1282, .T. ) ;
#997 = FACE_OUTER_BOUND ( 'NONE', #999, .T. ) ;
#998 = CARTESIAN_POINT ( 'NONE',  ( -432.0000000000000568, -347.0000000000000000, 2.000000000000000000 ) ) ;
#999 = EDGE_LOOP ( 'NONE', ( #1006, #1589, #23, #1868 ) ) ;
#1000 = EDGE_CURVE ( 'NONE', #3589, #560, #49, .T. ) ;
#1001 = EDGE_LOOP ( 'NONE', ( #1488, #497, #606, #1606 ) ) ;
#1002 = DIRECTION ( 'NONE',  ( -1.000000000000000000, 0.000000000000000000, 0.000000000000000000 ) ) ;
#1003 = VECTOR ( 'NONE', #2810, 1000.000000000000000 ) ;
#1004 = SECURITY_CLASSIFICATION_LEVEL ( 'unclassified' ) ;
#1005 = DIRECTION ( 'NONE',  ( -0.000000000000000000, 1.000000000000000000, -0.000000000000000000 ) ) ;
#1006 = ORIENTED_EDGE ( 'NONE', *, *, #1103, .F. ) ;
#1007 = FACE_OUTER_BOUND ( 'NONE', #1502, .T. ) ;
#1008 = EDGE_CURVE ( 'NONE', #1767, #1133, #670, .T. ) ;
#1009 = DIRECTION ( 'NONE',  ( 0.000000000000000000, -0.000000000000000000, -1.000000000000000000 ) ) ;
#1010 = LINE ( 'NONE', #2949, #270 ) ;
#1011 = CARTESIAN_POINT ( 'NONE',  ( -432.0000000000000568, -347.0000000000000000, 0.000000000000000000 ) ) ;
#1012 = EDGE_CURVE ( 'NONE', #3149, #2714, #3520, .T. ) ;
#1013 = DIRECTION ( 'NONE',  ( 0.000000000000000000, 1.000000000000000000, 0.000000000000000000 ) ) ;
#1014 = DIRECTION ( 'NONE',  ( 0.000000000000000000, 0.000000000000000000, 1.000000000000000000 ) ) ;
#1015 = AXIS2_PLACEMENT_3D ( 'NONE', #2276, #2775, #264 ) ;
#1016 = DIRECTION ( 'NONE',  ( 0.000000000000000000, 0.000000000000000000, 1.000000000000000000 ) ) ;
#1017 = VERTEX_POINT ( 'NONE', #76 ) ;
#1018 = VECTOR ( 'NONE', #3160, 1000.000000000000000 ) ;
#1019 = EDGE_CURVE ( 'NONE', #863, #9, #416, .T. ) ;
#1020 = ORIENTED_EDGE ( 'NONE', *, *, #3637, .F. ) ;
#1021 = CARTESIAN_POINT ( 'NONE',  ( 0.000000000000000000, -347.0000000000000000, 18.00000000000000000 ) ) ;
#1022 = CARTESIAN_POINT ( 'NONE',  ( 215.0000000000000284, 365.0000000000000000, 167.9999999999998863 ) ) ;
#1023 = DIRECTION ( 'NONE',  ( 0.000000000000000000, -1.000000000000000000, 0.000000000000000000 ) ) ;
#1024 = ADVANCED_FACE ( 'NONE', ( #134 ), #2616, .F. ) ;
#1025 = CIRCLE ( 'NONE', #2773, 90.00000000000002842 ) ;
#1026 = CARTESIAN_POINT ( 'NONE',  ( -214.9999999999999716, 375.0000000000000000, 258.0000000000000000 ) ) ;
#1027 = DATE_AND_TIME ( #1809, #192 ) ;
#1028 = ORIENTED_EDGE ( 'NONE', *, *, #878, .T. ) ;
#1029 = APPROVAL_ROLE ( '' ) ;
#1030 = DIRECTION ( 'NONE',  ( 0.000000000000000000, -1.000000000000000000, 0.000000000000000000 ) ) ;
#1031 = EDGE_CURVE ( 'NONE', #1516, #668, #3629, .T. ) ;
#1032 = ORIENTED_EDGE ( 'NONE', *, *, #291, .T. ) ;
#1033 = CARTESIAN_POINT ( 'NONE',  ( 0.000000000000000000, 0.000000000000000000, -480.0000000000000000 ) ) ;
#1034 = CC_DESIGN_PERSON_AND_ORGANIZATION_ASSIGNMENT ( #1417, #3198, ( #83 ) ) ;
#1035 = COORDINATED_UNIVERSAL_TIME_OFFSET ( 8, 0, .AHEAD. ) ;
#1036 = AXIS2_PLACEMENT_3D ( 'NONE', #2835, #2007, #137 ) ;
#1037 = EDGE_LOOP ( 'NONE', ( #375, #2722, #2367, #888 ) ) ;
#1038 = EDGE_LOOP ( 'NONE', ( #71, #1553, #3238, #774 ) ) ;
#1039 = CIRCLE ( 'NONE', #1669, 15.00000000000001421 ) ;
#1040 = PLANE ( 'NONE',  #1146 ) ;
#1041 = EDGE_CURVE ( 'NONE', #1226, #70, #2243, .T. ) ;
#1042 = CARTESIAN_POINT ( 'NONE',  ( 412.0000000000001705, 30.49999999999997158, -244.0000000000000000 ) ) ;
#1043 = ORIENTED_EDGE ( 'NONE', *, *, #3261, .F. ) ;
#1044 = EDGE_CURVE ( 'NONE', #2767, #1150, #2670, .T. ) ;
#1045 = ORIENTED_EDGE ( 'NONE', *, *, #1328, .F. ) ;
#1046 = CARTESIAN_POINT ( 'NONE',  ( 450.0000000000000568, -167.5000000000000000, 20.00000000000000000 ) ) ;
#1047 = ORIENTED_EDGE ( 'NONE', *, *, #2597, .T. ) ;
#1048 = EDGE_CURVE ( 'NONE', #913, #696, #339, .T. ) ;
#1049 = APPROVAL_ROLE ( '' ) ;
#1050 = CARTESIAN_POINT ( 'NONE',  ( -432.0000000000000568, 290.0000000000000568, 580.0000000000000000 ) ) ;
#1051 = EDGE_LOOP ( 'NONE', ( #411, #196 ) ) ;
#1052 = DIRECTION ( 'NONE',  ( 0.000000000000000000, 0.000000000000000000, -1.000000000000000000 ) ) ;
#1053 = ADVANCED_FACE ( 'NONE', ( #3474 ), #2215, .F. ) ;
#1054 = FACE_OUTER_BOUND ( 'NONE', #3016, .T. ) ;
#1055 = VECTOR ( 'NONE', #2407, 1000.000000000000000 ) ;
#1056 = ORIENTED_EDGE ( 'NONE', *, *, #1657, .F. ) ;
#1057 = CARTESIAN_POINT ( 'NONE',  ( 450.0000000000000568, -167.5000000000000000, 20.00000000000000000 ) ) ;
#1058 = ORIENTED_EDGE ( 'NONE', *, *, #265, .F. ) ;
#1059 = FACE_BOUND ( 'NONE', #1422, .T. ) ;
#1060 = LINE ( 'NONE', #212, #1745 ) ;
#1061 = CARTESIAN_POINT ( 'NONE',  ( 215.0000000000000284, 375.0000000000000000, 147.9999999999999716 ) ) ;
#1062 = CARTESIAN_POINT ( 'NONE',  ( 449.9999999999999432, 318.0000000000000568, 562.0000000000000000 ) ) ;
#1063 = LINE ( 'NONE', #2321, #3310 ) ;
#1064 = PERSON_AND_ORGANIZATION_ROLE ( 'creator' ) ;
#1065 = DIRECTION ( 'NONE',  ( -0.000000000000000000, 2.478176394252579662E-16, 1.000000000000000000 ) ) ;
#1066 = DIRECTION ( 'NONE',  ( -0.000000000000000000, 1.000000000000000000, -0.000000000000000000 ) ) ;
#1067 = DIRECTION ( 'NONE',  ( 1.000000000000000000, 0.000000000000000000, -0.000000000000000000 ) ) ;
#1068 = EDGE_CURVE ( 'NONE', #3288, #1720, #2231, .T. ) ;
#1069 = EDGE_CURVE ( 'NONE', #3647, #1855, #2569, .T. ) ;
#1070 = ORIENTED_EDGE ( 'NONE', *, *, #2324, .T. ) ;
#1071 = FACE_OUTER_BOUND ( 'NONE', #1959, .T. ) ;
#1072 = DIRECTION ( 'NONE',  ( 0.000000000000000000, -1.000000000000000000, 0.000000000000000000 ) ) ;
#1073 = CARTESIAN_POINT ( 'NONE',  ( -380.0000000000001705, -380.0000000000000000, 510.0000000000000000 ) ) ;
#1074 = ORIENTED_EDGE ( 'NONE', *, *, #1566, .F. ) ;
#1075 = LINE ( 'NONE', #2539, #1763 ) ;
#1076 = ADVANCED_FACE ( 'NONE', ( #383 ), #1833, .T. ) ;
#1077 = CARTESIAN_POINT ( 'NONE',  ( 380.0000000000001705, -420.0000000000000000, 69.99999999999995737 ) ) ;
#1078 = DIRECTION ( 'NONE',  ( -0.000000000000000000, -1.000000000000000000, -0.000000000000000000 ) ) ;
#1079 = CARTESIAN_POINT ( 'NONE',  ( 430.0000000000001705, -149.5000000000000284, -480.0000000000000000 ) ) ;
#1080 = CARTESIAN_POINT ( 'NONE',  ( 380.0000000000001705, -435.0000000000000000, 485.0000000000000000 ) ) ;
#1081 = ORIENTED_EDGE ( 'NONE', *, *, #3254, .T. ) ;
#1082 = AXIS2_PLACEMENT_3D ( 'NONE', #1653, #3600, #1948 ) ;
#1083 = CARTESIAN_POINT ( 'NONE',  ( -380.0000000000001705, -365.0000000000000000, 42.99999999999995026 ) ) ;
#1084 = EDGE_CURVE ( 'NONE', #1324, #152, #2654, .T. ) ;
#1085 = APPROVAL_DATE_TIME ( #3201, #3056 ) ;
#1086 = ORIENTED_EDGE ( 'NONE', *, *, #2656, .F. ) ;
#1087 = DIRECTION ( 'NONE',  ( -0.000000000000000000, -1.000000000000000000, -0.000000000000000000 ) ) ;
#1088 = VERTEX_POINT ( 'NONE', #1327 ) ;
#1089 = APPROVAL_PERSON_ORGANIZATION ( #2772, #3094, #2365 ) ;
#1090 = ORIENTED_EDGE ( 'NONE', *, *, #1807, .F. ) ;
#1091 = CARTESIAN_POINT ( 'NONE',  ( -430.0000000000001705, -149.4999999999999147, -480.0000000000000000 ) ) ;
#1092 = APPROVAL ( #1806, '未指定' ) ;
#1093 = DIRECTION ( 'NONE',  ( -0.000000000000000000, -1.000000000000000000, -0.000000000000000000 ) ) ;
#1094 = VECTOR ( 'NONE', #2435, 1000.000000000000000 ) ;
#1095 = ADVANCED_FACE ( 'NONE', ( #3214 ), #1239, .F. ) ;
#1096 = CARTESIAN_POINT ( 'NONE',  ( -449.9999999999999432, -167.5000000000000000, 20.00000000000000000 ) ) ;
#1097 = AXIS2_PLACEMENT_3D ( 'NONE', #3507, #716, #2699 ) ;
#1098 = EDGE_CURVE ( 'NONE', #2372, #564, #2093, .T. ) ;
#1099 = CARTESIAN_POINT ( 'NONE',  ( 380.0000000000001705, -420.0000000000000000, 490.0000000000000000 ) ) ;
#1100 = CARTESIAN_POINT ( 'NONE',  ( 380.0000000000001705, -435.0000000000000000, 535.0000000000000000 ) ) ;
#1101 = LINE ( 'NONE', #759, #2690 ) ;
#1102 = ORIENTED_EDGE ( 'NONE', *, *, #1068, .T. ) ;
#1103 = EDGE_CURVE ( 'NONE', #86, #2006, #694, .T. ) ;
#1104 = ORIENTED_EDGE ( 'NONE', *, *, #470, .T. ) ;
#1105 = CARTESIAN_POINT ( 'NONE',  ( 35.00000000000006395, 397.0000000000000000, 477.0000000000000000 ) ) ;
#1106 = LINE ( 'NONE', #1096, #1605 ) ;
#1107 = DIRECTION ( 'NONE',  ( 0.000000000000000000, -1.000000000000000000, 0.000000000000000000 ) ) ;
#1108 = LINE ( 'NONE', #2801, #122 ) ;
#1109 = ORIENTED_EDGE ( 'NONE', *, *, #2521, .T. ) ;
#1110 = CARTESIAN_POINT ( 'NONE',  ( 431.9999999999999432, 1.734723475976807094E-14, 580.0000000000000000 ) ) ;
#1111 = LINE ( 'NONE', #2479, #268 ) ;
#1112 = LINE ( 'NONE', #940, #81 ) ;
#1113 = DIRECTION ( 'NONE',  ( -0.000000000000000000, 0.000000000000000000, 1.000000000000000000 ) ) ;
#1114 = CARTESIAN_POINT ( 'NONE',  ( 380.0000000000001705, -435.0000000000000000, 510.0000000000000000 ) ) ;
#1115 = SECURITY_CLASSIFICATION ( '', '', #2249 ) ;
#1116 = AXIS2_PLACEMENT_3D ( 'NONE', #1548, #2631, #1836 ) ;
#1117 = CARTESIAN_POINT ( 'NONE',  ( 380.0000000000001705, -435.0000000000000000, 69.99999999999995737 ) ) ;
#1118 = CARTESIAN_POINT ( 'NONE',  ( 380.0000000000001705, -380.0000000000000000, 96.99999999999994316 ) ) ;
#1119 = ORIENTED_EDGE ( 'NONE', *, *, #2281, .T. ) ;
#1120 = FACE_OUTER_BOUND ( 'NONE', #3413, .T. ) ;
#1121 = CARTESIAN_POINT ( 'NONE',  ( 449.9999999999999432, -1.665334536937734811E-13, 580.0000000000000000 ) ) ;
#1122 = CARTESIAN_POINT ( 'NONE',  ( 380.0000000000001705, -420.0000000000000000, 535.0000000000000000 ) ) ;
#1123 = ORIENTED_EDGE ( 'NONE', *, *, #2341, .T. ) ;
#1124 = LINE ( 'NONE', #1614, #1578 ) ;
#1125 = EDGE_CURVE ( 'NONE', #2610, #1526, #3562, .T. ) ;
#1126 = CARTESIAN_POINT ( 'NONE',  ( -432.0000000000000568, 347.0000000000000000, 580.0000000000000000 ) ) ;
#1127 = CARTESIAN_POINT ( 'NONE',  ( 449.9999999999999432, -57.00000000000006395, 562.0000000000000000 ) ) ;
#1128 = DIRECTION ( 'NONE',  ( 0.000000000000000000, -0.000000000000000000, 1.000000000000000000 ) ) ;
#1129 = EDGE_CURVE ( 'NONE', #1586, #2109, #1060, .T. ) ;
#1130 = ITEM_DEFINED_TRANSFORMATION ( 'NONE', 'NONE', #2438,  #1796 ) ;
#1131 = ORIENTED_EDGE ( 'NONE', *, *, #451, .T. ) ;
#1132 = ADVANCED_FACE ( 'NONE', ( #2003 ), #188, .F. ) ;
#1133 = VERTEX_POINT ( 'NONE', #1355 ) ;
#1134 = CALENDAR_DATE ( 2026, 9, 6 ) ;
#1135 = AXIS2_PLACEMENT_3D ( 'NONE', #1731, #3114, #257 ) ;
#1136 = ORIENTED_EDGE ( 'NONE', *, *, #56, .F. ) ;
#1137 = ORIENTED_EDGE ( 'NONE', *, *, #2019, .F. ) ;
#1138 = VECTOR ( 'NONE', #403, 1000.000000000000000 ) ;
#1139 = CARTESIAN_POINT ( 'NONE',  ( 450.0000000000000568, 167.5000000000000000, 20.00000000000000000 ) ) ;
#1140 = EDGE_LOOP ( 'NONE', ( #1255, #1752, #1318, #1990 ) ) ;
#1141 = CARTESIAN_POINT ( 'NONE',  ( 430.0000000000001705, -149.5000000000000284, -480.0000000000000000 ) ) ;
#1142 = AXIS2_PLACEMENT_3D ( 'NONE', #2440, #3555, #3001 ) ;
#1143 = DIRECTION ( 'NONE',  ( -1.000000000000000000, -0.000000000000000000, -0.000000000000000000 ) ) ;
#1144 = ORIENTED_EDGE ( 'NONE', *, *, #3181, .T. ) ;
#1145 = CARTESIAN_POINT ( 'NONE',  ( 380.0000000000001705, -420.0000000000000000, 49.99999999999993605 ) ) ;
#1146 = AXIS2_PLACEMENT_3D ( 'NONE', #1388, #1357, #1329 ) ;
#1147 = CARTESIAN_POINT ( 'NONE',  ( 127.6456385958148729, -131.4999999999999716, -244.0000000000000284 ) ) ;
#1148 = FACE_BOUND ( 'NONE', #2566, .T. ) ;
#1149 = LINE ( 'NONE', #2911, #476 ) ;
#1150 = VERTEX_POINT ( 'NONE', #3273 ) ;
#1151 = DIRECTION ( 'NONE',  ( -0.000000000000000000, 1.000000000000000000, -0.000000000000000000 ) ) ;
#1152 = ADVANCED_FACE ( 'NONE', ( #117 ), #3318, .T. ) ;
#1153 = CARTESIAN_POINT ( 'NONE',  ( 380.0000000000001705, -420.0000000000000000, 510.0000000000000000 ) ) ;
#1154 = EDGE_CURVE ( 'NONE', #3651, #1314, #2832, .T. ) ;
#1155 = VECTOR ( 'NONE', #2683, 1000.000000000000000 ) ;
#1156 = PLANE ( 'NONE',  #2224 ) ;
#1157 = CARTESIAN_POINT ( 'NONE',  ( -214.9999999999999716, 365.0000000000000000, 148.0000000000000284 ) ) ;
#1158 = ORIENTED_EDGE ( 'NONE', *, *, #169, .T. ) ;
#1159 = CYLINDRICAL_SURFACE ( 'NONE', #1717, 90.00000000000000000 ) ;
#1160 = EDGE_CURVE ( 'NONE', #1291, #3410, #1918, .T. ) ;
#1161 = EDGE_LOOP ( 'NONE', ( #1485, #2640 ) ) ;
#1162 = ORIENTED_EDGE ( 'NONE', *, *, #2475, .T. ) ;
#1163 = AXIS2_PLACEMENT_3D ( 'NONE', #1033, #2191, #1067 ) ;
#1164 = CYLINDRICAL_SURFACE ( 'NONE', #796, 15.00000000000001421 ) ;
#1165 = DIRECTION ( 'NONE',  ( 0.000000000000000000, -1.000000000000000000, 0.000000000000000000 ) ) ;
#1166 = SECURITY_CLASSIFICATION ( '', '', #1004 ) ;
#1167 = AXIS2_PLACEMENT_3D ( 'NONE', #1561, #2073, #1205 ) ;
#1168 = EDGE_LOOP ( 'NONE', ( #2632, #2465, #2445, #1313 ) ) ;
#1169 = FACE_OUTER_BOUND ( 'NONE', #1038, .T. ) ;
#1170 = DIRECTION ( 'NONE',  ( -0.000000000000000000, 1.000000000000000000, -0.000000000000000000 ) ) ;
#1171 = DIRECTION ( 'NONE',  ( 0.000000000000000000, 0.000000000000000000, -1.000000000000000000 ) ) ;
#1172 = ADVANCED_FACE ( 'NONE', ( #1148, #475 ), #237, .F. ) ;
#1173 = EDGE_CURVE ( 'NONE', #847, #59, #3298, .T. ) ;
#1174 = FACE_OUTER_BOUND ( 'NONE', #3334, .T. ) ;
#1175 = CARTESIAN_POINT ( 'NONE',  ( 431.9999999999999432, 0.000000000000000000, 580.0000000000000000 ) ) ;
#1176 = FACE_OUTER_BOUND ( 'NONE', #110, .T. ) ;
#1177 = ORIENTED_EDGE ( 'NONE', *, *, #198, .F. ) ;
#1178 = DIRECTION ( 'NONE',  ( 1.000000000000000000, 0.000000000000000000, 0.000000000000000000 ) ) ;
#1179 = ORIENTED_EDGE ( 'NONE', *, *, #89, .T. ) ;
#1180 = DATE_AND_TIME ( #854, #2854 ) ;
#1181 = EDGE_CURVE ( 'NONE', #382, #1229, #2736, .T. ) ;
#1182 = ORIENTED_EDGE ( 'NONE', *, *, #651, .T. ) ;
#1183 = CALENDAR_DATE ( 2026, 9, 6 ) ;
#1184 = DIRECTION ( 'NONE',  ( 0.000000000000000000, -2.478176394252579169E-16, -1.000000000000000000 ) ) ;
#1185 = ORIENTED_EDGE ( 'NONE', *, *, #358, .T. ) ;
#1186 = CARTESIAN_POINT ( 'NONE',  ( -380.0000000000001705, -435.0000000000000000, 69.99999999999995737 ) ) ;
#1187 = VERTEX_POINT ( 'NONE', #2542 ) ;
#1188 = DIRECTION ( 'NONE',  ( 0.000000000000000000, 0.000000000000000000, 1.000000000000000000 ) ) ;
#1189 = CLOSED_SHELL ( 'NONE', ( #844, #554, #1095, #3146, #2971, #2543, #454, #297, #3636, #3426, #2995, #2724, #3166, #650, #180, #34, #2269, #532, #50, #1765, #904, #1984, #3017, #2877, #595, #3411, #2893, #2856, #3561, #2149, #2230, #1494, #280, #2804, #1721, #221, #329, #3092, #3619, #1152, #1076, #3375, #1463, #2304, #3129, #2580, #1783, #2335, #1912, #2842, #3037, #2510, #1974, #426, #1172, #3307, #1249, #1480, #1370, #2208, #2315, #493, #1427, #3446, #316, #393, #864, #792, #1208, #1685, #2024, #1956, #3466, #3109, #2612, #2742, #1998, #2781, #2043, #3354, #1408, #614, #2377, #1266, #17, #626, #577, #139, #2527, #67, #3073 ) ) ;
#1190 = VERTEX_POINT ( 'NONE', #253 ) ;
#1191 = LINE ( 'NONE', #509, #654 ) ;
#1192 = ADVANCED_FACE ( 'NONE', ( #1054 ), #2553, .F. ) ;
#1193 = DIRECTION ( 'NONE',  ( 0.000000000000000000, -1.000000000000000000, 0.000000000000000000 ) ) ;
#1194 = ORIENTED_EDGE ( 'NONE', *, *, #1084, .T. ) ;
#1195 = AXIS2_PLACEMENT_3D ( 'NONE', #799, #2813, #275 ) ;
#1196 = AXIS2_PLACEMENT_3D ( 'NONE', #1694, #1391, #1996 ) ;
#1197 = DIRECTION ( 'NONE',  ( -0.000000000000000000, 1.000000000000000000, -0.000000000000000000 ) ) ;
#1198 = CARTESIAN_POINT ( 'NONE',  ( 382.0000000000000000, 17.99999999999993605, 533.9999999999998863 ) ) ;
#1199 = VECTOR ( 'NONE', #2942, 1000.000000000000000 ) ;
#1200 = SHAPE_REPRESENTATION ( '地柜11-柜门_地柜11-柜门', ( #1796 ), #539 ) ;
#1201 = LINE ( 'NONE', #2780, #121 ) ;
#1202 = CARTESIAN_POINT ( 'NONE',  ( 0.000000000000000000, 0.000000000000000000, 0.000000000000000000 ) ) ;
#1203 = ORIENTED_EDGE ( 'NONE', *, *, #1268, .T. ) ;
#1204 = VECTOR ( 'NONE', #2516, 1000.000000000000000 ) ;
#1205 = DIRECTION ( 'NONE',  ( 0.000000000000000000, 0.000000000000000000, -1.000000000000000000 ) ) ;
#1206 = VECTOR ( 'NONE', #3217, 1000.000000000000000 ) ;
#1207 = CARTESIAN_POINT ( 'NONE',  ( 449.9999999999999432, -47.00000000000006395, 551.9999999999998863 ) ) ;
#1208 = ADVANCED_FACE ( 'NONE', ( #2101 ), #3649, .F. ) ;
#1209 = AXIS2_PLACEMENT_3D ( 'NONE', #3235, #1571, #3496 ) ;
#1210 = EDGE_LOOP ( 'NONE', ( #3630, #1830 ) ) ;
#1211 = LINE ( 'NONE', #3126, #1802 ) ;
#1212 = PRODUCT_DEFINITION ( '未知', '', #83, #747 ) ;
#1213 = ORIENTED_EDGE ( 'NONE', *, *, #2918, .T. ) ;
#1214 = VECTOR ( 'NONE', #2709, 1000.000000000000000 ) ;
#1215 = CARTESIAN_POINT ( 'NONE',  ( -34.99999999999994316, 397.0000000000000000, 492.0000000000000000 ) ) ;
#1216 = EDGE_CURVE ( 'NONE', #2547, #3200, #1827, .T. ) ;
#1217 = VECTOR ( 'NONE', #3233, 1000.000000000000000 ) ;
#1218 = CARTESIAN_POINT ( 'NONE',  ( -34.99999999999994316, 397.0000000000000000, 492.0000000000000000 ) ) ;
#1219 = CARTESIAN_POINT ( 'NONE',  ( -380.0000000000001705, -420.0000000000000000, 490.0000000000000000 ) ) ;
#1220 = DIRECTION ( 'NONE',  ( 0.000000000000000000, 0.000000000000000000, 1.000000000000000000 ) ) ;
#1221 = DIRECTION ( 'NONE',  ( 0.000000000000000000, -1.000000000000000000, 0.000000000000000000 ) ) ;
#1222 = ORIENTED_EDGE ( 'NONE', *, *, #1688, .T. ) ;
#1223 = PERSON_AND_ORGANIZATION ( #2026, #1228 ) ;
#1224 = SECURITY_CLASSIFICATION_LEVEL ( 'unclassified' ) ;
#1225 = ORIENTED_EDGE ( 'NONE', *, *, #1688, .F. ) ;
#1226 = VERTEX_POINT ( 'NONE', #2291 ) ;
#1227 = EDGE_CURVE ( 'NONE', #1781, #2905, #2873, .T. ) ;
#1228 = ORGANIZATION ( '未指定', '未指定', '' ) ;
#1229 = VERTEX_POINT ( 'NONE', #849 ) ;
#1230 = EDGE_LOOP ( 'NONE', ( #2930, #351 ) ) ;
#1231 = ORIENTED_EDGE ( 'NONE', *, *, #160, .T. ) ;
#1232 = EDGE_CURVE ( 'NONE', #3632, #3592, #2564, .T. ) ;
#1233 = APPROVAL_ROLE ( '' ) ;
#1234 = AXIS2_PLACEMENT_3D ( 'NONE', #868, #1772, #1178 ) ;
#1235 = VECTOR ( 'NONE', #2016, 1000.000000000000000 ) ;
#1236 = PRODUCT_RELATED_PRODUCT_CATEGORY ( 'detail', '', ( #911 ) ) ;
#1237 = ORIENTED_EDGE ( 'NONE', *, *, #1232, .F. ) ;
#1238 = AXIS2_PLACEMENT_3D ( 'NONE', #2210, #222, #3009 ) ;
#1239 = CYLINDRICAL_SURFACE ( 'NONE', #1551, 90.00000000000005684 ) ;
#1240 = VECTOR ( 'NONE', #187, 1000.000000000000000 ) ;
#1241 = VECTOR ( 'NONE', #1455, 1000.000000000000000 ) ;
#1242 = EDGE_LOOP ( 'NONE', ( #1633, #3077, #991, #3285 ) ) ;
#1243 = EDGE_CURVE ( 'NONE', #1727, #1767, #3132, .T. ) ;
#1244 = DIRECTION ( 'NONE',  ( 0.000000000000000000, 0.000000000000000000, -1.000000000000000000 ) ) ;
#1245 = EDGE_CURVE ( 'NONE', #2990, #3275, #1644, .T. ) ;
#1246 = CARTESIAN_POINT ( 'NONE',  ( -380.0000000000001705, -420.0000000000000000, 530.0000000000000000 ) ) ;
#1247 = FACE_OUTER_BOUND ( 'NONE', #698, .T. ) ;
#1248 = VECTOR ( 'NONE', #346, 1000.000000000000000 ) ;
#1249 = ADVANCED_FACE ( 'NONE', ( #39 ), #1699, .T. ) ;
#1250 = DIRECTION ( 'NONE',  ( 0.000000000000000000, 0.000000000000000000, -1.000000000000000000 ) ) ;
#1251 = FACE_OUTER_BOUND ( 'NONE', #2096, .T. ) ;
#1252 = ORIENTED_EDGE ( 'NONE', *, *, #2324, .F. ) ;
#1253 = DIRECTION ( 'NONE',  ( 0.000000000000000000, 0.000000000000000000, 1.000000000000000000 ) ) ;
#1254 = ORIENTED_EDGE ( 'NONE', *, *, #1761, .F. ) ;
#1255 = ORIENTED_EDGE ( 'NONE', *, *, #3181, .F. ) ;
#1256 = LINE ( 'NONE', #3568, #1446 ) ;
#1257 = CARTESIAN_POINT ( 'NONE',  ( 449.9999999999999432, 341.5000000000000000, 612.2599999999998772 ) ) ;
#1258 = DIRECTION ( 'NONE',  ( 0.000000000000000000, -1.000000000000000000, 0.000000000000000000 ) ) ;
#1259 = ORIENTED_EDGE ( 'NONE', *, *, #2420, .T. ) ;
#1260 = SHAPE_REPRESENTATION ( '地柜11', ( #2008, #2077, #2271, #2438 ), #2624 ) ;
#1261 = FACE_OUTER_BOUND ( 'NONE', #1564, .T. ) ;
#1262 = CARTESIAN_POINT ( 'NONE',  ( 431.9999999999999432, 347.0000000000000000, 580.0000000000000000 ) ) ;
#1263 = AXIS2_PLACEMENT_3D ( 'NONE', #1511, #643, #1810 ) ;
#1264 = AXIS2_PLACEMENT_3D ( 'NONE', #2036, #3147, #3415 ) ;
#1265 = VECTOR ( 'NONE', #2920, 1000.000000000000000 ) ;
#1266 = ADVANCED_FACE ( 'NONE', ( #3482 ), #3567, .F. ) ;
#1267 = AXIS2_PLACEMENT_3D ( 'NONE', #1928, #2200, #765 ) ;
#1268 = EDGE_CURVE ( 'NONE', #615, #3164, #1470, .T. ) ;
#1269 = DIRECTION ( 'NONE',  ( 0.000000000000000000, -0.000000000000000000, -1.000000000000000000 ) ) ;
#1270 = LOCAL_TIME ( 10, 19, 48.00000000000000000, #2034 ) ;
#1271 = ORIENTED_EDGE ( 'NONE', *, *, #97, .F. ) ;
#1272 = DIRECTION ( 'NONE',  ( -0.000000000000000000, -1.000000000000000000, -0.000000000000000000 ) ) ;
#1273 = LOCAL_TIME ( 10, 19, 48.00000000000000000, #331 ) ;
#1274 = EDGE_CURVE ( 'NONE', #3509, #847, #2741, .T. ) ;
#1275 = ORIENTED_EDGE ( 'NONE', *, *, #732, .F. ) ;
#1276 = ORIENTED_EDGE ( 'NONE', *, *, #1243, .T. ) ;
#1277 = APPROVAL_DATE_TIME ( #2042, #3094 ) ;
#1278 = DIRECTION ( 'NONE',  ( -1.000000000000000000, -0.000000000000000000, -0.000000000000000000 ) ) ;
#1279 = ORIENTED_EDGE ( 'NONE', *, *, #1379, .T. ) ;
#1280 = VERTEX_POINT ( 'NONE', #1690 ) ;
#1281 = CARTESIAN_POINT ( 'NONE',  ( 35.00000000000006395, 365.0000000000000000, 477.0000000000000000 ) ) ;
#1282 = EDGE_CURVE ( 'NONE', #818, #2113, #1108, .T. ) ;
#1283 = DIRECTION ( 'NONE',  ( 0.000000000000000000, 1.000000000000000000, 0.000000000000000000 ) ) ;
#1284 = CARTESIAN_POINT ( 'NONE',  ( 380.0000000000001705, -420.0000000000000000, 44.99999999999994316 ) ) ;
#1285 = VERTEX_POINT ( 'NONE', #1080 ) ;
#1286 = CARTESIAN_POINT ( 'NONE',  ( 431.9999999999999432, 1.734723475976807094E-14, 99.99999999999997158 ) ) ;
#1287 = VECTOR ( 'NONE', #3014, 1000.000000000000000 ) ;
#1288 = ORIENTED_EDGE ( 'NONE', *, *, #549, .T. ) ;
#1289 = CYLINDRICAL_SURFACE ( 'NONE', #2131, 109.9999999999999858 ) ;
#1290 = ORIENTED_EDGE ( 'NONE', *, *, #1098, .T. ) ;
#1291 = VERTEX_POINT ( 'NONE', #3152 ) ;
#1292 = VECTOR ( 'NONE', #1790, 1000.000000000000000 ) ;
#1293 = EDGE_CURVE ( 'NONE', #2990, #3641, #1438, .T. ) ;
#1294 = CARTESIAN_POINT ( 'NONE',  ( -380.0000000000001705, -365.0000000000000000, 69.99999999999995737 ) ) ;
#1295 = CARTESIAN_POINT ( 'NONE',  ( -432.0000000000000568, 347.0000000000000000, 18.00000000000000000 ) ) ;
#1296 = DIRECTION ( 'NONE',  ( -0.000000000000000000, 1.000000000000000000, -0.000000000000000000 ) ) ;
#1297 = ORIENTED_EDGE ( 'NONE', *, *, #1173, .T. ) ;
#1298 = DIRECTION ( 'NONE',  ( -1.000000000000000000, 0.000000000000000000, -0.000000000000000000 ) ) ;
#1299 = EDGE_CURVE ( 'NONE', #440, #1526, #3613, .T. ) ;
#1300 = CYLINDRICAL_SURFACE ( 'NONE', #1393, 20.00000000000001776 ) ;
#1301 = ORIENTED_EDGE ( 'NONE', *, *, #2688, .T. ) ;
#1302 = ORIENTED_EDGE ( 'NONE', *, *, #1098, .F. ) ;
#1303 = VECTOR ( 'NONE', #2983, 1000.000000000000000 ) ;
#1304 = EDGE_CURVE ( 'NONE', #2514, #453, #404, .T. ) ;
#1305 = VECTOR ( 'NONE', #1509, 1000.000000000000000 ) ;
#1306 = DIRECTION ( 'NONE',  ( 0.000000000000000000, 0.000000000000000000, -1.000000000000000000 ) ) ;
#1307 = DIRECTION ( 'NONE',  ( 1.000000000000000000, 0.000000000000000000, 0.000000000000000000 ) ) ;
#1308 = PLANE ( 'NONE',  #2489 ) ;
#1309 = CIRCLE ( 'NONE', #1507, 25.00000000000002132 ) ;
#1310 = CARTESIAN_POINT ( 'NONE',  ( 449.9999999999999432, -57.00000000000005684, 580.0000000000000000 ) ) ;
#1311 = CARTESIAN_POINT ( 'NONE',  ( -380.0000000000001705, -380.0000000000000000, 510.0000000000000000 ) ) ;
#1312 = APPROVAL ( #690, '未指定' ) ;
#1313 = ORIENTED_EDGE ( 'NONE', *, *, #1227, .F. ) ;
#1314 = VERTEX_POINT ( 'NONE', #3430 ) ;
#1315 = LOCAL_TIME ( 10, 19, 48.00000000000000000, #677 ) ;
#1316 = DIRECTION ( 'NONE',  ( 0.000000000000000000, -1.000000000000000000, 0.000000000000000000 ) ) ;
#1317 = CARTESIAN_POINT ( 'NONE',  ( 449.9999999999999432, 341.5000000000000000, 551.9999999999998863 ) ) ;
#1318 = ORIENTED_EDGE ( 'NONE', *, *, #1492, .T. ) ;
#1319 = DIRECTION ( 'NONE',  ( 0.000000000000000000, 1.000000000000000000, 0.000000000000000000 ) ) ;
#1320 = VERTEX_POINT ( 'NONE', #1198 ) ;
#1321 = PERSON_AND_ORGANIZATION ( #2026, #1228 ) ;
#1322 = CARTESIAN_POINT ( 'NONE',  ( 412.0000000000001705, 854.6965784932623365, -244.0000000000000000 ) ) ;
#1323 = ORIENTED_EDGE ( 'NONE', *, *, #295, .T. ) ;
#1324 = VERTEX_POINT ( 'NONE', #3127 ) ;
#1325 = CIRCLE ( 'NONE', #2352, 109.9999999999999858 ) ;
#1326 = CARTESIAN_POINT ( 'NONE',  ( -380.0000000000001705, -420.0000000000000000, 510.0000000000000000 ) ) ;
#1327 = CARTESIAN_POINT ( 'NONE',  ( 431.9999999999999432, 290.0000000000000568, 580.0000000000000000 ) ) ;
#1328 = EDGE_CURVE ( 'NONE', #3010, #2056, #2999, .T. ) ;
#1329 = DIRECTION ( 'NONE',  ( 0.000000000000000000, 0.000000000000000000, 1.000000000000000000 ) ) ;
#1330 = VECTOR ( 'NONE', #14, 1000.000000000000000 ) ;
#1331 = ORIENTED_EDGE ( 'NONE', *, *, #1680, .F. ) ;
#1332 = DIRECTION ( 'NONE',  ( 0.000000000000000000, -1.000000000000000000, 0.000000000000000000 ) ) ;
#1333 = DIRECTION ( 'NONE',  ( -0.000000000000000000, -0.000000000000000000, -1.000000000000000000 ) ) ;
#1334 = AXIS2_PLACEMENT_3D ( 'NONE', #700, #962, #2939 ) ;
#1335 = VECTOR ( 'NONE', #1905, 1000.000000000000000 ) ;
#1336 = CYLINDRICAL_SURFACE ( 'NONE', #3107, 20.00000000000001776 ) ;
#1337 = CIRCLE ( 'NONE', #1862, 10.00000000000000888 ) ;
#1338 = ORIENTED_EDGE ( 'NONE', *, *, #1879, .T. ) ;
#1339 = CARTESIAN_POINT ( 'NONE',  ( -214.9999999999999716, 375.0000000000000000, 258.0000000000000000 ) ) ;
#1340 = DIRECTION ( 'NONE',  ( 0.000000000000000000, 0.000000000000000000, 1.000000000000000000 ) ) ;
#1341 = DIRECTION ( 'NONE',  ( -0.000000000000000000, 0.000000000000000000, 1.000000000000000000 ) ) ;
#1342 = LINE ( 'NONE', #1583, #3389 ) ;
#1343 = VECTOR ( 'NONE', #1673, 1000.000000000000000 ) ;
#1344 = EDGE_CURVE ( 'NONE', #2871, #3570, #2095, .T. ) ;
#1345 = EDGE_CURVE ( 'NONE', #908, #829, #1337, .T. ) ;
#1346 = CYLINDRICAL_SURFACE ( 'NONE', #749, 20.00000000000001776 ) ;
#1347 = AXIS2_PLACEMENT_3D ( 'NONE', #7, #3069, #2002 ) ;
#1348 = DIRECTION ( 'NONE',  ( -1.000000000000000000, 0.000000000000000000, 0.000000000000000000 ) ) ;
#1349 = DIRECTION ( 'NONE',  ( -1.000000000000000000, 0.000000000000000000, 0.000000000000000000 ) ) ;
#1350 = VERTEX_POINT ( 'NONE', #2601 ) ;
#1351 = VERTEX_POINT ( 'NONE', #313 ) ;
#1352 = LINE ( 'NONE', #1046, #396 ) ;
#1353 = PERSON_AND_ORGANIZATION_ROLE ( 'design_supplier' ) ;
#1354 = CARTESIAN_POINT ( 'NONE',  ( 431.9999999999999432, -347.0000000000000000, -0.000000000000000000 ) ) ;
#1355 = CARTESIAN_POINT ( 'NONE',  ( -382.0000000000001137, 17.99999999999993605, 533.9999999999998863 ) ) ;
#1356 = ORIENTED_EDGE ( 'NONE', *, *, #1293, .F. ) ;
#1357 = DIRECTION ( 'NONE',  ( -1.000000000000000000, 0.000000000000000000, 0.000000000000000000 ) ) ;
#1358 = CARTESIAN_POINT ( 'NONE',  ( 0.000000000000000000, 0.000000000000000000, 0.000000000000000000 ) ) ;
#1359 = EDGE_CURVE ( 'NONE', #1389, #913, #3300, .T. ) ;
#1360 = AXIS2_PLACEMENT_3D ( 'NONE', #3141, #3433, #2334 ) ;
#1361 = DIRECTION ( 'NONE',  ( 0.000000000000000000, 0.000000000000000000, 1.000000000000000000 ) ) ;
#1362 = DIRECTION ( 'NONE',  ( 1.000000000000000000, 0.000000000000000000, 0.000000000000000000 ) ) ;
#1363 = CALENDAR_DATE ( 2026, 9, 6 ) ;
#1364 = ORIENTED_EDGE ( 'NONE', *, *, #1829, .F. ) ;
#1365 = APPROVAL_STATUS ( 'not_yet_approved' ) ;
#1366 = CARTESIAN_POINT ( 'NONE',  ( 215.0000000000000284, 375.0000000000000000, 348.0000000000000000 ) ) ;
#1367 = CC_DESIGN_SECURITY_CLASSIFICATION ( #1166, ( #3655 ) ) ;
#1368 = PERSON_AND_ORGANIZATION ( #2026, #1228 ) ;
#1369 = ORIENTED_EDGE ( 'NONE', *, *, #2917, .F. ) ;
#1370 = ADVANCED_FACE ( 'NONE', ( #576 ), #805, .T. ) ;
#1371 = ORIENTED_EDGE ( 'NONE', *, *, #3485, .T. ) ;
#1372 = CARTESIAN_POINT ( 'NONE',  ( -380.0000000000001705, -380.0000000000000000, 96.99999999999994316 ) ) ;
#1373 = DIRECTION ( 'NONE',  ( -1.000000000000000000, 0.000000000000000000, -0.000000000000000000 ) ) ;
#1374 = EDGE_CURVE ( 'NONE', #1656, #1526, #2159, .T. ) ;
#1375 = DIRECTION ( 'NONE',  ( 0.000000000000000000, -1.000000000000000000, 0.000000000000000000 ) ) ;
#1376 = ORIENTED_EDGE ( 'NONE', *, *, #1268, .F. ) ;
#1377 = VERTEX_POINT ( 'NONE', #2563 ) ;
#1378 = DIRECTION ( 'NONE',  ( 0.000000000000000000, -1.000000000000000000, 0.000000000000000000 ) ) ;
#1379 = EDGE_CURVE ( 'NONE', #1017, #2735, #1406, .T. ) ;
#1380 = APPROVAL_ROLE ( '' ) ;
#1381 = CARTESIAN_POINT ( 'NONE',  ( -432.0000000000000568, -347.0000000000000000, 580.0000000000000000 ) ) ;
#1382 = DIRECTION ( 'NONE',  ( 0.000000000000000000, 0.000000000000000000, -1.000000000000000000 ) ) ;
#1383 = EDGE_LOOP ( 'NONE', ( #1376, #1020, #569, #1627 ) ) ;
#1384 = DIRECTION ( 'NONE',  ( 0.000000000000000000, 0.000000000000000000, -1.000000000000000000 ) ) ;
#1385 = EDGE_CURVE ( 'NONE', #1781, #3614, #2970, .T. ) ;
#1386 = LINE ( 'NONE', #1021, #3510 ) ;
#1387 = ORIENTED_EDGE ( 'NONE', *, *, #1909, .T. ) ;
#1388 = CARTESIAN_POINT ( 'NONE',  ( -412.0000000000000568, -131.4999999999999716, -461.9999999999999432 ) ) ;
#1389 = VERTEX_POINT ( 'NONE', #862 ) ;
#1390 = CIRCLE ( 'NONE', #3304, 20.00000000000001776 ) ;
#1391 = DIRECTION ( 'NONE',  ( 0.000000000000000000, -1.000000000000000000, 0.000000000000000000 ) ) ;
#1392 = DIRECTION ( 'NONE',  ( -2.403080139881291685E-16, -0.000000000000000000, -1.000000000000000000 ) ) ;
#1393 = AXIS2_PLACEMENT_3D ( 'NONE', #181, #2768, #1361 ) ;
#1394 = AXIS2_PLACEMENT_3D ( 'NONE', #3470, #2621, #928 ) ;
#1395 = VECTOR ( 'NONE', #2349, 1000.000000000000000 ) ;
#1396 = CARTESIAN_POINT ( 'NONE',  ( 215.0000000000000284, 375.0000000000000000, 367.9999999999999432 ) ) ;
#1397 = ORIENTED_EDGE ( 'NONE', *, *, #1068, .F. ) ;
#1398 = LINE ( 'NONE', #1658, #1759 ) ;
#1399 = CARTESIAN_POINT ( 'NONE',  ( -430.0000000000001137, 30.50000000000008171, -480.0000000000000000 ) ) ;
#1400 = VERTEX_POINT ( 'NONE', #2851 ) ;
#1401 = CIRCLE ( 'NONE', #3144, 27.00000000000002487 ) ;
#1402 = LINE ( 'NONE', #3596, #232 ) ;
#1403 = DATE_TIME_ROLE ( 'classification_date' ) ;
#1404 = DIRECTION ( 'NONE',  ( -0.000000000000000000, 1.000000000000000000, -0.000000000000000000 ) ) ;
#1405 = CARTESIAN_POINT ( 'NONE',  ( -412.0000000000001705, 30.50000000000008171, -244.0000000000000000 ) ) ;
#1406 = LINE ( 'NONE', #612, #1453 ) ;
#1407 = DIRECTION ( 'NONE',  ( -1.000000000000000000, 0.000000000000000000, 0.000000000000000000 ) ) ;
#1408 = ADVANCED_FACE ( 'NONE', ( #144 ), #2576, .F. ) ;
#1409 = ORIENTED_EDGE ( 'NONE', *, *, #494, .F. ) ;
#1410 = DIRECTION ( 'NONE',  ( 0.000000000000000000, -1.000000000000000000, 0.000000000000000000 ) ) ;
#1411 = ORGANIZATION ( 'NAUO-ORG2', 'UNSPECIFIED', 'UNSPECIFIED' ) ;
#1412 = ORIENTED_EDGE ( 'NONE', *, *, #2544, .F. ) ;
#1413 = PLANE ( 'NONE',  #547 ) ;
#1414 = CARTESIAN_POINT ( 'NONE',  ( 449.9999999999999432, -47.00000000000006395, 562.0000000000000000 ) ) ;
#1415 = ORIENTED_EDGE ( 'NONE', *, *, #1769, .T. ) ;
#1416 = AXIS2_PLACEMENT_3D ( 'NONE', #3359, #3339, #3610 ) ;
#1417 = PERSON_AND_ORGANIZATION ( #2026, #1228 ) ;
#1418 = EDGE_CURVE ( 'NONE', #3125, #1977, #3532, .T. ) ;
#1419 = ORIENTED_EDGE ( 'NONE', *, *, #3422, .F. ) ;
#1420 = EDGE_CURVE ( 'NONE', #223, #2644, #3406, .T. ) ;
#1421 = DIRECTION ( 'NONE',  ( -0.000000000000000000, 1.000000000000000000, -0.000000000000000000 ) ) ;
#1422 = EDGE_LOOP ( 'NONE', ( #1742, #1560 ) ) ;
#1423 = VECTOR ( 'NONE', #959, 1000.000000000000000 ) ;
#1424 = EDGE_CURVE ( 'NONE', #1533, #1902, #3111, .T. ) ;
#1425 = ORIENTED_EDGE ( 'NONE', *, *, #2544, .T. ) ;
#1426 = ORIENTED_EDGE ( 'NONE', *, *, #502, .T. ) ;
#1427 = ADVANCED_FACE ( 'NONE', ( #3583 ), #1780, .T. ) ;
#1428 = DIRECTION ( 'NONE',  ( -0.000000000000000000, -0.000000000000000000, -1.000000000000000000 ) ) ;
#1429 = CARTESIAN_POINT ( 'NONE',  ( -450.0000000000000568, -5.898059818321144121E-14, 551.9999999999998863 ) ) ;
#1430 = CIRCLE ( 'NONE', #307, 109.9999999999999858 ) ;
#1431 = MANIFOLD_SOLID_BREP ( '凸台-拉伸4', #1985 ) ;
#1432 = DIRECTION ( 'NONE',  ( 0.000000000000000000, -1.000000000000000000, 0.000000000000000000 ) ) ;
#1433 = CARTESIAN_POINT ( 'NONE',  ( 35.00000000000006395, 397.0000000000000000, 507.0000000000000000 ) ) ;
#1434 = FACE_OUTER_BOUND ( 'NONE', #214, .T. ) ;
#1435 = CARTESIAN_POINT ( 'NONE',  ( 430.0000000000001705, -149.5000000000000284, -0.000000000000000000 ) ) ;
#1436 = CARTESIAN_POINT ( 'NONE',  ( 215.0000000000000284, 375.0000000000000000, 257.9999999999999432 ) ) ;
#1437 = CIRCLE ( 'NONE', #1167, 25.00000000000000711 ) ;
#1438 = LINE ( 'NONE', #1768, #1248 ) ;
#1439 = CYLINDRICAL_SURFACE ( 'NONE', #1135, 20.00000000000001776 ) ;
#1440 = CC_DESIGN_APPROVAL ( #3056, ( #352 ) ) ;
#1441 = AXIS2_PLACEMENT_3D ( 'NONE', #431, #445, #3297 ) ;
#1442 = CARTESIAN_POINT ( 'NONE',  ( 412.0000000000000568, 30.50000000000003197, -461.9999999999999432 ) ) ;
#1443 = DIRECTION ( 'NONE',  ( 0.000000000000000000, 1.000000000000000000, -0.000000000000000000 ) ) ;
#1444 = ORIENTED_EDGE ( 'NONE', *, *, #2186, .T. ) ;
#1445 = CARTESIAN_POINT ( 'NONE',  ( -432.0000000000000568, 0.000000000000000000, 580.0000000000000000 ) ) ;
#1446 = VECTOR ( 'NONE', #2743, 1000.000000000000000 ) ;
#1447 = ADVANCED_FACE ( 'NONE', ( #943 ), #2382, .F. ) ;
#1448 = EDGE_CURVE ( 'NONE', #1285, #2141, #2253, .T. ) ;
#1449 = EDGE_CURVE ( 'NONE', #2663, #2518, #984, .T. ) ;
#1450 = ORIENTED_EDGE ( 'NONE', *, *, #3503, .T. ) ;
#1451 = CYLINDRICAL_SURFACE ( 'NONE', #1142, 15.00000000000001421 ) ;
#1452 = CARTESIAN_POINT ( 'NONE',  ( -412.0000000000000568, 30.50000000000008171, -244.0000000000000000 ) ) ;
#1453 = VECTOR ( 'NONE', #2840, 1000.000000000000000 ) ;
#1454 = DIRECTION ( 'NONE',  ( 0.000000000000000000, 0.000000000000000000, -1.000000000000000000 ) ) ;
#1455 = DIRECTION ( 'NONE',  ( 1.000000000000000000, 0.000000000000000000, 0.000000000000000000 ) ) ;
#1456 = CONTEXT_DEPENDENT_SHAPE_REPRESENTATION ( #263, #752 ) ;
#1457 = ORIENTED_EDGE ( 'NONE', *, *, #3650, .F. ) ;
#1458 = VERTEX_POINT ( 'NONE', #90 ) ;
#1459 = PERSON_AND_ORGANIZATION ( #2026, #1228 ) ;
#1460 = CARTESIAN_POINT ( 'NONE',  ( 0.000000000000000000, 0.000000000000000000, 0.000000000000000000 ) ) ;
#1461 = ORIENTED_EDGE ( 'NONE', *, *, #3376, .T. ) ;
#1462 = ORIENTED_EDGE ( 'NONE', *, *, #1044, .T. ) ;
#1463 = ADVANCED_FACE ( 'NONE', ( #2458 ), #852, .T. ) ;
#1464 = ORIENTED_EDGE ( 'NONE', *, *, #3485, .F. ) ;
#1465 = EDGE_LOOP ( 'NONE', ( #158, #184, #1857, #3468 ) ) ;
#1466 = CARTESIAN_POINT ( 'NONE',  ( -412.0000000000000568, -131.4999999999999716, -461.9999999999999432 ) ) ;
#1467 = CARTESIAN_POINT ( 'NONE',  ( -34.99999999999994316, 365.0000000000000000, 477.0000000000000000 ) ) ;
#1468 = DIRECTION ( 'NONE',  ( -0.000000000000000000, 0.000000000000000000, -1.000000000000000000 ) ) ;
#1469 = EDGE_LOOP ( 'NONE', ( #2431, #3387, #990, #367 ) ) ;
#1470 = LINE ( 'NONE', #1971, #964 ) ;
#1471 = FACE_OUTER_BOUND ( 'NONE', #2217, .T. ) ;
#1472 = DIRECTION ( 'NONE',  ( 0.000000000000000000, 1.000000000000000000, 0.000000000000000000 ) ) ;
#1473 = ORIENTED_EDGE ( 'NONE', *, *, #265, .T. ) ;
#1474 = EDGE_CURVE ( 'NONE', #829, #3333, #1538, .T. ) ;
#1475 = VECTOR ( 'NONE', #3388, 1000.000000000000000 ) ;
#1476 = LINE ( 'NONE', #2402, #3178 ) ;
#1477 = DIRECTION ( 'NONE',  ( 0.000000000000000000, 1.000000000000000000, 0.000000000000000000 ) ) ;
#1478 = ORIENTED_EDGE ( 'NONE', *, *, #917, .F. ) ;
#1479 = LINE ( 'NONE', #2339, #2611 ) ;
#1480 = ADVANCED_FACE ( 'NONE', ( #1947, #2586 ), #3453, .F. ) ;
#1481 = AXIS2_PLACEMENT_3D ( 'NONE', #621, #1501, #1188 ) ;
#1482 = CARTESIAN_POINT ( 'NONE',  ( -7.372574772901430151E-14, 167.4999999999998863, 592.2570071915667995 ) ) ;
#1483 = ORIENTED_EDGE ( 'NONE', *, *, #3110, .T. ) ;
#1484 = FACE_OUTER_BOUND ( 'NONE', #2820, .T. ) ;
#1485 = ORIENTED_EDGE ( 'NONE', *, *, #1449, .T. ) ;
#1486 = CYLINDRICAL_SURFACE ( 'NONE', #3326, 15.00000000000001421 ) ;
#1487 = CARTESIAN_POINT ( 'NONE',  ( -214.9999999999999716, 365.0000000000000000, 168.0000000000000000 ) ) ;
#1488 = ORIENTED_EDGE ( 'NONE', *, *, #3232, .F. ) ;
#1489 = EDGE_CURVE ( 'NONE', #1784, #1017, #2118, .T. ) ;
#1490 = LINE ( 'NONE', #2213, #2538 ) ;
#1491 = DIRECTION ( 'NONE',  ( 0.000000000000000000, 0.000000000000000000, -1.000000000000000000 ) ) ;
#1492 = EDGE_CURVE ( 'NONE', #3246, #1723, #96, .T. ) ;
#1493 = ORIENTED_EDGE ( 'NONE', *, *, #3422, .T. ) ;
#1494 = ADVANCED_FACE ( 'NONE', ( #1176 ), #2359, .F. ) ;
#1495 = PERSON_AND_ORGANIZATION ( #2858, #1411 ) ;
#1496 = CARTESIAN_POINT ( 'NONE',  ( 431.9999999999999432, -347.0000000000000000, 2.000000000000000000 ) ) ;
#1497 = CARTESIAN_POINT ( 'NONE',  ( 449.9999999999999432, 318.0000000000000568, 551.9999999999998863 ) ) ;
#1498 = ORIENTED_EDGE ( 'NONE', *, *, #2450, .F. ) ;
#1499 = CARTESIAN_POINT ( 'NONE',  ( 431.9999999999999432, 347.0000000000000000, 0.000000000000000000 ) ) ;
#1500 = ORIENTED_EDGE ( 'NONE', *, *, #1749, .T. ) ;
#1501 = DIRECTION ( 'NONE',  ( -0.000000000000000000, 1.000000000000000000, -0.000000000000000000 ) ) ;
#1502 = EDGE_LOOP ( 'NONE', ( #1086, #2749, #1259, #474 ) ) ;
#1503 = FACE_BOUND ( 'NONE', #909, .T. ) ;
#1504 = PERSON_AND_ORGANIZATION_ROLE ( 'classification_officer' ) ;
#1505 = AXIS2_PLACEMENT_3D ( 'NONE', #1077, #1332, #3050 ) ;
#1506 = SECURITY_CLASSIFICATION ( '', '', #370 ) ;
#1507 = AXIS2_PLACEMENT_3D ( 'NONE', #378, #2370, #1804 ) ;
#1508 = ORIENTED_EDGE ( 'NONE', *, *, #1420, .T. ) ;
#1509 = DIRECTION ( 'NONE',  ( 0.000000000000000000, -1.000000000000000000, -0.000000000000000000 ) ) ;
#1510 = ORIENTED_EDGE ( 'NONE', *, *, #3383, .F. ) ;
#1511 = CARTESIAN_POINT ( 'NONE',  ( -380.0000000000001705, -420.0000000000000000, 69.99999999999995737 ) ) ;
#1512 = EDGE_CURVE ( 'NONE', #3140, #1377, #1309, .T. ) ;
#1513 = ORIENTED_EDGE ( 'NONE', *, *, #1823, .T. ) ;
#1514 = CIRCLE ( 'NONE', #2652, 15.00000000000001421 ) ;
#1515 = DIRECTION ( 'NONE',  ( -1.000000000000000000, 0.000000000000000000, 0.000000000000000000 ) ) ;
#1516 = VERTEX_POINT ( 'NONE', #2642 ) ;
#1517 = FACE_OUTER_BOUND ( 'NONE', #814, .T. ) ;
#1518 = VERTEX_POINT ( 'NONE', #1257 ) ;
#1519 = EDGE_CURVE ( 'NONE', #32, #693, #2500, .T. ) ;
#1520 = DATE_TIME_ROLE ( 'creation_date' ) ;
#1521 = CIRCLE ( 'NONE', #2012, 26.99999999999999645 ) ;
#1522 = EDGE_CURVE ( 'NONE', #537, #2414, #2144, .T. ) ;
#1523 = DIRECTION ( 'NONE',  ( 0.000000000000000000, 0.000000000000000000, 1.000000000000000000 ) ) ;
#1524 = VECTOR ( 'NONE', #3291, 1000.000000000000000 ) ;
#1525 = PLANE ( 'NONE',  #2412 ) ;
#1526 = VERTEX_POINT ( 'NONE', #663 ) ;
#1527 = CARTESIAN_POINT ( 'NONE',  ( -34.99999999999994316, 365.0000000000000000, 492.0000000000000000 ) ) ;
#1528 = ORIENTED_EDGE ( 'NONE', *, *, #2107, .F. ) ;
#1529 = EDGE_LOOP ( 'NONE', ( #3372, #2081, #3162, #2946 ) ) ;
#1530 = CIRCLE ( 'NONE', #2778, 15.00000000000001421 ) ;
#1531 = APPROVAL_ROLE ( '' ) ;
#1532 = CARTESIAN_POINT ( 'NONE',  ( 380.0000000000001705, -380.0000000000000000, 96.99999999999994316 ) ) ;
#1533 = VERTEX_POINT ( 'NONE', #100 ) ;
#1534 = CIRCLE ( 'NONE', #944, 15.00000000000001421 ) ;
#1535 = CARTESIAN_POINT ( 'NONE',  ( 431.9999999999999432, 1.734723475976807094E-14, 99.99999999999997158 ) ) ;
#1536 = DIRECTION ( 'NONE',  ( 0.000000000000000000, -0.000000000000000000, -1.000000000000000000 ) ) ;
#1537 = AXIS2_PLACEMENT_3D ( 'NONE', #1436, #2294, #2805 ) ;
#1538 = LINE ( 'NONE', #1207, #1265 ) ;
#1539 = EDGE_CURVE ( 'NONE', #3570, #193, #3516, .T. ) ;
#1540 = COORDINATED_UNIVERSAL_TIME_OFFSET ( 8, 0, .AHEAD. ) ;
#1541 = CARTESIAN_POINT ( 'NONE',  ( -380.0000000000001705, -435.0000000000000000, 535.0000000000000000 ) ) ;
#1542 = ORIENTED_EDGE ( 'NONE', *, *, #291, .F. ) ;
#1543 = ORIENTED_EDGE ( 'NONE', *, *, #1522, .T. ) ;
#1544 = EDGE_CURVE ( 'NONE', #3023, #436, #3221, .T. ) ;
#1545 = CALENDAR_DATE ( 2026, 9, 6 ) ;
#1546 = EDGE_LOOP ( 'NONE', ( #1602, #831 ) ) ;
#1547 = ORIENTED_EDGE ( 'NONE', *, *, #1519, .F. ) ;
#1548 = CARTESIAN_POINT ( 'NONE',  ( 380.0000000000001705, -420.0000000000000000, 69.99999999999995737 ) ) ;
#1549 = EDGE_LOOP ( 'NONE', ( #1464, #783 ) ) ;
#1550 = ORIENTED_EDGE ( 'NONE', *, *, #3176, .T. ) ;
#1551 = AXIS2_PLACEMENT_3D ( 'NONE', #3042, #1888, #2761 ) ;
#1552 = APPROVAL ( #1613, '未指定' ) ;
#1553 = ORIENTED_EDGE ( 'NONE', *, *, #590, .T. ) ;
#1554 = DIRECTION ( 'NONE',  ( -0.000000000000000000, 1.000000000000000000, 0.000000000000000000 ) ) ;
#1555 = AXIS2_PLACEMENT_3D ( 'NONE', #1941, #1349, #3312 ) ;
#1556 = CIRCLE ( 'NONE', #238, 15.00000000000001421 ) ;
#1557 = AXIS2_PLACEMENT_3D ( 'NONE', #2254, #802, #2523 ) ;
#1558 = EDGE_CURVE ( 'NONE', #2022, #3647, #3616, .T. ) ;
#1559 = CARTESIAN_POINT ( 'NONE',  ( 380.0000000000001705, -420.0000000000000000, 490.0000000000000000 ) ) ;
#1560 = ORIENTED_EDGE ( 'NONE', *, *, #2326, .F. ) ;
#1561 = CARTESIAN_POINT ( 'NONE',  ( -380.0000000000001705, -435.0000000000000000, 69.99999999999995737 ) ) ;
#1562 = DIRECTION ( 'NONE',  ( -2.403080139881291685E-16, -0.000000000000000000, -1.000000000000000000 ) ) ;
#1563 = LINE ( 'NONE', #3621, #266 ) ;
#1564 = EDGE_LOOP ( 'NONE', ( #490, #2863 ) ) ;
#1565 = LINE ( 'NONE', #3207, #1206 ) ;
#1566 = EDGE_CURVE ( 'NONE', #2935, #152, #244, .T. ) ;
#1567 = ORIENTED_EDGE ( 'NONE', *, *, #2899, .T. ) ;
#1568 = CIRCLE ( 'NONE', #2472, 27.00000000000000355 ) ;
#1569 = DIRECTION ( 'NONE',  ( -2.403080139881291685E-16, 0.000000000000000000, -1.000000000000000000 ) ) ;
#1570 = CARTESIAN_POINT ( 'NONE',  ( 431.9999999999999432, 17.99999999999996092, 580.0000000000000000 ) ) ;
#1571 = DIRECTION ( 'NONE',  ( -1.000000000000000000, 0.000000000000000000, 0.000000000000000000 ) ) ;
#1572 = VERTEX_POINT ( 'NONE', #1559 ) ;
#1573 = ORIENTED_EDGE ( 'NONE', *, *, #358, .F. ) ;
#1574 = VECTOR ( 'NONE', #3329, 1000.000000000000000 ) ;
#1575 = PLANE ( 'NONE',  #190 ) ;
#1576 = DIRECTION ( 'NONE',  ( 0.000000000000000000, 0.000000000000000000, -1.000000000000000000 ) ) ;
#1577 = DIRECTION ( 'NONE',  ( -0.000000000000000000, -1.000000000000000000, -0.000000000000000000 ) ) ;
#1578 = VECTOR ( 'NONE', #1005, 1000.000000000000000 ) ;
#1579 = ORIENTED_EDGE ( 'NONE', *, *, #1707, .F. ) ;
#1580 = UNCERTAINTY_MEASURE_WITH_UNIT (LENGTH_MEASURE( 1.000000000000000082E-05 ), #319, 'distance_accuracy_value', 'NONE');
#1581 = CARTESIAN_POINT ( 'NONE',  ( -450.0000000000000568, 365.0000000000000000, 0.000000000000000000 ) ) ;
#1582 = CARTESIAN_POINT ( 'NONE',  ( -450.0000000000000568, 365.0000000000000568, 612.2599999999998772 ) ) ;
#1583 = CARTESIAN_POINT ( 'NONE',  ( 0.000000000000000000, 290.0000000000000568, 580.0000000000000000 ) ) ;
#1584 = ORIENTED_EDGE ( 'NONE', *, *, #1539, .F. ) ;
#1585 = COORDINATED_UNIVERSAL_TIME_OFFSET ( 8, 0, .AHEAD. ) ;
#1586 = VERTEX_POINT ( 'NONE', #141 ) ;
#1587 = VERTEX_POINT ( 'NONE', #429 ) ;
#1588 = DATE_AND_TIME ( #2512, #2593 ) ;
#1589 = ORIENTED_EDGE ( 'NONE', *, *, #3564, .F. ) ;
#1590 = ORIENTED_EDGE ( 'NONE', *, *, #1345, .T. ) ;
#1591 = FACE_OUTER_BOUND ( 'NONE', #2263, .T. ) ;
#1592 = ORIENTED_EDGE ( 'NONE', *, *, #3065, .T. ) ;
#1593 = DIRECTION ( 'NONE',  ( -1.000000000000000000, 1.210272192541958369E-16, 0.000000000000000000 ) ) ;
#1594 = CARTESIAN_POINT ( 'NONE',  ( -34.99999999999994316, 397.0000000000000000, 492.0000000000000000 ) ) ;
#1595 = CARTESIAN_POINT ( 'NONE',  ( 380.0000000000001705, -380.0000000000000000, 530.0000000000000000 ) ) ;
#1596 = DIRECTION ( 'NONE',  ( 0.000000000000000000, -0.000000000000000000, -1.000000000000000000 ) ) ;
#1597 = AXIS2_PLACEMENT_3D ( 'NONE', #1358, #1893, #2449 ) ;
#1598 = MECHANICAL_CONTEXT ( 'NONE', #119, 'mechanical' ) ;
#1599 = DIRECTION ( 'NONE',  ( 0.000000000000000000, 1.000000000000000000, 0.000000000000000000 ) ) ;
#1600 = DIRECTION ( 'NONE',  ( -0.000000000000000000, 1.000000000000000000, -0.000000000000000000 ) ) ;
#1601 = FACE_BOUND ( 'NONE', #1210, .T. ) ;
#1602 = ORIENTED_EDGE ( 'NONE', *, *, #975, .F. ) ;
#1603 = DIRECTION ( 'NONE',  ( 1.000000000000000000, 0.000000000000000000, 0.000000000000000000 ) ) ;
#1604 = EDGE_CURVE ( 'NONE', #3401, #2644, #1476, .T. ) ;
#1605 = VECTOR ( 'NONE', #550, 1000.000000000000000 ) ;
#1606 = ORIENTED_EDGE ( 'NONE', *, *, #737, .F. ) ;
#1607 = CARTESIAN_POINT ( 'NONE',  ( 450.0000000000000568, -167.5000000000000000, 0.000000000000000000 ) ) ;
#1608 = VECTOR ( 'NONE', #1333, 1000.000000000000000 ) ;
#1609 = CARTESIAN_POINT ( 'NONE',  ( 380.0000000000001705, -365.0000000000000000, 69.99999999999995737 ) ) ;
#1610 = CARTESIAN_POINT ( 'NONE',  ( 450.0000000000000568, 167.5000000000000000, 0.000000000000000000 ) ) ;
#1611 = ORIENTED_EDGE ( 'NONE', *, *, #781, .F. ) ;
#1612 = VECTOR ( 'NONE', #520, 1000.000000000000000 ) ;
#1613 = APPROVAL_STATUS ( 'not_yet_approved' ) ;
#1614 = CARTESIAN_POINT ( 'NONE',  ( 449.9999999999999432, 365.0000000000000568, 612.2599999999998772 ) ) ;
#1615 = VERTEX_POINT ( 'NONE', #3225 ) ;
#1616 = DIRECTION ( 'NONE',  ( -0.000000000000000000, 1.000000000000000000, -0.000000000000000000 ) ) ;
#1617 = CIRCLE ( 'NONE', #1196, 20.00000000000001776 ) ;
#1618 = EDGE_LOOP ( 'NONE', ( #2078, #685 ) ) ;
#1619 = DIRECTION ( 'NONE',  ( 0.000000000000000000, 0.000000000000000000, -1.000000000000000000 ) ) ;
#1620 = CARTESIAN_POINT ( 'NONE',  ( -214.9999999999999716, 375.0000000000000000, 258.0000000000000000 ) ) ;
#1621 = CC_DESIGN_APPROVAL ( #1552, ( #3124 ) ) ;
#1622 = VECTOR ( 'NONE', #3421, 1000.000000000000000 ) ;
#1623 = CARTESIAN_POINT ( 'NONE',  ( 449.9999999999999432, 1.734723475976807094E-14, 533.9999999999998863 ) ) ;
#1624 = CIRCLE ( 'NONE', #3418, 26.99999999999999645 ) ;
#1625 = DATE_AND_TIME ( #2119, #1949 ) ;
#1626 = DIRECTION ( 'NONE',  ( 0.000000000000000000, 0.000000000000000000, -1.000000000000000000 ) ) ;
#1627 = ORIENTED_EDGE ( 'NONE', *, *, #3100, .T. ) ;
#1628 = EDGE_CURVE ( 'NONE', #3263, #2644, #548, .T. ) ;
#1629 = EDGE_CURVE ( 'NONE', #3592, #3632, #3323, .T. ) ;
#1630 = ORIENTED_EDGE ( 'NONE', *, *, #321, .F. ) ;
#1631 = PERSON_AND_ORGANIZATION ( #2026, #1228 ) ;
#1632 = CARTESIAN_POINT ( 'NONE',  ( -450.0000000000000568, -347.0000000000000000, 580.0000000000000000 ) ) ;
#1633 = ORIENTED_EDGE ( 'NONE', *, *, #2138, .F. ) ;
#1634 = CARTESIAN_POINT ( 'NONE',  ( -432.0000000000000568, 290.0000000000000568, 580.0000000000000000 ) ) ;
#1635 = VERTEX_POINT ( 'NONE', #3256 ) ;
#1636 = LINE ( 'NONE', #243, #3170 ) ;
#1637 = CARTESIAN_POINT ( 'NONE',  ( 380.0000000000001705, -420.0000000000000000, 530.0000000000000000 ) ) ;
#1638 = ORIENTED_EDGE ( 'NONE', *, *, #1154, .T. ) ;
#1639 = ORIENTED_EDGE ( 'NONE', *, *, #423, .F. ) ;
#1640 = DIRECTION ( 'NONE',  ( 0.000000000000000000, 1.000000000000000000, 0.000000000000000000 ) ) ;
#1641 = ORIENTED_EDGE ( 'NONE', *, *, #3294, .F. ) ;
#1642 = ORIENTED_EDGE ( 'NONE', *, *, #2138, .T. ) ;
#1643 = CARTESIAN_POINT ( 'NONE',  ( 449.9999999999999432, 17.99999999999993605, 533.9999999999998863 ) ) ;
#1644 = LINE ( 'NONE', #546, #304 ) ;
#1645 = FACE_BOUND ( 'NONE', #840, .T. ) ;
#1646 = VERTEX_POINT ( 'NONE', #1847 ) ;
#1647 = APPROVAL_ROLE ( '' ) ;
#1648 = CARTESIAN_POINT ( 'NONE',  ( 431.9999999999999432, 18.00000000000001421, 99.99999999999997158 ) ) ;
#1649 = CARTESIAN_POINT ( 'NONE',  ( 449.9999999999999432, 365.0000000000000568, 533.9999999999998863 ) ) ;
#1650 = AXIS2_PLACEMENT_3D ( 'NONE', #1826, #2636, #1250 ) ;
#1651 = AXIS2_PLACEMENT_3D ( 'NONE', #897, #354, #3438 ) ;
#1652 = LINE ( 'NONE', #1126, #2317 ) ;
#1653 = CARTESIAN_POINT ( 'NONE',  ( -380.0000000000001705, -380.0000000000000000, 510.0000000000000000 ) ) ;
#1654 = ORIENTED_EDGE ( 'NONE', *, *, #3195, .F. ) ;
#1655 = VECTOR ( 'NONE', #602, 1000.000000000000000 ) ;
#1656 = VERTEX_POINT ( 'NONE', #127 ) ;
#1657 = EDGE_CURVE ( 'NONE', #3288, #3589, #2225, .T. ) ;
#1658 = CARTESIAN_POINT ( 'NONE',  ( -432.0000000000000568, 347.0000000000000000, 2.000000000000000000 ) ) ;
#1659 = ORIENTED_EDGE ( 'NONE', *, *, #2860, .T. ) ;
#1660 = LINE ( 'NONE', #2247, #2963 ) ;
#1661 = DIRECTION ( 'NONE',  ( 1.000000000000000000, -3.083952846180990774E-16, 0.000000000000000000 ) ) ;
#1662 = EDGE_CURVE ( 'NONE', #1291, #1187, #1025, .T. ) ;
#1663 = ORIENTED_EDGE ( 'NONE', *, *, #69, .F. ) ;
#1664 = DIRECTION ( 'NONE',  ( -1.000000000000000000, 0.000000000000000000, -0.000000000000000000 ) ) ;
#1665 = ORIENTED_EDGE ( 'NONE', *, *, #69, .T. ) ;
#1666 = CYLINDRICAL_SURFACE ( 'NONE', #446, 25.00000000000000711 ) ;
#1667 = VECTOR ( 'NONE', #449, 1000.000000000000000 ) ;
#1668 = DIRECTION ( 'NONE',  ( -0.000000000000000000, 1.000000000000000000, -0.000000000000000000 ) ) ;
#1669 = AXIS2_PLACEMENT_3D ( 'NONE', #782, #2461, #2219 ) ;
#1670 = DIRECTION ( 'NONE',  ( 0.000000000000000000, 0.000000000000000000, -1.000000000000000000 ) ) ;
#1671 = EDGE_LOOP ( 'NONE', ( #3584, #3247, #1513, #2685, #3227, #979, #29, #658 ) ) ;
#1672 = PLANE ( 'NONE',  #664 ) ;
#1673 = DIRECTION ( 'NONE',  ( 1.000000000000000000, 0.000000000000000000, 0.000000000000000000 ) ) ;
#1674 = APPROVAL_PERSON_ORGANIZATION ( #1954, #846, #967 ) ;
#1675 = AXIS2_PLACEMENT_3D ( 'NONE', #1632, #2558, #2308 ) ;
#1676 = ORIENTED_EDGE ( 'NONE', *, *, #2499, .F. ) ;
#1677 = ORIENTED_EDGE ( 'NONE', *, *, #1558, .F. ) ;
#1678 = PERSON_AND_ORGANIZATION ( #2026, #1228 ) ;
#1679 = AXIS2_PLACEMENT_3D ( 'NONE', #2752, #3005, #1373 ) ;
#1680 = EDGE_CURVE ( 'NONE', #696, #769, #3386, .T. ) ;
#1681 = CARTESIAN_POINT ( 'NONE',  ( -380.0000000000001705, -420.0000000000000000, 44.99999999999994316 ) ) ;
#1682 = VERTEX_POINT ( 'NONE', #1281 ) ;
#1683 = FACE_BOUND ( 'NONE', #3205, .T. ) ;
#1684 = DIRECTION ( 'NONE',  ( -1.000000000000000000, -0.000000000000000000, -0.000000000000000000 ) ) ;
#1685 = ADVANCED_FACE ( 'NONE', ( #1753 ), #461, .F. ) ;
#1686 = DIRECTION ( 'NONE',  ( -0.000000000000000000, -0.000000000000000000, -1.000000000000000000 ) ) ;
#1687 = CARTESIAN_POINT ( 'NONE',  ( 412.0000000000000568, 30.50000000000003197, -461.9999999999999432 ) ) ;
#1688 = EDGE_CURVE ( 'NONE', #6, #3279, #730, .T. ) ;
#1689 = ORIENTED_EDGE ( 'NONE', *, *, #18, .F. ) ;
#1690 = CARTESIAN_POINT ( 'NONE',  ( -430.0000000000001137, 30.50000000000008171, -480.0000000000000000 ) ) ;
#1691 = VECTOR ( 'NONE', #2290, 1000.000000000000000 ) ;
#1692 = VERTEX_POINT ( 'NONE', #151 ) ;
#1693 = VECTOR ( 'NONE', #2491, 1000.000000000000000 ) ;
#1694 = CARTESIAN_POINT ( 'NONE',  ( -380.0000000000001705, -380.0000000000000000, 69.99999999999995737 ) ) ;
#1695 = EDGE_LOOP ( 'NONE', ( #3370, #1104, #3576, #3595 ) ) ;
#1696 = CC_DESIGN_PERSON_AND_ORGANIZATION_ASSIGNMENT ( #1631, #82, ( #911 ) ) ;
#1697 = LINE ( 'NONE', #3234, #2740 ) ;
#1698 = CARTESIAN_POINT ( 'NONE',  ( -214.9999999999999716, 365.0000000000000000, 258.0000000000000000 ) ) ;
#1699 = PLANE ( 'NONE',  #2176 ) ;
#1700 = PLANE ( 'NONE',  #2464 ) ;
#1701 = LINE ( 'NONE', #1813, #748 ) ;
#1702 = ADVANCED_FACE ( 'NONE', ( #2807 ), #3269, .F. ) ;
#1703 = EDGE_CURVE ( 'NONE', #2109, #3200, #1624, .T. ) ;
#1704 = CARTESIAN_POINT ( 'NONE',  ( 431.9999999999999432, 1.734723475976807094E-14, 533.9999999999998863 ) ) ;
#1705 = ORIENTED_EDGE ( 'NONE', *, *, #1818, .T. ) ;
#1706 = VERTEX_POINT ( 'NONE', #1856 ) ;
#1707 = EDGE_CURVE ( 'NONE', #818, #3333, #1875, .T. ) ;
#1708 = FACE_OUTER_BOUND ( 'NONE', #3565, .T. ) ;
#1709 = DIRECTION ( 'NONE',  ( 0.000000000000000000, 0.000000000000000000, -1.000000000000000000 ) ) ;
#1710 = PERSON ( 'NAUO-PER1', 'UNSPECIFIED', 'UNSPECIFIED', ('UNSPECIFIED'), ('UNSPECIFIED'), ('UNSPECIFIED') ) ;
#1711 = EDGE_LOOP ( 'NONE', ( #3290, #1883, #2313, #3134 ) ) ;
#1712 = LINE ( 'NONE', #3013, #2712 ) ;
#1713 = DIRECTION ( 'NONE',  ( 0.000000000000000000, -1.000000000000000000, 0.000000000000000000 ) ) ;
#1714 = DIRECTION ( 'NONE',  ( 0.000000000000000000, 0.000000000000000000, 1.000000000000000000 ) ) ;
#1715 = CARTESIAN_POINT ( 'NONE',  ( -432.0000000000000568, -347.0000000000000000, 580.0000000000000000 ) ) ;
#1716 = PRODUCT_DEFINITION_SHAPE ( 'NONE', 'NONE',  #352 ) ;
#1717 = AXIS2_PLACEMENT_3D ( 'NONE', #2711, #1577, #3518 ) ;
#1718 = COORDINATED_UNIVERSAL_TIME_OFFSET ( 8, 0, .AHEAD. ) ;
#1719 = DIRECTION ( 'NONE',  ( -1.000000000000000000, 0.000000000000000000, 0.000000000000000000 ) ) ;
#1720 = VERTEX_POINT ( 'NONE', #2424 ) ;
#1721 = ADVANCED_FACE ( 'NONE', ( #3348 ), #1897, .T. ) ;
#1722 = CARTESIAN_POINT ( 'NONE',  ( -432.0000000000000568, -365.0000000000000000, 580.0000000000000000 ) ) ;
#1723 = VERTEX_POINT ( 'NONE', #2671 ) ;
#1724 = AXIS2_PLACEMENT_3D ( 'NONE', #1795, #3459, #360 ) ;
#1725 = PERSON_AND_ORGANIZATION ( #2026, #1228 ) ;
#1726 = EDGE_CURVE ( 'NONE', #3509, #3164, #529, .T. ) ;
#1727 = VERTEX_POINT ( 'NONE', #269 ) ;
#1728 = DIRECTION ( 'NONE',  ( -0.000000000000000000, -0.000000000000000000, -1.000000000000000000 ) ) ;
#1729 = CC_DESIGN_SECURITY_CLASSIFICATION ( #1115, ( #3656 ) ) ;
#1730 = EDGE_LOOP ( 'NONE', ( #923, #875 ) ) ;
#1731 = CARTESIAN_POINT ( 'NONE',  ( 380.0000000000001705, -420.0000000000000000, 69.99999999999995737 ) ) ;
#1732 = VECTOR ( 'NONE', #143, 1000.000000000000000 ) ;
#1733 = EDGE_LOOP ( 'NONE', ( #3180, #1854, #2827, #2811 ) ) ;
#1734 = CARTESIAN_POINT ( 'NONE',  ( -214.9999999999999716, 365.0000000000000000, 258.0000000000000000 ) ) ;
#1735 = AXIS2_PLACEMENT_3D ( 'NONE', #364, #2355, #958 ) ;
#1736 = ORIENTED_EDGE ( 'NONE', *, *, #2917, .T. ) ;
#1737 = EDGE_CURVE ( 'NONE', #2166, #762, #3435, .T. ) ;
#1738 = DIRECTION ( 'NONE',  ( -0.000000000000000000, -1.000000000000000000, -0.000000000000000000 ) ) ;
#1739 = DIRECTION ( 'NONE',  ( -0.000000000000000000, -1.000000000000000000, -0.000000000000000000 ) ) ;
#1740 = ORIENTED_EDGE ( 'NONE', *, *, #3571, .T. ) ;
#1741 = DIRECTION ( 'NONE',  ( 0.000000000000000000, 0.000000000000000000, -1.000000000000000000 ) ) ;
#1742 = ORIENTED_EDGE ( 'NONE', *, *, #30, .F. ) ;
#1743 = CARTESIAN_POINT ( 'NONE',  ( -412.0000000000000568, -131.4999999999999716, -461.9999999999999432 ) ) ;
#1744 = CARTESIAN_POINT ( 'NONE',  ( -450.0000000000000568, 308.0000000000000568, 562.0000000000000000 ) ) ;
#1745 = VECTOR ( 'NONE', #173, 1000.000000000000000 ) ;
#1746 = LINE ( 'NONE', #2174, #3215 ) ;
#1747 = EDGE_LOOP ( 'NONE', ( #2001, #120 ) ) ;
#1748 = ADVANCED_FACE ( 'NONE', ( #2882 ), #2285, .F. ) ;
#1749 = EDGE_CURVE ( 'NONE', #1572, #2819, #704, .T. ) ;
#1750 = FACE_OUTER_BOUND ( 'NONE', #1851, .T. ) ;
#1751 =( LENGTH_UNIT ( ) NAMED_UNIT ( * ) SI_UNIT ( .MILLI., .METRE. ) );
#1752 = ORIENTED_EDGE ( 'NONE', *, *, #2758, .T. ) ;
#1753 = FACE_OUTER_BOUND ( 'NONE', #164, .T. ) ;
#1754 = CIRCLE ( 'NONE', #3343, 25.00000000000000711 ) ;
#1755 = DIRECTION ( 'NONE',  ( 0.000000000000000000, 0.000000000000000000, -1.000000000000000000 ) ) ;
#1756 = CC_DESIGN_APPROVAL ( #156, ( #1166 ) ) ;
#1757 = PLANE ( 'NONE',  #2517 ) ;
#1758 = CARTESIAN_POINT ( 'NONE',  ( -450.0000000000000568, -47.00000000000006395, 562.0000000000000000 ) ) ;
#1759 = VECTOR ( 'NONE', #2237, 1000.000000000000000 ) ;
#1760 = AXIS2_PLACEMENT_3D ( 'NONE', #2943, #3461, #3197 ) ;
#1761 = EDGE_CURVE ( 'NONE', #388, #2702, #622, .T. ) ;
#1762 = ORIENTED_EDGE ( 'NONE', *, *, #763, .F. ) ;
#1763 = VECTOR ( 'NONE', #823, 1000.000000000000000 ) ;
#1764 = CARTESIAN_POINT ( 'NONE',  ( 215.0000000000000284, 365.0000000000000000, 257.9999999999999432 ) ) ;
#1765 = ADVANCED_FACE ( 'NONE', ( #661 ), #2808, .T. ) ;
#1766 = CARTESIAN_POINT ( 'NONE',  ( -380.0000000000001705, -380.0000000000000000, 96.99999999999994316 ) ) ;
#1767 = VERTEX_POINT ( 'NONE', #2259 ) ;
#1768 = CARTESIAN_POINT ( 'NONE',  ( 431.9999999999999432, -365.0000000000000000, 533.9999999999998863 ) ) ;
#1769 = EDGE_CURVE ( 'NONE', #388, #1587, #2792, .T. ) ;
#1770 = DIRECTION ( 'NONE',  ( 0.000000000000000000, -1.000000000000000000, 0.000000000000000000 ) ) ;
#1771 = CALENDAR_DATE ( 2026, 9, 6 ) ;
#1772 = DIRECTION ( 'NONE',  ( 0.000000000000000000, 0.000000000000000000, 1.000000000000000000 ) ) ;
#1773 = ORIENTED_EDGE ( 'NONE', *, *, #2088, .T. ) ;
#1774 = ORIENTED_EDGE ( 'NONE', *, *, #2381, .T. ) ;
#1775 = APPROVAL_PERSON_ORGANIZATION ( #2979, #2495, #1233 ) ;
#1776 = ORIENTED_EDGE ( 'NONE', *, *, #1385, .T. ) ;
#1777 = ORIENTED_EDGE ( 'NONE', *, *, #3571, .F. ) ;
#1778 = CIRCLE ( 'NONE', #60, 26.99999999999996803 ) ;
#1779 = CARTESIAN_POINT ( 'NONE',  ( -432.0000000000000568, 347.0000000000000000, 2.000000000000000000 ) ) ;
#1780 = PLANE ( 'NONE',  #434 ) ;
#1781 = VERTEX_POINT ( 'NONE', #2336 ) ;
#1782 = CARTESIAN_POINT ( 'NONE',  ( 380.0000000000001705, -435.0000000000000000, 69.99999999999995737 ) ) ;
#1783 = ADVANCED_FACE ( 'NONE', ( #1247 ), #3182, .T. ) ;
#1784 = VERTEX_POINT ( 'NONE', #540 ) ;
#1785 = DIRECTION ( 'NONE',  ( 1.000000000000000000, 0.000000000000000000, 0.000000000000000000 ) ) ;
#1786 = VECTOR ( 'NONE', #1876, 1000.000000000000000 ) ;
#1787 = EDGE_CURVE ( 'NONE', #1285, #537, #2100, .T. ) ;
#1788 = LINE ( 'NONE', #3032, #925 ) ;
#1789 = DIRECTION ( 'NONE',  ( 0.000000000000000000, 0.000000000000000000, -1.000000000000000000 ) ) ;
#1790 = DIRECTION ( 'NONE',  ( 0.000000000000000000, -1.239088197126289584E-16, -1.000000000000000000 ) ) ;
#1791 = CARTESIAN_POINT ( 'NONE',  ( 380.0000000000001705, -380.0000000000000000, 510.0000000000000000 ) ) ;
#1792 = EDGE_LOOP ( 'NONE', ( #3506, #1896, #2771, #1225 ) ) ;
#1793 = CARTESIAN_POINT ( 'NONE',  ( 412.0000000000001705, -131.4999999999999716, -244.0000000000000000 ) ) ;
#1794 = CYLINDRICAL_SURFACE ( 'NONE', #1238, 10.00000000000000888 ) ;
#1795 = CARTESIAN_POINT ( 'NONE',  ( 380.0000000000001705, -420.0000000000000000, 69.99999999999995737 ) ) ;
#1796 = AXIS2_PLACEMENT_3D ( 'NONE', #593, #2891, #1785 ) ;
#1797 = VECTOR ( 'NONE', #3226, 1000.000000000000000 ) ;
#1798 = PERSON_AND_ORGANIZATION_ROLE ( 'creator' ) ;
#1799 = DIRECTION ( 'NONE',  ( -0.000000000000000000, 1.000000000000000000, -0.000000000000000000 ) ) ;
#1800 = EDGE_CURVE ( 'NONE', #1088, #2006, #1342, .T. ) ;
#1801 = ORIENTED_EDGE ( 'NONE', *, *, #1245, .T. ) ;
#1802 = VECTOR ( 'NONE', #3420, 1000.000000000000000 ) ;
#1803 = CARTESIAN_POINT ( 'NONE',  ( -449.9999999999999432, 167.5000000000000000, 0.000000000000000000 ) ) ;
#1804 = DIRECTION ( 'NONE',  ( 0.000000000000000000, 0.000000000000000000, -1.000000000000000000 ) ) ;
#1805 = DIRECTION ( 'NONE',  ( 0.000000000000000000, -1.000000000000000000, 0.000000000000000000 ) ) ;
#1806 = APPROVAL_STATUS ( 'not_yet_approved' ) ;
#1807 = EDGE_CURVE ( 'NONE', #2143, #3603, #1479, .T. ) ;
#1808 = CARTESIAN_POINT ( 'NONE',  ( 0.000000000000000000, 0.000000000000000000, 0.000000000000000000 ) ) ;
#1809 = CALENDAR_DATE ( 2026, 9, 6 ) ;
#1810 = DIRECTION ( 'NONE',  ( 0.000000000000000000, 0.000000000000000000, -1.000000000000000000 ) ) ;
#1811 = ORIENTED_EDGE ( 'NONE', *, *, #3176, .F. ) ;
#1812 = EDGE_LOOP ( 'NONE', ( #2718, #3196, #2378, #2179 ) ) ;
#1813 = CARTESIAN_POINT ( 'NONE',  ( 412.0000000000000568, 30.50000000000003197, -461.9999999999999432 ) ) ;
#1814 = CALENDAR_DATE ( 2026, 9, 6 ) ;
#1815 = ORIENTED_EDGE ( 'NONE', *, *, #1048, .T. ) ;
#1816 = ORIENTED_EDGE ( 'NONE', *, *, #337, .F. ) ;
#1817 = CIRCLE ( 'NONE', #327, 26.99999999999991473 ) ;
#1818 = EDGE_CURVE ( 'NONE', #3319, #3123, #478, .T. ) ;
#1819 = CC_DESIGN_PERSON_AND_ORGANIZATION_ASSIGNMENT ( #245, #2731, ( #556 ) ) ;
#1820 = EDGE_LOOP ( 'NONE', ( #2044, #2504 ) ) ;
#1821 = DIRECTION ( 'NONE',  ( 0.000000000000000000, 0.000000000000000000, -1.000000000000000000 ) ) ;
#1822 = ORIENTED_EDGE ( 'NONE', *, *, #1512, .T. ) ;
#1823 = EDGE_CURVE ( 'NONE', #3125, #1351, #3517, .T. ) ;
#1824 = EDGE_CURVE ( 'NONE', #3123, #1781, #2192, .T. ) ;
#1825 = EDGE_LOOP ( 'NONE', ( #1185, #1058, #3462, #948 ) ) ;
#1826 = CARTESIAN_POINT ( 'NONE',  ( -380.0000000000001705, -420.0000000000000000, 510.0000000000000000 ) ) ;
#1827 = LINE ( 'NONE', #1118, #1924 ) ;
#1828 = LINE ( 'NONE', #669, #40 ) ;
#1829 = EDGE_CURVE ( 'NONE', #2256, #1963, #1437, .T. ) ;
#1830 = ORIENTED_EDGE ( 'NONE', *, *, #1703, .F. ) ;
#1831 = APPLICATION_CONTEXT ( 'configuration controlled 3d designs of mechanical parts and assemblies' ) ;
#1832 = FACE_OUTER_BOUND ( 'NONE', #1792, .T. ) ;
#1833 = CYLINDRICAL_SURFACE ( 'NONE', #2915, 26.99999999999991473 ) ;
#1834 = ORIENTED_EDGE ( 'NONE', *, *, #2459, .F. ) ;
#1835 = LINE ( 'NONE', #4, #583 ) ;
#1836 = DIRECTION ( 'NONE',  ( 0.000000000000000000, 0.000000000000000000, -1.000000000000000000 ) ) ;
#1837 = ORIENTED_EDGE ( 'NONE', *, *, #1975, .T. ) ;
#1838 = CARTESIAN_POINT ( 'NONE',  ( -450.0000000000000568, 365.0000000000000000, 580.0000000000000000 ) ) ;
#1839 = PLANE ( 'NONE',  #2777 ) ;
#1840 = ORIENTED_EDGE ( 'NONE', *, *, #2881, .F. ) ;
#1841 = ORIENTED_EDGE ( 'NONE', *, *, #3276, .T. ) ;
#1842 = VECTOR ( 'NONE', #2757, 1000.000000000000000 ) ;
#1843 = AXIS2_PLACEMENT_3D ( 'NONE', #1791, #2937, #1220 ) ;
#1844 = DIRECTION ( 'NONE',  ( 1.000000000000000000, 0.000000000000000000, 0.000000000000000000 ) ) ;
#1845 = ORIENTED_EDGE ( 'NONE', *, *, #1232, .T. ) ;
#1846 = LINE ( 'NONE', #798, #1574 ) ;
#1847 = CARTESIAN_POINT ( 'NONE',  ( -380.0000000000001705, -380.0000000000000000, 49.99999999999993605 ) ) ;
#1848 = EDGE_CURVE ( 'NONE', #10, #1656, #353, .T. ) ;
#1849 = DIRECTION ( 'NONE',  ( -0.000000000000000000, 1.000000000000000000, -0.000000000000000000 ) ) ;
#1850 = DIRECTION ( 'NONE',  ( 0.000000000000000000, 0.000000000000000000, 1.000000000000000000 ) ) ;
#1851 = EDGE_LOOP ( 'NONE', ( #1301, #1663, #2172, #2460 ) ) ;
#1852 = LOCAL_TIME ( 10, 19, 48.00000000000000000, #103 ) ;
#1853 = DIRECTION ( 'NONE',  ( 1.000000000000000000, -0.000000000000000000, 0.000000000000000000 ) ) ;
#1854 = ORIENTED_EDGE ( 'NONE', *, *, #2728, .F. ) ;
#1855 = VERTEX_POINT ( 'NONE', #3161 ) ;
#1856 = CARTESIAN_POINT ( 'NONE',  ( -380.0000000000001705, -420.0000000000000000, 49.99999999999993605 ) ) ;
#1857 = ORIENTED_EDGE ( 'NONE', *, *, #851, .T. ) ;
#1858 = DIRECTION ( 'NONE',  ( 0.000000000000000000, 0.000000000000000000, 1.000000000000000000 ) ) ;
#1859 = AXIS2_PLACEMENT_3D ( 'NONE', #2705, #2997, #1596 ) ;
#1860 = FACE_OUTER_BOUND ( 'NONE', #2473, .T. ) ;
#1861 = EDGE_LOOP ( 'NONE', ( #150, #2571, #2689, #2153 ) ) ;
#1862 = AXIS2_PLACEMENT_3D ( 'NONE', #1758, #300, #333 ) ;
#1863 = ORIENTED_EDGE ( 'NONE', *, *, #3376, .F. ) ;
#1864 = ORIENTED_EDGE ( 'NONE', *, *, #3377, .T. ) ;
#1865 = CARTESIAN_POINT ( 'NONE',  ( 109.6456385958148871, -131.4999999999999716, 0.000000000000000000 ) ) ;
#1866 = AXIS2_PLACEMENT_3D ( 'NONE', #129, #1283, #2961 ) ;
#1867 = ADVANCED_FACE ( 'NONE', ( #2432 ), #3173, .T. ) ;
#1868 = ORIENTED_EDGE ( 'NONE', *, *, #1800, .T. ) ;
#1869 = VECTOR ( 'NONE', #2386, 1000.000000000000000 ) ;
#1870 = ORIENTED_EDGE ( 'NONE', *, *, #973, .T. ) ;
#1871 = AXIS2_PLACEMENT_3D ( 'NONE', #2194, #1072, #2532 ) ;
#1872 = VECTOR ( 'NONE', #919, 1000.000000000000000 ) ;
#1873 = DIRECTION ( 'NONE',  ( 0.000000000000000000, -0.000000000000000000, 1.000000000000000000 ) ) ;
#1874 = EDGE_CURVE ( 'NONE', #1977, #1727, #2700, .T. ) ;
#1875 = LINE ( 'NONE', #2981, #2145 ) ;
#1876 = DIRECTION ( 'NONE',  ( -0.000000000000000000, -1.000000000000000000, -0.000000000000000000 ) ) ;
#1877 = ADVANCED_BREP_SHAPE_REPRESENTATION ( '', ( #1431, #1796 ), #539 ) ;
#1878 = CIRCLE ( 'NONE', #1334, 109.9999999999999858 ) ;
#1879 = EDGE_CURVE ( 'NONE', #505, #2871, #3566, .T. ) ;
#1880 = DIRECTION ( 'NONE',  ( 0.000000000000000000, 0.000000000000000000, 1.000000000000000000 ) ) ;
#1881 = DIRECTION ( 'NONE',  ( 0.000000000000000000, -1.000000000000000000, 0.000000000000000000 ) ) ;
#1882 = CARTESIAN_POINT ( 'NONE',  ( 215.0000000000000284, 365.0000000000000000, 348.0000000000000000 ) ) ;
#1883 = ORIENTED_EDGE ( 'NONE', *, *, #1227, .T. ) ;
#1884 = ORIENTED_EDGE ( 'NONE', *, *, #3340, .T. ) ;
#1885 = VECTOR ( 'NONE', #3396, 1000.000000000000000 ) ;
#1886 = SECURITY_CLASSIFICATION_LEVEL ( 'unclassified' ) ;
#1887 = DIRECTION ( 'NONE',  ( 0.000000000000000000, 1.000000000000000000, 0.000000000000000000 ) ) ;
#1888 = DIRECTION ( 'NONE',  ( -0.000000000000000000, -1.000000000000000000, -0.000000000000000000 ) ) ;
#1889 = CC_DESIGN_APPROVAL ( #543, ( #2870 ) ) ;
#1890 = CARTESIAN_POINT ( 'NONE',  ( 431.9999999999999432, 347.0000000000000000, 533.9999999999998863 ) ) ;
#1891 = LINE ( 'NONE', #1637, #1667 ) ;
#1892 = PLANE ( 'NONE',  #1679 ) ;
#1893 = DIRECTION ( 'NONE',  ( 0.000000000000000000, 0.000000000000000000, -1.000000000000000000 ) ) ;
#1894 = AXIS2_PLACEMENT_3D ( 'NONE', #3338, #2239, #236 ) ;
#1895 = PRODUCT_DEFINITION_SHAPE ( 'NONE', 'NONE',  #2870 ) ;
#1896 = ORIENTED_EDGE ( 'NONE', *, *, #3036, .T. ) ;
#1897 = PLANE ( 'NONE',  #1675 ) ;
#1898 = CARTESIAN_POINT ( 'NONE',  ( 380.0000000000001705, -380.0000000000000000, 69.99999999999995737 ) ) ;
#1899 = DIRECTION ( 'NONE',  ( 0.000000000000000000, -1.000000000000000000, 0.000000000000000000 ) ) ;
#1900 = COORDINATED_UNIVERSAL_TIME_OFFSET ( 8, 0, .AHEAD. ) ;
#1901 = EDGE_CURVE ( 'NONE', #499, #1955, #428, .T. ) ;
#1902 = VERTEX_POINT ( 'NONE', #916 ) ;
#1903 = DIRECTION ( 'NONE',  ( 3.083952846180990774E-16, 1.000000000000000000, 0.000000000000000000 ) ) ;
#1904 = EDGE_LOOP ( 'NONE', ( #1177, #835 ) ) ;
#1905 = DIRECTION ( 'NONE',  ( -0.000000000000000000, -1.000000000000000000, -0.000000000000000000 ) ) ;
#1906 = CALENDAR_DATE ( 2026, 9, 6 ) ;
#1907 = CARTESIAN_POINT ( 'NONE',  ( 430.0000000000001137, 30.49999999999997868, -480.0000000000000000 ) ) ;
#1908 = VERTEX_POINT ( 'NONE', #2403 ) ;
#1909 = EDGE_CURVE ( 'NONE', #1720, #560, #2238, .T. ) ;
#1910 = ORIENTED_EDGE ( 'NONE', *, *, #2116, .T. ) ;
#1911 = ORIENTED_EDGE ( 'NONE', *, *, #1787, .T. ) ;
#1912 = ADVANCED_FACE ( 'NONE', ( #2922 ), #3481, .T. ) ;
#1913 = CARTESIAN_POINT ( 'NONE',  ( 450.0000000000000568, 167.5000000000000000, 20.00000000000000000 ) ) ;
#1914 = CARTESIAN_POINT ( 'NONE',  ( -450.0000000000000568, 341.5000000000000000, 551.9999999999998863 ) ) ;
#1915 = DIRECTION ( 'NONE',  ( 0.000000000000000000, 1.000000000000000000, -0.000000000000000000 ) ) ;
#1916 = CARTESIAN_POINT ( 'NONE',  ( -432.0000000000000568, -5.898059818321144121E-14, 533.9999999999998863 ) ) ;
#1917 = DIRECTION ( 'NONE',  ( 1.000000000000000000, -0.000000000000000000, 0.000000000000000000 ) ) ;
#1918 = LINE ( 'NONE', #1366, #2648 ) ;
#1919 = LINE ( 'NONE', #2117, #216 ) ;
#1920 = ORIENTED_EDGE ( 'NONE', *, *, #175, .F. ) ;
#1921 = PLANE ( 'NONE',  #2980 ) ;
#1922 = ORIENTED_EDGE ( 'NONE', *, *, #1374, .T. ) ;
#1923 = VECTOR ( 'NONE', #1899, 1000.000000000000000 ) ;
#1924 = VECTOR ( 'NONE', #1421, 1000.000000000000000 ) ;
#1925 = DIRECTION ( 'NONE',  ( -0.000000000000000000, -1.000000000000000000, -0.000000000000000000 ) ) ;
#1926 = DIRECTION ( 'NONE',  ( 0.000000000000000000, 0.000000000000000000, -1.000000000000000000 ) ) ;
#1927 = VECTOR ( 'NONE', #874, 1000.000000000000000 ) ;
#1928 = CARTESIAN_POINT ( 'NONE',  ( 380.0000000000001705, -380.0000000000000000, 69.99999999999995737 ) ) ;
#1929 = EDGE_LOOP ( 'NONE', ( #772, #2513 ) ) ;
#1930 = EDGE_CURVE ( 'NONE', #2802, #2166, #1697, .T. ) ;
#1931 = ORIENTED_EDGE ( 'NONE', *, *, #3556, .F. ) ;
#1932 = ORIENTED_EDGE ( 'NONE', *, *, #1000, .T. ) ;
#1933 = LINE ( 'NONE', #1139, #320 ) ;
#1934 = CARTESIAN_POINT ( 'NONE',  ( 449.9999999999999432, 1.734723475976807094E-14, 533.9999999999998863 ) ) ;
#1935 = DIRECTION ( 'NONE',  ( -0.000000000000000000, 1.000000000000000000, -0.000000000000000000 ) ) ;
#1936 = AXIS2_PLACEMENT_3D ( 'NONE', #2099, #2360, #675 ) ;
#1937 = EDGE_LOOP ( 'NONE', ( #1837, #1254, #1542, #343 ) ) ;
#1938 = ORIENTED_EDGE ( 'NONE', *, *, #365, .T. ) ;
#1939 = VECTOR ( 'NONE', #377, 1000.000000000000000 ) ;
#1940 = PLANE ( 'NONE',  #2583 ) ;
#1941 = CARTESIAN_POINT ( 'NONE',  ( 431.9999999999999432, -365.0000000000000000, 580.0000000000000000 ) ) ;
#1942 = AXIS2_PLACEMENT_3D ( 'NONE', #1091, #1661, #1987 ) ;
#1943 = DATE_TIME_ROLE ( 'classification_date' ) ;
#1944 = PLANE ( 'NONE',  #3582 ) ;
#1945 = DIRECTION ( 'NONE',  ( 0.000000000000000000, -1.000000000000000000, 0.000000000000000000 ) ) ;
#1946 = CC_DESIGN_APPROVAL ( #1092, ( #2374 ) ) ;
#1947 = FACE_BOUND ( 'NONE', #1730, .T. ) ;
#1948 = DIRECTION ( 'NONE',  ( 0.000000000000000000, 0.000000000000000000, -1.000000000000000000 ) ) ;
#1949 = LOCAL_TIME ( 10, 19, 48.00000000000000000, #2679 ) ;
#1950 = CARTESIAN_POINT ( 'NONE',  ( -450.0000000000000568, -365.0000000000000000, 0.000000000000000000 ) ) ;
#1951 = AXIS2_PLACEMENT_3D ( 'NONE', #2416, #726, #1576 ) ;
#1952 = ORIENTED_EDGE ( 'NONE', *, *, #2092, .T. ) ;
#1953 = EDGE_CURVE ( 'NONE', #3263, #2022, #44, .T. ) ;
#1954 = PERSON_AND_ORGANIZATION ( #2026, #1228 ) ;
#1955 = VERTEX_POINT ( 'NONE', #3021 ) ;
#1956 = ADVANCED_FACE ( 'NONE', ( #1976 ), #1794, .F. ) ;
#1957 = DIRECTION ( 'NONE',  ( 0.000000000000000000, 0.000000000000000000, -1.000000000000000000 ) ) ;
#1958 = CARTESIAN_POINT ( 'NONE',  ( 431.9999999999999432, -347.0000000000000000, 2.000000000000000000 ) ) ;
#1959 = EDGE_LOOP ( 'NONE', ( #2221, #2849, #299, #1123 ) ) ;
#1960 = EDGE_CURVE ( 'NONE', #2212, #3319, #2529, .T. ) ;
#1961 = CARTESIAN_POINT ( 'NONE',  ( 380.0000000000001705, -420.0000000000000000, 69.99999999999995737 ) ) ;
#1962 = DIRECTION ( 'NONE',  ( 0.000000000000000000, -0.000000000000000000, -1.000000000000000000 ) ) ;
#1963 = VERTEX_POINT ( 'NONE', #2716 ) ;
#1964 = DIRECTION ( 'NONE',  ( 0.000000000000000000, -0.000000000000000000, -1.000000000000000000 ) ) ;
#1965 = ORIENTED_EDGE ( 'NONE', *, *, #2800, .T. ) ;
#1966 = VECTOR ( 'NONE', #419, 1000.000000000000000 ) ;
#1967 = DIRECTION ( 'NONE',  ( 0.000000000000000000, 0.000000000000000000, 1.000000000000000000 ) ) ;
#1968 = DIRECTION ( 'NONE',  ( -1.000000000000000000, -0.000000000000000000, -0.000000000000000000 ) ) ;
#1969 = FACE_OUTER_BOUND ( 'NONE', #2864, .T. ) ;
#1970 = DIRECTION ( 'NONE',  ( 0.000000000000000000, 0.000000000000000000, -1.000000000000000000 ) ) ;
#1971 = CARTESIAN_POINT ( 'NONE',  ( -412.0000000000000568, -131.4999999999999716, -244.0000000000000000 ) ) ;
#1972 = AXIS2_PLACEMENT_3D ( 'NONE', #2584, #3404, #2573 ) ;
#1973 = LINE ( 'NONE', #1399, #1475 ) ;
#1974 = ADVANCED_FACE ( 'NONE', ( #1007 ), #174, .T. ) ;
#1975 = EDGE_CURVE ( 'NONE', #152, #2702, #1111, .T. ) ;
#1976 = FACE_OUTER_BOUND ( 'NONE', #1242, .T. ) ;
#1977 = VERTEX_POINT ( 'NONE', #773 ) ;
#1978 = CARTESIAN_POINT ( 'NONE',  ( 35.00000000000006395, 397.0000000000000000, 492.0000000000000000 ) ) ;
#1979 = VERTEX_POINT ( 'NONE', #182 ) ;
#1980 = APPROVAL_STATUS ( 'not_yet_approved' ) ;
#1981 = CARTESIAN_POINT ( 'NONE',  ( 127.6456385958148729, 30.50000000000000000, -244.0000000000000284 ) ) ;
#1982 = FACE_OUTER_BOUND ( 'NONE', #63, .T. ) ;
#1983 = LINE ( 'NONE', #1310, #2931 ) ;
#1984 = ADVANCED_FACE ( 'NONE', ( #2356 ), #2187, .T. ) ;
#1985 = CLOSED_SHELL ( 'NONE', ( #1867, #882, #2594, #828, #1053, #2287, #1748, #3394, #1702, #514, #3283, #348, #2058, #2193, #807, #2559, #1447, #1192, #3653, #1132, #241, #1024, #2453, #2822 ) ) ;
#1986 = EDGE_CURVE ( 'NONE', #43, #3313, #3093, .T. ) ;
#1987 = DIRECTION ( 'NONE',  ( 3.083952846180990774E-16, 1.000000000000000000, 0.000000000000000000 ) ) ;
#1988 = CC_DESIGN_APPROVAL ( #2108, ( #1115 ) ) ;
#1989 = PERSON_AND_ORGANIZATION ( #1710, #768 ) ;
#1990 = ORIENTED_EDGE ( 'NONE', *, *, #2448, .F. ) ;
#1991 = EDGE_LOOP ( 'NONE', ( #2978, #1397, #2052, #1932 ) ) ;
#1992 = CARTESIAN_POINT ( 'NONE',  ( 380.0000000000001705, -420.0000000000000000, 530.0000000000000000 ) ) ;
#1993 = ORIENTED_EDGE ( 'NONE', *, *, #3479, .T. ) ;
#1994 = ORIENTED_EDGE ( 'NONE', *, *, #2867, .F. ) ;
#1995 = FACE_OUTER_BOUND ( 'NONE', #892, .T. ) ;
#1996 = DIRECTION ( 'NONE',  ( 0.000000000000000000, 0.000000000000000000, -1.000000000000000000 ) ) ;
#1997 = CARTESIAN_POINT ( 'NONE',  ( 0.000000000000000000, -347.0000000000000000, 580.0000000000000000 ) ) ;
#1998 = ADVANCED_FACE ( 'NONE', ( #930 ), #2454, .T. ) ;
#1999 = FACE_OUTER_BOUND ( 'NONE', #2295, .T. ) ;
#2000 = EDGE_LOOP ( 'NONE', ( #3253, #459, #2177, #2554 ) ) ;
#2001 = ORIENTED_EDGE ( 'NONE', *, *, #1000, .F. ) ;
#2002 = DIRECTION ( 'NONE',  ( 0.000000000000000000, 0.000000000000000000, -1.000000000000000000 ) ) ;
#2003 = FACE_OUTER_BOUND ( 'NONE', #2492, .T. ) ;
#2004 = VECTOR ( 'NONE', #965, 1000.000000000000000 ) ;
#2005 = VECTOR ( 'NONE', #2691, 1000.000000000000000 ) ;
#2006 = VERTEX_POINT ( 'NONE', #1634 ) ;
#2007 = DIRECTION ( 'NONE',  ( 0.000000000000000000, 0.000000000000000000, -1.000000000000000000 ) ) ;
#2008 = AXIS2_PLACEMENT_3D ( 'NONE', #1460, #582, #1844 ) ;
#2009 = CARTESIAN_POINT ( 'NONE',  ( 380.0000000000001705, -420.0000000000000000, 69.99999999999995737 ) ) ;
#2010 = EDGE_LOOP ( 'NONE', ( #2590, #3243, #1965, #2604 ) ) ;
#2011 = CC_DESIGN_DATE_AND_TIME_ASSIGNMENT ( #1588, #2913, ( #1212 ) ) ;
#2012 = AXIS2_PLACEMENT_3D ( 'NONE', #3537, #1881, #764 ) ;
#2013 = VECTOR ( 'NONE', #2693, 1000.000000000000000 ) ;
#2014 = VECTOR ( 'NONE', #3349, 1000.000000000000000 ) ;
#2015 = CARTESIAN_POINT ( 'NONE',  ( -380.0000000000001705, -435.0000000000000000, 510.0000000000000000 ) ) ;
#2016 = DIRECTION ( 'NONE',  ( -1.000000000000000000, -0.000000000000000000, -0.000000000000000000 ) ) ;
#2017 = DIRECTION ( 'NONE',  ( 0.000000000000000000, 1.239088197126289584E-16, 1.000000000000000000 ) ) ;
#2018 = FACE_OUTER_BOUND ( 'NONE', #1037, .T. ) ;
#2019 = EDGE_CURVE ( 'NONE', #2667, #818, #3004, .T. ) ;
#2020 = EDGE_CURVE ( 'NONE', #2518, #2663, #1521, .T. ) ;
#2021 = ORIENTED_EDGE ( 'NONE', *, *, #1953, .F. ) ;
#2022 = VERTEX_POINT ( 'NONE', #167 ) ;
#2023 = FACE_OUTER_BOUND ( 'NONE', #283, .T. ) ;
#2024 = ADVANCED_FACE ( 'NONE', ( #3617 ), #2483, .F. ) ;
#2025 = DIRECTION ( 'NONE',  ( 0.000000000000000000, 1.000000000000000000, 0.000000000000000000 ) ) ;
#2026 = PERSON ( '未指定', '未指定', '未指定', ('未指定'), ('未指定'), ('未指定') ) ;
#2027 = ORIENTED_EDGE ( 'NONE', *, *, #135, .F. ) ;
#2028 = CIRCLE ( 'NONE', #2647, 89.99999999999997158 ) ;
#2029 = CARTESIAN_POINT ( 'NONE',  ( 431.9999999999999432, 347.0000000000000000, 2.000000000000000000 ) ) ;
#2030 = DIRECTION ( 'NONE',  ( 1.000000000000000000, 0.000000000000000000, 0.000000000000000000 ) ) ;
#2031 = CARTESIAN_POINT ( 'NONE',  ( -430.0000000000001137, 30.50000000000008171, 0.000000000000000000 ) ) ;
#2032 = VERTEX_POINT ( 'NONE', #1595 ) ;
#2033 = DIRECTION ( 'NONE',  ( 1.000000000000000000, -1.210272192541958369E-16, 0.000000000000000000 ) ) ;
#2034 = COORDINATED_UNIVERSAL_TIME_OFFSET ( 8, 0, .AHEAD. ) ;
#2035 = ORIENTED_EDGE ( 'NONE', *, *, #2455, .F. ) ;
#2036 = CARTESIAN_POINT ( 'NONE',  ( -380.0000000000001705, -420.0000000000000000, 510.0000000000000000 ) ) ;
#2037 = APPROVAL_DATE_TIME ( #771, #846 ) ;
#2038 = DIRECTION ( 'NONE',  ( 0.000000000000000000, -0.000000000000000000, -1.000000000000000000 ) ) ;
#2039 = ORIENTED_EDGE ( 'NONE', *, *, #1299, .F. ) ;
#2040 = DIRECTION ( 'NONE',  ( -0.000000000000000000, -0.000000000000000000, 1.000000000000000000 ) ) ;
#2041 = ORIENTED_EDGE ( 'NONE', *, *, #1304, .T. ) ;
#2042 = DATE_AND_TIME ( #106, #2419 ) ;
#2043 = ADVANCED_FACE ( 'NONE', ( #80 ), #1289, .T. ) ;
#2044 = ORIENTED_EDGE ( 'NONE', *, *, #686, .F. ) ;
#2045 = CARTESIAN_POINT ( 'NONE',  ( -380.0000000000001705, -380.0000000000000000, 483.0000000000000568 ) ) ;
#2046 = ORIENTED_EDGE ( 'NONE', *, *, #2887, .F. ) ;
#2047 = EDGE_CURVE ( 'NONE', #2212, #2196, #2525, .T. ) ;
#2048 = CARTESIAN_POINT ( 'NONE',  ( -382.0000000000001137, 18.00000000000001421, 579.9999999999998863 ) ) ;
#2049 = CARTESIAN_POINT ( 'NONE',  ( -450.0000000000000568, -365.0000000000000000, 580.0000000000000000 ) ) ;
#2050 = DIRECTION ( 'NONE',  ( 0.000000000000000000, -0.000000000000000000, -1.000000000000000000 ) ) ;
#2051 = FACE_OUTER_BOUND ( 'NONE', #2167, .T. ) ;
#2052 = ORIENTED_EDGE ( 'NONE', *, *, #1657, .T. ) ;
#2053 = LINE ( 'NONE', #3075, #790 ) ;
#2054 = VECTOR ( 'NONE', #901, 1000.000000000000000 ) ;
#2055 =( LENGTH_UNIT ( ) NAMED_UNIT ( * ) SI_UNIT ( .MILLI., .METRE. ) );
#2056 = VERTEX_POINT ( 'NONE', #785 ) ;
#2057 = VECTOR ( 'NONE', #2600, 1000.000000000000000 ) ;
#2058 = ADVANCED_FACE ( 'NONE', ( #1750 ), #2502, .F. ) ;
#2059 = CARTESIAN_POINT ( 'NONE',  ( -430.0000000000001705, -149.4999999999999147, 0.000000000000000000 ) ) ;
#2060 = CARTESIAN_POINT ( 'NONE',  ( -380.0000000000001705, -380.0000000000000000, 69.99999999999995737 ) ) ;
#2061 = CARTESIAN_POINT ( 'NONE',  ( 449.9999999999999432, 318.0000000000000568, 562.0000000000000000 ) ) ;
#2062 = CARTESIAN_POINT ( 'NONE',  ( 380.0000000000001705, -435.0000000000000000, 69.99999999999995737 ) ) ;
#2063 = DIRECTION ( 'NONE',  ( 0.000000000000000000, 0.000000000000000000, -1.000000000000000000 ) ) ;
#2064 = VECTOR ( 'NONE', #3296, 1000.000000000000000 ) ;
#2065 = AXIS2_PLACEMENT_3D ( 'NONE', #3519, #1316, #2408 ) ;
#2066 = EDGE_CURVE ( 'NONE', #1902, #1324, #2, .T. ) ;
#2067 = ORIENTED_EDGE ( 'NONE', *, *, #3239, .F. ) ;
#2068 = CYLINDRICAL_SURFACE ( 'NONE', #3076, 25.00000000000000711 ) ;
#2069 =( NAMED_UNIT ( * ) PLANE_ANGLE_UNIT ( ) SI_UNIT ( $, .RADIAN. ) );
#2070 = EDGE_CURVE ( 'NONE', #1656, #2802, #1563, .T. ) ;
#2071 = CARTESIAN_POINT ( 'NONE',  ( 380.0000000000001705, -380.0000000000000000, 537.0000000000000000 ) ) ;
#2072 = DIRECTION ( 'NONE',  ( 0.000000000000000000, 2.478176394252579169E-16, 1.000000000000000000 ) ) ;
#2073 = DIRECTION ( 'NONE',  ( 0.000000000000000000, -1.000000000000000000, 0.000000000000000000 ) ) ;
#2074 = DIRECTION ( 'NONE',  ( -0.000000000000000000, -1.000000000000000000, -0.000000000000000000 ) ) ;
#2075 = EDGE_LOOP ( 'NONE', ( #3399, #1864, #1845, #468 ) ) ;
#2076 = ORIENTED_EDGE ( 'NONE', *, *, #281, .F. ) ;
#2077 = AXIS2_PLACEMENT_3D ( 'NONE', #1202, #895, #3436 ) ;
#2078 = ORIENTED_EDGE ( 'NONE', *, *, #321, .T. ) ;
#2079 = CC_DESIGN_PERSON_AND_ORGANIZATION_ASSIGNMENT ( #3236, #2104, ( #1506 ) ) ;
#2080 = DATE_AND_TIME ( #3544, #648 ) ;
#2081 = ORIENTED_EDGE ( 'NONE', *, *, #2344, .T. ) ;
#2082 = ORIENTED_EDGE ( 'NONE', *, *, #2896, .F. ) ;
#2083 = VECTOR ( 'NONE', #1319, 1000.000000000000000 ) ;
#2084 = DIRECTION ( 'NONE',  ( 0.000000000000000000, -0.000000000000000000, 1.000000000000000000 ) ) ;
#2085 = EDGE_CURVE ( 'NONE', #2665, #1572, #1390, .T. ) ;
#2086 = CARTESIAN_POINT ( 'NONE',  ( 380.0000000000001705, -420.0000000000000000, 510.0000000000000000 ) ) ;
#2087 = CARTESIAN_POINT ( 'NONE',  ( 109.6456385958148871, 30.50000000000001776, 0.000000000000000000 ) ) ;
#2088 = EDGE_CURVE ( 'NONE', #668, #193, #387, .T. ) ;
#2089 = PERSON_AND_ORGANIZATION_ROLE ( 'creator' ) ;
#2090 = FACE_BOUND ( 'NONE', #1230, .T. ) ;
#2091 = EDGE_LOOP ( 'NONE', ( #2567, #3635, #2184, #2855 ) ) ;
#2092 = EDGE_CURVE ( 'NONE', #2141, #1285, #3428, .T. ) ;
#2093 = LINE ( 'NONE', #2470, #574 ) ;
#2094 = CIRCLE ( 'NONE', #381, 26.99999999999991473 ) ;
#2095 = LINE ( 'NONE', #633, #1241 ) ;
#2096 = EDGE_LOOP ( 'NONE', ( #2537, #1222, #561, #260 ) ) ;
#2097 = CARTESIAN_POINT ( 'NONE',  ( -34.99999999999994316, 397.0000000000000000, 477.0000000000000000 ) ) ;
#2098 = ORIENTED_EDGE ( 'NONE', *, *, #56, .T. ) ;
#2099 = CARTESIAN_POINT ( 'NONE',  ( 380.0000000000001705, -435.0000000000000000, 510.0000000000000000 ) ) ;
#2100 = LINE ( 'NONE', #142, #2057 ) ;
#2101 = FACE_OUTER_BOUND ( 'NONE', #3361, .T. ) ;
#2102 = CARTESIAN_POINT ( 'NONE',  ( 382.0000000000000000, 1.734723475976807094E-14, 99.99999999999995737 ) ) ;
#2103 = LINE ( 'NONE', #1445, #2195 ) ;
#2104 = PERSON_AND_ORGANIZATION_ROLE ( 'classification_officer' ) ;
#2105 = AXIS2_PLACEMENT_3D ( 'NONE', #1978, #1087, #820 ) ;
#2106 = ORIENTED_EDGE ( 'NONE', *, *, #1181, .F. ) ;
#2107 = EDGE_CURVE ( 'NONE', #2802, #440, #2353, .T. ) ;
#2108 = APPROVAL ( #1980, 'UNKNOWN' ) ;
#2109 = VERTEX_POINT ( 'NONE', #2248 ) ;
#2110 = FACE_OUTER_BOUND ( 'NONE', #463, .T. ) ;
#2111 = CARTESIAN_POINT ( 'NONE',  ( 430.0000000000001705, -149.5000000000000284, -480.0000000000000000 ) ) ;
#2112 = AXIS2_PLACEMENT_3D ( 'NONE', #1808, #111, #2947 ) ;
#2113 = VERTEX_POINT ( 'NONE', #1429 ) ;
#2114 = CIRCLE ( 'NONE', #112, 109.9999999999999858 ) ;
#2115 = PERSON_AND_ORGANIZATION_ROLE ( 'creator' ) ;
#2116 = EDGE_CURVE ( 'NONE', #1908, #1706, #969, .T. ) ;
#2117 = CARTESIAN_POINT ( 'NONE',  ( 449.9999999999999432, 365.0000000000000000, 580.0000000000000000 ) ) ;
#2118 = LINE ( 'NONE', #3174, #2297 ) ;
#2119 = CALENDAR_DATE ( 2026, 9, 6 ) ;
#2120 = ORIENTED_EDGE ( 'NONE', *, *, #935, .F. ) ;
#2121 = DIRECTION ( 'NONE',  ( 0.000000000000000000, 1.000000000000000000, -1.239088197126289584E-16 ) ) ;
#2122 = CALENDAR_DATE ( 2026, 9, 6 ) ;
#2123 = AXIS2_PLACEMENT_3D ( 'NONE', #1114, #3087, #2783 ) ;
#2124 = ORIENTED_EDGE ( 'NONE', *, *, #3383, .T. ) ;
#2125 = DIRECTION ( 'NONE',  ( 0.000000000000000000, -0.000000000000000000, -1.000000000000000000 ) ) ;
#2126 = ORIENTED_EDGE ( 'NONE', *, *, #1129, .T. ) ;
#2127 = APPLICATION_CONTEXT ( 'configuration controlled 3d designs of mechanical parts and assemblies' ) ;
#2128 = ORIENTED_EDGE ( 'NONE', *, *, #1160, .F. ) ;
#2129 = CC_DESIGN_SECURITY_CLASSIFICATION ( #1506, ( #3229 ) ) ;
#2130 = ORIENTED_EDGE ( 'NONE', *, *, #135, .T. ) ;
#2131 = AXIS2_PLACEMENT_3D ( 'NONE', #1026, #735, #1619 ) ;
#2132 = EDGE_CURVE ( 'NONE', #847, #615, #220, .T. ) ;
#2133 = DIRECTION ( 'NONE',  ( -0.000000000000000000, -0.000000000000000000, -1.000000000000000000 ) ) ;
#2134 = DIRECTION ( 'NONE',  ( 0.000000000000000000, 0.000000000000000000, 1.000000000000000000 ) ) ;
#2135 = ORIENTED_EDGE ( 'NONE', *, *, #2180, .T. ) ;
#2136 = DIRECTION ( 'NONE',  ( 0.000000000000000000, 0.000000000000000000, 1.000000000000000000 ) ) ;
#2137 = VECTOR ( 'NONE', #1600, 1000.000000000000000 ) ;
#2138 = EDGE_CURVE ( 'NONE', #3333, #282, #743, .T. ) ;
#2139 = ORIENTED_EDGE ( 'NONE', *, *, #3432, .F. ) ;
#2140 = CARTESIAN_POINT ( 'NONE',  ( -449.9999999999999432, -167.5000000000000000, 20.00000000000000000 ) ) ;
#2141 = VERTEX_POINT ( 'NONE', #1100 ) ;
#2142 = LINE ( 'NONE', #1934, #3305 ) ;
#2143 = VERTEX_POINT ( 'NONE', #526 ) ;
#2144 = CIRCLE ( 'NONE', #2226, 25.00000000000002132 ) ;
#2145 = VECTOR ( 'NONE', #3550, 1000.000000000000000 ) ;
#2146 = CARTESIAN_POINT ( 'NONE',  ( -412.0000000000001705, 30.50000000000008171, -244.0000000000000000 ) ) ;
#2147 = DIRECTION ( 'NONE',  ( 1.000000000000000000, 0.000000000000000000, 0.000000000000000000 ) ) ;
#2148 = EDGE_LOOP ( 'NONE', ( #105, #2581, #1288, #1371 ) ) ;
#2149 = ADVANCED_FACE ( 'NONE', ( #1832 ), #541, .F. ) ;
#2150 = PLANE ( 'NONE',  #1097 ) ;
#2151 = FACE_OUTER_BOUND ( 'NONE', #361, .T. ) ;
#2152 = CARTESIAN_POINT ( 'NONE',  ( -412.0000000000000568, 30.50000000000008171, -261.9999999999999432 ) ) ;
#2153 = ORIENTED_EDGE ( 'NONE', *, *, #549, .F. ) ;
#2154 = VECTOR ( 'NONE', #1002, 1000.000000000000000 ) ;
#2155 = UNCERTAINTY_MEASURE_WITH_UNIT (LENGTH_MEASURE( 1.000000000000000082E-05 ), #1751, 'distance_accuracy_value', 'NONE');
#2156 = EDGE_CURVE ( 'NONE', #3275, #553, #1652, .T. ) ;
#2157 = CARTESIAN_POINT ( 'NONE',  ( 449.9999999999999432, -57.00000000000005684, 580.0000000000000000 ) ) ;
#2158 = CARTESIAN_POINT ( 'NONE',  ( 412.0000000000000568, -131.4999999999999716, -461.9999999999999432 ) ) ;
#2159 = LINE ( 'NONE', #587, #57 ) ;
#2160 = CARTESIAN_POINT ( 'NONE',  ( 382.0000000000000000, 1.734723475976807094E-14, 533.9999999999998863 ) ) ;
#2161 = DIRECTION ( 'NONE',  ( -0.000000000000000000, -1.000000000000000000, -0.000000000000000000 ) ) ;
#2162 = CARTESIAN_POINT ( 'NONE',  ( 449.9999999999999432, 308.0000000000000568, 580.0000000000000000 ) ) ;
#2163 = ORIENTED_EDGE ( 'NONE', *, *, #3219, .T. ) ;
#2164 = VECTOR ( 'NONE', #1593, 1000.000000000000000 ) ;
#2165 = CALENDAR_DATE ( 2026, 9, 6 ) ;
#2166 = VERTEX_POINT ( 'NONE', #1687 ) ;
#2167 = EDGE_LOOP ( 'NONE', ( #3607, #2351, #3034, #1773 ) ) ;
#2168 = COORDINATED_UNIVERSAL_TIME_OFFSET ( 8, 0, .AHEAD. ) ;
#2169 = DIRECTION ( 'NONE',  ( -0.000000000000000000, 1.000000000000000000, -0.000000000000000000 ) ) ;
#2170 = DIRECTION ( 'NONE',  ( 1.000000000000000000, -1.210272192541958369E-16, -0.000000000000000000 ) ) ;
#2171 = AXIS2_PLACEMENT_3D ( 'NONE', #3033, #1668, #1967 ) ;
#2172 = ORIENTED_EDGE ( 'NONE', *, *, #2357, .F. ) ;
#2173 = FACE_BOUND ( 'NONE', #338, .T. ) ;
#2174 = CARTESIAN_POINT ( 'NONE',  ( -430.0000000000001705, -149.4999999999999147, -480.0000000000000000 ) ) ;
#2175 = CARTESIAN_POINT ( 'NONE',  ( -412.0000000000000568, 854.6965784932623365, -244.0000000000000000 ) ) ;
#2176 = AXIS2_PLACEMENT_3D ( 'NONE', #3371, #2788, #1964 ) ;
#2177 = ORIENTED_EDGE ( 'NONE', *, *, #1069, .T. ) ;
#2178 = DIRECTION ( 'NONE',  ( 0.000000000000000000, 0.000000000000000000, 1.000000000000000000 ) ) ;
#2179 = ORIENTED_EDGE ( 'NONE', *, *, #3556, .T. ) ;
#2180 = EDGE_CURVE ( 'NONE', #1908, #1190, #3513, .T. ) ;
#2181 = DIRECTION ( 'NONE',  ( 0.000000000000000000, -1.000000000000000000, 0.000000000000000000 ) ) ;
#2182 = DIRECTION ( 'NONE',  ( -1.000000000000000000, 0.000000000000000000, 0.000000000000000000 ) ) ;
#2183 = FACE_OUTER_BOUND ( 'NONE', #3597, .T. ) ;
#2184 = ORIENTED_EDGE ( 'NONE', *, *, #218, .T. ) ;
#2185 = AXIS2_PLACEMENT_3D ( 'NONE', #3293, #3322, #3046 ) ;
#2186 = EDGE_CURVE ( 'NONE', #2022, #3401, #2053, .T. ) ;
#2187 = PLANE ( 'NONE',  #1555 ) ;
#2188 = CIRCLE ( 'NONE', #2423, 90.00000000000002842 ) ;
#2189 = CARTESIAN_POINT ( 'NONE',  ( -432.0000000000000568, 290.0000000000000568, 533.9999999999998863 ) ) ;
#2190 = CARTESIAN_POINT ( 'NONE',  ( -380.0000000000001705, -380.0000000000000000, 42.99999999999995026 ) ) ;
#2191 = DIRECTION ( 'NONE',  ( 0.000000000000000000, 0.000000000000000000, 1.000000000000000000 ) ) ;
#2192 = CIRCLE ( 'NONE', #779, 10.00000000000000888 ) ;
#2193 = ADVANCED_FACE ( 'NONE', ( #2236 ), #3265, .F. ) ;
#2194 = CARTESIAN_POINT ( 'NONE',  ( 380.0000000000001705, -420.0000000000000000, 69.99999999999995737 ) ) ;
#2195 = VECTOR ( 'NONE', #3360, 1000.000000000000000 ) ;
#2196 = VERTEX_POINT ( 'NONE', #1317 ) ;
#2197 = EDGE_LOOP ( 'NONE', ( #2207, #1911, #1543, #1994 ) ) ;
#2198 = ORIENTED_EDGE ( 'NONE', *, *, #1807, .T. ) ;
#2199 = CYLINDRICAL_SURFACE ( 'NONE', #2105, 15.00000000000001421 ) ;
#2200 = DIRECTION ( 'NONE',  ( -0.000000000000000000, 1.000000000000000000, -0.000000000000000000 ) ) ;
#2201 = DIRECTION ( 'NONE',  ( -1.000000000000000000, 0.000000000000000000, -0.000000000000000000 ) ) ;
#2202 = CC_DESIGN_DATE_AND_TIME_ASSIGNMENT ( #1625, #2439, ( #330 ) ) ;
#2203 = AXIS2_PLACEMENT_3D ( 'NONE', #2433, #3512, #2452 ) ;
#2204 = ORIENTED_EDGE ( 'NONE', *, *, #2499, .T. ) ;
#2205 = EDGE_CURVE ( 'NONE', #32, #591, #2430, .T. ) ;
#2206 = AXIS2_PLACEMENT_3D ( 'NONE', #3, #1713, #598 ) ;
#2207 = ORIENTED_EDGE ( 'NONE', *, *, #1448, .F. ) ;
#2208 = ADVANCED_FACE ( 'NONE', ( #2695 ), #1921, .T. ) ;
#2209 = CARTESIAN_POINT ( 'NONE',  ( -450.0000000000000568, 365.0000000000000000, 580.0000000000000000 ) ) ;
#2210 = CARTESIAN_POINT ( 'NONE',  ( 449.9999999999999432, -47.00000000000006395, 562.0000000000000000 ) ) ;
#2211 = CONTEXT_DEPENDENT_SHAPE_REPRESENTATION ( #3000, #3402 ) ;
#2212 = VERTEX_POINT ( 'NONE', #2485 ) ;
#2213 = CARTESIAN_POINT ( 'NONE',  ( -450.0000000000000568, 341.5000000000000000, 612.2599999999998772 ) ) ;
#2214 = VERTEX_POINT ( 'NONE', #1022 ) ;
#2215 = PLANE ( 'NONE',  #2676 ) ;
#2216 = PERSON_AND_ORGANIZATION ( #2026, #1228 ) ;
#2217 = EDGE_LOOP ( 'NONE', ( #3511, #1654, #987, #1801 ) ) ;
#2218 = ORIENTED_EDGE ( 'NONE', *, *, #3257, .F. ) ;
#2219 = DIRECTION ( 'NONE',  ( 0.000000000000000000, 0.000000000000000000, -1.000000000000000000 ) ) ;
#2220 = ORIENTED_EDGE ( 'NONE', *, *, #1282, .F. ) ;
#2221 = ORIENTED_EDGE ( 'NONE', *, *, #3029, .F. ) ;
#2222 = CARTESIAN_POINT ( 'NONE',  ( 449.9999999999999432, 365.0000000000000000, 0.000000000000000000 ) ) ;
#2223 = CARTESIAN_POINT ( 'NONE',  ( 449.9999999999999432, -57.00000000000005684, 580.0000000000000000 ) ) ;
#2224 = AXIS2_PLACEMENT_3D ( 'NONE', #2015, #2318, #3151 ) ;
#2225 = LINE ( 'NONE', #2410, #801 ) ;
#2226 = AXIS2_PLACEMENT_3D ( 'NONE', #2086, #3484, #1244 ) ;
#2227 = APPROVAL_STATUS ( 'not_yet_approved' ) ;
#2228 = DIRECTION ( 'NONE',  ( -1.000000000000000000, 0.000000000000000000, -0.000000000000000000 ) ) ;
#2229 = ORIENTED_EDGE ( 'NONE', *, *, #149, .T. ) ;
#2230 = ADVANCED_FACE ( 'NONE', ( #524 ), #1892, .F. ) ;
#2231 = CIRCLE ( 'NONE', #3606, 20.00000000000001776 ) ;
#2232 = VECTOR ( 'NONE', #2134, 1000.000000000000000 ) ;
#2233 = VERTEX_POINT ( 'NONE', #1057 ) ;
#2234 = CARTESIAN_POINT ( 'NONE',  ( 380.0000000000001705, -380.0000000000000000, 510.0000000000000000 ) ) ;
#2235 = ORIENTED_EDGE ( 'NONE', *, *, #825, .F. ) ;
#2236 = FACE_OUTER_BOUND ( 'NONE', #588, .T. ) ;
#2237 = DIRECTION ( 'NONE',  ( 1.000000000000000000, 0.000000000000000000, 0.000000000000000000 ) ) ;
#2238 = LINE ( 'NONE', #1219, #1155 ) ;
#2239 = DIRECTION ( 'NONE',  ( 0.000000000000000000, 0.000000000000000000, -1.000000000000000000 ) ) ;
#2240 = EDGE_LOOP ( 'NONE', ( #1271, #2927, #2135, #2362 ) ) ;
#2241 = EDGE_CURVE ( 'NONE', #769, #2534, #2568, .T. ) ;
#2242 = CARTESIAN_POINT ( 'NONE',  ( 431.9999999999999432, -347.0000000000000000, -0.000000000000000000 ) ) ;
#2243 = CIRCLE ( 'NONE', #1, 109.9999999999999858 ) ;
#2244 = CARTESIAN_POINT ( 'NONE',  ( 449.9999999999999432, 290.0000000000000568, 580.0000000000000000 ) ) ;
#2245 = ORIENTED_EDGE ( 'NONE', *, *, #2904, .F. ) ;
#2246 = LINE ( 'NONE', #586, #362 ) ;
#2247 = CARTESIAN_POINT ( 'NONE',  ( 382.0000000000000000, -5.898059818321144121E-14, 533.9999999999998863 ) ) ;
#2248 = CARTESIAN_POINT ( 'NONE',  ( 380.0000000000001705, -365.0000000000000000, 42.99999999999995026 ) ) ;
#2249 = SECURITY_CLASSIFICATION_LEVEL ( 'unclassified' ) ;
#2250 = DIRECTION ( 'NONE',  ( 3.083952846180990774E-16, -1.000000000000000000, -0.000000000000000000 ) ) ;
#2251 = DIRECTION ( 'NONE',  ( 1.000000000000000000, 0.000000000000000000, 0.000000000000000000 ) ) ;
#2252 = AXIS2_PLACEMENT_3D ( 'NONE', #2969, #2885, #699 ) ;
#2253 = CIRCLE ( 'NONE', #3529, 25.00000000000002132 ) ;
#2254 = CARTESIAN_POINT ( 'NONE',  ( 380.0000000000001705, -380.0000000000000000, 69.99999999999995737 ) ) ;
#2255 = AXIS2_PLACEMENT_3D ( 'NONE', #1620, #1739, #3156 ) ;
#2256 = VERTEX_POINT ( 'NONE', #2498 ) ;
#2257 = EDGE_CURVE ( 'NONE', #1458, #1389, #1201, .T. ) ;
#2258 = APPROVAL_DATE_TIME ( #3362, #2108 ) ;
#2259 = CARTESIAN_POINT ( 'NONE',  ( -382.0000000000000000, 18.00000000000001421, 99.99999999999987210 ) ) ;
#2260 = ORIENTED_EDGE ( 'NONE', *, *, #629, .F. ) ;
#2261 = CARTESIAN_POINT ( 'NONE',  ( 215.0000000000000284, 365.0000000000000000, 147.9999999999999716 ) ) ;
#2262 = DIRECTION ( 'NONE',  ( 0.000000000000000000, 0.000000000000000000, -1.000000000000000000 ) ) ;
#2263 = EDGE_LOOP ( 'NONE', ( #608, #3320, #741, #201 ) ) ;
#2264 = CALENDAR_DATE ( 2026, 9, 6 ) ;
#2265 = PLANE ( 'NONE',  #2613 ) ;
#2266 = ORIENTED_EDGE ( 'NONE', *, *, #523, .F. ) ;
#2267 = ORIENTED_EDGE ( 'NONE', *, *, #2923, .F. ) ;
#2268 = CYLINDRICAL_SURFACE ( 'NONE', #1936, 25.00000000000002132 ) ;
#2269 = ADVANCED_FACE ( 'NONE', ( #2959 ), #3137, .T. ) ;
#2270 = ORIENTED_EDGE ( 'NONE', *, *, #18, .T. ) ;
#2271 = AXIS2_PLACEMENT_3D ( 'NONE', #19, #2853, #3155 ) ;
#2272 = DIRECTION ( 'NONE',  ( 0.000000000000000000, 0.000000000000000000, -1.000000000000000000 ) ) ;
#2273 = LINE ( 'NONE', #2551, #1330 ) ;
#2274 = CC_DESIGN_PERSON_AND_ORGANIZATION_ASSIGNMENT ( #3412, #3316, ( #330 ) ) ;
#2275 = ORIENTED_EDGE ( 'NONE', *, *, #441, .F. ) ;
#2276 = CARTESIAN_POINT ( 'NONE',  ( 382.0000000000000000, 1.734723475976807094E-14, 580.0000000000000000 ) ) ;
#2277 = DIRECTION ( 'NONE',  ( -0.000000000000000000, -1.000000000000000000, -0.000000000000000000 ) ) ;
#2278 = CYLINDRICAL_SURFACE ( 'NONE', #1537, 109.9999999999999858 ) ;
#2279 = ORIENTED_EDGE ( 'NONE', *, *, #113, .T. ) ;
#2280 = EDGE_CURVE ( 'NONE', #146, #32, #1788, .T. ) ;
#2281 = EDGE_CURVE ( 'NONE', #2767, #2735, #2142, .T. ) ;
#2282 = DIRECTION ( 'NONE',  ( -1.000000000000000000, 1.290957005378088582E-16, 0.000000000000000000 ) ) ;
#2283 = DIRECTION ( 'NONE',  ( 0.000000000000000000, -1.239088197126289831E-16, -1.000000000000000000 ) ) ;
#2284 = VECTOR ( 'NONE', #3284, 1000.000000000000000 ) ;
#2285 = PLANE ( 'NONE',  #642 ) ;
#2286 = CIRCLE ( 'NONE', #697, 10.00000000000000888 ) ;
#2287 = ADVANCED_FACE ( 'NONE', ( #425 ), #1040, .F. ) ;
#2288 = DIRECTION ( 'NONE',  ( 0.000000000000000000, 1.000000000000000000, 0.000000000000000000 ) ) ;
#2289 = PLANE ( 'NONE',  #2697 ) ;
#2290 = DIRECTION ( 'NONE',  ( 0.000000000000000000, 0.000000000000000000, 1.000000000000000000 ) ) ;
#2291 = CARTESIAN_POINT ( 'NONE',  ( -214.9999999999999716, 375.0000000000000000, 368.0000000000000000 ) ) ;
#2292 = ORIENTED_EDGE ( 'NONE', *, *, #2860, .F. ) ;
#2293 = VECTOR ( 'NONE', #2328, 1000.000000000000000 ) ;
#2294 = DIRECTION ( 'NONE',  ( -0.000000000000000000, -1.000000000000000000, -0.000000000000000000 ) ) ;
#2295 = EDGE_LOOP ( 'NONE', ( #3072, #903, #2130, #2337 ) ) ;
#2296 = CARTESIAN_POINT ( 'NONE',  ( 449.9999999999999432, -365.0000000000000000, 580.0000000000000000 ) ) ;
#2297 = VECTOR ( 'NONE', #3216, 1000.000000000000000 ) ;
#2298 = CARTESIAN_POINT ( 'NONE',  ( -380.0000000000001705, -435.0000000000000000, 69.99999999999995737 ) ) ;
#2299 = AXIS2_PLACEMENT_3D ( 'NONE', #1326, #1030, #2720 ) ;
#2300 = DIRECTION ( 'NONE',  ( 0.000000000000000000, 0.000000000000000000, 1.000000000000000000 ) ) ;
#2301 = ORGANIZATION ( 'NAUO-ORG3', 'UNSPECIFIED', 'UNSPECIFIED' ) ;
#2302 = DIRECTION ( 'NONE',  ( -2.403080139881291685E-16, -0.000000000000000000, -1.000000000000000000 ) ) ;
#2303 = ORIENTED_EDGE ( 'NONE', *, *, #1125, .F. ) ;
#2304 = ADVANCED_FACE ( 'NONE', ( #1059, #1517 ), #191, .F. ) ;
#2305 = ORIENTED_EDGE ( 'NONE', *, *, #1680, .T. ) ;
#2306 = APPROVAL_PERSON_ORGANIZATION ( #558, #1092, #1531 ) ;
#2307 = EDGE_LOOP ( 'NONE', ( #1952, #2845 ) ) ;
#2308 = DIRECTION ( 'NONE',  ( 0.000000000000000000, -0.000000000000000000, 1.000000000000000000 ) ) ;
#2309 = CARTESIAN_POINT ( 'NONE',  ( 215.0000000000000284, 375.0000000000000000, 257.9999999999999432 ) ) ;
#2310 = VERTEX_POINT ( 'NONE', #780 ) ;
#2311 = EDGE_LOOP ( 'NONE', ( #2120, #2944 ) ) ;
#2312 = DIRECTION ( 'NONE',  ( -1.000000000000000000, 0.000000000000000000, -0.000000000000000000 ) ) ;
#2313 = ORIENTED_EDGE ( 'NONE', *, *, #3187, .T. ) ;
#2314 = LINE ( 'NONE', #1541, #2605 ) ;
#2315 = ADVANCED_FACE ( 'NONE', ( #168, #701 ), #2764, .F. ) ;
#2316 = CC_DESIGN_DATE_AND_TIME_ASSIGNMENT ( #455, #1403, ( #1166 ) ) ;
#2317 = VECTOR ( 'NONE', #1709, 1000.000000000000000 ) ;
#2318 = DIRECTION ( 'NONE',  ( 0.000000000000000000, -1.000000000000000000, 0.000000000000000000 ) ) ;
#2319 = CARTESIAN_POINT ( 'NONE',  ( -432.0000000000000568, 347.0000000000000000, 0.000000000000000000 ) ) ;
#2320 = CARTESIAN_POINT ( 'NONE',  ( -412.0000000000000568, -131.4999999999999716, 0.000000000000000000 ) ) ;
#2321 = CARTESIAN_POINT ( 'NONE',  ( -432.0000000000000568, 1.734723475976807094E-14, 579.9999999999998863 ) ) ;
#2322 = AXIS2_PLACEMENT_3D ( 'NONE', #978, #2666, #1821 ) ;
#2323 = LINE ( 'NONE', #3188, #1655 ) ;
#2324 = EDGE_CURVE ( 'NONE', #1280, #3119, #1973, .T. ) ;
#2325 = CARTESIAN_POINT ( 'NONE',  ( 430.0000000000001137, 30.49999999999997868, -480.0000000000000000 ) ) ;
#2326 = EDGE_CURVE ( 'NONE', #2819, #2032, #2394, .T. ) ;
#2327 = VECTOR ( 'NONE', #2170, 1000.000000000000000 ) ;
#2328 = DIRECTION ( 'NONE',  ( -2.312964634635742957E-16, -0.000000000000000000, 1.000000000000000000 ) ) ;
#2329 = ORIENTED_EDGE ( 'NONE', *, *, #2205, .F. ) ;
#2330 = ORIENTED_EDGE ( 'NONE', *, *, #2344, .F. ) ;
#2331 = VECTOR ( 'NONE', #309, 1000.000000000000000 ) ;
#2332 = DIRECTION ( 'NONE',  ( -2.403080139881291685E-16, -0.000000000000000000, -1.000000000000000000 ) ) ;
#2333 = DIRECTION ( 'NONE',  ( 0.000000000000000000, -1.000000000000000000, 0.000000000000000000 ) ) ;
#2334 = DIRECTION ( 'NONE',  ( 0.000000000000000000, 0.000000000000000000, -1.000000000000000000 ) ) ;
#2335 = ADVANCED_FACE ( 'NONE', ( #3091, #42 ), #816, .T. ) ;
#2336 = CARTESIAN_POINT ( 'NONE',  ( 449.9999999999999432, 308.0000000000000568, 562.0000000000000000 ) ) ;
#2337 = ORIENTED_EDGE ( 'NONE', *, *, #30, .T. ) ;
#2338 = APPROVAL_PERSON_ORGANIZATION ( #2216, #1552, #1049 ) ;
#2339 = CARTESIAN_POINT ( 'NONE',  ( -449.9999999999999432, -167.5000000000000000, 0.000000000000000000 ) ) ;
#2340 = VERTEX_POINT ( 'NONE', #2556 ) ;
#2341 = EDGE_CURVE ( 'NONE', #693, #2421, #3344, .T. ) ;
#2342 = ORIENTED_EDGE ( 'NONE', *, *, #1707, .T. ) ;
#2343 = ORIENTED_EDGE ( 'NONE', *, *, #935, .T. ) ;
#2344 = EDGE_CURVE ( 'NONE', #3439, #499, #3049, .T. ) ;
#2345 = LINE ( 'NONE', #2985, #1732 ) ;
#2346 = MECHANICAL_CONTEXT ( 'NONE', #2127, 'mechanical' ) ;
#2347 = ORIENTED_EDGE ( 'NONE', *, *, #3448, .F. ) ;
#2348 = CARTESIAN_POINT ( 'NONE',  ( 449.9999999999999432, -365.0000000000000000, 0.000000000000000000 ) ) ;
#2349 = DIRECTION ( 'NONE',  ( 1.000000000000000000, -0.000000000000000000, -0.000000000000000000 ) ) ;
#2350 = FACE_BOUND ( 'NONE', #205, .T. ) ;
#2351 = ORIENTED_EDGE ( 'NONE', *, *, #1986, .F. ) ;
#2352 = AXIS2_PLACEMENT_3D ( 'NONE', #1764, #33, #1491 ) ;
#2353 = LINE ( 'NONE', #2823, #2790 ) ;
#2354 = EDGE_LOOP ( 'NONE', ( #1231, #355 ) ) ;
#2355 = DIRECTION ( 'NONE',  ( -1.000000000000000000, -3.083952846180990774E-16, 0.000000000000000000 ) ) ;
#2356 = FACE_OUTER_BOUND ( 'NONE', #3492, .T. ) ;
#2357 = EDGE_CURVE ( 'NONE', #3010, #108, #1106, .T. ) ;
#2358 = LINE ( 'NONE', #887, #433 ) ;
#2359 = PLANE ( 'NONE',  #306 ) ;
#2360 = DIRECTION ( 'NONE',  ( -0.000000000000000000, 1.000000000000000000, -0.000000000000000000 ) ) ;
#2361 = CARTESIAN_POINT ( 'NONE',  ( -382.0000000000000000, 1.734723475976807094E-14, 533.9999999999998863 ) ) ;
#2362 = ORIENTED_EDGE ( 'NONE', *, *, #511, .T. ) ;
#2363 = CARTESIAN_POINT ( 'NONE',  ( 380.0000000000001705, -435.0000000000000000, 94.99999999999995737 ) ) ;
#2364 = VECTOR ( 'NONE', #1472, 1000.000000000000000 ) ;
#2365 = APPROVAL_ROLE ( '' ) ;
#2366 = PLANE ( 'NONE',  #1735 ) ;
#2367 = ORIENTED_EDGE ( 'NONE', *, *, #981, .T. ) ;
#2368 = CARTESIAN_POINT ( 'NONE',  ( -380.0000000000001705, -435.0000000000000000, 44.99999999999994316 ) ) ;
#2369 = SHAPE_REPRESENTATION ( '地柜11-柜体_地柜11-柜体', ( #1796 ), #3168 ) ;
#2370 = DIRECTION ( 'NONE',  ( 0.000000000000000000, -1.000000000000000000, 0.000000000000000000 ) ) ;
#2371 = VECTOR ( 'NONE', #3139, 1000.000000000000000 ) ;
#2372 = VERTEX_POINT ( 'NONE', #2791 ) ;
#2373 = VERTEX_POINT ( 'NONE', #3628 ) ;
#2374 = SECURITY_CLASSIFICATION ( '', '', #1224 ) ;
#2375 = APPROVAL_DATE_TIME ( #61, #1552 ) ;
#2376 = AXIS2_PLACEMENT_3D ( 'NONE', #2704, #1926, #751 ) ;
#2377 = ADVANCED_FACE ( 'NONE', ( #832 ), #2278, .T. ) ;
#2378 = ORIENTED_EDGE ( 'NONE', *, *, #311, .T. ) ;
#2379 = ORIENTED_EDGE ( 'NONE', *, *, #1737, .T. ) ;
#2380 = LINE ( 'NONE', #1011, #2083 ) ;
#2381 = EDGE_CURVE ( 'NONE', #70, #1226, #877, .T. ) ;
#2382 = PLANE ( 'NONE',  #65 ) ;
#2383 = EDGE_LOOP ( 'NONE', ( #278, #3308, #2725, #1131 ) ) ;
#2384 = CARTESIAN_POINT ( 'NONE',  ( -412.0000000000000568, 30.50000000000003197, -461.9999999999999432 ) ) ;
#2385 = ORIENTED_EDGE ( 'NONE', *, *, #3448, .T. ) ;
#2386 = DIRECTION ( 'NONE',  ( -0.000000000000000000, 1.000000000000000000, -0.000000000000000000 ) ) ;
#2387 = ORIENTED_EDGE ( 'NONE', *, *, #890, .T. ) ;
#2388 = EDGE_CURVE ( 'NONE', #3279, #1458, #2998, .T. ) ;
#2389 = VECTOR ( 'NONE', #1341, 1000.000000000000000 ) ;
#2390 = LINE ( 'NONE', #94, #2004 ) ;
#2391 = EDGE_LOOP ( 'NONE', ( #1158, #101 ) ) ;
#2392 = DIRECTION ( 'NONE',  ( 0.000000000000000000, 0.000000000000000000, -1.000000000000000000 ) ) ;
#2393 = ORIENTED_EDGE ( 'NONE', *, *, #1787, .F. ) ;
#2394 = CIRCLE ( 'NONE', #1347, 20.00000000000001776 ) ;
#2395 = ORIENTED_EDGE ( 'NONE', *, *, #742, .F. ) ;
#2396 = AXIS2_PLACEMENT_3D ( 'NONE', #1218, #430, #2084 ) ;
#2397 = ORIENTED_EDGE ( 'NONE', *, *, #2047, .F. ) ;
#2398 = DIRECTION ( 'NONE',  ( 0.000000000000000000, 0.000000000000000000, 1.000000000000000000 ) ) ;
#2399 = VECTOR ( 'NONE', #1515, 1000.000000000000000 ) ;
#2400 = EDGE_LOOP ( 'NONE', ( #2779, #941, #371, #1047 ) ) ;
#2401 = VECTOR ( 'NONE', #2595, 1000.000000000000000 ) ;
#2402 = CARTESIAN_POINT ( 'NONE',  ( 109.6456385958148871, -131.4999999999999716, -244.0000000000000284 ) ) ;
#2403 = CARTESIAN_POINT ( 'NONE',  ( -380.0000000000001705, -420.0000000000000000, 89.99999999999997158 ) ) ;
#2404 = EDGE_LOOP ( 'NONE', ( #2343, #510, #855, #3345 ) ) ;
#2405 = VECTOR ( 'NONE', #530, 1000.000000000000000 ) ;
#2406 = CARTESIAN_POINT ( 'NONE',  ( 127.6456385958149582, 30.50000000000001776, 0.000000000000000000 ) ) ;
#2407 = DIRECTION ( 'NONE',  ( -0.000000000000000000, -0.000000000000000000, -1.000000000000000000 ) ) ;
#2408 = DIRECTION ( 'NONE',  ( 0.000000000000000000, 0.000000000000000000, -1.000000000000000000 ) ) ;
#2409 = ORIENTED_EDGE ( 'NONE', *, *, #2789, .T. ) ;
#2410 = CARTESIAN_POINT ( 'NONE',  ( -380.0000000000001705, -420.0000000000000000, 530.0000000000000000 ) ) ;
#2411 = PLANE ( 'NONE',  #1859 ) ;
#2412 = AXIS2_PLACEMENT_3D ( 'NONE', #949, #2929, #1536 ) ;
#2413 = LOCAL_TIME ( 10, 19, 48.00000000000000000, #3028 ) ;
#2414 = VERTEX_POINT ( 'NONE', #1122 ) ;
#2415 = CARTESIAN_POINT ( 'NONE',  ( -380.0000000000001705, -380.0000000000000000, 69.99999999999995737 ) ) ;
#2416 = CARTESIAN_POINT ( 'NONE',  ( 215.0000000000000284, 365.0000000000000000, 257.9999999999999432 ) ) ;
#2417 = ORIENTED_EDGE ( 'NONE', *, *, #3232, .T. ) ;
#2418 = AXIS2_PLACEMENT_3D ( 'NONE', #3398, #3163, #2050 ) ;
#2419 = LOCAL_TIME ( 10, 19, 48.00000000000000000, #3240 ) ;
#2420 = EDGE_CURVE ( 'NONE', #3140, #3539, #2314, .T. ) ;
#2421 = VERTEX_POINT ( 'NONE', #1704 ) ;
#2422 = DIRECTION ( 'NONE',  ( -0.000000000000000000, -1.000000000000000000, -0.000000000000000000 ) ) ;
#2423 = AXIS2_PLACEMENT_3D ( 'NONE', #3528, #2732, #1850 ) ;
#2424 = CARTESIAN_POINT ( 'NONE',  ( -380.0000000000001705, -420.0000000000000000, 490.0000000000000000 ) ) ;
#2425 = DIRECTION ( 'NONE',  ( 0.000000000000000000, -1.000000000000000000, 0.000000000000000000 ) ) ;
#2426 = CARTESIAN_POINT ( 'NONE',  ( 109.6456385958147735, -131.4999999999999716, -244.0000000000000000 ) ) ;
#2427 = DIRECTION ( 'NONE',  ( 0.000000000000000000, -0.000000000000000000, 1.000000000000000000 ) ) ;
#2428 = FACE_OUTER_BOUND ( 'NONE', #680, .T. ) ;
#2429 = ORIENTED_EDGE ( 'NONE', *, *, #2066, .T. ) ;
#2430 = LINE ( 'NONE', #3586, #3252 ) ;
#2431 = ORIENTED_EDGE ( 'NONE', *, *, #2597, .F. ) ;
#2432 = FACE_OUTER_BOUND ( 'NONE', #1383, .T. ) ;
#2433 = CARTESIAN_POINT ( 'NONE',  ( 0.000000000000000000, 1.734723475976807094E-14, 0.000000000000000000 ) ) ;
#2434 = DIRECTION ( 'NONE',  ( 0.000000000000000000, -1.000000000000000000, 0.000000000000000000 ) ) ;
#2435 = DIRECTION ( 'NONE',  ( -0.000000000000000000, 1.000000000000000000, -0.000000000000000000 ) ) ;
#2436 = ORIENTED_EDGE ( 'NONE', *, *, #451, .F. ) ;
#2437 = LINE ( 'NONE', #2643, #3186 ) ;
#2438 = AXIS2_PLACEMENT_3D ( 'NONE', #1482, #53, #3391 ) ;
#2439 = DATE_TIME_ROLE ( 'classification_date' ) ;
#2440 = CARTESIAN_POINT ( 'NONE',  ( 35.00000000000006395, 397.0000000000000000, 492.0000000000000000 ) ) ;
#2441 = AXIS2_PLACEMENT_3D ( 'NONE', #2060, #3248, #1789 ) ;
#2442 = CARTESIAN_POINT ( 'NONE',  ( -450.0000000000000568, -365.0000000000000000, 0.000000000000000000 ) ) ;
#2443 = DIRECTION ( 'NONE',  ( -1.000000000000000000, -0.000000000000000000, -0.000000000000000000 ) ) ;
#2444 = CC_DESIGN_PERSON_AND_ORGANIZATION_ASSIGNMENT ( #910, #1504, ( #2374 ) ) ;
#2445 = ORIENTED_EDGE ( 'NONE', *, *, #3011, .F. ) ;
#2446 = LINE ( 'NONE', #848, #713 ) ;
#2447 = DIRECTION ( 'NONE',  ( 1.000000000000000000, 0.000000000000000000, 0.000000000000000000 ) ) ;
#2448 = EDGE_CURVE ( 'NONE', #2966, #1723, #3218, .T. ) ;
#2449 = DIRECTION ( 'NONE',  ( -1.000000000000000000, 0.000000000000000000, -0.000000000000000000 ) ) ;
#2450 = EDGE_CURVE ( 'NONE', #2534, #913, #2390, .T. ) ;
#2451 = ORIENTED_EDGE ( 'NONE', *, *, #1522, .F. ) ;
#2452 = DIRECTION ( 'NONE',  ( 0.000000000000000000, -0.000000000000000000, 1.000000000000000000 ) ) ;
#2453 = ADVANCED_FACE ( 'NONE', ( #1434 ), #692, .F. ) ;
#2454 = PLANE ( 'NONE',  #2376 ) ;
#2455 = EDGE_CURVE ( 'NONE', #2610, #10, #2815, .T. ) ;
#2456 = CARTESIAN_POINT ( 'NONE',  ( -34.99999999999994316, 365.0000000000000000, 507.0000000000000000 ) ) ;
#2457 = CARTESIAN_POINT ( 'NONE',  ( -214.9999999999999716, 375.0000000000000000, 258.0000000000000000 ) ) ;
#2458 = FACE_OUTER_BOUND ( 'NONE', #302, .T. ) ;
#2459 = EDGE_CURVE ( 'NONE', #2373, #1692, #1828, .T. ) ;
#2460 = ORIENTED_EDGE ( 'NONE', *, *, #1328, .T. ) ;
#2461 = DIRECTION ( 'NONE',  ( -0.000000000000000000, 1.000000000000000000, -0.000000000000000000 ) ) ;
#2462 = ORIENTED_EDGE ( 'NONE', *, *, #2326, .T. ) ;
#2463 = APPROVAL_DATE_TIME ( #988, #1312 ) ;
#2464 = AXIS2_PLACEMENT_3D ( 'NONE', #16, #3385, #3081 ) ;
#2465 = ORIENTED_EDGE ( 'NONE', *, *, #1818, .F. ) ;
#2466 = DIRECTION ( 'NONE',  ( 0.000000000000000000, 0.000000000000000000, 1.000000000000000000 ) ) ;
#2467 = DIRECTION ( 'NONE',  ( 0.000000000000000000, 0.000000000000000000, -1.000000000000000000 ) ) ;
#2468 = AXIS2_PLACEMENT_3D ( 'NONE', #885, #1477, #47 ) ;
#2469 = EDGE_LOOP ( 'NONE', ( #2880, #2067, #427, #3417 ) ) ;
#2470 = CARTESIAN_POINT ( 'NONE',  ( -450.0000000000000568, 365.0000000000000568, 612.2599999999998772 ) ) ;
#2471 = AXIS2_PLACEMENT_3D ( 'NONE', #824, #2760, #1970 ) ;
#2472 = AXIS2_PLACEMENT_3D ( 'NONE', #2809, #3086, #833 ) ;
#2473 = EDGE_LOOP ( 'NONE', ( #2627, #3115, #2910, #2889 ) ) ;
#2474 = AXIS2_PLACEMENT_3D ( 'NONE', #754, #1887, #1873 ) ;
#2475 = EDGE_CURVE ( 'NONE', #770, #1635, #2833, .T. ) ;
#2476 = CARTESIAN_POINT ( 'NONE',  ( -380.0000000000001705, -435.0000000000000000, 94.99999999999995737 ) ) ;
#2477 = ORIENTED_EDGE ( 'NONE', *, *, #3219, .F. ) ;
#2478 = DIRECTION ( 'NONE',  ( -0.000000000000000000, -1.000000000000000000, -0.000000000000000000 ) ) ;
#2479 = CARTESIAN_POINT ( 'NONE',  ( 430.0000000000001705, -149.5000000000000284, -0.000000000000000000 ) ) ;
#2480 = LINE ( 'NONE', #3260, #1055 ) ;
#2481 = PLANE ( 'NONE',  #2957 ) ;
#2482 = EDGE_CURVE ( 'NONE', #2214, #3410, #2188, .T. ) ;
#2483 = CYLINDRICAL_SURFACE ( 'NONE', #26, 10.00000000000000888 ) ;
#2484 = ORIENTED_EDGE ( 'NONE', *, *, #1874, .T. ) ;
#2485 = CARTESIAN_POINT ( 'NONE',  ( -450.0000000000000568, 341.5000000000000000, 551.9999999999998863 ) ) ;
#2486 = CYLINDRICAL_SURFACE ( 'NONE', #3271, 26.99999999999999645 ) ;
#2487 = DIRECTION ( 'NONE',  ( -0.000000000000000000, 1.000000000000000000, -0.000000000000000000 ) ) ;
#2488 = EDGE_CURVE ( 'NONE', #171, #1979, #2094, .T. ) ;
#2489 = AXIS2_PLACEMENT_3D ( 'NONE', #2158, #3249, #432 ) ;
#2490 = AXIS2_PLACEMENT_3D ( 'NONE', #1414, #809, #2795 ) ;
#2491 = DIRECTION ( 'NONE',  ( -0.000000000000000000, 1.000000000000000000, -0.000000000000000000 ) ) ;
#2492 = EDGE_LOOP ( 'NONE', ( #1032, #1415, #3237, #2163 ) ) ;
#2493 = LINE ( 'NONE', #2368, #486 ) ;
#2494 = DIRECTION ( 'NONE',  ( -0.000000000000000000, -1.000000000000000000, -0.000000000000000000 ) ) ;
#2495 = APPROVAL ( #390, '未指定' ) ;
#2496 = ORIENTED_EDGE ( 'NONE', *, *, #890, .F. ) ;
#2497 = FACE_OUTER_BOUND ( 'NONE', #1711, .T. ) ;
#2498 = CARTESIAN_POINT ( 'NONE',  ( -380.0000000000001705, -435.0000000000000000, 94.99999999999995737 ) ) ;
#2499 = EDGE_CURVE ( 'NONE', #693, #1351, #3342, .T. ) ;
#2500 = LINE ( 'NONE', #1535, #240 ) ;
#2501 = DIRECTION ( 'NONE',  ( 0.000000000000000000, -1.000000000000000000, 0.000000000000000000 ) ) ;
#2502 = PLANE ( 'NONE',  #3491 ) ;
#2503 = EDGE_CURVE ( 'NONE', #412, #2212, #2480, .T. ) ;
#2504 = ORIENTED_EDGE ( 'NONE', *, *, #1901, .F. ) ;
#2505 = DIRECTION ( 'NONE',  ( 0.000000000000000000, 0.000000000000000000, -1.000000000000000000 ) ) ;
#2506 = DIRECTION ( 'NONE',  ( 0.000000000000000000, 0.000000000000000000, 1.000000000000000000 ) ) ;
#2507 = LOCAL_TIME ( 10, 19, 48.00000000000000000, #1035 ) ;
#2508 = CARTESIAN_POINT ( 'NONE',  ( -34.99999999999994316, 397.0000000000000000, 507.0000000000000000 ) ) ;
#2509 = EDGE_LOOP ( 'NONE', ( #2866, #3431 ) ) ;
#2510 = ADVANCED_FACE ( 'NONE', ( #521 ), #1336, .T. ) ;
#2511 = ORIENTED_EDGE ( 'NONE', *, *, #533, .T. ) ;
#2512 = CALENDAR_DATE ( 2026, 9, 6 ) ;
#2513 = ORIENTED_EDGE ( 'NONE', *, *, #1492, .F. ) ;
#2514 = VERTEX_POINT ( 'NONE', #450 ) ;
#2515 = LINE ( 'NONE', #162, #1423 ) ;
#2516 = DIRECTION ( 'NONE',  ( -0.000000000000000000, -1.000000000000000000, -0.000000000000000000 ) ) ;
#2517 = AXIS2_PLACEMENT_3D ( 'NONE', #286, #2838, #2038 ) ;
#2518 = VERTEX_POINT ( 'NONE', #2190 ) ;
#2519 = DIRECTION ( 'NONE',  ( 0.000000000000000000, 0.000000000000000000, -1.000000000000000000 ) ) ;
#2520 = CARTESIAN_POINT ( 'NONE',  ( -432.0000000000000568, -347.0000000000000000, 2.000000000000000000 ) ) ;
#2521 = EDGE_CURVE ( 'NONE', #1784, #1727, #305, .T. ) ;
#2522 = CIRCLE ( 'NONE', #1195, 27.00000000000002487 ) ;
#2523 = DIRECTION ( 'NONE',  ( 0.000000000000000000, -0.000000000000000000, -1.000000000000000000 ) ) ;
#2524 = DIRECTION ( 'NONE',  ( 0.000000000000000000, -0.000000000000000000, -1.000000000000000000 ) ) ;
#2525 = LINE ( 'NONE', #1914, #349 ) ;
#2526 = CARTESIAN_POINT ( 'NONE',  ( 430.0000000000001705, -149.5000000000000284, -480.0000000000000000 ) ) ;
#2527 = ADVANCED_FACE ( 'NONE', ( #618 ), #2150, .F. ) ;
#2528 = DIRECTION ( 'NONE',  ( 0.000000000000000000, 0.000000000000000000, -1.000000000000000000 ) ) ;
#2529 = LINE ( 'NONE', #3594, #1923 ) ;
#2530 = CARTESIAN_POINT ( 'NONE',  ( 449.9999999999999432, -75.00000000000005684, 580.0000000000000000 ) ) ;
#2531 = FACE_OUTER_BOUND ( 'NONE', #202, .T. ) ;
#2532 = DIRECTION ( 'NONE',  ( 0.000000000000000000, -0.000000000000000000, -1.000000000000000000 ) ) ;
#2533 = EDGE_LOOP ( 'NONE', ( #1840, #1638, #3085, #857 ) ) ;
#2534 = VERTEX_POINT ( 'NONE', #2442 ) ;
#2535 = VECTOR ( 'NONE', #2072, 1000.000000000000000 ) ;
#2536 = AXIS2_PLACEMENT_3D ( 'NONE', #2814, #276, #1382 ) ;
#2537 = ORIENTED_EDGE ( 'NONE', *, *, #898, .T. ) ;
#2538 = VECTOR ( 'NONE', #738, 1000.000000000000000 ) ;
#2539 = CARTESIAN_POINT ( 'NONE',  ( -432.0000000000000568, 0.000000000000000000, 18.00000000000000000 ) ) ;
#2540 = CARTESIAN_POINT ( 'NONE',  ( -412.0000000000000568, 30.50000000000003197, -461.9999999999999432 ) ) ;
#2541 = EDGE_CURVE ( 'NONE', #1587, #1280, #1746, .T. ) ;
#2542 = CARTESIAN_POINT ( 'NONE',  ( 215.0000000000000284, 375.0000000000000000, 167.9999999999998863 ) ) ;
#2543 = ADVANCED_FACE ( 'NONE', ( #2737 ), #3299, .T. ) ;
#2544 = EDGE_CURVE ( 'NONE', #2372, #696, #1919, .T. ) ;
#2545 = CARTESIAN_POINT ( 'NONE',  ( 449.9999999999999432, 308.0000000000000568, 580.0000000000000000 ) ) ;
#2546 = APPROVAL_PERSON_ORGANIZATION ( #2675, #2108, #1380 ) ;
#2547 = VERTEX_POINT ( 'NONE', #1532 ) ;
#2548 = CARTESIAN_POINT ( 'NONE',  ( -450.0000000000000568, 307.9999999999998295, 580.0000000000000000 ) ) ;
#2549 = ORIENTED_EDGE ( 'NONE', *, *, #3643, .T. ) ;
#2550 = COORDINATED_UNIVERSAL_TIME_OFFSET ( 8, 0, .AHEAD. ) ;
#2551 = CARTESIAN_POINT ( 'NONE',  ( 380.0000000000001705, -435.0000000000000000, 535.0000000000000000 ) ) ;
#2552 = VERTEX_POINT ( 'NONE', #392 ) ;
#2553 = PLANE ( 'NONE',  #1942 ) ;
#2554 = ORIENTED_EDGE ( 'NONE', *, *, #480, .T. ) ;
#2555 = FACE_OUTER_BOUND ( 'NONE', #1695, .T. ) ;
#2556 = CARTESIAN_POINT ( 'NONE',  ( 35.00000000000006395, 397.0000000000000000, 477.0000000000000000 ) ) ;
#2557 = ORIENTED_EDGE ( 'NONE', *, *, #1008, .T. ) ;
#2558 = DIRECTION ( 'NONE',  ( 0.000000000000000000, 1.000000000000000000, 0.000000000000000000 ) ) ;
#2559 = ADVANCED_FACE ( 'NONE', ( #2784 ), #2366, .F. ) ;
#2560 = EDGE_CURVE ( 'NONE', #666, #485, #2649, .T. ) ;
#2561 = CC_DESIGN_DATE_AND_TIME_ASSIGNMENT ( #2080, #655, ( #2374 ) ) ;
#2562 = DIRECTION ( 'NONE',  ( -1.000000000000000000, 1.210272192541958369E-16, 0.000000000000000000 ) ) ;
#2563 = CARTESIAN_POINT ( 'NONE',  ( -380.0000000000001705, -435.0000000000000000, 485.0000000000000000 ) ) ;
#2564 = CIRCLE ( 'NONE', #3053, 26.99999999999999645 ) ;
#2565 = VECTOR ( 'NONE', #623, 1000.000000000000000 ) ;
#2566 = EDGE_LOOP ( 'NONE', ( #1102, #2098 ) ) ;
#2567 = ORIENTED_EDGE ( 'NONE', *, *, #1041, .F. ) ;
#2568 = LINE ( 'NONE', #1950, #3177 ) ;
#2569 = LINE ( 'NONE', #2175, #786 ) ;
#2570 = CARTESIAN_POINT ( 'NONE',  ( -380.0000000000001705, -420.0000000000000000, 535.0000000000000000 ) ) ;
#2571 = ORIENTED_EDGE ( 'NONE', *, *, #3030, .T. ) ;
#2572 = LINE ( 'NONE', #2162, #2841 ) ;
#2573 = DIRECTION ( 'NONE',  ( 0.000000000000000000, 0.000000000000000000, 1.000000000000000000 ) ) ;
#2574 = CARTESIAN_POINT ( 'NONE',  ( -214.9999999999999716, 365.0000000000000000, 348.0000000000000000 ) ) ;
#2575 = DIRECTION ( 'NONE',  ( 1.000000000000000000, 0.000000000000000000, 0.000000000000000000 ) ) ;
#2576 = PLANE ( 'NONE',  #2418 ) ;
#2577 = EDGE_LOOP ( 'NONE', ( #1592, #1179, #2229, #1290 ) ) ;
#2578 = CARTESIAN_POINT ( 'NONE',  ( 380.0000000000001705, -365.0000000000000000, 96.99999999999994316 ) ) ;
#2579 = FACE_OUTER_BOUND ( 'NONE', #893, .T. ) ;
#2580 = ADVANCED_FACE ( 'NONE', ( #966, #873 ), #3480, .F. ) ;
#2581 = ORIENTED_EDGE ( 'NONE', *, *, #458, .F. ) ;
#2582 = VECTOR ( 'NONE', #366, 1000.000000000000000 ) ;
#2583 = AXIS2_PLACEMENT_3D ( 'NONE', #2729, #1348, #2466 ) ;
#2584 = CARTESIAN_POINT ( 'NONE',  ( -214.9999999999999716, 365.0000000000000000, 258.0000000000000000 ) ) ;
#2585 = AXIS2_PLACEMENT_3D ( 'NONE', #3074, #2528, #808 ) ;
#2586 = FACE_OUTER_BOUND ( 'NONE', #934, .T. ) ;
#2587 = CARTESIAN_POINT ( 'NONE',  ( 382.0000000000000000, 18.00000000000001421, 580.0000000000000000 ) ) ;
#2588 = CARTESIAN_POINT ( 'NONE',  ( 449.9999999999999432, -365.0000000000000000, 580.0000000000000000 ) ) ;
#2589 = CARTESIAN_POINT ( 'NONE',  ( -34.99999999999994316, 397.0000000000000000, 507.0000000000000000 ) ) ;
#2590 = ORIENTED_EDGE ( 'NONE', *, *, #2936, .F. ) ;
#2591 = PERSON_AND_ORGANIZATION ( #2026, #1228 ) ;
#2592 = ORIENTED_EDGE ( 'NONE', *, *, #3187, .F. ) ;
#2593 = LOCAL_TIME ( 10, 19, 48.00000000000000000, #506 ) ;
#2594 = ADVANCED_FACE ( 'NONE', ( #1969, #1645 ), #683, .T. ) ;
#2595 = DIRECTION ( 'NONE',  ( 3.083952846180990774E-16, 1.000000000000000000, 0.000000000000000000 ) ) ;
#2596 = EDGE_LOOP ( 'NONE', ( #2755, #2436, #3220, #1338 ) ) ;
#2597 = EDGE_CURVE ( 'NONE', #804, #2765, #1386, .T. ) ;
#2598 = CYLINDRICAL_SURFACE ( 'NONE', #3460, 90.00000000000000000 ) ;
#2599 = CARTESIAN_POINT ( 'NONE',  ( -412.0000000000000568, -131.4999999999999716, -244.0000000000000000 ) ) ;
#2600 = DIRECTION ( 'NONE',  ( -0.000000000000000000, 1.000000000000000000, -0.000000000000000000 ) ) ;
#2601 = CARTESIAN_POINT ( 'NONE',  ( 431.9999999999999432, 347.0000000000000000, 18.00000000000000000 ) ) ;
#2602 = ORIENTED_EDGE ( 'NONE', *, *, #718, .T. ) ;
#2603 =( NAMED_UNIT ( * ) SI_UNIT ( $, .STERADIAN. ) SOLID_ANGLE_UNIT ( ) );
#2604 = ORIENTED_EDGE ( 'NONE', *, *, #1019, .F. ) ;
#2605 = VECTOR ( 'NONE', #3499, 1000.000000000000000 ) ;
#2606 = PLANE ( 'NONE',  #3508 ) ;
#2607 = CC_DESIGN_PERSON_AND_ORGANIZATION_ASSIGNMENT ( #2675, #3328, ( #1115 ) ) ;
#2608 = VECTOR ( 'NONE', #3615, 1000.000000000000000 ) ;
#2609 = DIRECTION ( 'NONE',  ( 0.000000000000000000, 0.000000000000000000, 1.000000000000000000 ) ) ;
#2610 = VERTEX_POINT ( 'NONE', #2152 ) ;
#2611 = VECTOR ( 'NONE', #2147, 1000.000000000000000 ) ;
#2612 = ADVANCED_FACE ( 'NONE', ( #2051 ), #2680, .F. ) ;
#2613 = AXIS2_PLACEMENT_3D ( 'NONE', #2530, #324, #1184 ) ;
#2614 = CARTESIAN_POINT ( 'NONE',  ( -450.0000000000000568, -365.0000000000000000, 580.0000000000000000 ) ) ;
#2615 = LINE ( 'NONE', #665, #1797 ) ;
#2616 = PLANE ( 'NONE',  #594 ) ;
#2617 = EDGE_LOOP ( 'NONE', ( #3488, #1659, #1689, #2046 ) ) ;
#2618 = LINE ( 'NONE', #1743, #1885 ) ;
#2619 = DIRECTION ( 'NONE',  ( -0.000000000000000000, 1.000000000000000000, -0.000000000000000000 ) ) ;
#2620 = DIRECTION ( 'NONE',  ( -0.000000000000000000, 1.000000000000000000, -0.000000000000000000 ) ) ;
#2621 = DIRECTION ( 'NONE',  ( 0.000000000000000000, -1.000000000000000000, 0.000000000000000000 ) ) ;
#2622 = ORIENTED_EDGE ( 'NONE', *, *, #742, .T. ) ;
#2623 = PERSON_AND_ORGANIZATION_ROLE ( 'design_owner' ) ;
#2624 =( GEOMETRIC_REPRESENTATION_CONTEXT ( 3 ) GLOBAL_UNCERTAINTY_ASSIGNED_CONTEXT ( ( #46 ) ) GLOBAL_UNIT_ASSIGNED_CONTEXT ( ( #2055, #3131, #342 ) ) REPRESENTATION_CONTEXT ( 'NONE', 'WORKASPACE' ) );
#2625 = AXIS2_PLACEMENT_3D ( 'NONE', #3579, #3311, #784 ) ;
#2626 = CC_DESIGN_PERSON_AND_ORGANIZATION_ASSIGNMENT ( #3368, #3464, ( #3229 ) ) ;
#2627 = ORIENTED_EDGE ( 'NONE', *, *, #1848, .F. ) ;
#2628 = APPROVAL_PERSON_ORGANIZATION ( #1223, #3192, #210 ) ;
#2629 = PLANE ( 'NONE',  #303 ) ;
#2630 = ORIENTED_EDGE ( 'NONE', *, *, #3591, .F. ) ;
#2631 = DIRECTION ( 'NONE',  ( 0.000000000000000000, -1.000000000000000000, 0.000000000000000000 ) ) ;
#2632 = ORIENTED_EDGE ( 'NONE', *, *, #1824, .F. ) ;
#2633 = DIRECTION ( 'NONE',  ( 0.000000000000000000, 0.000000000000000000, -1.000000000000000000 ) ) ;
#2634 = APPROVAL_DATE_TIME ( #2940, #543 ) ;
#2635 = ORIENTED_EDGE ( 'NONE', *, *, #2707, .F. ) ;
#2636 = DIRECTION ( 'NONE',  ( 0.000000000000000000, -1.000000000000000000, 0.000000000000000000 ) ) ;
#2637 = ORIENTED_EDGE ( 'NONE', *, *, #1628, .F. ) ;
#2638 = EDGE_CURVE ( 'NONE', #1963, #2256, #421, .T. ) ;
#2639 = FACE_OUTER_BOUND ( 'NONE', #3223, .T. ) ;
#2640 = ORIENTED_EDGE ( 'NONE', *, *, #2020, .T. ) ;
#2641 = EDGE_CURVE ( 'NONE', #3167, #2765, #1101, .T. ) ;
#2642 = CARTESIAN_POINT ( 'NONE',  ( 431.9999999999999432, 347.0000000000000000, 2.000000000000000000 ) ) ;
#2643 = CARTESIAN_POINT ( 'NONE',  ( -450.0000000000000568, -57.00000000000005684, 580.0000000000000000 ) ) ;
#2644 = VERTEX_POINT ( 'NONE', #1865 ) ;
#2645 = ORIENTED_EDGE ( 'NONE', *, *, #757, .F. ) ;
#2646 = CARTESIAN_POINT ( 'NONE',  ( 431.9999999999999432, -347.0000000000000000, 18.00000000000000000 ) ) ;
#2647 = AXIS2_PLACEMENT_3D ( 'NONE', #37, #2895, #3185 ) ;
#2648 = VECTOR ( 'NONE', #2494, 1000.000000000000000 ) ;
#2649 = CIRCLE ( 'NONE', #2322, 109.9999999999999858 ) ;
#2650 = APPLICATION_PROTOCOL_DEFINITION ( 'international standard', 'config_control_design', 1994, #363 ) ;
#2651 = EDGE_LOOP ( 'NONE', ( #861, #1045, #2082, #1028 ) ) ;
#2652 = AXIS2_PLACEMENT_3D ( 'NONE', #38, #1443, #1171 ) ;
#2653 = VECTOR ( 'NONE', #261, 1000.000000000000000 ) ;
#2654 = LINE ( 'NONE', #3581, #3044 ) ;
#2655 = EDGE_CURVE ( 'NONE', #3410, #2214, #659, .T. ) ;
#2656 = EDGE_CURVE ( 'NONE', #1377, #1615, #118, .T. ) ;
#2657 = ORIENTED_EDGE ( 'NONE', *, *, #708, .F. ) ;
#2658 = LINE ( 'NONE', #301, #662 ) ;
#2659 = CARTESIAN_POINT ( 'NONE',  ( -380.0000000000001705, -380.0000000000000000, 69.99999999999995737 ) ) ;
#2660 = EDGE_CURVE ( 'NONE', #3125, #1088, #3384, .T. ) ;
#2661 = CARTESIAN_POINT ( 'NONE',  ( 412.0000000000001705, 30.50000000000030553, -261.9999999999999432 ) ) ;
#2662 = EDGE_LOOP ( 'NONE', ( #688, #3626, #3553, #1584 ) ) ;
#2663 = VERTEX_POINT ( 'NONE', #1372 ) ;
#2664 = CIRCLE ( 'NONE', #3437, 26.99999999999999645 ) ;
#2665 = VERTEX_POINT ( 'NONE', #1992 ) ;
#2666 = DIRECTION ( 'NONE',  ( 0.000000000000000000, 1.000000000000000000, -0.000000000000000000 ) ) ;
#2667 = VERTEX_POINT ( 'NONE', #1121 ) ;
#2668 = FACE_OUTER_BOUND ( 'NONE', #228, .T. ) ;
#2669 = DIRECTION ( 'NONE',  ( 0.000000000000000000, -1.000000000000000000, 0.000000000000000000 ) ) ;
#2670 = LINE ( 'NONE', #1916, #717 ) ;
#2671 = CARTESIAN_POINT ( 'NONE',  ( 380.0000000000001705, -420.0000000000000000, 94.99999999999995737 ) ) ;
#2672 = AXIS2_PLACEMENT_3D ( 'NONE', #2694, #3523, #1016 ) ;
#2673 = VECTOR ( 'NONE', #2030, 1000.000000000000000 ) ;
#2674 = CARTESIAN_POINT ( 'NONE',  ( 380.0000000000001705, -380.0000000000000000, 510.0000000000000000 ) ) ;
#2675 = PERSON_AND_ORGANIZATION ( #3136, #2301 ) ;
#2676 = AXIS2_PLACEMENT_3D ( 'NONE', #3015, #755, #2201 ) ;
#2677 = ORIENTED_EDGE ( 'NONE', *, *, #1489, .T. ) ;
#2678 = PRODUCT_RELATED_PRODUCT_CATEGORY ( 'detail', '', ( #628 ) ) ;
#2679 = COORDINATED_UNIVERSAL_TIME_OFFSET ( 8, 0, .AHEAD. ) ;
#2680 = PLANE ( 'NONE',  #649 ) ;
#2681 = ORIENTED_EDGE ( 'NONE', *, *, #3254, .F. ) ;
#2682 = ORIENTED_EDGE ( 'NONE', *, *, #825, .T. ) ;
#2683 = DIRECTION ( 'NONE',  ( -0.000000000000000000, 1.000000000000000000, -0.000000000000000000 ) ) ;
#2684 = CARTESIAN_POINT ( 'NONE',  ( 449.9999999999999432, -47.00000000000005684, 551.9999999999998863 ) ) ;
#2685 = ORIENTED_EDGE ( 'NONE', *, *, #113, .F. ) ;
#2686 = LINE ( 'NONE', #79, #3286 ) ;
#2687 = CARTESIAN_POINT ( 'NONE',  ( 449.9999999999999432, 365.0000000000000568, 551.9999999999998863 ) ) ;
#2688 = EDGE_CURVE ( 'NONE', #2056, #2143, #3133, .T. ) ;
#2689 = ORIENTED_EDGE ( 'NONE', *, *, #2753, .T. ) ;
#2690 = VECTOR ( 'NONE', #706, 1000.000000000000000 ) ;
#2691 = DIRECTION ( 'NONE',  ( -1.000000000000000000, -0.000000000000000000, -0.000000000000000000 ) ) ;
#2692 = CARTESIAN_POINT ( 'NONE',  ( 215.0000000000000284, 375.0000000000000000, 368.0000000000000000 ) ) ;
#2693 = DIRECTION ( 'NONE',  ( -0.000000000000000000, -1.000000000000000000, -0.000000000000000000 ) ) ;
#2694 = CARTESIAN_POINT ( 'NONE',  ( -214.9999999999999716, 375.0000000000000000, 258.0000000000000000 ) ) ;
#2695 = FACE_OUTER_BOUND ( 'NONE', #3231, .T. ) ;
#2696 = DIRECTION ( 'NONE',  ( 0.000000000000000000, 0.000000000000000000, -1.000000000000000000 ) ) ;
#2697 = AXIS2_PLACEMENT_3D ( 'NONE', #2862, #27, #3138 ) ;
#2698 = ORIENTED_EDGE ( 'NONE', *, *, #2257, .F. ) ;
#2699 = DIRECTION ( 'NONE',  ( 0.000000000000000000, -0.000000000000000000, -1.000000000000000000 ) ) ;
#2700 = LINE ( 'NONE', #3443, #3255 ) ;
#2701 = CARTESIAN_POINT ( 'NONE',  ( 380.0000000000001705, -420.0000000000000000, 49.99999999999993605 ) ) ;
#2702 = VERTEX_POINT ( 'NONE', #1435 ) ;
#2703 = CARTESIAN_POINT ( 'NONE',  ( 382.0000000000000000, 18.00000000000001421, 99.99999999999995737 ) ) ;
#2704 = CARTESIAN_POINT ( 'NONE',  ( 0.000000000000000000, 0.000000000000000000, 2.000000000000000000 ) ) ;
#2705 = CARTESIAN_POINT ( 'NONE',  ( -450.0000000000000568, 365.0000000000000000, 580.0000000000000000 ) ) ;
#2706 = EDGE_LOOP ( 'NONE', ( #1369, #334 ) ) ;
#2707 = EDGE_CURVE ( 'NONE', #13, #2113, #2955, .T. ) ;
#2708 = LINE ( 'NONE', #1396, #2405 ) ;
#2709 = DIRECTION ( 'NONE',  ( 1.000000000000000000, -0.000000000000000000, 2.775557561562895295E-16 ) ) ;
#2710 = CARTESIAN_POINT ( 'NONE',  ( -380.0000000000001705, -365.0000000000000000, 510.0000000000000000 ) ) ;
#2711 = CARTESIAN_POINT ( 'NONE',  ( -214.9999999999999716, 375.0000000000000000, 258.0000000000000000 ) ) ;
#2712 = VECTOR ( 'NONE', #186, 1000.000000000000000 ) ;
#2713 = DIRECTION ( 'NONE',  ( 0.000000000000000000, -0.000000000000000000, 1.000000000000000000 ) ) ;
#2714 = VERTEX_POINT ( 'NONE', #565 ) ;
#2715 = DIRECTION ( 'NONE',  ( 0.000000000000000000, 0.000000000000000000, -1.000000000000000000 ) ) ;
#2716 = CARTESIAN_POINT ( 'NONE',  ( -380.0000000000001705, -435.0000000000000000, 44.99999999999994316 ) ) ;
#2717 = CALENDAR_DATE ( 2026, 9, 6 ) ;
#2718 = ORIENTED_EDGE ( 'NONE', *, *, #1154, .F. ) ;
#2719 = APPLICATION_PROTOCOL_DEFINITION ( 'international standard', 'config_control_design', 1994, #119 ) ;
#2720 = DIRECTION ( 'NONE',  ( 0.000000000000000000, 0.000000000000000000, -1.000000000000000000 ) ) ;
#2721 = DIRECTION ( 'NONE',  ( -1.000000000000000000, 0.000000000000000000, 0.000000000000000000 ) ) ;
#2722 = ORIENTED_EDGE ( 'NONE', *, *, #1449, .F. ) ;
#2723 = DIRECTION ( 'NONE',  ( -0.000000000000000000, -1.000000000000000000, -0.000000000000000000 ) ) ;
#2724 = ADVANCED_FACE ( 'NONE', ( #347 ), #2919, .T. ) ;
#2725 = ORIENTED_EDGE ( 'NONE', *, *, #1031, .F. ) ;
#2726 = FACE_OUTER_BOUND ( 'NONE', #294, .T. ) ;
#2727 = DIRECTION ( 'NONE',  ( -0.000000000000000000, 1.000000000000000000, -0.000000000000000000 ) ) ;
#2728 = EDGE_CURVE ( 'NONE', #2006, #1977, #1149, .T. ) ;
#2729 = CARTESIAN_POINT ( 'NONE',  ( 449.9999999999999432, -365.0000000000000000, 580.0000000000000000 ) ) ;
#2730 = CARTESIAN_POINT ( 'NONE',  ( 449.9999999999999432, -5.551115123125782702E-14, 580.0000000000000000 ) ) ;
#2731 = PERSON_AND_ORGANIZATION_ROLE ( 'design_owner' ) ;
#2732 = DIRECTION ( 'NONE',  ( 0.000000000000000000, 1.000000000000000000, 0.000000000000000000 ) ) ;
#2733 = DIRECTION ( 'NONE',  ( 0.000000000000000000, 0.000000000000000000, 1.000000000000000000 ) ) ;
#2734 = VECTOR ( 'NONE', #1714, 1000.000000000000000 ) ;
#2735 = VERTEX_POINT ( 'NONE', #2361 ) ;
#2736 = LINE ( 'NONE', #789, #2837 ) ;
#2737 = FACE_OUTER_BOUND ( 'NONE', #2091, .T. ) ;
#2738 = DIRECTION ( 'NONE',  ( 0.000000000000000000, 0.000000000000000000, -1.000000000000000000 ) ) ;
#2739 = EDGE_CURVE ( 'NONE', #3167, #2373, #384, .T. ) ;
#2740 = VECTOR ( 'NONE', #1296, 1000.000000000000000 ) ;
#2741 = LINE ( 'NONE', #1405, #2014 ) ;
#2742 = ADVANCED_FACE ( 'NONE', ( #3424 ), #3423, .F. ) ;
#2743 = DIRECTION ( 'NONE',  ( 0.000000000000000000, 0.000000000000000000, 1.000000000000000000 ) ) ;
#2744 = FACE_OUTER_BOUND ( 'NONE', #154, .T. ) ;
#2745 = APPLICATION_PROTOCOL_DEFINITION ( 'international standard', 'config_control_design', 1994, #194 ) ;
#2746 = DIRECTION ( 'NONE',  ( 0.000000000000000000, 1.000000000000000000, 0.000000000000000000 ) ) ;
#2747 = CC_DESIGN_DATE_AND_TIME_ASSIGNMENT ( #199, #448, ( #2870 ) ) ;
#2748 = PLANE ( 'NONE',  #3457 ) ;
#2749 = ORIENTED_EDGE ( 'NONE', *, *, #1512, .F. ) ;
#2750 = EDGE_LOOP ( 'NONE', ( #2303, #2897, #3031, #1922 ) ) ;
#2751 = LINE ( 'NONE', #1643, #2064 ) ;
#2752 = CARTESIAN_POINT ( 'NONE',  ( 449.9999999999999432, -5.898059818321144121E-14, 551.9999999999998863 ) ) ;
#2753 = EDGE_CURVE ( 'NONE', #124, #3203, #1556, .T. ) ;
#2754 = DIRECTION ( 'NONE',  ( -0.000000000000000000, 1.000000000000000000, -0.000000000000000000 ) ) ;
#2755 = ORIENTED_EDGE ( 'NONE', *, *, #1344, .T. ) ;
#2756 = FACE_OUTER_BOUND ( 'NONE', #3301, .T. ) ;
#2757 = DIRECTION ( 'NONE',  ( 0.000000000000000000, -1.000000000000000000, 0.000000000000000000 ) ) ;
#2758 = EDGE_CURVE ( 'NONE', #758, #3246, #2874, .T. ) ;
#2759 = CARTESIAN_POINT ( 'NONE',  ( -214.9999999999999716, 375.0000000000000000, 148.0000000000000000 ) ) ;
#2760 = DIRECTION ( 'NONE',  ( 1.000000000000000000, 0.000000000000000000, 0.000000000000000000 ) ) ;
#2761 = DIRECTION ( 'NONE',  ( 0.000000000000000000, 0.000000000000000000, -1.000000000000000000 ) ) ;
#2762 = EDGE_CURVE ( 'NONE', #1615, #3539, #3475, .T. ) ;
#2763 = APPROVAL_PERSON_ORGANIZATION ( #1495, #156, #2797 ) ;
#2764 = PLANE ( 'NONE',  #1871 ) ;
#2765 = VERTEX_POINT ( 'NONE', #2646 ) ;
#2766 = APPROVAL_PERSON_ORGANIZATION ( #1368, #3056, #3179 ) ;
#2767 = VERTEX_POINT ( 'NONE', #3487 ) ;
#2768 = DIRECTION ( 'NONE',  ( -0.000000000000000000, 1.000000000000000000, -0.000000000000000000 ) ) ;
#2769 = DIRECTION ( 'NONE',  ( 1.000000000000000000, -0.000000000000000000, 0.000000000000000000 ) ) ;
#2770 = AXIS2_PLACEMENT_3D ( 'NONE', #3194, #2619, #1523 ) ;
#2771 = ORIENTED_EDGE ( 'NONE', *, *, #3257, .T. ) ;
#2772 = PERSON_AND_ORGANIZATION ( #2026, #1228 ) ;
#2773 = AXIS2_PLACEMENT_3D ( 'NONE', #3521, #1013, #443 ) ;
#2774 = DATE_TIME_ROLE ( 'classification_date' ) ;
#2775 = DIRECTION ( 'NONE',  ( 1.000000000000000000, 0.000000000000000000, 0.000000000000000000 ) ) ;
#2776 = ORIENTED_EDGE ( 'NONE', *, *, #850, .F. ) ;
#2777 = AXIS2_PLACEMENT_3D ( 'NONE', #1339, #715, #2427 ) ;
#2778 = AXIS2_PLACEMENT_3D ( 'NONE', #3324, #298, #3158 ) ;
#2779 = ORIENTED_EDGE ( 'NONE', *, *, #3432, .T. ) ;
#2780 = CARTESIAN_POINT ( 'NONE',  ( -450.0000000000000568, -365.0000000000000000, 580.0000000000000000 ) ) ;
#2781 = ADVANCED_FACE ( 'NONE', ( #787, #3563 ), #1839, .T. ) ;
#2782 = DIRECTION ( 'NONE',  ( 0.000000000000000000, -1.000000000000000000, 0.000000000000000000 ) ) ;
#2783 = DIRECTION ( 'NONE',  ( 0.000000000000000000, 0.000000000000000000, -1.000000000000000000 ) ) ;
#2784 = FACE_OUTER_BOUND ( 'NONE', #1937, .T. ) ;
#2785 = VERTEX_POINT ( 'NONE', #2045 ) ;
#2786 = CARTESIAN_POINT ( 'NONE',  ( 449.9999999999999432, 308.0000000000000568, 580.0000000000000000 ) ) ;
#2787 = CARTESIAN_POINT ( 'NONE',  ( 412.0000000000000568, -131.4999999999999716, -461.9999999999999432 ) ) ;
#2788 = DIRECTION ( 'NONE',  ( 0.000000000000000000, -1.000000000000000000, 0.000000000000000000 ) ) ;
#2789 = EDGE_CURVE ( 'NONE', #1458, #2534, #75, .T. ) ;
#2790 = VECTOR ( 'NONE', #1968, 1000.000000000000000 ) ;
#2791 = CARTESIAN_POINT ( 'NONE',  ( 449.9999999999999432, 365.0000000000000568, 612.2599999999998772 ) ) ;
#2792 = LINE ( 'NONE', #2526, #2836 ) ;
#2793 = AXIS2_PLACEMENT_3D ( 'NONE', #2244, #1410, #2524 ) ;
#2794 = CARTESIAN_POINT ( 'NONE',  ( 380.0000000000001705, -380.0000000000000000, 69.99999999999995737 ) ) ;
#2795 = DIRECTION ( 'NONE',  ( 0.000000000000000000, 0.000000000000000000, 1.000000000000000000 ) ) ;
#2796 = CIRCLE ( 'NONE', #1972, 89.99999999999997158 ) ;
#2797 = APPROVAL_ROLE ( '' ) ;
#2798 = DIRECTION ( 'NONE',  ( 0.000000000000000000, 0.000000000000000000, -1.000000000000000000 ) ) ;
#2799 = PLANE ( 'NONE',  #2471 ) ;
#2800 = EDGE_CURVE ( 'NONE', #1229, #9, #2522, .T. ) ;
#2801 = CARTESIAN_POINT ( 'NONE',  ( 449.9999999999999432, -5.898059818321144121E-14, 551.9999999999998863 ) ) ;
#2802 = VERTEX_POINT ( 'NONE', #2787 ) ;
#2803 = VECTOR ( 'NONE', #2250, 1000.000000000000000 ) ;
#2804 = ADVANCED_FACE ( 'NONE', ( #1471 ), #2481, .T. ) ;
#2805 = DIRECTION ( 'NONE',  ( 0.000000000000000000, 0.000000000000000000, -1.000000000000000000 ) ) ;
#2806 = AXIS2_PLACEMENT_3D ( 'NONE', #3531, #989, #2965 ) ;
#2807 = FACE_OUTER_BOUND ( 'NONE', #395, .T. ) ;
#2808 = PLANE ( 'NONE',  #1036 ) ;
#2809 = CARTESIAN_POINT ( 'NONE',  ( 380.0000000000001705, -380.0000000000000000, 69.99999999999995737 ) ) ;
#2810 = DIRECTION ( 'NONE',  ( -0.000000000000000000, 1.000000000000000000, -0.000000000000000000 ) ) ;
#2811 = ORIENTED_EDGE ( 'NONE', *, *, #2660, .F. ) ;
#2812 = DIRECTION ( 'NONE',  ( -0.000000000000000000, -1.000000000000000000, -0.000000000000000000 ) ) ;
#2813 = DIRECTION ( 'NONE',  ( -0.000000000000000000, -1.000000000000000000, -0.000000000000000000 ) ) ;
#2814 = CARTESIAN_POINT ( 'NONE',  ( 215.0000000000000284, 375.0000000000000000, 257.9999999999999432 ) ) ;
#2815 = LINE ( 'NONE', #2954, #1240 ) ;
#2816 = DIRECTION ( 'NONE',  ( 0.000000000000000000, 1.000000000000000000, -1.239088197126289584E-16 ) ) ;
#2817 = ORIENTED_EDGE ( 'NONE', *, *, #1125, .T. ) ;
#2818 = ORIENTED_EDGE ( 'NONE', *, *, #1424, .F. ) ;
#2819 = VERTEX_POINT ( 'NONE', #252 ) ;
#2820 = EDGE_LOOP ( 'NONE', ( #340, #2417 ) ) ;
#2821 = LINE ( 'NONE', #2476, #3121 ) ;
#2822 = ADVANCED_FACE ( 'NONE', ( #2428 ), #2799, .F. ) ;
#2823 = CARTESIAN_POINT ( 'NONE',  ( -412.0000000000000568, -131.4999999999999716, -461.9999999999999432 ) ) ;
#2824 = CC_DESIGN_PERSON_AND_ORGANIZATION_ASSIGNMENT ( #2861, #3259, ( #2870 ) ) ;
#2825 = CARTESIAN_POINT ( 'NONE',  ( -412.0000000000000568, -131.4999999999999716, 0.000000000000000000 ) ) ;
#2826 = CARTESIAN_POINT ( 'NONE',  ( -380.0000000000001705, -420.0000000000000000, 510.0000000000000000 ) ) ;
#2827 = ORIENTED_EDGE ( 'NONE', *, *, #1800, .F. ) ;
#2828 = AXIS2_PLACEMENT_3D ( 'NONE', #226, #811, #2798 ) ;
#2829 = LINE ( 'NONE', #452, #1786 ) ;
#2830 = PRODUCT_DEFINITION_SHAPE ( 'NONE', 'NONE',  #1212 ) ;
#2831 = PLANE ( 'NONE',  #2793 ) ;
#2832 = LINE ( 'NONE', #1433, #215 ) ;
#2833 = CIRCLE ( 'NONE', #1951, 109.9999999999999858 ) ;
#2834 = ORIENTED_EDGE ( 'NONE', *, *, #254, .F. ) ;
#2835 = CARTESIAN_POINT ( 'NONE',  ( 449.9999999999999432, -5.898059818321144121E-14, 533.9999999999998863 ) ) ;
#2836 = VECTOR ( 'NONE', #2282, 1000.000000000000000 ) ;
#2837 = VECTOR ( 'NONE', #573, 1000.000000000000000 ) ;
#2838 = DIRECTION ( 'NONE',  ( 0.000000000000000000, -1.000000000000000000, 0.000000000000000000 ) ) ;
#2839 = CARTESIAN_POINT ( 'NONE',  ( -449.9999999999999432, 167.5000000000000000, 20.00000000000000000 ) ) ;
#2840 = DIRECTION ( 'NONE',  ( -2.312964634635742957E-16, -0.000000000000000000, 1.000000000000000000 ) ) ;
#2841 = VECTOR ( 'NONE', #1278, 1000.000000000000000 ) ;
#2842 = ADVANCED_FACE ( 'NONE', ( #1999 ), #3380, .T. ) ;
#2843 = MANIFOLD_SOLID_BREP ( '凸台-拉伸8', #1189 ) ;
#2844 = AXIS2_PLACEMENT_3D ( 'NONE', #3407, #1197, #709 ) ;
#2845 = ORIENTED_EDGE ( 'NONE', *, *, #1448, .T. ) ;
#2846 = CIRCLE ( 'NONE', #617, 20.00000000000001776 ) ;
#2847 = AXIS2_PLACEMENT_3D ( 'NONE', #1294, #2994, #417 ) ;
#2848 = AXIS2_PLACEMENT_3D ( 'NONE', #3067, #3041, #3317 ) ;
#2849 = ORIENTED_EDGE ( 'NONE', *, *, #2280, .T. ) ;
#2850 = FACE_OUTER_BOUND ( 'NONE', #2903, .T. ) ;
#2851 = CARTESIAN_POINT ( 'NONE',  ( 380.0000000000001705, -420.0000000000000000, 89.99999999999997158 ) ) ;
#2852 = CARTESIAN_POINT ( 'NONE',  ( -449.9999999999999432, -167.5000000000000000, 0.000000000000000000 ) ) ;
#2853 = DIRECTION ( 'NONE',  ( 0.000000000000000000, 0.000000000000000000, 1.000000000000000000 ) ) ;
#2854 = LOCAL_TIME ( 10, 19, 48.00000000000000000, #1900 ) ;
#2855 = ORIENTED_EDGE ( 'NONE', *, *, #3204, .F. ) ;
#2856 = ADVANCED_FACE ( 'NONE', ( #1601, #2350, #739, #2090, #163 ), #1944, .F. ) ;
#2857 = CARTESIAN_POINT ( 'NONE',  ( 380.0000000000001705, -420.0000000000000000, 510.0000000000000000 ) ) ;
#2858 = PERSON ( 'NAUO-PER2', 'UNSPECIFIED', 'UNSPECIFIED', ('UNSPECIFIED'), ('UNSPECIFIED'), ('UNSPECIFIED') ) ;
#2859 = EDGE_LOOP ( 'NONE', ( #2330, #1630, #1841, #3208 ) ) ;
#2860 = EDGE_CURVE ( 'NONE', #3647, #2310, #921, .T. ) ;
#2861 = PERSON_AND_ORGANIZATION ( #2026, #1228 ) ;
#2862 = CARTESIAN_POINT ( 'NONE',  ( 431.9999999999999432, 1.734723475976807094E-14, 99.99999999999997158 ) ) ;
#2863 = ORIENTED_EDGE ( 'NONE', *, *, #1012, .T. ) ;
#2864 = EDGE_LOOP ( 'NONE', ( #679, #1090, #3120, #3190 ) ) ;
#2865 = SHAPE_DEFINITION_REPRESENTATION ( #2830, #1260 ) ;
#2866 = ORIENTED_EDGE ( 'NONE', *, *, #2482, .T. ) ;
#2867 = EDGE_CURVE ( 'NONE', #2141, #2414, #2273, .T. ) ;
#2868 = CARTESIAN_POINT ( 'NONE',  ( -214.9999999999999716, 375.0000000000000000, 258.0000000000000000 ) ) ;
#2869 = ORIENTED_EDGE ( 'NONE', *, *, #494, .T. ) ;
#2870 = PRODUCT_DEFINITION ( '未知', '', #3124, #3456 ) ;
#2871 = VERTEX_POINT ( 'NONE', #2319 ) ;
#2872 = DIRECTION ( 'NONE',  ( 0.000000000000000000, 0.000000000000000000, -1.000000000000000000 ) ) ;
#2873 = LINE ( 'NONE', #3090, #581 ) ;
#2874 = LINE ( 'NONE', #667, #1199 ) ;
#2875 = DIRECTION ( 'NONE',  ( -0.000000000000000000, 1.000000000000000000, -0.000000000000000000 ) ) ;
#2876 = ORIENTED_EDGE ( 'NONE', *, *, #1359, .F. ) ;
#2877 = ADVANCED_FACE ( 'NONE', ( #3250, #3088 ), #287, .F. ) ;
#2878 = VECTOR ( 'NONE', #3347, 1000.000000000000000 ) ;
#2879 =( NAMED_UNIT ( * ) SI_UNIT ( $, .STERADIAN. ) SOLID_ANGLE_UNIT ( ) );
#2880 = ORIENTED_EDGE ( 'NONE', *, *, #2047, .T. ) ;
#2881 = EDGE_CURVE ( 'NONE', #3651, #2340, #1514, .T. ) ;
#2882 = FACE_OUTER_BOUND ( 'NONE', #2617, .T. ) ;
#2883 = CARTESIAN_POINT ( 'NONE',  ( 0.000000000000000000, -131.4999999999999716, 0.000000000000000000 ) ) ;
#2884 = CARTESIAN_POINT ( 'NONE',  ( -430.0000000000001705, -149.4999999999999147, 0.000000000000000000 ) ) ;
#2885 = DIRECTION ( 'NONE',  ( 0.000000000000000000, -1.000000000000000000, 0.000000000000000000 ) ) ;
#2886 = DIRECTION ( 'NONE',  ( -0.000000000000000000, -1.000000000000000000, -0.000000000000000000 ) ) ;
#2887 = EDGE_CURVE ( 'NONE', #1855, #223, #3652, .T. ) ;
#2888 = CIRCLE ( 'NONE', #109, 25.00000000000000711 ) ;
#2889 = ORIENTED_EDGE ( 'NONE', *, *, #2070, .F. ) ;
#2890 = LINE ( 'NONE', #2599, #1018 ) ;
#2891 = DIRECTION ( 'NONE',  ( 0.000000000000000000, 0.000000000000000000, 1.000000000000000000 ) ) ;
#2892 = AXIS2_PLACEMENT_3D ( 'NONE', #2794, #2782, #1957 ) ;
#2893 = ADVANCED_FACE ( 'NONE', ( #2183 ), #571, .F. ) ;
#2894 = DIRECTION ( 'NONE',  ( 0.000000000000000000, -0.000000000000000000, 1.000000000000000000 ) ) ;
#2895 = DIRECTION ( 'NONE',  ( 0.000000000000000000, 1.000000000000000000, 0.000000000000000000 ) ) ;
#2896 = EDGE_CURVE ( 'NONE', #647, #3010, #2914, .T. ) ;
#2897 = ORIENTED_EDGE ( 'NONE', *, *, #2455, .T. ) ;
#2898 = DATE_AND_TIME ( #1363, #601 ) ;
#2899 = EDGE_CURVE ( 'NONE', #1320, #591, #656, .T. ) ;
#2900 = APPLICATION_PROTOCOL_DEFINITION ( 'international standard', 'config_control_design', 1994, #2127 ) ;
#2901 = VERTEX_POINT ( 'NONE', #1157 ) ;
#2902 = DIRECTION ( 'NONE',  ( 0.000000000000000000, 1.000000000000000000, 0.000000000000000000 ) ) ;
#2903 = EDGE_LOOP ( 'NONE', ( #2379, #1639, #1528, #912 ) ) ;
#2904 = EDGE_CURVE ( 'NONE', #242, #3167, #830, .T. ) ;
#2905 = VERTEX_POINT ( 'NONE', #1744 ) ;
#2906 = LINE ( 'NONE', #971, #1138 ) ;
#2907 = DIRECTION ( 'NONE',  ( 0.000000000000000000, 0.000000000000000000, 1.000000000000000000 ) ) ;
#2908 = DIRECTION ( 'NONE',  ( -1.000000000000000000, 1.290957005378088582E-16, 0.000000000000000000 ) ) ;
#2909 = CARTESIAN_POINT ( 'NONE',  ( 0.000000000000000000, 347.0000000000000000, 18.00000000000000000 ) ) ;
#2910 = ORIENTED_EDGE ( 'NONE', *, *, #1930, .F. ) ;
#2911 = CARTESIAN_POINT ( 'NONE',  ( -432.0000000000000568, 0.000000000000000000, 580.0000000000000000 ) ) ;
#2912 = ORIENTED_EDGE ( 'NONE', *, *, #1216, .T. ) ;
#2913 = DATE_TIME_ROLE ( 'creation_date' ) ;
#2914 = LINE ( 'NONE', #2839, #1235 ) ;
#2915 = AXIS2_PLACEMENT_3D ( 'NONE', #1311, #488, #2733 ) ;
#2916 = ORIENTED_EDGE ( 'NONE', *, *, #3643, .F. ) ;
#2917 = EDGE_CURVE ( 'NONE', #2901, #3478, #1430, .T. ) ;
#2918 = EDGE_CURVE ( 'NONE', #1187, #2214, #2829, .T. ) ;
#2919 = CYLINDRICAL_SURFACE ( 'NONE', #1724, 20.00000000000001776 ) ;
#2920 = DIRECTION ( 'NONE',  ( 1.000000000000000000, -0.000000000000000000, -0.000000000000000000 ) ) ;
#2921 = CARTESIAN_POINT ( 'NONE',  ( -380.0000000000001705, -380.0000000000000000, 42.99999999999995026 ) ) ;
#2922 = FACE_OUTER_BOUND ( 'NONE', #1991, .T. ) ;
#2923 = EDGE_CURVE ( 'NONE', #108, #2233, #473, .T. ) ;
#2924 = DIRECTION ( 'NONE',  ( 0.000000000000000000, 1.000000000000000000, 0.000000000000000000 ) ) ;
#2925 = FACE_BOUND ( 'NONE', #3130, .T. ) ;
#2926 = EDGE_LOOP ( 'NONE', ( #810, #1364, #3502, #2622 ) ) ;
#2927 = ORIENTED_EDGE ( 'NONE', *, *, #2116, .F. ) ;
#2928 = FACE_OUTER_BOUND ( 'NONE', #138, .T. ) ;
#2929 = DIRECTION ( 'NONE',  ( 0.000000000000000000, -1.000000000000000000, 0.000000000000000000 ) ) ;
#2930 = ORIENTED_EDGE ( 'NONE', *, *, #3425, .F. ) ;
#2931 = VECTOR ( 'NONE', #1065, 1000.000000000000000 ) ;
#2932 = CC_DESIGN_PERSON_AND_ORGANIZATION_ASSIGNMENT ( #2591, #2089, ( #3229 ) ) ;
#2933 = CARTESIAN_POINT ( 'NONE',  ( -380.0000000000001705, -380.0000000000000000, 69.99999999999995737 ) ) ;
#2934 = APPROVAL_DATE_TIME ( #1180, #3192 ) ;
#2935 = VERTEX_POINT ( 'NONE', #1907 ) ;
#2936 = EDGE_CURVE ( 'NONE', #382, #863, #3558, .T. ) ;
#2937 = DIRECTION ( 'NONE',  ( -0.000000000000000000, 1.000000000000000000, -0.000000000000000000 ) ) ;
#2938 = ORIENTED_EDGE ( 'NONE', *, *, #2660, .T. ) ;
#2939 = DIRECTION ( 'NONE',  ( 0.000000000000000000, 0.000000000000000000, -1.000000000000000000 ) ) ;
#2940 = DATE_AND_TIME ( #3590, #3159 ) ;
#2941 = ORIENTED_EDGE ( 'NONE', *, *, #3116, .F. ) ;
#2942 = DIRECTION ( 'NONE',  ( -0.000000000000000000, 1.000000000000000000, -0.000000000000000000 ) ) ;
#2943 = CARTESIAN_POINT ( 'NONE',  ( 127.6456385958148729, 275.1630335788388493, -244.0000000000000284 ) ) ;
#2944 = ORIENTED_EDGE ( 'NONE', *, *, #1662, .F. ) ;
#2945 = SHAPE_REPRESENTATION_RELATIONSHIP ( 'NONE' , 'NONE' ,  #2369, #207 ) ;
#2946 = ORIENTED_EDGE ( 'NONE', *, *, #3276, .F. ) ;
#2947 = DIRECTION ( 'NONE',  ( -1.000000000000000000, 0.000000000000000000, -0.000000000000000000 ) ) ;
#2948 = DIRECTION ( 'NONE',  ( 0.000000000000000000, 0.000000000000000000, 1.000000000000000000 ) ) ;
#2949 = CARTESIAN_POINT ( 'NONE',  ( 431.9999999999999432, -365.0000000000000000, 533.9999999999998863 ) ) ;
#2950 = ORIENTED_EDGE ( 'NONE', *, *, #2923, .T. ) ;
#2951 = DIRECTION ( 'NONE',  ( -0.000000000000000000, 1.000000000000000000, -0.000000000000000000 ) ) ;
#2952 = DIRECTION ( 'NONE',  ( 0.000000000000000000, 0.000000000000000000, -1.000000000000000000 ) ) ;
#2953 = VECTOR ( 'NONE', #1728, 1000.000000000000000 ) ;
#2954 = CARTESIAN_POINT ( 'NONE',  ( -412.0000000000001705, 30.50000000000008171, -261.9999999999999432 ) ) ;
#2955 = LINE ( 'NONE', #3639, #3605 ) ;
#2956 = ORIENTED_EDGE ( 'NONE', *, *, #1173, .F. ) ;
#2957 = AXIS2_PLACEMENT_3D ( 'NONE', #776, #545, #1962 ) ;
#2958 = AXIS2_PLACEMENT_3D ( 'NONE', #1215, #2902, #68 ) ;
#2959 = FACE_OUTER_BOUND ( 'NONE', #2010, .T. ) ;
#2960 = VECTOR ( 'NONE', #484, 1000.000000000000000 ) ;
#2961 = DIRECTION ( 'NONE',  ( 0.000000000000000000, -0.000000000000000000, 1.000000000000000000 ) ) ;
#2962 = EDGE_CURVE ( 'NONE', #3614, #869, #2572, .T. ) ;
#2963 = VECTOR ( 'NONE', #2501, 1000.000000000000000 ) ;
#2964 = DIRECTION ( 'NONE',  ( 0.000000000000000000, -1.000000000000000000, 0.000000000000000000 ) ) ;
#2965 = DIRECTION ( 'NONE',  ( 0.000000000000000000, 0.000000000000000000, 1.000000000000000000 ) ) ;
#2966 = VERTEX_POINT ( 'NONE', #3241 ) ;
#2967 = CIRCLE ( 'NONE', #472, 20.00000000000001776 ) ;
#2968 = CARTESIAN_POINT ( 'NONE',  ( 109.6456385958148871, 275.1630335788388493, 0.000000000000000000 ) ) ;
#2969 = CARTESIAN_POINT ( 'NONE',  ( 380.0000000000001705, -380.0000000000000000, 69.99999999999995737 ) ) ;
#2970 = LINE ( 'NONE', #15, #766 ) ;
#2971 = ADVANCED_FACE ( 'NONE', ( #2531 ), #1159, .F. ) ;
#2972 = CARTESIAN_POINT ( 'NONE',  ( -412.0000000000000568, -131.4999999999999716, 0.000000000000000000 ) ) ;
#2973 = CARTESIAN_POINT ( 'NONE',  ( 380.0000000000001705, -380.0000000000000000, 510.0000000000000000 ) ) ;
#2974 = ORIENTED_EDGE ( 'NONE', *, *, #2541, .F. ) ;
#2975 = ORIENTED_EDGE ( 'NONE', *, *, #3100, .F. ) ;
#2976 = LOCAL_TIME ( 10, 19, 48.00000000000000000, #3498 ) ;
#2977 = VERTEX_POINT ( 'NONE', #157 ) ;
#2978 = ORIENTED_EDGE ( 'NONE', *, *, #1909, .F. ) ;
#2979 = PERSON_AND_ORGANIZATION ( #2026, #1228 ) ;
#2980 = AXIS2_PLACEMENT_3D ( 'NONE', #204, #3060, #761 ) ;
#2981 = CARTESIAN_POINT ( 'NONE',  ( 449.9999999999999432, -5.898059818321144121E-14, 551.9999999999998863 ) ) ;
#2982 = ORIENTED_EDGE ( 'NONE', *, *, #3061, .F. ) ;
#2983 = DIRECTION ( 'NONE',  ( -0.000000000000000000, -1.000000000000000000, -0.000000000000000000 ) ) ;
#2984 = CARTESIAN_POINT ( 'NONE',  ( -432.0000000000000568, -347.0000000000000000, 2.000000000000000000 ) ) ;
#2985 = CARTESIAN_POINT ( 'NONE',  ( -382.0000000000001137, -5.898059818321144121E-14, 533.9999999999998863 ) ) ;
#2986 = ORIENTED_EDGE ( 'NONE', *, *, #1129, .F. ) ;
#2987 = CYLINDRICAL_SURFACE ( 'NONE', #891, 25.00000000000002132 ) ;
#2988 = DIRECTION ( 'NONE',  ( -0.000000000000000000, -0.000000000000000000, -1.000000000000000000 ) ) ;
#2989 = DIRECTION ( 'NONE',  ( 0.000000000000000000, 0.000000000000000000, 1.000000000000000000 ) ) ;
#2990 = VERTEX_POINT ( 'NONE', #1890 ) ;
#2991 = CARTESIAN_POINT ( 'NONE',  ( -380.0000000000001705, -380.0000000000000000, 536.9999999999998863 ) ) ;
#2992 = VECTOR ( 'NONE', #517, 1000.000000000000000 ) ;
#2993 = ORIENTED_EDGE ( 'NONE', *, *, #973, .F. ) ;
#2994 = DIRECTION ( 'NONE',  ( -0.000000000000000000, -1.000000000000000000, -0.000000000000000000 ) ) ;
#2995 = ADVANCED_FACE ( 'NONE', ( #3142 ), #1346, .T. ) ;
#2996 = CARTESIAN_POINT ( 'NONE',  ( -412.0000000000000568, 30.50000000000003197, -461.9999999999999432 ) ) ;
#2997 = DIRECTION ( 'NONE',  ( 0.000000000000000000, -1.000000000000000000, 0.000000000000000000 ) ) ;
#2998 = LINE ( 'NONE', #2614, #1872 ) ;
#2999 = LINE ( 'NONE', #600, #3476 ) ;
#3000 =( REPRESENTATION_RELATIONSHIP ('NONE','NONE', #1260, #2369 ) REPRESENTATION_RELATIONSHIP_WITH_TRANSFORMATION ( #369 )SHAPE_REPRESENTATION_RELATIONSHIP( ) );
#3001 = DIRECTION ( 'NONE',  ( 0.000000000000000000, 0.000000000000000000, -1.000000000000000000 ) ) ;
#3002 = CARTESIAN_POINT ( 'NONE',  ( -412.0000000000000568, 854.6965784932623365, -261.9999999999999432 ) ) ;
#3003 = CC_DESIGN_PERSON_AND_ORGANIZATION_ASSIGNMENT ( #503, #1353, ( #3124 ) ) ;
#3004 = LINE ( 'NONE', #2730, #2284 ) ;
#3005 = DIRECTION ( 'NONE',  ( 0.000000000000000000, 0.000000000000000000, -1.000000000000000000 ) ) ;
#3006 = CYLINDRICAL_SURFACE ( 'NONE', #1360, 109.9999999999999858 ) ;
#3007 = EDGE_CURVE ( 'NONE', #2552, #2785, #3350, .T. ) ;
#3008 = CARTESIAN_POINT ( 'NONE',  ( 430.0000000000001137, 30.49999999999997868, 0.000000000000000000 ) ) ;
#3009 = DIRECTION ( 'NONE',  ( 0.000000000000000000, 0.000000000000000000, -1.000000000000000000 ) ) ;
#3010 = VERTEX_POINT ( 'NONE', #3625 ) ;
#3011 = EDGE_CURVE ( 'NONE', #2905, #3319, #2286, .T. ) ;
#3012 = LINE ( 'NONE', #3008, #2327 ) ;
#3013 = CARTESIAN_POINT ( 'NONE',  ( -380.0000000000001705, -420.0000000000000000, 49.99999999999993605 ) ) ;
#3014 = DIRECTION ( 'NONE',  ( -0.000000000000000000, 1.000000000000000000, -0.000000000000000000 ) ) ;
#3015 = CARTESIAN_POINT ( 'NONE',  ( -412.0000000000000568, 854.6965784932623365, -244.0000000000000000 ) ) ;
#3016 = EDGE_LOOP ( 'NONE', ( #3609, #1252, #2974, #1473 ) ) ;
#3017 = ADVANCED_FACE ( 'NONE', ( #1251, #2925 ), #2748, .F. ) ;
#3018 = EDGE_CURVE ( 'NONE', #193, #3313, #357, .T. ) ;
#3019 = DIRECTION ( 'NONE',  ( 1.000000000000000000, 0.000000000000000000, 0.000000000000000000 ) ) ;
#3020 = DIRECTION ( 'NONE',  ( 0.000000000000000000, 0.000000000000000000, -1.000000000000000000 ) ) ;
#3021 = CARTESIAN_POINT ( 'NONE',  ( 380.0000000000001705, -380.0000000000000000, 89.99999999999997158 ) ) ;
#3022 = COORDINATED_UNIVERSAL_TIME_OFFSET ( 8, 0, .AHEAD. ) ;
#3023 = VERTEX_POINT ( 'NONE', #3332 ) ;
#3024 = DIRECTION ( 'NONE',  ( 0.000000000000000000, 0.000000000000000000, 1.000000000000000000 ) ) ;
#3025 = ORIENTED_EDGE ( 'NONE', *, *, #1048, .F. ) ;
#3026 = DIRECTION ( 'NONE',  ( 0.000000000000000000, 0.000000000000000000, -1.000000000000000000 ) ) ;
#3027 = AXIS2_PLACEMENT_3D ( 'NONE', #611, #3099, #2312 ) ;
#3028 = COORDINATED_UNIVERSAL_TIME_OFFSET ( 8, 0, .AHEAD. ) ;
#3029 = EDGE_CURVE ( 'NONE', #146, #2421, #3258, .T. ) ;
#3030 = EDGE_CURVE ( 'NONE', #3149, #124, #5, .T. ) ;
#3031 = ORIENTED_EDGE ( 'NONE', *, *, #1848, .T. ) ;
#3032 = CARTESIAN_POINT ( 'NONE',  ( 382.0000000000000000, 1.734723475976807094E-14, 580.0000000000000000 ) ) ;
#3033 = CARTESIAN_POINT ( 'NONE',  ( 380.0000000000001705, -435.0000000000000000, 510.0000000000000000 ) ) ;
#3034 = ORIENTED_EDGE ( 'NONE', *, *, #502, .F. ) ;
#3035 = ORIENTED_EDGE ( 'NONE', *, *, #851, .F. ) ;
#3036 = EDGE_CURVE ( 'NONE', #282, #908, #177, .T. ) ;
#3037 = ADVANCED_FACE ( 'NONE', ( #126 ), #1439, .T. ) ;
#3038 = CARTESIAN_POINT ( 'NONE',  ( 127.6456385958147877, -131.4999999999999716, -244.0000000000000000 ) ) ;
#3039 = ORIENTED_EDGE ( 'NONE', *, *, #3213, .F. ) ;
#3040 = CARTESIAN_POINT ( 'NONE',  ( -214.9999999999999716, 365.0000000000000000, 258.0000000000000000 ) ) ;
#3041 = DIRECTION ( 'NONE',  ( -0.000000000000000000, 1.000000000000000000, -0.000000000000000000 ) ) ;
#3042 = CARTESIAN_POINT ( 'NONE',  ( 215.0000000000000284, 375.0000000000000000, 257.9999999999999432 ) ) ;
#3043 = ORIENTED_EDGE ( 'NONE', *, *, #2156, .F. ) ;
#3044 = VECTOR ( 'NONE', #3598, 1000.000000000000000 ) ;
#3045 = VECTOR ( 'NONE', #3351, 1000.000000000000000 ) ;
#3046 = DIRECTION ( 'NONE',  ( 0.000000000000000000, -0.000000000000000000, 1.000000000000000000 ) ) ;
#3047 = CARTESIAN_POINT ( 'NONE',  ( -450.0000000000000568, -5.898059818321144121E-14, 551.9999999999998863 ) ) ;
#3048 = AXIS2_PLACEMENT_3D ( 'NONE', #482, #1640, #2713 ) ;
#3049 = LINE ( 'NONE', #1145, #2608 ) ;
#3050 = DIRECTION ( 'NONE',  ( 0.000000000000000000, 0.000000000000000000, -1.000000000000000000 ) ) ;
#3051 = DIRECTION ( 'NONE',  ( -0.000000000000000000, -0.000000000000000000, -1.000000000000000000 ) ) ;
#3052 = ORIENTED_EDGE ( 'NONE', *, *, #1726, .T. ) ;
#3053 = AXIS2_PLACEMENT_3D ( 'NONE', #3624, #826, #2506 ) ;
#3054 = CIRCLE ( 'NONE', #867, 20.00000000000001776 ) ;
#3055 = DIRECTION ( 'NONE',  ( -1.000000000000000000, 0.000000000000000000, 0.000000000000000000 ) ) ;
#3056 = APPROVAL ( #933, '未指定' ) ;
#3057 = DIRECTION ( 'NONE',  ( 1.000000000000000000, 0.000000000000000000, 0.000000000000000000 ) ) ;
#3058 = ORIENTED_EDGE ( 'NONE', *, *, #2066, .F. ) ;
#3059 = CIRCLE ( 'NONE', #1264, 25.00000000000002132 ) ;
#3060 = DIRECTION ( 'NONE',  ( 0.000000000000000000, -1.000000000000000000, 0.000000000000000000 ) ) ;
#3061 = EDGE_CURVE ( 'NONE', #1692, #242, #2103, .T. ) ;
#3062 = EDGE_LOOP ( 'NONE', ( #3039, #3366, #2385, #3148 ) ) ;
#3063 = CIRCLE ( 'NONE', #2468, 15.00000000000001421 ) ;
#3064 = CARTESIAN_POINT ( 'NONE',  ( 449.9999999999999432, -5.898059818321144121E-14, 551.9999999999998863 ) ) ;
#3065 = EDGE_CURVE ( 'NONE', #564, #412, #1835, .T. ) ;
#3066 = VECTOR ( 'NONE', #2988, 1000.000000000000000 ) ;
#3067 = CARTESIAN_POINT ( 'NONE',  ( 380.0000000000001705, -420.0000000000000000, 510.0000000000000000 ) ) ;
#3068 = CARTESIAN_POINT ( 'NONE',  ( -431.9999999999999432, 18.00000000000001421, 99.99999999999987210 ) ) ;
#3069 = DIRECTION ( 'NONE',  ( 0.000000000000000000, -1.000000000000000000, 0.000000000000000000 ) ) ;
#3070 = ORIENTED_EDGE ( 'NONE', *, *, #3405, .F. ) ;
#3071 = DATE_AND_TIME ( #1134, #2507 ) ;
#3072 = ORIENTED_EDGE ( 'NONE', *, *, #1749, .F. ) ;
#3073 = ADVANCED_FACE ( 'NONE', ( #3569 ), #1700, .T. ) ;
#3074 = CARTESIAN_POINT ( 'NONE',  ( -412.0000000000000568, 854.6965784932623365, -244.0000000000000000 ) ) ;
#3075 = CARTESIAN_POINT ( 'NONE',  ( 109.6456385958148871, 275.1630335788388493, -244.0000000000000284 ) ) ;
#3076 = AXIS2_PLACEMENT_3D ( 'NONE', #2298, #1170, #610 ) ;
#3077 = ORIENTED_EDGE ( 'NONE', *, *, #1474, .F. ) ;
#3078 = DIRECTION ( 'NONE',  ( 0.000000000000000000, 0.000000000000000000, 1.000000000000000000 ) ) ;
#3079 = ORIENTED_EDGE ( 'NONE', *, *, #1274, .T. ) ;
#3080 = ORIENTED_EDGE ( 'NONE', *, *, #2488, .T. ) ;
#3081 = DIRECTION ( 'NONE',  ( 1.000000000000000000, 0.000000000000000000, 0.000000000000000000 ) ) ;
#3082 = VECTOR ( 'NONE', #1375, 1000.000000000000000 ) ;
#3083 = EDGE_CURVE ( 'NONE', #242, #804, #315, .T. ) ;
#3084 = DIRECTION ( 'NONE',  ( -0.000000000000000000, -0.000000000000000000, 1.000000000000000000 ) ) ;
#3085 = ORIENTED_EDGE ( 'NONE', *, *, #872, .T. ) ;
#3086 = DIRECTION ( 'NONE',  ( 0.000000000000000000, -1.000000000000000000, 0.000000000000000000 ) ) ;
#3087 = DIRECTION ( 'NONE',  ( 0.000000000000000000, -1.000000000000000000, 0.000000000000000000 ) ) ;
#3088 = FACE_BOUND ( 'NONE', #1733, .T. ) ;
#3089 = ORIENTED_EDGE ( 'NONE', *, *, #2132, .T. ) ;
#3090 = CARTESIAN_POINT ( 'NONE',  ( -450.0000000000000568, 308.0000000000000568, 562.0000000000000000 ) ) ;
#3091 = FACE_BOUND ( 'NONE', #1820, .T. ) ;
#3092 = ADVANCED_FACE ( 'NONE', ( #3096 ), #562, .T. ) ;
#3093 = LINE ( 'NONE', #2984, #1608 ) ;
#3094 = APPROVAL ( #954, '未指定' ) ;
#3095 = ORIENTED_EDGE ( 'NONE', *, *, #2341, .F. ) ;
#3096 = FACE_OUTER_BOUND ( 'NONE', #1671, .T. ) ;
#3097 = AXIS2_PLACEMENT_3D ( 'NONE', #2826, #518, #3102 ) ;
#3098 = DIRECTION ( 'NONE',  ( 0.000000000000000000, -1.000000000000000000, 0.000000000000000000 ) ) ;
#3099 = DIRECTION ( 'NONE',  ( 0.000000000000000000, 0.000000000000000000, -1.000000000000000000 ) ) ;
#3100 = EDGE_CURVE ( 'NONE', #1902, #3164, #2658, .T. ) ;
#3101 = EDGE_CURVE ( 'NONE', #1377, #3140, #3483, .T. ) ;
#3102 = DIRECTION ( 'NONE',  ( 0.000000000000000000, -0.000000000000000000, -1.000000000000000000 ) ) ;
#3103 = ORIENTED_EDGE ( 'NONE', *, *, #160, .F. ) ;
#3104 = DIRECTION ( 'NONE',  ( 0.000000000000000000, -1.000000000000000000, 0.000000000000000000 ) ) ;
#3105 = EDGE_LOOP ( 'NONE', ( #1478, #1500, #2462, #2027 ) ) ;
#3106 = VECTOR ( 'NONE', #607, 1000.000000000000000 ) ;
#3107 = AXIS2_PLACEMENT_3D ( 'NONE', #172, #466, #986 ) ;
#3108 = LINE ( 'NONE', #1648, #1214 ) ;
#3109 = ADVANCED_FACE ( 'NONE', ( #2744 ), #277, .F. ) ;
#3110 = EDGE_CURVE ( 'NONE', #1706, #1908, #3054, .T. ) ;
#3111 = LINE ( 'NONE', #3408, #1622 ) ;
#3112 = DIRECTION ( 'NONE',  ( -1.000000000000000000, 1.290957005378088582E-16, 0.000000000000000000 ) ) ;
#3113 = CARTESIAN_POINT ( 'NONE',  ( -214.9999999999999716, 375.0000000000000000, 348.0000000000000000 ) ) ;
#3114 = DIRECTION ( 'NONE',  ( -0.000000000000000000, 1.000000000000000000, -0.000000000000000000 ) ) ;
#3115 = ORIENTED_EDGE ( 'NONE', *, *, #402, .T. ) ;
#3116 = EDGE_CURVE ( 'NONE', #2767, #1784, #1063, .T. ) ;
#3117 = EDGE_LOOP ( 'NONE', ( #3575, #1816, #3454, #970 ) ) ;
#3118 = COORDINATED_UNIVERSAL_TIME_OFFSET ( 8, 0, .AHEAD. ) ;
#3119 = VERTEX_POINT ( 'NONE', #2031 ) ;
#3120 = ORIENTED_EDGE ( 'NONE', *, *, #2688, .F. ) ;
#3121 = VECTOR ( 'NONE', #2487, 1000.000000000000000 ) ;
#3122 = DIRECTION ( 'NONE',  ( 0.000000000000000000, 0.000000000000000000, -1.000000000000000000 ) ) ;
#3123 = VERTEX_POINT ( 'NONE', #41 ) ;
#3124 = PRODUCT_DEFINITION_FORMATION_WITH_SPECIFIED_SOURCE ( '任何', '', #556, .NOT_KNOWN. ) ;
#3125 = VERTEX_POINT ( 'NONE', #325 ) ;
#3126 = CARTESIAN_POINT ( 'NONE',  ( 450.0000000000000568, -167.5000000000000000, 20.00000000000000000 ) ) ;
#3127 = CARTESIAN_POINT ( 'NONE',  ( 412.0000000000001705, 30.50000000000003197, 0.000000000000000000 ) ) ;
#3128 = CARTESIAN_POINT ( 'NONE',  ( 449.9999999999999432, 17.99999999999994316, 580.0000000000000000 ) ) ;
#3129 = ADVANCED_FACE ( 'NONE', ( #2018 ), #2486, .T. ) ;
#3130 = EDGE_LOOP ( 'NONE', ( #3352, #2245, #2982, #1834 ) ) ;
#3131 =( NAMED_UNIT ( * ) PLANE_ANGLE_UNIT ( ) SI_UNIT ( $, .RADIAN. ) );
#3132 = LINE ( 'NONE', #3068, #1343 ) ;
#3133 = LINE ( 'NONE', #2852, #3045 ) ;
#3134 = ORIENTED_EDGE ( 'NONE', *, *, #2962, .F. ) ;
#3135 = DIRECTION ( 'NONE',  ( 0.000000000000000000, 1.000000000000000000, 0.000000000000000000 ) ) ;
#3136 = PERSON ( 'NAUO-PER3', 'UNSPECIFIED', 'UNSPECIFIED', ('UNSPECIFIED'), ('UNSPECIFIED'), ('UNSPECIFIED') ) ;
#3137 = CYLINDRICAL_SURFACE ( 'NONE', #3230, 27.00000000000002487 ) ;
#3138 = DIRECTION ( 'NONE',  ( 1.000000000000000000, 0.000000000000000000, 2.775557561562895295E-16 ) ) ;
#3139 = DIRECTION ( 'NONE',  ( -1.000000000000000000, 0.000000000000000000, 0.000000000000000000 ) ) ;
#3140 = VERTEX_POINT ( 'NONE', #929 ) ;
#3141 = CARTESIAN_POINT ( 'NONE',  ( 215.0000000000000284, 375.0000000000000000, 257.9999999999999432 ) ) ;
#3142 = FACE_OUTER_BOUND ( 'NONE', #1465, .T. ) ;
#3143 = DIRECTION ( 'NONE',  ( 1.000000000000000000, 0.000000000000000000, -0.000000000000000000 ) ) ;
#3144 = AXIS2_PLACEMENT_3D ( 'NONE', #3469, #2425, #88 ) ;
#3145 = CIRCLE ( 'NONE', #413, 90.00000000000002842 ) ;
#3146 = ADVANCED_FACE ( 'NONE', ( #481 ), #3006, .T. ) ;
#3147 = DIRECTION ( 'NONE',  ( 0.000000000000000000, -1.000000000000000000, 0.000000000000000000 ) ) ;
#3148 = ORIENTED_EDGE ( 'NONE', *, *, #3425, .T. ) ;
#3149 = VERTEX_POINT ( 'NONE', #2589 ) ;
#3150 = FACE_OUTER_BOUND ( 'NONE', #1140, .T. ) ;
#3151 = DIRECTION ( 'NONE',  ( 0.000000000000000000, -0.000000000000000000, -1.000000000000000000 ) ) ;
#3152 = CARTESIAN_POINT ( 'NONE',  ( 215.0000000000000284, 375.0000000000000000, 348.0000000000000000 ) ) ;
#3153 = DIRECTION ( 'NONE',  ( -0.000000000000000000, 1.000000000000000000, -0.000000000000000000 ) ) ;
#3154 = CYLINDRICAL_SURFACE ( 'NONE', #1267, 26.99999999999999645 ) ;
#3155 = DIRECTION ( 'NONE',  ( 1.000000000000000000, 0.000000000000000000, 0.000000000000000000 ) ) ;
#3156 = DIRECTION ( 'NONE',  ( 0.000000000000000000, 0.000000000000000000, -1.000000000000000000 ) ) ;
#3157 = ORIENTED_EDGE ( 'NONE', *, *, #1489, .F. ) ;
#3158 = DIRECTION ( 'NONE',  ( 0.000000000000000000, 0.000000000000000000, -1.000000000000000000 ) ) ;
#3159 = LOCAL_TIME ( 10, 19, 48.00000000000000000, #2550 ) ;
#3160 = DIRECTION ( 'NONE',  ( 1.000000000000000000, 0.000000000000000000, 0.000000000000000000 ) ) ;
#3161 = CARTESIAN_POINT ( 'NONE',  ( -412.0000000000000568, -131.4999999999999716, -244.0000000000000568 ) ) ;
#3162 = ORIENTED_EDGE ( 'NONE', *, *, #1901, .T. ) ;
#3163 = DIRECTION ( 'NONE',  ( 0.000000000000000000, -1.000000000000000000, 0.000000000000000000 ) ) ;
#3164 = VERTEX_POINT ( 'NONE', #1793 ) ;
#3165 = APPROVAL_DATE_TIME ( #250, #2495 ) ;
#3166 = ADVANCED_FACE ( 'NONE', ( #3222 ), #972, .T. ) ;
#3167 = VERTEX_POINT ( 'NONE', #3409 ) ;
#3168 =( GEOMETRIC_REPRESENTATION_CONTEXT ( 3 ) GLOBAL_UNCERTAINTY_ASSIGNED_CONTEXT ( ( #2155 ) ) GLOBAL_UNIT_ASSIGNED_CONTEXT ( ( #1751, #879, #2879 ) ) REPRESENTATION_CONTEXT ( 'NONE', 'WORKASPACE' ) );
#3169 = ORIENTED_EDGE ( 'NONE', *, *, #1879, .F. ) ;
#3170 = VECTOR ( 'NONE', #1738, 1000.000000000000000 ) ;
#3171 = DIRECTION ( 'NONE',  ( 0.000000000000000000, 0.000000000000000000, 1.000000000000000000 ) ) ;
#3172 = DIRECTION ( 'NONE',  ( 0.000000000000000000, -0.000000000000000000, 1.000000000000000000 ) ) ;
#3173 = PLANE ( 'NONE',  #1866 ) ;
#3174 = CARTESIAN_POINT ( 'NONE',  ( -431.9999999999999432, 1.734723475976807094E-14, 99.99999999999987210 ) ) ;
#3175 = DIRECTION ( 'NONE',  ( 0.000000000000000000, 0.000000000000000000, -1.000000000000000000 ) ) ;
#3176 = EDGE_CURVE ( 'NONE', #1017, #1767, #3393, .T. ) ;
#3177 = VECTOR ( 'NONE', #176, 1000.000000000000000 ) ;
#3178 = VECTOR ( 'NONE', #1880, 1000.000000000000000 ) ;
#3179 = APPROVAL_ROLE ( '' ) ;
#3180 = ORIENTED_EDGE ( 'NONE', *, *, #1418, .T. ) ;
#3181 = EDGE_CURVE ( 'NONE', #758, #2966, #1754, .T. ) ;
#3182 = CYLINDRICAL_SURFACE ( 'NONE', #597, 26.99999999999999645 ) ;
#3183 = DIRECTION ( 'NONE',  ( 1.000000000000000000, 0.000000000000000000, -0.000000000000000000 ) ) ;
#3184 = ORIENTED_EDGE ( 'NONE', *, *, #3591, .T. ) ;
#3185 = DIRECTION ( 'NONE',  ( 0.000000000000000000, 0.000000000000000000, 1.000000000000000000 ) ) ;
#3186 = VECTOR ( 'NONE', #3472, 1000.000000000000000 ) ;
#3187 = EDGE_CURVE ( 'NONE', #2905, #869, #2323, .T. ) ;
#3188 = CARTESIAN_POINT ( 'NONE',  ( -450.0000000000000568, 308.0000000000000568, 580.0000000000000000 ) ) ;
#3189 = EDGE_LOOP ( 'NONE', ( #1938, #3314, #36, #2950 ) ) ;
#3190 = ORIENTED_EDGE ( 'NONE', *, *, #572, .F. ) ;
#3191 = EDGE_LOOP ( 'NONE', ( #322, #3465 ) ) ;
#3192 = APPROVAL ( #3554, '未指定' ) ;
#3193 = ORIENTED_EDGE ( 'NONE', *, *, #2962, .T. ) ;
#3194 = CARTESIAN_POINT ( 'NONE',  ( -380.0000000000001705, -380.0000000000000000, 510.0000000000000000 ) ) ;
#3195 = EDGE_CURVE ( 'NONE', #1350, #553, #839, .T. ) ;
#3196 = ORIENTED_EDGE ( 'NONE', *, *, #169, .F. ) ;
#3197 = DIRECTION ( 'NONE',  ( 3.412570772413391959E-16, 0.000000000000000000, 1.000000000000000000 ) ) ;
#3198 = PERSON_AND_ORGANIZATION_ROLE ( 'design_supplier' ) ;
#3199 = ORIENTED_EDGE ( 'NONE', *, *, #365, .F. ) ;
#3200 = VERTEX_POINT ( 'NONE', #2578 ) ;
#3201 = DATE_AND_TIME ( #1814, #3280 ) ;
#3202 = DIRECTION ( 'NONE',  ( -0.000000000000000000, -0.000000000000000000, -1.000000000000000000 ) ) ;
#3203 = VERTEX_POINT ( 'NONE', #1467 ) ;
#3204 = EDGE_CURVE ( 'NONE', #70, #2901, #2358, .T. ) ;
#3205 = EDGE_LOOP ( 'NONE', ( #2035, #1641, #74, #974 ) ) ;
#3206 = LINE ( 'NONE', #2921, #1094 ) ;
#3207 = CARTESIAN_POINT ( 'NONE',  ( 380.0000000000001705, -420.0000000000000000, 89.99999999999997158 ) ) ;
#3208 = ORIENTED_EDGE ( 'NONE', *, *, #686, .T. ) ;
#3209 = CARTESIAN_POINT ( 'NONE',  ( -450.0000000000000568, -365.0000000000000000, 580.0000000000000000 ) ) ;
#3210 = ORIENTED_EDGE ( 'NONE', *, *, #3116, .T. ) ;
#3211 = ORIENTED_EDGE ( 'NONE', *, *, #511, .F. ) ;
#3212 = AXIS2_PLACEMENT_3D ( 'NONE', #2687, #2696, #1298 ) ;
#3213 = EDGE_CURVE ( 'NONE', #2785, #171, #881, .T. ) ;
#3214 = FACE_OUTER_BOUND ( 'NONE', #2404, .T. ) ;
#3215 = VECTOR ( 'NONE', #1903, 1000.000000000000000 ) ;
#3216 = DIRECTION ( 'NONE',  ( 1.000000000000000000, 0.000000000000000000, 0.000000000000000000 ) ) ;
#3217 = DIRECTION ( 'NONE',  ( -0.000000000000000000, 1.000000000000000000, -0.000000000000000000 ) ) ;
#3218 = LINE ( 'NONE', #2363, #1869 ) ;
#3219 = EDGE_CURVE ( 'NONE', #1280, #2935, #2615, .T. ) ;
#3220 = ORIENTED_EDGE ( 'NONE', *, *, #836, .F. ) ;
#3221 = LINE ( 'NONE', #385, #3434 ) ;
#3222 = FACE_OUTER_BOUND ( 'NONE', #3105, .T. ) ;
#3223 = EDGE_LOOP ( 'NONE', ( #955, #1993 ) ) ;
#3224 = LINE ( 'NONE', #2296, #2364 ) ;
#3225 = CARTESIAN_POINT ( 'NONE',  ( -380.0000000000001705, -420.0000000000000000, 485.0000000000000000 ) ) ;
#3226 = DIRECTION ( 'NONE',  ( 1.000000000000000000, -1.210272192541958369E-16, -0.000000000000000000 ) ) ;
#3227 = ORIENTED_EDGE ( 'NONE', *, *, #2899, .F. ) ;
#3228 = LINE ( 'NONE', #3442, #2535 ) ;
#3229 = PRODUCT_DEFINITION_FORMATION_WITH_SPECIFIED_SOURCE ( '任何', '', #911, .NOT_KNOWN. ) ;
#3230 = AXIS2_PLACEMENT_3D ( 'NONE', #2234, #2727, #507 ) ;
#3231 = EDGE_LOOP ( 'NONE', ( #3534, #1144 ) ) ;
#3232 = EDGE_CURVE ( 'NONE', #485, #666, #1878, .T. ) ;
#3233 = DIRECTION ( 'NONE',  ( -1.000000000000000000, -0.000000000000000000, -0.000000000000000000 ) ) ;
#3234 = CARTESIAN_POINT ( 'NONE',  ( 412.0000000000000568, -131.4999999999999716, -461.9999999999999432 ) ) ;
#3235 = CARTESIAN_POINT ( 'NONE',  ( 450.0000000000000568, -167.5000000000000000, 20.00000000000000000 ) ) ;
#3236 = PERSON_AND_ORGANIZATION ( #2026, #1228 ) ;
#3237 = ORIENTED_EDGE ( 'NONE', *, *, #2541, .T. ) ;
#3238 = ORIENTED_EDGE ( 'NONE', *, *, #523, .T. ) ;
#3239 = EDGE_CURVE ( 'NONE', #1518, #2196, #1112, .T. ) ;
#3240 = COORDINATED_UNIVERSAL_TIME_OFFSET ( 8, 0, .AHEAD. ) ;
#3241 = CARTESIAN_POINT ( 'NONE',  ( 380.0000000000001705, -435.0000000000000000, 94.99999999999995737 ) ) ;
#3242 = ORIENTED_EDGE ( 'NONE', *, *, #1662, .T. ) ;
#3243 = ORIENTED_EDGE ( 'NONE', *, *, #1181, .T. ) ;
#3244 = CARTESIAN_POINT ( 'NONE',  ( 431.9999999999999432, 0.000000000000000000, 580.0000000000000000 ) ) ;
#3245 = FACE_OUTER_BOUND ( 'NONE', #246, .T. ) ;
#3246 = VERTEX_POINT ( 'NONE', #1284 ) ;
#3247 = ORIENTED_EDGE ( 'NONE', *, *, #1418, .F. ) ;
#3248 = DIRECTION ( 'NONE',  ( 0.000000000000000000, -1.000000000000000000, 0.000000000000000000 ) ) ;
#3249 = DIRECTION ( 'NONE',  ( 1.000000000000000000, 0.000000000000000000, -2.403080139881291685E-16 ) ) ;
#3250 = FACE_OUTER_BOUND ( 'NONE', #719, .T. ) ;
#3251 = AXIS2_PLACEMENT_3D ( 'NONE', #1153, #55, #3395 ) ;
#3252 = VECTOR ( 'NONE', #3335, 1000.000000000000000 ) ;
#3253 = ORIENTED_EDGE ( 'NONE', *, *, #2186, .F. ) ;
#3254 = EDGE_CURVE ( 'NONE', #2421, #2977, #1010, .T. ) ;
#3255 = VECTOR ( 'NONE', #994, 1000.000000000000000 ) ;
#3256 = CARTESIAN_POINT ( 'NONE',  ( 215.0000000000000284, 365.0000000000000000, 368.0000000000000000 ) ) ;
#3257 = EDGE_CURVE ( 'NONE', #908, #3279, #2437, .T. ) ;
#3258 = LINE ( 'NONE', #1623, #932 ) ;
#3259 = PERSON_AND_ORGANIZATION_ROLE ( 'creator' ) ;
#3260 = CARTESIAN_POINT ( 'NONE',  ( -450.0000000000000568, 341.5000000000000000, 612.2599999999998772 ) ) ;
#3261 = EDGE_CURVE ( 'NONE', #1324, #3509, #1701, .T. ) ;
#3262 = ORIENTED_EDGE ( 'NONE', *, *, #2867, .T. ) ;
#3263 = VERTEX_POINT ( 'NONE', #2087 ) ;
#3264 = LINE ( 'NONE', #2029, #2331 ) ;
#3265 = PLANE ( 'NONE',  #2185 ) ;
#3266 = CARTESIAN_POINT ( 'NONE',  ( -380.0000000000001705, -380.0000000000000000, 530.0000000000000000 ) ) ;
#3267 = ORIENTED_EDGE ( 'NONE', *, *, #2019, .T. ) ;
#3268 = CIRCLE ( 'NONE', #492, 20.00000000000001776 ) ;
#3269 = PLANE ( 'NONE',  #437 ) ;
#3270 = DIRECTION ( 'NONE',  ( -0.000000000000000000, 1.000000000000000000, -0.000000000000000000 ) ) ;
#3271 = AXIS2_PLACEMENT_3D ( 'NONE', #314, #3153, #335 ) ;
#3272 = CARTESIAN_POINT ( 'NONE',  ( -214.9999999999999716, 375.0000000000000000, 368.0000000000000000 ) ) ;
#3273 = CARTESIAN_POINT ( 'NONE',  ( -432.0000000000000568, -75.00000000000007105, 533.9999999999998863 ) ) ;
#3274 = AXIS2_PLACEMENT_3D ( 'NONE', #2062, #3382, #2300 ) ;
#3275 = VERTEX_POINT ( 'NONE', #92 ) ;
#3276 = EDGE_CURVE ( 'NONE', #1400, #1955, #1565, .T. ) ;
#3277 = DATE_AND_TIME ( #20, #1270 ) ;
#3278 = EDGE_LOOP ( 'NONE', ( #1931, #841 ) ) ;
#3279 = VERTEX_POINT ( 'NONE', #386 ) ;
#3280 = LOCAL_TIME ( 10, 19, 48.00000000000000000, #858 ) ;
#3281 = DESIGN_CONTEXT ( 'detailed design', #638, 'design' ) ;
#3282 = ORIENTED_EDGE ( 'NONE', *, *, #836, .T. ) ;
#3283 = ADVANCED_FACE ( 'NONE', ( #308 ), #130, .F. ) ;
#3284 = DIRECTION ( 'NONE',  ( 0.000000000000000000, -1.239088197126289831E-16, -1.000000000000000000 ) ) ;
#3285 = ORIENTED_EDGE ( 'NONE', *, *, #3036, .F. ) ;
#3286 = VECTOR ( 'NONE', #657, 1000.000000000000000 ) ;
#3287 = CARTESIAN_POINT ( 'NONE',  ( 35.00000000000006395, 397.0000000000000000, 492.0000000000000000 ) ) ;
#3288 = VERTEX_POINT ( 'NONE', #1246 ) ;
#3289 = DIRECTION ( 'NONE',  ( 0.000000000000000000, 1.000000000000000000, 0.000000000000000000 ) ) ;
#3290 = ORIENTED_EDGE ( 'NONE', *, *, #1385, .F. ) ;
#3291 = DIRECTION ( 'NONE',  ( -1.000000000000000000, 0.000000000000000000, 0.000000000000000000 ) ) ;
#3292 = ORIENTED_EDGE ( 'NONE', *, *, #3204, .T. ) ;
#3293 = CARTESIAN_POINT ( 'NONE',  ( -449.9999999999999432, -167.5000000000000000, 20.00000000000000000 ) ) ;
#3294 = EDGE_CURVE ( 'NONE', #762, #2610, #77, .T. ) ;
#3295 = ORIENTED_EDGE ( 'NONE', *, *, #1293, .T. ) ;
#3296 = DIRECTION ( 'NONE',  ( -1.000000000000000000, 0.000000000000000000, 0.000000000000000000 ) ) ;
#3297 = DIRECTION ( 'NONE',  ( 0.000000000000000000, 0.000000000000000000, 1.000000000000000000 ) ) ;
#3298 = LINE ( 'NONE', #1981, #479 ) ;
#3299 = CYLINDRICAL_SURFACE ( 'NONE', #2255, 109.9999999999999858 ) ;
#3300 = LINE ( 'NONE', #2588, #2953 ) ;
#3301 = EDGE_LOOP ( 'NONE', ( #652, #290, #2869, #3540 ) ) ;
#3302 = SECURITY_CLASSIFICATION_LEVEL ( 'unclassified' ) ;
#3303 = SECURITY_CLASSIFICATION ( '', '', #3302 ) ;
#3304 = AXIS2_PLACEMENT_3D ( 'NONE', #821, #3646, #2262 ) ;
#3305 = VECTOR ( 'NONE', #3019, 1000.000000000000000 ) ;
#3306 = VECTOR ( 'NONE', #2746, 1000.000000000000000 ) ;
#3307 = ADVANCED_FACE ( 'NONE', ( #536 ), #2268, .T. ) ;
#3308 = ORIENTED_EDGE ( 'NONE', *, *, #2088, .F. ) ;
#3309 = CARTESIAN_POINT ( 'NONE',  ( 380.0000000000001705, -380.0000000000000000, 510.0000000000000000 ) ) ;
#3310 = VECTOR ( 'NONE', #634, 1000.000000000000000 ) ;
#3311 = DIRECTION ( 'NONE',  ( 0.000000000000000000, -1.000000000000000000, 0.000000000000000000 ) ) ;
#3312 = DIRECTION ( 'NONE',  ( 0.000000000000000000, 0.000000000000000000, 1.000000000000000000 ) ) ;
#3313 = VERTEX_POINT ( 'NONE', #408 ) ;
#3314 = ORIENTED_EDGE ( 'NONE', *, *, #2896, .T. ) ;
#3315 = LINE ( 'NONE', #2209, #3622 ) ;
#3316 = PERSON_AND_ORGANIZATION_ROLE ( 'classification_officer' ) ;
#3317 = DIRECTION ( 'NONE',  ( 0.000000000000000000, 0.000000000000000000, 1.000000000000000000 ) ) ;
#3318 = PLANE ( 'NONE',  #133 ) ;
#3319 = VERTEX_POINT ( 'NONE', #102 ) ;
#3320 = ORIENTED_EDGE ( 'NONE', *, *, #2656, .T. ) ;
#3321 = LINE ( 'NONE', #3429, #2582 ) ;
#3322 = DIRECTION ( 'NONE',  ( 0.000000000000000000, 1.000000000000000000, 0.000000000000000000 ) ) ;
#3323 = CIRCLE ( 'NONE', #2847, 26.99999999999999645 ) ;
#3324 = CARTESIAN_POINT ( 'NONE',  ( 35.00000000000006395, 365.0000000000000000, 492.0000000000000000 ) ) ;
#3325 = CARTESIAN_POINT ( 'NONE',  ( -449.9999999999999432, -167.5000000000000000, 20.00000000000000000 ) ) ;
#3326 = AXIS2_PLACEMENT_3D ( 'NONE', #915, #926, #1306 ) ;
#3327 = EDGE_LOOP ( 'NONE', ( #630, #605, #3295, #672 ) ) ;
#3328 = PERSON_AND_ORGANIZATION_ROLE ( 'classification_officer' ) ;
#3329 = DIRECTION ( 'NONE',  ( -0.000000000000000000, -0.000000000000000000, 1.000000000000000000 ) ) ;
#3330 = DIRECTION ( 'NONE',  ( 3.412570772413391466E-16, -4.130139510933359278E-32, 1.000000000000000000 ) ) ;
#3331 = APPROVAL_DATE_TIME ( #907, #1092 ) ;
#3332 = CARTESIAN_POINT ( 'NONE',  ( -214.9999999999999716, 375.0000000000000000, 168.0000000000000000 ) ) ;
#3333 = VERTEX_POINT ( 'NONE', #2684 ) ;
#3334 = EDGE_LOOP ( 'NONE', ( #2397, #148, #1705, #2834 ) ) ;
#3335 = DIRECTION ( 'NONE',  ( -0.000000000000000000, 1.000000000000000000, -0.000000000000000000 ) ) ;
#3336 = LINE ( 'NONE', #178, #258 ) ;
#3337 = CARTESIAN_POINT ( 'NONE',  ( 380.0000000000001705, -380.0000000000000000, 537.0000000000000000 ) ) ;
#3338 = CARTESIAN_POINT ( 'NONE',  ( 0.000000000000000000, 0.000000000000000000, 18.00000000000000000 ) ) ;
#3339 = DIRECTION ( 'NONE',  ( -1.000000000000000000, 0.000000000000000000, -2.312964634635742957E-16 ) ) ;
#3340 = EDGE_CURVE ( 'NONE', #1150, #1692, #2686, .T. ) ;
#3341 = CARTESIAN_POINT ( 'NONE',  ( -450.0000000000000568, -57.00000000000006395, 562.0000000000000000 ) ) ;
#3342 = LINE ( 'NONE', #1286, #1287 ) ;
#3343 = AXIS2_PLACEMENT_3D ( 'NONE', #1782, #1805, #3175 ) ;
#3344 = LINE ( 'NONE', #1110, #3612 ) ;
#3345 = ORIENTED_EDGE ( 'NONE', *, *, #2918, .F. ) ;
#3346 = DIRECTION ( 'NONE',  ( 1.000000000000000000, 0.000000000000000000, 0.000000000000000000 ) ) ;
#3347 = DIRECTION ( 'NONE',  ( -0.000000000000000000, -1.000000000000000000, -0.000000000000000000 ) ) ;
#3348 = FACE_OUTER_BOUND ( 'NONE', #1469, .T. ) ;
#3349 = DIRECTION ( 'NONE',  ( -1.000000000000000000, 1.210272192541958369E-16, 0.000000000000000000 ) ) ;
#3350 = CIRCLE ( 'NONE', #1082, 26.99999999999996803 ) ;
#3351 = DIRECTION ( 'NONE',  ( -0.000000000000000000, -1.000000000000000000, -0.000000000000000000 ) ) ;
#3352 = ORIENTED_EDGE ( 'NONE', *, *, #2739, .F. ) ;
#3353 = FACE_OUTER_BOUND ( 'NONE', #3458, .T. ) ;
#3354 = ADVANCED_FACE ( 'NONE', ( #2555 ), #2598, .F. ) ;
#3355 = CARTESIAN_POINT ( 'NONE',  ( 0.000000000000000000, 1.734723475976807094E-14, 0.000000000000000000 ) ) ;
#3356 = CARTESIAN_POINT ( 'NONE',  ( -380.0000000000001705, -420.0000000000000000, 69.99999999999995737 ) ) ;
#3357 = CIRCLE ( 'NONE', #3397, 89.99999999999997158 ) ;
#3358 = DIRECTION ( 'NONE',  ( -1.000000000000000000, 0.000000000000000000, -0.000000000000000000 ) ) ;
#3359 = CARTESIAN_POINT ( 'NONE',  ( -382.0000000000001137, 1.734723475976807094E-14, 579.9999999999998863 ) ) ;
#3360 = DIRECTION ( 'NONE',  ( 0.000000000000000000, -1.000000000000000000, 0.000000000000000000 ) ) ;
#3361 = EDGE_LOOP ( 'NONE', ( #1863, #21, #1550, #2557 ) ) ;
#3362 = DATE_AND_TIME ( #2717, #498 ) ;
#3363 = ORIENTED_EDGE ( 'NONE', *, *, #2092, .F. ) ;
#3364 = CARTESIAN_POINT ( 'NONE',  ( -450.0000000000000568, -47.00000000000005684, 551.9999999999998863 ) ) ;
#3365 = CARTESIAN_POINT ( 'NONE',  ( -380.0000000000001705, -420.0000000000000000, 89.99999999999997158 ) ) ;
#3366 = ORIENTED_EDGE ( 'NONE', *, *, #3007, .F. ) ;
#3367 = CC_DESIGN_APPROVAL ( #846, ( #3229 ) ) ;
#3368 = PERSON_AND_ORGANIZATION ( #2026, #1228 ) ;
#3369 = CARTESIAN_POINT ( 'NONE',  ( -412.0000000000000568, -131.4999999999999716, -461.9999999999999432 ) ) ;
#3370 = ORIENTED_EDGE ( 'NONE', *, *, #1304, .F. ) ;
#3371 = CARTESIAN_POINT ( 'NONE',  ( 380.0000000000001705, -435.0000000000000000, 510.0000000000000000 ) ) ;
#3372 = ORIENTED_EDGE ( 'NONE', *, *, #684, .F. ) ;
#3373 = DIRECTION ( 'NONE',  ( 0.000000000000000000, 0.000000000000000000, 1.000000000000000000 ) ) ;
#3374 = LINE ( 'NONE', #2991, #3463 ) ;
#3375 = ADVANCED_FACE ( 'NONE', ( #155, #2639 ), #1525, .T. ) ;
#3376 = EDGE_CURVE ( 'NONE', #2735, #1133, #2345, .T. ) ;
#3377 = EDGE_CURVE ( 'NONE', #2518, #3632, #3206, .T. ) ;
#3378 = CARTESIAN_POINT ( 'NONE',  ( -412.0000000000000568, -131.4999999999999716, -461.9999999999999432 ) ) ;
#3379 = DIRECTION ( 'NONE',  ( -0.000000000000000000, 1.000000000000000000, -0.000000000000000000 ) ) ;
#3380 = CYLINDRICAL_SURFACE ( 'NONE', #2848, 20.00000000000001776 ) ;
#3381 = EDGE_LOOP ( 'NONE', ( #993, #653, #3199, #414 ) ) ;
#3382 = DIRECTION ( 'NONE',  ( -0.000000000000000000, 1.000000000000000000, -0.000000000000000000 ) ) ;
#3383 = EDGE_CURVE ( 'NONE', #2667, #13, #376, .T. ) ;
#3384 = LINE ( 'NONE', #3244, #695 ) ;
#3385 = DIRECTION ( 'NONE',  ( -0.000000000000000000, 0.000000000000000000, 1.000000000000000000 ) ) ;
#3386 = LINE ( 'NONE', #1581, #1217 ) ;
#3387 = ORIENTED_EDGE ( 'NONE', *, *, #3083, .F. ) ;
#3388 = DIRECTION ( 'NONE',  ( -0.000000000000000000, -0.000000000000000000, 1.000000000000000000 ) ) ;
#3389 = VECTOR ( 'NONE', #418, 1000.000000000000000 ) ;
#3390 = AXIS2_PLACEMENT_3D ( 'NONE', #838, #3104, #813 ) ;
#3391 = DIRECTION ( 'NONE',  ( 1.000000000000000000, 0.000000000000000000, 0.000000000000000000 ) ) ;
#3392 = ORIENTED_EDGE ( 'NONE', *, *, #2205, .T. ) ;
#3393 = LINE ( 'NONE', #613, #224 ) ;
#3394 = ADVANCED_FACE ( 'NONE', ( #1860 ), #1308, .F. ) ;
#3395 = DIRECTION ( 'NONE',  ( 0.000000000000000000, 0.000000000000000000, -1.000000000000000000 ) ) ;
#3396 = DIRECTION ( 'NONE',  ( -0.000000000000000000, 1.000000000000000000, -0.000000000000000000 ) ) ;
#3397 = AXIS2_PLACEMENT_3D ( 'NONE', #3040, #1599, #3024 ) ;
#3398 = CARTESIAN_POINT ( 'NONE',  ( -450.0000000000000568, 365.0000000000000000, 580.0000000000000000 ) ) ;
#3399 = ORIENTED_EDGE ( 'NONE', *, *, #2020, .F. ) ;
#3400 = FACE_BOUND ( 'NONE', #2311, .T. ) ;
#3401 = VERTEX_POINT ( 'NONE', #2426 ) ;
#3402 = PRODUCT_DEFINITION_SHAPE ( 'NONE', 'NONE',  #3654 ) ;
#3403 = FACE_OUTER_BOUND ( 'NONE', #1861, .T. ) ;
#3404 = DIRECTION ( 'NONE',  ( 0.000000000000000000, 1.000000000000000000, 0.000000000000000000 ) ) ;
#3405 = EDGE_CURVE ( 'NONE', #869, #13, #203, .T. ) ;
#3406 = LINE ( 'NONE', #2320, #2673 ) ;
#3407 = CARTESIAN_POINT ( 'NONE',  ( -380.0000000000001705, -435.0000000000000000, 69.99999999999995737 ) ) ;
#3408 = CARTESIAN_POINT ( 'NONE',  ( -412.0000000000000568, -131.4999999999999716, 0.000000000000000000 ) ) ;
#3409 = CARTESIAN_POINT ( 'NONE',  ( 431.9999999999999432, -347.0000000000000000, 580.0000000000000000 ) ) ;
#3410 = VERTEX_POINT ( 'NONE', #1882 ) ;
#3411 = ADVANCED_FACE ( 'NONE', ( #731, #341, #1503, #3644, #3245 ), #2411, .F. ) ;
#3412 = PERSON_AND_ORGANIZATION ( #2026, #1228 ) ;
#3413 = EDGE_LOOP ( 'NONE', ( #1822, #3473 ) ) ;
#3414 = ORIENTED_EDGE ( 'NONE', *, *, #2503, .F. ) ;
#3415 = DIRECTION ( 'NONE',  ( 0.000000000000000000, 0.000000000000000000, -1.000000000000000000 ) ) ;
#3416 = CC_DESIGN_PERSON_AND_ORGANIZATION_ASSIGNMENT ( #373, #1064, ( #3124 ) ) ;
#3417 = ORIENTED_EDGE ( 'NONE', *, *, #2503, .T. ) ;
#3418 = AXIS2_PLACEMENT_3D ( 'NONE', #1609, #179, #2948 ) ;
#3419 = FACE_BOUND ( 'NONE', #2662, .T. ) ;
#3420 = DIRECTION ( 'NONE',  ( 0.000000000000000000, 1.000000000000000000, 0.000000000000000000 ) ) ;
#3421 = DIRECTION ( 'NONE',  ( 1.000000000000000000, 0.000000000000000000, 0.000000000000000000 ) ) ;
#3422 = EDGE_CURVE ( 'NONE', #3023, #2514, #819, .T. ) ;
#3423 = PLANE ( 'NONE',  #45 ) ;
#3424 = FACE_OUTER_BOUND ( 'NONE', #2383, .T. ) ;
#3425 = EDGE_CURVE ( 'NONE', #1979, #171, #1817, .T. ) ;
#3426 = ADVANCED_FACE ( 'NONE', ( #1591 ), #2987, .T. ) ;
#3427 = CARTESIAN_POINT ( 'NONE',  ( 449.9999999999999432, -365.0000000000000000, 0.000000000000000000 ) ) ;
#3428 = CIRCLE ( 'NONE', #2123, 25.00000000000002132 ) ;
#3429 = CARTESIAN_POINT ( 'NONE',  ( 450.0000000000000568, -167.5000000000000000, 0.000000000000000000 ) ) ;
#3430 = CARTESIAN_POINT ( 'NONE',  ( 35.00000000000006395, 365.0000000000000000, 507.0000000000000000 ) ) ;
#3431 = ORIENTED_EDGE ( 'NONE', *, *, #2655, .T. ) ;
#3432 = EDGE_CURVE ( 'NONE', #2765, #1350, #2906, .T. ) ;
#3433 = DIRECTION ( 'NONE',  ( -0.000000000000000000, -1.000000000000000000, -0.000000000000000000 ) ) ;
#3434 = VECTOR ( 'NONE', #1272, 1000.000000000000000 ) ;
#3435 = LINE ( 'NONE', #806, #794 ) ;
#3436 = DIRECTION ( 'NONE',  ( 1.000000000000000000, 0.000000000000000000, 0.000000000000000000 ) ) ;
#3437 = AXIS2_PLACEMENT_3D ( 'NONE', #462, #1925, #1014 ) ;
#3438 = DIRECTION ( 'NONE',  ( 0.000000000000000000, 0.000000000000000000, -1.000000000000000000 ) ) ;
#3439 = VERTEX_POINT ( 'NONE', #2701 ) ;
#3440 = ORIENTED_EDGE ( 'NONE', *, *, #2655, .F. ) ;
#3441 = LINE ( 'NONE', #1803, #1939 ) ;
#3442 = CARTESIAN_POINT ( 'NONE',  ( 431.9999999999999432, -75.00000000000007105, 579.9999999999998863 ) ) ;
#3443 = CARTESIAN_POINT ( 'NONE',  ( -432.0000000000000568, 17.99999999999994316, 580.0000000000000000 ) ) ;
#3444 = EDGE_CURVE ( 'NONE', #2977, #1150, #2515, .T. ) ;
#3445 = DIRECTION ( 'NONE',  ( 1.290957005378088582E-16, 1.000000000000000000, 0.000000000000000000 ) ) ;
#3446 = ADVANCED_FACE ( 'NONE', ( #2173, #2726 ), #687, .F. ) ;
#3447 = CIRCLE ( 'NONE', #2299, 20.00000000000001776 ) ;
#3448 = EDGE_CURVE ( 'NONE', #2552, #1979, #3374, .T. ) ;
#3449 = ORIENTED_EDGE ( 'NONE', *, *, #3444, .T. ) ;
#3450 = CALENDAR_DATE ( 2026, 9, 6 ) ;
#3451 = CARTESIAN_POINT ( 'NONE',  ( -380.0000000000001705, -380.0000000000000000, 490.0000000000000000 ) ) ;
#3452 = ORIENTED_EDGE ( 'NONE', *, *, #2936, .T. ) ;
#3453 = PLANE ( 'NONE',  #1394 ) ;
#3454 = ORIENTED_EDGE ( 'NONE', *, *, #2448, .T. ) ;
#3455 = CARTESIAN_POINT ( 'NONE',  ( -380.0000000000001705, -380.0000000000000000, 483.0000000000000568 ) ) ;
#3456 = DESIGN_CONTEXT ( 'detailed design', #194, 'design' ) ;
#3457 = AXIS2_PLACEMENT_3D ( 'NONE', #767, #1052, #1664 ) ;
#3458 = EDGE_LOOP ( 'NONE', ( #2279, #1676, #1547, #3392 ) ) ;
#3459 = DIRECTION ( 'NONE',  ( -0.000000000000000000, 1.000000000000000000, -0.000000000000000000 ) ) ;
#3460 = AXIS2_PLACEMENT_3D ( 'NONE', #398, #3486, #2633 ) ;
#3461 = DIRECTION ( 'NONE',  ( -1.000000000000000000, 0.000000000000000000, 3.412570772413391959E-16 ) ) ;
#3462 = ORIENTED_EDGE ( 'NONE', *, *, #1769, .F. ) ;
#3463 = VECTOR ( 'NONE', #2754, 1000.000000000000000 ) ;
#3464 = PERSON_AND_ORGANIZATION_ROLE ( 'design_supplier' ) ;
#3465 = ORIENTED_EDGE ( 'NONE', *, *, #2638, .T. ) ;
#3466 = ADVANCED_FACE ( 'NONE', ( #953 ), #471, .F. ) ;
#3467 = EDGE_CURVE ( 'NONE', #2256, #960, #2821, .T. ) ;
#3468 = ORIENTED_EDGE ( 'NONE', *, *, #2180, .F. ) ;
#3469 = CARTESIAN_POINT ( 'NONE',  ( 380.0000000000001705, -380.0000000000000000, 510.0000000000000000 ) ) ;
#3470 = CARTESIAN_POINT ( 'NONE',  ( 380.0000000000001705, -420.0000000000000000, 510.0000000000000000 ) ) ;
#3471 = VECTOR ( 'NONE', #2769, 1000.000000000000000 ) ;
#3472 = DIRECTION ( 'NONE',  ( -0.000000000000000000, 2.478176394252579662E-16, 1.000000000000000000 ) ) ;
#3473 = ORIENTED_EDGE ( 'NONE', *, *, #3101, .T. ) ;
#3474 = FACE_OUTER_BOUND ( 'NONE', #2000, .T. ) ;
#3475 = CIRCLE ( 'NONE', #1650, 25.00000000000002132 ) ;
#3476 = VECTOR ( 'NONE', #48, 1000.000000000000000 ) ;
#3477 = PERSON_AND_ORGANIZATION_ROLE ( 'creator' ) ;
#3478 = VERTEX_POINT ( 'NONE', #457 ) ;
#3479 = EDGE_CURVE ( 'NONE', #2785, #2552, #1778, .T. ) ;
#3480 = PLANE ( 'NONE',  #579 ) ;
#3481 = CYLINDRICAL_SURFACE ( 'NONE', #84, 20.00000000000001776 ) ;
#3482 = FACE_OUTER_BOUND ( 'NONE', #267, .T. ) ;
#3483 = CIRCLE ( 'NONE', #3390, 25.00000000000002132 ) ;
#3484 = DIRECTION ( 'NONE',  ( 0.000000000000000000, -1.000000000000000000, 0.000000000000000000 ) ) ;
#3485 = EDGE_CURVE ( 'NONE', #3203, #124, #513, .T. ) ;
#3486 = DIRECTION ( 'NONE',  ( -0.000000000000000000, -1.000000000000000000, -0.000000000000000000 ) ) ;
#3487 = CARTESIAN_POINT ( 'NONE',  ( -432.0000000000000568, 0.000000000000000000, 533.9999999999998863 ) ) ;
#3488 = ORIENTED_EDGE ( 'NONE', *, *, #1069, .F. ) ;
#3489 = LINE ( 'NONE', #3593, #535 ) ;
#3490 = CC_DESIGN_APPROVAL ( #2495, ( #83 ) ) ;
#3491 = AXIS2_PLACEMENT_3D ( 'NONE', #3325, #234, #1670 ) ;
#3492 = EDGE_LOOP ( 'NONE', ( #2681, #3095, #2204, #827, #2938, #1275, #1356, #206, #2139, #865, #957, #1409 ) ) ;
#3493 = CIRCLE ( 'NONE', #2441, 20.00000000000001776 ) ;
#3494 = CARTESIAN_POINT ( 'NONE',  ( -380.0000000000001705, -365.0000000000000000, 510.0000000000000000 ) ) ;
#3495 = DIRECTION ( 'NONE',  ( 1.000000000000000000, -0.000000000000000000, 2.775557561562895295E-16 ) ) ;
#3496 = DIRECTION ( 'NONE',  ( 0.000000000000000000, 0.000000000000000000, 1.000000000000000000 ) ) ;
#3497 = DIRECTION ( 'NONE',  ( 0.000000000000000000, 0.000000000000000000, -1.000000000000000000 ) ) ;
#3498 = COORDINATED_UNIVERSAL_TIME_OFFSET ( 8, 0, .AHEAD. ) ;
#3499 = DIRECTION ( 'NONE',  ( -0.000000000000000000, 1.000000000000000000, -0.000000000000000000 ) ) ;
#3500 = ORIENTED_EDGE ( 'NONE', *, *, #3065, .F. ) ;
#3501 = DATE_AND_TIME ( #1545, #1273 ) ;
#3502 = ORIENTED_EDGE ( 'NONE', *, *, #3467, .T. ) ;
#3503 = EDGE_CURVE ( 'NONE', #3313, #2871, #2380, .T. ) ;
#3504 = ORIENTED_EDGE ( 'NONE', *, *, #2070, .T. ) ;
#3505 = SHAPE_DEFINITION_REPRESENTATION ( #1716, #1200 ) ;
#3506 = ORIENTED_EDGE ( 'NONE', *, *, #128, .F. ) ;
#3507 = CARTESIAN_POINT ( 'NONE',  ( 35.00000000000006395, 397.0000000000000000, 492.0000000000000000 ) ) ;
#3508 = AXIS2_PLACEMENT_3D ( 'NONE', #2883, #2025, #2894 ) ;
#3509 = VERTEX_POINT ( 'NONE', #1042 ) ;
#3510 = VECTOR ( 'NONE', #1853, 1000.000000000000000 ) ;
#3511 = ORIENTED_EDGE ( 'NONE', *, *, #2156, .T. ) ;
#3512 = DIRECTION ( 'NONE',  ( -0.000000000000000000, 1.000000000000000000, 0.000000000000000000 ) ) ;
#3513 = LINE ( 'NONE', #3365, #1693 ) ;
#3514 = ORIENTED_EDGE ( 'NONE', *, *, #2560, .F. ) ;
#3515 = CARTESIAN_POINT ( 'NONE',  ( -431.9999999999999432, 1.734723475976807094E-14, 99.99999999999987210 ) ) ;
#3516 = LINE ( 'NONE', #1499, #528 ) ;
#3517 = LINE ( 'NONE', #1570, #1292 ) ;
#3518 = DIRECTION ( 'NONE',  ( 0.000000000000000000, 0.000000000000000000, -1.000000000000000000 ) ) ;
#3519 = CARTESIAN_POINT ( 'NONE',  ( -380.0000000000001705, -435.0000000000000000, 69.99999999999995737 ) ) ;
#3520 = CIRCLE ( 'NONE', #2958, 15.00000000000001421 ) ;
#3521 = CARTESIAN_POINT ( 'NONE',  ( 215.0000000000000284, 375.0000000000000000, 257.9999999999999432 ) ) ;
#3522 = PLANE ( 'NONE',  #2396 ) ;
#3523 = DIRECTION ( 'NONE',  ( 0.000000000000000000, 1.000000000000000000, 0.000000000000000000 ) ) ;
#3524 = ORIENTED_EDGE ( 'NONE', *, *, #927, .F. ) ;
#3525 = ORIENTED_EDGE ( 'NONE', *, *, #3294, .T. ) ;
#3526 = LINE ( 'NONE', #1079, #2803 ) ;
#3527 = CARTESIAN_POINT ( 'NONE',  ( 380.0000000000001705, -365.0000000000000000, 537.0000000000000000 ) ) ;
#3528 = CARTESIAN_POINT ( 'NONE',  ( 215.0000000000000284, 365.0000000000000000, 257.9999999999999432 ) ) ;
#3529 = AXIS2_PLACEMENT_3D ( 'NONE', #674, #397, #2392 ) ;
#3530 = VECTOR ( 'NONE', #3580, 1000.000000000000000 ) ;
#3531 = CARTESIAN_POINT ( 'NONE',  ( 215.0000000000000284, 365.0000000000000000, 257.9999999999999432 ) ) ;
#3532 = LINE ( 'NONE', #28, #2371 ) ;
#3533 = DIRECTION ( 'NONE',  ( 0.000000000000000000, 0.000000000000000000, 1.000000000000000000 ) ) ;
#3534 = ORIENTED_EDGE ( 'NONE', *, *, #337, .T. ) ;
#3535 = CARTESIAN_POINT ( 'NONE',  ( 412.0000000000000568, -131.4999999999999716, -461.9999999999999432 ) ) ;
#3536 = DIRECTION ( 'NONE',  ( 0.000000000000000000, 0.000000000000000000, -1.000000000000000000 ) ) ;
#3537 = CARTESIAN_POINT ( 'NONE',  ( -380.0000000000001705, -380.0000000000000000, 69.99999999999995737 ) ) ;
#3538 = CARTESIAN_POINT ( 'NONE',  ( 449.9999999999999432, -5.551115123125782702E-14, 580.0000000000000000 ) ) ;
#3539 = VERTEX_POINT ( 'NONE', #2570 ) ;
#3540 = ORIENTED_EDGE ( 'NONE', *, *, #2459, .T. ) ;
#3541 = APPROVAL_STATUS ( 'not_yet_approved' ) ;
#3542 = CARTESIAN_POINT ( 'NONE',  ( -449.9999999999999432, -167.5000000000000000, 20.00000000000000000 ) ) ;
#3543 = ORIENTED_EDGE ( 'NONE', *, *, #2521, .F. ) ;
#3544 = CALENDAR_DATE ( 2026, 9, 6 ) ;
#3545 = DIRECTION ( 'NONE',  ( 0.000000000000000000, 0.000000000000000000, 1.000000000000000000 ) ) ;
#3546 = ORIENTED_EDGE ( 'NONE', *, *, #128, .T. ) ;
#3547 = CARTESIAN_POINT ( 'NONE',  ( -380.0000000000001705, -435.0000000000000000, 485.0000000000000000 ) ) ;
#3548 = LINE ( 'NONE', #1147, #563 ) ;
#3549 = DIRECTION ( 'NONE',  ( 0.000000000000000000, 1.000000000000000000, 0.000000000000000000 ) ) ;
#3550 = DIRECTION ( 'NONE',  ( 0.000000000000000000, -1.000000000000000000, 0.000000000000000000 ) ) ;
#3551 = CARTESIAN_POINT ( 'NONE',  ( -432.0000000000000568, 365.0000000000000568, 533.9999999999998863 ) ) ;
#3552 = CARTESIAN_POINT ( 'NONE',  ( 109.6456385958148871, 30.50000000000000000, -244.0000000000000284 ) ) ;
#3553 = ORIENTED_EDGE ( 'NONE', *, *, #3018, .F. ) ;
#3554 = APPROVAL_STATUS ( 'not_yet_approved' ) ;
#3555 = DIRECTION ( 'NONE',  ( -0.000000000000000000, -1.000000000000000000, -0.000000000000000000 ) ) ;
#3556 = EDGE_CURVE ( 'NONE', #1682, #1314, #1039, .T. ) ;
#3557 = DIRECTION ( 'NONE',  ( 0.000000000000000000, -1.000000000000000000, 0.000000000000000000 ) ) ;
#3558 = CIRCLE ( 'NONE', #681, 27.00000000000002487 ) ;
#3559 = CC_DESIGN_PERSON_AND_ORGANIZATION_ASSIGNMENT ( #1321, #2115, ( #1212 ) ) ;
#3560 = DIRECTION ( 'NONE',  ( -0.000000000000000000, 1.000000000000000000, -0.000000000000000000 ) ) ;
#3561 = ADVANCED_FACE ( 'NONE', ( #3419, #415 ), #3602, .T. ) ;
#3562 = LINE ( 'NONE', #3002, #1335 ) ;
#3563 = FACE_BOUND ( 'NONE', #161, .T. ) ;
#3564 = EDGE_CURVE ( 'NONE', #3641, #86, #3336, .T. ) ;
#3565 = EDGE_LOOP ( 'NONE', ( #620, #777, #3080, #2347 ) ) ;
#3566 = LINE ( 'NONE', #644, #580 ) ;
#3567 = CYLINDRICAL_SURFACE ( 'NONE', #2536, 90.00000000000005684 ) ;
#3568 = CARTESIAN_POINT ( 'NONE',  ( 431.9999999999999432, 290.0000000000000568, 580.0000000000000000 ) ) ;
#3569 = FACE_OUTER_BOUND ( 'NONE', #2577, .T. ) ;
#3570 = VERTEX_POINT ( 'NONE', #230 ) ;
#3571 = EDGE_CURVE ( 'NONE', #2113, #829, #72, .T. ) ;
#3572 = ORIENTED_EDGE ( 'NONE', *, *, #2281, .F. ) ;
#3573 = FACE_OUTER_BOUND ( 'NONE', #2533, .T. ) ;
#3574 = DIRECTION ( 'NONE',  ( 0.000000000000000000, 0.000000000000000000, 1.000000000000000000 ) ) ;
#3575 = ORIENTED_EDGE ( 'NONE', *, *, #2758, .F. ) ;
#3576 = ORIENTED_EDGE ( 'NONE', *, *, #1544, .T. ) ;
#3577 = AXIS2_PLACEMENT_3D ( 'NONE', #3128, #2816, #2017 ) ;
#3578 = CYLINDRICAL_SURFACE ( 'NONE', #374, 26.99999999999999645 ) ;
#3579 = CARTESIAN_POINT ( 'NONE',  ( 215.0000000000000284, 375.0000000000000000, 257.9999999999999432 ) ) ;
#3580 = DIRECTION ( 'NONE',  ( -0.000000000000000000, -1.000000000000000000, -0.000000000000000000 ) ) ;
#3581 = CARTESIAN_POINT ( 'NONE',  ( 430.0000000000001137, 30.49999999999997868, 0.000000000000000000 ) ) ;
#3582 = AXIS2_PLACEMENT_3D ( 'NONE', #2049, #599, #1128 ) ;
#3583 = FACE_OUTER_BOUND ( 'NONE', #3191, .T. ) ;
#3584 = ORIENTED_EDGE ( 'NONE', *, *, #1874, .F. ) ;
#3585 = AXIS2_PLACEMENT_3D ( 'NONE', #3608, #2812, #3623 ) ;
#3586 = CARTESIAN_POINT ( 'NONE',  ( 382.0000000000000000, 1.734723475976807094E-14, 99.99999999999995737 ) ) ;
#3587 = ORIENTED_EDGE ( 'NONE', *, *, #3637, .T. ) ;
#3588 = DIRECTION ( 'NONE',  ( 0.000000000000000000, 0.000000000000000000, -1.000000000000000000 ) ) ;
#3589 = VERTEX_POINT ( 'NONE', #3266 ) ;
#3590 = CALENDAR_DATE ( 2026, 9, 6 ) ;
#3591 = EDGE_CURVE ( 'NONE', #2667, #3614, #1191, .T. ) ;
#3592 = VERTEX_POINT ( 'NONE', #219 ) ;
#3593 = CARTESIAN_POINT ( 'NONE',  ( 215.0000000000000284, 375.0000000000000000, 147.9999999999999716 ) ) ;
#3594 = CARTESIAN_POINT ( 'NONE',  ( -450.0000000000000568, 365.0000000000000568, 551.9999999999998863 ) ) ;
#3595 = ORIENTED_EDGE ( 'NONE', *, *, #961, .F. ) ;
#3596 = CARTESIAN_POINT ( 'NONE',  ( 449.9999999999999432, 365.0000000000000568, 551.9999999999998863 ) ) ;
#3597 = EDGE_LOOP ( 'NONE', ( #3070, #2592, #273, #952, #3414, #3500, #880, #259, #64, #99, #2218, #1590, #1777, #2635 ) ) ;
#3598 = DIRECTION ( 'NONE',  ( 1.000000000000000000, -1.210272192541958369E-16, -0.000000000000000000 ) ) ;
#3599 = EDGE_LOOP ( 'NONE', ( #1740, #936, #1579, #996 ) ) ;
#3600 = DIRECTION ( 'NONE',  ( 0.000000000000000000, -1.000000000000000000, 0.000000000000000000 ) ) ;
#3601 = VECTOR ( 'NONE', #1799, 1000.000000000000000 ) ;
#3602 = PLANE ( 'NONE',  #1597 ) ;
#3603 = VERTEX_POINT ( 'NONE', #1607 ) ;
#3604 = CARTESIAN_POINT ( 'NONE',  ( 127.6456385958149014, 30.50000000000001776, -244.0000000000000000 ) ) ;
#3605 = VECTOR ( 'NONE', #2283, 1000.000000000000000 ) ;
#3606 = AXIS2_PLACEMENT_3D ( 'NONE', #197, #1945, #3026 ) ;
#3607 = ORIENTED_EDGE ( 'NONE', *, *, #3018, .T. ) ;
#3608 = CARTESIAN_POINT ( 'NONE',  ( 380.0000000000001705, -365.0000000000000000, 510.0000000000000000 ) ) ;
#3609 = ORIENTED_EDGE ( 'NONE', *, *, #927, .T. ) ;
#3610 = DIRECTION ( 'NONE',  ( -2.312964634635742957E-16, 0.000000000000000000, 1.000000000000000000 ) ) ;
#3611 = CC_DESIGN_DATE_AND_TIME_ASSIGNMENT ( #3501, #1520, ( #352 ) ) ;
#3612 = VECTOR ( 'NONE', #3084, 1000.000000000000000 ) ;
#3613 = LINE ( 'NONE', #1466, #2054 ) ;
#3614 = VERTEX_POINT ( 'NONE', #2545 ) ;
#3615 = DIRECTION ( 'NONE',  ( -0.000000000000000000, 1.000000000000000000, -0.000000000000000000 ) ) ;
#3616 = LINE ( 'NONE', #2146, #2164 ) ;
#3617 = FACE_OUTER_BOUND ( 'NONE', #1168, .T. ) ;
#3618 = ORIENTED_EDGE ( 'NONE', *, *, #1031, .T. ) ;
#3619 = ADVANCED_FACE ( 'NONE', ( #997 ), #2831, .T. ) ;
#3620 = CARTESIAN_POINT ( 'NONE',  ( 0.000000000000000000, 0.000000000000000000, 20.00000000000000000 ) ) ;
#3621 = CARTESIAN_POINT ( 'NONE',  ( 412.0000000000000568, -131.4999999999999716, -461.9999999999999432 ) ) ;
#3622 = VECTOR ( 'NONE', #1428, 1000.000000000000000 ) ;
#3623 = DIRECTION ( 'NONE',  ( 0.000000000000000000, 0.000000000000000000, 1.000000000000000000 ) ) ;
#3624 = CARTESIAN_POINT ( 'NONE',  ( -380.0000000000001705, -365.0000000000000000, 69.99999999999995737 ) ) ;
#3625 = CARTESIAN_POINT ( 'NONE',  ( -449.9999999999999432, 167.5000000000000000, 20.00000000000000000 ) ) ;
#3626 = ORIENTED_EDGE ( 'NONE', *, *, #3503, .F. ) ;
#3627 = LINE ( 'NONE', #1496, #2154 ) ;
#3628 = CARTESIAN_POINT ( 'NONE',  ( 431.9999999999999432, -75.00000000000005684, 580.0000000000000000 ) ) ;
#3629 = LINE ( 'NONE', #640, #1305 ) ;
#3630 = ORIENTED_EDGE ( 'NONE', *, *, #718, .F. ) ;
#3631 = PLANE ( 'NONE',  #2585 ) ;
#3632 = VERTEX_POINT ( 'NONE', #1083 ) ;
#3633 = DIRECTION ( 'NONE',  ( -0.000000000000000000, -1.000000000000000000, -0.000000000000000000 ) ) ;
#3634 = AXIS2_PLACEMENT_3D ( 'NONE', #2857, #1165, #1755 ) ;
#3635 = ORIENTED_EDGE ( 'NONE', *, *, #175, .T. ) ;
#3636 = ADVANCED_FACE ( 'NONE', ( #296 ), #914, .T. ) ;
#3637 = EDGE_CURVE ( 'NONE', #1533, #615, #3548, .T. ) ;
#3638 = VERTEX_POINT ( 'NONE', #1681 ) ;
#3639 = CARTESIAN_POINT ( 'NONE',  ( -450.0000000000000568, -5.551115123125782702E-14, 580.0000000000000000 ) ) ;
#3640 = SHAPE_REPRESENTATION_RELATIONSHIP ( 'NONE' , 'NONE' ,  #1200, #1877 ) ;
#3641 = VERTEX_POINT ( 'NONE', #624 ) ;
#3642 = ORIENTED_EDGE ( 'NONE', *, *, #149, .F. ) ;
#3643 = EDGE_CURVE ( 'NONE', #59, #1533, #1636, .T. ) ;
#3644 = FACE_BOUND ( 'NONE', #2706, .T. ) ;
#3645 = DIRECTION ( 'NONE',  ( 0.000000000000000000, -0.000000000000000000, 1.000000000000000000 ) ) ;
#3646 = DIRECTION ( 'NONE',  ( 0.000000000000000000, -1.000000000000000000, 0.000000000000000000 ) ) ;
#3647 = VERTEX_POINT ( 'NONE', #1452 ) ;
#3648 = DIRECTION ( 'NONE',  ( 0.000000000000000000, -1.000000000000000000, 0.000000000000000000 ) ) ;
#3649 = PLANE ( 'NONE',  #1416 ) ;
#3650 = EDGE_CURVE ( 'NONE', #1635, #770, #1325, .T. ) ;
#3651 = VERTEX_POINT ( 'NONE', #62 ) ;
#3652 = LINE ( 'NONE', #3369, #2734 ) ;
#3653 = ADVANCED_FACE ( 'NONE', ( #1683, #1995 ), #350, .F. ) ;
#3654 = NEXT_ASSEMBLY_USAGE_OCCURRENCE ( 'NAUO1', ' ', ' ', #1212, #2870, $ ) ;
#3655 = NEXT_ASSEMBLY_USAGE_OCCURRENCE ( 'NAUO2', ' ', ' ', #1212, #352, $ ) ;
#3656 = NEXT_ASSEMBLY_USAGE_OCCURRENCE ( 'NAUO3', ' ', ' ', #1212, #352, $ ) ;
ENDSEC;
END-ISO-10303-21;
