ISO-10303-21;
HEADER;
FILE_DESCRIPTION (( 'STEP AP203' ),
    '1' );
FILE_NAME ('地柜13.STEP',
    '2026-06-09T02:26:38',
    ( 'Windows 用户' ),
    ( 'Microsoft' ),
    'SwSTEP 2.0',
    'SolidWorks 2018',
    '' );
FILE_SCHEMA (( 'CONFIG_CONTROL_DESIGN' ));
ENDSEC;

DATA;
#1 = DIRECTION ( 'NONE',  ( -0.000000000000000000, 1.000000000000000000, 0.000000000000000000 ) ) ;
#2 = PERSON_AND_ORGANIZATION ( #1608, #3702 ) ;
#3 = EDGE_CURVE ( 'NONE', #1097, #2159, #3805, .T. ) ;
#4 = VERTEX_POINT ( 'NONE', #537 ) ;
#5 = PLANE ( 'NONE',  #1275 ) ;
#6 = LINE ( 'NONE', #1228, #4645 ) ;
#7 = ORIENTED_EDGE ( 'NONE', *, *, #484, .T. ) ;
#8 = CYLINDRICAL_SURFACE ( 'NONE', #2601, 5.049999999999998934 ) ;
#9 = EDGE_CURVE ( 'NONE', #1377, #4182, #2792, .T. ) ;
#10 = FACE_OUTER_BOUND ( 'NONE', #4464, .T. ) ;
#11 = CC_DESIGN_APPROVAL ( #3114, ( #2788 ) ) ;
#12 = ORIENTED_EDGE ( 'NONE', *, *, #2987, .F. ) ;
#13 = VECTOR ( 'NONE', #2884, 1000.000000000000000 ) ;
#14 = ORIENTED_EDGE ( 'NONE', *, *, #2950, .F. ) ;
#15 = CARTESIAN_POINT ( 'NONE',  ( 70.00000000000008527, -785.0000000000000000, 520.0000000000000000 ) ) ;
#16 = LINE ( 'NONE', #4106, #1722 ) ;
#17 = EDGE_LOOP ( 'NONE', ( #3460, #519, #3635, #657 ) ) ;
#18 = CIRCLE ( 'NONE', #3232, 8.000000000000007105 ) ;
#19 = DIRECTION ( 'NONE',  ( 1.000000000000000000, -0.000000000000000000, -0.000000000000000000 ) ) ;
#20 = CARTESIAN_POINT ( 'NONE',  ( 870.0000000000001137, -708.0000000000000000, 570.0000000000001137 ) ) ;
#21 = AXIS2_PLACEMENT_3D ( 'NONE', #4423, #342, #3731 ) ;
#22 = LINE ( 'NONE', #2776, #3188 ) ;
#23 = VERTEX_POINT ( 'NONE', #474 ) ;
#24 = CARTESIAN_POINT ( 'NONE',  ( 22.00000000000001066, -630.2500000000001137, 586.8000000000001819 ) ) ;
#25 = VECTOR ( 'NONE', #2311, 1000.000000000000000 ) ;
#26 = AXIS2_PLACEMENT_3D ( 'NONE', #231, #3967, #3631 ) ;
#27 = FACE_OUTER_BOUND ( 'NONE', #2850, .T. ) ;
#28 = CARTESIAN_POINT ( 'NONE',  ( 70.00000000000008527, -785.0000000000000000, 500.0000000000000000 ) ) ;
#29 = DIRECTION ( 'NONE',  ( -0.000000000000000000, -0.000000000000000000, 1.000000000000000000 ) ) ;
#30 = AXIS2_PLACEMENT_3D ( 'NONE', #513, #3123, #1272 ) ;
#31 = DIRECTION ( 'NONE',  ( -0.7071067811865460184, 0.000000000000000000, -0.7071067811865490160 ) ) ;
#32 = ORIENTED_EDGE ( 'NONE', *, *, #4788, .F. ) ;
#33 = EDGE_LOOP ( 'NONE', ( #1693, #429, #709, #2174 ) ) ;
#34 = CARTESIAN_POINT ( 'NONE',  ( 830.0000000000001137, -785.0000000000000000, 89.99999999999997158 ) ) ;
#35 = DIRECTION ( 'NONE',  ( 0.000000000000000000, 1.000000000000000000, 0.000000000000000000 ) ) ;
#36 = EDGE_LOOP ( 'NONE', ( #2007, #3798, #296, #271, #4174 ) ) ;
#37 = EDGE_CURVE ( 'NONE', #3579, #616, #2167, .T. ) ;
#38 = DIRECTION ( 'NONE',  ( -0.000000000000000000, 1.000000000000000000, -0.000000000000000000 ) ) ;
#39 = CC_DESIGN_PERSON_AND_ORGANIZATION_ASSIGNMENT ( #725, #4030, ( #3141 ) ) ;
#40 = ORIENTED_EDGE ( 'NONE', *, *, #4507, .T. ) ;
#41 = EDGE_CURVE ( 'NONE', #3664, #2519, #713, .T. ) ;
#42 = DIRECTION ( 'NONE',  ( -0.000000000000000000, -1.000000000000000000, -0.000000000000000000 ) ) ;
#43 = VERTEX_POINT ( 'NONE', #2777 ) ;
#44 = DIRECTION ( 'NONE',  ( 0.000000000000000000, 0.000000000000000000, -1.000000000000000000 ) ) ;
#45 = CONTEXT_DEPENDENT_SHAPE_REPRESENTATION ( #3000, #624 ) ;
#46 = ORIENTED_EDGE ( 'NONE', *, *, #456, .F. ) ;
#47 = ORIENTED_EDGE ( 'NONE', *, *, #237, .F. ) ;
#48 = DIRECTION ( 'NONE',  ( -1.000000000000000000, -1.705411712173819993E-16, 0.000000000000000000 ) ) ;
#49 = CARTESIAN_POINT ( 'NONE',  ( 28.00000000000005684, -293.5000000000000000, 22.00000000000000000 ) ) ;
#50 = PLANE ( 'NONE',  #4365 ) ;
#51 = CARTESIAN_POINT ( 'NONE',  ( 30.00000000000008527, -708.0000000000000000, 570.0000000000001137 ) ) ;
#52 = ORIENTED_EDGE ( 'NONE', *, *, #3083, .F. ) ;
#53 = DIRECTION ( 'NONE',  ( -1.000000000000000000, 0.000000000000000000, 1.143773720424268048E-16 ) ) ;
#54 = CIRCLE ( 'NONE', #871, 26.99999999999999645 ) ;
#55 = AXIS2_PLACEMENT_3D ( 'NONE', #3969, #2772, #2093 ) ;
#56 = COORDINATED_UNIVERSAL_TIME_OFFSET ( 8, 0, .AHEAD. ) ;
#57 = DIRECTION ( 'NONE',  ( 0.000000000000000000, 0.000000000000000000, 1.000000000000000000 ) ) ;
#58 = VERTEX_POINT ( 'NONE', #577 ) ;
#59 = CARTESIAN_POINT ( 'NONE',  ( 900.0000000000000000, 0.000000000000000000, 0.000000000000000000 ) ) ;
#60 = AXIS2_PLACEMENT_3D ( 'NONE', #478, #2370, #3815 ) ;
#61 = VERTEX_POINT ( 'NONE', #3162 ) ;
#62 = CARTESIAN_POINT ( 'NONE',  ( 8.500145032286354763E-14, 243.5000000000000000, 15.00000000000000000 ) ) ;
#63 = DATE_AND_TIME ( #3574, #1120 ) ;
#64 = EDGE_LOOP ( 'NONE', ( #1148, #12 ) ) ;
#65 = CARTESIAN_POINT ( 'NONE',  ( 15.90000000000005720, -342.0000000000000000, 15.90000000000000036 ) ) ;
#66 = DIRECTION ( 'NONE',  ( 0.000000000000000000, -0.000000000000000000, 1.000000000000000000 ) ) ;
#67 = CIRCLE ( 'NONE', #507, 5.000000000000000888 ) ;
#68 = ORIENTED_EDGE ( 'NONE', *, *, #832, .F. ) ;
#69 = EDGE_CURVE ( 'NONE', #3318, #3138, #2042, .T. ) ;
#70 = CIRCLE ( 'NONE', #3299, 5.000000000000000000 ) ;
#71 = CARTESIAN_POINT ( 'NONE',  ( 870.0000000000000000, -57.00000000000000000, -0.000000000000000000 ) ) ;
#72 = VERTEX_POINT ( 'NONE', #2029 ) ;
#73 = AXIS2_PLACEMENT_3D ( 'NONE', #3522, #158, #1285 ) ;
#74 = ORIENTED_EDGE ( 'NONE', *, *, #649, .T. ) ;
#75 = CIRCLE ( 'NONE', #2323, 5.000000000000000888 ) ;
#76 = ORIENTED_EDGE ( 'NONE', *, *, #4010, .F. ) ;
#77 = EDGE_CURVE ( 'NONE', #700, #4182, #1169, .T. ) ;
#78 = VECTOR ( 'NONE', #2860, 1000.000000000000000 ) ;
#79 = DIRECTION ( 'NONE',  ( -0.000000000000000000, 1.000000000000000000, -0.000000000000000000 ) ) ;
#80 = CYLINDRICAL_SURFACE ( 'NONE', #4243, 8.000000000000007105 ) ;
#81 = DIRECTION ( 'NONE',  ( 0.000000000000000000, -0.000000000000000000, -1.000000000000000000 ) ) ;
#82 = ORIENTED_EDGE ( 'NONE', *, *, #2785, .F. ) ;
#83 = FACE_BOUND ( 'NONE', #1464, .T. ) ;
#84 = CIRCLE ( 'NONE', #26, 6.450000000000001066 ) ;
#85 = ORIENTED_EDGE ( 'NONE', *, *, #339, .F. ) ;
#86 = EDGE_CURVE ( 'NONE', #1865, #2748, #3273, .T. ) ;
#87 = DIRECTION ( 'NONE',  ( 0.000000000000000000, 0.000000000000000000, -1.000000000000000000 ) ) ;
#88 = CYLINDRICAL_SURFACE ( 'NONE', #2899, 5.000000000000000888 ) ;
#89 = DIRECTION ( 'NONE',  ( 0.000000000000000000, 0.000000000000000000, -1.000000000000000000 ) ) ;
#90 = MANIFOLD_SOLID_BREP ( '镜向2', #1178 ) ;
#91 = FACE_BOUND ( 'NONE', #1906, .T. ) ;
#92 = ORIENTED_EDGE ( 'NONE', *, *, #2615, .F. ) ;
#93 = AXIS2_PLACEMENT_3D ( 'NONE', #1912, #2296, #393 ) ;
#94 = CARTESIAN_POINT ( 'NONE',  ( 70.00000000000002842, -132.0000000000000000, 475.0000000000001137 ) ) ;
#95 = CARTESIAN_POINT ( 'NONE',  ( 15.90000000000000036, -630.2500000000001137, 586.0000000000001137 ) ) ;
#96 = CARTESIAN_POINT ( 'NONE',  ( 15.90000000000005720, 342.0000000000000568, 20.90000000000000213 ) ) ;
#97 = CARTESIAN_POINT ( 'NONE',  ( 69.99999999999998579, -132.0000000000000000, 110.9999999999999858 ) ) ;
#98 = ORIENTED_EDGE ( 'NONE', *, *, #417, .T. ) ;
#99 = LINE ( 'NONE', #1836, #2960 ) ;
#100 = ORIENTED_EDGE ( 'NONE', *, *, #490, .F. ) ;
#101 = CARTESIAN_POINT ( 'NONE',  ( 870.0000000000000000, -57.00000000000000000, 570.0000000000001137 ) ) ;
#102 = EDGE_CURVE ( 'NONE', #2502, #4647, #3559, .T. ) ;
#103 = ORIENTED_EDGE ( 'NONE', *, *, #3174, .T. ) ;
#104 = DIRECTION ( 'NONE',  ( -1.000000000000000000, 0.000000000000000000, 0.000000000000000000 ) ) ;
#105 = DIRECTION ( 'NONE',  ( -0.000000000000000000, -0.000000000000000000, -1.000000000000000000 ) ) ;
#106 = EDGE_LOOP ( 'NONE', ( #1209, #280, #4008, #3455 ) ) ;
#107 = VERTEX_POINT ( 'NONE', #173 ) ;
#108 = CARTESIAN_POINT ( 'NONE',  ( 70.00000000000009948, -745.0000000000000000, 70.00000000000000000 ) ) ;
#109 = DIRECTION ( 'NONE',  ( 0.000000000000000000, 0.000000000000000000, -1.000000000000000000 ) ) ;
#110 = ORIENTED_EDGE ( 'NONE', *, *, #2372, .T. ) ;
#111 = ORIENTED_EDGE ( 'NONE', *, *, #1736, .T. ) ;
#112 = CARTESIAN_POINT ( 'NONE',  ( 70.00000000000009948, -745.0000000000000000, 97.00000000000000000 ) ) ;
#113 = DIRECTION ( 'NONE',  ( 1.225764668124932819E-16, -1.000000000000000000, 0.000000000000000000 ) ) ;
#114 = COORDINATED_UNIVERSAL_TIME_OFFSET ( 8, 0, .AHEAD. ) ;
#115 = FACE_OUTER_BOUND ( 'NONE', #2530, .T. ) ;
#116 = AXIS2_PLACEMENT_3D ( 'NONE', #3018, #3795, #3763 ) ;
#117 = DIRECTION ( 'NONE',  ( -1.000000000000000000, 0.000000000000000000, 1.245442495573092286E-16 ) ) ;
#118 = COORDINATED_UNIVERSAL_TIME_OFFSET ( 8, 0, .AHEAD. ) ;
#119 = ORIENTED_EDGE ( 'NONE', *, *, #1208, .F. ) ;
#120 = DIRECTION ( 'NONE',  ( -0.000000000000000000, -0.000000000000000000, -1.000000000000000000 ) ) ;
#121 = ORIENTED_EDGE ( 'NONE', *, *, #3055, .F. ) ;
#122 = AXIS2_PLACEMENT_3D ( 'NONE', #3917, #2439, #3823 ) ;
#123 = DIRECTION ( 'NONE',  ( -0.000000000000000000, -1.000000000000000000, -0.000000000000000000 ) ) ;
#124 = ORIENTED_EDGE ( 'NONE', *, *, #1302, .T. ) ;
#125 = AXIS2_PLACEMENT_3D ( 'NONE', #3005, #1893, #4531 ) ;
#126 = CARTESIAN_POINT ( 'NONE',  ( 15.90000000000005720, -343.5000000000000000, 15.90000000000000036 ) ) ;
#127 = CIRCLE ( 'NONE', #1968, 19.99999999999996092 ) ;
#128 = FACE_OUTER_BOUND ( 'NONE', #1129, .T. ) ;
#129 = DIRECTION ( 'NONE',  ( -0.000000000000000000, -0.000000000000000000, -1.000000000000000000 ) ) ;
#130 = EDGE_CURVE ( 'NONE', #2206, #1399, #3036, .T. ) ;
#131 = ADVANCED_FACE ( 'NONE', ( #2516 ), #3919, .F. ) ;
#132 = VECTOR ( 'NONE', #1225, 1000.000000000000000 ) ;
#133 = LINE ( 'NONE', #2676, #440 ) ;
#134 = CC_DESIGN_PERSON_AND_ORGANIZATION_ASSIGNMENT ( #4284, #4111, ( #4346 ) ) ;
#135 = ORIENTED_EDGE ( 'NONE', *, *, #2300, .F. ) ;
#136 = VECTOR ( 'NONE', #3841, 1000.000000000000000 ) ;
#137 = CARTESIAN_POINT ( 'NONE',  ( 15.90000000000005720, -342.0000000000000000, 15.90000000000000036 ) ) ;
#138 = EDGE_CURVE ( 'NONE', #276, #1411, #170, .T. ) ;
#139 = LINE ( 'NONE', #2815, #2715 ) ;
#140 = ADVANCED_FACE ( 'NONE', ( #1529 ), #4282, .T. ) ;
#141 = DIRECTION ( 'NONE',  ( -0.000000000000000000, -0.000000000000000000, -1.000000000000000000 ) ) ;
#142 = CARTESIAN_POINT ( 'NONE',  ( 0.000000000000000000, 0.000000000000000000, 2.000000000000000000 ) ) ;
#143 = FACE_BOUND ( 'NONE', #3791, .T. ) ;
#144 = VECTOR ( 'NONE', #2574, 1000.000000000000000 ) ;
#145 = CARTESIAN_POINT ( 'NONE',  ( 8.523541722065577671E-14, 343.5000000000000000, 30.00000000000000000 ) ) ;
#146 = CARTESIAN_POINT ( 'NONE',  ( 870.0000000000000000, -142.7499999999998863, 570.0000000000001137 ) ) ;
#147 = DIRECTION ( 'NONE',  ( -0.000000000000000000, -0.000000000000000000, -1.000000000000000000 ) ) ;
#148 = FACE_OUTER_BOUND ( 'NONE', #2499, .T. ) ;
#149 = ADVANCED_FACE ( 'NONE', ( #1580 ), #1697, .F. ) ;
#150 = DIRECTION ( 'NONE',  ( 0.000000000000000000, -1.000000000000000000, 0.000000000000000000 ) ) ;
#151 = AXIS2_PLACEMENT_3D ( 'NONE', #611, #4717, #241 ) ;
#152 = EDGE_LOOP ( 'NONE', ( #817, #3045, #403, #3613 ) ) ;
#153 = AXIS2_PLACEMENT_3D ( 'NONE', #558, #4305, #4624 ) ;
#154 = DIRECTION ( 'NONE',  ( 0.000000000000000000, 0.000000000000000000, -1.000000000000000000 ) ) ;
#155 = CARTESIAN_POINT ( 'NONE',  ( 15.90000000000005720, 293.5000000000000000, 15.90000000000000036 ) ) ;
#156 = VERTEX_POINT ( 'NONE', #1282 ) ;
#157 = ADVANCED_FACE ( 'NONE', ( #1052 ), #4733, .F. ) ;
#158 = DIRECTION ( 'NONE',  ( 1.000000000000000000, 0.000000000000000000, 0.000000000000000000 ) ) ;
#159 = DIRECTION ( 'NONE',  ( -5.551115123125782702E-17, -1.089941877239780301E-17, 1.000000000000000222 ) ) ;
#160 = ORIENTED_EDGE ( 'NONE', *, *, #2372, .F. ) ;
#161 = EDGE_CURVE ( 'NONE', #4530, #1196, #302, .T. ) ;
#162 = CARTESIAN_POINT ( 'NONE',  ( 878.0000000000002274, -630.2499999999998863, 594.8000000000001819 ) ) ;
#163 = EDGE_LOOP ( 'NONE', ( #2791, #2819 ) ) ;
#164 = ORIENTED_EDGE ( 'NONE', *, *, #2087, .F. ) ;
#165 = LOCAL_TIME ( 10, 26, 38.00000000000000000, #471 ) ;
#166 = EDGE_CURVE ( 'NONE', #3760, #1292, #54, .T. ) ;
#167 = VERTEX_POINT ( 'NONE', #612 ) ;
#168 = DIRECTION ( 'NONE',  ( -0.000000000000000000, -0.000000000000000000, -1.000000000000000000 ) ) ;
#169 = ORIENTED_EDGE ( 'NONE', *, *, #4477, .T. ) ;
#170 = LINE ( 'NONE', #974, #410 ) ;
#171 = DESIGN_CONTEXT ( 'detailed design', #2878, 'design' ) ;
#172 = CARTESIAN_POINT ( 'NONE',  ( 830.0000000000001137, -745.0000000000000000, 500.0000000000000000 ) ) ;
#173 = CARTESIAN_POINT ( 'NONE',  ( 870.0000000000002274, -630.2499999999998863, 586.8000000000001819 ) ) ;
#174 = APPROVAL_DATE_TIME ( #2285, #3451 ) ;
#175 = ADVANCED_FACE ( 'NONE', ( #2399 ), #3591, .T. ) ;
#176 = CARTESIAN_POINT ( 'NONE',  ( 70.00000000000008527, -800.0000000000000000, 500.0000000000000000 ) ) ;
#177 = EDGE_CURVE ( 'NONE', #306, #1463, #1928, .T. ) ;
#178 = ORIENTED_EDGE ( 'NONE', *, *, #3718, .F. ) ;
#179 = DIRECTION ( 'NONE',  ( 0.000000000000000000, 0.000000000000000000, 1.000000000000000000 ) ) ;
#180 = CALENDAR_DATE ( 2026, 9, 6 ) ;
#181 = ORIENTED_EDGE ( 'NONE', *, *, #1672, .F. ) ;
#182 = VERTEX_POINT ( 'NONE', #593 ) ;
#183 = CARTESIAN_POINT ( 'NONE',  ( 15.90000000000005720, 243.5000000000000568, 15.90000000000000036 ) ) ;
#184 = AXIS2_PLACEMENT_3D ( 'NONE', #4519, #3370, #3741 ) ;
#185 = CALENDAR_DATE ( 2026, 9, 6 ) ;
#186 = CIRCLE ( 'NONE', #2347, 20.00000000000001776 ) ;
#187 = EDGE_LOOP ( 'NONE', ( #3497, #2083, #2338, #525, #3088, #320 ) ) ;
#188 = CARTESIAN_POINT ( 'NONE',  ( 894.8000000000002956, -630.2499999999998863, 570.0000000000001137 ) ) ;
#189 = VECTOR ( 'NONE', #2435, 1000.000000000000000 ) ;
#190 = PLANE ( 'NONE',  #1994 ) ;
#191 = PLANE ( 'NONE',  #4265 ) ;
#192 = DIRECTION ( 'NONE',  ( 1.000000000000000000, 0.000000000000000000, 0.000000000000000000 ) ) ;
#193 = ORIENTED_EDGE ( 'NONE', *, *, #4859, .F. ) ;
#194 = CIRCLE ( 'NONE', #1725, 5.000000000000000888 ) ;
#195 = LINE ( 'NONE', #1145, #3945 ) ;
#196 = ORIENTED_EDGE ( 'NONE', *, *, #3930, .F. ) ;
#197 = APPLICATION_PROTOCOL_DEFINITION ( 'international standard', 'config_control_design', 1994, #4325 ) ;
#198 = DIRECTION ( 'NONE',  ( 0.000000000000000000, -0.000000000000000000, -1.000000000000000000 ) ) ;
#199 = PLANE ( 'NONE',  #2781 ) ;
#200 = CARTESIAN_POINT ( 'NONE',  ( 13.20000000000000995, -630.2500000000001137, 594.8000000000001819 ) ) ;
#201 = VECTOR ( 'NONE', #1400, 1000.000000000000000 ) ;
#202 = VECTOR ( 'NONE', #2212, 1000.000000000000000 ) ;
#203 = EDGE_CURVE ( 'NONE', #3904, #2561, #932, .T. ) ;
#204 = ORIENTED_EDGE ( 'NONE', *, *, #3683, .T. ) ;
#205 = LINE ( 'NONE', #741, #1499 ) ;
#206 = CIRCLE ( 'NONE', #1247, 5.049999999999998934 ) ;
#207 = SECURITY_CLASSIFICATION ( '', '', #2926 ) ;
#208 = DIRECTION ( 'NONE',  ( 0.000000000000000000, -1.000000000000000000, 0.000000000000000000 ) ) ;
#209 = EDGE_CURVE ( 'NONE', #2561, #4309, #829, .T. ) ;
#210 = VECTOR ( 'NONE', #968, 1000.000000000000000 ) ;
#211 = ORIENTED_EDGE ( 'NONE', *, *, #1015, .T. ) ;
#212 = ADVANCED_FACE ( 'NONE', ( #1815 ), #4094, .F. ) ;
#213 = APPLICATION_CONTEXT ( 'configuration controlled 3d designs of mechanical parts and assemblies' ) ;
#214 = CARTESIAN_POINT ( 'NONE',  ( 22.00000000000001066, -93.24999999999998579, 586.8000000000001819 ) ) ;
#215 = AXIS2_PLACEMENT_3D ( 'NONE', #3146, #1682, #192 ) ;
#216 = DIRECTION ( 'NONE',  ( -1.000000000000000000, 0.000000000000000000, -0.000000000000000000 ) ) ;
#217 = ADVANCED_FACE ( 'NONE', ( #2799, #3905 ), #632, .T. ) ;
#218 = FACE_OUTER_BOUND ( 'NONE', #2364, .T. ) ;
#219 = ORIENTED_EDGE ( 'NONE', *, *, #130, .T. ) ;
#220 = PLANE ( 'NONE',  #2720 ) ;
#221 = ORIENTED_EDGE ( 'NONE', *, *, #2355, .T. ) ;
#222 = AXIS2_PLACEMENT_3D ( 'NONE', #2917, #1116, #2588 ) ;
#223 = AXIS2_PLACEMENT_3D ( 'NONE', #183, #479, #686 ) ;
#224 = ADVANCED_FACE ( 'NONE', ( #218 ), #1094, .T. ) ;
#225 = ORIENTED_EDGE ( 'NONE', *, *, #1867, .F. ) ;
#226 = DIRECTION ( 'NONE',  ( -1.032573497605233226E-16, -2.834930803602059547E-32, 1.000000000000000000 ) ) ;
#227 = DIRECTION ( 'NONE',  ( 1.224646799147353454E-16, -1.000000000000000000, 0.000000000000000000 ) ) ;
#228 = VERTEX_POINT ( 'NONE', #2962 ) ;
#229 = EDGE_CURVE ( 'NONE', #1097, #1882, #3081, .T. ) ;
#230 = VERTEX_POINT ( 'NONE', #2237 ) ;
#231 = CARTESIAN_POINT ( 'NONE',  ( 0.000000000000000000, 0.000000000000000000, -1.500000000000000000 ) ) ;
#232 = DIRECTION ( 'NONE',  ( -0.000000000000000000, 1.000000000000000000, -0.000000000000000000 ) ) ;
#233 = CONTEXT_DEPENDENT_SHAPE_REPRESENTATION ( #1127, #4534 ) ;
#234 = SECURITY_CLASSIFICATION ( '', '', #1010 ) ;
#235 = EDGE_LOOP ( 'NONE', ( #2110, #4870 ) ) ;
#236 = ADVANCED_FACE ( 'NONE', ( #4032 ), #5, .T. ) ;
#237 = EDGE_CURVE ( 'NONE', #2738, #4522, #455, .T. ) ;
#238 = APPROVAL_DATE_TIME ( #831, #889 ) ;
#239 = VECTOR ( 'NONE', #1144, 1000.000000000000000 ) ;
#240 = ADVANCED_FACE ( 'NONE', ( #4324 ), #2027, .F. ) ;
#241 = DIRECTION ( 'NONE',  ( 1.000000000000000000, 0.000000000000000000, 0.000000000000000000 ) ) ;
#242 = CARTESIAN_POINT ( 'NONE',  ( 15.90000000000000036, -679.7500000000001137, 586.0000000000001137 ) ) ;
#243 = DATE_AND_TIME ( #3104, #1936 ) ;
#244 = CARTESIAN_POINT ( 'NONE',  ( 70.00000000000009948, -745.0000000000000000, 70.00000000000000000 ) ) ;
#245 = CARTESIAN_POINT ( 'NONE',  ( 878.0000000000000000, -93.24999999999987210, 586.8000000000001819 ) ) ;
#246 = EDGE_LOOP ( 'NONE', ( #1287, #3837, #1223, #3783, #3453, #3535, #472, #1910 ) ) ;
#247 = DIRECTION ( 'NONE',  ( 1.000000000000000000, 0.000000000000000000, 0.000000000000000000 ) ) ;
#248 = VECTOR ( 'NONE', #4625, 1000.000000000000000 ) ;
#249 = AXIS2_PLACEMENT_3D ( 'NONE', #4335, #2829, #3156 ) ;
#250 = ORIENTED_EDGE ( 'NONE', *, *, #3486, .T. ) ;
#251 = CARTESIAN_POINT ( 'NONE',  ( 830.0000000000001137, -132.0000000000000000, 110.9999999999999858 ) ) ;
#252 = ADVANCED_FACE ( 'NONE', ( #1030 ), #3025, .F. ) ;
#253 = EDGE_LOOP ( 'NONE', ( #4521, #2166, #458, #2162 ) ) ;
#254 = AXIS2_PLACEMENT_3D ( 'NONE', #2820, #4312, #2059 ) ;
#255 = VECTOR ( 'NONE', #1339, 1000.000000000000000 ) ;
#256 = VERTEX_POINT ( 'NONE', #2863 ) ;
#257 = DIRECTION ( 'NONE',  ( -0.000000000000000000, 0.000000000000000000, -1.000000000000000000 ) ) ;
#258 = FACE_BOUND ( 'NONE', #2028, .T. ) ;
#259 = ORIENTED_EDGE ( 'NONE', *, *, #4099, .F. ) ;
#260 = LINE ( 'NONE', #94, #3063 ) ;
#261 = DIRECTION ( 'NONE',  ( -0.000000000000000000, -1.000000000000000000, -0.000000000000000000 ) ) ;
#262 = EDGE_CURVE ( 'NONE', #2734, #4262, #3319, .T. ) ;
#263 = ORIENTED_EDGE ( 'NONE', *, *, #1364, .F. ) ;
#264 = VECTOR ( 'NONE', #943, 1000.000000000000000 ) ;
#265 = DIRECTION ( 'NONE',  ( -1.000000000000000000, 0.000000000000000000, -0.000000000000000000 ) ) ;
#266 = LINE ( 'NONE', #1020, #2500 ) ;
#267 = DIRECTION ( 'NONE',  ( 2.745500257537979014E-16, -1.000000000000000000, -0.000000000000000000 ) ) ;
#268 = CARTESIAN_POINT ( 'NONE',  ( 900.0000000000001137, -74.99999999999987210, 570.0000000000001137 ) ) ;
#269 = FACE_OUTER_BOUND ( 'NONE', #3330, .T. ) ;
#270 = LINE ( 'NONE', #518, #3011 ) ;
#271 = ORIENTED_EDGE ( 'NONE', *, *, #2267, .F. ) ;
#272 = EDGE_CURVE ( 'NONE', #228, #2548, #2893, .T. ) ;
#273 = APPROVAL ( #2195, '未指定' ) ;
#274 = DIRECTION ( 'NONE',  ( 0.000000000000000000, -0.000000000000000000, -1.000000000000000000 ) ) ;
#275 = PLANE ( 'NONE',  #2996 ) ;
#276 = VERTEX_POINT ( 'NONE', #816 ) ;
#277 = PLANE ( 'NONE',  #3964 ) ;
#278 = MECHANICAL_CONTEXT ( 'NONE', #1310, 'mechanical' ) ;
#279 = DIRECTION ( 'NONE',  ( 0.000000000000000000, 1.000000000000000000, 0.000000000000000000 ) ) ;
#280 = ORIENTED_EDGE ( 'NONE', *, *, #2180, .T. ) ;
#281 = AXIS2_PLACEMENT_3D ( 'NONE', #1099, #704, #1443 ) ;
#282 = ORIENTED_EDGE ( 'NONE', *, *, #3774, .T. ) ;
#283 = ADVANCED_FACE ( 'NONE', ( #4735 ), #914, .F. ) ;
#284 = CARTESIAN_POINT ( 'NONE',  ( 830.0000000000001137, -745.0000000000000000, 500.0000000000000000 ) ) ;
#285 = DIRECTION ( 'NONE',  ( -1.000000000000000000, -8.260587980841938471E-18, 0.000000000000000000 ) ) ;
#286 = CARTESIAN_POINT ( 'NONE',  ( 830.0000000000001137, -745.0000000000000000, 500.0000000000000000 ) ) ;
#287 = VERTEX_POINT ( 'NONE', #4154 ) ;
#288 = AXIS2_PLACEMENT_3D ( 'NONE', #4757, #650, #4345 ) ;
#289 = EDGE_LOOP ( 'NONE', ( #3748, #1931, #3608, #870 ) ) ;
#290 =( GEOMETRIC_REPRESENTATION_CONTEXT ( 3 ) GLOBAL_UNCERTAINTY_ASSIGNED_CONTEXT ( ( #3786 ) ) GLOBAL_UNIT_ASSIGNED_CONTEXT ( ( #2053, #3948, #3190 ) ) REPRESENTATION_CONTEXT ( 'NONE', 'WORKASPACE' ) );
#291 = APPROVAL_PERSON_ORGANIZATION ( #3383, #862, #1874 ) ;
#292 = CARTESIAN_POINT ( 'NONE',  ( 30.00000000000008527, -708.0000000000000000, 20.00000000000001776 ) ) ;
#293 = VERTEX_POINT ( 'NONE', #3031 ) ;
#294 = ORIENTED_EDGE ( 'NONE', *, *, #395, .T. ) ;
#295 = ORIENTED_EDGE ( 'NONE', *, *, #3237, .T. ) ;
#296 = ORIENTED_EDGE ( 'NONE', *, *, #2517, .T. ) ;
#297 = ORIENTED_EDGE ( 'NONE', *, *, #339, .T. ) ;
#298 = APPROVAL_STATUS ( 'not_yet_approved' ) ;
#299 = DATE_AND_TIME ( #411, #4108 ) ;
#300 = EDGE_CURVE ( 'NONE', #1368, #4440, #3735, .T. ) ;
#301 = CARTESIAN_POINT ( 'NONE',  ( 70.00000000000008527, -745.0000000000000000, 527.0000000000000000 ) ) ;
#302 = CIRCLE ( 'NONE', #2868, 5.049999999999998934 ) ;
#303 = CC_DESIGN_DATE_AND_TIME_ASSIGNMENT ( #998, #966, ( #2239 ) ) ;
#304 = APPROVAL_DATE_TIME ( #4699, #4662 ) ;
#305 = DIRECTION ( 'NONE',  ( 1.000000000000000000, 2.745500257537979014E-16, 0.000000000000000000 ) ) ;
#306 = VERTEX_POINT ( 'NONE', #20 ) ;
#307 = DIRECTION ( 'NONE',  ( 2.745500257537979014E-16, -1.000000000000000000, -0.000000000000000000 ) ) ;
#308 = EDGE_CURVE ( 'NONE', #276, #167, #1327, .T. ) ;
#309 = VERTEX_POINT ( 'NONE', #1155 ) ;
#310 = VERTEX_POINT ( 'NONE', #4542 ) ;
#311 = CARTESIAN_POINT ( 'NONE',  ( 840.0000000000001137, 0.000000000000000000, 100.9999999999999858 ) ) ;
#312 = DIRECTION ( 'NONE',  ( -1.000000000000000000, 0.000000000000000000, 0.000000000000000000 ) ) ;
#313 = ORIENTED_EDGE ( 'NONE', *, *, #548, .T. ) ;
#314 = LINE ( 'NONE', #4866, #3707 ) ;
#315 = VECTOR ( 'NONE', #825, 1000.000000000000000 ) ;
#316 = VERTEX_POINT ( 'NONE', #1555 ) ;
#317 = APPROVAL_ROLE ( '' ) ;
#318 = CARTESIAN_POINT ( 'NONE',  ( 60.00000000000005684, -142.0000000000000000, 485.0000000000001137 ) ) ;
#319 = AXIS2_PLACEMENT_3D ( 'NONE', #2001, #1281, #876 ) ;
#320 = ORIENTED_EDGE ( 'NONE', *, *, #4004, .T. ) ;
#321 = CYLINDRICAL_SURFACE ( 'NONE', #3567, 5.000000000000000888 ) ;
#322 = FACE_OUTER_BOUND ( 'NONE', #4633, .T. ) ;
#323 = PLANE ( 'NONE',  #3640 ) ;
#324 = ORIENTED_EDGE ( 'NONE', *, *, #3358, .T. ) ;
#325 = LINE ( 'NONE', #3889, #2361 ) ;
#326 = DIRECTION ( 'NONE',  ( -0.000000000000000000, -1.000000000000000000, -0.000000000000000000 ) ) ;
#327 = VECTOR ( 'NONE', #352, 1000.000000000000000 ) ;
#328 = AXIS2_PLACEMENT_3D ( 'NONE', #1941, #967, #265 ) ;
#329 = LINE ( 'NONE', #3790, #3187 ) ;
#330 = DIRECTION ( 'NONE',  ( -0.000000000000000000, -1.000000000000000000, -0.000000000000000000 ) ) ;
#331 = VECTOR ( 'NONE', #2377, 1000.000000000000000 ) ;
#332 = EDGE_CURVE ( 'NONE', #4448, #309, #1911, .T. ) ;
#333 =( REPRESENTATION_RELATIONSHIP ('NONE','NONE', #3920, #3994 ) REPRESENTATION_RELATIONSHIP_WITH_TRANSFORMATION ( #1527 )SHAPE_REPRESENTATION_RELATIONSHIP( ) );
#334 = CIRCLE ( 'NONE', #3471, 5.000000000000000888 ) ;
#335 = ORIENTED_EDGE ( 'NONE', *, *, #2708, .F. ) ;
#336 = DIRECTION ( 'NONE',  ( 1.626303258728256651E-16, 0.000000000000000000, 1.000000000000000000 ) ) ;
#337 = CARTESIAN_POINT ( 'NONE',  ( 70.00000000000002842, 0.000000000000000000, 475.0000000000001137 ) ) ;
#338 = DIRECTION ( 'NONE',  ( -0.000000000000000000, -1.000000000000000000, -0.000000000000000000 ) ) ;
#339 = EDGE_CURVE ( 'NONE', #4323, #4175, #754, .T. ) ;
#340 = ORIENTED_EDGE ( 'NONE', *, *, #1270, .T. ) ;
#341 = DIRECTION ( 'NONE',  ( -0.000000000000000000, -1.000000000000000000, -0.000000000000000000 ) ) ;
#342 = DIRECTION ( 'NONE',  ( -0.000000000000000000, -1.000000000000000000, -0.000000000000000000 ) ) ;
#343 = VERTEX_POINT ( 'NONE', #4172 ) ;
#344 = VECTOR ( 'NONE', #4088, 1000.000000000000000 ) ;
#345 = CARTESIAN_POINT ( 'NONE',  ( 8.523541722065577671E-14, 343.5000000000000000, 30.00000000000000000 ) ) ;
#346 = EDGE_CURVE ( 'NONE', #3926, #306, #4620, .T. ) ;
#347 = EDGE_LOOP ( 'NONE', ( #193, #1976, #3931, #1674 ) ) ;
#348 = DIRECTION ( 'NONE',  ( -0.000000000000000000, 1.000000000000000000, 0.000000000000000000 ) ) ;
#349 = PLANE ( 'NONE',  #3324 ) ;
#350 = ORIENTED_EDGE ( 'NONE', *, *, #4320, .T. ) ;
#351 = CARTESIAN_POINT ( 'NONE',  ( 894.8000000000002956, -630.2499999999998863, 586.8000000000001819 ) ) ;
#352 = DIRECTION ( 'NONE',  ( -0.000000000000000000, -1.000000000000000000, -0.000000000000000000 ) ) ;
#353 = ORIENTED_EDGE ( 'NONE', *, *, #1118, .F. ) ;
#354 = DIRECTION ( 'NONE',  ( -1.000000000000000000, -0.000000000000000000, 1.245442495573092286E-16 ) ) ;
#355 = ORIENTED_EDGE ( 'NONE', *, *, #2014, .F. ) ;
#356 = ORGANIZATION ( 'NAUO-ORG4', 'UNSPECIFIED', 'UNSPECIFIED' ) ;
#357 = ORIENTED_EDGE ( 'NONE', *, *, #398, .F. ) ;
#358 = ORIENTED_EDGE ( 'NONE', *, *, #4586, .T. ) ;
#359 = DIRECTION ( 'NONE',  ( -0.000000000000000000, 1.000000000000000000, -0.000000000000000000 ) ) ;
#360 = AXIS2_PLACEMENT_3D ( 'NONE', #841, #1971, #450 ) ;
#361 = DIRECTION ( 'NONE',  ( 0.000000000000000000, 0.000000000000000000, -1.000000000000000000 ) ) ;
#362 = PERSON_AND_ORGANIZATION ( #1608, #3702 ) ;
#363 = CIRCLE ( 'NONE', #4528, 27.00000000000000355 ) ;
#364 = PERSON_AND_ORGANIZATION_ROLE ( 'classification_officer' ) ;
#365 = DIRECTION ( 'NONE',  ( 0.000000000000000000, 0.000000000000000000, -1.000000000000000000 ) ) ;
#366 = EDGE_CURVE ( 'NONE', #1797, #1044, #3430, .T. ) ;
#367 = CALENDAR_DATE ( 2026, 9, 6 ) ;
#368 = VERTEX_POINT ( 'NONE', #2675 ) ;
#369 = VECTOR ( 'NONE', #2269, 1000.000000000000000 ) ;
#370 = CARTESIAN_POINT ( 'NONE',  ( 8.939921633775678437E-14, -730.0000000000000000, 570.0000000000001137 ) ) ;
#371 = LINE ( 'NONE', #433, #782 ) ;
#372 = DIRECTION ( 'NONE',  ( 0.000000000000000000, -1.000000000000000000, 0.000000000000000000 ) ) ;
#373 = VERTEX_POINT ( 'NONE', #442 ) ;
#374 = CYLINDRICAL_SURFACE ( 'NONE', #452, 6.450000000000001066 ) ;
#375 = VERTEX_POINT ( 'NONE', #690 ) ;
#376 = CARTESIAN_POINT ( 'NONE',  ( 830.0000000000001137, -730.0000000000000000, 527.0000000000000000 ) ) ;
#377 = DIRECTION ( 'NONE',  ( -0.000000000000000000, -0.000000000000000000, -1.000000000000000000 ) ) ;
#378 = LINE ( 'NONE', #4701, #78 ) ;
#379 = EDGE_LOOP ( 'NONE', ( #1981, #2177, #469, #4516 ) ) ;
#380 = VECTOR ( 'NONE', #4498, 1000.000000000000000 ) ;
#381 = SECURITY_CLASSIFICATION_LEVEL ( 'unclassified' ) ;
#382 = DIRECTION ( 'NONE',  ( 0.000000000000000000, 0.000000000000000000, -1.000000000000000000 ) ) ;
#383 = ORIENTED_EDGE ( 'NONE', *, *, #1578, .T. ) ;
#384 = LINE ( 'NONE', #3662, #743 ) ;
#385 = PLANE ( 'NONE',  #2481 ) ;
#386 = CYLINDRICAL_SURFACE ( 'NONE', #2972, 26.99999999999999645 ) ;
#387 = AXIS2_PLACEMENT_3D ( 'NONE', #3079, #4698, #2066 ) ;
#388 = VECTOR ( 'NONE', #4187, 1000.000000000000000 ) ;
#389 = VECTOR ( 'NONE', #31, 1000.000000000000114 ) ;
#390 = VECTOR ( 'NONE', #141, 1000.000000000000000 ) ;
#391 = VERTEX_POINT ( 'NONE', #1534 ) ;
#392 = AXIS2_PLACEMENT_3D ( 'NONE', #1024, #4447, #2908 ) ;
#393 = DIRECTION ( 'NONE',  ( 0.000000000000000000, 0.000000000000000000, -1.000000000000000000 ) ) ;
#394 = CARTESIAN_POINT ( 'NONE',  ( 15.90000000000000036, -630.2500000000001137, 591.0500000000000682 ) ) ;
#395 = EDGE_CURVE ( 'NONE', #2219, #3516, #3971, .T. ) ;
#396 = PERSON_AND_ORGANIZATION_ROLE ( 'classification_officer' ) ;
#397 = CC_DESIGN_DATE_AND_TIME_ASSIGNMENT ( #2518, #2531, ( #4346 ) ) ;
#398 = EDGE_CURVE ( 'NONE', #2159, #1944, #99, .T. ) ;
#399 = ORIENTED_EDGE ( 'NONE', *, *, #564, .F. ) ;
#400 = CARTESIAN_POINT ( 'NONE',  ( 8.523541722065577671E-14, -343.5000000000000000, 30.00000000000000000 ) ) ;
#401 = VERTEX_POINT ( 'NONE', #672 ) ;
#402 = CARTESIAN_POINT ( 'NONE',  ( 6.450000000000001066, 0.000000000000000000, -1.500000000000000000 ) ) ;
#403 = ORIENTED_EDGE ( 'NONE', *, *, #2039, .T. ) ;
#404 = AXIS2_PLACEMENT_3D ( 'NONE', #4251, #2315, #1581 ) ;
#405 = DIRECTION ( 'NONE',  ( 0.000000000000000000, 1.000000000000000000, -0.000000000000000000 ) ) ;
#406 = CALENDAR_DATE ( 2026, 9, 6 ) ;
#407 = ORIENTED_EDGE ( 'NONE', *, *, #515, .T. ) ;
#408 = AXIS2_PLACEMENT_3D ( 'NONE', #1465, #2220, #4042 ) ;
#409 = ORIENTED_EDGE ( 'NONE', *, *, #4450, .T. ) ;
#410 = VECTOR ( 'NONE', #4666, 1000.000000000000000 ) ;
#411 = CALENDAR_DATE ( 2026, 9, 6 ) ;
#412 = DIRECTION ( 'NONE',  ( 1.000000000000000000, 0.000000000000000000, 0.000000000000000000 ) ) ;
#413 = DIRECTION ( 'NONE',  ( 1.000000000000000000, 0.000000000000000000, 0.000000000000000000 ) ) ;
#414 = ORIENTED_EDGE ( 'NONE', *, *, #3761, .F. ) ;
#415 = CARTESIAN_POINT ( 'NONE',  ( 70.00000000000008527, -800.0000000000000000, 500.0000000000000000 ) ) ;
#416 = PERSON_AND_ORGANIZATION ( #1608, #3702 ) ;
#417 = EDGE_CURVE ( 'NONE', #4576, #1822, #4567, .T. ) ;
#418 = VERTEX_POINT ( 'NONE', #4847 ) ;
#419 = DIRECTION ( 'NONE',  ( 0.000000000000000000, -1.000000000000000000, 0.000000000000000000 ) ) ;
#420 = ORIENTED_EDGE ( 'NONE', *, *, #4454, .T. ) ;
#421 = DIRECTION ( 'NONE',  ( -0.000000000000000000, -0.000000000000000000, -1.000000000000000000 ) ) ;
#422 = DIRECTION ( 'NONE',  ( 0.000000000000000000, -1.000000000000000000, 0.000000000000000000 ) ) ;
#423 = DIRECTION ( 'NONE',  ( 0.000000000000000000, 0.000000000000000000, -1.000000000000000000 ) ) ;
#424 = LINE ( 'NONE', #3477, #2696 ) ;
#425 = ORIENTED_EDGE ( 'NONE', *, *, #523, .T. ) ;
#426 = DIRECTION ( 'NONE',  ( 0.000000000000000000, 0.000000000000000000, 1.000000000000000000 ) ) ;
#427 = VECTOR ( 'NONE', #113, 1000.000000000000000 ) ;
#428 = EDGE_CURVE ( 'NONE', #418, #3498, #976, .T. ) ;
#429 = ORIENTED_EDGE ( 'NONE', *, *, #2816, .T. ) ;
#430 = CARTESIAN_POINT ( 'NONE',  ( 15.90000000000005720, -343.5000000000000000, 15.90000000000000036 ) ) ;
#431 = VECTOR ( 'NONE', #4457, 1000.000000000000000 ) ;
#432 = CARTESIAN_POINT ( 'NONE',  ( 830.0000000000001137, -800.0000000000000000, 70.00000000000000000 ) ) ;
#433 = CARTESIAN_POINT ( 'NONE',  ( 8.523541722065577671E-14, 293.5000000000000000, 30.00000000000000000 ) ) ;
#434 = VERTEX_POINT ( 'NONE', #2590 ) ;
#435 = EDGE_CURVE ( 'NONE', #230, #3760, #2839, .T. ) ;
#436 = FACE_OUTER_BOUND ( 'NONE', #4786, .T. ) ;
#437 = ORIENTED_EDGE ( 'NONE', *, *, #1232, .T. ) ;
#438 = DIRECTION ( 'NONE',  ( 0.000000000000000000, 0.000000000000000000, -1.000000000000000000 ) ) ;
#439 = LINE ( 'NONE', #1650, #1077 ) ;
#440 = VECTOR ( 'NONE', #2366, 1000.000000000000000 ) ;
#441 = CARTESIAN_POINT ( 'NONE',  ( 70.00000000000002842, -57.00000000000000711, 475.0000000000001137 ) ) ;
#442 = CARTESIAN_POINT ( 'NONE',  ( 70.00000000000008527, -730.0000000000000000, 527.0000000000000000 ) ) ;
#443 = AXIS2_PLACEMENT_3D ( 'NONE', #4438, #341, #2539 ) ;
#444 = CYLINDRICAL_SURFACE ( 'NONE', #2969, 27.00000000000002487 ) ;
#445 = CYLINDRICAL_SURFACE ( 'NONE', #877, 5.049999999999998934 ) ;
#446 = DIRECTION ( 'NONE',  ( -9.861392444379080270E-32, 5.782411586589351722E-16, 1.000000000000000000 ) ) ;
#447 = CARTESIAN_POINT ( 'NONE',  ( 0.000000000000000000, 0.000000000000000000, 0.000000000000000000 ) ) ;
#448 = LINE ( 'NONE', #735, #4313 ) ;
#449 = ORIENTED_EDGE ( 'NONE', *, *, #2039, .F. ) ;
#450 = DIRECTION ( 'NONE',  ( 0.000000000000000000, 0.000000000000000000, -1.000000000000000000 ) ) ;
#451 = CARTESIAN_POINT ( 'NONE',  ( 869.9999999999998863, -708.0000000000000000, 0.000000000000000000 ) ) ;
#452 = AXIS2_PLACEMENT_3D ( 'NONE', #2955, #3771, #412 ) ;
#453 = CARTESIAN_POINT ( 'NONE',  ( 70.00000000000008527, -785.0000000000000000, 520.0000000000000000 ) ) ;
#454 = VERTEX_POINT ( 'NONE', #2936 ) ;
#455 = LINE ( 'NONE', #4493, #1684 ) ;
#456 = EDGE_CURVE ( 'NONE', #1561, #4750, #4857, .T. ) ;
#457 = DIRECTION ( 'NONE',  ( 0.000000000000000000, 0.000000000000000000, -1.000000000000000000 ) ) ;
#458 = ORIENTED_EDGE ( 'NONE', *, *, #1513, .T. ) ;
#459 = CC_DESIGN_SECURITY_CLASSIFICATION ( #2788, ( #4875 ) ) ;
#460 = EDGE_LOOP ( 'NONE', ( #3169, #1405 ) ) ;
#461 = DIRECTION ( 'NONE',  ( -6.419766481290780338E-32, 5.782411586589351722E-16, 1.000000000000000000 ) ) ;
#462 = DIRECTION ( 'NONE',  ( 0.000000000000000000, 0.000000000000000000, 1.000000000000000000 ) ) ;
#463 = EDGE_CURVE ( 'NONE', #1218, #4804, #2614, .T. ) ;
#464 = DIRECTION ( 'NONE',  ( 0.000000000000000000, 1.000000000000000000, 0.000000000000000000 ) ) ;
#465 = DIRECTION ( 'NONE',  ( 1.032573497605233226E-16, 0.000000000000000000, 1.000000000000000000 ) ) ;
#466 = ORIENTED_EDGE ( 'NONE', *, *, #4410, .F. ) ;
#467 = ORIENTED_EDGE ( 'NONE', *, *, #3083, .T. ) ;
#468 = ORIENTED_EDGE ( 'NONE', *, *, #583, .T. ) ;
#469 = ORIENTED_EDGE ( 'NONE', *, *, #1867, .T. ) ;
#470 = PLANE ( 'NONE',  #1571 ) ;
#471 = COORDINATED_UNIVERSAL_TIME_OFFSET ( 8, 0, .AHEAD. ) ;
#472 = ORIENTED_EDGE ( 'NONE', *, *, #3264, .T. ) ;
#473 = ORIENTED_EDGE ( 'NONE', *, *, #3237, .F. ) ;
#474 = CARTESIAN_POINT ( 'NONE',  ( 15.90000000000005720, -342.0000000000000000, 22.40000000000000568 ) ) ;
#475 = APPROVAL_DATE_TIME ( #2801, #3845 ) ;
#476 = CARTESIAN_POINT ( 'NONE',  ( 22.00000000000001066, -630.2500000000001137, 594.8000000000001819 ) ) ;
#477 = LINE ( 'NONE', #351, #239 ) ;
#478 = CARTESIAN_POINT ( 'NONE',  ( 830.0000000000001137, -785.0000000000000000, 70.00000000000000000 ) ) ;
#479 = DIRECTION ( 'NONE',  ( 0.000000000000000000, 1.000000000000000000, -0.000000000000000000 ) ) ;
#480 = DIRECTION ( 'NONE',  ( 0.000000000000000000, 0.000000000000000000, -1.000000000000000000 ) ) ;
#481 = CARTESIAN_POINT ( 'NONE',  ( 5.200000000000008171, -93.24999999999998579, 586.8000000000001819 ) ) ;
#482 = PERSON_AND_ORGANIZATION ( #1608, #3702 ) ;
#483 = EDGE_LOOP ( 'NONE', ( #3674, #3091, #1278, #3618 ) ) ;
#484 = EDGE_CURVE ( 'NONE', #3093, #3772, #3850, .T. ) ;
#485 = CIRCLE ( 'NONE', #360, 27.00000000000002487 ) ;
#486 = CARTESIAN_POINT ( 'NONE',  ( 70.00000000000009948, -745.0000000000000000, 70.00000000000000000 ) ) ;
#487 = CC_DESIGN_APPROVAL ( #4662, ( #4157 ) ) ;
#488 = EDGE_LOOP ( 'NONE', ( #4234, #496, #1162, #3407 ) ) ;
#489 = VECTOR ( 'NONE', #461, 1000.000000000000000 ) ;
#490 = EDGE_CURVE ( 'NONE', #1565, #3295, #3681, .T. ) ;
#491 = DIRECTION ( 'NONE',  ( -1.137523590804461357E-16, 0.000000000000000000, -1.000000000000000000 ) ) ;
#492 = VECTOR ( 'NONE', #3830, 1000.000000000000000 ) ;
#493 = ORIENTED_EDGE ( 'NONE', *, *, #1947, .F. ) ;
#494 = FACE_OUTER_BOUND ( 'NONE', #1013, .T. ) ;
#495 = DIRECTION ( 'NONE',  ( -0.000000000000000000, -0.000000000000000000, -1.000000000000000000 ) ) ;
#496 = ORIENTED_EDGE ( 'NONE', *, *, #4119, .T. ) ;
#497 = EDGE_CURVE ( 'NONE', #3990, #4570, #4797, .T. ) ;
#498 = VECTOR ( 'NONE', #4140, 1000.000000000000000 ) ;
#499 = EDGE_CURVE ( 'NONE', #3448, #3802, #1793, .T. ) ;
#500 = DIRECTION ( 'NONE',  ( -2.745500257537979014E-16, 1.000000000000000000, 0.000000000000000000 ) ) ;
#501 = VECTOR ( 'NONE', #4709, 1000.000000000000000 ) ;
#502 = LINE ( 'NONE', #815, #1897 ) ;
#503 = AXIS2_PLACEMENT_3D ( 'NONE', #447, #1924, #823 ) ;
#504 = CARTESIAN_POINT ( 'NONE',  ( 70.00000000000008527, -800.0000000000000000, 473.0000000000000000 ) ) ;
#505 = CYLINDRICAL_SURFACE ( 'NONE', #281, 19.99999999999996092 ) ;
#506 = LINE ( 'NONE', #4258, #3894 ) ;
#507 = AXIS2_PLACEMENT_3D ( 'NONE', #1504, #2685, #457 ) ;
#508 = CARTESIAN_POINT ( 'NONE',  ( 0.000000000000000000, -142.0000000000000000, 0.000000000000000000 ) ) ;
#509 = PERSON ( 'NAUO-PER1', 'UNSPECIFIED', 'UNSPECIFIED', ('UNSPECIFIED'), ('UNSPECIFIED'), ('UNSPECIFIED') ) ;
#510 = LINE ( 'NONE', #1442, #2149 ) ;
#511 = VERTEX_POINT ( 'NONE', #3727 ) ;
#512 = EDGE_CURVE ( 'NONE', #1060, #944, #1965, .T. ) ;
#513 = CARTESIAN_POINT ( 'NONE',  ( 70.00000000000002842, -132.0000000000000000, 475.0000000000001137 ) ) ;
#514 = ORIENTED_EDGE ( 'NONE', *, *, #4099, .T. ) ;
#515 = EDGE_CURVE ( 'NONE', #1158, #1005, #4380, .T. ) ;
#516 = ORIENTED_EDGE ( 'NONE', *, *, #649, .F. ) ;
#517 = SECURITY_CLASSIFICATION ( '', '', #3749 ) ;
#518 = CARTESIAN_POINT ( 'NONE',  ( 449.0000000000001137, -343.5000000000000000, 30.00000000000000000 ) ) ;
#519 = ORIENTED_EDGE ( 'NONE', *, *, #3269, .F. ) ;
#520 = ADVANCED_FACE ( 'NONE', ( #637, #4503 ), #2185, .T. ) ;
#521 = VERTEX_POINT ( 'NONE', #2919 ) ;
#522 = CARTESIAN_POINT ( 'NONE',  ( 870.0000000000000000, -142.7499999999998863, 570.0000000000001137 ) ) ;
#523 = EDGE_CURVE ( 'NONE', #306, #4230, #510, .T. ) ;
#524 = CARTESIAN_POINT ( 'NONE',  ( 0.000000000000000000, 0.000000000000000000, 0.000000000000000000 ) ) ;
#525 = ORIENTED_EDGE ( 'NONE', *, *, #1364, .T. ) ;
#526 = ORIENTED_EDGE ( 'NONE', *, *, #1006, .T. ) ;
#527 = DIRECTION ( 'NONE',  ( 0.000000000000000000, 0.000000000000000000, -1.000000000000000000 ) ) ;
#528 = CARTESIAN_POINT ( 'NONE',  ( 870.0000000000000000, -57.00000000000000000, 2.000000000000000000 ) ) ;
#529 = CALENDAR_DATE ( 2026, 9, 6 ) ;
#530 = AXIS2_PLACEMENT_3D ( 'NONE', #1801, #1431, #2958 ) ;
#531 = ADVANCED_FACE ( 'NONE', ( #269 ), #1898, .T. ) ;
#532 = CARTESIAN_POINT ( 'NONE',  ( 870.0000000000000000, -57.00000000000000000, 546.0000000000000000 ) ) ;
#533 = ORIENTED_EDGE ( 'NONE', *, *, #2880, .T. ) ;
#534 = APPROVAL_PERSON_ORGANIZATION ( #1530, #889, #1449 ) ;
#535 = VERTEX_POINT ( 'NONE', #2489 ) ;
#536 = DIRECTION ( 'NONE',  ( -0.000000000000000000, 1.000000000000000000, -0.000000000000000000 ) ) ;
#537 = CARTESIAN_POINT ( 'NONE',  ( 894.8000000000000682, -142.7499999999998863, 570.0000000000001137 ) ) ;
#538 = AXIS2_PLACEMENT_3D ( 'NONE', #49, #35, #4107 ) ;
#539 = VECTOR ( 'NONE', #3121, 1000.000000000000000 ) ;
#540 = DIRECTION ( 'NONE',  ( 0.000000000000000000, 1.000000000000000000, 0.000000000000000000 ) ) ;
#541 = ORIENTED_EDGE ( 'NONE', *, *, #3872, .T. ) ;
#542 = PERSON ( 'NAUO-PER7', 'UNSPECIFIED', 'UNSPECIFIED', ('UNSPECIFIED'), ('UNSPECIFIED'), ('UNSPECIFIED') ) ;
#543 = AXIS2_PLACEMENT_3D ( 'NONE', #1224, #2443, #4704 ) ;
#544 = VECTOR ( 'NONE', #147, 1000.000000000000000 ) ;
#545 = DIRECTION ( 'NONE',  ( 0.009501111530771046490, -8.326672684688676518E-17, 0.9999548634211845588 ) ) ;
#546 = LINE ( 'NONE', #4817, #431 ) ;
#547 = EDGE_LOOP ( 'NONE', ( #1219, #4294, #2922, #4752 ) ) ;
#548 = EDGE_CURVE ( 'NONE', #3094, #1705, #4494, .T. ) ;
#549 = ADVANCED_FACE ( 'NONE', ( #4371 ), #3041, .F. ) ;
#550 = CARTESIAN_POINT ( 'NONE',  ( 0.000000000000000000, 0.000000000000000000, 120.0000000000000000 ) ) ;
#551 = FACE_OUTER_BOUND ( 'NONE', #1990, .T. ) ;
#552 = CC_DESIGN_SECURITY_CLASSIFICATION ( #1889, ( #3583 ) ) ;
#553 = ORIENTED_EDGE ( 'NONE', *, *, #1168, .T. ) ;
#554 = VECTOR ( 'NONE', #4830, 1000.000000000000000 ) ;
#555 = DIRECTION ( 'NONE',  ( -0.000000000000000000, 1.000000000000000000, -0.000000000000000000 ) ) ;
#556 = FACE_OUTER_BOUND ( 'NONE', #3209, .T. ) ;
#557 = PLANE ( 'NONE',  #4110 ) ;
#558 = CARTESIAN_POINT ( 'NONE',  ( 15.90000000000005720, -562.5000000000004547, 15.90000000000000036 ) ) ;
#559 = ADVANCED_FACE ( 'NONE', ( #1669, #1197 ), #1820, .F. ) ;
#560 = DIRECTION ( 'NONE',  ( 1.000000000000000000, 8.260587980841938471E-18, 0.000000000000000000 ) ) ;
#561 = CIRCLE ( 'NONE', #2805, 5.000000000000000888 ) ;
#562 = APPLICATION_CONTEXT ( 'configuration controlled 3d designs of mechanical parts and assemblies' ) ;
#563 = DIRECTION ( 'NONE',  ( -0.000000000000000000, 1.000000000000000000, -0.000000000000000000 ) ) ;
#564 = EDGE_CURVE ( 'NONE', #4804, #3887, #205, .T. ) ;
#565 = DIRECTION ( 'NONE',  ( 0.000000000000000000, 0.000000000000000000, -1.000000000000000000 ) ) ;
#566 = ADVANCED_FACE ( 'NONE', ( #4075 ), #4551, .F. ) ;
#567 = CYLINDRICAL_SURFACE ( 'NONE', #1031, 27.00000000000002487 ) ;
#568 = EDGE_LOOP ( 'NONE', ( #4710, #1414, #692, #3365 ) ) ;
#569 = LINE ( 'NONE', #3616, #2140 ) ;
#570 = ORIENTED_EDGE ( 'NONE', *, *, #1420, .F. ) ;
#571 = CARTESIAN_POINT ( 'NONE',  ( 879.0500000000001819, -630.2499999999998863, 586.0000000000001137 ) ) ;
#572 = AXIS2_PLACEMENT_3D ( 'NONE', #3719, #2629, #793 ) ;
#573 = CARTESIAN_POINT ( 'NONE',  ( 22.00000000000001066, -679.7500000000001137, 594.8000000000001819 ) ) ;
#574 = DESIGN_CONTEXT ( 'detailed design', #213, 'design' ) ;
#575 = DIRECTION ( 'NONE',  ( 0.000000000000000000, 0.000000000000000000, 1.000000000000000000 ) ) ;
#576 = AXIS2_PLACEMENT_3D ( 'NONE', #24, #2617, #2243 ) ;
#577 = CARTESIAN_POINT ( 'NONE',  ( 8.523541722065577671E-14, 343.5000000000000000, 15.00000000000000000 ) ) ;
#578 = ORIENTED_EDGE ( 'NONE', *, *, #4198, .T. ) ;
#579 = ADVANCED_FACE ( 'NONE', ( #3530 ), #4017, .T. ) ;
#580 = MECHANICAL_CONTEXT ( 'NONE', #4325, 'mechanical' ) ;
#581 = DIRECTION ( 'NONE',  ( 0.000000000000000000, 0.000000000000000000, -1.000000000000000000 ) ) ;
#582 = ORIENTED_EDGE ( 'NONE', *, *, #1834, .T. ) ;
#583 = EDGE_CURVE ( 'NONE', #4656, #72, #3246, .T. ) ;
#584 = CARTESIAN_POINT ( 'NONE',  ( 22.00000000000001066, -142.7500000000000000, 594.8000000000001819 ) ) ;
#585 = DIRECTION ( 'NONE',  ( 0.000000000000000000, 0.000000000000000000, -1.000000000000000000 ) ) ;
#586 = ADVANCED_FACE ( 'NONE', ( #4136 ), #505, .T. ) ;
#587 = EDGE_CURVE ( 'NONE', #2565, #1441, #4252, .T. ) ;
#588 = ORIENTED_EDGE ( 'NONE', *, *, #2726, .F. ) ;
#589 = CARTESIAN_POINT ( 'NONE',  ( 900.0000000000001137, -17.99999999999988631, 570.0000000000001137 ) ) ;
#590 = VERTEX_POINT ( 'NONE', #1048 ) ;
#591 = ORIENTED_EDGE ( 'NONE', *, *, #2108, .F. ) ;
#592 = CARTESIAN_POINT ( 'NONE',  ( 884.1000000000002501, -630.2499999999998863, 586.0000000000001137 ) ) ;
#593 = CARTESIAN_POINT ( 'NONE',  ( 830.0000000000001137, -745.0000000000000000, 50.00000000000004263 ) ) ;
#594 = LOCAL_TIME ( 10, 26, 38.00000000000000000, #3268 ) ;
#595 = DIRECTION ( 'NONE',  ( 0.000000000000000000, 0.000000000000000000, 1.000000000000000000 ) ) ;
#596 = ORIENTED_EDGE ( 'NONE', *, *, #1264, .F. ) ;
#597 = ORIENTED_EDGE ( 'NONE', *, *, #4627, .T. ) ;
#598 = CARTESIAN_POINT ( 'NONE',  ( 70.00000000000009948, -785.0000000000000000, 43.00000000000000000 ) ) ;
#599 = APPROVAL_STATUS ( 'not_yet_approved' ) ;
#600 = DIRECTION ( 'NONE',  ( 1.000000000000000000, 2.745500257537979014E-16, 0.000000000000000000 ) ) ;
#601 = APPROVAL_DATE_TIME ( #2636, #4605 ) ;
#602 = LINE ( 'NONE', #2241, #4468 ) ;
#603 = CARTESIAN_POINT ( 'NONE',  ( 840.0000000000001137, -142.0000000000000000, 485.0000000000000000 ) ) ;
#604 = PLANE ( 'NONE',  #1159 ) ;
#605 = ADVANCED_FACE ( 'NONE', ( #2541 ), #3474, .T. ) ;
#606 = AXIS2_PLACEMENT_3D ( 'NONE', #415, #1550, #1512 ) ;
#607 = PERSON_AND_ORGANIZATION ( #1608, #3702 ) ;
#608 = VECTOR ( 'NONE', #1246, 1000.000000000000000 ) ;
#609 = ORIENTED_EDGE ( 'NONE', *, *, #262, .T. ) ;
#610 = CIRCLE ( 'NONE', #3539, 20.00000000000000355 ) ;
#611 = CARTESIAN_POINT ( 'NONE',  ( 886.8000000000002956, -630.2499999999998863, 586.8000000000001819 ) ) ;
#612 = CARTESIAN_POINT ( 'NONE',  ( 878.0000000000000000, -93.24999999999987210, 594.8000000000001819 ) ) ;
#613 = ADVANCED_FACE ( 'NONE', ( #1778 ), #724, .F. ) ;
#614 = CARTESIAN_POINT ( 'NONE',  ( 894.8000000000002956, -630.2499999999998863, 570.0000000000001137 ) ) ;
#615 = VECTOR ( 'NONE', #3427, 1000.000000000000000 ) ;
#616 = VERTEX_POINT ( 'NONE', #693 ) ;
#617 =( GEOMETRIC_REPRESENTATION_CONTEXT ( 3 ) GLOBAL_UNCERTAINTY_ASSIGNED_CONTEXT ( ( #4358 ) ) GLOBAL_UNIT_ASSIGNED_CONTEXT ( ( #2752, #1656, #4293 ) ) REPRESENTATION_CONTEXT ( 'NONE', 'WORKASPACE' ) );
#618 = DIRECTION ( 'NONE',  ( -0.000000000000000000, 1.000000000000000000, -0.000000000000000000 ) ) ;
#619 = CARTESIAN_POINT ( 'NONE',  ( 5.200000000000006395, -93.24999999999998579, 570.0000000000001137 ) ) ;
#620 = VECTOR ( 'NONE', #79, 1000.000000000000000 ) ;
#621 = VERTEX_POINT ( 'NONE', #2169 ) ;
#622 = VECTOR ( 'NONE', #2688, 1000.000000000000000 ) ;
#623 = EDGE_CURVE ( 'NONE', #801, #3448, #2422, .T. ) ;
#624 = PRODUCT_DEFINITION_SHAPE ( 'NONE', 'NONE',  #4878 ) ;
#625 = FACE_OUTER_BOUND ( 'NONE', #1016, .T. ) ;
#626 = LINE ( 'NONE', #1161, #1774 ) ;
#627 = CC_DESIGN_SECURITY_CLASSIFICATION ( #3023, ( #4873 ) ) ;
#628 = DIRECTION ( 'NONE',  ( 0.000000000000000000, 0.000000000000000000, -1.000000000000000000 ) ) ;
#629 = EDGE_CURVE ( 'NONE', #2573, #1737, #2491, .T. ) ;
#630 = FACE_OUTER_BOUND ( 'NONE', #999, .T. ) ;
#631 = EDGE_LOOP ( 'NONE', ( #2062, #1451, #32, #1660 ) ) ;
#632 = PLANE ( 'NONE',  #2197 ) ;
#633 = PERSON_AND_ORGANIZATION_ROLE ( 'creator' ) ;
#634 = DIRECTION ( 'NONE',  ( 1.224646799147353454E-16, -1.000000000000000000, 0.000000000000000000 ) ) ;
#635 = DIRECTION ( 'NONE',  ( -1.000000000000000000, 0.000000000000000000, -0.000000000000000000 ) ) ;
#636 = AXIS2_PLACEMENT_3D ( 'NONE', #1872, #1857, #4869 ) ;
#637 = FACE_OUTER_BOUND ( 'NONE', #1100, .T. ) ;
#638 = ORIENTED_EDGE ( 'NONE', *, *, #1323, .F. ) ;
#639 = ADVANCED_FACE ( 'NONE', ( #4783, #83 ), #1851, .T. ) ;
#640 = DIRECTION ( 'NONE',  ( -0.000000000000000000, 1.000000000000000000, -0.000000000000000000 ) ) ;
#641 = ORIENTED_EDGE ( 'NONE', *, *, #161, .F. ) ;
#642 = VECTOR ( 'NONE', #1344, 1000.000000000000000 ) ;
#643 = CARTESIAN_POINT ( 'NONE',  ( 8.523541722065577671E-14, 343.5000000000000000, 0.000000000000000000 ) ) ;
#644 = CARTESIAN_POINT ( 'NONE',  ( 70.00000000000009948, -785.0000000000000000, 70.00000000000000000 ) ) ;
#645 = ORIENTED_EDGE ( 'NONE', *, *, #3369, .T. ) ;
#646 = APPLICATION_PROTOCOL_DEFINITION ( 'international standard', 'config_control_design', 1994, #213 ) ;
#647 = DIRECTION ( 'NONE',  ( 2.745500257537979014E-16, -1.000000000000000000, -0.000000000000000000 ) ) ;
#648 = ORIENTED_EDGE ( 'NONE', *, *, #4381, .F. ) ;
#649 = EDGE_CURVE ( 'NONE', #744, #3027, #2073, .T. ) ;
#650 = DIRECTION ( 'NONE',  ( 0.000000000000000000, 1.000000000000000000, -0.000000000000000000 ) ) ;
#651 = DIRECTION ( 'NONE',  ( 2.745500257537979014E-16, -1.000000000000000000, -0.000000000000000000 ) ) ;
#652 = ORIENTED_EDGE ( 'NONE', *, *, #2021, .T. ) ;
#653 = CARTESIAN_POINT ( 'NONE',  ( 870.0000000000000000, -142.7499999999998863, 586.8000000000001819 ) ) ;
#654 = EDGE_CURVE ( 'NONE', #4863, #1411, #3363, .T. ) ;
#655 = CARTESIAN_POINT ( 'NONE',  ( 33.00000000000005684, 0.000000000000000000, 0.000000000000000000 ) ) ;
#656 = CONTEXT_DEPENDENT_SHAPE_REPRESENTATION ( #2907, #4370 ) ;
#657 = ORIENTED_EDGE ( 'NONE', *, *, #1175, .T. ) ;
#658 = DIRECTION ( 'NONE',  ( 0.000000000000000000, 0.000000000000000000, -1.000000000000000000 ) ) ;
#659 = ORIENTED_EDGE ( 'NONE', *, *, #3446, .T. ) ;
#660 = CARTESIAN_POINT ( 'NONE',  ( 830.0000000000001137, -785.0000000000000000, 500.0000000000000000 ) ) ;
#661 = EDGE_LOOP ( 'NONE', ( #641, #4497 ) ) ;
#662 = PERSON_AND_ORGANIZATION ( #1608, #3702 ) ;
#663 = ADVANCED_FACE ( 'NONE', ( #1082 ), #1556, .T. ) ;
#664 = CARTESIAN_POINT ( 'NONE',  ( 70.00000000000008527, -800.0000000000000000, 527.0000000000000000 ) ) ;
#665 = ORIENTED_EDGE ( 'NONE', *, *, #860, .T. ) ;
#666 = PERSON_AND_ORGANIZATION_ROLE ( 'creator' ) ;
#667 = ORIENTED_EDGE ( 'NONE', *, *, #4315, .F. ) ;
#668 = LINE ( 'NONE', #2666, #3231 ) ;
#669 = ORIENTED_EDGE ( 'NONE', *, *, #2455, .T. ) ;
#670 = ORIENTED_EDGE ( 'NONE', *, *, #2861, .F. ) ;
#671 = CYLINDRICAL_SURFACE ( 'NONE', #2674, 27.00000000000002487 ) ;
#672 = CARTESIAN_POINT ( 'NONE',  ( 70.00000000000008527, -745.0000000000000000, 520.0000000000000000 ) ) ;
#673 = UNCERTAINTY_MEASURE_WITH_UNIT (LENGTH_MEASURE( 1.000000000000000082E-05 ), #3149, 'distance_accuracy_value', 'NONE');
#674 = CARTESIAN_POINT ( 'NONE',  ( 30.00000000000000711, -57.00000000000000711, 20.00000000000001776 ) ) ;
#675 = FACE_OUTER_BOUND ( 'NONE', #289, .T. ) ;
#676 = CARTESIAN_POINT ( 'NONE',  ( 830.0000000000001137, -785.0000000000000000, 500.0000000000000000 ) ) ;
#677 = ORIENTED_EDGE ( 'NONE', *, *, #1732, .T. ) ;
#678 = CARTESIAN_POINT ( 'NONE',  ( 30.00000000000008171, -679.7500000000001137, 570.0000000000001137 ) ) ;
#679 = EDGE_CURVE ( 'NONE', #3392, #2730, #1375, .T. ) ;
#680 = ORIENTED_EDGE ( 'NONE', *, *, #1977, .T. ) ;
#681 = DIRECTION ( 'NONE',  ( 0.000000000000000000, 0.000000000000000000, -1.000000000000000000 ) ) ;
#682 = LINE ( 'NONE', #71, #136 ) ;
#683 = FACE_BOUND ( 'NONE', #1643, .T. ) ;
#684 = CIRCLE ( 'NONE', #1847, 27.00000000000002487 ) ;
#685 = FACE_OUTER_BOUND ( 'NONE', #4742, .T. ) ;
#686 = DIRECTION ( 'NONE',  ( 0.000000000000000000, 0.000000000000000000, -1.000000000000000000 ) ) ;
#687 = EDGE_CURVE ( 'NONE', #3765, #43, #2371, .T. ) ;
#688 = ADVANCED_FACE ( 'NONE', ( #3779, #2768 ), #1929, .F. ) ;
#689 = DIRECTION ( 'NONE',  ( -0.000000000000000000, 1.000000000000000000, 0.000000000000000000 ) ) ;
#690 = CARTESIAN_POINT ( 'NONE',  ( 8.523541722065577671E-14, -343.5000000000000000, 15.00000000000000000 ) ) ;
#691 = CYLINDRICAL_SURFACE ( 'NONE', #1546, 15.00000000000000000 ) ;
#692 = ORIENTED_EDGE ( 'NONE', *, *, #1237, .T. ) ;
#693 = CARTESIAN_POINT ( 'NONE',  ( 15.90000000000000036, -679.7500000000001137, 591.0500000000000682 ) ) ;
#694 = EDGE_CURVE ( 'NONE', #895, #3514, #3128, .T. ) ;
#695 = CARTESIAN_POINT ( 'NONE',  ( 15.90000000000005720, 342.0000000000000000, 15.90000000000000036 ) ) ;
#696 = CARTESIAN_POINT ( 'NONE',  ( 830.0000000000001137, -785.0000000000000000, 70.00000000000000000 ) ) ;
#697 = ORIENTED_EDGE ( 'NONE', *, *, #3688, .T. ) ;
#698 = DATE_TIME_ROLE ( 'classification_date' ) ;
#699 = CARTESIAN_POINT ( 'NONE',  ( 15.90000000000005720, -562.5000000000004547, 10.90000000000000036 ) ) ;
#700 = VERTEX_POINT ( 'NONE', #1880 ) ;
#701 = DIRECTION ( 'NONE',  ( 1.032573497605233226E-16, 0.000000000000000000, 1.000000000000000000 ) ) ;
#702 = DIRECTION ( 'NONE',  ( -1.224646799147353454E-16, 1.000000000000000000, 0.000000000000000000 ) ) ;
#703 = CARTESIAN_POINT ( 'NONE',  ( 15.90000000000005720, -342.0000000000000000, 15.90000000000000036 ) ) ;
#704 = DIRECTION ( 'NONE',  ( -0.000000000000000000, 1.000000000000000000, 0.000000000000000000 ) ) ;
#705 = EDGE_LOOP ( 'NONE', ( #4537, #4213 ) ) ;
#706 = DIRECTION ( 'NONE',  ( 0.000000000000000000, 1.000000000000000000, 0.000000000000000000 ) ) ;
#707 = AXIS2_PLACEMENT_3D ( 'NONE', #3008, #3026, #734 ) ;
#708 = EDGE_LOOP ( 'NONE', ( #925, #669, #4453, #3849, #3337, #3508, #4046, #259 ) ) ;
#709 = ORIENTED_EDGE ( 'NONE', *, *, #2424, .T. ) ;
#710 = ADVANCED_FACE ( 'NONE', ( #799, #2258 ), #4148, .F. ) ;
#711 = ORIENTED_EDGE ( 'NONE', *, *, #716, .T. ) ;
#712 = ORIENTED_EDGE ( 'NONE', *, *, #3840, .T. ) ;
#713 = LINE ( 'NONE', #2702, #4047 ) ;
#714 = DATE_TIME_ROLE ( 'classification_date' ) ;
#715 = CALENDAR_DATE ( 2026, 9, 6 ) ;
#716 = EDGE_CURVE ( 'NONE', #1044, #4262, #2132, .T. ) ;
#717 = EDGE_LOOP ( 'NONE', ( #3142, #2747, #1967, #357 ) ) ;
#718 = ORIENTED_EDGE ( 'NONE', *, *, #2585, .F. ) ;
#719 = DIRECTION ( 'NONE',  ( 0.000000000000000000, 0.000000000000000000, 1.000000000000000000 ) ) ;
#720 = CC_DESIGN_PERSON_AND_ORGANIZATION_ASSIGNMENT ( #994, #3334, ( #1080 ) ) ;
#721 = PERSON_AND_ORGANIZATION ( #1608, #3702 ) ;
#722 = CARTESIAN_POINT ( 'NONE',  ( 60.00000000000000000, 0.000000000000000000, 101.0000000000000853 ) ) ;
#723 = EDGE_CURVE ( 'NONE', #1522, #434, #3306, .T. ) ;
#724 = PLANE ( 'NONE',  #4049 ) ;
#725 = PERSON_AND_ORGANIZATION ( #1608, #3702 ) ;
#726 = ORIENTED_EDGE ( 'NONE', *, *, #2277, .F. ) ;
#727 = DIRECTION ( 'NONE',  ( 0.000000000000000000, -1.000000000000000000, 0.000000000000000000 ) ) ;
#728 = FACE_OUTER_BOUND ( 'NONE', #4809, .T. ) ;
#729 = CARTESIAN_POINT ( 'NONE',  ( 8.500145032286354763E-14, -293.5000000000000000, 15.00000000000000000 ) ) ;
#730 = VERTEX_POINT ( 'NONE', #3060 ) ;
#731 = FACE_OUTER_BOUND ( 'NONE', #4145, .T. ) ;
#732 = DIRECTION ( 'NONE',  ( 0.000000000000000000, 0.000000000000000000, 1.000000000000000000 ) ) ;
#733 = AXIS2_PLACEMENT_3D ( 'NONE', #866, #3865, #4245 ) ;
#734 = DIRECTION ( 'NONE',  ( 0.000000000000000000, 0.000000000000000000, -1.000000000000000000 ) ) ;
#735 = CARTESIAN_POINT ( 'NONE',  ( 22.00000000000001066, -630.2500000000001137, 594.8000000000001819 ) ) ;
#736 = CYLINDRICAL_SURFACE ( 'NONE', #4675, 20.00000000000001776 ) ;
#737 = ORIENTED_EDGE ( 'NONE', *, *, #1920, .T. ) ;
#738 = CARTESIAN_POINT ( 'NONE',  ( 830.0000000000001137, -800.0000000000000000, 527.0000000000000000 ) ) ;
#739 = LINE ( 'NONE', #4033, #4487 ) ;
#740 = AXIS2_PLACEMENT_3D ( 'NONE', #2931, #1781, #3320 ) ;
#741 = CARTESIAN_POINT ( 'NONE',  ( 8.523541722065577671E-14, 343.5000000000000000, 15.00000000000000000 ) ) ;
#742 = ADVANCED_FACE ( 'NONE', ( #143, #1432 ), #3801, .T. ) ;
#743 = VECTOR ( 'NONE', #1433, 1000.000000000000000 ) ;
#744 = VERTEX_POINT ( 'NONE', #4555 ) ;
#745 = CIRCLE ( 'NONE', #1226, 5.049999999999998934 ) ;
#746 = EDGE_CURVE ( 'NONE', #3106, #4382, #2657, .T. ) ;
#747 = LINE ( 'NONE', #402, #2607 ) ;
#748 = APPLICATION_CONTEXT ( 'configuration controlled 3d designs of mechanical parts and assemblies' ) ;
#749 = CC_DESIGN_APPROVAL ( #3751, ( #3483 ) ) ;
#750 = PLANE ( 'NONE',  #1640 ) ;
#751 = EDGE_CURVE ( 'NONE', #3802, #3903, #684, .T. ) ;
#752 = SHAPE_REPRESENTATION ( '地柜13-柜门_地柜13-柜门', ( #4449 ), #1700 ) ;
#753 = CARTESIAN_POINT ( 'NONE',  ( 22.00000000000001066, -142.7500000000000000, 586.8000000000001819 ) ) ;
#754 = LINE ( 'NONE', #806, #2779 ) ;
#755 = EDGE_CURVE ( 'NONE', #621, #58, #2312, .T. ) ;
#756 = CARTESIAN_POINT ( 'NONE',  ( 884.1000000000002501, -679.7499999999998863, 586.0000000000001137 ) ) ;
#757 = ORIENTED_EDGE ( 'NONE', *, *, #2754, .T. ) ;
#758 = DATE_TIME_ROLE ( 'classification_date' ) ;
#759 = ORIENTED_EDGE ( 'NONE', *, *, #1270, .F. ) ;
#760 = AXIS2_PLACEMENT_3D ( 'NONE', #4573, #1356, #3987 ) ;
#761 = DIRECTION ( 'NONE',  ( 0.000000000000000000, -1.000000000000000000, 0.000000000000000000 ) ) ;
#762 = VERTEX_POINT ( 'NONE', #2682 ) ;
#763 = ORIENTED_EDGE ( 'NONE', *, *, #2769, .F. ) ;
#764 = DIRECTION ( 'NONE',  ( -1.000000000000000000, 0.000000000000000000, -0.000000000000000000 ) ) ;
#765 = DIRECTION ( 'NONE',  ( -0.000000000000000000, 0.000000000000000000, 1.000000000000000000 ) ) ;
#766 = DIRECTION ( 'NONE',  ( 0.000000000000000000, 0.000000000000000000, 1.000000000000000000 ) ) ;
#767 = CARTESIAN_POINT ( 'NONE',  ( 30.00000000000000711, -57.00000000000000711, 546.0000000000000000 ) ) ;
#768 = ORIENTED_EDGE ( 'NONE', *, *, #3729, .T. ) ;
#769 = EDGE_CURVE ( 'NONE', #4149, #1218, #329, .T. ) ;
#770 = ORIENTED_EDGE ( 'NONE', *, *, #4853, .T. ) ;
#771 = CARTESIAN_POINT ( 'NONE',  ( 30.00000000000016698, -57.00000000000000000, 2.000000000000000000 ) ) ;
#772 = CARTESIAN_POINT ( 'NONE',  ( 830.0000000000001137, -800.0000000000000000, 500.0000000000000000 ) ) ;
#773 = DATE_AND_TIME ( #715, #824 ) ;
#774 = VERTEX_POINT ( 'NONE', #4183 ) ;
#775 = APPROVAL_ROLE ( '' ) ;
#776 = EDGE_CURVE ( 'NONE', #4608, #4339, #2940, .T. ) ;
#777 = LOCAL_TIME ( 10, 26, 38.00000000000000000, #884 ) ;
#778 = ORIENTED_EDGE ( 'NONE', *, *, #395, .F. ) ;
#779 = CC_DESIGN_APPROVAL ( #862, ( #517 ) ) ;
#780 = VERTEX_POINT ( 'NONE', #2384 ) ;
#781 = CARTESIAN_POINT ( 'NONE',  ( 870.0000000000002274, -679.7499999999998863, 570.0000000000001137 ) ) ;
#782 = VECTOR ( 'NONE', #4615, 1000.000000000000000 ) ;
#783 = ORIENTED_EDGE ( 'NONE', *, *, #2854, .F. ) ;
#784 = EDGE_CURVE ( 'NONE', #2406, #3059, #3956, .T. ) ;
#785 = EDGE_CURVE ( 'NONE', #1005, #256, #3835, .T. ) ;
#786 = CARTESIAN_POINT ( 'NONE',  ( 886.8000000000000682, -142.7499999999998863, 586.8000000000001819 ) ) ;
#787 = LINE ( 'NONE', #1291, #2408 ) ;
#788 = EDGE_LOOP ( 'NONE', ( #3752, #3192 ) ) ;
#789 = LINE ( 'NONE', #4491, #3645 ) ;
#790 = VECTOR ( 'NONE', #681, 1000.000000000000000 ) ;
#791 = CARTESIAN_POINT ( 'NONE',  ( 33.00000000000005684, 0.000000000000000000, 0.000000000000000000 ) ) ;
#792 = LINE ( 'NONE', #4593, #4653 ) ;
#793 = DIRECTION ( 'NONE',  ( 0.000000000000000000, 0.000000000000000000, -1.000000000000000000 ) ) ;
#794 = ORIENTED_EDGE ( 'NONE', *, *, #456, .T. ) ;
#795 = VECTOR ( 'NONE', #814, 1000.000000000000000 ) ;
#796 = DIRECTION ( 'NONE',  ( 0.000000000000000000, 0.000000000000000000, -1.000000000000000000 ) ) ;
#797 = VECTOR ( 'NONE', #563, 1000.000000000000000 ) ;
#798 = AXIS2_PLACEMENT_3D ( 'NONE', #933, #4571, #1316 ) ;
#799 = FACE_BOUND ( 'NONE', #4838, .T. ) ;
#800 = CYLINDRICAL_SURFACE ( 'NONE', #3406, 5.049999999999998934 ) ;
#801 = VERTEX_POINT ( 'NONE', #2742 ) ;
#802 = AXIS2_PLACEMENT_3D ( 'NONE', #1269, #2381, #3200 ) ;
#803 = DIRECTION ( 'NONE',  ( 0.000000000000000000, 0.000000000000000000, -1.000000000000000000 ) ) ;
#804 = FACE_BOUND ( 'NONE', #1537, .T. ) ;
#805 = EDGE_CURVE ( 'NONE', #4241, #1760, #962, .T. ) ;
#806 = CARTESIAN_POINT ( 'NONE',  ( 870.0000000000000000, -57.00000000000000000, -0.000000000000000000 ) ) ;
#807 = DIRECTION ( 'NONE',  ( 1.000000000000000000, 0.000000000000000000, 0.000000000000000000 ) ) ;
#808 = CC_DESIGN_PERSON_AND_ORGANIZATION_ASSIGNMENT ( #482, #3252, ( #3141 ) ) ;
#809 = ORIENTED_EDGE ( 'NONE', *, *, #4706, .T. ) ;
#810 = DIRECTION ( 'NONE',  ( 0.000000000000000000, -0.000000000000000000, -1.000000000000000000 ) ) ;
#811 = CARTESIAN_POINT ( 'NONE',  ( 830.0000000000001137, -785.0000000000000000, 520.0000000000000000 ) ) ;
#812 = VERTEX_POINT ( 'NONE', #843 ) ;
#813 = DIRECTION ( 'NONE',  ( -0.000000000000000000, -0.000000000000000000, -1.000000000000000000 ) ) ;
#814 = DIRECTION ( 'NONE',  ( 1.000000000000000000, 0.000000000000000000, 0.000000000000000000 ) ) ;
#815 = CARTESIAN_POINT ( 'NONE',  ( 870.0000000000002274, -679.7499999999998863, 570.0000000000001137 ) ) ;
#816 = CARTESIAN_POINT ( 'NONE',  ( 886.8000000000000682, -93.24999999999987210, 594.8000000000001819 ) ) ;
#817 = ORIENTED_EDGE ( 'NONE', *, *, #1977, .F. ) ;
#818 = AXIS2_PLACEMENT_3D ( 'NONE', #4444, #4040, #1770 ) ;
#819 = CARTESIAN_POINT ( 'NONE',  ( 830.0000000000001137, -745.0000000000000000, 70.00000000000000000 ) ) ;
#820 = ORIENTED_EDGE ( 'NONE', *, *, #951, .T. ) ;
#821 = ORIENTED_EDGE ( 'NONE', *, *, #1559, .T. ) ;
#822 = DIRECTION ( 'NONE',  ( 0.000000000000000000, 0.000000000000000000, -1.000000000000000000 ) ) ;
#823 = DIRECTION ( 'NONE',  ( 1.000000000000000000, 0.000000000000000000, 0.000000000000000000 ) ) ;
#824 = LOCAL_TIME ( 10, 26, 38.00000000000000000, #2743 ) ;
#825 = DIRECTION ( 'NONE',  ( -1.000000000000000000, -1.224646799147353454E-16, -0.000000000000000000 ) ) ;
#826 = DIRECTION ( 'NONE',  ( 0.000000000000000000, 1.000000000000000000, -0.000000000000000000 ) ) ;
#827 = EDGE_LOOP ( 'NONE', ( #2991, #1692, #135, #1765 ) ) ;
#828 = ORIENTED_EDGE ( 'NONE', *, *, #3930, .T. ) ;
#829 = CIRCLE ( 'NONE', #2963, 26.99999999999999645 ) ;
#830 = DIRECTION ( 'NONE',  ( 0.000000000000000000, 1.000000000000000000, -0.000000000000000000 ) ) ;
#831 = DATE_AND_TIME ( #4343, #2916 ) ;
#832 = EDGE_CURVE ( 'NONE', #4671, #4143, #2824, .T. ) ;
#833 = ORIENTED_EDGE ( 'NONE', *, *, #3367, .T. ) ;
#834 = DIRECTION ( 'NONE',  ( -0.000000000000000000, 1.000000000000000000, -0.000000000000000000 ) ) ;
#835 = DIRECTION ( 'NONE',  ( 0.000000000000000000, 1.000000000000000000, 0.000000000000000000 ) ) ;
#836 = CARTESIAN_POINT ( 'NONE',  ( 8.673617379884035472E-14, 243.5000000000000000, 27.00000000000000355 ) ) ;
#837 = CC_DESIGN_PERSON_AND_ORGANIZATION_ASSIGNMENT ( #1757, #4737, ( #4595 ) ) ;
#838 = APPROVAL_DATE_TIME ( #1821, #3655 ) ;
#839 = EDGE_CURVE ( 'NONE', #316, #2098, #3641, .T. ) ;
#840 = LINE ( 'NONE', #2611, #3517 ) ;
#841 = CARTESIAN_POINT ( 'NONE',  ( 830.0000000000001137, -785.0000000000000000, 500.0000000000000000 ) ) ;
#842 = LINE ( 'NONE', #4240, #2533 ) ;
#843 = CARTESIAN_POINT ( 'NONE',  ( 0.000000000000000000, 0.000000000000000000, 600.1000000000000227 ) ) ;
#844 = DIRECTION ( 'NONE',  ( -0.000000000000000000, 1.000000000000000000, 0.000000000000000000 ) ) ;
#845 = VECTOR ( 'NONE', #2793, 1000.000000000000000 ) ;
#846 = LINE ( 'NONE', #1324, #327 ) ;
#847 = AXIS2_PLACEMENT_3D ( 'NONE', #3838, #4584, #87 ) ;
#848 = VERTEX_POINT ( 'NONE', #1629 ) ;
#849 = CIRCLE ( 'NONE', #3495, 6.500000000000005329 ) ;
#850 = LINE ( 'NONE', #2983, #3723 ) ;
#851 = PERSON_AND_ORGANIZATION_ROLE ( 'classification_officer' ) ;
#852 = LINE ( 'NONE', #4467, #4557 ) ;
#853 = VERTEX_POINT ( 'NONE', #1615 ) ;
#854 = LINE ( 'NONE', #619, #4729 ) ;
#855 = DIRECTION ( 'NONE',  ( 0.000000000000000000, 1.000000000000000000, 0.000000000000000000 ) ) ;
#856 = DIRECTION ( 'NONE',  ( 1.000000000000000000, -0.000000000000000000, -1.137523590804461357E-16 ) ) ;
#857 = DIRECTION ( 'NONE',  ( -0.000000000000000000, 1.000000000000000000, -0.000000000000000000 ) ) ;
#858 = ORIENTED_EDGE ( 'NONE', *, *, #1624, .F. ) ;
#859 = VECTOR ( 'NONE', #1046, 1000.000000000000000 ) ;
#860 = EDGE_CURVE ( 'NONE', #2649, #2036, #4176, .T. ) ;
#861 = DIRECTION ( 'NONE',  ( 2.745500257537979014E-16, -1.000000000000000000, -0.000000000000000000 ) ) ;
#862 = APPROVAL ( #4126, 'UNKNOWN' ) ;
#863 = DIRECTION ( 'NONE',  ( -1.000000000000000000, 0.000000000000000000, -0.000000000000000000 ) ) ;
#864 = EDGE_CURVE ( 'NONE', #1544, #4796, #1823, .T. ) ;
#865 = DIRECTION ( 'NONE',  ( 0.000000000000000000, 0.000000000000000000, -1.000000000000000000 ) ) ;
#866 = CARTESIAN_POINT ( 'NONE',  ( 28.00000000000005684, 293.5000000000000000, 22.00000000000000000 ) ) ;
#867 = VERTEX_POINT ( 'NONE', #2344 ) ;
#868 = DIRECTION ( 'NONE',  ( 0.000000000000000000, 1.000000000000000000, 0.000000000000000000 ) ) ;
#869 = EDGE_LOOP ( 'NONE', ( #3347, #2693, #4554, #3898 ) ) ;
#870 = ORIENTED_EDGE ( 'NONE', *, *, #4507, .F. ) ;
#871 = AXIS2_PLACEMENT_3D ( 'NONE', #3250, #1003, #1843 ) ;
#872 = ORGANIZATION ( 'NAUO-ORG3', 'UNSPECIFIED', 'UNSPECIFIED' ) ;
#873 = ORIENTED_EDGE ( 'NONE', *, *, #1450, .T. ) ;
#874 = VECTOR ( 'NONE', #4022, 1000.000000000000000 ) ;
#875 = CARTESIAN_POINT ( 'NONE',  ( 884.1000000000000227, -142.7499999999998863, 586.0000000000001137 ) ) ;
#876 = DIRECTION ( 'NONE',  ( 0.000000000000000000, 0.000000000000000000, -1.000000000000000000 ) ) ;
#877 = AXIS2_PLACEMENT_3D ( 'NONE', #4725, #267, #247 ) ;
#878 = LOCAL_TIME ( 10, 26, 38.00000000000000000, #1871 ) ;
#879 = ORIENTED_EDGE ( 'NONE', *, *, #3745, .T. ) ;
#880 = CARTESIAN_POINT ( 'NONE',  ( 15.00000000000008527, -243.4999999999999432, 0.000000000000000000 ) ) ;
#881 = PERSON ( 'NAUO-PER3', 'UNSPECIFIED', 'UNSPECIFIED', ('UNSPECIFIED'), ('UNSPECIFIED'), ('UNSPECIFIED') ) ;
#882 = AXIS2_PLACEMENT_3D ( 'NONE', #1761, #4391, #4803 ) ;
#883 =( LENGTH_UNIT ( ) NAMED_UNIT ( * ) SI_UNIT ( .MILLI., .METRE. ) );
#884 = COORDINATED_UNIVERSAL_TIME_OFFSET ( 8, 0, .AHEAD. ) ;
#885 = ORIENTED_EDGE ( 'NONE', *, *, #3683, .F. ) ;
#886 = EDGE_CURVE ( 'NONE', #590, #1045, #2052, .T. ) ;
#887 = LINE ( 'NONE', #1626, #539 ) ;
#888 = ORIENTED_EDGE ( 'NONE', *, *, #1707, .T. ) ;
#889 = APPROVAL ( #1469, '未指定' ) ;
#890 = LINE ( 'NONE', #1447, #1243 ) ;
#891 = FACE_OUTER_BOUND ( 'NONE', #547, .T. ) ;
#892 = EDGE_CURVE ( 'NONE', #2901, #2219, #2695, .T. ) ;
#893 = DIRECTION ( 'NONE',  ( 2.745500257537979014E-16, -1.000000000000000000, -0.000000000000000000 ) ) ;
#894 = CIRCLE ( 'NONE', #3423, 5.000000000000000000 ) ;
#895 = VERTEX_POINT ( 'NONE', #1962 ) ;
#896 = FACE_OUTER_BOUND ( 'NONE', #163, .T. ) ;
#897 = LINE ( 'NONE', #1372, #1018 ) ;
#898 = CARTESIAN_POINT ( 'NONE',  ( 830.0000000000001137, -785.0000000000000000, 50.00000000000004263 ) ) ;
#899 = AXIS2_PLACEMENT_3D ( 'NONE', #172, #3132, #3891 ) ;
#900 = VECTOR ( 'NONE', #3785, 1000.000000000000000 ) ;
#901 = VECTOR ( 'NONE', #4373, 1000.000000000000000 ) ;
#902 = DIRECTION ( 'NONE',  ( 0.000000000000000000, 0.000000000000000000, -1.000000000000000000 ) ) ;
#903 = CARTESIAN_POINT ( 'NONE',  ( 870.0000000000002274, -630.2499999999998863, 570.0000000000001137 ) ) ;
#904 = VECTOR ( 'NONE', #3558, 1000.000000000000000 ) ;
#905 = DIRECTION ( 'NONE',  ( 1.000000000000000000, 0.000000000000000000, -1.032573497605233103E-16 ) ) ;
#906 = VECTOR ( 'NONE', #2562, 1000.000000000000000 ) ;
#907 = ADVANCED_FACE ( 'NONE', ( #4415 ), #4212, .T. ) ;
#908 = CARTESIAN_POINT ( 'NONE',  ( 33.00000000000005684, 243.5000000000000000, 22.00000000000000000 ) ) ;
#909 = ORIENTED_EDGE ( 'NONE', *, *, #1420, .T. ) ;
#910 = CARTESIAN_POINT ( 'NONE',  ( -295.1813204887218376, -487.6071428571428328, 423.6000000000000796 ) ) ;
#911 = VERTEX_POINT ( 'NONE', #4248 ) ;
#912 = EDGE_CURVE ( 'NONE', #4570, #3918, #1597, .T. ) ;
#913 = ORIENTED_EDGE ( 'NONE', *, *, #4315, .T. ) ;
#914 = CYLINDRICAL_SURFACE ( 'NONE', #116, 6.500000000000005329 ) ;
#915 = DIRECTION ( 'NONE',  ( 0.000000000000000000, 0.000000000000000000, 1.000000000000000000 ) ) ;
#916 = EDGE_CURVE ( 'NONE', #3884, #2985, #3705, .T. ) ;
#917 = ORIENTED_EDGE ( 'NONE', *, *, #4092, .T. ) ;
#918 = DIRECTION ( 'NONE',  ( 7.087875819397462917E-32, -5.782411586589351722E-16, -1.000000000000000000 ) ) ;
#919 = DIRECTION ( 'NONE',  ( -1.000000000000000000, 0.000000000000000000, -0.000000000000000000 ) ) ;
#920 = ORIENTED_EDGE ( 'NONE', *, *, #2609, .T. ) ;
#921 = CARTESIAN_POINT ( 'NONE',  ( 886.8000000000000682, -93.24999999999987210, 586.8000000000001819 ) ) ;
#922 = EDGE_CURVE ( 'NONE', #1399, #848, #4646, .T. ) ;
#923 = DIRECTION ( 'NONE',  ( 0.000000000000000000, 0.000000000000000000, 1.000000000000000000 ) ) ;
#924 = DIRECTION ( 'NONE',  ( 2.745500257537979014E-16, -1.000000000000000000, 0.000000000000000000 ) ) ;
#925 = ORIENTED_EDGE ( 'NONE', *, *, #3977, .T. ) ;
#926 = ORIENTED_EDGE ( 'NONE', *, *, #3545, .T. ) ;
#927 = CARTESIAN_POINT ( 'NONE',  ( 8.523541722065577671E-14, 243.5000000000000000, 30.00000000000000000 ) ) ;
#928 = PLANE ( 'NONE',  #55 ) ;
#929 = APPROVAL_PERSON_ORGANIZATION ( #3756, #1206, #4062 ) ;
#930 = ORIENTED_EDGE ( 'NONE', *, *, #3507, .F. ) ;
#931 = ORIENTED_EDGE ( 'NONE', *, *, #3649, .T. ) ;
#932 = LINE ( 'NONE', #4376, #4696 ) ;
#933 = CARTESIAN_POINT ( 'NONE',  ( 830.0000000000001137, -730.0000000000000000, 70.00000000000000000 ) ) ;
#934 = CALENDAR_DATE ( 2026, 9, 6 ) ;
#935 = ORIENTED_EDGE ( 'NONE', *, *, #497, .F. ) ;
#936 = CARTESIAN_POINT ( 'NONE',  ( 4.000000000000017764, 5.510910596163100402E-16, 120.0000000000000000 ) ) ;
#937 = CARTESIAN_POINT ( 'NONE',  ( 0.000000000000000000, 0.000000000000000000, 600.1000000000000227 ) ) ;
#938 = DIRECTION ( 'NONE',  ( -0.000000000000000000, 1.000000000000000000, -0.000000000000000000 ) ) ;
#939 = ADVANCED_FACE ( 'NONE', ( #728 ), #3400, .T. ) ;
#940 = DIRECTION ( 'NONE',  ( 1.000000000000000000, 0.000000000000000000, 0.000000000000000000 ) ) ;
#941 = AXIS2_PLACEMENT_3D ( 'NONE', #3725, #1475, #4101 ) ;
#942 = DIRECTION ( 'NONE',  ( 0.1680588740149654425, 6.938893903907228378E-17, -0.9857769599989757436 ) ) ;
#943 = DIRECTION ( 'NONE',  ( 2.745500257537979014E-16, -1.000000000000000000, -0.000000000000000000 ) ) ;
#944 = VERTEX_POINT ( 'NONE', #3582 ) ;
#945 = PLANE ( 'NONE',  #30 ) ;
#946 = DIRECTION ( 'NONE',  ( -0.000000000000000000, 0.000000000000000000, 1.000000000000000000 ) ) ;
#947 = CIRCLE ( 'NONE', #2444, 20.00000000000000355 ) ;
#948 = CARTESIAN_POINT ( 'NONE',  ( 30.00000000000008527, -708.0000000000000000, 20.00000000000001776 ) ) ;
#949 = CARTESIAN_POINT ( 'NONE',  ( 70.00000000000009948, -785.0000000000000000, 50.00000000000000000 ) ) ;
#950 = ADVANCED_FACE ( 'NONE', ( #1996 ), #604, .T. ) ;
#951 = EDGE_CURVE ( 'NONE', #2065, #2402, #787, .T. ) ;
#952 = FACE_OUTER_BOUND ( 'NONE', #2506, .T. ) ;
#953 = ORIENTED_EDGE ( 'NONE', *, *, #1047, .T. ) ;
#954 = CC_DESIGN_APPROVAL ( #3275, ( #1080 ) ) ;
#955 = DIRECTION ( 'NONE',  ( 1.000000000000000000, 0.000000000000000000, 0.000000000000000000 ) ) ;
#956 = VECTOR ( 'NONE', #2757, 1000.000000000000000 ) ;
#957 = PRODUCT_DEFINITION_SHAPE ( 'NONE', 'NONE',  #2239 ) ;
#958 = EDGE_CURVE ( 'NONE', #1565, #1890, #3576, .T. ) ;
#959 = VECTOR ( 'NONE', #3846, 1000.000000000000000 ) ;
#960 = ADVANCED_FACE ( 'NONE', ( #3289 ), #928, .T. ) ;
#961 = ORIENTED_EDGE ( 'NONE', *, *, #4225, .T. ) ;
#962 = CIRCLE ( 'NONE', #2898, 27.00000000000000355 ) ;
#963 = VECTOR ( 'NONE', #3776, 1000.000000000000000 ) ;
#964 = ORIENTED_EDGE ( 'NONE', *, *, #2697, .T. ) ;
#965 = FACE_OUTER_BOUND ( 'NONE', #3219, .T. ) ;
#966 = DATE_TIME_ROLE ( 'creation_date' ) ;
#967 = DIRECTION ( 'NONE',  ( 0.000000000000000000, 0.000000000000000000, -1.000000000000000000 ) ) ;
#968 = DIRECTION ( 'NONE',  ( 0.000000000000000000, 1.000000000000000000, 0.000000000000000000 ) ) ;
#969 = LINE ( 'NONE', #2204, #2947 ) ;
#970 = ADVANCED_FACE ( 'NONE', ( #1184 ), #8, .F. ) ;
#971 = AXIS2_PLACEMENT_3D ( 'NONE', #4417, #2164, #4532 ) ;
#972 = DIRECTION ( 'NONE',  ( 2.745500257537979014E-16, -1.000000000000000000, -0.000000000000000000 ) ) ;
#973 = AXIS2_PLACEMENT_3D ( 'NONE', #245, #924, #198 ) ;
#974 = CARTESIAN_POINT ( 'NONE',  ( 886.8000000000000682, -93.24999999999987210, 594.8000000000001819 ) ) ;
#975 = ORIENTED_EDGE ( 'NONE', *, *, #3046, .F. ) ;
#976 = LINE ( 'NONE', #1459, #859 ) ;
#977 = ORIENTED_EDGE ( 'NONE', *, *, #2394, .T. ) ;
#978 = EDGE_CURVE ( 'NONE', #2519, #730, #1655, .T. ) ;
#979 = CARTESIAN_POINT ( 'NONE',  ( 8.673617379884035472E-14, -243.5000000000000000, 27.00000000000000355 ) ) ;
#980 = AXIS2_PLACEMENT_3D ( 'NONE', #4708, #1671, #942 ) ;
#981 = ORIENTED_EDGE ( 'NONE', *, *, #1139, .F. ) ;
#982 = EDGE_CURVE ( 'NONE', #1759, #293, #1296, .T. ) ;
#983 = VERTEX_POINT ( 'NONE', #1273 ) ;
#984 = ORIENTED_EDGE ( 'NONE', *, *, #776, .T. ) ;
#985 = ORIENTED_EDGE ( 'NONE', *, *, #3013, .T. ) ;
#986 = CARTESIAN_POINT ( 'NONE',  ( 830.0000000000001137, -800.0000000000000000, 70.00000000000000000 ) ) ;
#987 = DIRECTION ( 'NONE',  ( 2.745500257537979014E-16, -1.000000000000000000, -0.000000000000000000 ) ) ;
#988 = COORDINATED_UNIVERSAL_TIME_OFFSET ( 8, 0, .AHEAD. ) ;
#989 = ORIENTED_EDGE ( 'NONE', *, *, #1427, .T. ) ;
#990 = ADVANCED_FACE ( 'NONE', ( #1881 ), #2403, .T. ) ;
#991 = EDGE_CURVE ( 'NONE', #1577, #762, #3170, .T. ) ;
#992 = DATE_TIME_ROLE ( 'creation_date' ) ;
#993 = CARTESIAN_POINT ( 'NONE',  ( 830.0000000000001137, -745.0000000000000000, 89.99999999999997158 ) ) ;
#994 = PERSON_AND_ORGANIZATION ( #509, #4162 ) ;
#995 = FACE_OUTER_BOUND ( 'NONE', #483, .T. ) ;
#996 = CARTESIAN_POINT ( 'NONE',  ( 15.90000000000005720, -343.5000000000000000, 9.399999999999995026 ) ) ;
#997 = AXIS2_PLACEMENT_3D ( 'NONE', #1955, #1572, #2321 ) ;
#998 = DATE_AND_TIME ( #367, #1350 ) ;
#999 = EDGE_LOOP ( 'NONE', ( #407, #3873, #1000, #4473 ) ) ;
#1000 = ORIENTED_EDGE ( 'NONE', *, *, #1146, .T. ) ;
#1001 = CARTESIAN_POINT ( 'NONE',  ( 0.000000000000000000, 0.000000000000000000, 570.0000000000001137 ) ) ;
#1002 = LINE ( 'NONE', #2634, #2990 ) ;
#1003 = DIRECTION ( 'NONE',  ( -0.000000000000000000, -1.000000000000000000, -0.000000000000000000 ) ) ;
#1004 = VECTOR ( 'NONE', #2852, 1000.000000000000000 ) ;
#1005 = VERTEX_POINT ( 'NONE', #441 ) ;
#1006 = EDGE_CURVE ( 'NONE', #287, #401, #186, .T. ) ;
#1007 = CARTESIAN_POINT ( 'NONE',  ( 30.00000000000000711, -57.00000000000000711, 546.0000000000000000 ) ) ;
#1008 = VECTOR ( 'NONE', #3107, 1000.000000000000000 ) ;
#1009 = ORIENTED_EDGE ( 'NONE', *, *, #2496, .T. ) ;
#1010 = SECURITY_CLASSIFICATION_LEVEL ( 'unclassified' ) ;
#1011 = CARTESIAN_POINT ( 'NONE',  ( 830.0000000000001137, -800.0000000000000000, 527.0000000000000000 ) ) ;
#1012 = DIRECTION ( 'NONE',  ( 0.000000000000000000, 0.000000000000000000, -1.000000000000000000 ) ) ;
#1013 = EDGE_LOOP ( 'NONE', ( #718, #2163, #821, #225 ) ) ;
#1014 = CIRCLE ( 'NONE', #2635, 5.000000000000000888 ) ;
#1015 = EDGE_CURVE ( 'NONE', #4375, #535, #3767, .T. ) ;
#1016 = EDGE_LOOP ( 'NONE', ( #2091, #1332, #1221, #1452 ) ) ;
#1017 = VECTOR ( 'NONE', #844, 1000.000000000000000 ) ;
#1018 = VECTOR ( 'NONE', #3578, 1000.000000000000000 ) ;
#1019 = SECURITY_CLASSIFICATION ( '', '', #3924 ) ;
#1020 = CARTESIAN_POINT ( 'NONE',  ( 870.0000000000000000, -57.00000000000000000, 2.000000000000000000 ) ) ;
#1021 = DIRECTION ( 'NONE',  ( 0.000000000000000000, 0.000000000000000000, -1.000000000000000000 ) ) ;
#1022 = FACE_OUTER_BOUND ( 'NONE', #4103, .T. ) ;
#1023 = LINE ( 'NONE', #1564, #3073 ) ;
#1024 = CARTESIAN_POINT ( 'NONE',  ( 70.00000000000009948, -730.0000000000000000, 70.00000000000000000 ) ) ;
#1025 = LINE ( 'NONE', #1393, #2665 ) ;
#1026 = AXIS2_PLACEMENT_3D ( 'NONE', #2668, #3758, #44 ) ;
#1027 = DIRECTION ( 'NONE',  ( -0.000000000000000000, 1.000000000000000000, 0.000000000000000000 ) ) ;
#1028 = ORIENTED_EDGE ( 'NONE', *, *, #3545, .F. ) ;
#1029 = ORIENTED_EDGE ( 'NONE', *, *, #4445, .T. ) ;
#1030 = FACE_OUTER_BOUND ( 'NONE', #4210, .T. ) ;
#1031 = AXIS2_PLACEMENT_3D ( 'NONE', #284, #640, #4383 ) ;
#1032 = CARTESIAN_POINT ( 'NONE',  ( 28.00000000000005684, 293.5000000000000000, 27.00000000000000000 ) ) ;
#1033 = AXIS2_PLACEMENT_3D ( 'NONE', #3505, #3491, #2075 ) ;
#1034 = ORIENTED_EDGE ( 'NONE', *, *, #1293, .T. ) ;
#1035 = ADVANCED_FACE ( 'NONE', ( #2526 ), #50, .T. ) ;
#1036 = PERSON_AND_ORGANIZATION_ROLE ( 'creator' ) ;
#1037 = DIRECTION ( 'NONE',  ( 0.000000000000000000, 0.000000000000000000, 1.000000000000000000 ) ) ;
#1038 = ORIENTED_EDGE ( 'NONE', *, *, #2271, .T. ) ;
#1039 = EDGE_CURVE ( 'NONE', #1797, #2734, #67, .T. ) ;
#1040 = ORIENTED_EDGE ( 'NONE', *, *, #2716, .F. ) ;
#1041 = CC_DESIGN_APPROVAL ( #2984, ( #2043 ) ) ;
#1042 = EDGE_LOOP ( 'NONE', ( #3753, #294, #3569, #3593, #3703, #4090 ) ) ;
#1043 = CARTESIAN_POINT ( 'NONE',  ( 889.1499999999999773, -142.7499999999998863, 586.0000000000001137 ) ) ;
#1044 = VERTEX_POINT ( 'NONE', #4189 ) ;
#1045 = VERTEX_POINT ( 'NONE', #1934 ) ;
#1046 = DIRECTION ( 'NONE',  ( -0.000000000000000000, -0.000000000000000000, -1.000000000000000000 ) ) ;
#1047 = EDGE_CURVE ( 'NONE', #2551, #3698, #1937, .T. ) ;
#1048 = CARTESIAN_POINT ( 'NONE',  ( 15.90000000000005720, 293.5000000000000000, 10.90000000000000036 ) ) ;
#1049 = APPROVAL_DATE_TIME ( #3039, #1206 ) ;
#1050 = ORIENTED_EDGE ( 'NONE', *, *, #1758, .F. ) ;
#1051 = CARTESIAN_POINT ( 'NONE',  ( 894.8000000000002956, -679.7499999999998863, 586.8000000000001819 ) ) ;
#1052 = FACE_OUTER_BOUND ( 'NONE', #4331, .T. ) ;
#1053 = DATE_AND_TIME ( #2044, #1231 ) ;
#1054 = AXIS2_PLACEMENT_3D ( 'NONE', #3197, #905, #2412 ) ;
#1055 = APPROVAL_STATUS ( 'not_yet_approved' ) ;
#1056 = CARTESIAN_POINT ( 'NONE',  ( 15.00000000000008527, 343.5000000000000000, 15.00000000000000000 ) ) ;
#1057 = CALENDAR_DATE ( 2026, 9, 6 ) ;
#1058 = DIRECTION ( 'NONE',  ( 0.000000000000000000, 0.000000000000000000, 1.000000000000000000 ) ) ;
#1059 = AXIS2_PLACEMENT_3D ( 'NONE', #1248, #3420, #1566 ) ;
#1060 = VERTEX_POINT ( 'NONE', #2783 ) ;
#1061 = DIRECTION ( 'NONE',  ( -0.000000000000000000, -1.000000000000000000, -0.000000000000000000 ) ) ;
#1062 = VERTEX_POINT ( 'NONE', #2453 ) ;
#1063 = AXIS2_PLACEMENT_3D ( 'NONE', #4711, #3478, #1241 ) ;
#1064 = CARTESIAN_POINT ( 'NONE',  ( 70.00000000000008527, -800.0000000000000000, 527.0000000000000000 ) ) ;
#1065 = FACE_OUTER_BOUND ( 'NONE', #3056, .T. ) ;
#1066 = ORIENTED_EDGE ( 'NONE', *, *, #2076, .F. ) ;
#1067 = DIRECTION ( 'NONE',  ( 0.000000000000000000, 0.000000000000000000, 1.000000000000000000 ) ) ;
#1068 = AXIS2_PLACEMENT_3D ( 'NONE', #4594, #4194, #462 ) ;
#1069 = DIRECTION ( 'NONE',  ( 0.000000000000000000, 0.000000000000000000, -1.000000000000000000 ) ) ;
#1070 = EDGE_LOOP ( 'NONE', ( #2789, #2939, #1861, #1750 ) ) ;
#1071 = CIRCLE ( 'NONE', #1222, 6.450000000000001066 ) ;
#1072 = FACE_OUTER_BOUND ( 'NONE', #3374, .T. ) ;
#1073 = ADVANCED_FACE ( 'NONE', ( #4229 ), #3844, .T. ) ;
#1074 = VERTEX_POINT ( 'NONE', #603 ) ;
#1075 = CARTESIAN_POINT ( 'NONE',  ( 886.8000000000000682, -142.7499999999998863, 594.8000000000001819 ) ) ;
#1076 = EDGE_CURVE ( 'NONE', #1463, #1389, #4196, .T. ) ;
#1077 = VECTOR ( 'NONE', #555, 1000.000000000000000 ) ;
#1078 = FACE_OUTER_BOUND ( 'NONE', #1458, .T. ) ;
#1079 =( REPRESENTATION_RELATIONSHIP ('NONE','NONE', #3920, #3994 ) REPRESENTATION_RELATIONSHIP_WITH_TRANSFORMATION ( #2508 )SHAPE_REPRESENTATION_RELATIONSHIP( ) );
#1080 = SECURITY_CLASSIFICATION ( '', '', #4854 ) ;
#1081 = ORIENTED_EDGE ( 'NONE', *, *, #4610, .F. ) ;
#1082 = FACE_OUTER_BOUND ( 'NONE', #2209, .T. ) ;
#1083 = LINE ( 'NONE', #3225, #4018 ) ;
#1084 = CARTESIAN_POINT ( 'NONE',  ( 830.0000000000001137, -785.0000000000000000, 473.0000000000000000 ) ) ;
#1085 = EDGE_CURVE ( 'NONE', #3034, #3476, #3133, .T. ) ;
#1086 = DIRECTION ( 'NONE',  ( -1.705411712173819746E-16, 1.000000000000000000, -0.000000000000000000 ) ) ;
#1087 = FACE_BOUND ( 'NONE', #3492, .T. ) ;
#1088 = ORIENTED_EDGE ( 'NONE', *, *, #4600, .F. ) ;
#1089 = EDGE_CURVE ( 'NONE', #4772, #4149, #569, .T. ) ;
#1090 = CARTESIAN_POINT ( 'NONE',  ( 879.0499999999999545, -93.24999999999987210, 586.0000000000001137 ) ) ;
#1091 = SECURITY_CLASSIFICATION_LEVEL ( 'unclassified' ) ;
#1092 = DIRECTION ( 'NONE',  ( 0.000000000000000000, 1.000000000000000000, 0.000000000000000000 ) ) ;
#1093 = ORIENTED_EDGE ( 'NONE', *, *, #776, .F. ) ;
#1094 = CYLINDRICAL_SURFACE ( 'NONE', #3701, 20.00000000000000355 ) ;
#1095 = DIRECTION ( 'NONE',  ( -0.000000000000000000, 1.000000000000000000, 0.000000000000000000 ) ) ;
#1096 = CARTESIAN_POINT ( 'NONE',  ( 830.0000000000001137, -730.0000000000000000, 70.00000000000000000 ) ) ;
#1097 = VERTEX_POINT ( 'NONE', #3968 ) ;
#1098 = CARTESIAN_POINT ( 'NONE',  ( 830.0000000000001137, -800.0000000000000000, 70.00000000000000000 ) ) ;
#1099 = CARTESIAN_POINT ( 'NONE',  ( 830.0000000000001137, -785.0000000000000000, 70.00000000000000000 ) ) ;
#1100 = EDGE_LOOP ( 'NONE', ( #2349, #1418 ) ) ;
#1101 = CARTESIAN_POINT ( 'NONE',  ( 33.00000000000005684, 293.5000000000000000, 0.000000000000000000 ) ) ;
#1102 = AXIS2_PLACEMENT_3D ( 'NONE', #28, #4114, #4550 ) ;
#1103 = DIRECTION ( 'NONE',  ( -0.000000000000000000, -1.000000000000000000, -0.000000000000000000 ) ) ;
#1104 = ORIENTED_EDGE ( 'NONE', *, *, #1047, .F. ) ;
#1105 = ORIENTED_EDGE ( 'NONE', *, *, #4198, .F. ) ;
#1106 = CARTESIAN_POINT ( 'NONE',  ( 70.00000000000009948, -800.0000000000000000, 70.00000000000000000 ) ) ;
#1107 = APPLICATION_PROTOCOL_DEFINITION ( 'international standard', 'config_control_design', 1994, #748 ) ;
#1108 = APPROVAL_PERSON_ORGANIZATION ( #3437, #4636, #4095 ) ;
#1109 = EDGE_CURVE ( 'NONE', #3965, #744, #3017, .T. ) ;
#1110 = ORIENTED_EDGE ( 'NONE', *, *, #4859, .T. ) ;
#1111 = DIRECTION ( 'NONE',  ( 0.000000000000000000, -1.000000000000000000, 0.000000000000000000 ) ) ;
#1112 = DIRECTION ( 'NONE',  ( 1.000000000000000000, -1.705411712173819746E-16, 0.000000000000000000 ) ) ;
#1113 = CC_DESIGN_DATE_AND_TIME_ASSIGNMENT ( #1868, #3085, ( #3309 ) ) ;
#1114 = COORDINATED_UNIVERSAL_TIME_OFFSET ( 8, 0, .AHEAD. ) ;
#1115 = DIRECTION ( 'NONE',  ( 1.000000000000000000, 2.745500257537979014E-16, 0.000000000000000000 ) ) ;
#1116 = DIRECTION ( 'NONE',  ( -0.000000000000000000, 1.000000000000000000, -0.000000000000000000 ) ) ;
#1117 = CIRCLE ( 'NONE', #2504, 6.500000000000005329 ) ;
#1118 = EDGE_CURVE ( 'NONE', #3516, #2099, #854, .T. ) ;
#1119 = DIRECTION ( 'NONE',  ( 0.000000000000000000, -1.000000000000000000, 0.000000000000000000 ) ) ;
#1120 = LOCAL_TIME ( 10, 26, 38.00000000000000000, #1875 ) ;
#1121 = ORIENTED_EDGE ( 'NONE', *, *, #41, .F. ) ;
#1122 = ADVANCED_FACE ( 'NONE', ( #27 ), #4758, .F. ) ;
#1123 = DIRECTION ( 'NONE',  ( 8.260587980841938471E-18, -1.000000000000000000, 0.000000000000000000 ) ) ;
#1124 = CARTESIAN_POINT ( 'NONE',  ( 8.523541722065577671E-14, -343.5000000000000000, 30.00000000000000000 ) ) ;
#1125 = ORIENTED_EDGE ( 'NONE', *, *, #1619, .F. ) ;
#1126 = EDGE_LOOP ( 'NONE', ( #984, #3876, #4254, #2289 ) ) ;
#1127 =( REPRESENTATION_RELATIONSHIP ('NONE','NONE', #3920, #3994 ) REPRESENTATION_RELATIONSHIP_WITH_TRANSFORMATION ( #1462 )SHAPE_REPRESENTATION_RELATIONSHIP( ) );
#1128 = DIRECTION ( 'NONE',  ( 0.000000000000000000, 0.000000000000000000, 1.000000000000000000 ) ) ;
#1129 = EDGE_LOOP ( 'NONE', ( #783, #4158 ) ) ;
#1130 = DIRECTION ( 'NONE',  ( 1.705411712173819746E-16, 1.000000000000000000, 0.000000000000000000 ) ) ;
#1131 = AXIS2_PLACEMENT_3D ( 'NONE', #4676, #1932, #3939 ) ;
#1132 = CARTESIAN_POINT ( 'NONE',  ( 0.000000000000000000, 0.000000000000000000, -1.500000000000000000 ) ) ;
#1133 = VECTOR ( 'NONE', #3144, 1000.000000000000000 ) ;
#1134 = CIRCLE ( 'NONE', #3415, 27.00000000000002487 ) ;
#1135 = AXIS2_PLACEMENT_3D ( 'NONE', #2261, #3348, #1128 ) ;
#1136 = EDGE_LOOP ( 'NONE', ( #4738, #2294 ) ) ;
#1137 = DIRECTION ( 'NONE',  ( 0.000000000000000000, 0.000000000000000000, -1.000000000000000000 ) ) ;
#1138 = VECTOR ( 'NONE', #3463, 1000.000000000000000 ) ;
#1139 = EDGE_CURVE ( 'NONE', #4522, #4807, #2833, .T. ) ;
#1140 = DIRECTION ( 'NONE',  ( 1.000000000000000000, 0.000000000000000000, 0.000000000000000000 ) ) ;
#1141 = VECTOR ( 'NONE', #168, 1000.000000000000000 ) ;
#1142 = CIRCLE ( 'NONE', #319, 8.000000000000007105 ) ;
#1143 = CC_DESIGN_APPROVAL ( #889, ( #4346 ) ) ;
#1144 = DIRECTION ( 'NONE',  ( 2.745500257537979014E-16, -1.000000000000000000, -0.000000000000000000 ) ) ;
#1145 = CARTESIAN_POINT ( 'NONE',  ( -5.000000000000000000, 0.000000000000000000, 120.0000000000000000 ) ) ;
#1146 = EDGE_CURVE ( 'NONE', #256, #2272, #3670, .T. ) ;
#1147 = CARTESIAN_POINT ( 'NONE',  ( 5.200000000000006395, -630.2500000000001137, 570.0000000000001137 ) ) ;
#1148 = ORIENTED_EDGE ( 'NONE', *, *, #1015, .F. ) ;
#1149 = AXIS2_PLACEMENT_3D ( 'NONE', #1622, #1347, #3923 ) ;
#1150 = DIRECTION ( 'NONE',  ( 1.626303258728256651E-16, 0.000000000000000000, 1.000000000000000000 ) ) ;
#1151 = DIRECTION ( 'NONE',  ( 0.000000000000000000, 0.000000000000000000, 1.000000000000000000 ) ) ;
#1152 = DIRECTION ( 'NONE',  ( 2.745500257537979014E-16, -1.000000000000000000, -0.000000000000000000 ) ) ;
#1153 = ORIENTED_EDGE ( 'NONE', *, *, #2113, .F. ) ;
#1154 = VECTOR ( 'NONE', #4451, 1000.000000000000114 ) ;
#1155 = CARTESIAN_POINT ( 'NONE',  ( 15.90000000000005720, -342.0000000000000000, 20.90000000000000213 ) ) ;
#1156 = LINE ( 'NONE', #589, #1468 ) ;
#1157 = AXIS2_PLACEMENT_3D ( 'NONE', #4587, #438, #4185 ) ;
#1158 = VERTEX_POINT ( 'NONE', #4806 ) ;
#1159 = AXIS2_PLACEMENT_3D ( 'NONE', #3176, #1340, #1720 ) ;
#1160 = CARTESIAN_POINT ( 'NONE',  ( 70.00000000000009948, -800.0000000000000000, 70.00000000000000000 ) ) ;
#1161 = CARTESIAN_POINT ( 'NONE',  ( 900.0000000000000000, 0.000000000000000000, 570.0000000000001137 ) ) ;
#1162 = ORIENTED_EDGE ( 'NONE', *, *, #958, .T. ) ;
#1163 = DIRECTION ( 'NONE',  ( -0.000000000000000000, 0.000000000000000000, -1.000000000000000000 ) ) ;
#1164 = EDGE_LOOP ( 'NONE', ( #4105, #4842 ) ) ;
#1165 = DIRECTION ( 'NONE',  ( 0.000000000000000000, 0.000000000000000000, -1.000000000000000000 ) ) ;
#1166 = APPROVAL_DATE_TIME ( #2341, #862 ) ;
#1167 = ORIENTED_EDGE ( 'NONE', *, *, #2980, .T. ) ;
#1168 = EDGE_CURVE ( 'NONE', #762, #156, #2889, .T. ) ;
#1169 = LINE ( 'NONE', #3942, #2568 ) ;
#1170 = DIRECTION ( 'NONE',  ( -1.032573497605233226E-16, -2.834930803602059547E-32, 1.000000000000000000 ) ) ;
#1171 = ITEM_DEFINED_TRANSFORMATION ( 'NONE', 'NONE', #1286,  #4449 ) ;
#1172 = CARTESIAN_POINT ( 'NONE',  ( 870.0000000000000000, -93.24999999999987210, 570.0000000000001137 ) ) ;
#1173 = CARTESIAN_POINT ( 'NONE',  ( 840.0000000000001137, -142.0000000000000000, 100.9999999999999858 ) ) ;
#1174 = ORIENTED_EDGE ( 'NONE', *, *, #3480, .F. ) ;
#1175 = EDGE_CURVE ( 'NONE', #2551, #1879, #1025, .T. ) ;
#1176 = CALENDAR_DATE ( 2026, 9, 6 ) ;
#1177 = ORIENTED_EDGE ( 'NONE', *, *, #3847, .F. ) ;
#1178 = CLOSED_SHELL ( 'NONE', ( #1386, #3602, #1215, #3488, #3218, #1359, #1349, #4703, #1305, #1803, #3512, #710, #3206, #3131, #2041, #3503, #240, #2222, #950, #2094, #1771, #2144, #2431, #2587, #1456, #2010, #4792, #1686, #283, #520, #2118 ) ) ;
#1179 = APPROVAL_STATUS ( 'not_yet_approved' ) ;
#1180 = PERSON_AND_ORGANIZATION ( #1608, #3702 ) ;
#1181 = VERTEX_POINT ( 'NONE', #1795 ) ;
#1182 = EDGE_CURVE ( 'NONE', #4718, #391, #4316, .T. ) ;
#1183 = CARTESIAN_POINT ( 'NONE',  ( 830.0000000000001137, -785.0000000000000000, 500.0000000000000000 ) ) ;
#1184 = FACE_OUTER_BOUND ( 'NONE', #253, .T. ) ;
#1185 = ORIENTED_EDGE ( 'NONE', *, *, #4552, .F. ) ;
#1186 = CIRCLE ( 'NONE', #4147, 6.500000000000005329 ) ;
#1187 = AXIS2_PLACEMENT_3D ( 'NONE', #786, #3012, #2314 ) ;
#1188 = ORIENTED_EDGE ( 'NONE', *, *, #3153, .T. ) ;
#1189 = VECTOR ( 'NONE', #1954, 1000.000000000000000 ) ;
#1190 = ORIENTED_EDGE ( 'NONE', *, *, #300, .T. ) ;
#1191 = DIRECTION ( 'NONE',  ( 0.000000000000000000, -1.000000000000000000, 0.000000000000000000 ) ) ;
#1192 = CIRCLE ( 'NONE', #503, 5.000000000000000000 ) ;
#1193 = PLANE ( 'NONE',  #60 ) ;
#1194 = LINE ( 'NONE', #3288, #4716 ) ;
#1195 = CARTESIAN_POINT ( 'NONE',  ( 0.000000000000000000, 0.000000000000000000, 30.00000000000000000 ) ) ;
#1196 = VERTEX_POINT ( 'NONE', #4775 ) ;
#1197 = FACE_BOUND ( 'NONE', #661, .T. ) ;
#1198 = VECTOR ( 'NONE', #495, 1000.000000000000000 ) ;
#1199 = ORIENTED_EDGE ( 'NONE', *, *, #4822, .F. ) ;
#1200 = DIRECTION ( 'NONE',  ( 1.032573497605233226E-16, 0.000000000000000000, 1.000000000000000000 ) ) ;
#1201 = CARTESIAN_POINT ( 'NONE',  ( -0.000000000000000000, 243.5000000000000000, 0.000000000000000000 ) ) ;
#1202 = FACE_BOUND ( 'NONE', #1481, .T. ) ;
#1203 = ORIENTED_EDGE ( 'NONE', *, *, #2147, .T. ) ;
#1204 = EDGE_CURVE ( 'NONE', #812, #3664, #1382, .T. ) ;
#1205 = CARTESIAN_POINT ( 'NONE',  ( 830.0000000000001137, -785.0000000000000000, 527.0000000000000000 ) ) ;
#1206 = APPROVAL ( #3303, 'UNKNOWN' ) ;
#1207 = ORIENTED_EDGE ( 'NONE', *, *, #2510, .T. ) ;
#1208 = EDGE_CURVE ( 'NONE', #1918, #2699, #4260, .T. ) ;
#1209 = ORIENTED_EDGE ( 'NONE', *, *, #886, .F. ) ;
#1210 = CARTESIAN_POINT ( 'NONE',  ( 886.8000000000002956, -630.2499999999998863, 594.8000000000001819 ) ) ;
#1211 = DIRECTION ( 'NONE',  ( 0.000000000000000000, 0.000000000000000000, 1.000000000000000000 ) ) ;
#1212 = DIRECTION ( 'NONE',  ( 0.000000000000000000, 1.000000000000000000, 0.000000000000000000 ) ) ;
#1213 = ORIENTED_EDGE ( 'NONE', *, *, #3847, .T. ) ;
#1214 = AXIS2_PLACEMENT_3D ( 'NONE', #2429, #2842, #4322 ) ;
#1215 = ADVANCED_FACE ( 'NONE', ( #1562 ), #4109, .F. ) ;
#1216 = CARTESIAN_POINT ( 'NONE',  ( 830.0000000000001137, -132.0000000000000000, 475.0000000000001137 ) ) ;
#1217 = CARTESIAN_POINT ( 'NONE',  ( 22.00000000000001066, -93.24999999999998579, 594.8000000000001819 ) ) ;
#1218 = VERTEX_POINT ( 'NONE', #2894 ) ;
#1219 = ORIENTED_EDGE ( 'NONE', *, *, #1460, .F. ) ;
#1220 = CARTESIAN_POINT ( 'NONE',  ( 869.9999999999998863, -708.0000000000000000, -0.000000000000000000 ) ) ;
#1221 = ORIENTED_EDGE ( 'NONE', *, *, #2708, .T. ) ;
#1222 = AXIS2_PLACEMENT_3D ( 'NONE', #4832, #4800, #312 ) ;
#1223 = ORIENTED_EDGE ( 'NONE', *, *, #3331, .F. ) ;
#1224 = CARTESIAN_POINT ( 'NONE',  ( 15.00000000000008527, -343.5000000000000000, 15.00000000000000000 ) ) ;
#1225 = DIRECTION ( 'NONE',  ( -0.000000000000000000, 1.000000000000000000, -0.000000000000000000 ) ) ;
#1226 = AXIS2_PLACEMENT_3D ( 'NONE', #3391, #1092, #2600 ) ;
#1227 = CALENDAR_DATE ( 2026, 9, 6 ) ;
#1228 = CARTESIAN_POINT ( 'NONE',  ( 30.00000000000000711, -142.7500000000000000, 570.0000000000001137 ) ) ;
#1229 = ORIENTED_EDGE ( 'NONE', *, *, #2278, .T. ) ;
#1230 = DIRECTION ( 'NONE',  ( -0.000000000000000000, 1.000000000000000000, -0.000000000000000000 ) ) ;
#1231 = LOCAL_TIME ( 10, 26, 38.00000000000000000, #4405 ) ;
#1232 = EDGE_CURVE ( 'NONE', #3466, #418, #2577, .T. ) ;
#1233 = FACE_OUTER_BOUND ( 'NONE', #3084, .T. ) ;
#1234 = CC_DESIGN_PERSON_AND_ORGANIZATION_ASSIGNMENT ( #4167, #4408, ( #1889 ) ) ;
#1235 = DATE_AND_TIME ( #1057, #777 ) ;
#1236 = DIRECTION ( 'NONE',  ( 0.000000000000000000, -1.000000000000000000, 0.000000000000000000 ) ) ;
#1237 = EDGE_CURVE ( 'NONE', #4506, #1074, #3993, .T. ) ;
#1238 = DIRECTION ( 'NONE',  ( 0.000000000000000000, 0.000000000000000000, 1.000000000000000000 ) ) ;
#1239 = ORIENTED_EDGE ( 'NONE', *, *, #3105, .F. ) ;
#1240 = EDGE_LOOP ( 'NONE', ( #219, #930, #1675, #1177 ) ) ;
#1241 = DIRECTION ( 'NONE',  ( 0.000000000000000000, 0.000000000000000000, 1.000000000000000000 ) ) ;
#1242 = EDGE_LOOP ( 'NONE', ( #888, #2823, #2637, #3747 ) ) ;
#1243 = VECTOR ( 'NONE', #3044, 1000.000000000000000 ) ;
#1244 = LINE ( 'NONE', #4500, #3113 ) ;
#1245 = ORIENTED_EDGE ( 'NONE', *, *, #1764, .T. ) ;
#1246 = DIRECTION ( 'NONE',  ( 1.224646799147353454E-16, -1.000000000000000000, 0.000000000000000000 ) ) ;
#1247 = AXIS2_PLACEMENT_3D ( 'NONE', #2795, #972, #3590 ) ;
#1248 = CARTESIAN_POINT ( 'NONE',  ( 15.90000000000005720, 343.5000000000000000, 15.90000000000000036 ) ) ;
#1249 = CYLINDRICAL_SURFACE ( 'NONE', #2895, 27.00000000000002487 ) ;
#1250 = ORIENTED_EDGE ( 'NONE', *, *, #2271, .F. ) ;
#1251 = CYLINDRICAL_SURFACE ( 'NONE', #1135, 6.500000000000005329 ) ;
#1252 = ORIENTED_EDGE ( 'NONE', *, *, #2517, .F. ) ;
#1253 = CIRCLE ( 'NONE', #1506, 19.99999999999996092 ) ;
#1254 = CARTESIAN_POINT ( 'NONE',  ( 15.90000000000000036, -93.24999999999998579, 586.0000000000001137 ) ) ;
#1255 = CYLINDRICAL_SURFACE ( 'NONE', #1970, 15.00000000000000000 ) ;
#1256 = CARTESIAN_POINT ( 'NONE',  ( 5.000000000000000000, 6.123233995736766282E-16, 0.000000000000000000 ) ) ;
#1257 = VECTOR ( 'NONE', #2790, 1000.000000000000000 ) ;
#1258 = CARTESIAN_POINT ( 'NONE',  ( 30.00000000000016698, -57.00000000000000000, -0.000000000000000000 ) ) ;
#1259 = CYLINDRICAL_SURFACE ( 'NONE', #3915, 26.99999999999999645 ) ;
#1260 = ORIENTED_EDGE ( 'NONE', *, *, #1390, .F. ) ;
#1261 = APPROVAL_STATUS ( 'not_yet_approved' ) ;
#1262 = EDGE_CURVE ( 'NONE', #2385, #4778, #1873, .T. ) ;
#1263 = CARTESIAN_POINT ( 'NONE',  ( 830.0000000000001137, -132.0000000000000000, 110.9999999999999858 ) ) ;
#1264 = EDGE_CURVE ( 'NONE', #1416, #4116, #2745, .T. ) ;
#1265 = DIRECTION ( 'NONE',  ( 1.225764668124932819E-16, -1.000000000000000000, 0.000000000000000000 ) ) ;
#1266 = CC_DESIGN_PERSON_AND_ORGANIZATION_ASSIGNMENT ( #1698, #1435, ( #1621 ) ) ;
#1267 = CARTESIAN_POINT ( 'NONE',  ( 15.90000000000005720, -342.0000000000000000, 9.399999999999995026 ) ) ;
#1268 = ORIENTED_EDGE ( 'NONE', *, *, #2845, .T. ) ;
#1269 = CARTESIAN_POINT ( 'NONE',  ( 0.000000000000000000, 0.000000000000000000, 119.0000000000000142 ) ) ;
#1270 = EDGE_CURVE ( 'NONE', #1416, #2502, #477, .T. ) ;
#1271 = CARTESIAN_POINT ( 'NONE',  ( -295.1813204887218376, 196.3928571428571672, 423.6000000000000796 ) ) ;
#1272 = DIRECTION ( 'NONE',  ( 1.000000000000000000, 0.000000000000000000, 0.000000000000000000 ) ) ;
#1273 = CARTESIAN_POINT ( 'NONE',  ( 60.00000000000005684, 0.000000000000000000, 485.0000000000001137 ) ) ;
#1274 = ADVANCED_FACE ( 'NONE', ( #2106, #1233 ), #1541, .F. ) ;
#1275 = AXIS2_PLACEMENT_3D ( 'NONE', #1106, #3332, #3746 ) ;
#1276 = ITEM_DEFINED_TRANSFORMATION ( 'NONE', 'NONE', #3800,  #4449 ) ;
#1277 = VERTEX_POINT ( 'NONE', #2515 ) ;
#1278 = ORIENTED_EDGE ( 'NONE', *, *, #1982, .T. ) ;
#1279 = ORIENTED_EDGE ( 'NONE', *, *, #1651, .F. ) ;
#1280 = DIRECTION ( 'NONE',  ( -0.000000000000000000, 1.000000000000000000, -0.000000000000000000 ) ) ;
#1281 = DIRECTION ( 'NONE',  ( 0.000000000000000000, 1.000000000000000000, -0.000000000000000000 ) ) ;
#1282 = CARTESIAN_POINT ( 'NONE',  ( 69.99999999999998579, 0.000000000000000000, 110.9999999999999858 ) ) ;
#1283 = AXIS2_PLACEMENT_3D ( 'NONE', #1661, #208, #1582 ) ;
#1284 = CALENDAR_DATE ( 2026, 9, 6 ) ;
#1285 = DIRECTION ( 'NONE',  ( 0.000000000000000000, 0.000000000000000000, -1.000000000000000000 ) ) ;
#1286 = AXIS2_PLACEMENT_3D ( 'NONE', #4272, #923, #2800 ) ;
#1287 = ORIENTED_EDGE ( 'NONE', *, *, #839, .F. ) ;
#1288 =( NAMED_UNIT ( * ) PLANE_ANGLE_UNIT ( ) SI_UNIT ( $, .RADIAN. ) );
#1289 = COORDINATED_UNIVERSAL_TIME_OFFSET ( 8, 0, .AHEAD. ) ;
#1290 = ORIENTED_EDGE ( 'NONE', *, *, #4486, .T. ) ;
#1291 = CARTESIAN_POINT ( 'NONE',  ( 69.99999999999998579, -132.0000000000000000, 110.9999999999999858 ) ) ;
#1292 = VERTEX_POINT ( 'NONE', #1508 ) ;
#1293 = EDGE_CURVE ( 'NONE', #2402, #3466, #602, .T. ) ;
#1294 = ORIENTED_EDGE ( 'NONE', *, *, #623, .T. ) ;
#1295 = ORIENTED_EDGE ( 'NONE', *, *, #428, .F. ) ;
#1296 = LINE ( 'NONE', #1326, #3879 ) ;
#1297 = CC_DESIGN_DATE_AND_TIME_ASSIGNMENT ( #63, #2513, ( #234 ) ) ;
#1298 = ORIENTED_EDGE ( 'NONE', *, *, #3367, .F. ) ;
#1299 = FACE_BOUND ( 'NONE', #2252, .T. ) ;
#1300 = EDGE_LOOP ( 'NONE', ( #3634, #4481, #1335, #1905 ) ) ;
#1301 = DIRECTION ( 'NONE',  ( 0.000000000000000000, 0.000000000000000000, 1.000000000000000000 ) ) ;
#1302 = EDGE_CURVE ( 'NONE', #401, #287, #2461, .T. ) ;
#1303 = DIRECTION ( 'NONE',  ( 0.000000000000000000, 0.000000000000000000, -1.000000000000000000 ) ) ;
#1304 = PLANE ( 'NONE',  #1343 ) ;
#1305 = ADVANCED_FACE ( 'NONE', ( #4871 ), #1523, .F. ) ;
#1306 = CARTESIAN_POINT ( 'NONE',  ( 0.000000000000000000, -132.0000000000000000, 0.000000000000000000 ) ) ;
#1307 = ORIENTED_EDGE ( 'NONE', *, *, #654, .F. ) ;
#1308 = CIRCLE ( 'NONE', #4777, 8.000000000000007105 ) ;
#1309 = CYLINDRICAL_SURFACE ( 'NONE', #4681, 8.000000000000007105 ) ;
#1310 = APPLICATION_CONTEXT ( 'configuration controlled 3d designs of mechanical parts and assemblies' ) ;
#1311 = VECTOR ( 'NONE', #154, 1000.000000000000000 ) ;
#1312 = LINE ( 'NONE', #3099, #2874 ) ;
#1313 = ADVANCED_FACE ( 'NONE', ( #115 ), #1589, .F. ) ;
#1314 = AXIS2_PLACEMENT_3D ( 'NONE', #3185, #1713, #2133 ) ;
#1315 = CIRCLE ( 'NONE', #4084, 5.049999999999998934 ) ;
#1316 = DIRECTION ( 'NONE',  ( 0.000000000000000000, 0.000000000000000000, 1.000000000000000000 ) ) ;
#1317 = LINE ( 'NONE', #4069, #3421 ) ;
#1318 = ORIENTED_EDGE ( 'NONE', *, *, #4639, .T. ) ;
#1319 = AXIS2_PLACEMENT_3D ( 'NONE', #4685, #4753, #2470 ) ;
#1320 = ORIENTED_EDGE ( 'NONE', *, *, #1109, .T. ) ;
#1321 = PERSON_AND_ORGANIZATION_ROLE ( 'design_owner' ) ;
#1322 = ORIENTED_EDGE ( 'NONE', *, *, #3899, .T. ) ;
#1323 = EDGE_CURVE ( 'NONE', #1551, #2178, #1117, .T. ) ;
#1324 = CARTESIAN_POINT ( 'NONE',  ( 15.90000000000000036, -630.2500000000001137, 580.9500000000000455 ) ) ;
#1325 = CARTESIAN_POINT ( 'NONE',  ( 70.00000000000009948, -785.0000000000000000, 70.00000000000000000 ) ) ;
#1326 = CARTESIAN_POINT ( 'NONE',  ( 15.90000000000005720, 342.0000000000000000, 22.40000000000000568 ) ) ;
#1327 = LINE ( 'NONE', #2655, #4203 ) ;
#1328 = PRODUCT_RELATED_PRODUCT_CATEGORY ( 'detail', '', ( #3504 ) ) ;
#1329 = ADVANCED_FACE ( 'NONE', ( #2346 ), #3828, .F. ) ;
#1330 = EDGE_CURVE ( 'NONE', #3404, #4035, #1985, .T. ) ;
#1331 = DIRECTION ( 'NONE',  ( 0.000000000000000000, 1.000000000000000000, -0.000000000000000000 ) ) ;
#1332 = ORIENTED_EDGE ( 'NONE', *, *, #272, .F. ) ;
#1333 = ADVANCED_FACE ( 'NONE', ( #2982 ), #1304, .T. ) ;
#1334 = EDGE_CURVE ( 'NONE', #616, #3579, #3870, .T. ) ;
#1335 = ORIENTED_EDGE ( 'NONE', *, *, #4788, .T. ) ;
#1336 = EDGE_LOOP ( 'NONE', ( #873, #1294 ) ) ;
#1337 = ORIENTED_EDGE ( 'NONE', *, *, #4349, .F. ) ;
#1338 = CARTESIAN_POINT ( 'NONE',  ( 879.0500000000001819, -630.2499999999998863, 586.0000000000001137 ) ) ;
#1339 = DIRECTION ( 'NONE',  ( -0.000000000000000000, 1.000000000000000000, -0.000000000000000000 ) ) ;
#1340 = DIRECTION ( 'NONE',  ( -1.000000000000000000, 0.000000000000000000, -0.000000000000000000 ) ) ;
#1341 = CALENDAR_DATE ( 2026, 9, 6 ) ;
#1342 = ORIENTED_EDGE ( 'NONE', *, *, #3055, .T. ) ;
#1343 = AXIS2_PLACEMENT_3D ( 'NONE', #142, #3906, #4289 ) ;
#1344 = DIRECTION ( 'NONE',  ( 1.000000000000000000, 8.260587980841938471E-18, 0.000000000000000000 ) ) ;
#1345 = PERSON_AND_ORGANIZATION ( #1608, #3702 ) ;
#1346 = CYLINDRICAL_SURFACE ( 'NONE', #153, 5.000000000000000888 ) ;
#1347 = DIRECTION ( 'NONE',  ( -0.000000000000000000, -1.000000000000000000, -0.000000000000000000 ) ) ;
#1348 = DIRECTION ( 'NONE',  ( 0.000000000000000000, -1.000000000000000000, 0.000000000000000000 ) ) ;
#1349 = ADVANCED_FACE ( 'NONE', ( #3444 ), #1346, .F. ) ;
#1350 = LOCAL_TIME ( 10, 26, 38.00000000000000000, #118 ) ;
#1351 = ORIENTED_EDGE ( 'NONE', *, *, #4515, .F. ) ;
#1352 = AXIS2_PLACEMENT_3D ( 'NONE', #244, #4406, #3610 ) ;
#1353 = APPROVAL_STATUS ( 'not_yet_approved' ) ;
#1354 = CARTESIAN_POINT ( 'NONE',  ( 870.0000000000000000, -93.24999999999987210, 570.0000000000001137 ) ) ;
#1355 = CARTESIAN_POINT ( 'NONE',  ( 889.1500000000002046, -679.7499999999998863, 586.0000000000001137 ) ) ;
#1356 = DIRECTION ( 'NONE',  ( -0.000000000000000000, 1.000000000000000000, -0.000000000000000000 ) ) ;
#1357 = EDGE_CURVE ( 'NONE', #4750, #1561, #363, .T. ) ;
#1358 = ORIENTED_EDGE ( 'NONE', *, *, #2759, .F. ) ;
#1359 = ADVANCED_FACE ( 'NONE', ( #995 ), #321, .F. ) ;
#1360 = LINE ( 'NONE', #146, #1008 ) ;
#1361 = EDGE_LOOP ( 'NONE', ( #4082, #2340 ) ) ;
#1362 = PLANE ( 'NONE',  #1474 ) ;
#1363 = VECTOR ( 'NONE', #536, 1000.000000000000000 ) ;
#1364 = EDGE_CURVE ( 'NONE', #43, #3965, #1308, .T. ) ;
#1365 = CYLINDRICAL_SURFACE ( 'NONE', #1819, 27.00000000000002487 ) ;
#1366 = CARTESIAN_POINT ( 'NONE',  ( 70.00000000000009948, -785.0000000000000000, 90.00000000000001421 ) ) ;
#1367 = DIRECTION ( 'NONE',  ( 0.000000000000000000, -1.000000000000000000, 0.000000000000000000 ) ) ;
#1368 = VERTEX_POINT ( 'NONE', #678 ) ;
#1369 = CIRCLE ( 'NONE', #1059, 6.500000000000005329 ) ;
#1370 = CIRCLE ( 'NONE', #3740, 5.000000000000000888 ) ;
#1371 = APPROVAL_STATUS ( 'not_yet_approved' ) ;
#1372 = CARTESIAN_POINT ( 'NONE',  ( 60.00000000000005684, -142.0000000000000000, 485.0000000000001137 ) ) ;
#1373 = CIRCLE ( 'NONE', #1283, 20.00000000000000355 ) ;
#1374 = PLANE ( 'NONE',  #2566 ) ;
#1375 = CIRCLE ( 'NONE', #1026, 27.00000000000002487 ) ;
#1376 = CYLINDRICAL_SURFACE ( 'NONE', #4650, 6.500000000000005329 ) ;
#1377 = VERTEX_POINT ( 'NONE', #729 ) ;
#1378 = LINE ( 'NONE', #2857, #874 ) ;
#1379 = ADVANCED_FACE ( 'NONE', ( #2063 ), #4828, .T. ) ;
#1380 = ADVANCED_BREP_SHAPE_REPRESENTATION ( '', ( #3205, #4449 ), #290 ) ;
#1381 = PLANE ( 'NONE',  #3738 ) ;
#1382 = LINE ( 'NONE', #4064, #4564 ) ;
#1383 = DIRECTION ( 'NONE',  ( 0.000000000000000000, 0.000000000000000000, -1.000000000000000000 ) ) ;
#1384 = AXIS2_PLACEMENT_3D ( 'NONE', #2262, #1112, #1130 ) ;
#1385 = ORIENTED_EDGE ( 'NONE', *, *, #417, .F. ) ;
#1386 = ADVANCED_FACE ( 'NONE', ( #2188 ), #3458, .F. ) ;
#1387 = DIRECTION ( 'NONE',  ( 1.224646799147353454E-16, -1.000000000000000000, 5.782411586589351722E-16 ) ) ;
#1388 = CARTESIAN_POINT ( 'NONE',  ( 70.00000000000002842, 0.000000000000000000, 475.0000000000001137 ) ) ;
#1389 = VERTEX_POINT ( 'NONE', #292 ) ;
#1390 = EDGE_CURVE ( 'NONE', #2985, #2573, #194, .T. ) ;
#1391 = CARTESIAN_POINT ( 'NONE',  ( 15.90000000000005720, 342.0000000000000000, 9.399999999999995026 ) ) ;
#1392 = CARTESIAN_POINT ( 'NONE',  ( 70.00000000000009948, -800.0000000000000000, 70.00000000000000000 ) ) ;
#1393 = CARTESIAN_POINT ( 'NONE',  ( 870.0000000000000000, -93.24999999999987210, 586.8000000000001819 ) ) ;
#1394 = ORIENTED_EDGE ( 'NONE', *, *, #1707, .F. ) ;
#1395 = ORIENTED_EDGE ( 'NONE', *, *, #2677, .T. ) ;
#1396 = EDGE_CURVE ( 'NONE', #2672, #368, #1071, .T. ) ;
#1397 = DIRECTION ( 'NONE',  ( -0.000000000000000000, -0.000000000000000000, -1.000000000000000000 ) ) ;
#1398 = ORIENTED_EDGE ( 'NONE', *, *, #2950, .T. ) ;
#1399 = VERTEX_POINT ( 'NONE', #2192 ) ;
#1400 = DIRECTION ( 'NONE',  ( -1.705411712173819746E-16, 1.000000000000000000, -0.000000000000000000 ) ) ;
#1401 = DIRECTION ( 'NONE',  ( 0.000000000000000000, 0.000000000000000000, -1.000000000000000000 ) ) ;
#1402 = DATE_AND_TIME ( #2572, #2102 ) ;
#1403 = ORIENTED_EDGE ( 'NONE', *, *, #982, .T. ) ;
#1404 = DIRECTION ( 'NONE',  ( 0.000000000000000000, 1.000000000000000000, -0.000000000000000000 ) ) ;
#1405 = ORIENTED_EDGE ( 'NONE', *, *, #4798, .F. ) ;
#1406 = EDGE_LOOP ( 'NONE', ( #2109, #4027 ) ) ;
#1407 = CARTESIAN_POINT ( 'NONE',  ( 70.00000000000009948, -800.0000000000000000, 70.00000000000000000 ) ) ;
#1408 = COORDINATED_UNIVERSAL_TIME_OFFSET ( 8, 0, .AHEAD. ) ;
#1409 = AXIS2_PLACEMENT_3D ( 'NONE', #486, #3095, #3855 ) ;
#1410 = DIRECTION ( 'NONE',  ( 1.000000000000000000, 1.224646799147353454E-16, -0.000000000000000000 ) ) ;
#1411 = VERTEX_POINT ( 'NONE', #1075 ) ;
#1412 = AXIS2_PLACEMENT_3D ( 'NONE', #3254, #2141, #1058 ) ;
#1413 = APPROVAL_PERSON_ORGANIZATION ( #4641, #4605, #1742 ) ;
#1414 = ORIENTED_EDGE ( 'NONE', *, *, #3358, .F. ) ;
#1415 = CARTESIAN_POINT ( 'NONE',  ( 15.00000000000008527, 243.5000000000000000, 15.00000000000000000 ) ) ;
#1416 = VERTEX_POINT ( 'NONE', #2545 ) ;
#1417 = CYLINDRICAL_SURFACE ( 'NONE', #2295, 5.000000000000000888 ) ;
#1418 = ORIENTED_EDGE ( 'NONE', *, *, #2905, .F. ) ;
#1419 = ORIENTED_EDGE ( 'NONE', *, *, #1619, .T. ) ;
#1420 = EDGE_CURVE ( 'NONE', #2740, #454, #127, .T. ) ;
#1421 = CIRCLE ( 'NONE', #4721, 6.500000000000005329 ) ;
#1422 = CARTESIAN_POINT ( 'NONE',  ( 9.184850993605148733E-15, -74.99999999999998579, 570.0000000000001137 ) ) ;
#1423 = VERTEX_POINT ( 'NONE', #3280 ) ;
#1424 = FACE_BOUND ( 'NONE', #705, .T. ) ;
#1425 = CARTESIAN_POINT ( 'NONE',  ( 13.20000000000000817, -93.24999999999998579, 586.8000000000001819 ) ) ;
#1426 = ORIENTED_EDGE ( 'NONE', *, *, #2022, .T. ) ;
#1427 = EDGE_CURVE ( 'NONE', #1948, #3279, #890, .T. ) ;
#1428 = LINE ( 'NONE', #3428, #620 ) ;
#1429 = CARTESIAN_POINT ( 'NONE',  ( 70.00000000000009948, -745.0000000000000000, 43.00000000000000711 ) ) ;
#1430 = FACE_OUTER_BOUND ( 'NONE', #17, .T. ) ;
#1431 = DIRECTION ( 'NONE',  ( -0.000000000000000000, -0.000000000000000000, -1.000000000000000000 ) ) ;
#1432 = FACE_OUTER_BOUND ( 'NONE', #1070, .T. ) ;
#1433 = DIRECTION ( 'NONE',  ( 1.705411712173819993E-16, -1.000000000000000000, 0.000000000000000000 ) ) ;
#1434 = LINE ( 'NONE', #2724, #1198 ) ;
#1435 = PERSON_AND_ORGANIZATION_ROLE ( 'design_supplier' ) ;
#1436 = FACE_OUTER_BOUND ( 'NONE', #33, .T. ) ;
#1437 = ORIENTED_EDGE ( 'NONE', *, *, #3153, .F. ) ;
#1438 = DIRECTION ( 'NONE',  ( 0.000000000000000000, 1.000000000000000000, -0.000000000000000000 ) ) ;
#1439 = VECTOR ( 'NONE', #1440, 1000.000000000000000 ) ;
#1440 = DIRECTION ( 'NONE',  ( -1.000000000000000000, -0.000000000000000000, -0.000000000000000000 ) ) ;
#1441 = VERTEX_POINT ( 'NONE', #376 ) ;
#1442 = CARTESIAN_POINT ( 'NONE',  ( 870.0000000000000000, -57.00000000000000000, 570.0000000000001137 ) ) ;
#1443 = DIRECTION ( 'NONE',  ( 0.000000000000000000, 0.000000000000000000, 1.000000000000000000 ) ) ;
#1444 = ORIENTED_EDGE ( 'NONE', *, *, #77, .T. ) ;
#1445 = ORIENTED_EDGE ( 'NONE', *, *, #922, .F. ) ;
#1446 = AXIS2_PLACEMENT_3D ( 'NONE', #108, #3086, #2680 ) ;
#1447 = CARTESIAN_POINT ( 'NONE',  ( 0.000000000000000000, 0.000000000000000000, 0.000000000000000000 ) ) ;
#1448 = EDGE_LOOP ( 'NONE', ( #3152, #570, #2872, #597 ) ) ;
#1449 = APPROVAL_ROLE ( '' ) ;
#1450 = EDGE_CURVE ( 'NONE', #3448, #801, #2528, .T. ) ;
#1451 = ORIENTED_EDGE ( 'NONE', *, *, #3243, .F. ) ;
#1452 = ORIENTED_EDGE ( 'NONE', *, *, #69, .T. ) ;
#1453 = CC_DESIGN_APPROVAL ( #1206, ( #3023 ) ) ;
#1454 = ORIENTED_EDGE ( 'NONE', *, *, #564, .T. ) ;
#1455 = EDGE_LOOP ( 'NONE', ( #211, #2603, #3249, #885 ) ) ;
#1456 = ADVANCED_FACE ( 'NONE', ( #2923, #3881 ), #3386, .T. ) ;
#1457 = CARTESIAN_POINT ( 'NONE',  ( 879.0499999999999545, -142.7499999999998863, 586.0000000000001137 ) ) ;
#1458 = EDGE_LOOP ( 'NONE', ( #3160, #3614, #3854, #4263 ) ) ;
#1459 = CARTESIAN_POINT ( 'NONE',  ( 830.0000000000001137, 0.000000000000000000, 110.9999999999999858 ) ) ;
#1460 = EDGE_CURVE ( 'NONE', #1389, #3440, #789, .T. ) ;
#1461 = DIRECTION ( 'NONE',  ( 0.000000000000000000, 0.000000000000000000, -1.000000000000000000 ) ) ;
#1462 = ITEM_DEFINED_TRANSFORMATION ( 'NONE', 'NONE', #4058,  #4449 ) ;
#1463 = VERTEX_POINT ( 'NONE', #4141 ) ;
#1464 = EDGE_LOOP ( 'NONE', ( #665, #1207 ) ) ;
#1465 = CARTESIAN_POINT ( 'NONE',  ( 0.000000000000000000, 0.000000000000000000, 120.0000000000000000 ) ) ;
#1466 = COORDINATED_UNIVERSAL_TIME_OFFSET ( 8, 0, .AHEAD. ) ;
#1467 = CARTESIAN_POINT ( 'NONE',  ( 15.90000000000000036, -93.24999999999998579, 586.0000000000001137 ) ) ;
#1468 = VECTOR ( 'NONE', #628, 1000.000000000000000 ) ;
#1469 = APPROVAL_STATUS ( 'not_yet_approved' ) ;
#1470 = COORDINATED_UNIVERSAL_TIME_OFFSET ( 8, 0, .AHEAD. ) ;
#1471 = ORIENTED_EDGE ( 'NONE', *, *, #3784, .T. ) ;
#1472 = CARTESIAN_POINT ( 'NONE',  ( 15.00000000000008527, -243.4999999999999432, 15.00000000000000000 ) ) ;
#1473 = ORIENTED_EDGE ( 'NONE', *, *, #102, .T. ) ;
#1474 = AXIS2_PLACEMENT_3D ( 'NONE', #3958, #1710, #257 ) ;
#1475 = DIRECTION ( 'NONE',  ( 2.745500257537979014E-16, -1.000000000000000000, -0.000000000000000000 ) ) ;
#1476 = DIRECTION ( 'NONE',  ( 0.000000000000000000, 0.000000000000000000, -1.000000000000000000 ) ) ;
#1477 = LINE ( 'NONE', #1210, #248 ) ;
#1478 = AXIS2_PLACEMENT_3D ( 'NONE', #1096, #1703, #732 ) ;
#1479 = DIRECTION ( 'NONE',  ( 0.000000000000000000, 0.000000000000000000, -1.000000000000000000 ) ) ;
#1480 = LINE ( 'NONE', #1591, #615 ) ;
#1481 = EDGE_LOOP ( 'NONE', ( #178, #4563, #85, #2813 ) ) ;
#1482 = CARTESIAN_POINT ( 'NONE',  ( 28.00000000000005684, -293.5000000000000000, 22.00000000000000000 ) ) ;
#1483 = EDGE_CURVE ( 'NONE', #812, #3279, #3291, .T. ) ;
#1484 = DIRECTION ( 'NONE',  ( 1.000000000000000000, -0.000000000000000000, -0.000000000000000000 ) ) ;
#1485 = FACE_BOUND ( 'NONE', #4566, .T. ) ;
#1486 = ORIENTED_EDGE ( 'NONE', *, *, #583, .F. ) ;
#1487 = LINE ( 'NONE', #3717, #3239 ) ;
#1488 = APPROVAL_STATUS ( 'not_yet_approved' ) ;
#1489 = DIRECTION ( 'NONE',  ( -1.000000000000000000, 0.000000000000000000, 0.000000000000000000 ) ) ;
#1490 = CC_DESIGN_PERSON_AND_ORGANIZATION_ASSIGNMENT ( #3633, #3265, ( #3583 ) ) ;
#1491 = ORIENTED_EDGE ( 'NONE', *, *, #2113, .T. ) ;
#1492 = LINE ( 'NONE', #3792, #4779 ) ;
#1493 = DIRECTION ( 'NONE',  ( 0.000000000000000000, -1.000000000000000000, 0.000000000000000000 ) ) ;
#1494 = EDGE_CURVE ( 'NONE', #3434, #3173, #314, .T. ) ;
#1495 = CYLINDRICAL_SURFACE ( 'NONE', #2875, 8.000000000000007105 ) ;
#1496 = PLANE ( 'NONE',  #3177 ) ;
#1497 = CARTESIAN_POINT ( 'NONE',  ( 69.99999999999998579, -132.0000000000000000, 110.9999999999999858 ) ) ;
#1498 = CIRCLE ( 'NONE', #387, 5.049999999999998934 ) ;
#1499 = VECTOR ( 'NONE', #4827, 1000.000000000000000 ) ;
#1500 = LINE ( 'NONE', #643, #2658 ) ;
#1501 = ORIENTED_EDGE ( 'NONE', *, *, #2670, .T. ) ;
#1502 = DIRECTION ( 'NONE',  ( 1.032573497605233226E-16, 0.000000000000000000, 1.000000000000000000 ) ) ;
#1503 = CARTESIAN_POINT ( 'NONE',  ( 830.0000000000001137, -745.0000000000000000, 527.0000000000000000 ) ) ;
#1504 = CARTESIAN_POINT ( 'NONE',  ( 28.00000000000005684, 293.5000000000000000, 22.00000000000000000 ) ) ;
#1505 = DIRECTION ( 'NONE',  ( 0.000000000000000000, -1.000000000000000000, 0.000000000000000000 ) ) ;
#1506 = AXIS2_PLACEMENT_3D ( 'NONE', #660, #3278, #1021 ) ;
#1507 = DIRECTION ( 'NONE',  ( 0.000000000000000000, -1.000000000000000000, 0.000000000000000000 ) ) ;
#1508 = CARTESIAN_POINT ( 'NONE',  ( 70.00000000000009948, -730.0000000000000000, 97.00000000000000000 ) ) ;
#1509 = ORIENTED_EDGE ( 'NONE', *, *, #463, .F. ) ;
#1510 = CARTESIAN_POINT ( 'NONE',  ( 0.000000000000000000, 0.000000000000000000, 0.000000000000000000 ) ) ;
#1511 = DIRECTION ( 'NONE',  ( 0.000000000000000000, 1.000000000000000000, -0.000000000000000000 ) ) ;
#1512 = DIRECTION ( 'NONE',  ( 0.000000000000000000, 0.000000000000000000, -1.000000000000000000 ) ) ;
#1513 = EDGE_CURVE ( 'NONE', #3797, #2214, #2473, .T. ) ;
#1514 = CARTESIAN_POINT ( 'NONE',  ( 30.00000000000016698, -57.00000000000000000, -0.000000000000000000 ) ) ;
#1515 = DIRECTION ( 'NONE',  ( 0.000000000000000000, -1.000000000000000000, 0.000000000000000000 ) ) ;
#1516 = EDGE_LOOP ( 'NONE', ( #3908, #541, #1167, #2844 ) ) ;
#1517 = CARTESIAN_POINT ( 'NONE',  ( 70.00000000000008527, -745.0000000000000000, 500.0000000000000000 ) ) ;
#1518 = CARTESIAN_POINT ( 'NONE',  ( 30.00000000000000711, -679.7500000000001137, 570.0000000000001137 ) ) ;
#1519 = ORIENTED_EDGE ( 'NONE', *, *, #3755, .T. ) ;
#1520 = CALENDAR_DATE ( 2026, 9, 6 ) ;
#1521 = EDGE_CURVE ( 'NONE', #511, #4039, #840, .T. ) ;
#1522 = VERTEX_POINT ( 'NONE', #3793 ) ;
#1523 = PLANE ( 'NONE',  #3499 ) ;
#1524 = ORIENTED_EDGE ( 'NONE', *, *, #1672, .T. ) ;
#1525 = DIRECTION ( 'NONE',  ( 2.745500257537979014E-16, -1.000000000000000000, 0.000000000000000000 ) ) ;
#1526 = CC_DESIGN_PERSON_AND_ORGANIZATION_ASSIGNMENT ( #1345, #1036, ( #4157 ) ) ;
#1527 = ITEM_DEFINED_TRANSFORMATION ( 'NONE', 'NONE', #1549,  #4449 ) ;
#1528 = CARTESIAN_POINT ( 'NONE',  ( 8.523541722065577671E-14, 343.5000000000000000, 30.00000000000000000 ) ) ;
#1529 = FACE_OUTER_BOUND ( 'NONE', #3401, .T. ) ;
#1530 = PERSON_AND_ORGANIZATION ( #1608, #3702 ) ;
#1531 = DIRECTION ( 'NONE',  ( -0.000000000000000000, 1.000000000000000000, -0.000000000000000000 ) ) ;
#1532 = CARTESIAN_POINT ( 'NONE',  ( 830.0000000000001137, -56.99999999999999289, 110.9999999999999858 ) ) ;
#1533 = DIRECTION ( 'NONE',  ( 0.000000000000000000, 0.000000000000000000, -1.000000000000000000 ) ) ;
#1534 = CARTESIAN_POINT ( 'NONE',  ( 900.0000000000001137, -730.0000000000000000, 0.000000000000000000 ) ) ;
#1535 = AXIS2_PLACEMENT_3D ( 'NONE', #3693, #2554, #1069 ) ;
#1536 = CYLINDRICAL_SURFACE ( 'NONE', #1446, 26.99999999999999645 ) ;
#1537 = EDGE_LOOP ( 'NONE', ( #3287, #3315 ) ) ;
#1538 = ORIENTED_EDGE ( 'NONE', *, *, #4063, .F. ) ;
#1539 = FACE_BOUND ( 'NONE', #235, .T. ) ;
#1540 = EDGE_LOOP ( 'NONE', ( #1679, #169, #1395, #2437, #282, #4813 ) ) ;
#1541 = PLANE ( 'NONE',  #3604 ) ;
#1542 = FACE_OUTER_BOUND ( 'NONE', #4868, .T. ) ;
#1543 = CARTESIAN_POINT ( 'NONE',  ( 70.00000000000009948, -745.0000000000000000, 70.00000000000000000 ) ) ;
#1544 = VERTEX_POINT ( 'NONE', #2978 ) ;
#1545 = PLANE ( 'NONE',  #4089 ) ;
#1546 = AXIS2_PLACEMENT_3D ( 'NONE', #3227, #3378, #822 ) ;
#1547 = CARTESIAN_POINT ( 'NONE',  ( 894.8000000000002956, -679.7499999999998863, 570.0000000000001137 ) ) ;
#1548 = CIRCLE ( 'NONE', #4310, 6.500000000000005329 ) ;
#1549 = AXIS2_PLACEMENT_3D ( 'NONE', #1271, #4311, #4655 ) ;
#1550 = DIRECTION ( 'NONE',  ( 0.000000000000000000, -1.000000000000000000, 0.000000000000000000 ) ) ;
#1551 = VERTEX_POINT ( 'NONE', #4122 ) ;
#1552 = LINE ( 'NONE', #504, #2253 ) ;
#1553 = LINE ( 'NONE', #2580, #2127 ) ;
#1554 = EDGE_CURVE ( 'NONE', #911, #310, #2011, .T. ) ;
#1555 = CARTESIAN_POINT ( 'NONE',  ( 9.184850993605148733E-15, -74.99999999999998579, 570.0000000000001137 ) ) ;
#1556 = CYLINDRICAL_SURFACE ( 'NONE', #3986, 20.00000000000000355 ) ;
#1557 = CARTESIAN_POINT ( 'NONE',  ( 5.200000000000006395, -630.2500000000001137, 570.0000000000001137 ) ) ;
#1558 = APPROVAL ( #2156, '未指定' ) ;
#1559 = EDGE_CURVE ( 'NONE', #3476, #1181, #2130, .T. ) ;
#1560 = FACE_OUTER_BOUND ( 'NONE', #1540, .T. ) ;
#1561 = VERTEX_POINT ( 'NONE', #2652 ) ;
#1562 = FACE_OUTER_BOUND ( 'NONE', #4763, .T. ) ;
#1563 = DIRECTION ( 'NONE',  ( -0.000000000000000000, 1.000000000000000000, -0.000000000000000000 ) ) ;
#1564 = CARTESIAN_POINT ( 'NONE',  ( 830.0000000000001137, -785.0000000000000000, 89.99999999999997158 ) ) ;
#1565 = VERTEX_POINT ( 'NONE', #4524 ) ;
#1566 = DIRECTION ( 'NONE',  ( 0.000000000000000000, 0.000000000000000000, 1.000000000000000000 ) ) ;
#1567 = CARTESIAN_POINT ( 'NONE',  ( 15.90000000000005720, 342.0000000000000000, 15.90000000000000036 ) ) ;
#1568 = EDGE_LOOP ( 'NONE', ( #2870, #4574, #3557, #4180 ) ) ;
#1569 = AXIS2_PLACEMENT_3D ( 'NONE', #2728, #1631, #89 ) ;
#1570 = CARTESIAN_POINT ( 'NONE',  ( 70.00000000000008527, -745.0000000000000000, 473.0000000000000000 ) ) ;
#1571 = AXIS2_PLACEMENT_3D ( 'NONE', #1567, #835, #3062 ) ;
#1572 = DIRECTION ( 'NONE',  ( 0.000000000000000000, 1.000000000000000000, 0.000000000000000000 ) ) ;
#1573 = CARTESIAN_POINT ( 'NONE',  ( 30.00000000000008527, -708.0000000000000000, 570.0000000000001137 ) ) ;
#1574 = CARTESIAN_POINT ( 'NONE',  ( 28.00000000000005684, 293.5000000000000000, 22.00000000000000000 ) ) ;
#1575 = CARTESIAN_POINT ( 'NONE',  ( 5.200000000000006395, -142.7500000000000000, 570.0000000000001137 ) ) ;
#1576 = APPROVAL_PERSON_ORGANIZATION ( #4455, #3812, #3456 ) ;
#1577 = VERTEX_POINT ( 'NONE', #1532 ) ;
#1578 = EDGE_CURVE ( 'NONE', #3404, #368, #747, .T. ) ;
#1579 = CLOSED_SHELL ( 'NONE', ( #1379, #4683, #605, #4394, #3570, #2031, #2179, #4761, #3607 ) ) ;
#1580 = FACE_OUTER_BOUND ( 'NONE', #4734, .T. ) ;
#1581 = DIRECTION ( 'NONE',  ( 0.000000000000000000, 0.000000000000000000, -1.000000000000000000 ) ) ;
#1582 = DIRECTION ( 'NONE',  ( 0.000000000000000000, 0.000000000000000000, -1.000000000000000000 ) ) ;
#1583 = DATE_AND_TIME ( #3096, #1641 ) ;
#1584 = APPROVAL ( #3982, '未指定' ) ;
#1585 = ORIENTED_EDGE ( 'NONE', *, *, #2147, .F. ) ;
#1586 = CARTESIAN_POINT ( 'NONE',  ( 879.0500000000001819, -679.7499999999998863, 586.0000000000001137 ) ) ;
#1587 = EDGE_CURVE ( 'NONE', #4396, #1689, #1498, .T. ) ;
#1588 = LOCAL_TIME ( 10, 26, 38.00000000000000000, #1466 ) ;
#1589 = CYLINDRICAL_SURFACE ( 'NONE', #2746, 5.049999999999998934 ) ;
#1590 = ORIENTED_EDGE ( 'NONE', *, *, #2173, .F. ) ;
#1591 = CARTESIAN_POINT ( 'NONE',  ( 900.0000000000001137, -17.99999999999988631, 546.0000000000000000 ) ) ;
#1592 = CARTESIAN_POINT ( 'NONE',  ( 70.00000000000009948, -745.0000000000000000, 70.00000000000000000 ) ) ;
#1593 = CARTESIAN_POINT ( 'NONE',  ( 449.0000000000001137, -343.5000000000000000, 0.000000000000000000 ) ) ;
#1594 = COORDINATED_UNIVERSAL_TIME_OFFSET ( 8, 0, .AHEAD. ) ;
#1595 = EDGE_CURVE ( 'NONE', #853, #4059, #1726, .T. ) ;
#1596 = CARTESIAN_POINT ( 'NONE',  ( 30.00000000000000711, -57.00000000000000711, 570.0000000000001137 ) ) ;
#1597 = LINE ( 'NONE', #1263, #544 ) ;
#1598 = ORIENTED_EDGE ( 'NONE', *, *, #892, .F. ) ;
#1599 = DIRECTION ( 'NONE',  ( -0.000000000000000000, -0.000000000000000000, -1.000000000000000000 ) ) ;
#1600 = AXIS2_PLACEMENT_3D ( 'NONE', #476, #1603, #863 ) ;
#1601 = LINE ( 'NONE', #4193, #1189 ) ;
#1602 = EDGE_LOOP ( 'NONE', ( #4603, #1203 ) ) ;
#1603 = DIRECTION ( 'NONE',  ( 0.000000000000000000, 0.000000000000000000, -1.000000000000000000 ) ) ;
#1604 = FACE_OUTER_BOUND ( 'NONE', #2442, .T. ) ;
#1605 = CARTESIAN_POINT ( 'NONE',  ( 15.90000000000005720, -243.5000000000000000, 15.90000000000000036 ) ) ;
#1606 = PLANE ( 'NONE',  #328 ) ;
#1607 = LINE ( 'NONE', #301, #3465 ) ;
#1608 = PERSON ( '未指定', '未指定', '未指定', ('未指定'), ('未指定'), ('未指定') ) ;
#1609 = PLANE ( 'NONE',  #4400 ) ;
#1610 = ORIENTED_EDGE ( 'NONE', *, *, #2549, .T. ) ;
#1611 = LINE ( 'NONE', #394, #2486 ) ;
#1612 = CARTESIAN_POINT ( 'NONE',  ( 60.00000000000005684, -142.0000000000000000, 485.0000000000001137 ) ) ;
#1613 = EDGE_LOOP ( 'NONE', ( #2865, #1322 ) ) ;
#1614 = AXIS2_PLACEMENT_3D ( 'NONE', #4736, #4014, #2485 ) ;
#1615 = CARTESIAN_POINT ( 'NONE',  ( 830.0000000000001137, -730.0000000000000000, 97.00000000000000000 ) ) ;
#1616 = FACE_OUTER_BOUND ( 'NONE', #106, .T. ) ;
#1617 = FACE_OUTER_BOUND ( 'NONE', #2589, .T. ) ;
#1618 = VECTOR ( 'NONE', #689, 1000.000000000000000 ) ;
#1619 = EDGE_CURVE ( 'NONE', #3514, #4230, #502, .T. ) ;
#1620 = CARTESIAN_POINT ( 'NONE',  ( 878.0000000000000000, -93.24999999999987210, 586.8000000000001819 ) ) ;
#1621 = PRODUCT_DEFINITION_FORMATION_WITH_SPECIFIED_SOURCE ( '任何', '', #3007, .NOT_KNOWN. ) ;
#1622 = CARTESIAN_POINT ( 'NONE',  ( 15.00000000000008527, -293.5000000000000000, 15.00000000000000000 ) ) ;
#1623 = DIRECTION ( 'NONE',  ( 0.000000000000000000, 0.000000000000000000, 1.000000000000000000 ) ) ;
#1624 = EDGE_CURVE ( 'NONE', #3926, #1389, #3472, .T. ) ;
#1625 = VECTOR ( 'NONE', #285, 1000.000000000000000 ) ;
#1626 = CARTESIAN_POINT ( 'NONE',  ( 70.00000000000009948, -800.0000000000000000, 43.00000000000000711 ) ) ;
#1627 = DIRECTION ( 'NONE',  ( 0.000000000000000000, -1.000000000000000000, 0.000000000000000000 ) ) ;
#1628 = ORIENTED_EDGE ( 'NONE', *, *, #4250, .F. ) ;
#1629 = CARTESIAN_POINT ( 'NONE',  ( 33.00000000000005684, -243.5000000000000000, 22.00000000000000000 ) ) ;
#1630 = ORIENTED_EDGE ( 'NONE', *, *, #4515, .T. ) ;
#1631 = DIRECTION ( 'NONE',  ( 0.000000000000000000, 1.000000000000000000, -0.000000000000000000 ) ) ;
#1632 = ORIENTED_EDGE ( 'NONE', *, *, #4660, .F. ) ;
#1633 = ORIENTED_EDGE ( 'NONE', *, *, #3755, .F. ) ;
#1634 = EDGE_LOOP ( 'NONE', ( #2797, #160, #4091, #2343 ) ) ;
#1635 = AXIS2_PLACEMENT_3D ( 'NONE', #772, #1515, #3373 ) ;
#1636 = ORIENTED_EDGE ( 'NONE', *, *, #951, .F. ) ;
#1637 = ADVANCED_FACE ( 'NONE', ( #1617 ), #3532, .F. ) ;
#1638 = DIRECTION ( 'NONE',  ( 0.000000000000000000, 0.000000000000000000, -1.000000000000000000 ) ) ;
#1639 = PERSON ( 'NAUO-PER4', 'UNSPECIFIED', 'UNSPECIFIED', ('UNSPECIFIED'), ('UNSPECIFIED'), ('UNSPECIFIED') ) ;
#1640 = AXIS2_PLACEMENT_3D ( 'NONE', #3379, #1525, #810 ) ;
#1641 = LOCAL_TIME ( 10, 26, 38.00000000000000000, #3624 ) ;
#1642 = APPLICATION_CONTEXT ( 'configuration controlled 3d designs of mechanical parts and assemblies' ) ;
#1643 = EDGE_LOOP ( 'NONE', ( #221, #2339 ) ) ;
#1644 = ORIENTED_EDGE ( 'NONE', *, *, #1521, .T. ) ;
#1645 = APPROVAL_DATE_TIME ( #1984, #3275 ) ;
#1646 = EDGE_CURVE ( 'NONE', #2416, #4576, #1373, .T. ) ;
#1647 = CC_DESIGN_SECURITY_CLASSIFICATION ( #4346, ( #3336 ) ) ;
#1648 = PERSON_AND_ORGANIZATION ( #1608, #3702 ) ;
#1649 = ORIENTED_EDGE ( 'NONE', *, *, #69, .F. ) ;
#1650 = CARTESIAN_POINT ( 'NONE',  ( 830.0000000000001137, -132.0000000000000000, 110.9999999999999858 ) ) ;
#1651 = EDGE_CURVE ( 'NONE', #2416, #2892, #2369, .T. ) ;
#1652 = CARTESIAN_POINT ( 'NONE',  ( 2.204364238465235822E-15, -18.00000000000000000, 570.0000000000001137 ) ) ;
#1653 = SHAPE_DEFINITION_REPRESENTATION ( #4421, #3920 ) ;
#1654 = PLANE ( 'NONE',  #2544 ) ;
#1655 = LINE ( 'NONE', #2475, #2468 ) ;
#1656 =( NAMED_UNIT ( * ) PLANE_ANGLE_UNIT ( ) SI_UNIT ( $, .RADIAN. ) );
#1657 = VECTOR ( 'NONE', #421, 1000.000000000000000 ) ;
#1658 = AXIS2_PLACEMENT_3D ( 'NONE', #2047, #3959, #1137 ) ;
#1659 = FACE_BOUND ( 'NONE', #460, .T. ) ;
#1660 = ORIENTED_EDGE ( 'NONE', *, *, #2267, .T. ) ;
#1661 = CARTESIAN_POINT ( 'NONE',  ( 70.00000000000009948, -785.0000000000000000, 70.00000000000000000 ) ) ;
#1662 = AXIS2_PLACEMENT_3D ( 'NONE', #1685, #2116, #3963 ) ;
#1663 = EDGE_LOOP ( 'NONE', ( #2283, #1973 ) ) ;
#1664 = LINE ( 'NONE', #4121, #963 ) ;
#1665 = CARTESIAN_POINT ( 'NONE',  ( 870.0000000000000000, -74.99999999999988631, 546.0000000000000000 ) ) ;
#1666 = DESIGN_CONTEXT ( 'detailed design', #1642, 'design' ) ;
#1667 = LINE ( 'NONE', #1422, #1724 ) ;
#1668 = ADVANCED_FACE ( 'NONE', ( #4369 ), #4319, .F. ) ;
#1669 = FACE_OUTER_BOUND ( 'NONE', #187, .T. ) ;
#1670 = CIRCLE ( 'NONE', #2808, 26.99999999999999645 ) ;
#1671 = DIRECTION ( 'NONE',  ( -3.580272742772366845E-16, 1.000000000000000000, 3.469446951953614189E-18 ) ) ;
#1672 = EDGE_CURVE ( 'NONE', #1423, #2383, #2257, .T. ) ;
#1673 = CIRCLE ( 'NONE', #4844, 27.00000000000002487 ) ;
#1674 = ORIENTED_EDGE ( 'NONE', *, *, #4275, .T. ) ;
#1675 = ORIENTED_EDGE ( 'NONE', *, *, #916, .F. ) ;
#1676 = CARTESIAN_POINT ( 'NONE',  ( 830.0000000000001137, -800.0000000000000000, 500.0000000000000000 ) ) ;
#1677 = DIRECTION ( 'NONE',  ( 1.000000000000000000, 0.000000000000000000, 0.000000000000000000 ) ) ;
#1678 = EDGE_CURVE ( 'NONE', #1522, #3093, #4135, .T. ) ;
#1679 = ORIENTED_EDGE ( 'NONE', *, *, #2417, .T. ) ;
#1680 = PLANE ( 'NONE',  #4173 ) ;
#1681 = CARTESIAN_POINT ( 'NONE',  ( 5.200000000000006395, -630.2500000000001137, 570.0000000000001137 ) ) ;
#1682 = DIRECTION ( 'NONE',  ( 2.745500257537979014E-16, -1.000000000000000000, -0.000000000000000000 ) ) ;
#1683 = ORIENTED_EDGE ( 'NONE', *, *, #3264, .F. ) ;
#1684 = VECTOR ( 'NONE', #1484, 1000.000000000000000 ) ;
#1685 = CARTESIAN_POINT ( 'NONE',  ( 15.90000000000000036, -679.7500000000001137, 586.0000000000001137 ) ) ;
#1686 = ADVANCED_FACE ( 'NONE', ( #2871, #4771 ), #470, .T. ) ;
#1687 = DIRECTION ( 'NONE',  ( 1.000000000000000000, 0.000000000000000000, -1.423362852083533900E-16 ) ) ;
#1688 = CARTESIAN_POINT ( 'NONE',  ( 60.00000000000000000, -142.0000000000000000, 101.0000000000000853 ) ) ;
#1689 = VERTEX_POINT ( 'NONE', #571 ) ;
#1690 = DIRECTION ( 'NONE',  ( -1.000000000000000000, 0.000000000000000000, -0.000000000000000000 ) ) ;
#1691 = AXIS2_PLACEMENT_3D ( 'NONE', #3382, #830, #803 ) ;
#1692 = ORIENTED_EDGE ( 'NONE', *, *, #2559, .F. ) ;
#1693 = ORIENTED_EDGE ( 'NONE', *, *, #746, .F. ) ;
#1694 = ORIENTED_EDGE ( 'NONE', *, *, #2278, .F. ) ;
#1695 = CARTESIAN_POINT ( 'NONE',  ( 15.90000000000005720, 342.0000000000000000, 9.399999999999995026 ) ) ;
#1696 = CARTESIAN_POINT ( 'NONE',  ( 30.00000000000000711, -57.00000000000000711, 546.0000000000000000 ) ) ;
#1697 = PLANE ( 'NONE',  #1054 ) ;
#1698 = PERSON_AND_ORGANIZATION ( #1608, #3702 ) ;
#1699 = CLOSED_SHELL ( 'NONE', ( #3229, #2766, #4321, #4306, #2976, #742, #3676, #212, #1712, #4651, #4317 ) ) ;
#1700 =( GEOMETRIC_REPRESENTATION_CONTEXT ( 3 ) GLOBAL_UNCERTAINTY_ASSIGNED_CONTEXT ( ( #4296 ) ) GLOBAL_UNIT_ASSIGNED_CONTEXT ( ( #883, #1288, #3135 ) ) REPRESENTATION_CONTEXT ( 'NONE', 'WORKASPACE' ) );
#1701 = DIRECTION ( 'NONE',  ( 1.000000000000000000, 0.000000000000000000, 0.000000000000000000 ) ) ;
#1702 = APPROVAL_DATE_TIME ( #4052, #3751 ) ;
#1703 = DIRECTION ( 'NONE',  ( -0.000000000000000000, -1.000000000000000000, -0.000000000000000000 ) ) ;
#1704 = CARTESIAN_POINT ( 'NONE',  ( 5.200000000000006395, -679.7500000000001137, 570.0000000000001137 ) ) ;
#1705 = VERTEX_POINT ( 'NONE', #2331 ) ;
#1706 = DIRECTION ( 'NONE',  ( 0.000000000000000000, -1.000000000000000000, 0.000000000000000000 ) ) ;
#1707 = EDGE_CURVE ( 'NONE', #2699, #3925, #3944, .T. ) ;
#1708 = PERSON_AND_ORGANIZATION ( #1608, #3702 ) ;
#1709 = ORIENTED_EDGE ( 'NONE', *, *, #4034, .T. ) ;
#1710 = DIRECTION ( 'NONE',  ( 1.000000000000000000, 0.000000000000000000, -0.000000000000000000 ) ) ;
#1711 = EDGE_CURVE ( 'NONE', #2519, #3434, #1156, .T. ) ;
#1712 = ADVANCED_FACE ( 'NONE', ( #2859 ), #1362, .F. ) ;
#1713 = DIRECTION ( 'NONE',  ( 1.137523590804461357E-16, -0.000000000000000000, 1.000000000000000000 ) ) ;
#1714 = DIRECTION ( 'NONE',  ( 0.000000000000000000, 0.000000000000000000, 1.000000000000000000 ) ) ;
#1715 = CARTESIAN_POINT ( 'NONE',  ( 70.00000000000009948, -785.0000000000000000, 70.00000000000000000 ) ) ;
#1716 = CYLINDRICAL_SURFACE ( 'NONE', #1614, 5.000000000000000000 ) ;
#1717 = DIRECTION ( 'NONE',  ( 0.000000000000000000, 0.000000000000000000, -1.000000000000000000 ) ) ;
#1718 = FACE_OUTER_BOUND ( 'NONE', #3943, .T. ) ;
#1719 = EDGE_LOOP ( 'NONE', ( #3194, #2867, #1751, #638 ) ) ;
#1720 = DIRECTION ( 'NONE',  ( -0.000000000000000000, 0.000000000000000000, 1.000000000000000000 ) ) ;
#1721 = ADVANCED_FACE ( 'NONE', ( #4404 ), #220, .T. ) ;
#1722 = VECTOR ( 'NONE', #4540, 1000.000000000000000 ) ;
#1723 = VERTEX_POINT ( 'NONE', #3660 ) ;
#1724 = VECTOR ( 'NONE', #4432, 1000.000000000000000 ) ;
#1725 = AXIS2_PLACEMENT_3D ( 'NONE', #1482, #2153, #4427 ) ;
#1726 = CIRCLE ( 'NONE', #798, 26.99999999999999645 ) ;
#1727 = FACE_OUTER_BOUND ( 'NONE', #2925, .T. ) ;
#1728 = DIRECTION ( 'NONE',  ( 2.745500257537979014E-16, -1.000000000000000000, -0.000000000000000000 ) ) ;
#1729 = ADVANCED_FACE ( 'NONE', ( #3482 ), #4290, .T. ) ;
#1730 = APPROVAL_ROLE ( '' ) ;
#1731 = CARTESIAN_POINT ( 'NONE',  ( 870.0000000000002274, -630.2499999999998863, 586.8000000000001819 ) ) ;
#1732 = EDGE_CURVE ( 'NONE', #2272, #762, #4379, .T. ) ;
#1733 = DIRECTION ( 'NONE',  ( 0.000000000000000000, 0.000000000000000000, 1.000000000000000000 ) ) ;
#1734 = VECTOR ( 'NONE', #3323, 1000.000000000000000 ) ;
#1735 = CC_DESIGN_PERSON_AND_ORGANIZATION_ASSIGNMENT ( #2050, #4390, ( #234 ) ) ;
#1736 = EDGE_CURVE ( 'NONE', #3440, #4686, #2620, .T. ) ;
#1737 = VERTEX_POINT ( 'NONE', #2111 ) ;
#1738 = ADVANCED_FACE ( 'NONE', ( #3811 ), #444, .T. ) ;
#1739 = ORIENTED_EDGE ( 'NONE', *, *, #4184, .F. ) ;
#1740 = DIRECTION ( 'NONE',  ( 0.000000000000000000, -5.782411586589351722E-16, -1.000000000000000000 ) ) ;
#1741 = AXIS2_PLACEMENT_3D ( 'NONE', #1953, #4237, #2336 ) ;
#1742 = APPROVAL_ROLE ( '' ) ;
#1743 = CARTESIAN_POINT ( 'NONE',  ( 830.0000000000001137, -745.0000000000000000, 473.0000000000000000 ) ) ;
#1744 = ORIENTED_EDGE ( 'NONE', *, *, #3145, .T. ) ;
#1745 = ORIENTED_EDGE ( 'NONE', *, *, #864, .F. ) ;
#1746 = ORIENTED_EDGE ( 'NONE', *, *, #4697, .T. ) ;
#1747 = CARTESIAN_POINT ( 'NONE',  ( 15.90000000000005720, 243.5000000000000568, 10.90000000000000036 ) ) ;
#1748 = AXIS2_PLACEMENT_3D ( 'NONE', #3696, #3297, #2190 ) ;
#1749 = APPROVAL_DATE_TIME ( #4749, #2016 ) ;
#1750 = ORIENTED_EDGE ( 'NONE', *, *, #1885, .T. ) ;
#1751 = ORIENTED_EDGE ( 'NONE', *, *, #2236, .T. ) ;
#1752 = DIRECTION ( 'NONE',  ( -0.000000000000000000, 0.000000000000000000, 1.000000000000000000 ) ) ;
#1753 = APPROVAL_PERSON_ORGANIZATION ( #994, #3275, #4802 ) ;
#1754 = CLOSED_SHELL ( 'NONE', ( #3537, #1729, #4466, #1993, #939, #224, #3643, #3164, #579, #1825, #1073, #4372, #970, #566, #131, #4840, #1721, #175, #4768, #2744, #2727, #2060, #3933, #3178, #1668, #2100, #4713, #688, #639, #149, #3885, #4619, #3300, #252, #559, #4068, #549, #3999, #1329, #531, #1313, #3652, #3922, #4353, #907, #3277, #1891, #2203, #140, #990, #2404, #960, #4044, #2495, #2483, #4020, #157, #3256, #613, #1333, #4834, #4025, #3592, #217, #1738, #4730, #3907, #1779, #4673, #2511, #663, #586, #2786, #3020, #1274, #3154, #1035, #2558, #2395, #3978, #4093, #3327, #236, #3140, #4389, #1122, #2380, #3199, #2456, #1637, #3251, #3127, #2019 ) ) ;
#1755 = CARTESIAN_POINT ( 'NONE',  ( 69.99999999999998579, 0.000000000000000000, 110.9999999999999858 ) ) ;
#1756 = CARTESIAN_POINT ( 'NONE',  ( 870.0000000000001137, -708.0000000000000000, 570.0000000000001137 ) ) ;
#1757 = PERSON_AND_ORGANIZATION ( #1608, #3702 ) ;
#1758 = EDGE_CURVE ( 'NONE', #4522, #4175, #266, .T. ) ;
#1759 = VERTEX_POINT ( 'NONE', #4743 ) ;
#1760 = VERTEX_POINT ( 'NONE', #2478 ) ;
#1761 = CARTESIAN_POINT ( 'NONE',  ( 15.00000000000008527, 343.5000000000000000, 15.00000000000000000 ) ) ;
#1762 = FACE_OUTER_BOUND ( 'NONE', #1455, .T. ) ;
#1763 = CARTESIAN_POINT ( 'NONE',  ( -0.000000000000000000, 293.5000000000000000, 0.000000000000000000 ) ) ;
#1764 = EDGE_CURVE ( 'NONE', #2901, #316, #1378, .T. ) ;
#1765 = ORIENTED_EDGE ( 'NONE', *, *, #2335, .T. ) ;
#1766 = VECTOR ( 'NONE', #856, 1000.000000000000000 ) ;
#1767 = CC_DESIGN_PERSON_AND_ORGANIZATION_ASSIGNMENT ( #3383, #4509, ( #517 ) ) ;
#1768 = DIRECTION ( 'NONE',  ( 0.000000000000000000, 0.000000000000000000, 1.000000000000000000 ) ) ;
#1769 = FACE_OUTER_BOUND ( 'NONE', #568, .T. ) ;
#1770 = DIRECTION ( 'NONE',  ( 0.000000000000000000, -0.000000000000000000, -1.000000000000000000 ) ) ;
#1771 = ADVANCED_FACE ( 'NONE', ( #1539, #3049 ), #2497, .F. ) ;
#1772 = CARTESIAN_POINT ( 'NONE',  ( 22.00000000000001066, -93.24999999999998579, 586.8000000000001819 ) ) ;
#1773 = LINE ( 'NONE', #791, #3657 ) ;
#1774 = VECTOR ( 'NONE', #1909, 1000.000000000000000 ) ;
#1775 = APPROVAL_STATUS ( 'not_yet_approved' ) ;
#1776 = CARTESIAN_POINT ( 'NONE',  ( 15.90000000000005720, 342.0000000000000568, 15.90000000000000036 ) ) ;
#1777 = AXIS2_PLACEMENT_3D ( 'NONE', #2217, #3709, #1479 ) ;
#1778 = FACE_OUTER_BOUND ( 'NONE', #3654, .T. ) ;
#1779 = ADVANCED_FACE ( 'NONE', ( #3165, #2200 ), #1381, .T. ) ;
#1780 = CYLINDRICAL_SURFACE ( 'NONE', #151, 8.000000000000007105 ) ;
#1781 = DIRECTION ( 'NONE',  ( 0.000000000000000000, 0.000000000000000000, 1.000000000000000000 ) ) ;
#1782 = ORIENTED_EDGE ( 'NONE', *, *, #4794, .T. ) ;
#1783 = CARTESIAN_POINT ( 'NONE',  ( 15.90000000000005720, -293.5000000000000000, 15.90000000000000036 ) ) ;
#1784 = CIRCLE ( 'NONE', #3380, 5.049999999999998934 ) ;
#1785 = EDGE_LOOP ( 'NONE', ( #1997, #2971, #858, #1961 ) ) ;
#1786 = AXIS2_PLACEMENT_3D ( 'NONE', #4164, #2264, #2989 ) ;
#1787 = VECTOR ( 'NONE', #3671, 1000.000000000000000 ) ;
#1788 = AXIS2_PLACEMENT_3D ( 'NONE', #910, #3525, #4640 ) ;
#1789 = CARTESIAN_POINT ( 'NONE',  ( 15.90000000000005720, -342.0000000000000000, 15.90000000000000036 ) ) ;
#1790 = ORIENTED_EDGE ( 'NONE', *, *, #991, .F. ) ;
#1791 = CARTESIAN_POINT ( 'NONE',  ( 6.450000000000001066, 0.000000000000000000, -1.500000000000000000 ) ) ;
#1792 = ORIENTED_EDGE ( 'NONE', *, *, #3339, .T. ) ;
#1793 = LINE ( 'NONE', #738, #2673 ) ;
#1794 = EDGE_CURVE ( 'NONE', #2738, #4323, #3057, .T. ) ;
#1795 = CARTESIAN_POINT ( 'NONE',  ( 830.0000000000001137, -745.0000000000000000, 520.0000000000000000 ) ) ;
#1796 = PRODUCT_RELATED_PRODUCT_CATEGORY ( 'detail', '', ( #4595 ) ) ;
#1797 = VERTEX_POINT ( 'NONE', #2128 ) ;
#1798 = DIRECTION ( 'NONE',  ( 0.000000000000000000, -1.000000000000000000, 0.000000000000000000 ) ) ;
#1799 = DIRECTION ( 'NONE',  ( 0.000000000000000000, 1.000000000000000000, -0.000000000000000000 ) ) ;
#1800 = EDGE_CURVE ( 'NONE', #2740, #3329, #1023, .T. ) ;
#1801 = CARTESIAN_POINT ( 'NONE',  ( 0.000000000000000000, 0.000000000000000000, 120.0000000000000000 ) ) ;
#1802 = ORIENTED_EDGE ( 'NONE', *, *, #3316, .F. ) ;
#1803 = ADVANCED_FACE ( 'NONE', ( #2547 ), #691, .T. ) ;
#1804 = DIRECTION ( 'NONE',  ( 0.000000000000000000, 0.000000000000000000, 1.000000000000000000 ) ) ;
#1805 = ORIENTED_EDGE ( 'NONE', *, *, #3207, .T. ) ;
#1806 = VERTEX_POINT ( 'NONE', #4078 ) ;
#1807 = ORIENTED_EDGE ( 'NONE', *, *, #3243, .T. ) ;
#1808 = ORIENTED_EDGE ( 'NONE', *, *, #4377, .F. ) ;
#1809 =( REPRESENTATION_RELATIONSHIP ('NONE','NONE', #3920, #752 ) REPRESENTATION_RELATIONSHIP_WITH_TRANSFORMATION ( #1171 )SHAPE_REPRESENTATION_RELATIONSHIP( ) );
#1810 = COORDINATED_UNIVERSAL_TIME_OFFSET ( 8, 0, .AHEAD. ) ;
#1811 = VERTEX_POINT ( 'NONE', #2505 ) ;
#1812 = CARTESIAN_POINT ( 'NONE',  ( 900.0000000000000000, 0.000000000000000000, 570.0000000000001137 ) ) ;
#1813 = AXIS2_PLACEMENT_3D ( 'NONE', #137, #1280, #4679 ) ;
#1814 = CARTESIAN_POINT ( 'NONE',  ( 30.00000000000001421, -679.7500000000001137, 586.8000000000001819 ) ) ;
#1815 = FACE_OUTER_BOUND ( 'NONE', #2232, .T. ) ;
#1816 = AXIS2_PLACEMENT_3D ( 'NONE', #3726, #4437, #1476 ) ;
#1817 = COORDINATED_UNIVERSAL_TIME_OFFSET ( 8, 0, .AHEAD. ) ;
#1818 = ORIENTED_EDGE ( 'NONE', *, *, #3215, .T. ) ;
#1819 = AXIS2_PLACEMENT_3D ( 'NONE', #2270, #4155, #1859 ) ;
#1820 = PLANE ( 'NONE',  #3796 ) ;
#1821 = DATE_AND_TIME ( #1988, #2864 ) ;
#1822 = VERTEX_POINT ( 'NONE', #4741 ) ;
#1823 = LINE ( 'NONE', #1974, #4823 ) ;
#1824 = EDGE_CURVE ( 'NONE', #3989, #2968, #4665, .T. ) ;
#1825 = ADVANCED_FACE ( 'NONE', ( #3534 ), #567, .T. ) ;
#1826 = FACE_OUTER_BOUND ( 'NONE', #2712, .T. ) ;
#1827 = APPROVAL_ROLE ( '' ) ;
#1828 = CARTESIAN_POINT ( 'NONE',  ( 870.0000000000002274, -679.7499999999998863, 586.8000000000001819 ) ) ;
#1829 = CC_DESIGN_APPROVAL ( #1584, ( #2239 ) ) ;
#1830 = DIRECTION ( 'NONE',  ( 1.000000000000000000, 0.000000000000000000, 0.000000000000000000 ) ) ;
#1831 = VECTOR ( 'NONE', #4340, 1000.000000000000000 ) ;
#1832 = CARTESIAN_POINT ( 'NONE',  ( 830.0000000000001137, -132.0000000000000000, 110.9999999999999858 ) ) ;
#1833 = ORIENTED_EDGE ( 'NONE', *, *, #2455, .F. ) ;
#1834 = EDGE_CURVE ( 'NONE', #454, #2740, #3668, .T. ) ;
#1835 = CIRCLE ( 'NONE', #1658, 27.00000000000000355 ) ;
#1836 = CARTESIAN_POINT ( 'NONE',  ( 889.1499999999999773, -93.24999999999987210, 586.0000000000001137 ) ) ;
#1837 = LINE ( 'NONE', #3468, #3184 ) ;
#1838 = DIRECTION ( 'NONE',  ( 1.000000000000000000, -0.000000000000000000, -0.000000000000000000 ) ) ;
#1839 = ORIENTED_EDGE ( 'NONE', *, *, #3457, .T. ) ;
#1840 = VECTOR ( 'NONE', #1599, 1000.000000000000000 ) ;
#1841 = VERTEX_POINT ( 'NONE', #3259 ) ;
#1842 = FACE_OUTER_BOUND ( 'NONE', #3901, .T. ) ;
#1843 = DIRECTION ( 'NONE',  ( 0.000000000000000000, 0.000000000000000000, 1.000000000000000000 ) ) ;
#1844 = DATE_TIME_ROLE ( 'classification_date' ) ;
#1845 = FACE_OUTER_BOUND ( 'NONE', #4628, .T. ) ;
#1846 = CARTESIAN_POINT ( 'NONE',  ( 830.0000000000001137, -785.0000000000000000, 500.0000000000000000 ) ) ;
#1847 = AXIS2_PLACEMENT_3D ( 'NONE', #1183, #3399, #1165 ) ;
#1848 = CARTESIAN_POINT ( 'NONE',  ( -6.450000000000001066, 7.898971854500429678E-16, -1.500000000000000000 ) ) ;
#1849 = PLANE ( 'NONE',  #3685 ) ;
#1850 = CARTESIAN_POINT ( 'NONE',  ( 70.00000000000008527, -730.0000000000000000, 500.0000000000000000 ) ) ;
#1851 = PLANE ( 'NONE',  #3732 ) ;
#1852 = ORIENTED_EDGE ( 'NONE', *, *, #2488, .F. ) ;
#1853 = VECTOR ( 'NONE', #3274, 1000.000000000000000 ) ;
#1854 = DIRECTION ( 'NONE',  ( -0.000000000000000000, -1.000000000000000000, -0.000000000000000000 ) ) ;
#1855 = CARTESIAN_POINT ( 'NONE',  ( 0.000000000000000000, 0.000000000000000000, 570.0000000000001137 ) ) ;
#1856 = ORIENTED_EDGE ( 'NONE', *, *, #1624, .T. ) ;
#1857 = DIRECTION ( 'NONE',  ( -0.000000000000000000, 1.000000000000000000, -0.000000000000000000 ) ) ;
#1858 = PERSON_AND_ORGANIZATION_ROLE ( 'design_owner' ) ;
#1859 = DIRECTION ( 'NONE',  ( 0.000000000000000000, 0.000000000000000000, 1.000000000000000000 ) ) ;
#1860 = EDGE_CURVE ( 'NONE', #4382, #3863, #4021, .T. ) ;
#1861 = ORIENTED_EDGE ( 'NONE', *, *, #2308, .T. ) ;
#1862 = DIRECTION ( 'NONE',  ( -0.000000000000000000, -1.000000000000000000, -0.000000000000000000 ) ) ;
#1863 = ORGANIZATION ( 'NAUO-ORG7', 'UNSPECIFIED', 'UNSPECIFIED' ) ;
#1864 = CC_DESIGN_APPROVAL ( #273, ( #1621 ) ) ;
#1865 = VERTEX_POINT ( 'NONE', #2536 ) ;
#1866 = DIRECTION ( 'NONE',  ( 0.000000000000000000, 0.000000000000000000, -1.000000000000000000 ) ) ;
#1867 = EDGE_CURVE ( 'NONE', #3220, #1181, #1903, .T. ) ;
#1868 = DATE_AND_TIME ( #2853, #3864 ) ;
#1869 = ORIENTED_EDGE ( 'NONE', *, *, #4732, .T. ) ;
#1870 = CARTESIAN_POINT ( 'NONE',  ( 33.00000000000005684, 293.5000000000000000, 22.00000000000000000 ) ) ;
#1871 = COORDINATED_UNIVERSAL_TIME_OFFSET ( 8, 0, .AHEAD. ) ;
#1872 = CARTESIAN_POINT ( 'NONE',  ( 15.90000000000005720, -562.5000000000004547, 15.90000000000000036 ) ) ;
#1873 = LINE ( 'NONE', #1812, #4756 ) ;
#1874 = APPROVAL_ROLE ( '' ) ;
#1875 = COORDINATED_UNIVERSAL_TIME_OFFSET ( 8, 0, .AHEAD. ) ;
#1876 = ORIENTED_EDGE ( 'NONE', *, *, #687, .F. ) ;
#1877 = AXIS2_PLACEMENT_3D ( 'NONE', #2374, #946, #3439 ) ;
#1878 = CARTESIAN_POINT ( 'NONE',  ( 8.939921633775678437E-14, -730.0000000000000000, 0.000000000000000000 ) ) ;
#1879 = VERTEX_POINT ( 'NONE', #653 ) ;
#1880 = CARTESIAN_POINT ( 'NONE',  ( 15.00000000000008527, -343.5000000000000000, 0.000000000000000000 ) ) ;
#1881 = FACE_OUTER_BOUND ( 'NONE', #4700, .T. ) ;
#1882 = VERTEX_POINT ( 'NONE', #1457 ) ;
#1883 = LINE ( 'NONE', #927, #4060 ) ;
#1884 = ORIENTED_EDGE ( 'NONE', *, *, #1758, .T. ) ;
#1885 = EDGE_CURVE ( 'NONE', #2548, #3138, #4613, .T. ) ;
#1886 = DIRECTION ( 'NONE',  ( -1.000000000000000000, -2.745500257537979014E-16, 0.000000000000000000 ) ) ;
#1887 = CIRCLE ( 'NONE', #2570, 27.00000000000002487 ) ;
#1888 = CARTESIAN_POINT ( 'NONE',  ( 878.0000000000000000, -142.7499999999998863, 594.8000000000001819 ) ) ;
#1889 = SECURITY_CLASSIFICATION ( '', '', #2846 ) ;
#1890 = VERTEX_POINT ( 'NONE', #3739 ) ;
#1891 = ADVANCED_FACE ( 'NONE', ( #804, #1560 ), #3690, .T. ) ;
#1892 = CYLINDRICAL_SURFACE ( 'NONE', #4434, 20.00000000000001776 ) ;
#1893 = DIRECTION ( 'NONE',  ( -0.000000000000000000, -1.000000000000000000, -0.000000000000000000 ) ) ;
#1894 = EDGE_CURVE ( 'NONE', #3097, #1423, #852, .T. ) ;
#1895 = VECTOR ( 'NONE', #2352, 1000.000000000000000 ) ;
#1896 = CARTESIAN_POINT ( 'NONE',  ( 15.90000000000000036, -142.7500000000000000, 591.0500000000000682 ) ) ;
#1897 = VECTOR ( 'NONE', #2425, 1000.000000000000000 ) ;
#1898 = CYLINDRICAL_SURFACE ( 'NONE', #3632, 8.000000000000007105 ) ;
#1899 = VECTOR ( 'NONE', #120, 1000.000000000000000 ) ;
#1900 = ORIENTED_EDGE ( 'NONE', *, *, #2576, .F. ) ;
#1901 = CARTESIAN_POINT ( 'NONE',  ( 878.0000000000002274, -679.7499999999998863, 586.8000000000001819 ) ) ;
#1902 = DIRECTION ( 'NONE',  ( 0.000000000000000000, 1.000000000000000000, 0.000000000000000000 ) ) ;
#1903 = LINE ( 'NONE', #4762, #1618 ) ;
#1904 = AXIS2_PLACEMENT_3D ( 'NONE', #875, #3485, #3941 ) ;
#1905 = ORIENTED_EDGE ( 'NONE', *, *, #4250, .T. ) ;
#1906 = EDGE_LOOP ( 'NONE', ( #3722, #1900, #3257, #3878 ) ) ;
#1907 = CARTESIAN_POINT ( 'NONE',  ( 70.00000000000008527, -785.0000000000000000, 500.0000000000000000 ) ) ;
#1908 = DIRECTION ( 'NONE',  ( 0.000000000000000000, -1.000000000000000000, 0.000000000000000000 ) ) ;
#1909 = DIRECTION ( 'NONE',  ( -0.000000000000000000, -0.000000000000000000, -1.000000000000000000 ) ) ;
#1910 = ORIENTED_EDGE ( 'NONE', *, *, #4732, .F. ) ;
#1911 = CIRCLE ( 'NONE', #2623, 5.000000000000000888 ) ;
#1912 = CARTESIAN_POINT ( 'NONE',  ( 15.00000000000008527, 343.5000000000000000, 15.00000000000000000 ) ) ;
#1913 = ORIENTED_EDGE ( 'NONE', *, *, #1182, .F. ) ;
#1914 = EDGE_CURVE ( 'NONE', #2065, #3990, #3960, .T. ) ;
#1915 = CARTESIAN_POINT ( 'NONE',  ( 15.00000000000008527, 0.000000000000000000, 0.000000000000000000 ) ) ;
#1916 = CARTESIAN_POINT ( 'NONE',  ( 878.0000000000002274, -630.2499999999998863, 586.8000000000001819 ) ) ;
#1917 = EDGE_LOOP ( 'NONE', ( #4583, #1632 ) ) ;
#1918 = VERTEX_POINT ( 'NONE', #4102 ) ;
#1919 = CARTESIAN_POINT ( 'NONE',  ( 69.99999999999998579, -132.0000000000000000, 110.9999999999999858 ) ) ;
#1920 = EDGE_CURVE ( 'NONE', #373, #3682, #1673, .T. ) ;
#1921 = ORIENTED_EDGE ( 'NONE', *, *, #3419, .F. ) ;
#1922 = ORIENTED_EDGE ( 'NONE', *, *, #1390, .T. ) ;
#1923 = VECTOR ( 'NONE', #3962, 1000.000000000000000 ) ;
#1924 = DIRECTION ( 'NONE',  ( 0.000000000000000000, 0.000000000000000000, 1.000000000000000000 ) ) ;
#1925 = DATE_AND_TIME ( #2909, #2514 ) ;
#1926 = DIRECTION ( 'NONE',  ( 0.000000000000000000, 0.000000000000000000, -1.000000000000000000 ) ) ;
#1927 = ORIENTED_EDGE ( 'NONE', *, *, #2088, .F. ) ;
#1928 = LINE ( 'NONE', #1756, #4816 ) ;
#1929 = PLANE ( 'NONE',  #184 ) ;
#1930 = CALENDAR_DATE ( 2026, 9, 6 ) ;
#1931 = ORIENTED_EDGE ( 'NONE', *, *, #435, .T. ) ;
#1932 = DIRECTION ( 'NONE',  ( -1.000000000000000000, -1.520853458390625560E-16, 0.000000000000000000 ) ) ;
#1933 = DIRECTION ( 'NONE',  ( 0.000000000000000000, 0.000000000000000000, -1.000000000000000000 ) ) ;
#1934 = CARTESIAN_POINT ( 'NONE',  ( 15.90000000000005720, 293.5000000000000000, 20.90000000000000213 ) ) ;
#1935 = AXIS2_PLACEMENT_3D ( 'NONE', #703, #3311, #1067 ) ;
#1936 = LOCAL_TIME ( 10, 26, 38.00000000000000000, #1470 ) ;
#1937 = LINE ( 'NONE', #1172, #369 ) ;
#1938 = ORIENTED_EDGE ( 'NONE', *, *, #37, .F. ) ;
#1939 = LINE ( 'NONE', #614, #3234 ) ;
#1940 = CARTESIAN_POINT ( 'NONE',  ( 70.00000000000008527, -745.0000000000000000, 500.0000000000000000 ) ) ;
#1941 = CARTESIAN_POINT ( 'NONE',  ( 69.99999999999998579, -132.0000000000000000, 110.9999999999999858 ) ) ;
#1942 = EDGE_LOOP ( 'NONE', ( #4629, #3409, #2619, #1081 ) ) ;
#1943 = LINE ( 'NONE', #59, #3651 ) ;
#1944 = VERTEX_POINT ( 'NONE', #1043 ) ;
#1945 = LINE ( 'NONE', #898, #4715 ) ;
#1946 = LINE ( 'NONE', #3001, #4125 ) ;
#1947 = EDGE_CURVE ( 'NONE', #2748, #1865, #2427, .T. ) ;
#1948 = VERTEX_POINT ( 'NONE', #2215 ) ;
#1949 = VECTOR ( 'NONE', #129, 1000.000000000000000 ) ;
#1950 = LINE ( 'NONE', #1915, #4719 ) ;
#1951 = CYLINDRICAL_SURFACE ( 'NONE', #3075, 5.000000000000000888 ) ;
#1952 = CC_DESIGN_SECURITY_CLASSIFICATION ( #517, ( #4876 ) ) ;
#1953 = CARTESIAN_POINT ( 'NONE',  ( 884.1000000000000227, -93.24999999999987210, 586.0000000000001137 ) ) ;
#1954 = DIRECTION ( 'NONE',  ( -0.000000000000000000, -0.000000000000000000, -1.000000000000000000 ) ) ;
#1955 = CARTESIAN_POINT ( 'NONE',  ( 8.939921633775678437E-14, -730.0000000000000000, 570.0000000000001137 ) ) ;
#1956 = EDGE_CURVE ( 'NONE', #1723, #895, #969, .T. ) ;
#1957 = VECTOR ( 'NONE', #354, 1000.000000000000000 ) ;
#1958 = ORIENTED_EDGE ( 'NONE', *, *, #3446, .F. ) ;
#1959 = CARTESIAN_POINT ( 'NONE',  ( 70.00000000000009948, -745.0000000000000000, 70.00000000000000000 ) ) ;
#1960 = CARTESIAN_POINT ( 'NONE',  ( 8.939921633775678437E-14, -730.0000000000000000, 570.0000000000001137 ) ) ;
#1961 = ORIENTED_EDGE ( 'NONE', *, *, #346, .T. ) ;
#1962 = CARTESIAN_POINT ( 'NONE',  ( 878.0000000000002274, -679.7499999999998863, 594.8000000000001819 ) ) ;
#1963 = CARTESIAN_POINT ( 'NONE',  ( 30.00000000000002842, -74.99999999999998579, 570.0000000000001137 ) ) ;
#1964 = EDGE_LOOP ( 'NONE', ( #964, #3136, #1028, #3692 ) ) ;
#1965 = CIRCLE ( 'NONE', #4805, 5.000000000000000888 ) ;
#1966 = DIRECTION ( 'NONE',  ( 2.745500257537979014E-16, -1.000000000000000000, -0.000000000000000000 ) ) ;
#1967 = ORIENTED_EDGE ( 'NONE', *, *, #3077, .T. ) ;
#1968 = AXIS2_PLACEMENT_3D ( 'NONE', #696, #419, #2994 ) ;
#1969 = CARTESIAN_POINT ( 'NONE',  ( 30.00000000000000711, -630.2500000000001137, 570.0000000000001137 ) ) ;
#1970 = AXIS2_PLACEMENT_3D ( 'NONE', #1056, #4791, #3648 ) ;
#1971 = DIRECTION ( 'NONE',  ( 0.000000000000000000, -1.000000000000000000, 0.000000000000000000 ) ) ;
#1972 = DIRECTION ( 'NONE',  ( -0.000000000000000000, -0.000000000000000000, 1.000000000000000000 ) ) ;
#1973 = ORIENTED_EDGE ( 'NONE', *, *, #587, .F. ) ;
#1974 = CARTESIAN_POINT ( 'NONE',  ( 30.00000000000000711, -142.7500000000000000, 570.0000000000001137 ) ) ;
#1975 = EDGE_LOOP ( 'NONE', ( #1153, #4412, #383, #4687 ) ) ;
#1976 = ORIENTED_EDGE ( 'NONE', *, *, #4610, .T. ) ;
#1977 = EDGE_CURVE ( 'NONE', #1561, #2681, #3016, .T. ) ;
#1978 = DIRECTION ( 'NONE',  ( 1.705411712173819993E-16, -1.000000000000000000, 0.000000000000000000 ) ) ;
#1979 = ORIENTED_EDGE ( 'NONE', *, *, #130, .F. ) ;
#1980 = CC_DESIGN_APPROVAL ( #1558, ( #1889 ) ) ;
#1981 = ORIENTED_EDGE ( 'NONE', *, *, #1085, .F. ) ;
#1982 = EDGE_CURVE ( 'NONE', #309, #944, #1317, .T. ) ;
#1983 = DIRECTION ( 'NONE',  ( -0.000000000000000000, -0.000000000000000000, -1.000000000000000000 ) ) ;
#1984 = DATE_AND_TIME ( #1284, #3502 ) ;
#1985 = CIRCLE ( 'NONE', #3002, 6.450000000000001066 ) ;
#1986 = DIRECTION ( 'NONE',  ( -0.000000000000000000, -1.000000000000000000, -0.000000000000000000 ) ) ;
#1987 = PLANE ( 'NONE',  #2379 ) ;
#1988 = CALENDAR_DATE ( 2026, 9, 6 ) ;
#1989 = CARTESIAN_POINT ( 'NONE',  ( 70.00000000000008527, -745.0000000000000000, 527.0000000000000000 ) ) ;
#1990 = EDGE_LOOP ( 'NONE', ( #1398, #514, #1839, #4314 ) ) ;
#1991 = CARTESIAN_POINT ( 'NONE',  ( 15.90000000000000036, -142.7500000000000000, 586.0000000000001137 ) ) ;
#1992 = CYLINDRICAL_SURFACE ( 'NONE', #2208, 5.049999999999998934 ) ;
#1993 = ADVANCED_FACE ( 'NONE', ( #1436 ), #2773, .T. ) ;
#1994 = AXIS2_PLACEMENT_3D ( 'NONE', #508, #4635, #4256 ) ;
#1995 = ORIENTED_EDGE ( 'NONE', *, *, #4028, .F. ) ;
#1996 = FACE_OUTER_BOUND ( 'NONE', #1242, .T. ) ;
#1997 = ORIENTED_EDGE ( 'NONE', *, *, #177, .T. ) ;
#1998 = AXIS2_PLACEMENT_3D ( 'NONE', #3350, #1111, #3769 ) ;
#1999 = FACE_OUTER_BOUND ( 'NONE', #4634, .T. ) ;
#2000 = CARTESIAN_POINT ( 'NONE',  ( 449.0000000000001137, 343.5000000000000000, 0.000000000000000000 ) ) ;
#2001 = CARTESIAN_POINT ( 'NONE',  ( 13.20000000000000817, -93.24999999999998579, 586.8000000000001819 ) ) ;
#2002 = FACE_OUTER_BOUND ( 'NONE', #2449, .T. ) ;
#2003 = DIRECTION ( 'NONE',  ( 0.000000000000000000, 0.000000000000000000, 1.000000000000000000 ) ) ;
#2004 = CIRCLE ( 'NONE', #2382, 27.00000000000000355 ) ;
#2005 = DIRECTION ( 'NONE',  ( 1.692041008378287011E-16, -1.000000000000000000, -8.487818499129737732E-17 ) ) ;
#2006 = EDGE_CURVE ( 'NONE', #3965, #1062, #448, .T. ) ;
#2007 = ORIENTED_EDGE ( 'NONE', *, *, #4192, .T. ) ;
#2008 = LINE ( 'NONE', #453, #1017 ) ;
#2009 = LINE ( 'NONE', #1354, #3778 ) ;
#2010 = ADVANCED_FACE ( 'NONE', ( #1087, #3313 ), #3341, .F. ) ;
#2011 = LINE ( 'NONE', #1124, #2881 ) ;
#2012 = VECTOR ( 'NONE', #1502, 1000.000000000000000 ) ;
#2013 = VECTOR ( 'NONE', #4637, 1000.000000000000000 ) ;
#2014 = EDGE_CURVE ( 'NONE', #4143, #1841, #3842, .T. ) ;
#2015 = CARTESIAN_POINT ( 'NONE',  ( 30.00000000000000711, -57.00000000000000711, 570.0000000000001137 ) ) ;
#2016 = APPROVAL ( #3376, 'UNKNOWN' ) ;
#2017 = DIRECTION ( 'NONE',  ( -0.000000000000000000, 1.000000000000000000, -0.000000000000000000 ) ) ;
#2018 = LINE ( 'NONE', #1338, #904 ) ;
#2019 = ADVANCED_FACE ( 'NONE', ( #630 ), #3416, .F. ) ;
#2020 = PLANE ( 'NONE',  #73 ) ;
#2021 = EDGE_CURVE ( 'NONE', #2171, #1890, #334, .T. ) ;
#2022 = EDGE_CURVE ( 'NONE', #1377, #3884, #2316, .T. ) ;
#2023 = DIRECTION ( 'NONE',  ( 1.000000000000000000, 0.000000000000000000, 0.000000000000000000 ) ) ;
#2024 = ORIENTED_EDGE ( 'NONE', *, *, #1559, .F. ) ;
#2025 = CARTESIAN_POINT ( 'NONE',  ( 886.8000000000002956, -679.7499999999998863, 594.8000000000001819 ) ) ;
#2026 = ORIENTED_EDGE ( 'NONE', *, *, #2277, .T. ) ;
#2027 = CYLINDRICAL_SURFACE ( 'NONE', #636, 5.000000000000000888 ) ;
#2028 = EDGE_LOOP ( 'NONE', ( #4504, #3689 ) ) ;
#2029 = CARTESIAN_POINT ( 'NONE',  ( 70.00000000000008527, -745.0000000000000000, 473.0000000000000000 ) ) ;
#2030 = AXIS2_PLACEMENT_3D ( 'NONE', #4350, #3245, #274 ) ;
#2031 = ADVANCED_FACE ( 'NONE', ( #4195 ), #2830, .T. ) ;
#2032 = CARTESIAN_POINT ( 'NONE',  ( 5.200000000000006395, -142.7500000000000000, 570.0000000000001137 ) ) ;
#2033 = AXIS2_PLACEMENT_3D ( 'NONE', #1715, #3981, #1933 ) ;
#2034 = CARTESIAN_POINT ( 'NONE',  ( 0.000000000000000000, 0.000000000000000000, 0.000000000000000000 ) ) ;
#2035 = VERTEX_POINT ( 'NONE', #451 ) ;
#2036 = VERTEX_POINT ( 'NONE', #1896 ) ;
#2037 = CARTESIAN_POINT ( 'NONE',  ( 15.90000000000005720, -562.5000000000004547, 20.90000000000000213 ) ) ;
#2038 = CALENDAR_DATE ( 2026, 9, 6 ) ;
#2039 = EDGE_CURVE ( 'NONE', #4750, #4426, #2205, .T. ) ;
#2040 = CARTESIAN_POINT ( 'NONE',  ( 878.0000000000002274, -679.7499999999998863, 594.8000000000001819 ) ) ;
#2041 = ADVANCED_FACE ( 'NONE', ( #2608 ), #2667, .T. ) ;
#2042 = LINE ( 'NONE', #4682, #4579 ) ;
#2043 = PRODUCT_DEFINITION ( '未知', '', #3141, #1666 ) ;
#2044 = CALENDAR_DATE ( 2026, 9, 6 ) ;
#2045 = DIRECTION ( 'NONE',  ( 0.000000000000000000, -0.000000000000000000, -1.000000000000000000 ) ) ;
#2046 = EDGE_CURVE ( 'NONE', #2214, #3797, #1784, .T. ) ;
#2047 = CARTESIAN_POINT ( 'NONE',  ( 830.0000000000001137, -785.0000000000000000, 70.00000000000000000 ) ) ;
#2048 = DIRECTION ( 'NONE',  ( 0.000000000000000000, 0.000000000000000000, 1.000000000000000000 ) ) ;
#2049 = EDGE_LOOP ( 'NONE', ( #4267, #313, #913, #4744 ) ) ;
#2050 = PERSON_AND_ORGANIZATION ( #1608, #3702 ) ;
#2051 = DIRECTION ( 'NONE',  ( 1.000000000000000000, 0.000000000000000000, 0.000000000000000000 ) ) ;
#2052 = CIRCLE ( 'NONE', #847, 5.000000000000000888 ) ;
#2053 =( LENGTH_UNIT ( ) NAMED_UNIT ( * ) SI_UNIT ( .MILLI., .METRE. ) );
#2054 = CARTESIAN_POINT ( 'NONE',  ( 870.0000000000000000, -57.00000000000000000, 570.0000000000001137 ) ) ;
#2055 = ORIENTED_EDGE ( 'NONE', *, *, #2236, .F. ) ;
#2056 = CARTESIAN_POINT ( 'NONE',  ( 830.0000000000001137, -745.0000000000000000, 70.00000000000000000 ) ) ;
#2057 = VECTOR ( 'NONE', #1115, 1000.000000000000000 ) ;
#2058 = DIRECTION ( 'NONE',  ( 0.000000000000000000, 0.000000000000000000, -1.000000000000000000 ) ) ;
#2059 = DIRECTION ( 'NONE',  ( 0.000000000000000000, 0.000000000000000000, 1.000000000000000000 ) ) ;
#2060 = ADVANCED_FACE ( 'NONE', ( #1202, #148 ), #2342, .F. ) ;
#2061 = AXIS2_PLACEMENT_3D ( 'NONE', #3238, #491, #4664 ) ;
#2062 = ORIENTED_EDGE ( 'NONE', *, *, #3019, .T. ) ;
#2063 = FACE_OUTER_BOUND ( 'NONE', #2154, .T. ) ;
#2064 = FACE_OUTER_BOUND ( 'NONE', #3214, .T. ) ;
#2065 = VERTEX_POINT ( 'NONE', #3852 ) ;
#2066 = DIRECTION ( 'NONE',  ( 0.000000000000000000, 0.000000000000000000, 1.000000000000000000 ) ) ;
#2067 = VECTOR ( 'NONE', #1265, 1000.000000000000000 ) ;
#2068 = CARTESIAN_POINT ( 'NONE',  ( 830.0000000000001137, -785.0000000000000000, 480.0000000000000568 ) ) ;
#2069 = LINE ( 'NONE', #2913, #13 ) ;
#2070 = DIRECTION ( 'NONE',  ( 1.000000000000000000, 0.000000000000000000, 0.000000000000000000 ) ) ;
#2071 = ORIENTED_EDGE ( 'NONE', *, *, #723, .F. ) ;
#2072 = CARTESIAN_POINT ( 'NONE',  ( 15.90000000000005720, 342.0000000000000000, 15.90000000000000036 ) ) ;
#2073 = LINE ( 'NONE', #4811, #3010 ) ;
#2074 = LINE ( 'NONE', #1267, #331 ) ;
#2075 = DIRECTION ( 'NONE',  ( 1.000000000000000000, 0.000000000000000000, 0.000000000000000000 ) ) ;
#2076 = EDGE_CURVE ( 'NONE', #1689, #3797, #2018, .T. ) ;
#2077 = CARTESIAN_POINT ( 'NONE',  ( 889.1499999999999773, -93.24999999999987210, 586.0000000000001137 ) ) ;
#2078 = DIRECTION ( 'NONE',  ( 1.000000000000000000, -0.000000000000000000, -0.000000000000000000 ) ) ;
#2079 = VECTOR ( 'NONE', #1627, 1000.000000000000000 ) ;
#2080 = CC_DESIGN_APPROVAL ( #3393, ( #3141 ) ) ;
#2081 = EDGE_CURVE ( 'NONE', #944, #1060, #3730, .T. ) ;
#2082 = DIRECTION ( 'NONE',  ( -0.000000000000000000, 1.000000000000000000, -0.000000000000000000 ) ) ;
#2083 = ORIENTED_EDGE ( 'NONE', *, *, #3622, .T. ) ;
#2084 = VECTOR ( 'NONE', #2301, 1000.000000000000000 ) ;
#2085 = DIRECTION ( 'NONE',  ( -0.000000000000000000, 1.000000000000000000, -0.000000000000000000 ) ) ;
#2086 = CARTESIAN_POINT ( 'NONE',  ( 830.0000000000001137, -785.0000000000000000, 97.00000000000000000 ) ) ;
#2087 = EDGE_CURVE ( 'NONE', #58, #2409, #4790, .T. ) ;
#2088 = EDGE_CURVE ( 'NONE', #1074, #780, #3897, .T. ) ;
#2089 = APPLICATION_PROTOCOL_DEFINITION ( 'international standard', 'config_control_design', 1994, #3540 ) ;
#2090 = CARTESIAN_POINT ( 'NONE',  ( 840.0000000000001137, -142.0000000000000000, 100.9999999999999858 ) ) ;
#2091 = ORIENTED_EDGE ( 'NONE', *, *, #1885, .F. ) ;
#2092 = DIRECTION ( 'NONE',  ( 0.000000000000000000, 0.000000000000000000, -1.000000000000000000 ) ) ;
#2093 = DIRECTION ( 'NONE',  ( -2.745500257537979014E-16, 1.000000000000000000, 0.000000000000000000 ) ) ;
#2094 = ADVANCED_FACE ( 'NONE', ( #4081, #1845 ), #1987, .T. ) ;
#2095 = EDGE_LOOP ( 'NONE', ( #4001, #250, #4168, #2906 ) ) ;
#2096 = CARTESIAN_POINT ( 'NONE',  ( 30.00000000000016698, -57.00000000000000000, 2.000000000000000000 ) ) ;
#2097 = VERTEX_POINT ( 'NONE', #1593 ) ;
#2098 = VERTEX_POINT ( 'NONE', #1960 ) ;
#2099 = VERTEX_POINT ( 'NONE', #481 ) ;
#2100 = ADVANCED_FACE ( 'NONE', ( #91, #1727 ), #1609, .F. ) ;
#2101 = CARTESIAN_POINT ( 'NONE',  ( 15.90000000000000036, -630.2500000000001137, 586.0000000000001137 ) ) ;
#2102 = LOCAL_TIME ( 10, 26, 38.00000000000000000, #3563 ) ;
#2103 = DIRECTION ( 'NONE',  ( 0.000000000000000000, 0.000000000000000000, -1.000000000000000000 ) ) ;
#2104 = ORIENTED_EDGE ( 'NONE', *, *, #4128, .T. ) ;
#2105 = COORDINATED_UNIVERSAL_TIME_OFFSET ( 8, 0, .AHEAD. ) ;
#2106 = FACE_BOUND ( 'NONE', #3762, .T. ) ;
#2107 = CARTESIAN_POINT ( 'NONE',  ( 70.00000000000004263, -57.00000000000000711, 570.0000000000001137 ) ) ;
#2108 = EDGE_CURVE ( 'NONE', #4440, #343, #3603, .T. ) ;
#2109 = ORIENTED_EDGE ( 'NONE', *, *, #2081, .T. ) ;
#2110 = ORIENTED_EDGE ( 'NONE', *, *, #3808, .F. ) ;
#2111 = CARTESIAN_POINT ( 'NONE',  ( 33.00000000000005684, -293.5000000000000000, 0.000000000000000000 ) ) ;
#2112 = EDGE_LOOP ( 'NONE', ( #909, #582 ) ) ;
#2113 = EDGE_CURVE ( 'NONE', #4035, #2672, #3788, .T. ) ;
#2114 = CARTESIAN_POINT ( 'NONE',  ( 8.500145032286354763E-14, 293.5000000000000000, 15.00000000000000000 ) ) ;
#2115 = DIRECTION ( 'NONE',  ( 0.000000000000000000, 0.000000000000000000, -1.000000000000000000 ) ) ;
#2116 = DIRECTION ( 'NONE',  ( 0.000000000000000000, 1.000000000000000000, 0.000000000000000000 ) ) ;
#2117 = ORIENTED_EDGE ( 'NONE', *, *, #1651, .T. ) ;
#2118 = ADVANCED_FACE ( 'NONE', ( #2717 ), #1376, .F. ) ;
#2119 = DIRECTION ( 'NONE',  ( 2.745500257537979014E-16, -1.000000000000000000, -0.000000000000000000 ) ) ;
#2120 = FACE_OUTER_BOUND ( 'NONE', #1785, .T. ) ;
#2121 = PLANE ( 'NONE',  #973 ) ;
#2122 = DIRECTION ( 'NONE',  ( 2.745500257537979014E-16, -1.000000000000000000, -0.000000000000000000 ) ) ;
#2123 = CIRCLE ( 'NONE', #1813, 6.500000000000005329 ) ;
#2124 = FACE_OUTER_BOUND ( 'NONE', #1942, .T. ) ;
#2125 = EDGE_LOOP ( 'NONE', ( #3866, #3680, #4547, #1337 ) ) ;
#2126 = LINE ( 'NONE', #1514, #498 ) ;
#2127 = VECTOR ( 'NONE', #336, 1000.000000000000000 ) ;
#2128 = CARTESIAN_POINT ( 'NONE',  ( 28.00000000000005684, 293.5000000000000000, 27.00000000000000000 ) ) ;
#2129 = AXIS2_PLACEMENT_3D ( 'NONE', #3015, #4170, #2299 ) ;
#2130 = CIRCLE ( 'NONE', #2129, 19.99999999999996092 ) ;
#2131 = CARTESIAN_POINT ( 'NONE',  ( 15.90000000000005720, -342.0000000000000000, 15.90000000000000036 ) ) ;
#2132 = CIRCLE ( 'NONE', #1691, 5.000000000000000888 ) ;
#2133 = DIRECTION ( 'NONE',  ( 1.000000000000000000, 0.000000000000000000, -1.137523590804461357E-16 ) ) ;
#2134 = LINE ( 'NONE', #2862, #4190 ) ;
#2135 = ORIENTED_EDGE ( 'NONE', *, *, #3817, .F. ) ;
#2136 = AXIS2_PLACEMENT_3D ( 'NONE', #3734, #4476, #1489 ) ;
#2137 = ORIENTED_EDGE ( 'NONE', *, *, #3549, .T. ) ;
#2138 = CARTESIAN_POINT ( 'NONE',  ( 830.0000000000001137, 0.000000000000000000, 110.9999999999999858 ) ) ;
#2139 = EDGE_CURVE ( 'NONE', #1806, #2219, #1434, .T. ) ;
#2140 = VECTOR ( 'NONE', #216, 1000.000000000000000 ) ;
#2141 = DIRECTION ( 'NONE',  ( -0.000000000000000000, 1.000000000000000000, -0.000000000000000000 ) ) ;
#2142 = CC_DESIGN_APPROVAL ( #4605, ( #3336 ) ) ;
#2143 = ORIENTED_EDGE ( 'NONE', *, *, #4826, .T. ) ;
#2144 = ADVANCED_FACE ( 'NONE', ( #1022 ), #2423, .F. ) ;
#2145 = DIRECTION ( 'NONE',  ( 1.705411712173819993E-16, -1.000000000000000000, 0.000000000000000000 ) ) ;
#2146 = CARTESIAN_POINT ( 'NONE',  ( 4.000000000000017764, 4.898587196589433536E-16, 120.0000000000000000 ) ) ;
#2147 = EDGE_CURVE ( 'NONE', #4035, #3404, #84, .T. ) ;
#2148 = ORIENTED_EDGE ( 'NONE', *, *, #2335, .F. ) ;
#2149 = VECTOR ( 'NONE', #1086, 1000.000000000000000 ) ;
#2150 = VECTOR ( 'NONE', #3230, 1000.000000000000000 ) ;
#2151 = DIRECTION ( 'NONE',  ( -0.000000000000000000, 0.000000000000000000, -1.000000000000000000 ) ) ;
#2152 = CARTESIAN_POINT ( 'NONE',  ( 69.99999999999998579, 0.000000000000000000, 110.9999999999999858 ) ) ;
#2153 = DIRECTION ( 'NONE',  ( -0.000000000000000000, 1.000000000000000000, -0.000000000000000000 ) ) ;
#2154 = EDGE_LOOP ( 'NONE', ( #1437, #7, #3321, #2071 ) ) ;
#2155 = DIRECTION ( 'NONE',  ( 0.000000000000000000, -1.000000000000000000, 0.000000000000000000 ) ) ;
#2156 = APPROVAL_STATUS ( 'not_yet_approved' ) ;
#2157 = CARTESIAN_POINT ( 'NONE',  ( 15.90000000000005720, -562.5000000000004547, 15.90000000000000036 ) ) ;
#2158 = ORIENTED_EDGE ( 'NONE', *, *, #4072, .F. ) ;
#2159 = VERTEX_POINT ( 'NONE', #2077 ) ;
#2160 = CARTESIAN_POINT ( 'NONE',  ( 30.00000000000008527, -708.0000000000000000, 570.0000000000001137 ) ) ;
#2161 = PERSON_AND_ORGANIZATION ( #1639, #356 ) ;
#2162 = ORIENTED_EDGE ( 'NONE', *, *, #3784, .F. ) ;
#2163 = ORIENTED_EDGE ( 'NONE', *, *, #1085, .T. ) ;
#2164 = DIRECTION ( 'NONE',  ( 0.000000000000000000, 1.000000000000000000, 0.000000000000000000 ) ) ;
#2165 = ORIENTED_EDGE ( 'NONE', *, *, #4546, .F. ) ;
#2166 = ORIENTED_EDGE ( 'NONE', *, *, #2076, .T. ) ;
#2167 = CIRCLE ( 'NONE', #3402, 5.049999999999998934 ) ;
#2168 = DIRECTION ( 'NONE',  ( 0.000000000000000000, -1.000000000000000000, 0.000000000000000000 ) ) ;
#2169 = CARTESIAN_POINT ( 'NONE',  ( 15.00000000000008527, 343.5000000000000000, 0.000000000000000000 ) ) ;
#2170 = DATE_AND_TIME ( #529, #3100 ) ;
#2171 = VERTEX_POINT ( 'NONE', #1747 ) ;
#2172 = PERSON_AND_ORGANIZATION ( #1608, #3702 ) ;
#2173 = EDGE_CURVE ( 'NONE', #3027, #3810, #3475, .T. ) ;
#2174 = ORIENTED_EDGE ( 'NONE', *, *, #1860, .F. ) ;
#2175 = DATE_TIME_ROLE ( 'classification_date' ) ;
#2176 = DIRECTION ( 'NONE',  ( 1.000000000000000000, 0.000000000000000000, 0.000000000000000000 ) ) ;
#2177 = ORIENTED_EDGE ( 'NONE', *, *, #3580, .F. ) ;
#2178 = VERTEX_POINT ( 'NONE', #996 ) ;
#2179 = ADVANCED_FACE ( 'NONE', ( #3248 ), #1374, .T. ) ;
#2180 = EDGE_CURVE ( 'NONE', #590, #3033, #1083, .T. ) ;
#2181 = EDGE_LOOP ( 'NONE', ( #2387, #2317 ) ) ;
#2182 = DIRECTION ( 'NONE',  ( -0.000000000000000000, 1.000000000000000000, -0.000000000000000000 ) ) ;
#2183 = VECTOR ( 'NONE', #2235, 1000.000000000000000 ) ;
#2184 = VECTOR ( 'NONE', #3064, 1000.000000000000000 ) ;
#2185 = PLANE ( 'NONE',  #1935 ) ;
#2186 = DIRECTION ( 'NONE',  ( 2.745500257537979014E-16, -1.000000000000000000, -0.000000000000000000 ) ) ;
#2187 = ORIENTED_EDGE ( 'NONE', *, *, #805, .F. ) ;
#2188 = FACE_OUTER_BOUND ( 'NONE', #3834, .T. ) ;
#2189 = FACE_BOUND ( 'NONE', #2112, .T. ) ;
#2190 = DIRECTION ( 'NONE',  ( 0.000000000000000000, 0.000000000000000000, 1.000000000000000000 ) ) ;
#2191 = ORIENTED_EDGE ( 'NONE', *, *, #4865, .T. ) ;
#2192 = CARTESIAN_POINT ( 'NONE',  ( 28.00000000000005684, -243.5000000000000000, 27.00000000000000000 ) ) ;
#2193 = FACE_OUTER_BOUND ( 'NONE', #1917, .T. ) ;
#2194 = LINE ( 'NONE', #4085, #202 ) ;
#2195 = APPROVAL_STATUS ( 'not_yet_approved' ) ;
#2196 = DIRECTION ( 'NONE',  ( -0.000000000000000000, 1.000000000000000000, -0.000000000000000000 ) ) ;
#2197 = AXIS2_PLACEMENT_3D ( 'NONE', #3606, #1367, #2981 ) ;
#2198 = DIRECTION ( 'NONE',  ( -1.520853458390625560E-16, 1.000000000000000000, -0.000000000000000000 ) ) ;
#2199 = ORIENTED_EDGE ( 'NONE', *, *, #3580, .T. ) ;
#2200 = FACE_OUTER_BOUND ( 'NONE', #4614, .T. ) ;
#2201 = FACE_OUTER_BOUND ( 'NONE', #708, .T. ) ;
#2202 = CARTESIAN_POINT ( 'NONE',  ( 70.00000000000008527, -785.0000000000000000, 480.0000000000000000 ) ) ;
#2203 = ADVANCED_FACE ( 'NONE', ( #2492 ), #445, .F. ) ;
#2204 = CARTESIAN_POINT ( 'NONE',  ( 878.0000000000002274, -630.2499999999998863, 594.8000000000001819 ) ) ;
#2205 = LINE ( 'NONE', #2647, #4727 ) ;
#2206 = VERTEX_POINT ( 'NONE', #979 ) ;
#2207 = VECTOR ( 'NONE', #2503, 1000.000000000000000 ) ;
#2208 = AXIS2_PLACEMENT_3D ( 'NONE', #4244, #1986, #480 ) ;
#2209 = EDGE_LOOP ( 'NONE', ( #1385, #3720, #2117, #533 ) ) ;
#2210 = ORIENTED_EDGE ( 'NONE', *, *, #2726, .T. ) ;
#2211 = EDGE_CURVE ( 'NONE', #3581, #3904, #1670, .T. ) ;
#2212 = DIRECTION ( 'NONE',  ( 2.745500257537979014E-16, -1.000000000000000000, -0.000000000000000000 ) ) ;
#2213 = CC_DESIGN_SECURITY_CLASSIFICATION ( #1019, ( #4877 ) ) ;
#2214 = VERTEX_POINT ( 'NONE', #1355 ) ;
#2215 = CARTESIAN_POINT ( 'NONE',  ( 900.0000000000000000, 0.000000000000000000, 0.000000000000000000 ) ) ;
#2216 = EDGE_CURVE ( 'NONE', #3543, #1879, #4308, .T. ) ;
#2217 = CARTESIAN_POINT ( 'NONE',  ( 830.0000000000001137, -800.0000000000000000, 500.0000000000000000 ) ) ;
#2218 = ORIENTED_EDGE ( 'NONE', *, *, #3119, .F. ) ;
#2219 = VERTEX_POINT ( 'NONE', #4360 ) ;
#2220 = DIRECTION ( 'NONE',  ( 0.000000000000000000, 0.000000000000000000, -1.000000000000000000 ) ) ;
#2221 = ORIENTED_EDGE ( 'NONE', *, *, #1264, .T. ) ;
#2222 = ADVANCED_FACE ( 'NONE', ( #4374 ), #2851, .T. ) ;
#2223 = DIRECTION ( 'NONE',  ( 1.000000000000000000, 1.225764668124932819E-16, -0.000000000000000000 ) ) ;
#2224 = ORIENTED_EDGE ( 'NONE', *, *, #3745, .F. ) ;
#2225 = APPROVAL_ROLE ( '' ) ;
#2226 = CARTESIAN_POINT ( 'NONE',  ( 22.00000000000001066, -142.7500000000000000, 586.8000000000001819 ) ) ;
#2227 = LOCAL_TIME ( 10, 26, 38.00000000000000000, #3217 ) ;
#2228 = EDGE_LOOP ( 'NONE', ( #1419, #3051, #809, #1473, #2280, #2719 ) ) ;
#2229 = CARTESIAN_POINT ( 'NONE',  ( 70.00000000000002842, -132.0000000000000000, 475.0000000000001137 ) ) ;
#2230 = LOCAL_TIME ( 10, 26, 38.00000000000000000, #3998 ) ;
#2231 = CARTESIAN_POINT ( 'NONE',  ( 830.0000000000001137, -800.0000000000000000, 97.00000000000000000 ) ) ;
#2232 = EDGE_LOOP ( 'NONE', ( #3092, #1636, #2158, #3686 ) ) ;
#2233 = CARTESIAN_POINT ( 'NONE',  ( 33.00000000000005684, -293.5000000000000000, 22.00000000000000000 ) ) ;
#2234 = APPROVAL_PERSON_ORGANIZATION ( #4228, #3845, #1730 ) ;
#2235 = DIRECTION ( 'NONE',  ( -0.000000000000000000, -0.000000000000000000, -1.000000000000000000 ) ) ;
#2236 = EDGE_CURVE ( 'NONE', #1277, #2178, #2074, .T. ) ;
#2237 = CARTESIAN_POINT ( 'NONE',  ( 70.00000000000009948, -745.0000000000000000, 43.00000000000000000 ) ) ;
#2238 = CARTESIAN_POINT ( 'NONE',  ( 15.90000000000000036, -679.7500000000001137, 580.9500000000000455 ) ) ;
#2239 = PRODUCT_DEFINITION ( '未知', '', #3583, #171 ) ;
#2240 = ORIENTED_EDGE ( 'NONE', *, *, #177, .F. ) ;
#2241 = CARTESIAN_POINT ( 'NONE',  ( 69.99999999999998579, 0.000000000000000000, 110.9999999999999858 ) ) ;
#2242 = CIRCLE ( 'NONE', #4569, 19.99999999999996092 ) ;
#2243 = DIRECTION ( 'NONE',  ( 0.000000000000000000, 0.000000000000000000, -1.000000000000000000 ) ) ;
#2244 = VERTEX_POINT ( 'NONE', #2765 ) ;
#2245 = EDGE_CURVE ( 'NONE', #1005, #2959, #3364, .T. ) ;
#2246 = CARTESIAN_POINT ( 'NONE',  ( 870.0000000000000000, -57.00000000000000000, 20.00000000000001776 ) ) ;
#2247 = DIRECTION ( 'NONE',  ( 1.000000000000000000, 0.000000000000000000, 0.000000000000000000 ) ) ;
#2248 = LINE ( 'NONE', #2731, #1311 ) ;
#2249 = EDGE_LOOP ( 'NONE', ( #3524, #2024 ) ) ;
#2250 = CYLINDRICAL_SURFACE ( 'NONE', #4596, 8.000000000000007105 ) ;
#2251 = CARTESIAN_POINT ( 'NONE',  ( 0.000000000000000000, 0.000000000000000000, 0.000000000000000000 ) ) ;
#2252 = EDGE_LOOP ( 'NONE', ( #4278, #4867 ) ) ;
#2253 = VECTOR ( 'NONE', #834, 1000.000000000000000 ) ;
#2254 = ADVANCED_BREP_SHAPE_REPRESENTATION ( '', ( #90, #4449 ), #1700 ) ;
#2255 = VECTOR ( 'NONE', #279, 1000.000000000000000 ) ;
#2256 = CARTESIAN_POINT ( 'NONE',  ( 33.00000000000005684, 293.5000000000000000, 22.00000000000000000 ) ) ;
#2257 = LINE ( 'NONE', #188, #1257 ) ;
#2258 = FACE_OUTER_BOUND ( 'NONE', #36, .T. ) ;
#2259 = VECTOR ( 'NONE', #4236, 1000.000000000000000 ) ;
#2260 = ORIENTED_EDGE ( 'NONE', *, *, #497, .T. ) ;
#2261 = CARTESIAN_POINT ( 'NONE',  ( 15.90000000000005720, 342.0000000000000000, 15.90000000000000036 ) ) ;
#2262 = CARTESIAN_POINT ( 'NONE',  ( 870.0000000000000000, -57.00000000000000000, 2.000000000000000000 ) ) ;
#2263 = DIRECTION ( 'NONE',  ( -1.000000000000000000, 0.000000000000000000, -0.000000000000000000 ) ) ;
#2264 = DIRECTION ( 'NONE',  ( -0.000000000000000000, 0.000000000000000000, 1.000000000000000000 ) ) ;
#2265 = DIRECTION ( 'NONE',  ( 0.000000000000000000, 1.000000000000000000, 0.000000000000000000 ) ) ;
#2266 = VERTEX_POINT ( 'NONE', #1256 ) ;
#2267 = EDGE_CURVE ( 'NONE', #310, #2097, #270, .T. ) ;
#2268 = EDGE_LOOP ( 'NONE', ( #1745, #2848, #1185, #355, #68, #3970 ) ) ;
#2269 = DIRECTION ( 'NONE',  ( 0.000000000000000000, 0.000000000000000000, -1.000000000000000000 ) ) ;
#2270 = CARTESIAN_POINT ( 'NONE',  ( 70.00000000000008527, -745.0000000000000000, 500.0000000000000000 ) ) ;
#2271 = EDGE_CURVE ( 'NONE', #4570, #418, #506, .T. ) ;
#2272 = VERTEX_POINT ( 'NONE', #3859 ) ;
#2273 = ORIENTED_EDGE ( 'NONE', *, *, #3480, .T. ) ;
#2274 = CARTESIAN_POINT ( 'NONE',  ( 22.00000000000001066, -679.7500000000001137, 586.8000000000001819 ) ) ;
#2275 = CC_DESIGN_APPROVAL ( #3451, ( #3210 ) ) ;
#2276 = CARTESIAN_POINT ( 'NONE',  ( 8.523541722065577671E-14, -293.5000000000000000, 30.00000000000000000 ) ) ;
#2277 = EDGE_CURVE ( 'NONE', #4807, #2035, #2373, .T. ) ;
#2278 = EDGE_CURVE ( 'NONE', #2385, #391, #3307, .T. ) ;
#2279 = ITEM_DEFINED_TRANSFORMATION ( 'NONE', 'NONE', #980,  #4449 ) ;
#2280 = ORIENTED_EDGE ( 'NONE', *, *, #3139, .T. ) ;
#2281 = ORIENTED_EDGE ( 'NONE', *, *, #4192, .F. ) ;
#2282 = ORIENTED_EDGE ( 'NONE', *, *, #3119, .T. ) ;
#2283 = ORIENTED_EDGE ( 'NONE', *, *, #3617, .F. ) ;
#2284 = DIRECTION ( 'NONE',  ( -1.032573497605233226E-16, -2.834930803602059547E-32, 1.000000000000000000 ) ) ;
#2285 = DATE_AND_TIME ( #2038, #878 ) ;
#2286 = DIRECTION ( 'NONE',  ( 0.000000000000000000, 1.000000000000000000, 0.000000000000000000 ) ) ;
#2287 = ORIENTED_EDGE ( 'NONE', *, *, #398, .T. ) ;
#2288 = CALENDAR_DATE ( 2026, 9, 6 ) ;
#2289 = ORIENTED_EDGE ( 'NONE', *, *, #4486, .F. ) ;
#2290 = PLANE ( 'NONE',  #1068 ) ;
#2291 = ORIENTED_EDGE ( 'NONE', *, *, #1262, .F. ) ;
#2292 = AXIS2_PLACEMENT_3D ( 'NONE', #1132, #29, #2247 ) ;
#2293 = CARTESIAN_POINT ( 'NONE',  ( 15.90000000000005720, 243.5000000000000568, 15.90000000000000036 ) ) ;
#2294 = ORIENTED_EDGE ( 'NONE', *, *, #4257, .T. ) ;
#2295 = AXIS2_PLACEMENT_3D ( 'NONE', #4226, #464, #3431 ) ;
#2296 = DIRECTION ( 'NONE',  ( -0.000000000000000000, 1.000000000000000000, -0.000000000000000000 ) ) ;
#2297 = ORIENTED_EDGE ( 'NONE', *, *, #1595, .T. ) ;
#2298 = VECTOR ( 'NONE', #2078, 1000.000000000000000 ) ;
#2299 = DIRECTION ( 'NONE',  ( 0.000000000000000000, 0.000000000000000000, -1.000000000000000000 ) ) ;
#2300 = EDGE_CURVE ( 'NONE', #2099, #521, #1142, .T. ) ;
#2301 = DIRECTION ( 'NONE',  ( 0.000000000000000000, -1.000000000000000000, 0.000000000000000000 ) ) ;
#2302 = ORIENTED_EDGE ( 'NONE', *, *, #3872, .F. ) ;
#2303 = VECTOR ( 'NONE', #3412, 1000.000000000000000 ) ;
#2304 = CC_DESIGN_DATE_AND_TIME_ASSIGNMENT ( #3694, #698, ( #1080 ) ) ;
#2305 = DIRECTION ( 'NONE',  ( 0.000000000000000000, 0.000000000000000000, -1.000000000000000000 ) ) ;
#2306 = LINE ( 'NONE', #2393, #3061 ) ;
#2307 = CARTESIAN_POINT ( 'NONE',  ( 15.90000000000005720, -562.5000000000004547, 15.90000000000000036 ) ) ;
#2308 = EDGE_CURVE ( 'NONE', #780, #2548, #4496, .T. ) ;
#2309 = VECTOR ( 'NONE', #3433, 1000.000000000000000 ) ;
#2310 = DIRECTION ( 'NONE',  ( -0.000000000000000000, 1.000000000000000000, -0.000000000000000000 ) ) ;
#2311 = DIRECTION ( 'NONE',  ( 0.000000000000000000, -0.000000000000000000, 1.000000000000000000 ) ) ;
#2312 = CIRCLE ( 'NONE', #93, 15.00000000000000000 ) ;
#2313 = VECTOR ( 'NONE', #1983, 1000.000000000000000 ) ;
#2314 = DIRECTION ( 'NONE',  ( 0.000000000000000000, 0.000000000000000000, -1.000000000000000000 ) ) ;
#2315 = DIRECTION ( 'NONE',  ( 0.000000000000000000, -1.000000000000000000, 0.000000000000000000 ) ) ;
#2316 = LINE ( 'NONE', #2276, #25 ) ;
#2317 = ORIENTED_EDGE ( 'NONE', *, *, #679, .T. ) ;
#2318 = DIRECTION ( 'NONE',  ( -0.000000000000000000, 1.000000000000000000, -0.000000000000000000 ) ) ;
#2319 = PRODUCT_DEFINITION_SHAPE ( 'NONE', 'NONE',  #3483 ) ;
#2320 = DIRECTION ( 'NONE',  ( -1.000000000000000000, -1.224646799147353454E-16, -0.000000000000000000 ) ) ;
#2321 = DIRECTION ( 'NONE',  ( 0.000000000000000000, -0.000000000000000000, 1.000000000000000000 ) ) ;
#2322 = PERSON ( 'NAUO-PER5', 'UNSPECIFIED', 'UNSPECIFIED', ('UNSPECIFIED'), ('UNSPECIFIED'), ('UNSPECIFIED') ) ;
#2323 = AXIS2_PLACEMENT_3D ( 'NONE', #1605, #123, #1623 ) ;
#2324 = ORIENTED_EDGE ( 'NONE', *, *, #1450, .F. ) ;
#2325 = VECTOR ( 'NONE', #2612, 1000.000000000000000 ) ;
#2326 = DIRECTION ( 'NONE',  ( 0.000000000000000000, -1.000000000000000000, 0.000000000000000000 ) ) ;
#2327 = ORIENTED_EDGE ( 'NONE', *, *, #1521, .F. ) ;
#2328 = EDGE_CURVE ( 'NONE', #1181, #3476, #4253, .T. ) ;
#2329 = ORIENTED_EDGE ( 'NONE', *, *, #548, .F. ) ;
#2330 = DIRECTION ( 'NONE',  ( -0.000000000000000000, 1.000000000000000000, -0.000000000000000000 ) ) ;
#2331 = CARTESIAN_POINT ( 'NONE',  ( 15.90000000000005720, 343.5000000000000000, 9.399999999999995026 ) ) ;
#2332 = CC_DESIGN_DATE_AND_TIME_ASSIGNMENT ( #243, #3599, ( #2043 ) ) ;
#2333 = ORIENTED_EDGE ( 'NONE', *, *, #4004, .F. ) ;
#2334 = ORIENTED_EDGE ( 'NONE', *, *, #9, .F. ) ;
#2335 = EDGE_CURVE ( 'NONE', #2099, #4143, #22, .T. ) ;
#2336 = DIRECTION ( 'NONE',  ( 0.000000000000000000, 0.000000000000000000, 1.000000000000000000 ) ) ;
#2337 = ORIENTED_EDGE ( 'NONE', *, *, #1293, .F. ) ;
#2338 = ORIENTED_EDGE ( 'NONE', *, *, #687, .T. ) ;
#2339 = ORIENTED_EDGE ( 'NONE', *, *, #3, .T. ) ;
#2340 = ORIENTED_EDGE ( 'NONE', *, *, #2211, .T. ) ;
#2341 = DATE_AND_TIME ( #406, #4395 ) ;
#2342 = PLANE ( 'NONE',  #1877 ) ;
#2343 = ORIENTED_EDGE ( 'NONE', *, *, #3899, .F. ) ;
#2344 = CARTESIAN_POINT ( 'NONE',  ( 9.184850993605150311E-15, -75.00000000000000000, 546.0000000000000000 ) ) ;
#2345 = CALENDAR_DATE ( 2026, 9, 6 ) ;
#2346 = FACE_OUTER_BOUND ( 'NONE', #4074, .T. ) ;
#2347 = AXIS2_PLACEMENT_3D ( 'NONE', #1517, #3389, #2654 ) ;
#2348 = DATE_AND_TIME ( #3048, #3228 ) ;
#2349 = ORIENTED_EDGE ( 'NONE', *, *, #4454, .F. ) ;
#2350 = PLANE ( 'NONE',  #4850 ) ;
#2351 = DIRECTION ( 'NONE',  ( -1.000000000000000000, -0.000000000000000000, -0.000000000000000000 ) ) ;
#2352 = DIRECTION ( 'NONE',  ( -0.000000000000000000, -0.000000000000000000, -1.000000000000000000 ) ) ;
#2353 = DIRECTION ( 'NONE',  ( -0.000000000000000000, -1.000000000000000000, -0.000000000000000000 ) ) ;
#2354 = ORIENTED_EDGE ( 'NONE', *, *, #3972, .F. ) ;
#2355 = EDGE_CURVE ( 'NONE', #2159, #1097, #1315, .T. ) ;
#2356 = CIRCLE ( 'NONE', #2420, 27.00000000000002487 ) ;
#2357 = DIRECTION ( 'NONE',  ( -0.000000000000000000, 1.000000000000000000, -0.000000000000000000 ) ) ;
#2358 = ORIENTED_EDGE ( 'NONE', *, *, #916, .T. ) ;
#2359 = DIRECTION ( 'NONE',  ( 1.000000000000000000, 2.745500257537979014E-16, 1.032573497605233103E-16 ) ) ;
#2360 = PLANE ( 'NONE',  #3672 ) ;
#2361 = VECTOR ( 'NONE', #918, 1000.000000000000000 ) ;
#2362 = CIRCLE ( 'NONE', #3678, 15.00000000000000000 ) ;
#2363 = EDGE_CURVE ( 'NONE', #3664, #3173, #4137, .T. ) ;
#2364 = EDGE_LOOP ( 'NONE', ( #1351, #98, #4332, #1279 ) ) ;
#2365 = VECTOR ( 'NONE', #4769, 1000.000000000000000 ) ;
#2366 = DIRECTION ( 'NONE',  ( -0.000000000000000000, -1.000000000000000000, -0.000000000000000000 ) ) ;
#2367 = VECTOR ( 'NONE', #3541, 1000.000000000000000 ) ;
#2368 = CARTESIAN_POINT ( 'NONE',  ( 900.0000000000001137, -730.0000000000000000, 570.0000000000001137 ) ) ;
#2369 = LINE ( 'NONE', #3157, #388 ) ;
#2370 = DIRECTION ( 'NONE',  ( 0.000000000000000000, -1.000000000000000000, 0.000000000000000000 ) ) ;
#2371 = LINE ( 'NONE', #1147, #2012 ) ;
#2372 = EDGE_CURVE ( 'NONE', #1045, #590, #561, .T. ) ;
#2373 = LINE ( 'NONE', #2733, #390 ) ;
#2374 = CARTESIAN_POINT ( 'NONE',  ( 0.000000000000000000, 0.000000000000000000, 0.000000000000000000 ) ) ;
#2375 = DIRECTION ( 'NONE',  ( 0.000000000000000000, 0.000000000000000000, 1.000000000000000000 ) ) ;
#2376 = CARTESIAN_POINT ( 'NONE',  ( 28.00000000000005684, -293.5000000000000000, 27.00000000000000000 ) ) ;
#2377 = DIRECTION ( 'NONE',  ( -0.000000000000000000, -1.000000000000000000, -0.000000000000000000 ) ) ;
#2378 = ORIENTED_EDGE ( 'NONE', *, *, #4755, .F. ) ;
#2379 = AXIS2_PLACEMENT_3D ( 'NONE', #1574, #4197, #81 ) ;
#2380 = ADVANCED_FACE ( 'NONE', ( #2201 ), #557, .F. ) ;
#2381 = DIRECTION ( 'NONE',  ( 0.000000000000000000, 0.000000000000000000, -1.000000000000000000 ) ) ;
#2382 = AXIS2_PLACEMENT_3D ( 'NONE', #819, #1191, #3449 ) ;
#2383 = VERTEX_POINT ( 'NONE', #4623 ) ;
#2384 = CARTESIAN_POINT ( 'NONE',  ( 840.0000000000001137, 0.000000000000000000, 485.0000000000000000 ) ) ;
#2385 = VERTEX_POINT ( 'NONE', #2368 ) ;
#2386 = EDGE_CURVE ( 'NONE', #3765, #4440, #3531, .T. ) ;
#2387 = ORIENTED_EDGE ( 'NONE', *, *, #3344, .T. ) ;
#2388 = APPROVAL_DATE_TIME ( #4104, #4636 ) ;
#2389 = CC_DESIGN_PERSON_AND_ORGANIZATION_ASSIGNMENT ( #416, #1858, ( #3007 ) ) ;
#2390 = ORIENTED_EDGE ( 'NONE', *, *, #1109, .F. ) ;
#2391 = ORIENTED_EDGE ( 'NONE', *, *, #629, .T. ) ;
#2392 = ORIENTED_EDGE ( 'NONE', *, *, #958, .F. ) ;
#2393 = CARTESIAN_POINT ( 'NONE',  ( 8.939921633775678437E-14, -730.0000000000000000, 570.0000000000001137 ) ) ;
#2394 = EDGE_CURVE ( 'NONE', #2458, #621, #1500, .T. ) ;
#2395 = ADVANCED_FACE ( 'NONE', ( #4435 ), #1259, .T. ) ;
#2396 = CARTESIAN_POINT ( 'NONE',  ( 900.0000000000001137, -17.99999999999988631, 546.0000000000000000 ) ) ;
#2397 = CALENDAR_DATE ( 2026, 9, 6 ) ;
#2398 = DIRECTION ( 'NONE',  ( 1.423362852083533900E-16, -0.000000000000000000, 1.000000000000000000 ) ) ;
#2399 = FACE_OUTER_BOUND ( 'NONE', #4745, .T. ) ;
#2400 = CARTESIAN_POINT ( 'NONE',  ( 588.9186795112782420, -145.6071428571427191, 407.7000000000000455 ) ) ;
#2401 = LOCAL_TIME ( 10, 26, 38.00000000000000000, #3042 ) ;
#2402 = VERTEX_POINT ( 'NONE', #1755 ) ;
#2403 = PLANE ( 'NONE',  #4621 ) ;
#2404 = ADVANCED_FACE ( 'NONE', ( #685 ), #1780, .T. ) ;
#2405 = AXIS2_PLACEMENT_3D ( 'NONE', #550, #915, #3913 ) ;
#2406 = VERTEX_POINT ( 'NONE', #2841 ) ;
#2407 = ORIENTED_EDGE ( 'NONE', *, *, #3817, .T. ) ;
#2408 = VECTOR ( 'NONE', #2436, 1000.000000000000000 ) ;
#2409 = VERTEX_POINT ( 'NONE', #2114 ) ;
#2410 = AXIS2_PLACEMENT_3D ( 'NONE', #2251, #1, #4166 ) ;
#2411 = LINE ( 'NONE', #2474, #4295 ) ;
#2412 = DIRECTION ( 'NONE',  ( -1.032573497605233103E-16, 0.000000000000000000, -1.000000000000000000 ) ) ;
#2413 = DIRECTION ( 'NONE',  ( 0.000000000000000000, -1.000000000000000000, 0.000000000000000000 ) ) ;
#2414 = ORIENTED_EDGE ( 'NONE', *, *, #2609, .F. ) ;
#2415 = LINE ( 'NONE', #4751, #1831 ) ;
#2416 = VERTEX_POINT ( 'NONE', #1366 ) ;
#2417 = EDGE_CURVE ( 'NONE', #1879, #4231, #2134, .T. ) ;
#2418 = LINE ( 'NONE', #2015, #2067 ) ;
#2419 = CYLINDRICAL_SURFACE ( 'NONE', #3832, 20.00000000000001776 ) ;
#2420 = AXIS2_PLACEMENT_3D ( 'NONE', #176, #2413, #3167 ) ;
#2421 = DIRECTION ( 'NONE',  ( 0.000000000000000000, 0.000000000000000000, 1.000000000000000000 ) ) ;
#2422 = CIRCLE ( 'NONE', #1777, 27.00000000000002487 ) ;
#2423 = CYLINDRICAL_SURFACE ( 'NONE', #733, 5.000000000000000888 ) ;
#2424 = EDGE_CURVE ( 'NONE', #3429, #3863, #3067, .T. ) ;
#2425 = DIRECTION ( 'NONE',  ( 0.000000000000000000, 0.000000000000000000, -1.000000000000000000 ) ) ;
#2426 = DIRECTION ( 'NONE',  ( 0.000000000000000000, 0.000000000000000000, -1.000000000000000000 ) ) ;
#2427 = CIRCLE ( 'NONE', #1816, 20.00000000000001776 ) ;
#2428 = ORIENTED_EDGE ( 'NONE', *, *, #37, .T. ) ;
#2429 = CARTESIAN_POINT ( 'NONE',  ( 70.00000000000008527, -785.0000000000000000, 500.0000000000000000 ) ) ;
#2430 = VECTOR ( 'NONE', #3636, 1000.000000000000000 ) ;
#2431 = ADVANCED_FACE ( 'NONE', ( #2883 ), #2464, .F. ) ;
#2432 = CARTESIAN_POINT ( 'NONE',  ( 8.523541722065577671E-14, 343.5000000000000000, 30.00000000000000000 ) ) ;
#2433 = CARTESIAN_POINT ( 'NONE',  ( 573.0186795112782647, 196.3928571428573662, 423.6000000000000796 ) ) ;
#2434 = CARTESIAN_POINT ( 'NONE',  ( 15.90000000000005720, -243.5000000000000000, 10.90000000000000036 ) ) ;
#2435 = DIRECTION ( 'NONE',  ( -1.000000000000000000, -1.224646799147353454E-16, -0.000000000000000000 ) ) ;
#2436 = DIRECTION ( 'NONE',  ( -0.000000000000000000, 1.000000000000000000, -0.000000000000000000 ) ) ;
#2437 = ORIENTED_EDGE ( 'NONE', *, *, #654, .T. ) ;
#2438 = AXIS2_PLACEMENT_3D ( 'NONE', #400, #2265, #66 ) ;
#2439 = DIRECTION ( 'NONE',  ( -1.000000000000000000, 0.000000000000000000, 1.143773720424268048E-16 ) ) ;
#2440 = EDGE_LOOP ( 'NONE', ( #4695, #4720, #4558, #1445, #1979, #1298 ) ) ;
#2441 = DIRECTION ( 'NONE',  ( -0.000000000000000000, -1.000000000000000000, -0.000000000000000000 ) ) ;
#2442 = EDGE_LOOP ( 'NONE', ( #4118, #4065, #3552, #1121 ) ) ;
#2443 = DIRECTION ( 'NONE',  ( -0.000000000000000000, -1.000000000000000000, -0.000000000000000000 ) ) ;
#2444 = AXIS2_PLACEMENT_3D ( 'NONE', #1325, #3542, #565 ) ;
#2445 = APPROVAL_DATE_TIME ( #3858, #3812 ) ;
#2446 = PERSON_AND_ORGANIZATION_ROLE ( 'creator' ) ;
#2447 = CARTESIAN_POINT ( 'NONE',  ( 0.000000000000000000, 0.000000000000000000, 0.000000000000000000 ) ) ;
#2448 = ORIENTED_EDGE ( 'NONE', *, *, #4706, .F. ) ;
#2449 = EDGE_LOOP ( 'NONE', ( #977, #4746, #1852, #1628, #1807 ) ) ;
#2450 = ORIENTED_EDGE ( 'NONE', *, *, #2987, .T. ) ;
#2451 = CARTESIAN_POINT ( 'NONE',  ( 33.00000000000005684, 243.5000000000000000, 0.000000000000000000 ) ) ;
#2452 = CARTESIAN_POINT ( 'NONE',  ( 840.0000000000001137, -142.0000000000000000, 485.0000000000000000 ) ) ;
#2453 = CARTESIAN_POINT ( 'NONE',  ( 22.00000000000001066, -630.2500000000001137, 594.8000000000001819 ) ) ;
#2454 = CONTEXT_DEPENDENT_SHAPE_REPRESENTATION ( #1079, #2703 ) ;
#2455 = EDGE_CURVE ( 'NONE', #4413, #3989, #4661, .T. ) ;
#2456 = ADVANCED_FACE ( 'NONE', ( #4553 ), #191, .T. ) ;
#2457 = ORIENTED_EDGE ( 'NONE', *, *, #2677, .F. ) ;
#2458 = VERTEX_POINT ( 'NONE', #3571 ) ;
#2459 = CC_DESIGN_DATE_AND_TIME_ASSIGNMENT ( #773, #714, ( #207 ) ) ;
#2460 = LOCAL_TIME ( 10, 26, 38.00000000000000000, #3443 ) ;
#2461 = CIRCLE ( 'NONE', #1998, 20.00000000000001776 ) ;
#2462 = ORIENTED_EDGE ( 'NONE', *, *, #1323, .T. ) ;
#2463 = EDGE_CURVE ( 'NONE', #1944, #1882, #206, .T. ) ;
#2464 = PLANE ( 'NONE',  #1314 ) ;
#2465 = CARTESIAN_POINT ( 'NONE',  ( 830.0000000000001137, -800.0000000000000000, 70.00000000000000000 ) ) ;
#2466 = DATE_AND_TIME ( #185, #4760 ) ;
#2467 = ORIENTED_EDGE ( 'NONE', *, *, #1824, .F. ) ;
#2468 = VECTOR ( 'NONE', #232, 1000.000000000000000 ) ;
#2469 = PERSON_AND_ORGANIZATION_ROLE ( 'creator' ) ;
#2470 = DIRECTION ( 'NONE',  ( -1.225764668124932819E-16, -1.000000000000000000, 0.000000000000000000 ) ) ;
#2471 = ORIENTED_EDGE ( 'NONE', *, *, #4586, .F. ) ;
#2472 = DIRECTION ( 'NONE',  ( 0.000000000000000000, -1.000000000000000000, 0.000000000000000000 ) ) ;
#2473 = CIRCLE ( 'NONE', #3892, 5.049999999999998934 ) ;
#2474 = CARTESIAN_POINT ( 'NONE',  ( 33.00000000000005684, 293.5000000000000000, 22.00000000000000000 ) ) ;
#2475 = CARTESIAN_POINT ( 'NONE',  ( 900.0000000000001137, 0.000000000000000000, 600.1000000000000227 ) ) ;
#2476 = CIRCLE ( 'NONE', #576, 8.000000000000007105 ) ;
#2477 = ORIENTED_EDGE ( 'NONE', *, *, #3560, .T. ) ;
#2478 = CARTESIAN_POINT ( 'NONE',  ( 830.0000000000001137, -745.0000000000000000, 43.00000000000000000 ) ) ;
#2479 = AXIS2_PLACEMENT_3D ( 'NONE', #3991, #4765, #1768 ) ;
#2480 = FACE_OUTER_BOUND ( 'NONE', #1164, .T. ) ;
#2481 = AXIS2_PLACEMENT_3D ( 'NONE', #1543, #1908, #4160 ) ;
#2482 = DIRECTION ( 'NONE',  ( 0.000000000000000000, 0.000000000000000000, 1.000000000000000000 ) ) ;
#2483 = ADVANCED_FACE ( 'NONE', ( #3129 ), #800, .F. ) ;
#2484 = EDGE_LOOP ( 'NONE', ( #1104, #466, #3150, #1921, #2327, #3510 ) ) ;
#2485 = DIRECTION ( 'NONE',  ( -1.000000000000000000, 0.000000000000000000, 0.000000000000000000 ) ) ;
#2486 = VECTOR ( 'NONE', #1854, 1000.000000000000000 ) ;
#2487 = FACE_OUTER_BOUND ( 'NONE', #3151, .T. ) ;
#2488 = EDGE_CURVE ( 'NONE', #4638, #58, #3780, .T. ) ;
#2489 = CARTESIAN_POINT ( 'NONE',  ( 15.90000000000000036, -93.24999999999998579, 591.0500000000000682 ) ) ;
#2490 = DIRECTION ( 'NONE',  ( -0.000000000000000000, 1.000000000000000000, -0.000000000000000000 ) ) ;
#2491 = LINE ( 'NONE', #2233, #3066 ) ;
#2492 = FACE_OUTER_BOUND ( 'NONE', #3290, .T. ) ;
#2493 = ORIENTED_EDGE ( 'NONE', *, *, #300, .F. ) ;
#2494 = CC_DESIGN_PERSON_AND_ORGANIZATION_ASSIGNMENT ( #2, #1321, ( #3504 ) ) ;
#2495 = ADVANCED_FACE ( 'NONE', ( #4785, #2770 ), #3979, .T. ) ;
#2496 = EDGE_CURVE ( 'NONE', #4686, #1463, #384, .T. ) ;
#2497 = PLANE ( 'NONE',  #2030 ) ;
#2498 = DIRECTION ( 'NONE',  ( 0.000000000000000000, 0.000000000000000000, -1.000000000000000000 ) ) ;
#2499 = EDGE_LOOP ( 'NONE', ( #1683, #3916, #3270, #1913 ) ) ;
#2500 = VECTOR ( 'NONE', #1397, 1000.000000000000000 ) ;
#2501 = ORIENTED_EDGE ( 'NONE', *, *, #4572, .F. ) ;
#2502 = VERTEX_POINT ( 'NONE', #1051 ) ;
#2503 = DIRECTION ( 'NONE',  ( -0.000000000000000000, -1.000000000000000000, -0.000000000000000000 ) ) ;
#2504 = AXIS2_PLACEMENT_3D ( 'NONE', #430, #2318, #57 ) ;
#2505 = CARTESIAN_POINT ( 'NONE',  ( 870.0000000000000000, -74.99999999999987210, 570.0000000000001137 ) ) ;
#2506 = EDGE_LOOP ( 'NONE', ( #52, #2471, #1808, #596, #3271, #2669 ) ) ;
#2507 = CARTESIAN_POINT ( 'NONE',  ( 830.0000000000001137, -785.0000000000000000, 500.0000000000000000 ) ) ;
#2508 = ITEM_DEFINED_TRANSFORMATION ( 'NONE', 'NONE', #1788,  #4449 ) ;
#2509 = ORIENTED_EDGE ( 'NONE', *, *, #4688, .T. ) ;
#2510 = EDGE_CURVE ( 'NONE', #2036, #2649, #2543, .T. ) ;
#2511 = ADVANCED_FACE ( 'NONE', ( #3777 ), #1892, .T. ) ;
#2512 = DIRECTION ( 'NONE',  ( 0.000000000000000000, 0.000000000000000000, -1.000000000000000000 ) ) ;
#2513 = DATE_TIME_ROLE ( 'classification_date' ) ;
#2514 = LOCAL_TIME ( 10, 26, 38.00000000000000000, #1810 ) ;
#2515 = CARTESIAN_POINT ( 'NONE',  ( 15.90000000000005720, -342.0000000000000000, 9.399999999999995026 ) ) ;
#2516 = FACE_OUTER_BOUND ( 'NONE', #4274, .T. ) ;
#2517 = EDGE_CURVE ( 'NONE', #700, #2097, #3663, .T. ) ;
#2518 = DATE_AND_TIME ( #3813, #2460 ) ;
#2519 = VERTEX_POINT ( 'NONE', #3711 ) ;
#2520 = DIRECTION ( 'NONE',  ( 1.000000000000000000, 0.000000000000000000, 0.000000000000000000 ) ) ;
#2521 = CC_DESIGN_PERSON_AND_ORGANIZATION_ASSIGNMENT ( #3756, #4820, ( #3023 ) ) ;
#2522 = DIRECTION ( 'NONE',  ( 0.000000000000000000, -0.000000000000000000, -1.000000000000000000 ) ) ;
#2523 = EDGE_LOOP ( 'NONE', ( #2224, #1486, #3642, #737 ) ) ;
#2524 = DIRECTION ( 'NONE',  ( 1.000000000000000000, -0.000000000000000000, 0.000000000000000000 ) ) ;
#2525 = EDGE_CURVE ( 'NONE', #4339, #1797, #4607, .T. ) ;
#2526 = FACE_OUTER_BOUND ( 'NONE', #1336, .T. ) ;
#2527 = ORIENTED_EDGE ( 'NONE', *, *, #1302, .F. ) ;
#2528 = CIRCLE ( 'NONE', #1635, 27.00000000000002487 ) ;
#2529 = CIRCLE ( 'NONE', #941, 5.049999999999998934 ) ;
#2530 = EDGE_LOOP ( 'NONE', ( #1040, #2477, #712, #3208 ) ) ;
#2531 = DATE_TIME_ROLE ( 'classification_date' ) ;
#2532 = CARTESIAN_POINT ( 'NONE',  ( 5.200000000000006395, -93.24999999999998579, 570.0000000000001137 ) ) ;
#2533 = VECTOR ( 'NONE', #2320, 1000.000000000000000 ) ;
#2534 = DIRECTION ( 'NONE',  ( -0.000000000000000000, 1.000000000000000000, -0.000000000000000000 ) ) ;
#2535 = ORIENTED_EDGE ( 'NONE', *, *, #138, .T. ) ;
#2536 = CARTESIAN_POINT ( 'NONE',  ( 70.00000000000008527, -785.0000000000000000, 480.0000000000000000 ) ) ;
#2537 = ORIENTED_EDGE ( 'NONE', *, *, #346, .F. ) ;
#2538 = CYLINDRICAL_SURFACE ( 'NONE', #2656, 27.00000000000002487 ) ;
#2539 = DIRECTION ( 'NONE',  ( 0.000000000000000000, 0.000000000000000000, 1.000000000000000000 ) ) ;
#2540 = LINE ( 'NONE', #4002, #2367 ) ;
#2541 = FACE_OUTER_BOUND ( 'NONE', #4003, .T. ) ;
#2542 = DIRECTION ( 'NONE',  ( 0.000000000000000000, -0.000000000000000000, -1.000000000000000000 ) ) ;
#2543 = CIRCLE ( 'NONE', #1748, 5.049999999999998934 ) ;
#2544 = AXIS2_PLACEMENT_3D ( 'NONE', #3553, #2398, #1687 ) ;
#2545 = CARTESIAN_POINT ( 'NONE',  ( 894.8000000000002956, -630.2499999999998863, 586.8000000000001819 ) ) ;
#2546 = SECURITY_CLASSIFICATION_LEVEL ( 'unclassified' ) ;
#2547 = FACE_OUTER_BOUND ( 'NONE', #1568, .T. ) ;
#2548 = VERTEX_POINT ( 'NONE', #311 ) ;
#2549 = EDGE_CURVE ( 'NONE', #43, #343, #2825, .T. ) ;
#2550 = CC_DESIGN_APPROVAL ( #2016, ( #1019 ) ) ;
#2551 = VERTEX_POINT ( 'NONE', #2903 ) ;
#2552 = DIRECTION ( 'NONE',  ( 2.745500257537979014E-16, -1.000000000000000000, 0.000000000000000000 ) ) ;
#2553 = EDGE_CURVE ( 'NONE', #3094, #1759, #849, .T. ) ;
#2554 = DIRECTION ( 'NONE',  ( 0.000000000000000000, -1.000000000000000000, 0.000000000000000000 ) ) ;
#2555 = EDGE_LOOP ( 'NONE', ( #4626, #2943 ) ) ;
#2556 = VECTOR ( 'NONE', #987, 1000.000000000000000 ) ;
#2557 = DIRECTION ( 'NONE',  ( 1.000000000000000000, 0.000000000000000000, 0.000000000000000000 ) ) ;
#2558 = ADVANCED_FACE ( 'NONE', ( #2942, #896 ), #4076, .F. ) ;
#2559 = EDGE_CURVE ( 'NONE', #521, #1841, #2761, .T. ) ;
#2560 = CARTESIAN_POINT ( 'NONE',  ( 30.00000000000000711, -57.00000000000000711, 20.00000000000001776 ) ) ;
#2561 = VERTEX_POINT ( 'NONE', #4402 ) ;
#2562 = DIRECTION ( 'NONE',  ( 1.000000000000000000, 0.000000000000000000, 0.000000000000000000 ) ) ;
#2563 = AXIS2_PLACEMENT_3D ( 'NONE', #4202, #2671, #117 ) ;
#2564 = DIRECTION ( 'NONE',  ( 0.000000000000000000, 0.000000000000000000, 1.000000000000000000 ) ) ;
#2565 = VERTEX_POINT ( 'NONE', #4026 ) ;
#2566 = AXIS2_PLACEMENT_3D ( 'NONE', #4739, #2092, #635 ) ;
#2567 = ORIENTED_EDGE ( 'NONE', *, *, #2585, .T. ) ;
#2568 = VECTOR ( 'NONE', #938, 1000.000000000000000 ) ;
#2569 = DIRECTION ( 'NONE',  ( 0.000000000000000000, 0.000000000000000000, -1.000000000000000000 ) ) ;
#2570 = AXIS2_PLACEMENT_3D ( 'NONE', #1940, #4580, #3101 ) ;
#2571 = DIRECTION ( 'NONE',  ( -1.032573497605233103E-16, 0.000000000000000000, -1.000000000000000000 ) ) ;
#2572 = CALENDAR_DATE ( 2026, 9, 6 ) ;
#2573 = VERTEX_POINT ( 'NONE', #4471 ) ;
#2574 = DIRECTION ( 'NONE',  ( -0.000000000000000000, -0.000000000000000000, -1.000000000000000000 ) ) ;
#2575 = COORDINATED_UNIVERSAL_TIME_OFFSET ( 8, 0, .AHEAD. ) ;
#2576 = EDGE_CURVE ( 'NONE', #156, #256, #4130, .T. ) ;
#2577 = LINE ( 'NONE', #3267, #3223 ) ;
#2578 = ORIENTED_EDGE ( 'NONE', *, *, #4865, .F. ) ;
#2579 = PERSON_AND_ORGANIZATION_ROLE ( 'classification_officer' ) ;
#2580 = CARTESIAN_POINT ( 'NONE',  ( 60.00000000000000000, -142.0000000000000000, 101.0000000000000853 ) ) ;
#2581 = CC_DESIGN_DATE_AND_TIME_ASSIGNMENT ( #1053, #992, ( #3483 ) ) ;
#2582 = SHAPE_DEFINITION_REPRESENTATION ( #957, #3994 ) ;
#2583 = EDGE_LOOP ( 'NONE', ( #3263, #1694, #3856, #1869 ) ) ;
#2584 = VECTOR ( 'NONE', #3562, 1000.000000000000000 ) ;
#2585 = EDGE_CURVE ( 'NONE', #3034, #3220, #1253, .T. ) ;
#2586 = ORIENTED_EDGE ( 'NONE', *, *, #1175, .F. ) ;
#2587 = ADVANCED_FACE ( 'NONE', ( #2604 ), #275, .F. ) ;
#2588 = DIRECTION ( 'NONE',  ( 0.000000000000000000, 0.000000000000000000, 1.000000000000000000 ) ) ;
#2589 = EDGE_LOOP ( 'NONE', ( #3233, #1818, #4766, #4264 ) ) ;
#2590 = CARTESIAN_POINT ( 'NONE',  ( -5.000000000000000000, 0.000000000000000000, 119.0000000000000142 ) ) ;
#2591 = DIRECTION ( 'NONE',  ( -0.000000000000000000, 1.000000000000000000, 0.000000000000000000 ) ) ;
#2592 = LINE ( 'NONE', #2691, #489 ) ;
#2593 = CARTESIAN_POINT ( 'NONE',  ( 830.0000000000001137, -785.0000000000000000, 43.00000000000000000 ) ) ;
#2594 = ORIENTED_EDGE ( 'NONE', *, *, #4349, .T. ) ;
#2595 = CARTESIAN_POINT ( 'NONE',  ( 69.99999999999998579, -132.0000000000000000, 110.9999999999999858 ) ) ;
#2596 = FACE_OUTER_BOUND ( 'NONE', #2583, .T. ) ;
#2597 = EDGE_LOOP ( 'NONE', ( #2414, #3871, #164, #4357 ) ) ;
#2598 = LINE ( 'NONE', #2202, #3589 ) ;
#2599 = APPROVAL_STATUS ( 'not_yet_approved' ) ;
#2600 = DIRECTION ( 'NONE',  ( 0.000000000000000000, 0.000000000000000000, 1.000000000000000000 ) ) ;
#2601 = AXIS2_PLACEMENT_3D ( 'NONE', #2784, #2803, #4726 ) ;
#2602 = CARTESIAN_POINT ( 'NONE',  ( 0.000000000000000000, 0.000000000000000000, 0.000000000000000000 ) ) ;
#2603 = ORIENTED_EDGE ( 'NONE', *, *, #3586, .T. ) ;
#2604 = FACE_OUTER_BOUND ( 'NONE', #1516, .T. ) ;
#2605 = VECTOR ( 'NONE', #618, 1000.000000000000000 ) ;
#2606 = CARTESIAN_POINT ( 'NONE',  ( 830.0000000000001137, -785.0000000000000000, 70.00000000000000000 ) ) ;
#2607 = VECTOR ( 'NONE', #4556, 1000.000000000000000 ) ;
#2608 = FACE_OUTER_BOUND ( 'NONE', #1300, .T. ) ;
#2609 = EDGE_CURVE ( 'NONE', #1918, #621, #1950, .T. ) ;
#2610 = CARTESIAN_POINT ( 'NONE',  ( -0.000000000000000000, -293.5000000000000000, 0.000000000000000000 ) ) ;
#2611 = CARTESIAN_POINT ( 'NONE',  ( 894.8000000000000682, -93.24999999999987210, 570.0000000000001137 ) ) ;
#2612 = DIRECTION ( 'NONE',  ( 0.000000000000000000, -1.000000000000000000, 0.000000000000000000 ) ) ;
#2613 = DIRECTION ( 'NONE',  ( 0.000000000000000000, 0.000000000000000000, 1.000000000000000000 ) ) ;
#2614 = CIRCLE ( 'NONE', #2687, 15.00000000000000000 ) ;
#2615 = EDGE_CURVE ( 'NONE', #3138, #983, #2876, .T. ) ;
#2616 = ORIENTED_EDGE ( 'NONE', *, *, #1208, .T. ) ;
#2617 = DIRECTION ( 'NONE',  ( 0.000000000000000000, 1.000000000000000000, -0.000000000000000000 ) ) ;
#2618 = CC_DESIGN_PERSON_AND_ORGANIZATION_ASSIGNMENT ( #3276, #4431, ( #1621 ) ) ;
#2619 = ORIENTED_EDGE ( 'NONE', *, *, #723, .T. ) ;
#2620 = LINE ( 'NONE', #674, #642 ) ;
#2621 = ORIENTED_EDGE ( 'NONE', *, *, #3622, .F. ) ;
#2622 = EDGE_LOOP ( 'NONE', ( #3326, #794 ) ) ;
#2623 = AXIS2_PLACEMENT_3D ( 'NONE', #4560, #38, #423 ) ;
#2624 = DATE_TIME_ROLE ( 'classification_date' ) ;
#2625 = DIRECTION ( 'NONE',  ( -0.000000000000000000, 1.000000000000000000, 0.000000000000000000 ) ) ;
#2626 = APPROVAL_PERSON_ORGANIZATION ( #2161, #3114, #1827 ) ;
#2627 = ORIENTED_EDGE ( 'NONE', *, *, #769, .F. ) ;
#2628 = ORIENTED_EDGE ( 'NONE', *, *, #237, .T. ) ;
#2629 = DIRECTION ( 'NONE',  ( 2.745500257537979014E-16, -1.000000000000000000, -0.000000000000000000 ) ) ;
#2630 = ORIENTED_EDGE ( 'NONE', *, *, #3867, .F. ) ;
#2631 = DIRECTION ( 'NONE',  ( 0.000000000000000000, -1.000000000000000000, 0.000000000000000000 ) ) ;
#2632 = AXIS2_PLACEMENT_3D ( 'NONE', #2606, #1798, #2933 ) ;
#2633 = PERSON_AND_ORGANIZATION ( #1608, #3702 ) ;
#2634 = CARTESIAN_POINT ( 'NONE',  ( 449.0000000000001137, 343.5000000000000000, 30.00000000000000000 ) ) ;
#2635 = AXIS2_PLACEMENT_3D ( 'NONE', #3653, #338, #2564 ) ;
#2636 = DATE_AND_TIME ( #180, #1588 ) ;
#2637 = ORIENTED_EDGE ( 'NONE', *, *, #262, .F. ) ;
#2638 = ORIENTED_EDGE ( 'NONE', *, *, #4538, .F. ) ;
#2639 = EDGE_CURVE ( 'NONE', #3392, #2565, #1492, .T. ) ;
#2640 = CARTESIAN_POINT ( 'NONE',  ( 28.00000000000005684, 293.5000000000000000, 27.00000000000000000 ) ) ;
#2641 = DIRECTION ( 'NONE',  ( 1.000000000000000000, 0.000000000000000000, -0.000000000000000000 ) ) ;
#2642 = CC_DESIGN_PERSON_AND_ORGANIZATION_ASSIGNMENT ( #2920, #2469, ( #2043 ) ) ;
#2643 = ORIENTED_EDGE ( 'NONE', *, *, #490, .T. ) ;
#2644 = LINE ( 'NONE', #4541, #1657 ) ;
#2645 = DIRECTION ( 'NONE',  ( -0.000000000000000000, -1.000000000000000000, -0.000000000000000000 ) ) ;
#2646 = EDGE_CURVE ( 'NONE', #3516, #4671, #1664, .T. ) ;
#2647 = CARTESIAN_POINT ( 'NONE',  ( 830.0000000000001137, -800.0000000000000000, 97.00000000000000000 ) ) ;
#2648 = FACE_OUTER_BOUND ( 'NONE', #3984, .T. ) ;
#2649 = VERTEX_POINT ( 'NONE', #4150 ) ;
#2650 = CARTESIAN_POINT ( 'NONE',  ( 60.00000000000005684, 0.000000000000000000, 485.0000000000001137 ) ) ;
#2651 = CIRCLE ( 'NONE', #1569, 8.000000000000007105 ) ;
#2652 = CARTESIAN_POINT ( 'NONE',  ( 830.0000000000001137, -800.0000000000000000, 43.00000000000000000 ) ) ;
#2653 = LINE ( 'NONE', #699, #3244 ) ;
#2654 = DIRECTION ( 'NONE',  ( 0.000000000000000000, 0.000000000000000000, -1.000000000000000000 ) ) ;
#2655 = CARTESIAN_POINT ( 'NONE',  ( 878.0000000000000000, -93.24999999999987210, 594.8000000000001819 ) ) ;
#2656 = AXIS2_PLACEMENT_3D ( 'NONE', #3806, #857, #3078 ) ;
#2657 = CIRCLE ( 'NONE', #606, 27.00000000000002487 ) ;
#2658 = VECTOR ( 'NONE', #3996, 1000.000000000000000 ) ;
#2659 = CARTESIAN_POINT ( 'NONE',  ( 870.0000000000000000, -93.24999999999987210, 570.0000000000001137 ) ) ;
#2660 = CARTESIAN_POINT ( 'NONE',  ( 30.00000000000001421, -93.24999999999998579, 586.8000000000001819 ) ) ;
#2661 = PLANE ( 'NONE',  #3381 ) ;
#2662 = VECTOR ( 'NONE', #4087, 1000.000000000000000 ) ;
#2663 = ORIENTED_EDGE ( 'NONE', *, *, #1396, .T. ) ;
#2664 = AXIS2_PLACEMENT_3D ( 'NONE', #1160, #3396, #4098 ) ;
#2665 = VECTOR ( 'NONE', #651, 1000.000000000000000 ) ;
#2666 = CARTESIAN_POINT ( 'NONE',  ( 5.000000000000000000, 6.123233995736766282E-16, 120.0000000000000000 ) ) ;
#2667 = PLANE ( 'NONE',  #4499 ) ;
#2668 = CARTESIAN_POINT ( 'NONE',  ( 830.0000000000001137, -745.0000000000000000, 500.0000000000000000 ) ) ;
#2669 = ORIENTED_EDGE ( 'NONE', *, *, #1894, .F. ) ;
#2670 = EDGE_CURVE ( 'NONE', #1737, #4772, #1773, .T. ) ;
#2671 = DIRECTION ( 'NONE',  ( -1.245442495573092286E-16, 0.000000000000000000, -1.000000000000000000 ) ) ;
#2672 = VERTEX_POINT ( 'NONE', #4851 ) ;
#2673 = VECTOR ( 'NONE', #3658, 1000.000000000000000 ) ;
#2674 = AXIS2_PLACEMENT_3D ( 'NONE', #4536, #2357, #3883 ) ;
#2675 = CARTESIAN_POINT ( 'NONE',  ( 6.450000000000001066, 0.000000000000000000, 0.000000000000000000 ) ) ;
#2676 = CARTESIAN_POINT ( 'NONE',  ( 15.90000000000000036, -93.24999999999998579, 580.9500000000000455 ) ) ;
#2677 = EDGE_CURVE ( 'NONE', #4, #4863, #3124, .T. ) ;
#2678 = ORIENTED_EDGE ( 'NONE', *, *, #463, .T. ) ;
#2679 = DIRECTION ( 'NONE',  ( -1.520853458390625560E-16, 1.000000000000000000, -0.000000000000000000 ) ) ;
#2680 = DIRECTION ( 'NONE',  ( 0.000000000000000000, 0.000000000000000000, 1.000000000000000000 ) ) ;
#2681 = VERTEX_POINT ( 'NONE', #2593 ) ;
#2682 = CARTESIAN_POINT ( 'NONE',  ( 830.0000000000001137, 0.000000000000000000, 110.9999999999999858 ) ) ;
#2683 = ORIENTED_EDGE ( 'NONE', *, *, #523, .F. ) ;
#2684 = CONTEXT_DEPENDENT_SHAPE_REPRESENTATION ( #1809, #4846 ) ;
#2685 = DIRECTION ( 'NONE',  ( 0.000000000000000000, 1.000000000000000000, -0.000000000000000000 ) ) ;
#2686 = EDGE_LOOP ( 'NONE', ( #2457, #2630, #1644, #697 ) ) ;
#2687 = AXIS2_PLACEMENT_3D ( 'NONE', #1415, #1799, #2957 ) ;
#2688 = DIRECTION ( 'NONE',  ( -0.000000000000000000, -0.000000000000000000, -1.000000000000000000 ) ) ;
#2689 = PERSON_AND_ORGANIZATION ( #1608, #3702 ) ;
#2690 = ORIENTED_EDGE ( 'NONE', *, *, #4477, .F. ) ;
#2691 = CARTESIAN_POINT ( 'NONE',  ( 900.0000000000001137, -74.99999999999987210, 570.0000000000001137 ) ) ;
#2692 = APPROVAL_DATE_TIME ( #2466, #2984 ) ;
#2693 = ORIENTED_EDGE ( 'NONE', *, *, #3344, .F. ) ;
#2694 = AXIS2_PLACEMENT_3D ( 'NONE', #1916, #1152, #1533 ) ;
#2695 = LINE ( 'NONE', #1596, #427 ) ;
#2696 = VECTOR ( 'NONE', #1563, 1000.000000000000000 ) ;
#2697 = EDGE_CURVE ( 'NONE', #3059, #4323, #2126, .T. ) ;
#2698 = FACE_OUTER_BOUND ( 'NONE', #347, .T. ) ;
#2699 = VERTEX_POINT ( 'NONE', #1101 ) ;
#2700 = CARTESIAN_POINT ( 'NONE',  ( 70.00000000000008527, -730.0000000000000000, 473.0000000000000000 ) ) ;
#2701 = CC_DESIGN_PERSON_AND_ORGANIZATION_ASSIGNMENT ( #2161, #4837, ( #2788 ) ) ;
#2702 = CARTESIAN_POINT ( 'NONE',  ( 0.000000000000000000, -17.99999999999994316, 600.1000000000000227 ) ) ;
#2703 = PRODUCT_DEFINITION_SHAPE ( 'NONE', 'NONE',  #4875 ) ;
#2704 = FACE_OUTER_BOUND ( 'NONE', #3575, .T. ) ;
#2705 = CARTESIAN_POINT ( 'NONE',  ( 69.99999999999998579, -132.0000000000000000, 110.9999999999999858 ) ) ;
#2706 = ORIENTED_EDGE ( 'NONE', *, *, #4225, .F. ) ;
#2707 = CARTESIAN_POINT ( 'NONE',  ( 449.0000000000001137, 343.5000000000000000, 30.00000000000000000 ) ) ;
#2708 = EDGE_CURVE ( 'NONE', #228, #3318, #16, .T. ) ;
#2709 = FACE_OUTER_BOUND ( 'NONE', #246, .T. ) ;
#2710 = DIRECTION ( 'NONE',  ( 0.000000000000000000, -1.000000000000000000, 0.000000000000000000 ) ) ;
#2711 = CARTESIAN_POINT ( 'NONE',  ( 8.523541722065577671E-14, 343.5000000000000000, 15.00000000000000000 ) ) ;
#2712 = EDGE_LOOP ( 'NONE', ( #437, #1250, #935, #1519 ) ) ;
#2713 = VECTOR ( 'NONE', #2284, 1000.000000000000000 ) ;
#2714 = CARTESIAN_POINT ( 'NONE',  ( 70.00000000000002842, -132.0000000000000000, 475.0000000000001137 ) ) ;
#2715 = VECTOR ( 'NONE', #227, 1000.000000000000000 ) ;
#2716 = EDGE_CURVE ( 'NONE', #1196, #616, #1611, .T. ) ;
#2717 = FACE_OUTER_BOUND ( 'NONE', #1719, .T. ) ;
#2718 = ORIENTED_EDGE ( 'NONE', *, *, #3019, .F. ) ;
#2719 = ORIENTED_EDGE ( 'NONE', *, *, #694, .T. ) ;
#2720 = AXIS2_PLACEMENT_3D ( 'NONE', #1001, #1752, #4782 ) ;
#2721 = CARTESIAN_POINT ( 'NONE',  ( 22.00000000000001066, -93.24999999999998579, 594.8000000000001819 ) ) ;
#2722 = VECTOR ( 'NONE', #2995, 1000.000000000000000 ) ;
#2723 = PLANE ( 'NONE',  #3932 ) ;
#2724 = CARTESIAN_POINT ( 'NONE',  ( 30.00000000000000711, -93.24999999999998579, 570.0000000000001137 ) ) ;
#2725 = ORIENTED_EDGE ( 'NONE', *, *, #4523, .T. ) ;
#2726 = EDGE_CURVE ( 'NONE', #1737, #4182, #4490, .T. ) ;
#2727 = ADVANCED_FACE ( 'NONE', ( #3888, #4367 ), #3372, .T. ) ;
#2728 = CARTESIAN_POINT ( 'NONE',  ( 13.20000000000000817, -679.7500000000001137, 586.8000000000001819 ) ) ;
#2729 = CC_DESIGN_APPROVAL ( #3845, ( #3583 ) ) ;
#2730 = VERTEX_POINT ( 'NONE', #1503 ) ;
#2731 = CARTESIAN_POINT ( 'NONE',  ( 33.00000000000005684, -243.5000000000000000, 22.00000000000000000 ) ) ;
#2732 = EDGE_CURVE ( 'NONE', #983, #780, #4548, .T. ) ;
#2733 = CARTESIAN_POINT ( 'NONE',  ( 869.9999999999998863, -708.0000000000000000, 2.000000000000000000 ) ) ;
#2734 = VERTEX_POINT ( 'NONE', #1870 ) ;
#2735 = LOCAL_TIME ( 10, 26, 38.00000000000000000, #3750 ) ;
#2736 = APPLICATION_PROTOCOL_DEFINITION ( 'international standard', 'config_control_design', 1994, #1642 ) ;
#2737 = DIRECTION ( 'NONE',  ( 0.000000000000000000, -0.000000000000000000, -1.000000000000000000 ) ) ;
#2738 = VERTEX_POINT ( 'NONE', #771 ) ;
#2739 = ORIENTED_EDGE ( 'NONE', *, *, #3339, .F. ) ;
#2740 = VERTEX_POINT ( 'NONE', #34 ) ;
#2741 = DIRECTION ( 'NONE',  ( 0.000000000000000000, 0.000000000000000000, 1.000000000000000000 ) ) ;
#2742 = CARTESIAN_POINT ( 'NONE',  ( 830.0000000000001137, -800.0000000000000000, 473.0000000000000000 ) ) ;
#2743 = COORDINATED_UNIVERSAL_TIME_OFFSET ( 8, 0, .AHEAD. ) ;
#2744 = ADVANCED_FACE ( 'NONE', ( #4015 ), #2360, .T. ) ;
#2745 = CIRCLE ( 'NONE', #572, 8.000000000000007105 ) ;
#2746 = AXIS2_PLACEMENT_3D ( 'NONE', #95, #4206, #2305 ) ;
#2747 = ORIENTED_EDGE ( 'NONE', *, *, #229, .T. ) ;
#2748 = VERTEX_POINT ( 'NONE', #15 ) ;
#2749 = SHAPE_REPRESENTATION_RELATIONSHIP ( 'NONE' , 'NONE' ,  #3994, #1380 ) ;
#2750 = DIRECTION ( 'NONE',  ( 0.000000000000000000, 0.000000000000000000, 1.000000000000000000 ) ) ;
#2751 = EDGE_LOOP ( 'NONE', ( #2594, #2975, #553, #4276 ) ) ;
#2752 =( LENGTH_UNIT ( ) NAMED_UNIT ( * ) SI_UNIT ( .MILLI., .METRE. ) );
#2753 = ORIENTED_EDGE ( 'NONE', *, *, #3397, .T. ) ;
#2754 = EDGE_CURVE ( 'NONE', #1218, #3925, #3360, .T. ) ;
#2755 = DIRECTION ( 'NONE',  ( 0.000000000000000000, 0.000000000000000000, -1.000000000000000000 ) ) ;
#2756 = LINE ( 'NONE', #3644, #3403 ) ;
#2757 = DIRECTION ( 'NONE',  ( -1.000000000000000000, -2.745500257537979014E-16, 0.000000000000000000 ) ) ;
#2758 = LINE ( 'NONE', #2432, #3825 ) ;
#2759 = EDGE_CURVE ( 'NONE', #4426, #2681, #4247, .T. ) ;
#2760 = ORIENTED_EDGE ( 'NONE', *, *, #1646, .T. ) ;
#2761 = LINE ( 'NONE', #3328, #3721 ) ;
#2762 = CARTESIAN_POINT ( 'NONE',  ( 22.00000000000001066, -630.2500000000001137, 594.8000000000001819 ) ) ;
#2763 = LINE ( 'NONE', #2707, #1895 ) ;
#2764 = CC_DESIGN_DATE_AND_TIME_ASSIGNMENT ( #2858, #3667, ( #4157 ) ) ;
#2765 = CARTESIAN_POINT ( 'NONE',  ( 449.0000000000001137, 343.5000000000000000, 30.00000000000000000 ) ) ;
#2766 = ADVANCED_FACE ( 'NONE', ( #625 ), #4601, .T. ) ;
#2767 = DIRECTION ( 'NONE',  ( 0.000000000000000000, 1.000000000000000000, 0.000000000000000000 ) ) ;
#2768 = FACE_BOUND ( 'NONE', #64, .T. ) ;
#2769 = EDGE_CURVE ( 'NONE', #293, #1705, #1369, .T. ) ;
#2770 = FACE_OUTER_BOUND ( 'NONE', #2228, .T. ) ;
#2771 = DIRECTION ( 'NONE',  ( -1.000000000000000222, -2.730162421941285351E-16, -5.551115123125782702E-17 ) ) ;
#2772 = DIRECTION ( 'NONE',  ( 1.000000000000000000, 2.745500257537979014E-16, 1.032573497605233103E-16 ) ) ;
#2773 = CYLINDRICAL_SURFACE ( 'NONE', #222, 27.00000000000002487 ) ;
#2774 = AXIS2_PLACEMENT_3D ( 'NONE', #2595, #2498, #4123 ) ;
#2775 = DIRECTION ( 'NONE',  ( 1.000000000000000000, 0.000000000000000000, 0.000000000000000000 ) ) ;
#2776 = CARTESIAN_POINT ( 'NONE',  ( 5.200000000000008171, -93.24999999999998579, 586.8000000000001819 ) ) ;
#2777 = CARTESIAN_POINT ( 'NONE',  ( 5.200000000000008171, -630.2500000000001137, 586.8000000000001819 ) ) ;
#2778 = ORIENTED_EDGE ( 'NONE', *, *, #805, .T. ) ;
#2779 = VECTOR ( 'NONE', #4142, 1000.000000000000000 ) ;
#2780 = CARTESIAN_POINT ( 'NONE',  ( 15.90000000000005720, 343.5000000000000000, 15.90000000000000036 ) ) ;
#2781 = AXIS2_PLACEMENT_3D ( 'NONE', #3911, #527, #1690 ) ;
#2782 = ORIENTED_EDGE ( 'NONE', *, *, #3397, .F. ) ;
#2783 = CARTESIAN_POINT ( 'NONE',  ( 15.90000000000005720, -293.5000000000000000, 10.90000000000000036 ) ) ;
#2784 = CARTESIAN_POINT ( 'NONE',  ( 884.1000000000002501, -630.2499999999998863, 586.0000000000001137 ) ) ;
#2785 = EDGE_CURVE ( 'NONE', #343, #744, #2651, .T. ) ;
#2786 = ADVANCED_FACE ( 'NONE', ( #3242 ), #2538, .T. ) ;
#2787 = PLANE ( 'NONE',  #997 ) ;
#2788 = SECURITY_CLASSIFICATION ( '', '', #3699 ) ;
#2789 = ORIENTED_EDGE ( 'NONE', *, *, #2615, .T. ) ;
#2790 = DIRECTION ( 'NONE',  ( 2.745500257537979014E-16, -1.000000000000000000, -0.000000000000000000 ) ) ;
#2791 = ORIENTED_EDGE ( 'NONE', *, *, #751, .F. ) ;
#2792 = CIRCLE ( 'NONE', #1149, 15.00000000000000000 ) ;
#2793 = DIRECTION ( 'NONE',  ( 0.000000000000000000, 0.000000000000000000, -1.000000000000000000 ) ) ;
#2794 = EDGE_CURVE ( 'NONE', #774, #3241, #4841, .T. ) ;
#2795 = CARTESIAN_POINT ( 'NONE',  ( 884.1000000000000227, -142.7499999999998863, 586.0000000000001137 ) ) ;
#2796 = APPROVAL_PERSON_ORGANIZATION ( #2633, #3451, #4495 ) ;
#2797 = ORIENTED_EDGE ( 'NONE', *, *, #2180, .F. ) ;
#2798 = DIRECTION ( 'NONE',  ( 0.000000000000000000, -1.000000000000000000, 0.000000000000000000 ) ) ;
#2799 = FACE_BOUND ( 'NONE', #3349, .T. ) ;
#2800 = DIRECTION ( 'NONE',  ( 1.000000000000000000, 0.000000000000000000, 0.000000000000000000 ) ) ;
#2801 = DATE_AND_TIME ( #1930, #2230 ) ;
#2802 = EDGE_LOOP ( 'NONE', ( #1245, #3298, #3637, #3425, #4036, #2782, #3211, #3272, #2690, #2218, #3630, #1524, #2378, #2683, #2537, #2501, #1190, #2929, #2621, #3564, #770, #4458, #778, #1598 ) ) ;
#2803 = DIRECTION ( 'NONE',  ( 2.745500257537979014E-16, -1.000000000000000000, -0.000000000000000000 ) ) ;
#2804 = APPROVAL_PERSON_ORGANIZATION ( #1708, #3655, #3628 ) ;
#2805 = AXIS2_PLACEMENT_3D ( 'NONE', #155, #4286, #3487 ) ;
#2806 = ORIENTED_EDGE ( 'NONE', *, *, #4572, .T. ) ;
#2807 = ORIENTED_EDGE ( 'NONE', *, *, #4764, .F. ) ;
#2808 = AXIS2_PLACEMENT_3D ( 'NONE', #1392, #2472, #2837 ) ;
#2809 = CIRCLE ( 'NONE', #2033, 26.99999999999999645 ) ;
#2810 = AXIS2_PLACEMENT_3D ( 'NONE', #3172, #3983, #3236 ) ;
#2811 = CARTESIAN_POINT ( 'NONE',  ( 70.00000000000009948, -745.0000000000000000, 70.00000000000000000 ) ) ;
#2812 = CIRCLE ( 'NONE', #802, 5.000000000000000000 ) ;
#2813 = ORIENTED_EDGE ( 'NONE', *, *, #2697, .F. ) ;
#2814 = APPROVAL_ROLE ( '' ) ;
#2815 = CARTESIAN_POINT ( 'NONE',  ( 2.204364238465235822E-15, -18.00000000000000000, 546.0000000000000000 ) ) ;
#2816 = EDGE_CURVE ( 'NONE', #3106, #3429, #1552, .T. ) ;
#2817 = CARTESIAN_POINT ( 'NONE',  ( 830.0000000000001137, -785.0000000000000000, 480.0000000000000568 ) ) ;
#2818 = CIRCLE ( 'NONE', #3601, 5.049999999999998934 ) ;
#2819 = ORIENTED_EDGE ( 'NONE', *, *, #4794, .F. ) ;
#2820 = CARTESIAN_POINT ( 'NONE',  ( 830.0000000000001137, -785.0000000000000000, 70.00000000000000000 ) ) ;
#2821 = VECTOR ( 'NONE', #104, 1000.000000000000000 ) ;
#2822 = CC_DESIGN_DATE_AND_TIME_ASSIGNMENT ( #3159, #2866, ( #1889 ) ) ;
#2823 = ORIENTED_EDGE ( 'NONE', *, *, #4445, .F. ) ;
#2824 = LINE ( 'NONE', #1575, #4707 ) ;
#2825 = LINE ( 'NONE', #4799, #3595 ) ;
#2826 = ORIENTED_EDGE ( 'NONE', *, *, #3977, .F. ) ;
#2827 = EDGE_CURVE ( 'NONE', #1158, #2272, #4429, .T. ) ;
#2828 = FACE_OUTER_BOUND ( 'NONE', #2523, .T. ) ;
#2829 = DIRECTION ( 'NONE',  ( 0.000000000000000000, -1.000000000000000000, 0.000000000000000000 ) ) ;
#2830 = CYLINDRICAL_SURFACE ( 'NONE', #2292, 6.450000000000001066 ) ;
#2831 = EDGE_LOOP ( 'NONE', ( #1358, #3122 ) ) ;
#2832 = CARTESIAN_POINT ( 'NONE',  ( 15.90000000000000036, -630.2500000000001137, 586.0000000000001137 ) ) ;
#2833 = LINE ( 'NONE', #4393, #3900 ) ;
#2834 = CARTESIAN_POINT ( 'NONE',  ( 878.0000000000000000, -93.24999999999987210, 586.8000000000001819 ) ) ;
#2835 = APPROVAL_ROLE ( '' ) ;
#2836 = VERTEX_POINT ( 'NONE', #3110 ) ;
#2837 = DIRECTION ( 'NONE',  ( 0.000000000000000000, 0.000000000000000000, -1.000000000000000000 ) ) ;
#2838 = ORIENTED_EDGE ( 'NONE', *, *, #2785, .T. ) ;
#2839 = LINE ( 'NONE', #1429, #1853 ) ;
#2840 = CARTESIAN_POINT ( 'NONE',  ( 870.0000000000000000, -57.00000000000000000, 570.0000000000001137 ) ) ;
#2841 = CARTESIAN_POINT ( 'NONE',  ( 30.00000000000008527, -708.0000000000000000, 2.000000000000000000 ) ) ;
#2842 = DIRECTION ( 'NONE',  ( 0.000000000000000000, -1.000000000000000000, 0.000000000000000000 ) ) ;
#2843 = CARTESIAN_POINT ( 'NONE',  ( 15.90000000000005720, -562.5000000000004547, 15.90000000000000036 ) ) ;
#2844 = ORIENTED_EDGE ( 'NONE', *, *, #2670, .F. ) ;
#2845 = EDGE_CURVE ( 'NONE', #4175, #2035, #682, .T. ) ;
#2846 = SECURITY_CLASSIFICATION_LEVEL ( 'unclassified' ) ;
#2847 = CARTESIAN_POINT ( 'NONE',  ( 830.0000000000001137, -745.0000000000000000, 527.0000000000000000 ) ) ;
#2848 = ORIENTED_EDGE ( 'NONE', *, *, #3549, .F. ) ;
#2849 = EDGE_LOOP ( 'NONE', ( #2448, #181, #409, #340 ) ) ;
#2850 = EDGE_LOOP ( 'NONE', ( #3860, #2807, #1105, #1318 ) ) ;
#2851 = PLANE ( 'NONE',  #2061 ) ;
#2852 = DIRECTION ( 'NONE',  ( -0.000000000000000000, 1.000000000000000000, -0.000000000000000000 ) ) ;
#2853 = CALENDAR_DATE ( 2026, 9, 6 ) ;
#2854 = EDGE_CURVE ( 'NONE', #368, #2672, #3004, .T. ) ;
#2855 = ORIENTED_EDGE ( 'NONE', *, *, #86, .T. ) ;
#2856 = CC_DESIGN_DATE_AND_TIME_ASSIGNMENT ( #2170, #2175, ( #3210 ) ) ;
#2857 = CARTESIAN_POINT ( 'NONE',  ( 900.0000000000001137, -74.99999999999987210, 570.0000000000001137 ) ) ;
#2858 = DATE_AND_TIME ( #4221, #3697 ) ;
#2859 = FACE_OUTER_BOUND ( 'NONE', #4392, .T. ) ;
#2860 = DIRECTION ( 'NONE',  ( -0.000000000000000000, -0.000000000000000000, -1.000000000000000000 ) ) ;
#2861 = EDGE_CURVE ( 'NONE', #2748, #401, #2008, .T. ) ;
#2862 = CARTESIAN_POINT ( 'NONE',  ( 870.0000000000000000, -142.7499999999998863, 570.0000000000001137 ) ) ;
#2863 = CARTESIAN_POINT ( 'NONE',  ( 70.00000000000002842, 0.000000000000000000, 475.0000000000001137 ) ) ;
#2864 = LOCAL_TIME ( 10, 26, 38.00000000000000000, #4112 ) ;
#2865 = ORIENTED_EDGE ( 'NONE', *, *, #3388, .T. ) ;
#2866 = DATE_TIME_ROLE ( 'classification_date' ) ;
#2867 = ORIENTED_EDGE ( 'NONE', *, *, #2905, .T. ) ;
#2868 = AXIS2_PLACEMENT_3D ( 'NONE', #2101, #4352, #2482 ) ;
#2869 = DIRECTION ( 'NONE',  ( 1.224646799147353454E-16, -1.000000000000000000, 5.782411586589351722E-16 ) ) ;
#2870 = ORIENTED_EDGE ( 'NONE', *, *, #3729, .F. ) ;
#2871 = FACE_OUTER_BOUND ( 'NONE', #3168, .T. ) ;
#2872 = ORIENTED_EDGE ( 'NONE', *, *, #1800, .T. ) ;
#2873 = FACE_BOUND ( 'NONE', #2249, .T. ) ;
#2874 = VECTOR ( 'NONE', #861, 1000.000000000000000 ) ;
#2875 = AXIS2_PLACEMENT_3D ( 'NONE', #214, #3612, #581 ) ;
#2876 = LINE ( 'NONE', #3014, #4657 ) ;
#2877 = LINE ( 'NONE', #3949, #4781 ) ;
#2878 = APPLICATION_CONTEXT ( 'configuration controlled 3d designs of mechanical parts and assemblies' ) ;
#2879 = CARTESIAN_POINT ( 'NONE',  ( 886.8000000000000682, -93.24999999999987210, 586.8000000000001819 ) ) ;
#2880 = EDGE_CURVE ( 'NONE', #2892, #1822, #3301, .T. ) ;
#2881 = VECTOR ( 'NONE', #4151, 1000.000000000000000 ) ;
#2882 = DIRECTION ( 'NONE',  ( 0.000000000000000000, -5.782411586589351722E-16, -1.000000000000000000 ) ) ;
#2883 = FACE_OUTER_BOUND ( 'NONE', #1240, .T. ) ;
#2884 = DIRECTION ( 'NONE',  ( 0.000000000000000000, 1.000000000000000000, 0.000000000000000000 ) ) ;
#2885 = EDGE_LOOP ( 'NONE', ( #2428, #3003 ) ) ;
#2886 = CC_DESIGN_PERSON_AND_ORGANIZATION_ASSIGNMENT ( #3447, #666, ( #2239 ) ) ;
#2887 = EDGE_CURVE ( 'NONE', #1045, #4201, #3356, .T. ) ;
#2888 = VECTOR ( 'NONE', #465, 1000.000000000000000 ) ;
#2889 = LINE ( 'NONE', #2928, #1439 ) ;
#2890 = ORIENTED_EDGE ( 'NONE', *, *, #2417, .F. ) ;
#2891 = EDGE_CURVE ( 'NONE', #2681, #4426, #1835, .T. ) ;
#2892 = VERTEX_POINT ( 'NONE', #4214 ) ;
#2893 = LINE ( 'NONE', #1173, #4672 ) ;
#2894 = CARTESIAN_POINT ( 'NONE',  ( 15.00000000000008527, 243.5000000000000000, 0.000000000000000000 ) ) ;
#2895 = AXIS2_PLACEMENT_3D ( 'NONE', #1676, #3529, #4281 ) ;
#2896 = DIRECTION ( 'NONE',  ( -0.000000000000000000, 1.000000000000000000, -0.000000000000000000 ) ) ;
#2897 = ORIENTED_EDGE ( 'NONE', *, *, #1860, .T. ) ;
#2898 = AXIS2_PLACEMENT_3D ( 'NONE', #3853, #4618, #3868 ) ;
#2899 = AXIS2_PLACEMENT_3D ( 'NONE', #2307, #3816, #3413 ) ;
#2900 = DIRECTION ( 'NONE',  ( 0.000000000000000000, 0.000000000000000000, 1.000000000000000000 ) ) ;
#2901 = VERTEX_POINT ( 'NONE', #1963 ) ;
#2902 = ORIENTED_EDGE ( 'NONE', *, *, #2006, .F. ) ;
#2903 = CARTESIAN_POINT ( 'NONE',  ( 870.0000000000000000, -93.24999999999987210, 586.8000000000001819 ) ) ;
#2904 = ORIENTED_EDGE ( 'NONE', *, *, #161, .T. ) ;
#2905 = EDGE_CURVE ( 'NONE', #23, #1277, #2123, .T. ) ;
#2906 = ORIENTED_EDGE ( 'NONE', *, *, #1982, .F. ) ;
#2907 =( REPRESENTATION_RELATIONSHIP ('NONE','NONE', #3920, #3598 ) REPRESENTATION_RELATIONSHIP_WITH_TRANSFORMATION ( #3992 )SHAPE_REPRESENTATION_RELATIONSHIP( ) );
#2908 = DIRECTION ( 'NONE',  ( 0.000000000000000000, 0.000000000000000000, 1.000000000000000000 ) ) ;
#2909 = CALENDAR_DATE ( 2026, 9, 6 ) ;
#2910 = AXIS2_PLACEMENT_3D ( 'NONE', #3954, #1706, #4330 ) ;
#2911 = ORIENTED_EDGE ( 'NONE', *, *, #769, .T. ) ;
#2912 = ORIENTED_EDGE ( 'NONE', *, *, #1956, .T. ) ;
#2913 = CARTESIAN_POINT ( 'NONE',  ( 33.00000000000005684, -293.5000000000000000, 22.00000000000000000 ) ) ;
#2914 = VERTEX_POINT ( 'NONE', #4649 ) ;
#2915 = EDGE_CURVE ( 'NONE', #2098, #2385, #2306, .T. ) ;
#2916 = LOCAL_TIME ( 10, 26, 38.00000000000000000, #1817 ) ;
#2917 = CARTESIAN_POINT ( 'NONE',  ( 70.00000000000008527, -800.0000000000000000, 500.0000000000000000 ) ) ;
#2918 = EDGE_LOOP ( 'NONE', ( #1034, #1633, #3804, #820 ) ) ;
#2919 = CARTESIAN_POINT ( 'NONE',  ( 13.20000000000000995, -93.24999999999998579, 594.8000000000001819 ) ) ;
#2920 = PERSON_AND_ORGANIZATION ( #1608, #3702 ) ;
#2921 = ORIENTED_EDGE ( 'NONE', *, *, #3507, .T. ) ;
#2922 = ORIENTED_EDGE ( 'NONE', *, *, #2496, .F. ) ;
#2923 = FACE_BOUND ( 'NONE', #1406, .T. ) ;
#2924 = LINE ( 'NONE', #3137, #189 ) ;
#2925 = EDGE_LOOP ( 'NONE', ( #989, #4366, #2706, #295 ) ) ;
#2926 = SECURITY_CLASSIFICATION_LEVEL ( 'unclassified' ) ;
#2927 = CARTESIAN_POINT ( 'NONE',  ( 830.0000000000001137, -745.0000000000000000, 480.0000000000000568 ) ) ;
#2928 = CARTESIAN_POINT ( 'NONE',  ( 69.99999999999998579, 0.000000000000000000, 110.9999999999999858 ) ) ;
#2929 = ORIENTED_EDGE ( 'NONE', *, *, #2386, .F. ) ;
#2930 = CYLINDRICAL_SURFACE ( 'NONE', #1352, 26.99999999999999645 ) ;
#2931 = CARTESIAN_POINT ( 'NONE',  ( 878.0000000000000000, -93.24999999999987210, 594.8000000000001819 ) ) ;
#2932 = EDGE_LOOP ( 'NONE', ( #3395, #1538 ) ) ;
#2933 = DIRECTION ( 'NONE',  ( 0.000000000000000000, 0.000000000000000000, -1.000000000000000000 ) ) ;
#2934 = PRODUCT_DEFINITION_SHAPE ( 'NONE', 'NONE',  #4157 ) ;
#2935 = CIRCLE ( 'NONE', #3988, 5.000000000000000888 ) ;
#2936 = CARTESIAN_POINT ( 'NONE',  ( 830.0000000000001137, -785.0000000000000000, 50.00000000000004263 ) ) ;
#2937 = FACE_OUTER_BOUND ( 'NONE', #3912, .T. ) ;
#2938 = DIRECTION ( 'NONE',  ( 0.000000000000000000, -0.000000000000000000, -1.000000000000000000 ) ) ;
#2939 = ORIENTED_EDGE ( 'NONE', *, *, #2732, .T. ) ;
#2940 = LINE ( 'NONE', #3418, #4839 ) ;
#2941 = DIRECTION ( 'NONE',  ( 0.000000000000000000, 0.000000000000000000, 1.000000000000000000 ) ) ;
#2942 = FACE_BOUND ( 'NONE', #4459, .T. ) ;
#2943 = ORIENTED_EDGE ( 'NONE', *, *, #1513, .F. ) ;
#2944 = AXIS2_PLACEMENT_3D ( 'NONE', #2834, #2119, #3626 ) ;
#2945 = CYLINDRICAL_SURFACE ( 'NONE', #2810, 26.99999999999999645 ) ;
#2946 =( REPRESENTATION_RELATIONSHIP ('NONE','NONE', #3920, #752 ) REPRESENTATION_RELATIONSHIP_WITH_TRANSFORMATION ( #1276 )SHAPE_REPRESENTATION_RELATIONSHIP( ) );
#2947 = VECTOR ( 'NONE', #3677, 1000.000000000000000 ) ;
#2948 = ORIENTED_EDGE ( 'NONE', *, *, #1089, .T. ) ;
#2949 = CARTESIAN_POINT ( 'NONE',  ( 0.000000000000000000, 0.000000000000000000, 120.0000000000000000 ) ) ;
#2950 = EDGE_CURVE ( 'NONE', #2901, #2836, #325, .T. ) ;
#2951 = VECTOR ( 'NONE', #4361, 1000.000000000000000 ) ;
#2952 = CARTESIAN_POINT ( 'NONE',  ( 70.00000000000008527, -785.0000000000000000, 527.0000000000000000 ) ) ;
#2953 = CC_DESIGN_DATE_AND_TIME_ASSIGNMENT ( #1402, #758, ( #517 ) ) ;
#2954 = ORIENTED_EDGE ( 'NONE', *, *, #1006, .F. ) ;
#2955 = CARTESIAN_POINT ( 'NONE',  ( 0.000000000000000000, 0.000000000000000000, -1.500000000000000000 ) ) ;
#2956 = CARTESIAN_POINT ( 'NONE',  ( 878.0000000000000000, -142.7499999999998863, 586.8000000000001819 ) ) ;
#2957 = DIRECTION ( 'NONE',  ( 0.000000000000000000, 0.000000000000000000, -1.000000000000000000 ) ) ;
#2958 = DIRECTION ( 'NONE',  ( -1.000000000000000000, 0.000000000000000000, 0.000000000000000000 ) ) ;
#2959 = VERTEX_POINT ( 'NONE', #3921 ) ;
#2960 = VECTOR ( 'NONE', #307, 1000.000000000000000 ) ;
#2961 = ORIENTED_EDGE ( 'NONE', *, *, #4660, .T. ) ;
#2962 = CARTESIAN_POINT ( 'NONE',  ( 840.0000000000001137, -142.0000000000000000, 100.9999999999999858 ) ) ;
#2963 = AXIS2_PLACEMENT_3D ( 'NONE', #644, #1505, #2115 ) ;
#2964 = PERSON_AND_ORGANIZATION_ROLE ( 'creator' ) ;
#2965 = ORIENTED_EDGE ( 'NONE', *, *, #4822, .T. ) ;
#2966 = DIRECTION ( 'NONE',  ( -0.000000000000000000, 0.000000000000000000, 1.000000000000000000 ) ) ;
#2967 = CARTESIAN_POINT ( 'NONE',  ( 870.0000000000000000, -57.00000000000000000, 546.0000000000000000 ) ) ;
#2968 = VERTEX_POINT ( 'NONE', #1665 ) ;
#2969 = AXIS2_PLACEMENT_3D ( 'NONE', #286, #3974, #3260 ) ;
#2970 = DIRECTION ( 'NONE',  ( -0.000000000000000000, -0.000000000000000000, -1.000000000000000000 ) ) ;
#2971 = ORIENTED_EDGE ( 'NONE', *, *, #1076, .T. ) ;
#2972 = AXIS2_PLACEMENT_3D ( 'NONE', #1407, #3283, #1037 ) ;
#2973 = CARTESIAN_POINT ( 'NONE',  ( 830.0000000000001137, -745.0000000000000000, 70.00000000000000000 ) ) ;
#2974 = PERSON_AND_ORGANIZATION ( #3893, #4520 ) ;
#2975 = ORIENTED_EDGE ( 'NONE', *, *, #991, .T. ) ;
#2976 = ADVANCED_FACE ( 'NONE', ( #3411 ), #190, .F. ) ;
#2977 = DIRECTION ( 'NONE',  ( -1.000000000000000000, 0.000000000000000000, -0.000000000000000000 ) ) ;
#2978 = CARTESIAN_POINT ( 'NONE',  ( 30.00000000000001421, -142.7500000000000000, 586.8000000000001819 ) ) ;
#2979 = CALENDAR_DATE ( 2026, 9, 6 ) ;
#2980 = EDGE_CURVE ( 'NONE', #848, #4772, #2248, .T. ) ;
#2981 = DIRECTION ( 'NONE',  ( 0.000000000000000000, -0.000000000000000000, -1.000000000000000000 ) ) ;
#2982 = FACE_OUTER_BOUND ( 'NONE', #4159, .T. ) ;
#2983 = CARTESIAN_POINT ( 'NONE',  ( 30.00000000000016698, -57.00000000000000000, 2.000000000000000000 ) ) ;
#2984 = APPROVAL ( #1261, '未指定' ) ;
#2985 = VERTEX_POINT ( 'NONE', #2376 ) ;
#2986 = DIRECTION ( 'NONE',  ( -0.000000000000000000, -0.000000000000000000, -1.000000000000000000 ) ) ;
#2987 = EDGE_CURVE ( 'NONE', #535, #4375, #2818, .T. ) ;
#2988 = CARTESIAN_POINT ( 'NONE',  ( 0.000000000000000000, 0.000000000000000000, 20.00000000000000000 ) ) ;
#2989 = DIRECTION ( 'NONE',  ( 1.000000000000000000, 0.000000000000000000, 0.000000000000000000 ) ) ;
#2990 = VECTOR ( 'NONE', #2310, 1000.000000000000000 ) ;
#2991 = ORIENTED_EDGE ( 'NONE', *, *, #2014, .T. ) ;
#2992 = VERTEX_POINT ( 'NONE', #3533 ) ;
#2993 = CIRCLE ( 'NONE', #2910, 27.00000000000002487 ) ;
#2994 = DIRECTION ( 'NONE',  ( 0.000000000000000000, 0.000000000000000000, -1.000000000000000000 ) ) ;
#2995 = DIRECTION ( 'NONE',  ( -1.000000000000000000, 0.000000000000000000, 0.000000000000000000 ) ) ;
#2996 = AXIS2_PLACEMENT_3D ( 'NONE', #3639, #2524, #1401 ) ;
#2997 = LINE ( 'NONE', #2762, #1133 ) ;
#2998 = ORIENTED_EDGE ( 'NONE', *, *, #2488, .T. ) ;
#2999 = CONICAL_SURFACE ( 'NONE', #2136, 4.000000000000017764, 0.7853981633974460586 ) ;
#3000 =( REPRESENTATION_RELATIONSHIP ('NONE','NONE', #3920, #3994 ) REPRESENTATION_RELATIONSHIP_WITH_TRANSFORMATION ( #2279 )SHAPE_REPRESENTATION_RELATIONSHIP( ) );
#3001 = CARTESIAN_POINT ( 'NONE',  ( 15.90000000000000036, -93.24999999999998579, 591.0500000000000682 ) ) ;
#3002 = AXIS2_PLACEMENT_3D ( 'NONE', #4259, #3116, #3536 ) ;
#3003 = ORIENTED_EDGE ( 'NONE', *, *, #1334, .T. ) ;
#3004 = CIRCLE ( 'NONE', #1157, 6.450000000000001066 ) ;
#3005 = CARTESIAN_POINT ( 'NONE',  ( 70.00000000000008527, -730.0000000000000000, 500.0000000000000000 ) ) ;
#3006 = CIRCLE ( 'NONE', #4747, 19.99999999999996092 ) ;
#3007 = PRODUCT ( '地柜13-柜体_地柜13-柜体', '地柜13-柜体_地柜13-柜体', '', ( #4446 ) ) ;
#3008 = CARTESIAN_POINT ( 'NONE',  ( 830.0000000000001137, -745.0000000000000000, 70.00000000000000000 ) ) ;
#3009 = CARTESIAN_POINT ( 'NONE',  ( 13.20000000000000817, -142.7500000000000000, 586.8000000000001819 ) ) ;
#3010 = VECTOR ( 'NONE', #1838, 1000.000000000000000 ) ;
#3011 = VECTOR ( 'NONE', #105, 1000.000000000000000 ) ;
#3012 = DIRECTION ( 'NONE',  ( 2.745500257537979014E-16, -1.000000000000000000, -0.000000000000000000 ) ) ;
#3013 = EDGE_CURVE ( 'NONE', #4796, #3241, #2418, .T. ) ;
#3014 = CARTESIAN_POINT ( 'NONE',  ( 60.00000000000000000, 0.000000000000000000, 101.0000000000000853 ) ) ;
#3015 = CARTESIAN_POINT ( 'NONE',  ( 830.0000000000001137, -745.0000000000000000, 500.0000000000000000 ) ) ;
#3016 = LINE ( 'NONE', #4824, #4848 ) ;
#3017 = LINE ( 'NONE', #200, #2207 ) ;
#3018 = CARTESIAN_POINT ( 'NONE',  ( 15.90000000000005720, 342.0000000000000000, 15.90000000000000036 ) ) ;
#3019 = EDGE_CURVE ( 'NONE', #2097, #2458, #3587, .T. ) ;
#3020 = ADVANCED_FACE ( 'NONE', ( #2480 ), #1680, .T. ) ;
#3021 = CARTESIAN_POINT ( 'NONE',  ( 13.20000000000000817, -630.2500000000001137, 586.8000000000001819 ) ) ;
#3022 = CARTESIAN_POINT ( 'NONE',  ( 60.00000000000000000, -142.0000000000000000, 101.0000000000000853 ) ) ;
#3023 = SECURITY_CLASSIFICATION ( '', '', #3716 ) ;
#3024 = ORIENTED_EDGE ( 'NONE', *, *, #4617, .T. ) ;
#3025 = CYLINDRICAL_SURFACE ( 'NONE', #3226, 5.049999999999998934 ) ;
#3026 = DIRECTION ( 'NONE',  ( 0.000000000000000000, -1.000000000000000000, 0.000000000000000000 ) ) ;
#3027 = VERTEX_POINT ( 'NONE', #573 ) ;
#3028 = EDGE_LOOP ( 'NONE', ( #4689, #879, #4223, #4232 ) ) ;
#3029 = CARTESIAN_POINT ( 'NONE',  ( 894.8000000000000682, -142.7499999999998863, 570.0000000000001137 ) ) ;
#3030 = DIRECTION ( 'NONE',  ( -1.000000000000000000, -1.224646799147353454E-16, -0.000000000000000000 ) ) ;
#3031 = CARTESIAN_POINT ( 'NONE',  ( 15.90000000000005720, 343.5000000000000000, 22.40000000000000568 ) ) ;
#3032 = ORIENTED_EDGE ( 'NONE', *, *, #4034, .F. ) ;
#3033 = VERTEX_POINT ( 'NONE', #3183 ) ;
#3034 = VERTEX_POINT ( 'NONE', #2068 ) ;
#3035 = ORIENTED_EDGE ( 'NONE', *, *, #1947, .T. ) ;
#3036 = LINE ( 'NONE', #4337, #1923 ) ;
#3037 = DIRECTION ( 'NONE',  ( -0.000000000000000000, -1.000000000000000000, -0.000000000000000000 ) ) ;
#3038 = DIRECTION ( 'NONE',  ( -1.000000000000000000, -1.224646799147353454E-16, 0.000000000000000000 ) ) ;
#3039 = DATE_AND_TIME ( #4754, #3869 ) ;
#3040 = CARTESIAN_POINT ( 'NONE',  ( 894.8000000000000682, -142.7499999999998863, 586.8000000000001819 ) ) ;
#3041 = PLANE ( 'NONE',  #4644 ) ;
#3042 = COORDINATED_UNIVERSAL_TIME_OFFSET ( 8, 0, .AHEAD. ) ;
#3043 = ORIENTED_EDGE ( 'NONE', *, *, #3609, .F. ) ;
#3044 = DIRECTION ( 'NONE',  ( -1.000000000000000000, -0.000000000000000000, -0.000000000000000000 ) ) ;
#3045 = ORIENTED_EDGE ( 'NONE', *, *, #1357, .F. ) ;
#3046 = EDGE_CURVE ( 'NONE', #3918, #3498, #439, .T. ) ;
#3047 = CARTESIAN_POINT ( 'NONE',  ( 70.00000000000009948, -785.0000000000000000, 50.00000000000000000 ) ) ;
#3048 = CALENDAR_DATE ( 2026, 9, 6 ) ;
#3049 = FACE_OUTER_BOUND ( 'NONE', #3080, .T. ) ;
#3050 = CC_DESIGN_PERSON_AND_ORGANIZATION_ASSIGNMENT ( #2974, #396, ( #1019 ) ) ;
#3051 = ORIENTED_EDGE ( 'NONE', *, *, #4755, .T. ) ;
#3052 = LINE ( 'NONE', #781, #2057 ) ;
#3053 = MANIFOLD_SOLID_BREP ( '切除-拉伸3[2]', #1699 ) ;
#3054 = CARTESIAN_POINT ( 'NONE',  ( 900.0000000000001137, -17.99999999999988631, 570.0000000000001137 ) ) ;
#3055 = EDGE_CURVE ( 'NONE', #1062, #3027, #2997, .T. ) ;
#3056 = EDGE_LOOP ( 'NONE', ( #2135, #493, #4327, #124 ) ) ;
#3057 = LINE ( 'NONE', #2096, #4165 ) ;
#3058 = VECTOR ( 'NONE', #3118, 1000.000000000000000 ) ;
#3059 = VERTEX_POINT ( 'NONE', #3161 ) ;
#3060 = CARTESIAN_POINT ( 'NONE',  ( 900.0000000000001137, 0.000000000000000000, 600.1000000000000227 ) ) ;
#3061 = VECTOR ( 'NONE', #2775, 1000.000000000000000 ) ;
#3062 = DIRECTION ( 'NONE',  ( 0.000000000000000000, -0.000000000000000000, 1.000000000000000000 ) ) ;
#3063 = VECTOR ( 'NONE', #3857, 1000.000000000000000 ) ;
#3064 = DIRECTION ( 'NONE',  ( -1.000000000000000000, -0.000000000000000000, -0.000000000000000000 ) ) ;
#3065 = AXIS2_PLACEMENT_3D ( 'NONE', #3638, #4024, #2151 ) ;
#3066 = VECTOR ( 'NONE', #1461, 1000.000000000000000 ) ;
#3067 = CIRCLE ( 'NONE', #3824, 27.00000000000002487 ) ;
#3068 = CARTESIAN_POINT ( 'NONE',  ( 878.0000000000000000, -142.7499999999998863, 594.8000000000001819 ) ) ;
#3069 = AXIS2_PLACEMENT_3D ( 'NONE', #4005, #2122, #1012 ) ;
#3070 = CARTESIAN_POINT ( 'NONE',  ( 886.8000000000002956, -630.2499999999998863, 594.8000000000001819 ) ) ;
#3071 = DIRECTION ( 'NONE',  ( -1.000000000000000000, 0.000000000000000000, 1.626303258728256404E-16 ) ) ;
#3072 = PRODUCT ( '地柜13-柜门_地柜13-柜门', '地柜13-柜门_地柜13-柜门', '', ( #3577 ) ) ;
#3073 = VECTOR ( 'NONE', #1095, 1000.000000000000000 ) ;
#3074 = ORIENTED_EDGE ( 'NONE', *, *, #2639, .T. ) ;
#3075 = AXIS2_PLACEMENT_3D ( 'NONE', #2157, #4821, #3317 ) ;
#3076 = EDGE_LOOP ( 'NONE', ( #4589, #2302, #1260, #2921 ) ) ;
#3077 = EDGE_CURVE ( 'NONE', #1882, #1944, #4835, .T. ) ;
#3078 = DIRECTION ( 'NONE',  ( 0.000000000000000000, 0.000000000000000000, 1.000000000000000000 ) ) ;
#3079 = CARTESIAN_POINT ( 'NONE',  ( 884.1000000000002501, -630.2499999999998863, 586.0000000000001137 ) ) ;
#3080 = EDGE_LOOP ( 'NONE', ( #1290, #711, #1029, #3843, #2678, #4407 ) ) ;
#3081 = LINE ( 'NONE', #1090, #2556 ) ;
#3082 =( GEOMETRIC_REPRESENTATION_CONTEXT ( 3 ) GLOBAL_UNCERTAINTY_ASSIGNED_CONTEXT ( ( #673 ) ) GLOBAL_UNIT_ASSIGNED_CONTEXT ( ( #3149, #3171, #3909 ) ) REPRESENTATION_CONTEXT ( 'NONE', 'WORKASPACE' ) );
#3083 = EDGE_CURVE ( 'NONE', #107, #3097, #4186, .T. ) ;
#3084 = EDGE_LOOP ( 'NONE', ( #2165, #3519 ) ) ;
#3085 = DATE_TIME_ROLE ( 'classification_date' ) ;
#3086 = DIRECTION ( 'NONE',  ( -0.000000000000000000, 1.000000000000000000, -0.000000000000000000 ) ) ;
#3087 = DIRECTION ( 'NONE',  ( 0.000000000000000000, -1.000000000000000000, 0.000000000000000000 ) ) ;
#3088 = ORIENTED_EDGE ( 'NONE', *, *, #2006, .T. ) ;
#3089 = CARTESIAN_POINT ( 'NONE',  ( 28.00000000000005684, 243.5000000000000000, 27.00000000000000000 ) ) ;
#3090 = CARTESIAN_POINT ( 'NONE',  ( 0.000000000000000000, 0.000000000000000000, 570.0000000000001137 ) ) ;
#3091 = ORIENTED_EDGE ( 'NONE', *, *, #3112, .F. ) ;
#3092 = ORIENTED_EDGE ( 'NONE', *, *, #4581, .T. ) ;
#3093 = VERTEX_POINT ( 'NONE', #936 ) ;
#3094 = VERTEX_POINT ( 'NONE', #1695 ) ;
#3095 = DIRECTION ( 'NONE',  ( 0.000000000000000000, -1.000000000000000000, 0.000000000000000000 ) ) ;
#3096 = CALENDAR_DATE ( 2026, 9, 6 ) ;
#3097 = VERTEX_POINT ( 'NONE', #3874 ) ;
#3098 = AXIS2_PLACEMENT_3D ( 'NONE', #3125, #2359, #500 ) ;
#3099 = CARTESIAN_POINT ( 'NONE',  ( 894.8000000000000682, -93.24999999999987210, 586.8000000000001819 ) ) ;
#3100 = LOCAL_TIME ( 10, 26, 38.00000000000000000, #114 ) ;
#3101 = DIRECTION ( 'NONE',  ( 0.000000000000000000, 0.000000000000000000, -1.000000000000000000 ) ) ;
#3102 = DIRECTION ( 'NONE',  ( -1.000000000000000000, 0.000000000000000000, 0.000000000000000000 ) ) ;
#3103 = CARTESIAN_POINT ( 'NONE',  ( 884.1000000000002501, -679.7499999999998863, 586.0000000000001137 ) ) ;
#3104 = CALENDAR_DATE ( 2026, 9, 6 ) ;
#3105 = EDGE_CURVE ( 'NONE', #3810, #1368, #378, .T. ) ;
#3106 = VERTEX_POINT ( 'NONE', #4767 ) ;
#3107 = DIRECTION ( 'NONE',  ( 1.000000000000000000, 2.745500257537979014E-16, 0.000000000000000000 ) ) ;
#3108 = ORIENTED_EDGE ( 'NONE', *, *, #2553, .T. ) ;
#3109 = SHAPE_REPRESENTATION_RELATIONSHIP ( 'NONE' , 'NONE' ,  #752, #2254 ) ;
#3110 = CARTESIAN_POINT ( 'NONE',  ( 30.00000000000002842, -75.00000000000000000, 546.0000000000000000 ) ) ;
#3111 = ORIENTED_EDGE ( 'NONE', *, *, #2386, .T. ) ;
#3112 = EDGE_CURVE ( 'NONE', #309, #4448, #2935, .T. ) ;
#3113 = VECTOR ( 'NONE', #42, 1000.000000000000000 ) ;
#3114 = APPROVAL ( #4080, 'UNKNOWN' ) ;
#3115 = DIRECTION ( 'NONE',  ( 0.000000000000000000, 0.000000000000000000, -1.000000000000000000 ) ) ;
#3116 = DIRECTION ( 'NONE',  ( 0.000000000000000000, 0.000000000000000000, -1.000000000000000000 ) ) ;
#3117 = LINE ( 'NONE', #97, #132 ) ;
#3118 = DIRECTION ( 'NONE',  ( -1.000000000000000000, -0.000000000000000000, -0.000000000000000000 ) ) ;
#3119 = EDGE_CURVE ( 'NONE', #3097, #4231, #3829, .T. ) ;
#3120 = LINE ( 'NONE', #4545, #380 ) ;
#3121 = DIRECTION ( 'NONE',  ( -0.000000000000000000, 1.000000000000000000, -0.000000000000000000 ) ) ;
#3122 = ORIENTED_EDGE ( 'NONE', *, *, #2891, .F. ) ;
#3123 = DIRECTION ( 'NONE',  ( -0.000000000000000000, 0.000000000000000000, 1.000000000000000000 ) ) ;
#3124 = LINE ( 'NONE', #3029, #2713 ) ;
#3125 = CARTESIAN_POINT ( 'NONE',  ( 894.8000000000000682, -93.24999999999987210, 570.0000000000001137 ) ) ;
#3126 = LINE ( 'NONE', #1731, #264 ) ;
#3127 = ADVANCED_FACE ( 'NONE', ( #3953 ), #4387, .F. ) ;
#3128 = CIRCLE ( 'NONE', #4740, 8.000000000000007105 ) ;
#3129 = FACE_OUTER_BOUND ( 'NONE', #3314, .T. ) ;
#3130 = ORIENTED_EDGE ( 'NONE', *, *, #716, .F. ) ;
#3131 = ADVANCED_FACE ( 'NONE', ( #1485, #2002 ), #3995, .F. ) ;
#3132 = DIRECTION ( 'NONE',  ( 0.000000000000000000, -1.000000000000000000, 0.000000000000000000 ) ) ;
#3133 = LINE ( 'NONE', #2817, #2951 ) ;
#3134 = DIRECTION ( 'NONE',  ( 0.000000000000000000, -0.000000000000000000, 1.000000000000000000 ) ) ;
#3135 =( NAMED_UNIT ( * ) SI_UNIT ( $, .STERADIAN. ) SOLID_ANGLE_UNIT ( ) );
#3136 = ORIENTED_EDGE ( 'NONE', *, *, #1794, .F. ) ;
#3137 = CARTESIAN_POINT ( 'NONE',  ( 900.0000000000001137, -74.99999999999988631, 546.0000000000000000 ) ) ;
#3138 = VERTEX_POINT ( 'NONE', #3195 ) ;
#3139 = EDGE_CURVE ( 'NONE', #4647, #895, #3714, .T. ) ;
#3140 = ADVANCED_FACE ( 'NONE', ( #4301, #2193 ), #3934, .F. ) ;
#3141 = PRODUCT_DEFINITION_FORMATION_WITH_SPECIFIED_SOURCE ( '任何', '', #3504, .NOT_KNOWN. ) ;
#3142 = ORIENTED_EDGE ( 'NONE', *, *, #3, .F. ) ;
#3143 = ORIENTED_EDGE ( 'NONE', *, *, #4864, .F. ) ;
#3144 = DIRECTION ( 'NONE',  ( -0.000000000000000000, -1.000000000000000000, -0.000000000000000000 ) ) ;
#3145 = EDGE_CURVE ( 'NONE', #454, #182, #1945, .T. ) ;
#3146 = CARTESIAN_POINT ( 'NONE',  ( 878.0000000000002274, -630.2499999999998863, 586.8000000000001819 ) ) ;
#3147 = ORIENTED_EDGE ( 'NONE', *, *, #2794, .F. ) ;
#3148 = APPROVAL_PERSON_ORGANIZATION ( #2974, #2016, #775 ) ;
#3149 =( LENGTH_UNIT ( ) NAMED_UNIT ( * ) SI_UNIT ( .MILLI., .METRE. ) );
#3150 = ORIENTED_EDGE ( 'NONE', *, *, #308, .F. ) ;
#3151 = EDGE_LOOP ( 'NONE', ( #2137, #3032, #648, #2509 ) ) ;
#3152 = ORIENTED_EDGE ( 'NONE', *, *, #3145, .F. ) ;
#3153 = EDGE_CURVE ( 'NONE', #3093, #1522, #4239, .T. ) ;
#3154 = ADVANCED_FACE ( 'NONE', ( #1718 ), #1249, .T. ) ;
#3155 = COORDINATED_UNIVERSAL_TIME_OFFSET ( 8, 0, .AHEAD. ) ;
#3156 = DIRECTION ( 'NONE',  ( 0.000000000000000000, -0.000000000000000000, -1.000000000000000000 ) ) ;
#3157 = CARTESIAN_POINT ( 'NONE',  ( 70.00000000000009948, -785.0000000000000000, 90.00000000000001421 ) ) ;
#3158 = AXIS2_PLACEMENT_3D ( 'NONE', #1991, #1212, #2375 ) ;
#3159 = DATE_AND_TIME ( #1176, #3568 ) ;
#3160 = ORIENTED_EDGE ( 'NONE', *, *, #3774, .F. ) ;
#3161 = CARTESIAN_POINT ( 'NONE',  ( 30.00000000000008527, -708.0000000000000000, -0.000000000000000000 ) ) ;
#3162 = CARTESIAN_POINT ( 'NONE',  ( 900.0000000000001137, -74.99999999999988631, 546.0000000000000000 ) ) ;
#3163 = ORIENTED_EDGE ( 'NONE', *, *, #1460, .T. ) ;
#3164 = ADVANCED_FACE ( 'NONE', ( #2704 ), #736, .T. ) ;
#3165 = FACE_BOUND ( 'NONE', #3494, .T. ) ;
#3166 = APPROVAL_PERSON_ORGANIZATION ( #1180, #2984, #3880 ) ;
#3167 = DIRECTION ( 'NONE',  ( 0.000000000000000000, 0.000000000000000000, -1.000000000000000000 ) ) ;
#3168 = EDGE_LOOP ( 'NONE', ( #350, #3108 ) ) ;
#3169 = ORIENTED_EDGE ( 'NONE', *, *, #2880, .F. ) ;
#3170 = LINE ( 'NONE', #251, #1004 ) ;
#3171 =( NAMED_UNIT ( * ) PLANE_ANGLE_UNIT ( ) SI_UNIT ( $, .RADIAN. ) );
#3172 = CARTESIAN_POINT ( 'NONE',  ( 70.00000000000009948, -800.0000000000000000, 70.00000000000000000 ) ) ;
#3173 = VERTEX_POINT ( 'NONE', #4209 ) ;
#3174 = EDGE_CURVE ( 'NONE', #2266, #2914, #1192, .T. ) ;
#3175 = VECTOR ( 'NONE', #19, 1000.000000000000000 ) ;
#3176 = CARTESIAN_POINT ( 'NONE',  ( 33.00000000000005684, 293.5000000000000000, 22.00000000000000000 ) ) ;
#3177 = AXIS2_PLACEMENT_3D ( 'NONE', #1528, #4146, #1163 ) ;
#3178 = ADVANCED_FACE ( 'NONE', ( #4070, #4602, #4362, #258, #2596 ), #2787, .F. ) ;
#3179 = FACE_OUTER_BOUND ( 'NONE', #1136, .T. ) ;
#3180 = ORIENTED_EDGE ( 'NONE', *, *, #4632, .T. ) ;
#3181 = EDGE_CURVE ( 'NONE', #4241, #853, #1428, .T. ) ;
#3182 = VECTOR ( 'NONE', #2330, 1000.000000000000000 ) ;
#3183 = CARTESIAN_POINT ( 'NONE',  ( 15.90000000000005720, 342.0000000000000568, 10.90000000000000036 ) ) ;
#3184 = VECTOR ( 'NONE', #1236, 1000.000000000000000 ) ;
#3185 = CARTESIAN_POINT ( 'NONE',  ( 28.00000000000005684, -293.5000000000000000, 27.00000000000000000 ) ) ;
#3186 = DIRECTION ( 'NONE',  ( 0.000000000000000000, 1.000000000000000000, 0.000000000000000000 ) ) ;
#3187 = VECTOR ( 'NONE', #3461, 1000.000000000000000 ) ;
#3188 = VECTOR ( 'NONE', #3501, 1000.000000000000000 ) ;
#3189 = ORIENTED_EDGE ( 'NONE', *, *, #1139, .T. ) ;
#3190 =( NAMED_UNIT ( * ) SI_UNIT ( $, .STERADIAN. ) SOLID_ANGLE_UNIT ( ) );
#3191 = VECTOR ( 'NONE', #2145, 1000.000000000000000 ) ;
#3192 = ORIENTED_EDGE ( 'NONE', *, *, #332, .T. ) ;
#3193 = AXIS2_PLACEMENT_3D ( 'NONE', #4474, #2223, #4770 ) ;
#3194 = ORIENTED_EDGE ( 'NONE', *, *, #3207, .F. ) ;
#3195 = CARTESIAN_POINT ( 'NONE',  ( 60.00000000000000000, 0.000000000000000000, 101.0000000000000853 ) ) ;
#3196 = DIRECTION ( 'NONE',  ( 2.745500257537979014E-16, -1.000000000000000000, -0.000000000000000000 ) ) ;
#3197 = CARTESIAN_POINT ( 'NONE',  ( 5.200000000000006395, -93.24999999999998579, 570.0000000000001137 ) ) ;
#3198 = ORIENTED_EDGE ( 'NONE', *, *, #4377, .T. ) ;
#3199 = ADVANCED_FACE ( 'NONE', ( #1604 ), #2661, .F. ) ;
#3200 = DIRECTION ( 'NONE',  ( 1.000000000000000000, 0.000000000000000000, 0.000000000000000000 ) ) ;
#3201 = AXIS2_PLACEMENT_3D ( 'NONE', #2988, #1866, #764 ) ;
#3202 = EDGE_LOOP ( 'NONE', ( #3627, #3821, #677, #1790 ) ) ;
#3203 = DIRECTION ( 'NONE',  ( 2.745500257537979014E-16, -1.000000000000000000, -0.000000000000000000 ) ) ;
#3204 = CARTESIAN_POINT ( 'NONE',  ( 15.90000000000000036, -630.2500000000001137, 580.9500000000000455 ) ) ;
#3205 = MANIFOLD_SOLID_BREP ( '倒角1', #1579 ) ;
#3206 = ADVANCED_FACE ( 'NONE', ( #4485 ), #2290, .F. ) ;
#3207 = EDGE_CURVE ( 'NONE', #23, #1551, #3957, .T. ) ;
#3208 = ORIENTED_EDGE ( 'NONE', *, *, #1334, .F. ) ;
#3209 = EDGE_LOOP ( 'NONE', ( #2354, #399, #1509, #2627 ) ) ;
#3210 = SECURITY_CLASSIFICATION ( '', '', #1091 ) ;
#3211 = ORIENTED_EDGE ( 'NONE', *, *, #3312, .T. ) ;
#3212 = CARTESIAN_POINT ( 'NONE',  ( 830.0000000000001137, -745.0000000000000000, 70.00000000000000000 ) ) ;
#3213 = ORIENTED_EDGE ( 'NONE', *, *, #886, .T. ) ;
#3214 = EDGE_LOOP ( 'NONE', ( #3975, #1927, #4298, #4591 ) ) ;
#3215 = EDGE_CURVE ( 'NONE', #2959, #156, #3117, .T. ) ;
#3216 = DIRECTION ( 'NONE',  ( 1.000000000000000000, 0.000000000000000000, 0.000000000000000000 ) ) ;
#3217 = COORDINATED_UNIVERSAL_TIME_OFFSET ( 8, 0, .AHEAD. ) ;
#3218 = ADVANCED_FACE ( 'NONE', ( #4011 ), #88, .F. ) ;
#3219 = EDGE_LOOP ( 'NONE', ( #3353, #2191, #2961, #4428 ) ) ;
#3220 = VERTEX_POINT ( 'NONE', #811 ) ;
#3221 = CARTESIAN_POINT ( 'NONE',  ( 5.200000000000006395, -679.7500000000001137, 570.0000000000001137 ) ) ;
#3222 = COORDINATED_UNIVERSAL_TIME_OFFSET ( 8, 0, .AHEAD. ) ;
#3223 = VECTOR ( 'NONE', #2176, 1000.000000000000000 ) ;
#3224 = ORIENTED_EDGE ( 'NONE', *, *, #41, .T. ) ;
#3225 = CARTESIAN_POINT ( 'NONE',  ( 15.90000000000005720, -562.5000000000004547, 10.90000000000000036 ) ) ;
#3226 = AXIS2_PLACEMENT_3D ( 'NONE', #1467, #261, #4508 ) ;
#3227 = CARTESIAN_POINT ( 'NONE',  ( 15.00000000000008527, 343.5000000000000000, 15.00000000000000000 ) ) ;
#3228 = LOCAL_TIME ( 10, 26, 38.00000000000000000, #1594 ) ;
#3229 = ADVANCED_FACE ( 'NONE', ( #4124 ), #1545, .T. ) ;
#3230 = DIRECTION ( 'NONE',  ( 0.000000000000000000, -1.000000000000000000, 0.000000000000000000 ) ) ;
#3231 = VECTOR ( 'NONE', #813, 1000.000000000000000 ) ;
#3232 = AXIS2_PLACEMENT_3D ( 'NONE', #2226, #405, #382 ) ;
#3233 = ORIENTED_EDGE ( 'NONE', *, *, #2245, .T. ) ;
#3234 = VECTOR ( 'NONE', #226, 1000.000000000000000 ) ;
#3235 = APPLICATION_PROTOCOL_DEFINITION ( 'international standard', 'config_control_design', 1994, #1310 ) ;
#3236 = DIRECTION ( 'NONE',  ( 0.000000000000000000, 0.000000000000000000, 1.000000000000000000 ) ) ;
#3237 = EDGE_CURVE ( 'NONE', #730, #1948, #626, .T. ) ;
#3238 = CARTESIAN_POINT ( 'NONE',  ( 28.00000000000005684, 293.5000000000000000, 27.00000000000000000 ) ) ;
#3239 = VECTOR ( 'NONE', #2613, 1000.000000000000000 ) ;
#3240 = CC_DESIGN_SECURITY_CLASSIFICATION ( #234, ( #3141 ) ) ;
#3241 = VERTEX_POINT ( 'NONE', #1969 ) ;
#3242 = FACE_OUTER_BOUND ( 'NONE', #4424, .T. ) ;
#3243 = EDGE_CURVE ( 'NONE', #2244, #2458, #2763, .T. ) ;
#3244 = VECTOR ( 'NONE', #2196, 1000.000000000000000 ) ;
#3245 = DIRECTION ( 'NONE',  ( 0.000000000000000000, -1.000000000000000000, 0.000000000000000000 ) ) ;
#3246 = CIRCLE ( 'NONE', #1535, 27.00000000000002487 ) ;
#3247 = CARTESIAN_POINT ( 'NONE',  ( 70.00000000000008527, -785.0000000000000000, 500.0000000000000000 ) ) ;
#3248 = FACE_OUTER_BOUND ( 'NONE', #1602, .T. ) ;
#3249 = ORIENTED_EDGE ( 'NONE', *, *, #860, .F. ) ;
#3250 = CARTESIAN_POINT ( 'NONE',  ( 70.00000000000009948, -730.0000000000000000, 70.00000000000000000 ) ) ;
#3251 = ADVANCED_FACE ( 'NONE', ( #3464 ), #1606, .F. ) ;
#3252 = PERSON_AND_ORGANIZATION_ROLE ( 'design_supplier' ) ;
#3253 = DIRECTION ( 'NONE',  ( 0.000000000000000000, 0.000000000000000000, -1.000000000000000000 ) ) ;
#3254 = CARTESIAN_POINT ( 'NONE',  ( 15.90000000000005720, -562.5000000000004547, 15.90000000000000036 ) ) ;
#3255 = AXIS2_PLACEMENT_3D ( 'NONE', #3546, #150, #4297 ) ;
#3256 = ADVANCED_FACE ( 'NONE', ( #4611 ), #3848, .F. ) ;
#3257 = ORIENTED_EDGE ( 'NONE', *, *, #1168, .F. ) ;
#3258 = AXIS2_PLACEMENT_3D ( 'NONE', #4171, #2286, #4559 ) ;
#3259 = CARTESIAN_POINT ( 'NONE',  ( 13.20000000000000995, -142.7500000000000000, 594.8000000000001819 ) ) ;
#3260 = DIRECTION ( 'NONE',  ( 0.000000000000000000, 0.000000000000000000, 1.000000000000000000 ) ) ;
#3261 = ORIENTED_EDGE ( 'NONE', *, *, #1956, .F. ) ;
#3262 = PRODUCT_DEFINITION_SHAPE ( 'NONE', 'NONE',  #4874 ) ;
#3263 = ORIENTED_EDGE ( 'NONE', *, *, #1182, .T. ) ;
#3264 = EDGE_CURVE ( 'NONE', #3279, #4718, #4368, .T. ) ;
#3265 = PERSON_AND_ORGANIZATION_ROLE ( 'design_supplier' ) ;
#3266 = ORIENTED_EDGE ( 'NONE', *, *, #1578, .F. ) ;
#3267 = CARTESIAN_POINT ( 'NONE',  ( 70.00000000000002842, 0.000000000000000000, 475.0000000000001137 ) ) ;
#3268 = COORDINATED_UNIVERSAL_TIME_OFFSET ( 8, 0, .AHEAD. ) ;
#3269 = EDGE_CURVE ( 'NONE', #167, #3543, #2540, .T. ) ;
#3270 = ORIENTED_EDGE ( 'NONE', *, *, #4128, .F. ) ;
#3271 = ORIENTED_EDGE ( 'NONE', *, *, #4450, .F. ) ;
#3272 = ORIENTED_EDGE ( 'NONE', *, *, #3867, .T. ) ;
#3273 = CIRCLE ( 'NONE', #1214, 20.00000000000001776 ) ;
#3274 = DIRECTION ( 'NONE',  ( -0.000000000000000000, 1.000000000000000000, -0.000000000000000000 ) ) ;
#3275 = APPROVAL ( #1055, 'UNKNOWN' ) ;
#3276 = PERSON_AND_ORGANIZATION ( #1608, #3702 ) ;
#3277 = ADVANCED_FACE ( 'NONE', ( #683, #3890 ), #2121, .F. ) ;
#3278 = DIRECTION ( 'NONE',  ( 0.000000000000000000, -1.000000000000000000, 0.000000000000000000 ) ) ;
#3279 = VERTEX_POINT ( 'NONE', #2447 ) ;
#3280 = CARTESIAN_POINT ( 'NONE',  ( 894.8000000000002956, -630.2499999999998863, 570.0000000000001137 ) ) ;
#3281 = APPROVAL_PERSON_ORGANIZATION ( #362, #4662, #317 ) ;
#3282 = EDGE_LOOP ( 'NONE', ( #3980, #3712, #40, #3385 ) ) ;
#3283 = DIRECTION ( 'NONE',  ( -0.000000000000000000, 1.000000000000000000, -0.000000000000000000 ) ) ;
#3284 = EDGE_LOOP ( 'NONE', ( #917, #578, #2291, #1229, #2104, #473, #4517, #4061 ) ) ;
#3285 = AXIS2_PLACEMENT_3D ( 'NONE', #3573, #1331, #1714 ) ;
#3286 = DIRECTION ( 'NONE',  ( 0.000000000000000000, -1.000000000000000000, 0.000000000000000000 ) ) ;
#3287 = ORIENTED_EDGE ( 'NONE', *, *, #2463, .F. ) ;
#3288 = CARTESIAN_POINT ( 'NONE',  ( 8.523541722065577671E-14, 343.5000000000000000, 27.00000000000000355 ) ) ;
#3289 = FACE_OUTER_BOUND ( 'NONE', #2849, .T. ) ;
#3290 = EDGE_LOOP ( 'NONE', ( #4348, #3826, #2287, #3910 ) ) ;
#3291 = LINE ( 'NONE', #1855, #2183 ) ;
#3292 = FACE_OUTER_BOUND ( 'NONE', #2181, .T. ) ;
#3293 = CARTESIAN_POINT ( 'NONE',  ( 30.00000000000000711, -93.24999999999998579, 570.0000000000001137 ) ) ;
#3294 = DIRECTION ( 'NONE',  ( 1.000000000000000000, 0.000000000000000000, 0.000000000000000000 ) ) ;
#3295 = VERTEX_POINT ( 'NONE', #2434 ) ;
#3296 = FACE_OUTER_BOUND ( 'NONE', #2622, .T. ) ;
#3297 = DIRECTION ( 'NONE',  ( 0.000000000000000000, 1.000000000000000000, 0.000000000000000000 ) ) ;
#3298 = ORIENTED_EDGE ( 'NONE', *, *, #839, .T. ) ;
#3299 = AXIS2_PLACEMENT_3D ( 'NONE', #4266, #902, #1677 ) ;
#3300 = ADVANCED_FACE ( 'NONE', ( #2487 ), #1495, .T. ) ;
#3301 = CIRCLE ( 'NONE', #1409, 20.00000000000000355 ) ;
#3302 = VECTOR ( 'NONE', #3410, 1000.000000000000000 ) ;
#3303 = APPROVAL_STATUS ( 'not_yet_approved' ) ;
#3304 = CARTESIAN_POINT ( 'NONE',  ( 900.0000000000000000, -17.99999999999988631, 546.0000000000000000 ) ) ;
#3305 = EDGE_CURVE ( 'NONE', #1074, #228, #3597, .T. ) ;
#3306 = LINE ( 'NONE', #4502, #389 ) ;
#3307 = LINE ( 'NONE', #3521, #2313 ) ;
#3308 = DIRECTION ( 'NONE',  ( 0.000000000000000000, -1.000000000000000000, 0.000000000000000000 ) ) ;
#3309 = SECURITY_CLASSIFICATION ( '', '', #381 ) ;
#3310 = DIRECTION ( 'NONE',  ( -0.000000000000000000, -1.000000000000000000, -0.000000000000000000 ) ) ;
#3311 = DIRECTION ( 'NONE',  ( 0.000000000000000000, -1.000000000000000000, 0.000000000000000000 ) ) ;
#3312 = EDGE_CURVE ( 'NONE', #3698, #511, #2009, .T. ) ;
#3313 = FACE_OUTER_BOUND ( 'NONE', #2440, .T. ) ;
#3314 = EDGE_LOOP ( 'NONE', ( #1066, #3555, #1471, #3345 ) ) ;
#3315 = ORIENTED_EDGE ( 'NONE', *, *, #3077, .F. ) ;
#3316 = EDGE_CURVE ( 'NONE', #2730, #1441, #3414, .T. ) ;
#3317 = DIRECTION ( 'NONE',  ( 0.000000000000000000, 0.000000000000000000, 1.000000000000000000 ) ) ;
#3318 = VERTEX_POINT ( 'NONE', #1688 ) ;
#3319 = LINE ( 'NONE', #2256, #2325 ) ;
#3320 = DIRECTION ( 'NONE',  ( 1.000000000000000000, 0.000000000000000000, -0.000000000000000000 ) ) ;
#3321 = ORIENTED_EDGE ( 'NONE', *, *, #4283, .F. ) ;
#3322 = AXIS2_PLACEMENT_3D ( 'NONE', #2956, #2552, #4053 ) ;
#3323 = DIRECTION ( 'NONE',  ( -1.000000000000000000, 0.000000000000000000, 0.000000000000000000 ) ) ;
#3324 = AXIS2_PLACEMENT_3D ( 'NONE', #2949, #3766, #2641 ) ;
#3325 = CARTESIAN_POINT ( 'NONE',  ( 869.9999999999998863, -708.0000000000000000, 2.000000000000000000 ) ) ;
#3326 = ORIENTED_EDGE ( 'NONE', *, *, #1357, .T. ) ;
#3327 = ADVANCED_FACE ( 'NONE', ( #1842 ), #2945, .T. ) ;
#3328 = CARTESIAN_POINT ( 'NONE',  ( 13.20000000000000995, -93.24999999999998579, 594.8000000000001819 ) ) ;
#3329 = VERTEX_POINT ( 'NONE', #993 ) ;
#3330 = EDGE_LOOP ( 'NONE', ( #4849, #1958, #2333, #1342 ) ) ;
#3331 = EDGE_CURVE ( 'NONE', #3173, #867, #139, .T. ) ;
#3332 = DIRECTION ( 'NONE',  ( 0.000000000000000000, -1.000000000000000000, 0.000000000000000000 ) ) ;
#3333 = ORIENTED_EDGE ( 'NONE', *, *, #4826, .F. ) ;
#3334 = PERSON_AND_ORGANIZATION_ROLE ( 'classification_officer' ) ;
#3335 = DIRECTION ( 'NONE',  ( 1.225764668124932819E-16, 1.000000000000000000, -0.000000000000000000 ) ) ;
#3336 = PRODUCT_DEFINITION_FORMATION_WITH_SPECIFIED_SOURCE ( '任何', '', #3072, .NOT_KNOWN. ) ;
#3337 = ORIENTED_EDGE ( 'NONE', *, *, #4092, .F. ) ;
#3338 = DIRECTION ( 'NONE',  ( 0.000000000000000000, -0.000000000000000000, -1.000000000000000000 ) ) ;
#3339 = EDGE_CURVE ( 'NONE', #107, #3514, #3126, .T. ) ;
#3340 = LOCAL_TIME ( 10, 26, 38.00000000000000000, #1289 ) ;
#3341 = PLANE ( 'NONE',  #971 ) ;
#3342 = COORDINATED_UNIVERSAL_TIME_OFFSET ( 8, 0, .AHEAD. ) ;
#3343 = ORIENTED_EDGE ( 'NONE', *, *, #4552, .T. ) ;
#3344 = EDGE_CURVE ( 'NONE', #2730, #3392, #4132, .T. ) ;
#3345 = ORIENTED_EDGE ( 'NONE', *, *, #2046, .T. ) ;
#3346 = CARTESIAN_POINT ( 'NONE',  ( 70.00000000000009948, -785.0000000000000000, 70.00000000000000000 ) ) ;
#3347 = ORIENTED_EDGE ( 'NONE', *, *, #2639, .F. ) ;
#3348 = DIRECTION ( 'NONE',  ( -0.000000000000000000, 1.000000000000000000, -0.000000000000000000 ) ) ;
#3349 = EDGE_LOOP ( 'NONE', ( #2527, #2954 ) ) ;
#3350 = CARTESIAN_POINT ( 'NONE',  ( 70.00000000000008527, -745.0000000000000000, 500.0000000000000000 ) ) ;
#3351 = VECTOR ( 'NONE', #560, 1000.000000000000000 ) ;
#3352 = PLANE ( 'NONE',  #4179 ) ;
#3353 = ORIENTED_EDGE ( 'NONE', *, *, #2211, .F. ) ;
#3354 = PLANE ( 'NONE',  #4654 ) ;
#3355 = DIRECTION ( 'NONE',  ( -0.000000000000000000, 1.000000000000000000, -0.000000000000000000 ) ) ;
#3356 = LINE ( 'NONE', #3481, #3182 ) ;
#3357 = CYLINDRICAL_SURFACE ( 'NONE', #3997, 26.99999999999999645 ) ;
#3358 = EDGE_CURVE ( 'NONE', #4506, #983, #897, .T. ) ;
#3359 = CARTESIAN_POINT ( 'NONE',  ( 30.00000000000000711, -57.00000000000000711, 570.0000000000001137 ) ) ;
#3360 = LINE ( 'NONE', #1201, #795 ) ;
#3361 = DIRECTION ( 'NONE',  ( 2.745500257537979014E-16, -1.000000000000000000, -0.000000000000000000 ) ) ;
#3362 = CYLINDRICAL_SURFACE ( 'NONE', #882, 15.00000000000000000 ) ;
#3363 = CIRCLE ( 'NONE', #1187, 8.000000000000007105 ) ;
#3364 = LINE ( 'NONE', #2107, #4077 ) ;
#3365 = ORIENTED_EDGE ( 'NONE', *, *, #2088, .T. ) ;
#3366 = CARTESIAN_POINT ( 'NONE',  ( 22.00000000000001066, -142.7500000000000000, 594.8000000000001819 ) ) ;
#3367 = EDGE_CURVE ( 'NONE', #3887, #2206, #2877, .T. ) ;
#3368 = CC_DESIGN_PERSON_AND_ORGANIZATION_ASSIGNMENT ( #3437, #364, ( #207 ) ) ;
#3369 = EDGE_CURVE ( 'NONE', #1760, #4059, #4249, .T. ) ;
#3370 = DIRECTION ( 'NONE',  ( 0.000000000000000000, -1.000000000000000000, 0.000000000000000000 ) ) ;
#3371 = ORIENTED_EDGE ( 'NONE', *, *, #3718, .T. ) ;
#3372 = PLANE ( 'NONE',  #4526 ) ;
#3373 = DIRECTION ( 'NONE',  ( 0.000000000000000000, 0.000000000000000000, -1.000000000000000000 ) ) ;
#3374 = EDGE_LOOP ( 'NONE', ( #4285, #2260, #4386, #3398 ) ) ;
#3375 = AXIS2_PLACEMENT_3D ( 'NONE', #1098, #2168, #4780 ) ;
#3376 = APPROVAL_STATUS ( 'not_yet_approved' ) ;
#3377 = ORIENTED_EDGE ( 'NONE', *, *, #2891, .T. ) ;
#3378 = DIRECTION ( 'NONE',  ( 0.000000000000000000, -1.000000000000000000, 0.000000000000000000 ) ) ;
#3379 = CARTESIAN_POINT ( 'NONE',  ( 878.0000000000002274, -630.2499999999998863, 586.8000000000001819 ) ) ;
#3380 = AXIS2_PLACEMENT_3D ( 'NONE', #3103, #3203, #1211 ) ;
#3381 = AXIS2_PLACEMENT_3D ( 'NONE', #3054, #4565, #3038 ) ;
#3382 = CARTESIAN_POINT ( 'NONE',  ( 28.00000000000005684, 243.5000000000000000, 22.00000000000000000 ) ) ;
#3383 = PERSON_AND_ORGANIZATION ( #2322, #4462 ) ;
#3384 = EDGE_LOOP ( 'NONE', ( #4334, #1188 ) ) ;
#3385 = ORIENTED_EDGE ( 'NONE', *, *, #3426, .T. ) ;
#3386 = PLANE ( 'NONE',  #538 ) ;
#3387 = LOCAL_TIME ( 10, 26, 38.00000000000000000, #4401 ) ;
#3388 = EDGE_CURVE ( 'NONE', #4201, #3033, #1370, .T. ) ;
#3389 = DIRECTION ( 'NONE',  ( 0.000000000000000000, -1.000000000000000000, 0.000000000000000000 ) ) ;
#3390 = DIRECTION ( 'NONE',  ( 0.000000000000000000, 1.000000000000000000, 0.000000000000000000 ) ) ;
#3391 = CARTESIAN_POINT ( 'NONE',  ( 15.90000000000000036, -630.2500000000001137, 586.0000000000001137 ) ) ;
#3392 = VERTEX_POINT ( 'NONE', #1743 ) ;
#3393 = APPROVAL ( #599, '未指定' ) ;
#3394 = APPROVAL_PERSON_ORGANIZATION ( #662, #1558, #3611 ) ;
#3395 = ORIENTED_EDGE ( 'NONE', *, *, #1920, .F. ) ;
#3396 = DIRECTION ( 'NONE',  ( 0.000000000000000000, -1.000000000000000000, 0.000000000000000000 ) ) ;
#3397 = EDGE_CURVE ( 'NONE', #3698, #1811, #4549, .T. ) ;
#3398 = ORIENTED_EDGE ( 'NONE', *, *, #4072, .T. ) ;
#3399 = DIRECTION ( 'NONE',  ( 0.000000000000000000, -1.000000000000000000, 0.000000000000000000 ) ) ;
#3400 = CYLINDRICAL_SURFACE ( 'NONE', #254, 19.99999999999996092 ) ;
#3401 = EDGE_LOOP ( 'NONE', ( #4288, #3261, #358, #1792 ) ) ;
#3402 = AXIS2_PLACEMENT_3D ( 'NONE', #242, #4287, #2048 ) ;
#3403 = VECTOR ( 'NONE', #2155, 1000.000000000000000 ) ;
#3404 = VERTEX_POINT ( 'NONE', #1791 ) ;
#3405 = DIRECTION ( 'NONE',  ( 0.000000000000000000, -0.000000000000000000, -1.000000000000000000 ) ) ;
#3406 = AXIS2_PLACEMENT_3D ( 'NONE', #592, #3196, #3216 ) ;
#3407 = ORIENTED_EDGE ( 'NONE', *, *, #3808, .T. ) ;
#3408 = CYLINDRICAL_SURFACE ( 'NONE', #4403, 8.000000000000007105 ) ;
#3409 = ORIENTED_EDGE ( 'NONE', *, *, #1678, .F. ) ;
#3410 = DIRECTION ( 'NONE',  ( 2.745500257537979014E-16, -1.000000000000000000, -0.000000000000000000 ) ) ;
#3411 = FACE_OUTER_BOUND ( 'NONE', #3938, .T. ) ;
#3412 = DIRECTION ( 'NONE',  ( -1.225764668124932819E-16, 1.000000000000000000, 0.000000000000000000 ) ) ;
#3413 = DIRECTION ( 'NONE',  ( 0.000000000000000000, 0.000000000000000000, 1.000000000000000000 ) ) ;
#3414 = LINE ( 'NONE', #2847, #797 ) ;
#3415 = AXIS2_PLACEMENT_3D ( 'NONE', #3424, #4562, #426 ) ;
#3416 = PLANE ( 'NONE',  #1786 ) ;
#3417 = VECTOR ( 'NONE', #1972, 1000.000000000000000 ) ;
#3418 = CARTESIAN_POINT ( 'NONE',  ( 8.523541722065577671E-14, 343.5000000000000000, 27.00000000000000355 ) ) ;
#3419 = EDGE_CURVE ( 'NONE', #4039, #276, #4492, .T. ) ;
#3420 = DIRECTION ( 'NONE',  ( 0.000000000000000000, 1.000000000000000000, 0.000000000000000000 ) ) ;
#3421 = VECTOR ( 'NONE', #3355, 1000.000000000000000 ) ;
#3422 = ORIENTED_EDGE ( 'NONE', *, *, #4617, .F. ) ;
#3423 = AXIS2_PLACEMENT_3D ( 'NONE', #4261, #2003, #940 ) ;
#3424 = CARTESIAN_POINT ( 'NONE',  ( 830.0000000000001137, -730.0000000000000000, 500.0000000000000000 ) ) ;
#3425 = ORIENTED_EDGE ( 'NONE', *, *, #1262, .T. ) ;
#3426 = EDGE_CURVE ( 'NONE', #1292, #3760, #4659, .T. ) ;
#3427 = DIRECTION ( 'NONE',  ( 1.224646799147353454E-16, -1.000000000000000000, 0.000000000000000000 ) ) ;
#3428 = CARTESIAN_POINT ( 'NONE',  ( 830.0000000000001137, -745.0000000000000000, 97.00000000000000000 ) ) ;
#3429 = VERTEX_POINT ( 'NONE', #3669 ) ;
#3430 = LINE ( 'NONE', #2640, #2084 ) ;
#3431 = DIRECTION ( 'NONE',  ( 0.000000000000000000, 0.000000000000000000, 1.000000000000000000 ) ) ;
#3432 = CARTESIAN_POINT ( 'NONE',  ( 30.00000000000008527, -708.0000000000000000, 570.0000000000001137 ) ) ;
#3433 = DIRECTION ( 'NONE',  ( -1.000000000000000000, -2.745500257537979014E-16, 0.000000000000000000 ) ) ;
#3434 = VERTEX_POINT ( 'NONE', #3304 ) ;
#3435 = EDGE_LOOP ( 'NONE', ( #2329, #4067, #1403, #4801 ) ) ;
#3436 = ORIENTED_EDGE ( 'NONE', *, *, #2139, .F. ) ;
#3437 = PERSON_AND_ORGANIZATION ( #881, #872 ) ;
#3438 = CARTESIAN_POINT ( 'NONE',  ( 869.9999999999998863, -708.0000000000000000, 2.000000000000000000 ) ) ;
#3439 = DIRECTION ( 'NONE',  ( 1.000000000000000000, 0.000000000000000000, 0.000000000000000000 ) ) ;
#3440 = VERTEX_POINT ( 'NONE', #2560 ) ;
#3441 = AXIS2_PLACEMENT_3D ( 'NONE', #2780, #2767, #2750 ) ;
#3442 = DIRECTION ( 'NONE',  ( -0.000000000000000000, -0.000000000000000000, -1.000000000000000000 ) ) ;
#3443 = COORDINATED_UNIVERSAL_TIME_OFFSET ( 8, 0, .AHEAD. ) ;
#3444 = FACE_OUTER_BOUND ( 'NONE', #1634, .T. ) ;
#3445 = CARTESIAN_POINT ( 'NONE',  ( 30.00000000000000711, -630.2500000000001137, 570.0000000000001137 ) ) ;
#3446 = EDGE_CURVE ( 'NONE', #774, #3810, #3528, .T. ) ;
#3447 = PERSON_AND_ORGANIZATION ( #1608, #3702 ) ;
#3448 = VERTEX_POINT ( 'NONE', #1011 ) ;
#3449 = DIRECTION ( 'NONE',  ( 0.000000000000000000, 0.000000000000000000, -1.000000000000000000 ) ) ;
#3450 = VECTOR ( 'NONE', #4643, 1000.000000000000000 ) ;
#3451 = APPROVAL ( #1488, '未指定' ) ;
#3452 = DIRECTION ( 'NONE',  ( 1.000000000000000000, 0.000000000000000000, -1.032573497605233103E-16 ) ) ;
#3453 = ORIENTED_EDGE ( 'NONE', *, *, #1204, .F. ) ;
#3454 = CARTESIAN_POINT ( 'NONE',  ( 870.0000000000000000, -57.00000000000000000, -0.000000000000000000 ) ) ;
#3455 = ORIENTED_EDGE ( 'NONE', *, *, #2887, .F. ) ;
#3456 = APPROVAL_ROLE ( '' ) ;
#3457 = EDGE_CURVE ( 'NONE', #867, #316, #1667, .T. ) ;
#3458 = CYLINDRICAL_SURFACE ( 'NONE', #4592, 6.500000000000005329 ) ;
#3459 = LINE ( 'NONE', #2660, #3773 ) ;
#3460 = ORIENTED_EDGE ( 'NONE', *, *, #2216, .F. ) ;
#3461 = DIRECTION ( 'NONE',  ( -0.000000000000000000, 1.000000000000000000, -0.000000000000000000 ) ) ;
#3462 = AXIS2_PLACEMENT_3D ( 'NONE', #4488, #2186, #3294 ) ;
#3463 = DIRECTION ( 'NONE',  ( -0.000000000000000000, 1.000000000000000000, -0.000000000000000000 ) ) ;
#3464 = FACE_OUTER_BOUND ( 'NONE', #2751, .T. ) ;
#3465 = VECTOR ( 'NONE', #2896, 1000.000000000000000 ) ;
#3466 = VERTEX_POINT ( 'NONE', #1388 ) ;
#3467 = VECTOR ( 'NONE', #2977, 1000.000000000000000 ) ;
#3468 = CARTESIAN_POINT ( 'NONE',  ( 8.523541722065577671E-14, 343.5000000000000000, 15.00000000000000000 ) ) ;
#3469 = LINE ( 'NONE', #4461, #2255 ) ;
#3470 = CARTESIAN_POINT ( 'NONE',  ( 884.1000000000000227, -93.24999999999987210, 586.0000000000001137 ) ) ;
#3471 = AXIS2_PLACEMENT_3D ( 'NONE', #2293, #826, #3819 ) ;
#3472 = LINE ( 'NONE', #3432, #1141 ) ;
#3473 = DIRECTION ( 'NONE',  ( 0.000000000000000000, -0.000000000000000000, -1.000000000000000000 ) ) ;
#3474 = CYLINDRICAL_SURFACE ( 'NONE', #530, 5.000000000000000000 ) ;
#3475 = CIRCLE ( 'NONE', #288, 8.000000000000007105 ) ;
#3476 = VERTEX_POINT ( 'NONE', #2927 ) ;
#3477 = CARTESIAN_POINT ( 'NONE',  ( 830.0000000000001137, -800.0000000000000000, 473.0000000000000000 ) ) ;
#3478 = DIRECTION ( 'NONE',  ( -0.000000000000000000, -1.000000000000000000, -0.000000000000000000 ) ) ;
#3479 = CARTESIAN_POINT ( 'NONE',  ( 28.00000000000005684, -293.5000000000000000, 27.00000000000000000 ) ) ;
#3480 = EDGE_CURVE ( 'NONE', #3318, #4506, #1553, .T. ) ;
#3481 = CARTESIAN_POINT ( 'NONE',  ( 15.90000000000005720, -562.5000000000004547, 20.90000000000000213 ) ) ;
#3482 = FACE_OUTER_BOUND ( 'NONE', #4669, .T. ) ;
#3483 = PRODUCT_DEFINITION ( '未知', '', #3336, #574 ) ;
#3484 = ORIENTED_EDGE ( 'NONE', *, *, #892, .T. ) ;
#3485 = DIRECTION ( 'NONE',  ( 2.745500257537979014E-16, -1.000000000000000000, -0.000000000000000000 ) ) ;
#3486 = EDGE_CURVE ( 'NONE', #4448, #1060, #2653, .T. ) ;
#3487 = DIRECTION ( 'NONE',  ( 0.000000000000000000, 0.000000000000000000, -1.000000000000000000 ) ) ;
#3488 = ADVANCED_FACE ( 'NONE', ( #1616 ), #1951, .F. ) ;
#3489 = PRODUCT_DEFINITION_SHAPE ( 'NONE', 'NONE',  #4876 ) ;
#3490 = CARTESIAN_POINT ( 'NONE',  ( 8.673617379884035472E-14, 293.5000000000000000, 27.00000000000000355 ) ) ;
#3491 = DIRECTION ( 'NONE',  ( 0.000000000000000000, 0.000000000000000000, 1.000000000000000000 ) ) ;
#3492 = EDGE_LOOP ( 'NONE', ( #100, #3775 ) ) ;
#3493 = ORIENTED_EDGE ( 'NONE', *, *, #4283, .T. ) ;
#3494 = EDGE_LOOP ( 'NONE', ( #3691, #4677 ) ) ;
#3495 = AXIS2_PLACEMENT_3D ( 'NONE', #695, #706, #2941 ) ;
#3496 = COORDINATED_UNIVERSAL_TIME_OFFSET ( 8, 0, .AHEAD. ) ;
#3497 = ORIENTED_EDGE ( 'NONE', *, *, #2794, .T. ) ;
#3498 = VERTEX_POINT ( 'NONE', #2138 ) ;
#3499 = AXIS2_PLACEMENT_3D ( 'NONE', #2602, #2966, #3736 ) ;
#3500 = EDGE_LOOP ( 'NONE', ( #110, #3213 ) ) ;
#3501 = DIRECTION ( 'NONE',  ( -0.000000000000000000, -1.000000000000000000, -0.000000000000000000 ) ) ;
#3502 = LOCAL_TIME ( 10, 26, 38.00000000000000000, #1408 ) ;
#3503 = ADVANCED_FACE ( 'NONE', ( #556 ), #3362, .T. ) ;
#3504 = PRODUCT ( '地柜13', '地柜13', '', ( #580 ) ) ;
#3505 = CARTESIAN_POINT ( 'NONE',  ( -311.0813204887218717, 240.8928571428571388, -162.3999999999999773 ) ) ;
#3506 = DATE_AND_TIME ( #2288, #4585 ) ;
#3507 = EDGE_CURVE ( 'NONE', #2985, #1399, #3469, .T. ) ;
#3508 = ORIENTED_EDGE ( 'NONE', *, *, #1494, .T. ) ;
#3509 = CARTESIAN_POINT ( 'NONE',  ( 28.00000000000005684, -243.5000000000000000, 22.00000000000000000 ) ) ;
#3510 = ORIENTED_EDGE ( 'NONE', *, *, #3312, .F. ) ;
#3511 = DIRECTION ( 'NONE',  ( -0.000000000000000000, 1.000000000000000000, 0.000000000000000000 ) ) ;
#3512 = ADVANCED_FACE ( 'NONE', ( #4430 ), #1255, .T. ) ;
#3513 = ORIENTED_EDGE ( 'NONE', *, *, #751, .T. ) ;
#3514 = VERTEX_POINT ( 'NONE', #1828 ) ;
#3515 = EDGE_CURVE ( 'NONE', #1918, #2409, #4016, .T. ) ;
#3516 = VERTEX_POINT ( 'NONE', #2532 ) ;
#3517 = VECTOR ( 'NONE', #1170, 1000.000000000000000 ) ;
#3518 = CYLINDRICAL_SURFACE ( 'NONE', #1102, 20.00000000000001776 ) ;
#3519 = ORIENTED_EDGE ( 'NONE', *, *, #2424, .F. ) ;
#3520 = CC_DESIGN_APPROVAL ( #4636, ( #207 ) ) ;
#3521 = CARTESIAN_POINT ( 'NONE',  ( 900.0000000000001137, -730.0000000000000000, 570.0000000000001137 ) ) ;
#3522 = CARTESIAN_POINT ( 'NONE',  ( 840.0000000000001137, -142.0000000000000000, 100.9999999999999858 ) ) ;
#3523 = VECTOR ( 'NONE', #2351, 1000.000000000000000 ) ;
#3524 = ORIENTED_EDGE ( 'NONE', *, *, #2328, .F. ) ;
#3525 = DIRECTION ( 'NONE',  ( 0.000000000000000000, 1.000000000000000000, 0.000000000000000000 ) ) ;
#3526 = ORIENTED_EDGE ( 'NONE', *, *, #3515, .F. ) ;
#3527 = VECTOR ( 'NONE', #4169, 1000.000000000000000 ) ;
#3528 = LINE ( 'NONE', #3700, #3659 ) ;
#3529 = DIRECTION ( 'NONE',  ( -0.000000000000000000, 1.000000000000000000, -0.000000000000000000 ) ) ;
#3530 = FACE_OUTER_BOUND ( 'NONE', #4577, .T. ) ;
#3531 = LINE ( 'NONE', #1681, #2259 ) ;
#3532 = PLANE ( 'NONE',  #122 ) ;
#3533 = CARTESIAN_POINT ( 'NONE',  ( 70.00000000000009948, -745.0000000000000000, 97.00000000000000000 ) ) ;
#3534 = FACE_OUTER_BOUND ( 'NONE', #3781, .T. ) ;
#3535 = ORIENTED_EDGE ( 'NONE', *, *, #1483, .T. ) ;
#3536 = DIRECTION ( 'NONE',  ( -1.000000000000000000, 0.000000000000000000, 0.000000000000000000 ) ) ;
#3537 = ADVANCED_FACE ( 'NONE', ( #965 ), #386, .T. ) ;
#3538 = DIRECTION ( 'NONE',  ( 0.000000000000000000, 1.000000000000000000, 0.000000000000000000 ) ) ;
#3539 = AXIS2_PLACEMENT_3D ( 'NONE', #1592, #2710, #865 ) ;
#3540 = APPLICATION_CONTEXT ( 'configuration controlled 3d designs of mechanical parts and assemblies' ) ;
#3541 = DIRECTION ( 'NONE',  ( 2.745500257537979014E-16, -1.000000000000000000, -0.000000000000000000 ) ) ;
#3542 = DIRECTION ( 'NONE',  ( 0.000000000000000000, -1.000000000000000000, 0.000000000000000000 ) ) ;
#3543 = VERTEX_POINT ( 'NONE', #1888 ) ;
#3544 = VECTOR ( 'NONE', #1140, 1000.000000000000000 ) ;
#3545 = EDGE_CURVE ( 'NONE', #2406, #2738, #850, .T. ) ;
#3546 = CARTESIAN_POINT ( 'NONE',  ( 70.00000000000009948, -785.0000000000000000, 70.00000000000000000 ) ) ;
#3547 = CC_DESIGN_SECURITY_CLASSIFICATION ( #3309, ( #4878 ) ) ;
#3548 = ORIENTED_EDGE ( 'NONE', *, *, #203, .T. ) ;
#3549 = EDGE_CURVE ( 'NONE', #3596, #1544, #18, .T. ) ;
#3550 = DIRECTION ( 'NONE',  ( -0.000000000000000000, 0.000000000000000000, 1.000000000000000000 ) ) ;
#3551 = CARTESIAN_POINT ( 'NONE',  ( 886.8000000000002956, -679.7499999999998863, 586.8000000000001819 ) ) ;
#3552 = ORIENTED_EDGE ( 'NONE', *, *, #1711, .F. ) ;
#3553 = CARTESIAN_POINT ( 'NONE',  ( 60.00000000000005684, -142.0000000000000000, 485.0000000000001137 ) ) ;
#3554 = DIRECTION ( 'NONE',  ( 1.000000000000000000, 0.000000000000000000, 0.000000000000000000 ) ) ;
#3555 = ORIENTED_EDGE ( 'NONE', *, *, #1587, .F. ) ;
#3556 = ORIENTED_EDGE ( 'NONE', *, *, #2549, .F. ) ;
#3557 = ORIENTED_EDGE ( 'NONE', *, *, #77, .F. ) ;
#3558 = DIRECTION ( 'NONE',  ( 2.745500257537979014E-16, -1.000000000000000000, -0.000000000000000000 ) ) ;
#3559 = CIRCLE ( 'NONE', #3666, 8.000000000000007105 ) ;
#3560 = EDGE_CURVE ( 'NONE', #1196, #4530, #745, .T. ) ;
#3561 = DIRECTION ( 'NONE',  ( 0.000000000000000000, 0.000000000000000000, -1.000000000000000000 ) ) ;
#3562 = DIRECTION ( 'NONE',  ( -0.000000000000000000, 1.000000000000000000, -0.000000000000000000 ) ) ;
#3563 = COORDINATED_UNIVERSAL_TIME_OFFSET ( 8, 0, .AHEAD. ) ;
#3564 = ORIENTED_EDGE ( 'NONE', *, *, #3013, .F. ) ;
#3565 = ORIENTED_EDGE ( 'NONE', *, *, #587, .T. ) ;
#3566 = CARTESIAN_POINT ( 'NONE',  ( 0.000000000000000000, 0.000000000000000000, 120.0000000000000000 ) ) ;
#3567 = AXIS2_PLACEMENT_3D ( 'NONE', #2843, #2085, #595 ) ;
#3568 = LOCAL_TIME ( 10, 26, 38.00000000000000000, #56 ) ;
#3569 = ORIENTED_EDGE ( 'NONE', *, *, #1118, .T. ) ;
#3570 = ADVANCED_FACE ( 'NONE', ( #3839 ), #349, .T. ) ;
#3571 = CARTESIAN_POINT ( 'NONE',  ( 449.0000000000001137, 343.5000000000000000, 0.000000000000000000 ) ) ;
#3572 = AXIS2_PLACEMENT_3D ( 'NONE', #2879, #647, #3253 ) ;
#3573 = CARTESIAN_POINT ( 'NONE',  ( 870.0000000000000000, -57.00000000000000000, 2.000000000000000000 ) ) ;
#3574 = CALENDAR_DATE ( 2026, 9, 6 ) ;
#3575 = EDGE_LOOP ( 'NONE', ( #3625, #2407, #526, #670 ) ) ;
#3576 = LINE ( 'NONE', #2037, #2584 ) ;
#3577 = MECHANICAL_CONTEXT ( 'NONE', #3540, 'mechanical' ) ;
#3578 = DIRECTION ( 'NONE',  ( 0.000000000000000000, 1.000000000000000000, 0.000000000000000000 ) ) ;
#3579 = VERTEX_POINT ( 'NONE', #2238 ) ;
#3580 = EDGE_CURVE ( 'NONE', #3220, #3034, #3006, .T. ) ;
#3581 = VERTEX_POINT ( 'NONE', #4510 ) ;
#3582 = CARTESIAN_POINT ( 'NONE',  ( 15.90000000000005720, -293.5000000000000000, 20.90000000000000213 ) ) ;
#3583 = PRODUCT_DEFINITION_FORMATION_WITH_SPECIFIED_SOURCE ( '任何', '', #4595, .NOT_KNOWN. ) ;
#3584 = LINE ( 'NONE', #2705, #3523 ) ;
#3585 = ORIENTED_EDGE ( 'NONE', *, *, #3688, .F. ) ;
#3586 = EDGE_CURVE ( 'NONE', #535, #2036, #1946, .T. ) ;
#3587 = LINE ( 'NONE', #2000, #1363 ) ;
#3588 = ORIENTED_EDGE ( 'NONE', *, *, #4688, .F. ) ;
#3589 = VECTOR ( 'NONE', #1027, 1000.000000000000000 ) ;
#3590 = DIRECTION ( 'NONE',  ( 0.000000000000000000, 0.000000000000000000, 1.000000000000000000 ) ) ;
#3591 = PLANE ( 'NONE',  #3193 ) ;
#3592 = ADVANCED_FACE ( 'NONE', ( #2828 ), #1365, .T. ) ;
#3593 = ORIENTED_EDGE ( 'NONE', *, *, #2300, .T. ) ;
#3594 = EDGE_CURVE ( 'NONE', #1577, #1158, #1487, .T. ) ;
#3595 = VECTOR ( 'NONE', #330, 1000.000000000000000 ) ;
#3596 = VERTEX_POINT ( 'NONE', #3366 ) ;
#3597 = LINE ( 'NONE', #2090, #501 ) ;
#3598 = SHAPE_REPRESENTATION ( '地柜13-柜体_地柜13-柜体', ( #4449 ), #617 ) ;
#3599 = DATE_TIME_ROLE ( 'creation_date' ) ;
#3600 = DIRECTION ( 'NONE',  ( -1.705411712173819746E-16, 1.000000000000000000, -0.000000000000000000 ) ) ;
#3601 = AXIS2_PLACEMENT_3D ( 'NONE', #1254, #4268, #1301 ) ;
#3602 = ADVANCED_FACE ( 'NONE', ( #4303 ), #1251, .F. ) ;
#3603 = LINE ( 'NONE', #1704, #2888 ) ;
#3604 = AXIS2_PLACEMENT_3D ( 'NONE', #1907, #761, #3338 ) ;
#3605 = ORIENTED_EDGE ( 'NONE', *, *, #3937, .T. ) ;
#3606 = CARTESIAN_POINT ( 'NONE',  ( 70.00000000000008527, -745.0000000000000000, 500.0000000000000000 ) ) ;
#3607 = ADVANCED_FACE ( 'NONE', ( #2124 ), #2999, .T. ) ;
#3608 = ORIENTED_EDGE ( 'NONE', *, *, #166, .T. ) ;
#3609 = EDGE_CURVE ( 'NONE', #4807, #2406, #3120, .T. ) ;
#3610 = DIRECTION ( 'NONE',  ( 0.000000000000000000, 0.000000000000000000, 1.000000000000000000 ) ) ;
#3611 = APPROVAL_ROLE ( '' ) ;
#3612 = DIRECTION ( 'NONE',  ( -0.000000000000000000, -1.000000000000000000, -0.000000000000000000 ) ) ;
#3613 = ORIENTED_EDGE ( 'NONE', *, *, #2759, .T. ) ;
#3614 = ORIENTED_EDGE ( 'NONE', *, *, #138, .F. ) ;
#3615 = DIRECTION ( 'NONE',  ( -1.143773720424268048E-16, -9.448243447739575588E-34, -1.000000000000000000 ) ) ;
#3616 = CARTESIAN_POINT ( 'NONE',  ( -0.000000000000000000, -243.5000000000000000, 0.000000000000000000 ) ) ;
#3617 = EDGE_CURVE ( 'NONE', #1441, #2565, #1134, .T. ) ;
#3618 = ORIENTED_EDGE ( 'NONE', *, *, #512, .F. ) ;
#3619 = CC_DESIGN_SECURITY_CLASSIFICATION ( #3210, ( #1621 ) ) ;
#3620 = ORIENTED_EDGE ( 'NONE', *, *, #1800, .F. ) ;
#3621 = EDGE_LOOP ( 'NONE', ( #1585, #1491, #2663, #3266 ) ) ;
#3622 = EDGE_CURVE ( 'NONE', #3241, #3765, #4242, .T. ) ;
#3623 = DIRECTION ( 'NONE',  ( 0.000000000000000000, -1.000000000000000000, 0.000000000000000000 ) ) ;
#3624 = COORDINATED_UNIVERSAL_TIME_OFFSET ( 8, 0, .AHEAD. ) ;
#3625 = ORIENTED_EDGE ( 'NONE', *, *, #86, .F. ) ;
#3626 = DIRECTION ( 'NONE',  ( 0.000000000000000000, 0.000000000000000000, -1.000000000000000000 ) ) ;
#3627 = ORIENTED_EDGE ( 'NONE', *, *, #3594, .T. ) ;
#3628 = APPROVAL_ROLE ( '' ) ;
#3629 = PERSON_AND_ORGANIZATION ( #1608, #3702 ) ;
#3630 = ORIENTED_EDGE ( 'NONE', *, *, #1894, .T. ) ;
#3631 = DIRECTION ( 'NONE',  ( -1.000000000000000000, 0.000000000000000000, 0.000000000000000000 ) ) ;
#3632 = AXIS2_PLACEMENT_3D ( 'NONE', #4398, #4071, #2569 ) ;
#3633 = PERSON_AND_ORGANIZATION ( #1608, #3702 ) ;
#3634 = ORIENTED_EDGE ( 'NONE', *, *, #4422, .T. ) ;
#3635 = ORIENTED_EDGE ( 'NONE', *, *, #4410, .T. ) ;
#3636 = DIRECTION ( 'NONE',  ( -0.000000000000000000, -0.000000000000000000, -1.000000000000000000 ) ) ;
#3637 = ORIENTED_EDGE ( 'NONE', *, *, #2915, .T. ) ;
#3638 = CARTESIAN_POINT ( 'NONE',  ( 830.0000000000001137, -132.0000000000000000, 110.9999999999999858 ) ) ;
#3639 = CARTESIAN_POINT ( 'NONE',  ( 33.00000000000005684, -293.5000000000000000, 22.00000000000000000 ) ) ;
#3640 = AXIS2_PLACEMENT_3D ( 'NONE', #4328, #1410, #702 ) ;
#3641 = LINE ( 'NONE', #3090, #608 ) ;
#3642 = ORIENTED_EDGE ( 'NONE', *, *, #3947, .T. ) ;
#3643 = ADVANCED_FACE ( 'NONE', ( #494 ), #2419, .T. ) ;
#3644 = CARTESIAN_POINT ( 'NONE',  ( 8.523541722065577671E-14, 343.5000000000000000, 30.00000000000000000 ) ) ;
#3645 = VECTOR ( 'NONE', #4505, 1000.000000000000000 ) ;
#3646 = VECTOR ( 'NONE', #2970, 1000.000000000000000 ) ;
#3647 = APPROVAL_ROLE ( '' ) ;
#3648 = DIRECTION ( 'NONE',  ( 0.000000000000000000, 0.000000000000000000, -1.000000000000000000 ) ) ;
#3649 = EDGE_CURVE ( 'NONE', #3989, #4686, #4836, .T. ) ;
#3650 = DIRECTION ( 'NONE',  ( -1.705411712173819746E-16, -1.000000000000000000, 0.000000000000000000 ) ) ;
#3651 = VECTOR ( 'NONE', #2679, 1000.000000000000000 ) ;
#3652 = ADVANCED_FACE ( 'NONE', ( #1430 ), #2250, .T. ) ;
#3653 = CARTESIAN_POINT ( 'NONE',  ( 15.90000000000005720, 342.0000000000000568, 15.90000000000000036 ) ) ;
#3654 = EDGE_LOOP ( 'NONE', ( #3371, #4856, #3043, #2026 ) ) ;
#3655 = APPROVAL ( #1353, '未指定' ) ;
#3656 = ORIENTED_EDGE ( 'NONE', *, *, #3181, .T. ) ;
#3657 = VECTOR ( 'NONE', #1902, 1000.000000000000000 ) ;
#3658 = DIRECTION ( 'NONE',  ( -0.000000000000000000, 1.000000000000000000, -0.000000000000000000 ) ) ;
#3659 = VECTOR ( 'NONE', #4083, 1000.000000000000000 ) ;
#3660 = CARTESIAN_POINT ( 'NONE',  ( 878.0000000000002274, -630.2499999999998863, 594.8000000000001819 ) ) ;
#3661 = VECTOR ( 'NONE', #1230, 1000.000000000000000 ) ;
#3662 = CARTESIAN_POINT ( 'NONE',  ( 870.0000000000000000, -57.00000000000000000, 20.00000000000001776 ) ) ;
#3663 = LINE ( 'NONE', #4814, #3836 ) ;
#3664 = VERTEX_POINT ( 'NONE', #4622 ) ;
#3665 = CARTESIAN_POINT ( 'NONE',  ( 13.20000000000000817, -630.2500000000001137, 586.8000000000001819 ) ) ;
#3666 = AXIS2_PLACEMENT_3D ( 'NONE', #3551, #1728, #1303 ) ;
#3667 = DATE_TIME_ROLE ( 'creation_date' ) ;
#3668 = CIRCLE ( 'NONE', #2632, 19.99999999999996092 ) ;
#3669 = CARTESIAN_POINT ( 'NONE',  ( 70.00000000000008527, -785.0000000000000000, 473.0000000000000000 ) ) ;
#3670 = LINE ( 'NONE', #337, #906 ) ;
#3671 = DIRECTION ( 'NONE',  ( 1.000000000000000000, 0.000000000000000000, 0.000000000000000000 ) ) ;
#3672 = AXIS2_PLACEMENT_3D ( 'NONE', #101, #48, #1978 ) ;
#3673 = CARTESIAN_POINT ( 'NONE',  ( 8.673617379884035472E-14, -293.5000000000000000, 27.00000000000000355 ) ) ;
#3674 = ORIENTED_EDGE ( 'NONE', *, *, #3486, .F. ) ;
#3675 = AXIS2_PLACEMENT_3D ( 'NONE', #3509, #4658, #585 ) ;
#3676 = ADVANCED_FACE ( 'NONE', ( #3831 ), #2350, .F. ) ;
#3677 = DIRECTION ( 'NONE',  ( 2.745500257537979014E-16, -1.000000000000000000, -0.000000000000000000 ) ) ;
#3678 = AXIS2_PLACEMENT_3D ( 'NONE', #1472, #2645, #3737 ) ;
#3679 = DIRECTION ( 'NONE',  ( 0.000000000000000000, -1.000000000000000000, 0.000000000000000000 ) ) ;
#3680 = ORIENTED_EDGE ( 'NONE', *, *, #515, .F. ) ;
#3681 = CIRCLE ( 'NONE', #443, 5.000000000000000888 ) ;
#3682 = VERTEX_POINT ( 'NONE', #2700 ) ;
#3683 = EDGE_CURVE ( 'NONE', #4375, #2649, #133, .T. ) ;
#3684 = CARTESIAN_POINT ( 'NONE',  ( 15.00000000000008527, 293.5000000000000000, 15.00000000000000000 ) ) ;
#3685 = AXIS2_PLACEMENT_3D ( 'NONE', #3789, #4483, #4134 ) ;
#3686 = ORIENTED_EDGE ( 'NONE', *, *, #3046, .T. ) ;
#3687 = DIRECTION ( 'NONE',  ( 0.000000000000000000, 0.000000000000000000, -1.000000000000000000 ) ) ;
#3688 = EDGE_CURVE ( 'NONE', #4039, #4863, #1312, .T. ) ;
#3689 = ORIENTED_EDGE ( 'NONE', *, *, #166, .F. ) ;
#3690 = PLANE ( 'NONE',  #3322 ) ;
#3691 = ORIENTED_EDGE ( 'NONE', *, *, #4627, .F. ) ;
#3692 = ORIENTED_EDGE ( 'NONE', *, *, #784, .T. ) ;
#3693 = CARTESIAN_POINT ( 'NONE',  ( 70.00000000000008527, -745.0000000000000000, 500.0000000000000000 ) ) ;
#3694 = DATE_AND_TIME ( #2979, #3807 ) ;
#3695 = ORIENTED_EDGE ( 'NONE', *, *, #2525, .F. ) ;
#3696 = CARTESIAN_POINT ( 'NONE',  ( 15.90000000000000036, -142.7500000000000000, 586.0000000000001137 ) ) ;
#3697 = LOCAL_TIME ( 10, 26, 38.00000000000000000, #3222 ) ;
#3698 = VERTEX_POINT ( 'NONE', #2659 ) ;
#3699 = SECURITY_CLASSIFICATION_LEVEL ( 'unclassified' ) ;
#3700 = CARTESIAN_POINT ( 'NONE',  ( 30.00000000000001421, -630.2500000000001137, 586.8000000000001819 ) ) ;
#3701 = AXIS2_PLACEMENT_3D ( 'NONE', #3346, #348, #4748 ) ;
#3702 = ORGANIZATION ( '未指定', '未指定', '' ) ;
#3703 = ORIENTED_EDGE ( 'NONE', *, *, #4600, .T. ) ;
#3704 = CARTESIAN_POINT ( 'NONE',  ( 70.00000000000009948, -800.0000000000000000, 97.00000000000000000 ) ) ;
#3705 = LINE ( 'NONE', #3479, #3450 ) ;
#3706 = DIRECTION ( 'NONE',  ( -0.000000000000000000, 1.000000000000000000, -0.000000000000000000 ) ) ;
#3707 = VECTOR ( 'NONE', #3030, 1000.000000000000000 ) ;
#3708 = SHAPE_REPRESENTATION_RELATIONSHIP ( 'NONE' , 'NONE' ,  #3598, #4452 ) ;
#3709 = DIRECTION ( 'NONE',  ( 0.000000000000000000, -1.000000000000000000, 0.000000000000000000 ) ) ;
#3710 = CIRCLE ( 'NONE', #4815, 26.99999999999999645 ) ;
#3711 = CARTESIAN_POINT ( 'NONE',  ( 900.0000000000001137, -17.99999999999988631, 600.1000000000000227 ) ) ;
#3712 = ORIENTED_EDGE ( 'NONE', *, *, #4773, .F. ) ;
#3713 = AXIS2_PLACEMENT_3D ( 'NONE', #1959, #2326, #1926 ) ;
#3714 = LINE ( 'NONE', #2040, #956 ) ;
#3715 = LINE ( 'NONE', #1570, #4073 ) ;
#3716 = SECURITY_CLASSIFICATION_LEVEL ( 'unclassified' ) ;
#3717 = CARTESIAN_POINT ( 'NONE',  ( 830.0000000000001137, -57.00000000000000000, 570.0000000000001137 ) ) ;
#3718 = EDGE_CURVE ( 'NONE', #2035, #3059, #4364, .T. ) ;
#3719 = CARTESIAN_POINT ( 'NONE',  ( 886.8000000000002956, -630.2499999999998863, 586.8000000000001819 ) ) ;
#3720 = ORIENTED_EDGE ( 'NONE', *, *, #1646, .F. ) ;
#3721 = VECTOR ( 'NONE', #4784, 1000.000000000000000 ) ;
#3722 = ORIENTED_EDGE ( 'NONE', *, *, #1146, .F. ) ;
#3723 = VECTOR ( 'NONE', #3335, 1000.000000000000000 ) ;
#3724 = CC_DESIGN_DATE_AND_TIME_ASSIGNMENT ( #4271, #4460, ( #2788 ) ) ;
#3725 = CARTESIAN_POINT ( 'NONE',  ( 884.1000000000002501, -630.2499999999998863, 586.0000000000001137 ) ) ;
#3726 = CARTESIAN_POINT ( 'NONE',  ( 70.00000000000008527, -785.0000000000000000, 500.0000000000000000 ) ) ;
#3727 = CARTESIAN_POINT ( 'NONE',  ( 894.8000000000000682, -93.24999999999987210, 570.0000000000001137 ) ) ;
#3728 = MANIFOLD_SOLID_BREP ( '切除-拉伸3[1]', #1754 ) ;
#3729 = EDGE_CURVE ( 'NONE', #1377, #375, #1837, .T. ) ;
#3730 = CIRCLE ( 'NONE', #1063, 5.000000000000000888 ) ;
#3731 = DIRECTION ( 'NONE',  ( 0.000000000000000000, 0.000000000000000000, 1.000000000000000000 ) ) ;
#3732 = AXIS2_PLACEMENT_3D ( 'NONE', #753, #1119, #4442 ) ;
#3733 = APPLICATION_PROTOCOL_DEFINITION ( 'international standard', 'config_control_design', 1994, #562 ) ;
#3734 = CARTESIAN_POINT ( 'NONE',  ( 0.000000000000000000, 0.000000000000000000, 120.0000000000000000 ) ) ;
#3735 = LINE ( 'NONE', #1518, #2722 ) ;
#3736 = DIRECTION ( 'NONE',  ( 1.000000000000000000, 0.000000000000000000, 0.000000000000000000 ) ) ;
#3737 = DIRECTION ( 'NONE',  ( 0.000000000000000000, 0.000000000000000000, 1.000000000000000000 ) ) ;
#3738 = AXIS2_PLACEMENT_3D ( 'NONE', #3212, #4385, #2522 ) ;
#3739 = CARTESIAN_POINT ( 'NONE',  ( 15.90000000000005720, 243.5000000000000568, 20.90000000000000213 ) ) ;
#3740 = AXIS2_PLACEMENT_3D ( 'NONE', #1776, #4409, #4048 ) ;
#3741 = DIRECTION ( 'NONE',  ( 0.000000000000000000, -0.000000000000000000, -1.000000000000000000 ) ) ;
#3742 = DIRECTION ( 'NONE',  ( 1.000000000000000000, 8.260587980841938471E-18, 0.000000000000000000 ) ) ;
#3743 = EDGE_LOOP ( 'NONE', ( #588, #1501, #2948, #2911, #757, #1394, #119, #920, #4246, #2718, #1252, #1444 ) ) ;
#3744 = ORIENTED_EDGE ( 'NONE', *, *, #978, .T. ) ;
#3745 = EDGE_CURVE ( 'NONE', #72, #3682, #3715, .T. ) ;
#3746 = DIRECTION ( 'NONE',  ( 0.000000000000000000, -0.000000000000000000, -1.000000000000000000 ) ) ;
#3747 = ORIENTED_EDGE ( 'NONE', *, *, #4538, .T. ) ;
#3748 = ORIENTED_EDGE ( 'NONE', *, *, #4257, .F. ) ;
#3749 = SECURITY_CLASSIFICATION_LEVEL ( 'unclassified' ) ;
#3750 = COORDINATED_UNIVERSAL_TIME_OFFSET ( 8, 0, .AHEAD. ) ;
#3751 = APPROVAL ( #4359, '未指定' ) ;
#3752 = ORIENTED_EDGE ( 'NONE', *, *, #3112, .T. ) ;
#3753 = ORIENTED_EDGE ( 'NONE', *, *, #2139, .T. ) ;
#3754 = CARTESIAN_POINT ( 'NONE',  ( 830.0000000000001137, -730.0000000000000000, 43.00000000000000000 ) ) ;
#3755 = EDGE_CURVE ( 'NONE', #3990, #3466, #260, .T. ) ;
#3756 = PERSON_AND_ORGANIZATION ( #4144, #4525 ) ;
#3757 = CARTESIAN_POINT ( 'NONE',  ( 33.00000000000005684, -243.5000000000000000, 0.000000000000000000 ) ) ;
#3758 = DIRECTION ( 'NONE',  ( 0.000000000000000000, -1.000000000000000000, 0.000000000000000000 ) ) ;
#3759 = APPROVAL_DATE_TIME ( #2348, #3393 ) ;
#3760 = VERTEX_POINT ( 'NONE', #4235 ) ;
#3761 = EDGE_CURVE ( 'NONE', #1760, #4241, #2004, .T. ) ;
#3762 = EDGE_LOOP ( 'NONE', ( #3035, #2855 ) ) ;
#3763 = DIRECTION ( 'NONE',  ( 0.000000000000000000, 0.000000000000000000, 1.000000000000000000 ) ) ;
#3764 = AXIS2_PLACEMENT_3D ( 'NONE', #2507, #727, #2542 ) ;
#3765 = VERTEX_POINT ( 'NONE', #1557 ) ;
#3766 = DIRECTION ( 'NONE',  ( 0.000000000000000000, 0.000000000000000000, 1.000000000000000000 ) ) ;
#3767 = CIRCLE ( 'NONE', #3258, 5.049999999999998934 ) ;
#3768 = ORIENTED_EDGE ( 'NONE', *, *, #3181, .F. ) ;
#3769 = DIRECTION ( 'NONE',  ( 0.000000000000000000, 0.000000000000000000, -1.000000000000000000 ) ) ;
#3770 = CIRCLE ( 'NONE', #2944, 8.000000000000007105 ) ;
#3771 = DIRECTION ( 'NONE',  ( -0.000000000000000000, -0.000000000000000000, 1.000000000000000000 ) ) ;
#3772 = VERTEX_POINT ( 'NONE', #4191 ) ;
#3773 = VECTOR ( 'NONE', #3037, 1000.000000000000000 ) ;
#3774 = EDGE_CURVE ( 'NONE', #1411, #3543, #4604, .T. ) ;
#3775 = ORIENTED_EDGE ( 'NONE', *, *, #4119, .F. ) ;
#3776 = DIRECTION ( 'NONE',  ( -0.000000000000000000, -1.000000000000000000, -0.000000000000000000 ) ) ;
#3777 = FACE_OUTER_BOUND ( 'NONE', #379, .T. ) ;
#3778 = VECTOR ( 'NONE', #600, 1000.000000000000000 ) ;
#3779 = FACE_OUTER_BOUND ( 'NONE', #1042, .T. ) ;
#3780 = LINE ( 'NONE', #345, #144 ) ;
#3781 = EDGE_LOOP ( 'NONE', ( #4292, #3074, #3565, #1802 ) ) ;
#3782 = DIRECTION ( 'NONE',  ( -0.000000000000000000, -1.000000000000000000, -0.000000000000000000 ) ) ;
#3783 = ORIENTED_EDGE ( 'NONE', *, *, #2363, .F. ) ;
#3784 = EDGE_CURVE ( 'NONE', #4396, #2214, #4012, .T. ) ;
#3785 = DIRECTION ( 'NONE',  ( -0.000000000000000000, 1.000000000000000000, -0.000000000000000000 ) ) ;
#3786 = UNCERTAINTY_MEASURE_WITH_UNIT (LENGTH_MEASURE( 1.000000000000000082E-05 ), #2053, 'distance_accuracy_value', 'NONE');
#3787 = CARTESIAN_POINT ( 'NONE',  ( 15.90000000000005720, -342.0000000000000000, 22.40000000000000568 ) ) ;
#3788 = LINE ( 'NONE', #4227, #3417 ) ;
#3789 = CARTESIAN_POINT ( 'NONE',  ( 830.0000000000001137, -745.0000000000000000, 500.0000000000000000 ) ) ;
#3790 = CARTESIAN_POINT ( 'NONE',  ( 15.00000000000008527, 0.000000000000000000, 0.000000000000000000 ) ) ;
#3791 = EDGE_LOOP ( 'NONE', ( #2337, #4568, #1295, #4279 ) ) ;
#3792 = CARTESIAN_POINT ( 'NONE',  ( 830.0000000000001137, -745.0000000000000000, 473.0000000000000000 ) ) ;
#3793 = CARTESIAN_POINT ( 'NONE',  ( -4.000000000000017764, 0.000000000000000000, 120.0000000000000000 ) ) ;
#3794 = VECTOR ( 'NONE', #2520, 1000.000000000000000 ) ;
#3795 = DIRECTION ( 'NONE',  ( -0.000000000000000000, 1.000000000000000000, -0.000000000000000000 ) ) ;
#3796 = AXIS2_PLACEMENT_3D ( 'NONE', #4038, #372, #2938 ) ;
#3797 = VERTEX_POINT ( 'NONE', #1586 ) ;
#3798 = ORIENTED_EDGE ( 'NONE', *, *, #4216, .T. ) ;
#3799 = DIRECTION ( 'NONE',  ( -0.000000000000000000, 1.000000000000000000, -0.000000000000000000 ) ) ;
#3800 = AXIS2_PLACEMENT_3D ( 'NONE', #2400, #159, #2771 ) ;
#3801 = PLANE ( 'NONE',  #2410 ) ;
#3802 = VERTEX_POINT ( 'NONE', #1205 ) ;
#3803 = ORIENTED_EDGE ( 'NONE', *, *, #4864, .T. ) ;
#3804 = ORIENTED_EDGE ( 'NONE', *, *, #1914, .F. ) ;
#3805 = CIRCLE ( 'NONE', #1741, 5.049999999999998934 ) ;
#3806 = CARTESIAN_POINT ( 'NONE',  ( 70.00000000000008527, -800.0000000000000000, 500.0000000000000000 ) ) ;
#3807 = LOCAL_TIME ( 10, 26, 38.00000000000000000, #2105 ) ;
#3808 = EDGE_CURVE ( 'NONE', #1890, #2171, #3886, .T. ) ;
#3809 = CARTESIAN_POINT ( 'NONE',  ( 830.0000000000001137, -800.0000000000000000, 500.0000000000000000 ) ) ;
#3810 = VERTEX_POINT ( 'NONE', #1814 ) ;
#3811 = FACE_OUTER_BOUND ( 'NONE', #869, .T. ) ;
#3812 = APPROVAL ( #1179, 'UNKNOWN' ) ;
#3813 = CALENDAR_DATE ( 2026, 9, 6 ) ;
#3814 = ORIENTED_EDGE ( 'NONE', *, *, #4153, .T. ) ;
#3815 = DIRECTION ( 'NONE',  ( 0.000000000000000000, -0.000000000000000000, -1.000000000000000000 ) ) ;
#3816 = DIRECTION ( 'NONE',  ( -0.000000000000000000, 1.000000000000000000, -0.000000000000000000 ) ) ;
#3817 = EDGE_CURVE ( 'NONE', #1865, #287, #2598, .T. ) ;
#3818 = DIRECTION ( 'NONE',  ( 0.000000000000000000, -0.000000000000000000, 1.000000000000000000 ) ) ;
#3819 = DIRECTION ( 'NONE',  ( 0.000000000000000000, 0.000000000000000000, -1.000000000000000000 ) ) ;
#3820 = SHAPE_DEFINITION_REPRESENTATION ( #2934, #3598 ) ;
#3821 = ORIENTED_EDGE ( 'NONE', *, *, #2827, .T. ) ;
#3822 = LINE ( 'NONE', #4833, #2184 ) ;
#3823 = DIRECTION ( 'NONE',  ( 1.143773720424268048E-16, 0.000000000000000000, 1.000000000000000000 ) ) ;
#3824 = AXIS2_PLACEMENT_3D ( 'NONE', #3247, #3623, #1383 ) ;
#3825 = VECTOR ( 'NONE', #3927, 1000.000000000000000 ) ;
#3826 = ORIENTED_EDGE ( 'NONE', *, *, #2355, .F. ) ;
#3827 = CARTESIAN_POINT ( 'NONE',  ( 889.1500000000002046, -630.2499999999998863, 586.0000000000001137 ) ) ;
#3828 = PLANE ( 'NONE',  #1600 ) ;
#3829 = LINE ( 'NONE', #2840, #201 ) ;
#3830 = DIRECTION ( 'NONE',  ( -0.000000000000000000, -1.000000000000000000, -0.000000000000000000 ) ) ;
#3831 = FACE_OUTER_BOUND ( 'NONE', #2918, .T. ) ;
#3832 = AXIS2_PLACEMENT_3D ( 'NONE', #4127, #2625, #4219 ) ;
#3833 = CARTESIAN_POINT ( 'NONE',  ( 30.00000000000001776, -142.7500000000000000, 570.0000000000001137 ) ) ;
#3834 = EDGE_LOOP ( 'NONE', ( #420, #1805, #4019, #2055 ) ) ;
#3835 = LINE ( 'NONE', #2714, #3661 ) ;
#3836 = VECTOR ( 'NONE', #2557, 1000.000000000000000 ) ;
#3837 = ORIENTED_EDGE ( 'NONE', *, *, #3457, .F. ) ;
#3838 = CARTESIAN_POINT ( 'NONE',  ( 15.90000000000005720, 293.5000000000000000, 15.90000000000000036 ) ) ;
#3839 = FACE_OUTER_BOUND ( 'NONE', #3384, .T. ) ;
#3840 = EDGE_CURVE ( 'NONE', #4530, #3579, #846, .T. ) ;
#3841 = DIRECTION ( 'NONE',  ( -1.705411712173819746E-16, -1.000000000000000000, 0.000000000000000000 ) ) ;
#3842 = CIRCLE ( 'NONE', #4086, 8.000000000000007105 ) ;
#3843 = ORIENTED_EDGE ( 'NONE', *, *, #2754, .F. ) ;
#3844 = CYLINDRICAL_SURFACE ( 'NONE', #760, 27.00000000000002487 ) ;
#3845 = APPROVAL ( #1775, '未指定' ) ;
#3846 = DIRECTION ( 'NONE',  ( -1.000000000000000000, 0.000000000000000000, 0.000000000000000000 ) ) ;
#3847 = EDGE_CURVE ( 'NONE', #2206, #3884, #1194, .T. ) ;
#3848 = PLANE ( 'NONE',  #1319 ) ;
#3849 = ORIENTED_EDGE ( 'NONE', *, *, #4639, .F. ) ;
#3850 = LINE ( 'NONE', #2146, #1154 ) ;
#3851 = CARTESIAN_POINT ( 'NONE',  ( 900.0000000000001137, -74.99999999999987210, 570.0000000000001137 ) ) ;
#3852 = CARTESIAN_POINT ( 'NONE',  ( 69.99999999999998579, -132.0000000000000000, 110.9999999999999858 ) ) ;
#3853 = CARTESIAN_POINT ( 'NONE',  ( 830.0000000000001137, -745.0000000000000000, 70.00000000000000000 ) ) ;
#3854 = ORIENTED_EDGE ( 'NONE', *, *, #308, .T. ) ;
#3855 = DIRECTION ( 'NONE',  ( 0.000000000000000000, 0.000000000000000000, -1.000000000000000000 ) ) ;
#3856 = ORIENTED_EDGE ( 'NONE', *, *, #2915, .F. ) ;
#3857 = DIRECTION ( 'NONE',  ( -0.000000000000000000, 1.000000000000000000, -0.000000000000000000 ) ) ;
#3858 = DATE_AND_TIME ( #4631, #2735 ) ;
#3859 = CARTESIAN_POINT ( 'NONE',  ( 830.0000000000001137, 0.000000000000000000, 475.0000000000001137 ) ) ;
#3860 = ORIENTED_EDGE ( 'NONE', *, *, #4184, .T. ) ;
#3861 = ORIENTED_EDGE ( 'NONE', *, *, #912, .F. ) ;
#3862 = ORIENTED_EDGE ( 'NONE', *, *, #3649, .F. ) ;
#3863 = VERTEX_POINT ( 'NONE', #2952 ) ;
#3864 = LOCAL_TIME ( 10, 26, 38.00000000000000000, #988 ) ;
#3865 = DIRECTION ( 'NONE',  ( 0.000000000000000000, -1.000000000000000000, 0.000000000000000000 ) ) ;
#3866 = ORIENTED_EDGE ( 'NONE', *, *, #2245, .F. ) ;
#3867 = EDGE_CURVE ( 'NONE', #511, #4, #2194, .T. ) ;
#3868 = DIRECTION ( 'NONE',  ( 0.000000000000000000, 0.000000000000000000, -1.000000000000000000 ) ) ;
#3869 = LOCAL_TIME ( 10, 26, 38.00000000000000000, #3155 ) ;
#3870 = CIRCLE ( 'NONE', #1662, 5.049999999999998934 ) ;
#3871 = ORIENTED_EDGE ( 'NONE', *, *, #3515, .T. ) ;
#3872 = EDGE_CURVE ( 'NONE', #2573, #848, #2069, .T. ) ;
#3873 = ORIENTED_EDGE ( 'NONE', *, *, #785, .T. ) ;
#3874 = CARTESIAN_POINT ( 'NONE',  ( 870.0000000000001137, -630.2499999999998863, 570.0000000000001137 ) ) ;
#3875 = CC_DESIGN_SECURITY_CLASSIFICATION ( #1080, ( #4872 ) ) ;
#3876 = ORIENTED_EDGE ( 'NONE', *, *, #2525, .T. ) ;
#3877 = CARTESIAN_POINT ( 'NONE',  ( 830.0000000000001137, -745.0000000000000000, 97.00000000000000000 ) ) ;
#3878 = ORIENTED_EDGE ( 'NONE', *, *, #1732, .F. ) ;
#3879 = VECTOR ( 'NONE', #3896, 1000.000000000000000 ) ;
#3880 = APPROVAL_ROLE ( '' ) ;
#3881 = FACE_OUTER_BOUND ( 'NONE', #4354, .T. ) ;
#3882 = VECTOR ( 'NONE', #4163, 1000.000000000000000 ) ;
#3883 = DIRECTION ( 'NONE',  ( 0.000000000000000000, 0.000000000000000000, 1.000000000000000000 ) ) ;
#3884 = VERTEX_POINT ( 'NONE', #3673 ) ;
#3885 = ADVANCED_FACE ( 'NONE', ( #4188 ), #80, .T. ) ;
#3886 = CIRCLE ( 'NONE', #223, 5.000000000000000888 ) ;
#3887 = VERTEX_POINT ( 'NONE', #4050 ) ;
#3888 = FACE_BOUND ( 'NONE', #2125, .T. ) ;
#3889 = CARTESIAN_POINT ( 'NONE',  ( 30.00000000000001066, -74.99999999999998579, 570.0000000000001137 ) ) ;
#3890 = FACE_OUTER_BOUND ( 'NONE', #2484, .T. ) ;
#3891 = DIRECTION ( 'NONE',  ( 0.000000000000000000, 0.000000000000000000, -1.000000000000000000 ) ) ;
#3892 = AXIS2_PLACEMENT_3D ( 'NONE', #756, #3361, #1151 ) ;
#3893 = PERSON ( 'NAUO-PER6', 'UNSPECIFIED', 'UNSPECIFIED', ('UNSPECIFIED'), ('UNSPECIFIED'), ('UNSPECIFIED') ) ;
#3894 = VECTOR ( 'NONE', #2017, 1000.000000000000000 ) ;
#3895 = DIRECTION ( 'NONE',  ( 0.000000000000000000, 0.000000000000000000, 1.000000000000000000 ) ) ;
#3896 = DIRECTION ( 'NONE',  ( -0.000000000000000000, 1.000000000000000000, -0.000000000000000000 ) ) ;
#3897 = LINE ( 'NONE', #2452, #210 ) ;
#3898 = ORIENTED_EDGE ( 'NONE', *, *, #3617, .T. ) ;
#3899 = EDGE_CURVE ( 'NONE', #3033, #4201, #1014, .T. ) ;
#3900 = VECTOR ( 'NONE', #3650, 1000.000000000000000 ) ;
#3901 = EDGE_LOOP ( 'NONE', ( #2578, #76, #3548, #4831 ) ) ;
#3902 = CC_DESIGN_PERSON_AND_ORGANIZATION_ASSIGNMENT ( #2172, #633, ( #3483 ) ) ;
#3903 = VERTEX_POINT ( 'NONE', #1084 ) ;
#3904 = VERTEX_POINT ( 'NONE', #3704 ) ;
#3905 = FACE_OUTER_BOUND ( 'NONE', #4013, .T. ) ;
#3906 = DIRECTION ( 'NONE',  ( 0.000000000000000000, 0.000000000000000000, -1.000000000000000000 ) ) ;
#3907 = ADVANCED_FACE ( 'NONE', ( #2937 ), #3357, .T. ) ;
#3908 = ORIENTED_EDGE ( 'NONE', *, *, #629, .F. ) ;
#3909 =( NAMED_UNIT ( * ) SI_UNIT ( $, .STERADIAN. ) SOLID_ANGLE_UNIT ( ) );
#3910 = ORIENTED_EDGE ( 'NONE', *, *, #2463, .T. ) ;
#3911 = CARTESIAN_POINT ( 'NONE',  ( 22.00000000000001066, -93.24999999999998579, 594.8000000000001819 ) ) ;
#3912 = EDGE_LOOP ( 'NONE', ( #4808, #2187, #3656, #2297 ) ) ;
#3913 = DIRECTION ( 'NONE',  ( 1.000000000000000000, 0.000000000000000000, 0.000000000000000000 ) ) ;
#3914 = ORIENTED_EDGE ( 'NONE', *, *, #2108, .T. ) ;
#3915 = AXIS2_PLACEMENT_3D ( 'NONE', #986, #2082, #575 ) ;
#3916 = ORIENTED_EDGE ( 'NONE', *, *, #1427, .F. ) ;
#3917 = CARTESIAN_POINT ( 'NONE',  ( 69.99999999999998579, -132.0000000000000000, 110.9999999999999858 ) ) ;
#3918 = VERTEX_POINT ( 'NONE', #1832 ) ;
#3919 = CYLINDRICAL_SURFACE ( 'NONE', #4079, 5.049999999999998934 ) ;
#3920 = SHAPE_REPRESENTATION ( '地柜13', ( #4007, #1033, #1286, #1549, #1788, #3800, #4058, #980 ), #3082 ) ;
#3921 = CARTESIAN_POINT ( 'NONE',  ( 69.99999999999998579, -57.00000000000000711, 110.9999999999999858 ) ) ;
#3922 = ADVANCED_FACE ( 'NONE', ( #1078 ), #3950, .T. ) ;
#3923 = DIRECTION ( 'NONE',  ( 0.000000000000000000, 0.000000000000000000, 1.000000000000000000 ) ) ;
#3924 = SECURITY_CLASSIFICATION_LEVEL ( 'unclassified' ) ;
#3925 = VERTEX_POINT ( 'NONE', #2451 ) ;
#3926 = VERTEX_POINT ( 'NONE', #2160 ) ;
#3927 = DIRECTION ( 'NONE',  ( -1.000000000000000000, -0.000000000000000000, -0.000000000000000000 ) ) ;
#3928 = DIRECTION ( 'NONE',  ( 0.000000000000000000, -0.000000000000000000, 1.000000000000000000 ) ) ;
#3929 = APPROVAL_PERSON_ORGANIZATION ( #2689, #3751, #2814 ) ;
#3930 = EDGE_CURVE ( 'NONE', #4059, #853, #3955, .T. ) ;
#3931 = ORIENTED_EDGE ( 'NONE', *, *, #4028, .T. ) ;
#3932 = AXIS2_PLACEMENT_3D ( 'NONE', #1573, #855, #3818 ) ;
#3933 = ADVANCED_FACE ( 'NONE', ( #2709 ), #323, .F. ) ;
#3934 = PLANE ( 'NONE',  #3255 ) ;
#3935 = SHAPE_DEFINITION_REPRESENTATION ( #2319, #752 ) ;
#3936 = ORIENTED_EDGE ( 'NONE', *, *, #1595, .F. ) ;
#3937 = EDGE_CURVE ( 'NONE', #3295, #2171, #739, .T. ) ;
#3938 = EDGE_LOOP ( 'NONE', ( #1174, #335, #4535, #3985 ) ) ;
#3939 = DIRECTION ( 'NONE',  ( 1.520853458390625560E-16, -1.000000000000000000, 0.000000000000000000 ) ) ;
#3940 = LINE ( 'NONE', #584, #2298 ) ;
#3941 = DIRECTION ( 'NONE',  ( 0.000000000000000000, 0.000000000000000000, 1.000000000000000000 ) ) ;
#3942 = CARTESIAN_POINT ( 'NONE',  ( 15.00000000000008527, 0.000000000000000000, 0.000000000000000000 ) ) ;
#3943 = EDGE_LOOP ( 'NONE', ( #3143, #2324, #4100, #3513 ) ) ;
#3944 = LINE ( 'NONE', #655, #2150 ) ;
#3945 = VECTOR ( 'NONE', #2986, 1000.000000000000000 ) ;
#3946 = ORIENTED_EDGE ( 'NONE', *, *, #1039, .F. ) ;
#3947 = EDGE_CURVE ( 'NONE', #4656, #373, #1607, .T. ) ;
#3948 =( NAMED_UNIT ( * ) PLANE_ANGLE_UNIT ( ) SI_UNIT ( $, .RADIAN. ) );
#3949 = CARTESIAN_POINT ( 'NONE',  ( 8.523541722065577671E-14, -243.4999999999999432, 30.00000000000000000 ) ) ;
#3950 = PLANE ( 'NONE',  #740 ) ;
#3951 = CARTESIAN_POINT ( 'NONE',  ( 0.000000000000000000, 0.000000000000000000, 570.0000000000001137 ) ) ;
#3952 = DIRECTION ( 'NONE',  ( -1.000000000000000000, 0.000000000000000000, 0.000000000000000000 ) ) ;
#3953 = FACE_OUTER_BOUND ( 'NONE', #3202, .T. ) ;
#3954 = CARTESIAN_POINT ( 'NONE',  ( 70.00000000000008527, -785.0000000000000000, 500.0000000000000000 ) ) ;
#3955 = CIRCLE ( 'NONE', #1478, 26.99999999999999645 ) ;
#3956 = LINE ( 'NONE', #4199, #1949 ) ;
#3957 = LINE ( 'NONE', #3787, #492 ) ;
#3958 = CARTESIAN_POINT ( 'NONE',  ( 830.0000000000001137, -132.0000000000000000, 110.9999999999999858 ) ) ;
#3959 = DIRECTION ( 'NONE',  ( 0.000000000000000000, -1.000000000000000000, 0.000000000000000000 ) ) ;
#3960 = LINE ( 'NONE', #1497, #2662 ) ;
#3961 = ORIENTED_EDGE ( 'NONE', *, *, #1204, .T. ) ;
#3962 = DIRECTION ( 'NONE',  ( 1.000000000000000000, 0.000000000000000000, -1.137523590804461357E-16 ) ) ;
#3963 = DIRECTION ( 'NONE',  ( 0.000000000000000000, 0.000000000000000000, 1.000000000000000000 ) ) ;
#3964 = AXIS2_PLACEMENT_3D ( 'NONE', #4000, #1387, #1740 ) ;
#3965 = VERTEX_POINT ( 'NONE', #4414 ) ;
#3966 = DIRECTION ( 'NONE',  ( 0.000000000000000000, -1.000000000000000000, 0.000000000000000000 ) ) ;
#3967 = DIRECTION ( 'NONE',  ( 0.000000000000000000, 0.000000000000000000, -1.000000000000000000 ) ) ;
#3968 = CARTESIAN_POINT ( 'NONE',  ( 879.0499999999999545, -93.24999999999987210, 586.0000000000001137 ) ) ;
#3969 = CARTESIAN_POINT ( 'NONE',  ( 894.8000000000002956, -630.2499999999998863, 570.0000000000001137 ) ) ;
#3970 = ORIENTED_EDGE ( 'NONE', *, *, #4853, .F. ) ;
#3971 = LINE ( 'NONE', #3293, #1734 ) ;
#3972 = EDGE_CURVE ( 'NONE', #3887, #4149, #2362, .T. ) ;
#3973 = CC_DESIGN_DATE_AND_TIME_ASSIGNMENT ( #4215, #2624, ( #1019 ) ) ;
#3974 = DIRECTION ( 'NONE',  ( -0.000000000000000000, 1.000000000000000000, -0.000000000000000000 ) ) ;
#3975 = ORIENTED_EDGE ( 'NONE', *, *, #2308, .F. ) ;
#3976 = DIRECTION ( 'NONE',  ( -0.000000000000000000, 1.000000000000000000, -0.000000000000000000 ) ) ;
#3977 = EDGE_CURVE ( 'NONE', #2836, #4413, #4829, .T. ) ;
#3978 = ADVANCED_FACE ( 'NONE', ( #3296 ), #3352, .T. ) ;
#3979 = PLANE ( 'NONE',  #818 ) ;
#3980 = ORIENTED_EDGE ( 'NONE', *, *, #435, .F. ) ;
#3981 = DIRECTION ( 'NONE',  ( 0.000000000000000000, -1.000000000000000000, 0.000000000000000000 ) ) ;
#3982 = APPROVAL_STATUS ( 'not_yet_approved' ) ;
#3983 = DIRECTION ( 'NONE',  ( -0.000000000000000000, 1.000000000000000000, -0.000000000000000000 ) ) ;
#3984 = EDGE_LOOP ( 'NONE', ( #1307, #3585, #4200, #2535 ) ) ;
#3985 = ORIENTED_EDGE ( 'NONE', *, *, #1237, .F. ) ;
#3986 = AXIS2_PLACEMENT_3D ( 'NONE', #4469, #2591, #766 ) ;
#3987 = DIRECTION ( 'NONE',  ( 0.000000000000000000, 0.000000000000000000, 1.000000000000000000 ) ) ;
#3988 = AXIS2_PLACEMENT_3D ( 'NONE', #2131, #3976, #658 ) ;
#3989 = VERTEX_POINT ( 'NONE', #2967 ) ;
#3990 = VERTEX_POINT ( 'NONE', #2229 ) ;
#3991 = CARTESIAN_POINT ( 'NONE',  ( 830.0000000000001137, -800.0000000000000000, 70.00000000000000000 ) ) ;
#3992 = ITEM_DEFINED_TRANSFORMATION ( 'NONE', 'NONE', #1033,  #4449 ) ;
#3993 = LINE ( 'NONE', #318, #4222 ) ;
#3994 = SHAPE_REPRESENTATION ( '定位销_定位销', ( #4449 ), #290 ) ;
#3995 = PLANE ( 'NONE',  #249 ) ;
#3996 = DIRECTION ( 'NONE',  ( -1.000000000000000000, -0.000000000000000000, -0.000000000000000000 ) ) ;
#3997 = AXIS2_PLACEMENT_3D ( 'NONE', #4793, #4436, #719 ) ;
#3998 = COORDINATED_UNIVERSAL_TIME_OFFSET ( 8, 0, .AHEAD. ) ;
#3999 = ADVANCED_FACE ( 'NONE', ( #436 ), #1309, .T. ) ;
#4000 = CARTESIAN_POINT ( 'NONE',  ( 900.0000000000001137, -74.99999999999987210, 570.0000000000001137 ) ) ;
#4001 = ORIENTED_EDGE ( 'NONE', *, *, #332, .F. ) ;
#4002 = CARTESIAN_POINT ( 'NONE',  ( 878.0000000000000000, -93.24999999999987210, 594.8000000000001819 ) ) ;
#4003 = EDGE_LOOP ( 'NONE', ( #3493, #1110, #103, #1995 ) ) ;
#4004 = EDGE_CURVE ( 'NONE', #1062, #774, #2476, .T. ) ;
#4005 = CARTESIAN_POINT ( 'NONE',  ( 878.0000000000000000, -142.7499999999998863, 586.8000000000001819 ) ) ;
#4006 = CIRCLE ( 'NONE', #3713, 26.99999999999999645 ) ;
#4007 = AXIS2_PLACEMENT_3D ( 'NONE', #2034, #4668, #3554 ) ;
#4008 = ORIENTED_EDGE ( 'NONE', *, *, #3388, .F. ) ;
#4009 = LINE ( 'NONE', #3851, #315 ) ;
#4010 = EDGE_CURVE ( 'NONE', #3904, #3581, #4776, .T. ) ;
#4011 = FACE_OUTER_BOUND ( 'NONE', #2095, .T. ) ;
#4012 = LINE ( 'NONE', #3827, #3302 ) ;
#4013 = EDGE_LOOP ( 'NONE', ( #468, #3814 ) ) ;
#4014 = DIRECTION ( 'NONE',  ( -0.000000000000000000, -0.000000000000000000, -1.000000000000000000 ) ) ;
#4015 = FACE_OUTER_BOUND ( 'NONE', #4269, .T. ) ;
#4016 = CIRCLE ( 'NONE', #4501, 15.00000000000000000 ) ;
#4017 = CYLINDRICAL_SURFACE ( 'NONE', #4561, 26.99999999999999645 ) ;
#4018 = VECTOR ( 'NONE', #2490, 1000.000000000000000 ) ;
#4019 = ORIENTED_EDGE ( 'NONE', *, *, #4632, .F. ) ;
#4020 = ADVANCED_FACE ( 'NONE', ( #322 ), #4514, .F. ) ;
#4021 = LINE ( 'NONE', #1064, #4439 ) ;
#4022 = DIRECTION ( 'NONE',  ( -1.000000000000000000, -1.224646799147353454E-16, -0.000000000000000000 ) ) ;
#4023 = VECTOR ( 'NONE', #3952, 1000.000000000000000 ) ;
#4024 = DIRECTION ( 'NONE',  ( 1.000000000000000000, 0.000000000000000000, -0.000000000000000000 ) ) ;
#4025 = ADVANCED_FACE ( 'NONE', ( #1659, #3179 ), #385, .T. ) ;
#4026 = CARTESIAN_POINT ( 'NONE',  ( 830.0000000000001137, -730.0000000000000000, 473.0000000000000000 ) ) ;
#4027 = ORIENTED_EDGE ( 'NONE', *, *, #512, .T. ) ;
#4028 = EDGE_CURVE ( 'NONE', #434, #2914, #195, .T. ) ;
#4029 = CARTESIAN_POINT ( 'NONE',  ( 15.90000000000005720, -342.0000000000000000, 10.90000000000000036 ) ) ;
#4030 = PERSON_AND_ORGANIZATION_ROLE ( 'creator' ) ;
#4031 = ORIENTED_EDGE ( 'NONE', *, *, #499, .F. ) ;
#4032 = FACE_OUTER_BOUND ( 'NONE', #1361, .T. ) ;
#4033 = CARTESIAN_POINT ( 'NONE',  ( 15.90000000000005720, -562.5000000000004547, 10.90000000000000036 ) ) ;
#4034 = EDGE_CURVE ( 'NONE', #1806, #1544, #3459, .T. ) ;
#4035 = VERTEX_POINT ( 'NONE', #1848 ) ;
#4036 = ORIENTED_EDGE ( 'NONE', *, *, #4764, .T. ) ;
#4037 = CARTESIAN_POINT ( 'NONE',  ( 30.00000000000000711, -57.00000000000000711, 475.0000000000001137 ) ) ;
#4038 = CARTESIAN_POINT ( 'NONE',  ( 22.00000000000001066, -630.2500000000001137, 586.8000000000001819 ) ) ;
#4039 = VERTEX_POINT ( 'NONE', #4480 ) ;
#4040 = DIRECTION ( 'NONE',  ( 2.745500257537979014E-16, -1.000000000000000000, 0.000000000000000000 ) ) ;
#4041 = APPROVAL_DATE_TIME ( #1583, #3114 ) ;
#4042 = DIRECTION ( 'NONE',  ( -1.000000000000000000, 0.000000000000000000, 0.000000000000000000 ) ) ;
#4043 = ORIENTED_EDGE ( 'NONE', *, *, #366, .F. ) ;
#4044 = ADVANCED_FACE ( 'NONE', ( #1424, #952 ), #750, .F. ) ;
#4045 = EDGE_LOOP ( 'NONE', ( #3914, #3556, #1876, #3111 ) ) ;
#4046 = ORIENTED_EDGE ( 'NONE', *, *, #3331, .T. ) ;
#4047 = VECTOR ( 'NONE', #4702, 1000.000000000000000 ) ;
#4048 = DIRECTION ( 'NONE',  ( 0.000000000000000000, 0.000000000000000000, 1.000000000000000000 ) ) ;
#4049 = AXIS2_PLACEMENT_3D ( 'NONE', #3325, #3679, #4862 ) ;
#4050 = CARTESIAN_POINT ( 'NONE',  ( 8.523541722065577671E-14, -243.4999999999999432, 15.00000000000000000 ) ) ;
#4051 = ORIENTED_EDGE ( 'NONE', *, *, #2646, .T. ) ;
#4052 = DATE_AND_TIME ( #934, #2401 ) ;
#4053 = DIRECTION ( 'NONE',  ( 0.000000000000000000, -0.000000000000000000, -1.000000000000000000 ) ) ;
#4054 = ORIENTED_EDGE ( 'NONE', *, *, #1794, .T. ) ;
#4055 = APPROVAL_PERSON_ORGANIZATION ( #4588, #3393, #3647 ) ;
#4056 = ORIENTED_EDGE ( 'NONE', *, *, #3609, .T. ) ;
#4057 = DIRECTION ( 'NONE',  ( -0.000000000000000000, 1.000000000000000000, 0.000000000000000000 ) ) ;
#4058 = AXIS2_PLACEMENT_3D ( 'NONE', #2433, #2005, #545 ) ;
#4059 = VERTEX_POINT ( 'NONE', #3754 ) ;
#4060 = VECTOR ( 'NONE', #2058, 1000.000000000000000 ) ;
#4061 = ORIENTED_EDGE ( 'NONE', *, *, #1711, .T. ) ;
#4062 = APPROVAL_ROLE ( '' ) ;
#4063 = EDGE_CURVE ( 'NONE', #3682, #373, #4299, .T. ) ;
#4064 = CARTESIAN_POINT ( 'NONE',  ( 0.000000000000000000, 0.000000000000000000, 600.1000000000000227 ) ) ;
#4065 = ORIENTED_EDGE ( 'NONE', *, *, #1494, .F. ) ;
#4066 = CIRCLE ( 'NONE', #3441, 6.500000000000005329 ) ;
#4067 = ORIENTED_EDGE ( 'NONE', *, *, #4320, .F. ) ;
#4068 = ADVANCED_FACE ( 'NONE', ( #731, #4598 ), #4131, .T. ) ;
#4069 = CARTESIAN_POINT ( 'NONE',  ( 15.90000000000005720, -562.5000000000004547, 20.90000000000000213 ) ) ;
#4070 = FACE_BOUND ( 'NONE', #4456, .T. ) ;
#4071 = DIRECTION ( 'NONE',  ( -0.000000000000000000, -1.000000000000000000, -0.000000000000000000 ) ) ;
#4072 = EDGE_CURVE ( 'NONE', #3918, #2065, #3584, .T. ) ;
#4073 = VECTOR ( 'NONE', #4590, 1000.000000000000000 ) ;
#4074 = EDGE_LOOP ( 'NONE', ( #74, #121, #2902, #1320 ) ) ;
#4075 = FACE_OUTER_BOUND ( 'NONE', #717, .T. ) ;
#4076 = PLANE ( 'NONE',  #3764 ) ;
#4077 = VECTOR ( 'NONE', #3615, 1000.000000000000000 ) ;
#4078 = CARTESIAN_POINT ( 'NONE',  ( 30.00000000000001421, -93.24999999999998579, 586.8000000000001819 ) ) ;
#4079 = AXIS2_PLACEMENT_3D ( 'NONE', #2832, #2441, #4304 ) ;
#4080 = APPROVAL_STATUS ( 'not_yet_approved' ) ;
#4081 = FACE_BOUND ( 'NONE', #3500, .T. ) ;
#4082 = ORIENTED_EDGE ( 'NONE', *, *, #4010, .T. ) ;
#4083 = DIRECTION ( 'NONE',  ( -0.000000000000000000, -1.000000000000000000, -0.000000000000000000 ) ) ;
#4084 = AXIS2_PLACEMENT_3D ( 'NONE', #3470, #893, #1238 ) ;
#4085 = CARTESIAN_POINT ( 'NONE',  ( 894.8000000000000682, -93.24999999999987210, 570.0000000000001137 ) ) ;
#4086 = AXIS2_PLACEMENT_3D ( 'NONE', #3009, #1511, #4115 ) ;
#4087 = DIRECTION ( 'NONE',  ( 1.143773720424268048E-16, 0.000000000000000000, 1.000000000000000000 ) ) ;
#4088 = DIRECTION ( 'NONE',  ( -0.000000000000000000, 1.000000000000000000, 0.000000000000000000 ) ) ;
#4089 = AXIS2_PLACEMENT_3D ( 'NONE', #3022, #3071, #4161 ) ;
#4090 = ORIENTED_EDGE ( 'NONE', *, *, #4381, .T. ) ;
#4091 = ORIENTED_EDGE ( 'NONE', *, *, #2887, .T. ) ;
#4092 = EDGE_CURVE ( 'NONE', #3434, #61, #1480, .T. ) ;
#4093 = ADVANCED_FACE ( 'NONE', ( #2189, #4181 ), #1193, .F. ) ;
#4094 = PLANE ( 'NONE',  #2774 ) ;
#4095 = APPROVAL_ROLE ( '' ) ;
#4096 = CC_DESIGN_PERSON_AND_ORGANIZATION_ASSIGNMENT ( #4818, #4475, ( #3336 ) ) ;
#4097 = ORIENTED_EDGE ( 'NONE', *, *, #3761, .T. ) ;
#4098 = DIRECTION ( 'NONE',  ( 0.000000000000000000, 0.000000000000000000, -1.000000000000000000 ) ) ;
#4099 = EDGE_CURVE ( 'NONE', #2836, #867, #842, .T. ) ;
#4100 = ORIENTED_EDGE ( 'NONE', *, *, #499, .T. ) ;
#4101 = DIRECTION ( 'NONE',  ( 0.000000000000000000, 0.000000000000000000, 1.000000000000000000 ) ) ;
#4102 = CARTESIAN_POINT ( 'NONE',  ( 15.00000000000008527, 293.5000000000000000, 0.000000000000000000 ) ) ;
#4103 = EDGE_LOOP ( 'NONE', ( #3130, #4043, #4544, #609 ) ) ;
#4104 = DATE_AND_TIME ( #2397, #3387 ) ;
#4105 = ORIENTED_EDGE ( 'NONE', *, *, #4344, .T. ) ;
#4106 = CARTESIAN_POINT ( 'NONE',  ( 60.00000000000000000, -142.0000000000000000, 101.0000000000000853 ) ) ;
#4107 = DIRECTION ( 'NONE',  ( 0.000000000000000000, 0.000000000000000000, -1.000000000000000000 ) ) ;
#4108 = LOCAL_TIME ( 10, 26, 38.00000000000000000, #1114 ) ;
#4109 = CYLINDRICAL_SURFACE ( 'NONE', #1412, 5.000000000000000888 ) ;
#4110 = AXIS2_PLACEMENT_3D ( 'NONE', #2396, #3115, #919 ) ;
#4111 = PERSON_AND_ORGANIZATION_ROLE ( 'classification_officer' ) ;
#4112 = COORDINATED_UNIVERSAL_TIME_OFFSET ( 8, 0, .AHEAD. ) ;
#4113 = DIRECTION ( 'NONE',  ( 0.000000000000000000, -0.000000000000000000, -1.000000000000000000 ) ) ;
#4114 = DIRECTION ( 'NONE',  ( -0.000000000000000000, 1.000000000000000000, 0.000000000000000000 ) ) ;
#4115 = DIRECTION ( 'NONE',  ( 0.000000000000000000, 0.000000000000000000, -1.000000000000000000 ) ) ;
#4116 = VERTEX_POINT ( 'NONE', #3070 ) ;
#4117 = DIRECTION ( 'NONE',  ( 0.000000000000000000, 0.000000000000000000, -1.000000000000000000 ) ) ;
#4118 = ORIENTED_EDGE ( 'NONE', *, *, #2363, .T. ) ;
#4119 = EDGE_CURVE ( 'NONE', #3295, #1565, #75, .T. ) ;
#4120 = FACE_OUTER_BOUND ( 'NONE', #3621, .T. ) ;
#4121 = CARTESIAN_POINT ( 'NONE',  ( 5.200000000000006395, -93.24999999999998579, 570.0000000000001137 ) ) ;
#4122 = CARTESIAN_POINT ( 'NONE',  ( 15.90000000000005720, -343.5000000000000000, 22.40000000000000568 ) ) ;
#4123 = DIRECTION ( 'NONE',  ( -1.000000000000000000, 0.000000000000000000, -0.000000000000000000 ) ) ;
#4124 = FACE_OUTER_BOUND ( 'NONE', #4599, .T. ) ;
#4125 = VECTOR ( 'NONE', #3782, 1000.000000000000000 ) ;
#4126 = APPROVAL_STATUS ( 'not_yet_approved' ) ;
#4127 = CARTESIAN_POINT ( 'NONE',  ( 830.0000000000001137, -785.0000000000000000, 500.0000000000000000 ) ) ;
#4128 = EDGE_CURVE ( 'NONE', #391, #1948, #1943, .T. ) ;
#4129 = ORIENTED_EDGE ( 'NONE', *, *, #864, .T. ) ;
#4130 = LINE ( 'NONE', #2152, #2365 ) ;
#4131 = PLANE ( 'NONE',  #4441 ) ;
#4132 = CIRCLE ( 'NONE', #4336, 27.00000000000002487 ) ;
#4133 = CC_DESIGN_SECURITY_CLASSIFICATION ( #207, ( #4874 ) ) ;
#4134 = DIRECTION ( 'NONE',  ( 0.000000000000000000, -0.000000000000000000, -1.000000000000000000 ) ) ;
#4135 = CIRCLE ( 'NONE', #4238, 4.000000000000017764 ) ;
#4136 = FACE_OUTER_BOUND ( 'NONE', #1448, .T. ) ;
#4137 = LINE ( 'NONE', #1652, #2013 ) ;
#4138 = ORIENTED_EDGE ( 'NONE', *, *, #3105, .T. ) ;
#4139 = DIRECTION ( 'NONE',  ( 2.745500257537979014E-16, -1.000000000000000000, -0.000000000000000000 ) ) ;
#4140 = DIRECTION ( 'NONE',  ( 1.225764668124932819E-16, 1.000000000000000000, -0.000000000000000000 ) ) ;
#4141 = CARTESIAN_POINT ( 'NONE',  ( 870.0000000000001137, -708.0000000000000000, 20.00000000000001776 ) ) ;
#4142 = DIRECTION ( 'NONE',  ( 1.000000000000000000, -0.000000000000000000, -0.000000000000000000 ) ) ;
#4143 = VERTEX_POINT ( 'NONE', #4208 ) ;
#4144 = PERSON ( 'NAUO-PER2', 'UNSPECIFIED', 'UNSPECIFIED', ('UNSPECIFIED'), ('UNSPECIFIED'), ('UNSPECIFIED') ) ;
#4145 = EDGE_LOOP ( 'NONE', ( #1239, #1590, #516, #82, #591, #2493 ) ) ;
#4146 = DIRECTION ( 'NONE',  ( 1.000000000000000000, 0.000000000000000000, -0.000000000000000000 ) ) ;
#4147 = AXIS2_PLACEMENT_3D ( 'NONE', #126, #4277, #2741 ) ;
#4148 = PLANE ( 'NONE',  #2438 ) ;
#4149 = VERTEX_POINT ( 'NONE', #880 ) ;
#4150 = CARTESIAN_POINT ( 'NONE',  ( 15.90000000000000036, -142.7500000000000000, 580.9500000000000455 ) ) ;
#4151 = DIRECTION ( 'NONE',  ( 1.000000000000000000, 0.000000000000000000, 0.000000000000000000 ) ) ;
#4152 = VERTEX_POINT ( 'NONE', #2721 ) ;
#4153 = EDGE_CURVE ( 'NONE', #72, #4656, #1887, .T. ) ;
#4154 = CARTESIAN_POINT ( 'NONE',  ( 70.00000000000008527, -745.0000000000000000, 480.0000000000000000 ) ) ;
#4155 = DIRECTION ( 'NONE',  ( -0.000000000000000000, 1.000000000000000000, -0.000000000000000000 ) ) ;
#4156 = CONTEXT_DEPENDENT_SHAPE_REPRESENTATION ( #2946, #3489 ) ;
#4157 = PRODUCT_DEFINITION ( '未知', '', #1621, #4207 ) ;
#4158 = ORIENTED_EDGE ( 'NONE', *, *, #1396, .F. ) ;
#4159 = EDGE_LOOP ( 'NONE', ( #3189, #4056, #926, #2628 ) ) ;
#4160 = DIRECTION ( 'NONE',  ( 0.000000000000000000, -0.000000000000000000, -1.000000000000000000 ) ) ;
#4161 = DIRECTION ( 'NONE',  ( 1.626303258728256404E-16, 0.000000000000000000, 1.000000000000000000 ) ) ;
#4162 = ORGANIZATION ( 'NAUO-ORG1', 'UNSPECIFIED', 'UNSPECIFIED' ) ;
#4163 = DIRECTION ( 'NONE',  ( -1.032573497605233226E-16, -2.834930803602059547E-32, 1.000000000000000000 ) ) ;
#4164 = CARTESIAN_POINT ( 'NONE',  ( 70.00000000000002842, -132.0000000000000000, 475.0000000000001137 ) ) ;
#4165 = VECTOR ( 'NONE', #4399, 1000.000000000000000 ) ;
#4166 = DIRECTION ( 'NONE',  ( 0.000000000000000000, -0.000000000000000000, 1.000000000000000000 ) ) ;
#4167 = PERSON_AND_ORGANIZATION ( #1608, #3702 ) ;
#4168 = ORIENTED_EDGE ( 'NONE', *, *, #2081, .F. ) ;
#4169 = DIRECTION ( 'NONE',  ( 1.000000000000000000, 0.000000000000000000, -1.423362852083533900E-16 ) ) ;
#4170 = DIRECTION ( 'NONE',  ( 0.000000000000000000, -1.000000000000000000, 0.000000000000000000 ) ) ;
#4171 = CARTESIAN_POINT ( 'NONE',  ( 15.90000000000000036, -93.24999999999998579, 586.0000000000001137 ) ) ;
#4172 = CARTESIAN_POINT ( 'NONE',  ( 5.200000000000008171, -679.7500000000001137, 586.8000000000001819 ) ) ;
#4173 = AXIS2_PLACEMENT_3D ( 'NONE', #4302, #4663, #2045 ) ;
#4174 = ORIENTED_EDGE ( 'NONE', *, *, #1554, .F. ) ;
#4175 = VERTEX_POINT ( 'NONE', #3454 ) ;
#4176 = CIRCLE ( 'NONE', #3158, 5.049999999999998934 ) ;
#4177 = LINE ( 'NONE', #112, #255 ) ;
#4178 = CARTESIAN_POINT ( 'NONE',  ( 15.00000000000008527, -293.5000000000000000, 0.000000000000000000 ) ) ;
#4179 = AXIS2_PLACEMENT_3D ( 'NONE', #432, #1493, #4113 ) ;
#4180 = ORIENTED_EDGE ( 'NONE', *, *, #4216, .F. ) ;
#4181 = FACE_OUTER_BOUND ( 'NONE', #2831, .T. ) ;
#4182 = VERTEX_POINT ( 'NONE', #4178 ) ;
#4183 = CARTESIAN_POINT ( 'NONE',  ( 30.00000000000001421, -630.2500000000001137, 586.8000000000001819 ) ) ;
#4184 = EDGE_CURVE ( 'NONE', #2968, #1811, #792, .T. ) ;
#4185 = DIRECTION ( 'NONE',  ( -1.000000000000000000, 0.000000000000000000, 0.000000000000000000 ) ) ;
#4186 = LINE ( 'NONE', #903, #845 ) ;
#4187 = DIRECTION ( 'NONE',  ( -0.000000000000000000, 1.000000000000000000, 0.000000000000000000 ) ) ;
#4188 = FACE_OUTER_BOUND ( 'NONE', #827, .T. ) ;
#4189 = CARTESIAN_POINT ( 'NONE',  ( 28.00000000000005684, 243.5000000000000000, 27.00000000000000000 ) ) ;
#4190 = VECTOR ( 'NONE', #2426, 1000.000000000000000 ) ;
#4191 = CARTESIAN_POINT ( 'NONE',  ( 5.000000000000000000, 6.123233995736766282E-16, 119.0000000000000142 ) ) ;
#4192 = EDGE_CURVE ( 'NONE', #911, #375, #1601, .T. ) ;
#4193 = CARTESIAN_POINT ( 'NONE',  ( 8.523541722065577671E-14, -343.5000000000000000, 30.00000000000000000 ) ) ;
#4194 = DIRECTION ( 'NONE',  ( -1.000000000000000000, 0.000000000000000000, 0.000000000000000000 ) ) ;
#4195 = FACE_OUTER_BOUND ( 'NONE', #1975, .T. ) ;
#4196 = LINE ( 'NONE', #948, #4023 ) ;
#4197 = DIRECTION ( 'NONE',  ( 0.000000000000000000, -1.000000000000000000, 0.000000000000000000 ) ) ;
#4198 = EDGE_CURVE ( 'NONE', #61, #4778, #2592, .T. ) ;
#4199 = CARTESIAN_POINT ( 'NONE',  ( 30.00000000000008527, -708.0000000000000000, 2.000000000000000000 ) ) ;
#4200 = ORIENTED_EDGE ( 'NONE', *, *, #3419, .T. ) ;
#4201 = VERTEX_POINT ( 'NONE', #96 ) ;
#4202 = CARTESIAN_POINT ( 'NONE',  ( 60.00000000000000000, -142.0000000000000000, 101.0000000000000853 ) ) ;
#4203 = VECTOR ( 'NONE', #1886, 1000.000000000000000 ) ;
#4204 = CARTESIAN_POINT ( 'NONE',  ( 870.0000000000000000, -57.00000000000000000, 570.0000000000001137 ) ) ;
#4205 = ORIENTED_EDGE ( 'NONE', *, *, #2510, .F. ) ;
#4206 = DIRECTION ( 'NONE',  ( -0.000000000000000000, -1.000000000000000000, -0.000000000000000000 ) ) ;
#4207 = DESIGN_CONTEXT ( 'detailed design', #748, 'design' ) ;
#4208 = CARTESIAN_POINT ( 'NONE',  ( 5.200000000000008171, -142.7500000000000000, 586.8000000000001819 ) ) ;
#4209 = CARTESIAN_POINT ( 'NONE',  ( 2.204364238465235822E-15, -18.00000000000000000, 546.0000000000000000 ) ) ;
#4210 = EDGE_LOOP ( 'NONE', ( #4291, #2450, #204, #4205 ) ) ;
#4211 = AXIS2_PLACEMENT_3D ( 'NONE', #1772, #1404, #2512 ) ;
#4212 = PLANE ( 'NONE',  #3098 ) ;
#4213 = ORIENTED_EDGE ( 'NONE', *, *, #4728, .T. ) ;
#4214 = CARTESIAN_POINT ( 'NONE',  ( 70.00000000000009948, -745.0000000000000000, 90.00000000000001421 ) ) ;
#4215 = DATE_AND_TIME ( #1341, #165 ) ;
#4216 = EDGE_CURVE ( 'NONE', #375, #700, #4356, .T. ) ;
#4217 = EDGE_LOOP ( 'NONE', ( #3961, #3224, #3744, #961 ) ) ;
#4218 = ORIENTED_EDGE ( 'NONE', *, *, #4546, .T. ) ;
#4219 = DIRECTION ( 'NONE',  ( 0.000000000000000000, 0.000000000000000000, 1.000000000000000000 ) ) ;
#4220 = CC_DESIGN_APPROVAL ( #3812, ( #3309 ) ) ;
#4221 = CALENDAR_DATE ( 2026, 9, 6 ) ;
#4222 = VECTOR ( 'NONE', #4411, 1000.000000000000000 ) ;
#4223 = ORIENTED_EDGE ( 'NONE', *, *, #4063, .T. ) ;
#4224 = CARTESIAN_POINT ( 'NONE',  ( 870.0000000000002274, -679.7499999999998863, 570.0000000000001137 ) ) ;
#4225 = EDGE_CURVE ( 'NONE', #730, #812, #4479, .T. ) ;
#4226 = CARTESIAN_POINT ( 'NONE',  ( 28.00000000000005684, -293.5000000000000000, 22.00000000000000000 ) ) ;
#4227 = CARTESIAN_POINT ( 'NONE',  ( -6.450000000000001066, 7.898971854500429678E-16, -1.500000000000000000 ) ) ;
#4228 = PERSON_AND_ORGANIZATION ( #1608, #3702 ) ;
#4229 = FACE_OUTER_BOUND ( 'NONE', #3028, .T. ) ;
#4230 = VERTEX_POINT ( 'NONE', #4224 ) ;
#4231 = VERTEX_POINT ( 'NONE', #522 ) ;
#4232 = ORIENTED_EDGE ( 'NONE', *, *, #3947, .F. ) ;
#4233 = LINE ( 'NONE', #1547, #3882 ) ;
#4234 = ORIENTED_EDGE ( 'NONE', *, *, #3937, .F. ) ;
#4235 = CARTESIAN_POINT ( 'NONE',  ( 70.00000000000009948, -730.0000000000000000, 43.00000000000000000 ) ) ;
#4236 = DIRECTION ( 'NONE',  ( -0.000000000000000000, -1.000000000000000000, -0.000000000000000000 ) ) ;
#4237 = DIRECTION ( 'NONE',  ( 2.745500257537979014E-16, -1.000000000000000000, -0.000000000000000000 ) ) ;
#4238 = AXIS2_PLACEMENT_3D ( 'NONE', #3566, #4300, #955 ) ;
#4239 = CIRCLE ( 'NONE', #2405, 4.000000000000017764 ) ;
#4240 = CARTESIAN_POINT ( 'NONE',  ( 900.0000000000001137, -74.99999999999988631, 546.0000000000000000 ) ) ;
#4241 = VERTEX_POINT ( 'NONE', #3877 ) ;
#4242 = LINE ( 'NONE', #4609, #959 ) ;
#4243 = AXIS2_PLACEMENT_3D ( 'NONE', #1425, #1061, #3687 ) ;
#4244 = CARTESIAN_POINT ( 'NONE',  ( 15.90000000000000036, -93.24999999999998579, 586.0000000000001137 ) ) ;
#4245 = DIRECTION ( 'NONE',  ( 0.000000000000000000, 0.000000000000000000, -1.000000000000000000 ) ) ;
#4246 = ORIENTED_EDGE ( 'NONE', *, *, #2394, .F. ) ;
#4247 = CIRCLE ( 'NONE', #404, 27.00000000000000355 ) ;
#4248 = CARTESIAN_POINT ( 'NONE',  ( 8.523541722065577671E-14, -343.5000000000000000, 30.00000000000000000 ) ) ;
#4249 = LINE ( 'NONE', #4342, #2605 ) ;
#4250 = EDGE_CURVE ( 'NONE', #2244, #4638, #2758, .T. ) ;
#4251 = CARTESIAN_POINT ( 'NONE',  ( 830.0000000000001137, -785.0000000000000000, 70.00000000000000000 ) ) ;
#4252 = CIRCLE ( 'NONE', #21, 27.00000000000002487 ) ;
#4253 = CIRCLE ( 'NONE', #899, 19.99999999999996092 ) ;
#4254 = ORIENTED_EDGE ( 'NONE', *, *, #366, .T. ) ;
#4255 = CC_DESIGN_APPROVAL ( #3655, ( #234 ) ) ;
#4256 = DIRECTION ( 'NONE',  ( 0.000000000000000000, -0.000000000000000000, 1.000000000000000000 ) ) ;
#4257 = EDGE_CURVE ( 'NONE', #230, #2992, #3710, .T. ) ;
#4258 = CARTESIAN_POINT ( 'NONE',  ( 830.0000000000001137, -132.0000000000000000, 475.0000000000001137 ) ) ;
#4259 = CARTESIAN_POINT ( 'NONE',  ( 0.000000000000000000, 0.000000000000000000, -1.500000000000000000 ) ) ;
#4260 = LINE ( 'NONE', #1763, #1787 ) ;
#4261 = CARTESIAN_POINT ( 'NONE',  ( 0.000000000000000000, 0.000000000000000000, 0.000000000000000000 ) ) ;
#4262 = VERTEX_POINT ( 'NONE', #908 ) ;
#4263 = ORIENTED_EDGE ( 'NONE', *, *, #3269, .T. ) ;
#4264 = ORIENTED_EDGE ( 'NONE', *, *, #785, .F. ) ;
#4265 = AXIS2_PLACEMENT_3D ( 'NONE', #937, #3550, #2070 ) ;
#4266 = CARTESIAN_POINT ( 'NONE',  ( 0.000000000000000000, 0.000000000000000000, 119.0000000000000142 ) ) ;
#4267 = ORIENTED_EDGE ( 'NONE', *, *, #2553, .F. ) ;
#4268 = DIRECTION ( 'NONE',  ( 0.000000000000000000, 1.000000000000000000, 0.000000000000000000 ) ) ;
#4269 = EDGE_LOOP ( 'NONE', ( #1739, #2467, #931, #1009, #2240, #425, #1125, #2739, #467, #2282, #2890, #2586, #953, #2753 ) ) ;
#4270 = PLANE ( 'NONE',  #4472 ) ;
#4271 = DATE_AND_TIME ( #1520, #594 ) ;
#4272 = CARTESIAN_POINT ( 'NONE',  ( -311.0813204887219285, -145.6071428571428612, 407.7000000000001023 ) ) ;
#4273 = ORIENTED_EDGE ( 'NONE', *, *, #3139, .F. ) ;
#4274 = EDGE_LOOP ( 'NONE', ( #2904, #4642, #1938, #4630 ) ) ;
#4275 = EDGE_CURVE ( 'NONE', #2914, #2266, #894, .T. ) ;
#4276 = ORIENTED_EDGE ( 'NONE', *, *, #3215, .F. ) ;
#4277 = DIRECTION ( 'NONE',  ( -0.000000000000000000, 1.000000000000000000, -0.000000000000000000 ) ) ;
#4278 = ORIENTED_EDGE ( 'NONE', *, *, #4275, .F. ) ;
#4279 = ORIENTED_EDGE ( 'NONE', *, *, #1232, .F. ) ;
#4280 = APPROVAL_PERSON_ORGANIZATION ( #4812, #273, #2225 ) ;
#4281 = DIRECTION ( 'NONE',  ( 0.000000000000000000, 0.000000000000000000, 1.000000000000000000 ) ) ;
#4282 = CYLINDRICAL_SURFACE ( 'NONE', #215, 8.000000000000007105 ) ;
#4283 = EDGE_CURVE ( 'NONE', #434, #3772, #2812, .T. ) ;
#4284 = PERSON_AND_ORGANIZATION ( #1608, #3702 ) ;
#4285 = ORIENTED_EDGE ( 'NONE', *, *, #1914, .T. ) ;
#4286 = DIRECTION ( 'NONE',  ( 0.000000000000000000, 1.000000000000000000, -0.000000000000000000 ) ) ;
#4287 = DIRECTION ( 'NONE',  ( 0.000000000000000000, 1.000000000000000000, 0.000000000000000000 ) ) ;
#4288 = ORIENTED_EDGE ( 'NONE', *, *, #694, .F. ) ;
#4289 = DIRECTION ( 'NONE',  ( -1.000000000000000000, 0.000000000000000000, 0.000000000000000000 ) ) ;
#4290 = CYLINDRICAL_SURFACE ( 'NONE', #2479, 26.99999999999999645 ) ;
#4291 = ORIENTED_EDGE ( 'NONE', *, *, #3586, .F. ) ;
#4292 = ORIENTED_EDGE ( 'NONE', *, *, #679, .F. ) ;
#4293 =( NAMED_UNIT ( * ) SI_UNIT ( $, .STERADIAN. ) SOLID_ANGLE_UNIT ( ) );
#4294 = ORIENTED_EDGE ( 'NONE', *, *, #1076, .F. ) ;
#4295 = VECTOR ( 'NONE', #3561, 1000.000000000000000 ) ;
#4296 = UNCERTAINTY_MEASURE_WITH_UNIT (LENGTH_MEASURE( 1.000000000000000082E-05 ), #883, 'distance_accuracy_value', 'NONE');
#4297 = DIRECTION ( 'NONE',  ( 0.000000000000000000, -0.000000000000000000, -1.000000000000000000 ) ) ;
#4298 = ORIENTED_EDGE ( 'NONE', *, *, #3305, .T. ) ;
#4299 = CIRCLE ( 'NONE', #125, 27.00000000000002487 ) ;
#4300 = DIRECTION ( 'NONE',  ( 0.000000000000000000, 0.000000000000000000, 1.000000000000000000 ) ) ;
#4301 = FACE_BOUND ( 'NONE', #4578, .T. ) ;
#4302 = CARTESIAN_POINT ( 'NONE',  ( 70.00000000000008527, -800.0000000000000000, 500.0000000000000000 ) ) ;
#4303 = FACE_OUTER_BOUND ( 'NONE', #2049, .T. ) ;
#4304 = DIRECTION ( 'NONE',  ( 0.000000000000000000, 0.000000000000000000, -1.000000000000000000 ) ) ;
#4305 = DIRECTION ( 'NONE',  ( -0.000000000000000000, 1.000000000000000000, -0.000000000000000000 ) ) ;
#4306 = ADVANCED_FACE ( 'NONE', ( #1769 ), #1654, .T. ) ;
#4307 = DIRECTION ( 'NONE',  ( 2.745500257537979014E-16, -1.000000000000000000, -0.000000000000000000 ) ) ;
#4308 = CIRCLE ( 'NONE', #3069, 8.000000000000007105 ) ;
#4309 = VERTEX_POINT ( 'NONE', #598 ) ;
#4310 = AXIS2_PLACEMENT_3D ( 'NONE', #2072, #3538, #4652 ) ;
#4311 = DIRECTION ( 'NONE',  ( 0.000000000000000000, -1.000000000000000000, 0.000000000000000000 ) ) ;
#4312 = DIRECTION ( 'NONE',  ( -0.000000000000000000, 1.000000000000000000, 0.000000000000000000 ) ) ;
#4313 = VECTOR ( 'NONE', #4484, 1000.000000000000000 ) ;
#4314 = ORIENTED_EDGE ( 'NONE', *, *, #1764, .F. ) ;
#4315 = EDGE_CURVE ( 'NONE', #1705, #293, #4066, .T. ) ;
#4316 = LINE ( 'NONE', #4433, #4443 ) ;
#4317 = ADVANCED_FACE ( 'NONE', ( #1072 ), #4270, .T. ) ;
#4318 = CC_DESIGN_PERSON_AND_ORGANIZATION_ASSIGNMENT ( #3629, #2579, ( #3210 ) ) ;
#4319 = PLANE ( 'NONE',  #1131 ) ;
#4320 = EDGE_CURVE ( 'NONE', #1759, #3094, #1548, .T. ) ;
#4321 = ADVANCED_FACE ( 'NONE', ( #2064 ), #2020, .T. ) ;
#4322 = DIRECTION ( 'NONE',  ( 0.000000000000000000, 0.000000000000000000, -1.000000000000000000 ) ) ;
#4323 = VERTEX_POINT ( 'NONE', #1258 ) ;
#4324 = FACE_OUTER_BOUND ( 'NONE', #488, .T. ) ;
#4325 = APPLICATION_CONTEXT ( 'configuration controlled 3d designs of mechanical parts and assemblies' ) ;
#4326 = CARTESIAN_POINT ( 'NONE',  ( 0.000000000000000000, 0.000000000000000000, 0.000000000000000000 ) ) ;
#4327 = ORIENTED_EDGE ( 'NONE', *, *, #2861, .T. ) ;
#4328 = CARTESIAN_POINT ( 'NONE',  ( 0.000000000000000000, 0.000000000000000000, 570.0000000000001137 ) ) ;
#4329 = CARTESIAN_POINT ( 'NONE',  ( 15.90000000000005720, -342.0000000000000000, 15.90000000000000036 ) ) ;
#4330 = DIRECTION ( 'NONE',  ( 0.000000000000000000, 0.000000000000000000, -1.000000000000000000 ) ) ;
#4331 = EDGE_LOOP ( 'NONE', ( #297, #1050, #47, #4054 ) ) ;
#4332 = ORIENTED_EDGE ( 'NONE', *, *, #4798, .T. ) ;
#4333 = CARTESIAN_POINT ( 'NONE',  ( 830.0000000000001137, 0.000000000000000000, 110.9999999999999858 ) ) ;
#4334 = ORIENTED_EDGE ( 'NONE', *, *, #1678, .T. ) ;
#4335 = CARTESIAN_POINT ( 'NONE',  ( 8.523541722065577671E-14, 343.5000000000000000, 30.00000000000000000 ) ) ;
#4336 = AXIS2_PLACEMENT_3D ( 'NONE', #4724, #3966, #1717 ) ;
#4337 = CARTESIAN_POINT ( 'NONE',  ( 28.00000000000005684, -243.5000000000000000, 27.00000000000000000 ) ) ;
#4338 = CONTEXT_DEPENDENT_SHAPE_REPRESENTATION ( #333, #3262 ) ;
#4339 = VERTEX_POINT ( 'NONE', #3490 ) ;
#4340 = DIRECTION ( 'NONE',  ( -1.000000000000000000, -2.745500257537979014E-16, 0.000000000000000000 ) ) ;
#4341 = APPLICATION_PROTOCOL_DEFINITION ( 'international standard', 'config_control_design', 1994, #2878 ) ;
#4342 = CARTESIAN_POINT ( 'NONE',  ( 830.0000000000001137, -745.0000000000000000, 43.00000000000000000 ) ) ;
#4343 = CALENDAR_DATE ( 2026, 9, 6 ) ;
#4344 = EDGE_CURVE ( 'NONE', #4382, #3106, #2356, .T. ) ;
#4345 = DIRECTION ( 'NONE',  ( 0.000000000000000000, 0.000000000000000000, -1.000000000000000000 ) ) ;
#4346 = SECURITY_CLASSIFICATION ( '', '', #2546 ) ;
#4347 = APPROVAL_PERSON_ORGANIZATION ( #607, #1584, #2835 ) ;
#4348 = ORIENTED_EDGE ( 'NONE', *, *, #229, .F. ) ;
#4349 = EDGE_CURVE ( 'NONE', #2959, #1577, #4543, .T. ) ;
#4350 = CARTESIAN_POINT ( 'NONE',  ( 28.00000000000005684, 243.5000000000000000, 22.00000000000000000 ) ) ;
#4351 = ORIENTED_EDGE ( 'NONE', *, *, #2087, .T. ) ;
#4352 = DIRECTION ( 'NONE',  ( 0.000000000000000000, 1.000000000000000000, 0.000000000000000000 ) ) ;
#4353 = ADVANCED_FACE ( 'NONE', ( #2648 ), #3408, .T. ) ;
#4354 = EDGE_LOOP ( 'NONE', ( #1426, #2358, #1922, #2391, #2210, #2334 ) ) ;
#4355 = CARTESIAN_POINT ( 'NONE',  ( 15.90000000000000036, -93.24999999999998579, 580.9500000000000455 ) ) ;
#4356 = CIRCLE ( 'NONE', #543, 15.00000000000000000 ) ;
#4357 = ORIENTED_EDGE ( 'NONE', *, *, #755, .F. ) ;
#4358 = UNCERTAINTY_MEASURE_WITH_UNIT (LENGTH_MEASURE( 1.000000000000000082E-05 ), #2752, 'distance_accuracy_value', 'NONE');
#4359 = APPROVAL_STATUS ( 'not_yet_approved' ) ;
#4360 = CARTESIAN_POINT ( 'NONE',  ( 30.00000000000001066, -93.24999999999998579, 570.0000000000001137 ) ) ;
#4361 = DIRECTION ( 'NONE',  ( -0.000000000000000000, 1.000000000000000000, 0.000000000000000000 ) ) ;
#4362 = FACE_BOUND ( 'NONE', #2932, .T. ) ;
#4363 = DIRECTION ( 'NONE',  ( 1.000000000000000000, 0.000000000000000000, -0.000000000000000000 ) ) ;
#4364 = LINE ( 'NONE', #1220, #2821 ) ;
#4365 = AXIS2_PLACEMENT_3D ( 'NONE', #3809, #422, #3405 ) ;
#4366 = ORIENTED_EDGE ( 'NONE', *, *, #1483, .F. ) ;
#4367 = FACE_OUTER_BOUND ( 'NONE', #4463, .T. ) ;
#4368 = LINE ( 'NONE', #4326, #4722 ) ;
#4369 = FACE_OUTER_BOUND ( 'NONE', #3284, .T. ) ;
#4370 = PRODUCT_DEFINITION_SHAPE ( 'NONE', 'NONE',  #4872 ) ;
#4371 = FACE_OUTER_BOUND ( 'NONE', #4045, .T. ) ;
#4372 = ADVANCED_FACE ( 'NONE', ( #675 ), #2930, .T. ) ;
#4373 = DIRECTION ( 'NONE',  ( 1.000000000000000000, 8.260587980841938471E-18, 0.000000000000000000 ) ) ;
#4374 = FACE_OUTER_BOUND ( 'NONE', #1126, .T. ) ;
#4375 = VERTEX_POINT ( 'NONE', #4355 ) ;
#4376 = CARTESIAN_POINT ( 'NONE',  ( 70.00000000000009948, -800.0000000000000000, 97.00000000000000000 ) ) ;
#4377 = EDGE_CURVE ( 'NONE', #4116, #1723, #2415, .T. ) ;
#4378 = CARTESIAN_POINT ( 'NONE',  ( 889.1500000000002046, -630.2499999999998863, 586.0000000000001137 ) ) ;
#4379 = LINE ( 'NONE', #4333, #2430 ) ;
#4380 = LINE ( 'NONE', #4037, #1625 ) ;
#4381 = EDGE_CURVE ( 'NONE', #4152, #1806, #4714, .T. ) ;
#4382 = VERTEX_POINT ( 'NONE', #664 ) ;
#4383 = DIRECTION ( 'NONE',  ( 0.000000000000000000, 0.000000000000000000, 1.000000000000000000 ) ) ;
#4384 = PRODUCT_RELATED_PRODUCT_CATEGORY ( 'detail', '', ( #3007 ) ) ;
#4385 = DIRECTION ( 'NONE',  ( 0.000000000000000000, -1.000000000000000000, 0.000000000000000000 ) ) ;
#4386 = ORIENTED_EDGE ( 'NONE', *, *, #912, .T. ) ;
#4387 = PLANE ( 'NONE',  #3065 ) ;
#4388 = DIRECTION ( 'NONE',  ( -0.000000000000000000, 1.000000000000000000, -0.000000000000000000 ) ) ;
#4389 = ADVANCED_FACE ( 'NONE', ( #551 ), #277, .F. ) ;
#4390 = PERSON_AND_ORGANIZATION_ROLE ( 'classification_officer' ) ;
#4391 = DIRECTION ( 'NONE',  ( 0.000000000000000000, -1.000000000000000000, 0.000000000000000000 ) ) ;
#4392 = EDGE_LOOP ( 'NONE', ( #4819, #975, #3861, #1038 ) ) ;
#4393 = CARTESIAN_POINT ( 'NONE',  ( 870.0000000000000000, -57.00000000000000000, 2.000000000000000000 ) ) ;
#4394 = ADVANCED_FACE ( 'NONE', ( #2698 ), #1716, .T. ) ;
#4395 = LOCAL_TIME ( 10, 26, 38.00000000000000000, #3496 ) ;
#4396 = VERTEX_POINT ( 'NONE', #4378 ) ;
#4397 = ORIENTED_EDGE ( 'NONE', *, *, #4422, .F. ) ;
#4398 = CARTESIAN_POINT ( 'NONE',  ( 22.00000000000001066, -630.2500000000001137, 586.8000000000001819 ) ) ;
#4399 = DIRECTION ( 'NONE',  ( -0.000000000000000000, -0.000000000000000000, -1.000000000000000000 ) ) ;
#4400 = AXIS2_PLACEMENT_3D ( 'NONE', #3951, #3087, #2737 ) ;
#4401 = COORDINATED_UNIVERSAL_TIME_OFFSET ( 8, 0, .AHEAD. ) ;
#4402 = CARTESIAN_POINT ( 'NONE',  ( 70.00000000000009948, -785.0000000000000000, 97.00000000000000000 ) ) ;
#4403 = AXIS2_PLACEMENT_3D ( 'NONE', #921, #4307, #2051 ) ;
#4404 = FACE_OUTER_BOUND ( 'NONE', #2802, .T. ) ;
#4405 = COORDINATED_UNIVERSAL_TIME_OFFSET ( 8, 0, .AHEAD. ) ;
#4406 = DIRECTION ( 'NONE',  ( -0.000000000000000000, 1.000000000000000000, -0.000000000000000000 ) ) ;
#4407 = ORIENTED_EDGE ( 'NONE', *, *, #4523, .F. ) ;
#4408 = PERSON_AND_ORGANIZATION_ROLE ( 'classification_officer' ) ;
#4409 = DIRECTION ( 'NONE',  ( -0.000000000000000000, -1.000000000000000000, -0.000000000000000000 ) ) ;
#4410 = EDGE_CURVE ( 'NONE', #167, #2551, #3770, .T. ) ;
#4411 = DIRECTION ( 'NONE',  ( 1.000000000000000000, 0.000000000000000000, -1.423362852083533900E-16 ) ) ;
#4412 = ORIENTED_EDGE ( 'NONE', *, *, #1330, .F. ) ;
#4413 = VERTEX_POINT ( 'NONE', #1007 ) ;
#4414 = CARTESIAN_POINT ( 'NONE',  ( 13.20000000000000995, -630.2500000000001137, 594.8000000000001819 ) ) ;
#4415 = FACE_OUTER_BOUND ( 'NONE', #2686, .T. ) ;
#4416 = CC_DESIGN_PERSON_AND_ORGANIZATION_ASSIGNMENT ( #721, #4723, ( #3072 ) ) ;
#4417 = CARTESIAN_POINT ( 'NONE',  ( 28.00000000000005684, -243.5000000000000000, 22.00000000000000000 ) ) ;
#4418 = LINE ( 'NONE', #3089, #1766 ) ;
#4419 = ORIENTED_EDGE ( 'NONE', *, *, #102, .F. ) ;
#4420 = DIRECTION ( 'NONE',  ( 0.000000000000000000, 0.000000000000000000, 1.000000000000000000 ) ) ;
#4421 = PRODUCT_DEFINITION_SHAPE ( 'NONE', 'NONE',  #2043 ) ;
#4422 = EDGE_CURVE ( 'NONE', #4638, #911, #2756, .T. ) ;
#4423 = CARTESIAN_POINT ( 'NONE',  ( 830.0000000000001137, -730.0000000000000000, 500.0000000000000000 ) ) ;
#4424 = EDGE_LOOP ( 'NONE', ( #4512, #4705, #2897, #4218 ) ) ;
#4425 = LINE ( 'NONE', #4789, #790 ) ;
#4426 = VERTEX_POINT ( 'NONE', #2086 ) ;
#4427 = DIRECTION ( 'NONE',  ( 0.000000000000000000, 0.000000000000000000, -1.000000000000000000 ) ) ;
#4428 = ORIENTED_EDGE ( 'NONE', *, *, #203, .F. ) ;
#4429 = LINE ( 'NONE', #1216, #1138 ) ;
#4430 = FACE_OUTER_BOUND ( 'NONE', #2597, .T. ) ;
#4431 = PERSON_AND_ORGANIZATION_ROLE ( 'creator' ) ;
#4432 = DIRECTION ( 'NONE',  ( -6.419766481290780338E-32, 5.782411586589351722E-16, 1.000000000000000000 ) ) ;
#4433 = CARTESIAN_POINT ( 'NONE',  ( 8.939921633775678437E-14, -730.0000000000000000, 0.000000000000000000 ) ) ;
#4434 = AXIS2_PLACEMENT_3D ( 'NONE', #676, #4057, #1804 ) ;
#4435 = FACE_OUTER_BOUND ( 'NONE', #152, .T. ) ;
#4436 = DIRECTION ( 'NONE',  ( -0.000000000000000000, 1.000000000000000000, -0.000000000000000000 ) ) ;
#4437 = DIRECTION ( 'NONE',  ( 0.000000000000000000, -1.000000000000000000, 0.000000000000000000 ) ) ;
#4438 = CARTESIAN_POINT ( 'NONE',  ( 15.90000000000005720, -243.5000000000000000, 15.90000000000000036 ) ) ;
#4439 = VECTOR ( 'NONE', #3706, 1000.000000000000000 ) ;
#4440 = VERTEX_POINT ( 'NONE', #3221 ) ;
#4441 = AXIS2_PLACEMENT_3D ( 'NONE', #2274, #2631, #3473 ) ;
#4442 = DIRECTION ( 'NONE',  ( 0.000000000000000000, -0.000000000000000000, -1.000000000000000000 ) ) ;
#4443 = VECTOR ( 'NONE', #1830, 1000.000000000000000 ) ;
#4444 = CARTESIAN_POINT ( 'NONE',  ( 878.0000000000002274, -679.7499999999998863, 586.8000000000001819 ) ) ;
#4445 = EDGE_CURVE ( 'NONE', #4262, #3925, #4425, .T. ) ;
#4446 = MECHANICAL_CONTEXT ( 'NONE', #562, 'mechanical' ) ;
#4447 = DIRECTION ( 'NONE',  ( -0.000000000000000000, -1.000000000000000000, -0.000000000000000000 ) ) ;
#4448 = VERTEX_POINT ( 'NONE', #4029 ) ;
#4449 = AXIS2_PLACEMENT_3D ( 'NONE', #524, #179, #2023 ) ;
#4450 = EDGE_CURVE ( 'NONE', #1423, #1416, #1939, .T. ) ;
#4451 = DIRECTION ( 'NONE',  ( 0.7071067811865460184, 8.659560562354913137E-17, -0.7071067811865490160 ) ) ;
#4452 = ADVANCED_BREP_SHAPE_REPRESENTATION ( '', ( #3728, #3053, #4449 ), #617 ) ;
#4453 = ORIENTED_EDGE ( 'NONE', *, *, #1824, .T. ) ;
#4454 = EDGE_CURVE ( 'NONE', #1277, #23, #1421, .T. ) ;
#4455 = PERSON_AND_ORGANIZATION ( #542, #1863 ) ;
#4456 = EDGE_LOOP ( 'NONE', ( #3936, #196 ) ) ;
#4457 = DIRECTION ( 'NONE',  ( 1.225764668124932819E-16, -1.000000000000000000, 0.000000000000000000 ) ) ;
#4458 = ORIENTED_EDGE ( 'NONE', *, *, #2646, .F. ) ;
#4459 = EDGE_LOOP ( 'NONE', ( #2199, #2567 ) ) ;
#4460 = DATE_TIME_ROLE ( 'classification_date' ) ;
#4461 = CARTESIAN_POINT ( 'NONE',  ( 28.00000000000005684, -293.5000000000000000, 27.00000000000000000 ) ) ;
#4462 = ORGANIZATION ( 'NAUO-ORG5', 'UNSPECIFIED', 'UNSPECIFIED' ) ;
#4463 = EDGE_LOOP ( 'NONE', ( #1833, #3024, #111, #3862 ) ) ;
#4464 = EDGE_LOOP ( 'NONE', ( #3343, #3588, #1088, #4527 ) ) ;
#4465 = APPROVAL_DATE_TIME ( #3506, #1558 ) ;
#4466 = ADVANCED_FACE ( 'NONE', ( #1999 ), #671, .T. ) ;
#4467 = CARTESIAN_POINT ( 'NONE',  ( 870.0000000000002274, -630.2499999999998863, 570.0000000000001137 ) ) ;
#4468 = VECTOR ( 'NONE', #4513, 1000.000000000000000 ) ;
#4469 = CARTESIAN_POINT ( 'NONE',  ( 70.00000000000009948, -785.0000000000000000, 70.00000000000000000 ) ) ;
#4470 = APPROVAL_DATE_TIME ( #1235, #1584 ) ;
#4471 = CARTESIAN_POINT ( 'NONE',  ( 33.00000000000005684, -293.5000000000000000, 22.00000000000000000 ) ) ;
#4472 = AXIS2_PLACEMENT_3D ( 'NONE', #1306, #540, #3134 ) ;
#4473 = ORIENTED_EDGE ( 'NONE', *, *, #2827, .F. ) ;
#4474 = CARTESIAN_POINT ( 'NONE',  ( 30.00000000000000711, -57.00000000000000711, 570.0000000000001137 ) ) ;
#4475 = PERSON_AND_ORGANIZATION_ROLE ( 'design_supplier' ) ;
#4476 = DIRECTION ( 'NONE',  ( 0.000000000000000000, 0.000000000000000000, -1.000000000000000000 ) ) ;
#4477 = EDGE_CURVE ( 'NONE', #4231, #4, #1360, .T. ) ;
#4478 = CARTESIAN_POINT ( 'NONE',  ( 5.200000000000006395, -630.2500000000001137, 570.0000000000001137 ) ) ;
#4479 = LINE ( 'NONE', #4612, #3058 ) ;
#4480 = CARTESIAN_POINT ( 'NONE',  ( 894.8000000000000682, -93.24999999999987210, 586.8000000000001819 ) ) ;
#4481 = ORIENTED_EDGE ( 'NONE', *, *, #1554, .T. ) ;
#4482 = CC_DESIGN_DATE_AND_TIME_ASSIGNMENT ( #1925, #1844, ( #3023 ) ) ;
#4483 = DIRECTION ( 'NONE',  ( 0.000000000000000000, -1.000000000000000000, 0.000000000000000000 ) ) ;
#4484 = DIRECTION ( 'NONE',  ( 1.000000000000000000, -0.000000000000000000, -0.000000000000000000 ) ) ;
#4485 = FACE_OUTER_BOUND ( 'NONE', #631, .T. ) ;
#4486 = EDGE_CURVE ( 'NONE', #4608, #1044, #4418, .T. ) ;
#4487 = VECTOR ( 'NONE', #2534, 1000.000000000000000 ) ;
#4488 = CARTESIAN_POINT ( 'NONE',  ( 884.1000000000000227, -93.24999999999987210, 586.0000000000001137 ) ) ;
#4489 = ORIENTED_EDGE ( 'NONE', *, *, #623, .F. ) ;
#4490 = LINE ( 'NONE', #2610, #3467 ) ;
#4491 = CARTESIAN_POINT ( 'NONE',  ( 30.00000000000000711, -57.00000000000000711, 20.00000000000001776 ) ) ;
#4492 = CIRCLE ( 'NONE', #3572, 8.000000000000007105 ) ;
#4493 = CARTESIAN_POINT ( 'NONE',  ( 870.0000000000000000, -57.00000000000000000, 2.000000000000000000 ) ) ;
#4494 = LINE ( 'NONE', #1391, #900 ) ;
#4495 = APPROVAL_ROLE ( '' ) ;
#4496 = LINE ( 'NONE', #4680, #1899 ) ;
#4497 = ORIENTED_EDGE ( 'NONE', *, *, #3560, .F. ) ;
#4498 = DIRECTION ( 'NONE',  ( -1.000000000000000000, 0.000000000000000000, 0.000000000000000000 ) ) ;
#4499 = AXIS2_PLACEMENT_3D ( 'NONE', #1195, #765, #413 ) ;
#4500 = CARTESIAN_POINT ( 'NONE',  ( 22.00000000000001066, -93.24999999999998579, 594.8000000000001819 ) ) ;
#4501 = AXIS2_PLACEMENT_3D ( 'NONE', #3684, #1438, #4855 ) ;
#4502 = CARTESIAN_POINT ( 'NONE',  ( -4.000000000000017764, 0.000000000000000000, 120.0000000000000000 ) ) ;
#4503 = FACE_BOUND ( 'NONE', #788, .T. ) ;
#4504 = ORIENTED_EDGE ( 'NONE', *, *, #3426, .F. ) ;
#4505 = DIRECTION ( 'NONE',  ( -1.225764668124932819E-16, 1.000000000000000000, 0.000000000000000000 ) ) ;
#4506 = VERTEX_POINT ( 'NONE', #1612 ) ;
#4507 = EDGE_CURVE ( 'NONE', #2992, #1292, #4177, .T. ) ;
#4508 = DIRECTION ( 'NONE',  ( 0.000000000000000000, 0.000000000000000000, -1.000000000000000000 ) ) ;
#4509 = PERSON_AND_ORGANIZATION_ROLE ( 'classification_officer' ) ;
#4510 = CARTESIAN_POINT ( 'NONE',  ( 70.00000000000009948, -800.0000000000000000, 43.00000000000000000 ) ) ;
#4511 = CC_DESIGN_PERSON_AND_ORGANIZATION_ASSIGNMENT ( #1648, #2446, ( #3583 ) ) ;
#4512 = ORIENTED_EDGE ( 'NONE', *, *, #2816, .F. ) ;
#4513 = DIRECTION ( 'NONE',  ( 1.143773720424268048E-16, 0.000000000000000000, 1.000000000000000000 ) ) ;
#4514 = PLANE ( 'NONE',  #1384 ) ;
#4515 = EDGE_CURVE ( 'NONE', #4576, #2416, #947, .T. ) ;
#4516 = ORIENTED_EDGE ( 'NONE', *, *, #2328, .T. ) ;
#4517 = ORIENTED_EDGE ( 'NONE', *, *, #978, .F. ) ;
#4518 = DIRECTION ( 'NONE',  ( 0.000000000000000000, 0.000000000000000000, -1.000000000000000000 ) ) ;
#4519 = CARTESIAN_POINT ( 'NONE',  ( 22.00000000000001066, -93.24999999999998579, 586.8000000000001819 ) ) ;
#4520 = ORGANIZATION ( 'NAUO-ORG6', 'UNSPECIFIED', 'UNSPECIFIED' ) ;
#4521 = ORIENTED_EDGE ( 'NONE', *, *, #4728, .F. ) ;
#4522 = VERTEX_POINT ( 'NONE', #528 ) ;
#4523 = EDGE_CURVE ( 'NONE', #4608, #4804, #1883, .T. ) ;
#4524 = CARTESIAN_POINT ( 'NONE',  ( 15.90000000000005720, -243.5000000000000000, 20.90000000000000213 ) ) ;
#4525 = ORGANIZATION ( 'NAUO-ORG2', 'UNSPECIFIED', 'UNSPECIFIED' ) ;
#4526 = AXIS2_PLACEMENT_3D ( 'NONE', #3359, #1123, #3742 ) ;
#4527 = ORIENTED_EDGE ( 'NONE', *, *, #2559, .T. ) ;
#4528 = AXIS2_PLACEMENT_3D ( 'NONE', #2465, #1348, #2103 ) ;
#4529 = PERSON_AND_ORGANIZATION ( #1608, #3702 ) ;
#4530 = VERTEX_POINT ( 'NONE', #3204 ) ;
#4531 = DIRECTION ( 'NONE',  ( 0.000000000000000000, 0.000000000000000000, 1.000000000000000000 ) ) ;
#4532 = DIRECTION ( 'NONE',  ( 0.000000000000000000, 0.000000000000000000, -1.000000000000000000 ) ) ;
#4533 = FACE_OUTER_BOUND ( 'NONE', #3076, .T. ) ;
#4534 = PRODUCT_DEFINITION_SHAPE ( 'NONE', 'NONE',  #4877 ) ;
#4535 = ORIENTED_EDGE ( 'NONE', *, *, #3305, .F. ) ;
#4536 = CARTESIAN_POINT ( 'NONE',  ( 830.0000000000001137, -800.0000000000000000, 500.0000000000000000 ) ) ;
#4537 = ORIENTED_EDGE ( 'NONE', *, *, #1587, .T. ) ;
#4538 = EDGE_CURVE ( 'NONE', #2734, #2699, #2411, .T. ) ;
#4539 = CIRCLE ( 'NONE', #707, 19.99999999999996092 ) ;
#4540 = DIRECTION ( 'NONE',  ( -1.000000000000000000, -0.000000000000000000, 1.245442495573092286E-16 ) ) ;
#4541 = CARTESIAN_POINT ( 'NONE',  ( 30.00000000000000711, -57.00000000000000711, 570.0000000000001137 ) ) ;
#4542 = CARTESIAN_POINT ( 'NONE',  ( 449.0000000000001137, -343.5000000000000000, 30.00000000000000000 ) ) ;
#4543 = LINE ( 'NONE', #4667, #3351 ) ;
#4544 = ORIENTED_EDGE ( 'NONE', *, *, #1039, .T. ) ;
#4545 = CARTESIAN_POINT ( 'NONE',  ( 869.9999999999998863, -708.0000000000000000, 2.000000000000000000 ) ) ;
#4546 = EDGE_CURVE ( 'NONE', #3863, #3429, #2993, .T. ) ;
#4547 = ORIENTED_EDGE ( 'NONE', *, *, #3594, .F. ) ;
#4548 = LINE ( 'NONE', #2650, #3527 ) ;
#4549 = LINE ( 'NONE', #2054, #4843 ) ;
#4550 = DIRECTION ( 'NONE',  ( 0.000000000000000000, 0.000000000000000000, 1.000000000000000000 ) ) ;
#4551 = CYLINDRICAL_SURFACE ( 'NONE', #3462, 5.049999999999998934 ) ;
#4552 = EDGE_CURVE ( 'NONE', #1841, #3596, #3940, .T. ) ;
#4553 = FACE_OUTER_BOUND ( 'NONE', #4217, .T. ) ;
#4554 = ORIENTED_EDGE ( 'NONE', *, *, #3316, .T. ) ;
#4555 = CARTESIAN_POINT ( 'NONE',  ( 13.20000000000000995, -679.7500000000001137, 594.8000000000001819 ) ) ;
#4556 = DIRECTION ( 'NONE',  ( -0.000000000000000000, -0.000000000000000000, 1.000000000000000000 ) ) ;
#4557 = VECTOR ( 'NONE', #305, 1000.000000000000000 ) ;
#4558 = ORIENTED_EDGE ( 'NONE', *, *, #2980, .F. ) ;
#4559 = DIRECTION ( 'NONE',  ( 0.000000000000000000, 0.000000000000000000, 1.000000000000000000 ) ) ;
#4560 = CARTESIAN_POINT ( 'NONE',  ( 15.90000000000005720, -342.0000000000000000, 15.90000000000000036 ) ) ;
#4561 = AXIS2_PLACEMENT_3D ( 'NONE', #2973, #4795, #2900 ) ;
#4562 = DIRECTION ( 'NONE',  ( -0.000000000000000000, -1.000000000000000000, -0.000000000000000000 ) ) ;
#4563 = ORIENTED_EDGE ( 'NONE', *, *, #2845, .F. ) ;
#4564 = VECTOR ( 'NONE', #3286, 1000.000000000000000 ) ;
#4565 = DIRECTION ( 'NONE',  ( -1.224646799147353454E-16, 1.000000000000000000, 0.000000000000000000 ) ) ;
#4566 = EDGE_LOOP ( 'NONE', ( #763, #667 ) ) ;
#4567 = LINE ( 'NONE', #3047, #344 ) ;
#4568 = ORIENTED_EDGE ( 'NONE', *, *, #4581, .F. ) ;
#4569 = AXIS2_PLACEMENT_3D ( 'NONE', #2056, #4690, #2755 ) ;
#4570 = VERTEX_POINT ( 'NONE', #4691 ) ;
#4571 = DIRECTION ( 'NONE',  ( -0.000000000000000000, -1.000000000000000000, -0.000000000000000000 ) ) ;
#4572 = EDGE_CURVE ( 'NONE', #1368, #3926, #546, .T. ) ;
#4573 = CARTESIAN_POINT ( 'NONE',  ( 70.00000000000008527, -745.0000000000000000, 500.0000000000000000 ) ) ;
#4574 = ORIENTED_EDGE ( 'NONE', *, *, #9, .T. ) ;
#4575 = DIRECTION ( 'NONE',  ( 1.143773720424268048E-16, 0.000000000000000000, 1.000000000000000000 ) ) ;
#4576 = VERTEX_POINT ( 'NONE', #949 ) ;
#4577 = EDGE_LOOP ( 'NONE', ( #414, #645, #828, #3768 ) ) ;
#4578 = EDGE_LOOP ( 'NONE', ( #2760, #1630 ) ) ;
#4579 = VECTOR ( 'NONE', #3186, 1000.000000000000000 ) ;
#4580 = DIRECTION ( 'NONE',  ( 0.000000000000000000, -1.000000000000000000, 0.000000000000000000 ) ) ;
#4581 = EDGE_CURVE ( 'NONE', #3498, #2402, #3822, .T. ) ;
#4582 = APPROVAL_DATE_TIME ( #299, #273 ) ;
#4583 = ORIENTED_EDGE ( 'NONE', *, *, #209, .F. ) ;
#4584 = DIRECTION ( 'NONE',  ( 0.000000000000000000, 1.000000000000000000, -0.000000000000000000 ) ) ;
#4585 = LOCAL_TIME ( 10, 26, 38.00000000000000000, #2575 ) ;
#4586 = EDGE_CURVE ( 'NONE', #1723, #107, #4825, .T. ) ;
#4587 = CARTESIAN_POINT ( 'NONE',  ( 0.000000000000000000, 0.000000000000000000, 0.000000000000000000 ) ) ;
#4588 = PERSON_AND_ORGANIZATION ( #1608, #3702 ) ;
#4589 = ORIENTED_EDGE ( 'NONE', *, *, #922, .T. ) ;
#4590 = DIRECTION ( 'NONE',  ( -0.000000000000000000, 1.000000000000000000, -0.000000000000000000 ) ) ;
#4591 = ORIENTED_EDGE ( 'NONE', *, *, #272, .T. ) ;
#4592 = AXIS2_PLACEMENT_3D ( 'NONE', #1789, #1103, #4852 ) ;
#4593 = CARTESIAN_POINT ( 'NONE',  ( 870.0000000000000000, -74.99999999999987210, 570.0000000000001137 ) ) ;
#4594 = CARTESIAN_POINT ( 'NONE',  ( 449.0000000000001137, 343.5000000000000000, 30.00000000000000000 ) ) ;
#4595 = PRODUCT ( '定位销_定位销', '定位销_定位销', '', ( #278 ) ) ;
#4596 = AXIS2_PLACEMENT_3D ( 'NONE', #1620, #1966, #807 ) ;
#4597 = CARTESIAN_POINT ( 'NONE',  ( 900.0000000000001137, -74.99999999999987210, 570.0000000000001137 ) ) ;
#4598 = FACE_BOUND ( 'NONE', #2885, .T. ) ;
#4599 = EDGE_LOOP ( 'NONE', ( #92, #1649, #2273, #324 ) ) ;
#4600 = EDGE_CURVE ( 'NONE', #521, #4152, #4648, .T. ) ;
#4601 = PLANE ( 'NONE',  #2563 ) ;
#4602 = FACE_BOUND ( 'NONE', #1663, .T. ) ;
#4603 = ORIENTED_EDGE ( 'NONE', *, *, #1330, .T. ) ;
#4604 = LINE ( 'NONE', #3068, #2309 ) ;
#4605 = APPROVAL ( #1371, '未指定' ) ;
#4606 = ORIENTED_EDGE ( 'NONE', *, *, #2022, .F. ) ;
#4607 = LINE ( 'NONE', #1032, #554 ) ;
#4608 = VERTEX_POINT ( 'NONE', #836 ) ;
#4609 = CARTESIAN_POINT ( 'NONE',  ( 30.00000000000000711, -630.2500000000001137, 570.0000000000001137 ) ) ;
#4610 = EDGE_CURVE ( 'NONE', #3772, #434, #70, .T. ) ;
#4611 = FACE_OUTER_BOUND ( 'NONE', #1964, .T. ) ;
#4612 = CARTESIAN_POINT ( 'NONE',  ( 0.000000000000000000, 0.000000000000000000, 600.1000000000000227 ) ) ;
#4613 = LINE ( 'NONE', #722, #1957 ) ;
#4614 = EDGE_LOOP ( 'NONE', ( #2778, #4097 ) ) ;
#4615 = DIRECTION ( 'NONE',  ( 0.000000000000000000, 0.000000000000000000, -1.000000000000000000 ) ) ;
#4616 = DIRECTION ( 'NONE',  ( 0.000000000000000000, 0.000000000000000000, 1.000000000000000000 ) ) ;
#4617 = EDGE_CURVE ( 'NONE', #4413, #3440, #2644, .T. ) ;
#4618 = DIRECTION ( 'NONE',  ( 0.000000000000000000, -1.000000000000000000, 0.000000000000000000 ) ) ;
#4619 = ADVANCED_FACE ( 'NONE', ( #10 ), #199, .F. ) ;
#4620 = LINE ( 'NONE', #51, #3544 ) ;
#4621 = AXIS2_PLACEMENT_3D ( 'NONE', #162, #1733, #4363 ) ;
#4622 = CARTESIAN_POINT ( 'NONE',  ( 0.000000000000000000, -17.99999999999994316, 600.1000000000000227 ) ) ;
#4623 = CARTESIAN_POINT ( 'NONE',  ( 894.8000000000002956, -679.7499999999998863, 570.0000000000001137 ) ) ;
#4624 = DIRECTION ( 'NONE',  ( 0.000000000000000000, 0.000000000000000000, 1.000000000000000000 ) ) ;
#4625 = DIRECTION ( 'NONE',  ( 2.745500257537979014E-16, -1.000000000000000000, -0.000000000000000000 ) ) ;
#4626 = ORIENTED_EDGE ( 'NONE', *, *, #2046, .F. ) ;
#4627 = EDGE_CURVE ( 'NONE', #3329, #182, #2242, .T. ) ;
#4628 = EDGE_LOOP ( 'NONE', ( #2143, #3526, #2616, #2638, #3946, #3695 ) ) ;
#4629 = ORIENTED_EDGE ( 'NONE', *, *, #484, .F. ) ;
#4630 = ORIENTED_EDGE ( 'NONE', *, *, #3840, .F. ) ;
#4631 = CALENDAR_DATE ( 2026, 9, 6 ) ;
#4632 = EDGE_CURVE ( 'NONE', #2178, #1551, #1186, .T. ) ;
#4633 = EDGE_LOOP ( 'NONE', ( #1268, #726, #981, #1884 ) ) ;
#4634 = EDGE_LOOP ( 'NONE', ( #4489, #3803, #1782, #4031 ) ) ;
#4635 = DIRECTION ( 'NONE',  ( -0.000000000000000000, 1.000000000000000000, 0.000000000000000000 ) ) ;
#4636 = APPROVAL ( #2599, 'UNKNOWN' ) ;
#4637 = DIRECTION ( 'NONE',  ( 0.000000000000000000, 0.000000000000000000, -1.000000000000000000 ) ) ;
#4638 = VERTEX_POINT ( 'NONE', #145 ) ;
#4639 = EDGE_CURVE ( 'NONE', #61, #2968, #2924, .T. ) ;
#4640 = DIRECTION ( 'NONE',  ( 1.000000000000000000, 0.000000000000000000, 0.000000000000000000 ) ) ;
#4641 = PERSON_AND_ORGANIZATION ( #1608, #3702 ) ;
#4642 = ORIENTED_EDGE ( 'NONE', *, *, #2716, .T. ) ;
#4643 = DIRECTION ( 'NONE',  ( 1.000000000000000000, 0.000000000000000000, -1.137523590804461357E-16 ) ) ;
#4644 = AXIS2_PLACEMENT_3D ( 'NONE', #4478, #3452, #2571 ) ;
#4645 = VECTOR ( 'NONE', #3102, 1000.000000000000000 ) ;
#4646 = CIRCLE ( 'NONE', #3675, 5.000000000000000888 ) ;
#4647 = VERTEX_POINT ( 'NONE', #2025 ) ;
#4648 = LINE ( 'NONE', #1217, #3175 ) ;
#4649 = CARTESIAN_POINT ( 'NONE',  ( -5.000000000000000000, 0.000000000000000000, 0.000000000000000000 ) ) ;
#4650 = AXIS2_PLACEMENT_3D ( 'NONE', #4329, #2353, #109 ) ;
#4651 = ADVANCED_FACE ( 'NONE', ( #1826 ), #945, .F. ) ;
#4652 = DIRECTION ( 'NONE',  ( 0.000000000000000000, 0.000000000000000000, 1.000000000000000000 ) ) ;
#4653 = VECTOR ( 'NONE', #446, 1000.000000000000000 ) ;
#4654 = AXIS2_PLACEMENT_3D ( 'NONE', #1510, #4518, #2263 ) ;
#4655 = DIRECTION ( 'NONE',  ( -0.8371691043312223801, 0.000000000000000000, -0.5469441386039887165 ) ) ;
#4656 = VERTEX_POINT ( 'NONE', #1989 ) ;
#4657 = VECTOR ( 'NONE', #1150, 1000.000000000000000 ) ;
#4658 = DIRECTION ( 'NONE',  ( -0.000000000000000000, 1.000000000000000000, -0.000000000000000000 ) ) ;
#4659 = CIRCLE ( 'NONE', #392, 26.99999999999999645 ) ;
#4660 = EDGE_CURVE ( 'NONE', #4309, #2561, #2809, .T. ) ;
#4661 = LINE ( 'NONE', #1696, #901 ) ;
#4662 = APPROVAL ( #298, '未指定' ) ;
#4663 = DIRECTION ( 'NONE',  ( 0.000000000000000000, -1.000000000000000000, 0.000000000000000000 ) ) ;
#4664 = DIRECTION ( 'NONE',  ( -1.000000000000000000, 0.000000000000000000, 1.137523590804461357E-16 ) ) ;
#4665 = LINE ( 'NONE', #532, #3191 ) ;
#4666 = DIRECTION ( 'NONE',  ( 2.745500257537979014E-16, -1.000000000000000000, -0.000000000000000000 ) ) ;
#4667 = CARTESIAN_POINT ( 'NONE',  ( 30.00000000000000711, -57.00000000000000711, 110.9999999999999858 ) ) ;
#4668 = DIRECTION ( 'NONE',  ( 0.000000000000000000, 0.000000000000000000, 1.000000000000000000 ) ) ;
#4669 = EDGE_LOOP ( 'NONE', ( #46, #680, #3377, #449 ) ) ;
#4670 = DIRECTION ( 'NONE',  ( -0.000000000000000000, 1.000000000000000000, -0.000000000000000000 ) ) ;
#4671 = VERTEX_POINT ( 'NONE', #2032 ) ;
#4672 = VECTOR ( 'NONE', #3390, 1000.000000000000000 ) ;
#4673 = ADVANCED_FACE ( 'NONE', ( #1065 ), #3518, .T. ) ;
#4674 = CARTESIAN_POINT ( 'NONE',  ( 70.00000000000008527, -785.0000000000000000, 500.0000000000000000 ) ) ;
#4675 = AXIS2_PLACEMENT_3D ( 'NONE', #4674, #4693, #2421 ) ;
#4676 = CARTESIAN_POINT ( 'NONE',  ( 900.0000000000000000, 0.000000000000000000, 570.0000000000001137 ) ) ;
#4677 = ORIENTED_EDGE ( 'NONE', *, *, #4697, .F. ) ;
#4678 = AXIS2_PLACEMENT_3D ( 'NONE', #268, #2869, #2882 ) ;
#4679 = DIRECTION ( 'NONE',  ( 0.000000000000000000, 0.000000000000000000, 1.000000000000000000 ) ) ;
#4680 = CARTESIAN_POINT ( 'NONE',  ( 840.0000000000001137, 0.000000000000000000, 100.9999999999999858 ) ) ;
#4681 = AXIS2_PLACEMENT_3D ( 'NONE', #3021, #1862, #796 ) ;
#4682 = CARTESIAN_POINT ( 'NONE',  ( 60.00000000000000000, -142.0000000000000000, 101.0000000000000853 ) ) ;
#4683 = ADVANCED_FACE ( 'NONE', ( #4120 ), #374, .T. ) ;
#4684 = CARTESIAN_POINT ( 'NONE',  ( 0.000000000000000000, 0.000000000000000000, 0.000000000000000000 ) ) ;
#4685 = CARTESIAN_POINT ( 'NONE',  ( 30.00000000000016698, -57.00000000000000000, 2.000000000000000000 ) ) ;
#4686 = VERTEX_POINT ( 'NONE', #2246 ) ;
#4687 = ORIENTED_EDGE ( 'NONE', *, *, #2854, .T. ) ;
#4688 = EDGE_CURVE ( 'NONE', #4152, #3596, #1244, .T. ) ;
#4689 = ORIENTED_EDGE ( 'NONE', *, *, #4153, .F. ) ;
#4690 = DIRECTION ( 'NONE',  ( 0.000000000000000000, -1.000000000000000000, 0.000000000000000000 ) ) ;
#4691 = CARTESIAN_POINT ( 'NONE',  ( 830.0000000000001137, -132.0000000000000000, 475.0000000000001137 ) ) ;
#4692 = AXIS2_PLACEMENT_3D ( 'NONE', #4684, #3895, #1701 ) ;
#4693 = DIRECTION ( 'NONE',  ( -0.000000000000000000, 1.000000000000000000, 0.000000000000000000 ) ) ;
#4694 = ORIENTED_EDGE ( 'NONE', *, *, #1834, .F. ) ;
#4695 = ORIENTED_EDGE ( 'NONE', *, *, #3972, .T. ) ;
#4696 = VECTOR ( 'NONE', #4388, 1000.000000000000000 ) ;
#4697 = EDGE_CURVE ( 'NONE', #182, #3329, #4539, .T. ) ;
#4698 = DIRECTION ( 'NONE',  ( 2.745500257537979014E-16, -1.000000000000000000, -0.000000000000000000 ) ) ;
#4699 = DATE_AND_TIME ( #2345, #3340 ) ;
#4700 = EDGE_LOOP ( 'NONE', ( #4273, #1199, #3198, #2912 ) ) ;
#4701 = CARTESIAN_POINT ( 'NONE',  ( 30.00000000000000711, -679.7500000000001137, 570.0000000000001137 ) ) ;
#4702 = DIRECTION ( 'NONE',  ( 1.000000000000000000, 6.167905692361979821E-17, 0.000000000000000000 ) ) ;
#4703 = ADVANCED_FACE ( 'NONE', ( #1542 ), #1496, .F. ) ;
#4704 = DIRECTION ( 'NONE',  ( 0.000000000000000000, 0.000000000000000000, 1.000000000000000000 ) ) ;
#4705 = ORIENTED_EDGE ( 'NONE', *, *, #4344, .F. ) ;
#4706 = EDGE_CURVE ( 'NONE', #2383, #2502, #4233, .T. ) ;
#4707 = VECTOR ( 'NONE', #1200, 1000.000000000000000 ) ;
#4708 = CARTESIAN_POINT ( 'NONE',  ( 573.0186795112780374, -487.6071428571428896, 423.5999999999999659 ) ) ;
#4709 = DIRECTION ( 'NONE',  ( -0.000000000000000000, -0.000000000000000000, -1.000000000000000000 ) ) ;
#4710 = ORIENTED_EDGE ( 'NONE', *, *, #2732, .F. ) ;
#4711 = CARTESIAN_POINT ( 'NONE',  ( 15.90000000000005720, -293.5000000000000000, 15.90000000000000036 ) ) ;
#4712 = FACE_OUTER_BOUND ( 'NONE', #3282, .T. ) ;
#4713 = ADVANCED_FACE ( 'NONE', ( #891 ), #4861, .F. ) ;
#4714 = CIRCLE ( 'NONE', #4211, 8.000000000000007105 ) ;
#4715 = VECTOR ( 'NONE', #3511, 1000.000000000000000 ) ;
#4716 = VECTOR ( 'NONE', #3308, 1000.000000000000000 ) ;
#4717 = DIRECTION ( 'NONE',  ( 2.745500257537979014E-16, -1.000000000000000000, -0.000000000000000000 ) ) ;
#4718 = VERTEX_POINT ( 'NONE', #1878 ) ;
#4719 = VECTOR ( 'NONE', #1531, 1000.000000000000000 ) ;
#4720 = ORIENTED_EDGE ( 'NONE', *, *, #1089, .F. ) ;
#4721 = AXIS2_PLACEMENT_3D ( 'NONE', #65, #4670, #4616 ) ;
#4722 = VECTOR ( 'NONE', #634, 1000.000000000000000 ) ;
#4723 = PERSON_AND_ORGANIZATION_ROLE ( 'design_owner' ) ;
#4724 = CARTESIAN_POINT ( 'NONE',  ( 830.0000000000001137, -745.0000000000000000, 500.0000000000000000 ) ) ;
#4725 = CARTESIAN_POINT ( 'NONE',  ( 884.1000000000000227, -93.24999999999987210, 586.0000000000001137 ) ) ;
#4726 = DIRECTION ( 'NONE',  ( 1.000000000000000000, 0.000000000000000000, 0.000000000000000000 ) ) ;
#4727 = VECTOR ( 'NONE', #3799, 1000.000000000000000 ) ;
#4728 = EDGE_CURVE ( 'NONE', #1689, #4396, #2529, .T. ) ;
#4729 = VECTOR ( 'NONE', #701, 1000.000000000000000 ) ;
#4730 = ADVANCED_FACE ( 'NONE', ( #2873, #3292 ), #1849, .T. ) ;
#4731 = CC_DESIGN_PERSON_AND_ORGANIZATION_ASSIGNMENT ( #4455, #851, ( #3309 ) ) ;
#4732 = EDGE_CURVE ( 'NONE', #2098, #4718, #4774, .T. ) ;
#4733 = PLANE ( 'NONE',  #3285 ) ;
#4734 = EDGE_LOOP ( 'NONE', ( #4860, #2148, #353, #4051 ) ) ;
#4735 = FACE_OUTER_BOUND ( 'NONE', #3435, .T. ) ;
#4736 = CARTESIAN_POINT ( 'NONE',  ( 0.000000000000000000, 0.000000000000000000, 120.0000000000000000 ) ) ;
#4737 = PERSON_AND_ORGANIZATION_ROLE ( 'design_owner' ) ;
#4738 = ORIENTED_EDGE ( 'NONE', *, *, #4773, .T. ) ;
#4739 = CARTESIAN_POINT ( 'NONE',  ( 0.000000000000000000, 0.000000000000000000, -1.500000000000000000 ) ) ;
#4740 = AXIS2_PLACEMENT_3D ( 'NONE', #1901, #4139, #4117 ) ;
#4741 = CARTESIAN_POINT ( 'NONE',  ( 70.00000000000009948, -745.0000000000000000, 50.00000000000000000 ) ) ;
#4742 = EDGE_LOOP ( 'NONE', ( #4419, #759, #2221, #2965 ) ) ;
#4743 = CARTESIAN_POINT ( 'NONE',  ( 15.90000000000005720, 342.0000000000000000, 22.40000000000000568 ) ) ;
#4744 = ORIENTED_EDGE ( 'NONE', *, *, #982, .F. ) ;
#4745 = EDGE_LOOP ( 'NONE', ( #14, #3484, #3436, #1709, #4129, #985, #3147, #659, #4138, #2806, #1856, #3163, #3422, #2826 ) ) ;
#4746 = ORIENTED_EDGE ( 'NONE', *, *, #755, .T. ) ;
#4747 = AXIS2_PLACEMENT_3D ( 'NONE', #1846, #1507, #365 ) ;
#4748 = DIRECTION ( 'NONE',  ( 0.000000000000000000, 0.000000000000000000, 1.000000000000000000 ) ) ;
#4749 = DATE_AND_TIME ( #1227, #2227 ) ;
#4750 = VERTEX_POINT ( 'NONE', #2231 ) ;
#4751 = CARTESIAN_POINT ( 'NONE',  ( 878.0000000000002274, -630.2499999999998863, 594.8000000000001819 ) ) ;
#4752 = ORIENTED_EDGE ( 'NONE', *, *, #1736, .F. ) ;
#4753 = DIRECTION ( 'NONE',  ( -1.000000000000000000, 1.225764668124932819E-16, 0.000000000000000000 ) ) ;
#4754 = CALENDAR_DATE ( 2026, 9, 6 ) ;
#4755 = EDGE_CURVE ( 'NONE', #4230, #2383, #3052, .T. ) ;
#4756 = VECTOR ( 'NONE', #2198, 1000.000000000000000 ) ;
#4757 = CARTESIAN_POINT ( 'NONE',  ( 22.00000000000001066, -679.7500000000001137, 586.8000000000001819 ) ) ;
#4758 = PLANE ( 'NONE',  #4678 ) ;
#4759 = CC_DESIGN_PERSON_AND_ORGANIZATION_ASSIGNMENT ( #4529, #2964, ( #3336 ) ) ;
#4760 = LOCAL_TIME ( 10, 26, 38.00000000000000000, #3342 ) ;
#4761 = ADVANCED_FACE ( 'NONE', ( #1299, #128 ), #3354, .F. ) ;
#4762 = CARTESIAN_POINT ( 'NONE',  ( 830.0000000000001137, -785.0000000000000000, 520.0000000000000000 ) ) ;
#4763 = EDGE_LOOP ( 'NONE', ( #2643, #3605, #652, #2392 ) ) ;
#4764 = EDGE_CURVE ( 'NONE', #4778, #1811, #4009, .T. ) ;
#4765 = DIRECTION ( 'NONE',  ( -0.000000000000000000, 1.000000000000000000, -0.000000000000000000 ) ) ;
#4766 = ORIENTED_EDGE ( 'NONE', *, *, #2576, .T. ) ;
#4767 = CARTESIAN_POINT ( 'NONE',  ( 70.00000000000008527, -800.0000000000000000, 473.0000000000000000 ) ) ;
#4768 = ADVANCED_FACE ( 'NONE', ( #2120 ), #2723, .T. ) ;
#4769 = DIRECTION ( 'NONE',  ( 1.143773720424268048E-16, 0.000000000000000000, 1.000000000000000000 ) ) ;
#4770 = DIRECTION ( 'NONE',  ( -1.225764668124932819E-16, 1.000000000000000000, 0.000000000000000000 ) ) ;
#4771 = FACE_BOUND ( 'NONE', #1613, .T. ) ;
#4772 = VERTEX_POINT ( 'NONE', #3757 ) ;
#4773 = EDGE_CURVE ( 'NONE', #2992, #230, #4006, .T. ) ;
#4774 = LINE ( 'NONE', #370, #3646 ) ;
#4775 = CARTESIAN_POINT ( 'NONE',  ( 15.90000000000000036, -630.2500000000001137, 591.0500000000000682 ) ) ;
#4776 = CIRCLE ( 'NONE', #2664, 26.99999999999999645 ) ;
#4777 = AXIS2_PLACEMENT_3D ( 'NONE', #3665, #4787, #361 ) ;
#4778 = VERTEX_POINT ( 'NONE', #4597 ) ;
#4779 = VECTOR ( 'NONE', #359, 1000.000000000000000 ) ;
#4780 = DIRECTION ( 'NONE',  ( 0.000000000000000000, 0.000000000000000000, -1.000000000000000000 ) ) ;
#4781 = VECTOR ( 'NONE', #3928, 1000.000000000000000 ) ;
#4782 = DIRECTION ( 'NONE',  ( 1.000000000000000000, 0.000000000000000000, 0.000000000000000000 ) ) ;
#4783 = FACE_OUTER_BOUND ( 'NONE', #2268, .T. ) ;
#4784 = DIRECTION ( 'NONE',  ( -0.000000000000000000, -1.000000000000000000, -0.000000000000000000 ) ) ;
#4785 = FACE_BOUND ( 'NONE', #2555, .T. ) ;
#4786 = EDGE_LOOP ( 'NONE', ( #2838, #2390, #263, #1610 ) ) ;
#4787 = DIRECTION ( 'NONE',  ( 0.000000000000000000, 1.000000000000000000, -0.000000000000000000 ) ) ;
#4788 = EDGE_CURVE ( 'NONE', #310, #2244, #1002, .T. ) ;
#4789 = CARTESIAN_POINT ( 'NONE',  ( 33.00000000000005684, 243.5000000000000000, 22.00000000000000000 ) ) ;
#4790 = LINE ( 'NONE', #2711, #2079 ) ;
#4791 = DIRECTION ( 'NONE',  ( 0.000000000000000000, -1.000000000000000000, 0.000000000000000000 ) ) ;
#4792 = ADVANCED_FACE ( 'NONE', ( #4533 ), #1417, .F. ) ;
#4793 = CARTESIAN_POINT ( 'NONE',  ( 830.0000000000001137, -745.0000000000000000, 70.00000000000000000 ) ) ;
#4794 = EDGE_CURVE ( 'NONE', #3903, #3802, #485, .T. ) ;
#4795 = DIRECTION ( 'NONE',  ( -0.000000000000000000, 1.000000000000000000, -0.000000000000000000 ) ) ;
#4796 = VERTEX_POINT ( 'NONE', #3833 ) ;
#4797 = LINE ( 'NONE', #4810, #3794 ) ;
#4798 = EDGE_CURVE ( 'NONE', #1822, #2892, #610, .T. ) ;
#4799 = CARTESIAN_POINT ( 'NONE',  ( 5.200000000000008171, -630.2500000000001137, 586.8000000000001819 ) ) ;
#4800 = DIRECTION ( 'NONE',  ( 0.000000000000000000, 0.000000000000000000, -1.000000000000000000 ) ) ;
#4801 = ORIENTED_EDGE ( 'NONE', *, *, #2769, .T. ) ;
#4802 = APPROVAL_ROLE ( '' ) ;
#4803 = DIRECTION ( 'NONE',  ( 0.000000000000000000, 0.000000000000000000, -1.000000000000000000 ) ) ;
#4804 = VERTEX_POINT ( 'NONE', #62 ) ;
#4805 = AXIS2_PLACEMENT_3D ( 'NONE', #1783, #326, #4420 ) ;
#4806 = CARTESIAN_POINT ( 'NONE',  ( 830.0000000000001137, -57.00000000000000000, 475.0000000000001137 ) ) ;
#4807 = VERTEX_POINT ( 'NONE', #3438 ) ;
#4808 = ORIENTED_EDGE ( 'NONE', *, *, #3369, .F. ) ;
#4809 = EDGE_LOOP ( 'NONE', ( #4694, #1744, #1746, #3620 ) ) ;
#4810 = CARTESIAN_POINT ( 'NONE',  ( 70.00000000000002842, -132.0000000000000000, 475.0000000000001137 ) ) ;
#4811 = CARTESIAN_POINT ( 'NONE',  ( 22.00000000000001066, -679.7500000000001137, 594.8000000000001819 ) ) ;
#4812 = PERSON_AND_ORGANIZATION ( #1608, #3702 ) ;
#4813 = ORIENTED_EDGE ( 'NONE', *, *, #2216, .T. ) ;
#4814 = CARTESIAN_POINT ( 'NONE',  ( 8.523541722065577671E-14, -343.5000000000000000, 0.000000000000000000 ) ) ;
#4815 = AXIS2_PLACEMENT_3D ( 'NONE', #2811, #2798, #1638 ) ;
#4816 = VECTOR ( 'NONE', #377, 1000.000000000000000 ) ;
#4817 = CARTESIAN_POINT ( 'NONE',  ( 30.00000000000000711, -57.00000000000000711, 570.0000000000001137 ) ) ;
#4818 = PERSON_AND_ORGANIZATION ( #1608, #3702 ) ;
#4819 = ORIENTED_EDGE ( 'NONE', *, *, #428, .T. ) ;
#4820 = PERSON_AND_ORGANIZATION_ROLE ( 'classification_officer' ) ;
#4821 = DIRECTION ( 'NONE',  ( -0.000000000000000000, 1.000000000000000000, -0.000000000000000000 ) ) ;
#4822 = EDGE_CURVE ( 'NONE', #4116, #4647, #1477, .T. ) ;
#4823 = VECTOR ( 'NONE', #3442, 1000.000000000000000 ) ;
#4824 = CARTESIAN_POINT ( 'NONE',  ( 830.0000000000001137, -800.0000000000000000, 43.00000000000000000 ) ) ;
#4825 = CIRCLE ( 'NONE', #2694, 8.000000000000007105 ) ;
#4826 = EDGE_CURVE ( 'NONE', #4339, #2409, #371, .T. ) ;
#4827 = DIRECTION ( 'NONE',  ( 0.000000000000000000, -1.000000000000000000, 0.000000000000000000 ) ) ;
#4828 = CONICAL_SURFACE ( 'NONE', #408, 4.000000000000017764, 0.7853981633974460586 ) ;
#4829 = LINE ( 'NONE', #767, #2303 ) ;
#4830 = DIRECTION ( 'NONE',  ( 1.000000000000000000, -0.000000000000000000, -1.137523590804461357E-16 ) ) ;
#4831 = ORIENTED_EDGE ( 'NONE', *, *, #209, .T. ) ;
#4832 = CARTESIAN_POINT ( 'NONE',  ( 0.000000000000000000, 0.000000000000000000, 0.000000000000000000 ) ) ;
#4833 = CARTESIAN_POINT ( 'NONE',  ( 69.99999999999998579, 0.000000000000000000, 110.9999999999999858 ) ) ;
#4834 = ADVANCED_FACE ( 'NONE', ( #4712 ), #1536, .T. ) ;
#4835 = CIRCLE ( 'NONE', #1904, 5.049999999999998934 ) ;
#4836 = LINE ( 'NONE', #4204, #622 ) ;
#4837 = PERSON_AND_ORGANIZATION_ROLE ( 'classification_officer' ) ;
#4838 = EDGE_LOOP ( 'NONE', ( #3180, #2462 ) ) ;
#4839 = VECTOR ( 'NONE', #868, 1000.000000000000000 ) ;
#4840 = ADVANCED_FACE ( 'NONE', ( #1762 ), #1992, .F. ) ;
#4841 = LINE ( 'NONE', #3445, #1840 ) ;
#4842 = ORIENTED_EDGE ( 'NONE', *, *, #746, .T. ) ;
#4843 = VECTOR ( 'NONE', #3600, 1000.000000000000000 ) ;
#4844 = AXIS2_PLACEMENT_3D ( 'NONE', #1850, #3310, #4845 ) ;
#4845 = DIRECTION ( 'NONE',  ( 0.000000000000000000, 0.000000000000000000, 1.000000000000000000 ) ) ;
#4846 = PRODUCT_DEFINITION_SHAPE ( 'NONE', 'NONE',  #4873 ) ;
#4847 = CARTESIAN_POINT ( 'NONE',  ( 830.0000000000001137, 0.000000000000000000, 475.0000000000001137 ) ) ;
#4848 = VECTOR ( 'NONE', #2182, 1000.000000000000000 ) ;
#4849 = ORIENTED_EDGE ( 'NONE', *, *, #2173, .T. ) ;
#4850 = AXIS2_PLACEMENT_3D ( 'NONE', #1919, #53, #4575 ) ;
#4851 = CARTESIAN_POINT ( 'NONE',  ( -6.450000000000001066, 7.898971854500429678E-16, 0.000000000000000000 ) ) ;
#4852 = DIRECTION ( 'NONE',  ( 0.000000000000000000, 0.000000000000000000, -1.000000000000000000 ) ) ;
#4853 = EDGE_CURVE ( 'NONE', #4796, #4671, #6, .T. ) ;
#4854 = SECURITY_CLASSIFICATION_LEVEL ( 'unclassified' ) ;
#4855 = DIRECTION ( 'NONE',  ( 0.000000000000000000, 0.000000000000000000, -1.000000000000000000 ) ) ;
#4856 = ORIENTED_EDGE ( 'NONE', *, *, #784, .F. ) ;
#4857 = CIRCLE ( 'NONE', #3375, 27.00000000000000355 ) ;
#4858 = PRODUCT_RELATED_PRODUCT_CATEGORY ( 'detail', '', ( #3072 ) ) ;
#4859 = EDGE_CURVE ( 'NONE', #3772, #2266, #668, .T. ) ;
#4860 = ORIENTED_EDGE ( 'NONE', *, *, #832, .T. ) ;
#4861 = PLANE ( 'NONE',  #3201 ) ;
#4862 = DIRECTION ( 'NONE',  ( 0.000000000000000000, -0.000000000000000000, -1.000000000000000000 ) ) ;
#4863 = VERTEX_POINT ( 'NONE', #3040 ) ;
#4864 = EDGE_CURVE ( 'NONE', #801, #3903, #424, .T. ) ;
#4865 = EDGE_CURVE ( 'NONE', #3581, #4309, #887, .T. ) ;
#4866 = CARTESIAN_POINT ( 'NONE',  ( 900.0000000000001137, -17.99999999999988631, 546.0000000000000000 ) ) ;
#4867 = ORIENTED_EDGE ( 'NONE', *, *, #3174, .F. ) ;
#4868 = EDGE_LOOP ( 'NONE', ( #4606, #768, #2281, #4397, #2998, #4351, #3333, #1093, #2725, #1454, #833, #1213 ) ) ;
#4869 = DIRECTION ( 'NONE',  ( 0.000000000000000000, 0.000000000000000000, 1.000000000000000000 ) ) ;
#4870 = ORIENTED_EDGE ( 'NONE', *, *, #2021, .F. ) ;
#4871 = FACE_OUTER_BOUND ( 'NONE', #3743, .T. ) ;
#4872 = NEXT_ASSEMBLY_USAGE_OCCURRENCE ( 'NAUO1', ' ', ' ', #2043, #4157, $ ) ;
#4873 = NEXT_ASSEMBLY_USAGE_OCCURRENCE ( 'NAUO2', ' ', ' ', #2043, #3483, $ ) ;
#4874 = NEXT_ASSEMBLY_USAGE_OCCURRENCE ( 'NAUO3', ' ', ' ', #2043, #2239, $ ) ;
#4875 = NEXT_ASSEMBLY_USAGE_OCCURRENCE ( 'NAUO4', ' ', ' ', #2043, #2239, $ ) ;
#4876 = NEXT_ASSEMBLY_USAGE_OCCURRENCE ( 'NAUO5', ' ', ' ', #2043, #3483, $ ) ;
#4877 = NEXT_ASSEMBLY_USAGE_OCCURRENCE ( 'NAUO6', ' ', ' ', #2043, #2239, $ ) ;
#4878 = NEXT_ASSEMBLY_USAGE_OCCURRENCE ( 'NAUO7', ' ', ' ', #2043, #2239, $ ) ;
ENDSEC;
END-ISO-10303-21;
