ISO-10303-21;
HEADER;
FILE_DESCRIPTION (( 'STEP AP203' ),
    '1' );
FILE_NAME ('吊柜17.STEP',
    '2026-06-05T00:55:59',
    ( 'Windows 用户' ),
    ( 'Microsoft' ),
    'SwSTEP 2.0',
    'SolidWorks 2018',
    '' );
FILE_SCHEMA (( 'CONFIG_CONTROL_DESIGN' ));
ENDSEC;

DATA;
#1 = EDGE_CURVE ( 'NONE', #2162, #171, #608, .T. ) ;
#2 = VECTOR ( 'NONE', #1474, 1000.000000000000000 ) ;
#3 = PERSON ( 'NAUO-PER2', 'UNSPECIFIED', 'UNSPECIFIED', ('UNSPECIFIED'), ('UNSPECIFIED'), ('UNSPECIFIED') ) ;
#4 = CARTESIAN_POINT ( 'NONE',  ( 15.90000000000005720, 398.5000000000000000, 15.90000000000000036 ) ) ;
#5 = CARTESIAN_POINT ( 'NONE',  ( 7.961735002956730495E-14, -400.0000000000000000, 30.00000000000000000 ) ) ;
#6 = CARTESIAN_POINT ( 'NONE',  ( 33.00000000000007105, -300.0000000000000000, 27.00000000000000711 ) ) ;
#7 = LINE ( 'NONE', #2146, #1923 ) ;
#8 = CARTESIAN_POINT ( 'NONE',  ( 30.00000000000000000, -387.0000000000000000, 702.4027832905732112 ) ) ;
#9 = MANIFOLD_SOLID_BREP ( '镜向2', #644 ) ;
#10 = CYLINDRICAL_SURFACE ( 'NONE', #2377, 8.000000000000007105 ) ;
#11 = ORIENTED_EDGE ( 'NONE', *, *, #435, .T. ) ;
#12 = CARTESIAN_POINT ( 'NONE',  ( 572.0000000000003411, -799.9999999999998863, 279.9999999999999432 ) ) ;
#13 = AXIS2_PLACEMENT_3D ( 'NONE', #2420, #369, #1714 ) ;
#14 = CIRCLE ( 'NONE', #620, 5.000000000000000888 ) ;
#15 = ORIENTED_EDGE ( 'NONE', *, *, #2851, .F. ) ;
#16 = CARTESIAN_POINT ( 'NONE',  ( 13.20000000000000462, -100.0000000000000284, 316.7999999999999545 ) ) ;
#17 = CIRCLE ( 'NONE', #2663, 5.049999999999998934 ) ;
#18 = VERTEX_POINT ( 'NONE', #2525 ) ;
#19 = PLANE ( 'NONE',  #2191 ) ;
#20 = CARTESIAN_POINT ( 'NONE',  ( 30.00000000000009592, -760.0000000000000000, 702.4027832905732112 ) ) ;
#21 = CARTESIAN_POINT ( 'NONE',  ( 22.00000000000000711, -700.0000000000000000, 324.7999999999999545 ) ) ;
#22 = ORIENTED_EDGE ( 'NONE', *, *, #872, .F. ) ;
#23 = MECHANICAL_CONTEXT ( 'NONE', #2530, 'mechanical' ) ;
#24 = ADVANCED_FACE ( 'NONE', ( #822 ), #2561, .T. ) ;
#25 = EDGE_CURVE ( 'NONE', #2330, #2633, #1684, .T. ) ;
#26 = ORIENTED_EDGE ( 'NONE', *, *, #913, .T. ) ;
#27 = DIRECTION ( 'NONE',  ( 1.000000000000000000, 0.000000000000000000, 0.000000000000000000 ) ) ;
#28 = AXIS2_PLACEMENT_3D ( 'NONE', #2153, #312, #1209 ) ;
#29 = EDGE_LOOP ( 'NONE', ( #2755, #397, #1875, #648 ) ) ;
#30 = EDGE_LOOP ( 'NONE', ( #34, #1111, #2032, #1969, #828 ) ) ;
#31 = CARTESIAN_POINT ( 'NONE',  ( 0.000000000000000000, 0.000000000000000000, 120.0000000000000000 ) ) ;
#32 = PLANE ( 'NONE',  #1740 ) ;
#33 = LOCAL_TIME ( 8, 55, 59.00000000000000000, #2832 ) ;
#34 = ORIENTED_EDGE ( 'NONE', *, *, #852, .F. ) ;
#35 = VERTEX_POINT ( 'NONE', #726 ) ;
#36 = AXIS2_PLACEMENT_3D ( 'NONE', #1607, #882, #2955 ) ;
#37 = CARTESIAN_POINT ( 'NONE',  ( 9.527752097366408410E-14, -778.0000000000000000, 279.9999999999999432 ) ) ;
#38 = LOCAL_TIME ( 8, 55, 59.00000000000000000, #2943 ) ;
#39 = ORIENTED_EDGE ( 'NONE', *, *, #2493, .T. ) ;
#40 = DIRECTION ( 'NONE',  ( -1.000000000000000000, 0.000000000000000000, -0.000000000000000000 ) ) ;
#41 = COORDINATED_UNIVERSAL_TIME_OFFSET ( 8, 0, .AHEAD. ) ;
#42 = PRODUCT_DEFINITION_FORMATION_WITH_SPECIFIED_SOURCE ( '任何', '', #1386, .NOT_KNOWN. ) ;
#43 = ADVANCED_FACE ( 'NONE', ( #2285 ), #19, .F. ) ;
#44 = CARTESIAN_POINT ( 'NONE',  ( 30.00000000000000355, -50.50000000000002842, 300.0000000000000000 ) ) ;
#45 = CARTESIAN_POINT ( 'NONE',  ( 15.90000000000005720, 398.5000000000000568, 15.90000000000000036 ) ) ;
#46 = DIRECTION ( 'NONE',  ( 0.000000000000000000, 1.000000000000000000, 0.000000000000000000 ) ) ;
#47 = LINE ( 'NONE', #1735, #1729 ) ;
#48 = DIRECTION ( 'NONE',  ( 0.000000000000000000, 0.000000000000000000, 1.000000000000000000 ) ) ;
#49 = LINE ( 'NONE', #103, #2 ) ;
#50 = EDGE_CURVE ( 'NONE', #2874, #1437, #2961, .T. ) ;
#51 = ADVANCED_FACE ( 'NONE', ( #1132 ), #1613, .T. ) ;
#52 = CARTESIAN_POINT ( 'NONE',  ( 15.90000000000005720, -398.5000000000000000, 10.90000000000000036 ) ) ;
#53 = LINE ( 'NONE', #2610, #2416 ) ;
#54 = ORIENTED_EDGE ( 'NONE', *, *, #761, .F. ) ;
#55 = DIRECTION ( 'NONE',  ( -0.000000000000000000, -0.000000000000000000, -1.000000000000000000 ) ) ;
#56 = LINE ( 'NONE', #2221, #2211 ) ;
#57 = AXIS2_PLACEMENT_3D ( 'NONE', #2280, #908, #2966 ) ;
#58 = DIRECTION ( 'NONE',  ( 1.000000000000000000, 0.000000000000000000, 0.000000000000000000 ) ) ;
#59 = ADVANCED_FACE ( 'NONE', ( #963 ), #1581, .F. ) ;
#60 = VECTOR ( 'NONE', #1330, 1000.000000000000000 ) ;
#61 = ORIENTED_EDGE ( 'NONE', *, *, #1521, .T. ) ;
#62 = AXIS2_PLACEMENT_3D ( 'NONE', #2518, #881, #1396 ) ;
#63 = DIRECTION ( 'NONE',  ( 0.000000000000000000, 0.000000000000000000, 1.000000000000000000 ) ) ;
#64 = CARTESIAN_POINT ( 'NONE',  ( 30.00000000000001421, -369.0000000000000000, 20.00000000000000000 ) ) ;
#65 = DIRECTION ( 'NONE',  ( -1.000000000000000000, 0.000000000000000000, 0.000000000000000000 ) ) ;
#66 = EDGE_LOOP ( 'NONE', ( #2245, #1719, #2789, #2052 ) ) ;
#67 = APPLICATION_PROTOCOL_DEFINITION ( 'international standard', 'config_control_design', 1994, #2135 ) ;
#68 = ORIENTED_EDGE ( 'NONE', *, *, #1400, .T. ) ;
#69 = EDGE_CURVE ( 'NONE', #2265, #1579, #2862, .T. ) ;
#70 = ORIENTED_EDGE ( 'NONE', *, *, #1221, .T. ) ;
#71 = VERTEX_POINT ( 'NONE', #702 ) ;
#72 = ORIENTED_EDGE ( 'NONE', *, *, #1612, .F. ) ;
#73 = CARTESIAN_POINT ( 'NONE',  ( 30.00000000000005329, -18.00000000000000000, -0.000000000000000000 ) ) ;
#74 = ADVANCED_FACE ( 'NONE', ( #1433 ), #255, .F. ) ;
#75 = ORIENTED_EDGE ( 'NONE', *, *, #2595, .F. ) ;
#76 = ORIENTED_EDGE ( 'NONE', *, *, #1441, .F. ) ;
#77 = CALENDAR_DATE ( 2026, 5, 6 ) ;
#78 = EDGE_LOOP ( 'NONE', ( #439, #854 ) ) ;
#79 = AXIS2_PLACEMENT_3D ( 'NONE', #2648, #2398, #2208 ) ;
#80 = DIRECTION ( 'NONE',  ( -1.000000000000000000, -0.000000000000000000, -0.000000000000000000 ) ) ;
#81 = COORDINATED_UNIVERSAL_TIME_OFFSET ( 8, 0, .AHEAD. ) ;
#82 = CC_DESIGN_SECURITY_CLASSIFICATION ( #1412, ( #2975 ) ) ;
#83 = CARTESIAN_POINT ( 'NONE',  ( 30.00000000000004619, -387.0000000000000000, 20.00000000000001776 ) ) ;
#84 = CARTESIAN_POINT ( 'NONE',  ( 33.00000000000007816, 350.0000000000000000, -26.84171144931213604 ) ) ;
#85 = PLANE ( 'NONE',  #1395 ) ;
#86 = VECTOR ( 'NONE', #65, 1000.000000000000000 ) ;
#87 = CARTESIAN_POINT ( 'NONE',  ( 0.000000000000000000, 0.000000000000000000, 120.0000000000000000 ) ) ;
#88 = EDGE_CURVE ( 'NONE', #2122, #1002, #2642, .T. ) ;
#89 = CIRCLE ( 'NONE', #2523, 4.000000000000017764 ) ;
#90 = MECHANICAL_CONTEXT ( 'NONE', #481, 'mechanical' ) ;
#91 = ADVANCED_FACE ( 'NONE', ( #2147 ), #519, .F. ) ;
#92 = DIRECTION ( 'NONE',  ( -0.000000000000000000, -1.000000000000000000, -0.000000000000000000 ) ) ;
#93 = FACE_OUTER_BOUND ( 'NONE', #2960, .T. ) ;
#94 = ORIENTED_EDGE ( 'NONE', *, *, #2386, .T. ) ;
#95 = VECTOR ( 'NONE', #879, 1000.000000000000000 ) ;
#96 = CARTESIAN_POINT ( 'NONE',  ( 432.0000000000000000, -18.00000000000000000, 300.0000000000000000 ) ) ;
#97 = DIRECTION ( 'NONE',  ( -0.000000000000000000, -1.000000000000000000, -0.000000000000000000 ) ) ;
#98 = LINE ( 'NONE', #21, #955 ) ;
#99 = SECURITY_CLASSIFICATION_LEVEL ( 'unclassified' ) ;
#100 = VECTOR ( 'NONE', #1401, 1000.000000000000000 ) ;
#101 = CC_DESIGN_DATE_AND_TIME_ASSIGNMENT ( #2692, #775, ( #710 ) ) ;
#102 = DIRECTION ( 'NONE',  ( 0.000000000000000000, 0.000000000000000000, 1.000000000000000000 ) ) ;
#103 = CARTESIAN_POINT ( 'NONE',  ( 0.000000000000000000, 0.000000000000000000, 300.0000000000000000 ) ) ;
#104 = VERTEX_POINT ( 'NONE', #1432 ) ;
#105 = ORIENTED_EDGE ( 'NONE', *, *, #2447, .T. ) ;
#106 = MECHANICAL_CONTEXT ( 'NONE', #2077, 'mechanical' ) ;
#107 = EDGE_CURVE ( 'NONE', #109, #2639, #2108, .T. ) ;
#108 = VERTEX_POINT ( 'NONE', #770 ) ;
#109 = VERTEX_POINT ( 'NONE', #2350 ) ;
#110 = UNCERTAINTY_MEASURE_WITH_UNIT (LENGTH_MEASURE( 1.000000000000000082E-05 ), #984, 'distance_accuracy_value', 'NONE');
#111 = PERSON_AND_ORGANIZATION ( #459, #1492 ) ;
#112 = ORIENTED_EDGE ( 'NONE', *, *, #1242, .F. ) ;
#113 = AXIS2_PLACEMENT_3D ( 'NONE', #1847, #736, #2313 ) ;
#114 = DATE_AND_TIME ( #1949, #2236 ) ;
#115 = DIRECTION ( 'NONE',  ( 1.137523590804461357E-16, 0.000000000000000000, -1.000000000000000000 ) ) ;
#116 = ORIENTED_EDGE ( 'NONE', *, *, #350, .F. ) ;
#117 = DIRECTION ( 'NONE',  ( 0.000000000000000000, -1.000000000000000000, 0.000000000000000000 ) ) ;
#118 = DIRECTION ( 'NONE',  ( -0.000000000000000000, 1.000000000000000000, -0.000000000000000000 ) ) ;
#119 = LINE ( 'NONE', #1959, #415 ) ;
#120 = DIRECTION ( 'NONE',  ( -0.000000000000000000, -0.000000000000000000, -1.000000000000000000 ) ) ;
#121 = CARTESIAN_POINT ( 'NONE',  ( 15.90000000000005720, -398.5000000000000000, 15.90000000000000036 ) ) ;
#122 = DIRECTION ( 'NONE',  ( -0.000000000000000000, -0.000000000000000000, -1.000000000000000000 ) ) ;
#123 = CARTESIAN_POINT ( 'NONE',  ( 450.0000000000001137, -400.0000000000000000, 0.000000000000000000 ) ) ;
#124 = FACE_OUTER_BOUND ( 'NONE', #1329, .T. ) ;
#125 = ADVANCED_FACE ( 'NONE', ( #137, #2318 ), #528, .T. ) ;
#126 = EDGE_CURVE ( 'NONE', #2462, #541, #1037, .T. ) ;
#127 = CARTESIAN_POINT ( 'NONE',  ( 30.00000000000001066, -50.50000000000002842, 316.7999999999999545 ) ) ;
#128 = CIRCLE ( 'NONE', #2249, 6.450000000000001066 ) ;
#129 = AXIS2_PLACEMENT_3D ( 'NONE', #16, #485, #1876 ) ;
#130 = LINE ( 'NONE', #1951, #306 ) ;
#131 = DIRECTION ( 'NONE',  ( 1.000000000000000000, 0.000000000000000000, -0.000000000000000000 ) ) ;
#132 = FACE_OUTER_BOUND ( 'NONE', #2786, .T. ) ;
#133 = CARTESIAN_POINT ( 'NONE',  ( 13.20000000000000639, -749.5000000000000000, 324.7999999999999545 ) ) ;
#134 = DIRECTION ( 'NONE',  ( 2.065146995210486914E-16, 0.000000000000000000, 1.000000000000000000 ) ) ;
#135 = CARTESIAN_POINT ( 'NONE',  ( 7.961735002956730495E-14, 350.0000000000000000, 30.00000000000000000 ) ) ;
#136 = AXIS2_PLACEMENT_3D ( 'NONE', #1331, #141, #833 ) ;
#137 = FACE_OUTER_BOUND ( 'NONE', #2158, .T. ) ;
#138 = PERSON_AND_ORGANIZATION_ROLE ( 'classification_officer' ) ;
#139 = CARTESIAN_POINT ( 'NONE',  ( 450.0000000000001137, 400.0000000000000000, 0.000000000000000000 ) ) ;
#140 = EDGE_LOOP ( 'NONE', ( #582, #1365, #2489, #241, #2455, #2964, #1973, #1554, #734, #1047, #915, #925 ) ) ;
#141 = DIRECTION ( 'NONE',  ( 0.000000000000000000, -1.000000000000000000, 0.000000000000000000 ) ) ;
#142 = EDGE_CURVE ( 'NONE', #1326, #2010, #1071, .T. ) ;
#143 = ORIENTED_EDGE ( 'NONE', *, *, #840, .F. ) ;
#144 = CARTESIAN_POINT ( 'NONE',  ( 30.00000000000009592, -778.0000000000000000, 2.000000000000000000 ) ) ;
#145 = DIRECTION ( 'NONE',  ( 0.000000000000000000, -0.000000000000000000, 1.000000000000000000 ) ) ;
#146 = CALENDAR_DATE ( 2026, 5, 6 ) ;
#147 = VERTEX_POINT ( 'NONE', #1457 ) ;
#148 = APPROVAL_ROLE ( '' ) ;
#149 = EDGE_CURVE ( 'NONE', #1587, #361, #2351, .T. ) ;
#150 = PLANE ( 'NONE',  #2070 ) ;
#151 = LOCAL_TIME ( 8, 55, 59.00000000000000000, #1663 ) ;
#152 = CALENDAR_DATE ( 2026, 5, 6 ) ;
#153 = AXIS2_PLACEMENT_3D ( 'NONE', #743, #2576, #2149 ) ;
#154 = CARTESIAN_POINT ( 'NONE',  ( 9.527752097366408410E-14, -778.0000000000000000, 300.0000000000000000 ) ) ;
#155 = DIRECTION ( 'NONE',  ( 0.000000000000000000, 0.000000000000000000, 1.000000000000000000 ) ) ;
#156 = VECTOR ( 'NONE', #563, 1000.000000000000000 ) ;
#157 = LINE ( 'NONE', #1122, #1310 ) ;
#158 = AXIS2_PLACEMENT_3D ( 'NONE', #2664, #602, #1529 ) ;
#159 = EDGE_CURVE ( 'NONE', #2818, #1703, #1715, .T. ) ;
#160 = FACE_OUTER_BOUND ( 'NONE', #30, .T. ) ;
#161 = VERTEX_POINT ( 'NONE', #2612 ) ;
#162 = CARTESIAN_POINT ( 'NONE',  ( 450.0000000000000000, 0.000000000000000000, 300.0000000000000000 ) ) ;
#163 = CARTESIAN_POINT ( 'NONE',  ( 450.0000000000001137, 400.0000000000000000, 30.00000000000000000 ) ) ;
#164 = EDGE_CURVE ( 'NONE', #1295, #1366, #1747, .T. ) ;
#165 = LINE ( 'NONE', #2023, #2519 ) ;
#166 = ORIENTED_EDGE ( 'NONE', *, *, #2254, .F. ) ;
#167 = CARTESIAN_POINT ( 'NONE',  ( 30.00000000000000355, -700.0000000000000000, 300.0000000000000000 ) ) ;
#168 = FACE_OUTER_BOUND ( 'NONE', #2574, .T. ) ;
#169 = ORIENTED_EDGE ( 'NONE', *, *, #2919, .T. ) ;
#170 = PLANE ( 'NONE',  #2953 ) ;
#171 = VERTEX_POINT ( 'NONE', #2590 ) ;
#172 = CARTESIAN_POINT ( 'NONE',  ( 450.0000000000001137, -799.9999999999998863, 279.9999999999999432 ) ) ;
#173 = ORIENTED_EDGE ( 'NONE', *, *, #2480, .T. ) ;
#174 = CARTESIAN_POINT ( 'NONE',  ( 432.0000000000000000, -18.00000000000000000, 2.000000000000000000 ) ) ;
#175 = AXIS2_PLACEMENT_3D ( 'NONE', #2934, #2457, #1542 ) ;
#176 = CARTESIAN_POINT ( 'NONE',  ( 9.797174393178825736E-14, -800.0000000000000000, 300.0000000000000000 ) ) ;
#177 = VERTEX_POINT ( 'NONE', #2815 ) ;
#178 = EDGE_LOOP ( 'NONE', ( #2646, #2524, #901, #470, #540 ) ) ;
#179 = CC_DESIGN_APPROVAL ( #2490, ( #2722 ) ) ;
#180 = VERTEX_POINT ( 'NONE', #301 ) ;
#181 = CARTESIAN_POINT ( 'NONE',  ( 30.00000000000000355, -100.0000000000000284, 300.0000000000000000 ) ) ;
#182 = VERTEX_POINT ( 'NONE', #1225 ) ;
#183 = EDGE_CURVE ( 'NONE', #357, #2007, #999, .T. ) ;
#184 = ORIENTED_EDGE ( 'NONE', *, *, #1009, .T. ) ;
#185 = DIRECTION ( 'NONE',  ( -1.460819769243627131E-16, -1.000000000000000000, 0.000000000000000000 ) ) ;
#186 = DIRECTION ( 'NONE',  ( -0.000000000000000000, -0.000000000000000000, -1.000000000000000000 ) ) ;
#187 = CALENDAR_DATE ( 2026, 5, 6 ) ;
#188 = CARTESIAN_POINT ( 'NONE',  ( 432.0000000000001137, -777.9999999999998863, 279.9999999999999432 ) ) ;
#189 = ORIENTED_EDGE ( 'NONE', *, *, #376, .F. ) ;
#190 = DIRECTION ( 'NONE',  ( 0.000000000000000000, 0.000000000000000000, -1.000000000000000000 ) ) ;
#191 = VECTOR ( 'NONE', #145, 1000.000000000000000 ) ;
#192 = CARTESIAN_POINT ( 'NONE',  ( 30.00000000000000355, -18.00000000000000000, 300.0000000000000000 ) ) ;
#193 = FACE_OUTER_BOUND ( 'NONE', #2753, .T. ) ;
#194 = EDGE_LOOP ( 'NONE', ( #1793, #750, #798, #933 ) ) ;
#195 = APPROVAL ( #2367, '未指定' ) ;
#196 = CARTESIAN_POINT ( 'NONE',  ( 572.0000000000003411, -777.9999999999998863, 300.0000000000000000 ) ) ;
#197 = LINE ( 'NONE', #730, #1388 ) ;
#198 = EDGE_LOOP ( 'NONE', ( #2715, #169 ) ) ;
#199 = DIRECTION ( 'NONE',  ( -1.000000000000000000, -1.224646799147353207E-16, -0.000000000000000000 ) ) ;
#200 = LINE ( 'NONE', #844, #60 ) ;
#201 = ORIENTED_EDGE ( 'NONE', *, *, #2962, .T. ) ;
#202 = EDGE_CURVE ( 'NONE', #2007, #2957, #883, .T. ) ;
#203 = VERTEX_POINT ( 'NONE', #83 ) ;
#204 = CARTESIAN_POINT ( 'NONE',  ( 15.90000000000000036, -749.5000000000000000, 310.9499999999999886 ) ) ;
#205 = VECTOR ( 'NONE', #2579, 1000.000000000000000 ) ;
#206 = DIRECTION ( 'NONE',  ( 1.000000000000000000, 0.000000000000000000, 0.000000000000000000 ) ) ;
#207 = VERTEX_POINT ( 'NONE', #782 ) ;
#208 = AXIS2_PLACEMENT_3D ( 'NONE', #688, #2483, #917 ) ;
#209 = ORIENTED_EDGE ( 'NONE', *, *, #577, .F. ) ;
#210 = PRODUCT_DEFINITION_SHAPE ( 'NONE', 'NONE',  #1338 ) ;
#211 = ORIENTED_EDGE ( 'NONE', *, *, #2877, .F. ) ;
#212 = CARTESIAN_POINT ( 'NONE',  ( 33.00000000000007816, 350.0000000000000000, 0.000000000000000000 ) ) ;
#213 = COORDINATED_UNIVERSAL_TIME_OFFSET ( 8, 0, .AHEAD. ) ;
#214 = ORIENTED_EDGE ( 'NONE', *, *, #1723, .T. ) ;
#215 = ORIENTED_EDGE ( 'NONE', *, *, #2634, .T. ) ;
#216 = APPROVAL_PERSON_ORGANIZATION ( #1113, #2740, #2819 ) ;
#217 = VERTEX_POINT ( 'NONE', #2601 ) ;
#218 = EDGE_CURVE ( 'NONE', #2633, #2330, #535, .T. ) ;
#219 = DATE_AND_TIME ( #187, #801 ) ;
#220 = ADVANCED_FACE ( 'NONE', ( #1206 ), #1511, .F. ) ;
#221 = LINE ( 'NONE', #1538, #1530 ) ;
#222 = CARTESIAN_POINT ( 'NONE',  ( 33.00000000000007816, -350.0000000000000000, -26.84171144931213604 ) ) ;
#223 = VECTOR ( 'NONE', #1413, 1000.000000000000000 ) ;
#224 = VECTOR ( 'NONE', #2225, 1000.000000000000000 ) ;
#225 = DIRECTION ( 'NONE',  ( -0.000000000000000000, 1.000000000000000000, -0.000000000000000000 ) ) ;
#226 = CIRCLE ( 'NONE', #2355, 5.049999999999998934 ) ;
#227 = APPROVAL ( #390, 'UNKNOWN' ) ;
#228 = CARTESIAN_POINT ( 'NONE',  ( 9.797174393178825736E-14, -800.0000000000000000, 279.9999999999999432 ) ) ;
#229 = PLANE ( 'NONE',  #2111 ) ;
#230 = LINE ( 'NONE', #174, #456 ) ;
#231 = ORIENTED_EDGE ( 'NONE', *, *, #69, .T. ) ;
#232 = ADVANCED_FACE ( 'NONE', ( #2492 ), #1202, .T. ) ;
#233 = EDGE_CURVE ( 'NONE', #1220, #1135, #388, .T. ) ;
#234 = CARTESIAN_POINT ( 'NONE',  ( 30.00000000000005329, -18.00000000000000000, -0.000000000000000000 ) ) ;
#235 = CARTESIAN_POINT ( 'NONE',  ( 30.00000000000009592, -760.0000000000000000, 702.4027832905732112 ) ) ;
#236 = EDGE_CURVE ( 'NONE', #203, #2520, #1786, .T. ) ;
#237 = ORIENTED_EDGE ( 'NONE', *, *, #1327, .F. ) ;
#238 =( NAMED_UNIT ( * ) SI_UNIT ( $, .STERADIAN. ) SOLID_ANGLE_UNIT ( ) );
#239 = AXIS2_PLACEMENT_3D ( 'NONE', #2453, #2064, #2171 ) ;
#240 = DIRECTION ( 'NONE',  ( -1.000000000000000000, 0.000000000000000000, -0.000000000000000000 ) ) ;
#241 = ORIENTED_EDGE ( 'NONE', *, *, #2556, .F. ) ;
#242 = DATE_AND_TIME ( #1976, #2572 ) ;
#243 = CARTESIAN_POINT ( 'NONE',  ( 0.000000000000000000, 0.000000000000000000, 300.0000000000000000 ) ) ;
#244 = ORIENTED_EDGE ( 'NONE', *, *, #856, .T. ) ;
#245 = VERTEX_POINT ( 'NONE', #2900 ) ;
#246 = SECURITY_CLASSIFICATION ( '', '', #377 ) ;
#247 = VERTEX_POINT ( 'NONE', #2185 ) ;
#248 = CARTESIAN_POINT ( 'NONE',  ( 33.00000000000007816, 300.0000000000000000, -26.84171144931213604 ) ) ;
#249 = DIRECTION ( 'NONE',  ( -0.000000000000000000, -0.000000000000000000, -1.000000000000000000 ) ) ;
#250 = APPROVAL_PERSON_ORGANIZATION ( #869, #1749, #2628 ) ;
#251 = EDGE_LOOP ( 'NONE', ( #2653, #1248, #1946, #2382, #2251, #1507, #951, #1266 ) ) ;
#252 = EDGE_CURVE ( 'NONE', #395, #2500, #575, .T. ) ;
#253 = DIRECTION ( 'NONE',  ( -1.000000000000000000, -0.000000000000000000, -0.000000000000000000 ) ) ;
#254 = CARTESIAN_POINT ( 'NONE',  ( 33.00000000000007105, 350.0000000000000000, 27.00000000000000711 ) ) ;
#255 = PLANE ( 'NONE',  #1670 ) ;
#256 = FACE_OUTER_BOUND ( 'NONE', #194, .T. ) ;
#257 = AXIS2_PLACEMENT_3D ( 'NONE', #2803, #63, #131 ) ;
#258 = VECTOR ( 'NONE', #2774, 1000.000000000000000 ) ;
#259 = CARTESIAN_POINT ( 'NONE',  ( -311.0813204887218717, 240.8928571428571388, -162.3999999999999773 ) ) ;
#260 = ORIENTED_EDGE ( 'NONE', *, *, #1262, .F. ) ;
#261 = ADVANCED_FACE ( 'NONE', ( #1901 ), #384, .T. ) ;
#262 = AXIS2_PLACEMENT_3D ( 'NONE', #501, #2785, #2316 ) ;
#263 = LINE ( 'NONE', #829, #2343 ) ;
#264 = VECTOR ( 'NONE', #2354, 1000.000000000000000 ) ;
#265 = EDGE_LOOP ( 'NONE', ( #858, #878, #2970, #1337 ) ) ;
#266 = DIRECTION ( 'NONE',  ( -2.065146995210486914E-16, -0.000000000000000000, -1.000000000000000000 ) ) ;
#267 = CARTESIAN_POINT ( 'NONE',  ( 7.979727989493312634E-14, 350.0000000000000000, 15.00000000000000000 ) ) ;
#268 = DIRECTION ( 'NONE',  ( 0.000000000000000000, 0.000000000000000000, -1.000000000000000000 ) ) ;
#269 = EDGE_LOOP ( 'NONE', ( #1788, #2120, #1722, #26 ) ) ;
#270 =( NAMED_UNIT ( * ) SI_UNIT ( $, .STERADIAN. ) SOLID_ANGLE_UNIT ( ) );
#271 = EDGE_CURVE ( 'NONE', #247, #505, #1170, .T. ) ;
#272 = DIRECTION ( 'NONE',  ( 0.000000000000000000, 0.000000000000000000, -1.000000000000000000 ) ) ;
#273 = VECTOR ( 'NONE', #1278, 1000.000000000000000 ) ;
#274 = CARTESIAN_POINT ( 'NONE',  ( 15.90000000000000036, -50.50000000000002842, 316.0000000000000000 ) ) ;
#275 = EDGE_LOOP ( 'NONE', ( #1099, #650, #2424, #1167 ) ) ;
#276 = EDGE_CURVE ( 'NONE', #2921, #432, #1359, .T. ) ;
#277 = ADVANCED_FACE ( 'NONE', ( #2780 ), #1756, .T. ) ;
#278 = DIRECTION ( 'NONE',  ( -1.460819769243627131E-16, 1.000000000000000000, -0.000000000000000000 ) ) ;
#279 = ORIENTED_EDGE ( 'NONE', *, *, #830, .T. ) ;
#280 = ORIENTED_EDGE ( 'NONE', *, *, #2465, .T. ) ;
#281 = AXIS2_PLACEMENT_3D ( 'NONE', #994, #92, #2585 ) ;
#282 = CARTESIAN_POINT ( 'NONE',  ( 432.0000000000001137, -760.0000000000000000, 702.4027832905732112 ) ) ;
#283 = VERTEX_POINT ( 'NONE', #1128 ) ;
#284 = DATE_AND_TIME ( #2878, #151 ) ;
#285 = EDGE_LOOP ( 'NONE', ( #795, #2193, #2006, #542 ) ) ;
#286 = CC_DESIGN_PERSON_AND_ORGANIZATION_ASSIGNMENT ( #111, #2157, ( #569 ) ) ;
#287 = COORDINATED_UNIVERSAL_TIME_OFFSET ( 8, 0, .AHEAD. ) ;
#288 = CARTESIAN_POINT ( 'NONE',  ( 15.90000000000000036, -100.0000000000000284, 316.0000000000000000 ) ) ;
#289 = DIRECTION ( 'NONE',  ( -0.000000000000000000, -1.000000000000000000, -0.000000000000000000 ) ) ;
#290 = DIRECTION ( 'NONE',  ( 0.000000000000000000, 1.000000000000000000, 0.000000000000000000 ) ) ;
#291 = EDGE_CURVE ( 'NONE', #1051, #2395, #2031, .T. ) ;
#292 = CIRCLE ( 'NONE', #2509, 6.500000000000005329 ) ;
#293 = PERSON_AND_ORGANIZATION_ROLE ( 'creator' ) ;
#294 = ADVANCED_FACE ( 'NONE', ( #674 ), #1351, .F. ) ;
#295 = CARTESIAN_POINT ( 'NONE',  ( 450.0000000000000000, 0.000000000000000000, 0.000000000000000000 ) ) ;
#296 = VECTOR ( 'NONE', #1654, 1000.000000000000000 ) ;
#297 = ORIENTED_EDGE ( 'NONE', *, *, #236, .T. ) ;
#298 = EDGE_CURVE ( 'NONE', #2824, #2257, #2638, .T. ) ;
#299 = VECTOR ( 'NONE', #2301, 1000.000000000000000 ) ;
#300 = ORIENTED_EDGE ( 'NONE', *, *, #1305, .F. ) ;
#301 = CARTESIAN_POINT ( 'NONE',  ( 15.90000000000005720, -398.5000000000000000, 22.40000000000000568 ) ) ;
#302 = LINE ( 'NONE', #1358, #2854 ) ;
#303 = AXIS2_PLACEMENT_3D ( 'NONE', #2501, #1130, #2527 ) ;
#304 = DIRECTION ( 'NONE',  ( -0.000000000000000000, 1.000000000000000000, -0.000000000000000000 ) ) ;
#305 = APPROVAL_ROLE ( '' ) ;
#306 = VECTOR ( 'NONE', #2423, 1000.000000000000000 ) ;
#307 = AXIS2_PLACEMENT_3D ( 'NONE', #490, #1186, #1398 ) ;
#308 = VECTOR ( 'NONE', #1869, 1000.000000000000000 ) ;
#309 = ORIENTED_EDGE ( 'NONE', *, *, #2894, .F. ) ;
#310 = ADVANCED_FACE ( 'NONE', ( #132 ), #2286, .T. ) ;
#311 = EDGE_CURVE ( 'NONE', #2017, #2539, #705, .T. ) ;
#312 = DIRECTION ( 'NONE',  ( -0.000000000000000000, 1.000000000000000000, -0.000000000000000000 ) ) ;
#313 = ORIENTED_EDGE ( 'NONE', *, *, #1236, .T. ) ;
#314 = CARTESIAN_POINT ( 'NONE',  ( 13.20000000000000639, -50.50000000000002842, 324.7999999999999545 ) ) ;
#315 = VERTEX_POINT ( 'NONE', #953 ) ;
#316 = PERSON_AND_ORGANIZATION_ROLE ( 'creator' ) ;
#317 = EDGE_CURVE ( 'NONE', #2073, #283, #2461, .T. ) ;
#318 = ORIENTED_EDGE ( 'NONE', *, *, #271, .F. ) ;
#319 = APPROVAL_DATE_TIME ( #716, #530 ) ;
#320 = CARTESIAN_POINT ( 'NONE',  ( 9.797174393178825736E-14, -800.0000000000000000, 0.000000000000000000 ) ) ;
#321 = DIRECTION ( 'NONE',  ( 0.000000000000000000, 0.000000000000000000, 1.000000000000000000 ) ) ;
#322 = DIRECTION ( 'NONE',  ( 0.000000000000000000, 0.000000000000000000, -1.000000000000000000 ) ) ;
#323 = CALENDAR_DATE ( 2026, 5, 6 ) ;
#324 = VERTEX_POINT ( 'NONE', #2071 ) ;
#325 = APPLICATION_CONTEXT ( 'configuration controlled 3d designs of mechanical parts and assemblies' ) ;
#326 = AXIS2_PLACEMENT_3D ( 'NONE', #1601, #455, #2050 ) ;
#327 = PLANE ( 'NONE',  #2584 ) ;
#328 = DATE_AND_TIME ( #867, #2658 ) ;
#329 = DIRECTION ( 'NONE',  ( 1.000000000000000000, 0.000000000000000000, 0.000000000000000000 ) ) ;
#330 = SHAPE_DEFINITION_REPRESENTATION ( #210, #1744 ) ;
#331 = CC_DESIGN_SECURITY_CLASSIFICATION ( #591, ( #2976 ) ) ;
#332 = DIRECTION ( 'NONE',  ( 0.000000000000000000, 0.000000000000000000, 1.000000000000000000 ) ) ;
#333 = DIRECTION ( 'NONE',  ( -0.000000000000000000, -0.000000000000000000, 1.000000000000000000 ) ) ;
#334 = CARTESIAN_POINT ( 'NONE',  ( 450.0000000000001137, -777.9999999999998863, 300.0000000000000000 ) ) ;
#335 = VECTOR ( 'NONE', #2452, 1000.000000000000000 ) ;
#336 = EDGE_CURVE ( 'NONE', #1366, #791, #1898, .T. ) ;
#337 = LINE ( 'NONE', #282, #1636 ) ;
#338 = APPROVAL_ROLE ( '' ) ;
#339 = DIRECTION ( 'NONE',  ( 0.000000000000000000, -0.000000000000000000, -1.000000000000000000 ) ) ;
#340 = AXIS2_PLACEMENT_3D ( 'NONE', #1445, #1931, #1673 ) ;
#341 = LINE ( 'NONE', #2514, #258 ) ;
#342 = ORIENTED_EDGE ( 'NONE', *, *, #931, .T. ) ;
#343 = LINE ( 'NONE', #1039, #2632 ) ;
#344 = DIRECTION ( 'NONE',  ( 1.000000000000000000, 0.000000000000000000, 0.000000000000000000 ) ) ;
#345 = CARTESIAN_POINT ( 'NONE',  ( 450.0000000000001137, -400.0000000000000000, 30.00000000000000000 ) ) ;
#346 = LINE ( 'NONE', #1193, #784 ) ;
#347 = VERTEX_POINT ( 'NONE', #1641 ) ;
#348 = CC_DESIGN_APPROVAL ( #195, ( #569 ) ) ;
#349 = ADVANCED_FACE ( 'NONE', ( #1035 ), #1816, .F. ) ;
#350 = EDGE_CURVE ( 'NONE', #1256, #1397, #788, .T. ) ;
#351 = CARTESIAN_POINT ( 'NONE',  ( 5.200000000000006395, -749.5000000000000000, 316.7999999999999545 ) ) ;
#352 = CARTESIAN_POINT ( 'NONE',  ( 33.00000000000007105, -350.0000000000000000, 27.00000000000000711 ) ) ;
#353 = ORIENTED_EDGE ( 'NONE', *, *, #1953, .F. ) ;
#354 = ORIENTED_EDGE ( 'NONE', *, *, #2405, .T. ) ;
#355 = CARTESIAN_POINT ( 'NONE',  ( 432.0000000000000000, -18.00000000000000000, 300.0000000000000000 ) ) ;
#356 = ORIENTED_EDGE ( 'NONE', *, *, #50, .T. ) ;
#357 = VERTEX_POINT ( 'NONE', #2778 ) ;
#358 = CALENDAR_DATE ( 2026, 5, 6 ) ;
#359 = ORIENTED_EDGE ( 'NONE', *, *, #1, .F. ) ;
#360 = DIRECTION ( 'NONE',  ( 0.000000000000000000, 0.000000000000000000, -1.000000000000000000 ) ) ;
#361 = VERTEX_POINT ( 'NONE', #52 ) ;
#362 = AXIS2_PLACEMENT_3D ( 'NONE', #675, #2950, #1652 ) ;
#363 = PERSON_AND_ORGANIZATION ( #459, #1492 ) ;
#364 = EDGE_LOOP ( 'NONE', ( #1916, #2899, #599, #1616 ) ) ;
#365 = DIRECTION ( 'NONE',  ( -1.000000000000000000, 0.000000000000000000, -1.137523590804461357E-16 ) ) ;
#366 = CARTESIAN_POINT ( 'NONE',  ( 0.000000000000000000, 0.000000000000000000, -1.500000000000000000 ) ) ;
#367 = ADVANCED_FACE ( 'NONE', ( #425 ), #2766, .F. ) ;
#368 = PERSON_AND_ORGANIZATION_ROLE ( 'design_supplier' ) ;
#369 = DIRECTION ( 'NONE',  ( -0.000000000000000000, 1.000000000000000000, -0.000000000000000000 ) ) ;
#370 = FACE_OUTER_BOUND ( 'NONE', #1163, .T. ) ;
#371 = LINE ( 'NONE', #2965, #1017 ) ;
#372 = DIRECTION ( 'NONE',  ( 0.000000000000000000, 1.000000000000000000, -0.000000000000000000 ) ) ;
#373 = CARTESIAN_POINT ( 'NONE',  ( 5.200000000000002842, -749.5000000000000000, 300.0000000000000000 ) ) ;
#374 = DIRECTION ( 'NONE',  ( 0.000000000000000000, 0.000000000000000000, 1.000000000000000000 ) ) ;
#375 = FACE_BOUND ( 'NONE', #1942, .T. ) ;
#376 = EDGE_CURVE ( 'NONE', #541, #2462, #2777, .T. ) ;
#377 = SECURITY_CLASSIFICATION_LEVEL ( 'unclassified' ) ;
#378 = FACE_BOUND ( 'NONE', #2247, .T. ) ;
#379 = CARTESIAN_POINT ( 'NONE',  ( 33.00000000000007816, 350.0000000000000000, -26.84171144931213604 ) ) ;
#380 = ORIENTED_EDGE ( 'NONE', *, *, #1242, .T. ) ;
#381 = LINE ( 'NONE', #1036, #2813 ) ;
#382 = ORIENTED_EDGE ( 'NONE', *, *, #1508, .T. ) ;
#383 = DIRECTION ( 'NONE',  ( 0.000000000000000000, 1.000000000000000000, 0.000000000000000000 ) ) ;
#384 = PLANE ( 'NONE',  #1526 ) ;
#385 = LINE ( 'NONE', #1807, #2458 ) ;
#386 = CARTESIAN_POINT ( 'NONE',  ( 15.90000000000000036, -100.0000000000000284, 321.0500000000000114 ) ) ;
#387 = AXIS2_PLACEMENT_3D ( 'NONE', #2533, #2555, #2788 ) ;
#388 = LINE ( 'NONE', #610, #2220 ) ;
#389 = VERTEX_POINT ( 'NONE', #988 ) ;
#390 = APPROVAL_STATUS ( 'not_yet_approved' ) ;
#391 = DIRECTION ( 'NONE',  ( 1.387778780781445676E-16, -1.000000000000000000, 0.000000000000000000 ) ) ;
#392 = ORIENTED_EDGE ( 'NONE', *, *, #1236, .F. ) ;
#393 = ORIENTED_EDGE ( 'NONE', *, *, #2188, .T. ) ;
#394 = DIRECTION ( 'NONE',  ( 0.000000000000000000, 0.000000000000000000, -1.000000000000000000 ) ) ;
#395 = VERTEX_POINT ( 'NONE', #1705 ) ;
#396 = EDGE_CURVE ( 'NONE', #2401, #897, #1247, .T. ) ;
#397 = ORIENTED_EDGE ( 'NONE', *, *, #931, .F. ) ;
#398 = DIRECTION ( 'NONE',  ( 0.000000000000000000, 1.000000000000000000, 0.000000000000000000 ) ) ;
#399 = DIRECTION ( 'NONE',  ( -1.232566680299310330E-16, 1.000000000000000000, 0.000000000000000000 ) ) ;
#400 = ORIENTED_EDGE ( 'NONE', *, *, #2202, .F. ) ;
#401 = ORIENTED_EDGE ( 'NONE', *, *, #2787, .T. ) ;
#402 = PLANE ( 'NONE',  #2475 ) ;
#403 = DIRECTION ( 'NONE',  ( 0.000000000000000000, 0.000000000000000000, 1.000000000000000000 ) ) ;
#404 = APPROVAL_DATE_TIME ( #2365, #2402 ) ;
#405 = EDGE_LOOP ( 'NONE', ( #1302, #1797, #39, #189 ) ) ;
#406 = COORDINATED_UNIVERSAL_TIME_OFFSET ( 8, 0, .AHEAD. ) ;
#407 = AXIS2_PLACEMENT_3D ( 'NONE', #1016, #2614, #344 ) ;
#408 = PLANE ( 'NONE',  #2090 ) ;
#409 = APPROVAL_DATE_TIME ( #1015, #1749 ) ;
#410 = CARTESIAN_POINT ( 'NONE',  ( 30.00000000000001066, -700.0000000000000000, 316.7999999999999545 ) ) ;
#411 = PRODUCT_DEFINITION_SHAPE ( 'NONE', 'NONE',  #569 ) ;
#412 = VECTOR ( 'NONE', #1387, 1000.000000000000000 ) ;
#413 = CC_DESIGN_SECURITY_CLASSIFICATION ( #246, ( #42 ) ) ;
#414 = DIRECTION ( 'NONE',  ( -0.000000000000000000, -1.000000000000000000, -0.000000000000000000 ) ) ;
#415 = VECTOR ( 'NONE', #2619, 1000.000000000000000 ) ;
#416 = CIRCLE ( 'NONE', #2235, 5.049999999999998934 ) ;
#417 = CARTESIAN_POINT ( 'NONE',  ( 15.90000000000000036, -50.50000000000002842, 310.9499999999999886 ) ) ;
#418 = CARTESIAN_POINT ( 'NONE',  ( 0.000000000000000000, 0.000000000000000000, 300.0000000000000000 ) ) ;
#419 = EDGE_CURVE ( 'NONE', #217, #1943, #572, .T. ) ;
#420 = CARTESIAN_POINT ( 'NONE',  ( 22.00000000000000711, -100.0000000000000284, 316.7999999999999545 ) ) ;
#421 = LINE ( 'NONE', #1934, #2522 ) ;
#422 = ORIENTED_EDGE ( 'NONE', *, *, #252, .T. ) ;
#423 = EDGE_CURVE ( 'NONE', #247, #2874, #672, .T. ) ;
#424 = ADVANCED_FACE ( 'NONE', ( #606 ), #2906, .F. ) ;
#425 = FACE_OUTER_BOUND ( 'NONE', #1560, .T. ) ;
#426 = CARTESIAN_POINT ( 'NONE',  ( 33.00000000000007105, -350.0000000000000000, 27.00000000000000711 ) ) ;
#427 = VECTOR ( 'NONE', #266, 1000.000000000000000 ) ;
#428 = ADVANCED_FACE ( 'NONE', ( #1742 ), #2438, .F. ) ;
#429 = CC_DESIGN_PERSON_AND_ORGANIZATION_ASSIGNMENT ( #1084, #2841, ( #2629 ) ) ;
#430 = DIRECTION ( 'NONE',  ( -1.288758049684149971E-16, 0.000000000000000000, 1.000000000000000000 ) ) ;
#431 = VERTEX_POINT ( 'NONE', #2002 ) ;
#432 = VERTEX_POINT ( 'NONE', #635 ) ;
#433 = ORIENTED_EDGE ( 'NONE', *, *, #2747, .F. ) ;
#434 = ORIENTED_EDGE ( 'NONE', *, *, #126, .F. ) ;
#435 = EDGE_CURVE ( 'NONE', #2607, #1721, #2856, .T. ) ;
#436 = DATE_AND_TIME ( #1522, #2263 ) ;
#437 = VERTEX_POINT ( 'NONE', #1563 ) ;
#438 = DIRECTION ( 'NONE',  ( 1.000000000000000000, -0.000000000000000000, -0.000000000000000000 ) ) ;
#439 = ORIENTED_EDGE ( 'NONE', *, *, #2168, .T. ) ;
#440 = CALENDAR_DATE ( 2026, 5, 6 ) ;
#441 = ORIENTED_EDGE ( 'NONE', *, *, #699, .T. ) ;
#442 = AXIS2_PLACEMENT_3D ( 'NONE', #2371, #2587, #1487 ) ;
#443 = DIRECTION ( 'NONE',  ( 1.000000000000000000, 0.000000000000000000, 0.000000000000000000 ) ) ;
#444 = DIRECTION ( 'NONE',  ( 0.000000000000000000, 0.000000000000000000, -1.000000000000000000 ) ) ;
#445 = LINE ( 'NONE', #1746, #1347 ) ;
#446 = ORIENTED_EDGE ( 'NONE', *, *, #2459, .T. ) ;
#447 = FACE_OUTER_BOUND ( 'NONE', #586, .T. ) ;
#448 = PRODUCT_DEFINITION_FORMATION_WITH_SPECIFIED_SOURCE ( '任何', '', #686, .NOT_KNOWN. ) ;
#449 = CARTESIAN_POINT ( 'NONE',  ( 15.90000000000005720, 398.5000000000000568, 15.90000000000000036 ) ) ;
#450 = VECTOR ( 'NONE', #2969, 1000.000000000000000 ) ;
#451 = DIRECTION ( 'NONE',  ( 1.000000000000000000, -1.460819769243627131E-16, 0.000000000000000000 ) ) ;
#452 = LINE ( 'NONE', #417, #1199 ) ;
#453 = ADVANCED_FACE ( 'NONE', ( #2387 ), #2105, .T. ) ;
#454 = EDGE_CURVE ( 'NONE', #2257, #789, #1166, .T. ) ;
#455 = DIRECTION ( 'NONE',  ( -0.000000000000000000, -1.000000000000000000, -0.000000000000000000 ) ) ;
#456 = VECTOR ( 'NONE', #438, 1000.000000000000000 ) ;
#457 = EDGE_LOOP ( 'NONE', ( #1767, #1025 ) ) ;
#458 = CARTESIAN_POINT ( 'NONE',  ( 22.00000000000000711, -749.5000000000000000, 324.7999999999999545 ) ) ;
#459 = PERSON ( '未指定', '未指定', '未指定', ('未指定'), ('未指定'), ('未指定') ) ;
#460 = VECTOR ( 'NONE', #1839, 1000.000000000000000 ) ;
#461 = DIRECTION ( 'NONE',  ( -1.000000000000000000, 0.000000000000000000, -1.288758049684149971E-16 ) ) ;
#462 = VECTOR ( 'NONE', #1741, 1000.000000000000000 ) ;
#463 = AXIS2_PLACEMENT_3D ( 'NONE', #1832, #304, #785 ) ;
#464 = EDGE_LOOP ( 'NONE', ( #2940, #215, #2707, #1864 ) ) ;
#465 = AXIS2_PLACEMENT_3D ( 'NONE', #1073, #1307, #850 ) ;
#466 = VERTEX_POINT ( 'NONE', #2491 ) ;
#467 = VERTEX_POINT ( 'NONE', #212 ) ;
#468 = CARTESIAN_POINT ( 'NONE',  ( 0.000000000000000000, 0.000000000000000000, 0.000000000000000000 ) ) ;
#469 = PLANE ( 'NONE',  #1634 ) ;
#470 = ORIENTED_EDGE ( 'NONE', *, *, #1175, .T. ) ;
#471 = EDGE_CURVE ( 'NONE', #1584, #681, #1204, .T. ) ;
#472 = ORIENTED_EDGE ( 'NONE', *, *, #88, .T. ) ;
#473 = CARTESIAN_POINT ( 'NONE',  ( 15.90000000000000036, -700.0000000000000000, 316.0000000000000000 ) ) ;
#474 = PERSON_AND_ORGANIZATION ( #459, #1492 ) ;
#475 = ORIENTED_EDGE ( 'NONE', *, *, #376, .T. ) ;
#476 = LOCAL_TIME ( 8, 55, 59.00000000000000000, #41 ) ;
#477 = DIRECTION ( 'NONE',  ( -0.000000000000000000, -0.000000000000000000, -1.000000000000000000 ) ) ;
#478 = PERSON_AND_ORGANIZATION ( #459, #1492 ) ;
#479 = CARTESIAN_POINT ( 'NONE',  ( 432.0000000000001137, -387.0000000000000000, 702.4027832905732112 ) ) ;
#480 = LINE ( 'NONE', #2109, #2054 ) ;
#481 = APPLICATION_CONTEXT ( 'configuration controlled 3d designs of mechanical parts and assemblies' ) ;
#482 = DIRECTION ( 'NONE',  ( 0.000000000000000000, 1.000000000000000000, 0.000000000000000000 ) ) ;
#483 = CYLINDRICAL_SURFACE ( 'NONE', #13, 5.000000000000000888 ) ;
#484 = AXIS2_PLACEMENT_3D ( 'NONE', #1470, #556, #339 ) ;
#485 = DIRECTION ( 'NONE',  ( 0.000000000000000000, 1.000000000000000000, -0.000000000000000000 ) ) ;
#486 = VECTOR ( 'NONE', #2229, 1000.000000000000000 ) ;
#487 = CC_DESIGN_DATE_AND_TIME_ASSIGNMENT ( #242, #2446, ( #1471 ) ) ;
#488 = CARTESIAN_POINT ( 'NONE',  ( 432.0000000000000000, -18.00000000000000000, 300.0000000000000000 ) ) ;
#489 = CYLINDRICAL_SURFACE ( 'NONE', #2735, 6.500000000000005329 ) ;
#490 = CARTESIAN_POINT ( 'NONE',  ( 0.000000000000000000, 0.000000000000000000, 0.000000000000000000 ) ) ;
#491 = EDGE_CURVE ( 'NONE', #2122, #2948, #385, .T. ) ;
#492 = DIRECTION ( 'NONE',  ( 0.000000000000000000, 0.000000000000000000, 1.000000000000000000 ) ) ;
#493 = FACE_OUTER_BOUND ( 'NONE', #2477, .T. ) ;
#494 = CARTESIAN_POINT ( 'NONE',  ( 7.961735002956730495E-14, 400.0000000000000000, 0.000000000000000000 ) ) ;
#495 = AXIS2_PLACEMENT_3D ( 'NONE', #2298, #924, #1683 ) ;
#496 = ADVANCED_FACE ( 'NONE', ( #2738 ), #229, .F. ) ;
#497 = DIRECTION ( 'NONE',  ( 1.000000000000000000, 0.000000000000000000, -0.000000000000000000 ) ) ;
#498 = CARTESIAN_POINT ( 'NONE',  ( 15.90000000000005720, 300.0000000000000568, 15.90000000000000036 ) ) ;
#499 = DIRECTION ( 'NONE',  ( 1.000000000000000000, -0.000000000000000000, -0.000000000000000000 ) ) ;
#500 = CARTESIAN_POINT ( 'NONE',  ( 15.90000000000005720, 398.5000000000000000, 15.90000000000000036 ) ) ;
#501 = CARTESIAN_POINT ( 'NONE',  ( -297.7500525493147165, -159.3571428571428896, 131.2612082779554612 ) ) ;
#502 = AXIS2_PLACEMENT_3D ( 'NONE', #1798, #2066, #1354 ) ;
#503 = ORIENTED_EDGE ( 'NONE', *, *, #107, .F. ) ;
#504 = ORIENTED_EDGE ( 'NONE', *, *, #1322, .F. ) ;
#505 = VERTEX_POINT ( 'NONE', #1618 ) ;
#506 = PRODUCT_DEFINITION_SHAPE ( 'NONE', 'NONE',  #2975 ) ;
#507 = EDGE_LOOP ( 'NONE', ( #2793, #1518, #1974, #2879, #579, #1777 ) ) ;
#508 = CC_DESIGN_APPROVAL ( #1533, ( #710 ) ) ;
#509 = ITEM_DEFINED_TRANSFORMATION ( 'NONE', 'NONE', #1042,  #1696 ) ;
#510 = EDGE_LOOP ( 'NONE', ( #1651, #2554, #1075, #61 ) ) ;
#511 = EDGE_CURVE ( 'NONE', #865, #995, #1129, .T. ) ;
#512 = APPROVAL_DATE_TIME ( #2266, #2440 ) ;
#513 = VERTEX_POINT ( 'NONE', #1592 ) ;
#514 = DIRECTION ( 'NONE',  ( 0.000000000000000000, 0.000000000000000000, 1.000000000000000000 ) ) ;
#515 = ADVANCED_FACE ( 'NONE', ( #168 ), #469, .T. ) ;
#516 = DIRECTION ( 'NONE',  ( -1.000000000000000000, 0.000000000000000000, 0.000000000000000000 ) ) ;
#517 = EDGE_CURVE ( 'NONE', #2613, #389, #2817, .T. ) ;
#518 = LINE ( 'NONE', #314, #1269 ) ;
#519 = PLANE ( 'NONE',  #495 ) ;
#520 = PLANE ( 'NONE',  #773 ) ;
#521 = CYLINDRICAL_SURFACE ( 'NONE', #208, 8.000000000000007105 ) ;
#522 = CIRCLE ( 'NONE', #748, 4.000000000000017764 ) ;
#523 = CC_DESIGN_PERSON_AND_ORGANIZATION_ASSIGNMENT ( #1528, #1694, ( #1140 ) ) ;
#524 = VECTOR ( 'NONE', #1585, 1000.000000000000000 ) ;
#525 = VERTEX_POINT ( 'NONE', #1124 ) ;
#526 = DIRECTION ( 'NONE',  ( -1.000000000000000000, -1.224646799147353207E-16, 0.000000000000000000 ) ) ;
#527 = VECTOR ( 'NONE', #399, 1000.000000000000000 ) ;
#528 = PLANE ( 'NONE',  #2392 ) ;
#529 = DIRECTION ( 'NONE',  ( -1.000000000000000000, -0.000000000000000000, -0.000000000000000000 ) ) ;
#530 = APPROVAL ( #2637, 'UNKNOWN' ) ;
#531 = CARTESIAN_POINT ( 'NONE',  ( 15.90000000000005720, 400.0000000000000000, 15.90000000000000036 ) ) ;
#532 = CYLINDRICAL_SURFACE ( 'NONE', #2967, 6.450000000000001066 ) ;
#533 = APPROVAL_STATUS ( 'not_yet_approved' ) ;
#534 = EDGE_CURVE ( 'NONE', #182, #2182, #1930, .T. ) ;
#535 = CIRCLE ( 'NONE', #2773, 6.500000000000005329 ) ;
#536 = DIRECTION ( 'NONE',  ( 0.000000000000000000, 1.000000000000000000, 0.000000000000000000 ) ) ;
#537 = DIRECTION ( 'NONE',  ( -0.000000000000000000, -1.000000000000000000, -0.000000000000000000 ) ) ;
#538 = CARTESIAN_POINT ( 'NONE',  ( 22.00000000000000711, -50.50000000000002842, 316.7999999999999545 ) ) ;
#539 = DIRECTION ( 'NONE',  ( -0.000000000000000000, -1.000000000000000000, -0.000000000000000000 ) ) ;
#540 = ORIENTED_EDGE ( 'NONE', *, *, #1917, .T. ) ;
#541 = VERTEX_POINT ( 'NONE', #918 ) ;
#542 = ORIENTED_EDGE ( 'NONE', *, *, #682, .F. ) ;
#543 = APPLICATION_PROTOCOL_DEFINITION ( 'international standard', 'config_control_design', 1994, #1468 ) ;
#544 = ADVANCED_FACE ( 'NONE', ( #2250 ), #1997, .F. ) ;
#545 = EDGE_LOOP ( 'NONE', ( #886, #1296, #1260, #922 ) ) ;
#546 = PERSON_AND_ORGANIZATION ( #459, #1492 ) ;
#547 = ORIENTED_EDGE ( 'NONE', *, *, #2344, .T. ) ;
#548 = CARTESIAN_POINT ( 'NONE',  ( -0.000000000000000000, 300.0000000000000000, 0.000000000000000000 ) ) ;
#549 = CALENDAR_DATE ( 2026, 5, 6 ) ;
#550 = DIRECTION ( 'NONE',  ( -0.000000000000000000, 1.000000000000000000, -0.000000000000000000 ) ) ;
#551 = DIRECTION ( 'NONE',  ( 0.000000000000000000, 0.000000000000000000, -1.000000000000000000 ) ) ;
#552 = ADVANCED_FACE ( 'NONE', ( #2143, #921 ), #1599, .F. ) ;
#553 = EDGE_CURVE ( 'NONE', #684, #245, #2217, .T. ) ;
#554 = ORIENTED_EDGE ( 'NONE', *, *, #233, .T. ) ;
#555 = SECURITY_CLASSIFICATION_LEVEL ( 'unclassified' ) ;
#556 = DIRECTION ( 'NONE',  ( 0.000000000000000000, -1.000000000000000000, 0.000000000000000000 ) ) ;
#557 = LINE ( 'NONE', #907, #412 ) ;
#558 = PLANE ( 'NONE',  #2861 ) ;
#559 = CARTESIAN_POINT ( 'NONE',  ( 0.000000000000000000, 0.000000000000000000, 0.000000000000000000 ) ) ;
#560 = FACE_OUTER_BOUND ( 'NONE', #2487, .T. ) ;
#561 = ADVANCED_FACE ( 'NONE', ( #2600 ), #1799, .F. ) ;
#562 = CARTESIAN_POINT ( 'NONE',  ( 0.000000000000000000, 0.000000000000000000, 0.000000000000000000 ) ) ;
#563 = DIRECTION ( 'NONE',  ( -0.000000000000000000, -1.000000000000000000, -0.000000000000000000 ) ) ;
#564 = VECTOR ( 'NONE', #1126, 1000.000000000000000 ) ;
#565 = EDGE_LOOP ( 'NONE', ( #2358, #446, #2630, #2904 ) ) ;
#566 = APPROVAL_ROLE ( '' ) ;
#567 = FACE_OUTER_BOUND ( 'NONE', #2213, .T. ) ;
#568 = ORIENTED_EDGE ( 'NONE', *, *, #2363, .T. ) ;
#569 = PRODUCT_DEFINITION ( '未知', '', #448, #2190 ) ;
#570 = VECTOR ( 'NONE', #2529, 1000.000000000000000 ) ;
#571 = CARTESIAN_POINT ( 'NONE',  ( 30.00000000000000000, -387.0000000000000000, 20.00000000000000000 ) ) ;
#572 = LINE ( 'NONE', #73, #2933 ) ;
#573 = DIRECTION ( 'NONE',  ( -1.288758049684149971E-16, 0.000000000000000000, 1.000000000000000000 ) ) ;
#574 = CARTESIAN_POINT ( 'NONE',  ( 30.00000000000005329, -18.00000000000000000, 2.000000000000000000 ) ) ;
#575 = LINE ( 'NONE', #1259, #1546 ) ;
#576 = DATE_TIME_ROLE ( 'creation_date' ) ;
#577 = EDGE_CURVE ( 'NONE', #347, #525, #1644, .T. ) ;
#578 = ORIENTED_EDGE ( 'NONE', *, *, #2551, .T. ) ;
#579 = ORIENTED_EDGE ( 'NONE', *, *, #2831, .F. ) ;
#580 = EDGE_LOOP ( 'NONE', ( #1040, #2616, #2910, #2468 ) ) ;
#581 = AXIS2_PLACEMENT_3D ( 'NONE', #2508, #1383, #1837 ) ;
#582 = ORIENTED_EDGE ( 'NONE', *, *, #2936, .F. ) ;
#583 = DIRECTION ( 'NONE',  ( -0.000000000000000000, -0.000000000000000000, -1.000000000000000000 ) ) ;
#584 = DIRECTION ( 'NONE',  ( -0.000000000000000000, -0.000000000000000000, 1.000000000000000000 ) ) ;
#585 = COORDINATED_UNIVERSAL_TIME_OFFSET ( 8, 0, .AHEAD. ) ;
#586 = EDGE_LOOP ( 'NONE', ( #2223, #392, #1754, #2678 ) ) ;
#587 = PERSON_AND_ORGANIZATION_ROLE ( 'classification_officer' ) ;
#588 = AXIS2_PLACEMENT_3D ( 'NONE', #2827, #2603, #1944 ) ;
#589 = PERSON_AND_ORGANIZATION ( #459, #1492 ) ;
#590 = CARTESIAN_POINT ( 'NONE',  ( 15.90000000000000036, -749.5000000000000000, 310.9499999999999886 ) ) ;
#591 = SECURITY_CLASSIFICATION ( '', '', #1271 ) ;
#592 = CARTESIAN_POINT ( 'NONE',  ( 15.90000000000000036, -749.5000000000000000, 316.0000000000000000 ) ) ;
#593 = CARTESIAN_POINT ( 'NONE',  ( 30.00000000000001421, -369.0000000000000000, 20.00000000000000000 ) ) ;
#594 = CYLINDRICAL_SURFACE ( 'NONE', #2822, 15.00000000000000000 ) ;
#595 = DIRECTION ( 'NONE',  ( 0.000000000000000000, 0.000000000000000000, -1.000000000000000000 ) ) ;
#596 = CYLINDRICAL_SURFACE ( 'NONE', #1233, 5.000000000000000000 ) ;
#597 = DIRECTION ( 'NONE',  ( 0.000000000000000000, 0.000000000000000000, 1.000000000000000000 ) ) ;
#598 = VECTOR ( 'NONE', #2274, 1000.000000000000000 ) ;
#599 = ORIENTED_EDGE ( 'NONE', *, *, #1461, .T. ) ;
#600 = VECTOR ( 'NONE', #793, 1000.000000000000000 ) ;
#601 = CARTESIAN_POINT ( 'NONE',  ( -5.000000000000000000, 0.000000000000000000, 120.0000000000000000 ) ) ;
#602 = DIRECTION ( 'NONE',  ( 0.000000000000000000, -1.000000000000000000, 0.000000000000000000 ) ) ;
#603 = VECTOR ( 'NONE', #1802, 1000.000000000000000 ) ;
#604 = ORIENTED_EDGE ( 'NONE', *, *, #2241, .T. ) ;
#605 = PRODUCT_DEFINITION_SHAPE ( 'NONE', 'NONE',  #2977 ) ;
#606 = FACE_OUTER_BOUND ( 'NONE', #2366, .T. ) ;
#607 = SECURITY_CLASSIFICATION ( '', '', #555 ) ;
#608 = CIRCLE ( 'NONE', #1420, 6.450000000000001066 ) ;
#609 = EDGE_CURVE ( 'NONE', #182, #203, #2283, .T. ) ;
#610 = CARTESIAN_POINT ( 'NONE',  ( 22.00000000000000711, -50.50000000000002842, 324.7999999999999545 ) ) ;
#611 = CARTESIAN_POINT ( 'NONE',  ( 30.00000000000005329, -18.00000000000000000, 2.000000000000000000 ) ) ;
#612 = ORIENTED_EDGE ( 'NONE', *, *, #511, .F. ) ;
#613 = EDGE_CURVE ( 'NONE', #708, #2040, #2183, .T. ) ;
#614 = CARTESIAN_POINT ( 'NONE',  ( 22.00000000000000711, -700.0000000000000000, 324.7999999999999545 ) ) ;
#615 = ORIENTED_EDGE ( 'NONE', *, *, #2142, .T. ) ;
#616 = ORIENTED_EDGE ( 'NONE', *, *, #2292, .T. ) ;
#617 = ORIENTED_EDGE ( 'NONE', *, *, #1953, .T. ) ;
#618 = ORIENTED_EDGE ( 'NONE', *, *, #1855, .T. ) ;
#619 = ORIENTED_EDGE ( 'NONE', *, *, #910, .T. ) ;
#620 = AXIS2_PLACEMENT_3D ( 'NONE', #45, #537, #2794 ) ;
#621 = PERSON_AND_ORGANIZATION ( #459, #1492 ) ;
#622 = EDGE_LOOP ( 'NONE', ( #54, #805, #2326, #1207, #2043, #2687, #2297, #2573, #260, #1755, #1011, #2267 ) ) ;
#623 = COORDINATED_UNIVERSAL_TIME_OFFSET ( 8, 0, .AHEAD. ) ;
#624 = AXIS2_PLACEMENT_3D ( 'NONE', #2364, #2848, #1711 ) ;
#625 = SHAPE_REPRESENTATION_RELATIONSHIP ( 'NONE' , 'NONE' ,  #1744, #862 ) ;
#626 = EDGE_CURVE ( 'NONE', #791, #2257, #98, .T. ) ;
#627 = DIRECTION ( 'NONE',  ( 0.000000000000000000, 0.000000000000000000, 1.000000000000000000 ) ) ;
#628 = FACE_OUTER_BOUND ( 'NONE', #565, .T. ) ;
#629 = CARTESIAN_POINT ( 'NONE',  ( 30.00000000000001066, -100.0000000000000284, 316.7999999999999545 ) ) ;
#630 = CARTESIAN_POINT ( 'NONE',  ( 432.0000000000001137, -760.0000000000000000, 300.0000000000000000 ) ) ;
#631 = FACE_OUTER_BOUND ( 'NONE', #2325, .T. ) ;
#632 = EDGE_CURVE ( 'NONE', #1295, #2539, #1543, .T. ) ;
#633 = PLANE ( 'NONE',  #362 ) ;
#634 = CIRCLE ( 'NONE', #326, 15.00000000000000000 ) ;
#635 = CARTESIAN_POINT ( 'NONE',  ( -5.000000000000000000, 0.000000000000000000, 0.000000000000000000 ) ) ;
#636 = CIRCLE ( 'NONE', #1841, 5.000000000000000888 ) ;
#637 = ORIENTED_EDGE ( 'NONE', *, *, #913, .F. ) ;
#638 = FACE_OUTER_BOUND ( 'NONE', #1482, .T. ) ;
#639 = ORIENTED_EDGE ( 'NONE', *, *, #1668, .T. ) ;
#640 = CARTESIAN_POINT ( 'NONE',  ( 30.00000000000000355, -18.00000000000000000, 20.00000000000001776 ) ) ;
#641 = EDGE_LOOP ( 'NONE', ( #2291, #1486 ) ) ;
#642 = CC_DESIGN_APPROVAL ( #530, ( #1471 ) ) ;
#643 = UNCERTAINTY_MEASURE_WITH_UNIT (LENGTH_MEASURE( 1.000000000000000082E-05 ), #2308, 'distance_accuracy_value', 'NONE');
#644 = CLOSED_SHELL ( 'NONE', ( #2103, #349, #220, #1208, #2559, #950, #2167, #74, #2368, #1697, #769, #2676, #1672, #2661, #1102, #2737, #2151, #1231, #515, #1879, #2110, #2025, #424, #993, #1833, #649, #1464, #1403, #1452 ) ) ;
#645 = EDGE_CURVE ( 'NONE', #681, #35, #17, .T. ) ;
#646 = VERTEX_POINT ( 'NONE', #1424 ) ;
#647 = CARTESIAN_POINT ( 'NONE',  ( 0.000000000000000000, 0.000000000000000000, -1.500000000000000000 ) ) ;
#648 = ORIENTED_EDGE ( 'NONE', *, *, #1137, .F. ) ;
#649 = ADVANCED_FACE ( 'NONE', ( #2673, #1031 ), #32, .T. ) ;
#650 = ORIENTED_EDGE ( 'NONE', *, *, #183, .T. ) ;
#651 = EDGE_CURVE ( 'NONE', #18, #2232, #2028, .T. ) ;
#652 = ORIENTED_EDGE ( 'NONE', *, *, #1752, .F. ) ;
#653 = DIRECTION ( 'NONE',  ( -1.460819769243627131E-16, -1.000000000000000000, 0.000000000000000000 ) ) ;
#654 = PERSON_AND_ORGANIZATION ( #459, #1492 ) ;
#655 = AXIS2_PLACEMENT_3D ( 'NONE', #1648, #482, #2545 ) ;
#656 = CARTESIAN_POINT ( 'NONE',  ( -5.000000000000000000, 0.000000000000000000, 119.0000000000000142 ) ) ;
#657 = FACE_OUTER_BOUND ( 'NONE', #2469, .T. ) ;
#658 = APPROVAL ( #2852, '未指定' ) ;
#659 = VECTOR ( 'NONE', #2942, 1000.000000000000000 ) ;
#660 = CARTESIAN_POINT ( 'NONE',  ( 432.0000000000000000, -18.00000000000000000, 300.0000000000000000 ) ) ;
#661 = VECTOR ( 'NONE', #653, 1000.000000000000000 ) ;
#662 = CARTESIAN_POINT ( 'NONE',  ( 15.90000000000005720, -506.0000000000004547, 10.90000000000000036 ) ) ;
#663 = CARTESIAN_POINT ( 'NONE',  ( 0.000000000000000000, 0.000000000000000000, -1.500000000000000000 ) ) ;
#664 = DIRECTION ( 'NONE',  ( 0.000000000000000000, 0.000000000000000000, -1.000000000000000000 ) ) ;
#665 = EDGE_CURVE ( 'NONE', #2613, #18, #851, .T. ) ;
#666 = LINE ( 'NONE', #2591, #1463 ) ;
#667 = CARTESIAN_POINT ( 'NONE',  ( 0.000000000000000000, 0.000000000000000000, -1.500000000000000000 ) ) ;
#668 = LINE ( 'NONE', #640, #527 ) ;
#669 = ORIENTED_EDGE ( 'NONE', *, *, #1484, .T. ) ;
#670 = AXIS2_PLACEMENT_3D ( 'NONE', #121, #1466, #551 ) ;
#671 = DIRECTION ( 'NONE',  ( 1.000000000000000000, 0.000000000000000000, 0.000000000000000000 ) ) ;
#672 = LINE ( 'NONE', #548, #2426 ) ;
#673 = EDGE_LOOP ( 'NONE', ( #2929, #2081, #72, #2569 ) ) ;
#674 = FACE_OUTER_BOUND ( 'NONE', #1940, .T. ) ;
#675 = CARTESIAN_POINT ( 'NONE',  ( 0.000000000000000000, 0.000000000000000000, 20.00000000000000000 ) ) ;
#676 = DIRECTION ( 'NONE',  ( -0.000000000000000000, -1.000000000000000000, -0.000000000000000000 ) ) ;
#677 = ORIENTED_EDGE ( 'NONE', *, *, #218, .T. ) ;
#678 = ORIENTED_EDGE ( 'NONE', *, *, #651, .F. ) ;
#679 = VERTEX_POINT ( 'NONE', #2074 ) ;
#680 = DIRECTION ( 'NONE',  ( 0.000000000000000000, -1.000000000000000000, 0.000000000000000000 ) ) ;
#681 = VERTEX_POINT ( 'NONE', #1435 ) ;
#682 = EDGE_CURVE ( 'NONE', #513, #71, #1427, .T. ) ;
#683 = LOCAL_TIME ( 8, 55, 59.00000000000000000, #2403 ) ;
#684 = VERTEX_POINT ( 'NONE', #1666 ) ;
#685 = PERSON_AND_ORGANIZATION ( #459, #1492 ) ;
#686 = PRODUCT ( '定位销', '定位销', '', ( #90 ) ) ;
#687 = VERTEX_POINT ( 'NONE', #1414 ) ;
#688 = CARTESIAN_POINT ( 'NONE',  ( 13.20000000000000462, -749.5000000000000000, 316.7999999999999545 ) ) ;
#689 = DIRECTION ( 'NONE',  ( -0.000000000000000000, -1.000000000000000000, -0.000000000000000000 ) ) ;
#690 = LOCAL_TIME ( 8, 55, 59.00000000000000000, #623 ) ;
#691 = VECTOR ( 'NONE', #185, 1000.000000000000000 ) ;
#692 = AXIS2_PLACEMENT_3D ( 'NONE', #2694, #1093, #2720 ) ;
#693 = FACE_OUTER_BOUND ( 'NONE', #824, .T. ) ;
#694 = CARTESIAN_POINT ( 'NONE',  ( -0.000000000000000000, -300.0000000000000000, 0.000000000000000000 ) ) ;
#695 = VECTOR ( 'NONE', #2680, 1000.000000000000000 ) ;
#696 = CARTESIAN_POINT ( 'NONE',  ( 30.00000000000009237, -778.0000000000000000, 20.00000000000000000 ) ) ;
#697 = VECTOR ( 'NONE', #825, 1000.000000000000000 ) ;
#698 = ORIENTED_EDGE ( 'NONE', *, *, #645, .F. ) ;
#699 = EDGE_CURVE ( 'NONE', #2331, #2073, #346, .T. ) ;
#700 = CYLINDRICAL_SURFACE ( 'NONE', #827, 15.00000000000000000 ) ;
#701 = EDGE_CURVE ( 'NONE', #2577, #2463, #1245, .T. ) ;
#702 = CARTESIAN_POINT ( 'NONE',  ( 15.90000000000005720, -350.0000000000000000, 20.90000000000000213 ) ) ;
#703 = DIRECTION ( 'NONE',  ( -0.000000000000000000, 1.000000000000000000, -0.000000000000000000 ) ) ;
#704 = CARTESIAN_POINT ( 'NONE',  ( 15.90000000000005720, -350.0000000000000000, 15.90000000000000036 ) ) ;
#705 = LINE ( 'NONE', #2094, #100 ) ;
#706 = AXIS2_PLACEMENT_3D ( 'NONE', #592, #2837, #321 ) ;
#707 = DIRECTION ( 'NONE',  ( 0.000000000000000000, 0.000000000000000000, -1.000000000000000000 ) ) ;
#708 = VERTEX_POINT ( 'NONE', #1250 ) ;
#709 = ADVANCED_FACE ( 'NONE', ( #1069 ), #1467, .T. ) ;
#710 = SECURITY_CLASSIFICATION ( '', '', #99 ) ;
#711 = ORIENTED_EDGE ( 'NONE', *, *, #645, .T. ) ;
#712 = EDGE_LOOP ( 'NONE', ( #1294, #2117, #297, #763 ) ) ;
#713 = DIRECTION ( 'NONE',  ( 0.000000000000000000, 0.000000000000000000, 1.000000000000000000 ) ) ;
#714 = CARTESIAN_POINT ( 'NONE',  ( 431.9999999999998863, -778.0000000000000000, 2.000000000000000000 ) ) ;
#715 = DIRECTION ( 'NONE',  ( 0.000000000000000000, 0.000000000000000000, 1.000000000000000000 ) ) ;
#716 = DATE_AND_TIME ( #2869, #33 ) ;
#717 = ORIENTED_EDGE ( 'NONE', *, *, #651, .T. ) ;
#718 = ORIENTED_EDGE ( 'NONE', *, *, #1723, .F. ) ;
#719 = DIRECTION ( 'NONE',  ( 0.000000000000000000, 0.000000000000000000, 1.000000000000000000 ) ) ;
#720 = ITEM_DEFINED_TRANSFORMATION ( 'NONE', 'NONE', #1845,  #1696 ) ;
#721 = ORIENTED_EDGE ( 'NONE', *, *, #2405, .F. ) ;
#722 = EDGE_CURVE ( 'NONE', #1889, #1866, #421, .T. ) ;
#723 = LOCAL_TIME ( 8, 55, 59.00000000000000000, #2012 ) ;
#724 = ORIENTED_EDGE ( 'NONE', *, *, #1436, .F. ) ;
#725 = PERSON_AND_ORGANIZATION ( #459, #1492 ) ;
#726 = CARTESIAN_POINT ( 'NONE',  ( 15.90000000000000036, -700.0000000000000000, 321.0500000000000114 ) ) ;
#727 = CARTESIAN_POINT ( 'NONE',  ( 432.0000000000000568, -387.0000000000000000, 20.00000000000001776 ) ) ;
#728 = EDGE_CURVE ( 'NONE', #865, #437, #2312, .T. ) ;
#729 = VECTOR ( 'NONE', #1324, 1000.000000000000000 ) ;
#730 = CARTESIAN_POINT ( 'NONE',  ( 30.00000000000009592, -760.0000000000000000, 20.00000000000000000 ) ) ;
#731 = LINE ( 'NONE', #1462, #2665 ) ;
#732 = CC_DESIGN_PERSON_AND_ORGANIZATION_ASSIGNMENT ( #1411, #2809, ( #2629 ) ) ;
#733 = FACE_BOUND ( 'NONE', #1913, .T. ) ;
#734 = ORIENTED_EDGE ( 'NONE', *, *, #2429, .T. ) ;
#735 = ADVANCED_FACE ( 'NONE', ( #638 ), #1991, .F. ) ;
#736 = DIRECTION ( 'NONE',  ( 0.000000000000000000, -1.000000000000000000, 0.000000000000000000 ) ) ;
#737 = LINE ( 'NONE', #662, #1390 ) ;
#738 = CARTESIAN_POINT ( 'NONE',  ( 0.000000000000000000, 0.000000000000000000, 0.000000000000000000 ) ) ;
#739 = EDGE_CURVE ( 'NONE', #1397, #1256, #2931, .T. ) ;
#740 = CYLINDRICAL_SURFACE ( 'NONE', #463, 5.000000000000000888 ) ;
#741 = ORIENTED_EDGE ( 'NONE', *, *, #2295, .F. ) ;
#742 = PRODUCT_DEFINITION_SHAPE ( 'NONE', 'NONE',  #2974 ) ;
#743 = CARTESIAN_POINT ( 'NONE',  ( 0.000000000000000000, 0.000000000000000000, 20.00000000000000000 ) ) ;
#744 = SHAPE_REPRESENTATION ( '吊柜17-柜体_吊柜17', ( #1696 ), #2666 ) ;
#745 = AXIS2_PLACEMENT_3D ( 'NONE', #2485, #2262, #2035 ) ;
#746 = CARTESIAN_POINT ( 'NONE',  ( 5.000000000000000000, 6.123233995736766282E-16, 120.0000000000000000 ) ) ;
#747 = DIRECTION ( 'NONE',  ( 0.000000000000000000, 1.000000000000000000, 0.000000000000000000 ) ) ;
#748 = AXIS2_PLACEMENT_3D ( 'NONE', #1610, #2945, #671 ) ;
#749 = ADVANCED_FACE ( 'NONE', ( #997 ), #532, .T. ) ;
#750 = ORIENTED_EDGE ( 'NONE', *, *, #888, .T. ) ;
#751 = DIRECTION ( 'NONE',  ( -1.137523590804461357E-16, 0.000000000000000000, 1.000000000000000000 ) ) ;
#752 = ORIENTED_EDGE ( 'NONE', *, *, #1379, .T. ) ;
#753 = ORIENTED_EDGE ( 'NONE', *, *, #2078, .F. ) ;
#754 = ORIENTED_EDGE ( 'NONE', *, *, #2480, .F. ) ;
#755 = DIRECTION ( 'NONE',  ( -0.000000000000000000, 1.000000000000000000, -0.000000000000000000 ) ) ;
#756 = ORIENTED_EDGE ( 'NONE', *, *, #2930, .F. ) ;
#757 = CARTESIAN_POINT ( 'NONE',  ( 0.000000000000000000, 0.000000000000000000, 300.0000000000000000 ) ) ;
#758 = VERTEX_POINT ( 'NONE', #123 ) ;
#759 = CARTESIAN_POINT ( 'NONE',  ( 33.00000000000007105, 350.0000000000000000, 27.00000000000000711 ) ) ;
#760 = PLANE ( 'NONE',  #588 ) ;
#761 = EDGE_CURVE ( 'NONE', #2068, #2463, #2065, .T. ) ;
#762 = COORDINATED_UNIVERSAL_TIME_OFFSET ( 8, 0, .AHEAD. ) ;
#763 = ORIENTED_EDGE ( 'NONE', *, *, #2516, .F. ) ;
#764 = DATE_TIME_ROLE ( 'classification_date' ) ;
#765 = CARTESIAN_POINT ( 'NONE',  ( 0.000000000000000000, 0.000000000000000000, 0.000000000000000000 ) ) ;
#766 = COORDINATED_UNIVERSAL_TIME_OFFSET ( 8, 0, .AHEAD. ) ;
#767 = EDGE_CURVE ( 'NONE', #1152, #859, #1712, .T. ) ;
#768 = VECTOR ( 'NONE', #853, 1000.000000000000000 ) ;
#769 = ADVANCED_FACE ( 'NONE', ( #493 ), #700, .T. ) ;
#770 = CARTESIAN_POINT ( 'NONE',  ( 22.00000000000000711, -100.0000000000000284, 324.7999999999999545 ) ) ;
#771 = CARTESIAN_POINT ( 'NONE',  ( 7.961735002956730495E-14, 400.0000000000000000, 30.00000000000000000 ) ) ;
#772 = VECTOR ( 'NONE', #1882, 1000.000000000000000 ) ;
#773 = AXIS2_PLACEMENT_3D ( 'NONE', #1210, #2342, #2781 ) ;
#774 = CYLINDRICAL_SURFACE ( 'NONE', #1469, 6.500000000000005329 ) ;
#775 = DATE_TIME_ROLE ( 'classification_date' ) ;
#776 = PLANE ( 'NONE',  #1061 ) ;
#777 = AXIS2_PLACEMENT_3D ( 'NONE', #538, #2592, #2860 ) ;
#778 = FACE_OUTER_BOUND ( 'NONE', #780, .T. ) ;
#779 = LINE ( 'NONE', #855, #603 ) ;
#780 = EDGE_LOOP ( 'NONE', ( #2742, #231, #1201, #823 ) ) ;
#781 = EDGE_CURVE ( 'NONE', #437, #2850, #1783, .T. ) ;
#782 = CARTESIAN_POINT ( 'NONE',  ( 432.0000000000000568, -387.0000000000000000, 300.0000000000000000 ) ) ;
#783 = PLANE ( 'NONE',  #1448 ) ;
#784 = VECTOR ( 'NONE', #539, 1000.000000000000000 ) ;
#785 = DIRECTION ( 'NONE',  ( 0.000000000000000000, 0.000000000000000000, 1.000000000000000000 ) ) ;
#786 = MECHANICAL_CONTEXT ( 'NONE', #938, 'mechanical' ) ;
#787 = EDGE_CURVE ( 'NONE', #679, #2497, #1319, .T. ) ;
#788 = CIRCLE ( 'NONE', #442, 5.000000000000000888 ) ;
#789 = VERTEX_POINT ( 'NONE', #410 ) ;
#790 = CARTESIAN_POINT ( 'NONE',  ( 572.0000000000003411, -777.9999999999998863, 300.0000000000000000 ) ) ;
#791 = VERTEX_POINT ( 'NONE', #890 ) ;
#792 = DIRECTION ( 'NONE',  ( -0.000000000000000000, 1.000000000000000000, -0.000000000000000000 ) ) ;
#793 = DIRECTION ( 'NONE',  ( -0.000000000000000000, -0.000000000000000000, -1.000000000000000000 ) ) ;
#794 = CARTESIAN_POINT ( 'NONE',  ( 30.00000000000009237, -778.0000000000000000, 20.00000000000000000 ) ) ;
#795 = ORIENTED_EDGE ( 'NONE', *, *, #2459, .F. ) ;
#796 = APPLICATION_PROTOCOL_DEFINITION ( 'international standard', 'config_control_design', 1994, #938 ) ;
#797 = CARTESIAN_POINT ( 'NONE',  ( 7.961735002956730495E-14, 400.0000000000000000, 30.00000000000000000 ) ) ;
#798 = ORIENTED_EDGE ( 'NONE', *, *, #852, .T. ) ;
#799 = DATE_AND_TIME ( #2792, #38 ) ;
#800 = EDGE_LOOP ( 'NONE', ( #211, #75 ) ) ;
#801 = LOCAL_TIME ( 8, 55, 59.00000000000000000, #2918 ) ;
#802 = PLANE ( 'NONE',  #920 ) ;
#803 = DIRECTION ( 'NONE',  ( -1.000000000000000000, 0.000000000000000000, 0.000000000000000000 ) ) ;
#804 = EDGE_CURVE ( 'NONE', #2539, #791, #1965, .T. ) ;
#805 = ORIENTED_EDGE ( 'NONE', *, *, #1418, .T. ) ;
#806 = PERSON_AND_ORGANIZATION_ROLE ( 'creator' ) ;
#807 = LINE ( 'NONE', #2428, #191 ) ;
#808 = VECTOR ( 'NONE', #2237, 1000.000000000000000 ) ;
#809 = PERSON ( 'NAUO-PER3', 'UNSPECIFIED', 'UNSPECIFIED', ('UNSPECIFIED'), ('UNSPECIFIED'), ('UNSPECIFIED') ) ;
#810 = DIRECTION ( 'NONE',  ( -1.000000000000000000, -1.460819769243627131E-16, 0.000000000000000000 ) ) ;
#811 = DIRECTION ( 'NONE',  ( -0.000000000000000000, 1.000000000000000000, -0.000000000000000000 ) ) ;
#812 = VECTOR ( 'NONE', #2641, 1000.000000000000114 ) ;
#813 = ORIENTED_EDGE ( 'NONE', *, *, #2447, .F. ) ;
#814 = APPROVAL_STATUS ( 'not_yet_approved' ) ;
#815 = CARTESIAN_POINT ( 'NONE',  ( 7.979727989493312634E-14, 350.0000000000000000, 27.00000000000000355 ) ) ;
#816 = VECTOR ( 'NONE', #2284, 1000.000000000000000 ) ;
#817 = ORIENTED_EDGE ( 'NONE', *, *, #396, .F. ) ;
#818 = SECURITY_CLASSIFICATION ( '', '', #1479 ) ;
#819 = FACE_BOUND ( 'NONE', #1291, .T. ) ;
#820 = DIRECTION ( 'NONE',  ( 0.000000000000000000, 1.000000000000000000, -0.000000000000000000 ) ) ;
#821 = EDGE_CURVE ( 'NONE', #1139, #687, #779, .T. ) ;
#822 = FACE_OUTER_BOUND ( 'NONE', #464, .T. ) ;
#823 = ORIENTED_EDGE ( 'NONE', *, *, #767, .T. ) ;
#824 = EDGE_LOOP ( 'NONE', ( #400, #2037, #2875, #1655, #1289, #380 ) ) ;
#825 = DIRECTION ( 'NONE',  ( 0.000000000000000000, 1.000000000000000000, 0.000000000000000000 ) ) ;
#826 = VERTEX_POINT ( 'NONE', #418 ) ;
#827 = AXIS2_PLACEMENT_3D ( 'NONE', #2234, #1360, #2695 ) ;
#828 = ORIENTED_EDGE ( 'NONE', *, *, #1878, .F. ) ;
#829 = CARTESIAN_POINT ( 'NONE',  ( 33.00000000000007816, 0.000000000000000000, 0.000000000000000000 ) ) ;
#830 = EDGE_CURVE ( 'NONE', #1657, #1912, #1564, .T. ) ;
#831 = ORIENTED_EDGE ( 'NONE', *, *, #1456, .T. ) ;
#832 = PERSON_AND_ORGANIZATION ( #459, #1492 ) ;
#833 = DIRECTION ( 'NONE',  ( 0.000000000000000000, 0.000000000000000000, -1.000000000000000000 ) ) ;
#834 = PERSON_AND_ORGANIZATION ( #459, #1492 ) ;
#835 = CC_DESIGN_DATE_AND_TIME_ASSIGNMENT ( #1339, #2437, ( #2722 ) ) ;
#836 = SHAPE_REPRESENTATION ( '定位销', ( #1696 ), #2419 ) ;
#837 = DIRECTION ( 'NONE',  ( 1.000000000000000000, -0.000000000000000000, -0.000000000000000000 ) ) ;
#838 = PLANE ( 'NONE',  #1491 ) ;
#839 = FACE_OUTER_BOUND ( 'NONE', #1689, .T. ) ;
#840 = EDGE_CURVE ( 'NONE', #2850, #687, #668, .T. ) ;
#841 = VECTOR ( 'NONE', #2123, 1000.000000000000000 ) ;
#842 = DIRECTION ( 'NONE',  ( -1.000000000000000000, -1.224646799147353207E-16, -0.000000000000000000 ) ) ;
#843 = LINE ( 'NONE', #176, #224 ) ;
#844 = CARTESIAN_POINT ( 'NONE',  ( 30.00000000000009592, -778.0000000000000000, 2.000000000000000000 ) ) ;
#845 = VECTOR ( 'NONE', #1473, 1000.000000000000000 ) ;
#846 = DIRECTION ( 'NONE',  ( 0.000000000000000000, 0.000000000000000000, 1.000000000000000000 ) ) ;
#847 = DIRECTION ( 'NONE',  ( -0.000000000000000000, 1.000000000000000000, -0.000000000000000000 ) ) ;
#848 = AXIS2_PLACEMENT_3D ( 'NONE', #939, #2765, #27 ) ;
#849 = LINE ( 'NONE', #1362, #2138 ) ;
#850 = DIRECTION ( 'NONE',  ( -1.000000000000000000, 0.000000000000000000, 0.000000000000000000 ) ) ;
#851 = LINE ( 'NONE', #1161, #1098 ) ;
#852 = EDGE_CURVE ( 'NONE', #1437, #315, #2670, .T. ) ;
#853 = DIRECTION ( 'NONE',  ( -0.000000000000000000, -0.000000000000000000, -1.000000000000000000 ) ) ;
#854 = ORIENTED_EDGE ( 'NONE', *, *, #1778, .T. ) ;
#855 = CARTESIAN_POINT ( 'NONE',  ( 30.00000000000000355, -18.00000000000000000, 300.0000000000000000 ) ) ;
#856 = EDGE_CURVE ( 'NONE', #1789, #395, #1096, .T. ) ;
#857 = CARTESIAN_POINT ( 'NONE',  ( 30.00000000000009592, -760.0000000000000000, 300.0000000000000000 ) ) ;
#858 = ORIENTED_EDGE ( 'NONE', *, *, #183, .F. ) ;
#859 = VERTEX_POINT ( 'NONE', #630 ) ;
#860 = DIRECTION ( 'NONE',  ( -0.000000000000000000, -1.000000000000000000, -0.000000000000000000 ) ) ;
#861 = ORIENTED_EDGE ( 'NONE', *, *, #767, .F. ) ;
#862 = ADVANCED_BREP_SHAPE_REPRESENTATION ( '', ( #9, #1696 ), #1914 ) ;
#863 = AXIS2_PLACEMENT_3D ( 'NONE', #2324, #289, #1171 ) ;
#864 = CARTESIAN_POINT ( 'NONE',  ( -6.450000000000001066, 7.898971854500429678E-16, -1.500000000000000000 ) ) ;
#865 = VERTEX_POINT ( 'NONE', #1999 ) ;
#866 = CARTESIAN_POINT ( 'NONE',  ( 432.0000000000000000, -18.00000000000000000, 2.000000000000000000 ) ) ;
#867 = CALENDAR_DATE ( 2026, 5, 6 ) ;
#868 = PRODUCT_RELATED_PRODUCT_CATEGORY ( 'detail', '', ( #2963 ) ) ;
#869 = PERSON_AND_ORGANIZATION ( #459, #1492 ) ;
#870 = CARTESIAN_POINT ( 'NONE',  ( -28.00000000000005684, 300.0000000000000000, 27.00000000000000000 ) ) ;
#871 = VECTOR ( 'NONE', #80, 1000.000000000000000 ) ;
#872 = EDGE_CURVE ( 'NONE', #431, #1051, #230, .T. ) ;
#873 = FACE_OUTER_BOUND ( 'NONE', #2000, .T. ) ;
#874 = ORIENTED_EDGE ( 'NONE', *, *, #2128, .T. ) ;
#875 = LINE ( 'NONE', #2107, #1425 ) ;
#876 = EDGE_CURVE ( 'NONE', #177, #1516, #165, .T. ) ;
#877 = ORIENTED_EDGE ( 'NONE', *, *, #1794, .T. ) ;
#878 = ORIENTED_EDGE ( 'NONE', *, *, #2168, .F. ) ;
#879 = DIRECTION ( 'NONE',  ( 1.232566680299310330E-16, -1.000000000000000000, 0.000000000000000000 ) ) ;
#880 = ADVANCED_FACE ( 'NONE', ( #2281 ), #1149, .F. ) ;
#881 = DIRECTION ( 'NONE',  ( -0.000000000000000000, 1.000000000000000000, -0.000000000000000000 ) ) ;
#882 = DIRECTION ( 'NONE',  ( -0.000000000000000000, 1.000000000000000000, -0.000000000000000000 ) ) ;
#883 = LINE ( 'NONE', #746, #2562 ) ;
#884 = CC_DESIGN_PERSON_AND_ORGANIZATION_ASSIGNMENT ( #1297, #1957, ( #2722 ) ) ;
#885 = DIRECTION ( 'NONE',  ( 0.000000000000000000, 1.000000000000000000, 0.000000000000000000 ) ) ;
#886 = ORIENTED_EDGE ( 'NONE', *, *, #1536, .F. ) ;
#887 = EDGE_LOOP ( 'NONE', ( #472, #639, #1851, #1893, #554, #1593 ) ) ;
#888 = EDGE_CURVE ( 'NONE', #1109, #1437, #2598, .T. ) ;
#889 = ORIENTED_EDGE ( 'NONE', *, *, #2693, .T. ) ;
#890 = CARTESIAN_POINT ( 'NONE',  ( 13.20000000000000639, -700.0000000000000000, 324.7999999999999545 ) ) ;
#891 = CARTESIAN_POINT ( 'NONE',  ( 13.20000000000000639, -749.5000000000000000, 324.7999999999999545 ) ) ;
#892 = ORIENTED_EDGE ( 'NONE', *, *, #2851, .T. ) ;
#893 = ORIENTED_EDGE ( 'NONE', *, *, #739, .T. ) ;
#894 = AXIS2_PLACEMENT_3D ( 'NONE', #1097, #1570, #403 ) ;
#895 = APPROVAL_PERSON_ORGANIZATION ( #1761, #1627, #2409 ) ;
#896 = VERTEX_POINT ( 'NONE', #1223 ) ;
#897 = VERTEX_POINT ( 'NONE', #2319 ) ;
#898 = ADVANCED_FACE ( 'NONE', ( #1679 ), #1890, .F. ) ;
#899 = CARTESIAN_POINT ( 'NONE',  ( 33.00000000000007816, -300.0000000000000000, 0.000000000000000000 ) ) ;
#900 = PERSON_AND_ORGANIZATION ( #459, #1492 ) ;
#901 = ORIENTED_EDGE ( 'NONE', *, *, #2936, .T. ) ;
#902 = AXIS2_PLACEMENT_3D ( 'NONE', #1392, #2973, #707 ) ;
#903 = PERSON_AND_ORGANIZATION ( #459, #1492 ) ;
#904 = VERTEX_POINT ( 'NONE', #952 ) ;
#905 = LINE ( 'NONE', #1990, #1495 ) ;
#906 = CC_DESIGN_SECURITY_CLASSIFICATION ( #818, ( #2137 ) ) ;
#907 = CARTESIAN_POINT ( 'NONE',  ( 33.00000000000007816, -350.0000000000000000, -26.84171144931213604 ) ) ;
#908 = DIRECTION ( 'NONE',  ( 0.000000000000000000, 0.000000000000000000, -1.000000000000000000 ) ) ;
#909 = LINE ( 'NONE', #20, #2662 ) ;
#910 = EDGE_CURVE ( 'NONE', #324, #2017, #381, .T. ) ;
#911 = CARTESIAN_POINT ( 'NONE',  ( -28.00000000000005684, 300.0000000000000000, 22.00000000000000000 ) ) ;
#912 = FACE_OUTER_BOUND ( 'NONE', #1903, .T. ) ;
#913 = EDGE_CURVE ( 'NONE', #2902, #1866, #2062, .T. ) ;
#914 = FACE_BOUND ( 'NONE', #545, .T. ) ;
#915 = ORIENTED_EDGE ( 'NONE', *, *, #423, .T. ) ;
#916 = CARTESIAN_POINT ( 'NONE',  ( 15.90000000000000036, -50.50000000000002842, 321.0500000000000114 ) ) ;
#917 = DIRECTION ( 'NONE',  ( 0.000000000000000000, 0.000000000000000000, 1.000000000000000000 ) ) ;
#918 = CARTESIAN_POINT ( 'NONE',  ( 15.90000000000005720, -400.0000000000000000, 22.40000000000000568 ) ) ;
#919 = FACE_OUTER_BOUND ( 'NONE', #1178, .T. ) ;
#920 = AXIS2_PLACEMENT_3D ( 'NONE', #96, #810, #2384 ) ;
#921 = FACE_OUTER_BOUND ( 'NONE', #1639, .T. ) ;
#922 = ORIENTED_EDGE ( 'NONE', *, *, #419, .F. ) ;
#923 = AXIS2_PLACEMENT_3D ( 'NONE', #2645, #847, #155 ) ;
#924 = DIRECTION ( 'NONE',  ( 0.000000000000000000, 1.000000000000000000, 0.000000000000000000 ) ) ;
#925 = ORIENTED_EDGE ( 'NONE', *, *, #1357, .T. ) ;
#926 = DIRECTION ( 'NONE',  ( -0.000000000000000000, -0.000000000000000000, -1.000000000000000000 ) ) ;
#927 = EDGE_LOOP ( 'NONE', ( #2840, #2356, #2112, #2230, #721, #612 ) ) ;
#928 = ORIENTED_EDGE ( 'NONE', *, *, #2369, .T. ) ;
#929 = CARTESIAN_POINT ( 'NONE',  ( 432.0000000000000000, -18.00000000000000000, 20.00000000000001776 ) ) ;
#930 = ORIENTED_EDGE ( 'NONE', *, *, #1214, .T. ) ;
#931 = EDGE_CURVE ( 'NONE', #2010, #203, #130, .T. ) ;
#932 = ORIENTED_EDGE ( 'NONE', *, *, #2877, .T. ) ;
#933 = ORIENTED_EDGE ( 'NONE', *, *, #1418, .F. ) ;
#934 = COORDINATED_UNIVERSAL_TIME_OFFSET ( 8, 0, .AHEAD. ) ;
#935 = ORIENTED_EDGE ( 'NONE', *, *, #1760, .F. ) ;
#936 = CARTESIAN_POINT ( 'NONE',  ( 15.90000000000005720, -398.5000000000000000, 9.399999999999995026 ) ) ;
#937 = PERSON_AND_ORGANIZATION ( #459, #1492 ) ;
#938 = APPLICATION_CONTEXT ( 'configuration controlled 3d designs of mechanical parts and assemblies' ) ;
#939 = CARTESIAN_POINT ( 'NONE',  ( 0.000000000000000000, 0.000000000000000000, 300.0000000000000000 ) ) ;
#940 = VECTOR ( 'NONE', #2373, 1000.000000000000000 ) ;
#941 = ADVANCED_FACE ( 'NONE', ( #2895, #819 ), #558, .T. ) ;
#942 = CC_DESIGN_APPROVAL ( #1627, ( #1412 ) ) ;
#943 = CARTESIAN_POINT ( 'NONE',  ( -6.450000000000001066, 7.898971854500429678E-16, -1.500000000000000000 ) ) ;
#944 = LINE ( 'NONE', #2001, #808 ) ;
#945 = DIRECTION ( 'NONE',  ( 0.000000000000000000, -0.000000000000000000, 1.000000000000000000 ) ) ;
#946 = FACE_OUTER_BOUND ( 'NONE', #1813, .T. ) ;
#947 = ORIENTED_EDGE ( 'NONE', *, *, #435, .F. ) ;
#948 = EDGE_CURVE ( 'NONE', #1399, #217, #200, .T. ) ;
#949 = LINE ( 'NONE', #2277, #2421 ) ;
#950 = ADVANCED_FACE ( 'NONE', ( #1243 ), #740, .F. ) ;
#951 = ORIENTED_EDGE ( 'NONE', *, *, #2811, .F. ) ;
#952 = CARTESIAN_POINT ( 'NONE',  ( 15.00000000000007994, -299.9999999999999432, 0.000000000000000000 ) ) ;
#953 = CARTESIAN_POINT ( 'NONE',  ( 7.979727989493312634E-14, 300.0000000000000000, 27.00000000000000355 ) ) ;
#954 = AXIS2_PLACEMENT_3D ( 'NONE', #2044, #1603, #1150 ) ;
#955 = VECTOR ( 'NONE', #1172, 1000.000000000000000 ) ;
#956 = DIRECTION ( 'NONE',  ( -1.000000000000000000, -1.224646799147353207E-16, 0.000000000000000000 ) ) ;
#957 = CARTESIAN_POINT ( 'NONE',  ( 5.200000000000002842, -50.50000000000002842, 300.0000000000000000 ) ) ;
#958 = ORIENTED_EDGE ( 'NONE', *, *, #2254, .T. ) ;
#959 = DIRECTION ( 'NONE',  ( 1.000000000000000000, 0.000000000000000000, 0.000000000000000000 ) ) ;
#960 = AXIS2_PLACEMENT_3D ( 'NONE', #2846, #1888, #1267 ) ;
#961 = ADVANCED_FACE ( 'NONE', ( #1929 ), #633, .F. ) ;
#962 = DIRECTION ( 'NONE',  ( 1.000000000000000000, -0.000000000000000000, 0.000000000000000000 ) ) ;
#963 = FACE_OUTER_BOUND ( 'NONE', #364, .T. ) ;
#964 = CC_DESIGN_PERSON_AND_ORGANIZATION_ASSIGNMENT ( #546, #316, ( #1338 ) ) ;
#965 = ORIENTED_EDGE ( 'NONE', *, *, #2693, .F. ) ;
#966 = ORIENTED_EDGE ( 'NONE', *, *, #1834, .T. ) ;
#967 = DIRECTION ( 'NONE',  ( -1.927470528863117076E-16, -1.000000000000000000, 0.000000000000000000 ) ) ;
#968 = CARTESIAN_POINT ( 'NONE',  ( 0.000000000000000000, 0.000000000000000000, 300.0000000000000000 ) ) ;
#969 = ORIENTED_EDGE ( 'NONE', *, *, #218, .F. ) ;
#970 = ORIENTED_EDGE ( 'NONE', *, *, #291, .T. ) ;
#971 =( NAMED_UNIT ( * ) PLANE_ANGLE_UNIT ( ) SI_UNIT ( $, .RADIAN. ) );
#972 = CARTESIAN_POINT ( 'NONE',  ( 432.0000000000000568, -369.0000000000000000, 20.00000000000001776 ) ) ;
#973 = DATE_AND_TIME ( #1369, #2362 ) ;
#974 = EDGE_LOOP ( 'NONE', ( #1541, #1428, #2029, #615 ) ) ;
#975 = ORIENTED_EDGE ( 'NONE', *, *, #454, .T. ) ;
#976 = EDGE_CURVE ( 'NONE', #2746, #708, #2488, .T. ) ;
#977 = APPROVAL_PERSON_ORGANIZATION ( #685, #2440, #566 ) ;
#978 = ADVANCED_FACE ( 'NONE', ( #2215, #919 ), #2434, .T. ) ;
#979 = CARTESIAN_POINT ( 'NONE',  ( 15.90000000000005720, 398.5000000000000000, 15.90000000000000036 ) ) ;
#980 = CARTESIAN_POINT ( 'NONE',  ( 450.0000000000001137, 400.0000000000000000, 0.000000000000000000 ) ) ;
#981 = CARTESIAN_POINT ( 'NONE',  ( 15.90000000000000036, -700.0000000000000000, 316.0000000000000000 ) ) ;
#982 = AXIS2_PLACEMENT_3D ( 'NONE', #1182, #1406, #2806 ) ;
#983 = CIRCLE ( 'NONE', #923, 6.500000000000005329 ) ;
#984 =( LENGTH_UNIT ( ) NAMED_UNIT ( * ) SI_UNIT ( .MILLI., .METRE. ) );
#985 = CARTESIAN_POINT ( 'NONE',  ( 450.0000000000000000, 0.000000000000000000, 0.000000000000000000 ) ) ;
#986 = VECTOR ( 'NONE', #1153, 1000.000000000000000 ) ;
#987 = PRODUCT_DEFINITION ( '未知', '', #2629, #1796 ) ;
#988 = CARTESIAN_POINT ( 'NONE',  ( 450.0000000000000000, 0.000000000000000000, 300.0000000000000000 ) ) ;
#989 = VECTOR ( 'NONE', #1750, 1000.000000000000000 ) ;
#990 = EDGE_CURVE ( 'NONE', #2182, #2017, #1850, .T. ) ;
#991 = VECTOR ( 'NONE', #333, 1000.000000000000000 ) ;
#992 = PERSON_AND_ORGANIZATION_ROLE ( 'design_supplier' ) ;
#993 = ADVANCED_FACE ( 'NONE', ( #2560, #1127 ), #1848, .T. ) ;
#994 = CARTESIAN_POINT ( 'NONE',  ( 15.90000000000005720, -350.0000000000000000, 15.90000000000000036 ) ) ;
#995 = VERTEX_POINT ( 'NONE', #1121 ) ;
#996 = ADVANCED_BREP_SHAPE_REPRESENTATION ( '', ( #2679, #1696 ), #2419 ) ;
#997 = FACE_OUTER_BOUND ( 'NONE', #510, .T. ) ;
#998 = DIRECTION ( 'NONE',  ( 1.000000000000000000, -1.927470528863117076E-16, 0.000000000000000000 ) ) ;
#999 = LINE ( 'NONE', #2836, #2821 ) ;
#1000 = ORIENTED_EDGE ( 'NONE', *, *, #1137, .T. ) ;
#1001 = DIRECTION ( 'NONE',  ( -1.000000000000000000, -0.000000000000000000, -0.000000000000000000 ) ) ;
#1002 = VERTEX_POINT ( 'NONE', #1635 ) ;
#1003 = APPLICATION_PROTOCOL_DEFINITION ( 'international standard', 'config_control_design', 1994, #481 ) ;
#1004 = AXIS2_PLACEMENT_3D ( 'NONE', #2853, #597, #2199 ) ;
#1005 = VERTEX_POINT ( 'NONE', #2288 ) ;
#1006 = ORIENTED_EDGE ( 'NONE', *, *, #517, .T. ) ;
#1007 = ORIENTED_EDGE ( 'NONE', *, *, #2363, .F. ) ;
#1008 = CARTESIAN_POINT ( 'NONE',  ( 30.00000000000000355, -18.00000000000000000, 300.0000000000000000 ) ) ;
#1009 = EDGE_CURVE ( 'NONE', #684, #2818, #1066, .T. ) ;
#1010 = CALENDAR_DATE ( 2026, 5, 6 ) ;
#1011 = ORIENTED_EDGE ( 'NONE', *, *, #2258, .T. ) ;
#1012 = APPLICATION_CONTEXT ( 'configuration controlled 3d designs of mechanical parts and assemblies' ) ;
#1013 = CARTESIAN_POINT ( 'NONE',  ( 30.00000000000009592, -778.0000000000000000, 20.00000000000001776 ) ) ;
#1014 = APPROVAL_PERSON_ORGANIZATION ( #1628, #1987, #1493 ) ;
#1015 = DATE_AND_TIME ( #2238, #2165 ) ;
#1016 = CARTESIAN_POINT ( 'NONE',  ( 0.000000000000000000, 0.000000000000000000, 0.000000000000000000 ) ) ;
#1017 = VECTOR ( 'NONE', #926, 1000.000000000000000 ) ;
#1018 = DIRECTION ( 'NONE',  ( -0.000000000000000000, 1.000000000000000000, -0.000000000000000000 ) ) ;
#1019 = AXIS2_PLACEMENT_3D ( 'NONE', #1237, #115, #1717 ) ;
#1020 = LINE ( 'NONE', #2744, #299 ) ;
#1021 = APPROVAL_ROLE ( '' ) ;
#1022 = CARTESIAN_POINT ( 'NONE',  ( -6.450000000000001066, 7.898971854500429678E-16, 0.000000000000000000 ) ) ;
#1023 = CC_DESIGN_APPROVAL ( #1987, ( #607 ) ) ;
#1024 = LINE ( 'NONE', #2631, #1671 ) ;
#1025 = ORIENTED_EDGE ( 'NONE', *, *, #682, .T. ) ;
#1026 = CYLINDRICAL_SURFACE ( 'NONE', #2212, 5.000000000000000888 ) ;
#1027 = ORIENTED_EDGE ( 'NONE', *, *, #2962, .F. ) ;
#1028 = CARTESIAN_POINT ( 'NONE',  ( 431.9999999999998863, -778.0000000000000000, 2.000000000000000000 ) ) ;
#1029 = CARTESIAN_POINT ( 'NONE',  ( 450.0000000000001137, -800.0000000000000000, 0.000000000000000000 ) ) ;
#1030 = DIRECTION ( 'NONE',  ( 0.000000000000000000, -0.000000000000000000, 1.000000000000000000 ) ) ;
#1031 = FACE_BOUND ( 'NONE', #1240, .T. ) ;
#1032 = APPROVAL_STATUS ( 'not_yet_approved' ) ;
#1033 = EDGE_CURVE ( 'NONE', #1478, #1912, #14, .T. ) ;
#1034 = DIRECTION ( 'NONE',  ( 0.000000000000000000, 1.000000000000000000, 0.000000000000000000 ) ) ;
#1035 = FACE_OUTER_BOUND ( 'NONE', #1394, .T. ) ;
#1036 = CARTESIAN_POINT ( 'NONE',  ( 5.200000000000002842, -749.5000000000000000, 300.0000000000000000 ) ) ;
#1037 = CIRCLE ( 'NONE', #340, 6.500000000000005329 ) ;
#1038 = AXIS2_PLACEMENT_3D ( 'NONE', #1316, #2920, #1995 ) ;
#1039 = CARTESIAN_POINT ( 'NONE',  ( 30.00000000000000355, -18.00000000000000000, 300.0000000000000000 ) ) ;
#1040 = ORIENTED_EDGE ( 'NONE', *, *, #830, .F. ) ;
#1041 = APPROVAL_ROLE ( '' ) ;
#1042 = AXIS2_PLACEMENT_3D ( 'NONE', #2127, #747, #2345 ) ;
#1043 = DIRECTION ( 'NONE',  ( -0.000000000000000000, -1.000000000000000000, -0.000000000000000000 ) ) ;
#1044 = ORIENTED_EDGE ( 'NONE', *, *, #665, .F. ) ;
#1045 = ORIENTED_EDGE ( 'NONE', *, *, #1477, .T. ) ;
#1046 = APPROVAL_DATE_TIME ( #973, #1627 ) ;
#1047 = ORIENTED_EDGE ( 'NONE', *, *, #2807, .T. ) ;
#1048 = CARTESIAN_POINT ( 'NONE',  ( -4.000000000000017764, 0.000000000000000000, 120.0000000000000000 ) ) ;
#1049 = CC_DESIGN_PERSON_AND_ORGANIZATION_ASSIGNMENT ( #1263, #587, ( #591 ) ) ;
#1050 = PERSON_AND_ORGANIZATION ( #459, #1492 ) ;
#1051 = VERTEX_POINT ( 'NONE', #1906 ) ;
#1052 = DIRECTION ( 'NONE',  ( 1.224646799147355179E-16, -1.000000000000000000, -0.000000000000000000 ) ) ;
#1053 = EDGE_CURVE ( 'NONE', #646, #2768, #1780, .T. ) ;
#1054 = LINE ( 'NONE', #2222, #2546 ) ;
#1055 = ORIENTED_EDGE ( 'NONE', *, *, #2831, .T. ) ;
#1056 = AXIS2_PLACEMENT_3D ( 'NONE', #1857, #2779, #2759 ) ;
#1057 = CARTESIAN_POINT ( 'NONE',  ( 15.90000000000005720, 350.0000000000000000, 10.90000000000000036 ) ) ;
#1058 = VECTOR ( 'NONE', #842, 1000.000000000000000 ) ;
#1059 = CARTESIAN_POINT ( 'NONE',  ( 431.9999999999998863, -778.0000000000000000, 2.000000000000000000 ) ) ;
#1060 = VECTOR ( 'NONE', #199, 1000.000000000000000 ) ;
#1061 = AXIS2_PLACEMENT_3D ( 'NONE', #1481, #751, #2370 ) ;
#1062 = CARTESIAN_POINT ( 'NONE',  ( 15.00000000000007994, 0.000000000000000000, 0.000000000000000000 ) ) ;
#1063 = LINE ( 'NONE', #2708, #524 ) ;
#1064 = ORIENTED_EDGE ( 'NONE', *, *, #1732, .T. ) ;
#1065 = CC_DESIGN_PERSON_AND_ORGANIZATION_ASSIGNMENT ( #654, #2617, ( #448 ) ) ;
#1066 = LINE ( 'NONE', #916, #1281 ) ;
#1067 = DIRECTION ( 'NONE',  ( 0.000000000000000000, 0.000000000000000000, 1.000000000000000000 ) ) ;
#1068 = EDGE_CURVE ( 'NONE', #2749, #35, #849, .T. ) ;
#1069 = FACE_OUTER_BOUND ( 'NONE', #275, .T. ) ;
#1070 = CARTESIAN_POINT ( 'NONE',  ( 30.00000000000000355, -18.00000000000000000, 300.0000000000000000 ) ) ;
#1071 = LINE ( 'NONE', #2132, #205 ) ;
#1072 = SECURITY_CLASSIFICATION_LEVEL ( 'unclassified' ) ;
#1073 = CARTESIAN_POINT ( 'NONE',  ( 0.000000000000000000, 0.000000000000000000, 120.0000000000000000 ) ) ;
#1074 = ORIENTED_EDGE ( 'NONE', *, *, #2061, .T. ) ;
#1075 = ORIENTED_EDGE ( 'NONE', *, *, #1155, .T. ) ;
#1076 = EDGE_LOOP ( 'NONE', ( #677, #2228 ) ) ;
#1077 = CARTESIAN_POINT ( 'NONE',  ( 22.00000000000000711, -749.5000000000000000, 324.7999999999999545 ) ) ;
#1078 = CONTEXT_DEPENDENT_SHAPE_REPRESENTATION ( #1292, #605 ) ;
#1079 = ORIENTED_EDGE ( 'NONE', *, *, #2470, .T. ) ;
#1080 = AXIS2_PLACEMENT_3D ( 'NONE', #1629, #48, #58 ) ;
#1081 = CARTESIAN_POINT ( 'NONE',  ( 15.90000000000005720, 400.0000000000000000, 9.399999999999995026 ) ) ;
#1082 = DATE_AND_TIME ( #152, #1378 ) ;
#1083 = ORIENTED_EDGE ( 'NONE', *, *, #1053, .T. ) ;
#1084 = PERSON_AND_ORGANIZATION ( #459, #1492 ) ;
#1085 = CARTESIAN_POINT ( 'NONE',  ( 22.00000000000000711, -749.5000000000000000, 316.7999999999999545 ) ) ;
#1086 = SHAPE_DEFINITION_REPRESENTATION ( #1325, #1856 ) ;
#1087 = EDGE_CURVE ( 'NONE', #525, #347, #636, .T. ) ;
#1088 = LINE ( 'NONE', #2713, #296 ) ;
#1089 = CARTESIAN_POINT ( 'NONE',  ( 30.00000000000000355, -749.5000000000000000, 300.0000000000000000 ) ) ;
#1090 = VECTOR ( 'NONE', #414, 1000.000000000000000 ) ;
#1091 = DIRECTION ( 'NONE',  ( 0.000000000000000000, 0.000000000000000000, 1.000000000000000000 ) ) ;
#1092 = VECTOR ( 'NONE', #1659, 1000.000000000000000 ) ;
#1093 = DIRECTION ( 'NONE',  ( -0.000000000000000000, -1.000000000000000000, -0.000000000000000000 ) ) ;
#1094 = DIRECTION ( 'NONE',  ( -0.000000000000000000, 1.000000000000000000, -0.000000000000000000 ) ) ;
#1095 = AXIS2_PLACEMENT_3D ( 'NONE', #1853, #719, #1842 ) ;
#1096 = LINE ( 'NONE', #192, #95 ) ;
#1097 = CARTESIAN_POINT ( 'NONE',  ( 15.00000000000007994, -400.0000000000000000, 15.00000000000000000 ) ) ;
#1098 = VECTOR ( 'NONE', #268, 1000.000000000000000 ) ;
#1099 = ORIENTED_EDGE ( 'NONE', *, *, #1778, .F. ) ;
#1100 = CC_DESIGN_DATE_AND_TIME_ASSIGNMENT ( #799, #2418, ( #591 ) ) ;
#1101 = PLANE ( 'NONE',  #1772 ) ;
#1102 = ADVANCED_FACE ( 'NONE', ( #567 ), #520, .T. ) ;
#1103 = EDGE_CURVE ( 'NONE', #2036, #2850, #1608, .T. ) ;
#1104 = DIRECTION ( 'NONE',  ( 0.000000000000000000, 0.000000000000000000, 1.000000000000000000 ) ) ;
#1105 = CARTESIAN_POINT ( 'NONE',  ( -0.000000000000000000, 350.0000000000000000, 0.000000000000000000 ) ) ;
#1106 = AXIS2_PLACEMENT_3D ( 'NONE', #2800, #2791, #1430 ) ;
#1107 = CARTESIAN_POINT ( 'NONE',  ( 7.961735002956730495E-14, 400.0000000000000000, 30.00000000000000000 ) ) ;
#1108 = ORIENTED_EDGE ( 'NONE', *, *, #2623, .T. ) ;
#1109 = VERTEX_POINT ( 'NONE', #759 ) ;
#1110 = APPROVAL_PERSON_ORGANIZATION ( #1263, #227, #1041 ) ;
#1111 = ORIENTED_EDGE ( 'NONE', *, *, #50, .F. ) ;
#1112 = ORIENTED_EDGE ( 'NONE', *, *, #888, .F. ) ;
#1113 = PERSON_AND_ORGANIZATION ( #459, #1492 ) ;
#1114 = ORIENTED_EDGE ( 'NONE', *, *, #1436, .T. ) ;
#1115 = CC_DESIGN_PERSON_AND_ORGANIZATION_ASSIGNMENT ( #621, #1451, ( #42 ) ) ;
#1116 = DIRECTION ( 'NONE',  ( 0.000000000000000000, 0.000000000000000000, -1.000000000000000000 ) ) ;
#1117 = LINE ( 'NONE', #1070, #2204 ) ;
#1118 = DIRECTION ( 'NONE',  ( -1.000000000000000000, -1.224646799147353207E-16, -0.000000000000000000 ) ) ;
#1119 = VECTOR ( 'NONE', #499, 1000.000000000000000 ) ;
#1120 = EDGE_CURVE ( 'NONE', #2433, #2331, #2736, .T. ) ;
#1121 = CARTESIAN_POINT ( 'NONE',  ( 5.200000000000002842, -100.0000000000000284, 300.0000000000000000 ) ) ;
#1122 = CARTESIAN_POINT ( 'NONE',  ( 572.0000000000003411, -799.9999999999998863, 279.9999999999999432 ) ) ;
#1123 = CIRCLE ( 'NONE', #1583, 5.000000000000000000 ) ;
#1124 = CARTESIAN_POINT ( 'NONE',  ( 15.90000000000005720, 300.0000000000000568, 10.90000000000000036 ) ) ;
#1125 = FACE_OUTER_BOUND ( 'NONE', #2436, .T. ) ;
#1126 = DIRECTION ( 'NONE',  ( -0.000000000000000000, -0.000000000000000000, -1.000000000000000000 ) ) ;
#1127 = FACE_OUTER_BOUND ( 'NONE', #178, .T. ) ;
#1128 = CARTESIAN_POINT ( 'NONE',  ( 13.20000000000000639, -100.0000000000000284, 324.7999999999999545 ) ) ;
#1129 = LINE ( 'NONE', #2741, #2635 ) ;
#1130 = DIRECTION ( 'NONE',  ( 0.000000000000000000, -1.000000000000000000, 0.000000000000000000 ) ) ;
#1131 = CARTESIAN_POINT ( 'NONE',  ( 22.00000000000000711, -50.50000000000002842, 324.7999999999999545 ) ) ;
#1132 = FACE_OUTER_BOUND ( 'NONE', #265, .T. ) ;
#1133 = ADVANCED_FACE ( 'NONE', ( #1540 ), #1200, .T. ) ;
#1134 = ORIENTED_EDGE ( 'NONE', *, *, #2894, .T. ) ;
#1135 = VERTEX_POINT ( 'NONE', #1423 ) ;
#1136 = ORIENTED_EDGE ( 'NONE', *, *, #1385, .T. ) ;
#1137 = EDGE_CURVE ( 'NONE', #2520, #1326, #1707, .T. ) ;
#1138 = ORIENTED_EDGE ( 'NONE', *, *, #910, .F. ) ;
#1139 = VERTEX_POINT ( 'NONE', #1653 ) ;
#1140 = PRODUCT ( '吊柜15-柜门_吊柜15-柜门', '吊柜15-柜门_吊柜15-柜门', '', ( #106 ) ) ;
#1141 = ORIENTED_EDGE ( 'NONE', *, *, #1935, .T. ) ;
#1142 = DIRECTION ( 'NONE',  ( 1.460819769243627131E-16, 1.000000000000000000, 0.000000000000000000 ) ) ;
#1143 = VERTEX_POINT ( 'NONE', #2549 ) ;
#1144 = EDGE_LOOP ( 'NONE', ( #237, #1725, #2264, #1177 ) ) ;
#1145 = DATE_AND_TIME ( #323, #2333 ) ;
#1146 = ORIENTED_EDGE ( 'NONE', *, *, #1702, .T. ) ;
#1147 = AXIS2_PLACEMENT_3D ( 'NONE', #274, #2672, #1067 ) ;
#1148 = CALENDAR_DATE ( 2026, 5, 6 ) ;
#1149 = PLANE ( 'NONE',  #2543 ) ;
#1150 = DIRECTION ( 'NONE',  ( 0.000000000000000000, 0.000000000000000000, 1.000000000000000000 ) ) ;
#1151 = CC_DESIGN_APPROVAL ( #227, ( #591 ) ) ;
#1152 = VERTEX_POINT ( 'NONE', #1881 ) ;
#1153 = DIRECTION ( 'NONE',  ( -1.000000000000000000, 0.000000000000000000, -0.000000000000000000 ) ) ;
#1154 = FACE_OUTER_BOUND ( 'NONE', #2669, .T. ) ;
#1155 = EDGE_CURVE ( 'NONE', #679, #171, #2311, .T. ) ;
#1156 = CARTESIAN_POINT ( 'NONE',  ( 33.00000000000007816, -350.0000000000000000, 0.000000000000000000 ) ) ;
#1157 = LINE ( 'NONE', #1966, #1565 ) ;
#1158 = ADVANCED_FACE ( 'NONE', ( #1892 ), #783, .T. ) ;
#1159 = EDGE_CURVE ( 'NONE', #361, #1587, #2812, .T. ) ;
#1160 = LINE ( 'NONE', #181, #1500 ) ;
#1161 = CARTESIAN_POINT ( 'NONE',  ( 450.0000000000001137, -777.9999999999998863, 300.0000000000000000 ) ) ;
#1162 = VECTOR ( 'NONE', #1674, 1000.000000000000000 ) ;
#1163 = EDGE_LOOP ( 'NONE', ( #318, #2718, #2194, #1258 ) ) ;
#1164 = PLANE ( 'NONE',  #655 ) ;
#1165 = VECTOR ( 'NONE', #595, 1000.000000000000000 ) ;
#1166 = CIRCLE ( 'NONE', #1656, 8.000000000000007105 ) ;
#1167 = ORIENTED_EDGE ( 'NONE', *, *, #1609, .F. ) ;
#1168 = CC_DESIGN_SECURITY_CLASSIFICATION ( #607, ( #448 ) ) ;
#1169 = MANIFOLD_SOLID_BREP ( '切除-拉伸2', #1619 ) ;
#1170 = CIRCLE ( 'NONE', #2011, 15.00000000000000000 ) ;
#1171 = DIRECTION ( 'NONE',  ( 0.000000000000000000, 0.000000000000000000, -1.000000000000000000 ) ) ;
#1172 = DIRECTION ( 'NONE',  ( 1.000000000000000000, 0.000000000000000000, 0.000000000000000000 ) ) ;
#1173 = ORIENTED_EDGE ( 'NONE', *, *, #396, .T. ) ;
#1174 = ORIENTED_EDGE ( 'NONE', *, *, #2328, .F. ) ;
#1175 = EDGE_CURVE ( 'NONE', #467, #1109, #2278, .T. ) ;
#1176 = PLANE ( 'NONE',  #848 ) ;
#1177 = ORIENTED_EDGE ( 'NONE', *, *, #781, .F. ) ;
#1178 = EDGE_LOOP ( 'NONE', ( #2690, #1549, #2526, #1444, #2380, #975 ) ) ;
#1179 = ORGANIZATION ( 'NAUO-ORG2', 'UNSPECIFIED', 'UNSPECIFIED' ) ;
#1180 = ORIENTED_EDGE ( 'NONE', *, *, #471, .T. ) ;
#1181 = CARTESIAN_POINT ( 'NONE',  ( 0.000000000000000000, 0.000000000000000000, 20.00000000000000000 ) ) ;
#1182 = CARTESIAN_POINT ( 'NONE',  ( 15.90000000000005720, 300.0000000000000568, 15.90000000000000036 ) ) ;
#1183 = AXIS2_PLACEMENT_3D ( 'NONE', #667, #2067, #1355 ) ;
#1184 = LOCAL_TIME ( 8, 55, 59.00000000000000000, #1373 ) ;
#1185 = ORIENTED_EDGE ( 'NONE', *, *, #2677, .T. ) ;
#1186 = DIRECTION ( 'NONE',  ( 0.000000000000000000, 0.000000000000000000, 1.000000000000000000 ) ) ;
#1187 = AXIS2_PLACEMENT_3D ( 'NONE', #2034, #2271, #1818 ) ;
#1188 = VECTOR ( 'NONE', #122, 1000.000000000000000 ) ;
#1189 = DIRECTION ( 'NONE',  ( 0.000000000000000000, 0.000000000000000000, -1.000000000000000000 ) ) ;
#1190 = CARTESIAN_POINT ( 'NONE',  ( 6.450000000000001066, 0.000000000000000000, -1.500000000000000000 ) ) ;
#1191 = DIRECTION ( 'NONE',  ( 0.000000000000000000, 0.000000000000000000, -1.000000000000000000 ) ) ;
#1192 = LINE ( 'NONE', #479, #223 ) ;
#1193 = CARTESIAN_POINT ( 'NONE',  ( 5.200000000000006395, -50.50000000000002842, 316.7999999999999545 ) ) ;
#1194 = LINE ( 'NONE', #660, #598 ) ;
#1195 =( NAMED_UNIT ( * ) PLANE_ANGLE_UNIT ( ) SI_UNIT ( $, .RADIAN. ) );
#1196 = ADVANCED_FACE ( 'NONE', ( #914, #1640 ), #2407, .F. ) ;
#1197 = EDGE_CURVE ( 'NONE', #2504, #1708, #2772, .T. ) ;
#1198 = DIRECTION ( 'NONE',  ( 1.000000000000000000, -0.000000000000000000, -0.000000000000000000 ) ) ;
#1199 = VECTOR ( 'NONE', #2729, 1000.000000000000000 ) ;
#1200 = CYLINDRICAL_SURFACE ( 'NONE', #863, 8.000000000000007105 ) ;
#1201 = ORIENTED_EDGE ( 'NONE', *, *, #2618, .T. ) ;
#1202 = PLANE ( 'NONE',  #257 ) ;
#1203 = CARTESIAN_POINT ( 'NONE',  ( 15.90000000000005720, -506.0000000000004547, 15.90000000000000036 ) ) ;
#1204 = LINE ( 'NONE', #204, #2898 ) ;
#1205 = PLANE ( 'NONE',  #484 ) ;
#1206 = FACE_OUTER_BOUND ( 'NONE', #1825, .T. ) ;
#1207 = ORIENTED_EDGE ( 'NONE', *, *, #1993, .T. ) ;
#1208 = ADVANCED_FACE ( 'NONE', ( #2891 ), #1026, .F. ) ;
#1209 = DIRECTION ( 'NONE',  ( 0.000000000000000000, 0.000000000000000000, -1.000000000000000000 ) ) ;
#1210 = CARTESIAN_POINT ( 'NONE',  ( 0.000000000000000000, 0.000000000000000000, 30.00000000000000000 ) ) ;
#1211 = CARTESIAN_POINT ( 'NONE',  ( 30.00000000000009592, -760.0000000000000000, 300.0000000000000000 ) ) ;
#1212 = ORIENTED_EDGE ( 'NONE', *, *, #821, .F. ) ;
#1213 = ORIENTED_EDGE ( 'NONE', *, *, #2258, .F. ) ;
#1214 = EDGE_CURVE ( 'NONE', #395, #1336, #666, .T. ) ;
#1215 = ORIENTED_EDGE ( 'NONE', *, *, #876, .T. ) ;
#1216 = APPROVAL_STATUS ( 'not_yet_approved' ) ;
#1217 = CARTESIAN_POINT ( 'NONE',  ( 5.200000000000002842, -700.0000000000000000, 300.0000000000000000 ) ) ;
#1218 = ORGANIZATION ( 'NAUO-ORG1', 'UNSPECIFIED', 'UNSPECIFIED' ) ;
#1219 = EDGE_LOOP ( 'NONE', ( #1680, #637, #1007, #1045, #2814 ) ) ;
#1220 = VERTEX_POINT ( 'NONE', #1226 ) ;
#1221 = EDGE_CURVE ( 'NONE', #1139, #1002, #343, .T. ) ;
#1222 = ITEM_DEFINED_TRANSFORMATION ( 'NONE', 'NONE', #2116,  #1696 ) ;
#1223 = CARTESIAN_POINT ( 'NONE',  ( 7.979727989493312634E-14, -300.0000000000000000, 27.00000000000000355 ) ) ;
#1224 = APPROVAL_DATE_TIME ( #219, #658 ) ;
#1225 = CARTESIAN_POINT ( 'NONE',  ( 30.00000000000004619, -387.0000000000000000, 300.0000000000000000 ) ) ;
#1226 = CARTESIAN_POINT ( 'NONE',  ( 13.20000000000000639, -50.50000000000002842, 324.7999999999999545 ) ) ;
#1227 = PLANE ( 'NONE',  #624 ) ;
#1228 = CARTESIAN_POINT ( 'NONE',  ( 15.00000000000007994, 350.0000000000000000, 15.00000000000000000 ) ) ;
#1229 = AXIS2_PLACEMENT_3D ( 'NONE', #2893, #2242, #2685 ) ;
#1230 = APPROVAL_ROLE ( '' ) ;
#1231 = ADVANCED_FACE ( 'NONE', ( #2181 ), #2602, .T. ) ;
#1232 = FACE_OUTER_BOUND ( 'NONE', #1361, .T. ) ;
#1233 = AXIS2_PLACEMENT_3D ( 'NONE', #2336, #55, #1665 ) ;
#1234 = CARTESIAN_POINT ( 'NONE',  ( 15.90000000000005720, -400.0000000000000000, 15.90000000000000036 ) ) ;
#1235 = FACE_OUTER_BOUND ( 'NONE', #2126, .T. ) ;
#1236 = EDGE_CURVE ( 'NONE', #2749, #1584, #1276, .T. ) ;
#1237 = CARTESIAN_POINT ( 'NONE',  ( -28.00000000000005684, -350.0000000000000000, 27.00000000000000000 ) ) ;
#1238 = CARTESIAN_POINT ( 'NONE',  ( 30.00000000000000355, -18.00000000000000000, 20.00000000000001776 ) ) ;
#1239 = CIRCLE ( 'NONE', #2195, 8.000000000000007105 ) ;
#1240 = EDGE_LOOP ( 'NONE', ( #1757, #928 ) ) ;
#1241 = DATE_TIME_ROLE ( 'classification_date' ) ;
#1242 = EDGE_CURVE ( 'NONE', #466, #109, #2668, .T. ) ;
#1243 = FACE_OUTER_BOUND ( 'NONE', #285, .T. ) ;
#1244 = EDGE_LOOP ( 'NONE', ( #2150, #1334 ) ) ;
#1245 = CIRCLE ( 'NONE', #1638, 15.00000000000000000 ) ;
#1246 = CARTESIAN_POINT ( 'NONE',  ( 13.20000000000000462, -749.5000000000000000, 316.7999999999999545 ) ) ;
#1247 = CIRCLE ( 'NONE', #894, 15.00000000000000000 ) ;
#1248 = ORIENTED_EDGE ( 'NONE', *, *, #728, .F. ) ;
#1249 = CARTESIAN_POINT ( 'NONE',  ( 15.90000000000005720, 398.5000000000000000, 22.40000000000000568 ) ) ;
#1250 = CARTESIAN_POINT ( 'NONE',  ( 432.0000000000000000, -18.00000000000000000, 300.0000000000000000 ) ) ;
#1251 = ORIENTED_EDGE ( 'NONE', *, *, #632, .F. ) ;
#1252 = APPROVAL_STATUS ( 'not_yet_approved' ) ;
#1253 = CC_DESIGN_PERSON_AND_ORGANIZATION_ASSIGNMENT ( #589, #2178, ( #1386 ) ) ;
#1254 = DIRECTION ( 'NONE',  ( -1.288758049684149971E-16, -0.000000000000000000, 1.000000000000000000 ) ) ;
#1255 = ORIENTED_EDGE ( 'NONE', *, *, #840, .T. ) ;
#1256 = VERTEX_POINT ( 'NONE', #1710 ) ;
#1257 = CC_DESIGN_PERSON_AND_ORGANIZATION_ASSIGNMENT ( #2399, #1748, ( #1471 ) ) ;
#1258 = ORIENTED_EDGE ( 'NONE', *, *, #1993, .F. ) ;
#1259 = CARTESIAN_POINT ( 'NONE',  ( 30.00000000000009592, -778.0000000000000000, 300.0000000000000000 ) ) ;
#1260 = ORIENTED_EDGE ( 'NONE', *, *, #1970, .F. ) ;
#1261 = DIRECTION ( 'NONE',  ( 0.000000000000000000, -1.000000000000000000, 0.000000000000000000 ) ) ;
#1262 = EDGE_CURVE ( 'NONE', #646, #2401, #2486, .T. ) ;
#1263 = PERSON_AND_ORGANIZATION ( #809, #2719 ) ;
#1264 = ORIENTED_EDGE ( 'NONE', *, *, #2930, .T. ) ;
#1265 = DATE_AND_TIME ( #2406, #690 ) ;
#1266 = ORIENTED_EDGE ( 'NONE', *, *, #976, .F. ) ;
#1267 = DIRECTION ( 'NONE',  ( -2.065146995210486914E-16, 0.000000000000000000, -1.000000000000000000 ) ) ;
#1268 = DIRECTION ( 'NONE',  ( 1.232566680299310330E-16, -1.000000000000000000, 0.000000000000000000 ) ) ;
#1269 = VECTOR ( 'NONE', #97, 1000.000000000000000 ) ;
#1270 = VECTOR ( 'NONE', #1849, 1000.000000000000000 ) ;
#1271 = SECURITY_CLASSIFICATION_LEVEL ( 'unclassified' ) ;
#1272 = DIRECTION ( 'NONE',  ( 0.000000000000000000, -0.000000000000000000, 1.000000000000000000 ) ) ;
#1273 = CC_DESIGN_DATE_AND_TIME_ASSIGNMENT ( #1525, #2216, ( #246 ) ) ;
#1274 = FACE_OUTER_BOUND ( 'NONE', #2200, .T. ) ;
#1275 = ORIENTED_EDGE ( 'NONE', *, *, #311, .F. ) ;
#1276 = CIRCLE ( 'NONE', #706, 5.049999999999998934 ) ;
#1277 = ORIENTED_EDGE ( 'NONE', *, *, #856, .F. ) ;
#1278 = DIRECTION ( 'NONE',  ( -0.000000000000000000, -0.000000000000000000, -1.000000000000000000 ) ) ;
#1279 = CARTESIAN_POINT ( 'NONE',  ( 30.00000000000001421, -369.0000000000000000, 300.0000000000000000 ) ) ;
#1280 = CARTESIAN_POINT ( 'NONE',  ( 15.90000000000005720, 400.0000000000000000, 15.90000000000000036 ) ) ;
#1281 = VECTOR ( 'NONE', #2739, 1000.000000000000000 ) ;
#1282 =( REPRESENTATION_RELATIONSHIP ('NONE','NONE', #1856, #744 ) REPRESENTATION_RELATIONSHIP_WITH_TRANSFORMATION ( #1222 )SHAPE_REPRESENTATION_RELATIONSHIP( ) );
#1283 = DIRECTION ( 'NONE',  ( 0.000000000000000000, 0.000000000000000000, -1.000000000000000000 ) ) ;
#1284 = VECTOR ( 'NONE', #2339, 1000.000000000000000 ) ;
#1285 = CLOSED_SHELL ( 'NONE', ( #709, #453, #2498, #2310, #232, #749, #277, #552, #51 ) ) ;
#1286 = VECTOR ( 'NONE', #1422, 1000.000000000000000 ) ;
#1287 = AXIS2_PLACEMENT_3D ( 'NONE', #704, #2306, #715 ) ;
#1288 = DIRECTION ( 'NONE',  ( 0.000000000000000000, 1.000000000000000000, 0.000000000000000000 ) ) ;
#1289 = ORIENTED_EDGE ( 'NONE', *, *, #2571, .T. ) ;
#1290 = DIRECTION ( 'NONE',  ( -0.000000000000000000, -1.000000000000000000, -0.000000000000000000 ) ) ;
#1291 = EDGE_LOOP ( 'NONE', ( #68, #2260 ) ) ;
#1292 =( REPRESENTATION_RELATIONSHIP ('NONE','NONE', #1856, #836 ) REPRESENTATION_RELATIONSHIP_WITH_TRANSFORMATION ( #509 )SHAPE_REPRESENTATION_RELATIONSHIP( ) );
#1293 = PLANE ( 'NONE',  #1621 ) ;
#1294 = ORIENTED_EDGE ( 'NONE', *, *, #1838, .F. ) ;
#1295 = VERTEX_POINT ( 'NONE', #351 ) ;
#1296 = ORIENTED_EDGE ( 'NONE', *, *, #1834, .F. ) ;
#1297 = PERSON_AND_ORGANIZATION ( #1615, #1218 ) ;
#1298 = ORIENTED_EDGE ( 'NONE', *, *, #88, .F. ) ;
#1299 = DIRECTION ( 'NONE',  ( -5.478074134663601740E-17, 1.000000000000000000, -0.000000000000000000 ) ) ;
#1300 = CALENDAR_DATE ( 2026, 5, 6 ) ;
#1301 = DIRECTION ( 'NONE',  ( -0.000000000000000000, 1.000000000000000000, -0.000000000000000000 ) ) ;
#1302 = ORIENTED_EDGE ( 'NONE', *, *, #2224, .F. ) ;
#1303 = CARTESIAN_POINT ( 'NONE',  ( 432.0000000000000568, -369.0000000000000000, 300.0000000000000000 ) ) ;
#1304 = ADVANCED_FACE ( 'NONE', ( #2136 ), #802, .T. ) ;
#1305 = EDGE_CURVE ( 'NONE', #2500, #2010, #56, .T. ) ;
#1306 = PERSON_AND_ORGANIZATION ( #459, #1492 ) ;
#1307 = DIRECTION ( 'NONE',  ( -0.000000000000000000, -0.000000000000000000, -1.000000000000000000 ) ) ;
#1308 = VECTOR ( 'NONE', #1586, 1000.000000000000000 ) ;
#1309 = DIRECTION ( 'NONE',  ( -0.000000000000000000, 1.000000000000000000, -0.000000000000000000 ) ) ;
#1310 = VECTOR ( 'NONE', #1805, 1000.000000000000000 ) ;
#1311 = DIRECTION ( 'NONE',  ( -0.000000000000000000, -0.000000000000000000, -1.000000000000000000 ) ) ;
#1312 = DIRECTION ( 'NONE',  ( -0.000000000000000000, 1.000000000000000000, -0.000000000000000000 ) ) ;
#1313 = CYLINDRICAL_SURFACE ( 'NONE', #2903, 8.000000000000007105 ) ;
#1314 = AXIS2_PLACEMENT_3D ( 'NONE', #12, #272, #240 ) ;
#1315 = FACE_OUTER_BOUND ( 'NONE', #2565, .T. ) ;
#1316 = CARTESIAN_POINT ( 'NONE',  ( 30.00000000000001421, -369.0000000000000000, 702.4027832905732112 ) ) ;
#1317 = ORIENTED_EDGE ( 'NONE', *, *, #1811, .T. ) ;
#1318 = CC_DESIGN_PERSON_AND_ORGANIZATION_ASSIGNMENT ( #1761, #2659, ( #1412 ) ) ;
#1319 = CIRCLE ( 'NONE', #2450, 6.450000000000001066 ) ;
#1320 = ORIENTED_EDGE ( 'NONE', *, *, #2021, .F. ) ;
#1321 = PLANE ( 'NONE',  #1823 ) ;
#1322 = EDGE_CURVE ( 'NONE', #1751, #789, #2060, .T. ) ;
#1323 = VECTOR ( 'NONE', #2272, 1000.000000000000000 ) ;
#1324 = DIRECTION ( 'NONE',  ( -0.000000000000000000, 1.000000000000000000, -0.000000000000000000 ) ) ;
#1325 = PRODUCT_DEFINITION_SHAPE ( 'NONE', 'NONE',  #987 ) ;
#1326 = VERTEX_POINT ( 'NONE', #2008 ) ;
#1327 = EDGE_CURVE ( 'NONE', #2746, #437, #2734, .T. ) ;
#1328 = CARTESIAN_POINT ( 'NONE',  ( 7.961735002956730495E-14, 400.0000000000000000, 30.00000000000000000 ) ) ;
#1329 = EDGE_LOOP ( 'NONE', ( #1762, #2144, #2652, #2495 ) ) ;
#1330 = DIRECTION ( 'NONE',  ( -0.000000000000000000, -0.000000000000000000, -1.000000000000000000 ) ) ;
#1331 = CARTESIAN_POINT ( 'NONE',  ( 15.00000000000007994, 400.0000000000000000, 15.00000000000000000 ) ) ;
#1332 = AXIS2_PLACEMENT_3D ( 'NONE', #1734, #1301, #2883 ) ;
#1333 = ORIENTED_EDGE ( 'NONE', *, *, #298, .F. ) ;
#1334 = ORIENTED_EDGE ( 'NONE', *, *, #1855, .F. ) ;
#1335 = DIRECTION ( 'NONE',  ( -0.000000000000000000, -0.000000000000000000, 1.000000000000000000 ) ) ;
#1336 = VERTEX_POINT ( 'NONE', #154 ) ;
#1337 = ORIENTED_EDGE ( 'NONE', *, *, #1720, .F. ) ;
#1338 = PRODUCT_DEFINITION ( '未知', '', #2137, #2083 ) ;
#1339 = DATE_AND_TIME ( #146, #683 ) ;
#1340 = ORIENTED_EDGE ( 'NONE', *, *, #739, .F. ) ;
#1341 = CARTESIAN_POINT ( 'NONE',  ( 22.00000000000000711, -749.5000000000000000, 316.7999999999999545 ) ) ;
#1342 = DATE_AND_TIME ( #549, #2048 ) ;
#1343 = CARTESIAN_POINT ( 'NONE',  ( 15.00000000000007994, 400.0000000000000000, 0.000000000000000000 ) ) ;
#1344 = DATE_AND_TIME ( #1952, #2014 ) ;
#1345 = DIRECTION ( 'NONE',  ( -1.000000000000000000, 0.000000000000000000, 0.000000000000000000 ) ) ;
#1346 = EDGE_CURVE ( 'NONE', #2824, #1751, #2593, .T. ) ;
#1347 = VECTOR ( 'NONE', #1052, 1000.000000000000000 ) ;
#1348 = CIRCLE ( 'NONE', #281, 5.000000000000000888 ) ;
#1349 = FACE_OUTER_BOUND ( 'NONE', #2360, .T. ) ;
#1350 = ORIENTED_EDGE ( 'NONE', *, *, #317, .T. ) ;
#1351 = PLANE ( 'NONE',  #954 ) ;
#1352 = AXIS2_PLACEMENT_3D ( 'NONE', #449, #676, #1617 ) ;
#1353 = CIRCLE ( 'NONE', #1332, 5.000000000000000888 ) ;
#1354 = DIRECTION ( 'NONE',  ( 0.000000000000000000, 0.000000000000000000, 1.000000000000000000 ) ) ;
#1355 = DIRECTION ( 'NONE',  ( 1.000000000000000000, 0.000000000000000000, 0.000000000000000000 ) ) ;
#1356 = ORIENTED_EDGE ( 'NONE', *, *, #781, .T. ) ;
#1357 = EDGE_CURVE ( 'NONE', #2874, #467, #263, .T. ) ;
#1358 = CARTESIAN_POINT ( 'NONE',  ( -0.000000000000000000, -350.0000000000000000, 0.000000000000000000 ) ) ;
#1359 = LINE ( 'NONE', #601, #273 ) ;
#1360 = DIRECTION ( 'NONE',  ( 0.000000000000000000, -1.000000000000000000, 0.000000000000000000 ) ) ;
#1361 = EDGE_LOOP ( 'NONE', ( #2177, #1690, #2570, #143 ) ) ;
#1362 = CARTESIAN_POINT ( 'NONE',  ( 15.90000000000000036, -749.5000000000000000, 321.0500000000000114 ) ) ;
#1363 = AXIS2_PLACEMENT_3D ( 'NONE', #31, #1189, #1664 ) ;
#1364 = DIRECTION ( 'NONE',  ( 1.232566680299310330E-16, -1.000000000000000000, 0.000000000000000000 ) ) ;
#1365 = ORIENTED_EDGE ( 'NONE', *, *, #2276, .T. ) ;
#1366 = VERTEX_POINT ( 'NONE', #133 ) ;
#1367 = CARTESIAN_POINT ( 'NONE',  ( 432.0000000000000000, -18.00000000000000000, -0.000000000000000000 ) ) ;
#1368 = VERTEX_POINT ( 'NONE', #172 ) ;
#1369 = CALENDAR_DATE ( 2026, 5, 6 ) ;
#1370 = EDGE_LOOP ( 'NONE', ( #280, #813, #1371, #889 ) ) ;
#1371 = ORIENTED_EDGE ( 'NONE', *, *, #233, .F. ) ;
#1372 = ADVANCED_FACE ( 'NONE', ( #1676 ), #1758, .F. ) ;
#1373 = COORDINATED_UNIVERSAL_TIME_OFFSET ( 8, 0, .AHEAD. ) ;
#1374 = EDGE_LOOP ( 'NONE', ( #2622, #2748, #1661, #1136 ) ) ;
#1375 = CC_DESIGN_SECURITY_CLASSIFICATION ( #710, ( #2629 ) ) ;
#1376 = DIRECTION ( 'NONE',  ( -1.224646799147353207E-16, 1.000000000000000000, 0.000000000000000000 ) ) ;
#1377 = CARTESIAN_POINT ( 'NONE',  ( 450.0000000000000000, 0.000000000000000000, 300.0000000000000000 ) ) ;
#1378 = LOCAL_TIME ( 8, 55, 59.00000000000000000, #406 ) ;
#1379 = EDGE_CURVE ( 'NONE', #1391, #1657, #1353, .T. ) ;
#1380 = DIRECTION ( 'NONE',  ( -0.000000000000000000, 1.000000000000000000, -0.000000000000000000 ) ) ;
#1381 = LINE ( 'NONE', #1577, #1919 ) ;
#1382 = CARTESIAN_POINT ( 'NONE',  ( 30.00000000000009592, -760.0000000000000000, 20.00000000000000000 ) ) ;
#1383 = DIRECTION ( 'NONE',  ( 1.000000000000000000, 1.232566680299310330E-16, -0.000000000000000000 ) ) ;
#1384 = VECTOR ( 'NONE', #2541, 1000.000000000000000 ) ;
#1385 = EDGE_CURVE ( 'NONE', #389, #1978, #2954, .T. ) ;
#1386 = PRODUCT ( '吊柜17-柜体_吊柜17', '吊柜17-柜体_吊柜17', '', ( #786 ) ) ;
#1387 = DIRECTION ( 'NONE',  ( -1.288758049684149971E-16, -0.000000000000000000, 1.000000000000000000 ) ) ;
#1388 = VECTOR ( 'NONE', #1886, 1000.000000000000000 ) ;
#1389 = DIRECTION ( 'NONE',  ( -0.000000000000000000, 1.000000000000000000, -0.000000000000000000 ) ) ;
#1390 = VECTOR ( 'NONE', #1824, 1000.000000000000000 ) ;
#1391 = VERTEX_POINT ( 'NONE', #2427 ) ;
#1392 = CARTESIAN_POINT ( 'NONE',  ( 15.00000000000007994, 400.0000000000000000, 15.00000000000000000 ) ) ;
#1393 = VECTOR ( 'NONE', #2474, 1000.000000000000000 ) ;
#1394 = EDGE_LOOP ( 'NONE', ( #2594, #2047, #1871, #353 ) ) ;
#1395 = AXIS2_PLACEMENT_3D ( 'NONE', #1675, #290, #2164 ) ;
#1396 = DIRECTION ( 'NONE',  ( 0.000000000000000000, 0.000000000000000000, 1.000000000000000000 ) ) ;
#1397 = VERTEX_POINT ( 'NONE', #1998 ) ;
#1398 = DIRECTION ( 'NONE',  ( 1.000000000000000000, 0.000000000000000000, 0.000000000000000000 ) ) ;
#1399 = VERTEX_POINT ( 'NONE', #144 ) ;
#1400 = EDGE_CURVE ( 'NONE', #1703, #2818, #226, .T. ) ;
#1401 = DIRECTION ( 'NONE',  ( 2.065146995210486914E-16, 0.000000000000000000, 1.000000000000000000 ) ) ;
#1402 = ADVANCED_BREP_SHAPE_REPRESENTATION ( '', ( #2056, #1169, #1696 ), #2666 ) ;
#1403 = ADVANCED_FACE ( 'NONE', ( #1738, #378 ), #838, .T. ) ;
#1404 = ORIENTED_EDGE ( 'NONE', *, *, #1461, .F. ) ;
#1405 = CARTESIAN_POINT ( 'NONE',  ( 15.90000000000005720, 398.5000000000000000, 9.399999999999995026 ) ) ;
#1406 = DIRECTION ( 'NONE',  ( -0.000000000000000000, 1.000000000000000000, -0.000000000000000000 ) ) ;
#1407 = ORIENTED_EDGE ( 'NONE', *, *, #2599, .F. ) ;
#1408 = CONTEXT_DEPENDENT_SHAPE_REPRESENTATION ( #1282, #742 ) ;
#1409 = ORIENTED_EDGE ( 'NONE', *, *, #2728, .T. ) ;
#1410 = CC_DESIGN_PERSON_AND_ORGANIZATION_ASSIGNMENT ( #478, #2089, ( #2963 ) ) ;
#1411 = PERSON_AND_ORGANIZATION ( #459, #1492 ) ;
#1412 = SECURITY_CLASSIFICATION ( '', '', #2198 ) ;
#1413 = DIRECTION ( 'NONE',  ( -0.000000000000000000, -0.000000000000000000, -1.000000000000000000 ) ) ;
#1414 = CARTESIAN_POINT ( 'NONE',  ( 30.00000000000000355, -18.00000000000000000, 20.00000000000001776 ) ) ;
#1415 = VECTOR ( 'NONE', #1001, 1000.000000000000000 ) ;
#1416 =( NAMED_UNIT ( * ) SI_UNIT ( $, .STERADIAN. ) SOLID_ANGLE_UNIT ( ) );
#1417 = ADVANCED_FACE ( 'NONE', ( #1125 ), #408, .F. ) ;
#1418 = EDGE_CURVE ( 'NONE', #2068, #315, #1063, .T. ) ;
#1419 = VECTOR ( 'NONE', #1254, 1000.000000000000000 ) ;
#1420 = AXIS2_PLACEMENT_3D ( 'NONE', #2086, #1880, #2769 ) ;
#1421 = LINE ( 'NONE', #2332, #1885 ) ;
#1422 = DIRECTION ( 'NONE',  ( -1.288758049684149971E-16, 0.000000000000000000, 1.000000000000000000 ) ) ;
#1423 = CARTESIAN_POINT ( 'NONE',  ( 22.00000000000000711, -50.50000000000002842, 324.7999999999999545 ) ) ;
#1424 = CARTESIAN_POINT ( 'NONE',  ( 7.961735002956730495E-14, -400.0000000000000000, 30.00000000000000000 ) ) ;
#1425 = VECTOR ( 'NONE', #2093, 1000.000000000000000 ) ;
#1426 = CARTESIAN_POINT ( 'NONE',  ( -295.1813204887218376, 239.1428571428571388, 153.6000000000000227 ) ) ;
#1427 = CIRCLE ( 'NONE', #1287, 5.000000000000000888 ) ;
#1428 = ORIENTED_EDGE ( 'NONE', *, *, #1720, .T. ) ;
#1429 = CARTESIAN_POINT ( 'NONE',  ( 13.20000000000000462, -50.50000000000002842, 316.7999999999999545 ) ) ;
#1430 = DIRECTION ( 'NONE',  ( 0.000000000000000000, 0.000000000000000000, 1.000000000000000000 ) ) ;
#1431 = CC_DESIGN_PERSON_AND_ORGANIZATION_ASSIGNMENT ( #937, #2397, ( #710 ) ) ;
#1432 = CARTESIAN_POINT ( 'NONE',  ( 450.0000000000001137, 400.0000000000000000, 30.00000000000000000 ) ) ;
#1433 = FACE_OUTER_BOUND ( 'NONE', #622, .T. ) ;
#1434 = DIRECTION ( 'NONE',  ( -0.000000000000000000, -1.000000000000000000, -0.000000000000000000 ) ) ;
#1435 = CARTESIAN_POINT ( 'NONE',  ( 15.90000000000000036, -700.0000000000000000, 310.9499999999999886 ) ) ;
#1436 = EDGE_CURVE ( 'NONE', #2232, #2500, #949, .T. ) ;
#1437 = VERTEX_POINT ( 'NONE', #2053 ) ;
#1438 = ORIENTED_EDGE ( 'NONE', *, *, #298, .T. ) ;
#1439 = CARTESIAN_POINT ( 'NONE',  ( 432.0000000000000000, -18.00000000000000000, 20.00000000000001776 ) ) ;
#1440 = UNCERTAINTY_MEASURE_WITH_UNIT (LENGTH_MEASURE( 1.000000000000000082E-05 ), #2553, 'distance_accuracy_value', 'NONE');
#1441 = EDGE_CURVE ( 'NONE', #1256, #525, #737, .T. ) ;
#1442 = CLOSED_SHELL ( 'NONE', ( #880, #91, #1417, #2880, #961, #1480 ) ) ;
#1443 = ORIENTED_EDGE ( 'NONE', *, *, #990, .F. ) ;
#1444 = ORIENTED_EDGE ( 'NONE', *, *, #804, .T. ) ;
#1445 = CARTESIAN_POINT ( 'NONE',  ( 15.90000000000005720, -400.0000000000000000, 15.90000000000000036 ) ) ;
#1446 = ORIENTED_EDGE ( 'NONE', *, *, #1033, .F. ) ;
#1447 = CARTESIAN_POINT ( 'NONE',  ( 30.00000000000000355, -749.5000000000000000, 300.0000000000000000 ) ) ;
#1448 = AXIS2_PLACEMENT_3D ( 'NONE', #1008, #2858, #1691 ) ;
#1449 = CALENDAR_DATE ( 2026, 5, 6 ) ;
#1450 = ORIENTED_EDGE ( 'NONE', *, *, #291, .F. ) ;
#1451 = PERSON_AND_ORGANIZATION_ROLE ( 'creator' ) ;
#1452 = ADVANCED_FACE ( 'NONE', ( #2557 ), #1994, .F. ) ;
#1453 = AXIS2_PLACEMENT_3D ( 'NONE', #574, #2394, #2141 ) ;
#1454 = DIRECTION ( 'NONE',  ( -1.224646799147353207E-16, 1.000000000000000000, 0.000000000000000000 ) ) ;
#1455 = VECTOR ( 'NONE', #2385, 1000.000000000000000 ) ;
#1456 = EDGE_CURVE ( 'NONE', #2497, #2162, #1962, .T. ) ;
#1457 = CARTESIAN_POINT ( 'NONE',  ( -4.000000000000017764, 0.000000000000000000, 120.0000000000000000 ) ) ;
#1458 = VECTOR ( 'NONE', #1434, 1000.000000000000000 ) ;
#1459 = LINE ( 'NONE', #1552, #1090 ) ;
#1460 = APPROVAL_ROLE ( '' ) ;
#1461 = EDGE_CURVE ( 'NONE', #245, #1703, #452, .T. ) ;
#1462 = CARTESIAN_POINT ( 'NONE',  ( 7.961735002956730495E-14, 400.0000000000000000, 15.00000000000000000 ) ) ;
#1463 = VECTOR ( 'NONE', #2372, 1000.000000000000000 ) ;
#1464 = ADVANCED_FACE ( 'NONE', ( #1535 ), #489, .F. ) ;
#1465 = VECTOR ( 'NONE', #2750, 1000.000000000000000 ) ;
#1466 = DIRECTION ( 'NONE',  ( -0.000000000000000000, 1.000000000000000000, -0.000000000000000000 ) ) ;
#1467 = CONICAL_SURFACE ( 'NONE', #1907, 4.000000000000017764, 0.7853981633974460586 ) ;
#1468 = APPLICATION_CONTEXT ( 'configuration controlled 3d designs of mechanical parts and assemblies' ) ;
#1469 = AXIS2_PLACEMENT_3D ( 'NONE', #2410, #1043, #1524 ) ;
#1470 = CARTESIAN_POINT ( 'NONE',  ( 22.00000000000000711, -50.50000000000002842, 316.7999999999999545 ) ) ;
#1471 = SECURITY_CLASSIFICATION ( '', '', #1072 ) ;
#1472 = CARTESIAN_POINT ( 'NONE',  ( 15.90000000000005720, -506.0000000000004547, 15.90000000000000036 ) ) ;
#1473 = DIRECTION ( 'NONE',  ( 1.224646799147353207E-16, -1.000000000000000000, 0.000000000000000000 ) ) ;
#1474 = DIRECTION ( 'NONE',  ( -0.000000000000000000, -0.000000000000000000, -1.000000000000000000 ) ) ;
#1475 = DIRECTION ( 'NONE',  ( 0.000000000000000000, 0.000000000000000000, -1.000000000000000000 ) ) ;
#1476 = VERTEX_POINT ( 'NONE', #1343 ) ;
#1477 = EDGE_CURVE ( 'NONE', #1963, #1005, #302, .T. ) ;
#1478 = VERTEX_POINT ( 'NONE', #1576 ) ;
#1479 = SECURITY_CLASSIFICATION_LEVEL ( 'unclassified' ) ;
#1480 = ADVANCED_FACE ( 'NONE', ( #778 ), #1176, .T. ) ;
#1481 = CARTESIAN_POINT ( 'NONE',  ( -28.00000000000005684, 350.0000000000000000, 27.00000000000000000 ) ) ;
#1482 = EDGE_LOOP ( 'NONE', ( #1939, #2636, #935, #2716 ) ) ;
#1483 = ORIENTED_EDGE ( 'NONE', *, *, #2712, .T. ) ;
#1484 = EDGE_CURVE ( 'NONE', #2114, #1476, #2100, .T. ) ;
#1485 = COORDINATED_UNIVERSAL_TIME_OFFSET ( 8, 0, .AHEAD. ) ;
#1486 = ORIENTED_EDGE ( 'NONE', *, *, #553, .F. ) ;
#1487 = DIRECTION ( 'NONE',  ( 0.000000000000000000, 0.000000000000000000, 1.000000000000000000 ) ) ;
#1488 = APPROVAL_PERSON_ORGANIZATION ( #2300, #195, #2596 ) ;
#1489 = DIRECTION ( 'NONE',  ( -0.000000000000000000, -0.000000000000000000, -1.000000000000000000 ) ) ;
#1490 = CARTESIAN_POINT ( 'NONE',  ( 30.00000000000000355, -18.00000000000000000, 300.0000000000000000 ) ) ;
#1491 = AXIS2_PLACEMENT_3D ( 'NONE', #2901, #1779, #1537 ) ;
#1492 = ORGANIZATION ( '未指定', '未指定', '' ) ;
#1493 = APPROVAL_ROLE ( '' ) ;
#1494 = CARTESIAN_POINT ( 'NONE',  ( 432.0000000000001705, -369.0000000000000000, 702.4027832905732112 ) ) ;
#1495 = VECTOR ( 'NONE', #1759, 1000.000000000000000 ) ;
#1496 = CC_DESIGN_APPROVAL ( #658, ( #448 ) ) ;
#1497 = VECTOR ( 'NONE', #1513, 1000.000000000000000 ) ;
#1498 = CARTESIAN_POINT ( 'NONE',  ( 15.90000000000005720, -506.0000000000004547, 15.90000000000000036 ) ) ;
#1499 = DIRECTION ( 'NONE',  ( 0.000000000000000000, -0.000000000000000000, -1.000000000000000000 ) ) ;
#1500 = VECTOR ( 'NONE', #1527, 1000.000000000000000 ) ;
#1501 = ORIENTED_EDGE ( 'NONE', *, *, #107, .T. ) ;
#1502 = APPROVAL_STATUS ( 'not_yet_approved' ) ;
#1503 = EDGE_CURVE ( 'NONE', #789, #2182, #875, .T. ) ;
#1504 = DIRECTION ( 'NONE',  ( 0.000000000000000000, 0.000000000000000000, 1.000000000000000000 ) ) ;
#1505 = VECTOR ( 'NONE', #253, 1000.000000000000000 ) ;
#1506 = EDGE_LOOP ( 'NONE', ( #547, #678, #1044, #1979 ) ) ;
#1507 = ORIENTED_EDGE ( 'NONE', *, *, #1221, .F. ) ;
#1508 = EDGE_CURVE ( 'NONE', #826, #1336, #2703, .T. ) ;
#1509 = CARTESIAN_POINT ( 'NONE',  ( 7.961735002956730495E-14, -400.0000000000000000, 30.00000000000000000 ) ) ;
#1510 = PLANE ( 'NONE',  #2971 ) ;
#1511 = CYLINDRICAL_SURFACE ( 'NONE', #2855, 5.000000000000000888 ) ;
#1512 = APPROVAL_STATUS ( 'not_yet_approved' ) ;
#1513 = DIRECTION ( 'NONE',  ( -0.000000000000000000, -0.000000000000000000, -1.000000000000000000 ) ) ;
#1514 = EDGE_LOOP ( 'NONE', ( #1830, #475 ) ) ;
#1515 = ORIENTED_EDGE ( 'NONE', *, *, #534, .T. ) ;
#1516 = VERTEX_POINT ( 'NONE', #1382 ) ;
#1517 = CC_DESIGN_SECURITY_CLASSIFICATION ( #1471, ( #2977 ) ) ;
#1518 = ORIENTED_EDGE ( 'NONE', *, *, #1346, .F. ) ;
#1519 = CARTESIAN_POINT ( 'NONE',  ( 432.0000000000001137, -760.0000000000000000, 702.4027832905732112 ) ) ;
#1520 = DIRECTION ( 'NONE',  ( 0.000000000000000000, -1.000000000000000000, 0.000000000000000000 ) ) ;
#1521 = EDGE_CURVE ( 'NONE', #171, #2162, #128, .T. ) ;
#1522 = CALENDAR_DATE ( 2026, 5, 6 ) ;
#1523 = ORIENTED_EDGE ( 'NONE', *, *, #142, .T. ) ;
#1524 = DIRECTION ( 'NONE',  ( 0.000000000000000000, 0.000000000000000000, -1.000000000000000000 ) ) ;
#1525 = DATE_AND_TIME ( #1449, #2125 ) ;
#1526 = AXIS2_PLACEMENT_3D ( 'NONE', #2413, #2173, #2643 ) ;
#1527 = DIRECTION ( 'NONE',  ( -2.065146995210486914E-16, -0.000000000000000000, -1.000000000000000000 ) ) ;
#1528 = PERSON_AND_ORGANIZATION ( #459, #1492 ) ;
#1529 = DIRECTION ( 'NONE',  ( 0.000000000000000000, -0.000000000000000000, -1.000000000000000000 ) ) ;
#1530 = VECTOR ( 'NONE', #1312, 1000.000000000000000 ) ;
#1531 = AXIS2_PLACEMENT_3D ( 'NONE', #911, #680, #2255 ) ;
#1532 = CYLINDRICAL_SURFACE ( 'NONE', #465, 5.000000000000000000 ) ;
#1533 = APPROVAL ( #1701, '未指定' ) ;
#1534 = CIRCLE ( 'NONE', #79, 15.00000000000000000 ) ;
#1535 = FACE_OUTER_BOUND ( 'NONE', #2944, .T. ) ;
#1536 = EDGE_CURVE ( 'NONE', #1708, #217, #1024, .T. ) ;
#1537 = DIRECTION ( 'NONE',  ( 0.000000000000000000, 0.000000000000000000, 1.000000000000000000 ) ) ;
#1538 = CARTESIAN_POINT ( 'NONE',  ( 15.90000000000005720, -506.0000000000004547, 20.90000000000000213 ) ) ;
#1539 = DIRECTION ( 'NONE',  ( 0.000000000000000000, 1.000000000000000000, 0.000000000000000000 ) ) ;
#1540 = FACE_OUTER_BOUND ( 'NONE', #2309, .T. ) ;
#1541 = ORIENTED_EDGE ( 'NONE', *, *, #202, .F. ) ;
#1542 = DIRECTION ( 'NONE',  ( 0.000000000000000000, 0.000000000000000000, 1.000000000000000000 ) ) ;
#1543 = LINE ( 'NONE', #2795, #1681 ) ;
#1544 = ORIENTED_EDGE ( 'NONE', *, *, #1935, .F. ) ;
#1545 = DIRECTION ( 'NONE',  ( -1.000000000000000000, -1.387778780781445676E-16, 0.000000000000000000 ) ) ;
#1546 = VECTOR ( 'NONE', #120, 1000.000000000000000 ) ;
#1547 = AXIS2_PLACEMENT_3D ( 'NONE', #1131, #1116, #2733 ) ;
#1548 = CARTESIAN_POINT ( 'NONE',  ( 7.961735002956730495E-14, 400.0000000000000000, 15.00000000000000000 ) ) ;
#1549 = ORIENTED_EDGE ( 'NONE', *, *, #990, .T. ) ;
#1550 = EDGE_LOOP ( 'NONE', ( #1350, #965, #2870, #441 ) ) ;
#1551 = AXIS2_PLACEMENT_3D ( 'NONE', #663, #2709, #2947 ) ;
#1552 = CARTESIAN_POINT ( 'NONE',  ( 15.90000000000005720, -398.5000000000000000, 22.40000000000000568 ) ) ;
#1553 = ORIENTED_EDGE ( 'NONE', *, *, #1, .T. ) ;
#1554 = ORIENTED_EDGE ( 'NONE', *, *, #2958, .F. ) ;
#1555 = EDGE_LOOP ( 'NONE', ( #2863, #1180, #711, #2704 ) ) ;
#1556 = CARTESIAN_POINT ( 'NONE',  ( 432.0000000000001137, -777.9999999999998863, 300.0000000000000000 ) ) ;
#1557 = EDGE_LOOP ( 'NONE', ( #1936, #279, #1446, #652 ) ) ;
#1558 = PERSON_AND_ORGANIZATION ( #459, #1492 ) ;
#1559 = DIRECTION ( 'NONE',  ( 0.000000000000000000, 0.000000000000000000, 1.000000000000000000 ) ) ;
#1560 = EDGE_LOOP ( 'NONE', ( #2152, #930, #874, #2063 ) ) ;
#1561 = EDGE_CURVE ( 'NONE', #1721, #177, #53, .T. ) ;
#1562 = DIRECTION ( 'NONE',  ( 1.000000000000000000, 1.224646799147353207E-16, -0.000000000000000000 ) ) ;
#1563 = CARTESIAN_POINT ( 'NONE',  ( 30.00000000000004263, -369.0000000000000000, 300.0000000000000000 ) ) ;
#1564 = LINE ( 'NONE', #2932, #729 ) ;
#1565 = VECTOR ( 'NONE', #1283, 1000.000000000000000 ) ;
#1566 = AXIS2_PLACEMENT_3D ( 'NONE', #531, #1933, #1692 ) ;
#1567 = PRODUCT_DEFINITION_SHAPE ( 'NONE', 'NONE',  #2976 ) ;
#1568 = DIRECTION ( 'NONE',  ( 0.000000000000000000, 1.000000000000000000, -0.000000000000000000 ) ) ;
#1569 = LINE ( 'NONE', #1367, #661 ) ;
#1570 = DIRECTION ( 'NONE',  ( -0.000000000000000000, -1.000000000000000000, -0.000000000000000000 ) ) ;
#1571 = VECTOR ( 'NONE', #2644, 1000.000000000000000 ) ;
#1572 = ADVANCED_FACE ( 'NONE', ( #1315 ), #2381, .F. ) ;
#1573 = CARTESIAN_POINT ( 'NONE',  ( 432.0000000000001137, -778.0000000000000000, 20.00000000000000000 ) ) ;
#1574 = EDGE_CURVE ( 'NONE', #2331, #1220, #1239, .T. ) ;
#1575 = VECTOR ( 'NONE', #1364, 1000.000000000000000 ) ;
#1576 = CARTESIAN_POINT ( 'NONE',  ( 15.90000000000005720, 398.5000000000000568, 20.90000000000000213 ) ) ;
#1577 = CARTESIAN_POINT ( 'NONE',  ( 7.961735002956730495E-14, 400.0000000000000000, 15.00000000000000000 ) ) ;
#1578 = DIRECTION ( 'NONE',  ( 0.000000000000000000, 0.000000000000000000, -1.000000000000000000 ) ) ;
#1579 = VERTEX_POINT ( 'NONE', #2857 ) ;
#1580 = AXIS2_PLACEMENT_3D ( 'NONE', #288, #536, #2140 ) ;
#1581 = CYLINDRICAL_SURFACE ( 'NONE', #1056, 5.049999999999998934 ) ;
#1582 = CARTESIAN_POINT ( 'NONE',  ( 30.00000000000009237, -749.5000000000000000, 300.0000000000000000 ) ) ;
#1583 = AXIS2_PLACEMENT_3D ( 'NONE', #2018, #444, #206 ) ;
#1584 = VERTEX_POINT ( 'NONE', #590 ) ;
#1585 = DIRECTION ( 'NONE',  ( 0.000000000000000000, -1.000000000000000000, 0.000000000000000000 ) ) ;
#1586 = DIRECTION ( 'NONE',  ( 1.000000000000000000, 0.000000000000000000, 0.000000000000000000 ) ) ;
#1587 = VERTEX_POINT ( 'NONE', #2411 ) ;
#1588 = ORIENTED_EDGE ( 'NONE', *, *, #1521, .F. ) ;
#1589 = APPROVAL ( #1502, '未指定' ) ;
#1590 = CARTESIAN_POINT ( 'NONE',  ( 15.90000000000005720, 398.5000000000000000, 9.399999999999995026 ) ) ;
#1591 = DIRECTION ( 'NONE',  ( -0.000000000000000000, 1.000000000000000000, -0.000000000000000000 ) ) ;
#1592 = CARTESIAN_POINT ( 'NONE',  ( 15.90000000000005720, -350.0000000000000000, 10.90000000000000036 ) ) ;
#1593 = ORIENTED_EDGE ( 'NONE', *, *, #2599, .T. ) ;
#1594 = EDGE_CURVE ( 'NONE', #245, #684, #1736, .T. ) ;
#1595 = CARTESIAN_POINT ( 'NONE',  ( 30.00000000000000000, -387.0000000000000000, 300.0000000000000000 ) ) ;
#1596 = APPROVAL_DATE_TIME ( #1726, #2757 ) ;
#1597 = LINE ( 'NONE', #1211, #1801 ) ;
#1598 = CARTESIAN_POINT ( 'NONE',  ( 5.200000000000002842, -100.0000000000000284, 300.0000000000000000 ) ) ;
#1599 = PLANE ( 'NONE',  #57 ) ;
#1600 = LINE ( 'NONE', #196, #1058 ) ;
#1601 = CARTESIAN_POINT ( 'NONE',  ( 15.00000000000007994, -350.0000000000000000, 15.00000000000000000 ) ) ;
#1602 = CYLINDRICAL_SURFACE ( 'NONE', #175, 5.000000000000000888 ) ;
#1603 = DIRECTION ( 'NONE',  ( 0.000000000000000000, 1.000000000000000000, -0.000000000000000000 ) ) ;
#1604 =( GEOMETRIC_REPRESENTATION_CONTEXT ( 3 ) GLOBAL_UNCERTAINTY_ASSIGNED_CONTEXT ( ( #110 ) ) GLOBAL_UNIT_ASSIGNED_CONTEXT ( ( #984, #1859, #238 ) ) REPRESENTATION_CONTEXT ( 'NONE', 'WORKASPACE' ) );
#1605 = VECTOR ( 'NONE', #2674, 1000.000000000000000 ) ;
#1606 = DIRECTION ( 'NONE',  ( -0.000000000000000000, 0.000000000000000000, 1.000000000000000000 ) ) ;
#1607 = CARTESIAN_POINT ( 'NONE',  ( 15.90000000000000036, -749.5000000000000000, 316.0000000000000000 ) ) ;
#1608 = LINE ( 'NONE', #64, #2928 ) ;
#1609 = EDGE_CURVE ( 'NONE', #147, #2921, #1637, .T. ) ;
#1610 = CARTESIAN_POINT ( 'NONE',  ( 0.000000000000000000, 0.000000000000000000, 120.0000000000000000 ) ) ;
#1611 = VECTOR ( 'NONE', #1539, 1000.000000000000000 ) ;
#1612 = EDGE_CURVE ( 'NONE', #1399, #431, #1421, .T. ) ;
#1613 = CONICAL_SURFACE ( 'NONE', #1363, 4.000000000000017764, 0.7853981633974460586 ) ;
#1614 = EDGE_LOOP ( 'NONE', ( #669, #1831, #1213, #1899, #1264 ) ) ;
#1615 = PERSON ( 'NAUO-PER1', 'UNSPECIFIED', 'UNSPECIFIED', ('UNSPECIFIED'), ('UNSPECIFIED'), ('UNSPECIFIED') ) ;
#1616 = ORIENTED_EDGE ( 'NONE', *, *, #159, .F. ) ;
#1617 = DIRECTION ( 'NONE',  ( 0.000000000000000000, 0.000000000000000000, 1.000000000000000000 ) ) ;
#1618 = CARTESIAN_POINT ( 'NONE',  ( 7.979727989493312634E-14, 300.0000000000000000, 15.00000000000000000 ) ) ;
#1619 = CLOSED_SHELL ( 'NONE', ( #544, #1643, #1158, #310, #1304, #2118, #898, #2544, #125, #1630, #24, #1196, #2320, #2615, #1650, #2701, #2057, #941, #1572, #1658, #561, #1133, #59, #2085, #261, #2338, #2581, #1815, #978, #2435, #496, #294, #2605, #735, #1975, #1372, #428, #1860, #367, #43 ) ) ;
#1620 = CARTESIAN_POINT ( 'NONE',  ( 432.0000000000000000, -18.00000000000000000, -0.000000000000000000 ) ) ;
#1621 = AXIS2_PLACEMENT_3D ( 'NONE', #2897, #1034, #1272 ) ;
#1622 = DIRECTION ( 'NONE',  ( -1.000000000000000000, -0.000000000000000000, -0.000000000000000000 ) ) ;
#1623 = ORIENTED_EDGE ( 'NONE', *, *, #2654, .F. ) ;
#1624 = UNCERTAINTY_MEASURE_WITH_UNIT (LENGTH_MEASURE( 1.000000000000000082E-05 ), #2798, 'distance_accuracy_value', 'NONE');
#1625 = COORDINATED_UNIVERSAL_TIME_OFFSET ( 8, 0, .AHEAD. ) ;
#1626 = VERTEX_POINT ( 'NONE', #1556 ) ;
#1627 = APPROVAL ( #814, 'UNKNOWN' ) ;
#1628 = PERSON_AND_ORGANIZATION ( #459, #1492 ) ;
#1629 = CARTESIAN_POINT ( 'NONE',  ( 0.000000000000000000, 0.000000000000000000, 0.000000000000000000 ) ) ;
#1630 = ADVANCED_FACE ( 'NONE', ( #1274 ), #2219, .T. ) ;
#1631 = EDGE_CURVE ( 'NONE', #1584, #2749, #416, .T. ) ;
#1632 = FACE_OUTER_BOUND ( 'NONE', #974, .T. ) ;
#1633 = EDGE_LOOP ( 'NONE', ( #2261, #1174 ) ) ;
#1634 = AXIS2_PLACEMENT_3D ( 'NONE', #222, #461, #430 ) ;
#1635 = CARTESIAN_POINT ( 'NONE',  ( 30.00000000000000711, -50.50000000000002842, 300.0000000000000000 ) ) ;
#1636 = VECTOR ( 'NONE', #2346, 1000.000000000000000 ) ;
#1637 = LINE ( 'NONE', #1048, #812 ) ;
#1638 = AXIS2_PLACEMENT_3D ( 'NONE', #1228, #1018, #322 ) ;
#1639 = EDGE_LOOP ( 'NONE', ( #1588, #359 ) ) ;
#1640 = FACE_OUTER_BOUND ( 'NONE', #2535, .T. ) ;
#1641 = CARTESIAN_POINT ( 'NONE',  ( 15.90000000000005720, 300.0000000000000568, 20.90000000000000213 ) ) ;
#1642 = CC_DESIGN_APPROVAL ( #2757, ( #2137 ) ) ;
#1643 = ADVANCED_FACE ( 'NONE', ( #1349 ), #1960, .F. ) ;
#1644 = CIRCLE ( 'NONE', #982, 5.000000000000000888 ) ;
#1645 = CARTESIAN_POINT ( 'NONE',  ( 15.90000000000005720, -400.0000000000000000, 9.399999999999995026 ) ) ;
#1646 = VECTOR ( 'NONE', #225, 1000.000000000000000 ) ;
#1647 =( NAMED_UNIT ( * ) PLANE_ANGLE_UNIT ( ) SI_UNIT ( $, .RADIAN. ) );
#1648 = CARTESIAN_POINT ( 'NONE',  ( -28.00000000000005684, -350.0000000000000000, 22.00000000000000000 ) ) ;
#1649 = EDGE_CURVE ( 'NONE', #1866, #896, #2096, .T. ) ;
#1650 = ADVANCED_FACE ( 'NONE', ( #93 ), #170, .F. ) ;
#1651 = ORIENTED_EDGE ( 'NONE', *, *, #1456, .F. ) ;
#1652 = DIRECTION ( 'NONE',  ( 1.000000000000000000, 0.000000000000000000, 0.000000000000000000 ) ) ;
#1653 = CARTESIAN_POINT ( 'NONE',  ( 30.00000000000000355, -18.00000000000000000, 300.0000000000000000 ) ) ;
#1654 = DIRECTION ( 'NONE',  ( -0.000000000000000000, 1.000000000000000000, -0.000000000000000000 ) ) ;
#1655 = ORIENTED_EDGE ( 'NONE', *, *, #1508, .F. ) ;
#1656 = AXIS2_PLACEMENT_3D ( 'NONE', #2059, #1591, #1828 ) ;
#1657 = VERTEX_POINT ( 'NONE', #1057 ) ;
#1658 = ADVANCED_FACE ( 'NONE', ( #2767 ), #10, .T. ) ;
#1659 = DIRECTION ( 'NONE',  ( -1.000000000000000000, -0.000000000000000000, -1.137523590804461357E-16 ) ) ;
#1660 = COORDINATED_UNIVERSAL_TIME_OFFSET ( 8, 0, .AHEAD. ) ;
#1661 = ORIENTED_EDGE ( 'NONE', *, *, #2532, .F. ) ;
#1662 = DIRECTION ( 'NONE',  ( 0.000000000000000000, 0.000000000000000000, -1.000000000000000000 ) ) ;
#1663 = COORDINATED_UNIVERSAL_TIME_OFFSET ( 8, 0, .AHEAD. ) ;
#1664 = DIRECTION ( 'NONE',  ( -1.000000000000000000, 0.000000000000000000, 0.000000000000000000 ) ) ;
#1665 = DIRECTION ( 'NONE',  ( -1.000000000000000000, 0.000000000000000000, 0.000000000000000000 ) ) ;
#1666 = CARTESIAN_POINT ( 'NONE',  ( 15.90000000000000036, -50.50000000000002842, 321.0500000000000114 ) ) ;
#1667 = FACE_OUTER_BOUND ( 'NONE', #1861, .T. ) ;
#1668 = EDGE_CURVE ( 'NONE', #1002, #2433, #1927, .T. ) ;
#1669 = CIRCLE ( 'NONE', #1352, 5.000000000000000888 ) ;
#1670 = AXIS2_PLACEMENT_3D ( 'NONE', #1867, #497, #2548 ) ;
#1671 = VECTOR ( 'NONE', #1967, 1000.000000000000000 ) ;
#1672 = ADVANCED_FACE ( 'NONE', ( #946 ), #1321, .F. ) ;
#1673 = DIRECTION ( 'NONE',  ( 0.000000000000000000, 0.000000000000000000, 1.000000000000000000 ) ) ;
#1674 = DIRECTION ( 'NONE',  ( 1.000000000000000000, 0.000000000000000000, 0.000000000000000000 ) ) ;
#1675 = CARTESIAN_POINT ( 'NONE',  ( 7.961735002956730495E-14, -400.0000000000000000, 30.00000000000000000 ) ) ;
#1676 = FACE_OUTER_BOUND ( 'NONE', #712, .T. ) ;
#1677 = APPLICATION_PROTOCOL_DEFINITION ( 'international standard', 'config_control_design', 1994, #325 ) ;
#1678 = CARTESIAN_POINT ( 'NONE',  ( 0.000000000000000000, 0.000000000000000000, 2.000000000000000000 ) ) ;
#1679 = FACE_OUTER_BOUND ( 'NONE', #29, .T. ) ;
#1680 = ORIENTED_EDGE ( 'NONE', *, *, #722, .T. ) ;
#1681 = VECTOR ( 'NONE', #1896, 1000.000000000000000 ) ;
#1682 = CC_DESIGN_PERSON_AND_ORGANIZATION_ASSIGNMENT ( #2542, #293, ( #448 ) ) ;
#1683 = DIRECTION ( 'NONE',  ( 0.000000000000000000, -0.000000000000000000, 1.000000000000000000 ) ) ;
#1684 = CIRCLE ( 'NONE', #2698, 6.500000000000005329 ) ;
#1685 = EDGE_CURVE ( 'NONE', #2948, #865, #1160, .T. ) ;
#1686 = ORIENTED_EDGE ( 'NONE', *, *, #2516, .T. ) ;
#1687 = APPROVAL_STATUS ( 'not_yet_approved' ) ;
#1688 = ORIENTED_EDGE ( 'NONE', *, *, #517, .F. ) ;
#1689 = EDGE_LOOP ( 'NONE', ( #1623, #2101, #1215, #2349 ) ) ;
#1690 = ORIENTED_EDGE ( 'NONE', *, *, #1958, .F. ) ;
#1691 = DIRECTION ( 'NONE',  ( -1.232566680299310330E-16, 1.000000000000000000, 0.000000000000000000 ) ) ;
#1692 = DIRECTION ( 'NONE',  ( 0.000000000000000000, 0.000000000000000000, 1.000000000000000000 ) ) ;
#1693 = PERSON_AND_ORGANIZATION ( #459, #1492 ) ;
#1694 = PERSON_AND_ORGANIZATION_ROLE ( 'design_owner' ) ;
#1695 = PERSON_AND_ORGANIZATION ( #459, #1492 ) ;
#1696 = AXIS2_PLACEMENT_3D ( 'NONE', #738, #1872, #959 ) ;
#1697 = ADVANCED_FACE ( 'NONE', ( #124 ), #1806, .T. ) ;
#1698 = DIRECTION ( 'NONE',  ( -0.000000000000000000, -0.000000000000000000, -1.000000000000000000 ) ) ;
#1699 = LINE ( 'NONE', #1447, #86 ) ;
#1700 = VECTOR ( 'NONE', #391, 1000.000000000000000 ) ;
#1701 = APPROVAL_STATUS ( 'not_yet_approved' ) ;
#1702 = EDGE_CURVE ( 'NONE', #2500, #1908, #2702, .T. ) ;
#1703 = VERTEX_POINT ( 'NONE', #1810 ) ;
#1704 = DIRECTION ( 'NONE',  ( -1.000000000000000000, 0.000000000000000000, -1.137523590804461357E-16 ) ) ;
#1705 = CARTESIAN_POINT ( 'NONE',  ( 30.00000000000013856, -778.0000000000000000, 300.0000000000000000 ) ) ;
#1706 = PERSON ( 'NAUO-PER4', 'UNSPECIFIED', 'UNSPECIFIED', ('UNSPECIFIED'), ('UNSPECIFIED'), ('UNSPECIFIED') ) ;
#1707 = LINE ( 'NONE', #2098, #1739 ) ;
#1708 = VERTEX_POINT ( 'NONE', #2706 ) ;
#1709 = DIRECTION ( 'NONE',  ( 0.000000000000000000, 0.000000000000000000, -1.000000000000000000 ) ) ;
#1710 = CARTESIAN_POINT ( 'NONE',  ( 15.90000000000005720, -300.0000000000000000, 10.90000000000000036 ) ) ;
#1711 = DIRECTION ( 'NONE',  ( 2.065146995210486914E-16, 0.000000000000000000, 1.000000000000000000 ) ) ;
#1712 = LINE ( 'NONE', #1984, #1611 ) ;
#1713 = APPROVAL_ROLE ( '' ) ;
#1714 = DIRECTION ( 'NONE',  ( 0.000000000000000000, 0.000000000000000000, 1.000000000000000000 ) ) ;
#1715 = CIRCLE ( 'NONE', #1580, 5.049999999999998934 ) ;
#1716 = CARTESIAN_POINT ( 'NONE',  ( 0.000000000000000000, 0.000000000000000000, -1.500000000000000000 ) ) ;
#1717 = DIRECTION ( 'NONE',  ( -1.000000000000000000, 0.000000000000000000, -1.137523590804461357E-16 ) ) ;
#1718 = DIRECTION ( 'NONE',  ( 0.000000000000000000, 0.000000000000000000, -1.000000000000000000 ) ) ;
#1719 = ORIENTED_EDGE ( 'NONE', *, *, #2084, .F. ) ;
#1720 = EDGE_CURVE ( 'NONE', #2007, #2921, #1123, .T. ) ;
#1721 = VERTEX_POINT ( 'NONE', #1573 ) ;
#1722 = ORIENTED_EDGE ( 'NONE', *, *, #2712, .F. ) ;
#1723 = EDGE_CURVE ( 'NONE', #1626, #207, #1194, .T. ) ;
#1724 = CALENDAR_DATE ( 2026, 5, 6 ) ;
#1725 = ORIENTED_EDGE ( 'NONE', *, *, #2084, .T. ) ;
#1726 = DATE_AND_TIME ( #440, #2296 ) ;
#1727 = ORIENTED_EDGE ( 'NONE', *, *, #2344, .F. ) ;
#1728 = CARTESIAN_POINT ( 'NONE',  ( 30.00000000000009592, -760.0000000000000000, 702.4027832905732112 ) ) ;
#1729 = VECTOR ( 'NONE', #365, 1000.000000000000000 ) ;
#1730 = CC_DESIGN_APPROVAL ( #1589, ( #246 ) ) ;
#1731 = VECTOR ( 'NONE', #2502, 1000.000000000000000 ) ;
#1732 = EDGE_CURVE ( 'NONE', #1579, #2607, #2552, .T. ) ;
#1733 = CARTESIAN_POINT ( 'NONE',  ( 15.00000000000007994, 300.0000000000000000, 15.00000000000000000 ) ) ;
#1734 = CARTESIAN_POINT ( 'NONE',  ( 15.90000000000005720, 350.0000000000000000, 15.90000000000000036 ) ) ;
#1735 = CARTESIAN_POINT ( 'NONE',  ( -28.00000000000005684, -300.0000000000000000, 27.00000000000000000 ) ) ;
#1736 = CIRCLE ( 'NONE', #1147, 5.049999999999998934 ) ;
#1737 = DATE_TIME_ROLE ( 'classification_date' ) ;
#1738 = FACE_OUTER_BOUND ( 'NONE', #1633, .T. ) ;
#1739 = VECTOR ( 'NONE', #1895, 1000.000000000000000 ) ;
#1740 = AXIS2_PLACEMENT_3D ( 'NONE', #500, #46, #945 ) ;
#1741 = DIRECTION ( 'NONE',  ( 1.000000000000000000, 0.000000000000000000, 0.000000000000000000 ) ) ;
#1742 = FACE_OUTER_BOUND ( 'NONE', #1144, .T. ) ;
#1743 = DIRECTION ( 'NONE',  ( -0.000000000000000000, 1.000000000000000000, -0.000000000000000000 ) ) ;
#1744 = SHAPE_REPRESENTATION ( '吊柜15-柜门_吊柜15-柜门', ( #1696 ), #1914 ) ;
#1745 = EDGE_LOOP ( 'NONE', ( #2682, #831, #1553, #2790 ) ) ;
#1746 = CARTESIAN_POINT ( 'NONE',  ( 9.797174393178825736E-14, -800.0000000000000000, 279.9999999999999432 ) ) ;
#1747 = CIRCLE ( 'NONE', #2537, 8.000000000000007105 ) ;
#1748 = PERSON_AND_ORGANIZATION_ROLE ( 'classification_officer' ) ;
#1749 = APPROVAL ( #1687, '未指定' ) ;
#1750 = DIRECTION ( 'NONE',  ( -0.000000000000000000, 1.000000000000000000, -0.000000000000000000 ) ) ;
#1751 = VERTEX_POINT ( 'NONE', #2494 ) ;
#1752 = EDGE_CURVE ( 'NONE', #1391, #1478, #1776, .T. ) ;
#1753 = CARTESIAN_POINT ( 'NONE',  ( 450.0000000000000000, 0.000000000000000000, 300.0000000000000000 ) ) ;
#1754 = ORIENTED_EDGE ( 'NONE', *, *, #1068, .T. ) ;
#1755 = ORIENTED_EDGE ( 'NONE', *, *, #2292, .F. ) ;
#1756 = PLANE ( 'NONE',  #2026 ) ;
#1757 = ORIENTED_EDGE ( 'NONE', *, *, #1033, .T. ) ;
#1758 = PLANE ( 'NONE',  #1229 ) ;
#1759 = DIRECTION ( 'NONE',  ( -0.000000000000000000, 1.000000000000000000, -0.000000000000000000 ) ) ;
#1760 = EDGE_CURVE ( 'NONE', #2504, #1399, #2484, .T. ) ;
#1761 = PERSON_AND_ORGANIZATION ( #3, #1179 ) ;
#1762 = ORIENTED_EDGE ( 'NONE', *, *, #2276, .F. ) ;
#1763 = ORIENTED_EDGE ( 'NONE', *, *, #1685, .T. ) ;
#1764 = DIRECTION ( 'NONE',  ( 0.000000000000000000, 0.000000000000000000, 1.000000000000000000 ) ) ;
#1765 = DIRECTION ( 'NONE',  ( 1.288758049684149971E-16, 0.000000000000000000, -1.000000000000000000 ) ) ;
#1766 = APPROVAL_PERSON_ORGANIZATION ( #2231, #2757, #1460 ) ;
#1767 = ORIENTED_EDGE ( 'NONE', *, *, #1989, .T. ) ;
#1768 = DIRECTION ( 'NONE',  ( -0.000000000000000000, -1.000000000000000000, -0.000000000000000000 ) ) ;
#1769 = APPROVAL_DATE_TIME ( #1265, #1533 ) ;
#1770 = DIRECTION ( 'NONE',  ( -0.000000000000000000, -0.000000000000000000, -1.000000000000000000 ) ) ;
#1771 = CARTESIAN_POINT ( 'NONE',  ( 33.00000000000007816, 0.000000000000000000, 0.000000000000000000 ) ) ;
#1772 = AXIS2_PLACEMENT_3D ( 'NONE', #1341, #885, #190 ) ;
#1773 = FACE_OUTER_BOUND ( 'NONE', #2941, .T. ) ;
#1774 = LINE ( 'NONE', #1062, #989 ) ;
#1775 = CARTESIAN_POINT ( 'NONE',  ( 15.90000000000000036, -749.5000000000000000, 316.0000000000000000 ) ) ;
#1776 = LINE ( 'NONE', #2282, #2849 ) ;
#1777 = ORIENTED_EDGE ( 'NONE', *, *, #2551, .F. ) ;
#1778 = EDGE_CURVE ( 'NONE', #357, #147, #522, .T. ) ;
#1779 = DIRECTION ( 'NONE',  ( 0.000000000000000000, -1.000000000000000000, 0.000000000000000000 ) ) ;
#1780 = LINE ( 'NONE', #5, #1162 ) ;
#1781 = ORIENTED_EDGE ( 'NONE', *, *, #534, .F. ) ;
#1782 = DIRECTION ( 'NONE',  ( 1.000000000000000000, 0.000000000000000000, 0.000000000000000000 ) ) ;
#1783 = LINE ( 'NONE', #2711, #2775 ) ;
#1784 = DIRECTION ( 'NONE',  ( 0.000000000000000000, 0.000000000000000000, -1.000000000000000000 ) ) ;
#1785 = ORIENTED_EDGE ( 'NONE', *, *, #2347, .F. ) ;
#1786 = LINE ( 'NONE', #571, #462 ) ;
#1787 = CC_DESIGN_DATE_AND_TIME_ASSIGNMENT ( #1870, #576, ( #569 ) ) ;
#1788 = ORIENTED_EDGE ( 'NONE', *, *, #1649, .T. ) ;
#1789 = VERTEX_POINT ( 'NONE', #1582 ) ;
#1790 = ORIENTED_EDGE ( 'NONE', *, *, #1561, .F. ) ;
#1791 = ORIENTED_EDGE ( 'NONE', *, *, #1561, .T. ) ;
#1792 = CONTEXT_DEPENDENT_SHAPE_REPRESENTATION ( #2207, #1567 ) ;
#1793 = ORIENTED_EDGE ( 'NONE', *, *, #1917, .F. ) ;
#1794 = EDGE_CURVE ( 'NONE', #1152, #1721, #2341, .T. ) ;
#1795 = CALENDAR_DATE ( 2026, 5, 6 ) ;
#1796 = DESIGN_CONTEXT ( 'detailed design', #2135, 'design' ) ;
#1797 = ORIENTED_EDGE ( 'NONE', *, *, #2328, .T. ) ;
#1798 = CARTESIAN_POINT ( 'NONE',  ( 15.90000000000005720, -398.5000000000000000, 15.90000000000000036 ) ) ;
#1799 = PLANE ( 'NONE',  #1547 ) ;
#1800 = CARTESIAN_POINT ( 'NONE',  ( 431.9999999999998863, -778.0000000000000000, 2.000000000000000000 ) ) ;
#1801 = VECTOR ( 'NONE', #803, 1000.000000000000000 ) ;
#1802 = DIRECTION ( 'NONE',  ( -0.000000000000000000, -0.000000000000000000, -1.000000000000000000 ) ) ;
#1803 = FACE_OUTER_BOUND ( 'NONE', #2361, .T. ) ;
#1804 = AXIS2_PLACEMENT_3D ( 'NONE', #1926, #1261, #1499 ) ;
#1805 = DIRECTION ( 'NONE',  ( -1.000000000000000000, -1.224646799147353207E-16, -0.000000000000000000 ) ) ;
#1806 = CYLINDRICAL_SURFACE ( 'NONE', #136, 15.00000000000000000 ) ;
#1807 = CARTESIAN_POINT ( 'NONE',  ( 30.00000000000001066, -50.50000000000002842, 316.7999999999999545 ) ) ;
#1808 = ORIENTED_EDGE ( 'NONE', *, *, #609, .F. ) ;
#1809 = VECTOR ( 'NONE', #1335, 1000.000000000000000 ) ;
#1810 = CARTESIAN_POINT ( 'NONE',  ( 15.90000000000000036, -100.0000000000000284, 310.9499999999999886 ) ) ;
#1811 = EDGE_CURVE ( 'NONE', #1889, #1005, #634, .T. ) ;
#1812 = VECTOR ( 'NONE', #2580, 1000.000000000000000 ) ;
#1813 = EDGE_LOOP ( 'NONE', ( #2845, #756, #2205, #892 ) ) ;
#1814 = DIRECTION ( 'NONE',  ( -1.000000000000000000, 0.000000000000000000, -0.000000000000000000 ) ) ;
#1815 = ADVANCED_FACE ( 'NONE', ( #2176, #2379 ), #1101, .F. ) ;
#1816 = CYLINDRICAL_SURFACE ( 'NONE', #1106, 6.500000000000005329 ) ;
#1817 = VERTEX_POINT ( 'NONE', #899 ) ;
#1818 = DIRECTION ( 'NONE',  ( 0.000000000000000000, 0.000000000000000000, -1.000000000000000000 ) ) ;
#1819 = CARTESIAN_POINT ( 'NONE',  ( 432.0000000000000000, -18.00000000000000000, 2.000000000000000000 ) ) ;
#1820 = VECTOR ( 'NONE', #477, 1000.000000000000000 ) ;
#1821 = DIRECTION ( 'NONE',  ( -0.000000000000000000, -0.000000000000000000, -1.000000000000000000 ) ) ;
#1822 = ORIENTED_EDGE ( 'NONE', *, *, #202, .T. ) ;
#1823 = AXIS2_PLACEMENT_3D ( 'NONE', #2005, #2210, #1091 ) ;
#1824 = DIRECTION ( 'NONE',  ( -0.000000000000000000, 1.000000000000000000, -0.000000000000000000 ) ) ;
#1825 = EDGE_LOOP ( 'NONE', ( #893, #2076, #2611, #309 ) ) ;
#1826 = ORIENTED_EDGE ( 'NONE', *, *, #2061, .F. ) ;
#1827 = CC_DESIGN_PERSON_AND_ORGANIZATION_ASSIGNMENT ( #1695, #1928, ( #607 ) ) ;
#1828 = DIRECTION ( 'NONE',  ( 0.000000000000000000, 0.000000000000000000, -1.000000000000000000 ) ) ;
#1829 = ITEM_DEFINED_TRANSFORMATION ( 'NONE', 'NONE', #262,  #1696 ) ;
#1830 = ORIENTED_EDGE ( 'NONE', *, *, #126, .T. ) ;
#1831 = ORIENTED_EDGE ( 'NONE', *, *, #1921, .T. ) ;
#1832 = CARTESIAN_POINT ( 'NONE',  ( 15.90000000000005720, -506.0000000000004547, 15.90000000000000036 ) ) ;
#1833 = ADVANCED_FACE ( 'NONE', ( #733, #160 ), #2959, .F. ) ;
#1834 = EDGE_CURVE ( 'NONE', #2395, #1708, #1569, .T. ) ;
#1835 = APPROVAL_DATE_TIME ( #2439, #1589 ) ;
#1836 = APPROVAL_DATE_TIME ( #328, #2939 ) ;
#1837 = DIRECTION ( 'NONE',  ( -1.232566680299310330E-16, 1.000000000000000000, 0.000000000000000000 ) ) ;
#1838 = EDGE_CURVE ( 'NONE', #182, #207, #2517, .T. ) ;
#1839 = DIRECTION ( 'NONE',  ( 1.000000000000000000, 0.000000000000000000, 0.000000000000000000 ) ) ;
#1840 = LINE ( 'NONE', #968, #841 ) ;
#1841 = AXIS2_PLACEMENT_3D ( 'NONE', #498, #2567, #2352 ) ;
#1842 = DIRECTION ( 'NONE',  ( 1.000000000000000000, 0.000000000000000000, 0.000000000000000000 ) ) ;
#1843 = LINE ( 'NONE', #1620, #2305 ) ;
#1844 = CARTESIAN_POINT ( 'NONE',  ( 432.0000000000000000, -18.00000000000000000, 2.000000000000000000 ) ) ;
#1845 = AXIS2_PLACEMENT_3D ( 'NONE', #1426, #2113, #1900 ) ;
#1846 = CIRCLE ( 'NONE', #387, 5.000000000000000000 ) ;
#1847 = CARTESIAN_POINT ( 'NONE',  ( 30.00000000000000355, -18.00000000000000000, 300.0000000000000000 ) ) ;
#1848 = PLANE ( 'NONE',  #303 ) ;
#1849 = DIRECTION ( 'NONE',  ( -0.000000000000000000, 1.000000000000000000, -0.000000000000000000 ) ) ;
#1850 = LINE ( 'NONE', #167, #1465 ) ;
#1851 = ORIENTED_EDGE ( 'NONE', *, *, #1120, .T. ) ;
#1852 = DIRECTION ( 'NONE',  ( 1.000000000000000000, 0.000000000000000000, 0.000000000000000000 ) ) ;
#1853 = CARTESIAN_POINT ( 'NONE',  ( 0.000000000000000000, 0.000000000000000000, 0.000000000000000000 ) ) ;
#1854 = VECTOR ( 'NONE', #2771, 1000.000000000000000 ) ;
#1855 = EDGE_CURVE ( 'NONE', #2957, #432, #2890, .T. ) ;
#1856 = SHAPE_REPRESENTATION ( '吊柜17', ( #307, #2116, #262, #1845, #1042 ), #1604 ) ;
#1857 = CARTESIAN_POINT ( 'NONE',  ( 15.90000000000000036, -50.50000000000002842, 316.0000000000000000 ) ) ;
#1858 = ORIENTED_EDGE ( 'NONE', *, *, #728, .T. ) ;
#1859 =( NAMED_UNIT ( * ) PLANE_ANGLE_UNIT ( ) SI_UNIT ( $, .RADIAN. ) );
#1860 = ADVANCED_FACE ( 'NONE', ( #873 ), #2478, .F. ) ;
#1861 = EDGE_LOOP ( 'NONE', ( #1826, #2396, #2388, #1501 ) ) ;
#1862 = ORIENTED_EDGE ( 'NONE', *, *, #1631, .T. ) ;
#1863 = CC_DESIGN_APPROVAL ( #1749, ( #987 ) ) ;
#1864 = ORIENTED_EDGE ( 'NONE', *, *, #2811, .T. ) ;
#1865 = DATE_AND_TIME ( #1724, #2538 ) ;
#1866 = VERTEX_POINT ( 'NONE', #2079 ) ;
#1867 = CARTESIAN_POINT ( 'NONE',  ( 7.961735002956730495E-14, 400.0000000000000000, 30.00000000000000000 ) ) ;
#1868 = CARTESIAN_POINT ( 'NONE',  ( 7.961735002956730495E-14, -400.0000000000000000, 0.000000000000000000 ) ) ;
#1869 = DIRECTION ( 'NONE',  ( -0.000000000000000000, -0.000000000000000000, -1.000000000000000000 ) ) ;
#1870 = DATE_AND_TIME ( #1148, #723 ) ;
#1871 = ORIENTED_EDGE ( 'NONE', *, *, #2595, .T. ) ;
#1872 = DIRECTION ( 'NONE',  ( 0.000000000000000000, 0.000000000000000000, 1.000000000000000000 ) ) ;
#1873 = EDGE_CURVE ( 'NONE', #2921, #2007, #1846, .T. ) ;
#1874 = APPROVAL_PERSON_ORGANIZATION ( #725, #2939, #1230 ) ;
#1875 = ORIENTED_EDGE ( 'NONE', *, *, #142, .F. ) ;
#1876 = DIRECTION ( 'NONE',  ( 0.000000000000000000, 0.000000000000000000, -1.000000000000000000 ) ) ;
#1877 = FACE_BOUND ( 'NONE', #1514, .T. ) ;
#1878 = EDGE_CURVE ( 'NONE', #315, #505, #341, .T. ) ;
#1879 = ADVANCED_FACE ( 'NONE', ( #2307, #2244 ), #1164, .T. ) ;
#1880 = DIRECTION ( 'NONE',  ( 0.000000000000000000, 0.000000000000000000, -1.000000000000000000 ) ) ;
#1881 = CARTESIAN_POINT ( 'NONE',  ( 432.0000000000001137, -778.0000000000000000, 300.0000000000000000 ) ) ;
#1882 = DIRECTION ( 'NONE',  ( -0.000000000000000000, 1.000000000000000000, -0.000000000000000000 ) ) ;
#1883 = CYLINDRICAL_SURFACE ( 'NONE', #2359, 5.000000000000000888 ) ;
#1884 = CARTESIAN_POINT ( 'NONE',  ( 572.0000000000003411, -777.9999999999998863, 279.9999999999999432 ) ) ;
#1885 = VECTOR ( 'NONE', #1299, 1000.000000000000000 ) ;
#1886 = DIRECTION ( 'NONE',  ( -1.927470528863117076E-16, -1.000000000000000000, 0.000000000000000000 ) ) ;
#1887 = VECTOR ( 'NONE', #1698, 1000.000000000000000 ) ;
#1888 = DIRECTION ( 'NONE',  ( 1.000000000000000000, 0.000000000000000000, -2.065146995210486914E-16 ) ) ;
#1889 = VERTEX_POINT ( 'NONE', #2091 ) ;
#1890 = PLANE ( 'NONE',  #153 ) ;
#1891 = PRODUCT_RELATED_PRODUCT_CATEGORY ( 'detail', '', ( #1386 ) ) ;
#1892 = FACE_OUTER_BOUND ( 'NONE', #2907, .T. ) ;
#1893 = ORIENTED_EDGE ( 'NONE', *, *, #1574, .T. ) ;
#1894 = CARTESIAN_POINT ( 'NONE',  ( 30.00000000000009592, -760.0000000000000000, 300.0000000000000000 ) ) ;
#1895 = DIRECTION ( 'NONE',  ( 1.460819769243627131E-16, -1.000000000000000000, 0.000000000000000000 ) ) ;
#1896 = DIRECTION ( 'NONE',  ( -0.000000000000000000, 1.000000000000000000, -0.000000000000000000 ) ) ;
#1897 = EDGE_CURVE ( 'NONE', #35, #681, #2926, .T. ) ;
#1898 = LINE ( 'NONE', #891, #1284 ) ;
#1899 = ORIENTED_EDGE ( 'NONE', *, *, #2677, .F. ) ;
#1900 = DIRECTION ( 'NONE',  ( -0.8371691043312223801, 0.000000000000000000, -0.5469441386039887165 ) ) ;
#1901 = FACE_OUTER_BOUND ( 'NONE', #2828, .T. ) ;
#1902 = DESIGN_CONTEXT ( 'detailed design', #1012, 'design' ) ;
#1903 = EDGE_LOOP ( 'NONE', ( #1409, #1982, #434, #2892 ) ) ;
#1904 = ORIENTED_EDGE ( 'NONE', *, *, #2443, .F. ) ;
#1905 = DIRECTION ( 'NONE',  ( -0.000000000000000000, 0.000000000000000000, 1.000000000000000000 ) ) ;
#1906 = CARTESIAN_POINT ( 'NONE',  ( 432.0000000000000000, -18.00000000000000000, 2.000000000000000000 ) ) ;
#1907 = AXIS2_PLACEMENT_3D ( 'NONE', #87, #1475, #2175 ) ;
#1908 = VERTEX_POINT ( 'NONE', #37 ) ;
#1909 = ORIENTED_EDGE ( 'NONE', *, *, #1175, .F. ) ;
#1910 = DATE_TIME_ROLE ( 'creation_date' ) ;
#1911 = COORDINATED_UNIVERSAL_TIME_OFFSET ( 8, 0, .AHEAD. ) ;
#1912 = VERTEX_POINT ( 'NONE', #2104 ) ;
#1913 = EDGE_LOOP ( 'NONE', ( #209, #2866 ) ) ;
#1914 =( GEOMETRIC_REPRESENTATION_CONTEXT ( 3 ) GLOBAL_UNCERTAINTY_ASSIGNED_CONTEXT ( ( #1440 ) ) GLOBAL_UNIT_ASSIGNED_CONTEXT ( ( #2553, #1647, #1416 ) ) REPRESENTATION_CONTEXT ( 'NONE', 'WORKASPACE' ) );
#1915 = APPROVAL_DATE_TIME ( #284, #2740 ) ;
#1916 = ORIENTED_EDGE ( 'NONE', *, *, #1009, .F. ) ;
#1917 = EDGE_CURVE ( 'NONE', #1109, #2068, #2019, .T. ) ;
#1918 = APPROVAL_DATE_TIME ( #1342, #195 ) ;
#1919 = VECTOR ( 'NONE', #2022, 1000.000000000000000 ) ;
#1920 = APPLICATION_PROTOCOL_DEFINITION ( 'international standard', 'config_control_design', 1994, #2077 ) ;
#1921 = EDGE_CURVE ( 'NONE', #1476, #2938, #2449, .T. ) ;
#1922 = VECTOR ( 'NONE', #2099, 1000.000000000000000 ) ;
#1923 = VECTOR ( 'NONE', #2843, 1000.000000000000000 ) ;
#1924 = DIRECTION ( 'NONE',  ( 1.000000000000000000, 0.000000000000000000, 0.000000000000000000 ) ) ;
#1925 = DIRECTION ( 'NONE',  ( 0.000000000000000000, 0.000000000000000000, 1.000000000000000000 ) ) ;
#1926 = CARTESIAN_POINT ( 'NONE',  ( 7.961735002956730495E-14, 400.0000000000000000, 30.00000000000000000 ) ) ;
#1927 = LINE ( 'NONE', #2460, #486 ) ;
#1928 = PERSON_AND_ORGANIZATION_ROLE ( 'classification_officer' ) ;
#1929 = FACE_OUTER_BOUND ( 'NONE', #2391, .T. ) ;
#1930 = LINE ( 'NONE', #2725, #1575 ) ;
#1931 = DIRECTION ( 'NONE',  ( -0.000000000000000000, 1.000000000000000000, -0.000000000000000000 ) ) ;
#1932 = ORIENTED_EDGE ( 'NONE', *, *, #1612, .T. ) ;
#1933 = DIRECTION ( 'NONE',  ( 0.000000000000000000, 1.000000000000000000, 0.000000000000000000 ) ) ;
#1934 = CARTESIAN_POINT ( 'NONE',  ( 7.961735002956730495E-14, -350.0000000000000000, 30.00000000000000000 ) ) ;
#1935 = EDGE_CURVE ( 'NONE', #1516, #2607, #197, .T. ) ;
#1936 = ORIENTED_EDGE ( 'NONE', *, *, #2386, .F. ) ;
#1937 = APPROVAL_STATUS ( 'not_yet_approved' ) ;
#1938 = DIRECTION ( 'NONE',  ( 1.460819769243627131E-16, -1.000000000000000000, 0.000000000000000000 ) ) ;
#1939 = ORIENTED_EDGE ( 'NONE', *, *, #1536, .T. ) ;
#1940 = EDGE_LOOP ( 'NONE', ( #2139, #1450, #22, #2294 ) ) ;
#1941 = DIRECTION ( 'NONE',  ( -1.000000000000000000, 0.000000000000000000, 0.000000000000000000 ) ) ;
#1942 = EDGE_LOOP ( 'NONE', ( #1340, #116 ) ) ;
#1943 = VERTEX_POINT ( 'NONE', #234 ) ;
#1944 = DIRECTION ( 'NONE',  ( 0.000000000000000000, -0.000000000000000000, 1.000000000000000000 ) ) ;
#1945 = APPROVAL_DATE_TIME ( #1865, #227 ) ;
#1946 = ORIENTED_EDGE ( 'NONE', *, *, #511, .T. ) ;
#1947 = PERSON_AND_ORGANIZATION_ROLE ( 'creator' ) ;
#1948 = DIRECTION ( 'NONE',  ( -0.000000000000000000, -0.000000000000000000, -1.000000000000000000 ) ) ;
#1949 = CALENDAR_DATE ( 2026, 5, 6 ) ;
#1950 = CC_DESIGN_PERSON_AND_ORGANIZATION_ASSIGNMENT ( #1693, #2166, ( #818 ) ) ;
#1951 = CARTESIAN_POINT ( 'NONE',  ( 30.00000000000000355, -18.00000000000000000, 20.00000000000001776 ) ) ;
#1952 = CALENDAR_DATE ( 2026, 5, 6 ) ;
#1953 = EDGE_CURVE ( 'NONE', #2633, #1143, #1020, .T. ) ;
#1954 = DIRECTION ( 'NONE',  ( -0.000000000000000000, 1.000000000000000000, -0.000000000000000000 ) ) ;
#1955 = LINE ( 'NONE', #2838, #156 ) ;
#1956 = LINE ( 'NONE', #1089, #2058 ) ;
#1957 = PERSON_AND_ORGANIZATION_ROLE ( 'classification_officer' ) ;
#1958 = EDGE_CURVE ( 'NONE', #2040, #2036, #2134, .T. ) ;
#1959 = CARTESIAN_POINT ( 'NONE',  ( 7.961735002956730495E-14, 400.0000000000000000, 15.00000000000000000 ) ) ;
#1960 = CYLINDRICAL_SURFACE ( 'NONE', #2030, 5.049999999999998934 ) ;
#1961 = ORIENTED_EDGE ( 'NONE', *, *, #491, .F. ) ;
#1962 = LINE ( 'NONE', #864, #1809 ) ;
#1963 = VERTEX_POINT ( 'NONE', #1156 ) ;
#1964 = DIRECTION ( 'NONE',  ( 0.000000000000000000, 1.000000000000000000, 0.000000000000000000 ) ) ;
#1965 = CIRCLE ( 'NONE', #2816, 8.000000000000007105 ) ;
#1966 = CARTESIAN_POINT ( 'NONE',  ( 9.527752097366408410E-14, -778.0000000000000000, 300.0000000000000000 ) ) ;
#1967 = DIRECTION ( 'NONE',  ( -1.000000000000000000, 0.000000000000000000, 0.000000000000000000 ) ) ;
#1968 = DIRECTION ( 'NONE',  ( 0.000000000000000000, 0.000000000000000000, -1.000000000000000000 ) ) ;
#1969 = ORIENTED_EDGE ( 'NONE', *, *, #271, .T. ) ;
#1970 = EDGE_CURVE ( 'NONE', #1943, #2395, #1843, .T. ) ;
#1971 =( REPRESENTATION_RELATIONSHIP ('NONE','NONE', #1856, #1744 ) REPRESENTATION_RELATIONSHIP_WITH_TRANSFORMATION ( #1829 )SHAPE_REPRESENTATION_RELATIONSHIP( ) );
#1972 = ORIENTED_EDGE ( 'NONE', *, *, #2958, .T. ) ;
#1973 = ORIENTED_EDGE ( 'NONE', *, *, #1477, .F. ) ;
#1974 = ORIENTED_EDGE ( 'NONE', *, *, #2004, .F. ) ;
#1975 = ADVANCED_FACE ( 'NONE', ( #1235 ), #327, .T. ) ;
#1976 = CALENDAR_DATE ( 2026, 5, 6 ) ;
#1977 = CARTESIAN_POINT ( 'NONE',  ( 22.00000000000000711, -100.0000000000000284, 316.7999999999999545 ) ) ;
#1978 = VERTEX_POINT ( 'NONE', #295 ) ;
#1979 = ORIENTED_EDGE ( 'NONE', *, *, #2295, .T. ) ;
#1980 = CALENDAR_DATE ( 2026, 5, 6 ) ;
#1981 = DIRECTION ( 'NONE',  ( -1.000000000000000000, 0.000000000000000000, 0.000000000000000000 ) ) ;
#1982 = ORIENTED_EDGE ( 'NONE', *, *, #2224, .T. ) ;
#1983 = CARTESIAN_POINT ( 'NONE',  ( 15.90000000000000036, -749.5000000000000000, 321.0500000000000114 ) ) ;
#1984 = CARTESIAN_POINT ( 'NONE',  ( 432.0000000000001137, -760.0000000000000000, 300.0000000000000000 ) ) ;
#1985 = APPROVAL_PERSON_ORGANIZATION ( #903, #2606, #1713 ) ;
#1986 = VECTOR ( 'NONE', #1964, 1000.000000000000000 ) ;
#1987 = APPROVAL ( #2830, '未指定' ) ;
#1988 = LINE ( 'NONE', #1868, #1922 ) ;
#1989 = EDGE_CURVE ( 'NONE', #71, #513, #1348, .T. ) ;
#1990 = CARTESIAN_POINT ( 'NONE',  ( 450.0000000000001137, 400.0000000000000000, 30.00000000000000000 ) ) ;
#1991 = PLANE ( 'NONE',  #2717 ) ;
#1992 = LINE ( 'NONE', #2253, #1700 ) ;
#1993 = EDGE_CURVE ( 'NONE', #505, #2020, #731, .T. ) ;
#1994 = CYLINDRICAL_SURFACE ( 'NONE', #692, 6.500000000000005329 ) ;
#1995 = DIRECTION ( 'NONE',  ( 0.000000000000000000, -0.000000000000000000, -1.000000000000000000 ) ) ;
#1996 = DIRECTION ( 'NONE',  ( 0.000000000000000000, -0.000000000000000000, 1.000000000000000000 ) ) ;
#1997 = CYLINDRICAL_SURFACE ( 'NONE', #36, 5.049999999999998934 ) ;
#1998 = CARTESIAN_POINT ( 'NONE',  ( 15.90000000000005720, -300.0000000000000000, 20.90000000000000213 ) ) ;
#1999 = CARTESIAN_POINT ( 'NONE',  ( 30.00000000000001421, -100.0000000000000284, 300.0000000000000000 ) ) ;
#2000 = EDGE_LOOP ( 'NONE', ( #717, #1114, #1146, #401, #1785, #166 ) ) ;
#2001 = CARTESIAN_POINT ( 'NONE',  ( 15.00000000000007994, 0.000000000000000000, 0.000000000000000000 ) ) ;
#2002 = CARTESIAN_POINT ( 'NONE',  ( 30.00000000000005329, -18.00000000000000000, 2.000000000000000000 ) ) ;
#2003 = ORIENTED_EDGE ( 'NONE', *, *, #1053, .F. ) ;
#2004 = EDGE_CURVE ( 'NONE', #1366, #2824, #7, .T. ) ;
#2005 = CARTESIAN_POINT ( 'NONE',  ( 450.0000000000001137, 400.0000000000000000, 30.00000000000000000 ) ) ;
#2006 = ORIENTED_EDGE ( 'NONE', *, *, #2496, .T. ) ;
#2007 = VERTEX_POINT ( 'NONE', #2378 ) ;
#2008 = CARTESIAN_POINT ( 'NONE',  ( 432.0000000000001137, -778.0000000000000000, 20.00000000000001776 ) ) ;
#2009 = CARTESIAN_POINT ( 'NONE',  ( 7.961735002956730495E-14, -400.0000000000000000, 15.00000000000000000 ) ) ;
#2010 = VERTEX_POINT ( 'NONE', #1013 ) ;
#2011 = AXIS2_PLACEMENT_3D ( 'NONE', #1733, #2624, #1968 ) ;
#2012 = COORDINATED_UNIVERSAL_TIME_OFFSET ( 8, 0, .AHEAD. ) ;
#2013 = CARTESIAN_POINT ( 'NONE',  ( 15.90000000000005720, 398.5000000000000000, 15.90000000000000036 ) ) ;
#2014 = LOCAL_TIME ( 8, 55, 59.00000000000000000, #2621 ) ;
#2015 = FACE_BOUND ( 'NONE', #800, .T. ) ;
#2016 = LINE ( 'NONE', #2169, #1419 ) ;
#2017 = VERTEX_POINT ( 'NONE', #1217 ) ;
#2018 = CARTESIAN_POINT ( 'NONE',  ( 0.000000000000000000, 0.000000000000000000, 119.0000000000000142 ) ) ;
#2019 = LINE ( 'NONE', #2317, #1092 ) ;
#2020 = VERTEX_POINT ( 'NONE', #2820 ) ;
#2021 = EDGE_CURVE ( 'NONE', #1978, #466, #2923, .T. ) ;
#2022 = DIRECTION ( 'NONE',  ( 0.000000000000000000, -1.000000000000000000, 0.000000000000000000 ) ) ;
#2023 = CARTESIAN_POINT ( 'NONE',  ( 30.00000000000009592, -760.0000000000000000, 20.00000000000000000 ) ) ;
#2024 = VECTOR ( 'NONE', #1311, 1000.000000000000000 ) ;
#2025 = ADVANCED_FACE ( 'NONE', ( #256 ), #776, .F. ) ;
#2026 = AXIS2_PLACEMENT_3D ( 'NONE', #1716, #664, #1814 ) ;
#2027 = CARTESIAN_POINT ( 'NONE',  ( 22.00000000000000711, -50.50000000000002842, 324.7999999999999545 ) ) ;
#2028 = LINE ( 'NONE', #1884, #570 ) ;
#2029 = ORIENTED_EDGE ( 'NONE', *, *, #276, .T. ) ;
#2030 = AXIS2_PLACEMENT_3D ( 'NONE', #2911, #1768, #1784 ) ;
#2031 = LINE ( 'NONE', #1844, #1820 ) ;
#2032 = ORIENTED_EDGE ( 'NONE', *, *, #423, .F. ) ;
#2033 = CC_DESIGN_DATE_AND_TIME_ASSIGNMENT ( #2080, #2604, ( #1338 ) ) ;
#2034 = CARTESIAN_POINT ( 'NONE',  ( 15.90000000000005720, 350.0000000000000000, 15.90000000000000036 ) ) ;
#2035 = DIRECTION ( 'NONE',  ( 0.000000000000000000, 0.000000000000000000, 1.000000000000000000 ) ) ;
#2036 = VERTEX_POINT ( 'NONE', #972 ) ;
#2037 = ORIENTED_EDGE ( 'NONE', *, *, #2787, .F. ) ;
#2038 = EDGE_CURVE ( 'NONE', #2639, #1978, #2448, .T. ) ;
#2039 = CARTESIAN_POINT ( 'NONE',  ( 432.0000000000001137, -778.0000000000000000, 702.4027832905732112 ) ) ;
#2040 = VERTEX_POINT ( 'NONE', #1439 ) ;
#2041 = CONTEXT_DEPENDENT_SHAPE_REPRESENTATION ( #1971, #506 ) ;
#2042 = ORIENTED_EDGE ( 'NONE', *, *, #2764, .T. ) ;
#2043 = ORIENTED_EDGE ( 'NONE', *, *, #2747, .T. ) ;
#2044 = CARTESIAN_POINT ( 'NONE',  ( 432.0000000000000000, -18.00000000000000000, 2.000000000000000000 ) ) ;
#2045 = EDGE_CURVE ( 'NONE', #859, #177, #337, .T. ) ;
#2046 = LOCAL_TIME ( 8, 55, 59.00000000000000000, #934 ) ;
#2047 = ORIENTED_EDGE ( 'NONE', *, *, #2443, .T. ) ;
#2048 = LOCAL_TIME ( 8, 55, 59.00000000000000000, #81 ) ;
#2049 = AXIS2_PLACEMENT_3D ( 'NONE', #1085, #1743, #2915 ) ;
#2050 = DIRECTION ( 'NONE',  ( 0.000000000000000000, 0.000000000000000000, 1.000000000000000000 ) ) ;
#2051 = LINE ( 'NONE', #2174, #940 ) ;
#2052 = ORIENTED_EDGE ( 'NONE', *, *, #613, .T. ) ;
#2053 = CARTESIAN_POINT ( 'NONE',  ( 33.00000000000007105, 300.0000000000000000, 27.00000000000000711 ) ) ;
#2054 = VECTOR ( 'NONE', #2087, 1000.000000000000000 ) ;
#2055 = CC_DESIGN_PERSON_AND_ORGANIZATION_ASSIGNMENT ( #2758, #2145, ( #987 ) ) ;
#2056 = MANIFOLD_SOLID_BREP ( '凸台-拉伸6', #1442 ) ;
#2057 = ADVANCED_FACE ( 'NONE', ( #2375, #2172 ), #1205, .F. ) ;
#2058 = VECTOR ( 'NONE', #2699, 1000.000000000000000 ) ;
#2059 = CARTESIAN_POINT ( 'NONE',  ( 22.00000000000000711, -700.0000000000000000, 316.7999999999999545 ) ) ;
#2060 = LINE ( 'NONE', #2414, #1571 ) ;
#2061 = EDGE_CURVE ( 'NONE', #1368, #2639, #2589, .T. ) ;
#2062 = LINE ( 'NONE', #2184, #2956 ) ;
#2063 = ORIENTED_EDGE ( 'NONE', *, *, #1702, .F. ) ;
#2064 = DIRECTION ( 'NONE',  ( 0.000000000000000000, 1.000000000000000000, 0.000000000000000000 ) ) ;
#2065 = LINE ( 'NONE', #135, #1165 ) ;
#2066 = DIRECTION ( 'NONE',  ( -0.000000000000000000, 1.000000000000000000, -0.000000000000000000 ) ) ;
#2067 = DIRECTION ( 'NONE',  ( -0.000000000000000000, -0.000000000000000000, 1.000000000000000000 ) ) ;
#2068 = VERTEX_POINT ( 'NONE', #815 ) ;
#2069 = ORIENTED_EDGE ( 'NONE', *, *, #1214, .F. ) ;
#2070 = AXIS2_PLACEMENT_3D ( 'NONE', #355, #2180, #1938 ) ;
#2071 = CARTESIAN_POINT ( 'NONE',  ( 5.200000000000002842, -749.5000000000000000, 300.0000000000000000 ) ) ;
#2072 = ORIENTED_EDGE ( 'NONE', *, *, #577, .T. ) ;
#2073 = VERTEX_POINT ( 'NONE', #2889 ) ;
#2074 = CARTESIAN_POINT ( 'NONE',  ( 6.450000000000001066, 0.000000000000000000, -1.500000000000000000 ) ) ;
#2075 = ORIENTED_EDGE ( 'NONE', *, *, #1385, .F. ) ;
#2076 = ORIENTED_EDGE ( 'NONE', *, *, #1441, .T. ) ;
#2077 = APPLICATION_CONTEXT ( 'configuration controlled 3d designs of mechanical parts and assemblies' ) ;
#2078 = EDGE_CURVE ( 'NONE', #897, #1005, #1774, .T. ) ;
#2079 = CARTESIAN_POINT ( 'NONE',  ( 7.979727989493312634E-14, -350.0000000000000000, 27.00000000000000355 ) ) ;
#2080 = DATE_AND_TIME ( #2655, #2689 ) ;
#2081 = ORIENTED_EDGE ( 'NONE', *, *, #2760, .F. ) ;
#2082 = PERSON_AND_ORGANIZATION ( #459, #1492 ) ;
#2083 = DESIGN_CONTEXT ( 'detailed design', #1468, 'design' ) ;
#2084 = EDGE_CURVE ( 'NONE', #2746, #2036, #2092, .T. ) ;
#2085 = ADVANCED_FACE ( 'NONE', ( #193 ), #1313, .T. ) ;
#2086 = CARTESIAN_POINT ( 'NONE',  ( 0.000000000000000000, 0.000000000000000000, 0.000000000000000000 ) ) ;
#2087 = DIRECTION ( 'NONE',  ( -0.000000000000000000, -0.000000000000000000, -1.000000000000000000 ) ) ;
#2088 = VECTOR ( 'NONE', #134, 1000.000000000000000 ) ;
#2089 = PERSON_AND_ORGANIZATION_ROLE ( 'design_owner' ) ;
#2090 = AXIS2_PLACEMENT_3D ( 'NONE', #1519, #1981, #846 ) ;
#2091 = CARTESIAN_POINT ( 'NONE',  ( 7.979727989493312634E-14, -350.0000000000000000, 15.00000000000000000 ) ) ;
#2092 = LINE ( 'NONE', #1494, #1497 ) ;
#2093 = DIRECTION ( 'NONE',  ( -2.065146995210486914E-16, 0.000000000000000000, -1.000000000000000000 ) ) ;
#2094 = CARTESIAN_POINT ( 'NONE',  ( 5.200000000000002842, -700.0000000000000000, 300.0000000000000000 ) ) ;
#2095 = CC_DESIGN_DATE_AND_TIME_ASSIGNMENT ( #2161, #764, ( #818 ) ) ;
#2096 = LINE ( 'NONE', #2691, #697 ) ;
#2097 = ORIENTED_EDGE ( 'NONE', *, *, #1873, .T. ) ;
#2098 = CARTESIAN_POINT ( 'NONE',  ( 432.0000000000000000, -18.00000000000000000, 20.00000000000001776 ) ) ;
#2099 = DIRECTION ( 'NONE',  ( 1.000000000000000000, 0.000000000000000000, 0.000000000000000000 ) ) ;
#2100 = LINE ( 'NONE', #494, #1505 ) ;
#2101 = ORIENTED_EDGE ( 'NONE', *, *, #2045, .T. ) ;
#2102 = EDGE_CURVE ( 'NONE', #1889, #2401, #119, .T. ) ;
#2103 = ADVANCED_FACE ( 'NONE', ( #912 ), #774, .F. ) ;
#2104 = CARTESIAN_POINT ( 'NONE',  ( 15.90000000000005720, 398.5000000000000568, 10.90000000000000036 ) ) ;
#2105 = CYLINDRICAL_SURFACE ( 'NONE', #1183, 6.450000000000001066 ) ;
#2106 = EDGE_CURVE ( 'NONE', #2020, #904, #1534, .T. ) ;
#2107 = CARTESIAN_POINT ( 'NONE',  ( 30.00000000000000355, -700.0000000000000000, 300.0000000000000000 ) ) ;
#2108 = LINE ( 'NONE', #320, #2935 ) ;
#2109 = CARTESIAN_POINT ( 'NONE',  ( 432.0000000000001137, -778.0000000000000000, 300.0000000000000000 ) ) ;
#2110 = ADVANCED_FACE ( 'NONE', ( #375, #631 ), #1293, .F. ) ;
#2111 = AXIS2_PLACEMENT_3D ( 'NONE', #1819, #451, #1142 ) ;
#2112 = ORIENTED_EDGE ( 'NONE', *, *, #2465, .F. ) ;
#2113 = DIRECTION ( 'NONE',  ( 0.000000000000000000, -1.000000000000000000, 0.000000000000000000 ) ) ;
#2114 = VERTEX_POINT ( 'NONE', #139 ) ;
#2115 = EDGE_LOOP ( 'NONE', ( #214, #1686, #1000, #754, #1727 ) ) ;
#2116 = AXIS2_PLACEMENT_3D ( 'NONE', #259, #514, #1852 ) ;
#2117 = ORIENTED_EDGE ( 'NONE', *, *, #609, .T. ) ;
#2118 = ADVANCED_FACE ( 'NONE', ( #2732 ), #150, .T. ) ;
#2119 = APPROVAL_DATE_TIME ( #2873, #2490 ) ;
#2120 = ORIENTED_EDGE ( 'NONE', *, *, #2743, .F. ) ;
#2121 = DIRECTION ( 'NONE',  ( 0.000000000000000000, 1.000000000000000000, 0.000000000000000000 ) ) ;
#2122 = VERTEX_POINT ( 'NONE', #127 ) ;
#2123 = DIRECTION ( 'NONE',  ( -1.000000000000000000, -0.000000000000000000, -0.000000000000000000 ) ) ;
#2124 = DIRECTION ( 'NONE',  ( 0.000000000000000000, 0.000000000000000000, 1.000000000000000000 ) ) ;
#2125 = LOCAL_TIME ( 8, 55, 59.00000000000000000, #2723 ) ;
#2126 = EDGE_LOOP ( 'NONE', ( #201, #2908, #1932, #2321 ) ) ;
#2127 = CARTESIAN_POINT ( 'NONE',  ( -295.1813204887218376, -557.8571428571428896, 153.6000000000000227 ) ) ;
#2128 = EDGE_CURVE ( 'NONE', #1336, #1908, #1157, .T. ) ;
#2129 = DIRECTION ( 'NONE',  ( 0.000000000000000000, -1.000000000000000000, 0.000000000000000000 ) ) ;
#2130 = SHAPE_DEFINITION_REPRESENTATION ( #2466, #744 ) ;
#2131 = LINE ( 'NONE', #1105, #1308 ) ;
#2132 = CARTESIAN_POINT ( 'NONE',  ( 30.00000000000009592, -778.0000000000000000, 20.00000000000001776 ) ) ;
#2133 = LINE ( 'NONE', #1405, #1384 ) ;
#2134 = LINE ( 'NONE', #929, #2700 ) ;
#2135 = APPLICATION_CONTEXT ( 'configuration controlled 3d designs of mechanical parts and assemblies' ) ;
#2136 = FACE_OUTER_BOUND ( 'NONE', #2115, .T. ) ;
#2137 = PRODUCT_DEFINITION_FORMATION_WITH_SPECIFIED_SOURCE ( '任何', '', #1140, .NOT_KNOWN. ) ;
#2138 = VECTOR ( 'NONE', #2540, 1000.000000000000000 ) ;
#2139 = ORIENTED_EDGE ( 'NONE', *, *, #1970, .T. ) ;
#2140 = DIRECTION ( 'NONE',  ( 0.000000000000000000, 0.000000000000000000, 1.000000000000000000 ) ) ;
#2141 = DIRECTION ( 'NONE',  ( 5.478074134663601740E-17, -1.000000000000000000, 0.000000000000000000 ) ) ;
#2142 = EDGE_CURVE ( 'NONE', #432, #2957, #2808, .T. ) ;
#2143 = FACE_BOUND ( 'NONE', #1244, .T. ) ;
#2144 = ORIENTED_EDGE ( 'NONE', *, *, #701, .T. ) ;
#2145 = PERSON_AND_ORGANIZATION_ROLE ( 'creator' ) ;
#2146 = CARTESIAN_POINT ( 'NONE',  ( 22.00000000000000711, -749.5000000000000000, 324.7999999999999545 ) ) ;
#2147 = FACE_OUTER_BOUND ( 'NONE', #2511, .T. ) ;
#2148 = ORIENTED_EDGE ( 'NONE', *, *, #2038, .T. ) ;
#2149 = DIRECTION ( 'NONE',  ( -1.000000000000000000, 0.000000000000000000, -0.000000000000000000 ) ) ;
#2150 = ORIENTED_EDGE ( 'NONE', *, *, #2142, .F. ) ;
#2151 = ADVANCED_FACE ( 'NONE', ( #560 ), #483, .F. ) ;
#2152 = ORIENTED_EDGE ( 'NONE', *, *, #252, .F. ) ;
#2153 = CARTESIAN_POINT ( 'NONE',  ( 15.90000000000005720, -398.5000000000000000, 15.90000000000000036 ) ) ;
#2154 = PLANE ( 'NONE',  #1453 ) ;
#2155 = ORIENTED_EDGE ( 'NONE', *, *, #876, .F. ) ;
#2156 = ORIENTED_EDGE ( 'NONE', *, *, #454, .F. ) ;
#2157 = PERSON_AND_ORGANIZATION_ROLE ( 'creator' ) ;
#2158 = EDGE_LOOP ( 'NONE', ( #741, #1006, #2968, #382, #2069, #1277, #578, #619, #1443, #1781, #2829, #718 ) ) ;
#2159 = VERTEX_POINT ( 'NONE', #797 ) ;
#2160 = PRODUCT_RELATED_PRODUCT_CATEGORY ( 'detail', '', ( #1140 ) ) ;
#2161 = DATE_AND_TIME ( #1300, #1184 ) ;
#2162 = VERTEX_POINT ( 'NONE', #1022 ) ;
#2163 = EDGE_CURVE ( 'NONE', #1817, #2430, #2016, .T. ) ;
#2164 = DIRECTION ( 'NONE',  ( 0.000000000000000000, -0.000000000000000000, 1.000000000000000000 ) ) ;
#2165 = LOCAL_TIME ( 8, 55, 59.00000000000000000, #2839 ) ;
#2166 = PERSON_AND_ORGANIZATION_ROLE ( 'classification_officer' ) ;
#2167 = ADVANCED_FACE ( 'NONE', ( #2209 ), #1602, .F. ) ;
#2168 = EDGE_CURVE ( 'NONE', #147, #357, #89, .T. ) ;
#2169 = CARTESIAN_POINT ( 'NONE',  ( 33.00000000000007816, -300.0000000000000000, -26.84171144931213604 ) ) ;
#2170 = SHAPE_REPRESENTATION_RELATIONSHIP ( 'NONE' , 'NONE' ,  #744, #1402 ) ;
#2171 = DIRECTION ( 'NONE',  ( 0.000000000000000000, 0.000000000000000000, -1.000000000000000000 ) ) ;
#2172 = FACE_BOUND ( 'NONE', #641, .T. ) ;
#2173 = DIRECTION ( 'NONE',  ( -0.000000000000000000, 0.000000000000000000, 1.000000000000000000 ) ) ;
#2174 = CARTESIAN_POINT ( 'NONE',  ( 30.00000000000009237, -778.0000000000000000, 300.0000000000000000 ) ) ;
#2175 = DIRECTION ( 'NONE',  ( -1.000000000000000000, 0.000000000000000000, 0.000000000000000000 ) ) ;
#2176 = FACE_BOUND ( 'NONE', #2322, .T. ) ;
#2177 = ORIENTED_EDGE ( 'NONE', *, *, #1103, .F. ) ;
#2178 = PERSON_AND_ORGANIZATION_ROLE ( 'design_owner' ) ;
#2179 = CC_DESIGN_DATE_AND_TIME_ASSIGNMENT ( #1344, #2357, ( #987 ) ) ;
#2180 = DIRECTION ( 'NONE',  ( -1.000000000000000000, -1.460819769243627131E-16, 0.000000000000000000 ) ) ;
#2181 = FACE_OUTER_BOUND ( 'NONE', #269, .T. ) ;
#2182 = VERTEX_POINT ( 'NONE', #2905 ) ;
#2183 = LINE ( 'NONE', #2784, #308 ) ;
#2184 = CARTESIAN_POINT ( 'NONE',  ( -28.00000000000005684, -350.0000000000000000, 27.00000000000000000 ) ) ;
#2185 = CARTESIAN_POINT ( 'NONE',  ( 15.00000000000007994, 300.0000000000000000, 0.000000000000000000 ) ) ;
#2186 = ORIENTED_EDGE ( 'NONE', *, *, #2163, .T. ) ;
#2187 = DIRECTION ( 'NONE',  ( 0.000000000000000000, -1.000000000000000000, 0.000000000000000000 ) ) ;
#2188 = EDGE_CURVE ( 'NONE', #1751, #1789, #1956, .T. ) ;
#2189 = DIRECTION ( 'NONE',  ( -0.000000000000000000, 1.000000000000000000, -0.000000000000000000 ) ) ;
#2190 = DESIGN_CONTEXT ( 'detailed design', #325, 'design' ) ;
#2191 = AXIS2_PLACEMENT_3D ( 'NONE', #2335, #2323, #956 ) ;
#2192 = ORIENTED_EDGE ( 'NONE', *, *, #1197, .F. ) ;
#2193 = ORIENTED_EDGE ( 'NONE', *, *, #149, .F. ) ;
#2194 = ORIENTED_EDGE ( 'NONE', *, *, #2106, .F. ) ;
#2195 = AXIS2_PLACEMENT_3D ( 'NONE', #1429, #820, #1662 ) ;
#2196 = EDGE_LOOP ( 'NONE', ( #2473, #1079, #1141, #2859 ) ) ;
#2197 = ORIENTED_EDGE ( 'NONE', *, *, #1400, .F. ) ;
#2198 = SECURITY_CLASSIFICATION_LEVEL ( 'unclassified' ) ;
#2199 = DIRECTION ( 'NONE',  ( 1.000000000000000000, 0.000000000000000000, 0.000000000000000000 ) ) ;
#2200 = EDGE_LOOP ( 'NONE', ( #724, #173, #1523, #300 ) ) ;
#2201 = CC_DESIGN_APPROVAL ( #2440, ( #818 ) ) ;
#2202 = EDGE_CURVE ( 'NONE', #2393, #109, #843, .T. ) ;
#2203 = CARTESIAN_POINT ( 'NONE',  ( 450.0000000000001137, -400.0000000000000000, 30.00000000000000000 ) ) ;
#2204 = VECTOR ( 'NONE', #2675, 1000.000000000000000 ) ;
#2205 = ORIENTED_EDGE ( 'NONE', *, *, #2764, .F. ) ;
#2206 = LINE ( 'NONE', #694, #986 ) ;
#2207 =( REPRESENTATION_RELATIONSHIP ('NONE','NONE', #1856, #836 ) REPRESENTATION_RELATIONSHIP_WITH_TRANSFORMATION ( #720 )SHAPE_REPRESENTATION_RELATIONSHIP( ) );
#2208 = DIRECTION ( 'NONE',  ( 0.000000000000000000, 0.000000000000000000, 1.000000000000000000 ) ) ;
#2209 = FACE_OUTER_BOUND ( 'NONE', #580, .T. ) ;
#2210 = DIRECTION ( 'NONE',  ( -1.000000000000000000, 0.000000000000000000, 0.000000000000000000 ) ) ;
#2211 = VECTOR ( 'NONE', #1770, 1000.000000000000000 ) ;
#2212 = AXIS2_PLACEMENT_3D ( 'NONE', #1498, #1954, #1925 ) ;
#2213 = EDGE_LOOP ( 'NONE', ( #616, #1083, #2042, #1185 ) ) ;
#2214 = CARTESIAN_POINT ( 'NONE',  ( 15.00000000000007994, 400.0000000000000000, 15.00000000000000000 ) ) ;
#2215 = FACE_BOUND ( 'NONE', #2417, .T. ) ;
#2216 = DATE_TIME_ROLE ( 'classification_date' ) ;
#2217 = CIRCLE ( 'NONE', #745, 5.049999999999998934 ) ;
#2218 = DIRECTION ( 'NONE',  ( 0.000000000000000000, -1.000000000000000000, 0.000000000000000000 ) ) ;
#2219 = PLANE ( 'NONE',  #2799 ) ;
#2220 = VECTOR ( 'NONE', #837, 1000.000000000000000 ) ;
#2221 = CARTESIAN_POINT ( 'NONE',  ( 30.00000000000009592, -778.0000000000000000, 300.0000000000000000 ) ) ;
#2222 = CARTESIAN_POINT ( 'NONE',  ( 15.00000000000007994, 0.000000000000000000, 0.000000000000000000 ) ) ;
#2223 = ORIENTED_EDGE ( 'NONE', *, *, #471, .F. ) ;
#2224 = EDGE_CURVE ( 'NONE', #180, #541, #1459, .T. ) ;
#2225 = DIRECTION ( 'NONE',  ( -0.000000000000000000, -0.000000000000000000, -1.000000000000000000 ) ) ;
#2226 = VERTEX_POINT ( 'NONE', #1081 ) ;
#2227 = ORIENTED_EDGE ( 'NONE', *, *, #699, .F. ) ;
#2228 = ORIENTED_EDGE ( 'NONE', *, *, #25, .T. ) ;
#2229 = DIRECTION ( 'NONE',  ( -1.000000000000000000, 0.000000000000000000, 0.000000000000000000 ) ) ;
#2230 = ORIENTED_EDGE ( 'NONE', *, *, #317, .F. ) ;
#2231 = PERSON_AND_ORGANIZATION ( #459, #1492 ) ;
#2232 = VERTEX_POINT ( 'NONE', #188 ) ;
#2233 = CARTESIAN_POINT ( 'NONE',  ( 5.000000000000000000, 6.123233995736766282E-16, 0.000000000000000000 ) ) ;
#2234 = CARTESIAN_POINT ( 'NONE',  ( 15.00000000000007994, 400.0000000000000000, 15.00000000000000000 ) ) ;
#2235 = AXIS2_PLACEMENT_3D ( 'NONE', #1775, #1309, #627 ) ;
#2236 = LOCAL_TIME ( 8, 55, 59.00000000000000000, #2578 ) ;
#2237 = DIRECTION ( 'NONE',  ( -0.000000000000000000, 1.000000000000000000, -0.000000000000000000 ) ) ;
#2238 = CALENDAR_DATE ( 2026, 5, 6 ) ;
#2239 = CARTESIAN_POINT ( 'NONE',  ( 30.00000000000009592, -778.0000000000000000, 300.0000000000000000 ) ) ;
#2240 = ORIENTED_EDGE ( 'NONE', *, *, #276, .F. ) ;
#2241 = EDGE_CURVE ( 'NONE', #108, #2948, #2847, .T. ) ;
#2242 = DIRECTION ( 'NONE',  ( 0.000000000000000000, 1.000000000000000000, 0.000000000000000000 ) ) ;
#2243 = VECTOR ( 'NONE', #2810, 1000.000000000000000 ) ;
#2244 = FACE_OUTER_BOUND ( 'NONE', #1219, .T. ) ;
#2245 = ORIENTED_EDGE ( 'NONE', *, *, #1958, .T. ) ;
#2246 = VECTOR ( 'NONE', #573, 1000.000000000000000 ) ;
#2247 = EDGE_LOOP ( 'NONE', ( #2871, #2912 ) ) ;
#2248 = CARTESIAN_POINT ( 'NONE',  ( 30.00000000000009237, -778.0000000000000000, 702.4027832905732112 ) ) ;
#2249 = AXIS2_PLACEMENT_3D ( 'NONE', #559, #360, #1941 ) ;
#2250 = FACE_OUTER_BOUND ( 'NONE', #1555, .T. ) ;
#2251 = ORIENTED_EDGE ( 'NONE', *, *, #1668, .F. ) ;
#2252 = CC_DESIGN_APPROVAL ( #2402, ( #2588 ) ) ;
#2253 = CARTESIAN_POINT ( 'NONE',  ( 450.0000000000000000, 0.000000000000000000, 279.9999999999999432 ) ) ;
#2254 = EDGE_CURVE ( 'NONE', #18, #1368, #1992, .T. ) ;
#2255 = DIRECTION ( 'NONE',  ( 0.000000000000000000, 0.000000000000000000, 1.000000000000000000 ) ) ;
#2256 = ORIENTED_EDGE ( 'NONE', *, *, #491, .T. ) ;
#2257 = VERTEX_POINT ( 'NONE', #614 ) ;
#2258 = EDGE_CURVE ( 'NONE', #2159, #2938, #2515, .T. ) ;
#2259 = APPROVAL_PERSON_ORGANIZATION ( #2399, #530, #148 ) ;
#2260 = ORIENTED_EDGE ( 'NONE', *, *, #159, .T. ) ;
#2261 = ORIENTED_EDGE ( 'NONE', *, *, #2728, .F. ) ;
#2262 = DIRECTION ( 'NONE',  ( 0.000000000000000000, 1.000000000000000000, 0.000000000000000000 ) ) ;
#2263 = LOCAL_TIME ( 8, 55, 59.00000000000000000, #585 ) ;
#2264 = ORIENTED_EDGE ( 'NONE', *, *, #1103, .T. ) ;
#2265 = VERTEX_POINT ( 'NONE', #857 ) ;
#2266 = DATE_AND_TIME ( #1010, #2972 ) ;
#2267 = ORIENTED_EDGE ( 'NONE', *, *, #2913, .T. ) ;
#2268 = SHAPE_REPRESENTATION_RELATIONSHIP ( 'NONE' , 'NONE' ,  #836, #996 ) ;
#2269 = AXIS2_PLACEMENT_3D ( 'NONE', #468, #1606, #443 ) ;
#2270 = FACE_OUTER_BOUND ( 'NONE', #1614, .T. ) ;
#2271 = DIRECTION ( 'NONE',  ( -0.000000000000000000, 1.000000000000000000, -0.000000000000000000 ) ) ;
#2272 = DIRECTION ( 'NONE',  ( -1.387778780781445676E-16, 1.000000000000000000, -0.000000000000000000 ) ) ;
#2273 = CIRCLE ( 'NONE', #502, 6.500000000000005329 ) ;
#2274 = DIRECTION ( 'NONE',  ( -1.460819769243627131E-16, 1.000000000000000000, -0.000000000000000000 ) ) ;
#2275 = VECTOR ( 'NONE', #962, 1000.000000000000000 ) ;
#2276 = EDGE_CURVE ( 'NONE', #2577, #1476, #944, .T. ) ;
#2277 = CARTESIAN_POINT ( 'NONE',  ( 572.0000000000003411, -777.9999999999998863, 279.9999999999999432 ) ) ;
#2278 = LINE ( 'NONE', #84, #2246 ) ;
#2279 = CARTESIAN_POINT ( 'NONE',  ( 432.0000000000000000, -18.00000000000000000, -0.000000000000000000 ) ) ;
#2280 = CARTESIAN_POINT ( 'NONE',  ( 0.000000000000000000, 0.000000000000000000, 0.000000000000000000 ) ) ;
#2281 = FACE_OUTER_BOUND ( 'NONE', #2196, .T. ) ;
#2282 = CARTESIAN_POINT ( 'NONE',  ( 15.90000000000005720, -506.0000000000004547, 20.90000000000000213 ) ) ;
#2283 = LINE ( 'NONE', #8, #1854 ) ;
#2284 = DIRECTION ( 'NONE',  ( 1.224646799147353207E-16, -1.000000000000000000, 0.000000000000000000 ) ) ;
#2285 = FACE_OUTER_BOUND ( 'NONE', #1506, .T. ) ;
#2286 = PLANE ( 'NONE',  #581 ) ;
#2287 = ORIENTED_EDGE ( 'NONE', *, *, #350, .T. ) ;
#2288 = CARTESIAN_POINT ( 'NONE',  ( 15.00000000000007994, -350.0000000000000000, 0.000000000000000000 ) ) ;
#2289 = CC_DESIGN_PERSON_AND_ORGANIZATION_ASSIGNMENT ( #474, #992, ( #2137 ) ) ;
#2290 = DIRECTION ( 'NONE',  ( -0.000000000000000000, -1.000000000000000000, -0.000000000000000000 ) ) ;
#2291 = ORIENTED_EDGE ( 'NONE', *, *, #1594, .F. ) ;
#2292 = EDGE_CURVE ( 'NONE', #2159, #646, #2886, .T. ) ;
#2293 = ORIENTED_EDGE ( 'NONE', *, *, #2512, .T. ) ;
#2294 = ORIENTED_EDGE ( 'NONE', *, *, #2760, .T. ) ;
#2295 = EDGE_CURVE ( 'NONE', #2613, #1626, #1600, .T. ) ;
#2296 = LOCAL_TIME ( 8, 55, 59.00000000000000000, #2914 ) ;
#2297 = ORIENTED_EDGE ( 'NONE', *, *, #722, .F. ) ;
#2298 = CARTESIAN_POINT ( 'NONE',  ( 30.00000000000009237, -778.0000000000000000, 702.4027832905732112 ) ) ;
#2299 = DIRECTION ( 'NONE',  ( -1.000000000000000000, 0.000000000000000000, 0.000000000000000000 ) ) ;
#2300 = PERSON_AND_ORGANIZATION ( #459, #1492 ) ;
#2301 = DIRECTION ( 'NONE',  ( -0.000000000000000000, 1.000000000000000000, -0.000000000000000000 ) ) ;
#2302 = CIRCLE ( 'NONE', #1187, 5.000000000000000888 ) ;
#2303 = CC_DESIGN_PERSON_AND_ORGANIZATION_ASSIGNMENT ( #1050, #368, ( #42 ) ) ;
#2304 = DIRECTION ( 'NONE',  ( 0.000000000000000000, 0.000000000000000000, 1.000000000000000000 ) ) ;
#2305 = VECTOR ( 'NONE', #1198, 1000.000000000000000 ) ;
#2306 = DIRECTION ( 'NONE',  ( -0.000000000000000000, -1.000000000000000000, -0.000000000000000000 ) ) ;
#2307 = FACE_BOUND ( 'NONE', #457, .T. ) ;
#2308 =( LENGTH_UNIT ( ) NAMED_UNIT ( * ) SI_UNIT ( .MILLI., .METRE. ) );
#2309 = EDGE_LOOP ( 'NONE', ( #604, #1961, #1407, #105 ) ) ;
#2310 = ADVANCED_FACE ( 'NONE', ( #1632 ), #1532, .T. ) ;
#2311 = LINE ( 'NONE', #1190, #991 ) ;
#2312 = LINE ( 'NONE', #1490, #264 ) ;
#2313 = DIRECTION ( 'NONE',  ( 0.000000000000000000, -0.000000000000000000, -1.000000000000000000 ) ) ;
#2314 = DIRECTION ( 'NONE',  ( -0.000000000000000000, 1.000000000000000000, -0.000000000000000000 ) ) ;
#2315 = AXIS2_PLACEMENT_3D ( 'NONE', #790, #1454, #526 ) ;
#2316 = DIRECTION ( 'NONE',  ( 0.7832554648628055061, 0.000000000000000000, 0.6216999893538285304 ) ) ;
#2317 = CARTESIAN_POINT ( 'NONE',  ( -28.00000000000005684, 350.0000000000000000, 27.00000000000000000 ) ) ;
#2318 = FACE_BOUND ( 'NONE', #251, .T. ) ;
#2319 = CARTESIAN_POINT ( 'NONE',  ( 15.00000000000007994, -400.0000000000000000, 0.000000000000000000 ) ) ;
#2320 = ADVANCED_FACE ( 'NONE', ( #693 ), #402, .F. ) ;
#2321 = ORIENTED_EDGE ( 'NONE', *, *, #872, .T. ) ;
#2322 = EDGE_LOOP ( 'NONE', ( #313, #1862 ) ) ;
#2323 = DIRECTION ( 'NONE',  ( -1.224646799147353207E-16, 1.000000000000000000, 0.000000000000000000 ) ) ;
#2324 = CARTESIAN_POINT ( 'NONE',  ( 22.00000000000000711, -50.50000000000002842, 316.7999999999999545 ) ) ;
#2325 = EDGE_LOOP ( 'NONE', ( #2432, #2400, #2186, #2797, #433 ) ) ;
#2326 = ORIENTED_EDGE ( 'NONE', *, *, #1878, .T. ) ;
#2327 =( NAMED_UNIT ( * ) SI_UNIT ( $, .STERADIAN. ) SOLID_ANGLE_UNIT ( ) );
#2328 = EDGE_CURVE ( 'NONE', #180, #161, #2273, .T. ) ;
#2329 = COORDINATED_UNIVERSAL_TIME_OFFSET ( 8, 0, .AHEAD. ) ;
#2330 = VERTEX_POINT ( 'NONE', #1590 ) ;
#2331 = VERTEX_POINT ( 'NONE', #2925 ) ;
#2332 = CARTESIAN_POINT ( 'NONE',  ( 30.00000000000005329, -18.00000000000000000, 2.000000000000000000 ) ) ;
#2333 = LOCAL_TIME ( 8, 55, 59.00000000000000000, #2754 ) ;
#2334 = ORIENTED_EDGE ( 'NONE', *, *, #336, .F. ) ;
#2335 = CARTESIAN_POINT ( 'NONE',  ( 572.0000000000003411, -777.9999999999998863, 300.0000000000000000 ) ) ;
#2336 = CARTESIAN_POINT ( 'NONE',  ( 0.000000000000000000, 0.000000000000000000, 120.0000000000000000 ) ) ;
#2337 = LINE ( 'NONE', #352, #1986 ) ;
#2338 = ADVANCED_FACE ( 'NONE', ( #1154 ), #521, .T. ) ;
#2339 = DIRECTION ( 'NONE',  ( -0.000000000000000000, 1.000000000000000000, -0.000000000000000000 ) ) ;
#2340 = CC_DESIGN_SECURITY_CLASSIFICATION ( #2722, ( #2974 ) ) ;
#2341 = LINE ( 'NONE', #2039, #564 ) ;
#2342 = DIRECTION ( 'NONE',  ( -0.000000000000000000, 0.000000000000000000, 1.000000000000000000 ) ) ;
#2343 = VECTOR ( 'NONE', #372, 1000.000000000000000 ) ;
#2344 = EDGE_CURVE ( 'NONE', #1626, #2232, #371, .T. ) ;
#2345 = DIRECTION ( 'NONE',  ( 1.000000000000000000, 0.000000000000000000, 0.000000000000000000 ) ) ;
#2346 = DIRECTION ( 'NONE',  ( -0.000000000000000000, -0.000000000000000000, -1.000000000000000000 ) ) ;
#2347 = EDGE_CURVE ( 'NONE', #1368, #2393, #157, .T. ) ;
#2348 = DIRECTION ( 'NONE',  ( 1.927470528863117076E-16, 1.000000000000000000, 0.000000000000000000 ) ) ;
#2349 = ORIENTED_EDGE ( 'NONE', *, *, #2470, .F. ) ;
#2350 = CARTESIAN_POINT ( 'NONE',  ( 9.797174393178825736E-14, -800.0000000000000000, 0.000000000000000000 ) ) ;
#2351 = CIRCLE ( 'NONE', #28, 5.000000000000000888 ) ;
#2352 = DIRECTION ( 'NONE',  ( 0.000000000000000000, 0.000000000000000000, -1.000000000000000000 ) ) ;
#2353 = CARTESIAN_POINT ( 'NONE',  ( 15.00000000000007994, 350.0000000000000000, 0.000000000000000000 ) ) ;
#2354 = DIRECTION ( 'NONE',  ( 1.232566680299310330E-16, -1.000000000000000000, 0.000000000000000000 ) ) ;
#2355 = AXIS2_PLACEMENT_3D ( 'NONE', #2451, #398, #1559 ) ;
#2356 = ORIENTED_EDGE ( 'NONE', *, *, #2241, .F. ) ;
#2357 = DATE_TIME_ROLE ( 'creation_date' ) ;
#2358 = ORIENTED_EDGE ( 'NONE', *, *, #1159, .F. ) ;
#2359 = AXIS2_PLACEMENT_3D ( 'NONE', #1203, #703, #2304 ) ;
#2360 = EDGE_LOOP ( 'NONE', ( #2724, #184, #2197, #1404 ) ) ;
#2361 = EDGE_LOOP ( 'NONE', ( #1275, #1138, #1055, #2671 ) ) ;
#2362 = LOCAL_TIME ( 8, 55, 59.00000000000000000, #1660 ) ;
#2363 = EDGE_CURVE ( 'NONE', #1963, #2902, #557, .T. ) ;
#2364 = CARTESIAN_POINT ( 'NONE',  ( 5.200000000000002842, -749.5000000000000000, 300.0000000000000000 ) ) ;
#2365 = DATE_AND_TIME ( #1980, #2046 ) ;
#2366 = EDGE_LOOP ( 'NONE', ( #356, #1112, #1909, #2534 ) ) ;
#2367 = APPROVAL_STATUS ( 'not_yet_approved' ) ;
#2368 = ADVANCED_FACE ( 'NONE', ( #2922 ), #2731, .F. ) ;
#2369 = EDGE_CURVE ( 'NONE', #1912, #1478, #1669, .T. ) ;
#2370 = DIRECTION ( 'NONE',  ( 1.000000000000000000, 0.000000000000000000, 1.137523590804461357E-16 ) ) ;
#2371 = CARTESIAN_POINT ( 'NONE',  ( 15.90000000000005720, -300.0000000000000000, 15.90000000000000036 ) ) ;
#2372 = DIRECTION ( 'NONE',  ( -1.000000000000000000, -1.224646799147353207E-16, -0.000000000000000000 ) ) ;
#2373 = DIRECTION ( 'NONE',  ( 1.000000000000000000, -0.000000000000000000, 0.000000000000000000 ) ) ;
#2374 = VECTOR ( 'NONE', #2290, 1000.000000000000000 ) ;
#2375 = FACE_OUTER_BOUND ( 'NONE', #887, .T. ) ;
#2376 = APPROVAL_STATUS ( 'not_yet_approved' ) ;
#2377 = AXIS2_PLACEMENT_3D ( 'NONE', #2441, #860, #394 ) ;
#2378 = CARTESIAN_POINT ( 'NONE',  ( 5.000000000000000000, 6.123233995736766282E-16, 119.0000000000000142 ) ) ;
#2379 = FACE_OUTER_BOUND ( 'NONE', #507, .T. ) ;
#2380 = ORIENTED_EDGE ( 'NONE', *, *, #626, .T. ) ;
#2381 = PLANE ( 'NONE',  #960 ) ;
#2382 = ORIENTED_EDGE ( 'NONE', *, *, #2623, .F. ) ;
#2383 = DIRECTION ( 'NONE',  ( 1.000000000000000000, 0.000000000000000000, 0.000000000000000000 ) ) ;
#2384 = DIRECTION ( 'NONE',  ( 1.460819769243627131E-16, -1.000000000000000000, 0.000000000000000000 ) ) ;
#2385 = DIRECTION ( 'NONE',  ( 1.000000000000000000, 0.000000000000000000, 0.000000000000000000 ) ) ;
#2386 = EDGE_CURVE ( 'NONE', #1657, #1391, #2302, .T. ) ;
#2387 = FACE_OUTER_BOUND ( 'NONE', #1745, .T. ) ;
#2388 = ORIENTED_EDGE ( 'NONE', *, *, #2202, .T. ) ;
#2389 = APPLICATION_PROTOCOL_DEFINITION ( 'international standard', 'config_control_design', 1994, #1012 ) ;
#2390 = CARTESIAN_POINT ( 'NONE',  ( 450.0000000000001137, -800.0000000000000000, 300.0000000000000000 ) ) ;
#2391 = EDGE_LOOP ( 'NONE', ( #1544, #2155, #1790, #947 ) ) ;
#2392 = AXIS2_PLACEMENT_3D ( 'NONE', #757, #1905, #1924 ) ;
#2393 = VERTEX_POINT ( 'NONE', #228 ) ;
#2394 = DIRECTION ( 'NONE',  ( -1.000000000000000000, -5.478074134663601740E-17, 0.000000000000000000 ) ) ;
#2395 = VERTEX_POINT ( 'NONE', #2279 ) ;
#2396 = ORIENTED_EDGE ( 'NONE', *, *, #2347, .T. ) ;
#2397 = PERSON_AND_ORGANIZATION_ROLE ( 'classification_officer' ) ;
#2398 = DIRECTION ( 'NONE',  ( -0.000000000000000000, -1.000000000000000000, -0.000000000000000000 ) ) ;
#2399 = PERSON_AND_ORGANIZATION ( #1706, #2752 ) ;
#2400 = ORIENTED_EDGE ( 'NONE', *, *, #2429, .F. ) ;
#2401 = VERTEX_POINT ( 'NONE', #2009 ) ;
#2402 = APPROVAL ( #1252, '未指定' ) ;
#2403 = COORDINATED_UNIVERSAL_TIME_OFFSET ( 8, 0, .AHEAD. ) ;
#2404 = ORIENTED_EDGE ( 'NONE', *, *, #2045, .F. ) ;
#2405 = EDGE_CURVE ( 'NONE', #995, #2073, #2586, .T. ) ;
#2406 = CALENDAR_DATE ( 2026, 5, 6 ) ;
#2407 = PLANE ( 'NONE',  #407 ) ;
#2408 = DIRECTION ( 'NONE',  ( 0.000000000000000000, -0.000000000000000000, -1.000000000000000000 ) ) ;
#2409 = APPROVAL_ROLE ( '' ) ;
#2410 = CARTESIAN_POINT ( 'NONE',  ( 15.90000000000005720, -398.5000000000000000, 15.90000000000000036 ) ) ;
#2411 = CARTESIAN_POINT ( 'NONE',  ( 15.90000000000005720, -398.5000000000000000, 20.90000000000000213 ) ) ;
#2412 = CIRCLE ( 'NONE', #1566, 6.500000000000005329 ) ;
#2413 = CARTESIAN_POINT ( 'NONE',  ( 22.00000000000000711, -749.5000000000000000, 324.7999999999999545 ) ) ;
#2414 = CARTESIAN_POINT ( 'NONE',  ( 30.00000000000001066, -749.5000000000000000, 316.7999999999999545 ) ) ;
#2415 = CARTESIAN_POINT ( 'NONE',  ( 33.00000000000007816, 300.0000000000000000, 0.000000000000000000 ) ) ;
#2416 = VECTOR ( 'NONE', #2868, 1000.000000000000000 ) ;
#2417 = EDGE_LOOP ( 'NONE', ( #2696, #698 ) ) ;
#2418 = DATE_TIME_ROLE ( 'classification_date' ) ;
#2419 =( GEOMETRIC_REPRESENTATION_CONTEXT ( 3 ) GLOBAL_UNCERTAINTY_ASSIGNED_CONTEXT ( ( #643 ) ) GLOBAL_UNIT_ASSIGNED_CONTEXT ( ( #2308, #971, #2327 ) ) REPRESENTATION_CONTEXT ( 'NONE', 'WORKASPACE' ) );
#2420 = CARTESIAN_POINT ( 'NONE',  ( 15.90000000000005720, -506.0000000000004547, 15.90000000000000036 ) ) ;
#2421 = VECTOR ( 'NONE', #1118, 1000.000000000000000 ) ;
#2422 = VECTOR ( 'NONE', #278, 1000.000000000000000 ) ;
#2423 = DIRECTION ( 'NONE',  ( -1.232566680299310330E-16, 1.000000000000000000, 0.000000000000000000 ) ) ;
#2424 = ORIENTED_EDGE ( 'NONE', *, *, #1873, .F. ) ;
#2425 = DIRECTION ( 'NONE',  ( 1.387778780781445676E-16, -1.000000000000000000, 0.000000000000000000 ) ) ;
#2426 = VECTOR ( 'NONE', #329, 1000.000000000000000 ) ;
#2427 = CARTESIAN_POINT ( 'NONE',  ( 15.90000000000005720, 350.0000000000000000, 20.90000000000000213 ) ) ;
#2428 = CARTESIAN_POINT ( 'NONE',  ( 7.961735002956730495E-14, -299.9999999999999432, 30.00000000000000000 ) ) ;
#2429 = EDGE_CURVE ( 'NONE', #1817, #904, #2206, .T. ) ;
#2430 = VERTEX_POINT ( 'NONE', #6 ) ;
#2431 = ORIENTED_EDGE ( 'NONE', *, *, #2038, .F. ) ;
#2432 = ORIENTED_EDGE ( 'NONE', *, *, #2106, .T. ) ;
#2433 = VERTEX_POINT ( 'NONE', #2751 ) ;
#2434 = PLANE ( 'NONE',  #239 ) ;
#2435 = ADVANCED_FACE ( 'NONE', ( #447 ), #2730, .F. ) ;
#2436 = EDGE_LOOP ( 'NONE', ( #861, #877, #1791, #2404 ) ) ;
#2437 = DATE_TIME_ROLE ( 'classification_date' ) ;
#2438 = PLANE ( 'NONE',  #1038 ) ;
#2439 = DATE_AND_TIME ( #77, #2506 ) ;
#2440 = APPROVAL ( #1216, '未指定' ) ;
#2441 = CARTESIAN_POINT ( 'NONE',  ( 13.20000000000000462, -50.50000000000002842, 316.7999999999999545 ) ) ;
#2442 = APPROVAL_PERSON_ORGANIZATION ( #834, #658, #1021 ) ;
#2443 = EDGE_CURVE ( 'NONE', #2330, #2226, #2133, .T. ) ;
#2444 = LINE ( 'NONE', #1238, #1455 ) ;
#2445 = LINE ( 'NONE', #936, #1458 ) ;
#2446 = DATE_TIME_ROLE ( 'classification_date' ) ;
#2447 = EDGE_CURVE ( 'NONE', #1135, #108, #2805, .T. ) ;
#2448 = LINE ( 'NONE', #985, #2243 ) ;
#2449 = CIRCLE ( 'NONE', #902, 15.00000000000000000 ) ;
#2450 = AXIS2_PLACEMENT_3D ( 'NONE', #647, #1578, #1345 ) ;
#2451 = CARTESIAN_POINT ( 'NONE',  ( 15.90000000000000036, -100.0000000000000284, 316.0000000000000000 ) ) ;
#2452 = DIRECTION ( 'NONE',  ( 0.000000000000000000, -1.000000000000000000, 0.000000000000000000 ) ) ;
#2453 = CARTESIAN_POINT ( 'NONE',  ( 22.00000000000000711, -700.0000000000000000, 316.7999999999999545 ) ) ;
#2454 = VECTOR ( 'NONE', #2558, 1000.000000000000000 ) ;
#2455 = ORIENTED_EDGE ( 'NONE', *, *, #2512, .F. ) ;
#2456 = CC_DESIGN_PERSON_AND_ORGANIZATION_ASSIGNMENT ( #2796, #138, ( #246 ) ) ;
#2457 = DIRECTION ( 'NONE',  ( -0.000000000000000000, 1.000000000000000000, -0.000000000000000000 ) ) ;
#2458 = VECTOR ( 'NONE', #689, 1000.000000000000000 ) ;
#2459 = EDGE_CURVE ( 'NONE', #361, #513, #1088, .T. ) ;
#2460 = CARTESIAN_POINT ( 'NONE',  ( 30.00000000000000355, -50.50000000000002842, 300.0000000000000000 ) ) ;
#2461 = CIRCLE ( 'NONE', #129, 8.000000000000007105 ) ;
#2462 = VERTEX_POINT ( 'NONE', #1645 ) ;
#2463 = VERTEX_POINT ( 'NONE', #267 ) ;
#2464 = DIRECTION ( 'NONE',  ( 0.000000000000000000, 0.000000000000000000, -1.000000000000000000 ) ) ;
#2465 = EDGE_CURVE ( 'NONE', #283, #108, #2513, .T. ) ;
#2466 = PRODUCT_DEFINITION_SHAPE ( 'NONE', 'NONE',  #2588 ) ;
#2467 = CARTESIAN_POINT ( 'NONE',  ( 0.000000000000000000, 0.000000000000000000, 120.0000000000000000 ) ) ;
#2468 = ORIENTED_EDGE ( 'NONE', *, *, #2369, .F. ) ;
#2469 = EDGE_LOOP ( 'NONE', ( #2656, #1173, #2293, #15, #2003 ) ) ;
#2470 = EDGE_CURVE ( 'NONE', #2265, #1516, #909, .T. ) ;
#2471 = CARTESIAN_POINT ( 'NONE',  ( 572.0000000000003411, -777.9999999999998863, 279.9999999999999432 ) ) ;
#2472 = DIRECTION ( 'NONE',  ( -0.000000000000000000, 1.000000000000000000, -0.000000000000000000 ) ) ;
#2473 = ORIENTED_EDGE ( 'NONE', *, *, #69, .F. ) ;
#2474 = DIRECTION ( 'NONE',  ( -1.000000000000000000, -0.000000000000000000, -1.137523590804461357E-16 ) ) ;
#2475 = AXIS2_PLACEMENT_3D ( 'NONE', #2688, #1562, #1376 ) ;
#2476 = APPROVAL_DATE_TIME ( #114, #1987 ) ;
#2477 = EDGE_LOOP ( 'NONE', ( #2608, #1317, #753, #817 ) ) ;
#2478 = PLANE ( 'NONE',  #1314 ) ;
#2479 = LINE ( 'NONE', #866, #691 ) ;
#2480 = EDGE_CURVE ( 'NONE', #2232, #1326, #480, .T. ) ;
#2481 = FACE_OUTER_BOUND ( 'NONE', #673, .T. ) ;
#2482 = AXIS2_PLACEMENT_3D ( 'NONE', #1234, #755, #2609 ) ;
#2483 = DIRECTION ( 'NONE',  ( -0.000000000000000000, 1.000000000000000000, -0.000000000000000000 ) ) ;
#2484 = LINE ( 'NONE', #1800, #450 ) ;
#2485 = CARTESIAN_POINT ( 'NONE',  ( 15.90000000000000036, -50.50000000000002842, 316.0000000000000000 ) ) ;
#2486 = LINE ( 'NONE', #1509, #1887 ) ;
#2487 = EDGE_LOOP ( 'NONE', ( #76, #2287, #1134, #2072 ) ) ;
#2488 = LINE ( 'NONE', #488, #2422 ) ;
#2489 = ORIENTED_EDGE ( 'NONE', *, *, #1484, .F. ) ;
#2490 = APPROVAL ( #1512, 'UNKNOWN' ) ;
#2491 = CARTESIAN_POINT ( 'NONE',  ( 0.000000000000000000, 0.000000000000000000, 0.000000000000000000 ) ) ;
#2492 = FACE_OUTER_BOUND ( 'NONE', #78, .T. ) ;
#2493 = EDGE_CURVE ( 'NONE', #161, #2462, #2445, .T. ) ;
#2494 = CARTESIAN_POINT ( 'NONE',  ( 30.00000000000001066, -749.5000000000000000, 316.7999999999999545 ) ) ;
#2495 = ORIENTED_EDGE ( 'NONE', *, *, #1921, .F. ) ;
#2496 = EDGE_CURVE ( 'NONE', #1587, #71, #2761, .T. ) ;
#2497 = VERTEX_POINT ( 'NONE', #943 ) ;
#2498 = ADVANCED_FACE ( 'NONE', ( #1773 ), #596, .T. ) ;
#2499 = ORIENTED_EDGE ( 'NONE', *, *, #665, .T. ) ;
#2500 = VERTEX_POINT ( 'NONE', #2528 ) ;
#2501 = CARTESIAN_POINT ( 'NONE',  ( -28.00000000000005684, 350.0000000000000000, 22.00000000000000000 ) ) ;
#2502 = DIRECTION ( 'NONE',  ( 2.065146995210486914E-16, 0.000000000000000000, 1.000000000000000000 ) ) ;
#2503 = LOCAL_TIME ( 8, 55, 59.00000000000000000, #1911 ) ;
#2504 = VERTEX_POINT ( 'NONE', #714 ) ;
#2505 = ORIENTED_EDGE ( 'NONE', *, *, #1322, .T. ) ;
#2506 = LOCAL_TIME ( 8, 55, 59.00000000000000000, #762 ) ;
#2507 = LOCAL_TIME ( 8, 55, 59.00000000000000000, #766 ) ;
#2508 = CARTESIAN_POINT ( 'NONE',  ( 30.00000000000000355, -18.00000000000000000, 300.0000000000000000 ) ) ;
#2509 = AXIS2_PLACEMENT_3D ( 'NONE', #1280, #1288, #2916 ) ;
#2510 = LINE ( 'NONE', #611, #1188 ) ;
#2511 = EDGE_LOOP ( 'NONE', ( #11, #2684, #2927, #1064 ) ) ;
#2512 = EDGE_CURVE ( 'NONE', #897, #758, #1988, .T. ) ;
#2513 = LINE ( 'NONE', #2804, #1119 ) ;
#2514 = CARTESIAN_POINT ( 'NONE',  ( 7.961735002956730495E-14, 300.0000000000000000, 30.00000000000000000 ) ) ;
#2515 = LINE ( 'NONE', #1328, #695 ) ;
#2516 = EDGE_CURVE ( 'NONE', #207, #2520, #1192, .T. ) ;
#2517 = LINE ( 'NONE', #1595, #2275 ) ;
#2518 = CARTESIAN_POINT ( 'NONE',  ( 15.90000000000000036, -749.5000000000000000, 316.0000000000000000 ) ) ;
#2519 = VECTOR ( 'NONE', #1622, 1000.000000000000000 ) ;
#2520 = VERTEX_POINT ( 'NONE', #727 ) ;
#2521 = DIRECTION ( 'NONE',  ( 1.460819769243627131E-16, -1.000000000000000000, 0.000000000000000000 ) ) ;
#2522 = VECTOR ( 'NONE', #1030, 1000.000000000000000 ) ;
#2523 = AXIS2_PLACEMENT_3D ( 'NONE', #2467, #1764, #1782 ) ;
#2524 = ORIENTED_EDGE ( 'NONE', *, *, #701, .F. ) ;
#2525 = CARTESIAN_POINT ( 'NONE',  ( 450.0000000000001137, -777.9999999999998863, 280.0000000000000000 ) ) ;
#2526 = ORIENTED_EDGE ( 'NONE', *, *, #311, .T. ) ;
#2527 = DIRECTION ( 'NONE',  ( 0.000000000000000000, 0.000000000000000000, 1.000000000000000000 ) ) ;
#2528 = CARTESIAN_POINT ( 'NONE',  ( 30.00000000000013856, -778.0000000000000000, 279.9999999999999432 ) ) ;
#2529 = DIRECTION ( 'NONE',  ( -1.000000000000000000, -1.224646799147353207E-16, -0.000000000000000000 ) ) ;
#2530 = APPLICATION_CONTEXT ( 'configuration controlled 3d designs of mechanical parts and assemblies' ) ;
#2531 = EDGE_LOOP ( 'NONE', ( #966, #2192, #1027, #970 ) ) ;
#2532 = EDGE_CURVE ( 'NONE', #389, #826, #1840, .T. ) ;
#2533 = CARTESIAN_POINT ( 'NONE',  ( 0.000000000000000000, 0.000000000000000000, 119.0000000000000142 ) ) ;
#2534 = ORIENTED_EDGE ( 'NONE', *, *, #1357, .F. ) ;
#2535 = EDGE_LOOP ( 'NONE', ( #112, #1320, #2431, #503 ) ) ;
#2536 = ORIENTED_EDGE ( 'NONE', *, *, #1120, .F. ) ;
#2537 = AXIS2_PLACEMENT_3D ( 'NONE', #1246, #550, #1709 ) ;
#2538 = LOCAL_TIME ( 8, 55, 59.00000000000000000, #2329 ) ;
#2539 = VERTEX_POINT ( 'NONE', #2783 ) ;
#2540 = DIRECTION ( 'NONE',  ( -0.000000000000000000, 1.000000000000000000, -0.000000000000000000 ) ) ;
#2541 = DIRECTION ( 'NONE',  ( -0.000000000000000000, 1.000000000000000000, -0.000000000000000000 ) ) ;
#2542 = PERSON_AND_ORGANIZATION ( #459, #1492 ) ;
#2543 = AXIS2_PLACEMENT_3D ( 'NONE', #235, #998, #2348 ) ;
#2544 = ADVANCED_FACE ( 'NONE', ( #1232 ), #2550, .F. ) ;
#2545 = DIRECTION ( 'NONE',  ( 0.000000000000000000, -0.000000000000000000, 1.000000000000000000 ) ) ;
#2546 = VECTOR ( 'NONE', #811, 1000.000000000000000 ) ;
#2547 = CC_DESIGN_PERSON_AND_ORGANIZATION_ASSIGNMENT ( #1558, #806, ( #2588 ) ) ;
#2548 = DIRECTION ( 'NONE',  ( -0.000000000000000000, 0.000000000000000000, -1.000000000000000000 ) ) ;
#2549 = CARTESIAN_POINT ( 'NONE',  ( 15.90000000000005720, 400.0000000000000000, 22.40000000000000568 ) ) ;
#2550 = PLANE ( 'NONE',  #2888 ) ;
#2551 = EDGE_CURVE ( 'NONE', #1789, #324, #1699, .T. ) ;
#2552 = LINE ( 'NONE', #2248, #2952 ) ;
#2553 =( LENGTH_UNIT ( ) NAMED_UNIT ( * ) SI_UNIT ( .MILLI., .METRE. ) );
#2554 = ORIENTED_EDGE ( 'NONE', *, *, #787, .F. ) ;
#2555 = DIRECTION ( 'NONE',  ( 0.000000000000000000, 0.000000000000000000, -1.000000000000000000 ) ) ;
#2556 = EDGE_CURVE ( 'NONE', #758, #2114, #2844, .T. ) ;
#2557 = FACE_OUTER_BOUND ( 'NONE', #405, .T. ) ;
#2558 = DIRECTION ( 'NONE',  ( 0.000000000000000000, -1.000000000000000000, 0.000000000000000000 ) ) ;
#2559 = ADVANCED_FACE ( 'NONE', ( #628 ), #1883, .F. ) ;
#2560 = FACE_BOUND ( 'NONE', #2564, .T. ) ;
#2561 = PLANE ( 'NONE',  #113 ) ;
#2562 = VECTOR ( 'NONE', #1489, 1000.000000000000000 ) ;
#2563 = CC_DESIGN_PERSON_AND_ORGANIZATION_ASSIGNMENT ( #2082, #2583, ( #686 ) ) ;
#2564 = EDGE_LOOP ( 'NONE', ( #752, #94 ) ) ;
#2565 = EDGE_LOOP ( 'NONE', ( #354, #2227, #2536, #1108 ) ) ;
#2566 = DIRECTION ( 'NONE',  ( 0.000000000000000000, 1.000000000000000000, 0.000000000000000000 ) ) ;
#2567 = DIRECTION ( 'NONE',  ( -0.000000000000000000, 1.000000000000000000, -0.000000000000000000 ) ) ;
#2568 = DIRECTION ( 'NONE',  ( -1.000000000000000000, 0.000000000000000000, -0.000000000000000000 ) ) ;
#2569 = ORIENTED_EDGE ( 'NONE', *, *, #948, .T. ) ;
#2570 = ORIENTED_EDGE ( 'NONE', *, *, #2634, .F. ) ;
#2571 = EDGE_CURVE ( 'NONE', #826, #466, #49, .T. ) ;
#2572 = LOCAL_TIME ( 8, 55, 59.00000000000000000, #213 ) ;
#2573 = ORIENTED_EDGE ( 'NONE', *, *, #2102, .T. ) ;
#2574 = EDGE_LOOP ( 'NONE', ( #1972, #568, #1483, #2937 ) ) ;
#2575 = APPROVAL_PERSON_ORGANIZATION ( #832, #1589, #2896 ) ;
#2576 = DIRECTION ( 'NONE',  ( 0.000000000000000000, 0.000000000000000000, -1.000000000000000000 ) ) ;
#2577 = VERTEX_POINT ( 'NONE', #2353 ) ;
#2578 = COORDINATED_UNIVERSAL_TIME_OFFSET ( 8, 0, .AHEAD. ) ;
#2579 = DIRECTION ( 'NONE',  ( -1.000000000000000000, 0.000000000000000000, 0.000000000000000000 ) ) ;
#2580 = DIRECTION ( 'NONE',  ( 2.065146995210486914E-16, 0.000000000000000000, 1.000000000000000000 ) ) ;
#2581 = ADVANCED_FACE ( 'NONE', ( #1803 ), #1227, .T. ) ;
#2582 = LINE ( 'NONE', #345, #2727 ) ;
#2583 = PERSON_AND_ORGANIZATION_ROLE ( 'design_owner' ) ;
#2584 = AXIS2_PLACEMENT_3D ( 'NONE', #1678, #2597, #516 ) ;
#2585 = DIRECTION ( 'NONE',  ( 0.000000000000000000, 0.000000000000000000, 1.000000000000000000 ) ) ;
#2586 = LINE ( 'NONE', #1598, #1731 ) ;
#2587 = DIRECTION ( 'NONE',  ( -0.000000000000000000, -1.000000000000000000, -0.000000000000000000 ) ) ;
#2588 = PRODUCT_DEFINITION ( '未知', '', #42, #1902 ) ;
#2589 = LINE ( 'NONE', #2390, #2627 ) ;
#2590 = CARTESIAN_POINT ( 'NONE',  ( 6.450000000000001066, 0.000000000000000000, 0.000000000000000000 ) ) ;
#2591 = CARTESIAN_POINT ( 'NONE',  ( 572.0000000000003411, -777.9999999999998863, 300.0000000000000000 ) ) ;
#2592 = DIRECTION ( 'NONE',  ( 0.000000000000000000, 1.000000000000000000, -0.000000000000000000 ) ) ;
#2593 = CIRCLE ( 'NONE', #2049, 8.000000000000007105 ) ;
#2594 = ORIENTED_EDGE ( 'NONE', *, *, #25, .F. ) ;
#2595 = EDGE_CURVE ( 'NONE', #2226, #1143, #2412, .T. ) ;
#2596 = APPROVAL_ROLE ( '' ) ;
#2597 = DIRECTION ( 'NONE',  ( 0.000000000000000000, 0.000000000000000000, -1.000000000000000000 ) ) ;
#2598 = LINE ( 'NONE', #254, #2454 ) ;
#2599 = EDGE_CURVE ( 'NONE', #1135, #2122, #2951, .T. ) ;
#2600 = FACE_OUTER_BOUND ( 'NONE', #1370, .T. ) ;
#2601 = CARTESIAN_POINT ( 'NONE',  ( 30.00000000000009592, -778.0000000000000000, -0.000000000000000000 ) ) ;
#2602 = PLANE ( 'NONE',  #1019 ) ;
#2603 = DIRECTION ( 'NONE',  ( 0.000000000000000000, 1.000000000000000000, 0.000000000000000000 ) ) ;
#2604 = DATE_TIME_ROLE ( 'creation_date' ) ;
#2605 = ADVANCED_FACE ( 'NONE', ( #2481 ), #2154, .F. ) ;
#2606 = APPROVAL ( #1937, '未指定' ) ;
#2607 = VERTEX_POINT ( 'NONE', #794 ) ;
#2608 = ORIENTED_EDGE ( 'NONE', *, *, #2102, .F. ) ;
#2609 = DIRECTION ( 'NONE',  ( 0.000000000000000000, 0.000000000000000000, 1.000000000000000000 ) ) ;
#2610 = CARTESIAN_POINT ( 'NONE',  ( 432.0000000000001137, -760.0000000000000000, 20.00000000000000000 ) ) ;
#2611 = ORIENTED_EDGE ( 'NONE', *, *, #1087, .T. ) ;
#2612 = CARTESIAN_POINT ( 'NONE',  ( 15.90000000000005720, -398.5000000000000000, 9.399999999999995026 ) ) ;
#2613 = VERTEX_POINT ( 'NONE', #334 ) ;
#2614 = DIRECTION ( 'NONE',  ( -0.000000000000000000, 0.000000000000000000, 1.000000000000000000 ) ) ;
#2615 = ADVANCED_FACE ( 'NONE', ( #1667 ), #760, .F. ) ;
#2616 = ORIENTED_EDGE ( 'NONE', *, *, #1379, .F. ) ;
#2617 = PERSON_AND_ORGANIZATION_ROLE ( 'design_supplier' ) ;
#2618 = EDGE_CURVE ( 'NONE', #1579, #1152, #2051, .T. ) ;
#2619 = DIRECTION ( 'NONE',  ( 0.000000000000000000, -1.000000000000000000, 0.000000000000000000 ) ) ;
#2620 = APPROVAL_PERSON_ORGANIZATION ( #1306, #1533, #305 ) ;
#2621 = COORDINATED_UNIVERSAL_TIME_OFFSET ( 8, 0, .AHEAD. ) ;
#2622 = ORIENTED_EDGE ( 'NONE', *, *, #2021, .T. ) ;
#2623 = EDGE_CURVE ( 'NONE', #2433, #995, #1955, .T. ) ;
#2624 = DIRECTION ( 'NONE',  ( -0.000000000000000000, 1.000000000000000000, -0.000000000000000000 ) ) ;
#2625 = PLANE ( 'NONE',  #1804 ) ;
#2626 = LINE ( 'NONE', #1771, #335 ) ;
#2627 = VECTOR ( 'NONE', #1948, 1000.000000000000000 ) ;
#2628 = APPROVAL_ROLE ( '' ) ;
#2629 = PRODUCT_DEFINITION_FORMATION_WITH_SPECIFIED_SOURCE ( '任何', '', #2963, .NOT_KNOWN. ) ;
#2630 = ORIENTED_EDGE ( 'NONE', *, *, #1989, .F. ) ;
#2631 = CARTESIAN_POINT ( 'NONE',  ( 431.9999999999998863, -778.0000000000000000, -0.000000000000000000 ) ) ;
#2632 = VECTOR ( 'NONE', #1268, 1000.000000000000000 ) ;
#2633 = VERTEX_POINT ( 'NONE', #1249 ) ;
#2634 = EDGE_CURVE ( 'NONE', #687, #2040, #2444, .T. ) ;
#2635 = VECTOR ( 'NONE', #2299, 1000.000000000000000 ) ;
#2636 = ORIENTED_EDGE ( 'NONE', *, *, #948, .F. ) ;
#2637 = APPROVAL_STATUS ( 'not_yet_approved' ) ;
#2638 = LINE ( 'NONE', #458, #1646 ) ;
#2639 = VERTEX_POINT ( 'NONE', #1029 ) ;
#2640 = AXIS2_PLACEMENT_3D ( 'NONE', #379, #2681, #1765 ) ;
#2641 = DIRECTION ( 'NONE',  ( -0.7071067811865460184, 0.000000000000000000, -0.7071067811865490160 ) ) ;
#2642 = LINE ( 'NONE', #44, #427 ) ;
#2643 = DIRECTION ( 'NONE',  ( 1.000000000000000000, 0.000000000000000000, 0.000000000000000000 ) ) ;
#2644 = DIRECTION ( 'NONE',  ( -0.000000000000000000, 1.000000000000000000, -0.000000000000000000 ) ) ;
#2645 = CARTESIAN_POINT ( 'NONE',  ( 15.90000000000005720, -398.5000000000000000, 15.90000000000000036 ) ) ;
#2646 = ORIENTED_EDGE ( 'NONE', *, *, #761, .T. ) ;
#2647 = AXIS2_PLACEMENT_3D ( 'NONE', #473, #2763, #492 ) ;
#2648 = CARTESIAN_POINT ( 'NONE',  ( 15.00000000000007994, -299.9999999999999432, 15.00000000000000000 ) ) ;
#2649 = ORIENTED_EDGE ( 'NONE', *, *, #336, .T. ) ;
#2650 = PRODUCT_RELATED_PRODUCT_CATEGORY ( 'detail', '', ( #686 ) ) ;
#2651 = APPROVAL_PERSON_ORGANIZATION ( #1297, #2490, #2887 ) ;
#2652 = ORIENTED_EDGE ( 'NONE', *, *, #2913, .F. ) ;
#2653 = ORIENTED_EDGE ( 'NONE', *, *, #1327, .T. ) ;
#2654 = EDGE_CURVE ( 'NONE', #859, #2265, #1597, .T. ) ;
#2655 = CALENDAR_DATE ( 2026, 5, 6 ) ;
#2656 = ORIENTED_EDGE ( 'NONE', *, *, #1262, .T. ) ;
#2657 = DIRECTION ( 'NONE',  ( 0.000000000000000000, -0.000000000000000000, -1.000000000000000000 ) ) ;
#2658 = LOCAL_TIME ( 8, 55, 59.00000000000000000, #287 ) ;
#2659 = PERSON_AND_ORGANIZATION_ROLE ( 'classification_officer' ) ;
#2660 = LINE ( 'NONE', #163, #768 ) ;
#2661 = ADVANCED_FACE ( 'NONE', ( #2015, #2270 ), #2625, .F. ) ;
#2662 = VECTOR ( 'NONE', #249, 1000.000000000000000 ) ;
#2663 = AXIS2_PLACEMENT_3D ( 'NONE', #981, #2314, #2124 ) ;
#2664 = CARTESIAN_POINT ( 'NONE',  ( 0.000000000000000000, 0.000000000000000000, 300.0000000000000000 ) ) ;
#2665 = VECTOR ( 'NONE', #2129, 1000.000000000000000 ) ;
#2666 =( GEOMETRIC_REPRESENTATION_CONTEXT ( 3 ) GLOBAL_UNCERTAINTY_ASSIGNED_CONTEXT ( ( #1624 ) ) GLOBAL_UNIT_ASSIGNED_CONTEXT ( ( #2798, #1195, #270 ) ) REPRESENTATION_CONTEXT ( 'NONE', 'WORKASPACE' ) );
#2667 = DIRECTION ( 'NONE',  ( 0.000000000000000000, 0.000000000000000000, -1.000000000000000000 ) ) ;
#2668 = LINE ( 'NONE', #562, #845 ) ;
#2669 = EDGE_LOOP ( 'NONE', ( #2721, #1251, #2714, #2649 ) ) ;
#2670 = LINE ( 'NONE', #870, #1393 ) ;
#2671 = ORIENTED_EDGE ( 'NONE', *, *, #632, .T. ) ;
#2672 = DIRECTION ( 'NONE',  ( 0.000000000000000000, 1.000000000000000000, 0.000000000000000000 ) ) ;
#2673 = FACE_OUTER_BOUND ( 'NONE', #1076, .T. ) ;
#2674 = DIRECTION ( 'NONE',  ( -1.000000000000000000, 0.000000000000000000, 0.000000000000000000 ) ) ;
#2675 = DIRECTION ( 'NONE',  ( -1.000000000000000000, -0.000000000000000000, -0.000000000000000000 ) ) ;
#2676 = ADVANCED_FACE ( 'NONE', ( #1877, #657 ), #85, .F. ) ;
#2677 = EDGE_CURVE ( 'NONE', #104, #2159, #2697, .T. ) ;
#2678 = ORIENTED_EDGE ( 'NONE', *, *, #1897, .T. ) ;
#2679 = MANIFOLD_SOLID_BREP ( '倒角1', #1285 ) ;
#2680 = DIRECTION ( 'NONE',  ( -0.000000000000000000, -0.000000000000000000, -1.000000000000000000 ) ) ;
#2681 = DIRECTION ( 'NONE',  ( 1.000000000000000000, 0.000000000000000000, 1.288758049684149971E-16 ) ) ;
#2682 = ORIENTED_EDGE ( 'NONE', *, *, #2919, .F. ) ;
#2683 = ORIENTED_EDGE ( 'NONE', *, *, #2004, .T. ) ;
#2684 = ORIENTED_EDGE ( 'NONE', *, *, #1794, .F. ) ;
#2685 = DIRECTION ( 'NONE',  ( 0.000000000000000000, -0.000000000000000000, 1.000000000000000000 ) ) ;
#2686 = CARTESIAN_POINT ( 'NONE',  ( 13.20000000000000462, -700.0000000000000000, 316.7999999999999545 ) ) ;
#2687 = ORIENTED_EDGE ( 'NONE', *, *, #1649, .F. ) ;
#2688 = CARTESIAN_POINT ( 'NONE',  ( 0.000000000000000000, 0.000000000000000000, 300.0000000000000000 ) ) ;
#2689 = LOCAL_TIME ( 8, 55, 59.00000000000000000, #1485 ) ;
#2690 = ORIENTED_EDGE ( 'NONE', *, *, #1503, .T. ) ;
#2691 = CARTESIAN_POINT ( 'NONE',  ( 7.961735002956730495E-14, 400.0000000000000000, 27.00000000000000355 ) ) ;
#2692 = DATE_AND_TIME ( #2835, #2507 ) ;
#2693 = EDGE_CURVE ( 'NONE', #1220, #283, #518, .T. ) ;
#2694 = CARTESIAN_POINT ( 'NONE',  ( 15.90000000000005720, -398.5000000000000000, 15.90000000000000036 ) ) ;
#2695 = DIRECTION ( 'NONE',  ( 0.000000000000000000, 0.000000000000000000, -1.000000000000000000 ) ) ;
#2696 = ORIENTED_EDGE ( 'NONE', *, *, #1897, .F. ) ;
#2697 = LINE ( 'NONE', #771, #1415 ) ;
#2698 = AXIS2_PLACEMENT_3D ( 'NONE', #4, #2121, #713 ) ;
#2699 = DIRECTION ( 'NONE',  ( -2.065146995210486914E-16, 0.000000000000000000, -1.000000000000000000 ) ) ;
#2700 = VECTOR ( 'NONE', #2521, 1000.000000000000000 ) ;
#2701 = ADVANCED_FACE ( 'NONE', ( #2885 ), #2884, .F. ) ;
#2702 = LINE ( 'NONE', #2471, #1060 ) ;
#2703 = LINE ( 'NONE', #243, #816 ) ;
#2704 = ORIENTED_EDGE ( 'NONE', *, *, #1068, .F. ) ;
#2705 = CC_DESIGN_APPROVAL ( #2606, ( #1338 ) ) ;
#2706 = CARTESIAN_POINT ( 'NONE',  ( 431.9999999999998863, -778.0000000000000000, 0.000000000000000000 ) ) ;
#2707 = ORIENTED_EDGE ( 'NONE', *, *, #613, .F. ) ;
#2708 = CARTESIAN_POINT ( 'NONE',  ( 7.961735002956730495E-14, 400.0000000000000000, 27.00000000000000355 ) ) ;
#2709 = DIRECTION ( 'NONE',  ( 0.000000000000000000, 0.000000000000000000, -1.000000000000000000 ) ) ;
#2710 = VECTOR ( 'NONE', #967, 1000.000000000000000 ) ;
#2711 = CARTESIAN_POINT ( 'NONE',  ( 30.00000000000001421, -369.0000000000000000, 702.4027832905732112 ) ) ;
#2712 = EDGE_CURVE ( 'NONE', #2902, #2430, #2337, .T. ) ;
#2713 = CARTESIAN_POINT ( 'NONE',  ( 15.90000000000005720, -506.0000000000004547, 10.90000000000000036 ) ) ;
#2714 = ORIENTED_EDGE ( 'NONE', *, *, #164, .T. ) ;
#2715 = ORIENTED_EDGE ( 'NONE', *, *, #787, .T. ) ;
#2716 = ORIENTED_EDGE ( 'NONE', *, *, #1197, .T. ) ;
#2717 = AXIS2_PLACEMENT_3D ( 'NONE', #1059, #2187, #2657 ) ;
#2718 = ORIENTED_EDGE ( 'NONE', *, *, #2807, .F. ) ;
#2719 = ORGANIZATION ( 'NAUO-ORG3', 'UNSPECIFIED', 'UNSPECIFIED' ) ;
#2720 = DIRECTION ( 'NONE',  ( 0.000000000000000000, 0.000000000000000000, -1.000000000000000000 ) ) ;
#2721 = ORIENTED_EDGE ( 'NONE', *, *, #804, .F. ) ;
#2722 = SECURITY_CLASSIFICATION ( '', '', #2876 ) ;
#2723 = COORDINATED_UNIVERSAL_TIME_OFFSET ( 8, 0, .AHEAD. ) ;
#2724 = ORIENTED_EDGE ( 'NONE', *, *, #1594, .T. ) ;
#2725 = CARTESIAN_POINT ( 'NONE',  ( 30.00000000000000355, -18.00000000000000000, 300.0000000000000000 ) ) ;
#2726 = SHAPE_DEFINITION_REPRESENTATION ( #411, #836 ) ;
#2727 = VECTOR ( 'NONE', #583, 1000.000000000000000 ) ;
#2728 = EDGE_CURVE ( 'NONE', #161, #180, #983, .T. ) ;
#2729 = DIRECTION ( 'NONE',  ( -0.000000000000000000, -1.000000000000000000, -0.000000000000000000 ) ) ;
#2730 = CYLINDRICAL_SURFACE ( 'NONE', #62, 5.049999999999998934 ) ;
#2731 = PLANE ( 'NONE',  #2269 ) ;
#2732 = FACE_OUTER_BOUND ( 'NONE', #66, .T. ) ;
#2733 = DIRECTION ( 'NONE',  ( -1.000000000000000000, 0.000000000000000000, -0.000000000000000000 ) ) ;
#2734 = LINE ( 'NONE', #1279, #1605 ) ;
#2735 = AXIS2_PLACEMENT_3D ( 'NONE', #2013, #2472, #1104 ) ;
#2736 = LINE ( 'NONE', #957, #1812 ) ;
#2737 = ADVANCED_FACE ( 'NONE', ( #370 ), #594, .T. ) ;
#2738 = FACE_OUTER_BOUND ( 'NONE', #2531, .T. ) ;
#2739 = DIRECTION ( 'NONE',  ( -0.000000000000000000, -1.000000000000000000, -0.000000000000000000 ) ) ;
#2740 = APPROVAL ( #1032, '未指定' ) ;
#2741 = CARTESIAN_POINT ( 'NONE',  ( 30.00000000000000355, -100.0000000000000284, 300.0000000000000000 ) ) ;
#2742 = ORIENTED_EDGE ( 'NONE', *, *, #2654, .T. ) ;
#2743 = EDGE_CURVE ( 'NONE', #2430, #896, #47, .T. ) ;
#2744 = CARTESIAN_POINT ( 'NONE',  ( 15.90000000000005720, 398.5000000000000000, 22.40000000000000568 ) ) ;
#2745 = ORIENTED_EDGE ( 'NONE', *, *, #1503, .F. ) ;
#2746 = VERTEX_POINT ( 'NONE', #1303 ) ;
#2747 = EDGE_CURVE ( 'NONE', #2020, #896, #807, .T. ) ;
#2748 = ORIENTED_EDGE ( 'NONE', *, *, #2571, .F. ) ;
#2749 = VERTEX_POINT ( 'NONE', #1983 ) ;
#2750 = DIRECTION ( 'NONE',  ( -1.000000000000000000, 0.000000000000000000, 0.000000000000000000 ) ) ;
#2751 = CARTESIAN_POINT ( 'NONE',  ( 5.200000000000002842, -50.50000000000002842, 300.0000000000000000 ) ) ;
#2752 = ORGANIZATION ( 'NAUO-ORG4', 'UNSPECIFIED', 'UNSPECIFIED' ) ;
#2753 = EDGE_LOOP ( 'NONE', ( #2156, #1333, #2833, #2505 ) ) ;
#2754 = COORDINATED_UNIVERSAL_TIME_OFFSET ( 8, 0, .AHEAD. ) ;
#2755 = ORIENTED_EDGE ( 'NONE', *, *, #236, .F. ) ;
#2756 = DATE_AND_TIME ( #1795, #476 ) ;
#2757 = APPROVAL ( #2376, '未指定' ) ;
#2758 = PERSON_AND_ORGANIZATION ( #459, #1492 ) ;
#2759 = DIRECTION ( 'NONE',  ( 0.000000000000000000, 0.000000000000000000, -1.000000000000000000 ) ) ;
#2760 = EDGE_CURVE ( 'NONE', #431, #1943, #2510, .T. ) ;
#2761 = LINE ( 'NONE', #2770, #772 ) ;
#2762 = APPLICATION_PROTOCOL_DEFINITION ( 'international standard', 'config_control_design', 1994, #2530 ) ;
#2763 = DIRECTION ( 'NONE',  ( -0.000000000000000000, 1.000000000000000000, -0.000000000000000000 ) ) ;
#2764 = EDGE_CURVE ( 'NONE', #2768, #104, #905, .T. ) ;
#2765 = DIRECTION ( 'NONE',  ( -0.000000000000000000, 0.000000000000000000, 1.000000000000000000 ) ) ;
#2766 = PLANE ( 'NONE',  #2315 ) ;
#2767 = FACE_OUTER_BOUND ( 'NONE', #1550, .T. ) ;
#2768 = VERTEX_POINT ( 'NONE', #2203 ) ;
#2769 = DIRECTION ( 'NONE',  ( -1.000000000000000000, 0.000000000000000000, 0.000000000000000000 ) ) ;
#2770 = CARTESIAN_POINT ( 'NONE',  ( 15.90000000000005720, -506.0000000000004547, 20.90000000000000213 ) ) ;
#2771 = DIRECTION ( 'NONE',  ( -0.000000000000000000, -0.000000000000000000, -1.000000000000000000 ) ) ;
#2772 = LINE ( 'NONE', #1028, #600 ) ;
#2773 = AXIS2_PLACEMENT_3D ( 'NONE', #979, #2566, #332 ) ;
#2774 = DIRECTION ( 'NONE',  ( 0.000000000000000000, 0.000000000000000000, -1.000000000000000000 ) ) ;
#2775 = VECTOR ( 'NONE', #186, 1000.000000000000000 ) ;
#2776 = CC_DESIGN_APPROVAL ( #2939, ( #2629 ) ) ;
#2777 = CIRCLE ( 'NONE', #2482, 6.500000000000005329 ) ;
#2778 = CARTESIAN_POINT ( 'NONE',  ( 4.000000000000017764, 5.510910596163100402E-16, 120.0000000000000000 ) ) ;
#2779 = DIRECTION ( 'NONE',  ( -0.000000000000000000, -1.000000000000000000, -0.000000000000000000 ) ) ;
#2780 = FACE_OUTER_BOUND ( 'NONE', #198, .T. ) ;
#2781 = DIRECTION ( 'NONE',  ( 1.000000000000000000, 0.000000000000000000, 0.000000000000000000 ) ) ;
#2782 = CC_DESIGN_DATE_AND_TIME_ASSIGNMENT ( #436, #1737, ( #1412 ) ) ;
#2783 = CARTESIAN_POINT ( 'NONE',  ( 5.200000000000006395, -700.0000000000000000, 316.7999999999999545 ) ) ;
#2784 = CARTESIAN_POINT ( 'NONE',  ( 432.0000000000000000, -18.00000000000000000, 300.0000000000000000 ) ) ;
#2785 = DIRECTION ( 'NONE',  ( -0.6216999893538285304, 0.000000000000000000, 0.7832554648628055061 ) ) ;
#2786 = EDGE_LOOP ( 'NONE', ( #1858, #1356, #1255, #1212, #70, #1298, #2256, #1763 ) ) ;
#2787 = EDGE_CURVE ( 'NONE', #1908, #2393, #445, .T. ) ;
#2788 = DIRECTION ( 'NONE',  ( 1.000000000000000000, 0.000000000000000000, 0.000000000000000000 ) ) ;
#2789 = ORIENTED_EDGE ( 'NONE', *, *, #976, .T. ) ;
#2790 = ORIENTED_EDGE ( 'NONE', *, *, #1155, .F. ) ;
#2791 = DIRECTION ( 'NONE',  ( -0.000000000000000000, 1.000000000000000000, -0.000000000000000000 ) ) ;
#2792 = CALENDAR_DATE ( 2026, 5, 6 ) ;
#2793 = ORIENTED_EDGE ( 'NONE', *, *, #2188, .F. ) ;
#2794 = DIRECTION ( 'NONE',  ( 0.000000000000000000, 0.000000000000000000, 1.000000000000000000 ) ) ;
#2795 = CARTESIAN_POINT ( 'NONE',  ( 5.200000000000006395, -749.5000000000000000, 316.7999999999999545 ) ) ;
#2796 = PERSON_AND_ORGANIZATION ( #459, #1492 ) ;
#2797 = ORIENTED_EDGE ( 'NONE', *, *, #2743, .T. ) ;
#2798 =( LENGTH_UNIT ( ) NAMED_UNIT ( * ) SI_UNIT ( .MILLI., .METRE. ) );
#2799 = AXIS2_PLACEMENT_3D ( 'NONE', #2239, #383, #1996 ) ;
#2800 = CARTESIAN_POINT ( 'NONE',  ( 15.90000000000005720, 398.5000000000000000, 15.90000000000000036 ) ) ;
#2801 = LINE ( 'NONE', #373, #2088 ) ;
#2802 = CC_DESIGN_PERSON_AND_ORGANIZATION_ASSIGNMENT ( #900, #1947, ( #2137 ) ) ;
#2803 = CARTESIAN_POINT ( 'NONE',  ( 0.000000000000000000, 0.000000000000000000, 120.0000000000000000 ) ) ;
#2804 = CARTESIAN_POINT ( 'NONE',  ( 22.00000000000000711, -100.0000000000000284, 324.7999999999999545 ) ) ;
#2805 = LINE ( 'NONE', #2027, #2374 ) ;
#2806 = DIRECTION ( 'NONE',  ( 0.000000000000000000, 0.000000000000000000, -1.000000000000000000 ) ) ;
#2807 = EDGE_CURVE ( 'NONE', #904, #247, #1054, .T. ) ;
#2808 = CIRCLE ( 'NONE', #1004, 5.000000000000000000 ) ;
#2809 = PERSON_AND_ORGANIZATION_ROLE ( 'design_supplier' ) ;
#2810 = DIRECTION ( 'NONE',  ( -1.387778780781445676E-16, 1.000000000000000000, -0.000000000000000000 ) ) ;
#2811 = EDGE_CURVE ( 'NONE', #708, #1139, #1117, .T. ) ;
#2812 = CIRCLE ( 'NONE', #670, 5.000000000000000888 ) ;
#2813 = VECTOR ( 'NONE', #118, 1000.000000000000000 ) ;
#2814 = ORIENTED_EDGE ( 'NONE', *, *, #1811, .F. ) ;
#2815 = CARTESIAN_POINT ( 'NONE',  ( 432.0000000000001137, -760.0000000000000000, 20.00000000000000000 ) ) ;
#2816 = AXIS2_PLACEMENT_3D ( 'NONE', #2686, #1094, #2464 ) ;
#2817 = LINE ( 'NONE', #1377, #1323 ) ;
#2818 = VERTEX_POINT ( 'NONE', #386 ) ;
#2819 = APPROVAL_ROLE ( '' ) ;
#2820 = CARTESIAN_POINT ( 'NONE',  ( 7.961735002956730495E-14, -299.9999999999999432, 15.00000000000000000 ) ) ;
#2821 = VECTOR ( 'NONE', #2826, 1000.000000000000114 ) ;
#2822 = AXIS2_PLACEMENT_3D ( 'NONE', #2214, #117, #1718 ) ;
#2823 = DIRECTION ( 'NONE',  ( -5.478074134663601740E-17, 1.000000000000000000, -0.000000000000000000 ) ) ;
#2824 = VERTEX_POINT ( 'NONE', #1077 ) ;
#2825 = ORIENTED_EDGE ( 'NONE', *, *, #1305, .T. ) ;
#2826 = DIRECTION ( 'NONE',  ( 0.7071067811865460184, 8.659560562354913137E-17, -0.7071067811865490160 ) ) ;
#2827 = CARTESIAN_POINT ( 'NONE',  ( 9.797174393178825736E-14, -800.0000000000000000, 300.0000000000000000 ) ) ;
#2828 = EDGE_LOOP ( 'NONE', ( #2867, #2334, #2683, #1438 ) ) ;
#2829 = ORIENTED_EDGE ( 'NONE', *, *, #1838, .T. ) ;
#2830 = APPROVAL_STATUS ( 'not_yet_approved' ) ;
#2831 = EDGE_CURVE ( 'NONE', #324, #1295, #2801, .T. ) ;
#2832 = COORDINATED_UNIVERSAL_TIME_OFFSET ( 8, 0, .AHEAD. ) ;
#2833 = ORIENTED_EDGE ( 'NONE', *, *, #1346, .T. ) ;
#2834 = APPROVAL_DATE_TIME ( #1082, #2606 ) ;
#2835 = CALENDAR_DATE ( 2026, 5, 6 ) ;
#2836 = CARTESIAN_POINT ( 'NONE',  ( 4.000000000000017764, 4.898587196589433536E-16, 120.0000000000000000 ) ) ;
#2837 = DIRECTION ( 'NONE',  ( -0.000000000000000000, 1.000000000000000000, -0.000000000000000000 ) ) ;
#2838 = CARTESIAN_POINT ( 'NONE',  ( 5.200000000000002842, -50.50000000000002842, 300.0000000000000000 ) ) ;
#2839 = COORDINATED_UNIVERSAL_TIME_OFFSET ( 8, 0, .AHEAD. ) ;
#2840 = ORIENTED_EDGE ( 'NONE', *, *, #1685, .F. ) ;
#2841 = PERSON_AND_ORGANIZATION_ROLE ( 'creator' ) ;
#2842 = AXIS2_PLACEMENT_3D ( 'NONE', #420, #1568, #2667 ) ;
#2843 = DIRECTION ( 'NONE',  ( 1.000000000000000000, 0.000000000000000000, 0.000000000000000000 ) ) ;
#2844 = LINE ( 'NONE', #980, #1270 ) ;
#2845 = ORIENTED_EDGE ( 'NONE', *, *, #2556, .T. ) ;
#2846 = CARTESIAN_POINT ( 'NONE',  ( 5.200000000000002842, -50.50000000000002842, 300.0000000000000000 ) ) ;
#2847 = CIRCLE ( 'NONE', #2842, 8.000000000000007105 ) ;
#2848 = DIRECTION ( 'NONE',  ( -1.000000000000000000, 0.000000000000000000, 2.065146995210486914E-16 ) ) ;
#2849 = VECTOR ( 'NONE', #1380, 1000.000000000000000 ) ;
#2850 = VERTEX_POINT ( 'NONE', #593 ) ;
#2851 = EDGE_CURVE ( 'NONE', #2768, #758, #2582, .T. ) ;
#2852 = APPROVAL_STATUS ( 'not_yet_approved' ) ;
#2853 = CARTESIAN_POINT ( 'NONE',  ( 0.000000000000000000, 0.000000000000000000, 0.000000000000000000 ) ) ;
#2854 = VECTOR ( 'NONE', #40, 1000.000000000000000 ) ;
#2855 = AXIS2_PLACEMENT_3D ( 'NONE', #1472, #792, #102 ) ;
#2856 = LINE ( 'NONE', #696, #460 ) ;
#2857 = CARTESIAN_POINT ( 'NONE',  ( 30.00000000000009237, -778.0000000000000000, 300.0000000000000000 ) ) ;
#2858 = DIRECTION ( 'NONE',  ( 1.000000000000000000, 1.232566680299310330E-16, -0.000000000000000000 ) ) ;
#2859 = ORIENTED_EDGE ( 'NONE', *, *, #1732, .F. ) ;
#2860 = DIRECTION ( 'NONE',  ( 0.000000000000000000, 0.000000000000000000, -1.000000000000000000 ) ) ;
#2861 = AXIS2_PLACEMENT_3D ( 'NONE', #1977, #2218, #2881 ) ;
#2862 = LINE ( 'NONE', #1894, #2710 ) ;
#2863 = ORIENTED_EDGE ( 'NONE', *, *, #1631, .F. ) ;
#2864 = CARTESIAN_POINT ( 'NONE',  ( 22.00000000000000711, -749.5000000000000000, 316.7999999999999545 ) ) ;
#2865 = CC_DESIGN_DATE_AND_TIME_ASSIGNMENT ( #1145, #1910, ( #2588 ) ) ;
#2866 = ORIENTED_EDGE ( 'NONE', *, *, #1087, .F. ) ;
#2867 = ORIENTED_EDGE ( 'NONE', *, *, #626, .F. ) ;
#2868 = DIRECTION ( 'NONE',  ( -0.000000000000000000, 1.000000000000000000, -0.000000000000000000 ) ) ;
#2869 = CALENDAR_DATE ( 2026, 5, 6 ) ;
#2870 = ORIENTED_EDGE ( 'NONE', *, *, #1574, .F. ) ;
#2871 = ORIENTED_EDGE ( 'NONE', *, *, #149, .T. ) ;
#2872 = DIRECTION ( 'NONE',  ( 1.000000000000000000, 0.000000000000000000, 0.000000000000000000 ) ) ;
#2873 = DATE_AND_TIME ( #358, #2503 ) ;
#2874 = VERTEX_POINT ( 'NONE', #2415 ) ;
#2875 = ORIENTED_EDGE ( 'NONE', *, *, #2128, .F. ) ;
#2876 = SECURITY_CLASSIFICATION_LEVEL ( 'unclassified' ) ;
#2877 = EDGE_CURVE ( 'NONE', #1143, #2226, #292, .T. ) ;
#2878 = CALENDAR_DATE ( 2026, 5, 6 ) ;
#2879 = ORIENTED_EDGE ( 'NONE', *, *, #164, .F. ) ;
#2880 = ADVANCED_FACE ( 'NONE', ( #839 ), #1510, .F. ) ;
#2881 = DIRECTION ( 'NONE',  ( 0.000000000000000000, -0.000000000000000000, -1.000000000000000000 ) ) ;
#2882 = AXIS2_PLACEMENT_3D ( 'NONE', #2917, #1290, #374 ) ;
#2883 = DIRECTION ( 'NONE',  ( 0.000000000000000000, 0.000000000000000000, -1.000000000000000000 ) ) ;
#2884 = PLANE ( 'NONE',  #158 ) ;
#2885 = FACE_OUTER_BOUND ( 'NONE', #1374, .T. ) ;
#2886 = LINE ( 'NONE', #1107, #659 ) ;
#2887 = APPROVAL_ROLE ( '' ) ;
#2888 = AXIS2_PLACEMENT_3D ( 'NONE', #1181, #1191, #2568 ) ;
#2889 = CARTESIAN_POINT ( 'NONE',  ( 5.200000000000006395, -100.0000000000000284, 316.7999999999999545 ) ) ;
#2890 = CIRCLE ( 'NONE', #1095, 5.000000000000000000 ) ;
#2891 = FACE_OUTER_BOUND ( 'NONE', #1557, .T. ) ;
#2892 = ORIENTED_EDGE ( 'NONE', *, *, #2493, .F. ) ;
#2893 = CARTESIAN_POINT ( 'NONE',  ( 30.00000000000000000, -387.0000000000000000, 702.4027832905732112 ) ) ;
#2894 = EDGE_CURVE ( 'NONE', #1397, #347, #221, .T. ) ;
#2895 = FACE_OUTER_BOUND ( 'NONE', #927, .T. ) ;
#2896 = APPROVAL_ROLE ( '' ) ;
#2897 = CARTESIAN_POINT ( 'NONE',  ( -28.00000000000005684, -300.0000000000000000, 22.00000000000000000 ) ) ;
#2898 = VECTOR ( 'NONE', #1389, 1000.000000000000000 ) ;
#2899 = ORIENTED_EDGE ( 'NONE', *, *, #553, .T. ) ;
#2900 = CARTESIAN_POINT ( 'NONE',  ( 15.90000000000000036, -50.50000000000002842, 310.9499999999999886 ) ) ;
#2901 = CARTESIAN_POINT ( 'NONE',  ( 15.90000000000005720, -398.5000000000000000, 15.90000000000000036 ) ) ;
#2902 = VERTEX_POINT ( 'NONE', #426 ) ;
#2903 = AXIS2_PLACEMENT_3D ( 'NONE', #2864, #2189, #1504 ) ;
#2904 = ORIENTED_EDGE ( 'NONE', *, *, #2496, .F. ) ;
#2905 = CARTESIAN_POINT ( 'NONE',  ( 30.00000000000000355, -700.0000000000000000, 300.0000000000000000 ) ) ;
#2906 = PLANE ( 'NONE',  #2640 ) ;
#2907 = EDGE_LOOP ( 'NONE', ( #342, #1808, #1515, #2745, #504, #393, #244, #422, #2825 ) ) ;
#2908 = ORIENTED_EDGE ( 'NONE', *, *, #1760, .T. ) ;
#2909 = CC_DESIGN_APPROVAL ( #2740, ( #42 ) ) ;
#2910 = ORIENTED_EDGE ( 'NONE', *, *, #1752, .T. ) ;
#2911 = CARTESIAN_POINT ( 'NONE',  ( 15.90000000000000036, -50.50000000000002842, 316.0000000000000000 ) ) ;
#2912 = ORIENTED_EDGE ( 'NONE', *, *, #1159, .T. ) ;
#2913 = EDGE_CURVE ( 'NONE', #2938, #2463, #1381, .T. ) ;
#2914 = COORDINATED_UNIVERSAL_TIME_OFFSET ( 8, 0, .AHEAD. ) ;
#2915 = DIRECTION ( 'NONE',  ( 0.000000000000000000, 0.000000000000000000, -1.000000000000000000 ) ) ;
#2916 = DIRECTION ( 'NONE',  ( 0.000000000000000000, 0.000000000000000000, 1.000000000000000000 ) ) ;
#2917 = CARTESIAN_POINT ( 'NONE',  ( 15.90000000000005720, -300.0000000000000000, 15.90000000000000036 ) ) ;
#2918 = COORDINATED_UNIVERSAL_TIME_OFFSET ( 8, 0, .AHEAD. ) ;
#2919 = EDGE_CURVE ( 'NONE', #2497, #679, #2949, .T. ) ;
#2920 = DIRECTION ( 'NONE',  ( 0.000000000000000000, -1.000000000000000000, 0.000000000000000000 ) ) ;
#2921 = VERTEX_POINT ( 'NONE', #656 ) ;
#2922 = FACE_OUTER_BOUND ( 'NONE', #140, .T. ) ;
#2923 = LINE ( 'NONE', #765, #871 ) ;
#2924 = CC_DESIGN_DATE_AND_TIME_ASSIGNMENT ( #2756, #1241, ( #607 ) ) ;
#2925 = CARTESIAN_POINT ( 'NONE',  ( 5.200000000000006395, -50.50000000000002842, 316.7999999999999545 ) ) ;
#2926 = CIRCLE ( 'NONE', #2647, 5.049999999999998934 ) ;
#2927 = ORIENTED_EDGE ( 'NONE', *, *, #2618, .F. ) ;
#2928 = VECTOR ( 'NONE', #529, 1000.000000000000000 ) ;
#2929 = ORIENTED_EDGE ( 'NONE', *, *, #419, .T. ) ;
#2930 = EDGE_CURVE ( 'NONE', #104, #2114, #2660, .T. ) ;
#2931 = CIRCLE ( 'NONE', #2882, 5.000000000000000888 ) ;
#2932 = CARTESIAN_POINT ( 'NONE',  ( 15.90000000000005720, -506.0000000000004547, 10.90000000000000036 ) ) ;
#2933 = VECTOR ( 'NONE', #2823, 1000.000000000000000 ) ;
#2934 = CARTESIAN_POINT ( 'NONE',  ( 15.90000000000005720, -506.0000000000004547, 15.90000000000000036 ) ) ;
#2935 = VECTOR ( 'NONE', #2383, 1000.000000000000000 ) ;
#2936 = EDGE_CURVE ( 'NONE', #2577, #467, #2131, .T. ) ;
#2937 = ORIENTED_EDGE ( 'NONE', *, *, #2163, .F. ) ;
#2938 = VERTEX_POINT ( 'NONE', #1548 ) ;
#2939 = APPROVAL ( #533, '未指定' ) ;
#2940 = ORIENTED_EDGE ( 'NONE', *, *, #821, .T. ) ;
#2941 = EDGE_LOOP ( 'NONE', ( #2097, #1822, #618, #2240 ) ) ;
#2942 = DIRECTION ( 'NONE',  ( 0.000000000000000000, -1.000000000000000000, 0.000000000000000000 ) ) ;
#2943 = COORDINATED_UNIVERSAL_TIME_OFFSET ( 8, 0, .AHEAD. ) ;
#2944 = EDGE_LOOP ( 'NONE', ( #1904, #969, #617, #932 ) ) ;
#2945 = DIRECTION ( 'NONE',  ( 0.000000000000000000, 0.000000000000000000, 1.000000000000000000 ) ) ;
#2946 = APPROVAL_PERSON_ORGANIZATION ( #363, #2402, #338 ) ;
#2947 = DIRECTION ( 'NONE',  ( -1.000000000000000000, 0.000000000000000000, 0.000000000000000000 ) ) ;
#2948 = VERTEX_POINT ( 'NONE', #629 ) ;
#2949 = CIRCLE ( 'NONE', #1551, 6.450000000000001066 ) ;
#2950 = DIRECTION ( 'NONE',  ( -0.000000000000000000, 0.000000000000000000, 1.000000000000000000 ) ) ;
#2951 = CIRCLE ( 'NONE', #777, 8.000000000000007105 ) ;
#2952 = VECTOR ( 'NONE', #1821, 1000.000000000000000 ) ;
#2953 = AXIS2_PLACEMENT_3D ( 'NONE', #1753, #1545, #2425 ) ;
#2954 = LINE ( 'NONE', #162, #2024 ) ;
#2955 = DIRECTION ( 'NONE',  ( 0.000000000000000000, 0.000000000000000000, 1.000000000000000000 ) ) ;
#2956 = VECTOR ( 'NONE', #1704, 1000.000000000000000 ) ;
#2957 = VERTEX_POINT ( 'NONE', #2233 ) ;
#2958 = EDGE_CURVE ( 'NONE', #1817, #1963, #2626, .T. ) ;
#2959 = PLANE ( 'NONE',  #1531 ) ;
#2960 = EDGE_LOOP ( 'NONE', ( #2499, #958, #1074, #2148, #2075, #1688 ) ) ;
#2961 = LINE ( 'NONE', #248, #1286 ) ;
#2962 = EDGE_CURVE ( 'NONE', #1051, #2504, #2479, .T. ) ;
#2963 = PRODUCT ( '吊柜17', '吊柜17', '', ( #23 ) ) ;
#2964 = ORIENTED_EDGE ( 'NONE', *, *, #2078, .T. ) ;
#2965 = CARTESIAN_POINT ( 'NONE',  ( 432.0000000000001137, -778.0000000000000000, 300.0000000000000000 ) ) ;
#2966 = DIRECTION ( 'NONE',  ( -1.000000000000000000, 0.000000000000000000, -0.000000000000000000 ) ) ;
#2967 = AXIS2_PLACEMENT_3D ( 'NONE', #366, #584, #2872 ) ;
#2968 = ORIENTED_EDGE ( 'NONE', *, *, #2532, .T. ) ;
#2969 = DIRECTION ( 'NONE',  ( -1.000000000000000000, 0.000000000000000000, 0.000000000000000000 ) ) ;
#2970 = ORIENTED_EDGE ( 'NONE', *, *, #1609, .T. ) ;
#2971 = AXIS2_PLACEMENT_3D ( 'NONE', #1728, #1520, #2408 ) ;
#2972 = LOCAL_TIME ( 8, 55, 59.00000000000000000, #1625 ) ;
#2973 = DIRECTION ( 'NONE',  ( -0.000000000000000000, 1.000000000000000000, -0.000000000000000000 ) ) ;
#2974 = NEXT_ASSEMBLY_USAGE_OCCURRENCE ( 'NAUO1', ' ', ' ', #987, #2588, $ ) ;
#2975 = NEXT_ASSEMBLY_USAGE_OCCURRENCE ( 'NAUO2', ' ', ' ', #987, #1338, $ ) ;
#2976 = NEXT_ASSEMBLY_USAGE_OCCURRENCE ( 'NAUO3', ' ', ' ', #987, #569, $ ) ;
#2977 = NEXT_ASSEMBLY_USAGE_OCCURRENCE ( 'NAUO4', ' ', ' ', #987, #569, $ ) ;
ENDSEC;
END-ISO-10303-21;
