ISO-10303-21;
HEADER;
FILE_DESCRIPTION (( 'STEP AP203' ),
    '1' );
FILE_NAME ('吊柜16.STEP',
    '2026-06-05T00:52:31',
    ( 'Windows 用户' ),
    ( 'Microsoft' ),
    'SwSTEP 2.0',
    'SolidWorks 2018',
    '' );
FILE_SCHEMA (( 'CONFIG_CONTROL_DESIGN' ));
ENDSEC;

DATA;
#1 = DIRECTION ( 'NONE',  ( 0.000000000000000000, -0.000000000000000000, -1.000000000000000000 ) ) ;
#2 = ORIENTED_EDGE ( 'NONE', *, *, #327, .F. ) ;
#3 = ORIENTED_EDGE ( 'NONE', *, *, #2611, .T. ) ;
#4 = EDGE_CURVE ( 'NONE', #3531, #4317, #3971, .T. ) ;
#5 = EDGE_LOOP ( 'NONE', ( #1863, #1627, #3962, #1325 ) ) ;
#6 = CARTESIAN_POINT ( 'NONE',  ( 7.979727989493312634E-14, 350.0000000000000000, 27.00000000000000355 ) ) ;
#7 = CARTESIAN_POINT ( 'NONE',  ( 5.200000000000002842, -100.0000000000000284, 300.0000000000000000 ) ) ;
#8 = ORIENTED_EDGE ( 'NONE', *, *, #3785, .F. ) ;
#9 = PLANE ( 'NONE',  #1775 ) ;
#10 = ORIENTED_EDGE ( 'NONE', *, *, #641, .F. ) ;
#11 = EDGE_CURVE ( 'NONE', #2443, #4108, #166, .T. ) ;
#12 = EDGE_LOOP ( 'NONE', ( #1020, #4782, #550, #407 ) ) ;
#13 = ORIENTED_EDGE ( 'NONE', *, *, #4282, .F. ) ;
#14 = DIRECTION ( 'NONE',  ( 0.000000000000000000, -0.000000000000000000, -1.000000000000000000 ) ) ;
#15 = CARTESIAN_POINT ( 'NONE',  ( 68.00000000000005684, -623.0000000000000000, 90.00000000000005684 ) ) ;
#16 = FACE_OUTER_BOUND ( 'NONE', #844, .T. ) ;
#17 = CARTESIAN_POINT ( 'NONE',  ( 879.0499999999999545, -50.49999999999992184, 316.0000000000000000 ) ) ;
#18 = DIRECTION ( 'NONE',  ( 0.000000000000000000, -0.000000000000000000, 1.000000000000000000 ) ) ;
#19 = DESIGN_CONTEXT ( 'detailed design', #1674, 'design' ) ;
#20 = AXIS2_PLACEMENT_3D ( 'NONE', #2815, #2849, #582 ) ;
#21 = VECTOR ( 'NONE', #3192, 1000.000000000000000 ) ;
#22 = CARTESIAN_POINT ( 'NONE',  ( 0.000000000000000000, 0.000000000000000000, 120.0000000000000000 ) ) ;
#23 = CARTESIAN_POINT ( 'NONE',  ( 802.0000000000000000, -250.9999999999999432, 239.9999999999999716 ) ) ;
#24 = LINE ( 'NONE', #2307, #4359 ) ;
#25 = CARTESIAN_POINT ( 'NONE',  ( 878.0000000000002274, -749.5000000000000000, 316.7999999999999545 ) ) ;
#26 = PLANE ( 'NONE',  #608 ) ;
#27 = DATE_AND_TIME ( #3098, #4061 ) ;
#28 = CARTESIAN_POINT ( 'NONE',  ( 7.961735002956730495E-14, 400.0000000000000000, 15.00000000000000000 ) ) ;
#29 = SECURITY_CLASSIFICATION ( '', '', #4704 ) ;
#30 = CIRCLE ( 'NONE', #971, 5.049999999999998934 ) ;
#31 = CIRCLE ( 'NONE', #1126, 5.049999999999998934 ) ;
#32 = DIRECTION ( 'NONE',  ( 0.000000000000000000, -0.000000000000000000, 1.000000000000000000 ) ) ;
#33 = CARTESIAN_POINT ( 'NONE',  ( -0.001999999999932611239, -548.0000000000000000, 155.0000000000000284 ) ) ;
#34 = APPROVAL_PERSON_ORGANIZATION ( #1106, #453, #1571 ) ;
#35 = EDGE_LOOP ( 'NONE', ( #3221, #3914, #2188, #1298 ) ) ;
#36 = CARTESIAN_POINT ( 'NONE',  ( 68.00000000000005684, -170.9999999999999716, 250.0000000000000000 ) ) ;
#37 = EDGE_CURVE ( 'NONE', #1961, #3637, #1999, .T. ) ;
#38 = CARTESIAN_POINT ( 'NONE',  ( 884.1000000000000227, -99.99999999999992895, 316.0000000000000000 ) ) ;
#39 = DIRECTION ( 'NONE',  ( 2.612425579928799129E-16, -1.000000000000000000, -0.000000000000000000 ) ) ;
#40 = ORIENTED_EDGE ( 'NONE', *, *, #1847, .T. ) ;
#41 = FACE_BOUND ( 'NONE', #857, .T. ) ;
#42 = VERTEX_POINT ( 'NONE', #371 ) ;
#43 = ORIENTED_EDGE ( 'NONE', *, *, #2895, .T. ) ;
#44 = VECTOR ( 'NONE', #547, 1000.000000000000000 ) ;
#45 = EDGE_LOOP ( 'NONE', ( #238, #4077, #2167, #3643, #4217, #4525 ) ) ;
#46 = LINE ( 'NONE', #2757, #1540 ) ;
#47 = LINE ( 'NONE', #708, #2549 ) ;
#48 = ADVANCED_FACE ( 'NONE', ( #1762 ), #2650, .F. ) ;
#49 = VECTOR ( 'NONE', #3788, 1000.000000000000000 ) ;
#50 = VERTEX_POINT ( 'NONE', #400 ) ;
#51 = PLANE ( 'NONE',  #3173 ) ;
#52 = CARTESIAN_POINT ( 'NONE',  ( 68.00000000000005684, -170.9999999999999716, 90.00000000000000000 ) ) ;
#53 = CARTESIAN_POINT ( 'NONE',  ( 870.0000000000000000, -366.9999999999999432, 155.0000000000000284 ) ) ;
#54 = VERTEX_POINT ( 'NONE', #1199 ) ;
#55 = CARTESIAN_POINT ( 'NONE',  ( 15.90000000000005720, -350.0000000000000000, 15.90000000000000036 ) ) ;
#56 = AXIS2_PLACEMENT_3D ( 'NONE', #73, #878, #1240 ) ;
#57 = AXIS2_PLACEMENT_3D ( 'NONE', #2291, #4581, #1941 ) ;
#58 = DIRECTION ( 'NONE',  ( 2.612425579928799129E-16, -1.000000000000000000, -0.000000000000000000 ) ) ;
#59 = CARTESIAN_POINT ( 'NONE',  ( 98.00000000000004263, -220.9999999999999432, 90.00000000000000000 ) ) ;
#60 = FACE_OUTER_BOUND ( 'NONE', #2647, .T. ) ;
#61 = EDGE_LOOP ( 'NONE', ( #3117, #4371 ) ) ;
#62 = VERTEX_POINT ( 'NONE', #872 ) ;
#63 = DIRECTION ( 'NONE',  ( -0.000000000000000000, 1.000000000000000000, -0.000000000000000000 ) ) ;
#64 = CARTESIAN_POINT ( 'NONE',  ( 68.00000000000005684, -170.9999999999999716, 250.0000000000000000 ) ) ;
#65 = EDGE_CURVE ( 'NONE', #3105, #3403, #1868, .T. ) ;
#66 = ORIENTED_EDGE ( 'NONE', *, *, #2139, .F. ) ;
#67 = VERTEX_POINT ( 'NONE', #1529 ) ;
#68 = ADVANCED_FACE ( 'NONE', ( #4557 ), #1160, .F. ) ;
#69 = PLANE ( 'NONE',  #3887 ) ;
#70 = CARTESIAN_POINT ( 'NONE',  ( 5.200000000000006395, -50.50000000000002842, 316.7999999999999545 ) ) ;
#71 = ORIENTED_EDGE ( 'NONE', *, *, #1334, .T. ) ;
#72 = EDGE_CURVE ( 'NONE', #2794, #632, #999, .T. ) ;
#73 = CARTESIAN_POINT ( 'NONE',  ( 500.0000000000001137, -672.9999999999998863, 170.0000000000000284 ) ) ;
#74 = DIRECTION ( 'NONE',  ( 1.228122814850837064E-16, -1.000000000000000000, 0.000000000000000000 ) ) ;
#75 = PLANE ( 'NONE',  #2724 ) ;
#76 = ADVANCED_FACE ( 'NONE', ( #3212 ), #4372, .F. ) ;
#77 = DIRECTION ( 'NONE',  ( 0.000000000000000000, -0.000000000000000000, -1.000000000000000000 ) ) ;
#78 = AXIS2_PLACEMENT_3D ( 'NONE', #1236, #466, #1628 ) ;
#79 = COORDINATED_UNIVERSAL_TIME_OFFSET ( 8, 0, .AHEAD. ) ;
#80 = DATE_AND_TIME ( #1044, #3036 ) ;
#81 = CARTESIAN_POINT ( 'NONE',  ( 5.000000000000000000, 6.123233995736766282E-16, 0.000000000000000000 ) ) ;
#82 = DIRECTION ( 'NONE',  ( -0.000000000000000000, 1.000000000000000000, -0.000000000000000000 ) ) ;
#83 = DIRECTION ( 'NONE',  ( -0.000000000000000000, 1.000000000000000000, -0.000000000000000000 ) ) ;
#84 = EDGE_CURVE ( 'NONE', #3628, #2133, #4079, .T. ) ;
#85 = LINE ( 'NONE', #1732, #987 ) ;
#86 = PERSON_AND_ORGANIZATION ( #1525, #4321 ) ;
#87 = PLANE ( 'NONE',  #4358 ) ;
#88 = DIRECTION ( 'NONE',  ( -1.228122814850837064E-16, 1.000000000000000000, -1.228122814850837064E-16 ) ) ;
#89 = DIRECTION ( 'NONE',  ( 0.000000000000000000, 1.000000000000000000, 0.000000000000000000 ) ) ;
#90 = FACE_OUTER_BOUND ( 'NONE', #4013, .T. ) ;
#91 = ADVANCED_FACE ( 'NONE', ( #4323 ), #2700, .F. ) ;
#92 = FACE_OUTER_BOUND ( 'NONE', #240, .T. ) ;
#93 = CC_DESIGN_DATE_AND_TIME_ASSIGNMENT ( #2462, #1601, ( #629 ) ) ;
#94 = EDGE_CURVE ( 'NONE', #293, #3178, #1417, .T. ) ;
#95 = ORIENTED_EDGE ( 'NONE', *, *, #222, .T. ) ;
#96 = VERTEX_POINT ( 'NONE', #4510 ) ;
#97 = DIRECTION ( 'NONE',  ( 0.000000000000000000, 1.000000000000000000, -0.000000000000000000 ) ) ;
#98 = APPROVAL_PERSON_ORGANIZATION ( #2987, #3678, #1688 ) ;
#99 = ADVANCED_FACE ( 'NONE', ( #4663 ), #4530, .F. ) ;
#100 = ORIENTED_EDGE ( 'NONE', *, *, #1152, .T. ) ;
#101 = DIRECTION ( 'NONE',  ( 0.000000000000000000, 0.000000000000000000, 1.000000000000000000 ) ) ;
#102 = EDGE_CURVE ( 'NONE', #1956, #2556, #2989, .T. ) ;
#103 = CARTESIAN_POINT ( 'NONE',  ( 802.0000000000000000, -170.9999999999999716, 90.00000000000000000 ) ) ;
#104 = CARTESIAN_POINT ( 'NONE',  ( 15.90000000000005720, 398.5000000000000000, 15.90000000000000036 ) ) ;
#105 = LINE ( 'NONE', #417, #3115 ) ;
#106 = VERTEX_POINT ( 'NONE', #81 ) ;
#107 = CARTESIAN_POINT ( 'NONE',  ( 98.00000000000004263, -603.0000000000000000, 239.9999999999999716 ) ) ;
#108 = VECTOR ( 'NONE', #841, 1000.000000000000000 ) ;
#109 = LINE ( 'NONE', #28, #612 ) ;
#110 = CARTESIAN_POINT ( 'NONE',  ( 30.00000000000000355, -18.00000000000000000, 20.00000000000001776 ) ) ;
#111 = DIRECTION ( 'NONE',  ( -2.065146995210486914E-16, 0.000000000000000000, -1.000000000000000000 ) ) ;
#112 = ORIENTED_EDGE ( 'NONE', *, *, #195, .F. ) ;
#113 = VECTOR ( 'NONE', #597, 1000.000000000000000 ) ;
#114 = VERTEX_POINT ( 'NONE', #1561 ) ;
#115 = ORIENTED_EDGE ( 'NONE', *, *, #2063, .F. ) ;
#116 = ADVANCED_FACE ( 'NONE', ( #381 ), #1471, .F. ) ;
#117 = FACE_BOUND ( 'NONE', #1891, .T. ) ;
#118 = PLANE ( 'NONE',  #4329 ) ;
#119 = ORIENTED_EDGE ( 'NONE', *, *, #1054, .F. ) ;
#120 = CARTESIAN_POINT ( 'NONE',  ( 900.0000000000000000, 0.000000000000000000, 0.000000000000000000 ) ) ;
#121 = ORIENTED_EDGE ( 'NONE', *, *, #4024, .T. ) ;
#122 = DIRECTION ( 'NONE',  ( 2.065146995210486914E-16, 5.395042836600973428E-32, -1.000000000000000000 ) ) ;
#123 = CC_DESIGN_PERSON_AND_ORGANIZATION_ASSIGNMENT ( #1056, #3197, ( #2383 ) ) ;
#124 = VECTOR ( 'NONE', #1390, 1000.000000000000000 ) ;
#125 = AXIS2_PLACEMENT_3D ( 'NONE', #820, #138, #3801 ) ;
#126 = VERTEX_POINT ( 'NONE', #3462 ) ;
#127 = DIRECTION ( 'NONE',  ( 0.000000000000000000, 0.000000000000000000, 1.000000000000000000 ) ) ;
#128 = ORIENTED_EDGE ( 'NONE', *, *, #1127, .F. ) ;
#129 = ADVANCED_FACE ( 'NONE', ( #1246 ), #892, .F. ) ;
#130 = APPROVAL_STATUS ( 'not_yet_approved' ) ;
#131 = LINE ( 'NONE', #110, #3187 ) ;
#132 = ORIENTED_EDGE ( 'NONE', *, *, #4278, .F. ) ;
#133 = CARTESIAN_POINT ( 'NONE',  ( 802.0000000000000000, -270.9999999999998863, -0.001000000000001000089 ) ) ;
#134 = ORIENTED_EDGE ( 'NONE', *, *, #736, .F. ) ;
#135 = AXIS2_PLACEMENT_3D ( 'NONE', #4071, #3713, #4469 ) ;
#136 = EDGE_CURVE ( 'NONE', #2631, #3407, #4722, .T. ) ;
#137 = ORIENTED_EDGE ( 'NONE', *, *, #670, .F. ) ;
#138 = DIRECTION ( 'NONE',  ( 2.612425579928799129E-16, -1.000000000000000000, -0.000000000000000000 ) ) ;
#139 = CARTESIAN_POINT ( 'NONE',  ( 9.797174393178825736E-14, -800.0000000000000000, 300.0000000000000000 ) ) ;
#140 = DIRECTION ( 'NONE',  ( 0.000000000000000000, 0.000000000000000000, -1.000000000000000000 ) ) ;
#141 = LINE ( 'NONE', #3875, #2748 ) ;
#142 = DIRECTION ( 'NONE',  ( 0.000000000000000000, -1.000000000000000000, 0.000000000000000000 ) ) ;
#143 = CARTESIAN_POINT ( 'NONE',  ( 30.00000000000000355, -50.50000000000002842, 300.0000000000000000 ) ) ;
#144 = ADVANCED_FACE ( 'NONE', ( #41, #434 ), #448, .F. ) ;
#145 = APPROVAL_ROLE ( '' ) ;
#146 = VECTOR ( 'NONE', #2202, 1000.000000000000000 ) ;
#147 = DIRECTION ( 'NONE',  ( -1.000000000000000000, 0.000000000000000000, 0.000000000000000000 ) ) ;
#148 = COORDINATED_UNIVERSAL_TIME_OFFSET ( 8, 0, .AHEAD. ) ;
#149 = CIRCLE ( 'NONE', #1935, 5.000000000000000888 ) ;
#150 = DIRECTION ( 'NONE',  ( 0.000000000000000000, 0.000000000000000000, -1.000000000000000000 ) ) ;
#151 = DIRECTION ( 'NONE',  ( 0.000000000000000000, 1.000000000000000000, 0.000000000000000000 ) ) ;
#152 = CALENDAR_DATE ( 2026, 5, 6 ) ;
#153 = CARTESIAN_POINT ( 'NONE',  ( 15.90000000000005720, -398.5000000000000000, 15.90000000000000036 ) ) ;
#154 = EDGE_CURVE ( 'NONE', #96, #2681, #3385, .T. ) ;
#155 = ORIENTED_EDGE ( 'NONE', *, *, #1266, .T. ) ;
#156 = ORIENTED_EDGE ( 'NONE', *, *, #2384, .F. ) ;
#157 = LINE ( 'NONE', #3325, #2221 ) ;
#158 = PERSON_AND_ORGANIZATION ( #1525, #4321 ) ;
#159 = DIRECTION ( 'NONE',  ( -0.000000000000000000, 0.000000000000000000, -1.000000000000000000 ) ) ;
#160 = ORIENTED_EDGE ( 'NONE', *, *, #4385, .T. ) ;
#161 = ORIENTED_EDGE ( 'NONE', *, *, #4427, .F. ) ;
#162 = APPROVAL ( #3089, 'UNKNOWN' ) ;
#163 = SECURITY_CLASSIFICATION_LEVEL ( 'unclassified' ) ;
#164 = EDGE_CURVE ( 'NONE', #1445, #114, #889, .T. ) ;
#165 = ORIENTED_EDGE ( 'NONE', *, *, #855, .F. ) ;
#166 = CIRCLE ( 'NONE', #3839, 6.450000000000001066 ) ;
#167 = ADVANCED_FACE ( 'NONE', ( #2350 ), #196, .F. ) ;
#168 = ORIENTED_EDGE ( 'NONE', *, *, #3307, .T. ) ;
#169 = EDGE_CURVE ( 'NONE', #4665, #1827, #1754, .T. ) ;
#170 = CARTESIAN_POINT ( 'NONE',  ( 497.0000000000001137, -666.9999999999998863, 170.0000000000000284 ) ) ;
#171 = FACE_OUTER_BOUND ( 'NONE', #2434, .T. ) ;
#172 = CIRCLE ( 'NONE', #2879, 6.500000000000005329 ) ;
#173 = DIRECTION ( 'NONE',  ( 1.000000000000000000, 0.000000000000000000, 0.000000000000000000 ) ) ;
#174 = VERTEX_POINT ( 'NONE', #933 ) ;
#175 = CARTESIAN_POINT ( 'NONE',  ( 33.00000000000007105, 350.0000000000000000, 27.00000000000000711 ) ) ;
#176 = UNCERTAINTY_MEASURE_WITH_UNIT (LENGTH_MEASURE( 1.000000000000000082E-05 ), #865, 'distance_accuracy_value', 'NONE');
#177 = APPROVAL_STATUS ( 'not_yet_approved' ) ;
#178 = ORIENTED_EDGE ( 'NONE', *, *, #887, .T. ) ;
#179 = PLANE ( 'NONE',  #3595 ) ;
#180 = AXIS2_PLACEMENT_3D ( 'NONE', #531, #3500, #1275 ) ;
#181 = VECTOR ( 'NONE', #1498, 1000.000000000000000 ) ;
#182 = ORIENTED_EDGE ( 'NONE', *, *, #676, .T. ) ;
#183 = ORIENTED_EDGE ( 'NONE', *, *, #2201, .T. ) ;
#184 = CARTESIAN_POINT ( 'NONE',  ( 869.9999999999998863, -778.0000000000000000, -0.000000000000000000 ) ) ;
#185 = DIRECTION ( 'NONE',  ( 0.000000000000000000, 0.000000000000000000, -1.000000000000000000 ) ) ;
#186 = DIRECTION ( 'NONE',  ( -0.000000000000000000, -0.000000000000000000, 1.000000000000000000 ) ) ;
#187 = ORIENTED_EDGE ( 'NONE', *, *, #4613, .F. ) ;
#188 = ORIENTED_EDGE ( 'NONE', *, *, #2391, .F. ) ;
#189 =( NAMED_UNIT ( * ) PLANE_ANGLE_UNIT ( ) SI_UNIT ( $, .RADIAN. ) );
#190 = CC_DESIGN_SECURITY_CLASSIFICATION ( #629, ( #4786 ) ) ;
#191 = EDGE_CURVE ( 'NONE', #667, #106, #2168, .T. ) ;
#192 = FACE_OUTER_BOUND ( 'NONE', #3800, .T. ) ;
#193 = ADVANCED_FACE ( 'NONE', ( #3853 ), #2707, .T. ) ;
#194 = ORIENTED_EDGE ( 'NONE', *, *, #2460, .T. ) ;
#195 = EDGE_CURVE ( 'NONE', #2619, #3396, #1167, .T. ) ;
#196 = PLANE ( 'NONE',  #213 ) ;
#197 = ORIENTED_EDGE ( 'NONE', *, *, #1847, .F. ) ;
#198 = DIRECTION ( 'NONE',  ( 1.000000000000000000, 0.000000000000000000, 0.000000000000000000 ) ) ;
#199 = LINE ( 'NONE', #817, #4185 ) ;
#200 = DIRECTION ( 'NONE',  ( 0.000000000000000000, 0.000000000000000000, 1.000000000000000000 ) ) ;
#201 = CARTESIAN_POINT ( 'NONE',  ( 7.979727989493312634E-14, -350.0000000000000000, 27.00000000000000355 ) ) ;
#202 = DIRECTION ( 'NONE',  ( 0.000000000000000000, 0.000000000000000000, -1.000000000000000000 ) ) ;
#203 = FACE_BOUND ( 'NONE', #3290, .T. ) ;
#204 = LOCAL_TIME ( 8, 52, 31.00000000000000000, #3731 ) ;
#205 = CARTESIAN_POINT ( 'NONE',  ( 802.0000000000000000, -250.9999999999999432, 99.99999999999998579 ) ) ;
#206 = LINE ( 'NONE', #697, #1645 ) ;
#207 = CIRCLE ( 'NONE', #4643, 5.000000000000000888 ) ;
#208 = DIRECTION ( 'NONE',  ( 0.000000000000000000, 0.000000000000000000, 1.000000000000000000 ) ) ;
#209 = EDGE_LOOP ( 'NONE', ( #3578, #1558, #3468, #3447 ) ) ;
#210 = CARTESIAN_POINT ( 'NONE',  ( 30.00000000000009592, -760.0000000000000000, 1140.192835008725751 ) ) ;
#211 = CC_DESIGN_PERSON_AND_ORGANIZATION_ASSIGNMENT ( #2223, #3605, ( #2447 ) ) ;
#212 = CALENDAR_DATE ( 2026, 5, 6 ) ;
#213 = AXIS2_PLACEMENT_3D ( 'NONE', #4236, #3514, #2819 ) ;
#214 = ORIENTED_EDGE ( 'NONE', *, *, #567, .T. ) ;
#215 = DATE_TIME_ROLE ( 'creation_date' ) ;
#216 = VECTOR ( 'NONE', #111, 1000.000000000000000 ) ;
#217 = CARTESIAN_POINT ( 'NONE',  ( 451.0479694303522251, -667.9224229264599444, 162.5689413777791970 ) ) ;
#218 = DIRECTION ( 'NONE',  ( 2.612425579928799129E-16, -1.000000000000000000, -0.000000000000000000 ) ) ;
#219 = ORIENTED_EDGE ( 'NONE', *, *, #2799, .T. ) ;
#220 = ORIENTED_EDGE ( 'NONE', *, *, #226, .T. ) ;
#221 = AXIS2_PLACEMENT_3D ( 'NONE', #1227, #4575, #3090 ) ;
#222 = EDGE_CURVE ( 'NONE', #2062, #2729, #3040, .T. ) ;
#223 = DIRECTION ( 'NONE',  ( 0.000000000000000000, -1.000000000000000000, 0.000000000000000000 ) ) ;
#224 = CIRCLE ( 'NONE', #778, 5.049999999999998934 ) ;
#225 = ORIENTED_EDGE ( 'NONE', *, *, #2606, .F. ) ;
#226 = EDGE_CURVE ( 'NONE', #1509, #4332, #2584, .T. ) ;
#227 = LINE ( 'NONE', #1969, #3120 ) ;
#228 = DIRECTION ( 'NONE',  ( -1.288758049684149971E-16, 0.000000000000000000, 1.000000000000000000 ) ) ;
#229 = DIRECTION ( 'NONE',  ( -0.000000000000000000, -0.000000000000000000, 1.000000000000000000 ) ) ;
#230 = VERTEX_POINT ( 'NONE', #729 ) ;
#231 = DATE_TIME_ROLE ( 'classification_date' ) ;
#232 = LINE ( 'NONE', #2806, #618 ) ;
#233 = ORIENTED_EDGE ( 'NONE', *, *, #2036, .F. ) ;
#234 = ORIENTED_EDGE ( 'NONE', *, *, #154, .F. ) ;
#235 = CARTESIAN_POINT ( 'NONE',  ( 451.7932742770424852, -667.7169477458911615, 162.7132045470831088 ) ) ;
#236 = CARTESIAN_POINT ( 'NONE',  ( 15.90000000000000036, -50.50000000000002842, 310.9499999999999886 ) ) ;
#237 = ADVANCED_FACE ( 'NONE', ( #2529, #2927 ), #3904, .F. ) ;
#238 = ORIENTED_EDGE ( 'NONE', *, *, #4706, .T. ) ;
#239 = DIRECTION ( 'NONE',  ( -1.000000000000000000, -1.306212789964399565E-16, 0.000000000000000000 ) ) ;
#240 = EDGE_LOOP ( 'NONE', ( #2817, #2874, #798, #4130 ) ) ;
#241 = CIRCLE ( 'NONE', #1510, 9.000000000000007105 ) ;
#242 = EDGE_CURVE ( 'NONE', #1131, #106, #2344, .T. ) ;
#243 = ORIENTED_EDGE ( 'NONE', *, *, #1701, .T. ) ;
#244 = ORIENTED_EDGE ( 'NONE', *, *, #84, .T. ) ;
#245 = CARTESIAN_POINT ( 'NONE',  ( 15.90000000000000036, -50.50000000000002842, 316.0000000000000000 ) ) ;
#246 = CARTESIAN_POINT ( 'NONE',  ( 33.00000000000007105, 300.0000000000000000, 27.00000000000000711 ) ) ;
#247 = FACE_BOUND ( 'NONE', #2957, .T. ) ;
#248 = APPROVAL_STATUS ( 'not_yet_approved' ) ;
#249 = CC_DESIGN_SECURITY_CLASSIFICATION ( #3814, ( #4790 ) ) ;
#250 = EDGE_CURVE ( 'NONE', #1678, #4163, #2648, .T. ) ;
#251 = CARTESIAN_POINT ( 'NONE',  ( 451.2956691523159520, -667.8645047381103268, 177.3915289200114955 ) ) ;
#252 = CARTESIAN_POINT ( 'NONE',  ( 457.4452931412918701, -664.0457385837848960, 168.9581846049226783 ) ) ;
#253 = FACE_OUTER_BOUND ( 'NONE', #2494, .T. ) ;
#254 = PLANE ( 'NONE',  #20 ) ;
#255 = EDGE_CURVE ( 'NONE', #2133, #4224, #206, .T. ) ;
#256 = VECTOR ( 'NONE', #3363, 1000.000000000000000 ) ;
#257 = APPROVAL_PERSON_ORGANIZATION ( #1984, #3554, #145 ) ;
#258 = PLANE ( 'NONE',  #1151 ) ;
#259 = VECTOR ( 'NONE', #39, 1000.000000000000000 ) ;
#260 = FACE_OUTER_BOUND ( 'NONE', #4717, .T. ) ;
#261 = APPROVAL_STATUS ( 'not_yet_approved' ) ;
#262 = CARTESIAN_POINT ( 'NONE',  ( 446.6211165996045906, -666.9978791654237966, 176.7125779229535567 ) ) ;
#263 = DIRECTION ( 'NONE',  ( -1.000000000000000000, 0.000000000000000000, 0.000000000000000000 ) ) ;
#264 = CARTESIAN_POINT ( 'NONE',  ( 802.0000000000000000, -220.9999999999999432, -0.001000000000001000089 ) ) ;
#265 = VERTEX_POINT ( 'NONE', #4780 ) ;
#266 = VERTEX_POINT ( 'NONE', #354 ) ;
#267 = VECTOR ( 'NONE', #2616, 1000.000000000000000 ) ;
#268 = CALENDAR_DATE ( 2026, 5, 6 ) ;
#269 = DIRECTION ( 'NONE',  ( 1.000000000000000000, 0.000000000000000000, 0.000000000000000000 ) ) ;
#270 = ORIENTED_EDGE ( 'NONE', *, *, #2684, .F. ) ;
#271 = EDGE_LOOP ( 'NONE', ( #112, #452, #3046, #1124 ) ) ;
#272 = CARTESIAN_POINT ( 'NONE',  ( 15.90000000000000036, -749.5000000000000000, 321.0500000000000114 ) ) ;
#273 = DIRECTION ( 'NONE',  ( 0.000000000000000000, 0.000000000000000000, 1.000000000000000000 ) ) ;
#274 = VERTEX_POINT ( 'NONE', #2145 ) ;
#275 = CARTESIAN_POINT ( 'NONE',  ( 0.000000000000000000, -603.0000000000000000, 0.000000000000000000 ) ) ;
#276 = CC_DESIGN_PERSON_AND_ORGANIZATION_ASSIGNMENT ( #2715, #1734, ( #29 ) ) ;
#277 = APPLICATION_CONTEXT ( 'configuration controlled 3d designs of mechanical parts and assemblies' ) ;
#278 = VERTEX_POINT ( 'NONE', #4031 ) ;
#279 = VERTEX_POINT ( 'NONE', #384 ) ;
#280 = DIRECTION ( 'NONE',  ( -0.000000000000000000, -0.000000000000000000, -1.000000000000000000 ) ) ;
#281 = LINE ( 'NONE', #2772, #1486 ) ;
#282 = AXIS2_PLACEMENT_3D ( 'NONE', #3020, #362, #2357 ) ;
#283 = ORIENTED_EDGE ( 'NONE', *, *, #3272, .T. ) ;
#284 = EDGE_CURVE ( 'NONE', #2625, #1308, #593, .T. ) ;
#285 = DIRECTION ( 'NONE',  ( -1.000000000000000000, -2.612425579928799129E-16, 0.000000000000000000 ) ) ;
#286 = DIRECTION ( 'NONE',  ( 0.000000000000000000, 0.000000000000000000, -1.000000000000000000 ) ) ;
#287 = VECTOR ( 'NONE', #4625, 1000.000000000000000 ) ;
#288 = ORIENTED_EDGE ( 'NONE', *, *, #2158, .F. ) ;
#289 = EDGE_LOOP ( 'NONE', ( #2733, #2057, #340, #115 ) ) ;
#290 = DIRECTION ( 'NONE',  ( -0.000000000000000000, -1.000000000000000000, -0.000000000000000000 ) ) ;
#291 = DIRECTION ( 'NONE',  ( 0.000000000000000000, 0.000000000000000000, -1.000000000000000000 ) ) ;
#292 = ORIENTED_EDGE ( 'NONE', *, *, #1974, .T. ) ;
#293 = VERTEX_POINT ( 'NONE', #3351 ) ;
#294 = VECTOR ( 'NONE', #1724, 1000.000000000000000 ) ;
#295 = CARTESIAN_POINT ( 'NONE',  ( 15.90000000000005720, -398.5000000000000000, 15.90000000000000036 ) ) ;
#296 = PLANE ( 'NONE',  #3944 ) ;
#297 = ORIENTED_EDGE ( 'NONE', *, *, #4057, .F. ) ;
#298 = VERTEX_POINT ( 'NONE', #1495 ) ;
#299 = DIRECTION ( 'NONE',  ( 2.065146995210486914E-16, 5.395042836600973428E-32, -1.000000000000000000 ) ) ;
#300 = LINE ( 'NONE', #2589, #1393 ) ;
#301 = ORIENTED_EDGE ( 'NONE', *, *, #284, .T. ) ;
#302 = AXIS2_PLACEMENT_3D ( 'NONE', #4073, #813, #3768 ) ;
#303 = AXIS2_PLACEMENT_3D ( 'NONE', #1229, #4545, #4196 ) ;
#304 = DIRECTION ( 'NONE',  ( -1.000000000000000000, -0.000000000000000000, -0.000000000000000000 ) ) ;
#305 = DIRECTION ( 'NONE',  ( 0.000000000000000000, 1.000000000000000000, 0.000000000000000000 ) ) ;
#306 = COORDINATED_UNIVERSAL_TIME_OFFSET ( 8, 0, .AHEAD. ) ;
#307 = EDGE_CURVE ( 'NONE', #528, #4353, #2813, .T. ) ;
#308 = CARTESIAN_POINT ( 'NONE',  ( 449.7374625885563546, -668.0249756339051146, 177.4999421709529770 ) ) ;
#309 = CARTESIAN_POINT ( 'NONE',  ( 15.90000000000005720, -400.0000000000000000, 9.399999999999995026 ) ) ;
#310 = VECTOR ( 'NONE', #1192, 1000.000000000000000 ) ;
#311 = VECTOR ( 'NONE', #3701, 1000.000000000000000 ) ;
#312 = EDGE_CURVE ( 'NONE', #2233, #174, #2465, .T. ) ;
#313 = PERSON_AND_ORGANIZATION ( #1525, #4321 ) ;
#314 = MANIFOLD_SOLID_BREP ( '镜向2', #2180 ) ;
#315 = VECTOR ( 'NONE', #3666, 1000.000000000000000 ) ;
#316 = VECTOR ( 'NONE', #4644, 1000.000000000000000 ) ;
#317 = AXIS2_PLACEMENT_3D ( 'NONE', #3061, #1575, #140 ) ;
#318 = ORIENTED_EDGE ( 'NONE', *, *, #1071, .F. ) ;
#319 = EDGE_LOOP ( 'NONE', ( #777, #2551, #3967, #4041 ) ) ;
#320 = CARTESIAN_POINT ( 'NONE',  ( 442.7173603377050881, -664.1803670861950195, 171.8112416199292909 ) ) ;
#321 = PLANE ( 'NONE',  #3717 ) ;
#322 = ADVANCED_FACE ( 'NONE', ( #3672, #710 ), #3007, .F. ) ;
#323 = DIRECTION ( 'NONE',  ( 0.000000000000000000, -1.000000000000000000, 0.000000000000000000 ) ) ;
#324 = EDGE_LOOP ( 'NONE', ( #2588, #4367 ) ) ;
#325 = DIRECTION ( 'NONE',  ( 1.000000000000000000, 0.000000000000000000, 0.000000000000000000 ) ) ;
#326 = CYLINDRICAL_SURFACE ( 'NONE', #1024, 8.000000000000007105 ) ;
#327 = EDGE_CURVE ( 'NONE', #682, #2937, #4008, .T. ) ;
#328 = DIRECTION ( 'NONE',  ( -0.000000000000000000, -0.000000000000000000, -1.000000000000000000 ) ) ;
#329 = ORIENTED_EDGE ( 'NONE', *, *, #1746, .T. ) ;
#330 = ORIENTED_EDGE ( 'NONE', *, *, #1720, .F. ) ;
#331 = CARTESIAN_POINT ( 'NONE',  ( 802.0000000000000000, -250.9999999999999432, 99.99999999999998579 ) ) ;
#332 = FACE_OUTER_BOUND ( 'NONE', #3828, .T. ) ;
#333 = CARTESIAN_POINT ( 'NONE',  ( 15.00000000000007994, 350.0000000000000000, 0.000000000000000000 ) ) ;
#334 = VERTEX_POINT ( 'NONE', #64 ) ;
#335 = APPROVAL ( #1191, 'UNKNOWN' ) ;
#336 = VERTEX_POINT ( 'NONE', #2362 ) ;
#337 = AXIS2_PLACEMENT_3D ( 'NONE', #3603, #652, #3238 ) ;
#338 = APPLICATION_CONTEXT ( 'configuration controlled 3d designs of mechanical parts and assemblies' ) ;
#339 = LINE ( 'NONE', #2319, #3172 ) ;
#340 = ORIENTED_EDGE ( 'NONE', *, *, #4270, .F. ) ;
#341 = CARTESIAN_POINT ( 'NONE',  ( 444.1199550555205633, -665.2996475751732532, 174.6801043899740762 ) ) ;
#342 = DIRECTION ( 'NONE',  ( -0.000000000000000000, 1.000000000000000000, -0.000000000000000000 ) ) ;
#343 = EDGE_CURVE ( 'NONE', #3819, #2911, #2043, .T. ) ;
#344 = VECTOR ( 'NONE', #3445, 1000.000000000000000 ) ;
#345 = ORIENTED_EDGE ( 'NONE', *, *, #2555, .F. ) ;
#346 = ORIENTED_EDGE ( 'NONE', *, *, #37, .T. ) ;
#347 = DIRECTION ( 'NONE',  ( -0.000000000000000000, 1.000000000000000000, -0.000000000000000000 ) ) ;
#348 = CARTESIAN_POINT ( 'NONE',  ( 33.00000000000007816, 0.000000000000000000, 0.000000000000000000 ) ) ;
#349 = FACE_BOUND ( 'NONE', #4760, .T. ) ;
#350 = ORIENTED_EDGE ( 'NONE', *, *, #894, .F. ) ;
#351 = ORIENTED_EDGE ( 'NONE', *, *, #3474, .T. ) ;
#352 = DIRECTION ( 'NONE',  ( -1.000000000000000000, 0.000000000000000000, -0.000000000000000000 ) ) ;
#353 = DIRECTION ( 'NONE',  ( 1.000000000000000000, 2.612425579928799129E-16, 0.000000000000000000 ) ) ;
#354 = CARTESIAN_POINT ( 'NONE',  ( 33.00000000000007816, -300.0000000000000000, 0.000000000000000000 ) ) ;
#355 = PERSON ( 'NAUO-PER1', 'UNSPECIFIED', 'UNSPECIFIED', ('UNSPECIFIED'), ('UNSPECIFIED'), ('UNSPECIFIED') ) ;
#356 = LINE ( 'NONE', #504, #4461 ) ;
#357 = EDGE_LOOP ( 'NONE', ( #1005, #830, #1244, #4392, #3179 ) ) ;
#358 = ADVANCED_FACE ( 'NONE', ( #4311 ), #1917, .F. ) ;
#359 = AXIS2_PLACEMENT_3D ( 'NONE', #1710, #4331, #2496 ) ;
#360 = CARTESIAN_POINT ( 'NONE',  ( 0.000000000000000000, 0.000000000000000000, -1.500000000000000000 ) ) ;
#361 = DIRECTION ( 'NONE',  ( 2.065146995210486914E-16, 0.000000000000000000, 1.000000000000000000 ) ) ;
#362 = DIRECTION ( 'NONE',  ( -0.000000000000000000, 1.000000000000000000, -0.000000000000000000 ) ) ;
#363 = CYLINDRICAL_SURFACE ( 'NONE', #1000, 5.049999999999998934 ) ;
#364 = CARTESIAN_POINT ( 'NONE',  ( 98.00000000000004263, -250.9999999999999432, 99.99999999999998579 ) ) ;
#365 = CC_DESIGN_APPROVAL ( #2353, ( #4421 ) ) ;
#366 = CARTESIAN_POINT ( 'NONE',  ( 500.0000000000001137, -672.9999999999998863, 170.0000000000000284 ) ) ;
#367 = DIRECTION ( 'NONE',  ( 1.000000000000000000, 1.228122814850837064E-16, -0.000000000000000000 ) ) ;
#368 = CYLINDRICAL_SURFACE ( 'NONE', #791, 6.500000000000005329 ) ;
#369 = DATE_AND_TIME ( #2752, #2342 ) ;
#370 = AXIS2_PLACEMENT_3D ( 'NONE', #1089, #2212, #3346 ) ;
#371 = CARTESIAN_POINT ( 'NONE',  ( 15.00000000000007638, -299.9999999999999432, 0.000000000000000000 ) ) ;
#372 = EDGE_CURVE ( 'NONE', #2318, #3833, #3551, .T. ) ;
#373 = CARTESIAN_POINT ( 'NONE',  ( 832.0000000000001137, -622.9999999999998863, 90.00000000000005684 ) ) ;
#374 = CYLINDRICAL_SURFACE ( 'NONE', #3004, 5.049999999999998934 ) ;
#375 = DIRECTION ( 'NONE',  ( -0.000000000000000000, -1.000000000000000000, -0.000000000000000000 ) ) ;
#376 = VECTOR ( 'NONE', #3181, 1000.000000000000000 ) ;
#377 = CARTESIAN_POINT ( 'NONE',  ( 68.00000000000005684, -623.0000000000000000, 250.0000000000000568 ) ) ;
#378 = DATE_AND_TIME ( #1420, #1301 ) ;
#379 = EDGE_LOOP ( 'NONE', ( #3635, #1955, #4133, #4089 ) ) ;
#380 = PLANE ( 'NONE',  #2456 ) ;
#381 = FACE_OUTER_BOUND ( 'NONE', #3656, .T. ) ;
#382 = EDGE_LOOP ( 'NONE', ( #3161, #1649, #4401, #4030 ) ) ;
#383 = AXIS2_PLACEMENT_3D ( 'NONE', #1592, #2332, #1943 ) ;
#384 = CARTESIAN_POINT ( 'NONE',  ( 30.00000000000009237, -749.5000000000000000, 300.0000000000000000 ) ) ;
#385 = EDGE_LOOP ( 'NONE', ( #2892, #3929, #4274, #1195 ) ) ;
#386 = DIRECTION ( 'NONE',  ( -0.000000000000000000, 1.000000000000000000, -0.000000000000000000 ) ) ;
#387 = DIRECTION ( 'NONE',  ( -1.000000000000000000, 0.000000000000000000, 0.000000000000000000 ) ) ;
#388 = CARTESIAN_POINT ( 'NONE',  ( 7.961735002956730495E-14, 400.0000000000000000, 15.00000000000000000 ) ) ;
#389 = AXIS2_PLACEMENT_3D ( 'NONE', #4480, #3031, #801 ) ;
#390 = EDGE_CURVE ( 'NONE', #1606, #2891, #4423, .T. ) ;
#391 = FACE_OUTER_BOUND ( 'NONE', #721, .T. ) ;
#392 = VECTOR ( 'NONE', #82, 1000.000000000000000 ) ;
#393 = DIRECTION ( 'NONE',  ( 0.000000000000000000, -1.000000000000000000, 0.000000000000000000 ) ) ;
#394 = ORIENTED_EDGE ( 'NONE', *, *, #1134, .F. ) ;
#395 = DIRECTION ( 'NONE',  ( 0.000000000000000000, 1.000000000000000000, 0.000000000000000000 ) ) ;
#396 = CC_DESIGN_SECURITY_CLASSIFICATION ( #3306, ( #4787 ) ) ;
#397 = LINE ( 'NONE', #2759, #287 ) ;
#398 = ORIENTED_EDGE ( 'NONE', *, *, #1473, .T. ) ;
#399 = EDGE_CURVE ( 'NONE', #4687, #3391, #2280, .T. ) ;
#400 = CARTESIAN_POINT ( 'NONE',  ( 900.0000000000001137, -799.9999999999998863, 279.9999999999999432 ) ) ;
#401 = DIRECTION ( 'NONE',  ( -0.000000000000000000, -0.000000000000000000, -1.000000000000000000 ) ) ;
#402 = EDGE_LOOP ( 'NONE', ( #2230, #2251, #1027, #2173 ) ) ;
#403 = ORIENTED_EDGE ( 'NONE', *, *, #479, .T. ) ;
#404 = EDGE_CURVE ( 'NONE', #2625, #3391, #2405, .T. ) ;
#405 = ORIENTED_EDGE ( 'NONE', *, *, #1225, .T. ) ;
#406 = CARTESIAN_POINT ( 'NONE',  ( 15.90000000000000036, -700.0000000000000000, 310.9499999999999886 ) ) ;
#407 = ORIENTED_EDGE ( 'NONE', *, *, #4129, .F. ) ;
#408 = ADVANCED_FACE ( 'NONE', ( #1051 ), #605, .F. ) ;
#409 = PLANE ( 'NONE',  #1605 ) ;
#410 = DIRECTION ( 'NONE',  ( -2.612425579928799129E-16, 1.000000000000000000, -0.000000000000000000 ) ) ;
#411 = DESIGN_CONTEXT ( 'detailed design', #941, 'design' ) ;
#412 = ORIENTED_EDGE ( 'NONE', *, *, #2398, .T. ) ;
#413 = CARTESIAN_POINT ( 'NONE',  ( 15.90000000000000036, -749.5000000000000000, 316.0000000000000000 ) ) ;
#414 = LINE ( 'NONE', #534, #4589 ) ;
#415 = DIRECTION ( 'NONE',  ( 1.000000000000000000, 0.000000000000000000, 0.000000000000000000 ) ) ;
#416 = CALENDAR_DATE ( 2026, 5, 6 ) ;
#417 = CARTESIAN_POINT ( 'NONE',  ( 68.00000000000009948, -367.0000000000000568, 155.0000000000000284 ) ) ;
#418 = CYLINDRICAL_SURFACE ( 'NONE', #2713, 5.049999999999998934 ) ;
#419 = DIRECTION ( 'NONE',  ( 1.000000000000000000, 0.000000000000000000, 0.000000000000000000 ) ) ;
#420 = CALENDAR_DATE ( 2026, 5, 6 ) ;
#421 = CC_DESIGN_DATE_AND_TIME_ASSIGNMENT ( #3891, #4246, ( #2916 ) ) ;
#422 = AXIS2_PLACEMENT_3D ( 'NONE', #3156, #1182, #2689 ) ;
#423 = EDGE_CURVE ( 'NONE', #464, #554, #1580, .T. ) ;
#424 = FACE_OUTER_BOUND ( 'NONE', #4603, .T. ) ;
#425 = APPROVAL_DATE_TIME ( #4479, #453 ) ;
#426 = ORIENTED_EDGE ( 'NONE', *, *, #2655, .F. ) ;
#427 = ADVANCED_FACE ( 'NONE', ( #659, #90 ), #3201, .F. ) ;
#428 = LINE ( 'NONE', #936, #3041 ) ;
#429 = AXIS2_PLACEMENT_3D ( 'NONE', #2360, #4193, #4230 ) ;
#430 = EDGE_CURVE ( 'NONE', #3344, #2289, #3314, .T. ) ;
#431 = CARTESIAN_POINT ( 'NONE',  ( 15.90000000000005720, 400.0000000000000000, 9.399999999999995026 ) ) ;
#432 = DIRECTION ( 'NONE',  ( -1.000000000000000000, -2.612425579928799129E-16, 0.000000000000000000 ) ) ;
#433 = ORIENTED_EDGE ( 'NONE', *, *, #496, .F. ) ;
#434 = FACE_OUTER_BOUND ( 'NONE', #289, .T. ) ;
#435 = ORIENTED_EDGE ( 'NONE', *, *, #3949, .T. ) ;
#436 = CARTESIAN_POINT ( 'NONE',  ( 1140.000000000000000, -799.9999999999998863, 279.9999999999999432 ) ) ;
#437 = PERSON_AND_ORGANIZATION ( #1525, #4321 ) ;
#438 = CARTESIAN_POINT ( 'NONE',  ( 13.20000000000000462, -50.50000000000002842, 316.7999999999999545 ) ) ;
#439 = ORIENTED_EDGE ( 'NONE', *, *, #3540, .T. ) ;
#440 = CARTESIAN_POINT ( 'NONE',  ( 30.00000000000000355, -700.0000000000000000, 300.0000000000000000 ) ) ;
#441 = VECTOR ( 'NONE', #832, 1000.000000000000000 ) ;
#442 = DIRECTION ( 'NONE',  ( 1.000000000000000000, 1.306212789964399565E-16, -0.000000000000000000 ) ) ;
#443 = ORIENTED_EDGE ( 'NONE', *, *, #1936, .T. ) ;
#444 = AXIS2_PLACEMENT_3D ( 'NONE', #3176, #4635, #1363 ) ;
#445 = FACE_OUTER_BOUND ( 'NONE', #4667, .T. ) ;
#446 = LINE ( 'NONE', #1817, #3866 ) ;
#447 = EDGE_LOOP ( 'NONE', ( #601, #3698, #1499, #3484 ) ) ;
#448 = PLANE ( 'NONE',  #2792 ) ;
#449 = CARTESIAN_POINT ( 'NONE',  ( 9.797174393178825736E-14, -800.0000000000000000, 300.0000000000000000 ) ) ;
#450 = CARTESIAN_POINT ( 'NONE',  ( 30.00000000000009237, -778.0000000000000000, 300.0000000000000568 ) ) ;
#451 = DIRECTION ( 'NONE',  ( 0.000000000000000000, 0.000000000000000000, -1.000000000000000000 ) ) ;
#452 = ORIENTED_EDGE ( 'NONE', *, *, #2575, .F. ) ;
#453 = APPROVAL ( #3369, '未指定' ) ;
#454 = EDGE_CURVE ( 'NONE', #620, #3354, #3152, .T. ) ;
#455 = CARTESIAN_POINT ( 'NONE',  ( 900.0019999999999527, -547.9999999999998863, 155.0000000000000284 ) ) ;
#456 = ADVANCED_FACE ( 'NONE', ( #1292 ), #9, .F. ) ;
#457 = EDGE_LOOP ( 'NONE', ( #4384, #3016, #3127, #4235 ) ) ;
#458 = VERTEX_POINT ( 'NONE', #3641 ) ;
#459 = DIRECTION ( 'NONE',  ( 2.612425579928799129E-16, -1.000000000000000000, -0.000000000000000000 ) ) ;
#460 = AXIS2_PLACEMENT_3D ( 'NONE', #1264, #2006, #1280 ) ;
#461 = EDGE_CURVE ( 'NONE', #230, #62, #4605, .T. ) ;
#462 = FACE_OUTER_BOUND ( 'NONE', #1085, .T. ) ;
#463 = ORIENTED_EDGE ( 'NONE', *, *, #3881, .F. ) ;
#464 = VERTEX_POINT ( 'NONE', #4400 ) ;
#465 = CARTESIAN_POINT ( 'NONE',  ( 15.90000000000000036, -50.50000000000002842, 316.0000000000000000 ) ) ;
#466 = DIRECTION ( 'NONE',  ( -1.000000000000000000, -1.460819769243627131E-16, 0.000000000000000000 ) ) ;
#467 = ORIENTED_EDGE ( 'NONE', *, *, #3450, .T. ) ;
#468 = EDGE_CURVE ( 'NONE', #2660, #4688, #3378, .T. ) ;
#469 = CARTESIAN_POINT ( 'NONE',  ( 870.0000000000002274, -749.5000000000000000, 300.0000000000000000 ) ) ;
#470 = CARTESIAN_POINT ( 'NONE',  ( 900.0000000000000000, 0.000000000000000000, 300.0000000000000000 ) ) ;
#471 = DIRECTION ( 'NONE',  ( 0.000000000000000000, -1.000000000000000000, 0.000000000000000000 ) ) ;
#472 = DIRECTION ( 'NONE',  ( 0.000000000000000000, -1.000000000000000000, 0.000000000000000000 ) ) ;
#473 = ADVANCED_FACE ( 'NONE', ( #4188 ), #1527, .F. ) ;
#474 = AXIS2_PLACEMENT_3D ( 'NONE', #3640, #2571, #2889 ) ;
#475 = APPROVAL_ROLE ( '' ) ;
#476 = VECTOR ( 'NONE', #4588, 1000.000000000000000 ) ;
#477 = ADVANCED_FACE ( 'NONE', ( #545 ), #4755, .F. ) ;
#478 = DIRECTION ( 'NONE',  ( -0.000000000000000000, -1.000000000000000000, -0.000000000000000000 ) ) ;
#479 = EDGE_CURVE ( 'NONE', #2113, #1208, #772, .T. ) ;
#480 = VECTOR ( 'NONE', #2663, 1000.000000000000000 ) ;
#481 = DATE_AND_TIME ( #2704, #1692 ) ;
#482 = DIRECTION ( 'NONE',  ( 0.000000000000000000, 0.000000000000000000, -1.000000000000000000 ) ) ;
#483 = DIRECTION ( 'NONE',  ( -0.000000000000000000, 1.000000000000000000, -0.000000000000000000 ) ) ;
#484 = CARTESIAN_POINT ( 'NONE',  ( 400.0000000000001137, -672.9999999999998863, 170.0000000000000284 ) ) ;
#485 = VECTOR ( 'NONE', #1399, 1000.000000000000000 ) ;
#486 = CC_DESIGN_PERSON_AND_ORGANIZATION_ASSIGNMENT ( #4468, #2021, ( #2916 ) ) ;
#487 = APPROVAL_DATE_TIME ( #1464, #1836 ) ;
#488 = AXIS2_PLACEMENT_3D ( 'NONE', #2922, #687, #3276 ) ;
#489 = APPROVAL_STATUS ( 'not_yet_approved' ) ;
#490 = EDGE_CURVE ( 'NONE', #1509, #1614, #4769, .T. ) ;
#491 = VERTEX_POINT ( 'NONE', #2572 ) ;
#492 = CARTESIAN_POINT ( 'NONE',  ( 5.200000000000002842, -50.50000000000002842, 300.0000000000000000 ) ) ;
#493 = COORDINATED_UNIVERSAL_TIME_OFFSET ( 8, 0, .AHEAD. ) ;
#494 = VERTEX_POINT ( 'NONE', #4368 ) ;
#495 = ADVANCED_FACE ( 'NONE', ( #1412 ), #4739, .F. ) ;
#496 = EDGE_CURVE ( 'NONE', #2631, #2259, #3963, .T. ) ;
#497 = CARTESIAN_POINT ( 'NONE',  ( 900.0019999999999527, -366.9999999999999432, 155.0000000000000284 ) ) ;
#498 = CARTESIAN_POINT ( 'NONE',  ( 0.000000000000000000, 0.000000000000000000, 120.0000000000000000 ) ) ;
#499 = CARTESIAN_POINT ( 'NONE',  ( 870.0000000000001137, -778.0000000000000000, 300.0000000000000568 ) ) ;
#500 = ORIENTED_EDGE ( 'NONE', *, *, #3564, .T. ) ;
#501 = ORIENTED_EDGE ( 'NONE', *, *, #3503, .T. ) ;
#502 = CARTESIAN_POINT ( 'NONE',  ( 582.7071910279398708, -159.1071428571428896, 133.3083084837282684 ) ) ;
#503 = VECTOR ( 'NONE', #826, 1000.000000000000000 ) ;
#504 = CARTESIAN_POINT ( 'NONE',  ( 889.1499999999999773, -50.49999999999992184, 316.0000000000000000 ) ) ;
#505 = ORIENTED_EDGE ( 'NONE', *, *, #430, .F. ) ;
#506 = SECURITY_CLASSIFICATION_LEVEL ( 'unclassified' ) ;
#507 = DIRECTION ( 'NONE',  ( 2.065146995210486914E-16, 0.000000000000000000, 1.000000000000000000 ) ) ;
#508 = FACE_OUTER_BOUND ( 'NONE', #379, .T. ) ;
#509 = AXIS2_PLACEMENT_3D ( 'NONE', #2337, #867, #127 ) ;
#510 = ORIENTED_EDGE ( 'NONE', *, *, #2134, .T. ) ;
#511 = FACE_OUTER_BOUND ( 'NONE', #975, .T. ) ;
#512 = DIRECTION ( 'NONE',  ( 0.000000000000000000, -0.000000000000000000, 1.000000000000000000 ) ) ;
#513 = DIRECTION ( 'NONE',  ( 1.000000000000000000, 0.000000000000000000, 1.288758049684149971E-16 ) ) ;
#514 = ORIENTED_EDGE ( 'NONE', *, *, #4637, .T. ) ;
#515 = CC_DESIGN_APPROVAL ( #3182, ( #1183 ) ) ;
#516 = AXIS2_PLACEMENT_3D ( 'NONE', #1032, #1381, #1415 ) ;
#517 = ORIENTED_EDGE ( 'NONE', *, *, #250, .T. ) ;
#518 = CARTESIAN_POINT ( 'NONE',  ( 5.200000000000006395, -749.5000000000000000, 316.7999999999999545 ) ) ;
#519 = EDGE_LOOP ( 'NONE', ( #1654, #178 ) ) ;
#520 = ADVANCED_FACE ( 'NONE', ( #3611, #4719 ), #720, .T. ) ;
#521 = SECURITY_CLASSIFICATION_LEVEL ( 'unclassified' ) ;
#522 = LINE ( 'NONE', #4656, #3133 ) ;
#523 = VERTEX_POINT ( 'NONE', #3687 ) ;
#524 = DIRECTION ( 'NONE',  ( -0.000000000000000000, -0.000000000000000000, 1.000000000000000000 ) ) ;
#525 = ORIENTED_EDGE ( 'NONE', *, *, #3311, .T. ) ;
#526 = AXIS2_PLACEMENT_3D ( 'NONE', #438, #848, #1223 ) ;
#527 = EDGE_CURVE ( 'NONE', #1827, #3349, #4713, .T. ) ;
#528 = VERTEX_POINT ( 'NONE', #4019 ) ;
#529 = CARTESIAN_POINT ( 'NONE',  ( -0.000000000000000000, 300.0000000000000000, 0.000000000000000000 ) ) ;
#530 = LINE ( 'NONE', #563, #2334 ) ;
#531 = CARTESIAN_POINT ( 'NONE',  ( -295.1813204887218376, -557.8571428571428896, 153.6000000000000227 ) ) ;
#532 = DATE_AND_TIME ( #3893, #759 ) ;
#533 = VECTOR ( 'NONE', #3425, 1000.000000000000000 ) ;
#534 = CARTESIAN_POINT ( 'NONE',  ( 7.961735002956730495E-14, 400.0000000000000000, 0.000000000000000000 ) ) ;
#535 = LINE ( 'NONE', #3761, #267 ) ;
#536 = ADVANCED_FACE ( 'NONE', ( #1109 ), #3855, .F. ) ;
#537 = LINE ( 'NONE', #668, #3037 ) ;
#538 = DIRECTION ( 'NONE',  ( -1.228122814850837064E-16, 1.000000000000000000, 0.000000000000000000 ) ) ;
#539 = PERSON_AND_ORGANIZATION ( #1525, #4321 ) ;
#540 = CARTESIAN_POINT ( 'NONE',  ( 5.200000000000002842, -749.5000000000000000, 300.0000000000000000 ) ) ;
#541 = CARTESIAN_POINT ( 'NONE',  ( 884.1000000000000227, -50.49999999999992184, 316.0000000000000000 ) ) ;
#542 = AXIS2_PLACEMENT_3D ( 'NONE', #4595, #2387, #173 ) ;
#543 = AXIS2_PLACEMENT_3D ( 'NONE', #1174, #97, #1916 ) ;
#544 = ORIENTED_EDGE ( 'NONE', *, *, #3341, .F. ) ;
#545 = FACE_OUTER_BOUND ( 'NONE', #5, .T. ) ;
#546 = FACE_OUTER_BOUND ( 'NONE', #4578, .T. ) ;
#547 = DIRECTION ( 'NONE',  ( -0.000000000000000000, -1.000000000000000000, -0.000000000000000000 ) ) ;
#548 = PERSON_AND_ORGANIZATION ( #1525, #4321 ) ;
#549 = DIRECTION ( 'NONE',  ( 0.000000000000000000, 0.000000000000000000, 1.000000000000000000 ) ) ;
#550 = ORIENTED_EDGE ( 'NONE', *, *, #169, .F. ) ;
#551 = ORIENTED_EDGE ( 'NONE', *, *, #1481, .F. ) ;
#552 = AXIS2_PLACEMENT_3D ( 'NONE', #413, #3024, #1153 ) ;
#553 = EDGE_CURVE ( 'NONE', #898, #2794, #1864, .T. ) ;
#554 = VERTEX_POINT ( 'NONE', #1133 ) ;
#555 = DIRECTION ( 'NONE',  ( 0.000000000000000000, 1.000000000000000000, 0.000000000000000000 ) ) ;
#556 = LINE ( 'NONE', #3065, #503 ) ;
#557 = EDGE_LOOP ( 'NONE', ( #1931, #671, #2320, #691, #1268, #3861 ) ) ;
#558 = EDGE_CURVE ( 'NONE', #1296, #3770, #157, .T. ) ;
#559 = VECTOR ( 'NONE', #2331, 1000.000000000000000 ) ;
#560 = ORIENTED_EDGE ( 'NONE', *, *, #2054, .F. ) ;
#561 = DIRECTION ( 'NONE',  ( -1.000000000000000000, 0.000000000000000000, 0.000000000000000000 ) ) ;
#562 = ORIENTED_EDGE ( 'NONE', *, *, #1813, .T. ) ;
#563 = CARTESIAN_POINT ( 'NONE',  ( 894.8000000000002956, -749.5000000000000000, 300.0000000000000000 ) ) ;
#564 = LINE ( 'NONE', #2177, #2247 ) ;
#565 = VERTEX_POINT ( 'NONE', #23 ) ;
#566 = VERTEX_POINT ( 'NONE', #1098 ) ;
#567 = EDGE_CURVE ( 'NONE', #2681, #1890, #3728, .T. ) ;
#568 = DIRECTION ( 'NONE',  ( -0.000000000000000000, -0.000000000000000000, -1.000000000000000000 ) ) ;
#569 = PLANE ( 'NONE',  #4135 ) ;
#570 = CIRCLE ( 'NONE', #3198, 6.450000000000001066 ) ;
#571 = CLOSED_SHELL ( 'NONE', ( #4180, #4091, #408, #2374, #2396, #4563 ) ) ;
#572 = VERTEX_POINT ( 'NONE', #1113 ) ;
#573 = PERSON_AND_ORGANIZATION_ROLE ( 'design_supplier' ) ;
#574 = CC_DESIGN_PERSON_AND_ORGANIZATION_ASSIGNMENT ( #3496, #4647, ( #3814 ) ) ;
#575 = EDGE_CURVE ( 'NONE', #715, #54, #2351, .T. ) ;
#576 = FACE_OUTER_BOUND ( 'NONE', #3710, .T. ) ;
#577 = DIRECTION ( 'NONE',  ( -1.000000000000000000, 0.000000000000000000, 0.000000000000000000 ) ) ;
#578 = ORIENTED_EDGE ( 'NONE', *, *, #2384, .T. ) ;
#579 = CARTESIAN_POINT ( 'NONE',  ( 22.00000000000000711, -700.0000000000000000, 316.7999999999999545 ) ) ;
#580 = DIRECTION ( 'NONE',  ( -2.612425579928799129E-16, 1.000000000000000000, -0.000000000000000000 ) ) ;
#581 = LINE ( 'NONE', #4759, #752 ) ;
#582 = DIRECTION ( 'NONE',  ( 1.927470528863117076E-16, 1.000000000000000000, 0.000000000000000000 ) ) ;
#583 = EDGE_CURVE ( 'NONE', #50, #1370, #535, .T. ) ;
#584 = COORDINATED_UNIVERSAL_TIME_OFFSET ( 8, 0, .AHEAD. ) ;
#585 = DIRECTION ( 'NONE',  ( -1.078968363595709956E-16, 1.000000000000000000, 0.000000000000000000 ) ) ;
#586 = LINE ( 'NONE', #1738, #21 ) ;
#587 = DIRECTION ( 'NONE',  ( 0.000000000000000000, 0.000000000000000000, 1.000000000000000000 ) ) ;
#588 = APPROVAL_STATUS ( 'not_yet_approved' ) ;
#589 = CARTESIAN_POINT ( 'NONE',  ( 442.5000000000000568, -664.0000000000000000, 169.4694162470165395 ) ) ;
#590 = LINE ( 'NONE', #4506, #4593 ) ;
#591 = AXIS2_PLACEMENT_3D ( 'NONE', #3549, #1713, #2836 ) ;
#592 = CARTESIAN_POINT ( 'NONE',  ( 30.00000000000006750, -548.0000000000000000, 155.0000000000000284 ) ) ;
#593 = LINE ( 'NONE', #2628, #1352 ) ;
#594 = CIRCLE ( 'NONE', #2248, 6.000000000000005329 ) ;
#595 = CARTESIAN_POINT ( 'NONE',  ( 15.90000000000000036, -749.5000000000000000, 310.9499999999999886 ) ) ;
#596 = VERTEX_POINT ( 'NONE', #1545 ) ;
#597 = DIRECTION ( 'NONE',  ( 1.533457216333089173E-16, -1.000000000000000000, 0.000000000000000000 ) ) ;
#598 = DIRECTION ( 'NONE',  ( 0.000000000000000000, 1.000000000000000000, 0.000000000000000000 ) ) ;
#599 = CC_DESIGN_PERSON_AND_ORGANIZATION_ASSIGNMENT ( #1047, #1749, ( #4421 ) ) ;
#600 = APPROVAL_DATE_TIME ( #378, #3678 ) ;
#601 = ORIENTED_EDGE ( 'NONE', *, *, #1563, .F. ) ;
#602 = DIRECTION ( 'NONE',  ( 0.000000000000000000, 0.000000000000000000, 1.000000000000000000 ) ) ;
#603 = CARTESIAN_POINT ( 'NONE',  ( 452.7273738370473097, -667.3296131874510593, 163.0094511272060913 ) ) ;
#604 = DIRECTION ( 'NONE',  ( -0.000000000000000000, -0.000000000000000000, -1.000000000000000000 ) ) ;
#605 = PLANE ( 'NONE',  #784 ) ;
#606 = EDGE_LOOP ( 'NONE', ( #4194, #2851, #1663, #3305 ) ) ;
#607 = VERTEX_POINT ( 'NONE', #70 ) ;
#608 = AXIS2_PLACEMENT_3D ( 'NONE', #2622, #1517, #14 ) ;
#609 = EDGE_CURVE ( 'NONE', #3185, #4630, #773, .T. ) ;
#610 = FACE_OUTER_BOUND ( 'NONE', #990, .T. ) ;
#611 = CARTESIAN_POINT ( 'NONE',  ( 4.000000000000017764, 4.898587196589433536E-16, 120.0000000000000000 ) ) ;
#612 = VECTOR ( 'NONE', #393, 1000.000000000000000 ) ;
#613 = VERTEX_POINT ( 'NONE', #2293 ) ;
#614 = LINE ( 'NONE', #1742, #3280 ) ;
#615 = ORIENTED_EDGE ( 'NONE', *, *, #399, .T. ) ;
#616 = DIRECTION ( 'NONE',  ( -0.000000000000000000, -1.000000000000000000, -0.000000000000000000 ) ) ;
#617 = PERSON_AND_ORGANIZATION_ROLE ( 'creator' ) ;
#618 = VECTOR ( 'NONE', #2058, 1000.000000000000000 ) ;
#619 = AXIS2_PLACEMENT_3D ( 'NONE', #786, #419, #4482 ) ;
#620 = VERTEX_POINT ( 'NONE', #4465 ) ;
#621 = CARTESIAN_POINT ( 'NONE',  ( 449.4768583732330853, -668.0042475197102476, 177.4863105160997634 ) ) ;
#622 = ORIENTED_EDGE ( 'NONE', *, *, #4740, .T. ) ;
#623 = PRODUCT_DEFINITION_SHAPE ( 'NONE', 'NONE',  #4789 ) ;
#624 = DIRECTION ( 'NONE',  ( 0.000000000000000000, 0.000000000000000000, -1.000000000000000000 ) ) ;
#625 = FACE_OUTER_BOUND ( 'NONE', #4328, .T. ) ;
#626 = ORIENTED_EDGE ( 'NONE', *, *, #694, .T. ) ;
#627 = CARTESIAN_POINT ( 'NONE',  ( 449.0000000000001137, 400.0000000000000000, 30.00000000000000000 ) ) ;
#628 = ORIENTED_EDGE ( 'NONE', *, *, #2398, .F. ) ;
#629 = SECURITY_CLASSIFICATION ( '', '', #163 ) ;
#630 = VECTOR ( 'NONE', #2692, 1000.000000000000000 ) ;
#631 = EDGE_CURVE ( 'NONE', #4340, #4729, #4363, .T. ) ;
#632 = VERTEX_POINT ( 'NONE', #373 ) ;
#633 = ORIENTED_EDGE ( 'NONE', *, *, #4, .T. ) ;
#634 = CARTESIAN_POINT ( 'NONE',  ( 457.5000000000000568, -663.9999999999998863, 170.0000000000000284 ) ) ;
#635 = PLANE ( 'NONE',  #4159 ) ;
#636 = CARTESIAN_POINT ( 'NONE',  ( 832.0000000000001137, -170.9999999999998863, 90.00000000000000000 ) ) ;
#637 = PRODUCT_DEFINITION_SHAPE ( 'NONE', 'NONE',  #4792 ) ;
#638 = ORIENTED_EDGE ( 'NONE', *, *, #2192, .F. ) ;
#639 = PERSON_AND_ORGANIZATION_ROLE ( 'design_owner' ) ;
#640 = CC_DESIGN_APPROVAL ( #970, ( #1224 ) ) ;
#641 = EDGE_CURVE ( 'NONE', #4688, #4056, #4066, .T. ) ;
#642 = CARTESIAN_POINT ( 'NONE',  ( 453.3822438508523760, -666.9959640495501390, 163.2891287530533191 ) ) ;
#643 = DIRECTION ( 'NONE',  ( 9.190587952195003339E-17, -1.000000000000000000, 0.000000000000000000 ) ) ;
#644 = CIRCLE ( 'NONE', #4141, 4.000000000000017764 ) ;
#645 = CARTESIAN_POINT ( 'NONE',  ( 449.0000000000001137, -400.0000000000000000, 30.00000000000000000 ) ) ;
#646 = LOCAL_TIME ( 8, 52, 31.00000000000000000, #2266 ) ;
#647 = DIRECTION ( 'NONE',  ( 0.000000000000000000, -1.000000000000000000, 0.000000000000000000 ) ) ;
#648 = ORIENTED_EDGE ( 'NONE', *, *, #4680, .F. ) ;
#649 = EDGE_CURVE ( 'NONE', #3938, #566, #1755, .T. ) ;
#650 = LINE ( 'NONE', #2526, #3548 ) ;
#651 = CARTESIAN_POINT ( 'NONE',  ( 13.20000000000000462, -700.0000000000000000, 316.7999999999999545 ) ) ;
#652 = DIRECTION ( 'NONE',  ( 1.306212789964399565E-16, -1.000000000000000000, -0.000000000000000000 ) ) ;
#653 = LINE ( 'NONE', #2993, #311 ) ;
#654 = CARTESIAN_POINT ( 'NONE',  ( 456.4198857049673848, -664.8784447172854470, 173.8852389615024094 ) ) ;
#655 = DIRECTION ( 'NONE',  ( 1.000000000000000000, 2.612425579928799129E-16, 0.000000000000000000 ) ) ;
#656 = DIRECTION ( 'NONE',  ( -1.000000000000000000, 0.000000000000000000, -0.000000000000000000 ) ) ;
#657 = EDGE_LOOP ( 'NONE', ( #2419, #2991 ) ) ;
#658 = DIRECTION ( 'NONE',  ( 0.000000000000000000, 0.000000000000000000, -1.000000000000000000 ) ) ;
#659 = FACE_BOUND ( 'NONE', #2050, .T. ) ;
#660 = CYLINDRICAL_SURFACE ( 'NONE', #3240, 7.500000000000007105 ) ;
#661 = DATE_AND_TIME ( #1648, #1757 ) ;
#662 = CARTESIAN_POINT ( 'NONE',  ( 5.200000000000006395, -700.0000000000000000, 316.7999999999999545 ) ) ;
#663 = ORIENTED_EDGE ( 'NONE', *, *, #1595, .F. ) ;
#664 = EDGE_LOOP ( 'NONE', ( #2480, #3741 ) ) ;
#665 = CARTESIAN_POINT ( 'NONE',  ( 886.8000000000000682, -50.49999999999992184, 316.7999999999999545 ) ) ;
#666 = SHAPE_REPRESENTATION ( '吊柜16-柜体_吊柜16', ( #2966 ), #2478 ) ;
#667 = VERTEX_POINT ( 'NONE', #2257 ) ;
#668 = CARTESIAN_POINT ( 'NONE',  ( 1140.000000000000000, -777.9999999999998863, 279.9999999999999432 ) ) ;
#669 = ORIENTED_EDGE ( 'NONE', *, *, #3010, .T. ) ;
#670 = EDGE_CURVE ( 'NONE', #1308, #566, #3954, .T. ) ;
#671 = ORIENTED_EDGE ( 'NONE', *, *, #1635, .F. ) ;
#672 = LINE ( 'NONE', #4666, #113 ) ;
#673 = DIRECTION ( 'NONE',  ( -0.000000000000000000, -0.000000000000000000, -1.000000000000000000 ) ) ;
#674 = AXIS2_PLACEMENT_3D ( 'NONE', #3968, #647, #3613 ) ;
#675 = ORIENTED_EDGE ( 'NONE', *, *, #4303, .T. ) ;
#676 = EDGE_CURVE ( 'NONE', #572, #4729, #3108, .T. ) ;
#677 = DIRECTION ( 'NONE',  ( -2.612425579928799129E-16, 1.000000000000000000, -0.000000000000000000 ) ) ;
#678 = LINE ( 'NONE', #4502, #3576 ) ;
#679 = VERTEX_POINT ( 'NONE', #499 ) ;
#680 = DIRECTION ( 'NONE',  ( -1.000000000000000000, -0.000000000000000000, -0.000000000000000000 ) ) ;
#681 = LINE ( 'NONE', #7, #3827 ) ;
#682 = VERTEX_POINT ( 'NONE', #3482 ) ;
#683 = VERTEX_POINT ( 'NONE', #1629 ) ;
#684 = DIRECTION ( 'NONE',  ( -1.000000000000000000, -1.224646799147353207E-16, 0.000000000000000000 ) ) ;
#685 = DIRECTION ( 'NONE',  ( -1.000000000000000000, 0.000000000000000000, 0.000000000000000000 ) ) ;
#686 = VERTEX_POINT ( 'NONE', #120 ) ;
#687 = DIRECTION ( 'NONE',  ( 0.000000000000000000, 1.000000000000000000, 0.000000000000000000 ) ) ;
#688 = ORIENTED_EDGE ( 'NONE', *, *, #1313, .T. ) ;
#689 = CARTESIAN_POINT ( 'NONE',  ( 870.0000000000000000, -50.49999999999992184, 300.0000000000000000 ) ) ;
#690 = LINE ( 'NONE', #4058, #1335 ) ;
#691 = ORIENTED_EDGE ( 'NONE', *, *, #2479, .F. ) ;
#692 = DIRECTION ( 'NONE',  ( 0.000000000000000000, 0.000000000000000000, 1.000000000000000000 ) ) ;
#693 = CC_DESIGN_APPROVAL ( #4269, ( #3778 ) ) ;
#694 = EDGE_CURVE ( 'NONE', #174, #2952, #2754, .T. ) ;
#695 = ORGANIZATION ( 'NAUO-ORG7', 'UNSPECIFIED', 'UNSPECIFIED' ) ;
#696 = VERTEX_POINT ( 'NONE', #3446 ) ;
#697 = CARTESIAN_POINT ( 'NONE',  ( 442.5000000000000000, -672.9999999999998863, 170.0000000000000284 ) ) ;
#698 = ORIENTED_EDGE ( 'NONE', *, *, #3722, .F. ) ;
#699 = CIRCLE ( 'NONE', #2488, 9.000000000000007105 ) ;
#700 = EDGE_CURVE ( 'NONE', #4630, #2138, #1639, .T. ) ;
#701 = CARTESIAN_POINT ( 'NONE',  ( 449.0000000000001137, -400.0000000000000000, 0.000000000000000000 ) ) ;
#702 = DIRECTION ( 'NONE',  ( 0.000000000000000000, -1.000000000000000000, 0.000000000000000000 ) ) ;
#703 = CARTESIAN_POINT ( 'NONE',  ( 500.0000000000001137, -672.9999999999998863, 170.0000000000000284 ) ) ;
#704 = CARTESIAN_POINT ( 'NONE',  ( 98.00000000000004263, -270.9999999999998863, 249.9999999999999716 ) ) ;
#705 = LINE ( 'NONE', #3323, #1520 ) ;
#706 = EDGE_CURVE ( 'NONE', #464, #2949, #880, .T. ) ;
#707 = FACE_BOUND ( 'NONE', #3019, .T. ) ;
#708 = CARTESIAN_POINT ( 'NONE',  ( -28.00000000000005684, -300.0000000000000000, 27.00000000000000000 ) ) ;
#709 = PRODUCT_DEFINITION_SHAPE ( 'NONE', 'NONE',  #2383 ) ;
#710 = FACE_OUTER_BOUND ( 'NONE', #357, .T. ) ;
#711 = VECTOR ( 'NONE', #1341, 1000.000000000000000 ) ;
#712 = CARTESIAN_POINT ( 'NONE',  ( -28.00000000000005684, -300.0000000000000000, 22.00000000000000000 ) ) ;
#713 = LOCAL_TIME ( 8, 52, 31.00000000000000000, #1698 ) ;
#714 = PRODUCT ( '吊柜16', '吊柜16', '', ( #4339 ) ) ;
#715 = VERTEX_POINT ( 'NONE', #1613 ) ;
#716 = EDGE_LOOP ( 'NONE', ( #2818, #1312, #3979, #1361 ) ) ;
#717 = DIRECTION ( 'NONE',  ( 1.000000000000000000, 0.000000000000000000, 0.000000000000000000 ) ) ;
#718 = CARTESIAN_POINT ( 'NONE',  ( 449.0000000000001137, 400.0000000000000000, 0.000000000000000000 ) ) ;
#719 = PLANE ( 'NONE',  #4628 ) ;
#720 = PLANE ( 'NONE',  #488 ) ;
#721 = EDGE_LOOP ( 'NONE', ( #2129, #1625, #4521, #4025 ) ) ;
#722 = EDGE_CURVE ( 'NONE', #3403, #3105, #30, .T. ) ;
#723 = DIRECTION ( 'NONE',  ( 0.000000000000000000, 0.000000000000000000, 1.000000000000000000 ) ) ;
#724 = VERTEX_POINT ( 'NONE', #3096 ) ;
#725 = CYLINDRICAL_SURFACE ( 'NONE', #1915, 15.00000000000000000 ) ;
#726 = FACE_OUTER_BOUND ( 'NONE', #1063, .T. ) ;
#727 = CARTESIAN_POINT ( 'NONE',  ( 22.00000000000000711, -50.50000000000002842, 324.7999999999999545 ) ) ;
#728 = ORIENTED_EDGE ( 'NONE', *, *, #3480, .T. ) ;
#729 = CARTESIAN_POINT ( 'NONE',  ( 15.90000000000000036, -100.0000000000000284, 310.9499999999999886 ) ) ;
#730 = EDGE_CURVE ( 'NONE', #4570, #554, #2106, .T. ) ;
#731 = VECTOR ( 'NONE', #3220, 1000.000000000000000 ) ;
#732 = LINE ( 'NONE', #1579, #2602 ) ;
#733 = ORIENTED_EDGE ( 'NONE', *, *, #3873, .T. ) ;
#734 = DIRECTION ( 'NONE',  ( 2.612425579928799129E-16, -1.000000000000000000, -0.000000000000000000 ) ) ;
#735 = CARTESIAN_POINT ( 'NONE',  ( 15.90000000000000036, -749.5000000000000000, 316.0000000000000000 ) ) ;
#736 = EDGE_CURVE ( 'NONE', #1323, #3531, #3319, .T. ) ;
#737 = VECTOR ( 'NONE', #1318, 1000.000000000000000 ) ;
#738 = EDGE_LOOP ( 'NONE', ( #1727, #1088, #633, #2776 ) ) ;
#739 = DIRECTION ( 'NONE',  ( 0.000000000000000000, 0.000000000000000000, 1.000000000000000000 ) ) ;
#740 = ORIENTED_EDGE ( 'NONE', *, *, #3692, .T. ) ;
#741 = CARTESIAN_POINT ( 'NONE',  ( 403.0000000000001137, -672.9999999999998863, 170.0000000000000284 ) ) ;
#742 = ORIENTED_EDGE ( 'NONE', *, *, #1936, .F. ) ;
#743 = ORIENTED_EDGE ( 'NONE', *, *, #3892, .T. ) ;
#744 = CARTESIAN_POINT ( 'NONE',  ( 894.8000000000000682, -99.99999999999992895, 300.0000000000000000 ) ) ;
#745 = DIRECTION ( 'NONE',  ( -1.000000000000000000, -0.000000000000000000, -1.137523590804461357E-16 ) ) ;
#746 = VECTOR ( 'NONE', #2659, 1000.000000000000000 ) ;
#747 = ORIENTED_EDGE ( 'NONE', *, *, #2672, .F. ) ;
#748 = EDGE_LOOP ( 'NONE', ( #2676, #3174 ) ) ;
#749 = AXIS2_PLACEMENT_3D ( 'NONE', #2775, #2039, #4685 ) ;
#750 = CARTESIAN_POINT ( 'NONE',  ( 15.90000000000005720, 350.0000000000000000, 20.90000000000000213 ) ) ;
#751 = DIRECTION ( 'NONE',  ( 0.000000000000000000, -1.000000000000000000, 0.000000000000000000 ) ) ;
#752 = VECTOR ( 'NONE', #347, 1000.000000000000000 ) ;
#753 = ORIENTED_EDGE ( 'NONE', *, *, #4460, .T. ) ;
#754 = CARTESIAN_POINT ( 'NONE',  ( 22.00000000000000711, -50.50000000000002842, 316.7999999999999545 ) ) ;
#755 = FACE_OUTER_BOUND ( 'NONE', #3124, .T. ) ;
#756 = CC_DESIGN_PERSON_AND_ORGANIZATION_ASSIGNMENT ( #823, #4654, ( #3003 ) ) ;
#757 = DIRECTION ( 'NONE',  ( 0.000000000000000000, 0.000000000000000000, -1.000000000000000000 ) ) ;
#758 = DIRECTION ( 'NONE',  ( 1.000000000000000000, 1.306212789964399565E-16, -0.000000000000000000 ) ) ;
#759 = LOCAL_TIME ( 8, 52, 31.00000000000000000, #79 ) ;
#760 = VECTOR ( 'NONE', #1587, 1000.000000000000000 ) ;
#761 = ADVANCED_FACE ( 'NONE', ( #768 ), #569, .T. ) ;
#762 = COORDINATED_UNIVERSAL_TIME_OFFSET ( 8, 0, .AHEAD. ) ;
#763 = AXIS2_PLACEMENT_3D ( 'NONE', #3421, #1929, #1186 ) ;
#764 = EDGE_CURVE ( 'NONE', #1057, #4047, #986, .T. ) ;
#765 = CARTESIAN_POINT ( 'NONE',  ( 894.8000000000000682, -50.49999999999992184, 316.7999999999999545 ) ) ;
#766 = CARTESIAN_POINT ( 'NONE',  ( 403.0000000000001137, -672.9999999999998863, 170.0000000000000284 ) ) ;
#767 = CARTESIAN_POINT ( 'NONE',  ( 1140.000000000000000, -777.9999999999998863, 279.9999999999999432 ) ) ;
#768 = FACE_OUTER_BOUND ( 'NONE', #1704, .T. ) ;
#769 = LINE ( 'NONE', #2143, #4599 ) ;
#770 = LOCAL_TIME ( 8, 52, 31.00000000000000000, #3254 ) ;
#771 = ORIENTED_EDGE ( 'NONE', *, *, #4051, .F. ) ;
#772 = LINE ( 'NONE', #1767, #4369 ) ;
#773 = LINE ( 'NONE', #4476, #3449 ) ;
#774 = DIRECTION ( 'NONE',  ( 0.000000000000000000, -1.000000000000000000, 0.000000000000000000 ) ) ;
#775 = CARTESIAN_POINT ( 'NONE',  ( 15.90000000000005720, 398.5000000000000000, 15.90000000000000036 ) ) ;
#776 = VECTOR ( 'NONE', #4547, 1000.000000000000000 ) ;
#777 = ORIENTED_EDGE ( 'NONE', *, *, #1861, .T. ) ;
#778 = AXIS2_PLACEMENT_3D ( 'NONE', #3347, #4761, #2926 ) ;
#779 = EDGE_LOOP ( 'NONE', ( #3823, #1554, #3225, #1965, #4082 ) ) ;
#780 = CARTESIAN_POINT ( 'NONE',  ( 68.00000000000005684, -170.9999999999999716, 90.00000000000000000 ) ) ;
#781 = ORIENTED_EDGE ( 'NONE', *, *, #4680, .T. ) ;
#782 = ORIENTED_EDGE ( 'NONE', *, *, #2165, .T. ) ;
#783 = CARTESIAN_POINT ( 'NONE',  ( 1140.000000000000000, -777.9999999999998863, 279.9999999999999432 ) ) ;
#784 = AXIS2_PLACEMENT_3D ( 'NONE', #4293, #4658, #3190 ) ;
#785 = VECTOR ( 'NONE', #228, 1000.000000000000000 ) ;
#786 = CARTESIAN_POINT ( 'NONE',  ( 802.0000000000000000, -170.9999999999999716, -0.001000000000001000089 ) ) ;
#787 = CYLINDRICAL_SURFACE ( 'NONE', #3615, 5.049999999999998934 ) ;
#788 = ADVANCED_FACE ( 'NONE', ( #1859 ), #374, .F. ) ;
#789 = CARTESIAN_POINT ( 'NONE',  ( -5.000000000000000000, 0.000000000000000000, 120.0000000000000000 ) ) ;
#790 = VECTOR ( 'NONE', #2983, 1000.000000000000000 ) ;
#791 = AXIS2_PLACEMENT_3D ( 'NONE', #775, #63, #3816 ) ;
#792 = DIRECTION ( 'NONE',  ( 0.000000000000000000, 0.000000000000000000, 1.000000000000000000 ) ) ;
#793 = VERTEX_POINT ( 'NONE', #1778 ) ;
#794 = EDGE_CURVE ( 'NONE', #2718, #464, #428, .T. ) ;
#795 = ORIENTED_EDGE ( 'NONE', *, *, #4671, .T. ) ;
#796 = LINE ( 'NONE', #4754, #4511 ) ;
#797 = CARTESIAN_POINT ( 'NONE',  ( 869.9999999999998863, -778.0000000000000000, 2.000000000000000000 ) ) ;
#798 = ORIENTED_EDGE ( 'NONE', *, *, #3805, .T. ) ;
#799 = ORIENTED_EDGE ( 'NONE', *, *, #816, .F. ) ;
#800 = EDGE_CURVE ( 'NONE', #2472, #2604, #1353, .T. ) ;
#801 = DIRECTION ( 'NONE',  ( 0.000000000000000000, 0.000000000000000000, 1.000000000000000000 ) ) ;
#802 = CARTESIAN_POINT ( 'NONE',  ( 870.0000000000002274, -749.5000000000000000, 300.0000000000000000 ) ) ;
#803 = VERTEX_POINT ( 'NONE', #3953 ) ;
#804 = ORIENTED_EDGE ( 'NONE', *, *, #2192, .T. ) ;
#805 = ADVANCED_FACE ( 'NONE', ( #4606 ), #965, .T. ) ;
#806 = EDGE_LOOP ( 'NONE', ( #3473, #2953, #2734, #4513 ) ) ;
#807 = UNCERTAINTY_MEASURE_WITH_UNIT (LENGTH_MEASURE( 1.000000000000000082E-05 ), #3868, 'distance_accuracy_value', 'NONE');
#808 = DIRECTION ( 'NONE',  ( 0.000000000000000000, 0.000000000000000000, 1.000000000000000000 ) ) ;
#809 = LOCAL_TIME ( 8, 52, 31.00000000000000000, #1632 ) ;
#810 = ADVANCED_FACE ( 'NONE', ( #940 ), #258, .T. ) ;
#811 = EDGE_CURVE ( 'NONE', #4317, #2380, #2216, .T. ) ;
#812 = FACE_OUTER_BOUND ( 'NONE', #209, .T. ) ;
#813 = DIRECTION ( 'NONE',  ( -0.000000000000000000, 1.000000000000000000, -0.000000000000000000 ) ) ;
#814 = AXIS2_PLACEMENT_3D ( 'NONE', #3327, #1849, #3086 ) ;
#815 = PERSON_AND_ORGANIZATION_ROLE ( 'classification_officer' ) ;
#816 = EDGE_CURVE ( 'NONE', #3764, #528, #1803, .T. ) ;
#817 = CARTESIAN_POINT ( 'NONE',  ( 886.8000000000002956, -749.5000000000000000, 324.7999999999999545 ) ) ;
#818 = ADVANCED_FACE ( 'NONE', ( #3443 ), #1169, .T. ) ;
#819 = LINE ( 'NONE', #3807, #3673 ) ;
#820 = CARTESIAN_POINT ( 'NONE',  ( 884.1000000000000227, -50.49999999999992184, 316.0000000000000000 ) ) ;
#821 = EDGE_CURVE ( 'NONE', #1753, #4224, #4126, .T. ) ;
#822 = CARTESIAN_POINT ( 'NONE',  ( 15.90000000000005720, -398.5000000000000000, 15.90000000000000036 ) ) ;
#823 = PERSON_AND_ORGANIZATION ( #1525, #4321 ) ;
#824 = DIRECTION ( 'NONE',  ( -9.190587952195003339E-17, 1.000000000000000000, -1.228122814850837064E-16 ) ) ;
#825 = ORIENTED_EDGE ( 'NONE', *, *, #2416, .T. ) ;
#826 = DIRECTION ( 'NONE',  ( 0.000000000000000000, 0.000000000000000000, -1.000000000000000000 ) ) ;
#827 = LOCAL_TIME ( 8, 52, 31.00000000000000000, #3798 ) ;
#828 = ADVANCED_FACE ( 'NONE', ( #92 ), #3203, .F. ) ;
#829 = CARTESIAN_POINT ( 'NONE',  ( 894.8000000000002956, -749.5000000000000000, 316.7999999999999545 ) ) ;
#830 = ORIENTED_EDGE ( 'NONE', *, *, #1396, .T. ) ;
#831 = VECTOR ( 'NONE', #2802, 1000.000000000000000 ) ;
#832 = DIRECTION ( 'NONE',  ( 0.000000000000000000, 0.000000000000000000, 1.000000000000000000 ) ) ;
#833 = PERSON_AND_ORGANIZATION_ROLE ( 'classification_officer' ) ;
#834 = CARTESIAN_POINT ( 'NONE',  ( 68.00000000000005684, -170.9999999999999716, 90.00000000000000000 ) ) ;
#835 = ORIENTED_EDGE ( 'NONE', *, *, #4024, .F. ) ;
#836 = DIRECTION ( 'NONE',  ( -0.000000000000000000, -0.000000000000000000, 1.000000000000000000 ) ) ;
#837 = FACE_OUTER_BOUND ( 'NONE', #1079, .T. ) ;
#838 = LINE ( 'NONE', #4026, #1310 ) ;
#839 = ORIENTED_EDGE ( 'NONE', *, *, #4251, .T. ) ;
#840 = CARTESIAN_POINT ( 'NONE',  ( 15.90000000000000036, -50.50000000000002842, 316.0000000000000000 ) ) ;
#841 = DIRECTION ( 'NONE',  ( -1.000000000000000000, -2.612425579928799129E-16, 0.000000000000000000 ) ) ;
#842 = LINE ( 'NONE', #1300, #1488 ) ;
#843 = CARTESIAN_POINT ( 'NONE',  ( 870.0000000000000000, -18.00000000000000000, 300.0000000000000000 ) ) ;
#844 = EDGE_LOOP ( 'NONE', ( #4695, #4070, #2408, #1807 ) ) ;
#845 = DIRECTION ( 'NONE',  ( 0.000000000000000000, 0.000000000000000000, -1.000000000000000000 ) ) ;
#846 = CC_DESIGN_PERSON_AND_ORGANIZATION_ASSIGNMENT ( #4259, #573, ( #1183 ) ) ;
#847 = EDGE_CURVE ( 'NONE', #962, #2476, #3260, .T. ) ;
#848 = DIRECTION ( 'NONE',  ( 0.000000000000000000, 1.000000000000000000, -0.000000000000000000 ) ) ;
#849 = LINE ( 'NONE', #2041, #3697 ) ;
#850 = PERSON_AND_ORGANIZATION_ROLE ( 'classification_officer' ) ;
#851 = ORIENTED_EDGE ( 'NONE', *, *, #4549, .F. ) ;
#852 = ORIENTED_EDGE ( 'NONE', *, *, #609, .F. ) ;
#853 = DIRECTION ( 'NONE',  ( -1.000000000000000000, -0.000000000000000000, -0.000000000000000000 ) ) ;
#854 = DIRECTION ( 'NONE',  ( -2.612425579928799129E-16, 1.000000000000000000, 0.000000000000000000 ) ) ;
#855 = EDGE_CURVE ( 'NONE', #3317, #667, #4190, .T. ) ;
#856 = VECTOR ( 'NONE', #1162, 1000.000000000000000 ) ;
#857 = EDGE_LOOP ( 'NONE', ( #234, #3214, #4046, #3961 ) ) ;
#858 = VERTEX_POINT ( 'NONE', #3476 ) ;
#859 = ADVANCED_FACE ( 'NONE', ( #4312, #260 ), #1332, .F. ) ;
#860 = CARTESIAN_POINT ( 'NONE',  ( -28.00000000000005684, 350.0000000000000000, 27.00000000000000000 ) ) ;
#861 = CARTESIAN_POINT ( 'NONE',  ( 5.200000000000002842, -749.5000000000000000, 300.0000000000000000 ) ) ;
#862 = CARTESIAN_POINT ( 'NONE',  ( 30.00000000000000355, -749.5000000000000000, 300.0000000000000000 ) ) ;
#863 = ORIENTED_EDGE ( 'NONE', *, *, #4343, .F. ) ;
#864 = ORIENTED_EDGE ( 'NONE', *, *, #2719, .T. ) ;
#865 =( LENGTH_UNIT ( ) NAMED_UNIT ( * ) SI_UNIT ( .MILLI., .METRE. ) );
#866 = LINE ( 'NONE', #3599, #3426 ) ;
#867 = DIRECTION ( 'NONE',  ( 0.000000000000000000, 1.000000000000000000, 0.000000000000000000 ) ) ;
#868 = DIRECTION ( 'NONE',  ( 0.000000000000000000, 0.000000000000000000, -1.000000000000000000 ) ) ;
#869 = AXIS2_PLACEMENT_3D ( 'NONE', #1277, #4597, #2388 ) ;
#870 = ADVANCED_FACE ( 'NONE', ( #546, #2345 ), #2690, .T. ) ;
#871 = APPROVAL_PERSON_ORGANIZATION ( #2156, #970, #1954 ) ;
#872 = CARTESIAN_POINT ( 'NONE',  ( 15.90000000000000036, -100.0000000000000284, 321.0500000000000114 ) ) ;
#873 = DIRECTION ( 'NONE',  ( -1.000000000000000000, 0.000000000000000000, -0.000000000000000000 ) ) ;
#874 = CC_DESIGN_PERSON_AND_ORGANIZATION_ASSIGNMENT ( #4553, #969, ( #4749 ) ) ;
#875 = EDGE_CURVE ( 'NONE', #278, #2113, #1231, .T. ) ;
#876 = FACE_OUTER_BOUND ( 'NONE', #2311, .T. ) ;
#877 = COORDINATED_UNIVERSAL_TIME_OFFSET ( 8, 0, .AHEAD. ) ;
#878 = DIRECTION ( 'NONE',  ( 1.000000000000000000, 1.306212789964399565E-16, -0.000000000000000000 ) ) ;
#879 = DIRECTION ( 'NONE',  ( -0.000000000000000000, -0.000000000000000000, -1.000000000000000000 ) ) ;
#880 = LINE ( 'NONE', #1982, #1747 ) ;
#881 = DIRECTION ( 'NONE',  ( 0.000000000000000000, 0.000000000000000000, -1.000000000000000000 ) ) ;
#882 = CIRCLE ( 'NONE', #2885, 5.000000000000000888 ) ;
#883 = CC_DESIGN_APPROVAL ( #335, ( #3814 ) ) ;
#884 = PERSON_AND_ORGANIZATION ( #1525, #4321 ) ;
#885 = AXIS2_PLACEMENT_3D ( 'NONE', #2193, #4036, #4532 ) ;
#886 =( REPRESENTATION_RELATIONSHIP ('NONE','NONE', #2701, #1013 ) REPRESENTATION_RELATIONSHIP_WITH_TRANSFORMATION ( #2977 )SHAPE_REPRESENTATION_RELATIONSHIP( ) );
#887 = EDGE_CURVE ( 'NONE', #3854, #2141, #594, .T. ) ;
#888 = ORIENTED_EDGE ( 'NONE', *, *, #1196, .F. ) ;
#889 = LINE ( 'NONE', #2683, #4718 ) ;
#890 = VECTOR ( 'NONE', #3704, 1000.000000000000000 ) ;
#891 = ORIENTED_EDGE ( 'NONE', *, *, #2910, .T. ) ;
#892 = CYLINDRICAL_SURFACE ( 'NONE', #2278, 5.049999999999998934 ) ;
#893 = ORIENTED_EDGE ( 'NONE', *, *, #2886, .T. ) ;
#894 = EDGE_CURVE ( 'NONE', #3770, #3396, #3380, .T. ) ;
#895 = PLANE ( 'NONE',  #3771 ) ;
#896 = DIRECTION ( 'NONE',  ( -1.387778780781445676E-16, 1.000000000000000000, -0.000000000000000000 ) ) ;
#897 = CARTESIAN_POINT ( 'NONE',  ( 98.00000000000004263, -573.0000000000000000, 99.99999999999998579 ) ) ;
#898 = VERTEX_POINT ( 'NONE', #1484 ) ;
#899 = MANIFOLD_SOLID_BREP ( '切除-拉伸5', #1343 ) ;
#900 = CARTESIAN_POINT ( 'NONE',  ( -295.1813204887218376, 239.1428571428571388, 153.6000000000000227 ) ) ;
#901 = ADVANCED_FACE ( 'NONE', ( #3508 ), #1646, .T. ) ;
#902 = EDGE_LOOP ( 'NONE', ( #2665, #2535, #2760, #1883 ) ) ;
#903 =( REPRESENTATION_RELATIONSHIP ('NONE','NONE', #2701, #1013 ) REPRESENTATION_RELATIONSHIP_WITH_TRANSFORMATION ( #1683 )SHAPE_REPRESENTATION_RELATIONSHIP( ) );
#904 = CARTESIAN_POINT ( 'NONE',  ( 900.0000000000001137, -800.0000000000000000, 0.000000000000000000 ) ) ;
#905 = LINE ( 'NONE', #4114, #3755 ) ;
#906 = CARTESIAN_POINT ( 'NONE',  ( 30.00000000000009237, -778.0000000000000000, 1140.192835008725751 ) ) ;
#907 = EDGE_LOOP ( 'NONE', ( #2946, #2840, #350, #1501 ) ) ;
#908 = ORIENTED_EDGE ( 'NONE', *, *, #1221, .F. ) ;
#909 = LINE ( 'NONE', #2260, #3762 ) ;
#910 = CARTESIAN_POINT ( 'NONE',  ( 15.90000000000005720, -350.0000000000000000, 20.90000000000000213 ) ) ;
#911 = DIRECTION ( 'NONE',  ( -1.000000000000000000, -0.000000000000000000, -0.000000000000000000 ) ) ;
#912 = ORIENTED_EDGE ( 'NONE', *, *, #1877, .F. ) ;
#913 = DIRECTION ( 'NONE',  ( -0.4810449184728148309, 0.000000000000000000, 0.8766959486683413294 ) ) ;
#914 = CIRCLE ( 'NONE', #2627, 6.450000000000001066 ) ;
#915 = ORIENTED_EDGE ( 'NONE', *, *, #169, .T. ) ;
#916 = EDGE_CURVE ( 'NONE', #4619, #2142, #1052, .T. ) ;
#917 = ORIENTED_EDGE ( 'NONE', *, *, #2655, .T. ) ;
#918 = CARTESIAN_POINT ( 'NONE',  ( 22.00000000000000711, -749.5000000000000000, 316.7999999999999545 ) ) ;
#919 = VERTEX_POINT ( 'NONE', #3032 ) ;
#920 = DIRECTION ( 'NONE',  ( 0.000000000000000000, 0.000000000000000000, -1.000000000000000000 ) ) ;
#921 = EDGE_LOOP ( 'NONE', ( #2015, #2654, #2666, #3066 ) ) ;
#922 = AXIS2_PLACEMENT_3D ( 'NONE', #4451, #4043, #723 ) ;
#923 = EDGE_CURVE ( 'NONE', #4353, #2982, #2649, .T. ) ;
#924 = EDGE_LOOP ( 'NONE', ( #2900, #3522, #1719, #891 ) ) ;
#925 = DIRECTION ( 'NONE',  ( -0.000000000000000000, 0.000000000000000000, 1.000000000000000000 ) ) ;
#926 = ORIENTED_EDGE ( 'NONE', *, *, #3039, .F. ) ;
#927 = CARTESIAN_POINT ( 'NONE',  ( 15.90000000000005720, -398.5000000000000000, 22.40000000000000568 ) ) ;
#928 = DIRECTION ( 'NONE',  ( -1.000000000000000000, -0.000000000000000000, -0.000000000000000000 ) ) ;
#929 = ORIENTED_EDGE ( 'NONE', *, *, #2974, .F. ) ;
#930 = AXIS2_PLACEMENT_3D ( 'NONE', #3970, #305, #2155 ) ;
#931 = CARTESIAN_POINT ( 'NONE',  ( 884.1000000000002501, -749.5000000000000000, 316.0000000000000000 ) ) ;
#932 = CIRCLE ( 'NONE', #1446, 5.049999999999998934 ) ;
#933 = CARTESIAN_POINT ( 'NONE',  ( 15.90000000000005720, 398.5000000000000000, 9.399999999999995026 ) ) ;
#934 = CARTESIAN_POINT ( 'NONE',  ( 30.00000000000000355, -18.00000000000000000, 300.0000000000000000 ) ) ;
#935 = LOCAL_TIME ( 8, 52, 31.00000000000000000, #1164 ) ;
#936 = CARTESIAN_POINT ( 'NONE',  ( 98.00000000000007105, -573.0000000000000000, 90.00000000000005684 ) ) ;
#937 = CC_DESIGN_APPROVAL ( #453, ( #2705 ) ) ;
#938 = EDGE_CURVE ( 'NONE', #793, #1606, #1919, .T. ) ;
#939 = VECTOR ( 'NONE', #2583, 1000.000000000000000 ) ;
#940 = FACE_OUTER_BOUND ( 'NONE', #3572, .T. ) ;
#941 = APPLICATION_CONTEXT ( 'configuration controlled 3d designs of mechanical parts and assemblies' ) ;
#942 = DATE_AND_TIME ( #4011, #3210 ) ;
#943 = CARTESIAN_POINT ( 'NONE',  ( 445.4497781634663056, -666.2644324803781046, 164.0201427337408688 ) ) ;
#944 = VERTEX_POINT ( 'NONE', #4517 ) ;
#945 = EDGE_CURVE ( 'NONE', #3234, #3764, #4486, .T. ) ;
#946 = ORIENTED_EDGE ( 'NONE', *, *, #2250, .T. ) ;
#947 = ORIENTED_EDGE ( 'NONE', *, *, #2038, .F. ) ;
#948 = EDGE_CURVE ( 'NONE', #2949, #4481, #2928, .T. ) ;
#949 = CARTESIAN_POINT ( 'NONE',  ( 98.00000000000004263, -170.9999999999999716, 90.00000000000000000 ) ) ;
#950 = CARTESIAN_POINT ( 'NONE',  ( 884.1000000000002501, -700.0000000000000000, 316.0000000000000000 ) ) ;
#951 = CIRCLE ( 'NONE', #1589, 5.049999999999998934 ) ;
#952 = LINE ( 'NONE', #331, #2302 ) ;
#953 = APPLICATION_PROTOCOL_DEFINITION ( 'international standard', 'config_control_design', 1994, #2451 ) ;
#954 = VERTEX_POINT ( 'NONE', #4501 ) ;
#955 = AXIS2_PLACEMENT_3D ( 'NONE', #1562, #513, #3113 ) ;
#956 = DIRECTION ( 'NONE',  ( -2.065146995210486914E-16, 0.000000000000000000, -1.000000000000000000 ) ) ;
#957 = LINE ( 'NONE', #1166, #4507 ) ;
#958 = APPROVAL_STATUS ( 'not_yet_approved' ) ;
#959 = ORIENTED_EDGE ( 'NONE', *, *, #3709, .F. ) ;
#960 = DIRECTION ( 'NONE',  ( 1.000000000000000000, 1.306212789964399565E-16, 0.000000000000000000 ) ) ;
#961 = DIRECTION ( 'NONE',  ( 2.612425579928799129E-16, -1.000000000000000000, -0.000000000000000000 ) ) ;
#962 = VERTEX_POINT ( 'NONE', #1549 ) ;
#963 = ORIENTED_EDGE ( 'NONE', *, *, #700, .F. ) ;
#964 = EDGE_CURVE ( 'NONE', #4729, #274, #4653, .T. ) ;
#965 = PLANE ( 'NONE',  #4242 ) ;
#966 = VECTOR ( 'NONE', #1874, 1000.000000000000000 ) ;
#967 = VERTEX_POINT ( 'NONE', #4537 ) ;
#968 = ORIENTED_EDGE ( 'NONE', *, *, #1324, .T. ) ;
#969 = PERSON_AND_ORGANIZATION_ROLE ( 'design_owner' ) ;
#970 = APPROVAL ( #2741, 'UNKNOWN' ) ;
#971 = AXIS2_PLACEMENT_3D ( 'NONE', #1320, #2446, #4669 ) ;
#972 = EDGE_CURVE ( 'NONE', #3558, #2195, #819, .T. ) ;
#973 = CARTESIAN_POINT ( 'NONE',  ( 457.4999999999999432, -663.9999999999997726, 169.4740429603616576 ) ) ;
#974 = VERTEX_POINT ( 'NONE', #201 ) ;
#975 = EDGE_LOOP ( 'NONE', ( #628, #1780, #4316, #2105, #2366, #4515, #669, #1839, #1076, #2945, #3806, #3084, #119, #2386, #13, #1434, #1588, #4462, #1238, #433, #2430, #2693, #3681, #1425 ) ) ;
#976 = CARTESIAN_POINT ( 'NONE',  ( -0.001999999999960366814, -367.0000000000000568, 185.0000000000000568 ) ) ;
#977 = VECTOR ( 'NONE', #1395, 1000.000000000000000 ) ;
#978 = EDGE_CURVE ( 'NONE', #3349, #1416, #2530, .T. ) ;
#979 = CYLINDRICAL_SURFACE ( 'NONE', #2948, 5.000000000000000000 ) ;
#980 = CARTESIAN_POINT ( 'NONE',  ( -5.000000000000000000, 0.000000000000000000, 119.0000000000000142 ) ) ;
#981 = APPROVAL_ROLE ( '' ) ;
#982 = VECTOR ( 'NONE', #3715, 1000.000000000000000 ) ;
#983 = CONTEXT_DEPENDENT_SHAPE_REPRESENTATION ( #2750, #1853 ) ;
#984 = AXIS2_PLACEMENT_3D ( 'NONE', #4664, #2458, #3900 ) ;
#985 = DIRECTION ( 'NONE',  ( 0.000000000000000000, 0.000000000000000000, 1.000000000000000000 ) ) ;
#986 = LINE ( 'NONE', #210, #2865 ) ;
#987 = VECTOR ( 'NONE', #3650, 1000.000000000000000 ) ;
#988 = CARTESIAN_POINT ( 'NONE',  ( 403.0000000000001137, -672.9999999999998863, 170.0000000000000284 ) ) ;
#989 = CALENDAR_DATE ( 2026, 5, 6 ) ;
#990 = EDGE_LOOP ( 'NONE', ( #3028, #4490, #1362, #3930 ) ) ;
#991 = CARTESIAN_POINT ( 'NONE',  ( 0.000000000000000000, 0.000000000000000000, 0.000000000000000000 ) ) ;
#992 = CC_DESIGN_APPROVAL ( #2246, ( #3003 ) ) ;
#993 = APPROVAL_PERSON_ORGANIZATION ( #3453, #1594, #981 ) ;
#994 = ORIENTED_EDGE ( 'NONE', *, *, #2816, .F. ) ;
#995 = APPROVAL_STATUS ( 'not_yet_approved' ) ;
#996 = VERTEX_POINT ( 'NONE', #2299 ) ;
#997 = CARTESIAN_POINT ( 'NONE',  ( 442.7159208408170912, -664.1791774652461982, 168.1947876591587203 ) ) ;
#998 = CARTESIAN_POINT ( 'NONE',  ( 894.8000000000000682, -50.49999999999992184, 316.7999999999999545 ) ) ;
#999 = LINE ( 'NONE', #1232, #1532 ) ;
#1000 = AXIS2_PLACEMENT_3D ( 'NONE', #931, #580, #3597 ) ;
#1001 = EDGE_CURVE ( 'NONE', #3819, #4447, #4370, .T. ) ;
#1002 = CARTESIAN_POINT ( 'NONE',  ( 500.0000000000001137, -678.9999999999998863, 170.0000000000000284 ) ) ;
#1003 = CIRCLE ( 'NONE', #1284, 8.000000000000007105 ) ;
#1004 = PLANE ( 'NONE',  #2771 ) ;
#1005 = ORIENTED_EDGE ( 'NONE', *, *, #3820, .T. ) ;
#1006 = VECTOR ( 'NONE', #3515, 1000.000000000000000 ) ;
#1007 = VECTOR ( 'NONE', #2103, 1000.000000000000000 ) ;
#1008 = CARTESIAN_POINT ( 'NONE',  ( 802.0000000000000000, -250.9999999999999432, 239.9999999999999716 ) ) ;
#1009 = CIRCLE ( 'NONE', #2343, 6.500000000000005329 ) ;
#1010 = CARTESIAN_POINT ( 'NONE',  ( 802.0000000000000000, -603.0000000000000000, 99.99999999999998579 ) ) ;
#1011 = ORIENTED_EDGE ( 'NONE', *, *, #4497, .F. ) ;
#1012 = PRODUCT_DEFINITION_SHAPE ( 'NONE', 'NONE',  #4786 ) ;
#1013 = SHAPE_REPRESENTATION ( '定位销', ( #2966 ), #3707 ) ;
#1014 = PERSON ( 'NAUO-PER6', 'UNSPECIFIED', 'UNSPECIFIED', ('UNSPECIFIED'), ('UNSPECIFIED'), ('UNSPECIFIED') ) ;
#1015 = LINE ( 'NONE', #1670, #2608 ) ;
#1016 = ORIENTED_EDGE ( 'NONE', *, *, #2330, .T. ) ;
#1017 = CARTESIAN_POINT ( 'NONE',  ( 454.9125047713718004, -666.0121021180113985, 175.6861226553779716 ) ) ;
#1018 = CARTESIAN_POINT ( 'NONE',  ( 1140.000000000000000, -777.9999999999998863, 300.0000000000000000 ) ) ;
#1019 = CONICAL_SURFACE ( 'NONE', #2114, 4.000000000000017764, 0.7853981633974460586 ) ;
#1020 = ORIENTED_EDGE ( 'NONE', *, *, #2489, .F. ) ;
#1021 = DIRECTION ( 'NONE',  ( -0.000000000000000000, 1.000000000000000000, -0.000000000000000000 ) ) ;
#1022 = ORIENTED_EDGE ( 'NONE', *, *, #706, .F. ) ;
#1023 = CARTESIAN_POINT ( 'NONE',  ( 30.00000000000005329, -18.00000000000000000, 2.000000000000000000 ) ) ;
#1024 = AXIS2_PLACEMENT_3D ( 'NONE', #2316, #4149, #451 ) ;
#1025 = VECTOR ( 'NONE', #1374, 1000.000000000000000 ) ;
#1026 = EDGE_CURVE ( 'NONE', #4277, #334, #2466, .T. ) ;
#1027 = ORIENTED_EDGE ( 'NONE', *, *, #2519, .T. ) ;
#1028 = ORIENTED_EDGE ( 'NONE', *, *, #3993, .F. ) ;
#1029 = DIRECTION ( 'NONE',  ( 2.612425579928799129E-16, -1.000000000000000000, 0.000000000000000000 ) ) ;
#1030 = DIRECTION ( 'NONE',  ( -1.000000000000000000, 0.000000000000000000, 0.000000000000000000 ) ) ;
#1031 = DIRECTION ( 'NONE',  ( -1.000000000000000000, 0.000000000000000000, -1.288758049684149971E-16 ) ) ;
#1032 = CARTESIAN_POINT ( 'NONE',  ( 886.8000000000002956, -749.5000000000000000, 316.7999999999999545 ) ) ;
#1033 = DIRECTION ( 'NONE',  ( 0.000000000000000000, 1.000000000000000000, 0.000000000000000000 ) ) ;
#1034 = ORIENTED_EDGE ( 'NONE', *, *, #2407, .T. ) ;
#1035 = EDGE_CURVE ( 'NONE', #2289, #4734, #2406, .T. ) ;
#1036 = CARTESIAN_POINT ( 'NONE',  ( 455.5750546007721482, -665.5314494390186155, 175.0382000932043240 ) ) ;
#1037 = PLANE ( 'NONE',  #4458 ) ;
#1038 = ADVANCED_FACE ( 'NONE', ( #2709 ), #660, .T. ) ;
#1039 = DIRECTION ( 'NONE',  ( -0.000000000000000000, 1.000000000000000000, -0.000000000000000000 ) ) ;
#1040 = DIRECTION ( 'NONE',  ( -0.000000000000000000, 1.000000000000000000, -0.000000000000000000 ) ) ;
#1041 = VERTEX_POINT ( 'NONE', #470 ) ;
#1042 = EDGE_CURVE ( 'NONE', #3519, #54, #2282, .T. ) ;
#1043 = LINE ( 'NONE', #1992, #4177 ) ;
#1044 = CALENDAR_DATE ( 2026, 5, 6 ) ;
#1045 = AXIS2_PLACEMENT_3D ( 'NONE', #52, #4443, #3343 ) ;
#1046 = CIRCLE ( 'NONE', #3366, 6.500000000000005329 ) ;
#1047 = PERSON_AND_ORGANIZATION ( #1525, #4321 ) ;
#1048 = CARTESIAN_POINT ( 'NONE',  ( 442.5000000000000568, -663.9999999999998863, 170.5298699707532535 ) ) ;
#1049 = DIRECTION ( 'NONE',  ( -1.000000000000000000, 0.000000000000000000, 0.000000000000000000 ) ) ;
#1050 = DIRECTION ( 'NONE',  ( 1.000000000000000000, 0.000000000000000000, -0.000000000000000000 ) ) ;
#1051 = FACE_OUTER_BOUND ( 'NONE', #921, .T. ) ;
#1052 = LINE ( 'NONE', #802, #4009 ) ;
#1053 = CARTESIAN_POINT ( 'NONE',  ( 13.20000000000000639, -749.5000000000000000, 324.7999999999999545 ) ) ;
#1054 = EDGE_CURVE ( 'NONE', #2729, #2450, #4424, .T. ) ;
#1055 = ORIENTED_EDGE ( 'NONE', *, *, #2950, .F. ) ;
#1056 = PERSON_AND_ORGANIZATION ( #1525, #4321 ) ;
#1057 = VERTEX_POINT ( 'NONE', #3229 ) ;
#1058 = PLANE ( 'NONE',  #3622 ) ;
#1059 = EDGE_LOOP ( 'NONE', ( #2376, #1542 ) ) ;
#1060 = CC_DESIGN_SECURITY_CLASSIFICATION ( #3652, ( #4791 ) ) ;
#1061 = EDGE_CURVE ( 'NONE', #3383, #3938, #1293, .T. ) ;
#1062 = FACE_OUTER_BOUND ( 'NONE', #3824, .T. ) ;
#1063 = EDGE_LOOP ( 'NONE', ( #3712, #2998, #4756, #4744, #95, #2737, #740, #3740, #4529, #3699, #2440, #3158, #1146 ) ) ;
#1064 = CARTESIAN_POINT ( 'NONE',  ( 443.5735797012476951, -664.8747691249016043, 173.8960785148576917 ) ) ;
#1065 = VECTOR ( 'NONE', #1641, 1000.000000000000000 ) ;
#1066 = CARTESIAN_POINT ( 'NONE',  ( 15.90000000000005720, -506.0000000000004547, 10.90000000000000036 ) ) ;
#1067 = DIRECTION ( 'NONE',  ( 0.000000000000000000, 0.000000000000000000, -1.000000000000000000 ) ) ;
#1068 = CARTESIAN_POINT ( 'NONE',  ( 15.90000000000005720, -506.0000000000004547, 15.90000000000000036 ) ) ;
#1069 = CIRCLE ( 'NONE', #3091, 4.000000000000017764 ) ;
#1070 = ORIENTED_EDGE ( 'NONE', *, *, #1473, .F. ) ;
#1071 = EDGE_CURVE ( 'NONE', #2133, #1378, #4032, .T. ) ;
#1072 = CARTESIAN_POINT ( 'NONE',  ( 832.0000000000001137, -170.9999999999998863, 250.0000000000000000 ) ) ;
#1073 = DIRECTION ( 'NONE',  ( -0.000000000000000000, -1.000000000000000000, -0.000000000000000000 ) ) ;
#1074 = CARTESIAN_POINT ( 'NONE',  ( 878.0000000000002274, -749.5000000000000000, 324.7999999999999545 ) ) ;
#1075 = VERTEX_POINT ( 'NONE', #2491 ) ;
#1076 = ORIENTED_EDGE ( 'NONE', *, *, #1640, .F. ) ;
#1077 = CARTESIAN_POINT ( 'NONE',  ( 870.0000000000000000, -18.00000000000000000, 2.000000000000000000 ) ) ;
#1078 = PERSON ( 'NAUO-PER2', 'UNSPECIFIED', 'UNSPECIFIED', ('UNSPECIFIED'), ('UNSPECIFIED'), ('UNSPECIFIED') ) ;
#1079 = EDGE_LOOP ( 'NONE', ( #3992, #2199, #3756, #2169 ) ) ;
#1080 = ORIENTED_EDGE ( 'NONE', *, *, #2250, .F. ) ;
#1081 = DIRECTION ( 'NONE',  ( 1.604189728405243611E-32, -1.228122814850837064E-16, -1.000000000000000000 ) ) ;
#1082 = CARTESIAN_POINT ( 'NONE',  ( 7.961735002956730495E-14, -400.0000000000000000, 0.000000000000000000 ) ) ;
#1083 = EDGE_LOOP ( 'NONE', ( #4035, #2541, #3257, #4034 ) ) ;
#1084 = CARTESIAN_POINT ( 'NONE',  ( 869.9999999999998863, -778.0000000000000000, 2.000000000000000000 ) ) ;
#1085 = EDGE_LOOP ( 'NONE', ( #1202, #187, #947, #1143 ) ) ;
#1086 = VECTOR ( 'NONE', #3379, 1000.000000000000000 ) ;
#1087 = ORIENTED_EDGE ( 'NONE', *, *, #490, .F. ) ;
#1088 = ORIENTED_EDGE ( 'NONE', *, *, #736, .T. ) ;
#1089 = CARTESIAN_POINT ( 'NONE',  ( 15.00000000000007994, 350.0000000000000000, 15.00000000000000000 ) ) ;
#1090 = CARTESIAN_POINT ( 'NONE',  ( 832.0000000000001137, -170.9999999999998863, 250.0000000000000000 ) ) ;
#1091 = CC_DESIGN_DATE_AND_TIME_ASSIGNMENT ( #1989, #1418, ( #3778 ) ) ;
#1092 = AXIS2_PLACEMENT_3D ( 'NONE', #1823, #1033, #2171 ) ;
#1093 = LINE ( 'NONE', #4040, #2449 ) ;
#1094 = DIRECTION ( 'NONE',  ( 1.000000000000000000, 1.228122814850837064E-16, 0.000000000000000000 ) ) ;
#1095 = VECTOR ( 'NONE', #1680, 1000.000000000000114 ) ;
#1096 = CARTESIAN_POINT ( 'NONE',  ( 0.000000000000000000, 0.000000000000000000, -1.500000000000000000 ) ) ;
#1097 = EDGE_CURVE ( 'NONE', #4657, #1890, #4257, .T. ) ;
#1098 = CARTESIAN_POINT ( 'NONE',  ( 7.979727989493312634E-14, 350.0000000000000000, 15.00000000000000000 ) ) ;
#1099 = VECTOR ( 'NONE', #1123, 1000.000000000000000 ) ;
#1100 = CARTESIAN_POINT ( 'NONE',  ( 0.000000000000000000, 0.000000000000000000, 20.00000000000000000 ) ) ;
#1101 = ITEM_DEFINED_TRANSFORMATION ( 'NONE', 'NONE', #542,  #2966 ) ;
#1102 = DIRECTION ( 'NONE',  ( -1.000000000000000000, 0.000000000000000000, -1.137523590804461357E-16 ) ) ;
#1103 = VECTOR ( 'NONE', #2348, 1000.000000000000000 ) ;
#1104 = FACE_OUTER_BOUND ( 'NONE', #1059, .T. ) ;
#1105 = DIRECTION ( 'NONE',  ( 0.000000000000000000, 1.000000000000000000, 0.000000000000000000 ) ) ;
#1106 = PERSON_AND_ORGANIZATION ( #1525, #4321 ) ;
#1107 = EDGE_LOOP ( 'NONE', ( #2427, #560, #3973, #4437 ) ) ;
#1108 = ORIENTED_EDGE ( 'NONE', *, *, #2980, .F. ) ;
#1109 = FACE_OUTER_BOUND ( 'NONE', #4555, .T. ) ;
#1110 = CARTESIAN_POINT ( 'NONE',  ( 445.0854272498245336, -666.0106493936021934, 175.6843650633222751 ) ) ;
#1111 = SHAPE_DEFINITION_REPRESENTATION ( #4285, #4296 ) ;
#1112 = CARTESIAN_POINT ( 'NONE',  ( 98.00000000000004263, -270.9999999999998863, -0.001000000000001000089 ) ) ;
#1113 = CARTESIAN_POINT ( 'NONE',  ( 886.8000000000000682, -99.99999999999992895, 324.7999999999999545 ) ) ;
#1114 = ORIENTED_EDGE ( 'NONE', *, *, #4566, .T. ) ;
#1115 = ORIENTED_EDGE ( 'NONE', *, *, #4618, .F. ) ;
#1116 = CC_DESIGN_PERSON_AND_ORGANIZATION_ASSIGNMENT ( #2587, #1340, ( #1886 ) ) ;
#1117 = EDGE_CURVE ( 'NONE', #4734, #2289, #207, .T. ) ;
#1118 = ADVANCED_FACE ( 'NONE', ( #3552 ), #4356, .F. ) ;
#1119 = DIRECTION ( 'NONE',  ( 0.000000000000000000, 0.000000000000000000, -1.000000000000000000 ) ) ;
#1120 = VERTEX_POINT ( 'NONE', #309 ) ;
#1121 = CARTESIAN_POINT ( 'NONE',  ( 900.0000000000000000, 0.000000000000000000, 0.000000000000000000 ) ) ;
#1122 = VECTOR ( 'NONE', #2749, 1000.000000000000000 ) ;
#1123 = DIRECTION ( 'NONE',  ( -2.065146995210486914E-16, -5.395042836600973428E-32, 1.000000000000000000 ) ) ;
#1124 = ORIENTED_EDGE ( 'NONE', *, *, #1334, .F. ) ;
#1125 = APPROVAL ( #958, 'UNKNOWN' ) ;
#1126 = AXIS2_PLACEMENT_3D ( 'NONE', #1364, #1029, #273 ) ;
#1127 = EDGE_CURVE ( 'NONE', #1208, #2150, #2585, .T. ) ;
#1128 = LINE ( 'NONE', #2026, #2829 ) ;
#1129 = FACE_OUTER_BOUND ( 'NONE', #2744, .T. ) ;
#1130 = LINE ( 'NONE', #449, #1769 ) ;
#1131 = VERTEX_POINT ( 'NONE', #2557 ) ;
#1132 = DIRECTION ( 'NONE',  ( 0.000000000000000000, 0.000000000000000000, -1.000000000000000000 ) ) ;
#1133 = CARTESIAN_POINT ( 'NONE',  ( 98.00000000000004263, -573.0000000000000000, 99.99999999999998579 ) ) ;
#1134 = EDGE_CURVE ( 'NONE', #2556, #2318, #1408, .T. ) ;
#1135 = LINE ( 'NONE', #1611, #1831 ) ;
#1136 = ORIENTED_EDGE ( 'NONE', *, *, #631, .T. ) ;
#1137 = FACE_OUTER_BOUND ( 'NONE', #748, .T. ) ;
#1138 = VERTEX_POINT ( 'NONE', #1783 ) ;
#1139 = ORIENTED_EDGE ( 'NONE', *, *, #2011, .T. ) ;
#1140 = CARTESIAN_POINT ( 'NONE',  ( 15.90000000000000036, -749.5000000000000000, 316.0000000000000000 ) ) ;
#1141 = VECTOR ( 'NONE', #2492, 1000.000000000000000 ) ;
#1142 = ORIENTED_EDGE ( 'NONE', *, *, #2457, .F. ) ;
#1143 = ORIENTED_EDGE ( 'NONE', *, *, #2325, .T. ) ;
#1144 = CARTESIAN_POINT ( 'NONE',  ( 0.000000000000000000, 0.000000000000000000, 300.0000000000000000 ) ) ;
#1145 = VECTOR ( 'NONE', #3660, 1000.000000000000000 ) ;
#1146 = ORIENTED_EDGE ( 'NONE', *, *, #3367, .T. ) ;
#1147 = CARTESIAN_POINT ( 'NONE',  ( 0.000000000000000000, 0.000000000000000000, 300.0000000000000000 ) ) ;
#1148 = CARTESIAN_POINT ( 'NONE',  ( 400.0000000000001137, -678.9999999999998863, 170.0000000000000284 ) ) ;
#1149 = EDGE_LOOP ( 'NONE', ( #3164, #4052, #3112, #1866 ) ) ;
#1150 = DIRECTION ( 'NONE',  ( 0.000000000000000000, -1.000000000000000000, 0.000000000000000000 ) ) ;
#1151 = AXIS2_PLACEMENT_3D ( 'NONE', #275, #598, #2130 ) ;
#1152 = EDGE_CURVE ( 'NONE', #3628, #4737, #2979, .T. ) ;
#1153 = DIRECTION ( 'NONE',  ( 0.000000000000000000, 0.000000000000000000, 1.000000000000000000 ) ) ;
#1154 = CONTEXT_DEPENDENT_SHAPE_REPRESENTATION ( #1214, #623 ) ;
#1155 = ADVANCED_BREP_SHAPE_REPRESENTATION ( '', ( #4351, #899, #2966 ), #2478 ) ;
#1156 = LINE ( 'NONE', #4470, #982 ) ;
#1157 = ADVANCED_FACE ( 'NONE', ( #4763 ), #3667, .T. ) ;
#1158 = COORDINATED_UNIVERSAL_TIME_OFFSET ( 8, 0, .AHEAD. ) ;
#1159 = AXIS2_PLACEMENT_3D ( 'NONE', #2784, #2378, #3118 ) ;
#1160 = PLANE ( 'NONE',  #4104 ) ;
#1161 = EDGE_CURVE ( 'NONE', #2062, #2195, #3148, .T. ) ;
#1162 = DIRECTION ( 'NONE',  ( 1.000000000000000000, 1.306212789964399565E-16, -0.000000000000000000 ) ) ;
#1163 = LINE ( 'NONE', #2170, #4714 ) ;
#1164 = COORDINATED_UNIVERSAL_TIME_OFFSET ( 8, 0, .AHEAD. ) ;
#1165 = CARTESIAN_POINT ( 'NONE',  ( 450.0000000000000000, -623.0000000000000000, 170.0000000000000284 ) ) ;
#1166 = CARTESIAN_POINT ( 'NONE',  ( 889.1500000000002046, -749.5000000000000000, 316.0000000000000000 ) ) ;
#1167 = LINE ( 'NONE', #4621, #4124 ) ;
#1168 = ADVANCED_FACE ( 'NONE', ( #1104, #2703 ), #321, .T. ) ;
#1169 = CYLINDRICAL_SURFACE ( 'NONE', #1504, 8.000000000000007105 ) ;
#1170 = PERSON_AND_ORGANIZATION ( #1525, #4321 ) ;
#1171 = ORIENTED_EDGE ( 'NONE', *, *, #3282, .F. ) ;
#1172 = DIRECTION ( 'NONE',  ( 1.224646799147353207E-16, -1.000000000000000000, 0.000000000000000000 ) ) ;
#1173 = AXIS2_PLACEMENT_3D ( 'NONE', #3940, #2788, #3541 ) ;
#1174 = CARTESIAN_POINT ( 'NONE',  ( 22.00000000000000711, -100.0000000000000284, 316.7999999999999545 ) ) ;
#1175 = DATE_AND_TIME ( #3560, #4075 ) ;
#1176 = DIRECTION ( 'NONE',  ( 1.000000000000000000, 0.000000000000000000, 0.000000000000000000 ) ) ;
#1177 = DIRECTION ( 'NONE',  ( -1.000000000000000000, 0.000000000000000000, 0.000000000000000000 ) ) ;
#1178 = FACE_BOUND ( 'NONE', #1204, .T. ) ;
#1179 = ORIENTED_EDGE ( 'NONE', *, *, #2672, .T. ) ;
#1180 = ORIENTED_EDGE ( 'NONE', *, *, #1595, .T. ) ;
#1181 = CARTESIAN_POINT ( 'NONE',  ( 832.0000000000001137, -547.9999999999998863, 185.0000000000000568 ) ) ;
#1182 = DIRECTION ( 'NONE',  ( 2.612425579928799129E-16, -1.000000000000000000, -0.000000000000000000 ) ) ;
#1183 = PRODUCT_DEFINITION_FORMATION_WITH_SPECIFIED_SOURCE ( '任何', '', #4749, .NOT_KNOWN. ) ;
#1184 = AXIS2_PLACEMENT_3D ( 'NONE', #4459, #2268, #18 ) ;
#1185 = LINE ( 'NONE', #4452, #4672 ) ;
#1186 = DIRECTION ( 'NONE',  ( -1.000000000000000000, 0.000000000000000000, 0.000000000000000000 ) ) ;
#1187 = ADVANCED_FACE ( 'NONE', ( #2159, #1912 ), #2888, .F. ) ;
#1188 = DIRECTION ( 'NONE',  ( -0.000000000000000000, -0.000000000000000000, 1.000000000000000000 ) ) ;
#1189 = ORIENTED_EDGE ( 'NONE', *, *, #3709, .T. ) ;
#1190 = ORIENTED_EDGE ( 'NONE', *, *, #2125, .T. ) ;
#1191 = APPROVAL_STATUS ( 'not_yet_approved' ) ;
#1192 = DIRECTION ( 'NONE',  ( 1.224646799147355179E-16, -1.000000000000000000, -0.000000000000000000 ) ) ;
#1193 = VECTOR ( 'NONE', #4522, 1000.000000000000000 ) ;
#1194 = AXIS2_PLACEMENT_3D ( 'NONE', #1602, #3890, #4263 ) ;
#1195 = ORIENTED_EDGE ( 'NONE', *, *, #4622, .T. ) ;
#1196 = EDGE_CURVE ( 'NONE', #2554, #491, #2755, .T. ) ;
#1197 = ORIENTED_EDGE ( 'NONE', *, *, #191, .F. ) ;
#1198 = ADVANCED_FACE ( 'NONE', ( #424 ), #4753, .F. ) ;
#1199 = CARTESIAN_POINT ( 'NONE',  ( 68.00000000000009948, -367.0000000000000568, 185.0000000000000568 ) ) ;
#1200 = CIRCLE ( 'NONE', #1457, 5.049999999999998934 ) ;
#1201 = DIRECTION ( 'NONE',  ( 0.000000000000000000, 0.000000000000000000, 1.000000000000000000 ) ) ;
#1202 = ORIENTED_EDGE ( 'NONE', *, *, #1134, .T. ) ;
#1203 = CARTESIAN_POINT ( 'NONE',  ( 15.90000000000005720, 398.5000000000000000, 9.399999999999995026 ) ) ;
#1204 = EDGE_LOOP ( 'NONE', ( #2884, #4192 ) ) ;
#1205 = EDGE_CURVE ( 'NONE', #3765, #996, #4478, .T. ) ;
#1206 = DIRECTION ( 'NONE',  ( -1.000000000000000000, 0.000000000000000000, -0.000000000000000000 ) ) ;
#1207 = VECTOR ( 'NONE', #3857, 1000.000000000000000 ) ;
#1208 = VERTEX_POINT ( 'NONE', #701 ) ;
#1209 = CARTESIAN_POINT ( 'NONE',  ( 7.961735002956730495E-14, 400.0000000000000000, 27.00000000000000355 ) ) ;
#1210 = EDGE_LOOP ( 'NONE', ( #3589, #4093, #1142, #3218 ) ) ;
#1211 = CARTESIAN_POINT ( 'NONE',  ( 15.90000000000005720, 398.5000000000000568, 20.90000000000000213 ) ) ;
#1212 = DIRECTION ( 'NONE',  ( 0.000000000000000000, 0.000000000000000000, -1.000000000000000000 ) ) ;
#1213 = AXIS2_PLACEMENT_3D ( 'NONE', #498, #3822, #1177 ) ;
#1214 =( REPRESENTATION_RELATIONSHIP ('NONE','NONE', #2701, #1013 ) REPRESENTATION_RELATIONSHIP_WITH_TRANSFORMATION ( #4703 )SHAPE_REPRESENTATION_RELATIONSHIP( ) );
#1215 = ORIENTED_EDGE ( 'NONE', *, *, #4534, .T. ) ;
#1216 = CARTESIAN_POINT ( 'NONE',  ( 9.797174393178825736E-14, -800.0000000000000000, 279.9999999999999432 ) ) ;
#1217 = EDGE_LOOP ( 'NONE', ( #2824, #243, #443, #2117, #500, #2483 ) ) ;
#1218 = CARTESIAN_POINT ( 'NONE',  ( 0.000000000000000000, 0.000000000000000000, 0.000000000000000000 ) ) ;
#1219 = DIRECTION ( 'NONE',  ( 0.000000000000000000, -0.000000000000000000, 1.000000000000000000 ) ) ;
#1220 = CARTESIAN_POINT ( 'NONE',  ( 802.0000000000000000, -270.9999999999998863, -0.001000000000001000089 ) ) ;
#1221 = EDGE_CURVE ( 'NONE', #3491, #2055, #3955, .T. ) ;
#1222 = CARTESIAN_POINT ( 'NONE',  ( 802.0000000000000000, -170.9999999999999147, 250.0000000000000000 ) ) ;
#1223 = DIRECTION ( 'NONE',  ( 0.000000000000000000, 0.000000000000000000, -1.000000000000000000 ) ) ;
#1224 = SECURITY_CLASSIFICATION ( '', '', #2359 ) ;
#1225 = EDGE_CURVE ( 'NONE', #1845, #4734, #1988, .T. ) ;
#1226 = VECTOR ( 'NONE', #3664, 1000.000000000000000 ) ;
#1227 = CARTESIAN_POINT ( 'NONE',  ( 0.000000000000000000, 0.000000000000000000, 0.000000000000000000 ) ) ;
#1228 = COORDINATED_UNIVERSAL_TIME_OFFSET ( 8, 0, .AHEAD. ) ;
#1229 = CARTESIAN_POINT ( 'NONE',  ( 15.90000000000005720, 350.0000000000000000, 15.90000000000000036 ) ) ;
#1230 = LINE ( 'NONE', #2893, #3303 ) ;
#1231 = LINE ( 'NONE', #1447, #2045 ) ;
#1232 = CARTESIAN_POINT ( 'NONE',  ( 68.00000000000005684, -623.0000000000000000, 90.00000000000005684 ) ) ;
#1233 = EDGE_CURVE ( 'NONE', #3765, #2785, #653, .T. ) ;
#1234 = DIRECTION ( 'NONE',  ( 0.000000000000000000, -0.000000000000000000, 1.000000000000000000 ) ) ;
#1235 = COORDINATED_UNIVERSAL_TIME_OFFSET ( 8, 0, .AHEAD. ) ;
#1236 = CARTESIAN_POINT ( 'NONE',  ( 870.0000000000000000, -18.00000000000000000, 300.0000000000000000 ) ) ;
#1237 = ORIENTED_EDGE ( 'NONE', *, *, #2038, .T. ) ;
#1238 = ORIENTED_EDGE ( 'NONE', *, *, #4084, .F. ) ;
#1239 = VECTOR ( 'NONE', #4768, 1000.000000000000000 ) ;
#1240 = DIRECTION ( 'NONE',  ( 0.000000000000000000, -1.000000000000000000, 0.000000000000000000 ) ) ;
#1241 = APPROVAL_DATE_TIME ( #3856, #1594 ) ;
#1242 = PLANE ( 'NONE',  #1679 ) ;
#1243 = CARTESIAN_POINT ( 'NONE',  ( 870.0000000000000000, -50.49999999999992184, 300.0000000000000000 ) ) ;
#1244 = ORIENTED_EDGE ( 'NONE', *, *, #2773, .T. ) ;
#1245 = ADVANCED_FACE ( 'NONE', ( #3372 ), #1037, .F. ) ;
#1246 = FACE_OUTER_BOUND ( 'NONE', #2723, .T. ) ;
#1247 = ORIENTED_EDGE ( 'NONE', *, *, #706, .T. ) ;
#1248 = APPROVAL_STATUS ( 'not_yet_approved' ) ;
#1249 = ORIENTED_EDGE ( 'NONE', *, *, #3503, .F. ) ;
#1250 = ORIENTED_EDGE ( 'NONE', *, *, #3440, .T. ) ;
#1251 = FACE_OUTER_BOUND ( 'NONE', #2961, .T. ) ;
#1252 = ORIENTED_EDGE ( 'NONE', *, *, #800, .F. ) ;
#1253 = PLANE ( 'NONE',  #2537 ) ;
#1254 = DIRECTION ( 'NONE',  ( -0.000000000000000000, 0.000000000000000000, -1.000000000000000000 ) ) ;
#1255 = VECTOR ( 'NONE', #680, 1000.000000000000000 ) ;
#1256 = DIRECTION ( 'NONE',  ( 2.612425579928799129E-16, -1.000000000000000000, -0.000000000000000000 ) ) ;
#1257 = ORIENTED_EDGE ( 'NONE', *, *, #3410, .T. ) ;
#1258 = CC_DESIGN_PERSON_AND_ORGANIZATION_ASSIGNMENT ( #539, #2725, ( #4337 ) ) ;
#1259 = EDGE_CURVE ( 'NONE', #265, #3628, #3504, .T. ) ;
#1260 = FACE_OUTER_BOUND ( 'NONE', #924, .T. ) ;
#1261 = PERSON_AND_ORGANIZATION_ROLE ( 'design_supplier' ) ;
#1262 = ORIENTED_EDGE ( 'NONE', *, *, #1870, .F. ) ;
#1263 = ORIENTED_EDGE ( 'NONE', *, *, #2255, .T. ) ;
#1264 = CARTESIAN_POINT ( 'NONE',  ( 15.90000000000005720, -300.0000000000000000, 15.90000000000000036 ) ) ;
#1265 = AXIS2_PLACEMENT_3D ( 'NONE', #1581, #4173, #2338 ) ;
#1266 = EDGE_CURVE ( 'NONE', #3354, #620, #932, .T. ) ;
#1267 = CYLINDRICAL_SURFACE ( 'NONE', #383, 8.000000000000007105 ) ;
#1268 = ORIENTED_EDGE ( 'NONE', *, *, #164, .T. ) ;
#1269 = ORIENTED_EDGE ( 'NONE', *, *, #1974, .F. ) ;
#1270 = ADVANCED_FACE ( 'NONE', ( #1691, #203 ), #2978, .F. ) ;
#1271 = DIRECTION ( 'NONE',  ( 2.065146995210486914E-16, 0.000000000000000000, 1.000000000000000000 ) ) ;
#1272 = CARTESIAN_POINT ( 'NONE',  ( 15.00000000000007638, -350.0000000000000000, 0.000000000000000000 ) ) ;
#1273 = ORIENTED_EDGE ( 'NONE', *, *, #4650, .F. ) ;
#1274 = ORIENTED_EDGE ( 'NONE', *, *, #2525, .T. ) ;
#1275 = DIRECTION ( 'NONE',  ( 1.000000000000000000, 0.000000000000000000, 0.000000000000000000 ) ) ;
#1276 = FACE_OUTER_BOUND ( 'NONE', #4388, .T. ) ;
#1277 = CARTESIAN_POINT ( 'NONE',  ( 15.90000000000005720, -398.5000000000000000, 15.90000000000000036 ) ) ;
#1278 = EDGE_LOOP ( 'NONE', ( #398, #2797 ) ) ;
#1279 = AXIS2_PLACEMENT_3D ( 'NONE', #2429, #2820, #2074 ) ;
#1280 = DIRECTION ( 'NONE',  ( 0.000000000000000000, 0.000000000000000000, 1.000000000000000000 ) ) ;
#1281 = DIRECTION ( 'NONE',  ( -1.232566680299310330E-16, 1.000000000000000000, 0.000000000000000000 ) ) ;
#1282 = EDGE_CURVE ( 'NONE', #2960, #1416, #4203, .T. ) ;
#1283 = CARTESIAN_POINT ( 'NONE',  ( 98.00000000000007105, -573.0000000000000000, 250.0000000000000568 ) ) ;
#1284 = AXIS2_PLACEMENT_3D ( 'NONE', #3415, #4131, #3430 ) ;
#1285 = VECTOR ( 'NONE', #2972, 1000.000000000000000 ) ;
#1286 =( NAMED_UNIT ( * ) PLANE_ANGLE_UNIT ( ) SI_UNIT ( $, .RADIAN. ) );
#1287 = DIRECTION ( 'NONE',  ( 0.000000000000000000, -1.000000000000000000, 0.000000000000000000 ) ) ;
#1288 = CARTESIAN_POINT ( 'NONE',  ( 15.90000000000005720, -398.5000000000000000, 15.90000000000000036 ) ) ;
#1289 = VECTOR ( 'NONE', #3669, 1000.000000000000000 ) ;
#1290 = EDGE_CURVE ( 'NONE', #2952, #1869, #2403, .T. ) ;
#1291 = PLANE ( 'NONE',  #4765 ) ;
#1292 = FACE_OUTER_BOUND ( 'NONE', #1618, .T. ) ;
#1293 = LINE ( 'NONE', #3592, #316 ) ;
#1294 = CARTESIAN_POINT ( 'NONE',  ( 802.0000000000000000, -220.9999999999999432, 249.9999999999999716 ) ) ;
#1295 = DATE_AND_TIME ( #2711, #3674 ) ;
#1296 = VERTEX_POINT ( 'NONE', #4429 ) ;
#1297 = VECTOR ( 'NONE', #585, 1000.000000000000000 ) ;
#1298 = ORIENTED_EDGE ( 'NONE', *, *, #2063, .T. ) ;
#1299 = EDGE_CURVE ( 'NONE', #696, #3506, #3729, .T. ) ;
#1300 = CARTESIAN_POINT ( 'NONE',  ( 870.0000000000001137, -547.9999999999998863, 155.0000000000000284 ) ) ;
#1301 = LOCAL_TIME ( 8, 52, 31.00000000000000000, #3679 ) ;
#1302 = EDGE_LOOP ( 'NONE', ( #1087, #3915, #2295, #544 ) ) ;
#1303 = ORIENTED_EDGE ( 'NONE', *, *, #4314, .F. ) ;
#1304 = CARTESIAN_POINT ( 'NONE',  ( 33.00000000000007816, -350.0000000000000000, -26.84171144931213604 ) ) ;
#1305 = AXIS2_PLACEMENT_3D ( 'NONE', #1685, #2445, #3864 ) ;
#1306 = VECTOR ( 'NONE', #122, 1000.000000000000000 ) ;
#1307 = CARTESIAN_POINT ( 'NONE',  ( 68.00000000000005684, -170.9999999999999716, 250.0000000000000000 ) ) ;
#1308 = VERTEX_POINT ( 'NONE', #6 ) ;
#1309 = PLANE ( 'NONE',  #1379 ) ;
#1310 = VECTOR ( 'NONE', #1835, 1000.000000000000000 ) ;
#1311 = DIRECTION ( 'NONE',  ( 1.306212789964399565E-16, -1.000000000000000000, 0.000000000000000000 ) ) ;
#1312 = ORIENTED_EDGE ( 'NONE', *, *, #2229, .F. ) ;
#1313 = EDGE_CURVE ( 'NONE', #4229, #3105, #705, .T. ) ;
#1314 = CIRCLE ( 'NONE', #930, 5.049999999999998934 ) ;
#1315 = CARTESIAN_POINT ( 'NONE',  ( 5.000000000000000000, 6.123233995736766282E-16, 120.0000000000000000 ) ) ;
#1316 = LINE ( 'NONE', #4152, #3064 ) ;
#1317 = DIRECTION ( 'NONE',  ( 0.000000000000000000, -1.000000000000000000, 0.000000000000000000 ) ) ;
#1318 = DIRECTION ( 'NONE',  ( -1.000000000000000000, 0.000000000000000000, -0.000000000000000000 ) ) ;
#1319 = ORIENTED_EDGE ( 'NONE', *, *, #3881, .T. ) ;
#1320 = CARTESIAN_POINT ( 'NONE',  ( 15.90000000000000036, -700.0000000000000000, 316.0000000000000000 ) ) ;
#1321 = APPLICATION_CONTEXT ( 'configuration controlled 3d designs of mechanical parts and assemblies' ) ;
#1322 = PRODUCT_RELATED_PRODUCT_CATEGORY ( 'detail', '', ( #3636 ) ) ;
#1323 = VERTEX_POINT ( 'NONE', #4098 ) ;
#1324 = EDGE_CURVE ( 'NONE', #2113, #1934, #2275, .T. ) ;
#1325 = ORIENTED_EDGE ( 'NONE', *, *, #3901, .T. ) ;
#1326 = CARTESIAN_POINT ( 'NONE',  ( 444.4235597326123184, -665.5304209504935216, 164.9632844418991340 ) ) ;
#1327 = CARTESIAN_POINT ( 'NONE',  ( 802.0000000000000000, -573.0000000000000000, 90.00000000000005684 ) ) ;
#1328 = LINE ( 'NONE', #3974, #2503 ) ;
#1329 = ORIENTED_EDGE ( 'NONE', *, *, #1454, .F. ) ;
#1330 = DIRECTION ( 'NONE',  ( -0.000000000000000000, -0.000000000000000000, -1.000000000000000000 ) ) ;
#1331 = VERTEX_POINT ( 'NONE', #2154 ) ;
#1332 = PLANE ( 'NONE',  #2323 ) ;
#1333 = CARTESIAN_POINT ( 'NONE',  ( 900.0019999999999527, -547.9999999999998863, 185.0000000000000568 ) ) ;
#1334 = EDGE_CURVE ( 'NONE', #3396, #3770, #149, .T. ) ;
#1335 = VECTOR ( 'NONE', #1119, 1000.000000000000000 ) ;
#1336 = ORIENTED_EDGE ( 'NONE', *, *, #4449, .F. ) ;
#1337 = CARTESIAN_POINT ( 'NONE',  ( -0.000000000000000000, -300.0000000000000000, 0.000000000000000000 ) ) ;
#1338 = VECTOR ( 'NONE', #2166, 1000.000000000000000 ) ;
#1339 = ORIENTED_EDGE ( 'NONE', *, *, #3394, .F. ) ;
#1340 = PERSON_AND_ORGANIZATION_ROLE ( 'design_owner' ) ;
#1341 = DIRECTION ( 'NONE',  ( 1.000000000000000000, 1.228122814850837064E-16, -0.000000000000000000 ) ) ;
#1342 = DIRECTION ( 'NONE',  ( -0.000000000000000000, 1.000000000000000000, -0.000000000000000000 ) ) ;
#1343 = CLOSED_SHELL ( 'NONE', ( #1950, #2244, #2552, #1977, #76, #1608, #129, #1497, #1038, #4463, #3304, #3781, #3078, #3870, #144, #1118, #3767, #2976, #48, #2232, #3442, #870, #2698, #818, #2630, #4598, #116, #3278, #2303, #3009, #3786, #237, #2674, #4484, #1971, #4539, #2290, #495, #3389, #3811, #2908, #2271, #4125, #4059, #4234, #788, #1270, #3027, #1516, #1911, #4375, #901, #828, #1487, #2020, #3734, #477, #4380, #2765, #68, #1939, #859, #4556, #1187, #2995, #2213, #99, #3420, #2322, #2708, #1245, #1810, #3848, #4189, #3984, #761, #1541, #167, #810, #4132, #3721, #2356, #3512, #1816, #3830, #1560, #3436, #4153, #4580, #456, #1198 ) ) ;
#1344 = AXIS2_PLACEMENT_3D ( 'NONE', #861, #3850, #1271 ) ;
#1345 = LINE ( 'NONE', #3145, #476 ) ;
#1346 = CARTESIAN_POINT ( 'NONE',  ( 870.0000000000002274, -749.5000000000000000, 316.7999999999999545 ) ) ;
#1347 = CIRCLE ( 'NONE', #4276, 5.049999999999998934 ) ;
#1348 = CARTESIAN_POINT ( 'NONE',  ( 30.00000000000000355, -18.00000000000000000, 300.0000000000000000 ) ) ;
#1349 = CARTESIAN_POINT ( 'NONE',  ( 13.20000000000000462, -50.50000000000002842, 316.7999999999999545 ) ) ;
#1350 = CC_DESIGN_APPROVAL ( #3432, ( #4006 ) ) ;
#1351 = EDGE_CURVE ( 'NONE', #2554, #4587, #85, .T. ) ;
#1352 = VECTOR ( 'NONE', #745, 1000.000000000000000 ) ;
#1353 = CIRCLE ( 'NONE', #516, 8.000000000000007105 ) ;
#1354 = DATE_TIME_ROLE ( 'creation_date' ) ;
#1355 = CARTESIAN_POINT ( 'NONE',  ( 451.0427258376558939, -667.9235023469387897, 177.4317938923894644 ) ) ;
#1356 = CARTESIAN_POINT ( 'NONE',  ( 442.5000000000000000, -663.9999999999998863, 170.0000000000000568 ) ) ;
#1357 = ORIENTED_EDGE ( 'NONE', *, *, #2011, .F. ) ;
#1358 = VECTOR ( 'NONE', #2671, 1000.000000000000000 ) ;
#1359 = AXIS2_PLACEMENT_3D ( 'NONE', #3302, #1073, #3676 ) ;
#1360 = EDGE_CURVE ( 'NONE', #683, #4679, #31, .T. ) ;
#1361 = ORIENTED_EDGE ( 'NONE', *, *, #3659, .T. ) ;
#1362 = ORIENTED_EDGE ( 'NONE', *, *, #1694, .T. ) ;
#1363 = DIRECTION ( 'NONE',  ( -1.000000000000000000, -1.384302765077962065E-16, 0.000000000000000000 ) ) ;
#1364 = CARTESIAN_POINT ( 'NONE',  ( 884.1000000000002501, -749.5000000000000000, 316.0000000000000000 ) ) ;
#1365 = DIRECTION ( 'NONE',  ( -3.942553354492743901E-17, 0.000000000000000000, 1.000000000000000000 ) ) ;
#1366 = DIRECTION ( 'NONE',  ( 0.000000000000000000, -1.000000000000000000, 0.000000000000000000 ) ) ;
#1367 = FACE_OUTER_BOUND ( 'NONE', #4106, .T. ) ;
#1368 = LINE ( 'NONE', #3706, #4137 ) ;
#1369 =( NAMED_UNIT ( * ) PLANE_ANGLE_UNIT ( ) SI_UNIT ( $, .RADIAN. ) );
#1370 = VERTEX_POINT ( 'NONE', #4010 ) ;
#1371 = VERTEX_POINT ( 'NONE', #2531 ) ;
#1372 = AXIS2_PLACEMENT_3D ( 'NONE', #950, #2027, #3923 ) ;
#1373 = CARTESIAN_POINT ( 'NONE',  ( 449.4823791474973973, -668.0048494799103764, 162.5132892460537448 ) ) ;
#1374 = DIRECTION ( 'NONE',  ( -0.000000000000000000, -0.000000000000000000, 1.000000000000000000 ) ) ;
#1375 = LINE ( 'NONE', #4298, #1824 ) ;
#1376 = ORIENTED_EDGE ( 'NONE', *, *, #1607, .F. ) ;
#1377 = PLANE ( 'NONE',  #4496 ) ;
#1378 = VERTEX_POINT ( 'NONE', #634 ) ;
#1379 = AXIS2_PLACEMENT_3D ( 'NONE', #4648, #2439, #3561 ) ;
#1380 = EDGE_CURVE ( 'NONE', #686, #114, #2527, .T. ) ;
#1381 = DIRECTION ( 'NONE',  ( 2.612425579928799129E-16, -1.000000000000000000, 0.000000000000000000 ) ) ;
#1382 = LINE ( 'NONE', #3392, #181 ) ;
#1383 = ORIENTED_EDGE ( 'NONE', *, *, #3958, .T. ) ;
#1384 = ORIENTED_EDGE ( 'NONE', *, *, #4282, .T. ) ;
#1385 = APPLICATION_CONTEXT ( 'configuration controlled 3d designs of mechanical parts and assemblies' ) ;
#1386 = AXIS2_PLACEMENT_3D ( 'NONE', #2626, #4029, #1841 ) ;
#1387 = EDGE_CURVE ( 'NONE', #1075, #3178, #3253, .T. ) ;
#1388 = CYLINDRICAL_SURFACE ( 'NONE', #4355, 5.000000000000000000 ) ;
#1389 = CARTESIAN_POINT ( 'NONE',  ( 453.7882604806824816, -666.7538490839897349, 163.5105868154085442 ) ) ;
#1390 = DIRECTION ( 'NONE',  ( 2.612425579928799129E-16, -1.000000000000000000, -0.000000000000000000 ) ) ;
#1391 = EDGE_LOOP ( 'NONE', ( #283, #4280, #1394, #1672 ) ) ;
#1392 = ORIENTED_EDGE ( 'NONE', *, *, #1640, .T. ) ;
#1393 = VECTOR ( 'NONE', #375, 1000.000000000000000 ) ;
#1394 = ORIENTED_EDGE ( 'NONE', *, *, #4116, .F. ) ;
#1395 = DIRECTION ( 'NONE',  ( -1.000000000000000000, -0.000000000000000000, -0.000000000000000000 ) ) ;
#1396 = EDGE_CURVE ( 'NONE', #803, #1075, #4121, .T. ) ;
#1397 = LINE ( 'NONE', #205, #1573 ) ;
#1398 = CARTESIAN_POINT ( 'NONE',  ( 15.90000000000005720, -300.0000000000000000, 20.90000000000000213 ) ) ;
#1399 = DIRECTION ( 'NONE',  ( 1.000000000000000000, 0.000000000000000000, 0.000000000000000000 ) ) ;
#1400 = PERSON ( 'NAUO-PER7', 'UNSPECIFIED', 'UNSPECIFIED', ('UNSPECIFIED'), ('UNSPECIFIED'), ('UNSPECIFIED') ) ;
#1401 = CONTEXT_DEPENDENT_SHAPE_REPRESENTATION ( #4262, #2109 ) ;
#1402 = CARTESIAN_POINT ( 'NONE',  ( 455.8783109636839868, -665.3009862957750329, 174.6824544544956268 ) ) ;
#1403 = DIRECTION ( 'NONE',  ( 1.599649312235235885E-32, -1.224646799147353207E-16, 1.000000000000000000 ) ) ;
#1404 = CARTESIAN_POINT ( 'NONE',  ( 457.5000000000000000, -672.9999999999998863, 170.0000000000000284 ) ) ;
#1405 = LINE ( 'NONE', #2958, #146 ) ;
#1406 = DIRECTION ( 'NONE',  ( -0.000000000000000000, 1.000000000000000000, -0.000000000000000000 ) ) ;
#1407 = CARTESIAN_POINT ( 'NONE',  ( 68.00000000000005684, -170.9999999999999716, 90.00000000000000000 ) ) ;
#1408 = LINE ( 'NONE', #4397, #4252 ) ;
#1409 = PLANE ( 'NONE',  #3439 ) ;
#1410 = PERSON_AND_ORGANIZATION ( #1525, #4321 ) ;
#1411 = ORIENTED_EDGE ( 'NONE', *, *, #4219, .T. ) ;
#1412 = FACE_OUTER_BOUND ( 'NONE', #4080, .T. ) ;
#1413 = VECTOR ( 'NONE', #3627, 1000.000000000000000 ) ;
#1414 = CARTESIAN_POINT ( 'NONE',  ( -0.001999999999960366814, -367.0000000000000568, 155.0000000000000284 ) ) ;
#1415 = DIRECTION ( 'NONE',  ( 0.000000000000000000, 0.000000000000000000, -1.000000000000000000 ) ) ;
#1416 = VERTEX_POINT ( 'NONE', #1793 ) ;
#1417 = LINE ( 'NONE', #1543, #776 ) ;
#1418 = DATE_TIME_ROLE ( 'classification_date' ) ;
#1419 = ORIENTED_EDGE ( 'NONE', *, *, #1259, .T. ) ;
#1420 = CALENDAR_DATE ( 2026, 5, 6 ) ;
#1421 = ORIENTED_EDGE ( 'NONE', *, *, #923, .T. ) ;
#1422 = VECTOR ( 'NONE', #2992, 1000.000000000000000 ) ;
#1423 = EDGE_CURVE ( 'NONE', #1845, #3344, #882, .T. ) ;
#1424 = DIRECTION ( 'NONE',  ( -0.000000000000000000, -1.000000000000000000, -0.000000000000000000 ) ) ;
#1425 = ORIENTED_EDGE ( 'NONE', *, *, #1659, .F. ) ;
#1426 = ORIENTED_EDGE ( 'NONE', *, *, #2519, .F. ) ;
#1427 = VECTOR ( 'NONE', #2717, 1000.000000000000000 ) ;
#1428 = VECTOR ( 'NONE', #2590, 1000.000000000000000 ) ;
#1429 = ORIENTED_EDGE ( 'NONE', *, *, #2735, .T. ) ;
#1430 = VECTOR ( 'NONE', #89, 1000.000000000000000 ) ;
#1431 = AXIS2_PLACEMENT_3D ( 'NONE', #455, #2373, #2720 ) ;
#1432 = ORIENTED_EDGE ( 'NONE', *, *, #2125, .F. ) ;
#1433 = CARTESIAN_POINT ( 'NONE',  ( 15.90000000000005720, -506.0000000000004547, 15.90000000000000036 ) ) ;
#1434 = ORIENTED_EDGE ( 'NONE', *, *, #1351, .F. ) ;
#1435 = CARTESIAN_POINT ( 'NONE',  ( 894.8000000000000682, -99.99999999999992895, 300.0000000000000000 ) ) ;
#1436 = VERTEX_POINT ( 'NONE', #3619 ) ;
#1437 = PLANE ( 'NONE',  #922 ) ;
#1438 = CARTESIAN_POINT ( 'NONE',  ( 870.0000000000000000, -18.00000000000000000, 2.000000000000000000 ) ) ;
#1439 = CC_DESIGN_APPROVAL ( #3678, ( #2447 ) ) ;
#1440 = AXIS2_PLACEMENT_3D ( 'NONE', #1084, #323, #1811 ) ;
#1441 = ORIENTED_EDGE ( 'NONE', *, *, #3820, .F. ) ;
#1442 = ORIENTED_EDGE ( 'NONE', *, *, #4460, .F. ) ;
#1443 = CARTESIAN_POINT ( 'NONE',  ( 30.00000000000005329, -18.00000000000000000, 2.000000000000000000 ) ) ;
#1444 = LINE ( 'NONE', #2200, #1843 ) ;
#1445 = VERTEX_POINT ( 'NONE', #3209 ) ;
#1446 = AXIS2_PLACEMENT_3D ( 'NONE', #38, #734, #1477 ) ;
#1447 = CARTESIAN_POINT ( 'NONE',  ( 7.961735002956730495E-14, -400.0000000000000000, 30.00000000000000000 ) ) ;
#1448 = EDGE_CURVE ( 'NONE', #4056, #3683, #537, .T. ) ;
#1449 = CARTESIAN_POINT ( 'NONE',  ( 497.0000000000001137, -681.9999999999998863, 170.0000000000000284 ) ) ;
#1450 = LINE ( 'NONE', #3647, #1626 ) ;
#1451 = ORIENTED_EDGE ( 'NONE', *, *, #1892, .T. ) ;
#1452 = CARTESIAN_POINT ( 'NONE',  ( 15.90000000000005720, -506.0000000000004547, 10.90000000000000036 ) ) ;
#1453 = DATE_AND_TIME ( #416, #646 ) ;
#1454 = EDGE_CURVE ( 'NONE', #4150, #274, #1163, .T. ) ;
#1455 = DIRECTION ( 'NONE',  ( 9.912705577010329247E-17, 0.000000000000000000, 1.000000000000000000 ) ) ;
#1456 = CARTESIAN_POINT ( 'NONE',  ( 30.00000000000001066, -50.50000000000002842, 316.7999999999999545 ) ) ;
#1457 = AXIS2_PLACEMENT_3D ( 'NONE', #2821, #4238, #587 ) ;
#1458 = LINE ( 'NONE', #744, #1099 ) ;
#1459 = DIRECTION ( 'NONE',  ( -1.000000000000000000, -1.306212789964399565E-16, 0.000000000000000000 ) ) ;
#1460 = DIRECTION ( 'NONE',  ( 0.000000000000000000, 0.000000000000000000, 1.000000000000000000 ) ) ;
#1461 = DIRECTION ( 'NONE',  ( -1.000000000000000000, -0.000000000000000000, -0.000000000000000000 ) ) ;
#1462 = VECTOR ( 'NONE', #2787, 1000.000000000000000 ) ;
#1463 = VECTOR ( 'NONE', #88, 1000.000000000000000 ) ;
#1464 = DATE_AND_TIME ( #3382, #2468 ) ;
#1465 = EDGE_CURVE ( 'NONE', #2147, #2025, #769, .T. ) ;
#1466 = EDGE_LOOP ( 'NONE', ( #1475, #1862, #3988, #4683 ) ) ;
#1467 = VECTOR ( 'NONE', #2225, 1000.000000000000000 ) ;
#1468 = DIRECTION ( 'NONE',  ( 0.000000000000000000, 0.000000000000000000, -1.000000000000000000 ) ) ;
#1469 = DATE_AND_TIME ( #212, #1590 ) ;
#1470 = ORIENTED_EDGE ( 'NONE', *, *, #1360, .T. ) ;
#1471 = CYLINDRICAL_SURFACE ( 'NONE', #3926, 5.049999999999998934 ) ;
#1472 = CC_DESIGN_PERSON_AND_ORGANIZATION_ASSIGNMENT ( #2801, #815, ( #3069 ) ) ;
#1473 = EDGE_CURVE ( 'NONE', #1120, #1436, #1046, .T. ) ;
#1474 = ORIENTED_EDGE ( 'NONE', *, *, #1756, .T. ) ;
#1475 = ORIENTED_EDGE ( 'NONE', *, *, #1687, .F. ) ;
#1476 = TOROIDAL_SURFACE ( 'NONE', #2438, 6.000000000000011546, 3.000000000000000000 ) ;
#1477 = DIRECTION ( 'NONE',  ( 0.000000000000000000, 0.000000000000000000, 1.000000000000000000 ) ) ;
#1478 = DIRECTION ( 'NONE',  ( -0.000000000000000000, 0.000000000000000000, 1.000000000000000000 ) ) ;
#1479 = LINE ( 'NONE', #3017, #1306 ) ;
#1480 = ORIENTED_EDGE ( 'NONE', *, *, #964, .T. ) ;
#1481 = EDGE_CURVE ( 'NONE', #565, #3030, #1801, .T. ) ;
#1482 = ORIENTED_EDGE ( 'NONE', *, *, #390, .T. ) ;
#1483 = DIRECTION ( 'NONE',  ( -1.306212789964399565E-16, 1.000000000000000000, 0.000000000000000000 ) ) ;
#1484 = CARTESIAN_POINT ( 'NONE',  ( 68.00000000000005684, -170.9999999999999716, 90.00000000000000000 ) ) ;
#1485 = DIRECTION ( 'NONE',  ( 1.306212789964399565E-16, -1.000000000000000000, 0.000000000000000000 ) ) ;
#1486 = VECTOR ( 'NONE', #3750, 1000.000000000000000 ) ;
#1487 = ADVANCED_FACE ( 'NONE', ( #3612 ), #3951, .F. ) ;
#1488 = VECTOR ( 'NONE', #3166, 1000.000000000000000 ) ;
#1489 = CARTESIAN_POINT ( 'NONE',  ( 33.00000000000007816, 350.0000000000000000, 0.000000000000000000 ) ) ;
#1490 = ORIENTED_EDGE ( 'NONE', *, *, #343, .T. ) ;
#1491 = PRODUCT_DEFINITION_SHAPE ( 'NONE', 'NONE',  #2705 ) ;
#1492 = CARTESIAN_POINT ( 'NONE',  ( 900.0000000000000000, 0.000000000000000000, 300.0000000000000000 ) ) ;
#1493 = CARTESIAN_POINT ( 'NONE',  ( 30.00000000000009592, -760.0000000000000000, 20.00000000000000000 ) ) ;
#1494 = CIRCLE ( 'NONE', #2808, 9.000000000000007105 ) ;
#1495 = CARTESIAN_POINT ( 'NONE',  ( 870.0000000000000000, -18.00000000000000000, 20.00000000000001776 ) ) ;
#1496 = EDGE_LOOP ( 'NONE', ( #1442, #3270 ) ) ;
#1497 = ADVANCED_FACE ( 'NONE', ( #2866 ), #3437, .T. ) ;
#1498 = DIRECTION ( 'NONE',  ( -0.000000000000000000, -0.000000000000000000, -1.000000000000000000 ) ) ;
#1499 = ORIENTED_EDGE ( 'NONE', *, *, #3300, .T. ) ;
#1500 = ORIENTED_EDGE ( 'NONE', *, *, #454, .F. ) ;
#1501 = ORIENTED_EDGE ( 'NONE', *, *, #558, .F. ) ;
#1502 = ORIENTED_EDGE ( 'NONE', *, *, #4243, .F. ) ;
#1503 = CC_DESIGN_PERSON_AND_ORGANIZATION_ASSIGNMENT ( #4255, #1261, ( #4337 ) ) ;
#1504 = AXIS2_PLACEMENT_3D ( 'NONE', #1349, #616, #291 ) ;
#1505 = EDGE_CURVE ( 'NONE', #1651, #4747, #2459, .T. ) ;
#1506 = CYLINDRICAL_SURFACE ( 'NONE', #2524, 8.000000000000007105 ) ;
#1507 = ORIENTED_EDGE ( 'NONE', *, *, #2525, .F. ) ;
#1508 = DIRECTION ( 'NONE',  ( -0.000000000000000000, 1.000000000000000000, -0.000000000000000000 ) ) ;
#1509 = VERTEX_POINT ( 'NONE', #333 ) ;
#1510 = AXIS2_PLACEMENT_3D ( 'NONE', #2810, #2019, #3143 ) ;
#1511 = EDGE_CURVE ( 'NONE', #3241, #3645, #3097, .T. ) ;
#1512 = DIRECTION ( 'NONE',  ( -2.612425579928799129E-16, 1.000000000000000000, 0.000000000000000000 ) ) ;
#1513 = CARTESIAN_POINT ( 'NONE',  ( 15.90000000000000036, -50.50000000000002842, 321.0500000000000114 ) ) ;
#1514 = CONTEXT_DEPENDENT_SHAPE_REPRESENTATION ( #2324, #4206 ) ;
#1515 = CIRCLE ( 'NONE', #460, 5.000000000000000888 ) ;
#1516 = ADVANCED_FACE ( 'NONE', ( #2270 ), #2944, .F. ) ;
#1517 = DIRECTION ( 'NONE',  ( 0.000000000000000000, -1.000000000000000000, 0.000000000000000000 ) ) ;
#1518 = ORGANIZATION ( 'NAUO-ORG1', 'UNSPECIFIED', 'UNSPECIFIED' ) ;
#1519 = CARTESIAN_POINT ( 'NONE',  ( 30.00000000000000355, -18.00000000000000000, 300.0000000000000000 ) ) ;
#1520 = VECTOR ( 'NONE', #386, 1000.000000000000000 ) ;
#1521 = CARTESIAN_POINT ( 'NONE',  ( 15.00000000000007638, 400.0000000000000000, 0.000000000000000000 ) ) ;
#1522 = DIRECTION ( 'NONE',  ( 0.000000000000000000, 0.000000000000000000, -1.000000000000000000 ) ) ;
#1523 = APPROVAL_DATE_TIME ( #3505, #2762 ) ;
#1524 = AXIS2_PLACEMENT_3D ( 'NONE', #497, #3081, #873 ) ;
#1525 = PERSON ( '未指定', '未指定', '未指定', ('未指定'), ('未指定'), ('未指定') ) ;
#1526 = ORIENTED_EDGE ( 'NONE', *, *, #1720, .T. ) ;
#1527 = CYLINDRICAL_SURFACE ( 'NONE', #3265, 5.000000000000000888 ) ;
#1528 = VECTOR ( 'NONE', #2336, 1000.000000000000000 ) ;
#1529 = CARTESIAN_POINT ( 'NONE',  ( 30.00000000000009592, -778.0000000000000000, 2.000000000000000000 ) ) ;
#1530 = COORDINATED_UNIVERSAL_TIME_OFFSET ( 8, 0, .AHEAD. ) ;
#1531 = VERTEX_POINT ( 'NONE', #4409 ) ;
#1532 = VECTOR ( 'NONE', #4565, 1000.000000000000000 ) ;
#1533 = VERTEX_POINT ( 'NONE', #17 ) ;
#1534 = EDGE_CURVE ( 'NONE', #2619, #1296, #4710, .T. ) ;
#1535 = CARTESIAN_POINT ( 'NONE',  ( 7.961735002956730495E-14, 400.0000000000000000, 15.00000000000000000 ) ) ;
#1536 = VERTEX_POINT ( 'NONE', #1456 ) ;
#1537 = VECTOR ( 'NONE', #1212, 1000.000000000000000 ) ;
#1538 = EDGE_LOOP ( 'NONE', ( #3732, #405, #1726, #505 ) ) ;
#1539 = EDGE_CURVE ( 'NONE', #67, #4657, #4247, .T. ) ;
#1540 = VECTOR ( 'NONE', #2013, 1000.000000000000000 ) ;
#1541 = ADVANCED_FACE ( 'NONE', ( #3368 ), #1804, .F. ) ;
#1542 = ORIENTED_EDGE ( 'NONE', *, *, #3623, .F. ) ;
#1543 = CARTESIAN_POINT ( 'NONE',  ( -0.000000000000000000, -350.0000000000000000, 0.000000000000000000 ) ) ;
#1544 = CARTESIAN_POINT ( 'NONE',  ( 870.0000000000001137, -547.9999999999998863, 155.0000000000000284 ) ) ;
#1545 = CARTESIAN_POINT ( 'NONE',  ( 30.00000000000005329, -548.0000000000000000, 185.0000000000000568 ) ) ;
#1546 = EDGE_CURVE ( 'NONE', #1378, #4674, #1405, .T. ) ;
#1547 = CARTESIAN_POINT ( 'NONE',  ( 802.0000000000000000, -573.0000000000000000, 99.99999999999998579 ) ) ;
#1548 = ORIENTED_EDGE ( 'NONE', *, *, #2858, .T. ) ;
#1549 = CARTESIAN_POINT ( 'NONE',  ( 30.00000000000004263, -367.0000000000000568, 155.0000000000000284 ) ) ;
#1550 = ORIENTED_EDGE ( 'NONE', *, *, #3785, .T. ) ;
#1551 = CARTESIAN_POINT ( 'NONE',  ( 15.90000000000005720, -350.0000000000000000, 10.90000000000000036 ) ) ;
#1552 = CIRCLE ( 'NONE', #474, 8.000000000000007105 ) ;
#1553 = AXIS2_PLACEMENT_3D ( 'NONE', #651, #3237, #2108 ) ;
#1554 = ORIENTED_EDGE ( 'NONE', *, *, #1756, .F. ) ;
#1555 = VERTEX_POINT ( 'NONE', #3335 ) ;
#1556 = DIRECTION ( 'NONE',  ( 0.000000000000000000, -1.000000000000000000, 0.000000000000000000 ) ) ;
#1557 = CARTESIAN_POINT ( 'NONE',  ( 15.90000000000005720, -506.0000000000004547, 15.90000000000000036 ) ) ;
#1558 = ORIENTED_EDGE ( 'NONE', *, *, #3718, .T. ) ;
#1559 = ORIENTED_EDGE ( 'NONE', *, *, #372, .T. ) ;
#1560 = ADVANCED_FACE ( 'NONE', ( #2401 ), #1058, .F. ) ;
#1561 = CARTESIAN_POINT ( 'NONE',  ( 0.000000000000000000, 0.000000000000000000, 0.000000000000000000 ) ) ;
#1562 = CARTESIAN_POINT ( 'NONE',  ( 33.00000000000007816, 350.0000000000000000, -26.84171144931213604 ) ) ;
#1563 = EDGE_CURVE ( 'NONE', #2078, #2905, #1458, .T. ) ;
#1564 = ORIENTED_EDGE ( 'NONE', *, *, #4111, .F. ) ;
#1565 = CARTESIAN_POINT ( 'NONE',  ( 5.200000000000002842, -700.0000000000000000, 300.0000000000000000 ) ) ;
#1566 = DIRECTION ( 'NONE',  ( 1.000000000000000000, 0.000000000000000000, 1.604189728405243611E-32 ) ) ;
#1567 = PRODUCT_DEFINITION_SHAPE ( 'NONE', 'NONE',  #4006 ) ;
#1568 = ADVANCED_FACE ( 'NONE', ( #2210, #3950 ), #380, .F. ) ;
#1569 = DIRECTION ( 'NONE',  ( 2.612425579928799129E-16, -1.000000000000000000, -0.000000000000000000 ) ) ;
#1570 = AXIS2_PLACEMENT_3D ( 'NONE', #3293, #2951, #2570 ) ;
#1571 = APPROVAL_ROLE ( '' ) ;
#1572 = DIRECTION ( 'NONE',  ( -2.612425579928799129E-16, 1.000000000000000000, -0.000000000000000000 ) ) ;
#1573 = VECTOR ( 'NONE', #3935, 1000.000000000000000 ) ;
#1574 = EDGE_CURVE ( 'NONE', #954, #279, #1156, .T. ) ;
#1575 = DIRECTION ( 'NONE',  ( 2.612425579928799129E-16, -1.000000000000000000, -0.000000000000000000 ) ) ;
#1576 = LINE ( 'NONE', #834, #480 ) ;
#1577 = COORDINATED_UNIVERSAL_TIME_OFFSET ( 8, 0, .AHEAD. ) ;
#1578 = DIRECTION ( 'NONE',  ( -1.000000000000000000, 0.000000000000000000, 0.000000000000000000 ) ) ;
#1579 = CARTESIAN_POINT ( 'NONE',  ( 870.0000000000000000, -18.00000000000000000, -0.000000000000000000 ) ) ;
#1580 = LINE ( 'NONE', #1736, #3441 ) ;
#1581 = CARTESIAN_POINT ( 'NONE',  ( 400.0000000000001137, -672.9999999999998863, 170.0000000000000284 ) ) ;
#1582 = VECTOR ( 'NONE', #280, 1000.000000000000000 ) ;
#1583 = DIRECTION ( 'NONE',  ( -1.000000000000000000, -1.306212789964399565E-16, 0.000000000000000000 ) ) ;
#1584 = COORDINATED_UNIVERSAL_TIME_OFFSET ( 8, 0, .AHEAD. ) ;
#1585 = DATE_TIME_ROLE ( 'creation_date' ) ;
#1586 = ORIENTED_EDGE ( 'NONE', *, *, #1667, .F. ) ;
#1587 = DIRECTION ( 'NONE',  ( -1.927470528863117076E-16, -1.000000000000000000, 0.000000000000000000 ) ) ;
#1588 = ORIENTED_EDGE ( 'NONE', *, *, #1196, .T. ) ;
#1589 = AXIS2_PLACEMENT_3D ( 'NONE', #245, #3195, #4319 ) ;
#1590 = LOCAL_TIME ( 8, 52, 31.00000000000000000, #3388 ) ;
#1591 = ORIENTED_EDGE ( 'NONE', *, *, #4402, .F. ) ;
#1592 = CARTESIAN_POINT ( 'NONE',  ( 13.20000000000000462, -749.5000000000000000, 316.7999999999999545 ) ) ;
#1593 = ORIENTED_EDGE ( 'NONE', *, *, #4270, .T. ) ;
#1594 = APPROVAL ( #2825, '未指定' ) ;
#1595 = EDGE_CURVE ( 'NONE', #1041, #686, #1740, .T. ) ;
#1596 = FACE_OUTER_BOUND ( 'NONE', #4726, .T. ) ;
#1597 = CARTESIAN_POINT ( 'NONE',  ( 13.20000000000000639, -700.0000000000000000, 324.7999999999999545 ) ) ;
#1598 = CARTESIAN_POINT ( 'NONE',  ( 15.90000000000000036, -50.50000000000002842, 310.9499999999999886 ) ) ;
#1599 = EDGE_LOOP ( 'NONE', ( #351, #1612, #2566, #3996, #1237, #514 ) ) ;
#1600 = VERTEX_POINT ( 'NONE', #727 ) ;
#1601 = DATE_TIME_ROLE ( 'classification_date' ) ;
#1602 = CARTESIAN_POINT ( 'NONE',  ( 400.0000000000001137, -672.9999999999998863, 170.0000000000000284 ) ) ;
#1603 = FACE_OUTER_BOUND ( 'NONE', #2068, .T. ) ;
#1604 = FACE_BOUND ( 'NONE', #324, .T. ) ;
#1605 = AXIS2_PLACEMENT_3D ( 'NONE', #1100, #3691, #3725 ) ;
#1606 = VERTEX_POINT ( 'NONE', #3730 ) ;
#1607 = EDGE_CURVE ( 'NONE', #679, #3506, #4472, .T. ) ;
#1608 = ADVANCED_FACE ( 'NONE', ( #2975 ), #418, .F. ) ;
#1609 = CARTESIAN_POINT ( 'NONE',  ( 870.0000000000002274, -700.0000000000000000, 300.0000000000000000 ) ) ;
#1610 = DIRECTION ( 'NONE',  ( 0.000000000000000000, 1.000000000000000000, 0.000000000000000000 ) ) ;
#1611 = CARTESIAN_POINT ( 'NONE',  ( 894.8000000000002956, -700.0000000000000000, 300.0000000000000000 ) ) ;
#1612 = ORIENTED_EDGE ( 'NONE', *, *, #1054, .T. ) ;
#1613 = CARTESIAN_POINT ( 'NONE',  ( 68.00000000000012790, -548.0000000000000000, 185.0000000000000568 ) ) ;
#1614 = VERTEX_POINT ( 'NONE', #1521 ) ;
#1615 = ADVANCED_BREP_SHAPE_REPRESENTATION ( '', ( #4102, #2966 ), #3707 ) ;
#1616 = CARTESIAN_POINT ( 'NONE',  ( 0.000000000000000000, 0.000000000000000000, 0.000000000000000000 ) ) ;
#1617 = FACE_OUTER_BOUND ( 'NONE', #2934, .T. ) ;
#1618 = EDGE_LOOP ( 'NONE', ( #851, #517, #1872, #3345 ) ) ;
#1619 = CARTESIAN_POINT ( 'NONE',  ( 30.00000000000004263, -367.0000000000000568, 185.0000000000000568 ) ) ;
#1620 = ORIENTED_EDGE ( 'NONE', *, *, #3139, .F. ) ;
#1621 = CARTESIAN_POINT ( 'NONE',  ( 22.00000000000000711, -50.50000000000002842, 324.7999999999999545 ) ) ;
#1622 = AXIS2_PLACEMENT_3D ( 'NONE', #1621, #3888, #3129 ) ;
#1623 = CIRCLE ( 'NONE', #2099, 5.000000000000000888 ) ;
#1624 = VERTEX_POINT ( 'NONE', #3384 ) ;
#1625 = ORIENTED_EDGE ( 'NONE', *, *, #2220, .T. ) ;
#1626 = VECTOR ( 'NONE', #328, 1000.000000000000000 ) ;
#1627 = ORIENTED_EDGE ( 'NONE', *, *, #4111, .T. ) ;
#1628 = DIRECTION ( 'NONE',  ( 1.460819769243627131E-16, -1.000000000000000000, 0.000000000000000000 ) ) ;
#1629 = CARTESIAN_POINT ( 'NONE',  ( 879.0500000000001819, -749.5000000000000000, 316.0000000000000000 ) ) ;
#1630 = AXIS2_PLACEMENT_3D ( 'NONE', #3068, #1150, #77 ) ;
#1631 = EDGE_CURVE ( 'NONE', #1323, #2380, #1576, .T. ) ;
#1632 = COORDINATED_UNIVERSAL_TIME_OFFSET ( 8, 0, .AHEAD. ) ;
#1633 = FACE_OUTER_BOUND ( 'NONE', #2425, .T. ) ;
#1634 = ADVANCED_FACE ( 'NONE', ( #876 ), #368, .F. ) ;
#1635 = EDGE_CURVE ( 'NONE', #3683, #1370, #3250, .T. ) ;
#1636 = CIRCLE ( 'NONE', #221, 5.000000000000000000 ) ;
#1637 = DIRECTION ( 'NONE',  ( 1.000000000000000000, 0.000000000000000000, 0.000000000000000000 ) ) ;
#1638 = LOCAL_TIME ( 8, 52, 31.00000000000000000, #4544 ) ;
#1639 = LINE ( 'NONE', #3083, #3847 ) ;
#1640 = EDGE_CURVE ( 'NONE', #2785, #4630, #2153, .T. ) ;
#1641 = DIRECTION ( 'NONE',  ( 0.000000000000000000, -1.000000000000000000, 0.000000000000000000 ) ) ;
#1642 = CALENDAR_DATE ( 2026, 5, 6 ) ;
#1643 = CARTESIAN_POINT ( 'NONE',  ( 15.00000000000007994, 300.0000000000000000, 15.00000000000000000 ) ) ;
#1644 = ORIENTED_EDGE ( 'NONE', *, *, #454, .T. ) ;
#1645 = VECTOR ( 'NONE', #4377, 1000.000000000000000 ) ;
#1646 = CYLINDRICAL_SURFACE ( 'NONE', #814, 8.000000000000007105 ) ;
#1647 = DIRECTION ( 'NONE',  ( -0.9427736802809054684, -2.707128832215538518E-16, 0.3334333333210666162 ) ) ;
#1648 = CALENDAR_DATE ( 2026, 5, 6 ) ;
#1649 = ORIENTED_EDGE ( 'NONE', *, *, #3272, .F. ) ;
#1650 = EDGE_LOOP ( 'NONE', ( #4020, #3858 ) ) ;
#1651 = VERTEX_POINT ( 'NONE', #3749 ) ;
#1652 = LINE ( 'NONE', #2283, #441 ) ;
#1653 = ORIENTED_EDGE ( 'NONE', *, *, #2714, .F. ) ;
#1654 = ORIENTED_EDGE ( 'NONE', *, *, #4701, .T. ) ;
#1655 = CARTESIAN_POINT ( 'NONE',  ( 870.0000000000002274, -700.0000000000000000, 316.7999999999999545 ) ) ;
#1656 = FACE_OUTER_BOUND ( 'NONE', #4261, .T. ) ;
#1657 = ORIENTED_EDGE ( 'NONE', *, *, #2497, .T. ) ;
#1658 = CC_DESIGN_PERSON_AND_ORGANIZATION_ASSIGNMENT ( #3726, #850, ( #629 ) ) ;
#1659 = EDGE_CURVE ( 'NONE', #2660, #4619, #24, .T. ) ;
#1660 = CARTESIAN_POINT ( 'NONE',  ( 15.90000000000005720, -400.0000000000000000, 15.90000000000000036 ) ) ;
#1661 = VECTOR ( 'NONE', #3724, 1000.000000000000000 ) ;
#1662 = DATE_TIME_ROLE ( 'classification_date' ) ;
#1663 = ORIENTED_EDGE ( 'NONE', *, *, #575, .F. ) ;
#1664 = DIRECTION ( 'NONE',  ( -1.460819769243627131E-16, -1.000000000000000000, 0.000000000000000000 ) ) ;
#1665 = CARTESIAN_POINT ( 'NONE',  ( 0.000000000000000000, 0.000000000000000000, 0.000000000000000000 ) ) ;
#1666 = CARTESIAN_POINT ( 'NONE',  ( 0.000000000000000000, 0.000000000000000000, 120.0000000000000000 ) ) ;
#1667 = EDGE_CURVE ( 'NONE', #3317, #1131, #1983, .T. ) ;
#1668 = ORIENTED_EDGE ( 'NONE', *, *, #1026, .F. ) ;
#1669 = ORIENTED_EDGE ( 'NONE', *, *, #1351, .T. ) ;
#1670 = CARTESIAN_POINT ( 'NONE',  ( 98.00000000000004263, -170.9999999999999716, -0.001000000000001000089 ) ) ;
#1671 = LINE ( 'NONE', #2827, #294 ) ;
#1672 = ORIENTED_EDGE ( 'NONE', *, *, #4364, .T. ) ;
#1673 = ORIENTED_EDGE ( 'NONE', *, *, #3126, .F. ) ;
#1674 = APPLICATION_CONTEXT ( 'configuration controlled 3d designs of mechanical parts and assemblies' ) ;
#1675 = LINE ( 'NONE', #1951, #4524 ) ;
#1676 = CARTESIAN_POINT ( 'NONE',  ( 454.5560190713947009, -666.2605049465863658, 164.0245425973454871 ) ) ;
#1677 = CARTESIAN_POINT ( 'NONE',  ( 13.20000000000000639, -100.0000000000000284, 324.7999999999999545 ) ) ;
#1678 = VERTEX_POINT ( 'NONE', #3438 ) ;
#1679 = AXIS2_PLACEMENT_3D ( 'NONE', #3418, #4586, #159 ) ;
#1680 = DIRECTION ( 'NONE',  ( 0.7071067811865460184, 8.659560562354913137E-17, -0.7071067811865490160 ) ) ;
#1681 = ORIENTED_EDGE ( 'NONE', *, *, #3206, .T. ) ;
#1682 = CARTESIAN_POINT ( 'NONE',  ( 98.00000000000004263, -220.9999999999999432, -0.001000000000001000089 ) ) ;
#1683 = ITEM_DEFINED_TRANSFORMATION ( 'NONE', 'NONE', #3033,  #2966 ) ;
#1684 = VECTOR ( 'NONE', #507, 1000.000000000000000 ) ;
#1685 = CARTESIAN_POINT ( 'NONE',  ( 878.0000000000002274, -700.0000000000000000, 316.7999999999999545 ) ) ;
#1686 = CC_DESIGN_PERSON_AND_ORGANIZATION_ASSIGNMENT ( #3316, #4673, ( #3925 ) ) ;
#1687 = EDGE_CURVE ( 'NONE', #2897, #4229, #3312, .T. ) ;
#1688 = APPROVAL_ROLE ( '' ) ;
#1689 = CARTESIAN_POINT ( 'NONE',  ( 456.4241617914602216, -664.8750636607550177, 166.1218091184888408 ) ) ;
#1690 = CARTESIAN_POINT ( 'NONE',  ( 30.00000000000000711, -50.50000000000002842, 300.0000000000000000 ) ) ;
#1691 = FACE_OUTER_BOUND ( 'NONE', #1930, .T. ) ;
#1692 = LOCAL_TIME ( 8, 52, 31.00000000000000000, #148 ) ;
#1693 = AXIS2_PLACEMENT_3D ( 'NONE', #1414, #4334, #1094 ) ;
#1694 = EDGE_CURVE ( 'NONE', #4047, #696, #2751, .T. ) ;
#1695 = PLANE ( 'NONE',  #3899 ) ;
#1696 = VECTOR ( 'NONE', #1508, 1000.000000000000000 ) ;
#1697 = LINE ( 'NONE', #1799, #1413 ) ;
#1698 = COORDINATED_UNIVERSAL_TIME_OFFSET ( 8, 0, .AHEAD. ) ;
#1699 = VERTEX_POINT ( 'NONE', #4491 ) ;
#1700 = VERTEX_POINT ( 'NONE', #1957 ) ;
#1701 = EDGE_CURVE ( 'NONE', #265, #2846, #3843, .T. ) ;
#1702 = CARTESIAN_POINT ( 'NONE',  ( 7.961735002956730495E-14, -400.0000000000000000, 30.00000000000000000 ) ) ;
#1703 = COORDINATED_UNIVERSAL_TIME_OFFSET ( 8, 0, .AHEAD. ) ;
#1704 = EDGE_LOOP ( 'NONE', ( #1834, #121, #292, #3350 ) ) ;
#1705 = CARTESIAN_POINT ( 'NONE',  ( 30.00000000000009592, -778.0000000000000000, -0.000000000000000000 ) ) ;
#1706 = ORIENTED_EDGE ( 'NONE', *, *, #4671, .F. ) ;
#1707 = LINE ( 'NONE', #3905, #3753 ) ;
#1708 = CARTESIAN_POINT ( 'NONE',  ( 870.0000000000000000, -18.00000000000000000, -0.000000000000000000 ) ) ;
#1709 = FACE_OUTER_BOUND ( 'NONE', #1840, .T. ) ;
#1710 = CARTESIAN_POINT ( 'NONE',  ( -28.00000000000005684, -350.0000000000000000, 27.00000000000000000 ) ) ;
#1711 = ORIENTED_EDGE ( 'NONE', *, *, #553, .T. ) ;
#1712 = EDGE_CURVE ( 'NONE', #114, #1531, #3144, .T. ) ;
#1713 = DIRECTION ( 'NONE',  ( 0.000000000000000000, -1.000000000000000000, 0.000000000000000000 ) ) ;
#1714 = ORIENTED_EDGE ( 'NONE', *, *, #423, .F. ) ;
#1715 = DESIGN_CONTEXT ( 'detailed design', #3927, 'design' ) ;
#1716 = APPROVAL_ROLE ( '' ) ;
#1717 = CC_DESIGN_PERSON_AND_ORGANIZATION_ASSIGNMENT ( #2156, #4602, ( #1224 ) ) ;
#1718 = LINE ( 'NONE', #4284, #3981 ) ;
#1719 = ORIENTED_EDGE ( 'NONE', *, *, #2646, .T. ) ;
#1720 = EDGE_CURVE ( 'NONE', #3383, #278, #590, .T. ) ;
#1721 = CARTESIAN_POINT ( 'NONE',  ( 448.2099076748459083, -667.7180274843613006, 177.2875758734294322 ) ) ;
#1722 = ORIENTED_EDGE ( 'NONE', *, *, #2895, .F. ) ;
#1723 = CARTESIAN_POINT ( 'NONE',  ( 443.2287828072675211, -664.5978599508373463, 166.7654082762658163 ) ) ;
#1724 = DIRECTION ( 'NONE',  ( 1.000000000000000000, -0.000000000000000000, 0.000000000000000000 ) ) ;
#1725 = FACE_OUTER_BOUND ( 'NONE', #4256, .T. ) ;
#1726 = ORIENTED_EDGE ( 'NONE', *, *, #1117, .T. ) ;
#1727 = ORIENTED_EDGE ( 'NONE', *, *, #1631, .F. ) ;
#1728 = PLANE ( 'NONE',  #2277 ) ;
#1729 = EDGE_CURVE ( 'NONE', #4587, #298, #2640, .T. ) ;
#1730 = ORIENTED_EDGE ( 'NONE', *, *, #3215, .T. ) ;
#1731 = ORIENTED_EDGE ( 'NONE', *, *, #3969, .F. ) ;
#1732 = CARTESIAN_POINT ( 'NONE',  ( 870.0000000000000000, -18.00000000000000000, 300.0000000000000000 ) ) ;
#1733 = LINE ( 'NONE', #2936, #4107 ) ;
#1734 = PERSON_AND_ORGANIZATION_ROLE ( 'classification_officer' ) ;
#1735 = DIRECTION ( 'NONE',  ( 0.000000000000000000, 0.000000000000000000, -1.000000000000000000 ) ) ;
#1736 = CARTESIAN_POINT ( 'NONE',  ( 98.00000000000007105, -573.0000000000000000, -0.001000000000001000089 ) ) ;
#1737 = APPROVAL ( #248, '未指定' ) ;
#1738 = CARTESIAN_POINT ( 'NONE',  ( 98.00000000000004263, -170.9999999999999716, 90.00000000000000000 ) ) ;
#1739 = DIRECTION ( 'NONE',  ( -1.000000000000000000, -1.306212789964399565E-16, 0.000000000000000000 ) ) ;
#1740 = LINE ( 'NONE', #1492, #1285 ) ;
#1741 = DIRECTION ( 'NONE',  ( -0.000000000000000000, 1.000000000000000000, -0.000000000000000000 ) ) ;
#1742 = CARTESIAN_POINT ( 'NONE',  ( 68.00000000000012790, -548.0000000000000000, 155.0000000000000284 ) ) ;
#1743 = CARTESIAN_POINT ( 'NONE',  ( 886.8000000000000682, -50.49999999999992184, 324.7999999999999545 ) ) ;
#1744 = CC_DESIGN_DATE_AND_TIME_ASSIGNMENT ( #1175, #2061, ( #29 ) ) ;
#1745 = AXIS2_PLACEMENT_3D ( 'NONE', #2464, #2883, #2864 ) ;
#1746 = EDGE_CURVE ( 'NONE', #4340, #4150, #2522, .T. ) ;
#1747 = VECTOR ( 'NONE', #824, 1000.000000000000000 ) ;
#1748 = VECTOR ( 'NONE', #3267, 1000.000000000000000 ) ;
#1749 = PERSON_AND_ORGANIZATION_ROLE ( 'design_supplier' ) ;
#1750 = DATE_AND_TIME ( #2758, #1914 ) ;
#1751 = DIRECTION ( 'NONE',  ( -0.000000000000000000, 1.000000000000000000, -0.000000000000000000 ) ) ;
#1752 = DIRECTION ( 'NONE',  ( 1.000000000000000000, 0.000000000000000000, 0.000000000000000000 ) ) ;
#1753 = VERTEX_POINT ( 'NONE', #1913 ) ;
#1754 = LINE ( 'NONE', #3880, #1297 ) ;
#1755 = LINE ( 'NONE', #388, #4318 ) ;
#1756 = EDGE_CURVE ( 'NONE', #1651, #974, #4117, .T. ) ;
#1757 = LOCAL_TIME ( 8, 52, 31.00000000000000000, #2875 ) ;
#1758 = CARTESIAN_POINT ( 'NONE',  ( 9.797174393178825736E-14, -800.0000000000000000, 0.000000000000000000 ) ) ;
#1759 = EDGE_LOOP ( 'NONE', ( #825, #622, #1070, #4100 ) ) ;
#1760 = ORIENTED_EDGE ( 'NONE', *, *, #2918, .T. ) ;
#1761 = ORIENTED_EDGE ( 'NONE', *, *, #2151, .T. ) ;
#1762 = FACE_OUTER_BOUND ( 'NONE', #4608, .T. ) ;
#1763 = LINE ( 'NONE', #107, #3517 ) ;
#1764 = ORIENTED_EDGE ( 'NONE', *, *, #4393, .T. ) ;
#1765 = AXIS2_PLACEMENT_3D ( 'NONE', #2187, #4779, #3109 ) ;
#1766 = CARTESIAN_POINT ( 'NONE',  ( 453.7820886132618057, -666.7575989997324086, 176.4929908264115284 ) ) ;
#1767 = CARTESIAN_POINT ( 'NONE',  ( 449.0000000000001137, -400.0000000000000000, 30.00000000000000000 ) ) ;
#1768 = VECTOR ( 'NONE', #1188, 1000.000000000000000 ) ;
#1769 = VECTOR ( 'NONE', #1855, 1000.000000000000000 ) ;
#1770 = ORIENTED_EDGE ( 'NONE', *, *, #4520, .T. ) ;
#1771 = CARTESIAN_POINT ( 'NONE',  ( 22.00000000000000711, -749.5000000000000000, 324.7999999999999545 ) ) ;
#1772 = VECTOR ( 'NONE', #3941, 1000.000000000000000 ) ;
#1773 = ORIENTED_EDGE ( 'NONE', *, *, #4084, .T. ) ;
#1774 = EDGE_LOOP ( 'NONE', ( #3942, #4681, #2358, #3107 ) ) ;
#1775 = AXIS2_PLACEMENT_3D ( 'NONE', #1018, #3296, #2597 ) ;
#1776 = DIRECTION ( 'NONE',  ( -0.000000000000000000, -1.000000000000000000, -0.000000000000000000 ) ) ;
#1777 = DIRECTION ( 'NONE',  ( 1.000000000000000000, 0.000000000000000000, 3.942553354492743901E-17 ) ) ;
#1778 = CARTESIAN_POINT ( 'NONE',  ( 22.00000000000000711, -749.5000000000000000, 324.7999999999999545 ) ) ;
#1779 = VECTOR ( 'NONE', #3244, 1000.000000000000000 ) ;
#1780 = ORIENTED_EDGE ( 'NONE', *, *, #3163, .T. ) ;
#1781 = ORIENTED_EDGE ( 'NONE', *, *, #3659, .F. ) ;
#1782 = EDGE_CURVE ( 'NONE', #1699, #4322, #1347, .T. ) ;
#1783 = CARTESIAN_POINT ( 'NONE',  ( 889.1499999999999773, -50.49999999999992184, 316.0000000000000000 ) ) ;
#1784 = PLANE ( 'NONE',  #1953 ) ;
#1785 = ORIENTED_EDGE ( 'NONE', *, *, #1387, .T. ) ;
#1786 = CARTESIAN_POINT ( 'NONE',  ( 870.0000000000001137, -778.0000000000000000, 300.0000000000000000 ) ) ;
#1787 = ORIENTED_EDGE ( 'NONE', *, *, #2315, .F. ) ;
#1788 = DIRECTION ( 'NONE',  ( 1.000000000000000000, 0.000000000000000000, 0.000000000000000000 ) ) ;
#1789 = CIRCLE ( 'NONE', #282, 6.500000000000005329 ) ;
#1790 = ORIENTED_EDGE ( 'NONE', *, *, #3805, .F. ) ;
#1791 = CARTESIAN_POINT ( 'NONE',  ( 449.0000000000001137, 400.0000000000000000, 30.00000000000000000 ) ) ;
#1792 = EDGE_CURVE ( 'NONE', #2604, #967, #199, .T. ) ;
#1793 = CARTESIAN_POINT ( 'NONE',  ( 832.0000000000001137, -547.9999999999998863, 155.0000000000000284 ) ) ;
#1794 = AXIS2_PLACEMENT_3D ( 'NONE', #4702, #4731, #3602 ) ;
#1795 = DIRECTION ( 'NONE',  ( 1.000000000000000000, 0.000000000000000000, 0.000000000000000000 ) ) ;
#1796 = PERSON_AND_ORGANIZATION_ROLE ( 'classification_officer' ) ;
#1797 = DIRECTION ( 'NONE',  ( -1.000000000000000000, 0.000000000000000000, 0.000000000000000000 ) ) ;
#1798 = DIRECTION ( 'NONE',  ( 0.000000000000000000, 0.000000000000000000, -1.000000000000000000 ) ) ;
#1799 = CARTESIAN_POINT ( 'NONE',  ( 832.0000000000001137, -547.9999999999998863, 155.0000000000000284 ) ) ;
#1800 = EDGE_CURVE ( 'NONE', #3634, #528, #4002, .T. ) ;
#1801 = LINE ( 'NONE', #1008, #1748 ) ;
#1802 = CARTESIAN_POINT ( 'NONE',  ( 15.90000000000005720, 398.5000000000000000, 22.40000000000000568 ) ) ;
#1803 = LINE ( 'NONE', #2157, #485 ) ;
#1804 = PLANE ( 'NONE',  #4014 ) ;
#1805 = CC_DESIGN_APPROVAL ( #2973, ( #3069 ) ) ;
#1806 = AXIS2_PLACEMENT_3D ( 'NONE', #4207, #1287, #2870 ) ;
#1807 = ORIENTED_EDGE ( 'NONE', *, *, #938, .T. ) ;
#1808 = DIRECTION ( 'NONE',  ( 1.000000000000000000, 0.000000000000000000, 0.000000000000000000 ) ) ;
#1809 = DIRECTION ( 'NONE',  ( 0.000000000000000000, -0.000000000000000000, -1.000000000000000000 ) ) ;
#1810 = ADVANCED_FACE ( 'NONE', ( #3609 ), #1291, .F. ) ;
#1811 = DIRECTION ( 'NONE',  ( 0.000000000000000000, -0.000000000000000000, -1.000000000000000000 ) ) ;
#1812 = LINE ( 'NONE', #689, #3733 ) ;
#1813 = EDGE_CURVE ( 'NONE', #106, #1131, #1636, .T. ) ;
#1814 = CARTESIAN_POINT ( 'NONE',  ( 900.0000000000001137, -800.0000000000000000, 300.0000000000000000 ) ) ;
#1815 = ORIENTED_EDGE ( 'NONE', *, *, #3073, .F. ) ;
#1816 = ADVANCED_FACE ( 'NONE', ( #3498 ), #3200, .T. ) ;
#1817 = CARTESIAN_POINT ( 'NONE',  ( 30.00000000000000355, -18.00000000000000000, 300.0000000000000000 ) ) ;
#1818 = LINE ( 'NONE', #4531, #2999 ) ;
#1819 = CIRCLE ( 'NONE', #3125, 6.000000000000005329 ) ;
#1820 = DIRECTION ( 'NONE',  ( -0.000000000000000000, 1.000000000000000000, -0.000000000000000000 ) ) ;
#1821 = ORIENTED_EDGE ( 'NONE', *, *, #3394, .T. ) ;
#1822 = CARTESIAN_POINT ( 'NONE',  ( -0.001999999999960366814, -367.0000000000000568, 155.0000000000000284 ) ) ;
#1823 = CARTESIAN_POINT ( 'NONE',  ( 22.00000000000000711, -749.5000000000000000, 316.7999999999999545 ) ) ;
#1824 = VECTOR ( 'NONE', #1030, 1000.000000000000000 ) ;
#1825 = VECTOR ( 'NONE', #3766, 1000.000000000000000 ) ;
#1826 = AXIS2_PLACEMENT_3D ( 'NONE', #906, #555, #1885 ) ;
#1827 = VERTEX_POINT ( 'NONE', #3475 ) ;
#1828 = CARTESIAN_POINT ( 'NONE',  ( 443.3293375439770330, -664.6792996093646479, 173.4640204765635190 ) ) ;
#1829 = DIRECTION ( 'NONE',  ( 1.000000000000000000, 0.000000000000000000, 0.000000000000000000 ) ) ;
#1830 = DIRECTION ( 'NONE',  ( 0.000000000000000000, 0.000000000000000000, 1.000000000000000000 ) ) ;
#1831 = VECTOR ( 'NONE', #3428, 1000.000000000000000 ) ;
#1832 = ORIENTED_EDGE ( 'NONE', *, *, #670, .T. ) ;
#1833 = DIRECTION ( 'NONE',  ( -1.000000000000000000, -1.228122814850837064E-16, 0.000000000000000000 ) ) ;
#1834 = ORIENTED_EDGE ( 'NONE', *, *, #4278, .T. ) ;
#1835 = DIRECTION ( 'NONE',  ( -0.000000000000000000, -1.000000000000000000, -0.000000000000000000 ) ) ;
#1836 = APPROVAL ( #2079, '未指定' ) ;
#1837 = VECTOR ( 'NONE', #415, 1000.000000000000000 ) ;
#1838 = EDGE_CURVE ( 'NONE', #3344, #1845, #1515, .T. ) ;
#1839 = ORIENTED_EDGE ( 'NONE', *, *, #609, .T. ) ;
#1840 = EDGE_LOOP ( 'NONE', ( #2881, #1108, #688, #3353 ) ) ;
#1841 = DIRECTION ( 'NONE',  ( -1.000000000000000000, 0.000000000000000000, 0.000000000000000000 ) ) ;
#1842 = DIRECTION ( 'NONE',  ( 0.000000000000000000, 1.000000000000000000, 0.000000000000000000 ) ) ;
#1843 = VECTOR ( 'NONE', #2261, 1000.000000000000000 ) ;
#1844 = ORIENTED_EDGE ( 'NONE', *, *, #3139, .T. ) ;
#1845 = VERTEX_POINT ( 'NONE', #3493 ) ;
#1846 = AXIS2_PLACEMENT_3D ( 'NONE', #1660, #3518, #549 ) ;
#1847 = EDGE_CURVE ( 'NONE', #2949, #2982, #1043, .T. ) ;
#1848 = FACE_OUTER_BOUND ( 'NONE', #3136, .T. ) ;
#1849 = DIRECTION ( 'NONE',  ( -2.612425579928799129E-16, 1.000000000000000000, -0.000000000000000000 ) ) ;
#1850 = CARTESIAN_POINT ( 'NONE',  ( 870.0000000000000000, -366.9999999999999432, 155.0000000000000284 ) ) ;
#1851 = DIRECTION ( 'NONE',  ( -0.000000000000000000, -0.000000000000000000, -1.000000000000000000 ) ) ;
#1852 = AXIS2_PLACEMENT_3D ( 'NONE', #735, #2273, #4475 ) ;
#1853 = PRODUCT_DEFINITION_SHAPE ( 'NONE', 'NONE',  #4787 ) ;
#1854 = VECTOR ( 'NONE', #3038, 1000.000000000000000 ) ;
#1855 = DIRECTION ( 'NONE',  ( -0.000000000000000000, -0.000000000000000000, -1.000000000000000000 ) ) ;
#1856 = DIRECTION ( 'NONE',  ( 0.000000000000000000, -0.000000000000000000, 1.000000000000000000 ) ) ;
#1857 = PLANE ( 'NONE',  #1045 ) ;
#1858 = DIRECTION ( 'NONE',  ( -0.000000000000000000, 1.000000000000000000, -0.000000000000000000 ) ) ;
#1859 = FACE_OUTER_BOUND ( 'NONE', #4454, .T. ) ;
#1860 =( GEOMETRIC_REPRESENTATION_CONTEXT ( 3 ) GLOBAL_UNCERTAINTY_ASSIGNED_CONTEXT ( ( #2118 ) ) GLOBAL_UNIT_ASSIGNED_CONTEXT ( ( #2371, #1286, #2016 ) ) REPRESENTATION_CONTEXT ( 'NONE', 'WORKASPACE' ) );
#1861 = EDGE_CURVE ( 'NONE', #2876, #1057, #141, .T. ) ;
#1862 = ORIENTED_EDGE ( 'NONE', *, *, #4214, .T. ) ;
#1863 = ORIENTED_EDGE ( 'NONE', *, *, #4042, .F. ) ;
#1864 = LINE ( 'NONE', #780, #1358 ) ;
#1865 = PERSON_AND_ORGANIZATION ( #1525, #4321 ) ;
#1866 = ORIENTED_EDGE ( 'NONE', *, *, #2606, .T. ) ;
#1867 = PLANE ( 'NONE',  #1765 ) ;
#1868 = CIRCLE ( 'NONE', #2355, 5.049999999999998934 ) ;
#1869 = VERTEX_POINT ( 'NONE', #2341 ) ;
#1870 = EDGE_CURVE ( 'NONE', #2150, #1614, #414, .T. ) ;
#1871 = ADVANCED_FACE ( 'NONE', ( #253 ), #3663, .F. ) ;
#1872 = ORIENTED_EDGE ( 'NONE', *, *, #4526, .T. ) ;
#1873 = DIRECTION ( 'NONE',  ( -0.000000000000000000, -1.000000000000000000, -0.000000000000000000 ) ) ;
#1874 = DIRECTION ( 'NONE',  ( -0.000000000000000000, -1.000000000000000000, -0.000000000000000000 ) ) ;
#1875 = LINE ( 'NONE', #2761, #3748 ) ;
#1876 = ORIENTED_EDGE ( 'NONE', *, *, #3010, .F. ) ;
#1877 = EDGE_CURVE ( 'NONE', #458, #3317, #2394, .T. ) ;
#1878 = VERTEX_POINT ( 'NONE', #2726 ) ;
#1879 = CYLINDRICAL_SURFACE ( 'NONE', #749, 8.000000000000007105 ) ;
#1880 = CARTESIAN_POINT ( 'NONE',  ( 0.000000000000000000, 0.000000000000000000, 2.000000000000000000 ) ) ;
#1881 = DIRECTION ( 'NONE',  ( -0.000000000000000000, 1.000000000000000000, -0.000000000000000000 ) ) ;
#1882 = ORIENTED_EDGE ( 'NONE', *, *, #2773, .F. ) ;
#1883 = ORIENTED_EDGE ( 'NONE', *, *, #255, .F. ) ;
#1884 = CARTESIAN_POINT ( 'NONE',  ( 400.0000000000001137, -681.9999999999998863, 170.0000000000000284 ) ) ;
#1885 = DIRECTION ( 'NONE',  ( 0.000000000000000000, -0.000000000000000000, 1.000000000000000000 ) ) ;
#1886 = PRODUCT ( '吊柜16-柜门_吊柜16-柜门', '吊柜16-柜门_吊柜16-柜门', '', ( #3553 ) ) ;
#1887 = VERTEX_POINT ( 'NONE', #904 ) ;
#1888 = CARTESIAN_POINT ( 'NONE',  ( 98.00000000000004263, -220.9999999999999432, 99.99999999999998579 ) ) ;
#1889 = CARTESIAN_POINT ( 'NONE',  ( 98.00000000000004263, -170.9999999999999716, 249.9999999999999716 ) ) ;
#1890 = VERTEX_POINT ( 'NONE', #4215 ) ;
#1891 = EDGE_LOOP ( 'NONE', ( #525, #4723, #578, #2414 ) ) ;
#1892 = EDGE_CURVE ( 'NONE', #1960, #3207, #1345, .T. ) ;
#1893 = CARTESIAN_POINT ( 'NONE',  ( 15.90000000000005720, 300.0000000000000568, 10.90000000000000036 ) ) ;
#1894 = CARTESIAN_POINT ( 'NONE',  ( 832.0000000000001137, -366.9999999999999432, 155.0000000000000284 ) ) ;
#1895 = LINE ( 'NONE', #3608, #3292 ) ;
#1896 = ORIENTED_EDGE ( 'NONE', *, *, #1539, .F. ) ;
#1897 = ORIENTED_EDGE ( 'NONE', *, *, #3680, .T. ) ;
#1898 = ADVANCED_FACE ( 'NONE', ( #4299 ), #2205, .F. ) ;
#1899 = CARTESIAN_POINT ( 'NONE',  ( 15.90000000000005720, 400.0000000000000000, 15.90000000000000036 ) ) ;
#1900 = CC_DESIGN_DATE_AND_TIME_ASSIGNMENT ( #2397, #2035, ( #3652 ) ) ;
#1901 = ORIENTED_EDGE ( 'NONE', *, *, #3747, .T. ) ;
#1902 = DIRECTION ( 'NONE',  ( -0.000000000000000000, 1.000000000000000000, -0.000000000000000000 ) ) ;
#1903 = ORIENTED_EDGE ( 'NONE', *, *, #948, .F. ) ;
#1904 = DIRECTION ( 'NONE',  ( -1.137523590804461357E-16, 0.000000000000000000, 1.000000000000000000 ) ) ;
#1905 = EDGE_CURVE ( 'NONE', #2450, #607, #2697, .T. ) ;
#1906 = CARTESIAN_POINT ( 'NONE',  ( 900.0000000000000000, 0.000000000000000000, 300.0000000000000000 ) ) ;
#1907 = ORIENTED_EDGE ( 'NONE', *, *, #1161, .T. ) ;
#1908 = CARTESIAN_POINT ( 'NONE',  ( 98.00000000000007105, -573.0000000000000000, -0.001000000000001000089 ) ) ;
#1909 = PLANE ( 'NONE',  #619 ) ;
#1910 = DIRECTION ( 'NONE',  ( 0.000000000000000000, -1.000000000000000000, 1.228122814850837064E-16 ) ) ;
#1911 = ADVANCED_FACE ( 'NONE', ( #755 ), #4535, .T. ) ;
#1912 = FACE_OUTER_BOUND ( 'NONE', #3920, .T. ) ;
#1913 = CARTESIAN_POINT ( 'NONE',  ( 457.5000000000000000, -623.0000000000000000, 170.0000000000000284 ) ) ;
#1914 = LOCAL_TIME ( 8, 52, 31.00000000000000000, #2534 ) ;
#1915 = AXIS2_PLACEMENT_3D ( 'NONE', #2685, #4145, #1921 ) ;
#1916 = DIRECTION ( 'NONE',  ( 0.000000000000000000, 0.000000000000000000, -1.000000000000000000 ) ) ;
#1917 = CYLINDRICAL_SURFACE ( 'NONE', #4076, 5.000000000000000888 ) ;
#1918 = ADVANCED_FACE ( 'NONE', ( #3601 ), #179, .F. ) ;
#1919 = LINE ( 'NONE', #4552, #2814 ) ;
#1920 = DIRECTION ( 'NONE',  ( 0.000000000000000000, -1.000000000000000000, 0.000000000000000000 ) ) ;
#1921 = DIRECTION ( 'NONE',  ( 0.000000000000000000, 0.000000000000000000, -1.000000000000000000 ) ) ;
#1922 = DIRECTION ( 'NONE',  ( 0.000000000000000000, 0.000000000000000000, 1.000000000000000000 ) ) ;
#1923 = ORIENTED_EDGE ( 'NONE', *, *, #2586, .F. ) ;
#1924 = VECTOR ( 'NONE', #4218, 1000.000000000000000 ) ;
#1925 = DIRECTION ( 'NONE',  ( -0.000000000000000000, 1.000000000000000000, -0.000000000000000000 ) ) ;
#1926 = CC_DESIGN_PERSON_AND_ORGANIZATION_ASSIGNMENT ( #313, #1796, ( #3778 ) ) ;
#1927 = DATE_AND_TIME ( #268, #3322 ) ;
#1928 = AXIS2_PLACEMENT_3D ( 'NONE', #4494, #1842, #792 ) ;
#1929 = DIRECTION ( 'NONE',  ( 0.000000000000000000, -0.000000000000000000, -1.000000000000000000 ) ) ;
#1930 = EDGE_LOOP ( 'NONE', ( #781, #4287, #1996, #3581, #4134, #3852 ) ) ;
#1931 = ORIENTED_EDGE ( 'NONE', *, *, #3654, .F. ) ;
#1932 = CARTESIAN_POINT ( 'NONE',  ( 400.0000000000001137, -672.9999999999998863, 170.0000000000000284 ) ) ;
#1933 = CARTESIAN_POINT ( 'NONE',  ( 802.0000000000000000, -573.0000000000000000, -0.001000000000001000089 ) ) ;
#1934 = VERTEX_POINT ( 'NONE', #627 ) ;
#1935 = AXIS2_PLACEMENT_3D ( 'NONE', #2514, #290, #2882 ) ;
#1936 = EDGE_CURVE ( 'NONE', #2846, #4674, #699, .T. ) ;
#1937 = FACE_OUTER_BOUND ( 'NONE', #35, .T. ) ;
#1938 = LINE ( 'NONE', #377, #2831 ) ;
#1939 = ADVANCED_FACE ( 'NONE', ( #3308 ), #2847, .F. ) ;
#1940 = ORIENTED_EDGE ( 'NONE', *, *, #2036, .T. ) ;
#1941 = DIRECTION ( 'NONE',  ( 0.000000000000000000, 0.000000000000000000, -1.000000000000000000 ) ) ;
#1942 = CARTESIAN_POINT ( 'NONE',  ( 30.00000000000001421, -100.0000000000000284, 300.0000000000000000 ) ) ;
#1943 = DIRECTION ( 'NONE',  ( 0.000000000000000000, 0.000000000000000000, 1.000000000000000000 ) ) ;
#1944 = VECTOR ( 'NONE', #2988, 1000.000000000000000 ) ;
#1945 = EDGE_CURVE ( 'NONE', #2142, #2472, #530, .T. ) ;
#1946 = LINE ( 'NONE', #1348, #1772 ) ;
#1947 = CARTESIAN_POINT ( 'NONE',  ( 870.0000000000001137, -777.9999999999998863, 279.9999999999999432 ) ) ;
#1948 = ORIENTED_EDGE ( 'NONE', *, *, #553, .F. ) ;
#1949 = DIRECTION ( 'NONE',  ( -1.000000000000000000, -1.306212789964399565E-16, 0.000000000000000000 ) ) ;
#1950 = ADVANCED_FACE ( 'NONE', ( #3196 ), #2091, .T. ) ;
#1951 = CARTESIAN_POINT ( 'NONE',  ( 802.0000000000000000, -573.0000000000000000, -0.001000000000001000089 ) ) ;
#1952 = CIRCLE ( 'NONE', #1305, 8.000000000000007105 ) ;
#1953 = AXIS2_PLACEMENT_3D ( 'NONE', #2194, #702, #1809 ) ;
#1954 = APPROVAL_ROLE ( '' ) ;
#1955 = ORIENTED_EDGE ( 'NONE', *, *, #4129, .T. ) ;
#1956 = VERTEX_POINT ( 'NONE', #3160 ) ;
#1957 = CARTESIAN_POINT ( 'NONE',  ( 98.00000000000004263, -603.0000000000000000, 99.99999999999998579 ) ) ;
#1958 = CARTESIAN_POINT ( 'NONE',  ( 33.00000000000007105, 350.0000000000000000, 27.00000000000000711 ) ) ;
#1959 = LINE ( 'NONE', #1513, #966 ) ;
#1960 = VERTEX_POINT ( 'NONE', #1346 ) ;
#1961 = VERTEX_POINT ( 'NONE', #3946 ) ;
#1962 = CARTESIAN_POINT ( 'NONE',  ( 400.0000000000001137, -663.9999999999998863, 170.0000000000000284 ) ) ;
#1963 = DIRECTION ( 'NONE',  ( 0.000000000000000000, -1.000000000000000000, 0.000000000000000000 ) ) ;
#1964 = EDGE_CURVE ( 'NONE', #4447, #3947, #586, .T. ) ;
#1965 = ORIENTED_EDGE ( 'NONE', *, *, #94, .T. ) ;
#1966 = EDGE_LOOP ( 'NONE', ( #4662, #71 ) ) ;
#1967 = CARTESIAN_POINT ( 'NONE',  ( 15.90000000000005720, -398.5000000000000000, 22.40000000000000568 ) ) ;
#1968 = LINE ( 'NONE', #4406, #977 ) ;
#1969 = CARTESIAN_POINT ( 'NONE',  ( 869.9999999999998863, -778.0000000000000000, 2.000000000000000000 ) ) ;
#1970 = CARTESIAN_POINT ( 'NONE',  ( 5.200000000000002842, -50.50000000000002842, 300.0000000000000000 ) ) ;
#1971 = ADVANCED_FACE ( 'NONE', ( #2632 ), #2422, .F. ) ;
#1972 = CC_DESIGN_SECURITY_CLASSIFICATION ( #3069, ( #4789 ) ) ;
#1973 =( REPRESENTATION_RELATIONSHIP ('NONE','NONE', #2701, #666 ) REPRESENTATION_RELATIONSHIP_WITH_TRANSFORMATION ( #1101 )SHAPE_REPRESENTATION_RELATIONSHIP( ) );
#1974 = EDGE_CURVE ( 'NONE', #565, #2850, #1397, .T. ) ;
#1975 = DIRECTION ( 'NONE',  ( 0.000000000000000000, 0.000000000000000000, 1.000000000000000000 ) ) ;
#1976 = VECTOR ( 'NONE', #325, 1000.000000000000000 ) ;
#1977 = ADVANCED_FACE ( 'NONE', ( #3945 ), #363, .F. ) ;
#1978 = CARTESIAN_POINT ( 'NONE',  ( 98.00000000000004263, -170.9999999999999716, -0.001000000000001000089 ) ) ;
#1979 = EDGE_CURVE ( 'NONE', #596, #2279, #3495, .T. ) ;
#1980 = CARTESIAN_POINT ( 'NONE',  ( 7.961735002956730495E-14, 400.0000000000000000, 27.00000000000000355 ) ) ;
#1981 = DIRECTION ( 'NONE',  ( 0.000000000000000000, 0.000000000000000000, -1.000000000000000000 ) ) ;
#1982 = CARTESIAN_POINT ( 'NONE',  ( 98.00000000000004263, -270.9999999999998863, 90.00000000000001421 ) ) ;
#1983 = LINE ( 'NONE', #789, #4060 ) ;
#1984 = PERSON_AND_ORGANIZATION ( #1078, #3952 ) ;
#1985 = DIRECTION ( 'NONE',  ( 0.000000000000000000, -0.000000000000000000, 1.000000000000000000 ) ) ;
#1986 = DIRECTION ( 'NONE',  ( -2.065146995210486914E-16, -0.000000000000000000, -1.000000000000000000 ) ) ;
#1987 = CARTESIAN_POINT ( 'NONE',  ( 870.0000000000001137, -700.0000000000000000, 300.0000000000000000 ) ) ;
#1988 = LINE ( 'NONE', #1066, #1289 ) ;
#1989 = DATE_AND_TIME ( #3104, #935 ) ;
#1990 = APPROVAL_ROLE ( '' ) ;
#1991 = ORIENTED_EDGE ( 'NONE', *, *, #399, .F. ) ;
#1992 = CARTESIAN_POINT ( 'NONE',  ( 98.00000000000004263, -270.9999999999998863, -0.001000000000001000089 ) ) ;
#1993 = CC_DESIGN_APPROVAL ( #1737, ( #2383 ) ) ;
#1994 = ORIENTED_EDGE ( 'NONE', *, *, #2094, .F. ) ;
#1995 = ADVANCED_FACE ( 'NONE', ( #1633 ), #979, .T. ) ;
#1996 = ORIENTED_EDGE ( 'NONE', *, *, #1945, .T. ) ;
#1997 = DIRECTION ( 'NONE',  ( -1.000000000000000000, -1.306212789964399565E-16, 0.000000000000000000 ) ) ;
#1998 = ORIENTED_EDGE ( 'NONE', *, *, #2706, .T. ) ;
#1999 = LINE ( 'NONE', #4464, #2770 ) ;
#2000 = CC_DESIGN_PERSON_AND_ORGANIZATION_ASSIGNMENT ( #3159, #2112, ( #2447 ) ) ;
#2001 = AXIS2_PLACEMENT_3D ( 'NONE', #55, #2207, #739 ) ;
#2002 = FACE_OUTER_BOUND ( 'NONE', #319, .T. ) ;
#2003 = DIRECTION ( 'NONE',  ( 0.000000000000000000, 0.000000000000000000, -1.000000000000000000 ) ) ;
#2004 = ORIENTED_EDGE ( 'NONE', *, *, #978, .F. ) ;
#2005 = SECURITY_CLASSIFICATION_LEVEL ( 'unclassified' ) ;
#2006 = DIRECTION ( 'NONE',  ( -0.000000000000000000, -1.000000000000000000, -0.000000000000000000 ) ) ;
#2007 = VECTOR ( 'NONE', #410, 1000.000000000000000 ) ;
#2008 = AXIS2_PLACEMENT_3D ( 'NONE', #988, #1739, #3662 ) ;
#2009 = PLANE ( 'NONE',  #1826 ) ;
#2010 = EDGE_LOOP ( 'NONE', ( #4440, #318, #3934, #1114 ) ) ;
#2011 = EDGE_CURVE ( 'NONE', #944, #667, #4239, .T. ) ;
#2012 = CONICAL_SURFACE ( 'NONE', #1213, 4.000000000000017764, 0.7853981633974460586 ) ;
#2013 = DIRECTION ( 'NONE',  ( -1.000000000000000000, -0.000000000000000000, -0.000000000000000000 ) ) ;
#2014 = CARTESIAN_POINT ( 'NONE',  ( 900.0000000000000000, 0.000000000000000000, 300.0000000000000000 ) ) ;
#2015 = ORIENTED_EDGE ( 'NONE', *, *, #3815, .F. ) ;
#2016 =( NAMED_UNIT ( * ) SI_UNIT ( $, .STERADIAN. ) SOLID_ANGLE_UNIT ( ) );
#2017 = CLOSED_SHELL ( 'NONE', ( #2997, #193, #2730, #1995, #805, #1157, #2904, #427, #3122 ) ) ;
#2018 = ORIENTED_EDGE ( 'NONE', *, *, #3629, .F. ) ;
#2019 = DIRECTION ( 'NONE',  ( 1.000000000000000000, 1.306212789964399565E-16, -0.000000000000000000 ) ) ;
#2020 = ADVANCED_FACE ( 'NONE', ( #812 ), #1695, .F. ) ;
#2021 = PERSON_AND_ORGANIZATION_ROLE ( 'classification_officer' ) ;
#2022 = ORIENTED_EDGE ( 'NONE', *, *, #4427, .T. ) ;
#2023 = CARTESIAN_POINT ( 'NONE',  ( -4.000000000000017764, 0.000000000000000000, 120.0000000000000000 ) ) ;
#2024 = ORIENTED_EDGE ( 'NONE', *, *, #430, .T. ) ;
#2025 = VERTEX_POINT ( 'NONE', #3897 ) ;
#2026 = CARTESIAN_POINT ( 'NONE',  ( 870.0000000000001137, -760.0000000000000000, 300.0000000000000568 ) ) ;
#2027 = DIRECTION ( 'NONE',  ( 2.612425579928799129E-16, -1.000000000000000000, 0.000000000000000000 ) ) ;
#2028 = AXIS2_PLACEMENT_3D ( 'NONE', #4615, #913, #4186 ) ;
#2029 = AXIS2_PLACEMENT_3D ( 'NONE', #4414, #3258, #1050 ) ;
#2030 = VERTEX_POINT ( 'NONE', #2086 ) ;
#2031 =( NAMED_UNIT ( * ) SI_UNIT ( $, .STERADIAN. ) SOLID_ANGLE_UNIT ( ) );
#2032 = CARTESIAN_POINT ( 'NONE',  ( 98.00000000000004263, -220.9999999999999432, 90.00000000000000000 ) ) ;
#2033 = CARTESIAN_POINT ( 'NONE',  ( 886.8000000000002956, -749.5000000000000000, 324.7999999999999545 ) ) ;
#2034 = CALENDAR_DATE ( 2026, 5, 6 ) ;
#2035 = DATE_TIME_ROLE ( 'classification_date' ) ;
#2036 = EDGE_CURVE ( 'NONE', #458, #944, #644, .T. ) ;
#2037 = VECTOR ( 'NONE', #2137, 1000.000000000000000 ) ;
#2038 = EDGE_CURVE ( 'NONE', #126, #1600, #4412, .T. ) ;
#2039 = DIRECTION ( 'NONE',  ( 2.612425579928799129E-16, -1.000000000000000000, -0.000000000000000000 ) ) ;
#2040 = DATE_AND_TIME ( #989, #204 ) ;
#2041 = CARTESIAN_POINT ( 'NONE',  ( 98.00000000000004263, -220.9999999999999432, 99.99999999999998579 ) ) ;
#2042 = DIRECTION ( 'NONE',  ( 1.000000000000000000, 1.306212789964399565E-16, -0.000000000000000000 ) ) ;
#2043 = LINE ( 'NONE', #3772, #2215 ) ;
#2044 = EDGE_LOOP ( 'NONE', ( #1770, #1392, #3879, #168, #2349, #1482 ) ) ;
#2045 = VECTOR ( 'NONE', #717, 1000.000000000000000 ) ;
#2046 = APPLICATION_PROTOCOL_DEFINITION ( 'international standard', 'config_control_design', 1994, #277 ) ;
#2047 = CALENDAR_DATE ( 2026, 5, 6 ) ;
#2048 = AXIS2_PLACEMENT_3D ( 'NONE', #25, #3779, #3711 ) ;
#2049 = CARTESIAN_POINT ( 'NONE',  ( 30.00000000000000355, -50.50000000000002842, 300.0000000000000000 ) ) ;
#2050 = EDGE_LOOP ( 'NONE', ( #2567, #4574 ) ) ;
#2051 = CARTESIAN_POINT ( 'NONE',  ( 68.00000000000005684, -170.9999999999999716, 90.00000000000000000 ) ) ;
#2052 = ORIENTED_EDGE ( 'NONE', *, *, #1465, .F. ) ;
#2053 = FACE_BOUND ( 'NONE', #657, .T. ) ;
#2054 = EDGE_CURVE ( 'NONE', #2123, #3134, #2805, .T. ) ;
#2055 = VERTEX_POINT ( 'NONE', #1053 ) ;
#2056 = PLANE ( 'NONE',  #2781 ) ;
#2057 = ORIENTED_EDGE ( 'NONE', *, *, #1380, .F. ) ;
#2058 = DIRECTION ( 'NONE',  ( -0.000000000000000000, 1.000000000000000000, -0.000000000000000000 ) ) ;
#2059 = FACE_OUTER_BOUND ( 'NONE', #907, .T. ) ;
#2060 = LINE ( 'NONE', #348, #2598 ) ;
#2061 = DATE_TIME_ROLE ( 'classification_date' ) ;
#2062 = VERTEX_POINT ( 'NONE', #4712 ) ;
#2063 = EDGE_CURVE ( 'NONE', #1531, #1887, #3246, .T. ) ;
#2064 = CARTESIAN_POINT ( 'NONE',  ( 442.7828566773272314, -664.2344339855246744, 167.9437299850925740 ) ) ;
#2065 = VECTOR ( 'NONE', #758, 1000.000000000000000 ) ;
#2066 = LINE ( 'NONE', #2863, #1825 ) ;
#2067 = ORIENTED_EDGE ( 'NONE', *, *, #527, .T. ) ;
#2068 = EDGE_LOOP ( 'NONE', ( #1432, #2409, #4344, #2769, #2441, #888 ) ) ;
#2069 = PLANE ( 'NONE',  #359 ) ;
#2070 = EDGE_CURVE ( 'NONE', #967, #3134, #4195, .T. ) ;
#2071 = FACE_OUTER_BOUND ( 'NONE', #2673, .T. ) ;
#2072 = ORIENTED_EDGE ( 'NONE', *, *, #2363, .T. ) ;
#2073 = ORIENTED_EDGE ( 'NONE', *, *, #2950, .T. ) ;
#2074 = DIRECTION ( 'NONE',  ( 1.306212789964399565E-16, -1.000000000000000000, 0.000000000000000000 ) ) ;
#2075 = CARTESIAN_POINT ( 'NONE',  ( 5.200000000000002842, -749.5000000000000000, 300.0000000000000000 ) ) ;
#2076 = DIRECTION ( 'NONE',  ( 0.000000000000000000, 1.000000000000000000, 0.000000000000000000 ) ) ;
#2077 = ORIENTED_EDGE ( 'NONE', *, *, #4374, .T. ) ;
#2078 = VERTEX_POINT ( 'NONE', #1435 ) ;
#2079 = APPROVAL_STATUS ( 'not_yet_approved' ) ;
#2080 = CARTESIAN_POINT ( 'NONE',  ( 448.7019001031201242, -667.8638665841252759, 177.3910844469053814 ) ) ;
#2081 = CARTESIAN_POINT ( 'NONE',  ( 457.0619147021864705, -664.3617912873788782, 167.4614337226568637 ) ) ;
#2082 = CARTESIAN_POINT ( 'NONE',  ( 870.0000000000001137, -777.9999999999998863, 300.0000000000000000 ) ) ;
#2083 = ORIENTED_EDGE ( 'NONE', *, *, #1945, .F. ) ;
#2084 = EDGE_LOOP ( 'NONE', ( #4614, #1080, #3413, #403 ) ) ;
#2085 = PLANE ( 'NONE',  #2236 ) ;
#2086 = CARTESIAN_POINT ( 'NONE',  ( 870.0000000000001137, -778.0000000000000000, 20.00000000000001776 ) ) ;
#2087 = VECTOR ( 'NONE', #2121, 1000.000000000000000 ) ;
#2088 = ORIENTED_EDGE ( 'NONE', *, *, #3509, .T. ) ;
#2089 = DIRECTION ( 'NONE',  ( -1.000000000000000000, -1.306212789964399565E-16, 0.000000000000000000 ) ) ;
#2090 = APPROVAL_DATE_TIME ( #3658, #2217 ) ;
#2091 = TOROIDAL_SURFACE ( 'NONE', #2423, 6.000000000000011546, 3.000000000000000000 ) ;
#2092 = CARTESIAN_POINT ( 'NONE',  ( 7.961735002956730495E-14, 400.0000000000000000, 30.00000000000000000 ) ) ;
#2093 = CC_DESIGN_DATE_AND_TIME_ASSIGNMENT ( #942, #215, ( #4006 ) ) ;
#2094 = EDGE_CURVE ( 'NONE', #2361, #3349, #3153, .T. ) ;
#2095 = CARTESIAN_POINT ( 'NONE',  ( 0.000000000000000000, 0.000000000000000000, 0.000000000000000000 ) ) ;
#2096 = CARTESIAN_POINT ( 'NONE',  ( 447.5041826290376434, -667.4381676050620626, 177.0767792555013784 ) ) ;
#2097 = CARTESIAN_POINT ( 'NONE',  ( 456.7737912871058370, -664.5957840785060853, 166.7708258784612099 ) ) ;
#2098 = VECTOR ( 'NONE', #395, 1000.000000000000000 ) ;
#2099 = AXIS2_PLACEMENT_3D ( 'NONE', #1288, #4645, #3103 ) ;
#2100 = EDGE_CURVE ( 'NONE', #42, #336, #650, .T. ) ;
#2101 = CARTESIAN_POINT ( 'NONE',  ( 497.0000000000001137, -672.9999999999998863, 170.0000000000000284 ) ) ;
#2102 = VECTOR ( 'NONE', #3999, 1000.000000000000000 ) ;
#2103 = DIRECTION ( 'NONE',  ( -0.000000000000000000, 1.000000000000000000, -0.000000000000000000 ) ) ;
#2104 = APPROVAL_DATE_TIME ( #2040, #4269 ) ;
#2105 = ORIENTED_EDGE ( 'NONE', *, *, #2479, .T. ) ;
#2106 = LINE ( 'NONE', #897, #376 ) ;
#2107 = CARTESIAN_POINT ( 'NONE',  ( 30.00000000000009592, -760.0000000000000000, 300.0000000000000568 ) ) ;
#2108 = DIRECTION ( 'NONE',  ( 0.000000000000000000, 0.000000000000000000, -1.000000000000000000 ) ) ;
#2109 = PRODUCT_DEFINITION_SHAPE ( 'NONE', 'NONE',  #4791 ) ;
#2110 = APPROVAL_DATE_TIME ( #1927, #1737 ) ;
#2111 = ORIENTED_EDGE ( 'NONE', *, *, #2497, .F. ) ;
#2112 = PERSON_AND_ORGANIZATION_ROLE ( 'design_supplier' ) ;
#2113 = VERTEX_POINT ( 'NONE', #645 ) ;
#2114 = AXIS2_PLACEMENT_3D ( 'NONE', #22, #2614, #387 ) ;
#2115 = CARTESIAN_POINT ( 'NONE',  ( 457.2298370595082133, -664.2240704049376063, 172.0603990610083542 ) ) ;
#2116 = CARTESIAN_POINT ( 'NONE',  ( 445.0867447398102286, -666.0115808387830612, 164.3144822208372773 ) ) ;
#2117 = ORIENTED_EDGE ( 'NONE', *, *, #1546, .F. ) ;
#2118 = UNCERTAINTY_MEASURE_WITH_UNIT (LENGTH_MEASURE( 1.000000000000000082E-05 ), #2371, 'distance_accuracy_value', 'NONE');
#2119 = CARTESIAN_POINT ( 'NONE',  ( 30.00000000000000355, -18.00000000000000000, 20.00000000000001776 ) ) ;
#2120 = VECTOR ( 'NONE', #1256, 1000.000000000000000 ) ;
#2121 = DIRECTION ( 'NONE',  ( -0.000000000000000000, -0.000000000000000000, -1.000000000000000000 ) ) ;
#2122 = ORIENTED_EDGE ( 'NONE', *, *, #461, .T. ) ;
#2123 = VERTEX_POINT ( 'NONE', #4727 ) ;
#2124 = CC_DESIGN_PERSON_AND_ORGANIZATION_ASSIGNMENT ( #884, #4395, ( #3636 ) ) ;
#2125 = EDGE_CURVE ( 'NONE', #4150, #2554, #1812, .T. ) ;
#2126 = FACE_OUTER_BOUND ( 'NONE', #447, .T. ) ;
#2127 = CARTESIAN_POINT ( 'NONE',  ( 15.00000000000007994, -400.0000000000000000, 15.00000000000000000 ) ) ;
#2128 = DIRECTION ( 'NONE',  ( -1.927470528863117076E-16, -1.000000000000000000, 0.000000000000000000 ) ) ;
#2129 = ORIENTED_EDGE ( 'NONE', *, *, #2448, .F. ) ;
#2130 = DIRECTION ( 'NONE',  ( 0.000000000000000000, -0.000000000000000000, 1.000000000000000000 ) ) ;
#2131 = CIRCLE ( 'NONE', #4191, 6.500000000000005329 ) ;
#2132 = AXIS2_PLACEMENT_3D ( 'NONE', #3255, #3639, #684 ) ;
#2133 = VERTEX_POINT ( 'NONE', #4021 ) ;
#2134 = EDGE_CURVE ( 'NONE', #1416, #4665, #1697, .T. ) ;
#2135 = DIRECTION ( 'NONE',  ( 1.000000000000000000, 0.000000000000000000, -2.065146995210486914E-16 ) ) ;
#2136 = ORIENTED_EDGE ( 'NONE', *, *, #3307, .F. ) ;
#2137 = DIRECTION ( 'NONE',  ( -1.000000000000000000, -1.384302765077962065E-16, -0.000000000000000000 ) ) ;
#2138 = VERTEX_POINT ( 'NONE', #662 ) ;
#2139 = EDGE_CURVE ( 'NONE', #2937, #2508, #1230, .T. ) ;
#2140 = FACE_OUTER_BOUND ( 'NONE', #1759, .T. ) ;
#2141 = VERTEX_POINT ( 'NONE', #1002 ) ;
#2142 = VERTEX_POINT ( 'NONE', #2561 ) ;
#2143 = CARTESIAN_POINT ( 'NONE',  ( 7.961735002956730495E-14, -299.9999999999999432, 30.00000000000000000 ) ) ;
#2144 = PLANE ( 'NONE',  #2306 ) ;
#2145 = CARTESIAN_POINT ( 'NONE',  ( 870.0000000000000000, -99.99999999999992895, 316.7999999999999545 ) ) ;
#2146 = CIRCLE ( 'NONE', #4250, 15.00000000000000000 ) ;
#2147 = VERTEX_POINT ( 'NONE', #4743 ) ;
#2148 = CARTESIAN_POINT ( 'NONE',  ( 453.3765633514598221, -666.9990982739228684, 176.7136182844077155 ) ) ;
#2149 = CARTESIAN_POINT ( 'NONE',  ( 15.90000000000000036, -749.5000000000000000, 310.9499999999999886 ) ) ;
#2150 = VERTEX_POINT ( 'NONE', #4773 ) ;
#2151 = EDGE_CURVE ( 'NONE', #607, #1956, #2854, .T. ) ;
#2152 = CARTESIAN_POINT ( 'NONE',  ( 15.90000000000005720, 300.0000000000000568, 20.90000000000000213 ) ) ;
#2153 = LINE ( 'NONE', #2645, #256 ) ;
#2154 = CARTESIAN_POINT ( 'NONE',  ( 15.90000000000005720, 398.5000000000000568, 10.90000000000000036 ) ) ;
#2155 = DIRECTION ( 'NONE',  ( 0.000000000000000000, 0.000000000000000000, 1.000000000000000000 ) ) ;
#2156 = PERSON_AND_ORGANIZATION ( #3387, #2699 ) ;
#2157 = CARTESIAN_POINT ( 'NONE',  ( 98.00000000000007105, -573.0000000000000000, 249.9999999999999716 ) ) ;
#2158 = EDGE_CURVE ( 'NONE', #2982, #3764, #2745, .T. ) ;
#2159 = FACE_BOUND ( 'NONE', #4157, .T. ) ;
#2160 = CARTESIAN_POINT ( 'NONE',  ( 444.4226224455923102, -665.5297164065347033, 175.0356619331998047 ) ) ;
#2161 = DIRECTION ( 'NONE',  ( -0.000000000000000000, 1.000000000000000000, -0.000000000000000000 ) ) ;
#2162 = CARTESIAN_POINT ( 'NONE',  ( 15.00000000000007994, 0.000000000000000000, 0.000000000000000000 ) ) ;
#2163 = VECTOR ( 'NONE', #3523, 1000.000000000000000 ) ;
#2164 = VECTOR ( 'NONE', #4169, 1000.000000000000000 ) ;
#2165 = EDGE_CURVE ( 'NONE', #2536, #4317, #2511, .T. ) ;
#2166 = DIRECTION ( 'NONE',  ( -1.228122814850837064E-16, 1.000000000000000000, -1.228122814850837064E-16 ) ) ;
#2167 = ORIENTED_EDGE ( 'NONE', *, *, #1448, .T. ) ;
#2168 = LINE ( 'NONE', #1315, #1924 ) ;
#2169 = ORIENTED_EDGE ( 'NONE', *, *, #816, .T. ) ;
#2170 = CARTESIAN_POINT ( 'NONE',  ( 870.0000000000000000, -50.49999999999992184, 316.7999999999999545 ) ) ;
#2171 = DIRECTION ( 'NONE',  ( 0.000000000000000000, 0.000000000000000000, -1.000000000000000000 ) ) ;
#2172 = FACE_BOUND ( 'NONE', #1496, .T. ) ;
#2173 = ORIENTED_EDGE ( 'NONE', *, *, #3450, .F. ) ;
#2174 = ORIENTED_EDGE ( 'NONE', *, *, #1225, .F. ) ;
#2175 = AXIS2_PLACEMENT_3D ( 'NONE', #2477, #961, #4313 ) ;
#2176 = DIRECTION ( 'NONE',  ( 0.000000000000000000, -1.000000000000000000, 0.000000000000000000 ) ) ;
#2177 = CARTESIAN_POINT ( 'NONE',  ( 98.00000000000004263, -603.0000000000000000, 99.99999999999998579 ) ) ;
#2178 = DIRECTION ( 'NONE',  ( 0.000000000000000000, 0.000000000000000000, 1.000000000000000000 ) ) ;
#2179 = FACE_BOUND ( 'NONE', #2237, .T. ) ;
#2180 = CLOSED_SHELL ( 'NONE', ( #2658, #4444, #473, #1898, #3834, #358, #1871, #3490, #1918, #3670, #4113, #322, #3470, #4503, #2984, #2682, #536, #4210, #3360, #520, #1568, #91, #3050, #2328, #4528, #3695, #1634, #1168, #3035 ) ) ;
#2181 = VECTOR ( 'NONE', #2128, 1000.000000000000000 ) ;
#2182 = DIRECTION ( 'NONE',  ( 1.000000000000000000, 0.000000000000000000, 0.000000000000000000 ) ) ;
#2183 = LINE ( 'NONE', #3840, #1193 ) ;
#2184 = CARTESIAN_POINT ( 'NONE',  ( 7.979727989493312634E-14, -350.0000000000000000, 15.00000000000000000 ) ) ;
#2185 = EDGE_LOOP ( 'NONE', ( #3227, #3326, #2609, #1761 ) ) ;
#2186 = CC_DESIGN_SECURITY_CLASSIFICATION ( #3239, ( #4337 ) ) ;
#2187 = CARTESIAN_POINT ( 'NONE',  ( 878.0000000000000000, -50.49999999999992184, 316.7999999999999545 ) ) ;
#2188 = ORIENTED_EDGE ( 'NONE', *, *, #3654, .T. ) ;
#2189 = ORIENTED_EDGE ( 'NONE', *, *, #2158, .T. ) ;
#2190 = APPROVAL_ROLE ( '' ) ;
#2191 = AXIS2_PLACEMENT_3D ( 'NONE', #4425, #1820, #757 ) ;
#2192 = EDGE_CURVE ( 'NONE', #3645, #96, #4527, .T. ) ;
#2193 = CARTESIAN_POINT ( 'NONE',  ( 13.20000000000000462, -749.5000000000000000, 316.7999999999999545 ) ) ;
#2194 = CARTESIAN_POINT ( 'NONE',  ( 98.00000000000007105, -573.0000000000000000, -0.001000000000001000089 ) ) ;
#2195 = VERTEX_POINT ( 'NONE', #2119 ) ;
#2196 = DIRECTION ( 'NONE',  ( 2.612425579928799129E-16, -1.000000000000000000, -0.000000000000000000 ) ) ;
#2197 = ORIENTED_EDGE ( 'NONE', *, *, #887, .F. ) ;
#2198 = LINE ( 'NONE', #3402, #4404 ) ;
#2199 = ORIENTED_EDGE ( 'NONE', *, *, #2719, .F. ) ;
#2200 = CARTESIAN_POINT ( 'NONE',  ( 1140.000000000000000, -777.9999999999998863, 300.0000000000000000 ) ) ;
#2201 = EDGE_CURVE ( 'NONE', #682, #1331, #4233, .T. ) ;
#2202 = DIRECTION ( 'NONE',  ( 1.000000000000000000, 1.306212789964399565E-16, -0.000000000000000000 ) ) ;
#2203 = AXIS2_PLACEMENT_3D ( 'NONE', #2921, #4398, #685 ) ;
#2204 = LOCAL_TIME ( 8, 52, 31.00000000000000000, #584 ) ;
#2205 = CYLINDRICAL_SURFACE ( 'NONE', #1159, 5.000000000000000888 ) ;
#2206 = CARTESIAN_POINT ( 'NONE',  ( 68.00000000000005684, -623.0000000000000000, 90.00000000000005684 ) ) ;
#2207 = DIRECTION ( 'NONE',  ( -0.000000000000000000, -1.000000000000000000, -0.000000000000000000 ) ) ;
#2208 = AXIS2_PLACEMENT_3D ( 'NONE', #1519, #3422, #2263 ) ;
#2209 = EDGE_CURVE ( 'NONE', #266, #293, #1093, .T. ) ;
#2210 = FACE_BOUND ( 'NONE', #3262, .T. ) ;
#2211 = DIRECTION ( 'NONE',  ( -2.612425579928799129E-16, 1.000000000000000000, -0.000000000000000000 ) ) ;
#2212 = DIRECTION ( 'NONE',  ( -0.000000000000000000, 1.000000000000000000, -0.000000000000000000 ) ) ;
#2213 = ADVANCED_FACE ( 'NONE', ( #247, #2258 ), #4757, .F. ) ;
#2214 = ORIENTED_EDGE ( 'NONE', *, *, #2858, .F. ) ;
#2215 = VECTOR ( 'NONE', #836, 1000.000000000000000 ) ;
#2216 = LINE ( 'NONE', #636, #3898 ) ;
#2217 = APPROVAL ( #3872, 'UNKNOWN' ) ;
#2218 = APPROVAL_PERSON_ORGANIZATION ( #2811, #4241, #4156 ) ;
#2219 = AXIS2_PLACEMENT_3D ( 'NONE', #360, #2521, #1808 ) ;
#2220 = EDGE_CURVE ( 'NONE', #4266, #3178, #2146, .T. ) ;
#2221 = VECTOR ( 'NONE', #1858, 1000.000000000000000 ) ;
#2222 = DIRECTION ( 'NONE',  ( 0.000000000000000000, -0.000000000000000000, -1.000000000000000000 ) ) ;
#2223 = PERSON_AND_ORGANIZATION ( #1525, #4321 ) ;
#2224 = CARTESIAN_POINT ( 'NONE',  ( 449.0000000000001137, 400.0000000000000000, 30.00000000000000000 ) ) ;
#2225 = DIRECTION ( 'NONE',  ( -1.000000000000000000, -1.224646799147353207E-16, -0.000000000000000000 ) ) ;
#2226 = ORIENTED_EDGE ( 'NONE', *, *, #2764, .T. ) ;
#2227 = VECTOR ( 'NONE', #4127, 1000.000000000000000 ) ;
#2228 = ORIENTED_EDGE ( 'NONE', *, *, #2407, .F. ) ;
#2229 = EDGE_CURVE ( 'NONE', #1700, #554, #581, .T. ) ;
#2230 = ORIENTED_EDGE ( 'NONE', *, *, #1152, .F. ) ;
#2231 = DIRECTION ( 'NONE',  ( 2.065146995210486914E-16, 5.395042836600973428E-32, -1.000000000000000000 ) ) ;
#2232 = ADVANCED_FACE ( 'NONE', ( #1276 ), #1004, .F. ) ;
#2233 = VERTEX_POINT ( 'NONE', #1802 ) ;
#2234 = LINE ( 'NONE', #4410, #2065 ) ;
#2235 = LINE ( 'NONE', #103, #3867 ) ;
#2236 = AXIS2_PLACEMENT_3D ( 'NONE', #4416, #1483, #1459 ) ;
#2237 = EDGE_LOOP ( 'NONE', ( #4346, #1500 ) ) ;
#2238 = CARTESIAN_POINT ( 'NONE',  ( 878.0000000000002274, -749.5000000000000000, 316.7999999999999545 ) ) ;
#2239 = DIRECTION ( 'NONE',  ( 0.000000000000000000, 0.000000000000000000, 1.000000000000000000 ) ) ;
#2240 = CARTESIAN_POINT ( 'NONE',  ( 7.961735002956730495E-14, 350.0000000000000000, 30.00000000000000000 ) ) ;
#2241 = CIRCLE ( 'NONE', #317, 8.000000000000007105 ) ;
#2242 = EDGE_LOOP ( 'NONE', ( #3295, #4200, #4211, #4394 ) ) ;
#2243 = ORIENTED_EDGE ( 'NONE', *, *, #2070, .F. ) ;
#2244 = ADVANCED_FACE ( 'NONE', ( #4172 ), #3137, .T. ) ;
#2245 = PLANE ( 'NONE',  #3494 ) ;
#2246 = APPROVAL ( #588, '未指定' ) ;
#2247 = VECTOR ( 'NONE', #1461, 1000.000000000000000 ) ;
#2248 = AXIS2_PLACEMENT_3D ( 'NONE', #703, #2042, #1366 ) ;
#2249 = ORIENTED_EDGE ( 'NONE', *, *, #4042, .T. ) ;
#2250 = EDGE_CURVE ( 'NONE', #1934, #2150, #3543, .T. ) ;
#2251 = ORIENTED_EDGE ( 'NONE', *, *, #1259, .F. ) ;
#2252 = EDGE_LOOP ( 'NONE', ( #3266, #4455, #2262, #675 ) ) ;
#2253 = ORIENTED_EDGE ( 'NONE', *, *, #2974, .T. ) ;
#2254 = DIRECTION ( 'NONE',  ( -0.000000000000000000, 1.000000000000000000, -0.000000000000000000 ) ) ;
#2255 = EDGE_CURVE ( 'NONE', #1934, #3383, #1968, .T. ) ;
#2256 = CARTESIAN_POINT ( 'NONE',  ( 403.0000000000001137, -663.9999999999998863, 170.0000000000000284 ) ) ;
#2257 = CARTESIAN_POINT ( 'NONE',  ( 5.000000000000000000, 6.123233995736766282E-16, 119.0000000000000142 ) ) ;
#2258 = FACE_OUTER_BOUND ( 'NONE', #3620, .T. ) ;
#2259 = VERTEX_POINT ( 'NONE', #2563 ) ;
#2260 = CARTESIAN_POINT ( 'NONE',  ( 886.8000000000000682, -50.49999999999992184, 324.7999999999999545 ) ) ;
#2261 = DIRECTION ( 'NONE',  ( -1.000000000000000000, -1.224646799147353207E-16, -0.000000000000000000 ) ) ;
#2262 = ORIENTED_EDGE ( 'NONE', *, *, #1905, .F. ) ;
#2263 = DIRECTION ( 'NONE',  ( -1.232566680299310330E-16, 1.000000000000000000, 0.000000000000000000 ) ) ;
#2264 = PRODUCT_DEFINITION_SHAPE ( 'NONE', 'NONE',  #4788 ) ;
#2265 = DIRECTION ( 'NONE',  ( -1.460819769243627131E-16, 1.000000000000000000, -0.000000000000000000 ) ) ;
#2266 = COORDINATED_UNIVERSAL_TIME_OFFSET ( 8, 0, .AHEAD. ) ;
#2267 = AXIS2_PLACEMENT_3D ( 'NONE', #3876, #4232, #1522 ) ;
#2268 = DIRECTION ( 'NONE',  ( 0.000000000000000000, 1.000000000000000000, 0.000000000000000000 ) ) ;
#2269 = PERSON ( 'NAUO-PER4', 'UNSPECIFIED', 'UNSPECIFIED', ('UNSPECIFIED'), ('UNSPECIFIED'), ('UNSPECIFIED') ) ;
#2270 = FACE_OUTER_BOUND ( 'NONE', #4379, .T. ) ;
#2271 = ADVANCED_FACE ( 'NONE', ( #192 ), #1506, .T. ) ;
#2272 = APPROVAL_DATE_TIME ( #369, #3554 ) ;
#2273 = DIRECTION ( 'NONE',  ( -0.000000000000000000, 1.000000000000000000, -0.000000000000000000 ) ) ;
#2274 = CARTESIAN_POINT ( 'NONE',  ( 878.0000000000000000, -50.49999999999992184, 324.7999999999999545 ) ) ;
#2275 = LINE ( 'NONE', #2224, #2102 ) ;
#2276 = CARTESIAN_POINT ( 'NONE',  ( -0.001999999999960366814, -367.0000000000000568, 185.0000000000000568 ) ) ;
#2277 = AXIS2_PLACEMENT_3D ( 'NONE', #3088, #3737, #1 ) ;
#2278 = AXIS2_PLACEMENT_3D ( 'NONE', #840, #3093, #150 ) ;
#2279 = VERTEX_POINT ( 'NONE', #3249 ) ;
#2280 = LINE ( 'NONE', #3818, #3259 ) ;
#2281 = CARTESIAN_POINT ( 'NONE',  ( 802.0000000000000000, -270.9999999999998863, 90.00000000000001421 ) ) ;
#2282 = LINE ( 'NONE', #2276, #711 ) ;
#2283 = CARTESIAN_POINT ( 'NONE',  ( 30.00000000000004263, -367.0000000000000568, 155.0000000000000284 ) ) ;
#2284 = ORIENTED_EDGE ( 'NONE', *, *, #923, .F. ) ;
#2285 = EDGE_LOOP ( 'NONE', ( #2372, #3776, #4638, #3752, #270, #132, #346, #2413 ) ) ;
#2286 = AXIS2_PLACEMENT_3D ( 'NONE', #2127, #1776, #2898 ) ;
#2287 = EDGE_CURVE ( 'NONE', #3833, #3765, #866, .T. ) ;
#2288 = COORDINATED_UNIVERSAL_TIME_OFFSET ( 8, 0, .AHEAD. ) ;
#2289 = VERTEX_POINT ( 'NONE', #2152 ) ;
#2290 = ADVANCED_FACE ( 'NONE', ( #1848 ), #1377, .F. ) ;
#2291 = CARTESIAN_POINT ( 'NONE',  ( 13.20000000000000462, -100.0000000000000284, 316.7999999999999545 ) ) ;
#2292 = DIRECTION ( 'NONE',  ( 1.387778780781445676E-16, -1.000000000000000000, 0.000000000000000000 ) ) ;
#2293 = CARTESIAN_POINT ( 'NONE',  ( 98.00000000000004263, -220.9999999999999432, 239.9999999999999432 ) ) ;
#2294 = LINE ( 'NONE', #440, #216 ) ;
#2295 = ORIENTED_EDGE ( 'NONE', *, *, #649, .F. ) ;
#2296 = EDGE_CURVE ( 'NONE', #3621, #1371, #1733, .T. ) ;
#2297 = EDGE_LOOP ( 'NONE', ( #1559, #3832, #4387, #4573 ) ) ;
#2298 = CARTESIAN_POINT ( 'NONE',  ( 30.00000000000005329, -18.00000000000000000, 2.000000000000000000 ) ) ;
#2299 = CARTESIAN_POINT ( 'NONE',  ( 5.200000000000002842, -100.0000000000000284, 300.0000000000000000 ) ) ;
#2300 = FACE_OUTER_BOUND ( 'NONE', #4068, .T. ) ;
#2301 = PLANE ( 'NONE',  #1431 ) ;
#2302 = VECTOR ( 'NONE', #3331, 1000.000000000000000 ) ;
#2303 = ADVANCED_FACE ( 'NONE', ( #16 ), #1409, .T. ) ;
#2304 = CARTESIAN_POINT ( 'NONE',  ( 9.527752097366408410E-14, -778.0000000000000000, 300.0000000000000000 ) ) ;
#2305 = ORIENTED_EDGE ( 'NONE', *, *, #3341, .T. ) ;
#2306 = AXIS2_PLACEMENT_3D ( 'NONE', #3252, #1031, #2463 ) ;
#2307 = CARTESIAN_POINT ( 'NONE',  ( 870.0000000000000000, -18.00000000000000000, 300.0000000000000000 ) ) ;
#2308 = FACE_OUTER_BOUND ( 'NONE', #3675, .T. ) ;
#2309 = CIRCLE ( 'NONE', #509, 5.049999999999998934 ) ;
#2310 = DIRECTION ( 'NONE',  ( 0.000000000000000000, -1.000000000000000000, 0.000000000000000000 ) ) ;
#2311 = EDGE_LOOP ( 'NONE', ( #4222, #4684, #1821, #753 ) ) ;
#2312 = LINE ( 'NONE', #2075, #4155 ) ;
#2313 = ORIENTED_EDGE ( 'NONE', *, *, #136, .F. ) ;
#2314 = ORIENTED_EDGE ( 'NONE', *, *, #1454, .T. ) ;
#2315 = EDGE_CURVE ( 'NONE', #4056, #3558, #1450, .T. ) ;
#2316 = CARTESIAN_POINT ( 'NONE',  ( 22.00000000000000711, -50.50000000000002842, 316.7999999999999545 ) ) ;
#2317 = DIRECTION ( 'NONE',  ( -1.306212789964399565E-16, 1.000000000000000000, -0.000000000000000000 ) ) ;
#2318 = VERTEX_POINT ( 'NONE', #2878 ) ;
#2319 = CARTESIAN_POINT ( 'NONE',  ( -0.001999999999932611239, -548.0000000000000000, 185.0000000000000568 ) ) ;
#2320 = ORIENTED_EDGE ( 'NONE', *, *, #4526, .F. ) ;
#2321 = CARTESIAN_POINT ( 'NONE',  ( 832.0000000000001137, -622.9999999999998863, 250.0000000000000568 ) ) ;
#2322 = ADVANCED_FACE ( 'NONE', ( #4699 ), #3263, .F. ) ;
#2323 = AXIS2_PLACEMENT_3D ( 'NONE', #1407, #2935, #3376 ) ;
#2324 =( REPRESENTATION_RELATIONSHIP ('NONE','NONE', #2701, #4296 ) REPRESENTATION_RELATIONSHIP_WITH_TRANSFORMATION ( #4176 )SHAPE_REPRESENTATION_RELATIONSHIP( ) );
#2325 = EDGE_CURVE ( 'NONE', #126, #2556, #300, .T. ) ;
#2326 = CIRCLE ( 'NONE', #763, 3.000000000000002665 ) ;
#2327 = ORIENTED_EDGE ( 'NONE', *, *, #1659, .T. ) ;
#2328 = ADVANCED_FACE ( 'NONE', ( #3357, #4352 ), #1437, .T. ) ;
#2329 = DIRECTION ( 'NONE',  ( 0.000000000000000000, -0.000000000000000000, -1.000000000000000000 ) ) ;
#2330 = EDGE_CURVE ( 'NONE', #50, #1887, #4750, .T. ) ;
#2331 = DIRECTION ( 'NONE',  ( 1.232566680299310330E-16, -1.000000000000000000, 0.000000000000000000 ) ) ;
#2332 = DIRECTION ( 'NONE',  ( -0.000000000000000000, 1.000000000000000000, -0.000000000000000000 ) ) ;
#2333 = ADVANCED_BREP_SHAPE_REPRESENTATION ( '', ( #314, #2966 ), #1860 ) ;
#2334 = VECTOR ( 'NONE', #2495, 1000.000000000000000 ) ;
#2335 = DIRECTION ( 'NONE',  ( -0.000000000000000000, -0.000000000000000000, -1.000000000000000000 ) ) ;
#2336 = DIRECTION ( 'NONE',  ( 1.078968363595709956E-16, -1.000000000000000000, 0.000000000000000000 ) ) ;
#2337 = CARTESIAN_POINT ( 'NONE',  ( 15.90000000000000036, -50.50000000000002842, 316.0000000000000000 ) ) ;
#2338 = DIRECTION ( 'NONE',  ( 0.000000000000000000, 1.000000000000000000, 0.000000000000000000 ) ) ;
#2339 = PERSON_AND_ORGANIZATION_ROLE ( 'creator' ) ;
#2340 = VECTOR ( 'NONE', #524, 1000.000000000000000 ) ;
#2341 = CARTESIAN_POINT ( 'NONE',  ( 15.90000000000005720, 400.0000000000000000, 22.40000000000000568 ) ) ;
#2342 = LOCAL_TIME ( 8, 52, 31.00000000000000000, #1577 ) ;
#2343 = AXIS2_PLACEMENT_3D ( 'NONE', #822, #4474, #1201 ) ;
#2344 = CIRCLE ( 'NONE', #3034, 5.000000000000000000 ) ;
#2345 = FACE_BOUND ( 'NONE', #3211, .T. ) ;
#2346 = CARTESIAN_POINT ( 'NONE',  ( 30.00000000000004263, -367.0000000000000568, 185.0000000000000568 ) ) ;
#2347 = CALENDAR_DATE ( 2026, 5, 6 ) ;
#2348 = DIRECTION ( 'NONE',  ( -0.000000000000000000, 1.000000000000000000, -0.000000000000000000 ) ) ;
#2349 = ORIENTED_EDGE ( 'NONE', *, *, #4735, .T. ) ;
#2350 = FACE_OUTER_BOUND ( 'NONE', #4273, .T. ) ;
#2351 = LINE ( 'NONE', #4514, #4477 ) ;
#2352 = CARTESIAN_POINT ( 'NONE',  ( 33.00000000000007105, -300.0000000000000000, 27.00000000000000711 ) ) ;
#2353 = APPROVAL ( #3943, '未指定' ) ;
#2354 = CALENDAR_DATE ( 2026, 5, 6 ) ;
#2355 = AXIS2_PLACEMENT_3D ( 'NONE', #4164, #3060, #101 ) ;
#2356 = ADVANCED_FACE ( 'NONE', ( #3487 ), #4485, .T. ) ;
#2357 = DIRECTION ( 'NONE',  ( 0.000000000000000000, 0.000000000000000000, 1.000000000000000000 ) ) ;
#2358 = ORIENTED_EDGE ( 'NONE', *, *, #3222, .F. ) ;
#2359 = SECURITY_CLASSIFICATION_LEVEL ( 'unclassified' ) ;
#2360 = CARTESIAN_POINT ( 'NONE',  ( 886.8000000000002956, -749.5000000000000000, 316.7999999999999545 ) ) ;
#2361 = VERTEX_POINT ( 'NONE', #4418 ) ;
#2362 = CARTESIAN_POINT ( 'NONE',  ( 15.00000000000007994, 300.0000000000000000, 0.000000000000000000 ) ) ;
#2363 = EDGE_CURVE ( 'NONE', #4523, #3111, #690, .T. ) ;
#2364 = VECTOR ( 'NONE', #3651, 1000.000000000000000 ) ;
#2365 = VECTOR ( 'NONE', #3528, 1000.000000000000000 ) ;
#2366 = ORIENTED_EDGE ( 'NONE', *, *, #250, .F. ) ;
#2367 = CARTESIAN_POINT ( 'NONE',  ( 15.90000000000005720, 398.5000000000000000, 15.90000000000000036 ) ) ;
#2368 = CARTESIAN_POINT ( 'NONE',  ( 802.0000000000000000, -170.9999999999999716, -0.001000000000001000089 ) ) ;
#2369 = LINE ( 'NONE', #2532, #2364 ) ;
#2370 = FACE_OUTER_BOUND ( 'NONE', #2084, .T. ) ;
#2371 =( LENGTH_UNIT ( ) NAMED_UNIT ( * ) SI_UNIT ( .MILLI., .METRE. ) );
#2372 = ORIENTED_EDGE ( 'NONE', *, *, #1964, .T. ) ;
#2373 = DIRECTION ( 'NONE',  ( 1.384302765077962065E-16, -1.000000000000000000, 0.000000000000000000 ) ) ;
#2374 = ADVANCED_FACE ( 'NONE', ( #576 ), #26, .F. ) ;
#2375 = AXIS2_PLACEMENT_3D ( 'NONE', #1906, #4512, #2292 ) ;
#2376 = ORIENTED_EDGE ( 'NONE', *, *, #2416, .F. ) ;
#2377 = EDGE_LOOP ( 'NONE', ( #1303, #1171, #2243, #1722, #4629, #2313 ) ) ;
#2378 = DIRECTION ( 'NONE',  ( -0.000000000000000000, 1.000000000000000000, -0.000000000000000000 ) ) ;
#2379 = VECTOR ( 'NONE', #2239, 1000.000000000000000 ) ;
#2380 = VERTEX_POINT ( 'NONE', #2970 ) ;
#2381 = ORIENTED_EDGE ( 'NONE', *, *, #4007, .T. ) ;
#2382 = PLANE ( 'NONE',  #78 ) ;
#2383 = PRODUCT_DEFINITION ( '未知', '', #2447, #411 ) ;
#2384 = EDGE_CURVE ( 'NONE', #2361, #4783, #4636, .T. ) ;
#2385 = EDGE_LOOP ( 'NONE', ( #137, #1550, #2072, #2077, #4751, #1249, #2677, #3023, #1441, #330, #3773, #4561 ) ) ;
#2386 = ORIENTED_EDGE ( 'NONE', *, *, #222, .F. ) ;
#2387 = DIRECTION ( 'NONE',  ( 0.000000000000000000, 0.000000000000000000, 1.000000000000000000 ) ) ;
#2388 = DIRECTION ( 'NONE',  ( 0.000000000000000000, 0.000000000000000000, -1.000000000000000000 ) ) ;
#2389 = ORIENTED_EDGE ( 'NONE', *, *, #1423, .F. ) ;
#2390 = APPROVAL_ROLE ( '' ) ;
#2391 = EDGE_CURVE ( 'NONE', #1509, #566, #3831, .T. ) ;
#2392 = DIRECTION ( 'NONE',  ( 0.000000000000000000, 0.000000000000000000, 1.000000000000000000 ) ) ;
#2393 = CONTEXT_DEPENDENT_SHAPE_REPRESENTATION ( #903, #637 ) ;
#2394 = LINE ( 'NONE', #2023, #3429 ) ;
#2395 = DIRECTION ( 'NONE',  ( 1.000000000000000000, 2.612425579928799129E-16, 2.065146995210486914E-16 ) ) ;
#2396 = ADVANCED_FACE ( 'NONE', ( #2442 ), #409, .F. ) ;
#2397 = DATE_AND_TIME ( #2034, #2204 ) ;
#2398 = EDGE_CURVE ( 'NONE', #3395, #2660, #1444, .T. ) ;
#2399 = DIRECTION ( 'NONE',  ( -2.612425579928799129E-16, 1.000000000000000000, -0.000000000000000000 ) ) ;
#2400 = UNCERTAINTY_MEASURE_WITH_UNIT (LENGTH_MEASURE( 1.000000000000000082E-05 ), #2486, 'distance_accuracy_value', 'NONE');
#2401 = FACE_OUTER_BOUND ( 'NONE', #519, .T. ) ;
#2402 = DIRECTION ( 'NONE',  ( 0.000000000000000000, -0.9999999999999998890, 0.000000000000000000 ) ) ;
#2403 = CIRCLE ( 'NONE', #4110, 6.500000000000005329 ) ;
#2404 = ORIENTED_EDGE ( 'NONE', *, *, #2646, .F. ) ;
#2405 = LINE ( 'NONE', #1958, #4483 ) ;
#2406 = CIRCLE ( 'NONE', #3653, 5.000000000000000888 ) ;
#2407 = EDGE_CURVE ( 'NONE', #1331, #2508, #2618, .T. ) ;
#2408 = ORIENTED_EDGE ( 'NONE', *, *, #3132, .T. ) ;
#2409 = ORIENTED_EDGE ( 'NONE', *, *, #1746, .F. ) ;
#2410 = CARTESIAN_POINT ( 'NONE',  ( 30.00000000000000355, -18.00000000000000000, 300.0000000000000000 ) ) ;
#2411 = DIRECTION ( 'NONE',  ( 0.000000000000000000, -0.000000000000000000, 1.000000000000000000 ) ) ;
#2412 = APPROVAL_DATE_TIME ( #1469, #3432 ) ;
#2413 = ORIENTED_EDGE ( 'NONE', *, *, #4136, .F. ) ;
#2414 = ORIENTED_EDGE ( 'NONE', *, *, #2489, .T. ) ;
#2415 = CARTESIAN_POINT ( 'NONE',  ( 0.000000000000000000, 0.000000000000000000, 0.000000000000000000 ) ) ;
#2416 = EDGE_CURVE ( 'NONE', #1878, #4746, #1789, .T. ) ;
#2417 = CIRCLE ( 'NONE', #3977, 7.500000000000007105 ) ;
#2418 = ORIENTED_EDGE ( 'NONE', *, *, #2586, .T. ) ;
#2419 = ORIENTED_EDGE ( 'NONE', *, *, #4566, .F. ) ;
#2420 = APPROVAL_ROLE ( '' ) ;
#2421 = FACE_BOUND ( 'NONE', #4231, .T. ) ;
#2422 = PLANE ( 'NONE',  #3162 ) ;
#2423 = AXIS2_PLACEMENT_3D ( 'NONE', #2830, #3175, #3579 ) ;
#2424 = CARTESIAN_POINT ( 'NONE',  ( 497.0000000000001137, -672.9999999999998863, 170.0000000000000284 ) ) ;
#2425 = EDGE_LOOP ( 'NONE', ( #1197, #3593, #4288, #2774 ) ) ;
#2426 = EDGE_CURVE ( 'NONE', #607, #126, #4691, .T. ) ;
#2427 = ORIENTED_EDGE ( 'NONE', *, *, #2070, .T. ) ;
#2428 = LINE ( 'NONE', #1209, #1430 ) ;
#2429 = CARTESIAN_POINT ( 'NONE',  ( 400.0000000000001137, -672.9999999999998863, 170.0000000000000284 ) ) ;
#2430 = ORIENTED_EDGE ( 'NONE', *, *, #136, .T. ) ;
#2431 = ORIENTED_EDGE ( 'NONE', *, *, #1534, .T. ) ;
#2432 = DIRECTION ( 'NONE',  ( 0.7494824338654334506, 1.282588364357330492E-32, -0.6620242301661973805 ) ) ;
#2433 = VECTOR ( 'NONE', #896, 1000.000000000000000 ) ;
#2434 = EDGE_LOOP ( 'NONE', ( #2687, #2599, #329, #2314 ) ) ;
#2435 = ORIENTED_EDGE ( 'NONE', *, *, #72, .F. ) ;
#2436 = CARTESIAN_POINT ( 'NONE',  ( 443.3388527666977552, -664.6864202429103443, 166.5446782656270273 ) ) ;
#2437 = CARTESIAN_POINT ( 'NONE',  ( 886.8000000000000682, -99.99999999999992895, 316.7999999999999545 ) ) ;
#2438 = AXIS2_PLACEMENT_3D ( 'NONE', #2424, #2089, #1311 ) ;
#2439 = DIRECTION ( 'NONE',  ( 0.000000000000000000, 1.000000000000000000, -0.000000000000000000 ) ) ;
#2440 = ORIENTED_EDGE ( 'NONE', *, *, #2910, .F. ) ;
#2441 = ORIENTED_EDGE ( 'NONE', *, *, #3300, .F. ) ;
#2442 = FACE_OUTER_BOUND ( 'NONE', #1774, .T. ) ;
#2443 = VERTEX_POINT ( 'NONE', #2954 ) ;
#2444 = CARTESIAN_POINT ( 'NONE',  ( 33.00000000000007816, 350.0000000000000000, -26.84171144931213604 ) ) ;
#2445 = DIRECTION ( 'NONE',  ( 2.612425579928799129E-16, -1.000000000000000000, 0.000000000000000000 ) ) ;
#2446 = DIRECTION ( 'NONE',  ( -0.000000000000000000, 1.000000000000000000, -0.000000000000000000 ) ) ;
#2447 = PRODUCT_DEFINITION_FORMATION_WITH_SPECIFIED_SOURCE ( '任何', '', #714, .NOT_KNOWN. ) ;
#2448 = EDGE_CURVE ( 'NONE', #4266, #803, #3708, .T. ) ;
#2449 = VECTOR ( 'NONE', #3644, 1000.000000000000000 ) ;
#2450 = VERTEX_POINT ( 'NONE', #1970 ) ;
#2451 = APPLICATION_CONTEXT ( 'configuration controlled 3d designs of mechanical parts and assemblies' ) ;
#2452 = CARTESIAN_POINT ( 'NONE',  ( 452.0324916718540749, -667.6301032148850254, 162.7764910584785127 ) ) ;
#2453 = DIRECTION ( 'NONE',  ( 2.612425579928799129E-16, -1.000000000000000000, -0.000000000000000000 ) ) ;
#2454 = VECTOR ( 'NONE', #1455, 1000.000000000000000 ) ;
#2455 = EDGE_LOOP ( 'NONE', ( #156, #4550, #3424, #3862 ) ) ;
#2456 = AXIS2_PLACEMENT_3D ( 'NONE', #712, #1105, #32 ) ;
#2457 = EDGE_CURVE ( 'NONE', #2718, #4570, #1675, .T. ) ;
#2458 = DIRECTION ( 'NONE',  ( 0.000000000000000000, 0.000000000000000000, -1.000000000000000000 ) ) ;
#2459 = LINE ( 'NONE', #4048, #2098 ) ;
#2460 = EDGE_CURVE ( 'NONE', #1138, #3354, #356, .T. ) ;
#2461 = DIRECTION ( 'NONE',  ( -0.000000000000000000, -0.000000000000000000, -1.000000000000000000 ) ) ;
#2462 = DATE_AND_TIME ( #2641, #2582 ) ;
#2463 = DIRECTION ( 'NONE',  ( -1.288758049684149971E-16, 0.000000000000000000, 1.000000000000000000 ) ) ;
#2464 = CARTESIAN_POINT ( 'NONE',  ( 884.1000000000002501, -749.5000000000000000, 316.0000000000000000 ) ) ;
#2465 = CIRCLE ( 'NONE', #1928, 6.500000000000005329 ) ;
#2466 = LINE ( 'NONE', #1307, #1463 ) ;
#2467 = APPLICATION_PROTOCOL_DEFINITION ( 'international standard', 'config_control_design', 1994, #1321 ) ;
#2468 = LOCAL_TIME ( 8, 52, 31.00000000000000000, #1584 ) ;
#2469 = CARTESIAN_POINT ( 'NONE',  ( 456.2896353241194447, -664.9811421905342286, 174.0924280525916004 ) ) ;
#2470 = CARTESIAN_POINT ( 'NONE',  ( 457.2850721777647323, -664.1783573795594293, 168.1987044428920512 ) ) ;
#2471 = CARTESIAN_POINT ( 'NONE',  ( 5.200000000000002842, -50.50000000000002842, 300.0000000000000000 ) ) ;
#2472 = VERTEX_POINT ( 'NONE', #829 ) ;
#2473 = ORIENTED_EDGE ( 'NONE', *, *, #2880, .T. ) ;
#2474 = COORDINATED_UNIVERSAL_TIME_OFFSET ( 8, 0, .AHEAD. ) ;
#2475 = CARTESIAN_POINT ( 'NONE',  ( 22.00000000000000711, -50.50000000000002842, 324.7999999999999545 ) ) ;
#2476 = VERTEX_POINT ( 'NONE', #4540 ) ;
#2477 = CARTESIAN_POINT ( 'NONE',  ( 884.1000000000000227, -50.49999999999992184, 316.0000000000000000 ) ) ;
#2478 =( GEOMETRIC_REPRESENTATION_CONTEXT ( 3 ) GLOBAL_UNCERTAINTY_ASSIGNED_CONTEXT ( ( #176 ) ) GLOBAL_UNIT_ASSIGNED_CONTEXT ( ( #865, #3894, #2031 ) ) REPRESENTATION_CONTEXT ( 'NONE', 'WORKASPACE' ) );
#2479 = EDGE_CURVE ( 'NONE', #1445, #4163, #3299, .T. ) ;
#2480 = ORIENTED_EDGE ( 'NONE', *, *, #4449, .T. ) ;
#2481 = CARTESIAN_POINT ( 'NONE',  ( 15.90000000000005720, -400.0000000000000000, 15.90000000000000036 ) ) ;
#2482 = CARTESIAN_POINT ( 'NONE',  ( 802.0000000000000000, -603.0000000000000000, 99.99999999999998579 ) ) ;
#2483 = ORIENTED_EDGE ( 'NONE', *, *, #84, .F. ) ;
#2484 = FACE_OUTER_BOUND ( 'NONE', #1391, .T. ) ;
#2485 = CIRCLE ( 'NONE', #56, 6.000000000000005329 ) ;
#2486 =( LENGTH_UNIT ( ) NAMED_UNIT ( * ) SI_UNIT ( .MILLI., .METRE. ) );
#2487 = VERTEX_POINT ( 'NONE', #1148 ) ;
#2488 = AXIS2_PLACEMENT_3D ( 'NONE', #2101, #239, #223 ) ;
#2489 = EDGE_CURVE ( 'NONE', #4783, #1555, #4167, .T. ) ;
#2490 = CARTESIAN_POINT ( 'NONE',  ( 447.2764088502165691, -667.3314376495424085, 176.9920268949797446 ) ) ;
#2491 = CARTESIAN_POINT ( 'NONE',  ( 15.00000000000007638, -400.0000000000000000, 0.000000000000000000 ) ) ;
#2492 = DIRECTION ( 'NONE',  ( -0.000000000000000000, -1.000000000000000000, -0.000000000000000000 ) ) ;
#2493 = LINE ( 'NONE', #4607, #3465 ) ;
#2494 = EDGE_LOOP ( 'NONE', ( #4023, #1336, #3045, #2228 ) ) ;
#2495 = DIRECTION ( 'NONE',  ( -2.065146995210486914E-16, -5.395042836600973428E-32, 1.000000000000000000 ) ) ;
#2496 = DIRECTION ( 'NONE',  ( -1.000000000000000000, 0.000000000000000000, -1.137523590804461357E-16 ) ) ;
#2497 = EDGE_CURVE ( 'NONE', #4481, #2718, #3538, .T. ) ;
#2498 = VERTEX_POINT ( 'NONE', #1598 ) ;
#2499 = LINE ( 'NONE', #862, #3587 ) ;
#2500 = EDGE_LOOP ( 'NONE', ( #4500, #1844, #1421, #197 ) ) ;
#2501 = ORIENTED_EDGE ( 'NONE', *, *, #2967, .F. ) ;
#2502 = DATE_TIME_ROLE ( 'creation_date' ) ;
#2503 = VECTOR ( 'NONE', #4342, 1000.000000000000000 ) ;
#2504 = CARTESIAN_POINT ( 'NONE',  ( 446.6235162406866266, -666.9991849187825892, 163.2862861546150555 ) ) ;
#2505 = CARTESIAN_POINT ( 'NONE',  ( 0.000000000000000000, 0.000000000000000000, 120.0000000000000000 ) ) ;
#2506 = ORIENTED_EDGE ( 'NONE', *, *, #4467, .T. ) ;
#2507 = DIRECTION ( 'NONE',  ( 0.000000000000000000, 0.000000000000000000, -1.000000000000000000 ) ) ;
#2508 = VERTEX_POINT ( 'NONE', #1211 ) ;
#2509 = CC_DESIGN_PERSON_AND_ORGANIZATION_ASSIGNMENT ( #437, #639, ( #714 ) ) ;
#2510 = CARTESIAN_POINT ( 'NONE',  ( 878.0000000000002274, -700.0000000000000000, 324.7999999999999545 ) ) ;
#2511 = LINE ( 'NONE', #1072, #1338 ) ;
#2512 = ORIENTED_EDGE ( 'NONE', *, *, #811, .F. ) ;
#2513 = DIRECTION ( 'NONE',  ( -1.000000000000000000, -5.478074134663601740E-17, 0.000000000000000000 ) ) ;
#2514 = CARTESIAN_POINT ( 'NONE',  ( 15.90000000000005720, -350.0000000000000000, 15.90000000000000036 ) ) ;
#2515 = DIRECTION ( 'NONE',  ( -0.000000000000000000, -0.000000000000000000, 1.000000000000000000 ) ) ;
#2516 = VECTOR ( 'NONE', #3965, 1000.000000000000000 ) ;
#2517 = DIRECTION ( 'NONE',  ( 0.000000000000000000, 0.000000000000000000, 1.000000000000000000 ) ) ;
#2518 = CC_DESIGN_SECURITY_CLASSIFICATION ( #3003, ( #1183 ) ) ;
#2519 = EDGE_CURVE ( 'NONE', #265, #2487, #2326, .T. ) ;
#2520 = APPROVAL_DATE_TIME ( #1453, #2973 ) ;
#2521 = DIRECTION ( 'NONE',  ( -0.000000000000000000, -0.000000000000000000, 1.000000000000000000 ) ) ;
#2522 = CIRCLE ( 'NONE', #3271, 8.000000000000007105 ) ;
#2523 = APPROVAL_DATE_TIME ( #4652, #4241 ) ;
#2524 = AXIS2_PLACEMENT_3D ( 'NONE', #665, #2578, #2182 ) ;
#2525 = EDGE_CURVE ( 'NONE', #2195, #298, #131, .T. ) ;
#2526 = CARTESIAN_POINT ( 'NONE',  ( 15.00000000000007994, 0.000000000000000000, 0.000000000000000000 ) ) ;
#2527 = LINE ( 'NONE', #991, #2644 ) ;
#2528 = ORIENTED_EDGE ( 'NONE', *, *, #94, .F. ) ;
#2529 = FACE_BOUND ( 'NONE', #61, .T. ) ;
#2530 = LINE ( 'NONE', #1894, #1528 ) ;
#2531 = CARTESIAN_POINT ( 'NONE',  ( 802.0000000000000000, -603.0000000000000000, 239.9999999999999716 ) ) ;
#2532 = CARTESIAN_POINT ( 'NONE',  ( 802.0000000000000000, -603.0000000000000000, 239.9999999999999716 ) ) ;
#2533 = CARTESIAN_POINT ( 'NONE',  ( 889.1499999999999773, -99.99999999999992895, 316.0000000000000000 ) ) ;
#2534 = COORDINATED_UNIVERSAL_TIME_OFFSET ( 8, 0, .AHEAD. ) ;
#2535 = ORIENTED_EDGE ( 'NONE', *, *, #2803, .T. ) ;
#2536 = VERTEX_POINT ( 'NONE', #2321 ) ;
#2537 = AXIS2_PLACEMENT_3D ( 'NONE', #3835, #1610, #1219 ) ;
#2538 = CARTESIAN_POINT ( 'NONE',  ( 450.5208458883914204, -668.0045188731738790, 177.4864916477626196 ) ) ;
#2539 = CARTESIAN_POINT ( 'NONE',  ( 15.90000000000005720, 300.0000000000000568, 15.90000000000000036 ) ) ;
#2540 = DIRECTION ( 'NONE',  ( 1.000000000000000000, -0.000000000000000000, -0.000000000000000000 ) ) ;
#2541 = ORIENTED_EDGE ( 'NONE', *, *, #2100, .F. ) ;
#2542 = DIRECTION ( 'NONE',  ( -0.000000000000000000, -1.000000000000000000, -0.000000000000000000 ) ) ;
#2543 = DIRECTION ( 'NONE',  ( 5.478074134663601740E-17, -1.000000000000000000, 0.000000000000000000 ) ) ;
#2544 = ORIENTED_EDGE ( 'NONE', *, *, #2296, .F. ) ;
#2545 = ORIENTED_EDGE ( 'NONE', *, *, #312, .T. ) ;
#2546 = AXIS2_PLACEMENT_3D ( 'NONE', #4240, #2402, #2867 ) ;
#2547 = EDGE_CURVE ( 'NONE', #2985, #3774, #2198, .T. ) ;
#2548 = VECTOR ( 'NONE', #1873, 1000.000000000000000 ) ;
#2549 = VECTOR ( 'NONE', #1102, 1000.000000000000000 ) ;
#2550 = DIRECTION ( 'NONE',  ( -1.000000000000000000, -1.224646799147353207E-16, -0.000000000000000000 ) ) ;
#2551 = ORIENTED_EDGE ( 'NONE', *, *, #4015, .T. ) ;
#2552 = ADVANCED_FACE ( 'NONE', ( #3995 ), #2959, .T. ) ;
#2553 = FACE_OUTER_BOUND ( 'NONE', #4260, .T. ) ;
#2554 = VERTEX_POINT ( 'NONE', #1243 ) ;
#2555 = EDGE_CURVE ( 'NONE', #3628, #265, #241, .T. ) ;
#2556 = VERTEX_POINT ( 'NONE', #1677 ) ;
#2557 = CARTESIAN_POINT ( 'NONE',  ( -5.000000000000000000, 0.000000000000000000, 0.000000000000000000 ) ) ;
#2558 = CARTESIAN_POINT ( 'NONE',  ( 30.00000000000001066, -700.0000000000000000, 316.7999999999999545 ) ) ;
#2559 = LINE ( 'NONE', #4767, #4741 ) ;
#2560 = EDGE_LOOP ( 'NONE', ( #4142, #2431 ) ) ;
#2561 = CARTESIAN_POINT ( 'NONE',  ( 894.8000000000002956, -749.5000000000000000, 300.0000000000000000 ) ) ;
#2562 = EDGE_LOOP ( 'NONE', ( #3297, #3114, #4101, #8 ) ) ;
#2563 = CARTESIAN_POINT ( 'NONE',  ( 870.0000000000000000, -99.99999999999992895, 300.0000000000000000 ) ) ;
#2564 = EDGE_CURVE ( 'NONE', #1436, #1120, #3022, .T. ) ;
#2565 = CARTESIAN_POINT ( 'NONE',  ( 878.0000000000000000, -50.49999999999992184, 324.7999999999999545 ) ) ;
#2566 = ORIENTED_EDGE ( 'NONE', *, *, #1905, .T. ) ;
#2567 = ORIENTED_EDGE ( 'NONE', *, *, #242, .F. ) ;
#2568 = DIRECTION ( 'NONE',  ( -1.000000000000000000, -1.306212789964399565E-16, 0.000000000000000000 ) ) ;
#2569 = ORIENTED_EDGE ( 'NONE', *, *, #4706, .F. ) ;
#2570 = DIRECTION ( 'NONE',  ( -1.224646799147353207E-16, 1.000000000000000000, 0.000000000000000000 ) ) ;
#2571 = DIRECTION ( 'NONE',  ( 2.612425579928799129E-16, -1.000000000000000000, 0.000000000000000000 ) ) ;
#2572 = CARTESIAN_POINT ( 'NONE',  ( 894.8000000000000682, -50.49999999999992184, 300.0000000000000000 ) ) ;
#2573 = EDGE_LOOP ( 'NONE', ( #1907, #1274, #4349, #1384 ) ) ;
#2574 = CARTESIAN_POINT ( 'NONE',  ( 5.200000000000006395, -50.50000000000002842, 316.7999999999999545 ) ) ;
#2575 = EDGE_CURVE ( 'NONE', #1296, #2619, #1623, .T. ) ;
#2576 = DIRECTION ( 'NONE',  ( 1.000000000000000000, 0.000000000000000000, 0.000000000000000000 ) ) ;
#2577 = APPROVAL_DATE_TIME ( #2696, #335 ) ;
#2578 = DIRECTION ( 'NONE',  ( 2.612425579928799129E-16, -1.000000000000000000, -0.000000000000000000 ) ) ;
#2579 = CARTESIAN_POINT ( 'NONE',  ( 68.00000000000005684, 5.368198091647607284E-15, 0.000000000000000000 ) ) ;
#2580 = CARTESIAN_POINT ( 'NONE',  ( 98.00000000000004263, -603.0000000000000000, 99.99999999999998579 ) ) ;
#2581 = DIRECTION ( 'NONE',  ( 1.000000000000000000, 0.000000000000000000, 0.000000000000000000 ) ) ;
#2582 = LOCAL_TIME ( 8, 52, 31.00000000000000000, #877 ) ;
#2583 = DIRECTION ( 'NONE',  ( -0.000000000000000000, -0.000000000000000000, -1.000000000000000000 ) ) ;
#2584 = LINE ( 'NONE', #4253, #2163 ) ;
#2585 = LINE ( 'NONE', #718, #4542 ) ;
#2586 = EDGE_CURVE ( 'NONE', #2508, #1331, #4519, .T. ) ;
#2587 = PERSON_AND_ORGANIZATION ( #1525, #4321 ) ;
#2588 = ORIENTED_EDGE ( 'NONE', *, *, #3892, .F. ) ;
#2589 = CARTESIAN_POINT ( 'NONE',  ( 13.20000000000000639, -50.50000000000002842, 324.7999999999999545 ) ) ;
#2590 = DIRECTION ( 'NONE',  ( -0.000000000000000000, -0.000000000000000000, -1.000000000000000000 ) ) ;
#2591 = APPROVAL_PERSON_ORGANIZATION ( #4017, #3432, #4642 ) ;
#2592 = ORIENTED_EDGE ( 'NONE', *, *, #1423, .T. ) ;
#2593 = ORIENTED_EDGE ( 'NONE', *, *, #3555, .F. ) ;
#2594 = ORIENTED_EDGE ( 'NONE', *, *, #3555, .T. ) ;
#2595 = VECTOR ( 'NONE', #2399, 1000.000000000000000 ) ;
#2596 = DIRECTION ( 'NONE',  ( 0.000000000000000000, 1.000000000000000000, 0.000000000000000000 ) ) ;
#2597 = DIRECTION ( 'NONE',  ( -1.000000000000000000, -1.224646799147353207E-16, 0.000000000000000000 ) ) ;
#2598 = VECTOR ( 'NONE', #3283, 1000.000000000000000 ) ;
#2599 = ORIENTED_EDGE ( 'NONE', *, *, #631, .F. ) ;
#2600 = DIRECTION ( 'NONE',  ( 0.000000000000000000, 0.000000000000000000, -1.000000000000000000 ) ) ;
#2601 = VECTOR ( 'NONE', #2832, 1000.000000000000000 ) ;
#2602 = VECTOR ( 'NONE', #3488, 1000.000000000000000 ) ;
#2603 = DIRECTION ( 'NONE',  ( -1.387778780781445676E-16, 1.000000000000000000, -0.000000000000000000 ) ) ;
#2604 = VERTEX_POINT ( 'NONE', #2033 ) ;
#2605 = PRODUCT_RELATED_PRODUCT_CATEGORY ( 'detail', '', ( #4749 ) ) ;
#2606 = EDGE_CURVE ( 'NONE', #4348, #494, #3534, .T. ) ;
#2607 = DIRECTION ( 'NONE',  ( 1.306212789964399565E-16, -1.000000000000000000, 0.000000000000000000 ) ) ;
#2608 = VECTOR ( 'NONE', #3141, 1000.000000000000000 ) ;
#2609 = ORIENTED_EDGE ( 'NONE', *, *, #2426, .F. ) ;
#2610 = ORIENTED_EDGE ( 'NONE', *, *, #461, .F. ) ;
#2611 = EDGE_CURVE ( 'NONE', #2905, #572, #2791, .T. ) ;
#2612 = CIRCLE ( 'NONE', #2203, 3.000000000000002665 ) ;
#2613 = CARTESIAN_POINT ( 'NONE',  ( 446.2152551130964184, -666.7559720737829139, 176.4914174247365395 ) ) ;
#2614 = DIRECTION ( 'NONE',  ( 0.000000000000000000, 0.000000000000000000, -1.000000000000000000 ) ) ;
#2615 = ORIENTED_EDGE ( 'NONE', *, *, #3846, .F. ) ;
#2616 = DIRECTION ( 'NONE',  ( -1.000000000000000000, -1.224646799147353207E-16, -0.000000000000000000 ) ) ;
#2617 = ORIENTED_EDGE ( 'NONE', *, *, #2923, .T. ) ;
#2618 = CIRCLE ( 'NONE', #1359, 5.000000000000000888 ) ;
#2619 = VERTEX_POINT ( 'NONE', #3532 ) ;
#2620 = DIRECTION ( 'NONE',  ( 0.000000000000000000, -0.000000000000000000, -1.000000000000000000 ) ) ;
#2621 = ORIENTED_EDGE ( 'NONE', *, *, #3440, .F. ) ;
#2622 = CARTESIAN_POINT ( 'NONE',  ( 30.00000000000009592, -760.0000000000000000, 1140.192835008725751 ) ) ;
#2623 = CARTESIAN_POINT ( 'NONE',  ( 879.0500000000001819, -700.0000000000000000, 316.0000000000000000 ) ) ;
#2624 = VECTOR ( 'NONE', #4403, 1000.000000000000000 ) ;
#2625 = VERTEX_POINT ( 'NONE', #175 ) ;
#2626 = CARTESIAN_POINT ( 'NONE',  ( 450.0000000000000000, -672.9999999999998863, 170.0000000000000284 ) ) ;
#2627 = AXIS2_PLACEMENT_3D ( 'NONE', #3294, #1067, #1049 ) ;
#2628 = CARTESIAN_POINT ( 'NONE',  ( -28.00000000000005684, 350.0000000000000000, 27.00000000000000000 ) ) ;
#2629 = CALENDAR_DATE ( 2026, 5, 6 ) ;
#2630 = ADVANCED_FACE ( 'NONE', ( #462 ), #3841, .F. ) ;
#2631 = VERTEX_POINT ( 'NONE', #1987 ) ;
#2632 = FACE_OUTER_BOUND ( 'NONE', #4168, .T. ) ;
#2633 = CARTESIAN_POINT ( 'NONE',  ( 30.00000000000001066, -50.50000000000002842, 316.7999999999999545 ) ) ;
#2634 = DIRECTION ( 'NONE',  ( 0.000000000000000000, -1.000000000000000000, 0.000000000000000000 ) ) ;
#2635 = CARTESIAN_POINT ( 'NONE',  ( 98.00000000000004263, -270.9999999999998863, 90.00000000000001421 ) ) ;
#2636 = PERSON_AND_ORGANIZATION ( #1014, #3661 ) ;
#2637 = AXIS2_PLACEMENT_3D ( 'NONE', #4119, #3813, #2661 ) ;
#2638 = EDGE_CURVE ( 'NONE', #4108, #2443, #570, .T. ) ;
#2639 = CARTESIAN_POINT ( 'NONE',  ( 0.000000000000000000, 0.000000000000000000, 119.0000000000000142 ) ) ;
#2640 = LINE ( 'NONE', #4175, #1854 ) ;
#2641 = CALENDAR_DATE ( 2026, 5, 6 ) ;
#2642 = CARTESIAN_POINT ( 'NONE',  ( 7.979727989493312634E-14, 300.0000000000000000, 27.00000000000000355 ) ) ;
#2643 = VECTOR ( 'NONE', #4445, 1000.000000000000000 ) ;
#2644 = VECTOR ( 'NONE', #304, 1000.000000000000000 ) ;
#2645 = CARTESIAN_POINT ( 'NONE',  ( 30.00000000000000355, -700.0000000000000000, 300.0000000000000000 ) ) ;
#2646 = EDGE_CURVE ( 'NONE', #793, #954, #2679, .T. ) ;
#2647 = EDGE_LOOP ( 'NONE', ( #3539, #4775, #4579, #3014 ) ) ;
#2648 = LINE ( 'NONE', #3149, #315 ) ;
#2649 = LINE ( 'NONE', #3452, #4770 ) ;
#2650 = PLANE ( 'NONE',  #4171 ) ;
#2651 = APPROVAL_PERSON_ORGANIZATION ( #2763, #2246, #3186 ) ;
#2652 = DIRECTION ( 'NONE',  ( 0.000000000000000000, 0.000000000000000000, 1.000000000000000000 ) ) ;
#2653 = ORIENTED_EDGE ( 'NONE', *, *, #3629, .T. ) ;
#2654 = ORIENTED_EDGE ( 'NONE', *, *, #1607, .T. ) ;
#2655 = EDGE_CURVE ( 'NONE', #4688, #2030, #3416, .T. ) ;
#2656 = CARTESIAN_POINT ( 'NONE',  ( 497.0000000000001137, -663.9999999999998863, 170.0000000000000284 ) ) ;
#2657 = VECTOR ( 'NONE', #2795, 1000.000000000000000 ) ;
#2658 = ADVANCED_FACE ( 'NONE', ( #2140 ), #4396, .F. ) ;
#2659 = DIRECTION ( 'NONE',  ( -0.000000000000000000, -0.000000000000000000, -1.000000000000000000 ) ) ;
#2660 = VERTEX_POINT ( 'NONE', #2082 ) ;
#2661 = DIRECTION ( 'NONE',  ( 0.000000000000000000, 0.000000000000000000, -1.000000000000000000 ) ) ;
#2662 = VECTOR ( 'NONE', #3825, 1000.000000000000000 ) ;
#2663 = DIRECTION ( 'NONE',  ( 1.000000000000000000, 1.306212789964399565E-16, -0.000000000000000000 ) ) ;
#2664 = PLANE ( 'NONE',  #444 ) ;
#2665 = ORIENTED_EDGE ( 'NONE', *, *, #3564, .F. ) ;
#2666 = ORIENTED_EDGE ( 'NONE', *, *, #3222, .T. ) ;
#2667 = PERSON ( 'NAUO-PER5', 'UNSPECIFIED', 'UNSPECIFIED', ('UNSPECIFIED'), ('UNSPECIFIED'), ('UNSPECIFIED') ) ;
#2668 = ORIENTED_EDGE ( 'NONE', *, *, #3247, .T. ) ;
#2669 = DIRECTION ( 'NONE',  ( -0.000000000000000000, -1.000000000000000000, -0.000000000000000000 ) ) ;
#2670 = CARTESIAN_POINT ( 'NONE',  ( 802.0000000000000000, -220.9999999999999432, 99.99999999999998579 ) ) ;
#2671 = DIRECTION ( 'NONE',  ( 1.228122814850837064E-16, -1.000000000000000000, 1.228122814850837064E-16 ) ) ;
#2672 = EDGE_CURVE ( 'NONE', #3030, #4199, #4286, .T. ) ;
#2673 = EDGE_LOOP ( 'NONE', ( #1357, #233, #3703, #297 ) ) ;
#2674 = ADVANCED_FACE ( 'NONE', ( #349, #4228 ), #4709, .T. ) ;
#2675 = LINE ( 'NONE', #3739, #3232 ) ;
#2676 = ORIENTED_EDGE ( 'NONE', *, *, #2638, .T. ) ;
#2677 = ORIENTED_EDGE ( 'NONE', *, *, #4776, .F. ) ;
#2678 = CARTESIAN_POINT ( 'NONE',  ( 30.00000000000009592, -760.0000000000000000, 20.00000000000000000 ) ) ;
#2679 = CIRCLE ( 'NONE', #4290, 8.000000000000007105 ) ;
#2680 = ORIENTED_EDGE ( 'NONE', *, *, #1964, .F. ) ;
#2681 = VERTEX_POINT ( 'NONE', #1705 ) ;
#2682 = ADVANCED_FACE ( 'NONE', ( #3075 ), #3884, .T. ) ;
#2683 = CARTESIAN_POINT ( 'NONE',  ( 0.000000000000000000, 0.000000000000000000, 300.0000000000000000 ) ) ;
#2684 = EDGE_CURVE ( 'NONE', #919, #613, #1328, .T. ) ;
#2685 = CARTESIAN_POINT ( 'NONE',  ( 15.00000000000007994, 400.0000000000000000, 15.00000000000000000 ) ) ;
#2686 = VECTOR ( 'NONE', #1910, 1000.000000000000000 ) ;
#2687 = ORIENTED_EDGE ( 'NONE', *, *, #964, .F. ) ;
#2688 = DIRECTION ( 'NONE',  ( 1.000000000000000000, 0.000000000000000000, 0.000000000000000000 ) ) ;
#2689 = DIRECTION ( 'NONE',  ( 0.000000000000000000, 0.000000000000000000, -1.000000000000000000 ) ) ;
#2690 = PLANE ( 'NONE',  #1806 ) ;
#2691 = CARTESIAN_POINT ( 'NONE',  ( 30.00000000000009592, -778.0000000000000000, 20.00000000000001776 ) ) ;
#2692 = DIRECTION ( 'NONE',  ( 1.460819769243627131E-16, -1.000000000000000000, -0.000000000000000000 ) ) ;
#2693 = ORIENTED_EDGE ( 'NONE', *, *, #3062, .F. ) ;
#2694 = CARTESIAN_POINT ( 'NONE',  ( 802.0000000000000000, -270.9999999999998863, 90.00000000000002842 ) ) ;
#2695 = CARTESIAN_POINT ( 'NONE',  ( -28.00000000000005684, -350.0000000000000000, 27.00000000000000000 ) ) ;
#2696 = DATE_AND_TIME ( #4646, #3783 ) ;
#2697 = LINE ( 'NONE', #492, #1684 ) ;
#2698 = ADVANCED_FACE ( 'NONE', ( #2902 ), #4306, .F. ) ;
#2699 = ORGANIZATION ( 'NAUO-ORG3', 'UNSPECIFIED', 'UNSPECIFIED' ) ;
#2700 = PLANE ( 'NONE',  #3101 ) ;
#2701 = SHAPE_REPRESENTATION ( '吊柜16', ( #4202, #542, #2028, #4611, #180, #4448, #2546, #3033 ), #2790 ) ;
#2702 = CARTESIAN_POINT ( 'NONE',  ( 894.8000000000002956, -749.5000000000000000, 300.0000000000000000 ) ) ;
#2703 = FACE_BOUND ( 'NONE', #2560, .T. ) ;
#2704 = CALENDAR_DATE ( 2026, 5, 6 ) ;
#2705 = PRODUCT_DEFINITION ( '未知', '', #4337, #3585 ) ;
#2706 = EDGE_CURVE ( 'NONE', #3121, #696, #1895, .T. ) ;
#2707 = CYLINDRICAL_SURFACE ( 'NONE', #3333, 6.450000000000001066 ) ;
#2708 = ADVANCED_FACE ( 'NONE', ( #3183 ), #296, .F. ) ;
#2709 = FACE_OUTER_BOUND ( 'NONE', #2010, .T. ) ;
#2710 = DIRECTION ( 'NONE',  ( 0.000000000000000000, -1.000000000000000000, 0.000000000000000000 ) ) ;
#2711 = CALENDAR_DATE ( 2026, 5, 6 ) ;
#2712 = ORIENTED_EDGE ( 'NONE', *, *, #3206, .F. ) ;
#2713 = AXIS2_PLACEMENT_3D ( 'NONE', #1140, #1902, #3005 ) ;
#2714 = EDGE_CURVE ( 'NONE', #3689, #2905, #4045, .T. ) ;
#2715 = PERSON_AND_ORGANIZATION ( #1525, #4321 ) ;
#2716 = ORIENTED_EDGE ( 'NONE', *, *, #154, .T. ) ;
#2717 = DIRECTION ( 'NONE',  ( 1.000000000000000000, 0.000000000000000000, 0.000000000000000000 ) ) ;
#2718 = VERTEX_POINT ( 'NONE', #1327 ) ;
#2719 = EDGE_CURVE ( 'NONE', #3234, #3634, #4745, .T. ) ;
#2720 = DIRECTION ( 'NONE',  ( 1.000000000000000000, 1.384302765077962065E-16, 0.000000000000000000 ) ) ;
#2721 = CIRCLE ( 'NONE', #2637, 5.000000000000000888 ) ;
#2722 = CARTESIAN_POINT ( 'NONE',  ( 0.000000000000000000, 0.000000000000000000, 300.0000000000000000 ) ) ;
#2723 = EDGE_LOOP ( 'NONE', ( #743, #1760, #2610, #4633 ) ) ;
#2724 = AXIS2_PLACEMENT_3D ( 'NONE', #1880, #2600, #3377 ) ;
#2725 = PERSON_AND_ORGANIZATION_ROLE ( 'creator' ) ;
#2726 = CARTESIAN_POINT ( 'NONE',  ( 15.90000000000005720, -398.5000000000000000, 9.399999999999995026 ) ) ;
#2727 = VECTOR ( 'NONE', #353, 1000.000000000000000 ) ;
#2728 = LINE ( 'NONE', #2969, #1661 ) ;
#2729 = VERTEX_POINT ( 'NONE', #1690 ) ;
#2730 = ADVANCED_FACE ( 'NONE', ( #4347 ), #1388, .T. ) ;
#2731 = PLANE ( 'NONE',  #1524 ) ;
#2732 = DIRECTION ( 'NONE',  ( -0.000000000000000000, -1.000000000000000000, -0.000000000000000000 ) ) ;
#2733 = ORIENTED_EDGE ( 'NONE', *, *, #1712, .F. ) ;
#2734 = ORIENTED_EDGE ( 'NONE', *, *, #1505, .T. ) ;
#2735 = EDGE_CURVE ( 'NONE', #3491, #2138, #4161, .T. ) ;
#2736 = DIRECTION ( 'NONE',  ( -0.8371691043312223801, 0.000000000000000000, -0.5469441386039887165 ) ) ;
#2737 = ORIENTED_EDGE ( 'NONE', *, *, #3474, .F. ) ;
#2738 = CARTESIAN_POINT ( 'NONE',  ( 457.4859170929093466, -664.0117452956707211, 170.5284720111751540 ) ) ;
#2739 = ORIENTED_EDGE ( 'NONE', *, *, #1001, .F. ) ;
#2740 = CC_DESIGN_APPROVAL ( #3554, ( #3306 ) ) ;
#2741 = APPROVAL_STATUS ( 'not_yet_approved' ) ;
#2742 = EDGE_CURVE ( 'NONE', #1533, #620, #522, .T. ) ;
#2743 = ORIENTED_EDGE ( 'NONE', *, *, #1071, .T. ) ;
#2744 = EDGE_LOOP ( 'NONE', ( #959, #3630, #1548, #1815 ) ) ;
#2745 = LINE ( 'NONE', #704, #1145 ) ;
#2746 = EDGE_CURVE ( 'NONE', #3121, #679, #1671, .T. ) ;
#2747 = DIRECTION ( 'NONE',  ( 0.000000000000000000, 1.000000000000000000, 0.000000000000000000 ) ) ;
#2748 = VECTOR ( 'NONE', #147, 1000.000000000000000 ) ;
#2749 = DIRECTION ( 'NONE',  ( 1.000000000000000000, 0.000000000000000000, 0.000000000000000000 ) ) ;
#2750 =( REPRESENTATION_RELATIONSHIP ('NONE','NONE', #2701, #4296 ) REPRESENTATION_RELATIONSHIP_WITH_TRANSFORMATION ( #4308 )SHAPE_REPRESENTATION_RELATIONSHIP( ) );
#2751 = LINE ( 'NONE', #2678, #760 ) ;
#2752 = CALENDAR_DATE ( 2026, 5, 6 ) ;
#2753 = AXIS2_PLACEMENT_3D ( 'NONE', #1074, #1468, #2971 ) ;
#2754 = LINE ( 'NONE', #1203, #1103 ) ;
#2755 = LINE ( 'NONE', #3624, #4067 ) ;
#2756 = DIRECTION ( 'NONE',  ( -0.000000000000000000, 1.000000000000000000, -0.000000000000000000 ) ) ;
#2757 = CARTESIAN_POINT ( 'NONE',  ( 0.000000000000000000, 0.000000000000000000, 300.0000000000000000 ) ) ;
#2758 = CALENDAR_DATE ( 2026, 5, 6 ) ;
#2759 = CARTESIAN_POINT ( 'NONE',  ( 894.8000000000000682, -50.49999999999992184, 300.0000000000000000 ) ) ;
#2760 = ORIENTED_EDGE ( 'NONE', *, *, #821, .T. ) ;
#2761 = CARTESIAN_POINT ( 'NONE',  ( 7.961735002956730495E-14, -350.0000000000000000, 30.00000000000000000 ) ) ;
#2762 = APPROVAL ( #130, '未指定' ) ;
#2763 = PERSON_AND_ORGANIZATION ( #1525, #4321 ) ;
#2764 = EDGE_CURVE ( 'NONE', #2498, #230, #4103, .T. ) ;
#2765 = ADVANCED_FACE ( 'NONE', ( #3352 ), #1784, .F. ) ;
#2766 = ORIENTED_EDGE ( 'NONE', *, *, #1380, .T. ) ;
#2767 = DATE_TIME_ROLE ( 'classification_date' ) ;
#2768 = DIRECTION ( 'NONE',  ( -0.7071067811865460184, 0.000000000000000000, -0.7071067811865490160 ) ) ;
#2769 = ORIENTED_EDGE ( 'NONE', *, *, #3080, .F. ) ;
#2770 = VECTOR ( 'NONE', #2254, 1000.000000000000000 ) ;
#2771 = AXIS2_PLACEMENT_3D ( 'NONE', #3281, #286, #2894 ) ;
#2772 = CARTESIAN_POINT ( 'NONE',  ( 98.00000000000004263, -250.9999999999999432, 99.99999999999998579 ) ) ;
#2773 = EDGE_CURVE ( 'NONE', #1075, #1208, #3348, .T. ) ;
#2774 = ORIENTED_EDGE ( 'NONE', *, *, #242, .T. ) ;
#2775 = CARTESIAN_POINT ( 'NONE',  ( 878.0000000000000000, -50.49999999999992184, 316.7999999999999545 ) ) ;
#2776 = ORIENTED_EDGE ( 'NONE', *, *, #811, .T. ) ;
#2777 = PLANE ( 'NONE',  #3546 ) ;
#2778 = LINE ( 'NONE', #2444, #785 ) ;
#2779 = LINE ( 'NONE', #3802, #392 ) ;
#2780 = ORIENTED_EDGE ( 'NONE', *, *, #4219, .F. ) ;
#2781 = AXIS2_PLACEMENT_3D ( 'NONE', #934, #1317, #4624 ) ;
#2782 = ORIENTED_EDGE ( 'NONE', *, *, #1505, .F. ) ;
#2783 = EDGE_LOOP ( 'NONE', ( #4609, #4336, #1644, #3982 ) ) ;
#2784 = CARTESIAN_POINT ( 'NONE',  ( 15.90000000000005720, -506.0000000000004547, 15.90000000000000036 ) ) ;
#2785 = VERTEX_POINT ( 'NONE', #3574 ) ;
#2786 = EDGE_LOOP ( 'NONE', ( #1940, #1411 ) ) ;
#2787 = DIRECTION ( 'NONE',  ( 1.232566680299310330E-16, -1.000000000000000000, 0.000000000000000000 ) ) ;
#2788 = DIRECTION ( 'NONE',  ( -0.000000000000000000, 1.000000000000000000, -0.000000000000000000 ) ) ;
#2789 = CARTESIAN_POINT ( 'NONE',  ( 98.00000000000007105, -573.0000000000000000, 239.9999999999999716 ) ) ;
#2790 =( GEOMETRIC_REPRESENTATION_CONTEXT ( 3 ) GLOBAL_UNCERTAINTY_ASSIGNED_CONTEXT ( ( #2400 ) ) GLOBAL_UNIT_ASSIGNED_CONTEXT ( ( #2486, #1369, #3170 ) ) REPRESENTATION_CONTEXT ( 'NONE', 'WORKASPACE' ) );
#2791 = CIRCLE ( 'NONE', #4601, 8.000000000000007105 ) ;
#2792 = AXIS2_PLACEMENT_3D ( 'NONE', #1218, #3042, #1176 ) ;
#2793 = ORIENTED_EDGE ( 'NONE', *, *, #2923, .F. ) ;
#2794 = VERTEX_POINT ( 'NONE', #2206 ) ;
#2795 = DIRECTION ( 'NONE',  ( -1.000000000000000000, -1.384302765077962065E-16, -0.000000000000000000 ) ) ;
#2796 = DIRECTION ( 'NONE',  ( -0.000000000000000000, -0.000000000000000000, 1.000000000000000000 ) ) ;
#2797 = ORIENTED_EDGE ( 'NONE', *, *, #2564, .T. ) ;
#2798 = AXIS2_PLACEMENT_3D ( 'NONE', #766, #2964, #2634 ) ;
#2799 = EDGE_CURVE ( 'NONE', #494, #4348, #914, .T. ) ;
#2800 = CARTESIAN_POINT ( 'NONE',  ( 0.000000000000000000, 0.000000000000000000, 120.0000000000000000 ) ) ;
#2801 = PERSON_AND_ORGANIZATION ( #2269, #3365 ) ;
#2802 = DIRECTION ( 'NONE',  ( -1.000000000000000000, 0.000000000000000000, 0.000000000000000000 ) ) ;
#2803 = EDGE_CURVE ( 'NONE', #1378, #1753, #3642, .T. ) ;
#2804 = DIRECTION ( 'NONE',  ( 0.000000000000000000, 1.000000000000000000, 0.000000000000000000 ) ) ;
#2805 = LINE ( 'NONE', #4698, #4083 ) ;
#2806 = CARTESIAN_POINT ( 'NONE',  ( 870.0000000000001137, -760.0000000000000000, 20.00000000000000000 ) ) ;
#2807 = PERSON_AND_ORGANIZATION_ROLE ( 'creator' ) ;
#2808 = AXIS2_PLACEMENT_3D ( 'NONE', #3836, #1997, #3082 ) ;
#2809 = CARTESIAN_POINT ( 'NONE',  ( 451.3012174904653193, -667.8630772397829105, 162.6094618837421422 ) ) ;
#2810 = CARTESIAN_POINT ( 'NONE',  ( 403.0000000000001137, -672.9999999999998863, 170.0000000000000284 ) ) ;
#2811 = PERSON_AND_ORGANIZATION ( #1525, #4321 ) ;
#2812 = DIRECTION ( 'NONE',  ( 1.306212789964399565E-16, -1.000000000000000000, 0.000000000000000000 ) ) ;
#2813 = LINE ( 'NONE', #4081, #1696 ) ;
#2814 = VECTOR ( 'NONE', #1925, 1000.000000000000000 ) ;
#2815 = CARTESIAN_POINT ( 'NONE',  ( 30.00000000000009592, -760.0000000000000000, 1140.192835008725751 ) ) ;
#2816 = EDGE_CURVE ( 'NONE', #4657, #3241, #796, .T. ) ;
#2817 = ORIENTED_EDGE ( 'NONE', *, *, #3410, .F. ) ;
#2818 = ORIENTED_EDGE ( 'NONE', *, *, #730, .T. ) ;
#2819 = DIRECTION ( 'NONE',  ( 1.000000000000000000, 0.000000000000000000, 0.000000000000000000 ) ) ;
#2820 = DIRECTION ( 'NONE',  ( -1.000000000000000000, -1.306212789964399565E-16, 0.000000000000000000 ) ) ;
#2821 = CARTESIAN_POINT ( 'NONE',  ( 884.1000000000002501, -749.5000000000000000, 316.0000000000000000 ) ) ;
#2822 = APPROVAL_PERSON_ORGANIZATION ( #158, #1737, #3213 ) ;
#2823 = ORIENTED_EDGE ( 'NONE', *, *, #2918, .F. ) ;
#2824 = ORIENTED_EDGE ( 'NONE', *, *, #2555, .T. ) ;
#2825 = APPROVAL_STATUS ( 'not_yet_approved' ) ;
#2826 = CARTESIAN_POINT ( 'NONE',  ( 456.9727783995174377, -664.4345907591876994, 167.2265228863913933 ) ) ;
#2827 = CARTESIAN_POINT ( 'NONE',  ( 30.00000000000009237, -778.0000000000000000, 300.0000000000000568 ) ) ;
#2828 = ORIENTED_EDGE ( 'NONE', *, *, #2742, .F. ) ;
#2829 = VECTOR ( 'NONE', #2804, 1000.000000000000000 ) ;
#2830 = CARTESIAN_POINT ( 'NONE',  ( 497.0000000000001137, -672.9999999999998863, 170.0000000000000284 ) ) ;
#2831 = VECTOR ( 'NONE', #3714, 1000.000000000000000 ) ;
#2832 = DIRECTION ( 'NONE',  ( -1.000000000000000000, -0.000000000000000000, -1.137523590804461357E-16 ) ) ;
#2833 = ORIENTED_EDGE ( 'NONE', *, *, #4385, .F. ) ;
#2834 = EDGE_CURVE ( 'NONE', #996, #1956, #681, .T. ) ;
#2835 = CYLINDRICAL_SURFACE ( 'NONE', #2267, 15.00000000000000000 ) ;
#2836 = DIRECTION ( 'NONE',  ( 0.000000000000000000, -0.000000000000000000, -1.000000000000000000 ) ) ;
#2837 = ORIENTED_EDGE ( 'NONE', *, *, #3147, .T. ) ;
#2838 = DIRECTION ( 'NONE',  ( -2.311230519773774688E-33, 0.9999999999999998890, 1.675717664533847481E-32 ) ) ;
#2839 = VECTOR ( 'NONE', #4146, 1000.000000000000000 ) ;
#2840 = ORIENTED_EDGE ( 'NONE', *, *, #195, .T. ) ;
#2841 = ORIENTED_EDGE ( 'NONE', *, *, #1282, .T. ) ;
#2842 = CARTESIAN_POINT ( 'NONE',  ( 447.9664636784553977, -667.6462049895071686, 162.7633649153934527 ) ) ;
#2843 = DIRECTION ( 'NONE',  ( 0.000000000000000000, -1.000000000000000000, 0.000000000000000000 ) ) ;
#2844 = AXIS2_PLACEMENT_3D ( 'NONE', #3364, #3665, #2581 ) ;
#2845 = FACE_OUTER_BOUND ( 'NONE', #4376, .T. ) ;
#2846 = VERTEX_POINT ( 'NONE', #1449 ) ;
#2847 = PLANE ( 'NONE',  #3845 ) ;
#2848 = ORIENTED_EDGE ( 'NONE', *, *, #3163, .F. ) ;
#2849 = DIRECTION ( 'NONE',  ( 1.000000000000000000, -1.927470528863117076E-16, 0.000000000000000000 ) ) ;
#2850 = VERTEX_POINT ( 'NONE', #3990 ) ;
#2851 = ORIENTED_EDGE ( 'NONE', *, *, #4622, .F. ) ;
#2852 = CARTESIAN_POINT ( 'NONE',  ( 30.00000000000001066, -100.0000000000000284, 316.7999999999999545 ) ) ;
#2853 = CC_DESIGN_PERSON_AND_ORGANIZATION_ASSIGNMENT ( #2981, #617, ( #4421 ) ) ;
#2854 = LINE ( 'NONE', #2574, #4295 ) ;
#2855 = APPROVAL_ROLE ( '' ) ;
#2856 = CARTESIAN_POINT ( 'NONE',  ( 443.5787841566861971, -664.8773933481802487, 166.1169447795147960 ) ) ;
#2857 = CARTESIAN_POINT ( 'NONE',  ( 98.00000000000004263, -270.9999999999998863, -0.001000000000001000089 ) ) ;
#2858 = EDGE_CURVE ( 'NONE', #2141, #2846, #2612, .T. ) ;
#2859 = DIRECTION ( 'NONE',  ( 1.000000000000000000, -1.460819769243627131E-16, 0.000000000000000000 ) ) ;
#2860 = DATE_AND_TIME ( #3610, #4594 ) ;
#2861 = VECTOR ( 'NONE', #442, 1000.000000000000000 ) ;
#2862 = DIRECTION ( 'NONE',  ( 0.000000000000000000, 0.000000000000000000, 1.000000000000000000 ) ) ;
#2863 = CARTESIAN_POINT ( 'NONE',  ( 870.0000000000000000, -18.00000000000000000, 20.00000000000001776 ) ) ;
#2864 = DIRECTION ( 'NONE',  ( -1.000000000000000000, 0.000000000000000000, 0.000000000000000000 ) ) ;
#2865 = VECTOR ( 'NONE', #3167, 1000.000000000000000 ) ;
#2866 = FACE_OUTER_BOUND ( 'NONE', #902, .T. ) ;
#2867 = DIRECTION ( 'NONE',  ( -0.2653532655678898511, 0.000000000000000000, -0.9641512560031526569 ) ) ;
#2868 = LOCAL_TIME ( 8, 52, 31.00000000000000000, #3851 ) ;
#2869 = AXIS2_PLACEMENT_3D ( 'NONE', #3371, #2652, #3356 ) ;
#2870 = DIRECTION ( 'NONE',  ( 0.000000000000000000, -0.000000000000000000, -1.000000000000000000 ) ) ;
#2871 = CARTESIAN_POINT ( 'NONE',  ( 448.7065577227213566, -667.8650749094572348, 162.6080755952831680 ) ) ;
#2872 = DIRECTION ( 'NONE',  ( -1.000000000000000000, -9.190587952195003339E-17, 0.000000000000000000 ) ) ;
#2873 = ORIENTED_EDGE ( 'NONE', *, *, #1800, .T. ) ;
#2874 = ORIENTED_EDGE ( 'NONE', *, *, #3194, .T. ) ;
#2875 = COORDINATED_UNIVERSAL_TIME_OFFSET ( 8, 0, .AHEAD. ) ;
#2876 = VERTEX_POINT ( 'NONE', #3256 ) ;
#2877 = ORIENTED_EDGE ( 'NONE', *, *, #1481, .T. ) ;
#2878 = CARTESIAN_POINT ( 'NONE',  ( 22.00000000000000711, -100.0000000000000284, 324.7999999999999545 ) ) ;
#2879 = AXIS2_PLACEMENT_3D ( 'NONE', #1899, #3362, #4541 ) ;
#2880 = EDGE_CURVE ( 'NONE', #3330, #1700, #564, .T. ) ;
#2881 = ORIENTED_EDGE ( 'NONE', *, *, #4214, .F. ) ;
#2882 = DIRECTION ( 'NONE',  ( 0.000000000000000000, 0.000000000000000000, 1.000000000000000000 ) ) ;
#2883 = DIRECTION ( 'NONE',  ( -2.612425579928799129E-16, 1.000000000000000000, -0.000000000000000000 ) ) ;
#2884 = ORIENTED_EDGE ( 'NONE', *, *, #1035, .F. ) ;
#2885 = AXIS2_PLACEMENT_3D ( 'NONE', #4748, #2915, #4389 ) ;
#2886 = EDGE_CURVE ( 'NONE', #266, #4747, #2559, .T. ) ;
#2887 = CARTESIAN_POINT ( 'NONE',  ( 456.7698929801564987, -664.5989277583200874, 173.2373746762604867 ) ) ;
#2888 = PLANE ( 'NONE',  #3784 ) ;
#2889 = DIRECTION ( 'NONE',  ( 0.000000000000000000, 0.000000000000000000, -1.000000000000000000 ) ) ;
#2890 = LINE ( 'NONE', #4154, #2007 ) ;
#2891 = VERTEX_POINT ( 'NONE', #2558 ) ;
#2892 = ORIENTED_EDGE ( 'NONE', *, *, #847, .F. ) ;
#2893 = CARTESIAN_POINT ( 'NONE',  ( 15.90000000000005720, -506.0000000000004547, 20.90000000000000213 ) ) ;
#2894 = DIRECTION ( 'NONE',  ( -1.000000000000000000, 0.000000000000000000, -0.000000000000000000 ) ) ;
#2895 = EDGE_CURVE ( 'NONE', #858, #967, #1552, .T. ) ;
#2896 = VECTOR ( 'NONE', #229, 1000.000000000000000 ) ;
#2897 = VERTEX_POINT ( 'NONE', #2149 ) ;
#2898 = DIRECTION ( 'NONE',  ( 0.000000000000000000, 0.000000000000000000, 1.000000000000000000 ) ) ;
#2899 = ORIENTED_EDGE ( 'NONE', *, *, #794, .F. ) ;
#2900 = ORIENTED_EDGE ( 'NONE', *, *, #390, .F. ) ;
#2901 = APPLICATION_PROTOCOL_DEFINITION ( 'international standard', 'config_control_design', 1994, #1385 ) ;
#2902 = FACE_OUTER_BOUND ( 'NONE', #2252, .T. ) ;
#2903 = CARTESIAN_POINT ( 'NONE',  ( 457.3902824321624507, -664.0912754271587346, 171.3039066769835586 ) ) ;
#2904 = ADVANCED_FACE ( 'NONE', ( #1137 ), #719, .T. ) ;
#2905 = VERTEX_POINT ( 'NONE', #4366 ) ;
#2906 = CARTESIAN_POINT ( 'NONE',  ( 870.0000000000000000, -18.00000000000000000, 300.0000000000000000 ) ) ;
#2907 = ORIENTED_EDGE ( 'NONE', *, *, #3194, .F. ) ;
#2908 = ADVANCED_FACE ( 'NONE', ( #2845 ), #3760, .T. ) ;
#2909 = CARTESIAN_POINT ( 'NONE',  ( 869.9999999999998863, -778.0000000000000000, 2.000000000000000000 ) ) ;
#2910 = EDGE_CURVE ( 'NONE', #954, #2891, #3700, .T. ) ;
#2911 = VERTEX_POINT ( 'NONE', #2670 ) ;
#2912 = DIRECTION ( 'NONE',  ( -0.000000000000000000, 0.000000000000000000, 1.000000000000000000 ) ) ;
#2913 = CALENDAR_DATE ( 2026, 5, 6 ) ;
#2914 = EDGE_LOOP ( 'NONE', ( #1657, #4617, #1781, #2615, #3235, #2873, #4405, #1620 ) ) ;
#2915 = DIRECTION ( 'NONE',  ( -0.000000000000000000, -1.000000000000000000, -0.000000000000000000 ) ) ;
#2916 = SECURITY_CLASSIFICATION ( '', '', #4309 ) ;
#2917 = CARTESIAN_POINT ( 'NONE',  ( 0.000000000000000000, 0.000000000000000000, 0.000000000000000000 ) ) ;
#2918 = EDGE_CURVE ( 'NONE', #3138, #62, #1959, .T. ) ;
#2919 = APPROVAL_PERSON_ORGANIZATION ( #2801, #2973, #475 ) ;
#2920 = EDGE_LOOP ( 'NONE', ( #926, #626, #4204, #1339 ) ) ;
#2921 = CARTESIAN_POINT ( 'NONE',  ( 497.0000000000001137, -678.9999999999998863, 170.0000000000000284 ) ) ;
#2922 = CARTESIAN_POINT ( 'NONE',  ( -28.00000000000005684, -350.0000000000000000, 22.00000000000000000 ) ) ;
#2923 = EDGE_CURVE ( 'NONE', #1700, #3621, #3011, .T. ) ;
#2924 = DIRECTION ( 'NONE',  ( 1.000000000000000000, 0.000000000000000000, 0.000000000000000000 ) ) ;
#2925 = LOCAL_TIME ( 8, 52, 31.00000000000000000, #3896 ) ;
#2926 = DIRECTION ( 'NONE',  ( 0.000000000000000000, 0.000000000000000000, 1.000000000000000000 ) ) ;
#2927 = FACE_OUTER_BOUND ( 'NONE', #4564, .T. ) ;
#2928 = LINE ( 'NONE', #3777, #3315 ) ;
#2929 = DIRECTION ( 'NONE',  ( -1.000000000000000000, -2.612425579928799129E-16, -2.065146995210486914E-16 ) ) ;
#2930 = ORIENTED_EDGE ( 'NONE', *, *, #1729, .T. ) ;
#2931 = PERSON_AND_ORGANIZATION ( #1525, #4321 ) ;
#2932 = CARTESIAN_POINT ( 'NONE',  ( 403.0000000000001137, -666.9999999999998863, 170.0000000000000284 ) ) ;
#2933 = ORIENTED_EDGE ( 'NONE', *, *, #2547, .F. ) ;
#2934 = EDGE_LOOP ( 'NONE', ( #795, #4327, #1016, #1593, #663, #2848 ) ) ;
#2935 = DIRECTION ( 'NONE',  ( -1.604189728405243611E-32, 1.228122814850837064E-16, 1.000000000000000000 ) ) ;
#2936 = CARTESIAN_POINT ( 'NONE',  ( 98.00000000000004263, -603.0000000000000000, 239.9999999999999716 ) ) ;
#2937 = VERTEX_POINT ( 'NONE', #750 ) ;
#2938 = ORIENTED_EDGE ( 'NONE', *, *, #1563, .T. ) ;
#2939 = CARTESIAN_POINT ( 'NONE',  ( 68.00000000000005684, -623.0000000000000000, 250.0000000000000568 ) ) ;
#2940 = PRODUCT_RELATED_PRODUCT_CATEGORY ( 'detail', '', ( #714 ) ) ;
#2941 = AXIS2_PLACEMENT_3D ( 'NONE', #1978, #3409, #4182 ) ;
#2942 = VECTOR ( 'NONE', #568, 1000.000000000000000 ) ;
#2943 = LINE ( 'NONE', #4092, #3754 ) ;
#2944 = PLANE ( 'NONE',  #4213 ) ;
#2945 = ORIENTED_EDGE ( 'NONE', *, *, #1233, .F. ) ;
#2946 = ORIENTED_EDGE ( 'NONE', *, *, #1534, .F. ) ;
#2947 = CIRCLE ( 'NONE', #1794, 15.00000000000000000 ) ;
#2948 = AXIS2_PLACEMENT_3D ( 'NONE', #2800, #1330, #3536 ) ;
#2949 = VERTEX_POINT ( 'NONE', #2635 ) ;
#2950 = EDGE_CURVE ( 'NONE', #334, #898, #1382, .T. ) ;
#2951 = DIRECTION ( 'NONE',  ( 1.000000000000000000, 1.224646799147353207E-16, -0.000000000000000000 ) ) ;
#2952 = VERTEX_POINT ( 'NONE', #431 ) ;
#2953 = ORIENTED_EDGE ( 'NONE', *, *, #4766, .T. ) ;
#2954 = CARTESIAN_POINT ( 'NONE',  ( -6.450000000000001066, 7.898971854500429678E-16, -1.500000000000000000 ) ) ;
#2955 = EDGE_CURVE ( 'NONE', #2876, #3567, #2675, .T. ) ;
#2956 = ORIENTED_EDGE ( 'NONE', *, *, #65, .F. ) ;
#2957 = EDGE_LOOP ( 'NONE', ( #2067, #3878, #510, #915 ) ) ;
#2958 = CARTESIAN_POINT ( 'NONE',  ( 400.0000000000001137, -663.9999999999998863, 170.0000000000000284 ) ) ;
#2959 = CYLINDRICAL_SURFACE ( 'NONE', #1265, 9.000000000000007105 ) ;
#2960 = VERTEX_POINT ( 'NONE', #1544 ) ;
#2961 = EDGE_LOOP ( 'NONE', ( #4096, #1591, #3414, #3590 ) ) ;
#2962 = DIRECTION ( 'NONE',  ( 0.000000000000000000, -1.000000000000000000, 0.000000000000000000 ) ) ;
#2963 = CARTESIAN_POINT ( 'NONE',  ( 442.9409157609072167, -664.3641054498360745, 172.5463651910900467 ) ) ;
#2964 = DIRECTION ( 'NONE',  ( 1.000000000000000000, 1.306212789964399565E-16, -0.000000000000000000 ) ) ;
#2965 = CARTESIAN_POINT ( 'NONE',  ( 98.00000000000004263, -220.9999999999999432, 249.9999999999999716 ) ) ;
#2966 = AXIS2_PLACEMENT_3D ( 'NONE', #2415, #4569, #3837 ) ;
#2967 = EDGE_CURVE ( 'NONE', #3774, #4199, #3877, .T. ) ;
#2968 = LOCAL_TIME ( 8, 52, 31.00000000000000000, #3998 ) ;
#2969 = CARTESIAN_POINT ( 'NONE',  ( 900.0019999999999527, -366.9999999999999432, 185.0000000000000568 ) ) ;
#2970 = CARTESIAN_POINT ( 'NONE',  ( 832.0000000000001137, -170.9999999999998863, 90.00000000000000000 ) ) ;
#2971 = DIRECTION ( 'NONE',  ( -1.000000000000000000, 0.000000000000000000, -0.000000000000000000 ) ) ;
#2972 = DIRECTION ( 'NONE',  ( -0.000000000000000000, -0.000000000000000000, -1.000000000000000000 ) ) ;
#2973 = APPROVAL ( #177, 'UNKNOWN' ) ;
#2974 = EDGE_CURVE ( 'NONE', #334, #2985, #4391, .T. ) ;
#2975 = FACE_OUTER_BOUND ( 'NONE', #1466, .T. ) ;
#2976 = ADVANCED_FACE ( 'NONE', ( #1617 ), #3702, .F. ) ;
#2977 = ITEM_DEFINED_TRANSFORMATION ( 'NONE', 'NONE', #4611,  #2966 ) ;
#2978 = PLANE ( 'NONE',  #3130 ) ;
#2979 = CIRCLE ( 'NONE', #3746, 3.000000000000002665 ) ;
#2980 = EDGE_CURVE ( 'NONE', #4229, #2897, #4577, .T. ) ;
#2981 = PERSON_AND_ORGANIZATION ( #1525, #4321 ) ;
#2982 = VERTEX_POINT ( 'NONE', #3719 ) ;
#2983 = DIRECTION ( 'NONE',  ( -0.000000000000000000, 1.000000000000000000, -0.000000000000000000 ) ) ;
#2984 = ADVANCED_FACE ( 'NONE', ( #625 ), #69, .T. ) ;
#2985 = VERTEX_POINT ( 'NONE', #1889 ) ;
#2986 = VECTOR ( 'NONE', #3657, 1000.000000000000000 ) ;
#2987 = PERSON_AND_ORGANIZATION ( #1525, #4321 ) ;
#2988 = DIRECTION ( 'NONE',  ( 1.000000000000000000, 1.228122814850837064E-16, -0.000000000000000000 ) ) ;
#2989 = CIRCLE ( 'NONE', #57, 8.000000000000007105 ) ;
#2990 = ORIENTED_EDGE ( 'NONE', *, *, #4179, .F. ) ;
#2991 = ORIENTED_EDGE ( 'NONE', *, *, #821, .F. ) ;
#2992 = DIRECTION ( 'NONE',  ( 1.000000000000000000, 1.306212789964399565E-16, -0.000000000000000000 ) ) ;
#2993 = CARTESIAN_POINT ( 'NONE',  ( 30.00000000000000355, -18.00000000000000000, 300.0000000000000000 ) ) ;
#2994 = CARTESIAN_POINT ( 'NONE',  ( 68.00000000000005684, -170.9999999999999716, 250.0000000000000000 ) ) ;
#2995 = ADVANCED_FACE ( 'NONE', ( #4223 ), #1857, .F. ) ;
#2996 = VECTOR ( 'NONE', #3763, 1000.000000000000000 ) ;
#2997 = ADVANCED_FACE ( 'NONE', ( #4686 ), #1019, .T. ) ;
#2998 = ORIENTED_EDGE ( 'NONE', *, *, #2315, .T. ) ;
#2999 = VECTOR ( 'NONE', #2669, 1000.000000000000000 ) ;
#3000 = CARTESIAN_POINT ( 'NONE',  ( 894.8000000000002956, -700.0000000000000000, 300.0000000000000000 ) ) ;
#3001 = LINE ( 'NONE', #4504, #1768 ) ;
#3002 = ORIENTED_EDGE ( 'NONE', *, *, #1205, .F. ) ;
#3003 = SECURITY_CLASSIFICATION ( '', '', #4289 ) ;
#3004 = AXIS2_PLACEMENT_3D ( 'NONE', #541, #3907, #198 ) ;
#3005 = DIRECTION ( 'NONE',  ( 0.000000000000000000, 0.000000000000000000, 1.000000000000000000 ) ) ;
#3006 = FACE_OUTER_BOUND ( 'NONE', #3336, .T. ) ;
#3007 = PLANE ( 'NONE',  #1184 ) ;
#3008 = ORIENTED_EDGE ( 'NONE', *, *, #4402, .T. ) ;
#3009 = ADVANCED_FACE ( 'NONE', ( #1725 ), #1267, .T. ) ;
#3010 = EDGE_CURVE ( 'NONE', #279, #3185, #2499, .T. ) ;
#3011 = LINE ( 'NONE', #4128, #2379 ) ;
#3012 = CARTESIAN_POINT ( 'NONE',  ( 832.0000000000001137, -170.9999999999998863, 90.00000000000000000 ) ) ;
#3013 = DIRECTION ( 'NONE',  ( 1.000000000000000000, 0.000000000000000000, 0.000000000000000000 ) ) ;
#3014 = ORIENTED_EDGE ( 'NONE', *, *, #2564, .F. ) ;
#3015 = CARTESIAN_POINT ( 'NONE',  ( 878.0000000000000000, -99.99999999999992895, 324.7999999999999545 ) ) ;
#3016 = ORIENTED_EDGE ( 'NONE', *, *, #1892, .F. ) ;
#3017 = CARTESIAN_POINT ( 'NONE',  ( 870.0000000000002274, -749.5000000000000000, 300.0000000000000000 ) ) ;
#3018 = ORIENTED_EDGE ( 'NONE', *, *, #3039, .T. ) ;
#3019 = EDGE_LOOP ( 'NONE', ( #3886, #3598 ) ) ;
#3020 = CARTESIAN_POINT ( 'NONE',  ( 15.90000000000005720, -398.5000000000000000, 15.90000000000000036 ) ) ;
#3021 = CARTESIAN_POINT ( 'NONE',  ( 15.90000000000000036, -749.5000000000000000, 316.0000000000000000 ) ) ;
#3022 = CIRCLE ( 'NONE', #1846, 6.500000000000005329 ) ;
#3023 = ORIENTED_EDGE ( 'NONE', *, *, #2448, .T. ) ;
#3024 = DIRECTION ( 'NONE',  ( -0.000000000000000000, 1.000000000000000000, -0.000000000000000000 ) ) ;
#3025 = CARTESIAN_POINT ( 'NONE',  ( 894.8000000000000682, -50.49999999999992184, 300.0000000000000000 ) ) ;
#3026 = AXIS2_PLACEMENT_3D ( 'NONE', #484, #1949, #471 ) ;
#3027 = ADVANCED_FACE ( 'NONE', ( #3477, #4453 ), #4184, .T. ) ;
#3028 = ORIENTED_EDGE ( 'NONE', *, *, #4015, .F. ) ;
#3029 = CARTESIAN_POINT ( 'NONE',  ( 802.0000000000000000, -573.0000000000000000, 239.9999999999999716 ) ) ;
#3030 = VERTEX_POINT ( 'NONE', #4064 ) ;
#3031 = DIRECTION ( 'NONE',  ( -0.000000000000000000, -1.000000000000000000, -0.000000000000000000 ) ) ;
#3032 = CARTESIAN_POINT ( 'NONE',  ( 98.00000000000005684, -250.9999999999999432, 239.9999999999999432 ) ) ;
#3033 = AXIS2_PLACEMENT_3D ( 'NONE', #4324, #2838, #2432 ) ;
#3034 = AXIS2_PLACEMENT_3D ( 'NONE', #2917, #3268, #1795 ) ;
#3035 = ADVANCED_FACE ( 'NONE', ( #60 ), #3070, .F. ) ;
#3036 = LOCAL_TIME ( 8, 52, 31.00000000000000000, #1158 ) ;
#3037 = VECTOR ( 'NONE', #2550, 1000.000000000000000 ) ;
#3038 = DIRECTION ( 'NONE',  ( -0.000000000000000000, -0.000000000000000000, -1.000000000000000000 ) ) ;
#3039 = EDGE_CURVE ( 'NONE', #174, #2233, #2131, .T. ) ;
#3040 = LINE ( 'NONE', #2410, #1462 ) ;
#3041 = VECTOR ( 'NONE', #4320, 1000.000000000000000 ) ;
#3042 = DIRECTION ( 'NONE',  ( -0.000000000000000000, 0.000000000000000000, 1.000000000000000000 ) ) ;
#3043 = CARTESIAN_POINT ( 'NONE',  ( 98.00000000000004263, -603.0000000000000000, 239.9999999999999716 ) ) ;
#3044 = LOCAL_TIME ( 8, 52, 31.00000000000000000, #1530 ) ;
#3045 = ORIENTED_EDGE ( 'NONE', *, *, #2139, .T. ) ;
#3046 = ORIENTED_EDGE ( 'NONE', *, *, #558, .T. ) ;
#3047 = EDGE_CURVE ( 'NONE', #613, #3774, #3287, .T. ) ;
#3048 = CARTESIAN_POINT ( 'NONE',  ( 450.0000000000000000, -672.9999999999998863, 170.0000000000000284 ) ) ;
#3049 = ORIENTED_EDGE ( 'NONE', *, *, #2165, .F. ) ;
#3050 = ADVANCED_FACE ( 'NONE', ( #3580 ), #4201, .F. ) ;
#3051 = CARTESIAN_POINT ( 'NONE',  ( -28.00000000000005684, 300.0000000000000000, 22.00000000000000000 ) ) ;
#3052 = AXIS2_PLACEMENT_3D ( 'NONE', #1643, #3542, #185 ) ;
#3053 = LINE ( 'NONE', #3451, #4728 ) ;
#3054 = DIRECTION ( 'NONE',  ( 0.000000000000000000, 0.000000000000000000, -1.000000000000000000 ) ) ;
#3055 = ORIENTED_EDGE ( 'NONE', *, *, #2229, .T. ) ;
#3056 = ORIENTED_EDGE ( 'NONE', *, *, #496, .T. ) ;
#3057 = LINE ( 'NONE', #1980, #1065 ) ;
#3058 = FACE_OUTER_BOUND ( 'NONE', #1107, .T. ) ;
#3059 = EDGE_LOOP ( 'NONE', ( #2197, #1189, #742, #2214 ) ) ;
#3060 = DIRECTION ( 'NONE',  ( -0.000000000000000000, 1.000000000000000000, -0.000000000000000000 ) ) ;
#3061 = CARTESIAN_POINT ( 'NONE',  ( 886.8000000000000682, -50.49999999999992184, 316.7999999999999545 ) ) ;
#3062 = EDGE_CURVE ( 'NONE', #2142, #3407, #3821, .T. ) ;
#3063 = CIRCLE ( 'NONE', #2844, 5.000000000000000000 ) ;
#3064 = VECTOR ( 'NONE', #4554, 1000.000000000000000 ) ;
#3065 = CARTESIAN_POINT ( 'NONE',  ( 900.0000000000001137, -777.9999999999998863, 300.0000000000000000 ) ) ;
#3066 = ORIENTED_EDGE ( 'NONE', *, *, #2955, .F. ) ;
#3067 = PLANE ( 'NONE',  #3577 ) ;
#3068 = CARTESIAN_POINT ( 'NONE',  ( 7.961735002956730495E-14, 400.0000000000000000, 30.00000000000000000 ) ) ;
#3069 = SECURITY_CLASSIFICATION ( '', '', #506 ) ;
#3070 = CYLINDRICAL_SURFACE ( 'NONE', #3288, 6.500000000000005329 ) ;
#3071 = APPROVAL_ROLE ( '' ) ;
#3072 = ORIENTED_EDGE ( 'NONE', *, *, #4, .F. ) ;
#3073 = EDGE_CURVE ( 'NONE', #4674, #2846, #1494, .T. ) ;
#3074 = ORIENTED_EDGE ( 'NONE', *, *, #4467, .F. ) ;
#3075 = FACE_OUTER_BOUND ( 'NONE', #1083, .T. ) ;
#3076 = ORIENTED_EDGE ( 'NONE', *, *, #3718, .F. ) ;
#3077 = ORIENTED_EDGE ( 'NONE', *, *, #1097, .F. ) ;
#3078 = ADVANCED_FACE ( 'NONE', ( #117, #3006 ), #2382, .T. ) ;
#3079 = DIRECTION ( 'NONE',  ( 0.000000000000000000, 0.000000000000000000, -1.000000000000000000 ) ) ;
#3080 = EDGE_CURVE ( 'NONE', #3689, #3390, #2241, .T. ) ;
#3081 = DIRECTION ( 'NONE',  ( 0.000000000000000000, 0.000000000000000000, -1.000000000000000000 ) ) ;
#3082 = DIRECTION ( 'NONE',  ( 0.000000000000000000, -1.000000000000000000, 0.000000000000000000 ) ) ;
#3083 = CARTESIAN_POINT ( 'NONE',  ( 5.200000000000002842, -700.0000000000000000, 300.0000000000000000 ) ) ;
#3084 = ORIENTED_EDGE ( 'NONE', *, *, #4303, .F. ) ;
#3085 = CARTESIAN_POINT ( 'NONE',  ( 33.00000000000007816, 300.0000000000000000, 0.000000000000000000 ) ) ;
#3086 = DIRECTION ( 'NONE',  ( -1.000000000000000000, 0.000000000000000000, 0.000000000000000000 ) ) ;
#3087 = VECTOR ( 'NONE', #1040, 1000.000000000000000 ) ;
#3088 = CARTESIAN_POINT ( 'NONE',  ( 878.0000000000000000, -99.99999999999992895, 316.7999999999999545 ) ) ;
#3089 = APPROVAL_STATUS ( 'not_yet_approved' ) ;
#3090 = DIRECTION ( 'NONE',  ( 1.000000000000000000, 0.000000000000000000, 0.000000000000000000 ) ) ;
#3091 = AXIS2_PLACEMENT_3D ( 'NONE', #1666, #208, #4004 ) ;
#3092 = VECTOR ( 'NONE', #3917, 1000.000000000000000 ) ;
#3093 = DIRECTION ( 'NONE',  ( -0.000000000000000000, -1.000000000000000000, -0.000000000000000000 ) ) ;
#3094 = DIRECTION ( 'NONE',  ( 1.599649312235235885E-32, -1.224646799147353207E-16, 1.000000000000000000 ) ) ;
#3095 = CARTESIAN_POINT ( 'NONE',  ( 878.0000000000002274, -700.0000000000000000, 324.7999999999999545 ) ) ;
#3096 = CARTESIAN_POINT ( 'NONE',  ( 870.0000000000000000, -18.00000000000000000, -0.000000000000000000 ) ) ;
#3097 = LINE ( 'NONE', #1077, #1226 ) ;
#3098 = CALENDAR_DATE ( 2026, 5, 6 ) ;
#3099 = DIRECTION ( 'NONE',  ( 0.3334333333210666162, 1.399064583736602343E-16, 0.9427736802809054684 ) ) ;
#3100 = CC_DESIGN_SECURITY_CLASSIFICATION ( #3778, ( #4421 ) ) ;
#3101 = AXIS2_PLACEMENT_3D ( 'NONE', #860, #1904, #3427 ) ;
#3102 = VECTOR ( 'NONE', #432, 1000.000000000000000 ) ;
#3103 = DIRECTION ( 'NONE',  ( 0.000000000000000000, 0.000000000000000000, -1.000000000000000000 ) ) ;
#3104 = CALENDAR_DATE ( 2026, 5, 6 ) ;
#3105 = VERTEX_POINT ( 'NONE', #3463 ) ;
#3106 = CARTESIAN_POINT ( 'NONE',  ( 884.1000000000002501, -700.0000000000000000, 316.0000000000000000 ) ) ;
#3107 = ORIENTED_EDGE ( 'NONE', *, *, #1299, .F. ) ;
#3108 = LINE ( 'NONE', #3015, #3102 ) ;
#3109 = DIRECTION ( 'NONE',  ( 0.000000000000000000, -0.000000000000000000, -1.000000000000000000 ) ) ;
#3110 = EDGE_CURVE ( 'NONE', #3407, #858, #1135, .T. ) ;
#3111 = VERTEX_POINT ( 'NONE', #3803 ) ;
#3112 = ORIENTED_EDGE ( 'NONE', *, *, #3993, .T. ) ;
#3113 = DIRECTION ( 'NONE',  ( 1.288758049684149971E-16, 0.000000000000000000, -1.000000000000000000 ) ) ;
#3114 = ORIENTED_EDGE ( 'NONE', *, *, #404, .T. ) ;
#3115 = VECTOR ( 'NONE', #2335, 1000.000000000000000 ) ;
#3116 = CARTESIAN_POINT ( 'NONE',  ( 870.0000000000001137, -778.0000000000000000, 300.0000000000000000 ) ) ;
#3117 = ORIENTED_EDGE ( 'NONE', *, *, #2980, .T. ) ;
#3118 = DIRECTION ( 'NONE',  ( 0.000000000000000000, 0.000000000000000000, 1.000000000000000000 ) ) ;
#3119 = VECTOR ( 'NONE', #3204, 1000.000000000000000 ) ;
#3120 = VECTOR ( 'NONE', #1797, 1000.000000000000000 ) ;
#3121 = VERTEX_POINT ( 'NONE', #450 ) ;
#3122 = ADVANCED_FACE ( 'NONE', ( #2071 ), #2012, .T. ) ;
#3123 = CARTESIAN_POINT ( 'NONE',  ( 878.0000000000000000, -50.49999999999992184, 324.7999999999999545 ) ) ;
#3124 = EDGE_LOOP ( 'NONE', ( #43, #3966, #1252, #2506 ) ) ;
#3125 = AXIS2_PLACEMENT_3D ( 'NONE', #1932, #1583, #774 ) ;
#3126 = EDGE_CURVE ( 'NONE', #4322, #1699, #3871, .T. ) ;
#3127 = ORIENTED_EDGE ( 'NONE', *, *, #3405, .F. ) ;
#3128 = ORIENTED_EDGE ( 'NONE', *, *, #3073, .T. ) ;
#3129 = DIRECTION ( 'NONE',  ( -1.000000000000000000, 0.000000000000000000, -0.000000000000000000 ) ) ;
#3130 = AXIS2_PLACEMENT_3D ( 'NONE', #2238, #1512, #4442 ) ;
#3131 = SECURITY_CLASSIFICATION_LEVEL ( 'unclassified' ) ;
#3132 = EDGE_CURVE ( 'NONE', #2055, #793, #4038, .T. ) ;
#3133 = VECTOR ( 'NONE', #2453, 1000.000000000000000 ) ;
#3134 = VERTEX_POINT ( 'NONE', #3095 ) ;
#3135 = DIRECTION ( 'NONE',  ( -0.000000000000000000, 1.000000000000000000, -0.000000000000000000 ) ) ;
#3136 = EDGE_LOOP ( 'NONE', ( #214, #3077, #1896, #728 ) ) ;
#3137 = TOROIDAL_SURFACE ( 'NONE', #2008, 6.000000000000011546, 3.000000000000000000 ) ;
#3138 = VERTEX_POINT ( 'NONE', #3883 ) ;
#3139 = EDGE_CURVE ( 'NONE', #4481, #4353, #4682, .T. ) ;
#3140 = CARTESIAN_POINT ( 'NONE',  ( 900.0000000000000000, 0.000000000000000000, 279.9999999999999432 ) ) ;
#3141 = DIRECTION ( 'NONE',  ( -0.000000000000000000, -0.000000000000000000, 1.000000000000000000 ) ) ;
#3142 = CARTESIAN_POINT ( 'NONE',  ( 894.8000000000000682, -50.49999999999992184, 300.0000000000000000 ) ) ;
#3143 = DIRECTION ( 'NONE',  ( 0.000000000000000000, -1.000000000000000000, 0.000000000000000000 ) ) ;
#3144 = LINE ( 'NONE', #4122, #4307 ) ;
#3145 = CARTESIAN_POINT ( 'NONE',  ( 870.0000000000002274, -749.5000000000000000, 316.7999999999999545 ) ) ;
#3146 = CARTESIAN_POINT ( 'NONE',  ( 6.450000000000001066, 0.000000000000000000, -1.500000000000000000 ) ) ;
#3147 = EDGE_CURVE ( 'NONE', #2055, #3562, #1718, .T. ) ;
#3148 = LINE ( 'NONE', #4018, #3895 ) ;
#3149 = CARTESIAN_POINT ( 'NONE',  ( 1140.000000000000000, -777.9999999999998863, 300.0000000000000000 ) ) ;
#3150 = PERSON_AND_ORGANIZATION ( #1525, #4321 ) ;
#3151 = CARTESIAN_POINT ( 'NONE',  ( 0.000000000000000000, 0.000000000000000000, 300.0000000000000000 ) ) ;
#3152 = CIRCLE ( 'NONE', #3433, 5.049999999999998934 ) ;
#3153 = LINE ( 'NONE', #3298, #2037 ) ;
#3154 = CARTESIAN_POINT ( 'NONE',  ( 22.00000000000000711, -700.0000000000000000, 324.7999999999999545 ) ) ;
#3155 = COORDINATED_UNIVERSAL_TIME_OFFSET ( 8, 0, .AHEAD. ) ;
#3156 = CARTESIAN_POINT ( 'NONE',  ( 878.0000000000000000, -99.99999999999992895, 316.7999999999999545 ) ) ;
#3157 = DIRECTION ( 'NONE',  ( 0.000000000000000000, 0.000000000000000000, 1.000000000000000000 ) ) ;
#3158 = ORIENTED_EDGE ( 'NONE', *, *, #1574, .T. ) ;
#3159 = PERSON_AND_ORGANIZATION ( #1525, #4321 ) ;
#3160 = CARTESIAN_POINT ( 'NONE',  ( 5.200000000000006395, -100.0000000000000284, 316.7999999999999545 ) ) ;
#3161 = ORIENTED_EDGE ( 'NONE', *, *, #4136, .T. ) ;
#3162 = AXIS2_PLACEMENT_3D ( 'NONE', #4294, #2859, #4649 ) ;
#3163 = EDGE_CURVE ( 'NONE', #3395, #1041, #3928, .T. ) ;
#3164 = ORIENTED_EDGE ( 'NONE', *, *, #4489, .F. ) ;
#3165 = CARTESIAN_POINT ( 'NONE',  ( 500.0000000000001137, -666.9999999999998863, 170.0000000000000284 ) ) ;
#3166 = DIRECTION ( 'NONE',  ( 0.000000000000000000, 0.000000000000000000, -1.000000000000000000 ) ) ;
#3167 = DIRECTION ( 'NONE',  ( -0.000000000000000000, -0.000000000000000000, -1.000000000000000000 ) ) ;
#3168 = VECTOR ( 'NONE', #2461, 1000.000000000000000 ) ;
#3169 = LINE ( 'NONE', #364, #2454 ) ;
#3170 =( NAMED_UNIT ( * ) SI_UNIT ( $, .STERADIAN. ) SOLID_ANGLE_UNIT ( ) );
#3171 = CARTESIAN_POINT ( 'NONE',  ( 452.4998944482021557, -667.4363464037753602, 162.9246461874867862 ) ) ;
#3172 = VECTOR ( 'NONE', #3809, 1000.000000000000000 ) ;
#3173 = AXIS2_PLACEMENT_3D ( 'NONE', #2367, #4567, #512 ) ;
#3174 = ORIENTED_EDGE ( 'NONE', *, *, #11, .T. ) ;
#3175 = DIRECTION ( 'NONE',  ( -1.000000000000000000, -1.306212789964399565E-16, 0.000000000000000000 ) ) ;
#3176 = CARTESIAN_POINT ( 'NONE',  ( 900.0019999999999527, -366.9999999999999432, 155.0000000000000284 ) ) ;
#3177 = CIRCLE ( 'NONE', #3052, 15.00000000000000000 ) ;
#3178 = VERTEX_POINT ( 'NONE', #1272 ) ;
#3179 = ORIENTED_EDGE ( 'NONE', *, *, #875, .F. ) ;
#3180 = DIRECTION ( 'NONE',  ( 0.000000000000000000, 0.000000000000000000, 1.000000000000000000 ) ) ;
#3181 = DIRECTION ( 'NONE',  ( -1.000000000000000000, -0.000000000000000000, -0.000000000000000000 ) ) ;
#3182 = APPROVAL ( #261, '未指定' ) ;
#3183 = FACE_OUTER_BOUND ( 'NONE', #3582, .T. ) ;
#3184 = ORIENTED_EDGE ( 'NONE', *, *, #2735, .F. ) ;
#3185 = VERTEX_POINT ( 'NONE', #540 ) ;
#3186 = APPROVAL_ROLE ( '' ) ;
#3187 = VECTOR ( 'NONE', #3435, 1000.000000000000000 ) ;
#3188 = CARTESIAN_POINT ( 'NONE',  ( 442.9396910217731715, -664.3631051481361283, 167.4568835563087248 ) ) ;
#3189 = ORIENTED_EDGE ( 'NONE', *, *, #2967, .T. ) ;
#3190 = DIRECTION ( 'NONE',  ( 0.000000000000000000, 0.000000000000000000, 1.000000000000000000 ) ) ;
#3191 = EDGE_CURVE ( 'NONE', #3947, #2985, #1015, .T. ) ;
#3192 = DIRECTION ( 'NONE',  ( 0.000000000000000000, 1.000000000000000000, -1.228122814850837064E-16 ) ) ;
#3193 = APPROVAL_PERSON_ORGANIZATION ( #3496, #335, #3071 ) ;
#3194 = EDGE_CURVE ( 'NONE', #4679, #683, #1200, .T. ) ;
#3195 = DIRECTION ( 'NONE',  ( 0.000000000000000000, 1.000000000000000000, 0.000000000000000000 ) ) ;
#3196 = FACE_OUTER_BOUND ( 'NONE', #3059, .T. ) ;
#3197 = PERSON_AND_ORGANIZATION_ROLE ( 'creator' ) ;
#3198 = AXIS2_PLACEMENT_3D ( 'NONE', #4244, #881, #3489 ) ;
#3199 = CARTESIAN_POINT ( 'NONE',  ( 450.5259968082515343, -668.0039794182691821, 162.5138661826317161 ) ) ;
#3200 = CYLINDRICAL_SURFACE ( 'NONE', #1194, 9.000000000000007105 ) ;
#3201 = PLANE ( 'NONE',  #4338 ) ;
#3202 = CARTESIAN_POINT ( 'NONE',  ( 0.000000000000000000, 0.000000000000000000, 120.0000000000000000 ) ) ;
#3203 = CYLINDRICAL_SURFACE ( 'NONE', #1745, 5.049999999999998934 ) ;
#3204 = DIRECTION ( 'NONE',  ( -0.000000000000000000, -0.000000000000000000, 1.000000000000000000 ) ) ;
#3205 = DATE_AND_TIME ( #152, #770 ) ;
#3206 = EDGE_CURVE ( 'NONE', #3185, #3491, #2312, .T. ) ;
#3207 = VERTEX_POINT ( 'NONE', #1655 ) ;
#3208 = EDGE_LOOP ( 'NONE', ( #747, #3301, #3694, #3189 ) ) ;
#3209 = CARTESIAN_POINT ( 'NONE',  ( 0.000000000000000000, 0.000000000000000000, 300.0000000000000000 ) ) ;
#3210 = LOCAL_TIME ( 8, 52, 31.00000000000000000, #493 ) ;
#3211 = EDGE_LOOP ( 'NONE', ( #2122, #435 ) ) ;
#3212 = FACE_OUTER_BOUND ( 'NONE', #2783, .T. ) ;
#3213 = APPROVAL_ROLE ( '' ) ;
#3214 = ORIENTED_EDGE ( 'NONE', *, *, #4534, .F. ) ;
#3215 = EDGE_CURVE ( 'NONE', #266, #42, #4220, .T. ) ;
#3216 = CARTESIAN_POINT ( 'NONE',  ( 452.0352478176554882, -667.6455209581329200, 177.2361315377235940 ) ) ;
#3217 = CARTESIAN_POINT ( 'NONE',  ( 30.00000000000005329, -18.00000000000000000, 2.000000000000000000 ) ) ;
#3218 = ORIENTED_EDGE ( 'NONE', *, *, #794, .T. ) ;
#3219 = LINE ( 'NONE', #3154, #1122 ) ;
#3220 = DIRECTION ( 'NONE',  ( -1.000000000000000000, -1.384302765077962065E-16, -0.000000000000000000 ) ) ;
#3221 = ORIENTED_EDGE ( 'NONE', *, *, #2330, .F. ) ;
#3222 = EDGE_CURVE ( 'NONE', #3506, #3567, #232, .T. ) ;
#3223 = CIRCLE ( 'NONE', #2175, 5.049999999999998934 ) ;
#3224 = DIRECTION ( 'NONE',  ( 1.000000000000000000, 0.000000000000000000, 3.942553354492743901E-17 ) ) ;
#3225 = ORIENTED_EDGE ( 'NONE', *, *, #4766, .F. ) ;
#3226 = VECTOR ( 'NONE', #3412, 1000.000000000000000 ) ;
#3227 = ORIENTED_EDGE ( 'NONE', *, *, #102, .T. ) ;
#3228 = ORIENTED_EDGE ( 'NONE', *, *, #4618, .T. ) ;
#3229 = CARTESIAN_POINT ( 'NONE',  ( 30.00000000000009592, -760.0000000000000000, 300.0000000000000568 ) ) ;
#3230 = CARTESIAN_POINT ( 'NONE',  ( 5.200000000000006395, -749.5000000000000000, 316.7999999999999545 ) ) ;
#3231 = AXIS2_PLACEMENT_3D ( 'NONE', #2579, #4434, #3677 ) ;
#3232 = VECTOR ( 'NONE', #401, 1000.000000000000000 ) ;
#3233 = ORIENTED_EDGE ( 'NONE', *, *, #722, .F. ) ;
#3234 = VERTEX_POINT ( 'NONE', #2789 ) ;
#3235 = ORIENTED_EDGE ( 'NONE', *, *, #3969, .T. ) ;
#3236 = ORIENTED_EDGE ( 'NONE', *, *, #102, .F. ) ;
#3237 = DIRECTION ( 'NONE',  ( -0.000000000000000000, 1.000000000000000000, -0.000000000000000000 ) ) ;
#3238 = DIRECTION ( 'NONE',  ( -1.000000000000000000, 0.000000000000000000, 0.000000000000000000 ) ) ;
#3239 = SECURITY_CLASSIFICATION ( '', '', #2005 ) ;
#3240 = AXIS2_PLACEMENT_3D ( 'NONE', #3048, #2317, #3398 ) ;
#3241 = VERTEX_POINT ( 'NONE', #3906 ) ;
#3242 = SECURITY_CLASSIFICATION_LEVEL ( 'unclassified' ) ;
#3243 = CARTESIAN_POINT ( 'NONE',  ( 68.00000000000005684, -170.9999999999999716, 250.0000000000000000 ) ) ;
#3244 = DIRECTION ( 'NONE',  ( 1.000000000000000000, 0.000000000000000000, 0.000000000000000000 ) ) ;
#3245 = CARTESIAN_POINT ( 'NONE',  ( 884.1000000000000227, -99.99999999999992895, 316.0000000000000000 ) ) ;
#3246 = LINE ( 'NONE', #1758, #1976 ) ;
#3247 = EDGE_CURVE ( 'NONE', #336, #3111, #3177, .T. ) ;
#3248 = APPROVAL_DATE_TIME ( #532, #1125 ) ;
#3249 = CARTESIAN_POINT ( 'NONE',  ( 30.00000000000006750, -548.0000000000000000, 155.0000000000000284 ) ) ;
#3250 = LINE ( 'NONE', #1216, #310 ) ;
#3251 = DIRECTION ( 'NONE',  ( 0.000000000000000000, -0.000000000000000000, 1.000000000000000000 ) ) ;
#3252 = CARTESIAN_POINT ( 'NONE',  ( 33.00000000000007816, -350.0000000000000000, -26.84171144931213604 ) ) ;
#3253 = LINE ( 'NONE', #3600, #3849 ) ;
#3254 = COORDINATED_UNIVERSAL_TIME_OFFSET ( 8, 0, .AHEAD. ) ;
#3255 = CARTESIAN_POINT ( 'NONE',  ( 1140.000000000000000, -777.9999999999998863, 300.0000000000000000 ) ) ;
#3256 = CARTESIAN_POINT ( 'NONE',  ( 870.0000000000001137, -760.0000000000000000, 300.0000000000000568 ) ) ;
#3257 = ORIENTED_EDGE ( 'NONE', *, *, #4590, .F. ) ;
#3258 = DIRECTION ( 'NONE',  ( 0.000000000000000000, 0.000000000000000000, 1.000000000000000000 ) ) ;
#3259 = VECTOR ( 'NONE', #4696, 1000.000000000000000 ) ;
#3260 = LINE ( 'NONE', #1822, #3618 ) ;
#3261 = ORIENTED_EDGE ( 'NONE', *, *, #3646, .F. ) ;
#3262 = EDGE_LOOP ( 'NONE', ( #3525, #2389 ) ) ;
#3263 = PLANE ( 'NONE',  #674 ) ;
#3264 = CC_DESIGN_PERSON_AND_ORGANIZATION_ASSIGNMENT ( #2931, #3571, ( #4006 ) ) ;
#3265 = AXIS2_PLACEMENT_3D ( 'NONE', #1433, #1406, #4055 ) ;
#3266 = ORIENTED_EDGE ( 'NONE', *, *, #2834, .T. ) ;
#3267 = DIRECTION ( 'NONE',  ( -0.000000000000000000, 1.000000000000000000, -0.000000000000000000 ) ) ;
#3268 = DIRECTION ( 'NONE',  ( 0.000000000000000000, 0.000000000000000000, 1.000000000000000000 ) ) ;
#3269 = LINE ( 'NONE', #53, #2662 ) ;
#3270 = ORIENTED_EDGE ( 'NONE', *, *, #1290, .F. ) ;
#3271 = AXIS2_PLACEMENT_3D ( 'NONE', #4543, #459, #3054 ) ;
#3272 = EDGE_CURVE ( 'NONE', #2911, #3637, #849, .T. ) ;
#3273 = CARTESIAN_POINT ( 'NONE',  ( 442.5556057502511749, -664.0464899129192418, 171.0491619897228475 ) ) ;
#3274 = LINE ( 'NONE', #3863, #2595 ) ;
#3275 = CARTESIAN_POINT ( 'NONE',  ( 30.00000000000000355, -100.0000000000000284, 300.0000000000000000 ) ) ;
#3276 = DIRECTION ( 'NONE',  ( 0.000000000000000000, -0.000000000000000000, 1.000000000000000000 ) ) ;
#3277 = VECTOR ( 'NONE', #2603, 1000.000000000000000 ) ;
#3278 = ADVANCED_FACE ( 'NONE', ( #1260 ), #4446, .T. ) ;
#3279 = EDGE_LOOP ( 'NONE', ( #2780, #1139, #165, #912 ) ) ;
#3280 = VECTOR ( 'NONE', #4350, 1000.000000000000000 ) ;
#3281 = CARTESIAN_POINT ( 'NONE',  ( 0.000000000000000000, 0.000000000000000000, 20.00000000000000000 ) ) ;
#3282 = EDGE_CURVE ( 'NONE', #3134, #3207, #1952, .T. ) ;
#3283 = DIRECTION ( 'NONE',  ( 0.000000000000000000, 1.000000000000000000, -0.000000000000000000 ) ) ;
#3284 = EDGE_LOOP ( 'NONE', ( #1011, #1564, #3638, #3076 ) ) ;
#3285 = DIRECTION ( 'NONE',  ( 0.000000000000000000, 0.000000000000000000, -1.000000000000000000 ) ) ;
#3286 = CARTESIAN_POINT ( 'NONE',  ( 98.00000000000005684, -250.9999999999999432, 239.9999999999999432 ) ) ;
#3287 = LINE ( 'NONE', #4582, #3226 ) ;
#3288 = AXIS2_PLACEMENT_3D ( 'NONE', #153, #2732, #1981 ) ;
#3289 = ORIENTED_EDGE ( 'NONE', *, *, #972, .F. ) ;
#3290 = EDGE_LOOP ( 'NONE', ( #4493, #2907 ) ) ;
#3291 = APPLICATION_PROTOCOL_DEFINITION ( 'international standard', 'config_control_design', 1994, #338 ) ;
#3292 = VECTOR ( 'NONE', #604, 1000.000000000000000 ) ;
#3293 = CARTESIAN_POINT ( 'NONE',  ( 0.000000000000000000, 0.000000000000000000, 300.0000000000000000 ) ) ;
#3294 = CARTESIAN_POINT ( 'NONE',  ( 0.000000000000000000, 0.000000000000000000, 0.000000000000000000 ) ) ;
#3295 = ORIENTED_EDGE ( 'NONE', *, *, #1511, .T. ) ;
#3296 = DIRECTION ( 'NONE',  ( -1.224646799147353207E-16, 1.000000000000000000, 0.000000000000000000 ) ) ;
#3297 = ORIENTED_EDGE ( 'NONE', *, *, #284, .F. ) ;
#3298 = CARTESIAN_POINT ( 'NONE',  ( 900.0019999999999527, -366.9999999999999432, 155.0000000000000284 ) ) ;
#3299 = LINE ( 'NONE', #2722, #1086 ) ;
#3300 = EDGE_CURVE ( 'NONE', #491, #3689, #397, .T. ) ;
#3301 = ORIENTED_EDGE ( 'NONE', *, *, #3873, .F. ) ;
#3302 = CARTESIAN_POINT ( 'NONE',  ( 15.90000000000005720, 398.5000000000000568, 15.90000000000000036 ) ) ;
#3303 = VECTOR ( 'NONE', #3994, 1000.000000000000000 ) ;
#3304 = ADVANCED_FACE ( 'NONE', ( #511 ), #2777, .T. ) ;
#3305 = ORIENTED_EDGE ( 'NONE', *, *, #4007, .F. ) ;
#3306 = SECURITY_CLASSIFICATION ( '', '', #521 ) ;
#3307 = EDGE_CURVE ( 'NONE', #2138, #3562, #3922, .T. ) ;
#3308 = FACE_OUTER_BOUND ( 'NONE', #3909, .T. ) ;
#3309 = DIRECTION ( 'NONE',  ( 0.000000000000000000, -1.000000000000000000, 0.000000000000000000 ) ) ;
#3310 = CARTESIAN_POINT ( 'NONE',  ( 0.000000000000000000, 0.000000000000000000, -1.500000000000000000 ) ) ;
#3311 = EDGE_CURVE ( 'NONE', #1555, #2960, #842, .T. ) ;
#3312 = CIRCLE ( 'NONE', #552, 5.049999999999998934 ) ;
#3313 = DIRECTION ( 'NONE',  ( -1.000000000000000000, -2.612425579928799129E-16, 0.000000000000000000 ) ) ;
#3314 = LINE ( 'NONE', #4431, #3507 ) ;
#3315 = VECTOR ( 'NONE', #1566, 1000.000000000000000 ) ;
#3316 = PERSON_AND_ORGANIZATION ( #1525, #4321 ) ;
#3317 = VERTEX_POINT ( 'NONE', #980 ) ;
#3318 = ORIENTED_EDGE ( 'NONE', *, *, #1221, .T. ) ;
#3319 = LINE ( 'NONE', #2368, #4596 ) ;
#3320 = AXIS2_PLACEMENT_3D ( 'NONE', #741, #3328, #1485 ) ;
#3321 = CARTESIAN_POINT ( 'NONE',  ( 442.7846733401109418, -664.2359288458017090, 172.0624517381256737 ) ) ;
#3322 = LOCAL_TIME ( 8, 52, 31.00000000000000000, #2288 ) ;
#3323 = CARTESIAN_POINT ( 'NONE',  ( 15.90000000000000036, -749.5000000000000000, 321.0500000000000114 ) ) ;
#3324 = CARTESIAN_POINT ( 'NONE',  ( 0.000000000000000000, 0.000000000000000000, 30.00000000000000000 ) ) ;
#3325 = CARTESIAN_POINT ( 'NONE',  ( 15.90000000000005720, -506.0000000000004547, 20.90000000000000213 ) ) ;
#3326 = ORIENTED_EDGE ( 'NONE', *, *, #2325, .F. ) ;
#3327 = CARTESIAN_POINT ( 'NONE',  ( 878.0000000000002274, -749.5000000000000000, 316.7999999999999545 ) ) ;
#3328 = DIRECTION ( 'NONE',  ( -1.000000000000000000, -1.306212789964399565E-16, 0.000000000000000000 ) ) ;
#3329 = ORIENTED_EDGE ( 'NONE', *, *, #2746, .F. ) ;
#3330 = VERTEX_POINT ( 'NONE', #1010 ) ;
#3331 = DIRECTION ( 'NONE',  ( -0.000000000000000000, 1.000000000000000000, -0.000000000000000000 ) ) ;
#3332 = PRODUCT_RELATED_PRODUCT_CATEGORY ( 'detail', '', ( #1886 ) ) ;
#3333 = AXIS2_PLACEMENT_3D ( 'NONE', #3787, #4639, #3497 ) ;
#3334 = LINE ( 'NONE', #783, #2996 ) ;
#3335 = CARTESIAN_POINT ( 'NONE',  ( 870.0000000000001137, -547.9999999999998863, 185.0000000000000568 ) ) ;
#3336 = EDGE_LOOP ( 'NONE', ( #2930, #3983, #426, #4012, #2327, #648, #1451, #3616, #3056, #2018, #1329, #1190, #1669 ) ) ;
#3337 = LINE ( 'NONE', #3882, #1255 ) ;
#3338 = TOROIDAL_SURFACE ( 'NONE', #3320, 6.000000000000011546, 3.000000000000000000 ) ;
#3339 = AXIS2_PLACEMENT_3D ( 'NONE', #3458, #3135, #1975 ) ;
#3340 = EDGE_LOOP ( 'NONE', ( #3991, #2305, #3743, #3479, #946 ) ) ;
#3341 = EDGE_CURVE ( 'NONE', #1614, #3938, #2947, .T. ) ;
#3342 = CARTESIAN_POINT ( 'NONE',  ( 30.00000000000009237, -778.0000000000000000, 20.00000000000000000 ) ) ;
#3343 = DIRECTION ( 'NONE',  ( 1.000000000000000000, 1.306212789964399565E-16, 0.000000000000000000 ) ) ;
#3344 = VERTEX_POINT ( 'NONE', #1398 ) ;
#3345 = ORIENTED_EDGE ( 'NONE', *, *, #1448, .F. ) ;
#3346 = DIRECTION ( 'NONE',  ( 0.000000000000000000, 0.000000000000000000, -1.000000000000000000 ) ) ;
#3347 = CARTESIAN_POINT ( 'NONE',  ( 884.1000000000000227, -50.49999999999992184, 316.0000000000000000 ) ) ;
#3348 = LINE ( 'NONE', #1082, #1779 ) ;
#3349 = VERTEX_POINT ( 'NONE', #4361 ) ;
#3350 = ORIENTED_EDGE ( 'NONE', *, *, #4116, .T. ) ;
#3351 = CARTESIAN_POINT ( 'NONE',  ( 33.00000000000007816, -350.0000000000000000, 0.000000000000000000 ) ) ;
#3352 = FACE_OUTER_BOUND ( 'NONE', #1210, .T. ) ;
#3353 = ORIENTED_EDGE ( 'NONE', *, *, #65, .T. ) ;
#3354 = VERTEX_POINT ( 'NONE', #2533 ) ;
#3355 = CARTESIAN_POINT ( 'NONE',  ( 9.527752097366408410E-14, -778.0000000000000000, 279.9999999999999432 ) ) ;
#3356 = DIRECTION ( 'NONE',  ( 1.000000000000000000, 0.000000000000000000, -0.000000000000000000 ) ) ;
#3357 = FACE_BOUND ( 'NONE', #664, .T. ) ;
#3358 = ORIENTED_EDGE ( 'NONE', *, *, #2834, .F. ) ;
#3359 = DIRECTION ( 'NONE',  ( 0.000000000000000000, 0.000000000000000000, -1.000000000000000000 ) ) ;
#3360 = ADVANCED_FACE ( 'NONE', ( #3406 ), #2144, .T. ) ;
#3361 = EDGE_LOOP ( 'NONE', ( #4292, #3513, #562, #1586 ) ) ;
#3362 = DIRECTION ( 'NONE',  ( 0.000000000000000000, 1.000000000000000000, 0.000000000000000000 ) ) ;
#3363 = DIRECTION ( 'NONE',  ( -1.000000000000000000, 0.000000000000000000, 0.000000000000000000 ) ) ;
#3364 = CARTESIAN_POINT ( 'NONE',  ( 0.000000000000000000, 0.000000000000000000, 119.0000000000000142 ) ) ;
#3365 = ORGANIZATION ( 'NAUO-ORG4', 'UNSPECIFIED', 'UNSPECIFIED' ) ;
#3366 = AXIS2_PLACEMENT_3D ( 'NONE', #2481, #3583, #2862 ) ;
#3367 = EDGE_CURVE ( 'NONE', #279, #1678, #1946, .T. ) ;
#3368 = FACE_OUTER_BOUND ( 'NONE', #716, .T. ) ;
#3369 = APPROVAL_STATUS ( 'not_yet_approved' ) ;
#3370 = APPROVAL_DATE_TIME ( #481, #162 ) ;
#3371 = CARTESIAN_POINT ( 'NONE',  ( 878.0000000000000000, -50.49999999999992184, 324.7999999999999545 ) ) ;
#3372 = FACE_OUTER_BOUND ( 'NONE', #2500, .T. ) ;
#3373 = EDGE_CURVE ( 'NONE', #298, #2030, #2066, .T. ) ;
#3374 = CARTESIAN_POINT ( 'NONE',  ( 889.1500000000002046, -749.5000000000000000, 316.0000000000000000 ) ) ;
#3375 = ORIENTED_EDGE ( 'NONE', *, *, #764, .F. ) ;
#3376 = DIRECTION ( 'NONE',  ( 0.000000000000000000, -1.000000000000000000, 1.228122814850837064E-16 ) ) ;
#3377 = DIRECTION ( 'NONE',  ( -1.000000000000000000, 0.000000000000000000, 0.000000000000000000 ) ) ;
#3378 = LINE ( 'NONE', #1786, #939 ) ;
#3379 = DIRECTION ( 'NONE',  ( 1.224646799147353207E-16, -1.000000000000000000, 0.000000000000000000 ) ) ;
#3380 = CIRCLE ( 'NONE', #2001, 5.000000000000000888 ) ;
#3381 = PLANE ( 'NONE',  #1630 ) ;
#3382 = CALENDAR_DATE ( 2026, 5, 6 ) ;
#3383 = VERTEX_POINT ( 'NONE', #2092 ) ;
#3384 = CARTESIAN_POINT ( 'NONE',  ( 68.00000000000012790, -548.0000000000000000, 155.0000000000000284 ) ) ;
#3385 = LINE ( 'NONE', #184, #831 ) ;
#3386 = ORIENTED_EDGE ( 'NONE', *, *, #3932, .T. ) ;
#3387 = PERSON ( 'NAUO-PER3', 'UNSPECIFIED', 'UNSPECIFIED', ('UNSPECIFIED'), ('UNSPECIFIED'), ('UNSPECIFIED') ) ;
#3388 = COORDINATED_UNIVERSAL_TIME_OFFSET ( 8, 0, .AHEAD. ) ;
#3389 = ADVANCED_FACE ( 'NONE', ( #4439 ), #75, .T. ) ;
#3390 = VERTEX_POINT ( 'NONE', #1743 ) ;
#3391 = VERTEX_POINT ( 'NONE', #246 ) ;
#3392 = CARTESIAN_POINT ( 'NONE',  ( 68.00000000000005684, -170.9999999999999716, 90.00000000000000000 ) ) ;
#3393 = VECTOR ( 'NONE', #1664, 1000.000000000000000 ) ;
#3394 = EDGE_CURVE ( 'NONE', #2233, #1869, #4736, .T. ) ;
#3395 = VERTEX_POINT ( 'NONE', #4118 ) ;
#3396 = VERTEX_POINT ( 'NONE', #1551 ) ;
#3397 = DIRECTION ( 'NONE',  ( 1.306212789964399565E-16, -1.000000000000000000, -0.000000000000000000 ) ) ;
#3398 = DIRECTION ( 'NONE',  ( -1.000000000000000000, 0.000000000000000000, 0.000000000000000000 ) ) ;
#3399 = LINE ( 'NONE', #529, #1427 ) ;
#3400 = CARTESIAN_POINT ( 'NONE',  ( 15.90000000000005720, 398.5000000000000000, 22.40000000000000568 ) ) ;
#3401 = LINE ( 'NONE', #1438, #1428 ) ;
#3402 = CARTESIAN_POINT ( 'NONE',  ( 98.00000000000004263, -170.9999999999999716, 249.9999999999999716 ) ) ;
#3403 = VERTEX_POINT ( 'NONE', #406 ) ;
#3404 = CC_DESIGN_SECURITY_CLASSIFICATION ( #1224, ( #4788 ) ) ;
#3405 = EDGE_CURVE ( 'NONE', #2123, #1960, #4623, .T. ) ;
#3406 = FACE_OUTER_BOUND ( 'NONE', #806, .T. ) ;
#3407 = VERTEX_POINT ( 'NONE', #3000 ) ;
#3408 = ORIENTED_EDGE ( 'NONE', *, *, #4251, .F. ) ;
#3409 = DIRECTION ( 'NONE',  ( -1.000000000000000000, 0.000000000000000000, -0.000000000000000000 ) ) ;
#3410 = EDGE_CURVE ( 'NONE', #4679, #1699, #957, .T. ) ;
#3411 = VECTOR ( 'NONE', #83, 1000.000000000000000 ) ;
#3412 = DIRECTION ( 'NONE',  ( -0.000000000000000000, -0.000000000000000000, 1.000000000000000000 ) ) ;
#3413 = ORIENTED_EDGE ( 'NONE', *, *, #1324, .F. ) ;
#3414 = ORIENTED_EDGE ( 'NONE', *, *, #4393, .F. ) ;
#3415 = CARTESIAN_POINT ( 'NONE',  ( 22.00000000000000711, -50.50000000000002842, 316.7999999999999545 ) ) ;
#3416 = LINE ( 'NONE', #3116, #1207 ) ;
#3417 = ORIENTED_EDGE ( 'NONE', *, *, #2363, .F. ) ;
#3418 = CARTESIAN_POINT ( 'NONE',  ( 7.961735002956730495E-14, 400.0000000000000000, 30.00000000000000000 ) ) ;
#3419 = ORIENTED_EDGE ( 'NONE', *, *, #226, .F. ) ;
#3420 = ADVANCED_FACE ( 'NONE', ( #2553 ), #1909, .F. ) ;
#3421 = CARTESIAN_POINT ( 'NONE',  ( 403.0000000000001137, -678.9999999999998863, 170.0000000000000284 ) ) ;
#3422 = DIRECTION ( 'NONE',  ( 1.000000000000000000, 1.232566680299310330E-16, -0.000000000000000000 ) ) ;
#3423 = VECTOR ( 'NONE', #3742, 1000.000000000000000 ) ;
#3424 = ORIENTED_EDGE ( 'NONE', *, *, #527, .F. ) ;
#3425 = DIRECTION ( 'NONE',  ( -1.000000000000000000, 0.000000000000000000, -1.137523590804461357E-16 ) ) ;
#3426 = VECTOR ( 'NONE', #3997, 1000.000000000000000 ) ;
#3427 = DIRECTION ( 'NONE',  ( 1.000000000000000000, 0.000000000000000000, 1.137523590804461357E-16 ) ) ;
#3428 = DIRECTION ( 'NONE',  ( -2.065146995210486914E-16, -5.395042836600973428E-32, 1.000000000000000000 ) ) ;
#3429 = VECTOR ( 'NONE', #2768, 1000.000000000000114 ) ;
#3430 = DIRECTION ( 'NONE',  ( 0.000000000000000000, 0.000000000000000000, -1.000000000000000000 ) ) ;
#3431 = CARTESIAN_POINT ( 'NONE',  ( 15.90000000000005720, 300.0000000000000568, 15.90000000000000036 ) ) ;
#3432 = APPROVAL ( #4689, '未指定' ) ;
#3433 = AXIS2_PLACEMENT_3D ( 'NONE', #3245, #2196, #1830 ) ;
#3434 = CARTESIAN_POINT ( 'NONE',  ( 449.0000000000001137, 400.0000000000000000, 30.00000000000000000 ) ) ;
#3435 = DIRECTION ( 'NONE',  ( 1.000000000000000000, 0.000000000000000000, 0.000000000000000000 ) ) ;
#3436 = ADVANCED_FACE ( 'NONE', ( #4386 ), #3338, .T. ) ;
#3437 = CYLINDRICAL_SURFACE ( 'NONE', #1386, 7.500000000000007105 ) ;
#3438 = CARTESIAN_POINT ( 'NONE',  ( 30.00000000000002842, -778.0000000000000000, 300.0000000000000000 ) ) ;
#3439 = AXIS2_PLACEMENT_3D ( 'NONE', #1771, #2912, #2924 ) ;
#3440 = EDGE_CURVE ( 'NONE', #3390, #572, #909, .T. ) ;
#3441 = VECTOR ( 'NONE', #4676, 1000.000000000000000 ) ;
#3442 = ADVANCED_FACE ( 'NONE', ( #4678, #1604 ), #4069, .F. ) ;
#3443 = FACE_OUTER_BOUND ( 'NONE', #2185, .T. ) ;
#3444 = CALENDAR_DATE ( 2026, 5, 6 ) ;
#3445 = DIRECTION ( 'NONE',  ( 1.000000000000000000, 0.000000000000000000, 0.000000000000000000 ) ) ;
#3446 = CARTESIAN_POINT ( 'NONE',  ( 30.00000000000009237, -778.0000000000000000, 20.00000000000000000 ) ) ;
#3447 = ORIENTED_EDGE ( 'NONE', *, *, #575, .T. ) ;
#3448 = ORIENTED_EDGE ( 'NONE', *, *, #3191, .F. ) ;
#3449 = VECTOR ( 'NONE', #4065, 1000.000000000000000 ) ;
#3450 = EDGE_CURVE ( 'NONE', #4737, #2487, #4148, .T. ) ;
#3451 = CARTESIAN_POINT ( 'NONE',  ( 22.00000000000000711, -50.50000000000002842, 324.7999999999999545 ) ) ;
#3452 = CARTESIAN_POINT ( 'NONE',  ( 98.00000000000004263, -270.9999999999998863, 249.9999999999999716 ) ) ;
#3453 = PERSON_AND_ORGANIZATION ( #1525, #4321 ) ;
#3454 = CARTESIAN_POINT ( 'NONE',  ( 870.0000000000001137, -760.0000000000000000, 20.00000000000000000 ) ) ;
#3455 = EDGE_LOOP ( 'NONE', ( #3535, #3799, #2249, #2381 ) ) ;
#3456 = AXIS2_PLACEMENT_3D ( 'NONE', #3481, #4592, #1254 ) ;
#3457 = PERSON_AND_ORGANIZATION_ROLE ( 'classification_officer' ) ;
#3458 = CARTESIAN_POINT ( 'NONE',  ( 15.90000000000005720, -506.0000000000004547, 15.90000000000000036 ) ) ;
#3459 = ORIENTED_EDGE ( 'NONE', *, *, #372, .F. ) ;
#3460 = LINE ( 'NONE', #3633, #3690 ) ;
#3461 = LINE ( 'NONE', #927, #44 ) ;
#3462 = CARTESIAN_POINT ( 'NONE',  ( 13.20000000000000639, -50.50000000000002842, 324.7999999999999545 ) ) ;
#3463 = CARTESIAN_POINT ( 'NONE',  ( 15.90000000000000036, -700.0000000000000000, 321.0500000000000114 ) ) ;
#3464 = EDGE_CURVE ( 'NONE', #4783, #1827, #2728, .T. ) ;
#3465 = VECTOR ( 'NONE', #1281, 1000.000000000000000 ) ;
#3466 = LINE ( 'NONE', #143, #4785 ) ;
#3467 = CARTESIAN_POINT ( 'NONE',  ( 870.0000000000000000, -366.9999999999999432, 185.0000000000000568 ) ) ;
#3468 = ORIENTED_EDGE ( 'NONE', *, *, #3547, .T. ) ;
#3469 = CARTESIAN_POINT ( 'NONE',  ( 457.4310081743764727, -664.0574248454021244, 171.0480242844789416 ) ) ;
#3470 = ADVANCED_FACE ( 'NONE', ( #2370 ), #3067, .F. ) ;
#3471 = CARTESIAN_POINT ( 'NONE',  ( 0.000000000000000000, 0.000000000000000000, 0.000000000000000000 ) ) ;
#3472 = CC_DESIGN_DATE_AND_TIME_ASSIGNMENT ( #27, #3492, ( #1224 ) ) ;
#3473 = ORIENTED_EDGE ( 'NONE', *, *, #2209, .T. ) ;
#3474 = EDGE_CURVE ( 'NONE', #1536, #2729, #3466, .T. ) ;
#3475 = CARTESIAN_POINT ( 'NONE',  ( 832.0000000000001137, -366.9999999999999432, 185.0000000000000568 ) ) ;
#3476 = CARTESIAN_POINT ( 'NONE',  ( 894.8000000000002956, -700.0000000000000000, 316.7999999999999545 ) ) ;
#3477 = FACE_OUTER_BOUND ( 'NONE', #2377, .T. ) ;
#3478 = ORIENTED_EDGE ( 'NONE', *, *, #1861, .F. ) ;
#3479 = ORIENTED_EDGE ( 'NONE', *, *, #2255, .F. ) ;
#3480 = EDGE_CURVE ( 'NONE', #67, #2681, #678, .T. ) ;
#3481 = CARTESIAN_POINT ( 'NONE',  ( 878.0000000000002274, -700.0000000000000000, 316.7999999999999545 ) ) ;
#3482 = CARTESIAN_POINT ( 'NONE',  ( 15.90000000000005720, 350.0000000000000000, 10.90000000000000036 ) ) ;
#3483 = VECTOR ( 'NONE', #1342, 1000.000000000000000 ) ;
#3484 = ORIENTED_EDGE ( 'NONE', *, *, #2714, .T. ) ;
#3485 = ORIENTED_EDGE ( 'NONE', *, *, #1035, .T. ) ;
#3486 = CARTESIAN_POINT ( 'NONE',  ( 400.0000000000001137, -666.9999999999998863, 170.0000000000000284 ) ) ;
#3487 = FACE_OUTER_BOUND ( 'NONE', #12, .T. ) ;
#3488 = DIRECTION ( 'NONE',  ( 1.000000000000000000, -0.000000000000000000, -0.000000000000000000 ) ) ;
#3489 = DIRECTION ( 'NONE',  ( -1.000000000000000000, 0.000000000000000000, 0.000000000000000000 ) ) ;
#3490 = ADVANCED_FACE ( 'NONE', ( #4033 ), #1242, .F. ) ;
#3491 = VERTEX_POINT ( 'NONE', #518 ) ;
#3492 = DATE_TIME_ROLE ( 'classification_date' ) ;
#3493 = CARTESIAN_POINT ( 'NONE',  ( 15.90000000000005720, -300.0000000000000000, 10.90000000000000036 ) ) ;
#3494 = AXIS2_PLACEMENT_3D ( 'NONE', #3051, #2710, #3521 ) ;
#3495 = LINE ( 'NONE', #592, #3092 ) ;
#3496 = PERSON_AND_ORGANIZATION ( #2667, #4000 ) ;
#3497 = DIRECTION ( 'NONE',  ( 1.000000000000000000, 0.000000000000000000, 0.000000000000000000 ) ) ;
#3498 = FACE_OUTER_BOUND ( 'NONE', #3903, .T. ) ;
#3499 = DATE_AND_TIME ( #4249, #1638 ) ;
#3500 = DIRECTION ( 'NONE',  ( 0.000000000000000000, 1.000000000000000000, 0.000000000000000000 ) ) ;
#3501 = CC_DESIGN_DATE_AND_TIME_ASSIGNMENT ( #1295, #231, ( #3003 ) ) ;
#3502 = AXIS2_PLACEMENT_3D ( 'NONE', #2639, #3359, #2576 ) ;
#3503 = EDGE_CURVE ( 'NONE', #974, #2025, #2428, .T. ) ;
#3504 = CIRCLE ( 'NONE', #2798, 9.000000000000007105 ) ;
#3505 = DATE_AND_TIME ( #1642, #3957 ) ;
#3506 = VERTEX_POINT ( 'NONE', #4225 ) ;
#3507 = VECTOR ( 'NONE', #1039, 1000.000000000000000 ) ;
#3508 = FACE_OUTER_BOUND ( 'NONE', #457, .T. ) ;
#3509 = EDGE_CURVE ( 'NONE', #1890, #724, #732, .T. ) ;
#3510 = APPROVAL_PERSON_ORGANIZATION ( #4488, #2353, #1716 ) ;
#3511 = EDGE_LOOP ( 'NONE', ( #4408, #4264, #219, #1028 ) ) ;
#3512 = ADVANCED_FACE ( 'NONE', ( #508 ), #2301, .T. ) ;
#3513 = ORIENTED_EDGE ( 'NONE', *, *, #191, .T. ) ;
#3514 = DIRECTION ( 'NONE',  ( -0.000000000000000000, 0.000000000000000000, 1.000000000000000000 ) ) ;
#3515 = DIRECTION ( 'NONE',  ( 1.387778780781445676E-16, -1.000000000000000000, 0.000000000000000000 ) ) ;
#3516 = CARTESIAN_POINT ( 'NONE',  ( 900.0019999999999527, -547.9999999999998863, 155.0000000000000284 ) ) ;
#3517 = VECTOR ( 'NONE', #4516, 1000.000000000000000 ) ;
#3518 = DIRECTION ( 'NONE',  ( -0.000000000000000000, 1.000000000000000000, -0.000000000000000000 ) ) ;
#3519 = VERTEX_POINT ( 'NONE', #1619 ) ;
#3520 = CIRCLE ( 'NONE', #4062, 3.000000000000002665 ) ;
#3521 = DIRECTION ( 'NONE',  ( 0.000000000000000000, 0.000000000000000000, 1.000000000000000000 ) ) ;
#3522 = ORIENTED_EDGE ( 'NONE', *, *, #938, .F. ) ;
#3523 = DIRECTION ( 'NONE',  ( 1.000000000000000000, 0.000000000000000000, 0.000000000000000000 ) ) ;
#3524 = DIRECTION ( 'NONE',  ( 1.000000000000000000, 0.000000000000000000, 0.000000000000000000 ) ) ;
#3525 = ORIENTED_EDGE ( 'NONE', *, *, #1838, .F. ) ;
#3526 = CC_DESIGN_APPROVAL ( #1594, ( #29 ) ) ;
#3527 = EDGE_LOOP ( 'NONE', ( #1273, #2841, #2004, #1994 ) ) ;
#3528 = DIRECTION ( 'NONE',  ( -1.288758049684149971E-16, -0.000000000000000000, 1.000000000000000000 ) ) ;
#3529 = VECTOR ( 'NONE', #4181, 1000.000000000000000 ) ;
#3530 = ORIENTED_EDGE ( 'NONE', *, *, #490, .T. ) ;
#3531 = VERTEX_POINT ( 'NONE', #1222 ) ;
#3532 = CARTESIAN_POINT ( 'NONE',  ( 15.90000000000005720, -398.5000000000000000, 10.90000000000000036 ) ) ;
#3533 = EDGE_CURVE ( 'NONE', #632, #2536, #1316, .T. ) ;
#3534 = CIRCLE ( 'NONE', #3860, 6.450000000000001066 ) ;
#3535 = ORIENTED_EDGE ( 'NONE', *, *, #3547, .F. ) ;
#3536 = DIRECTION ( 'NONE',  ( -1.000000000000000000, 0.000000000000000000, 0.000000000000000000 ) ) ;
#3537 = ORIENTED_EDGE ( 'NONE', *, *, #2611, .F. ) ;
#3538 = LINE ( 'NONE', #2281, #2686 ) ;
#3539 = ORIENTED_EDGE ( 'NONE', *, *, #4740, .F. ) ;
#3540 = EDGE_CURVE ( 'NONE', #3138, #2498, #2309, .T. ) ;
#3541 = DIRECTION ( 'NONE',  ( 0.000000000000000000, 0.000000000000000000, 1.000000000000000000 ) ) ;
#3542 = DIRECTION ( 'NONE',  ( -0.000000000000000000, 1.000000000000000000, -0.000000000000000000 ) ) ;
#3543 = LINE ( 'NONE', #1791, #2087 ) ;
#3544 = ORIENTED_EDGE ( 'NONE', *, *, #3110, .T. ) ;
#3545 = APPLICATION_PROTOCOL_DEFINITION ( 'international standard', 'config_control_design', 1994, #941 ) ;
#3546 = AXIS2_PLACEMENT_3D ( 'NONE', #3151, #925, #3524 ) ;
#3547 = EDGE_CURVE ( 'NONE', #596, #715, #339, .T. ) ;
#3548 = VECTOR ( 'NONE', #1021, 1000.000000000000000 ) ;
#3549 = CARTESIAN_POINT ( 'NONE',  ( 98.00000000000007105, -573.0000000000000000, -0.001000000000001000089 ) ) ;
#3550 = DIRECTION ( 'NONE',  ( -0.000000000000000000, 1.000000000000000000, -0.000000000000000000 ) ) ;
#3551 = CIRCLE ( 'NONE', #543, 8.000000000000007105 ) ;
#3552 = FACE_OUTER_BOUND ( 'NONE', #557, .T. ) ;
#3553 = MECHANICAL_CONTEXT ( 'NONE', #2451, 'mechanical' ) ;
#3554 = APPROVAL ( #1248, 'UNKNOWN' ) ;
#3555 = EDGE_CURVE ( 'NONE', #4199, #3531, #2183, .T. ) ;
#3556 = CARTESIAN_POINT ( 'NONE',  ( 442.5556345852796767, -664.0465101553979821, 168.9522277235971615 ) ) ;
#3557 = DIRECTION ( 'NONE',  ( -0.000000000000000000, -0.000000000000000000, -1.000000000000000000 ) ) ;
#3558 = VERTEX_POINT ( 'NONE', #2691 ) ;
#3559 = APPROVAL_ROLE ( '' ) ;
#3560 = CALENDAR_DATE ( 2026, 5, 6 ) ;
#3561 = DIRECTION ( 'NONE',  ( 0.000000000000000000, 0.000000000000000000, 1.000000000000000000 ) ) ;
#3562 = VERTEX_POINT ( 'NONE', #1597 ) ;
#3563 = PLANE ( 'NONE',  #984 ) ;
#3564 = EDGE_CURVE ( 'NONE', #1378, #2133, #4411, .T. ) ;
#3565 = SHAPE_REPRESENTATION_RELATIONSHIP ( 'NONE' , 'NONE' ,  #666, #1155 ) ;
#3566 = ORIENTED_EDGE ( 'NONE', *, *, #4590, .T. ) ;
#3567 = VERTEX_POINT ( 'NONE', #3454 ) ;
#3568 = DIRECTION ( 'NONE',  ( -0.000000000000000000, -0.000000000000000000, -1.000000000000000000 ) ) ;
#3569 = LINE ( 'NONE', #3123, #108 ) ;
#3570 = LINE ( 'NONE', #1121, #3277 ) ;
#3571 = PERSON_AND_ORGANIZATION_ROLE ( 'creator' ) ;
#3572 = EDGE_LOOP ( 'NONE', ( #2617, #4505, #4774, #2473 ) ) ;
#3573 = CARTESIAN_POINT ( 'NONE',  ( 456.2941174327088447, -664.9776234240598569, 165.9144807475605319 ) ) ;
#3574 = CARTESIAN_POINT ( 'NONE',  ( 30.00000000000000355, -700.0000000000000000, 300.0000000000000000 ) ) ;
#3575 = LINE ( 'NONE', #1682, #3119 ) ;
#3576 = VECTOR ( 'NONE', #879, 1000.000000000000000 ) ;
#3577 = AXIS2_PLACEMENT_3D ( 'NONE', #3434, #3794, #4538 ) ;
#3578 = ORIENTED_EDGE ( 'NONE', *, *, #1042, .F. ) ;
#3579 = DIRECTION ( 'NONE',  ( 1.306212789964399565E-16, -1.000000000000000000, 0.000000000000000000 ) ) ;
#3580 = FACE_OUTER_BOUND ( 'NONE', #4097, .T. ) ;
#3581 = ORIENTED_EDGE ( 'NONE', *, *, #800, .T. ) ;
#3582 = EDGE_LOOP ( 'NONE', ( #1247, #40, #2189, #4039, #1115, #2793, #3055, #1714 ) ) ;
#3583 = DIRECTION ( 'NONE',  ( -0.000000000000000000, 1.000000000000000000, -0.000000000000000000 ) ) ;
#3584 = PLANE ( 'NONE',  #591 ) ;
#3585 = DESIGN_CONTEXT ( 'detailed design', #338, 'design' ) ;
#3586 = CC_DESIGN_APPROVAL ( #1836, ( #3925 ) ) ;
#3587 = VECTOR ( 'NONE', #4221, 1000.000000000000000 ) ;
#3588 = AXIS2_PLACEMENT_3D ( 'NONE', #579, #3913, #2507 ) ;
#3589 = ORIENTED_EDGE ( 'NONE', *, *, #423, .T. ) ;
#3590 = ORIENTED_EDGE ( 'NONE', *, *, #72, .T. ) ;
#3591 = MECHANICAL_CONTEXT ( 'NONE', #277, 'mechanical' ) ;
#3592 = CARTESIAN_POINT ( 'NONE',  ( 7.961735002956730495E-14, 400.0000000000000000, 30.00000000000000000 ) ) ;
#3593 = ORIENTED_EDGE ( 'NONE', *, *, #4057, .T. ) ;
#3594 = EDGE_LOOP ( 'NONE', ( #1832, #188, #220, #1319, #301 ) ) ;
#3595 = AXIS2_PLACEMENT_3D ( 'NONE', #1665, #4279, #269 ) ;
#3596 = EDGE_CURVE ( 'NONE', #3645, #67, #227, .T. ) ;
#3597 = DIRECTION ( 'NONE',  ( -1.000000000000000000, 0.000000000000000000, 0.000000000000000000 ) ) ;
#3598 = ORIENTED_EDGE ( 'NONE', *, *, #4144, .T. ) ;
#3599 = CARTESIAN_POINT ( 'NONE',  ( 30.00000000000000355, -100.0000000000000284, 300.0000000000000000 ) ) ;
#3600 = CARTESIAN_POINT ( 'NONE',  ( 15.00000000000007994, 0.000000000000000000, 0.000000000000000000 ) ) ;
#3601 = FACE_OUTER_BOUND ( 'NONE', #4583, .T. ) ;
#3602 = DIRECTION ( 'NONE',  ( 0.000000000000000000, 0.000000000000000000, -1.000000000000000000 ) ) ;
#3603 = CARTESIAN_POINT ( 'NONE',  ( 450.0000000000000000, -623.0000000000000000, 170.0000000000000284 ) ) ;
#3604 = ITEM_DEFINED_TRANSFORMATION ( 'NONE', 'NONE', #2546,  #2966 ) ;
#3605 = PERSON_AND_ORGANIZATION_ROLE ( 'creator' ) ;
#3606 = AXIS2_PLACEMENT_3D ( 'NONE', #4267, #4641, #3180 ) ;
#3607 = CARTESIAN_POINT ( 'NONE',  ( 444.1202251572481714, -665.2998666537275767, 165.3193788872734729 ) ) ;
#3608 = CARTESIAN_POINT ( 'NONE',  ( 30.00000000000009237, -778.0000000000000000, 1140.192835008725751 ) ) ;
#3609 = FACE_OUTER_BOUND ( 'NONE', #2914, .T. ) ;
#3610 = CALENDAR_DATE ( 2026, 5, 6 ) ;
#3611 = FACE_BOUND ( 'NONE', #1966, .T. ) ;
#3612 = FACE_OUTER_BOUND ( 'NONE', #385, .T. ) ;
#3613 = DIRECTION ( 'NONE',  ( 0.000000000000000000, -0.000000000000000000, -1.000000000000000000 ) ) ;
#3614 = COORDINATED_UNIVERSAL_TIME_OFFSET ( 8, 0, .AHEAD. ) ;
#3615 = AXIS2_PLACEMENT_3D ( 'NONE', #3021, #1881, #3782 ) ;
#3616 = ORIENTED_EDGE ( 'NONE', *, *, #4314, .T. ) ;
#3617 = ORIENTED_EDGE ( 'NONE', *, *, #1701, .F. ) ;
#3618 = VECTOR ( 'NONE', #367, 1000.000000000000000 ) ;
#3619 = CARTESIAN_POINT ( 'NONE',  ( 15.90000000000005720, -400.0000000000000000, 22.40000000000000568 ) ) ;
#3620 = EDGE_LOOP ( 'NONE', ( #3261, #2512, #3049, #3924 ) ) ;
#3621 = VERTEX_POINT ( 'NONE', #3043 ) ;
#3622 = AXIS2_PLACEMENT_3D ( 'NONE', #366, #2568, #2607 ) ;
#3623 = EDGE_CURVE ( 'NONE', #4746, #1878, #1009, .T. ) ;
#3624 = CARTESIAN_POINT ( 'NONE',  ( 870.0000000000000000, -50.49999999999992184, 300.0000000000000000 ) ) ;
#3625 = DIRECTION ( 'NONE',  ( 0.000000000000000000, 1.000000000000000000, 0.000000000000000000 ) ) ;
#3626 = ORIENTED_EDGE ( 'NONE', *, *, #2287, .F. ) ;
#3627 = DIRECTION ( 'NONE',  ( 0.000000000000000000, 0.000000000000000000, 1.000000000000000000 ) ) ;
#3628 = VERTEX_POINT ( 'NONE', #2256 ) ;
#3629 = EDGE_CURVE ( 'NONE', #274, #2259, #905, .T. ) ;
#3630 = ORIENTED_EDGE ( 'NONE', *, *, #4701, .F. ) ;
#3631 = FACE_OUTER_BOUND ( 'NONE', #3455, .T. ) ;
#3632 = LINE ( 'NONE', #595, #1007 ) ;
#3633 = CARTESIAN_POINT ( 'NONE',  ( 98.00000000000005684, -250.9999999999999432, 239.9999999999999432 ) ) ;
#3634 = VERTEX_POINT ( 'NONE', #3029 ) ;
#3635 = ORIENTED_EDGE ( 'NONE', *, *, #3311, .F. ) ;
#3636 = PRODUCT ( '吊柜16-柜体_吊柜16', '吊柜16-柜体_吊柜16', '', ( #4752 ) ) ;
#3637 = VERTEX_POINT ( 'NONE', #1888 ) ;
#3638 = ORIENTED_EDGE ( 'NONE', *, *, #1979, .F. ) ;
#3639 = DIRECTION ( 'NONE',  ( -1.224646799147353207E-16, 1.000000000000000000, 0.000000000000000000 ) ) ;
#3640 = CARTESIAN_POINT ( 'NONE',  ( 886.8000000000002956, -700.0000000000000000, 316.7999999999999545 ) ) ;
#3641 = CARTESIAN_POINT ( 'NONE',  ( -4.000000000000017764, 0.000000000000000000, 120.0000000000000000 ) ) ;
#3642 = LINE ( 'NONE', #1404, #3529 ) ;
#3643 = ORIENTED_EDGE ( 'NONE', *, *, #1635, .T. ) ;
#3644 = DIRECTION ( 'NONE',  ( 0.000000000000000000, -1.000000000000000000, 0.000000000000000000 ) ) ;
#3645 = VERTEX_POINT ( 'NONE', #797 ) ;
#3646 = EDGE_CURVE ( 'NONE', #2380, #632, #3976, .T. ) ;
#3647 = CARTESIAN_POINT ( 'NONE',  ( 30.00000000000009592, -778.0000000000000000, 300.0000000000000000 ) ) ;
#3648 = ORIENTED_EDGE ( 'NONE', *, *, #164, .F. ) ;
#3649 = ORIENTED_EDGE ( 'NONE', *, *, #468, .T. ) ;
#3650 = DIRECTION ( 'NONE',  ( -1.460819769243627131E-16, 1.000000000000000000, -0.000000000000000000 ) ) ;
#3651 = DIRECTION ( 'NONE',  ( -0.000000000000000000, 1.000000000000000000, -0.000000000000000000 ) ) ;
#3652 = SECURITY_CLASSIFICATION ( '', '', #3131 ) ;
#3653 = AXIS2_PLACEMENT_3D ( 'NONE', #3431, #483, #845 ) ;
#3654 = EDGE_CURVE ( 'NONE', #1370, #1531, #1130, .T. ) ;
#3655 = VECTOR ( 'NONE', #472, 1000.000000000000000 ) ;
#3656 = EDGE_LOOP ( 'NONE', ( #2823, #439, #2226, #3769 ) ) ;
#3657 = DIRECTION ( 'NONE',  ( 0.000000000000000000, 0.000000000000000000, -1.000000000000000000 ) ) ;
#3658 = DATE_AND_TIME ( #2913, #809 ) ;
#3659 = EDGE_CURVE ( 'NONE', #3330, #4570, #2779, .T. ) ;
#3660 = DIRECTION ( 'NONE',  ( 9.190587952195003339E-17, -1.000000000000000000, 0.000000000000000000 ) ) ;
#3661 = ORGANIZATION ( 'NAUO-ORG6', 'UNSPECIFIED', 'UNSPECIFIED' ) ;
#3662 = DIRECTION ( 'NONE',  ( 1.306212789964399565E-16, -1.000000000000000000, 0.000000000000000000 ) ) ;
#3663 = CYLINDRICAL_SURFACE ( 'NONE', #3339, 5.000000000000000888 ) ;
#3664 = DIRECTION ( 'NONE',  ( -1.460819769243627131E-16, -1.000000000000000000, 0.000000000000000000 ) ) ;
#3665 = DIRECTION ( 'NONE',  ( 0.000000000000000000, 0.000000000000000000, -1.000000000000000000 ) ) ;
#3666 = DIRECTION ( 'NONE',  ( -1.000000000000000000, -1.224646799147353207E-16, -0.000000000000000000 ) ) ;
#3667 = CYLINDRICAL_SURFACE ( 'NONE', #2219, 6.450000000000001066 ) ;
#3668 = AXIS2_PLACEMENT_3D ( 'NONE', #754, #4450, #2620 ) ;
#3669 = DIRECTION ( 'NONE',  ( -0.000000000000000000, 1.000000000000000000, -0.000000000000000000 ) ) ;
#3670 = ADVANCED_FACE ( 'NONE', ( #4027 ), #725, .T. ) ;
#3671 = DIRECTION ( 'NONE',  ( -1.000000000000000000, 0.000000000000000000, -0.000000000000000000 ) ) ;
#3672 = FACE_BOUND ( 'NONE', #1278, .T. ) ;
#3673 = VECTOR ( 'NONE', #3826, 1000.000000000000000 ) ;
#3674 = LOCAL_TIME ( 8, 52, 31.00000000000000000, #3155 ) ;
#3675 = EDGE_LOOP ( 'NONE', ( #3978, #1376, #3329, #1998 ) ) ;
#3676 = DIRECTION ( 'NONE',  ( 0.000000000000000000, 0.000000000000000000, 1.000000000000000000 ) ) ;
#3677 = DIRECTION ( 'NONE',  ( 1.228122814850837064E-16, -1.000000000000000000, 0.000000000000000000 ) ) ;
#3678 = APPROVAL ( #995, '未指定' ) ;
#3679 = COORDINATED_UNIVERSAL_TIME_OFFSET ( 8, 0, .AHEAD. ) ;
#3680 = EDGE_CURVE ( 'NONE', #1323, #3819, #2235, .T. ) ;
#3681 = ORIENTED_EDGE ( 'NONE', *, *, #916, .F. ) ;
#3682 = DIRECTION ( 'NONE',  ( 2.612425579928799129E-16, -1.000000000000000000, 0.000000000000000000 ) ) ;
#3683 = VERTEX_POINT ( 'NONE', #3355 ) ;
#3684 = EDGE_CURVE ( 'NONE', #1878, #1120, #1818, .T. ) ;
#3685 = FACE_OUTER_BOUND ( 'NONE', #3527, .T. ) ;
#3686 = DIRECTION ( 'NONE',  ( 0.000000000000000000, 1.000000000000000000, -1.228122814850837064E-16 ) ) ;
#3687 = CARTESIAN_POINT ( 'NONE',  ( 900.0000000000001137, -777.9999999999998863, 280.0000000000000000 ) ) ;
#3688 = FACE_OUTER_BOUND ( 'NONE', #2920, .T. ) ;
#3689 = VERTEX_POINT ( 'NONE', #765 ) ;
#3690 = VECTOR ( 'NONE', #3224, 1000.000000000000000 ) ;
#3691 = DIRECTION ( 'NONE',  ( -0.000000000000000000, 0.000000000000000000, 1.000000000000000000 ) ) ;
#3692 = EDGE_CURVE ( 'NONE', #1536, #3833, #3808, .T. ) ;
#3693 = CARTESIAN_POINT ( 'NONE',  ( 802.0000000000000000, -270.9999999999998863, 249.9999999999999716 ) ) ;
#3694 = ORIENTED_EDGE ( 'NONE', *, *, #3047, .T. ) ;
#3695 = ADVANCED_FACE ( 'NONE', ( #1596, #2421 ), #51, .T. ) ;
#3696 = CARTESIAN_POINT ( 'NONE',  ( 894.8000000000002956, -749.5000000000000000, 300.0000000000000000 ) ) ;
#3697 = VECTOR ( 'NONE', #911, 1000.000000000000000 ) ;
#3698 = ORIENTED_EDGE ( 'NONE', *, *, #4715, .F. ) ;
#3699 = ORIENTED_EDGE ( 'NONE', *, *, #4520, .F. ) ;
#3700 = LINE ( 'NONE', #4099, #3411 ) ;
#3701 = DIRECTION ( 'NONE',  ( 1.232566680299310330E-16, -1.000000000000000000, 0.000000000000000000 ) ) ;
#3702 = PLANE ( 'NONE',  #2375 ) ;
#3703 = ORIENTED_EDGE ( 'NONE', *, *, #1877, .T. ) ;
#3704 = DIRECTION ( 'NONE',  ( -5.478074134663601740E-17, 1.000000000000000000, -0.000000000000000000 ) ) ;
#3705 = ORIENTED_EDGE ( 'NONE', *, *, #3215, .F. ) ;
#3706 = CARTESIAN_POINT ( 'NONE',  ( 30.00000000000009592, -778.0000000000000000, 300.0000000000000000 ) ) ;
#3707 =( GEOMETRIC_REPRESENTATION_CONTEXT ( 3 ) GLOBAL_UNCERTAINTY_ASSIGNED_CONTEXT ( ( #807 ) ) GLOBAL_UNIT_ASSIGNED_CONTEXT ( ( #3868, #189, #4627 ) ) REPRESENTATION_CONTEXT ( 'NONE', 'WORKASPACE' ) );
#3708 = LINE ( 'NONE', #1535, #3655 ) ;
#3709 = EDGE_CURVE ( 'NONE', #3854, #4674, #3520, .T. ) ;
#3710 = EDGE_LOOP ( 'NONE', ( #3478, #3829, #3386, #3375 ) ) ;
#3711 = DIRECTION ( 'NONE',  ( 0.000000000000000000, 0.000000000000000000, -1.000000000000000000 ) ) ;
#3712 = ORIENTED_EDGE ( 'NONE', *, *, #4549, .T. ) ;
#3713 = DIRECTION ( 'NONE',  ( 0.000000000000000000, -0.000000000000000000, 1.000000000000000000 ) ) ;
#3714 = DIRECTION ( 'NONE',  ( 1.000000000000000000, 1.306212789964399565E-16, -0.000000000000000000 ) ) ;
#3715 = DIRECTION ( 'NONE',  ( -2.065146995210486914E-16, 0.000000000000000000, -1.000000000000000000 ) ) ;
#3716 = CC_DESIGN_APPROVAL ( #1125, ( #3652 ) ) ;
#3717 = AXIS2_PLACEMENT_3D ( 'NONE', #295, #3309, #4381 ) ;
#3718 = EDGE_CURVE ( 'NONE', #3519, #596, #3865, .T. ) ;
#3719 = CARTESIAN_POINT ( 'NONE',  ( 98.00000000000004263, -270.9999999999998863, 249.9999999999999716 ) ) ;
#3720 = DIRECTION ( 'NONE',  ( -0.000000000000000000, 1.000000000000000000, -0.000000000000000000 ) ) ;
#3721 = ADVANCED_FACE ( 'NONE', ( #3685 ), #2731, .T. ) ;
#3722 = EDGE_CURVE ( 'NONE', #1041, #1445, #46, .T. ) ;
#3723 = VECTOR ( 'NONE', #4436, 1000.000000000000000 ) ;
#3724 = DIRECTION ( 'NONE',  ( -1.000000000000000000, -1.384302765077962065E-16, -0.000000000000000000 ) ) ;
#3725 = DIRECTION ( 'NONE',  ( 1.000000000000000000, 0.000000000000000000, 0.000000000000000000 ) ) ;
#3726 = PERSON_AND_ORGANIZATION ( #355, #1518 ) ;
#3727 = DIRECTION ( 'NONE',  ( -1.000000000000000000, -0.000000000000000000, -0.000000000000000000 ) ) ;
#3728 = LINE ( 'NONE', #4115, #890 ) ;
#3729 = LINE ( 'NONE', #3342, #4003 ) ;
#3730 = CARTESIAN_POINT ( 'NONE',  ( 22.00000000000000711, -700.0000000000000000, 324.7999999999999545 ) ) ;
#3731 = COORDINATED_UNIVERSAL_TIME_OFFSET ( 8, 0, .AHEAD. ) ;
#3732 = ORIENTED_EDGE ( 'NONE', *, *, #1838, .T. ) ;
#3733 = VECTOR ( 'NONE', #299, 1000.000000000000000 ) ;
#3734 = ADVANCED_FACE ( 'NONE', ( #3631 ), #118, .F. ) ;
#3735 = AXIS2_PLACEMENT_3D ( 'NONE', #1147, #3793, #2688 ) ;
#3736 = DIRECTION ( 'NONE',  ( -1.000000000000000000, 0.000000000000000000, 0.000000000000000000 ) ) ;
#3737 = DIRECTION ( 'NONE',  ( 2.612425579928799129E-16, -1.000000000000000000, 0.000000000000000000 ) ) ;
#3738 = APPROVAL_PERSON_ORGANIZATION ( #1865, #3182, #3910 ) ;
#3739 = CARTESIAN_POINT ( 'NONE',  ( 870.0000000000001137, -760.0000000000000000, 1140.192835008725751 ) ) ;
#3740 = ORIENTED_EDGE ( 'NONE', *, *, #2287, .T. ) ;
#3741 = ORIENTED_EDGE ( 'NONE', *, *, #327, .T. ) ;
#3742 = DIRECTION ( 'NONE',  ( 0.000000000000000000, 0.000000000000000000, 1.000000000000000000 ) ) ;
#3743 = ORIENTED_EDGE ( 'NONE', *, *, #1061, .F. ) ;
#3744 = PLANE ( 'NONE',  #2208 ) ;
#3745 = CC_DESIGN_PERSON_AND_ORGANIZATION_ASSIGNMENT ( #3150, #833, ( #3239 ) ) ;
#3746 = AXIS2_PLACEMENT_3D ( 'NONE', #2932, #1403, #2176 ) ;
#3747 = EDGE_CURVE ( 'NONE', #336, #4687, #3399, .T. ) ;
#3748 = VECTOR ( 'NONE', #1985, 1000.000000000000000 ) ;
#3749 = CARTESIAN_POINT ( 'NONE',  ( 33.00000000000007105, -350.0000000000000000, 27.00000000000000711 ) ) ;
#3750 = DIRECTION ( 'NONE',  ( -1.000000000000000000, -0.000000000000000000, -0.000000000000000000 ) ) ;
#3751 = ORIENTED_EDGE ( 'NONE', *, *, #307, .F. ) ;
#3752 = ORIENTED_EDGE ( 'NONE', *, *, #3047, .F. ) ;
#3753 = VECTOR ( 'NONE', #4283, 1000.000000000000000 ) ;
#3754 = VECTOR ( 'NONE', #3313, 1000.000000000000000 ) ;
#3755 = VECTOR ( 'NONE', #3758, 1000.000000000000000 ) ;
#3756 = ORIENTED_EDGE ( 'NONE', *, *, #945, .T. ) ;
#3757 = EDGE_CURVE ( 'NONE', #3390, #4340, #3569, .T. ) ;
#3758 = DIRECTION ( 'NONE',  ( 2.065146995210486914E-16, 5.395042836600973428E-32, -1.000000000000000000 ) ) ;
#3759 = ORIENTED_EDGE ( 'NONE', *, *, #3062, .T. ) ;
#3760 = PLANE ( 'NONE',  #2869 ) ;
#3761 = CARTESIAN_POINT ( 'NONE',  ( 1140.000000000000000, -799.9999999999998863, 279.9999999999999432 ) ) ;
#3762 = VECTOR ( 'NONE', #58, 1000.000000000000000 ) ;
#3763 = DIRECTION ( 'NONE',  ( -1.000000000000000000, -1.224646799147353207E-16, -0.000000000000000000 ) ) ;
#3764 = VERTEX_POINT ( 'NONE', #1283 ) ;
#3765 = VERTEX_POINT ( 'NONE', #1942 ) ;
#3766 = DIRECTION ( 'NONE',  ( 1.460819769243627131E-16, -1.000000000000000000, 0.000000000000000000 ) ) ;
#3767 = ADVANCED_FACE ( 'NONE', ( #1937 ), #895, .F. ) ;
#3768 = DIRECTION ( 'NONE',  ( 0.000000000000000000, 0.000000000000000000, 1.000000000000000000 ) ) ;
#3769 = ORIENTED_EDGE ( 'NONE', *, *, #3949, .F. ) ;
#3770 = VERTEX_POINT ( 'NONE', #910 ) ;
#3771 = AXIS2_PLACEMENT_3D ( 'NONE', #139, #151, #1234 ) ;
#3772 = CARTESIAN_POINT ( 'NONE',  ( 802.0000000000000000, -220.9999999999999432, -0.001000000000001000089 ) ) ;
#3773 = ORIENTED_EDGE ( 'NONE', *, *, #1061, .T. ) ;
#3774 = VERTEX_POINT ( 'NONE', #4183 ) ;
#3775 = DIRECTION ( 'NONE',  ( 1.000000000000000000, 2.612425579928799129E-16, 0.000000000000000000 ) ) ;
#3776 = ORIENTED_EDGE ( 'NONE', *, *, #3191, .T. ) ;
#3777 = CARTESIAN_POINT ( 'NONE',  ( 98.00000000000004263, -270.9999999999998863, 90.00000000000001421 ) ) ;
#3778 = SECURITY_CLASSIFICATION ( '', '', #3242 ) ;
#3779 = DIRECTION ( 'NONE',  ( 2.612425579928799129E-16, -1.000000000000000000, 0.000000000000000000 ) ) ;
#3780 = CARTESIAN_POINT ( 'NONE',  ( 870.0000000000000000, -366.9999999999999432, 185.0000000000000568 ) ) ;
#3781 = ADVANCED_FACE ( 'NONE', ( #332 ), #1253, .T. ) ;
#3782 = DIRECTION ( 'NONE',  ( 0.000000000000000000, 0.000000000000000000, 1.000000000000000000 ) ) ;
#3783 = LOCAL_TIME ( 8, 52, 31.00000000000000000, #4758 ) ;
#3784 = AXIS2_PLACEMENT_3D ( 'NONE', #3243, #1081, #3686 ) ;
#3785 = EDGE_CURVE ( 'NONE', #1308, #4523, #3057, .T. ) ;
#3786 = ADVANCED_FACE ( 'NONE', ( #445 ), #4165, .T. ) ;
#3787 = CARTESIAN_POINT ( 'NONE',  ( 0.000000000000000000, 0.000000000000000000, -1.500000000000000000 ) ) ;
#3788 = DIRECTION ( 'NONE',  ( 1.228122814850837064E-16, -1.000000000000000000, 1.228122814850837064E-16 ) ) ;
#3789 = DIRECTION ( 'NONE',  ( 2.065146995210486914E-16, 0.000000000000000000, 1.000000000000000000 ) ) ;
#3790 = VECTOR ( 'NONE', #4413, 1000.000000000000000 ) ;
#3791 = EDGE_CURVE ( 'NONE', #523, #50, #4271, .T. ) ;
#3792 = DATE_AND_TIME ( #4764, #2925 ) ;
#3793 = DIRECTION ( 'NONE',  ( -0.000000000000000000, 0.000000000000000000, 1.000000000000000000 ) ) ;
#3794 = DIRECTION ( 'NONE',  ( -1.000000000000000000, 0.000000000000000000, 0.000000000000000000 ) ) ;
#3795 = VECTOR ( 'NONE', #342, 1000.000000000000000 ) ;
#3796 = VECTOR ( 'NONE', #2796, 1000.000000000000000 ) ;
#3797 = ORIENTED_EDGE ( 'NONE', *, *, #1574, .F. ) ;
#3798 = COORDINATED_UNIVERSAL_TIME_OFFSET ( 8, 0, .AHEAD. ) ;
#3799 = ORIENTED_EDGE ( 'NONE', *, *, #1979, .T. ) ;
#3800 = EDGE_LOOP ( 'NONE', ( #3537, #1653, #4584, #1250 ) ) ;
#3801 = DIRECTION ( 'NONE',  ( 1.000000000000000000, 0.000000000000000000, 0.000000000000000000 ) ) ;
#3802 = CARTESIAN_POINT ( 'NONE',  ( 802.0000000000000000, -603.0000000000000000, 99.99999999999998579 ) ) ;
#3803 = CARTESIAN_POINT ( 'NONE',  ( 7.979727989493312634E-14, 300.0000000000000000, 15.00000000000000000 ) ) ;
#3804 = SHAPE_DEFINITION_REPRESENTATION ( #709, #2701 ) ;
#3805 = EDGE_CURVE ( 'NONE', #683, #4322, #3274, .T. ) ;
#3806 = ORIENTED_EDGE ( 'NONE', *, *, #1205, .T. ) ;
#3807 = CARTESIAN_POINT ( 'NONE',  ( 30.00000000000000355, -18.00000000000000000, 20.00000000000001776 ) ) ;
#3808 = LINE ( 'NONE', #2633, #2548 ) ;
#3809 = DIRECTION ( 'NONE',  ( 1.000000000000000000, 1.228122814850837064E-16, -0.000000000000000000 ) ) ;
#3810 = VECTOR ( 'NONE', #4777, 1000.000000000000000 ) ;
#3811 = ADVANCED_FACE ( 'NONE', ( #171 ), #1879, .T. ) ;
#3812 = DIRECTION ( 'NONE',  ( 0.000000000000000000, -1.000000000000000000, 0.000000000000000000 ) ) ;
#3813 = DIRECTION ( 'NONE',  ( -0.000000000000000000, 1.000000000000000000, -0.000000000000000000 ) ) ;
#3814 = SECURITY_CLASSIFICATION ( '', '', #4559 ) ;
#3815 = EDGE_CURVE ( 'NONE', #679, #2876, #1128, .T. ) ;
#3816 = DIRECTION ( 'NONE',  ( 0.000000000000000000, 0.000000000000000000, 1.000000000000000000 ) ) ;
#3817 = LINE ( 'NONE', #4094, #2727 ) ;
#3818 = CARTESIAN_POINT ( 'NONE',  ( 33.00000000000007816, 300.0000000000000000, -26.84171144931213604 ) ) ;
#3819 = VERTEX_POINT ( 'NONE', #4254 ) ;
#3820 = EDGE_CURVE ( 'NONE', #278, #803, #4139, .T. ) ;
#3821 = LINE ( 'NONE', #2702, #2839 ) ;
#3822 = DIRECTION ( 'NONE',  ( 0.000000000000000000, 0.000000000000000000, -1.000000000000000000 ) ) ;
#3823 = ORIENTED_EDGE ( 'NONE', *, *, #4776, .T. ) ;
#3824 = EDGE_LOOP ( 'NONE', ( #2088, #3408, #994, #4399 ) ) ;
#3825 = DIRECTION ( 'NONE',  ( -1.460819769243627131E-16, 1.000000000000000000, 0.000000000000000000 ) ) ;
#3826 = DIRECTION ( 'NONE',  ( -1.232566680299310330E-16, 1.000000000000000000, 0.000000000000000000 ) ) ;
#3827 = VECTOR ( 'NONE', #361, 1000.000000000000000 ) ;
#3828 = EDGE_LOOP ( 'NONE', ( #10, #917, #1383, #1787 ) ) ;
#3829 = ORIENTED_EDGE ( 'NONE', *, *, #2955, .T. ) ;
#3830 = ADVANCED_FACE ( 'NONE', ( #2300 ), #4640, .T. ) ;
#3831 = CIRCLE ( 'NONE', #370, 15.00000000000000000 ) ;
#3832 = ORIENTED_EDGE ( 'NONE', *, *, #3692, .F. ) ;
#3833 = VERTEX_POINT ( 'NONE', #2852 ) ;
#3834 = ADVANCED_FACE ( 'NONE', ( #2059 ), #4784, .F. ) ;
#3835 = CARTESIAN_POINT ( 'NONE',  ( 30.00000000000009592, -778.0000000000000000, 300.0000000000000000 ) ) ;
#3836 = CARTESIAN_POINT ( 'NONE',  ( 497.0000000000001137, -672.9999999999998863, 170.0000000000000284 ) ) ;
#3837 = DIRECTION ( 'NONE',  ( 1.000000000000000000, 0.000000000000000000, 0.000000000000000000 ) ) ;
#3838 = CC_DESIGN_PERSON_AND_ORGANIZATION_ASSIGNMENT ( #4005, #2339, ( #2705 ) ) ;
#3839 = AXIS2_PLACEMENT_3D ( 'NONE', #1096, #1132, #3736 ) ;
#3840 = CARTESIAN_POINT ( 'NONE',  ( 802.0000000000000000, -170.9999999999999716, 249.9999999999999716 ) ) ;
#3841 = PLANE ( 'NONE',  #1622 ) ;
#3842 = DATE_TIME_ROLE ( 'classification_date' ) ;
#3843 = LINE ( 'NONE', #1884, #2861 ) ;
#3844 = LOCAL_TIME ( 8, 52, 31.00000000000000000, #1235 ) ;
#3845 = AXIS2_PLACEMENT_3D ( 'NONE', #2051, #2812, #960 ) ;
#3846 = EDGE_CURVE ( 'NONE', #1371, #3330, #3916, .T. ) ;
#3847 = VECTOR ( 'NONE', #3789, 1000.000000000000000 ) ;
#3848 = ADVANCED_FACE ( 'NONE', ( #837 ), #3584, .F. ) ;
#3849 = VECTOR ( 'NONE', #1741, 1000.000000000000000 ) ;
#3850 = DIRECTION ( 'NONE',  ( -1.000000000000000000, 0.000000000000000000, 2.065146995210486914E-16 ) ) ;
#3851 = COORDINATED_UNIVERSAL_TIME_OFFSET ( 8, 0, .AHEAD. ) ;
#3852 = ORIENTED_EDGE ( 'NONE', *, *, #3405, .T. ) ;
#3853 = FACE_OUTER_BOUND ( 'NONE', #3511, .T. ) ;
#3854 = VERTEX_POINT ( 'NONE', #3165 ) ;
#3855 = CYLINDRICAL_SURFACE ( 'NONE', #4050, 5.000000000000000888 ) ;
#3856 = DATE_AND_TIME ( #2354, #3908 ) ;
#3857 = DIRECTION ( 'NONE',  ( -0.000000000000000000, -0.000000000000000000, -1.000000000000000000 ) ) ;
#3858 = ORIENTED_EDGE ( 'NONE', *, *, #1782, .T. ) ;
#3859 = ORIENTED_EDGE ( 'NONE', *, *, #2799, .F. ) ;
#3860 = AXIS2_PLACEMENT_3D ( 'NONE', #3471, #202, #561 ) ;
#3861 = ORIENTED_EDGE ( 'NONE', *, *, #1712, .T. ) ;
#3862 = ORIENTED_EDGE ( 'NONE', *, *, #3464, .F. ) ;
#3863 = CARTESIAN_POINT ( 'NONE',  ( 879.0500000000001819, -749.5000000000000000, 316.0000000000000000 ) ) ;
#3864 = DIRECTION ( 'NONE',  ( 0.000000000000000000, 0.000000000000000000, -1.000000000000000000 ) ) ;
#3865 = LINE ( 'NONE', #2346, #559 ) ;
#3866 = VECTOR ( 'NONE', #3727, 1000.000000000000000 ) ;
#3867 = VECTOR ( 'NONE', #4085, 1000.000000000000000 ) ;
#3868 =( LENGTH_UNIT ( ) NAMED_UNIT ( * ) SI_UNIT ( .MILLI., .METRE. ) );
#3869 = ORIENTED_EDGE ( 'NONE', *, *, #3132, .F. ) ;
#3870 = ADVANCED_FACE ( 'NONE', ( #4730 ), #2056, .T. ) ;
#3871 = CIRCLE ( 'NONE', #1372, 5.049999999999998934 ) ;
#3872 = APPROVAL_STATUS ( 'not_yet_approved' ) ;
#3873 = EDGE_CURVE ( 'NONE', #613, #3030, #1707, .T. ) ;
#3874 = ORIENTED_EDGE ( 'NONE', *, *, #3757, .T. ) ;
#3875 = CARTESIAN_POINT ( 'NONE',  ( 30.00000000000009592, -760.0000000000000000, 300.0000000000000568 ) ) ;
#3876 = CARTESIAN_POINT ( 'NONE',  ( 15.00000000000007994, 400.0000000000000000, 15.00000000000000000 ) ) ;
#3877 = LINE ( 'NONE', #2965, #1837 ) ;
#3878 = ORIENTED_EDGE ( 'NONE', *, *, #978, .T. ) ;
#3879 = ORIENTED_EDGE ( 'NONE', *, *, #700, .T. ) ;
#3880 = CARTESIAN_POINT ( 'NONE',  ( 832.0000000000001137, -366.9999999999999432, 185.0000000000000568 ) ) ;
#3881 = EDGE_CURVE ( 'NONE', #4332, #2625, #2778, .T. ) ;
#3882 = CARTESIAN_POINT ( 'NONE',  ( 30.00000000000009592, -760.0000000000000000, 20.00000000000000000 ) ) ;
#3883 = CARTESIAN_POINT ( 'NONE',  ( 15.90000000000000036, -50.50000000000002842, 321.0500000000000114 ) ) ;
#3884 = CYLINDRICAL_SURFACE ( 'NONE', #4095, 15.00000000000000000 ) ;
#3885 = ORIENTED_EDGE ( 'NONE', *, *, #404, .F. ) ;
#3886 = ORIENTED_EDGE ( 'NONE', *, *, #4343, .T. ) ;
#3887 = AXIS2_PLACEMENT_3D ( 'NONE', #3324, #1478, #3013 ) ;
#3888 = DIRECTION ( 'NONE',  ( 0.000000000000000000, 0.000000000000000000, -1.000000000000000000 ) ) ;
#3889 = EDGE_LOOP ( 'NONE', ( #2653, #1773, #2938, #3, #182, #1480 ) ) ;
#3890 = DIRECTION ( 'NONE',  ( 1.000000000000000000, 1.306212789964399565E-16, -0.000000000000000000 ) ) ;
#3891 = DATE_AND_TIME ( #2629, #2968 ) ;
#3892 = EDGE_CURVE ( 'NONE', #2498, #3138, #951, .T. ) ;
#3893 = CALENDAR_DATE ( 2026, 5, 6 ) ;
#3894 =( NAMED_UNIT ( * ) PLANE_ANGLE_UNIT ( ) SI_UNIT ( $, .RADIAN. ) );
#3895 = VECTOR ( 'NONE', #4724, 1000.000000000000000 ) ;
#3896 = COORDINATED_UNIVERSAL_TIME_OFFSET ( 8, 0, .AHEAD. ) ;
#3897 = CARTESIAN_POINT ( 'NONE',  ( 7.979727989493312634E-14, -300.0000000000000000, 27.00000000000000355 ) ) ;
#3898 = VECTOR ( 'NONE', #3568, 1000.000000000000000 ) ;
#3899 = AXIS2_PLACEMENT_3D ( 'NONE', #976, #4661, #4310 ) ;
#3900 = DIRECTION ( 'NONE',  ( -1.000000000000000000, 0.000000000000000000, -0.000000000000000000 ) ) ;
#3901 = EDGE_CURVE ( 'NONE', #2476, #1624, #672, .T. ) ;
#3902 = DATE_AND_TIME ( #2047, #3044 ) ;
#3903 = EDGE_LOOP ( 'NONE', ( #3617, #1419, #244, #2743, #4742, #3128 ) ) ;
#3904 = PLANE ( 'NONE',  #1092 ) ;
#3905 = CARTESIAN_POINT ( 'NONE',  ( 98.00000000000005684, -220.9999999999999432, 239.9999999999999432 ) ) ;
#3906 = CARTESIAN_POINT ( 'NONE',  ( 870.0000000000000000, -18.00000000000000000, 2.000000000000000000 ) ) ;
#3907 = DIRECTION ( 'NONE',  ( 2.612425579928799129E-16, -1.000000000000000000, -0.000000000000000000 ) ) ;
#3908 = LOCAL_TIME ( 8, 52, 31.00000000000000000, #2474 ) ;
#3909 = EDGE_LOOP ( 'NONE', ( #2253, #3448, #771, #1055 ) ) ;
#3910 = APPROVAL_ROLE ( '' ) ;
#3911 = CARTESIAN_POINT ( 'NONE',  ( 455.8838073865466072, -665.2967775548247573, 165.3244959722886165 ) ) ;
#3912 = CARTESIAN_POINT ( 'NONE',  ( 98.00000000000004263, -573.0000000000000000, 239.9999999999999716 ) ) ;
#3913 = DIRECTION ( 'NONE',  ( -0.000000000000000000, 1.000000000000000000, -0.000000000000000000 ) ) ;
#3914 = ORIENTED_EDGE ( 'NONE', *, *, #583, .T. ) ;
#3915 = ORIENTED_EDGE ( 'NONE', *, *, #2391, .T. ) ;
#3916 = LINE ( 'NONE', #2482, #2942 ) ;
#3917 = DIRECTION ( 'NONE',  ( 0.000000000000000000, 0.000000000000000000, -1.000000000000000000 ) ) ;
#3918 = FACE_BOUND ( 'NONE', #606, .T. ) ;
#3919 = CARTESIAN_POINT ( 'NONE',  ( 9.527752097366408410E-14, -778.0000000000000000, 300.0000000000000000 ) ) ;
#3920 = EDGE_LOOP ( 'NONE', ( #2501, #2933, #929, #1668, #3008, #782, #3072, #2593 ) ) ;
#3921 = LINE ( 'NONE', #1333, #731 ) ;
#3922 = CIRCLE ( 'NONE', #1553, 8.000000000000007105 ) ;
#3923 = DIRECTION ( 'NONE',  ( 0.000000000000000000, 0.000000000000000000, 1.000000000000000000 ) ) ;
#3924 = ORIENTED_EDGE ( 'NONE', *, *, #3533, .F. ) ;
#3925 = PRODUCT_DEFINITION ( '未知', '', #4421, #1715 ) ;
#3926 = AXIS2_PLACEMENT_3D ( 'NONE', #465, #478, #3079 ) ;
#3927 = APPLICATION_CONTEXT ( 'configuration controlled 3d designs of mechanical parts and assemblies' ) ;
#3928 = LINE ( 'NONE', #2014, #2433 ) ;
#3929 = ORIENTED_EDGE ( 'NONE', *, *, #4497, .T. ) ;
#3930 = ORIENTED_EDGE ( 'NONE', *, *, #2706, .F. ) ;
#3931 = CARTESIAN_POINT ( 'NONE',  ( 454.9186707828509952, -666.0077589409595475, 164.3191815874183703 ) ) ;
#3932 = EDGE_CURVE ( 'NONE', #3567, #4047, #3337, .T. ) ;
#3933 = VECTOR ( 'NONE', #1752, 1000.000000000000000 ) ;
#3934 = ORIENTED_EDGE ( 'NONE', *, *, #255, .T. ) ;
#3935 = DIRECTION ( 'NONE',  ( -0.000000000000000000, -0.000000000000000000, -1.000000000000000000 ) ) ;
#3936 = ORIENTED_EDGE ( 'NONE', *, *, #875, .T. ) ;
#3937 = CARTESIAN_POINT ( 'NONE',  ( -28.00000000000005684, 300.0000000000000000, 27.00000000000000000 ) ) ;
#3938 = VERTEX_POINT ( 'NONE', #4360 ) ;
#3939 = ORIENTED_EDGE ( 'NONE', *, *, #2684, .T. ) ;
#3940 = CARTESIAN_POINT ( 'NONE',  ( 15.90000000000005720, -506.0000000000004547, 15.90000000000000036 ) ) ;
#3941 = DIRECTION ( 'NONE',  ( 1.232566680299310330E-16, -1.000000000000000000, 0.000000000000000000 ) ) ;
#3942 = ORIENTED_EDGE ( 'NONE', *, *, #1694, .F. ) ;
#3943 = APPROVAL_STATUS ( 'not_yet_approved' ) ;
#3944 = AXIS2_PLACEMENT_3D ( 'NONE', #2857, #2872, #643 ) ;
#3945 = FACE_OUTER_BOUND ( 'NONE', #4634, .T. ) ;
#3946 = CARTESIAN_POINT ( 'NONE',  ( 98.00000000000004263, -250.9999999999999432, 99.99999999999998579 ) ) ;
#3947 = VERTEX_POINT ( 'NONE', #949 ) ;
#3948 = AXIS2_PLACEMENT_3D ( 'NONE', #1616, #200, #4205 ) ;
#3949 = EDGE_CURVE ( 'NONE', #62, #230, #1314, .T. ) ;
#3950 = FACE_OUTER_BOUND ( 'NONE', #3987, .T. ) ;
#3951 = PLANE ( 'NONE',  #1693 ) ;
#3952 = ORGANIZATION ( 'NAUO-ORG2', 'UNSPECIFIED', 'UNSPECIFIED' ) ;
#3953 = CARTESIAN_POINT ( 'NONE',  ( 7.961735002956730495E-14, -400.0000000000000000, 15.00000000000000000 ) ) ;
#3954 = LINE ( 'NONE', #2240, #2643 ) ;
#3955 = CIRCLE ( 'NONE', #885, 8.000000000000007105 ) ;
#3956 = DIRECTION ( 'NONE',  ( 1.000000000000000000, 0.000000000000000000, 0.000000000000000000 ) ) ;
#3957 = LOCAL_TIME ( 8, 52, 31.00000000000000000, #3614 ) ;
#3958 = EDGE_CURVE ( 'NONE', #2030, #3558, #1375, .T. ) ;
#3959 = CARTESIAN_POINT ( 'NONE',  ( 443.7090470727726483, -664.9801082258035194, 165.9095962524465051 ) ) ;
#3960 = DIRECTION ( 'NONE',  ( 0.000000000000000000, 1.000000000000000000, 0.000000000000000000 ) ) ;
#3961 = ORIENTED_EDGE ( 'NONE', *, *, #567, .F. ) ;
#3962 = ORIENTED_EDGE ( 'NONE', *, *, #847, .T. ) ;
#3963 = LINE ( 'NONE', #2906, #1239 ) ;
#3964 = SHAPE_DEFINITION_REPRESENTATION ( #1491, #666 ) ;
#3965 = DIRECTION ( 'NONE',  ( 1.000000000000000000, -0.000000000000000000, -0.000000000000000000 ) ) ;
#3966 = ORIENTED_EDGE ( 'NONE', *, *, #1792, .F. ) ;
#3967 = ORIENTED_EDGE ( 'NONE', *, *, #2746, .T. ) ;
#3968 = CARTESIAN_POINT ( 'NONE',  ( 98.00000000000004263, -220.9999999999999432, -0.001000000000001000089 ) ) ;
#3969 = EDGE_CURVE ( 'NONE', #1371, #3634, #2369, .T. ) ;
#3970 = CARTESIAN_POINT ( 'NONE',  ( 15.90000000000000036, -100.0000000000000284, 316.0000000000000000 ) ) ;
#3971 = LINE ( 'NONE', #36, #1422 ) ;
#3972 = CARTESIAN_POINT ( 'NONE',  ( 0.000000000000000000, 0.000000000000000000, 120.0000000000000000 ) ) ;
#3973 = ORIENTED_EDGE ( 'NONE', *, *, #4297, .F. ) ;
#3974 = CARTESIAN_POINT ( 'NONE',  ( 98.00000000000005684, -250.9999999999999432, 239.9999999999999432 ) ) ;
#3975 = FACE_BOUND ( 'NONE', #3284, .T. ) ;
#3976 = LINE ( 'NONE', #3012, #49 ) ;
#3977 = AXIS2_PLACEMENT_3D ( 'NONE', #1165, #3397, #1578 ) ;
#3978 = ORIENTED_EDGE ( 'NONE', *, *, #1299, .T. ) ;
#3979 = ORIENTED_EDGE ( 'NONE', *, *, #2880, .F. ) ;
#3980 = DIRECTION ( 'NONE',  ( 1.000000000000000000, 0.000000000000000000, 0.000000000000000000 ) ) ;
#3981 = VECTOR ( 'NONE', #3550, 1000.000000000000000 ) ;
#3982 = ORIENTED_EDGE ( 'NONE', *, *, #2460, .F. ) ;
#3983 = ORIENTED_EDGE ( 'NONE', *, *, #3373, .T. ) ;
#3984 = ADVANCED_FACE ( 'NONE', ( #1367 ), #635, .F. ) ;
#3985 = DIRECTION ( 'NONE',  ( 2.612425579928799129E-16, -1.000000000000000000, -0.000000000000000000 ) ) ;
#3986 = CC_DESIGN_DATE_AND_TIME_ASSIGNMENT ( #3792, #3842, ( #3239 ) ) ;
#3987 = EDGE_LOOP ( 'NONE', ( #3566, #3705, #893, #4466, #2052 ) ) ;
#3988 = ORIENTED_EDGE ( 'NONE', *, *, #722, .T. ) ;
#3989 = CARTESIAN_POINT ( 'NONE',  ( 454.5498568093712493, -666.2646772196604843, 175.9801276879884995 ) ) ;
#3990 = CARTESIAN_POINT ( 'NONE',  ( 802.0000000000000000, -250.9999999999999432, 99.99999999999998579 ) ) ;
#3991 = ORIENTED_EDGE ( 'NONE', *, *, #1870, .T. ) ;
#3992 = ORIENTED_EDGE ( 'NONE', *, *, #1800, .F. ) ;
#3993 = EDGE_CURVE ( 'NONE', #4108, #4348, #4677, .T. ) ;
#3994 = DIRECTION ( 'NONE',  ( -0.000000000000000000, 1.000000000000000000, -0.000000000000000000 ) ) ;
#3995 = FACE_OUTER_BOUND ( 'NONE', #1217, .T. ) ;
#3996 = ORIENTED_EDGE ( 'NONE', *, *, #2426, .T. ) ;
#3997 = DIRECTION ( 'NONE',  ( -2.065146995210486914E-16, -0.000000000000000000, -1.000000000000000000 ) ) ;
#3998 = COORDINATED_UNIVERSAL_TIME_OFFSET ( 8, 0, .AHEAD. ) ;
#3999 = DIRECTION ( 'NONE',  ( -0.000000000000000000, 1.000000000000000000, -0.000000000000000000 ) ) ;
#4000 = ORGANIZATION ( 'NAUO-ORG5', 'UNSPECIFIED', 'UNSPECIFIED' ) ;
#4001 = DIRECTION ( 'NONE',  ( 1.000000000000000000, -0.000000000000000000, -0.000000000000000000 ) ) ;
#4002 = LINE ( 'NONE', #1933, #2340 ) ;
#4003 = VECTOR ( 'NONE', #1829, 1000.000000000000000 ) ;
#4004 = DIRECTION ( 'NONE',  ( 1.000000000000000000, 0.000000000000000000, 0.000000000000000000 ) ) ;
#4005 = PERSON_AND_ORGANIZATION ( #1525, #4321 ) ;
#4006 = PRODUCT_DEFINITION ( '未知', '', #1183, #19 ) ;
#4007 = EDGE_CURVE ( 'NONE', #1624, #715, #614, .T. ) ;
#4008 = CIRCLE ( 'NONE', #303, 5.000000000000000888 ) ;
#4009 = VECTOR ( 'NONE', #4151, 1000.000000000000000 ) ;
#4010 = CARTESIAN_POINT ( 'NONE',  ( 9.797174393178825736E-14, -800.0000000000000000, 279.9999999999999432 ) ) ;
#4011 = CALENDAR_DATE ( 2026, 5, 6 ) ;
#4012 = ORIENTED_EDGE ( 'NONE', *, *, #468, .F. ) ;
#4013 = EDGE_LOOP ( 'NONE', ( #225, #3859 ) ) ;
#4014 = AXIS2_PLACEMENT_3D ( 'NONE', #2580, #3285, #352 ) ;
#4015 = EDGE_CURVE ( 'NONE', #1057, #3121, #4333, .T. ) ;
#4016 = CARTESIAN_POINT ( 'NONE',  ( 442.5000000000000000, -663.9999999999998863, 170.0000000000000568 ) ) ;
#4017 = PERSON_AND_ORGANIZATION ( #1525, #4321 ) ;
#4018 = CARTESIAN_POINT ( 'NONE',  ( 30.00000000000000355, -18.00000000000000000, 300.0000000000000000 ) ) ;
#4019 = CARTESIAN_POINT ( 'NONE',  ( 802.0000000000000000, -573.0000000000000000, 249.9999999999999716 ) ) ;
#4020 = ORIENTED_EDGE ( 'NONE', *, *, #3126, .T. ) ;
#4021 = CARTESIAN_POINT ( 'NONE',  ( 442.5000000000000000, -663.9999999999998863, 170.0000000000000568 ) ) ;
#4022 = LINE ( 'NONE', #1708, #3393 ) ;
#4023 = ORIENTED_EDGE ( 'NONE', *, *, #2201, .F. ) ;
#4024 = EDGE_CURVE ( 'NONE', #919, #565, #3460, .T. ) ;
#4025 = ORIENTED_EDGE ( 'NONE', *, *, #1396, .F. ) ;
#4026 = CARTESIAN_POINT ( 'NONE',  ( 5.200000000000002842, -50.50000000000002842, 300.0000000000000000 ) ) ;
#4027 = FACE_OUTER_BOUND ( 'NONE', #1302, .T. ) ;
#4028 = LINE ( 'NONE', #15, #3810 ) ;
#4029 = DIRECTION ( 'NONE',  ( -1.306212789964399565E-16, 1.000000000000000000, -0.000000000000000000 ) ) ;
#4030 = ORIENTED_EDGE ( 'NONE', *, *, #1001, .T. ) ;
#4031 = CARTESIAN_POINT ( 'NONE',  ( 7.961735002956730495E-14, -400.0000000000000000, 30.00000000000000000 ) ) ;
#4032 = B_SPLINE_CURVE_WITH_KNOTS ( 'NONE', 3,
 ( #1356, #589, #3556, #997, #2064, #3188, #4341, #1723, #2436, #2856, #3959, #3607, #1326, #2116, #943, #4708, #2504, #4326, #2842, #2871, #4655, #1373, #4305, #3199, #217, #2809, #235, #2452, #3171, #603, #642, #1389, #1676, #3931, #4275, #3911, #3573, #1689, #4291, #2097, #2826, #2081, #4675, #2470, #252, #973, #4693 ),
 .UNSPECIFIED., .F., .F.,
 ( 4, 2, 2, 2, 2, 2, 2, 2, 2, 2, 2, 1, 2, 2, 2, 2, 2, 2, 2, 2, 2, 2, 2, 4 ),
 ( 2.775557561562891351E-17, 0.001565268911103902911, 0.002347903366655868136, 0.003130537822207833578, 0.003913172277759799020, 0.004695806733311764028, 0.006261075644415780780, 0.007826344555519797533, 0.009391613466623814285, 0.01095688237772783104, 0.01173951683327980819, 0.01252215128883178534, 0.01330478574438376249, 0.01408742019993573617, 0.01487005465548771332, 0.01565268911103969221, 0.01721795802214364304, 0.01878322693324759388, 0.02034849584435154818, 0.02113113029990349584, 0.02191376475545544003, 0.02269639921100738769, 0.02347903366655933535, 0.02504430257766321333 ),
 .UNSPECIFIED. ) ;
#4033 = FACE_OUTER_BOUND ( 'NONE', #2385, .T. ) ;
#4034 = ORIENTED_EDGE ( 'NONE', *, *, #4374, .F. ) ;
#4035 = ORIENTED_EDGE ( 'NONE', *, *, #3247, .F. ) ;
#4036 = DIRECTION ( 'NONE',  ( -0.000000000000000000, 1.000000000000000000, -0.000000000000000000 ) ) ;
#4037 = CARTESIAN_POINT ( 'NONE',  ( 832.0000000000001137, -366.9999999999999432, 155.0000000000000284 ) ) ;
#4038 = LINE ( 'NONE', #4166, #344 ) ;
#4039 = ORIENTED_EDGE ( 'NONE', *, *, #945, .F. ) ;
#4040 = CARTESIAN_POINT ( 'NONE',  ( 33.00000000000007816, 0.000000000000000000, 0.000000000000000000 ) ) ;
#4041 = ORIENTED_EDGE ( 'NONE', *, *, #3815, .T. ) ;
#4042 = EDGE_CURVE ( 'NONE', #2279, #1624, #4090, .T. ) ;
#4043 = DIRECTION ( 'NONE',  ( 0.000000000000000000, -1.000000000000000000, 0.000000000000000000 ) ) ;
#4044 = CARTESIAN_POINT ( 'NONE',  ( 6.450000000000001066, 0.000000000000000000, 0.000000000000000000 ) ) ;
#4045 = LINE ( 'NONE', #998, #124 ) ;
#4046 = ORIENTED_EDGE ( 'NONE', *, *, #3509, .F. ) ;
#4047 = VERTEX_POINT ( 'NONE', #1493 ) ;
#4048 = CARTESIAN_POINT ( 'NONE',  ( 33.00000000000007105, -350.0000000000000000, 27.00000000000000711 ) ) ;
#4049 = CC_DESIGN_DATE_AND_TIME_ASSIGNMENT ( #4245, #1662, ( #3814 ) ) ;
#4050 = AXIS2_PLACEMENT_3D ( 'NONE', #1068, #3720, #4087 ) ;
#4051 = EDGE_CURVE ( 'NONE', #898, #3947, #2234, .T. ) ;
#4052 = ORIENTED_EDGE ( 'NONE', *, *, #2638, .F. ) ;
#4053 = ORIENTED_EDGE ( 'NONE', *, *, #3373, .F. ) ;
#4054 = DIRECTION ( 'NONE',  ( -1.288758049684149971E-16, -0.000000000000000000, 1.000000000000000000 ) ) ;
#4055 = DIRECTION ( 'NONE',  ( 0.000000000000000000, 0.000000000000000000, 1.000000000000000000 ) ) ;
#4056 = VERTEX_POINT ( 'NONE', #4456 ) ;
#4057 = EDGE_CURVE ( 'NONE', #667, #3317, #3063, .T. ) ;
#4058 = CARTESIAN_POINT ( 'NONE',  ( 7.961735002956730495E-14, 300.0000000000000000, 30.00000000000000000 ) ) ;
#4059 = ADVANCED_FACE ( 'NONE', ( #707, #1603 ), #1867, .F. ) ;
#4060 = VECTOR ( 'NONE', #4109, 1000.000000000000000 ) ;
#4061 = LOCAL_TIME ( 8, 52, 31.00000000000000000, #1228 ) ;
#4062 = AXIS2_PLACEMENT_3D ( 'NONE', #170, #3094, #1963 ) ;
#4063 = CARTESIAN_POINT ( 'NONE',  ( 15.90000000000005720, 400.0000000000000000, 15.90000000000000036 ) ) ;
#4064 = CARTESIAN_POINT ( 'NONE',  ( 802.0000000000000000, -220.9999999999999432, 239.9999999999999716 ) ) ;
#4065 = DIRECTION ( 'NONE',  ( -0.000000000000000000, 1.000000000000000000, -0.000000000000000000 ) ) ;
#4066 = LINE ( 'NONE', #767, #1467 ) ;
#4067 = VECTOR ( 'NONE', #655, 1000.000000000000000 ) ;
#4068 = EDGE_LOOP ( 'NONE', ( #2022, #467 ) ) ;
#4069 = PLANE ( 'NONE',  #3668 ) ;
#4070 = ORIENTED_EDGE ( 'NONE', *, *, #3147, .F. ) ;
#4071 = CARTESIAN_POINT ( 'NONE',  ( 900.0019999999999527, -366.9999999999999432, 185.0000000000000568 ) ) ;
#4072 = VECTOR ( 'NONE', #285, 1000.000000000000000 ) ;
#4073 = CARTESIAN_POINT ( 'NONE',  ( 15.90000000000005720, 398.5000000000000000, 15.90000000000000036 ) ) ;
#4074 = CC_DESIGN_DATE_AND_TIME_ASSIGNMENT ( #3205, #1585, ( #2705 ) ) ;
#4075 = LOCAL_TIME ( 8, 52, 31.00000000000000000, #1703 ) ;
#4076 = AXIS2_PLACEMENT_3D ( 'NONE', #1557, #4160, #808 ) ;
#4077 = ORIENTED_EDGE ( 'NONE', *, *, #641, .T. ) ;
#4078 = CARTESIAN_POINT ( 'NONE',  ( 870.0000000000001137, -778.0000000000000000, 1140.192835008725751 ) ) ;
#4079 = LINE ( 'NONE', #1962, #2227 ) ;
#4080 = EDGE_LOOP ( 'NONE', ( #2716, #4626, #4509, #804 ) ) ;
#4081 = CARTESIAN_POINT ( 'NONE',  ( 802.0000000000000000, -270.9999999999998863, 249.9999999999999716 ) ) ;
#4082 = ORIENTED_EDGE ( 'NONE', *, *, #2220, .F. ) ;
#4083 = VECTOR ( 'NONE', #677, 1000.000000000000000 ) ;
#4084 = EDGE_CURVE ( 'NONE', #2259, #2078, #3817, .T. ) ;
#4085 = DIRECTION ( 'NONE',  ( 0.000000000000000000, -1.000000000000000000, 1.228122814850837064E-16 ) ) ;
#4086 = DIRECTION ( 'NONE',  ( -0.000000000000000000, 1.000000000000000000, 0.000000000000000000 ) ) ;
#4087 = DIRECTION ( 'NONE',  ( 0.000000000000000000, 0.000000000000000000, 1.000000000000000000 ) ) ;
#4088 = FACE_OUTER_BOUND ( 'NONE', #4433, .T. ) ;
#4089 = ORIENTED_EDGE ( 'NONE', *, *, #1282, .F. ) ;
#4090 = LINE ( 'NONE', #33, #1944 ) ;
#4091 = ADVANCED_FACE ( 'NONE', ( #2308 ), #2009, .F. ) ;
#4092 = CARTESIAN_POINT ( 'NONE',  ( 878.0000000000002274, -749.5000000000000000, 324.7999999999999545 ) ) ;
#4093 = ORIENTED_EDGE ( 'NONE', *, *, #730, .F. ) ;
#4094 = CARTESIAN_POINT ( 'NONE',  ( 870.0000000000000000, -99.99999999999992895, 300.0000000000000000 ) ) ;
#4095 = AXIS2_PLACEMENT_3D ( 'NONE', #4694, #2843, #624 ) ;
#4096 = ORIENTED_EDGE ( 'NONE', *, *, #3533, .T. ) ;
#4097 = EDGE_LOOP ( 'NONE', ( #615, #3885, #463, #2833 ) ) ;
#4098 = CARTESIAN_POINT ( 'NONE',  ( 802.0000000000000000, -170.9999999999999716, 90.00000000000000000 ) ) ;
#4099 = CARTESIAN_POINT ( 'NONE',  ( 30.00000000000001066, -749.5000000000000000, 316.7999999999999545 ) ) ;
#4100 = ORIENTED_EDGE ( 'NONE', *, *, #3684, .F. ) ;
#4101 = ORIENTED_EDGE ( 'NONE', *, *, #4179, .T. ) ;
#4102 = MANIFOLD_SOLID_BREP ( '倒角1', #2017 ) ;
#4103 = LINE ( 'NONE', #236, #1141 ) ;
#4104 = AXIS2_PLACEMENT_3D ( 'NONE', #4143, #1920, #2329 ) ;
#4105 = ORIENTED_EDGE ( 'NONE', *, *, #3680, .F. ) ;
#4106 = EDGE_LOOP ( 'NONE', ( #733, #551, #835, #3939 ) ) ;
#4107 = VECTOR ( 'NONE', #3980, 1000.000000000000000 ) ;
#4108 = VERTEX_POINT ( 'NONE', #3146 ) ;
#4109 = DIRECTION ( 'NONE',  ( -0.000000000000000000, -0.000000000000000000, -1.000000000000000000 ) ) ;
#4110 = AXIS2_PLACEMENT_3D ( 'NONE', #4063, #2596, #1460 ) ;
#4111 = EDGE_CURVE ( 'NONE', #2279, #962, #2493, .T. ) ;
#4112 = APPROVAL_PERSON_ORGANIZATION ( #4468, #2217, #2420 ) ;
#4113 = ADVANCED_FACE ( 'NONE', ( #391 ), #2835, .T. ) ;
#4114 = CARTESIAN_POINT ( 'NONE',  ( 870.0000000000000000, -99.99999999999992895, 300.0000000000000000 ) ) ;
#4115 = CARTESIAN_POINT ( 'NONE',  ( 30.00000000000005329, -18.00000000000000000, -0.000000000000000000 ) ) ;
#4116 = EDGE_CURVE ( 'NONE', #2850, #1961, #281, .T. ) ;
#4117 = LINE ( 'NONE', #2695, #533 ) ;
#4118 = CARTESIAN_POINT ( 'NONE',  ( 900.0000000000001137, -777.9999999999998863, 300.0000000000000000 ) ) ;
#4119 = CARTESIAN_POINT ( 'NONE',  ( 15.90000000000005720, 350.0000000000000000, 15.90000000000000036 ) ) ;
#4120 = AXIS2_PLACEMENT_3D ( 'NONE', #4725, #3960, #1735 ) ;
#4121 = CIRCLE ( 'NONE', #2286, 15.00000000000000000 ) ;
#4122 = CARTESIAN_POINT ( 'NONE',  ( 0.000000000000000000, 0.000000000000000000, 0.000000000000000000 ) ) ;
#4123 = APPROVAL_PERSON_ORGANIZATION ( #1410, #4269, #2190 ) ;
#4124 = VECTOR ( 'NONE', #2756, 1000.000000000000000 ) ;
#4125 = ADVANCED_FACE ( 'NONE', ( #2126 ), #4197, .T. ) ;
#4126 = CIRCLE ( 'NONE', #337, 7.500000000000007105 ) ;
#4127 = DIRECTION ( 'NONE',  ( 1.000000000000000000, 1.306212789964399565E-16, -0.000000000000000000 ) ) ;
#4128 = CARTESIAN_POINT ( 'NONE',  ( 98.00000000000004263, -603.0000000000000000, 99.99999999999998579 ) ) ;
#4129 = EDGE_CURVE ( 'NONE', #1555, #4665, #3921, .T. ) ;
#4130 = ORIENTED_EDGE ( 'NONE', *, *, #1782, .F. ) ;
#4131 = DIRECTION ( 'NONE',  ( 0.000000000000000000, 1.000000000000000000, -0.000000000000000000 ) ) ;
#4132 = ADVANCED_FACE ( 'NONE', ( #4216 ), #2664, .T. ) ;
#4133 = ORIENTED_EDGE ( 'NONE', *, *, #2134, .F. ) ;
#4134 = ORIENTED_EDGE ( 'NONE', *, *, #4297, .T. ) ;
#4135 = AXIS2_PLACEMENT_3D ( 'NONE', #4268, #2076, #2411 ) ;
#4136 = EDGE_CURVE ( 'NONE', #4447, #3637, #3575, .T. ) ;
#4137 = VECTOR ( 'NONE', #4772, 1000.000000000000000 ) ;
#4138 = ORIENTED_EDGE ( 'NONE', *, *, #3646, .T. ) ;
#4139 = LINE ( 'NONE', #1702, #3168 ) ;
#4140 = FACE_OUTER_BOUND ( 'NONE', #4281, .T. ) ;
#4141 = AXIS2_PLACEMENT_3D ( 'NONE', #3202, #985, #1788 ) ;
#4142 = ORIENTED_EDGE ( 'NONE', *, *, #2575, .T. ) ;
#4143 = CARTESIAN_POINT ( 'NONE',  ( 98.00000000000004263, -220.9999999999999432, -0.001000000000001000089 ) ) ;
#4144 = EDGE_CURVE ( 'NONE', #1533, #1138, #3223, .T. ) ;
#4145 = DIRECTION ( 'NONE',  ( 0.000000000000000000, -1.000000000000000000, 0.000000000000000000 ) ) ;
#4146 = DIRECTION ( 'NONE',  ( -2.612425579928799129E-16, 1.000000000000000000, -0.000000000000000000 ) ) ;
#4147 = VECTOR ( 'NONE', #2515, 1000.000000000000000 ) ;
#4148 = CIRCLE ( 'NONE', #3026, 6.000000000000005329 ) ;
#4149 = DIRECTION ( 'NONE',  ( -0.000000000000000000, -1.000000000000000000, -0.000000000000000000 ) ) ;
#4150 = VERTEX_POINT ( 'NONE', #4576 ) ;
#4151 = DIRECTION ( 'NONE',  ( 1.000000000000000000, 2.612425579928799129E-16, 0.000000000000000000 ) ) ;
#4152 = CARTESIAN_POINT ( 'NONE',  ( 832.0000000000001137, -622.9999999999998863, 90.00000000000005684 ) ) ;
#4153 = ADVANCED_FACE ( 'NONE', ( #1129 ), #1476, .T. ) ;
#4154 = CARTESIAN_POINT ( 'NONE',  ( 894.8000000000002956, -749.5000000000000000, 316.7999999999999545 ) ) ;
#4155 = VECTOR ( 'NONE', #4668, 1000.000000000000000 ) ;
#4156 = APPROVAL_ROLE ( '' ) ;
#4157 = EDGE_LOOP ( 'NONE', ( #799, #288, #2284, #3751 ) ) ;
#4158 = ORIENTED_EDGE ( 'NONE', *, *, #3958, .F. ) ;
#4159 = AXIS2_PLACEMENT_3D ( 'NONE', #3286, #1365, #1777 ) ;
#4160 = DIRECTION ( 'NONE',  ( -0.000000000000000000, 1.000000000000000000, -0.000000000000000000 ) ) ;
#4161 = LINE ( 'NONE', #3230, #3483 ) ;
#4162 = EDGE_LOOP ( 'NONE', ( #1903, #1022, #2899, #2111 ) ) ;
#4163 = VERTEX_POINT ( 'NONE', #3919 ) ;
#4164 = CARTESIAN_POINT ( 'NONE',  ( 15.90000000000000036, -700.0000000000000000, 316.0000000000000000 ) ) ;
#4165 = PLANE ( 'NONE',  #1344 ) ;
#4166 = CARTESIAN_POINT ( 'NONE',  ( 22.00000000000000711, -749.5000000000000000, 324.7999999999999545 ) ) ;
#4167 = LINE ( 'NONE', #3780, #630 ) ;
#4168 = EDGE_LOOP ( 'NONE', ( #1215, #638, #4732, #839 ) ) ;
#4169 = DIRECTION ( 'NONE',  ( -1.000000000000000000, 0.000000000000000000, -1.604189728405243611E-32 ) ) ;
#4170 = CC_DESIGN_SECURITY_CLASSIFICATION ( #29, ( #2447 ) ) ;
#4171 = AXIS2_PLACEMENT_3D ( 'NONE', #1144, #2962, #2222 ) ;
#4172 = FACE_OUTER_BOUND ( 'NONE', #4697, .T. ) ;
#4173 = DIRECTION ( 'NONE',  ( 1.000000000000000000, 1.306212789964399565E-16, -0.000000000000000000 ) ) ;
#4174 = DATE_TIME_ROLE ( 'classification_date' ) ;
#4175 = CARTESIAN_POINT ( 'NONE',  ( 870.0000000000000000, -18.00000000000000000, 300.0000000000000000 ) ) ;
#4176 = ITEM_DEFINED_TRANSFORMATION ( 'NONE', 'NONE', #4448,  #2966 ) ;
#4177 = VECTOR ( 'NONE', #4248, 1000.000000000000000 ) ;
#4178 = AXIS2_PLACEMENT_3D ( 'NONE', #4345, #1833, #74 ) ;
#4179 = EDGE_CURVE ( 'NONE', #3391, #4523, #4568, .T. ) ;
#4180 = ADVANCED_FACE ( 'NONE', ( #610 ), #254, .F. ) ;
#4181 = DIRECTION ( 'NONE',  ( -1.306212789964399565E-16, 1.000000000000000000, -0.000000000000000000 ) ) ;
#4182 = DIRECTION ( 'NONE',  ( -0.000000000000000000, 0.000000000000000000, 1.000000000000000000 ) ) ;
#4183 = CARTESIAN_POINT ( 'NONE',  ( 98.00000000000004263, -220.9999999999999432, 249.9999999999999716 ) ) ;
#4184 = PLANE ( 'NONE',  #3456 ) ;
#4185 = VECTOR ( 'NONE', #1572, 1000.000000000000000 ) ;
#4186 = DIRECTION ( 'NONE',  ( 0.8766959486683413294, 0.000000000000000000, 0.4810449184728148309 ) ) ;
#4187 = CARTESIAN_POINT ( 'NONE',  ( 457.5000000000001137, -663.9999999999997726, 170.2626247408100824 ) ) ;
#4188 = FACE_OUTER_BOUND ( 'NONE', #1538, .T. ) ;
#4189 = ADVANCED_FACE ( 'NONE', ( #2484 ), #3563, .F. ) ;
#4190 = CIRCLE ( 'NONE', #3502, 5.000000000000000000 ) ;
#4191 = AXIS2_PLACEMENT_3D ( 'NONE', #104, #2747, #1922 ) ;
#4192 = ORIENTED_EDGE ( 'NONE', *, *, #1117, .F. ) ;
#4193 = DIRECTION ( 'NONE',  ( -2.612425579928799129E-16, 1.000000000000000000, -0.000000000000000000 ) ) ;
#4194 = ORIENTED_EDGE ( 'NONE', *, *, #3901, .F. ) ;
#4195 = LINE ( 'NONE', #2510, #4072 ) ;
#4196 = DIRECTION ( 'NONE',  ( 0.000000000000000000, 0.000000000000000000, -1.000000000000000000 ) ) ;
#4197 = PLANE ( 'NONE',  #4659 ) ;
#4198 = SHAPE_DEFINITION_REPRESENTATION ( #1567, #1013 ) ;
#4199 = VERTEX_POINT ( 'NONE', #1294 ) ;
#4200 = ORIENTED_EDGE ( 'NONE', *, *, #3596, .T. ) ;
#4201 = PLANE ( 'NONE',  #955 ) ;
#4202 = AXIS2_PLACEMENT_3D ( 'NONE', #2095, #602, #3956 ) ;
#4203 = LINE ( 'NONE', #3516, #2657 ) ;
#4204 = ORIENTED_EDGE ( 'NONE', *, *, #1290, .T. ) ;
#4205 = DIRECTION ( 'NONE',  ( 1.000000000000000000, 0.000000000000000000, 0.000000000000000000 ) ) ;
#4206 = PRODUCT_DEFINITION_SHAPE ( 'NONE', 'NONE',  #4790 ) ;
#4207 = CARTESIAN_POINT ( 'NONE',  ( 22.00000000000000711, -100.0000000000000284, 316.7999999999999545 ) ) ;
#4208 = CIRCLE ( 'NONE', #389, 15.00000000000000000 ) ;
#4209 = DIRECTION ( 'NONE',  ( -0.000000000000000000, -1.000000000000000000, -0.000000000000000000 ) ) ;
#4210 = ADVANCED_FACE ( 'NONE', ( #4140 ), #2069, .T. ) ;
#4211 = ORIENTED_EDGE ( 'NONE', *, *, #1539, .T. ) ;
#4212 = CC_DESIGN_PERSON_AND_ORGANIZATION_ASSIGNMENT ( #2636, #4632, ( #3652 ) ) ;
#4213 = AXIS2_PLACEMENT_3D ( 'NONE', #3696, #2929, #3682 ) ;
#4214 = EDGE_CURVE ( 'NONE', #2897, #3403, #3632, .T. ) ;
#4215 = CARTESIAN_POINT ( 'NONE',  ( 30.00000000000005329, -18.00000000000000000, -0.000000000000000000 ) ) ;
#4216 = FACE_OUTER_BOUND ( 'NONE', #2455, .T. ) ;
#4217 = ORIENTED_EDGE ( 'NONE', *, *, #583, .F. ) ;
#4218 = DIRECTION ( 'NONE',  ( -0.000000000000000000, -0.000000000000000000, -1.000000000000000000 ) ) ;
#4219 = EDGE_CURVE ( 'NONE', #944, #458, #1069, .T. ) ;
#4220 = LINE ( 'NONE', #1337, #737 ) ;
#4221 = DIRECTION ( 'NONE',  ( -1.000000000000000000, 0.000000000000000000, 0.000000000000000000 ) ) ;
#4222 = ORIENTED_EDGE ( 'NONE', *, *, #694, .F. ) ;
#4223 = FACE_OUTER_BOUND ( 'NONE', #738, .T. ) ;
#4224 = VERTEX_POINT ( 'NONE', #4700 ) ;
#4225 = CARTESIAN_POINT ( 'NONE',  ( 870.0000000000001137, -778.0000000000000000, 20.00000000000000000 ) ) ;
#4226 = EDGE_LOOP ( 'NONE', ( #2, #183, #1923, #66 ) ) ;
#4227 = DIRECTION ( 'NONE',  ( -0.000000000000000000, 1.000000000000000000, -0.000000000000000000 ) ) ;
#4228 = FACE_OUTER_BOUND ( 'NONE', #2044, .T. ) ;
#4229 = VERTEX_POINT ( 'NONE', #272 ) ;
#4230 = DIRECTION ( 'NONE',  ( -1.000000000000000000, 0.000000000000000000, 0.000000000000000000 ) ) ;
#4231 = EDGE_LOOP ( 'NONE', ( #2418, #1034 ) ) ;
#4232 = DIRECTION ( 'NONE',  ( 0.000000000000000000, -1.000000000000000000, 0.000000000000000000 ) ) ;
#4233 = LINE ( 'NONE', #1452, #3087 ) ;
#4234 = ADVANCED_FACE ( 'NONE', ( #2179, #4383 ), #1728, .T. ) ;
#4235 = ORIENTED_EDGE ( 'NONE', *, *, #2054, .T. ) ;
#4236 = CARTESIAN_POINT ( 'NONE',  ( 98.00000000000004263, -603.0000000000000000, 239.9999999999999716 ) ) ;
#4237 = CARTESIAN_POINT ( 'NONE',  ( -0.001999999999932611239, -548.0000000000000000, 155.0000000000000284 ) ) ;
#4238 = DIRECTION ( 'NONE',  ( 2.612425579928799129E-16, -1.000000000000000000, 0.000000000000000000 ) ) ;
#4239 = LINE ( 'NONE', #611, #1095 ) ;
#4240 = CARTESIAN_POINT ( 'NONE',  ( 573.0186795112783784, 239.3928571428572525, 153.5999999999999659 ) ) ;
#4241 = APPROVAL ( #489, '未指定' ) ;
#4242 = AXIS2_PLACEMENT_3D ( 'NONE', #3972, #2517, #4362 ) ;
#4243 = EDGE_CURVE ( 'NONE', #4747, #2025, #47, .T. ) ;
#4244 = CARTESIAN_POINT ( 'NONE',  ( 0.000000000000000000, 0.000000000000000000, -1.500000000000000000 ) ) ;
#4245 = DATE_AND_TIME ( #4471, #4357 ) ;
#4246 = DATE_TIME_ROLE ( 'classification_date' ) ;
#4247 = LINE ( 'NONE', #1443, #3723 ) ;
#4248 = DIRECTION ( 'NONE',  ( -0.000000000000000000, -0.000000000000000000, 1.000000000000000000 ) ) ;
#4249 = CALENDAR_DATE ( 2026, 5, 6 ) ;
#4250 = AXIS2_PLACEMENT_3D ( 'NONE', #4604, #1424, #692 ) ;
#4251 = EDGE_CURVE ( 'NONE', #3241, #724, #3401, .T. ) ;
#4252 = VECTOR ( 'NONE', #4001, 1000.000000000000000 ) ;
#4253 = CARTESIAN_POINT ( 'NONE',  ( -0.000000000000000000, 350.0000000000000000, 0.000000000000000000 ) ) ;
#4254 = CARTESIAN_POINT ( 'NONE',  ( 802.0000000000000000, -220.9999999999999432, 90.00000000000000000 ) ) ;
#4255 = PERSON_AND_ORGANIZATION ( #1525, #4321 ) ;
#4256 = EDGE_LOOP ( 'NONE', ( #2136, #3184, #3318, #2837 ) ) ;
#4257 = LINE ( 'NONE', #3217, #1582 ) ;
#4258 = CARTESIAN_POINT ( 'NONE',  ( 878.0000000000000000, -99.99999999999992895, 324.7999999999999545 ) ) ;
#4259 = PERSON_AND_ORGANIZATION ( #1525, #4321 ) ;
#4260 = EDGE_LOOP ( 'NONE', ( #1897, #1490, #4495, #1269, #2877, #1179, #2594, #134 ) ) ;
#4261 = EDGE_LOOP ( 'NONE', ( #1711, #1764, #4721, #2073 ) ) ;
#4262 =( REPRESENTATION_RELATIONSHIP ('NONE','NONE', #2701, #1013 ) REPRESENTATION_RELATIONSHIP_WITH_TRANSFORMATION ( #3604 )SHAPE_REPRESENTATION_RELATIONSHIP( ) );
#4263 = DIRECTION ( 'NONE',  ( 0.000000000000000000, 1.000000000000000000, 0.000000000000000000 ) ) ;
#4264 = ORIENTED_EDGE ( 'NONE', *, *, #4489, .T. ) ;
#4265 = FACE_OUTER_BOUND ( 'NONE', #3340, .T. ) ;
#4266 = VERTEX_POINT ( 'NONE', #2184 ) ;
#4267 = CARTESIAN_POINT ( 'NONE',  ( 22.00000000000000711, -749.5000000000000000, 316.7999999999999545 ) ) ;
#4268 = CARTESIAN_POINT ( 'NONE',  ( 0.000000000000000000, -250.9999999999999432, 0.000000000000000000 ) ) ;
#4269 = APPROVAL ( #4354, '未指定' ) ;
#4270 = EDGE_CURVE ( 'NONE', #1887, #686, #3570, .T. ) ;
#4271 = LINE ( 'NONE', #3140, #1006 ) ;
#4272 = APPLICATION_PROTOCOL_DEFINITION ( 'international standard', 'config_control_design', 1994, #1674 ) ;
#4273 = EDGE_LOOP ( 'NONE', ( #864, #1731, #2544, #3228 ) ) ;
#4274 = ORIENTED_EDGE ( 'NONE', *, *, #1042, .T. ) ;
#4275 = CARTESIAN_POINT ( 'NONE',  ( 455.5809910693924394, -665.5270103657034042, 164.9683443291337142 ) ) ;
#4276 = AXIS2_PLACEMENT_3D ( 'NONE', #3106, #4560, #2392 ) ;
#4277 = VERTEX_POINT ( 'NONE', #2939 ) ;
#4278 = EDGE_CURVE ( 'NONE', #1961, #919, #3169, .T. ) ;
#4279 = DIRECTION ( 'NONE',  ( -0.000000000000000000, 0.000000000000000000, 1.000000000000000000 ) ) ;
#4280 = ORIENTED_EDGE ( 'NONE', *, *, #37, .F. ) ;
#4281 = EDGE_LOOP ( 'NONE', ( #501, #1502, #2782, #1474 ) ) ;
#4282 = EDGE_CURVE ( 'NONE', #4587, #2062, #446, .T. ) ;
#4283 = DIRECTION ( 'NONE',  ( 1.000000000000000000, 0.000000000000000000, 3.942553354492743901E-17 ) ) ;
#4284 = CARTESIAN_POINT ( 'NONE',  ( 13.20000000000000639, -749.5000000000000000, 324.7999999999999545 ) ) ;
#4285 = PRODUCT_DEFINITION_SHAPE ( 'NONE', 'NONE',  #3925 ) ;
#4286 = LINE ( 'NONE', #264, #1025 ) ;
#4287 = ORIENTED_EDGE ( 'NONE', *, *, #916, .T. ) ;
#4288 = ORIENTED_EDGE ( 'NONE', *, *, #1667, .T. ) ;
#4289 = SECURITY_CLASSIFICATION_LEVEL ( 'unclassified' ) ;
#4290 = AXIS2_PLACEMENT_3D ( 'NONE', #918, #4227, #2003 ) ;
#4291 = CARTESIAN_POINT ( 'NONE',  ( 456.6639349014170079, -664.6841858988879039, 166.5500448023243507 ) ) ;
#4292 = ORIENTED_EDGE ( 'NONE', *, *, #855, .T. ) ;
#4293 = CARTESIAN_POINT ( 'NONE',  ( 870.0000000000001137, -760.0000000000000000, 1140.192835008725751 ) ) ;
#4294 = CARTESIAN_POINT ( 'NONE',  ( 870.0000000000000000, -18.00000000000000000, 2.000000000000000000 ) ) ;
#4295 = VECTOR ( 'NONE', #2542, 1000.000000000000000 ) ;
#4296 = SHAPE_REPRESENTATION ( '吊柜16-柜门_吊柜16-柜门', ( #2966 ), #1860 ) ;
#4297 = EDGE_CURVE ( 'NONE', #2604, #2123, #2943, .T. ) ;
#4298 = CARTESIAN_POINT ( 'NONE',  ( 30.00000000000009592, -778.0000000000000000, 20.00000000000001776 ) ) ;
#4299 = FACE_OUTER_BOUND ( 'NONE', #4226, .T. ) ;
#4300 = APPROVAL_DATE_TIME ( #2860, #970 ) ;
#4301 = APPLICATION_PROTOCOL_DEFINITION ( 'international standard', 'config_control_design', 1994, #3927 ) ;
#4302 = CC_DESIGN_DATE_AND_TIME_ASSIGNMENT ( #80, #2767, ( #3069 ) ) ;
#4303 = EDGE_CURVE ( 'NONE', #2450, #996, #838, .T. ) ;
#4304 = CARTESIAN_POINT ( 'NONE',  ( 448.9561874772705892, -667.9232480595100014, 177.4316201277053722 ) ) ;
#4305 = CARTESIAN_POINT ( 'NONE',  ( 450.0041052916355397, -668.0457078243279057, 162.4864246101112712 ) ) ;
#4306 = PLANE ( 'NONE',  #4690 ) ;
#4307 = VECTOR ( 'NONE', #1172, 1000.000000000000000 ) ;
#4308 = ITEM_DEFINED_TRANSFORMATION ( 'NONE', 'NONE', #2028,  #2966 ) ;
#4309 = SECURITY_CLASSIFICATION_LEVEL ( 'unclassified' ) ;
#4310 = DIRECTION ( 'NONE',  ( -1.000000000000000000, 0.000000000000000000, -0.000000000000000000 ) ) ;
#4311 = FACE_OUTER_BOUND ( 'NONE', #271, .T. ) ;
#4312 = FACE_BOUND ( 'NONE', #4162, .T. ) ;
#4313 = DIRECTION ( 'NONE',  ( 0.000000000000000000, 0.000000000000000000, 1.000000000000000000 ) ) ;
#4314 = EDGE_CURVE ( 'NONE', #3207, #2631, #1185, .T. ) ;
#4315 = APPROVAL_DATE_TIME ( #4548, #2246 ) ;
#4316 = ORIENTED_EDGE ( 'NONE', *, *, #3722, .T. ) ;
#4317 = VERTEX_POINT ( 'NONE', #1090 ) ;
#4318 = VECTOR ( 'NONE', #751, 1000.000000000000000 ) ;
#4319 = DIRECTION ( 'NONE',  ( 0.000000000000000000, 0.000000000000000000, 1.000000000000000000 ) ) ;
#4320 = DIRECTION ( 'NONE',  ( -1.000000000000000000, 0.000000000000000000, -1.604189728405243611E-32 ) ) ;
#4321 = ORGANIZATION ( '未指定', '未指定', '' ) ;
#4322 = VERTEX_POINT ( 'NONE', #2623 ) ;
#4323 = FACE_OUTER_BOUND ( 'NONE', #2562, .T. ) ;
#4324 = CARTESIAN_POINT ( 'NONE',  ( 573.0186795112782647, -557.6071428571432307, 153.6000000000000512 ) ) ;
#4325 = CARTESIAN_POINT ( 'NONE',  ( 447.9709044151874764, -667.6313778180532381, 177.2244501581771772 ) ) ;
#4326 = CARTESIAN_POINT ( 'NONE',  ( 447.4954607763343120, -667.4428554288250552, 162.9146715353668071 ) ) ;
#4327 = ORIENTED_EDGE ( 'NONE', *, *, #3791, .T. ) ;
#4328 = EDGE_LOOP ( 'NONE', ( #1526, #3936, #968, #1263 ) ) ;
#4329 = AXIS2_PLACEMENT_3D ( 'NONE', #4237, #538, #4610 ) ;
#4330 = LINE ( 'NONE', #3142, #2120 ) ;
#4331 = DIRECTION ( 'NONE',  ( 1.137523590804461357E-16, 0.000000000000000000, -1.000000000000000000 ) ) ;
#4332 = VERTEX_POINT ( 'NONE', #1489 ) ;
#4333 = LINE ( 'NONE', #2107, #2181 ) ;
#4334 = DIRECTION ( 'NONE',  ( 1.228122814850837064E-16, -1.000000000000000000, 0.000000000000000000 ) ) ;
#4335 = CARTESIAN_POINT ( 'NONE',  ( 6.450000000000001066, 0.000000000000000000, -1.500000000000000000 ) ) ;
#4336 = ORIENTED_EDGE ( 'NONE', *, *, #2742, .T. ) ;
#4337 = PRODUCT_DEFINITION_FORMATION_WITH_SPECIFIED_SOURCE ( '任何', '', #3636, .NOT_KNOWN. ) ;
#4338 = AXIS2_PLACEMENT_3D ( 'NONE', #4711, #658, #3671 ) ;
#4339 = MECHANICAL_CONTEXT ( 'NONE', #1321, 'mechanical' ) ;
#4340 = VERTEX_POINT ( 'NONE', #2565 ) ;
#4341 = CARTESIAN_POINT ( 'NONE',  ( 443.0292051547632468, -664.4362066869308592, 167.2215138805410106 ) ) ;
#4342 = DIRECTION ( 'NONE',  ( -0.000000000000000000, 1.000000000000000000, -0.000000000000000000 ) ) ;
#4343 = EDGE_CURVE ( 'NONE', #1138, #1533, #224, .T. ) ;
#4344 = ORIENTED_EDGE ( 'NONE', *, *, #3757, .F. ) ;
#4345 = CARTESIAN_POINT ( 'NONE',  ( 832.0000000000001137, 1.051628552449277305E-13, 0.000000000000000000 ) ) ;
#4346 = ORIENTED_EDGE ( 'NONE', *, *, #1266, .F. ) ;
#4347 = FACE_OUTER_BOUND ( 'NONE', #3361, .T. ) ;
#4348 = VERTEX_POINT ( 'NONE', #4044 ) ;
#4349 = ORIENTED_EDGE ( 'NONE', *, *, #1729, .F. ) ;
#4350 = DIRECTION ( 'NONE',  ( 0.000000000000000000, 0.000000000000000000, 1.000000000000000000 ) ) ;
#4351 = MANIFOLD_SOLID_BREP ( '凸台-拉伸6', #571 ) ;
#4352 = FACE_OUTER_BOUND ( 'NONE', #3594, .T. ) ;
#4353 = VERTEX_POINT ( 'NONE', #3693 ) ;
#4354 = APPROVAL_STATUS ( 'not_yet_approved' ) ;
#4355 = AXIS2_PLACEMENT_3D ( 'NONE', #2505, #3557, #577 ) ;
#4356 = PLANE ( 'NONE',  #1570 ) ;
#4357 = LOCAL_TIME ( 8, 52, 31.00000000000000000, #306 ) ;
#4358 = AXIS2_PLACEMENT_3D ( 'NONE', #436, #482, #1206 ) ;
#4359 = VECTOR ( 'NONE', #2265, 1000.000000000000000 ) ;
#4360 = CARTESIAN_POINT ( 'NONE',  ( 7.961735002956730495E-14, 400.0000000000000000, 15.00000000000000000 ) ) ;
#4361 = CARTESIAN_POINT ( 'NONE',  ( 832.0000000000001137, -366.9999999999999432, 155.0000000000000284 ) ) ;
#4362 = DIRECTION ( 'NONE',  ( 1.000000000000000000, 0.000000000000000000, -0.000000000000000000 ) ) ;
#4363 = LINE ( 'NONE', #2274, #259 ) ;
#4364 = EDGE_CURVE ( 'NONE', #2850, #2911, #952, .T. ) ;
#4365 = CARTESIAN_POINT ( 'NONE',  ( 456.6597436732615733, -664.6875446744722922, 173.4580093202987428 ) ) ;
#4366 = CARTESIAN_POINT ( 'NONE',  ( 894.8000000000000682, -99.99999999999992895, 316.7999999999999545 ) ) ;
#4367 = ORIENTED_EDGE ( 'NONE', *, *, #3540, .F. ) ;
#4368 = CARTESIAN_POINT ( 'NONE',  ( -6.450000000000001066, 7.898971854500429678E-16, 0.000000000000000000 ) ) ;
#4369 = VECTOR ( 'NONE', #673, 1000.000000000000000 ) ;
#4370 = LINE ( 'NONE', #2032, #2164 ) ;
#4371 = ORIENTED_EDGE ( 'NONE', *, *, #1687, .T. ) ;
#4372 = CYLINDRICAL_SURFACE ( 'NONE', #125, 5.049999999999998934 ) ;
#4373 = ORIENTED_EDGE ( 'NONE', *, *, #1631, .T. ) ;
#4374 = EDGE_CURVE ( 'NONE', #3111, #2147, #109, .T. ) ;
#4375 = ADVANCED_FACE ( 'NONE', ( #3058 ), #4407, .F. ) ;
#4376 = EDGE_LOOP ( 'NONE', ( #4533, #2621, #3874, #1136 ) ) ;
#4377 = DIRECTION ( 'NONE',  ( -1.306212789964399565E-16, 1.000000000000000000, -0.000000000000000000 ) ) ;
#4378 = FACE_OUTER_BOUND ( 'NONE', #45, .T. ) ;
#4379 = EDGE_LOOP ( 'NONE', ( #3544, #3074, #2083, #3759 ) ) ;
#4380 = ADVANCED_FACE ( 'NONE', ( #1656, #3918 ), #4420, .T. ) ;
#4381 = DIRECTION ( 'NONE',  ( 0.000000000000000000, 0.000000000000000000, 1.000000000000000000 ) ) ;
#4382 = CARTESIAN_POINT ( 'NONE',  ( 15.90000000000000036, -100.0000000000000284, 316.0000000000000000 ) ) ;
#4383 = FACE_OUTER_BOUND ( 'NONE', #3889, .T. ) ;
#4384 = ORIENTED_EDGE ( 'NONE', *, *, #3282, .T. ) ;
#4385 = EDGE_CURVE ( 'NONE', #4687, #4332, #2060, .T. ) ;
#4386 = FACE_OUTER_BOUND ( 'NONE', #402, .T. ) ;
#4387 = ORIENTED_EDGE ( 'NONE', *, *, #4637, .F. ) ;
#4388 = EDGE_LOOP ( 'NONE', ( #3289, #4158, #4053, #1507 ) ) ;
#4389 = DIRECTION ( 'NONE',  ( 0.000000000000000000, 0.000000000000000000, 1.000000000000000000 ) ) ;
#4390 = CC_DESIGN_PERSON_AND_ORGANIZATION_ASSIGNMENT ( #1984, #3457, ( #3306 ) ) ;
#4391 = LINE ( 'NONE', #2994, #856 ) ;
#4392 = ORIENTED_EDGE ( 'NONE', *, *, #479, .F. ) ;
#4393 = EDGE_CURVE ( 'NONE', #2794, #4277, #4028, .T. ) ;
#4394 = ORIENTED_EDGE ( 'NONE', *, *, #2816, .T. ) ;
#4395 = PERSON_AND_ORGANIZATION_ROLE ( 'design_owner' ) ;
#4396 = CYLINDRICAL_SURFACE ( 'NONE', #869, 6.500000000000005329 ) ;
#4397 = CARTESIAN_POINT ( 'NONE',  ( 22.00000000000000711, -100.0000000000000284, 324.7999999999999545 ) ) ;
#4398 = DIRECTION ( 'NONE',  ( 0.000000000000000000, -0.000000000000000000, -1.000000000000000000 ) ) ;
#4399 = ORIENTED_EDGE ( 'NONE', *, *, #1097, .T. ) ;
#4400 = CARTESIAN_POINT ( 'NONE',  ( 98.00000000000007105, -573.0000000000000000, 90.00000000000005684 ) ) ;
#4401 = ORIENTED_EDGE ( 'NONE', *, *, #343, .F. ) ;
#4402 = EDGE_CURVE ( 'NONE', #4277, #2536, #1938, .T. ) ;
#4403 = DIRECTION ( 'NONE',  ( -0.000000000000000000, -0.000000000000000000, -1.000000000000000000 ) ) ;
#4404 = VECTOR ( 'NONE', #3812, 1000.000000000000000 ) ;
#4405 = ORIENTED_EDGE ( 'NONE', *, *, #307, .T. ) ;
#4406 = CARTESIAN_POINT ( 'NONE',  ( 7.961735002956730495E-14, 400.0000000000000000, 30.00000000000000000 ) ) ;
#4407 = PLANE ( 'NONE',  #2753 ) ;
#4408 = ORIENTED_EDGE ( 'NONE', *, *, #11, .F. ) ;
#4409 = CARTESIAN_POINT ( 'NONE',  ( 9.797174393178825736E-14, -800.0000000000000000, 0.000000000000000000 ) ) ;
#4410 = CARTESIAN_POINT ( 'NONE',  ( 68.00000000000005684, -170.9999999999999716, 90.00000000000000000 ) ) ;
#4411 = B_SPLINE_CURVE_WITH_KNOTS ( 'NONE', 3,
 ( #4571, #4187, #2738, #3469, #2903, #2115, #4707, #2887, #4365, #654, #2469, #1402, #1036, #1017, #3989, #1766, #2148, #4738, #3216, #251, #1355, #2538, #4692, #308, #621, #4304, #2080, #1721, #4325, #2096, #2490, #262, #2613, #4441, #1110, #2160, #341, #1064, #1828, #4428, #2963, #3321, #320, #3273, #1048, #4016 ),
 .UNSPECIFIED., .F., .F.,
 ( 4, 2, 2, 2, 2, 2, 2, 2, 2, 2, 2, 2, 2, 2, 2, 2, 2, 2, 2, 2, 2, 2, 4 ),
 ( 0.02504430257766321333, 0.02582588417291912727, 0.02660746576817504122, 0.02817062895868698014, 0.02895221055394298429, 0.02973379214919899191, 0.03129695533971111471, 0.03286011853022323403, 0.03442328172073536030, 0.03598644491124747963, 0.03676802650650354970, 0.03754960810175961283, 0.03833118969701568290, 0.03911277129227175298, 0.03989435288752782305, 0.04067593448278389312, 0.04223909767329585979, 0.04380226086380782646, 0.04536542405431980007, 0.04692858724483177368, 0.04771016884008771886, 0.04849175043534367097, 0.05005491362585562376 ),
 .UNSPECIFIED. ) ;
#4412 = LINE ( 'NONE', #2475, #2516 ) ;
#4413 = DIRECTION ( 'NONE',  ( -1.000000000000000000, 0.000000000000000000, 0.000000000000000000 ) ) ;
#4414 = CARTESIAN_POINT ( 'NONE',  ( -0.001999999999960366814, -367.0000000000000568, 155.0000000000000284 ) ) ;
#4415 = CONTEXT_DEPENDENT_SHAPE_REPRESENTATION ( #886, #2264 ) ;
#4416 = CARTESIAN_POINT ( 'NONE',  ( 68.00000000000005684, -623.0000000000000000, 90.00000000000005684 ) ) ;
#4417 = VECTOR ( 'NONE', #1851, 1000.000000000000000 ) ;
#4418 = CARTESIAN_POINT ( 'NONE',  ( 870.0000000000000000, -366.9999999999999432, 155.0000000000000284 ) ) ;
#4419 = CONTEXT_DEPENDENT_SHAPE_REPRESENTATION ( #1973, #1012 ) ;
#4420 = PLANE ( 'NONE',  #3231 ) ;
#4421 = PRODUCT_DEFINITION_FORMATION_WITH_SPECIFIED_SOURCE ( '任何', '', #1886, .NOT_KNOWN. ) ;
#4422 = AXIS2_PLACEMENT_3D ( 'NONE', #4382, #3625, #2178 ) ;
#4423 = CIRCLE ( 'NONE', #3588, 8.000000000000007105 ) ;
#4424 = LINE ( 'NONE', #2049, #4546 ) ;
#4425 = CARTESIAN_POINT ( 'NONE',  ( 15.90000000000005720, -398.5000000000000000, 15.90000000000000036 ) ) ;
#4426 = ORIENTED_EDGE ( 'NONE', *, *, #3747, .F. ) ;
#4427 = EDGE_CURVE ( 'NONE', #2487, #4737, #1819, .T. ) ;
#4428 = CARTESIAN_POINT ( 'NONE',  ( 443.0301811096018128, -664.4370008342821166, 172.7809024616315696 ) ) ;
#4429 = CARTESIAN_POINT ( 'NONE',  ( 15.90000000000005720, -398.5000000000000000, 20.90000000000000213 ) ) ;
#4430 = DIRECTION ( 'NONE',  ( 0.000000000000000000, 0.000000000000000000, -1.000000000000000000 ) ) ;
#4431 = CARTESIAN_POINT ( 'NONE',  ( 15.90000000000005720, -506.0000000000004547, 20.90000000000000213 ) ) ;
#4432 = ORIENTED_EDGE ( 'NONE', *, *, #2100, .T. ) ;
#4433 = EDGE_LOOP ( 'NONE', ( #2990, #1991, #4426, #2668, #3417 ) ) ;
#4434 = DIRECTION ( 'NONE',  ( -1.000000000000000000, -1.228122814850837064E-16, 0.000000000000000000 ) ) ;
#4435 = LINE ( 'NONE', #1304, #2365 ) ;
#4436 = DIRECTION ( 'NONE',  ( -5.478074134663601740E-17, 1.000000000000000000, -0.000000000000000000 ) ) ;
#4437 = ORIENTED_EDGE ( 'NONE', *, *, #1792, .T. ) ;
#4438 = AXIS2_PLACEMENT_3D ( 'NONE', #4631, #4209, #3157 ) ;
#4439 = FACE_OUTER_BOUND ( 'NONE', #2242, .T. ) ;
#4440 = ORIENTED_EDGE ( 'NONE', *, *, #2803, .F. ) ;
#4441 = CARTESIAN_POINT ( 'NONE',  ( 445.4482679991477880, -666.2633943939086976, 175.9786729157507921 ) ) ;
#4442 = DIRECTION ( 'NONE',  ( -0.000000000000000000, 0.000000000000000000, -1.000000000000000000 ) ) ;
#4443 = DIRECTION ( 'NONE',  ( 1.306212789964399565E-16, -1.000000000000000000, 0.000000000000000000 ) ) ;
#4444 = ADVANCED_FACE ( 'NONE', ( #3688 ), #4562, .F. ) ;
#4445 = DIRECTION ( 'NONE',  ( 0.000000000000000000, 0.000000000000000000, -1.000000000000000000 ) ) ;
#4446 = CYLINDRICAL_SURFACE ( 'NONE', #3606, 8.000000000000007105 ) ;
#4447 = VERTEX_POINT ( 'NONE', #59 ) ;
#4448 = AXIS2_PLACEMENT_3D ( 'NONE', #502, #3099, #1647 ) ;
#4449 = EDGE_CURVE ( 'NONE', #2937, #682, #2721, .T. ) ;
#4450 = DIRECTION ( 'NONE',  ( 0.000000000000000000, -1.000000000000000000, 0.000000000000000000 ) ) ;
#4451 = CARTESIAN_POINT ( 'NONE',  ( -28.00000000000005684, 350.0000000000000000, 22.00000000000000000 ) ) ;
#4452 = CARTESIAN_POINT ( 'NONE',  ( 870.0000000000002274, -700.0000000000000000, 300.0000000000000000 ) ) ;
#4453 = FACE_BOUND ( 'NONE', #1650, .T. ) ;
#4454 = EDGE_LOOP ( 'NONE', ( #2828, #863, #194, #155 ) ) ;
#4455 = ORIENTED_EDGE ( 'NONE', *, *, #2151, .F. ) ;
#4456 = CARTESIAN_POINT ( 'NONE',  ( 30.00000000000002842, -778.0000000000000000, 279.9999999999999432 ) ) ;
#4457 = CC_DESIGN_APPROVAL ( #162, ( #629 ) ) ;
#4458 = AXIS2_PLACEMENT_3D ( 'NONE', #1112, #4086, #1856 ) ;
#4459 = CARTESIAN_POINT ( 'NONE',  ( 7.961735002956730495E-14, -400.0000000000000000, 30.00000000000000000 ) ) ;
#4460 = EDGE_CURVE ( 'NONE', #1869, #2952, #172, .T. ) ;
#4461 = VECTOR ( 'NONE', #1569, 1000.000000000000000 ) ;
#4462 = ORIENTED_EDGE ( 'NONE', *, *, #4715, .T. ) ;
#4463 = ADVANCED_FACE ( 'NONE', ( #726, #3975 ), #3744, .T. ) ;
#4464 = CARTESIAN_POINT ( 'NONE',  ( 98.00000000000004263, -250.9999999999999432, 99.99999999999998579 ) ) ;
#4465 = CARTESIAN_POINT ( 'NONE',  ( 879.0499999999999545, -99.99999999999992895, 316.0000000000000000 ) ) ;
#4466 = ORIENTED_EDGE ( 'NONE', *, *, #4243, .T. ) ;
#4467 = EDGE_CURVE ( 'NONE', #2472, #858, #2890, .T. ) ;
#4468 = PERSON_AND_ORGANIZATION ( #1400, #695 ) ;
#4469 = DIRECTION ( 'NONE',  ( 1.000000000000000000, 0.000000000000000000, -0.000000000000000000 ) ) ;
#4470 = CARTESIAN_POINT ( 'NONE',  ( 30.00000000000000355, -749.5000000000000000, 300.0000000000000000 ) ) ;
#4471 = CALENDAR_DATE ( 2026, 5, 6 ) ;
#4472 = LINE ( 'NONE', #4078, #4417 ) ;
#4473 = APPROVAL_PERSON_ORGANIZATION ( #3726, #162, #2390 ) ;
#4474 = DIRECTION ( 'NONE',  ( -0.000000000000000000, 1.000000000000000000, -0.000000000000000000 ) ) ;
#4475 = DIRECTION ( 'NONE',  ( 0.000000000000000000, 0.000000000000000000, 1.000000000000000000 ) ) ;
#4476 = CARTESIAN_POINT ( 'NONE',  ( 5.200000000000002842, -749.5000000000000000, 300.0000000000000000 ) ) ;
#4477 = VECTOR ( 'NONE', #4498, 1000.000000000000000 ) ;
#4478 = LINE ( 'NONE', #3275, #3790 ) ;
#4479 = DATE_AND_TIME ( #2347, #2868 ) ;
#4480 = CARTESIAN_POINT ( 'NONE',  ( 15.00000000000007994, -299.9999999999999432, 15.00000000000000000 ) ) ;
#4481 = VERTEX_POINT ( 'NONE', #2694 ) ;
#4482 = DIRECTION ( 'NONE',  ( 0.000000000000000000, 0.000000000000000000, -1.000000000000000000 ) ) ;
#4483 = VECTOR ( 'NONE', #2310, 1000.000000000000000 ) ;
#4484 = ADVANCED_FACE ( 'NONE', ( #1709 ), #787, .F. ) ;
#4485 = PLANE ( 'NONE',  #135 ) ;
#4486 = LINE ( 'NONE', #1908, #3796 ) ;
#4487 = CC_DESIGN_APPROVAL ( #4241, ( #3239 ) ) ;
#4488 = PERSON_AND_ORGANIZATION ( #1525, #4321 ) ;
#4489 = EDGE_CURVE ( 'NONE', #2443, #494, #3001, .T. ) ;
#4490 = ORIENTED_EDGE ( 'NONE', *, *, #764, .T. ) ;
#4491 = CARTESIAN_POINT ( 'NONE',  ( 889.1500000000002046, -700.0000000000000000, 316.0000000000000000 ) ) ;
#4492 = VECTOR ( 'NONE', #3775, 1000.000000000000000 ) ;
#4493 = ORIENTED_EDGE ( 'NONE', *, *, #1360, .F. ) ;
#4494 = CARTESIAN_POINT ( 'NONE',  ( 15.90000000000005720, 398.5000000000000000, 15.90000000000000036 ) ) ;
#4495 = ORIENTED_EDGE ( 'NONE', *, *, #4364, .F. ) ;
#4496 = AXIS2_PLACEMENT_3D ( 'NONE', #1023, #2513, #2543 ) ;
#4497 = EDGE_CURVE ( 'NONE', #962, #3519, #1652, .T. ) ;
#4498 = DIRECTION ( 'NONE',  ( -1.533457216333089173E-16, 1.000000000000000000, -0.000000000000000000 ) ) ;
#4499 = FACE_OUTER_BOUND ( 'NONE', #2297, .T. ) ;
#4500 = ORIENTED_EDGE ( 'NONE', *, *, #948, .T. ) ;
#4501 = CARTESIAN_POINT ( 'NONE',  ( 30.00000000000001066, -749.5000000000000000, 316.7999999999999545 ) ) ;
#4502 = CARTESIAN_POINT ( 'NONE',  ( 30.00000000000009592, -778.0000000000000000, 2.000000000000000000 ) ) ;
#4503 = ADVANCED_FACE ( 'NONE', ( #2172, #4265 ), #3381, .F. ) ;
#4504 = CARTESIAN_POINT ( 'NONE',  ( -6.450000000000001066, 7.898971854500429678E-16, -1.500000000000000000 ) ) ;
#4505 = ORIENTED_EDGE ( 'NONE', *, *, #2296, .T. ) ;
#4506 = CARTESIAN_POINT ( 'NONE',  ( 7.961735002956730495E-14, 400.0000000000000000, 30.00000000000000000 ) ) ;
#4507 = VECTOR ( 'NONE', #2211, 1000.000000000000000 ) ;
#4508 = ORIENTED_EDGE ( 'NONE', *, *, #2209, .F. ) ;
#4509 = ORIENTED_EDGE ( 'NONE', *, *, #3596, .F. ) ;
#4510 = CARTESIAN_POINT ( 'NONE',  ( 869.9999999999998863, -778.0000000000000000, 0.000000000000000000 ) ) ;
#4511 = VECTOR ( 'NONE', #2540, 1000.000000000000000 ) ;
#4512 = DIRECTION ( 'NONE',  ( -1.000000000000000000, -1.387778780781445676E-16, 0.000000000000000000 ) ) ;
#4513 = ORIENTED_EDGE ( 'NONE', *, *, #2886, .F. ) ;
#4514 = CARTESIAN_POINT ( 'NONE',  ( 68.00000000000009948, -367.0000000000000568, 185.0000000000000568 ) ) ;
#4515 = ORIENTED_EDGE ( 'NONE', *, *, #3367, .F. ) ;
#4516 = DIRECTION ( 'NONE',  ( -0.000000000000000000, 1.000000000000000000, -0.000000000000000000 ) ) ;
#4517 = CARTESIAN_POINT ( 'NONE',  ( 4.000000000000017764, 5.510910596163100402E-16, 120.0000000000000000 ) ) ;
#4518 = CC_DESIGN_DATE_AND_TIME_ASSIGNMENT ( #4660, #2502, ( #2383 ) ) ;
#4519 = CIRCLE ( 'NONE', #4438, 5.000000000000000888 ) ;
#4520 = EDGE_CURVE ( 'NONE', #2891, #2785, #2294, .T. ) ;
#4521 = ORIENTED_EDGE ( 'NONE', *, *, #1387, .F. ) ;
#4522 = DIRECTION ( 'NONE',  ( -0.000000000000000000, 1.000000000000000000, -0.000000000000000000 ) ) ;
#4523 = VERTEX_POINT ( 'NONE', #2642 ) ;
#4524 = VECTOR ( 'NONE', #4572, 1000.000000000000000 ) ;
#4525 = ORIENTED_EDGE ( 'NONE', *, *, #3791, .F. ) ;
#4526 = EDGE_CURVE ( 'NONE', #4163, #3683, #4616, .T. ) ;
#4527 = LINE ( 'NONE', #2909, #2624 ) ;
#4528 = ADVANCED_FACE ( 'NONE', ( #1178, #4088 ), #2245, .F. ) ;
#4529 = ORIENTED_EDGE ( 'NONE', *, *, #1233, .T. ) ;
#4530 = PLANE ( 'NONE',  #2941 ) ;
#4531 = CARTESIAN_POINT ( 'NONE',  ( 15.90000000000005720, -398.5000000000000000, 9.399999999999995026 ) ) ;
#4532 = DIRECTION ( 'NONE',  ( 0.000000000000000000, 0.000000000000000000, -1.000000000000000000 ) ) ;
#4533 = ORIENTED_EDGE ( 'NONE', *, *, #676, .F. ) ;
#4534 = EDGE_CURVE ( 'NONE', #724, #96, #4022, .T. ) ;
#4535 = CYLINDRICAL_SURFACE ( 'NONE', #429, 8.000000000000007105 ) ;
#4536 = DIRECTION ( 'NONE',  ( -0.000000000000000000, -1.000000000000000000, -0.000000000000000000 ) ) ;
#4537 = CARTESIAN_POINT ( 'NONE',  ( 886.8000000000002956, -700.0000000000000000, 324.7999999999999545 ) ) ;
#4538 = DIRECTION ( 'NONE',  ( 0.000000000000000000, 0.000000000000000000, 1.000000000000000000 ) ) ;
#4539 = ADVANCED_FACE ( 'NONE', ( #1062 ), #1309, .F. ) ;
#4540 = CARTESIAN_POINT ( 'NONE',  ( 68.00000000000009948, -367.0000000000000568, 155.0000000000000284 ) ) ;
#4541 = DIRECTION ( 'NONE',  ( 0.000000000000000000, 0.000000000000000000, 1.000000000000000000 ) ) ;
#4542 = VECTOR ( 'NONE', #2161, 1000.000000000000000 ) ;
#4543 = CARTESIAN_POINT ( 'NONE',  ( 878.0000000000000000, -50.49999999999992184, 316.7999999999999545 ) ) ;
#4544 = COORDINATED_UNIVERSAL_TIME_OFFSET ( 8, 0, .AHEAD. ) ;
#4545 = DIRECTION ( 'NONE',  ( -0.000000000000000000, 1.000000000000000000, -0.000000000000000000 ) ) ;
#4546 = VECTOR ( 'NONE', #263, 1000.000000000000000 ) ;
#4547 = DIRECTION ( 'NONE',  ( -1.000000000000000000, 0.000000000000000000, -0.000000000000000000 ) ) ;
#4548 = DATE_AND_TIME ( #3444, #713 ) ;
#4549 = EDGE_CURVE ( 'NONE', #1678, #4056, #1368, .T. ) ;
#4550 = ORIENTED_EDGE ( 'NONE', *, *, #2094, .T. ) ;
#4551 = PLANE ( 'NONE',  #3735 ) ;
#4552 = CARTESIAN_POINT ( 'NONE',  ( 22.00000000000000711, -749.5000000000000000, 324.7999999999999545 ) ) ;
#4553 = PERSON_AND_ORGANIZATION ( #1525, #4321 ) ;
#4554 = DIRECTION ( 'NONE',  ( 0.000000000000000000, 0.000000000000000000, 1.000000000000000000 ) ) ;
#4555 = EDGE_LOOP ( 'NONE', ( #2174, #2592, #2024, #3485 ) ) ;
#4556 = ADVANCED_FACE ( 'NONE', ( #2053, #1251 ), #2085, .F. ) ;
#4557 = FACE_OUTER_BOUND ( 'NONE', #382, .T. ) ;
#4558 = CC_DESIGN_APPROVAL ( #2217, ( #2916 ) ) ;
#4559 = SECURITY_CLASSIFICATION_LEVEL ( 'unclassified' ) ;
#4560 = DIRECTION ( 'NONE',  ( 2.612425579928799129E-16, -1.000000000000000000, 0.000000000000000000 ) ) ;
#4561 = ORIENTED_EDGE ( 'NONE', *, *, #649, .T. ) ;
#4562 = CYLINDRICAL_SURFACE ( 'NONE', #302, 6.500000000000005329 ) ;
#4563 = ADVANCED_FACE ( 'NONE', ( #2002 ), #4551, .T. ) ;
#4564 = EDGE_LOOP ( 'NONE', ( #3797, #2404, #3869, #908, #2712, #1876 ) ) ;
#4565 = DIRECTION ( 'NONE',  ( 1.000000000000000000, 1.306212789964399565E-16, -0.000000000000000000 ) ) ;
#4566 = EDGE_CURVE ( 'NONE', #4224, #1753, #2417, .T. ) ;
#4567 = DIRECTION ( 'NONE',  ( 0.000000000000000000, 1.000000000000000000, 0.000000000000000000 ) ) ;
#4568 = LINE ( 'NONE', #3937, #2601 ) ;
#4569 = DIRECTION ( 'NONE',  ( 0.000000000000000000, 0.000000000000000000, 1.000000000000000000 ) ) ;
#4570 = VERTEX_POINT ( 'NONE', #1547 ) ;
#4571 = CARTESIAN_POINT ( 'NONE',  ( 457.5000000000000568, -663.9999999999998863, 170.0000000000000284 ) ) ;
#4572 = DIRECTION ( 'NONE',  ( -0.000000000000000000, -0.000000000000000000, 1.000000000000000000 ) ) ;
#4573 = ORIENTED_EDGE ( 'NONE', *, *, #4613, .T. ) ;
#4574 = ORIENTED_EDGE ( 'NONE', *, *, #1813, .F. ) ;
#4575 = DIRECTION ( 'NONE',  ( 0.000000000000000000, 0.000000000000000000, 1.000000000000000000 ) ) ;
#4576 = CARTESIAN_POINT ( 'NONE',  ( 870.0000000000000000, -50.49999999999992184, 316.7999999999999545 ) ) ;
#4577 = CIRCLE ( 'NONE', #1852, 5.049999999999998934 ) ;
#4578 = EDGE_LOOP ( 'NONE', ( #3626, #3459, #394, #3236, #3358, #3002 ) ) ;
#4579 = ORIENTED_EDGE ( 'NONE', *, *, #3684, .T. ) ;
#4580 = ADVANCED_FACE ( 'NONE', ( #4378 ), #87, .F. ) ;
#4581 = DIRECTION ( 'NONE',  ( 0.000000000000000000, 1.000000000000000000, -0.000000000000000000 ) ) ;
#4582 = CARTESIAN_POINT ( 'NONE',  ( 98.00000000000004263, -220.9999999999999432, -0.001000000000001000089 ) ) ;
#4583 = EDGE_LOOP ( 'NONE', ( #3419, #3530, #1262, #128, #1882, #1785, #2528, #4508, #1730, #4432, #1901, #160 ) ) ;
#4584 = ORIENTED_EDGE ( 'NONE', *, *, #3080, .T. ) ;
#4585 = CC_DESIGN_APPROVAL ( #2762, ( #4337 ) ) ;
#4586 = DIRECTION ( 'NONE',  ( 1.000000000000000000, 0.000000000000000000, -0.000000000000000000 ) ) ;
#4587 = VERTEX_POINT ( 'NONE', #843 ) ;
#4588 = DIRECTION ( 'NONE',  ( -2.612425579928799129E-16, 1.000000000000000000, -0.000000000000000000 ) ) ;
#4589 = VECTOR ( 'NONE', #853, 1000.000000000000000 ) ;
#4590 = EDGE_CURVE ( 'NONE', #2147, #42, #4208, .T. ) ;
#4591 = APPROVAL_PERSON_ORGANIZATION ( #2636, #1125, #3559 ) ;
#4592 = DIRECTION ( 'NONE',  ( -2.612425579928799129E-16, 1.000000000000000000, 0.000000000000000000 ) ) ;
#4593 = VECTOR ( 'NONE', #1556, 1000.000000000000000 ) ;
#4594 = LOCAL_TIME ( 8, 52, 31.00000000000000000, #762 ) ;
#4595 = CARTESIAN_POINT ( 'NONE',  ( -311.0813204887218717, 240.8928571428571388, -162.3999999999999773 ) ) ;
#4596 = VECTOR ( 'NONE', #186, 1000.000000000000000 ) ;
#4597 = DIRECTION ( 'NONE',  ( -0.000000000000000000, -1.000000000000000000, -0.000000000000000000 ) ) ;
#4598 = ADVANCED_FACE ( 'NONE', ( #4499 ), #326, .T. ) ;
#4599 = VECTOR ( 'NONE', #3251, 1000.000000000000000 ) ;
#4600 = APPROVAL_PERSON_ORGANIZATION ( #86, #2762, #1990 ) ;
#4601 = AXIS2_PLACEMENT_3D ( 'NONE', #2437, #218, #868 ) ;
#4602 = PERSON_AND_ORGANIZATION_ROLE ( 'classification_officer' ) ;
#4603 = EDGE_LOOP ( 'NONE', ( #3649, #2569, #1706, #412 ) ) ;
#4604 = CARTESIAN_POINT ( 'NONE',  ( 15.00000000000007994, -350.0000000000000000, 15.00000000000000000 ) ) ;
#4605 = CIRCLE ( 'NONE', #4422, 5.049999999999998934 ) ;
#4606 = FACE_OUTER_BOUND ( 'NONE', #2786, .T. ) ;
#4607 = CARTESIAN_POINT ( 'NONE',  ( 30.00000000000004263, -367.0000000000000568, 155.0000000000000284 ) ) ;
#4608 = EDGE_LOOP ( 'NONE', ( #2766, #3648, #698, #1180 ) ) ;
#4609 = ORIENTED_EDGE ( 'NONE', *, *, #4144, .F. ) ;
#4610 = DIRECTION ( 'NONE',  ( -1.000000000000000000, -1.228122814850837064E-16, 0.000000000000000000 ) ) ;
#4611 = AXIS2_PLACEMENT_3D ( 'NONE', #900, #142, #2736 ) ;
#4612 = SHAPE_REPRESENTATION_RELATIONSHIP ( 'NONE' , 'NONE' ,  #1013, #1615 ) ;
#4613 = EDGE_CURVE ( 'NONE', #1600, #2318, #3053, .T. ) ;
#4614 = ORIENTED_EDGE ( 'NONE', *, *, #1127, .T. ) ;
#4615 = CARTESIAN_POINT ( 'NONE',  ( -301.4721718688309124, -159.3571428571429180, 132.0119202124556637 ) ) ;
#4616 = LINE ( 'NONE', #2304, #1537 ) ;
#4617 = ORIENTED_EDGE ( 'NONE', *, *, #2457, .T. ) ;
#4618 = EDGE_CURVE ( 'NONE', #3621, #3234, #1763, .T. ) ;
#4619 = VERTEX_POINT ( 'NONE', #469 ) ;
#4620 = ORIENTED_EDGE ( 'NONE', *, *, #4051, .T. ) ;
#4621 = CARTESIAN_POINT ( 'NONE',  ( 15.90000000000005720, -506.0000000000004547, 10.90000000000000036 ) ) ;
#4622 = EDGE_CURVE ( 'NONE', #54, #2476, #105, .T. ) ;
#4623 = CIRCLE ( 'NONE', #2048, 8.000000000000007105 ) ;
#4624 = DIRECTION ( 'NONE',  ( 0.000000000000000000, -0.000000000000000000, -1.000000000000000000 ) ) ;
#4625 = DIRECTION ( 'NONE',  ( -2.065146995210486914E-16, -5.395042836600973428E-32, 1.000000000000000000 ) ) ;
#4626 = ORIENTED_EDGE ( 'NONE', *, *, #3480, .F. ) ;
#4627 =( NAMED_UNIT ( * ) SI_UNIT ( $, .STERADIAN. ) SOLID_ANGLE_UNIT ( ) );
#4628 = AXIS2_PLACEMENT_3D ( 'NONE', #3310, #4430, #656 ) ;
#4629 = ORIENTED_EDGE ( 'NONE', *, *, #3110, .F. ) ;
#4630 = VERTEX_POINT ( 'NONE', #1565 ) ;
#4631 = CARTESIAN_POINT ( 'NONE',  ( 15.90000000000005720, 398.5000000000000568, 15.90000000000000036 ) ) ;
#4632 = PERSON_AND_ORGANIZATION_ROLE ( 'classification_officer' ) ;
#4633 = ORIENTED_EDGE ( 'NONE', *, *, #2764, .F. ) ;
#4634 = EDGE_LOOP ( 'NONE', ( #1470, #1257, #1673, #1790 ) ) ;
#4635 = DIRECTION ( 'NONE',  ( -1.384302765077962065E-16, 1.000000000000000000, 0.000000000000000000 ) ) ;
#4636 = LINE ( 'NONE', #1850, #3423 ) ;
#4637 = EDGE_CURVE ( 'NONE', #1600, #1536, #1003, .T. ) ;
#4638 = ORIENTED_EDGE ( 'NONE', *, *, #2547, .T. ) ;
#4639 = DIRECTION ( 'NONE',  ( -0.000000000000000000, -0.000000000000000000, 1.000000000000000000 ) ) ;
#4640 = PLANE ( 'NONE',  #1279 ) ;
#4641 = DIRECTION ( 'NONE',  ( -0.000000000000000000, 1.000000000000000000, -0.000000000000000000 ) ) ;
#4642 = APPROVAL_ROLE ( '' ) ;
#4643 = AXIS2_PLACEMENT_3D ( 'NONE', #2539, #1751, #1798 ) ;
#4644 = DIRECTION ( 'NONE',  ( -0.000000000000000000, -0.000000000000000000, -1.000000000000000000 ) ) ;
#4645 = DIRECTION ( 'NONE',  ( -0.000000000000000000, 1.000000000000000000, -0.000000000000000000 ) ) ;
#4646 = CALENDAR_DATE ( 2026, 5, 6 ) ;
#4647 = PERSON_AND_ORGANIZATION_ROLE ( 'classification_officer' ) ;
#4648 = CARTESIAN_POINT ( 'NONE',  ( 870.0000000000000000, -18.00000000000000000, 2.000000000000000000 ) ) ;
#4649 = DIRECTION ( 'NONE',  ( 1.460819769243627131E-16, 1.000000000000000000, 0.000000000000000000 ) ) ;
#4650 = EDGE_CURVE ( 'NONE', #2960, #2361, #3269, .T. ) ;
#4651 = DIRECTION ( 'NONE',  ( -0.000000000000000000, -0.000000000000000000, -1.000000000000000000 ) ) ;
#4652 = DATE_AND_TIME ( #420, #3844 ) ;
#4653 = CIRCLE ( 'NONE', #422, 8.000000000000007105 ) ;
#4654 = PERSON_AND_ORGANIZATION_ROLE ( 'classification_officer' ) ;
#4655 = CARTESIAN_POINT ( 'NONE',  ( 448.9607339899082490, -667.9242073317423092, 162.5677260935519257 ) ) ;
#4656 = CARTESIAN_POINT ( 'NONE',  ( 879.0499999999999545, -50.49999999999992184, 316.0000000000000000 ) ) ;
#4657 = VERTEX_POINT ( 'NONE', #2298 ) ;
#4658 = DIRECTION ( 'NONE',  ( -1.000000000000000000, 0.000000000000000000, 0.000000000000000000 ) ) ;
#4659 = AXIS2_PLACEMENT_3D ( 'NONE', #3025, #2395, #854 ) ;
#4660 = DATE_AND_TIME ( #4778, #827 ) ;
#4661 = DIRECTION ( 'NONE',  ( 0.000000000000000000, 0.000000000000000000, -1.000000000000000000 ) ) ;
#4662 = ORIENTED_EDGE ( 'NONE', *, *, #894, .T. ) ;
#4663 = FACE_OUTER_BOUND ( 'NONE', #2285, .T. ) ;
#4664 = CARTESIAN_POINT ( 'NONE',  ( 98.00000000000004263, -250.9999999999999432, 99.99999999999998579 ) ) ;
#4665 = VERTEX_POINT ( 'NONE', #1181 ) ;
#4666 = CARTESIAN_POINT ( 'NONE',  ( 68.00000000000009948, -367.0000000000000568, 155.0000000000000284 ) ) ;
#4667 = EDGE_LOOP ( 'NONE', ( #963, #852, #1681, #1429 ) ) ;
#4668 = DIRECTION ( 'NONE',  ( 2.065146995210486914E-16, 0.000000000000000000, 1.000000000000000000 ) ) ;
#4669 = DIRECTION ( 'NONE',  ( 0.000000000000000000, 0.000000000000000000, 1.000000000000000000 ) ) ;
#4670 = CC_DESIGN_PERSON_AND_ORGANIZATION_ASSIGNMENT ( #1170, #2807, ( #1183 ) ) ;
#4671 = EDGE_CURVE ( 'NONE', #3395, #523, #556, .T. ) ;
#4672 = VECTOR ( 'NONE', #2231, 1000.000000000000000 ) ;
#4673 = PERSON_AND_ORGANIZATION_ROLE ( 'creator' ) ;
#4674 = VERTEX_POINT ( 'NONE', #2656 ) ;
#4675 = CARTESIAN_POINT ( 'NONE',  ( 457.2179577355459514, -664.2337622451833568, 167.9466992102245229 ) ) ;
#4676 = DIRECTION ( 'NONE',  ( -0.000000000000000000, -0.000000000000000000, 1.000000000000000000 ) ) ;
#4677 = LINE ( 'NONE', #4335, #4147 ) ;
#4678 = FACE_OUTER_BOUND ( 'NONE', #1599, .T. ) ;
#4679 = VERTEX_POINT ( 'NONE', #3374 ) ;
#4680 = EDGE_CURVE ( 'NONE', #1960, #4619, #1479, .T. ) ;
#4681 = ORIENTED_EDGE ( 'NONE', *, *, #3932, .F. ) ;
#4682 = LINE ( 'NONE', #1220, #2896 ) ;
#4683 = ORIENTED_EDGE ( 'NONE', *, *, #1313, .F. ) ;
#4684 = ORIENTED_EDGE ( 'NONE', *, *, #312, .F. ) ;
#4685 = DIRECTION ( 'NONE',  ( 1.000000000000000000, 0.000000000000000000, 0.000000000000000000 ) ) ;
#4686 = FACE_OUTER_BOUND ( 'NONE', #3279, .T. ) ;
#4687 = VERTEX_POINT ( 'NONE', #3085 ) ;
#4688 = VERTEX_POINT ( 'NONE', #1947 ) ;
#4689 = APPROVAL_STATUS ( 'not_yet_approved' ) ;
#4690 = AXIS2_PLACEMENT_3D ( 'NONE', #2471, #2135, #956 ) ;
#4691 = CIRCLE ( 'NONE', #526, 8.000000000000007105 ) ;
#4692 = CARTESIAN_POINT ( 'NONE',  ( 450.2592229041124483, -668.0251494429634249, 177.5000574628485310 ) ) ;
#4693 = CARTESIAN_POINT ( 'NONE',  ( 457.5000000000000568, -663.9999999999998863, 170.0000000000000284 ) ) ;
#4694 = CARTESIAN_POINT ( 'NONE',  ( 15.00000000000007994, 400.0000000000000000, 15.00000000000000000 ) ) ;
#4695 = ORIENTED_EDGE ( 'NONE', *, *, #4735, .F. ) ;
#4696 = DIRECTION ( 'NONE',  ( -1.288758049684149971E-16, 0.000000000000000000, 1.000000000000000000 ) ) ;
#4697 = EDGE_LOOP ( 'NONE', ( #345, #100, #161, #1426 ) ) ;
#4698 = CARTESIAN_POINT ( 'NONE',  ( 878.0000000000002274, -749.5000000000000000, 324.7999999999999545 ) ) ;
#4699 = FACE_OUTER_BOUND ( 'NONE', #3208, .T. ) ;
#4700 = CARTESIAN_POINT ( 'NONE',  ( 442.5000000000000000, -623.0000000000000000, 170.0000000000000284 ) ) ;
#4701 = EDGE_CURVE ( 'NONE', #2141, #3854, #2485, .T. ) ;
#4702 = CARTESIAN_POINT ( 'NONE',  ( 15.00000000000007994, 400.0000000000000000, 15.00000000000000000 ) ) ;
#4703 = ITEM_DEFINED_TRANSFORMATION ( 'NONE', 'NONE', #180,  #2966 ) ;
#4704 = SECURITY_CLASSIFICATION_LEVEL ( 'unclassified' ) ;
#4705 = CC_DESIGN_DATE_AND_TIME_ASSIGNMENT ( #3499, #4174, ( #3306 ) ) ;
#4706 = EDGE_CURVE ( 'NONE', #523, #4688, #3334, .T. ) ;
#4707 = CARTESIAN_POINT ( 'NONE',  ( 457.0697188400362734, -664.3560900128605908, 172.5528921935519691 ) ) ;
#4708 = CARTESIAN_POINT ( 'NONE',  ( 446.2176794639816535, -666.7574604777462355, 163.5071375303865295 ) ) ;
#4709 = PLANE ( 'NONE',  #4120 ) ;
#4710 = CIRCLE ( 'NONE', #2191, 5.000000000000000888 ) ;
#4711 = CARTESIAN_POINT ( 'NONE',  ( 0.000000000000000000, 0.000000000000000000, 0.000000000000000000 ) ) ;
#4712 = CARTESIAN_POINT ( 'NONE',  ( 30.00000000000000355, -18.00000000000000000, 300.0000000000000000 ) ) ;
#4713 = LINE ( 'NONE', #4037, #2986 ) ;
#4714 = VECTOR ( 'NONE', #3985, 1000.000000000000000 ) ;
#4715 = EDGE_CURVE ( 'NONE', #491, #2078, #4330, .T. ) ;
#4716 = APPROVAL_DATE_TIME ( #1750, #2353 ) ;
#4717 = EDGE_LOOP ( 'NONE', ( #4620, #2680, #2739, #4105, #4373, #4138, #2435, #1948 ) ) ;
#4718 = VECTOR ( 'NONE', #4651, 1000.000000000000000 ) ;
#4719 = FACE_OUTER_BOUND ( 'NONE', #779, .T. ) ;
#4720 = APPROVAL_PERSON_ORGANIZATION ( #548, #1836, #2855 ) ;
#4721 = ORIENTED_EDGE ( 'NONE', *, *, #1026, .T. ) ;
#4722 = LINE ( 'NONE', #1609, #4492 ) ;
#4723 = ORIENTED_EDGE ( 'NONE', *, *, #4650, .T. ) ;
#4724 = DIRECTION ( 'NONE',  ( -0.000000000000000000, -0.000000000000000000, -1.000000000000000000 ) ) ;
#4725 = CARTESIAN_POINT ( 'NONE',  ( 22.00000000000000711, -700.0000000000000000, 316.7999999999999545 ) ) ;
#4726 = EDGE_LOOP ( 'NONE', ( #2545, #3018 ) ) ;
#4727 = CARTESIAN_POINT ( 'NONE',  ( 878.0000000000002274, -749.5000000000000000, 324.7999999999999545 ) ) ;
#4728 = VECTOR ( 'NONE', #4536, 1000.000000000000000 ) ;
#4729 = VERTEX_POINT ( 'NONE', #4258 ) ;
#4730 = FACE_OUTER_BOUND ( 'NONE', #2573, .T. ) ;
#4731 = DIRECTION ( 'NONE',  ( -0.000000000000000000, 1.000000000000000000, -0.000000000000000000 ) ) ;
#4732 = ORIENTED_EDGE ( 'NONE', *, *, #1511, .F. ) ;
#4733 = CC_DESIGN_SECURITY_CLASSIFICATION ( #2916, ( #4792 ) ) ;
#4734 = VERTEX_POINT ( 'NONE', #1893 ) ;
#4735 = EDGE_CURVE ( 'NONE', #3562, #1606, #3219, .T. ) ;
#4736 = LINE ( 'NONE', #3400, #790 ) ;
#4737 = VERTEX_POINT ( 'NONE', #3486 ) ;
#4738 = CARTESIAN_POINT ( 'NONE',  ( 452.5061118366482447, -667.4421012965867703, 177.0847197543280629 ) ) ;
#4739 = PLANE ( 'NONE',  #1440 ) ;
#4740 = EDGE_CURVE ( 'NONE', #4746, #1436, #3461, .T. ) ;
#4741 = VECTOR ( 'NONE', #4054, 1000.000000000000000 ) ;
#4742 = ORIENTED_EDGE ( 'NONE', *, *, #1546, .T. ) ;
#4743 = CARTESIAN_POINT ( 'NONE',  ( 7.961735002956730495E-14, -299.9999999999999432, 15.00000000000000000 ) ) ;
#4744 = ORIENTED_EDGE ( 'NONE', *, *, #1161, .F. ) ;
#4745 = LINE ( 'NONE', #3912, #3933 ) ;
#4746 = VERTEX_POINT ( 'NONE', #1967 ) ;
#4747 = VERTEX_POINT ( 'NONE', #2352 ) ;
#4748 = CARTESIAN_POINT ( 'NONE',  ( 15.90000000000005720, -300.0000000000000000, 15.90000000000000036 ) ) ;
#4749 = PRODUCT ( '定位销', '定位销', '', ( #3591 ) ) ;
#4750 = LINE ( 'NONE', #1814, #746 ) ;
#4751 = ORIENTED_EDGE ( 'NONE', *, *, #1465, .T. ) ;
#4752 = MECHANICAL_CONTEXT ( 'NONE', #1385, 'mechanical' ) ;
#4753 = PLANE ( 'NONE',  #2132 ) ;
#4754 = CARTESIAN_POINT ( 'NONE',  ( 870.0000000000000000, -18.00000000000000000, 2.000000000000000000 ) ) ;
#4755 = PLANE ( 'NONE',  #2029 ) ;
#4756 = ORIENTED_EDGE ( 'NONE', *, *, #972, .T. ) ;
#4757 = PLANE ( 'NONE',  #4178 ) ;
#4758 = COORDINATED_UNIVERSAL_TIME_OFFSET ( 8, 0, .AHEAD. ) ;
#4759 = CARTESIAN_POINT ( 'NONE',  ( 98.00000000000004263, -603.0000000000000000, 99.99999999999998579 ) ) ;
#4760 = EDGE_LOOP ( 'NONE', ( #2956, #3233 ) ) ;
#4761 = DIRECTION ( 'NONE',  ( 2.612425579928799129E-16, -1.000000000000000000, -0.000000000000000000 ) ) ;
#4762 = CC_DESIGN_DATE_AND_TIME_ASSIGNMENT ( #661, #1354, ( #3925 ) ) ;
#4763 = FACE_OUTER_BOUND ( 'NONE', #1149, .T. ) ;
#4764 = CALENDAR_DATE ( 2026, 5, 6 ) ;
#4765 = AXIS2_PLACEMENT_3D ( 'NONE', #133, #1637, #920 ) ;
#4766 = EDGE_CURVE ( 'NONE', #293, #1651, #4435, .T. ) ;
#4767 = CARTESIAN_POINT ( 'NONE',  ( 33.00000000000007816, -300.0000000000000000, -26.84171144931213604 ) ) ;
#4768 = DIRECTION ( 'NONE',  ( -1.460819769243627131E-16, 1.000000000000000000, -0.000000000000000000 ) ) ;
#4769 = LINE ( 'NONE', #2162, #3795 ) ;
#4770 = VECTOR ( 'NONE', #928, 1000.000000000000000 ) ;
#4771 = APPROVAL_DATE_TIME ( #3902, #3182 ) ;
#4772 = DIRECTION ( 'NONE',  ( -0.000000000000000000, -0.000000000000000000, -1.000000000000000000 ) ) ;
#4773 = CARTESIAN_POINT ( 'NONE',  ( 449.0000000000001137, 400.0000000000000000, 0.000000000000000000 ) ) ;
#4774 = ORIENTED_EDGE ( 'NONE', *, *, #3846, .T. ) ;
#4775 = ORIENTED_EDGE ( 'NONE', *, *, #3623, .T. ) ;
#4776 = EDGE_CURVE ( 'NONE', #4266, #974, #1875, .T. ) ;
#4777 = DIRECTION ( 'NONE',  ( 0.000000000000000000, 0.000000000000000000, 1.000000000000000000 ) ) ;
#4778 = CALENDAR_DATE ( 2026, 5, 6 ) ;
#4779 = DIRECTION ( 'NONE',  ( 2.612425579928799129E-16, -1.000000000000000000, 0.000000000000000000 ) ) ;
#4780 = CARTESIAN_POINT ( 'NONE',  ( 403.0000000000001137, -681.9999999999998863, 170.0000000000000284 ) ) ;
#4781 = SHAPE_REPRESENTATION_RELATIONSHIP ( 'NONE' , 'NONE' ,  #4296, #2333 ) ;
#4782 = ORIENTED_EDGE ( 'NONE', *, *, #3464, .T. ) ;
#4783 = VERTEX_POINT ( 'NONE', #3467 ) ;
#4784 = CYLINDRICAL_SURFACE ( 'NONE', #1173, 5.000000000000000888 ) ;
#4785 = VECTOR ( 'NONE', #1986, 1000.000000000000000 ) ;
#4786 = NEXT_ASSEMBLY_USAGE_OCCURRENCE ( 'NAUO1', ' ', ' ', #2383, #2705, $ ) ;
#4787 = NEXT_ASSEMBLY_USAGE_OCCURRENCE ( 'NAUO2', ' ', ' ', #2383, #3925, $ ) ;
#4788 = NEXT_ASSEMBLY_USAGE_OCCURRENCE ( 'NAUO3', ' ', ' ', #2383, #4006, $ ) ;
#4789 = NEXT_ASSEMBLY_USAGE_OCCURRENCE ( 'NAUO4', ' ', ' ', #2383, #4006, $ ) ;
#4790 = NEXT_ASSEMBLY_USAGE_OCCURRENCE ( 'NAUO5', ' ', ' ', #2383, #3925, $ ) ;
#4791 = NEXT_ASSEMBLY_USAGE_OCCURRENCE ( 'NAUO6', ' ', ' ', #2383, #4006, $ ) ;
#4792 = NEXT_ASSEMBLY_USAGE_OCCURRENCE ( 'NAUO7', ' ', ' ', #2383, #4006, $ ) ;
ENDSEC;
END-ISO-10303-21;
