ISO-10303-21;
HEADER;
FILE_DESCRIPTION (( 'STEP AP203' ),
    '1' );
FILE_NAME ('吊柜15.STEP',
    '2026-06-05T00:49:33',
    ( 'Windows 用户' ),
    ( 'Microsoft' ),
    'SwSTEP 2.0',
    'SolidWorks 2018',
    '' );
FILE_SCHEMA (( 'CONFIG_CONTROL_DESIGN' ));
ENDSEC;

DATA;
#1 = VERTEX_POINT ( 'NONE', #2315 ) ;
#2 = DIRECTION ( 'NONE',  ( 0.000000000000000000, -1.000000000000000000, 0.000000000000000000 ) ) ;
#3 = PLANE ( 'NONE',  #1796 ) ;
#4 = AXIS2_PLACEMENT_3D ( 'NONE', #2294, #2556, #2808 ) ;
#5 = ORIENTED_EDGE ( 'NONE', *, *, #2233, .F. ) ;
#6 = MECHANICAL_CONTEXT ( 'NONE', #202, 'mechanical' ) ;
#7 = VERTEX_POINT ( 'NONE', #2789 ) ;
#8 = EDGE_CURVE ( 'NONE', #2816, #2907, #2531, .T. ) ;
#9 = ITEM_DEFINED_TRANSFORMATION ( 'NONE', 'NONE', #2296,  #2404 ) ;
#10 = CARTESIAN_POINT ( 'NONE',  ( 0.000000000000000000, 0.000000000000000000, 120.0000000000000000 ) ) ;
#11 = ORIENTED_EDGE ( 'NONE', *, *, #1501, .T. ) ;
#12 = EDGE_CURVE ( 'NONE', #911, #1707, #1913, .T. ) ;
#13 = APPROVAL_DATE_TIME ( #47, #1056 ) ;
#14 = CARTESIAN_POINT ( 'NONE',  ( -28.00000000000005684, 300.0000000000000000, 27.00000000000000000 ) ) ;
#15 = ORIENTED_EDGE ( 'NONE', *, *, #1437, .T. ) ;
#16 = CARTESIAN_POINT ( 'NONE',  ( 15.90000000000000036, -749.5000000000000000, 316.0000000000000000 ) ) ;
#17 = PERSON ( 'NAUO-PER4', 'UNSPECIFIED', 'UNSPECIFIED', ('UNSPECIFIED'), ('UNSPECIFIED'), ('UNSPECIFIED') ) ;
#18 = ORIENTED_EDGE ( 'NONE', *, *, #1126, .T. ) ;
#19 = AXIS2_PLACEMENT_3D ( 'NONE', #664, #883, #401 ) ;
#20 = LINE ( 'NONE', #941, #2219 ) ;
#21 = ORIENTED_EDGE ( 'NONE', *, *, #268, .T. ) ;
#22 = CARTESIAN_POINT ( 'NONE',  ( 30.00000000000006395, -524.0000000000000000, 20.00000000000001776 ) ) ;
#23 = FACE_OUTER_BOUND ( 'NONE', #1174, .T. ) ;
#24 = EDGE_LOOP ( 'NONE', ( #229, #1549, #118, #1726, #3104, #1201 ) ) ;
#25 = PLANE ( 'NONE',  #1805 ) ;
#26 = CARTESIAN_POINT ( 'NONE',  ( 5.200000000000006395, -50.50000000000002842, 316.7999999999999545 ) ) ;
#27 = FACE_OUTER_BOUND ( 'NONE', #456, .T. ) ;
#28 = VECTOR ( 'NONE', #1125, 1000.000000000000000 ) ;
#29 = VECTOR ( 'NONE', #598, 1000.000000000000000 ) ;
#30 = EDGE_CURVE ( 'NONE', #1104, #1406, #2617, .T. ) ;
#31 = DIRECTION ( 'NONE',  ( -0.000000000000000000, 1.000000000000000000, -0.000000000000000000 ) ) ;
#32 = DIRECTION ( 'NONE',  ( 0.000000000000000000, 0.000000000000000000, -1.000000000000000000 ) ) ;
#33 = LINE ( 'NONE', #2324, #936 ) ;
#34 = EDGE_CURVE ( 'NONE', #1476, #982, #2740, .T. ) ;
#35 = PERSON_AND_ORGANIZATION_ROLE ( 'design_supplier' ) ;
#36 = ORIENTED_EDGE ( 'NONE', *, *, #162, .F. ) ;
#37 = CARTESIAN_POINT ( 'NONE',  ( -5.000000000000000000, 0.000000000000000000, 119.0000000000000142 ) ) ;
#38 = VERTEX_POINT ( 'NONE', #2527 ) ;
#39 = ORIENTED_EDGE ( 'NONE', *, *, #2724, .F. ) ;
#40 = CARTESIAN_POINT ( 'NONE',  ( 15.90000000000005720, -398.5000000000000000, 15.90000000000000036 ) ) ;
#41 = CARTESIAN_POINT ( 'NONE',  ( -0.000000000000000000, -350.0000000000000000, 0.000000000000000000 ) ) ;
#42 = CARTESIAN_POINT ( 'NONE',  ( 15.90000000000005720, -398.5000000000000000, 22.40000000000000568 ) ) ;
#43 = CC_DESIGN_SECURITY_CLASSIFICATION ( #1874, ( #1710 ) ) ;
#44 = COORDINATED_UNIVERSAL_TIME_OFFSET ( 8, 0, .AHEAD. ) ;
#45 = ADVANCED_FACE ( 'NONE', ( #1197 ), #753, .T. ) ;
#46 = APPROVAL_ROLE ( '' ) ;
#47 = DATE_AND_TIME ( #682, #2400 ) ;
#48 = EDGE_CURVE ( 'NONE', #652, #633, #1339, .T. ) ;
#49 = ORIENTED_EDGE ( 'NONE', *, *, #557, .T. ) ;
#50 = CARTESIAN_POINT ( 'NONE',  ( 15.90000000000005720, -506.0000000000004547, 20.90000000000000213 ) ) ;
#51 = CALENDAR_DATE ( 2026, 5, 6 ) ;
#52 = ORIENTED_EDGE ( 'NONE', *, *, #2908, .F. ) ;
#53 = EDGE_CURVE ( 'NONE', #1695, #2446, #561, .T. ) ;
#54 = SHAPE_REPRESENTATION_RELATIONSHIP ( 'NONE' , 'NONE' ,  #1886, #1160 ) ;
#55 = CARTESIAN_POINT ( 'NONE',  ( 432.0000000000000000, -18.00000000000000000, 2.000000000000000000 ) ) ;
#56 = ORIENTED_EDGE ( 'NONE', *, *, #2024, .F. ) ;
#57 = FACE_OUTER_BOUND ( 'NONE', #2755, .T. ) ;
#58 = VERTEX_POINT ( 'NONE', #907 ) ;
#59 = FACE_OUTER_BOUND ( 'NONE', #1134, .T. ) ;
#60 = DIRECTION ( 'NONE',  ( 0.000000000000000000, 0.000000000000000000, -1.000000000000000000 ) ) ;
#61 = ORIENTED_EDGE ( 'NONE', *, *, #1946, .T. ) ;
#62 = ADVANCED_FACE ( 'NONE', ( #1269 ), #3040, .F. ) ;
#63 = DIRECTION ( 'NONE',  ( -0.000000000000000000, -1.000000000000000000, -0.000000000000000000 ) ) ;
#64 = AXIS2_PLACEMENT_3D ( 'NONE', #1651, #1614, #1149 ) ;
#65 = CARTESIAN_POINT ( 'NONE',  ( 30.00000000000009592, -778.0000000000000000, -0.000000000000000000 ) ) ;
#66 = CARTESIAN_POINT ( 'NONE',  ( 15.90000000000005720, 400.0000000000000000, 9.399999999999995026 ) ) ;
#67 = DIRECTION ( 'NONE',  ( 0.000000000000000000, 0.000000000000000000, 1.000000000000000000 ) ) ;
#68 = VECTOR ( 'NONE', #1540, 1000.000000000000000 ) ;
#69 = CYLINDRICAL_SURFACE ( 'NONE', #2799, 15.00000000000000000 ) ;
#70 = DIRECTION ( 'NONE',  ( 2.065146995210486914E-16, 0.000000000000000000, 1.000000000000000000 ) ) ;
#71 = VECTOR ( 'NONE', #2310, 1000.000000000000000 ) ;
#72 = CIRCLE ( 'NONE', #103, 15.00000000000000000 ) ;
#73 = PLANE ( 'NONE',  #1188 ) ;
#74 = DIRECTION ( 'NONE',  ( 0.000000000000000000, 1.000000000000000000, -0.000000000000000000 ) ) ;
#75 = EDGE_CURVE ( 'NONE', #721, #1057, #632, .T. ) ;
#76 = DIRECTION ( 'NONE',  ( 1.000000000000000000, -0.000000000000000000, -0.000000000000000000 ) ) ;
#77 = ORIENTED_EDGE ( 'NONE', *, *, #2500, .F. ) ;
#78 = DIRECTION ( 'NONE',  ( 0.000000000000000000, 0.000000000000000000, 1.000000000000000000 ) ) ;
#79 = ORIENTED_EDGE ( 'NONE', *, *, #1655, .T. ) ;
#80 = ADVANCED_FACE ( 'NONE', ( #1831 ), #3092, .F. ) ;
#81 = VERTEX_POINT ( 'NONE', #1660 ) ;
#82 = DIRECTION ( 'NONE',  ( 0.000000000000000000, -0.000000000000000000, 1.000000000000000000 ) ) ;
#83 = CARTESIAN_POINT ( 'NONE',  ( 0.000000000000000000, 0.000000000000000000, 120.0000000000000000 ) ) ;
#84 = AXIS2_PLACEMENT_3D ( 'NONE', #1087, #360, #1325 ) ;
#85 = VERTEX_POINT ( 'NONE', #1634 ) ;
#86 = PERSON_AND_ORGANIZATION ( #2819, #1100 ) ;
#87 = EDGE_LOOP ( 'NONE', ( #1306, #2774, #1163, #2467, #351 ) ) ;
#88 = DIRECTION ( 'NONE',  ( -0.000000000000000000, 1.000000000000000000, -0.000000000000000000 ) ) ;
#89 = CC_DESIGN_DATE_AND_TIME_ASSIGNMENT ( #538, #1154, ( #1015 ) ) ;
#90 = APPROVAL_DATE_TIME ( #2713, #3041 ) ;
#91 = VERTEX_POINT ( 'NONE', #189 ) ;
#92 = PRODUCT_DEFINITION_SHAPE ( 'NONE', 'NONE',  #3116 ) ;
#93 = EDGE_CURVE ( 'NONE', #1590, #366, #2386, .T. ) ;
#94 = ORIENTED_EDGE ( 'NONE', *, *, #113, .F. ) ;
#95 = DIRECTION ( 'NONE',  ( 1.000000000000000000, 0.000000000000000000, 0.000000000000000000 ) ) ;
#96 = CARTESIAN_POINT ( 'NONE',  ( 30.00000000000000355, -18.00000000000000000, 20.00000000000001776 ) ) ;
#97 = VECTOR ( 'NONE', #1534, 1000.000000000000000 ) ;
#98 = ORIENTED_EDGE ( 'NONE', *, *, #2977, .F. ) ;
#99 = EDGE_CURVE ( 'NONE', #1640, #58, #1754, .T. ) ;
#100 = CARTESIAN_POINT ( 'NONE',  ( 7.961735002956730495E-14, 400.0000000000000000, 0.000000000000000000 ) ) ;
#101 = CONICAL_SURFACE ( 'NONE', #862, 4.000000000000017764, 0.7853981633974460586 ) ;
#102 = PERSON_AND_ORGANIZATION_ROLE ( 'classification_officer' ) ;
#103 = AXIS2_PLACEMENT_3D ( 'NONE', #1877, #193, #2857 ) ;
#104 = VECTOR ( 'NONE', #1689, 1000.000000000000000 ) ;
#105 = VECTOR ( 'NONE', #2078, 1000.000000000000000 ) ;
#106 = DIRECTION ( 'NONE',  ( -0.000000000000000000, -0.000000000000000000, -1.000000000000000000 ) ) ;
#107 = CIRCLE ( 'NONE', #3002, 8.000000000000007105 ) ;
#108 = AXIS2_PLACEMENT_3D ( 'NONE', #2238, #2031, #2257 ) ;
#109 = CARTESIAN_POINT ( 'NONE',  ( 15.90000000000005720, -506.0000000000004547, 15.90000000000000036 ) ) ;
#110 = EDGE_CURVE ( 'NONE', #942, #566, #1685, .T. ) ;
#111 = VECTOR ( 'NONE', #1571, 1000.000000000000000 ) ;
#112 = ORIENTED_EDGE ( 'NONE', *, *, #130, .T. ) ;
#113 = EDGE_CURVE ( 'NONE', #655, #2358, #979, .T. ) ;
#114 = EDGE_LOOP ( 'NONE', ( #1538, #271, #2470, #2365 ) ) ;
#115 = DIRECTION ( 'NONE',  ( -1.000000000000000000, -0.000000000000000000, -0.000000000000000000 ) ) ;
#116 = DIRECTION ( 'NONE',  ( -0.000000000000000000, -0.000000000000000000, -1.000000000000000000 ) ) ;
#117 = AXIS2_PLACEMENT_3D ( 'NONE', #365, #865, #1830 ) ;
#118 = ORIENTED_EDGE ( 'NONE', *, *, #853, .T. ) ;
#119 = APPROVAL_DATE_TIME ( #1694, #1037 ) ;
#120 = CARTESIAN_POINT ( 'NONE',  ( 0.000000000000000000, 0.000000000000000000, 0.000000000000000000 ) ) ;
#121 = AXIS2_PLACEMENT_3D ( 'NONE', #2925, #1488, #375 ) ;
#122 = APPROVAL_PERSON_ORGANIZATION ( #948, #1056, #1268 ) ;
#123 = ORIENTED_EDGE ( 'NONE', *, *, #1330, .F. ) ;
#124 = COORDINATED_UNIVERSAL_TIME_OFFSET ( 8, 0, .AHEAD. ) ;
#125 = DIRECTION ( 'NONE',  ( 0.000000000000000000, 0.000000000000000000, -1.000000000000000000 ) ) ;
#126 = ORIENTED_EDGE ( 'NONE', *, *, #2233, .T. ) ;
#127 = CARTESIAN_POINT ( 'NONE',  ( 502.0000000000003411, -777.9999999999998863, 300.0000000000000000 ) ) ;
#128 = VECTOR ( 'NONE', #725, 1000.000000000000000 ) ;
#129 = ORIENTED_EDGE ( 'NONE', *, *, #2488, .F. ) ;
#130 = EDGE_CURVE ( 'NONE', #165, #2074, #2571, .T. ) ;
#131 = LINE ( 'NONE', #3068, #2256 ) ;
#132 = VERTEX_POINT ( 'NONE', #2119 ) ;
#133 = VECTOR ( 'NONE', #74, 1000.000000000000000 ) ;
#134 = AXIS2_PLACEMENT_3D ( 'NONE', #2089, #1421, #200 ) ;
#135 = PLANE ( 'NONE',  #84 ) ;
#136 = DIRECTION ( 'NONE',  ( 0.000000000000000000, 0.000000000000000000, 1.000000000000000000 ) ) ;
#137 = FACE_OUTER_BOUND ( 'NONE', #1157, .T. ) ;
#138 = PRODUCT_DEFINITION_SHAPE ( 'NONE', 'NONE',  #143 ) ;
#139 = ADVANCED_FACE ( 'NONE', ( #1949 ), #2698, .F. ) ;
#140 = VECTOR ( 'NONE', #1169, 1000.000000000000000 ) ;
#141 = CARTESIAN_POINT ( 'NONE',  ( 30.00000000000002487, -524.0000000000000000, 300.0000000000000000 ) ) ;
#142 = FACE_OUTER_BOUND ( 'NONE', #1317, .T. ) ;
#143 = PRODUCT_DEFINITION ( '未知', '', #1710, #2390 ) ;
#144 = DIRECTION ( 'NONE',  ( -0.000000000000000000, -1.000000000000000000, -0.000000000000000000 ) ) ;
#145 = CARTESIAN_POINT ( 'NONE',  ( 30.00000000000009592, -760.0000000000000000, 20.00000000000000000 ) ) ;
#146 = VECTOR ( 'NONE', #3030, 1000.000000000000000 ) ;
#147 = ORIENTED_EDGE ( 'NONE', *, *, #395, .F. ) ;
#148 = CARTESIAN_POINT ( 'NONE',  ( 7.961735002956730495E-14, 400.0000000000000000, 30.00000000000000000 ) ) ;
#149 = EDGE_CURVE ( 'NONE', #1089, #1970, #1382, .T. ) ;
#150 = ORIENTED_EDGE ( 'NONE', *, *, #149, .T. ) ;
#151 = DIRECTION ( 'NONE',  ( -0.000000000000000000, -0.000000000000000000, 1.000000000000000000 ) ) ;
#152 = APPROVAL_PERSON_ORGANIZATION ( #796, #994, #1252 ) ;
#153 = EDGE_LOOP ( 'NONE', ( #2474, #2936, #2676, #2409, #683, #405, #244, #2252, #313, #1732, #495, #2643 ) ) ;
#154 = CARTESIAN_POINT ( 'NONE',  ( 7.979727989493312634E-14, 350.0000000000000000, 15.00000000000000000 ) ) ;
#155 = ITEM_DEFINED_TRANSFORMATION ( 'NONE', 'NONE', #411,  #2404 ) ;
#156 = ORIENTED_EDGE ( 'NONE', *, *, #1925, .T. ) ;
#157 = DATE_AND_TIME ( #272, #2004 ) ;
#158 = ORIENTED_EDGE ( 'NONE', *, *, #757, .F. ) ;
#159 = DIRECTION ( 'NONE',  ( -0.000000000000000000, -0.000000000000000000, -1.000000000000000000 ) ) ;
#160 = ORIENTED_EDGE ( 'NONE', *, *, #2465, .F. ) ;
#161 = CARTESIAN_POINT ( 'NONE',  ( 6.450000000000001066, 0.000000000000000000, 0.000000000000000000 ) ) ;
#162 = EDGE_CURVE ( 'NONE', #211, #2452, #326, .T. ) ;
#163 = FACE_OUTER_BOUND ( 'NONE', #317, .T. ) ;
#164 = DIRECTION ( 'NONE',  ( 0.000000000000000000, 0.000000000000000000, 1.000000000000000000 ) ) ;
#165 = VERTEX_POINT ( 'NONE', #226 ) ;
#166 = ORIENTED_EDGE ( 'NONE', *, *, #737, .T. ) ;
#167 = EDGE_CURVE ( 'NONE', #199, #3050, #1873, .T. ) ;
#168 = ADVANCED_FACE ( 'NONE', ( #2975 ), #2866, .F. ) ;
#169 = CARTESIAN_POINT ( 'NONE',  ( 15.90000000000000036, -100.0000000000000284, 321.0500000000000114 ) ) ;
#170 = VECTOR ( 'NONE', #500, 1000.000000000000000 ) ;
#171 = DIRECTION ( 'NONE',  ( 0.000000000000000000, 0.000000000000000000, 1.000000000000000000 ) ) ;
#172 = VECTOR ( 'NONE', #1374, 1000.000000000000000 ) ;
#173 = VECTOR ( 'NONE', #1517, 1000.000000000000000 ) ;
#174 = CIRCLE ( 'NONE', #1576, 5.000000000000000000 ) ;
#175 = CARTESIAN_POINT ( 'NONE',  ( 450.0000000000000000, 0.000000000000000000, 0.000000000000000000 ) ) ;
#176 = FACE_OUTER_BOUND ( 'NONE', #2976, .T. ) ;
#177 = CARTESIAN_POINT ( 'NONE',  ( 7.961735002956730495E-14, 400.0000000000000000, 30.00000000000000000 ) ) ;
#178 = CC_DESIGN_DATE_AND_TIME_ASSIGNMENT ( #2746, #1497, ( #2762 ) ) ;
#179 = ORIENTED_EDGE ( 'NONE', *, *, #2904, .F. ) ;
#180 = DIRECTION ( 'NONE',  ( 0.000000000000000000, 0.000000000000000000, 1.000000000000000000 ) ) ;
#181 = DIRECTION ( 'NONE',  ( 0.000000000000000000, -1.000000000000000000, 0.000000000000000000 ) ) ;
#182 = ORIENTED_EDGE ( 'NONE', *, *, #1984, .F. ) ;
#183 = EDGE_CURVE ( 'NONE', #988, #81, #1423, .T. ) ;
#184 = DIRECTION ( 'NONE',  ( 0.000000000000000000, 0.000000000000000000, 1.000000000000000000 ) ) ;
#185 = PRODUCT ( '吊柜15-柜门_吊柜15-柜门', '吊柜15-柜门_吊柜15-柜门', '', ( #763 ) ) ;
#186 = ORIENTED_EDGE ( 'NONE', *, *, #1733, .F. ) ;
#187 = AXIS2_PLACEMENT_3D ( 'NONE', #2889, #2403, #2368 ) ;
#188 = DATE_AND_TIME ( #572, #2245 ) ;
#189 = CARTESIAN_POINT ( 'NONE',  ( 5.200000000000006395, -100.0000000000000284, 316.7999999999999545 ) ) ;
#190 = DIRECTION ( 'NONE',  ( 0.000000000000000000, 0.000000000000000000, 1.000000000000000000 ) ) ;
#191 = COORDINATED_UNIVERSAL_TIME_OFFSET ( 8, 0, .AHEAD. ) ;
#192 = CARTESIAN_POINT ( 'NONE',  ( 432.0000000000000568, -505.9999999999998863, 300.0000000000000000 ) ) ;
#193 = DIRECTION ( 'NONE',  ( -0.000000000000000000, -1.000000000000000000, -0.000000000000000000 ) ) ;
#194 = VERTEX_POINT ( 'NONE', #462 ) ;
#195 = AXIS2_PLACEMENT_3D ( 'NONE', #2130, #947, #759 ) ;
#196 = CALENDAR_DATE ( 2026, 5, 6 ) ;
#197 = CARTESIAN_POINT ( 'NONE',  ( -28.00000000000005684, -300.0000000000000000, 22.00000000000000000 ) ) ;
#198 = CARTESIAN_POINT ( 'NONE',  ( 15.90000000000005720, 350.0000000000000000, 20.90000000000000213 ) ) ;
#199 = VERTEX_POINT ( 'NONE', #1144 ) ;
#200 = DIRECTION ( 'NONE',  ( 1.000000000000000000, 0.000000000000000000, 0.000000000000000000 ) ) ;
#201 = LINE ( 'NONE', #380, #2011 ) ;
#202 = APPLICATION_CONTEXT ( 'configuration controlled 3d designs of mechanical parts and assemblies' ) ;
#203 = EDGE_LOOP ( 'NONE', ( #330, #959, #2812, #531 ) ) ;
#204 = CC_DESIGN_PERSON_AND_ORGANIZATION_ASSIGNMENT ( #1696, #1456, ( #1546 ) ) ;
#205 = LINE ( 'NONE', #575, #2044 ) ;
#206 = ORIENTED_EDGE ( 'NONE', *, *, #1126, .F. ) ;
#207 = CARTESIAN_POINT ( 'NONE',  ( 30.00000000000000355, -18.00000000000000000, 20.00000000000001776 ) ) ;
#208 = CARTESIAN_POINT ( 'NONE',  ( 33.00000000000007816, -350.0000000000000000, -26.84171144931213604 ) ) ;
#209 = DIRECTION ( 'NONE',  ( 5.478074134663601740E-17, -1.000000000000000000, 0.000000000000000000 ) ) ;
#210 = VECTOR ( 'NONE', #1440, 1000.000000000000000 ) ;
#211 = VERTEX_POINT ( 'NONE', #2825 ) ;
#212 = VECTOR ( 'NONE', #115, 1000.000000000000000 ) ;
#213 = EDGE_CURVE ( 'NONE', #1963, #982, #1054, .T. ) ;
#214 = VECTOR ( 'NONE', #1728, 1000.000000000000000 ) ;
#215 =( NAMED_UNIT ( * ) PLANE_ANGLE_UNIT ( ) SI_UNIT ( $, .RADIAN. ) );
#216 = VECTOR ( 'NONE', #1799, 1000.000000000000000 ) ;
#217 = DIRECTION ( 'NONE',  ( -0.000000000000000000, 1.000000000000000000, -0.000000000000000000 ) ) ;
#218 = CARTESIAN_POINT ( 'NONE',  ( 30.00000000000000355, -18.00000000000000000, 300.0000000000000000 ) ) ;
#219 = DIRECTION ( 'NONE',  ( 1.000000000000000000, 0.000000000000000000, 0.000000000000000000 ) ) ;
#220 = DIRECTION ( 'NONE',  ( -1.000000000000000000, 0.000000000000000000, 0.000000000000000000 ) ) ;
#221 = PLANE ( 'NONE',  #187 ) ;
#222 = VECTOR ( 'NONE', #1894, 1000.000000000000000 ) ;
#223 = AXIS2_PLACEMENT_3D ( 'NONE', #414, #2826, #676 ) ;
#224 = DIRECTION ( 'NONE',  ( 1.000000000000000000, 0.000000000000000000, 0.000000000000000000 ) ) ;
#225 = EDGE_LOOP ( 'NONE', ( #1508, #2674, #724, #398 ) ) ;
#226 = CARTESIAN_POINT ( 'NONE',  ( 30.00000000000009592, -778.0000000000000000, 20.00000000000001776 ) ) ;
#227 = EDGE_LOOP ( 'NONE', ( #36, #52 ) ) ;
#228 = EDGE_CURVE ( 'NONE', #2309, #1693, #2304, .T. ) ;
#229 = ORIENTED_EDGE ( 'NONE', *, *, #2747, .T. ) ;
#230 = CARTESIAN_POINT ( 'NONE',  ( 0.000000000000000000, 0.000000000000000000, 0.000000000000000000 ) ) ;
#231 = ORGANIZATION ( 'NAUO-ORG1', 'UNSPECIFIED', 'UNSPECIFIED' ) ;
#232 = ORIENTED_EDGE ( 'NONE', *, *, #1604, .F. ) ;
#233 = AXIS2_PLACEMENT_3D ( 'NONE', #480, #940, #2125 ) ;
#234 = CALENDAR_DATE ( 2026, 5, 6 ) ;
#235 = CARTESIAN_POINT ( 'NONE',  ( 431.9999999999998863, -778.0000000000000000, 2.000000000000000000 ) ) ;
#236 = ORIENTED_EDGE ( 'NONE', *, *, #1078, .F. ) ;
#237 = DIRECTION ( 'NONE',  ( 0.000000000000000000, -1.000000000000000000, 0.000000000000000000 ) ) ;
#238 = CIRCLE ( 'NONE', #1992, 5.049999999999998934 ) ;
#239 = CARTESIAN_POINT ( 'NONE',  ( 15.90000000000005720, -398.5000000000000000, 15.90000000000000036 ) ) ;
#240 = CARTESIAN_POINT ( 'NONE',  ( 22.00000000000000711, -749.5000000000000000, 316.7999999999999545 ) ) ;
#241 = VERTEX_POINT ( 'NONE', #1941 ) ;
#242 = LINE ( 'NONE', #1470, #1820 ) ;
#243 = APPROVAL ( #2157, '未指定' ) ;
#244 = ORIENTED_EDGE ( 'NONE', *, *, #1044, .F. ) ;
#245 = DIRECTION ( 'NONE',  ( -1.000000000000000000, 0.000000000000000000, -0.000000000000000000 ) ) ;
#246 = EDGE_CURVE ( 'NONE', #1956, #689, #394, .T. ) ;
#247 = ADVANCED_FACE ( 'NONE', ( #176 ), #2176, .F. ) ;
#248 = FACE_OUTER_BOUND ( 'NONE', #825, .T. ) ;
#249 = VECTOR ( 'NONE', #811, 1000.000000000000000 ) ;
#250 = CARTESIAN_POINT ( 'NONE',  ( 15.90000000000005720, 398.5000000000000000, 22.40000000000000568 ) ) ;
#251 = EDGE_CURVE ( 'NONE', #334, #3085, #2166, .T. ) ;
#252 = FACE_OUTER_BOUND ( 'NONE', #409, .T. ) ;
#253 = PERSON_AND_ORGANIZATION_ROLE ( 'design_supplier' ) ;
#254 = DIRECTION ( 'NONE',  ( -1.000000000000000000, 0.000000000000000000, 0.000000000000000000 ) ) ;
#255 = FACE_OUTER_BOUND ( 'NONE', #2246, .T. ) ;
#256 = AXIS2_PLACEMENT_3D ( 'NONE', #2277, #1368, #136 ) ;
#257 = ORIENTED_EDGE ( 'NONE', *, *, #2087, .F. ) ;
#258 = DIRECTION ( 'NONE',  ( 0.000000000000000000, 1.000000000000000000, 0.000000000000000000 ) ) ;
#259 = CARTESIAN_POINT ( 'NONE',  ( 432.0000000000000000, -18.00000000000000000, 2.000000000000000000 ) ) ;
#260 = AXIS2_PLACEMENT_3D ( 'NONE', #1068, #2745, #834 ) ;
#261 = EDGE_LOOP ( 'NONE', ( #2046, #2898, #2784, #2292 ) ) ;
#262 = PERSON_AND_ORGANIZATION_ROLE ( 'design_owner' ) ;
#263 = CARTESIAN_POINT ( 'NONE',  ( 5.200000000000002842, -50.50000000000002842, 300.0000000000000000 ) ) ;
#264 = ORIENTED_EDGE ( 'NONE', *, *, #3064, .T. ) ;
#265 = EDGE_CURVE ( 'NONE', #2816, #3085, #2802, .T. ) ;
#266 = PLANE ( 'NONE',  #503 ) ;
#267 = ORIENTED_EDGE ( 'NONE', *, *, #3028, .T. ) ;
#268 = EDGE_CURVE ( 'NONE', #2450, #334, #787, .T. ) ;
#269 = DATE_AND_TIME ( #2820, #339 ) ;
#270 = DIRECTION ( 'NONE',  ( -0.000000000000000000, -0.000000000000000000, 1.000000000000000000 ) ) ;
#271 = ORIENTED_EDGE ( 'NONE', *, *, #2071, .T. ) ;
#272 = CALENDAR_DATE ( 2026, 5, 6 ) ;
#273 = ORIENTED_EDGE ( 'NONE', *, *, #1751, .F. ) ;
#274 = ORIENTED_EDGE ( 'NONE', *, *, #1959, .T. ) ;
#275 = CARTESIAN_POINT ( 'NONE',  ( 22.00000000000000711, -749.5000000000000000, 324.7999999999999545 ) ) ;
#276 = ADVANCED_FACE ( 'NONE', ( #2890 ), #1702, .F. ) ;
#277 = FACE_OUTER_BOUND ( 'NONE', #295, .T. ) ;
#278 = ORIENTED_EDGE ( 'NONE', *, *, #303, .F. ) ;
#279 =( GEOMETRIC_REPRESENTATION_CONTEXT ( 3 ) GLOBAL_UNCERTAINTY_ASSIGNED_CONTEXT ( ( #2356 ) ) GLOBAL_UNIT_ASSIGNED_CONTEXT ( ( #711, #701, #2863 ) ) REPRESENTATION_CONTEXT ( 'NONE', 'WORKASPACE' ) );
#280 = DIRECTION ( 'NONE',  ( -1.000000000000000000, -1.224646799147353207E-16, -0.000000000000000000 ) ) ;
#281 = CARTESIAN_POINT ( 'NONE',  ( 15.90000000000005720, -506.0000000000004547, 15.90000000000000036 ) ) ;
#282 = DIRECTION ( 'NONE',  ( 0.000000000000000000, 0.000000000000000000, 1.000000000000000000 ) ) ;
#283 = CIRCLE ( 'NONE', #1617, 8.000000000000007105 ) ;
#284 = ORIENTED_EDGE ( 'NONE', *, *, #814, .F. ) ;
#285 = LINE ( 'NONE', #2749, #2647 ) ;
#286 = CARTESIAN_POINT ( 'NONE',  ( 13.20000000000000462, -50.50000000000002842, 316.7999999999999545 ) ) ;
#287 = EDGE_CURVE ( 'NONE', #2077, #2335, #1461, .T. ) ;
#288 = FACE_OUTER_BOUND ( 'NONE', #1131, .T. ) ;
#289 = DIRECTION ( 'NONE',  ( 0.000000000000000000, 0.000000000000000000, 1.000000000000000000 ) ) ;
#290 = DIRECTION ( 'NONE',  ( -0.000000000000000000, 1.000000000000000000, -0.000000000000000000 ) ) ;
#291 = ADVANCED_FACE ( 'NONE', ( #255 ), #2662, .T. ) ;
#292 = APPROVAL_STATUS ( 'not_yet_approved' ) ;
#293 = FACE_BOUND ( 'NONE', #337, .T. ) ;
#294 = PLANE ( 'NONE',  #2063 ) ;
#295 = EDGE_LOOP ( 'NONE', ( #648, #1570, #3006, #156 ) ) ;
#296 = AXIS2_PLACEMENT_3D ( 'NONE', #2645, #1477, #1459 ) ;
#297 = EDGE_LOOP ( 'NONE', ( #2821, #2220, #2180, #3019 ) ) ;
#298 = DIRECTION ( 'NONE',  ( -0.000000000000000000, 1.000000000000000000, -0.000000000000000000 ) ) ;
#299 = CC_DESIGN_PERSON_AND_ORGANIZATION_ASSIGNMENT ( #870, #2185, ( #1874 ) ) ;
#300 = ORIENTED_EDGE ( 'NONE', *, *, #99, .F. ) ;
#301 = APPROVAL_STATUS ( 'not_yet_approved' ) ;
#302 = APPROVAL_PERSON_ORGANIZATION ( #1475, #3103, #2721 ) ;
#303 = EDGE_CURVE ( 'NONE', #85, #1707, #33, .T. ) ;
#304 = ORIENTED_EDGE ( 'NONE', *, *, #1444, .F. ) ;
#305 = CARTESIAN_POINT ( 'NONE',  ( -28.00000000000005684, 350.0000000000000000, 27.00000000000000000 ) ) ;
#306 = CARTESIAN_POINT ( 'NONE',  ( -28.00000000000005684, -300.0000000000000000, 27.00000000000000000 ) ) ;
#307 = DATE_AND_TIME ( #234, #1577 ) ;
#308 = ADVANCED_FACE ( 'NONE', ( #293, #2654 ), #2580, .T. ) ;
#309 = EDGE_LOOP ( 'NONE', ( #3075, #2627, #758, #56 ) ) ;
#310 = EDGE_CURVE ( 'NONE', #2276, #3027, #667, .T. ) ;
#311 = DIRECTION ( 'NONE',  ( 1.460819769243627131E-16, -1.000000000000000000, 0.000000000000000000 ) ) ;
#312 = DIRECTION ( 'NONE',  ( 1.460819769243627131E-16, -1.000000000000000000, 0.000000000000000000 ) ) ;
#313 = ORIENTED_EDGE ( 'NONE', *, *, #2055, .F. ) ;
#314 = VECTOR ( 'NONE', #2822, 1000.000000000000000 ) ;
#315 = ORIENTED_EDGE ( 'NONE', *, *, #2636, .F. ) ;
#316 = VECTOR ( 'NONE', #2692, 1000.000000000000000 ) ;
#317 = EDGE_LOOP ( 'NONE', ( #794, #581 ) ) ;
#318 =( GEOMETRIC_REPRESENTATION_CONTEXT ( 3 ) GLOBAL_UNCERTAINTY_ASSIGNED_CONTEXT ( ( #2047 ) ) GLOBAL_UNIT_ASSIGNED_CONTEXT ( ( #639, #950, #1164 ) ) REPRESENTATION_CONTEXT ( 'NONE', 'WORKASPACE' ) );
#319 = CARTESIAN_POINT ( 'NONE',  ( 30.00000000000001421, -506.0000000000000000, 20.00000000000000000 ) ) ;
#320 = CARTESIAN_POINT ( 'NONE',  ( 15.90000000000005720, -506.0000000000004547, 15.90000000000000036 ) ) ;
#321 = LINE ( 'NONE', #812, #659 ) ;
#322 = FACE_OUTER_BOUND ( 'NONE', #1022, .T. ) ;
#323 =( REPRESENTATION_RELATIONSHIP ('NONE','NONE', #2930, #1886 ) REPRESENTATION_RELATIONSHIP_WITH_TRANSFORMATION ( #9 )SHAPE_REPRESENTATION_RELATIONSHIP( ) );
#324 = EDGE_CURVE ( 'NONE', #1535, #2446, #1500, .T. ) ;
#325 = EDGE_CURVE ( 'NONE', #241, #1766, #858, .T. ) ;
#326 = CIRCLE ( 'NONE', #1838, 5.000000000000000000 ) ;
#327 = DIRECTION ( 'NONE',  ( 1.000000000000000000, 0.000000000000000000, 0.000000000000000000 ) ) ;
#328 = DIRECTION ( 'NONE',  ( 1.000000000000000000, 0.000000000000000000, 0.000000000000000000 ) ) ;
#329 = AXIS2_PLACEMENT_3D ( 'NONE', #16, #484, #3099 ) ;
#330 = ORIENTED_EDGE ( 'NONE', *, *, #557, .F. ) ;
#331 = VERTEX_POINT ( 'NONE', #2115 ) ;
#332 = CARTESIAN_POINT ( 'NONE',  ( 30.00000000000000355, -749.5000000000000000, 300.0000000000000000 ) ) ;
#333 = AXIS2_PLACEMENT_3D ( 'NONE', #1824, #1138, #164 ) ;
#334 = VERTEX_POINT ( 'NONE', #2818 ) ;
#335 = DATE_AND_TIME ( #641, #1884 ) ;
#336 = CARTESIAN_POINT ( 'NONE',  ( 22.00000000000000711, -50.50000000000002842, 316.7999999999999545 ) ) ;
#337 = EDGE_LOOP ( 'NONE', ( #3054, #1344 ) ) ;
#338 = DIRECTION ( 'NONE',  ( 0.000000000000000000, 0.000000000000000000, 1.000000000000000000 ) ) ;
#339 = LOCAL_TIME ( 8, 49, 33.00000000000000000, #574 ) ;
#340 = VERTEX_POINT ( 'NONE', #681 ) ;
#341 = CARTESIAN_POINT ( 'NONE',  ( 5.200000000000002842, -100.0000000000000284, 300.0000000000000000 ) ) ;
#342 = EDGE_CURVE ( 'NONE', #340, #895, #2236, .T. ) ;
#343 = COORDINATED_UNIVERSAL_TIME_OFFSET ( 8, 0, .AHEAD. ) ;
#344 = ORIENTED_EDGE ( 'NONE', *, *, #1419, .T. ) ;
#345 = LINE ( 'NONE', #2327, #505 ) ;
#346 = ORIENTED_EDGE ( 'NONE', *, *, #2302, .T. ) ;
#347 = AXIS2_PLACEMENT_3D ( 'NONE', #1221, #1912, #78 ) ;
#348 = CARTESIAN_POINT ( 'NONE',  ( 30.00000000000009237, -778.0000000000000000, 300.0000000000000000 ) ) ;
#349 = CARTESIAN_POINT ( 'NONE',  ( 30.00000000000001776, -271.0000000000000000, 702.4027832905732112 ) ) ;
#350 = LINE ( 'NONE', #532, #617 ) ;
#351 = ORIENTED_EDGE ( 'NONE', *, *, #265, .T. ) ;
#352 = ADVANCED_FACE ( 'NONE', ( #142 ), #2123, .T. ) ;
#353 = CIRCLE ( 'NONE', #2874, 5.000000000000000888 ) ;
#354 = AXIS2_PLACEMENT_3D ( 'NONE', #109, #361, #338 ) ;
#355 = DIRECTION ( 'NONE',  ( 0.000000000000000000, 0.000000000000000000, 1.000000000000000000 ) ) ;
#356 = VECTOR ( 'NONE', #1953, 1000.000000000000000 ) ;
#357 = LINE ( 'NONE', #2804, #172 ) ;
#358 = LINE ( 'NONE', #1250, #1377 ) ;
#359 = APPROVAL ( #1473, '未指定' ) ;
#360 = DIRECTION ( 'NONE',  ( 0.000000000000000000, 1.000000000000000000, 0.000000000000000000 ) ) ;
#361 = DIRECTION ( 'NONE',  ( -0.000000000000000000, 1.000000000000000000, -0.000000000000000000 ) ) ;
#362 = PLANE ( 'NONE',  #2939 ) ;
#363 = ORIENTED_EDGE ( 'NONE', *, *, #183, .F. ) ;
#364 = ORIENTED_EDGE ( 'NONE', *, *, #1984, .T. ) ;
#365 = CARTESIAN_POINT ( 'NONE',  ( 13.20000000000000462, -50.50000000000002842, 316.7999999999999545 ) ) ;
#366 = VERTEX_POINT ( 'NONE', #1599 ) ;
#367 = ORGANIZATION ( 'NAUO-ORG4', 'UNSPECIFIED', 'UNSPECIFIED' ) ;
#368 = ORIENTED_EDGE ( 'NONE', *, *, #1855, .T. ) ;
#369 = AXIS2_PLACEMENT_3D ( 'NONE', #120, #1524, #95 ) ;
#370 = PERSON_AND_ORGANIZATION ( #2819, #1100 ) ;
#371 = EDGE_LOOP ( 'NONE', ( #2042, #2940, #460, #3057 ) ) ;
#372 = DIRECTION ( 'NONE',  ( -1.927470528863117076E-16, -1.000000000000000000, 0.000000000000000000 ) ) ;
#373 = DIRECTION ( 'NONE',  ( -1.000000000000000000, -0.000000000000000000, -0.000000000000000000 ) ) ;
#374 = VERTEX_POINT ( 'NONE', #697 ) ;
#375 = DIRECTION ( 'NONE',  ( 0.000000000000000000, 0.000000000000000000, -1.000000000000000000 ) ) ;
#376 = ORIENTED_EDGE ( 'NONE', *, *, #1217, .F. ) ;
#377 = EDGE_CURVE ( 'NONE', #3050, #199, #2927, .T. ) ;
#378 = CIRCLE ( 'NONE', #547, 5.000000000000000888 ) ;
#379 = ADVANCED_FACE ( 'NONE', ( #2383 ), #1395, .T. ) ;
#380 = CARTESIAN_POINT ( 'NONE',  ( 432.0000000000001705, -506.0000000000000000, 702.4027832905732112 ) ) ;
#381 = ORIENTED_EDGE ( 'NONE', *, *, #874, .F. ) ;
#382 = VECTOR ( 'NONE', #2957, 1000.000000000000000 ) ;
#383 = ORIENTED_EDGE ( 'NONE', *, *, #1588, .T. ) ;
#384 = PLANE ( 'NONE',  #2423 ) ;
#385 = CARTESIAN_POINT ( 'NONE',  ( 0.000000000000000000, 0.000000000000000000, 120.0000000000000000 ) ) ;
#386 = LINE ( 'NONE', #1596, #1592 ) ;
#387 = CYLINDRICAL_SURFACE ( 'NONE', #354, 5.000000000000000888 ) ;
#388 = FACE_OUTER_BOUND ( 'NONE', #2394, .T. ) ;
#389 = AXIS2_PLACEMENT_3D ( 'NONE', #1018, #3086, #1922 ) ;
#390 = CARTESIAN_POINT ( 'NONE',  ( 15.90000000000000036, -50.50000000000002842, 321.0500000000000114 ) ) ;
#391 = VECTOR ( 'NONE', #1409, 1000.000000000000000 ) ;
#392 = CC_DESIGN_APPROVAL ( #359, ( #1691 ) ) ;
#393 = DIRECTION ( 'NONE',  ( -0.000000000000000000, 1.000000000000000000, -0.000000000000000000 ) ) ;
#394 = CIRCLE ( 'NONE', #2210, 6.500000000000005329 ) ;
#395 = EDGE_CURVE ( 'NONE', #2506, #1434, #1720, .T. ) ;
#396 = CARTESIAN_POINT ( 'NONE',  ( 33.00000000000007105, -350.0000000000000000, 27.00000000000000711 ) ) ;
#397 = DIRECTION ( 'NONE',  ( 0.000000000000000000, -1.000000000000000000, 0.000000000000000000 ) ) ;
#398 = ORIENTED_EDGE ( 'NONE', *, *, #2778, .F. ) ;
#399 = EDGE_CURVE ( 'NONE', #2934, #194, #1083, .T. ) ;
#400 = VERTEX_POINT ( 'NONE', #890 ) ;
#401 = DIRECTION ( 'NONE',  ( 0.000000000000000000, 0.000000000000000000, -1.000000000000000000 ) ) ;
#402 = DIRECTION ( 'NONE',  ( 0.000000000000000000, 0.000000000000000000, -1.000000000000000000 ) ) ;
#403 = ORIENTED_EDGE ( 'NONE', *, *, #75, .F. ) ;
#404 = AXIS2_PLACEMENT_3D ( 'NONE', #2519, #1601, #616 ) ;
#405 = ORIENTED_EDGE ( 'NONE', *, *, #1223, .F. ) ;
#406 = DIRECTION ( 'NONE',  ( 1.000000000000000000, 1.232566680299310330E-16, -0.000000000000000000 ) ) ;
#407 = PERSON_AND_ORGANIZATION ( #2819, #1100 ) ;
#408 = ADVANCED_FACE ( 'NONE', ( #2422 ), #69, .T. ) ;
#409 = EDGE_LOOP ( 'NONE', ( #1472, #1166 ) ) ;
#410 = DIRECTION ( 'NONE',  ( -0.000000000000000000, -1.000000000000000000, -0.000000000000000000 ) ) ;
#411 = AXIS2_PLACEMENT_3D ( 'NONE', #2846, #3065, #1658 ) ;
#412 = SHAPE_REPRESENTATION_RELATIONSHIP ( 'NONE' , 'NONE' ,  #1772, #468 ) ;
#413 = CARTESIAN_POINT ( 'NONE',  ( 0.000000000000000000, 0.000000000000000000, 300.0000000000000000 ) ) ;
#414 = CARTESIAN_POINT ( 'NONE',  ( 0.000000000000000000, 0.000000000000000000, 120.0000000000000000 ) ) ;
#415 = ORIENTED_EDGE ( 'NONE', *, *, #2194, .T. ) ;
#416 = PLANE ( 'NONE',  #2736 ) ;
#417 = EDGE_LOOP ( 'NONE', ( #507, #756, #2622, #2038, #3089 ) ) ;
#418 = VECTOR ( 'NONE', #450, 1000.000000000000000 ) ;
#419 = CARTESIAN_POINT ( 'NONE',  ( 30.00000000000005329, -18.00000000000000000, -0.000000000000000000 ) ) ;
#420 = CARTESIAN_POINT ( 'NONE',  ( 15.90000000000005720, 398.5000000000000568, 15.90000000000000036 ) ) ;
#421 = ORIENTED_EDGE ( 'NONE', *, *, #3084, .T. ) ;
#422 = EDGE_CURVE ( 'NONE', #1954, #1170, #357, .T. ) ;
#423 = PERSON_AND_ORGANIZATION_ROLE ( 'design_supplier' ) ;
#424 = CARTESIAN_POINT ( 'NONE',  ( 30.00000000000000355, -50.50000000000002842, 300.0000000000000000 ) ) ;
#425 = VERTEX_POINT ( 'NONE', #1699 ) ;
#426 = AXIS2_PLACEMENT_3D ( 'NONE', #230, #2381, #220 ) ;
#427 = CIRCLE ( 'NONE', #1638, 5.000000000000000888 ) ;
#428 = CARTESIAN_POINT ( 'NONE',  ( 4.000000000000017764, 5.510910596163100402E-16, 120.0000000000000000 ) ) ;
#429 = PLANE ( 'NONE',  #2741 ) ;
#430 = LINE ( 'NONE', #2576, #2734 ) ;
#431 = LINE ( 'NONE', #2639, #2568 ) ;
#432 = DIRECTION ( 'NONE',  ( -1.000000000000000000, -1.460819769243627131E-16, 0.000000000000000000 ) ) ;
#433 = AXIS2_PLACEMENT_3D ( 'NONE', #2693, #63, #2218 ) ;
#434 = VECTOR ( 'NONE', #2142, 1000.000000000000000 ) ;
#435 = DIRECTION ( 'NONE',  ( 0.000000000000000000, 1.000000000000000000, 0.000000000000000000 ) ) ;
#436 = DIRECTION ( 'NONE',  ( -0.000000000000000000, -0.000000000000000000, -1.000000000000000000 ) ) ;
#437 = ORIENTED_EDGE ( 'NONE', *, *, #1650, .T. ) ;
#438 = DIRECTION ( 'NONE',  ( -1.000000000000000000, 0.000000000000000000, 0.000000000000000000 ) ) ;
#439 = CARTESIAN_POINT ( 'NONE',  ( 22.00000000000000711, -749.5000000000000000, 324.7999999999999545 ) ) ;
#440 = DIRECTION ( 'NONE',  ( -0.000000000000000000, 0.000000000000000000, 1.000000000000000000 ) ) ;
#441 = ORIENTED_EDGE ( 'NONE', *, *, #2956, .F. ) ;
#442 = EDGE_CURVE ( 'NONE', #400, #2861, #2923, .T. ) ;
#443 = DIRECTION ( 'NONE',  ( -1.000000000000000000, 0.000000000000000000, 0.000000000000000000 ) ) ;
#444 = ORIENTED_EDGE ( 'NONE', *, *, #2170, .F. ) ;
#445 = ADVANCED_FACE ( 'NONE', ( #1081 ), #3, .T. ) ;
#446 = CARTESIAN_POINT ( 'NONE',  ( -295.1813204887218376, 239.1428571428571388, 153.6000000000000227 ) ) ;
#447 = AXIS2_PLACEMENT_3D ( 'NONE', #2596, #406, #2842 ) ;
#448 = CARTESIAN_POINT ( 'NONE',  ( 0.000000000000000000, 0.000000000000000000, 0.000000000000000000 ) ) ;
#449 = ORIENTED_EDGE ( 'NONE', *, *, #1059, .T. ) ;
#450 = DIRECTION ( 'NONE',  ( -0.000000000000000000, -1.000000000000000000, -0.000000000000000000 ) ) ;
#451 = APPROVAL_DATE_TIME ( #2279, #1496 ) ;
#452 = DIRECTION ( 'NONE',  ( -1.288758049684149971E-16, 0.000000000000000000, 1.000000000000000000 ) ) ;
#453 = ORIENTED_EDGE ( 'NONE', *, *, #1334, .T. ) ;
#454 = CALENDAR_DATE ( 2026, 5, 6 ) ;
#455 = CARTESIAN_POINT ( 'NONE',  ( -0.000000000000000000, 350.0000000000000000, 0.000000000000000000 ) ) ;
#456 = EDGE_LOOP ( 'NONE', ( #2723, #1181, #1554, #871 ) ) ;
#457 = DIRECTION ( 'NONE',  ( 0.000000000000000000, 1.000000000000000000, 0.000000000000000000 ) ) ;
#458 = SHAPE_DEFINITION_REPRESENTATION ( #138, #1803 ) ;
#459 = APPLICATION_PROTOCOL_DEFINITION ( 'international standard', 'config_control_design', 1994, #1908 ) ;
#460 = ORIENTED_EDGE ( 'NONE', *, *, #1946, .F. ) ;
#461 = CC_DESIGN_APPROVAL ( #3103, ( #2946 ) ) ;
#462 = CARTESIAN_POINT ( 'NONE',  ( 22.00000000000000711, -50.50000000000002842, 324.7999999999999545 ) ) ;
#463 = VECTOR ( 'NONE', #958, 1000.000000000000000 ) ;
#464 = ORIENTED_EDGE ( 'NONE', *, *, #1295, .F. ) ;
#465 = CARTESIAN_POINT ( 'NONE',  ( 33.00000000000007816, -350.0000000000000000, -26.84171144931213604 ) ) ;
#466 = CARTESIAN_POINT ( 'NONE',  ( 15.90000000000005720, 398.5000000000000000, 9.399999999999995026 ) ) ;
#467 = EDGE_CURVE ( 'NONE', #1885, #2136, #2019, .T. ) ;
#468 = ADVANCED_BREP_SHAPE_REPRESENTATION ( '', ( #888, #2491, #2404 ), #318 ) ;
#469 = FACE_OUTER_BOUND ( 'NONE', #736, .T. ) ;
#470 = ORIENTED_EDGE ( 'NONE', *, *, #1792, .T. ) ;
#471 = ORIENTED_EDGE ( 'NONE', *, *, #800, .F. ) ;
#472 = DIRECTION ( 'NONE',  ( -0.000000000000000000, 1.000000000000000000, -0.000000000000000000 ) ) ;
#473 = DIRECTION ( 'NONE',  ( 0.000000000000000000, 1.000000000000000000, 0.000000000000000000 ) ) ;
#474 = LINE ( 'NONE', #2387, #2607 ) ;
#475 = EDGE_CURVE ( 'NONE', #546, #374, #3031, .T. ) ;
#476 = FACE_OUTER_BOUND ( 'NONE', #1883, .T. ) ;
#477 = APPLICATION_PROTOCOL_DEFINITION ( 'international standard', 'config_control_design', 1994, #1914 ) ;
#478 = FACE_OUTER_BOUND ( 'NONE', #2991, .T. ) ;
#479 = FACE_OUTER_BOUND ( 'NONE', #2032, .T. ) ;
#480 = CARTESIAN_POINT ( 'NONE',  ( 15.90000000000005720, -398.5000000000000000, 15.90000000000000036 ) ) ;
#481 = LINE ( 'NONE', #1373, #434 ) ;
#482 = DIRECTION ( 'NONE',  ( -0.000000000000000000, -0.000000000000000000, -1.000000000000000000 ) ) ;
#483 = PLANE ( 'NONE',  #1463 ) ;
#484 = DIRECTION ( 'NONE',  ( -0.000000000000000000, 1.000000000000000000, -0.000000000000000000 ) ) ;
#485 = VECTOR ( 'NONE', #436, 1000.000000000000000 ) ;
#486 = AXIS2_PLACEMENT_3D ( 'NONE', #1386, #3101, #1189 ) ;
#487 = APPROVAL_ROLE ( '' ) ;
#488 = VERTEX_POINT ( 'NONE', #720 ) ;
#489 = DIRECTION ( 'NONE',  ( 0.000000000000000000, 0.000000000000000000, 1.000000000000000000 ) ) ;
#490 = EDGE_CURVE ( 'NONE', #576, #2255, #1297, .T. ) ;
#491 = CARTESIAN_POINT ( 'NONE',  ( 7.961735002956730495E-14, -400.0000000000000000, 30.00000000000000000 ) ) ;
#492 = ORIENTED_EDGE ( 'NONE', *, *, #2504, .F. ) ;
#493 = EDGE_CURVE ( 'NONE', #1170, #2512, #2229, .T. ) ;
#494 = ORIENTED_EDGE ( 'NONE', *, *, #1700, .T. ) ;
#495 = ORIENTED_EDGE ( 'NONE', *, *, #1819, .T. ) ;
#496 = APPROVAL_STATUS ( 'not_yet_approved' ) ;
#497 = PERSON_AND_ORGANIZATION ( #2819, #1100 ) ;
#498 = DIRECTION ( 'NONE',  ( -0.000000000000000000, -0.000000000000000000, -1.000000000000000000 ) ) ;
#499 = VERTEX_POINT ( 'NONE', #2172 ) ;
#500 = DIRECTION ( 'NONE',  ( -1.288758049684149971E-16, -0.000000000000000000, 1.000000000000000000 ) ) ;
#501 = ADVANCED_FACE ( 'NONE', ( #1335 ), #1522, .F. ) ;
#502 = ORIENTED_EDGE ( 'NONE', *, *, #914, .F. ) ;
#503 = AXIS2_PLACEMENT_3D ( 'NONE', #1466, #749, #1436 ) ;
#504 = DIRECTION ( 'NONE',  ( -0.000000000000000000, 1.000000000000000000, -0.000000000000000000 ) ) ;
#505 = VECTOR ( 'NONE', #3038, 1000.000000000000000 ) ;
#506 = CARTESIAN_POINT ( 'NONE',  ( 7.961735002956730495E-14, 400.0000000000000000, 15.00000000000000000 ) ) ;
#507 = ORIENTED_EDGE ( 'NONE', *, *, #2055, .T. ) ;
#508 = APPROVAL_ROLE ( '' ) ;
#509 = FACE_OUTER_BOUND ( 'NONE', #203, .T. ) ;
#510 = ORIENTED_EDGE ( 'NONE', *, *, #422, .F. ) ;
#511 = FACE_OUTER_BOUND ( 'NONE', #522, .T. ) ;
#512 = PLANE ( 'NONE',  #564 ) ;
#513 = EDGE_CURVE ( 'NONE', #911, #1400, #1371, .T. ) ;
#514 = LINE ( 'NONE', #1003, #214 ) ;
#515 = LINE ( 'NONE', #100, #2646 ) ;
#516 = FACE_OUTER_BOUND ( 'NONE', #1510, .T. ) ;
#517 = CARTESIAN_POINT ( 'NONE',  ( 0.000000000000000000, 0.000000000000000000, 0.000000000000000000 ) ) ;
#518 = AXIS2_PLACEMENT_3D ( 'NONE', #1453, #457, #741 ) ;
#519 = ADVANCED_FACE ( 'NONE', ( #2963, #706 ), #1936, .F. ) ;
#520 = VECTOR ( 'NONE', #3087, 1000.000000000000000 ) ;
#521 = DIRECTION ( 'NONE',  ( -0.000000000000000000, 1.000000000000000000, -0.000000000000000000 ) ) ;
#522 = EDGE_LOOP ( 'NONE', ( #1854, #908, #647, #2012 ) ) ;
#523 = DIRECTION ( 'NONE',  ( 0.000000000000000000, 0.000000000000000000, -1.000000000000000000 ) ) ;
#524 = DIRECTION ( 'NONE',  ( -0.000000000000000000, 0.000000000000000000, 1.000000000000000000 ) ) ;
#525 = CC_DESIGN_DATE_AND_TIME_ASSIGNMENT ( #2947, #754, ( #1874 ) ) ;
#526 = ORIENTED_EDGE ( 'NONE', *, *, #2524, .T. ) ;
#527 = ORIENTED_EDGE ( 'NONE', *, *, #818, .F. ) ;
#528 = EDGE_CURVE ( 'NONE', #2743, #2758, #2559, .T. ) ;
#529 = CARTESIAN_POINT ( 'NONE',  ( 22.00000000000000711, -749.5000000000000000, 324.7999999999999545 ) ) ;
#530 = ADVANCED_FACE ( 'NONE', ( #476 ), #2416, .F. ) ;
#531 = ORIENTED_EDGE ( 'NONE', *, *, #1308, .F. ) ;
#532 = CARTESIAN_POINT ( 'NONE',  ( 0.000000000000000000, 0.000000000000000000, 0.000000000000000000 ) ) ;
#533 = EDGE_CURVE ( 'NONE', #1512, #731, #1863, .T. ) ;
#534 = DATE_AND_TIME ( #2752, #3016 ) ;
#535 = PLANE ( 'NONE',  #1359 ) ;
#536 = ORIENTED_EDGE ( 'NONE', *, *, #718, .F. ) ;
#537 = PLANE ( 'NONE',  #984 ) ;
#538 = DATE_AND_TIME ( #1353, #610 ) ;
#539 = DATE_TIME_ROLE ( 'classification_date' ) ;
#540 = ORIENTED_EDGE ( 'NONE', *, *, #2003, .F. ) ;
#541 = LINE ( 'NONE', #861, #613 ) ;
#542 = ORIENTED_EDGE ( 'NONE', *, *, #2040, .T. ) ;
#543 = CARTESIAN_POINT ( 'NONE',  ( -28.00000000000005684, -350.0000000000000000, 22.00000000000000000 ) ) ;
#544 = CARTESIAN_POINT ( 'NONE',  ( 431.9999999999998863, -778.0000000000000000, -0.000000000000000000 ) ) ;
#545 = FACE_OUTER_BOUND ( 'NONE', #2270, .T. ) ;
#546 = VERTEX_POINT ( 'NONE', #2862 ) ;
#547 = AXIS2_PLACEMENT_3D ( 'NONE', #2049, #2493, #2039 ) ;
#548 = DIRECTION ( 'NONE',  ( -1.000000000000000000, -1.460819769243627131E-16, 0.000000000000000000 ) ) ;
#549 = DIRECTION ( 'NONE',  ( 0.000000000000000000, 0.000000000000000000, 1.000000000000000000 ) ) ;
#550 = LINE ( 'NONE', #2658, #2117 ) ;
#551 = ORIENTED_EDGE ( 'NONE', *, *, #533, .F. ) ;
#552 = ADVANCED_FACE ( 'NONE', ( #27 ), #221, .F. ) ;
#553 = VERTEX_POINT ( 'NONE', #26 ) ;
#554 = VECTOR ( 'NONE', #665, 1000.000000000000000 ) ;
#555 = CIRCLE ( 'NONE', #1965, 5.049999999999998934 ) ;
#556 = DIRECTION ( 'NONE',  ( 0.000000000000000000, 0.000000000000000000, 1.000000000000000000 ) ) ;
#557 = EDGE_CURVE ( 'NONE', #1893, #2443, #2728, .T. ) ;
#558 = CARTESIAN_POINT ( 'NONE',  ( 7.961735002956730495E-14, 400.0000000000000000, 27.00000000000000355 ) ) ;
#559 = EDGE_CURVE ( 'NONE', #920, #1672, #2297, .T. ) ;
#560 = PERSON_AND_ORGANIZATION_ROLE ( 'classification_officer' ) ;
#561 = CIRCLE ( 'NONE', #19, 15.00000000000000000 ) ;
#562 = CARTESIAN_POINT ( 'NONE',  ( 30.00000000000009592, -778.0000000000000000, 300.0000000000000000 ) ) ;
#563 = ORIENTED_EDGE ( 'NONE', *, *, #2388, .F. ) ;
#564 = AXIS2_PLACEMENT_3D ( 'NONE', #2178, #2870, #245 ) ;
#565 = ADVANCED_FACE ( 'NONE', ( #2484 ), #2522, .F. ) ;
#566 = VERTEX_POINT ( 'NONE', #1964 ) ;
#567 = DIRECTION ( 'NONE',  ( -0.000000000000000000, 1.000000000000000000, -0.000000000000000000 ) ) ;
#568 = DIRECTION ( 'NONE',  ( 0.000000000000000000, 0.000000000000000000, 1.000000000000000000 ) ) ;
#569 = CC_DESIGN_PERSON_AND_ORGANIZATION_ASSIGNMENT ( #1247, #35, ( #1691 ) ) ;
#570 = ORIENTED_EDGE ( 'NONE', *, *, #2727, .F. ) ;
#571 = DATE_TIME_ROLE ( 'classification_date' ) ;
#572 = CALENDAR_DATE ( 2026, 5, 6 ) ;
#573 = EDGE_CURVE ( 'NONE', #1089, #680, #514, .T. ) ;
#574 = COORDINATED_UNIVERSAL_TIME_OFFSET ( 8, 0, .AHEAD. ) ;
#575 = CARTESIAN_POINT ( 'NONE',  ( 450.0000000000000000, 0.000000000000000000, 300.0000000000000000 ) ) ;
#576 = VERTEX_POINT ( 'NONE', #2434 ) ;
#577 = EDGE_CURVE ( 'NONE', #1956, #1672, #1416, .T. ) ;
#578 = SHAPE_DEFINITION_REPRESENTATION ( #1244, #2930 ) ;
#579 = CARTESIAN_POINT ( 'NONE',  ( 30.00000000000006040, -505.9999999999998863, 300.0000000000000000 ) ) ;
#580 = CARTESIAN_POINT ( 'NONE',  ( 15.00000000000007994, 400.0000000000000000, 0.000000000000000000 ) ) ;
#581 = ORIENTED_EDGE ( 'NONE', *, *, #2891, .T. ) ;
#582 = ADVANCED_FACE ( 'NONE', ( #1145 ), #1275, .F. ) ;
#583 = SECURITY_CLASSIFICATION_LEVEL ( 'unclassified' ) ;
#584 = FACE_OUTER_BOUND ( 'NONE', #417, .T. ) ;
#585 = ORIENTED_EDGE ( 'NONE', *, *, #559, .T. ) ;
#586 = FACE_OUTER_BOUND ( 'NONE', #2064, .T. ) ;
#587 = ORIENTED_EDGE ( 'NONE', *, *, #737, .F. ) ;
#588 = CC_DESIGN_APPROVAL ( #1455, ( #1285 ) ) ;
#589 = DIRECTION ( 'NONE',  ( -1.232566680299310330E-16, 1.000000000000000000, 0.000000000000000000 ) ) ;
#590 = DIRECTION ( 'NONE',  ( 0.000000000000000000, 0.000000000000000000, 1.000000000000000000 ) ) ;
#591 = VECTOR ( 'NONE', #2007, 1000.000000000000000 ) ;
#592 = VECTOR ( 'NONE', #2461, 1000.000000000000000 ) ;
#593 = CIRCLE ( 'NONE', #674, 6.500000000000005329 ) ;
#594 = FACE_BOUND ( 'NONE', #765, .T. ) ;
#595 = EDGE_CURVE ( 'NONE', #366, #1879, #358, .T. ) ;
#596 = ADVANCED_FACE ( 'NONE', ( #2920, #2120 ), #537, .F. ) ;
#597 = DIRECTION ( 'NONE',  ( 0.000000000000000000, -0.000000000000000000, 1.000000000000000000 ) ) ;
#598 = DIRECTION ( 'NONE',  ( 1.000000000000000000, -0.000000000000000000, 0.000000000000000000 ) ) ;
#599 = CARTESIAN_POINT ( 'NONE',  ( 432.0000000000000568, -253.0000000000000000, 20.00000000000001776 ) ) ;
#600 = ORIENTED_EDGE ( 'NONE', *, *, #1129, .F. ) ;
#601 = EDGE_LOOP ( 'NONE', ( #2112, #18, #2791, #2239 ) ) ;
#602 = AXIS2_PLACEMENT_3D ( 'NONE', #2833, #435, #224 ) ;
#603 = ORIENTED_EDGE ( 'NONE', *, *, #1792, .F. ) ;
#604 = PLANE ( 'NONE',  #2016 ) ;
#605 = DIRECTION ( 'NONE',  ( -0.000000000000000000, -1.000000000000000000, -0.000000000000000000 ) ) ;
#606 = CC_DESIGN_PERSON_AND_ORGANIZATION_ASSIGNMENT ( #2779, #560, ( #2588 ) ) ;
#607 = DATE_AND_TIME ( #835, #2667 ) ;
#608 = ORIENTED_EDGE ( 'NONE', *, *, #2188, .T. ) ;
#609 = EDGE_CURVE ( 'NONE', #1968, #2258, #1632, .T. ) ;
#610 = LOCAL_TIME ( 8, 49, 33.00000000000000000, #343 ) ;
#611 = VERTEX_POINT ( 'NONE', #2425 ) ;
#612 = DIRECTION ( 'NONE',  ( 0.000000000000000000, 0.000000000000000000, -1.000000000000000000 ) ) ;
#613 = VECTOR ( 'NONE', #1338, 1000.000000000000000 ) ;
#614 = ORIENTED_EDGE ( 'NONE', *, *, #8, .T. ) ;
#615 = DIRECTION ( 'NONE',  ( 0.000000000000000000, 1.000000000000000000, 0.000000000000000000 ) ) ;
#616 = DIRECTION ( 'NONE',  ( 0.000000000000000000, 0.000000000000000000, -1.000000000000000000 ) ) ;
#617 = VECTOR ( 'NONE', #1283, 1000.000000000000000 ) ;
#618 = CARTESIAN_POINT ( 'NONE',  ( 7.961735002956730495E-14, -400.0000000000000000, 0.000000000000000000 ) ) ;
#619 = ORIENTED_EDGE ( 'NONE', *, *, #325, .T. ) ;
#620 = LINE ( 'NONE', #50, #3102 ) ;
#621 = ORIENTED_EDGE ( 'NONE', *, *, #2132, .F. ) ;
#622 = AXIS2_PLACEMENT_3D ( 'NONE', #1853, #2566, #857 ) ;
#623 = CARTESIAN_POINT ( 'NONE',  ( 30.00000000000000355, -18.00000000000000000, 20.00000000000001776 ) ) ;
#624 = LINE ( 'NONE', #896, #1861 ) ;
#625 = LINE ( 'NONE', #145, #1826 ) ;
#626 = PRODUCT_DEFINITION_FORMATION_WITH_SPECIFIED_SOURCE ( '任何', '', #650, .NOT_KNOWN. ) ;
#627 = CARTESIAN_POINT ( 'NONE',  ( 22.00000000000000711, -700.0000000000000000, 316.7999999999999545 ) ) ;
#628 = CARTESIAN_POINT ( 'NONE',  ( -4.000000000000017764, 0.000000000000000000, 120.0000000000000000 ) ) ;
#629 = ADVANCED_FACE ( 'NONE', ( #2264 ), #1010, .F. ) ;
#630 = LINE ( 'NONE', #341, #2844 ) ;
#631 = EDGE_CURVE ( 'NONE', #1294, #2103, #2766, .T. ) ;
#632 = LINE ( 'NONE', #1179, #2025 ) ;
#633 = VERTEX_POINT ( 'NONE', #1258 ) ;
#634 = DIRECTION ( 'NONE',  ( -0.000000000000000000, -0.000000000000000000, -1.000000000000000000 ) ) ;
#635 = CARTESIAN_POINT ( 'NONE',  ( 5.200000000000006395, -50.50000000000002842, 316.7999999999999545 ) ) ;
#636 = VERTEX_POINT ( 'NONE', #2706 ) ;
#637 = DIRECTION ( 'NONE',  ( 0.000000000000000000, -0.000000000000000000, 1.000000000000000000 ) ) ;
#638 = ORIENTED_EDGE ( 'NONE', *, *, #2003, .T. ) ;
#639 =( LENGTH_UNIT ( ) NAMED_UNIT ( * ) SI_UNIT ( .MILLI., .METRE. ) );
#640 = AXIS2_PLACEMENT_3D ( 'NONE', #1795, #2268, #2739 ) ;
#641 = CALENDAR_DATE ( 2026, 5, 6 ) ;
#642 = EDGE_LOOP ( 'NONE', ( #2406, #2206 ) ) ;
#643 = APPROVAL_DATE_TIME ( #307, #3004 ) ;
#644 = DIRECTION ( 'NONE',  ( 0.000000000000000000, 0.000000000000000000, -1.000000000000000000 ) ) ;
#645 = CARTESIAN_POINT ( 'NONE',  ( 7.979727989493312634E-14, -300.0000000000000000, 27.00000000000000355 ) ) ;
#646 = EDGE_CURVE ( 'NONE', #1672, #920, #593, .T. ) ;
#647 = ORIENTED_EDGE ( 'NONE', *, *, #631, .F. ) ;
#648 = ORIENTED_EDGE ( 'NONE', *, *, #700, .F. ) ;
#649 = CARTESIAN_POINT ( 'NONE',  ( 22.00000000000000711, -100.0000000000000284, 324.7999999999999545 ) ) ;
#650 = PRODUCT ( '吊柜15-柜体_吊柜15', '吊柜15-柜体_吊柜15', '', ( #2880 ) ) ;
#651 = EDGE_CURVE ( 'NONE', #2438, #1616, #1231, .T. ) ;
#652 = VERTEX_POINT ( 'NONE', #2196 ) ;
#653 = VECTOR ( 'NONE', #1888, 1000.000000000000114 ) ;
#654 = AXIS2_PLACEMENT_3D ( 'NONE', #2621, #3067, #687 ) ;
#655 = VERTEX_POINT ( 'NONE', #2684 ) ;
#656 = CARTESIAN_POINT ( 'NONE',  ( 7.961735002956730495E-14, 400.0000000000000000, 30.00000000000000000 ) ) ;
#657 = ADVANCED_FACE ( 'NONE', ( #2917 ), #1713, .F. ) ;
#658 = ADVANCED_BREP_SHAPE_REPRESENTATION ( '', ( #2134, #2404 ), #1828 ) ;
#659 = VECTOR ( 'NONE', #2742, 1000.000000000000000 ) ;
#660 = PLANE ( 'NONE',  #2253 ) ;
#661 = DIRECTION ( 'NONE',  ( 1.460819769243627131E-16, -1.000000000000000000, 0.000000000000000000 ) ) ;
#662 = VECTOR ( 'NONE', #270, 1000.000000000000000 ) ;
#663 = AXIS2_PLACEMENT_3D ( 'NONE', #2839, #440, #219 ) ;
#664 = CARTESIAN_POINT ( 'NONE',  ( 15.00000000000007994, 350.0000000000000000, 15.00000000000000000 ) ) ;
#665 = DIRECTION ( 'NONE',  ( -0.000000000000000000, -0.000000000000000000, -1.000000000000000000 ) ) ;
#666 = CARTESIAN_POINT ( 'NONE',  ( 13.20000000000000462, -100.0000000000000284, 316.7999999999999545 ) ) ;
#667 = LINE ( 'NONE', #2100, #2492 ) ;
#668 = EDGE_CURVE ( 'NONE', #2203, #1235, #1006, .T. ) ;
#669 = DIRECTION ( 'NONE',  ( -2.065146995210486914E-16, 0.000000000000000000, -1.000000000000000000 ) ) ;
#670 = CARTESIAN_POINT ( 'NONE',  ( 0.000000000000000000, 0.000000000000000000, 30.00000000000000000 ) ) ;
#671 = ORIENTED_EDGE ( 'NONE', *, *, #2284, .T. ) ;
#672 = ADVANCED_FACE ( 'NONE', ( #2840, #2023, #2339 ), #2222, .T. ) ;
#673 = SECURITY_CLASSIFICATION_LEVEL ( 'unclassified' ) ;
#674 = AXIS2_PLACEMENT_3D ( 'NONE', #1239, #290, #67 ) ;
#675 = VERTEX_POINT ( 'NONE', #1048 ) ;
#676 = DIRECTION ( 'NONE',  ( -1.000000000000000000, 0.000000000000000000, 0.000000000000000000 ) ) ;
#677 = CARTESIAN_POINT ( 'NONE',  ( 15.90000000000005720, -350.0000000000000000, 20.90000000000000213 ) ) ;
#678 = ORIENTED_EDGE ( 'NONE', *, *, #2170, .T. ) ;
#679 = COORDINATED_UNIVERSAL_TIME_OFFSET ( 8, 0, .AHEAD. ) ;
#680 = VERTEX_POINT ( 'NONE', #599 ) ;
#681 = CARTESIAN_POINT ( 'NONE',  ( 7.961735002956730495E-14, -299.9999999999999432, 15.00000000000000000 ) ) ;
#682 = CALENDAR_DATE ( 2026, 5, 6 ) ;
#683 = ORIENTED_EDGE ( 'NONE', *, *, #342, .T. ) ;
#684 = MECHANICAL_CONTEXT ( 'NONE', #1908, 'mechanical' ) ;
#685 = APPROVAL ( #1462, '未指定' ) ;
#686 = APPROVAL_PERSON_ORGANIZATION ( #1811, #3004, #487 ) ;
#687 = DIRECTION ( 'NONE',  ( 0.000000000000000000, 0.000000000000000000, -1.000000000000000000 ) ) ;
#688 = DIRECTION ( 'NONE',  ( -0.000000000000000000, 1.000000000000000000, -0.000000000000000000 ) ) ;
#689 = VERTEX_POINT ( 'NONE', #760 ) ;
#690 = DIRECTION ( 'NONE',  ( -0.000000000000000000, 1.000000000000000000, -0.000000000000000000 ) ) ;
#691 = DIRECTION ( 'NONE',  ( -1.000000000000000000, 0.000000000000000000, -1.288758049684149971E-16 ) ) ;
#692 = EDGE_CURVE ( 'NONE', #675, #1341, #2649, .T. ) ;
#693 = CARTESIAN_POINT ( 'NONE',  ( 450.0000000000001137, -777.9999999999998863, 280.0000000000000000 ) ) ;
#694 = ORIENTED_EDGE ( 'NONE', *, *, #2329, .T. ) ;
#695 = CIRCLE ( 'NONE', #64, 4.000000000000017764 ) ;
#696 = DIRECTION ( 'NONE',  ( -0.000000000000000000, -0.000000000000000000, -1.000000000000000000 ) ) ;
#697 = CARTESIAN_POINT ( 'NONE',  ( 30.00000000000001421, -100.0000000000000284, 300.0000000000000000 ) ) ;
#698 = ORIENTED_EDGE ( 'NONE', *, *, #93, .F. ) ;
#699 = PERSON ( 'NAUO-PER3', 'UNSPECIFIED', 'UNSPECIFIED', ('UNSPECIFIED'), ('UNSPECIFIED'), ('UNSPECIFIED') ) ;
#700 = EDGE_CURVE ( 'NONE', #2896, #132, #2691, .T. ) ;
#701 =( NAMED_UNIT ( * ) PLANE_ANGLE_UNIT ( ) SI_UNIT ( $, .RADIAN. ) );
#702 = ORIENTED_EDGE ( 'NONE', *, *, #1777, .T. ) ;
#703 = DIRECTION ( 'NONE',  ( -1.460819769243627131E-16, 1.000000000000000000, -0.000000000000000000 ) ) ;
#704 = CARTESIAN_POINT ( 'NONE',  ( 5.200000000000002842, -50.50000000000002842, 300.0000000000000000 ) ) ;
#705 = CARTESIAN_POINT ( 'NONE',  ( 432.0000000000000568, -271.0000000000000000, 20.00000000000001776 ) ) ;
#706 = FACE_OUTER_BOUND ( 'NONE', #1314, .T. ) ;
#707 = CYLINDRICAL_SURFACE ( 'NONE', #256, 8.000000000000007105 ) ;
#708 = LINE ( 'NONE', #455, #3066 ) ;
#709 = DIRECTION ( 'NONE',  ( 0.000000000000000000, -1.000000000000000000, 0.000000000000000000 ) ) ;
#710 = AXIS2_PLACEMENT_3D ( 'NONE', #1293, #2986, #355 ) ;
#711 =( LENGTH_UNIT ( ) NAMED_UNIT ( * ) SI_UNIT ( .MILLI., .METRE. ) );
#712 = CARTESIAN_POINT ( 'NONE',  ( 15.90000000000005720, 350.0000000000000000, 10.90000000000000036 ) ) ;
#713 = CC_DESIGN_PERSON_AND_ORGANIZATION_ASSIGNMENT ( #2981, #2973, ( #2427 ) ) ;
#714 = VECTOR ( 'NONE', #1837, 1000.000000000000000 ) ;
#715 = DIRECTION ( 'NONE',  ( 0.000000000000000000, 0.000000000000000000, -1.000000000000000000 ) ) ;
#716 = DIRECTION ( 'NONE',  ( -0.000000000000000000, -0.000000000000000000, -1.000000000000000000 ) ) ;
#717 = ORIENTED_EDGE ( 'NONE', *, *, #2228, .F. ) ;
#718 = EDGE_CURVE ( 'NONE', #1185, #2000, #1111, .T. ) ;
#719 = DIRECTION ( 'NONE',  ( 1.000000000000000000, 0.000000000000000000, 0.000000000000000000 ) ) ;
#720 = CARTESIAN_POINT ( 'NONE',  ( 432.0000000000001137, -778.0000000000000000, 20.00000000000000000 ) ) ;
#721 = VERTEX_POINT ( 'NONE', #1548 ) ;
#722 = PERSON_AND_ORGANIZATION_ROLE ( 'creator' ) ;
#723 = AXIS2_PLACEMENT_3D ( 'NONE', #901, #397, #184 ) ;
#724 = ORIENTED_EDGE ( 'NONE', *, *, #2999, .F. ) ;
#725 = DIRECTION ( 'NONE',  ( -1.000000000000000000, -0.000000000000000000, -1.137523590804461357E-16 ) ) ;
#726 = LOCAL_TIME ( 8, 49, 33.00000000000000000, #1926 ) ;
#727 = VERTEX_POINT ( 'NONE', #1088 ) ;
#728 = AXIS2_PLACEMENT_3D ( 'NONE', #2045, #605, #289 ) ;
#729 = CALENDAR_DATE ( 2026, 5, 6 ) ;
#730 = CARTESIAN_POINT ( 'NONE',  ( 22.00000000000000711, -50.50000000000002842, 316.7999999999999545 ) ) ;
#731 = VERTEX_POINT ( 'NONE', #1315 ) ;
#732 = DIRECTION ( 'NONE',  ( -1.000000000000000000, 0.000000000000000000, 0.000000000000000000 ) ) ;
#733 = CC_DESIGN_PERSON_AND_ORGANIZATION_ASSIGNMENT ( #1027, #977, ( #2610 ) ) ;
#734 = DIRECTION ( 'NONE',  ( -1.000000000000000000, 0.000000000000000000, 0.000000000000000000 ) ) ;
#735 = CYLINDRICAL_SURFACE ( 'NONE', #710, 8.000000000000007105 ) ;
#736 = EDGE_LOOP ( 'NONE', ( #1257, #2015, #2809, #2997 ) ) ;
#737 = EDGE_CURVE ( 'NONE', #1849, #633, #1944, .T. ) ;
#738 = VECTOR ( 'NONE', #2289, 1000.000000000000000 ) ;
#739 = ORIENTED_EDGE ( 'NONE', *, *, #981, .T. ) ;
#740 = CARTESIAN_POINT ( 'NONE',  ( 22.00000000000000711, -100.0000000000000284, 324.7999999999999545 ) ) ;
#741 = DIRECTION ( 'NONE',  ( 0.000000000000000000, 0.000000000000000000, 1.000000000000000000 ) ) ;
#742 = VECTOR ( 'NONE', #1704, 1000.000000000000000 ) ;
#743 = EDGE_CURVE ( 'NONE', #2438, #721, #2731, .T. ) ;
#744 = VECTOR ( 'NONE', #2878, 1000.000000000000000 ) ;
#745 = APPLICATION_CONTEXT ( 'configuration controlled 3d designs of mechanical parts and assemblies' ) ;
#746 = VECTOR ( 'NONE', #876, 1000.000000000000000 ) ;
#747 = FACE_OUTER_BOUND ( 'NONE', #371, .T. ) ;
#748 = CARTESIAN_POINT ( 'NONE',  ( 22.00000000000000711, -700.0000000000000000, 316.7999999999999545 ) ) ;
#749 = DIRECTION ( 'NONE',  ( 1.000000000000000000, -1.460819769243627131E-16, 0.000000000000000000 ) ) ;
#750 = AXIS2_PLACEMENT_3D ( 'NONE', #385, #180, #1447 ) ;
#751 = PRODUCT_DEFINITION_SHAPE ( 'NONE', 'NONE',  #3118 ) ;
#752 = CARTESIAN_POINT ( 'NONE',  ( 30.00000000000009237, -778.0000000000000000, 702.4027832905732112 ) ) ;
#753 = CYLINDRICAL_SURFACE ( 'NONE', #1260, 6.450000000000001066 ) ;
#754 = DATE_TIME_ROLE ( 'classification_date' ) ;
#755 = ORIENTED_EDGE ( 'NONE', *, *, #2465, .T. ) ;
#756 = ORIENTED_EDGE ( 'NONE', *, *, #1255, .T. ) ;
#757 = EDGE_CURVE ( 'NONE', #1, #1933, #555, .T. ) ;
#758 = ORIENTED_EDGE ( 'NONE', *, *, #1629, .T. ) ;
#759 = DIRECTION ( 'NONE',  ( 0.000000000000000000, 0.000000000000000000, 1.000000000000000000 ) ) ;
#760 = CARTESIAN_POINT ( 'NONE',  ( 15.90000000000005720, -398.5000000000000000, 9.399999999999995026 ) ) ;
#761 = PERSON_AND_ORGANIZATION ( #1198, #231 ) ;
#762 = ORIENTED_EDGE ( 'NONE', *, *, #2656, .F. ) ;
#763 = MECHANICAL_CONTEXT ( 'NONE', #2608, 'mechanical' ) ;
#764 = LOCAL_TIME ( 8, 49, 33.00000000000000000, #1961 ) ;
#765 = EDGE_LOOP ( 'NONE', ( #1613, #1019 ) ) ;
#766 = APPROVAL_PERSON_ORGANIZATION ( #804, #1455, #2145 ) ;
#767 = ORIENTED_EDGE ( 'NONE', *, *, #1593, .T. ) ;
#768 = CC_DESIGN_PERSON_AND_ORGANIZATION_ASSIGNMENT ( #2951, #1619, ( #1881 ) ) ;
#769 = DIRECTION ( 'NONE',  ( -1.000000000000000000, -1.460819769243627131E-16, 0.000000000000000000 ) ) ;
#770 = FACE_BOUND ( 'NONE', #2955, .T. ) ;
#771 = DIRECTION ( 'NONE',  ( -0.000000000000000000, -1.000000000000000000, -0.000000000000000000 ) ) ;
#772 = ORIENTED_EDGE ( 'NONE', *, *, #1308, .T. ) ;
#773 = ADVANCED_FACE ( 'NONE', ( #1457 ), #387, .F. ) ;
#774 = FACE_BOUND ( 'NONE', #1930, .T. ) ;
#775 = EDGE_LOOP ( 'NONE', ( #1779, #11, #274, #2005 ) ) ;
#776 = LINE ( 'NONE', #306, #2151 ) ;
#777 = DIRECTION ( 'NONE',  ( -1.000000000000000000, 0.000000000000000000, 0.000000000000000000 ) ) ;
#778 = EDGE_CURVE ( 'NONE', #731, #1512, #2158, .T. ) ;
#779 = VECTOR ( 'NONE', #1234, 1000.000000000000000 ) ;
#780 = DIRECTION ( 'NONE',  ( 0.000000000000000000, 0.000000000000000000, -1.000000000000000000 ) ) ;
#781 = VECTOR ( 'NONE', #2478, 1000.000000000000000 ) ;
#782 = AXIS2_PLACEMENT_3D ( 'NONE', #240, #473, #2910 ) ;
#783 = PERSON_AND_ORGANIZATION_ROLE ( 'creator' ) ;
#784 = DIRECTION ( 'NONE',  ( 0.000000000000000000, 0.000000000000000000, 1.000000000000000000 ) ) ;
#785 = DIRECTION ( 'NONE',  ( 0.000000000000000000, -0.000000000000000000, 1.000000000000000000 ) ) ;
#786 = AXIS2_PLACEMENT_3D ( 'NONE', #1405, #1911, #209 ) ;
#787 = LINE ( 'NONE', #967, #1567 ) ;
#788 = DIRECTION ( 'NONE',  ( 0.000000000000000000, 0.000000000000000000, -1.000000000000000000 ) ) ;
#789 = CARTESIAN_POINT ( 'NONE',  ( -4.000000000000017764, 0.000000000000000000, 120.0000000000000000 ) ) ;
#790 = CARTESIAN_POINT ( 'NONE',  ( 0.000000000000000000, 0.000000000000000000, 20.00000000000000000 ) ) ;
#791 = CC_DESIGN_APPROVAL ( #1056, ( #626 ) ) ;
#792 = ORIENTED_EDGE ( 'NONE', *, *, #957, .F. ) ;
#793 = CARTESIAN_POINT ( 'NONE',  ( 0.000000000000000000, 0.000000000000000000, 20.00000000000000000 ) ) ;
#794 = ORIENTED_EDGE ( 'NONE', *, *, #1755, .T. ) ;
#795 = EDGE_CURVE ( 'NONE', #2443, #1954, #321, .T. ) ;
#796 = PERSON_AND_ORGANIZATION ( #17, #367 ) ;
#797 = DIRECTION ( 'NONE',  ( 1.000000000000000000, 0.000000000000000000, 0.000000000000000000 ) ) ;
#798 = PRODUCT_DEFINITION_SHAPE ( 'NONE', 'NONE',  #2946 ) ;
#799 = ORIENTED_EDGE ( 'NONE', *, *, #2702, .T. ) ;
#800 = EDGE_CURVE ( 'NONE', #1104, #1512, #2379, .T. ) ;
#801 = CARTESIAN_POINT ( 'NONE',  ( 502.0000000000003411, -777.9999999999998863, 279.9999999999999432 ) ) ;
#802 = CARTESIAN_POINT ( 'NONE',  ( 30.00000000000009592, -760.0000000000000000, 702.4027832905732112 ) ) ;
#803 = ORIENTED_EDGE ( 'NONE', *, *, #1593, .F. ) ;
#804 = PERSON_AND_ORGANIZATION ( #2819, #1100 ) ;
#805 = ADVANCED_FACE ( 'NONE', ( #1228 ), #3061, .F. ) ;
#806 = ORIENTED_EDGE ( 'NONE', *, *, #12, .T. ) ;
#807 = ORIENTED_EDGE ( 'NONE', *, *, #1460, .F. ) ;
#808 = CARTESIAN_POINT ( 'NONE',  ( 30.00000000000001776, -271.0000000000000000, 300.0000000000000000 ) ) ;
#809 = ORIENTED_EDGE ( 'NONE', *, *, #2342, .T. ) ;
#810 = CC_DESIGN_PERSON_AND_ORGANIZATION_ASSIGNMENT ( #2355, #2892, ( #650 ) ) ;
#811 = DIRECTION ( 'NONE',  ( -0.000000000000000000, -0.000000000000000000, -1.000000000000000000 ) ) ;
#812 = CARTESIAN_POINT ( 'NONE',  ( 30.00000000000009592, -760.0000000000000000, 300.0000000000000000 ) ) ;
#813 = ORIENTED_EDGE ( 'NONE', *, *, #1501, .F. ) ;
#814 = EDGE_CURVE ( 'NONE', #1400, #1960, #1372, .T. ) ;
#815 = LINE ( 'NONE', #465, #170 ) ;
#816 = FACE_OUTER_BOUND ( 'NONE', #2669, .T. ) ;
#817 = LINE ( 'NONE', #1055, #1147 ) ;
#818 = EDGE_CURVE ( 'NONE', #655, #1185, #3000, .T. ) ;
#819 = DIRECTION ( 'NONE',  ( -0.000000000000000000, -0.000000000000000000, -1.000000000000000000 ) ) ;
#820 = CARTESIAN_POINT ( 'NONE',  ( 15.90000000000005720, -398.5000000000000000, 10.90000000000000036 ) ) ;
#821 = DIRECTION ( 'NONE',  ( -0.000000000000000000, -0.000000000000000000, -1.000000000000000000 ) ) ;
#822 = AXIS2_PLACEMENT_3D ( 'NONE', #918, #2585, #734 ) ;
#823 = SECURITY_CLASSIFICATION_LEVEL ( 'unclassified' ) ;
#824 = LINE ( 'NONE', #2364, #140 ) ;
#825 = EDGE_LOOP ( 'NONE', ( #1261, #1603, #833, #1843 ) ) ;
#826 = AXIS2_PLACEMENT_3D ( 'NONE', #1971, #2232, #2001 ) ;
#827 = ORIENTED_EDGE ( 'NONE', *, *, #48, .F. ) ;
#828 = DIRECTION ( 'NONE',  ( -0.000000000000000000, -1.000000000000000000, -0.000000000000000000 ) ) ;
#829 = ADVANCED_FACE ( 'NONE', ( #2051 ), #2242, .T. ) ;
#830 = EDGE_LOOP ( 'NONE', ( #415, #2848 ) ) ;
#831 = COORDINATED_UNIVERSAL_TIME_OFFSET ( 8, 0, .AHEAD. ) ;
#832 = EDGE_CURVE ( 'NONE', #2714, #1329, #2417, .T. ) ;
#833 = ORIENTED_EDGE ( 'NONE', *, *, #651, .T. ) ;
#834 = DIRECTION ( 'NONE',  ( 1.000000000000000000, 0.000000000000000000, 1.137523590804461357E-16 ) ) ;
#835 = CALENDAR_DATE ( 2026, 5, 6 ) ;
#836 = VERTEX_POINT ( 'NONE', #580 ) ;
#837 = LOCAL_TIME ( 8, 49, 33.00000000000000000, #1402 ) ;
#838 = DIRECTION ( 'NONE',  ( 1.000000000000000000, 0.000000000000000000, 0.000000000000000000 ) ) ;
#839 = DIRECTION ( 'NONE',  ( -0.000000000000000000, 1.000000000000000000, -0.000000000000000000 ) ) ;
#840 = EDGE_LOOP ( 'NONE', ( #619, #570, #540, #1492 ) ) ;
#841 = FACE_BOUND ( 'NONE', #2666, .T. ) ;
#842 = ORIENTED_EDGE ( 'NONE', *, *, #2904, .T. ) ;
#843 = CIRCLE ( 'NONE', #433, 5.000000000000000888 ) ;
#844 = ORIENTED_EDGE ( 'NONE', *, *, #1959, .F. ) ;
#845 = ADVANCED_FACE ( 'NONE', ( #816 ), #2456, .T. ) ;
#846 = LINE ( 'NONE', #1934, #2790 ) ;
#847 = CC_DESIGN_PERSON_AND_ORGANIZATION_ASSIGNMENT ( #912, #2405, ( #143 ) ) ;
#848 = EDGE_LOOP ( 'NONE', ( #1086, #809 ) ) ;
#849 = CARTESIAN_POINT ( 'NONE',  ( 33.00000000000007105, 300.0000000000000000, 27.00000000000000711 ) ) ;
#850 = CARTESIAN_POINT ( 'NONE',  ( 15.90000000000005720, 400.0000000000000000, 15.90000000000000036 ) ) ;
#851 = DIRECTION ( 'NONE',  ( 0.000000000000000000, -0.000000000000000000, -1.000000000000000000 ) ) ;
#852 = LINE ( 'NONE', #1812, #1595 ) ;
#853 = EDGE_CURVE ( 'NONE', #2532, #553, #2485, .T. ) ;
#854 = EDGE_CURVE ( 'NONE', #3085, #836, #515, .T. ) ;
#855 = VECTOR ( 'NONE', #716, 1000.000000000000000 ) ;
#856 = CARTESIAN_POINT ( 'NONE',  ( 30.00000000000006395, -524.0000000000000000, 300.0000000000000000 ) ) ;
#857 = DIRECTION ( 'NONE',  ( 1.000000000000000000, 0.000000000000000000, 0.000000000000000000 ) ) ;
#858 = LINE ( 'NONE', #2831, #222 ) ;
#859 = ORIENTED_EDGE ( 'NONE', *, *, #2322, .T. ) ;
#860 = ADVANCED_FACE ( 'NONE', ( #478 ), #707, .T. ) ;
#861 = CARTESIAN_POINT ( 'NONE',  ( 15.90000000000005720, -398.5000000000000000, 9.399999999999995026 ) ) ;
#862 = AXIS2_PLACEMENT_3D ( 'NONE', #2516, #2757, #3021 ) ;
#863 = VERTEX_POINT ( 'NONE', #628 ) ;
#864 = ORIENTED_EDGE ( 'NONE', *, *, #2681, .F. ) ;
#865 = DIRECTION ( 'NONE',  ( -0.000000000000000000, -1.000000000000000000, -0.000000000000000000 ) ) ;
#866 = PLANE ( 'NONE',  #1845 ) ;
#867 = DATE_AND_TIME ( #1243, #2501 ) ;
#868 = ORIENTED_EDGE ( 'NONE', *, *, #778, .F. ) ;
#869 = EDGE_CURVE ( 'NONE', #1616, #2952, #1418, .T. ) ;
#870 = PERSON_AND_ORGANIZATION ( #2819, #1100 ) ;
#871 = ORIENTED_EDGE ( 'NONE', *, *, #1346, .F. ) ;
#872 = VECTOR ( 'NONE', #2092, 1000.000000000000000 ) ;
#873 = EDGE_LOOP ( 'NONE', ( #112, #2542, #2931, #1254, #2066, #2175, #842, #1797, #739 ) ) ;
#874 = EDGE_CURVE ( 'NONE', #1652, #1235, #2560, .T. ) ;
#875 = CARTESIAN_POINT ( 'NONE',  ( 22.00000000000000711, -700.0000000000000000, 324.7999999999999545 ) ) ;
#876 = DIRECTION ( 'NONE',  ( -0.000000000000000000, -1.000000000000000000, -0.000000000000000000 ) ) ;
#877 = VECTOR ( 'NONE', #1591, 1000.000000000000000 ) ;
#878 = ORIENTED_EDGE ( 'NONE', *, *, #1904, .T. ) ;
#879 = CARTESIAN_POINT ( 'NONE',  ( 30.00000000000000355, -700.0000000000000000, 300.0000000000000000 ) ) ;
#880 = ORIENTED_EDGE ( 'NONE', *, *, #2859, .T. ) ;
#881 = AXIS2_PLACEMENT_3D ( 'NONE', #2969, #1502, #2682 ) ;
#882 = CIRCLE ( 'NONE', #1303, 5.000000000000000888 ) ;
#883 = DIRECTION ( 'NONE',  ( -0.000000000000000000, 1.000000000000000000, -0.000000000000000000 ) ) ;
#884 = CYLINDRICAL_SURFACE ( 'NONE', #3069, 15.00000000000000000 ) ;
#885 = CC_DESIGN_SECURITY_CLASSIFICATION ( #2610, ( #1691 ) ) ;
#886 = VECTOR ( 'NONE', #2717, 1000.000000000000000 ) ;
#887 = EDGE_CURVE ( 'NONE', #194, #1434, #2020, .T. ) ;
#888 = MANIFOLD_SOLID_BREP ( '凸台-拉伸6', #2509 ) ;
#889 = DIRECTION ( 'NONE',  ( 0.000000000000000000, 1.000000000000000000, 0.000000000000000000 ) ) ;
#890 = CARTESIAN_POINT ( 'NONE',  ( 432.0000000000000000, -18.00000000000000000, 2.000000000000000000 ) ) ;
#891 = PERSON ( 'NAUO-PER2', 'UNSPECIFIED', 'UNSPECIFIED', ('UNSPECIFIED'), ('UNSPECIFIED'), ('UNSPECIFIED') ) ;
#892 = PLANE ( 'NONE',  #2084 ) ;
#893 = VECTOR ( 'NONE', #2884, 1000.000000000000000 ) ;
#894 = EDGE_CURVE ( 'NONE', #727, #1745, #2523, .T. ) ;
#895 = VERTEX_POINT ( 'NONE', #645 ) ;
#896 = CARTESIAN_POINT ( 'NONE',  ( 5.200000000000002842, -700.0000000000000000, 300.0000000000000000 ) ) ;
#897 = DIRECTION ( 'NONE',  ( 0.000000000000000000, 0.000000000000000000, -1.000000000000000000 ) ) ;
#898 = CARTESIAN_POINT ( 'NONE',  ( 30.00000000000009237, -778.0000000000000000, 20.00000000000000000 ) ) ;
#899 = ORIENTED_EDGE ( 'NONE', *, *, #800, .T. ) ;
#900 = AXIS2_PLACEMENT_3D ( 'NONE', #2841, #1408, #1615 ) ;
#901 = CARTESIAN_POINT ( 'NONE',  ( -28.00000000000005684, 350.0000000000000000, 22.00000000000000000 ) ) ;
#902 = COORDINATED_UNIVERSAL_TIME_OFFSET ( 8, 0, .AHEAD. ) ;
#903 = ORIENTED_EDGE ( 'NONE', *, *, #167, .T. ) ;
#904 = CARTESIAN_POINT ( 'NONE',  ( -0.000000000000000000, -300.0000000000000000, 0.000000000000000000 ) ) ;
#905 = CC_DESIGN_PERSON_AND_ORGANIZATION_ASSIGNMENT ( #370, #1531, ( #2946 ) ) ;
#906 = ORGANIZATION ( 'NAUO-ORG2', 'UNSPECIFIED', 'UNSPECIFIED' ) ;
#907 = CARTESIAN_POINT ( 'NONE',  ( 13.20000000000000639, -700.0000000000000000, 324.7999999999999545 ) ) ;
#908 = ORIENTED_EDGE ( 'NONE', *, *, #2153, .F. ) ;
#909 = LOCAL_TIME ( 8, 49, 33.00000000000000000, #1768 ) ;
#910 = CARTESIAN_POINT ( 'NONE',  ( -5.000000000000000000, 0.000000000000000000, 120.0000000000000000 ) ) ;
#911 = VERTEX_POINT ( 'NONE', #856 ) ;
#912 = PERSON_AND_ORGANIZATION ( #2819, #1100 ) ;
#913 = VERTEX_POINT ( 'NONE', #1326 ) ;
#914 = EDGE_CURVE ( 'NONE', #2725, #2603, #2609, .T. ) ;
#915 = LINE ( 'NONE', #2014, #97 ) ;
#916 = PERSON_AND_ORGANIZATION_ROLE ( 'classification_officer' ) ;
#917 = ORIENTED_EDGE ( 'NONE', *, *, #213, .T. ) ;
#918 = CARTESIAN_POINT ( 'NONE',  ( 0.000000000000000000, 0.000000000000000000, 0.000000000000000000 ) ) ;
#919 = CIRCLE ( 'NONE', #945, 8.000000000000007105 ) ;
#920 = VERTEX_POINT ( 'NONE', #3015 ) ;
#921 = DIRECTION ( 'NONE',  ( -1.232566680299310330E-16, 1.000000000000000000, 0.000000000000000000 ) ) ;
#922 = FACE_BOUND ( 'NONE', #848, .T. ) ;
#923 = ORIENTED_EDGE ( 'NONE', *, *, #2886, .T. ) ;
#924 = DIRECTION ( 'NONE',  ( 0.000000000000000000, 0.000000000000000000, 1.000000000000000000 ) ) ;
#925 = DIRECTION ( 'NONE',  ( 0.000000000000000000, 0.000000000000000000, 1.000000000000000000 ) ) ;
#926 = LINE ( 'NONE', #348, #29 ) ;
#927 = CC_DESIGN_PERSON_AND_ORGANIZATION_ASSIGNMENT ( #1966, #722, ( #1285 ) ) ;
#928 = LINE ( 'NONE', #3095, #971 ) ;
#929 = CARTESIAN_POINT ( 'NONE',  ( 432.0000000000000000, -18.00000000000000000, 300.0000000000000000 ) ) ;
#930 = DIRECTION ( 'NONE',  ( 0.000000000000000000, 0.000000000000000000, 1.000000000000000000 ) ) ;
#931 = VECTOR ( 'NONE', #2579, 1000.000000000000000 ) ;
#932 = CARTESIAN_POINT ( 'NONE',  ( 30.00000000000000355, -100.0000000000000284, 300.0000000000000000 ) ) ;
#933 = UNCERTAINTY_MEASURE_WITH_UNIT (LENGTH_MEASURE( 1.000000000000000082E-05 ), #1103, 'distance_accuracy_value', 'NONE');
#934 = EDGE_CURVE ( 'NONE', #2152, #1476, #1909, .T. ) ;
#935 = DIRECTION ( 'NONE',  ( 0.000000000000000000, -0.000000000000000000, -1.000000000000000000 ) ) ;
#936 = VECTOR ( 'NONE', #1152, 1000.000000000000000 ) ;
#937 = DIRECTION ( 'NONE',  ( 1.000000000000000000, 0.000000000000000000, 0.000000000000000000 ) ) ;
#938 = AXIS2_PLACEMENT_3D ( 'NONE', #1024, #771, #2182 ) ;
#939 = ORIENTED_EDGE ( 'NONE', *, *, #2228, .T. ) ;
#940 = DIRECTION ( 'NONE',  ( -0.000000000000000000, 1.000000000000000000, -0.000000000000000000 ) ) ;
#941 = CARTESIAN_POINT ( 'NONE',  ( 33.00000000000007816, -300.0000000000000000, -26.84171144931213604 ) ) ;
#942 = VERTEX_POINT ( 'NONE', #175 ) ;
#943 = CARTESIAN_POINT ( 'NONE',  ( 7.961735002956730495E-14, -350.0000000000000000, 30.00000000000000000 ) ) ;
#944 = VERTEX_POINT ( 'NONE', #1362 ) ;
#945 = AXIS2_PLACEMENT_3D ( 'NONE', #666, #1891, #2849 ) ;
#946 = EDGE_LOOP ( 'NONE', ( #158, #2704 ) ) ;
#947 = DIRECTION ( 'NONE',  ( 0.000000000000000000, 1.000000000000000000, 0.000000000000000000 ) ) ;
#948 = PERSON_AND_ORGANIZATION ( #2819, #1100 ) ;
#949 = ORIENTED_EDGE ( 'NONE', *, *, #2656, .T. ) ;
#950 =( NAMED_UNIT ( * ) PLANE_ANGLE_UNIT ( ) SI_UNIT ( $, .RADIAN. ) );
#951 = CC_DESIGN_PERSON_AND_ORGANIZATION_ASSIGNMENT ( #2360, #916, ( #1015 ) ) ;
#952 = DATE_AND_TIME ( #2860, #1251 ) ;
#953 = DIRECTION ( 'NONE',  ( 0.000000000000000000, -1.000000000000000000, 0.000000000000000000 ) ) ;
#954 = ORIENTED_EDGE ( 'NONE', *, *, #743, .T. ) ;
#955 = DIRECTION ( 'NONE',  ( -0.000000000000000000, 1.000000000000000000, -0.000000000000000000 ) ) ;
#956 = DIRECTION ( 'NONE',  ( 0.000000000000000000, 0.000000000000000000, 1.000000000000000000 ) ) ;
#957 = EDGE_CURVE ( 'NONE', #1294, #2753, #3032, .T. ) ;
#958 = DIRECTION ( 'NONE',  ( -0.000000000000000000, 1.000000000000000000, -0.000000000000000000 ) ) ;
#959 = ORIENTED_EDGE ( 'NONE', *, *, #1346, .T. ) ;
#960 = CARTESIAN_POINT ( 'NONE',  ( 30.00000000000009592, -760.0000000000000000, 702.4027832905732112 ) ) ;
#961 = VECTOR ( 'NONE', #1113, 1000.000000000000000 ) ;
#962 = DIRECTION ( 'NONE',  ( -0.000000000000000000, 1.000000000000000000, -0.000000000000000000 ) ) ;
#963 = EDGE_CURVE ( 'NONE', #38, #2200, #2298, .T. ) ;
#964 = DIRECTION ( 'NONE',  ( -0.8371691043312223801, 0.000000000000000000, -0.5469441386039887165 ) ) ;
#965 = CIRCLE ( 'NONE', #1205, 5.049999999999998934 ) ;
#966 = ORIENTED_EDGE ( 'NONE', *, *, #162, .T. ) ;
#967 = CARTESIAN_POINT ( 'NONE',  ( 450.0000000000001137, -400.0000000000000000, 30.00000000000000000 ) ) ;
#968 = LINE ( 'NONE', #656, #554 ) ;
#969 = CARTESIAN_POINT ( 'NONE',  ( 30.00000000000005329, -18.00000000000000000, -0.000000000000000000 ) ) ;
#970 = DIRECTION ( 'NONE',  ( -0.000000000000000000, -0.000000000000000000, -1.000000000000000000 ) ) ;
#971 = VECTOR ( 'NONE', #1901, 1000.000000000000000 ) ;
#972 = FACE_BOUND ( 'NONE', #2551, .T. ) ;
#973 = CARTESIAN_POINT ( 'NONE',  ( 33.00000000000007105, 350.0000000000000000, 27.00000000000000711 ) ) ;
#974 = DIRECTION ( 'NONE',  ( 0.000000000000000000, 0.000000000000000000, 1.000000000000000000 ) ) ;
#975 = CARTESIAN_POINT ( 'NONE',  ( 432.0000000000001137, -760.0000000000000000, 300.0000000000000000 ) ) ;
#976 = CC_DESIGN_PERSON_AND_ORGANIZATION_ASSIGNMENT ( #2543, #262, ( #1396 ) ) ;
#977 = PERSON_AND_ORGANIZATION_ROLE ( 'classification_officer' ) ;
#978 = DIRECTION ( 'NONE',  ( -0.000000000000000000, 1.000000000000000000, -0.000000000000000000 ) ) ;
#979 = LINE ( 'NONE', #3079, #485 ) ;
#980 = ORIENTED_EDGE ( 'NONE', *, *, #887, .F. ) ;
#981 = EDGE_CURVE ( 'NONE', #913, #165, #2230, .T. ) ;
#982 = VERTEX_POINT ( 'NONE', #1823 ) ;
#983 = APPLICATION_CONTEXT ( 'configuration controlled 3d designs of mechanical parts and assemblies' ) ;
#984 = AXIS2_PLACEMENT_3D ( 'NONE', #517, #1495, #2445 ) ;
#985 = LOCAL_TIME ( 8, 49, 33.00000000000000000, #902 ) ;
#986 = CARTESIAN_POINT ( 'NONE',  ( 450.0000000000001137, 400.0000000000000000, 0.000000000000000000 ) ) ;
#987 = ORIENTED_EDGE ( 'NONE', *, *, #1091, .F. ) ;
#988 = VERTEX_POINT ( 'NONE', #161 ) ;
#989 = AXIS2_PLACEMENT_3D ( 'NONE', #2875, #2154, #1451 ) ;
#990 = COORDINATED_UNIVERSAL_TIME_OFFSET ( 8, 0, .AHEAD. ) ;
#991 = ORIENTED_EDGE ( 'NONE', *, *, #303, .T. ) ;
#992 = APPROVAL_ROLE ( '' ) ;
#993 = VERTEX_POINT ( 'NONE', #1565 ) ;
#994 = APPROVAL ( #2696, 'UNKNOWN' ) ;
#995 = DIRECTION ( 'NONE',  ( -1.000000000000000000, 0.000000000000000000, -0.000000000000000000 ) ) ;
#996 = FACE_OUTER_BOUND ( 'NONE', #2430, .T. ) ;
#997 = ORIENTED_EDGE ( 'NONE', *, *, #490, .F. ) ;
#998 = DIRECTION ( 'NONE',  ( -1.288758049684149971E-16, 0.000000000000000000, 1.000000000000000000 ) ) ;
#999 = EDGE_CURVE ( 'NONE', #1448, #2344, #625, .T. ) ;
#1000 = LINE ( 'NONE', #801, #2114 ) ;
#1001 = ORIENTED_EDGE ( 'NONE', *, *, #2488, .T. ) ;
#1002 = DIRECTION ( 'NONE',  ( -1.000000000000000000, -1.224646799147353207E-16, 0.000000000000000000 ) ) ;
#1003 = CARTESIAN_POINT ( 'NONE',  ( 432.0000000000001137, -253.0000000000000000, 702.4027832905732112 ) ) ;
#1004 = LINE ( 'NONE', #2195, #382 ) ;
#1005 = AXIS2_PLACEMENT_3D ( 'NONE', #1433, #1673, #2385 ) ;
#1006 = LINE ( 'NONE', #1471, #2769 ) ;
#1007 = APPROVAL_ROLE ( '' ) ;
#1008 = EDGE_LOOP ( 'NONE', ( #1430, #864, #147, #1043, #1897, #2462 ) ) ;
#1009 = CIRCLE ( 'NONE', #426, 6.450000000000001066 ) ;
#1010 = CYLINDRICAL_SURFACE ( 'NONE', #938, 5.049999999999998934 ) ;
#1011 = DIRECTION ( 'NONE',  ( -1.387778780781445676E-16, 1.000000000000000000, -0.000000000000000000 ) ) ;
#1012 = AXIS2_PLACEMENT_3D ( 'NONE', #1503, #548, #312 ) ;
#1013 = LINE ( 'NONE', #1193, #2054 ) ;
#1014 = DIRECTION ( 'NONE',  ( -1.000000000000000000, 0.000000000000000000, -0.000000000000000000 ) ) ;
#1015 = SECURITY_CLASSIFICATION ( '', '', #673 ) ;
#1016 = APPROVAL_ROLE ( '' ) ;
#1017 = ORIENTED_EDGE ( 'NONE', *, *, #1588, .F. ) ;
#1018 = CARTESIAN_POINT ( 'NONE',  ( 0.000000000000000000, 0.000000000000000000, 300.0000000000000000 ) ) ;
#1019 = ORIENTED_EDGE ( 'NONE', *, *, #2815, .F. ) ;
#1020 = DIRECTION ( 'NONE',  ( -1.000000000000000000, 0.000000000000000000, 0.000000000000000000 ) ) ;
#1021 = EDGE_CURVE ( 'NONE', #633, #165, #1676, .T. ) ;
#1022 = EDGE_LOOP ( 'NONE', ( #2748, #2893, #2372, #2780 ) ) ;
#1023 = DIRECTION ( 'NONE',  ( -0.000000000000000000, -1.000000000000000000, -0.000000000000000000 ) ) ;
#1024 = CARTESIAN_POINT ( 'NONE',  ( 15.90000000000000036, -50.50000000000002842, 316.0000000000000000 ) ) ;
#1025 = ADVANCED_FACE ( 'NONE', ( #1594 ), #884, .T. ) ;
#1026 = CLOSED_SHELL ( 'NONE', ( #2665, #1309, #1983, #2777, #1227, #45, #2845, #596, #2163 ) ) ;
#1027 = PERSON_AND_ORGANIZATION ( #2819, #1100 ) ;
#1028 = EDGE_LOOP ( 'NONE', ( #1001, #923, #2226, #1067, #494, #2316, #880, #2914 ) ) ;
#1029 = DIRECTION ( 'NONE',  ( 0.000000000000000000, 1.000000000000000000, 0.000000000000000000 ) ) ;
#1030 = CARTESIAN_POINT ( 'NONE',  ( 33.00000000000007816, 0.000000000000000000, 0.000000000000000000 ) ) ;
#1031 = COORDINATED_UNIVERSAL_TIME_OFFSET ( 8, 0, .AHEAD. ) ;
#1032 = AXIS2_PLACEMENT_3D ( 'NONE', #2711, #1029, #784 ) ;
#1033 = CARTESIAN_POINT ( 'NONE',  ( 432.0000000000001137, -760.0000000000000000, 300.0000000000000000 ) ) ;
#1034 = LINE ( 'NONE', #2283, #872 ) ;
#1035 = VERTEX_POINT ( 'NONE', #2109 ) ;
#1036 = CIRCLE ( 'NONE', #1032, 5.049999999999998934 ) ;
#1037 = APPROVAL ( #1065, 'UNKNOWN' ) ;
#1038 = DIRECTION ( 'NONE',  ( 0.000000000000000000, 0.000000000000000000, -1.000000000000000000 ) ) ;
#1039 = EDGE_LOOP ( 'NONE', ( #1952, #129, #2432, #39, #232, #1859, #1347, #1575 ) ) ;
#1040 = FACE_OUTER_BOUND ( 'NONE', #2036, .T. ) ;
#1041 = DIRECTION ( 'NONE',  ( 0.000000000000000000, 1.000000000000000000, 0.000000000000000000 ) ) ;
#1042 = CARTESIAN_POINT ( 'NONE',  ( 432.0000000000000000, -18.00000000000000000, 2.000000000000000000 ) ) ;
#1043 = ORIENTED_EDGE ( 'NONE', *, *, #2564, .F. ) ;
#1044 = EDGE_CURVE ( 'NONE', #2743, #2753, #1864, .T. ) ;
#1045 = ADVANCED_FACE ( 'NONE', ( #248 ), #1391, .T. ) ;
#1046 = EDGE_LOOP ( 'NONE', ( #1017, #1222, #2250, #2592 ) ) ;
#1047 = CARTESIAN_POINT ( 'NONE',  ( 432.0000000000001137, -271.0000000000000000, 702.4027832905732112 ) ) ;
#1048 = CARTESIAN_POINT ( 'NONE',  ( 15.00000000000007994, -400.0000000000000000, 0.000000000000000000 ) ) ;
#1049 = VECTOR ( 'NONE', #1573, 1000.000000000000000 ) ;
#1050 = AXIS2_PLACEMENT_3D ( 'NONE', #2836, #217, #1917 ) ;
#1051 = FACE_OUTER_BOUND ( 'NONE', #2718, .T. ) ;
#1052 = CARTESIAN_POINT ( 'NONE',  ( 0.000000000000000000, 0.000000000000000000, 300.0000000000000000 ) ) ;
#1053 = AXIS2_PLACEMENT_3D ( 'NONE', #1647, #1379, #2604 ) ;
#1054 = CIRCLE ( 'NONE', #1683, 8.000000000000007105 ) ;
#1055 = CARTESIAN_POINT ( 'NONE',  ( -6.450000000000001066, 7.898971854500429678E-16, -1.500000000000000000 ) ) ;
#1056 = APPROVAL ( #292, '未指定' ) ;
#1057 = VERTEX_POINT ( 'NONE', #705 ) ;
#1058 = VERTEX_POINT ( 'NONE', #428 ) ;
#1059 = EDGE_CURVE ( 'NONE', #1693, #1960, #2080, .T. ) ;
#1060 = EDGE_LOOP ( 'NONE', ( #600, #2502, #2328, #3044 ) ) ;
#1061 = EDGE_CURVE ( 'NONE', #911, #2074, #2972, .T. ) ;
#1062 = CALENDAR_DATE ( 2026, 5, 6 ) ;
#1063 = EDGE_LOOP ( 'NONE', ( #2177, #3052, #1918, #1413, #2961, #1661, #1836, #3046, #2876, #3078, #437, #2290 ) ) ;
#1064 = CALENDAR_DATE ( 2026, 5, 6 ) ;
#1065 = APPROVAL_STATUS ( 'not_yet_approved' ) ;
#1066 = ORIENTED_EDGE ( 'NONE', *, *, #934, .T. ) ;
#1067 = ORIENTED_EDGE ( 'NONE', *, *, #310, .F. ) ;
#1068 = CARTESIAN_POINT ( 'NONE',  ( -28.00000000000005684, 350.0000000000000000, 27.00000000000000000 ) ) ;
#1069 = CYLINDRICAL_SURFACE ( 'NONE', #223, 5.000000000000000000 ) ;
#1070 = VERTEX_POINT ( 'NONE', #1649 ) ;
#1071 = APPROVAL ( #2212, '未指定' ) ;
#1072 = CARTESIAN_POINT ( 'NONE',  ( 5.200000000000006395, -700.0000000000000000, 316.7999999999999545 ) ) ;
#1073 = PLANE ( 'NONE',  #750 ) ;
#1074 = FACE_OUTER_BOUND ( 'NONE', #2764, .T. ) ;
#1075 = ORIENTED_EDGE ( 'NONE', *, *, #1176, .F. ) ;
#1076 = CARTESIAN_POINT ( 'NONE',  ( 431.9999999999998863, -778.0000000000000000, 2.000000000000000000 ) ) ;
#1077 = CYLINDRICAL_SURFACE ( 'NONE', #1318, 5.000000000000000888 ) ;
#1078 = EDGE_CURVE ( 'NONE', #85, #652, #928, .T. ) ;
#1079 = CARTESIAN_POINT ( 'NONE',  ( 5.200000000000002842, -100.0000000000000284, 300.0000000000000000 ) ) ;
#1080 = CARTESIAN_POINT ( 'NONE',  ( 15.90000000000005720, -506.0000000000004547, 10.90000000000000036 ) ) ;
#1081 = FACE_OUTER_BOUND ( 'NONE', #1572, .T. ) ;
#1082 = FACE_OUTER_BOUND ( 'NONE', #3008, .T. ) ;
#1083 = LINE ( 'NONE', #2337, #2652 ) ;
#1084 = ORIENTED_EDGE ( 'NONE', *, *, #2618, .T. ) ;
#1085 = CC_DESIGN_DATE_AND_TIME_ASSIGNMENT ( #1281, #2628, ( #1285 ) ) ;
#1086 = ORIENTED_EDGE ( 'NONE', *, *, #2593, .T. ) ;
#1087 = CARTESIAN_POINT ( 'NONE',  ( 9.797174393178825736E-14, -800.0000000000000000, 300.0000000000000000 ) ) ;
#1088 = CARTESIAN_POINT ( 'NONE',  ( 33.00000000000007816, -300.0000000000000000, 0.000000000000000000 ) ) ;
#1089 = VERTEX_POINT ( 'NONE', #2614 ) ;
#1090 = DESIGN_CONTEXT ( 'detailed design', #745, 'design' ) ;
#1091 = EDGE_CURVE ( 'NONE', #1406, #1104, #1785, .T. ) ;
#1092 = CARTESIAN_POINT ( 'NONE',  ( 30.00000000000001066, -50.50000000000002842, 316.7999999999999545 ) ) ;
#1093 = DATE_AND_TIME ( #1398, #1731 ) ;
#1094 = ORIENTED_EDGE ( 'NONE', *, *, #246, .F. ) ;
#1095 = AXIS2_PLACEMENT_3D ( 'NONE', #2810, #1350, #171 ) ;
#1096 = PERSON_AND_ORGANIZATION ( #2819, #1100 ) ;
#1097 = CARTESIAN_POINT ( 'NONE',  ( 5.200000000000002842, -749.5000000000000000, 300.0000000000000000 ) ) ;
#1098 = CARTESIAN_POINT ( 'NONE',  ( -28.00000000000005684, -350.0000000000000000, 27.00000000000000000 ) ) ;
#1099 = EDGE_LOOP ( 'NONE', ( #2763, #1284, #1506, #2280 ) ) ;
#1100 = ORGANIZATION ( '未指定', '未指定', '' ) ;
#1101 = ORIENTED_EDGE ( 'NONE', *, *, #668, .F. ) ;
#1102 = VECTOR ( 'NONE', #76, 1000.000000000000000 ) ;
#1103 =( LENGTH_UNIT ( ) NAMED_UNIT ( * ) SI_UNIT ( .MILLI., .METRE. ) );
#1104 = VERTEX_POINT ( 'NONE', #466 ) ;
#1105 = LINE ( 'NONE', #562, #1976 ) ;
#1106 = CC_DESIGN_PERSON_AND_ORGANIZATION_ASSIGNMENT ( #2179, #1212, ( #1710 ) ) ;
#1107 = DIRECTION ( 'NONE',  ( 0.000000000000000000, 0.000000000000000000, -1.000000000000000000 ) ) ;
#1108 = DIRECTION ( 'NONE',  ( 1.000000000000000000, 0.000000000000000000, 0.000000000000000000 ) ) ;
#1109 = LINE ( 'NONE', #1662, #1674 ) ;
#1110 = EDGE_CURVE ( 'NONE', #488, #1448, #430, .T. ) ;
#1111 = LINE ( 'NONE', #2498, #1336 ) ;
#1112 = LINE ( 'NONE', #1238, #356 ) ;
#1113 = DIRECTION ( 'NONE',  ( -2.065146995210486914E-16, 0.000000000000000000, -1.000000000000000000 ) ) ;
#1114 = VECTOR ( 'NONE', #669, 1000.000000000000000 ) ;
#1115 = CARTESIAN_POINT ( 'NONE',  ( 30.00000000000001066, -749.5000000000000000, 316.7999999999999545 ) ) ;
#1116 = CARTESIAN_POINT ( 'NONE',  ( 22.00000000000000711, -100.0000000000000284, 316.7999999999999545 ) ) ;
#1117 = DIRECTION ( 'NONE',  ( -1.000000000000000000, -0.000000000000000000, -0.000000000000000000 ) ) ;
#1118 = DIRECTION ( 'NONE',  ( 0.000000000000000000, -0.000000000000000000, 1.000000000000000000 ) ) ;
#1119 = VECTOR ( 'NONE', #1875, 1000.000000000000000 ) ;
#1120 = VERTEX_POINT ( 'NONE', #3081 ) ;
#1121 = CC_DESIGN_PERSON_AND_ORGANIZATION_ASSIGNMENT ( #3048, #1938, ( #185 ) ) ;
#1122 = VERTEX_POINT ( 'NONE', #1626 ) ;
#1123 = CARTESIAN_POINT ( 'NONE',  ( 9.797174393178825736E-14, -800.0000000000000000, 279.9999999999999432 ) ) ;
#1124 = ORIENTED_EDGE ( 'NONE', *, *, #467, .F. ) ;
#1125 = DIRECTION ( 'NONE',  ( -1.000000000000000000, 0.000000000000000000, -1.137523590804461357E-16 ) ) ;
#1126 = EDGE_CURVE ( 'NONE', #2743, #1341, #72, .T. ) ;
#1127 = APPROVAL_PERSON_ORGANIZATION ( #761, #2719, #2022 ) ;
#1128 = ORIENTED_EDGE ( 'NONE', *, *, #2541, .F. ) ;
#1129 = EDGE_CURVE ( 'NONE', #652, #913, #824, .T. ) ;
#1130 = PERSON_AND_ORGANIZATION ( #2819, #1100 ) ;
#1131 = EDGE_LOOP ( 'NONE', ( #603, #2402, #79, #2853 ) ) ;
#1132 = CARTESIAN_POINT ( 'NONE',  ( 450.0000000000001137, 400.0000000000000000, 0.000000000000000000 ) ) ;
#1133 = CARTESIAN_POINT ( 'NONE',  ( 432.0000000000001137, -778.0000000000000000, 300.0000000000000000 ) ) ;
#1134 = EDGE_LOOP ( 'NONE', ( #182, #1657, #799, #273 ) ) ;
#1135 = AXIS2_PLACEMENT_3D ( 'NONE', #320, #839, #590 ) ;
#1136 = CARTESIAN_POINT ( 'NONE',  ( 5.200000000000002842, -50.50000000000002842, 300.0000000000000000 ) ) ;
#1137 = LINE ( 'NONE', #305, #128 ) ;
#1138 = DIRECTION ( 'NONE',  ( -0.000000000000000000, 1.000000000000000000, -0.000000000000000000 ) ) ;
#1139 = ORIENTED_EDGE ( 'NONE', *, *, #113, .T. ) ;
#1140 = CYLINDRICAL_SURFACE ( 'NONE', #3055, 5.049999999999998934 ) ;
#1141 = ORIENTED_EDGE ( 'NONE', *, *, #1194, .T. ) ;
#1142 = ADVANCED_FACE ( 'NONE', ( #1750 ), #416, .T. ) ;
#1143 = DIRECTION ( 'NONE',  ( -1.000000000000000000, -1.224646799147353207E-16, -0.000000000000000000 ) ) ;
#1144 = CARTESIAN_POINT ( 'NONE',  ( 15.90000000000005720, 398.5000000000000568, 20.90000000000000213 ) ) ;
#1145 = FACE_OUTER_BOUND ( 'NONE', #2555, .T. ) ;
#1146 = CARTESIAN_POINT ( 'NONE',  ( 432.0000000000000568, -506.0000000000000000, 20.00000000000001776 ) ) ;
#1147 = VECTOR ( 'NONE', #1798, 1000.000000000000000 ) ;
#1148 = CARTESIAN_POINT ( 'NONE',  ( 5.200000000000002842, -749.5000000000000000, 300.0000000000000000 ) ) ;
#1149 = DIRECTION ( 'NONE',  ( 1.000000000000000000, 0.000000000000000000, 0.000000000000000000 ) ) ;
#1150 = VECTOR ( 'NONE', #1186, 1000.000000000000000 ) ;
#1151 = EDGE_CURVE ( 'NONE', #2077, #211, #2341, .T. ) ;
#1152 = DIRECTION ( 'NONE',  ( -1.460819769243627131E-16, 1.000000000000000000, -0.000000000000000000 ) ) ;
#1153 = LINE ( 'NONE', #439, #2162 ) ;
#1154 = DATE_TIME_ROLE ( 'classification_date' ) ;
#1155 = AXIS2_PLACEMENT_3D ( 'NONE', #420, #1880, #925 ) ;
#1156 = DIRECTION ( 'NONE',  ( 0.000000000000000000, 0.000000000000000000, -1.000000000000000000 ) ) ;
#1157 = EDGE_LOOP ( 'NONE', ( #1832, #1664, #2435, #1721, #813, #1438 ) ) ;
#1158 = CARTESIAN_POINT ( 'NONE',  ( 15.90000000000005720, -398.5000000000000000, 22.40000000000000568 ) ) ;
#1159 = CARTESIAN_POINT ( 'NONE',  ( 30.00000000000002487, -524.0000000000000000, 702.4027832905732112 ) ) ;
#1160 = ADVANCED_BREP_SHAPE_REPRESENTATION ( '', ( #2699, #2404 ), #3076 ) ;
#1161 = ORIENTED_EDGE ( 'NONE', *, *, #246, .T. ) ;
#1162 = CARTESIAN_POINT ( 'NONE',  ( 7.961735002956730495E-14, 400.0000000000000000, 15.00000000000000000 ) ) ;
#1163 = ORIENTED_EDGE ( 'NONE', *, *, #1819, .F. ) ;
#1164 =( NAMED_UNIT ( * ) SI_UNIT ( $, .STERADIAN. ) SOLID_ANGLE_UNIT ( ) );
#1165 = CC_DESIGN_DATE_AND_TIME_ASSIGNMENT ( #607, #2922, ( #1546 ) ) ;
#1166 = ORIENTED_EDGE ( 'NONE', *, *, #2500, .T. ) ;
#1167 = COORDINATED_UNIVERSAL_TIME_OFFSET ( 8, 0, .AHEAD. ) ;
#1168 = DIRECTION ( 'NONE',  ( -1.000000000000000000, 0.000000000000000000, 0.000000000000000000 ) ) ;
#1169 = DIRECTION ( 'NONE',  ( -1.000000000000000000, -1.224646799147353207E-16, -0.000000000000000000 ) ) ;
#1170 = VERTEX_POINT ( 'NONE', #2591 ) ;
#1171 = CARTESIAN_POINT ( 'NONE',  ( 15.90000000000005720, -506.0000000000004547, 10.90000000000000036 ) ) ;
#1172 = PERSON_AND_ORGANIZATION ( #2819, #1100 ) ;
#1173 = CARTESIAN_POINT ( 'NONE',  ( 502.0000000000003411, -777.9999999999998863, 279.9999999999999432 ) ) ;
#1174 = EDGE_LOOP ( 'NONE', ( #859, #1557, #2244, #1442, #2499 ) ) ;
#1175 = CARTESIAN_POINT ( 'NONE',  ( 15.00000000000007994, 400.0000000000000000, 15.00000000000000000 ) ) ;
#1176 = EDGE_CURVE ( 'NONE', #2152, #1963, #1153, .T. ) ;
#1177 =( LENGTH_UNIT ( ) NAMED_UNIT ( * ) SI_UNIT ( .MILLI., .METRE. ) );
#1178 = ORIENTED_EDGE ( 'NONE', *, *, #2265, .T. ) ;
#1179 = CARTESIAN_POINT ( 'NONE',  ( 30.00000000000001776, -271.0000000000000000, 20.00000000000000000 ) ) ;
#1180 = LINE ( 'NONE', #96, #1487 ) ;
#1181 = ORIENTED_EDGE ( 'NONE', *, *, #493, .T. ) ;
#1182 = CARTESIAN_POINT ( 'NONE',  ( 5.200000000000002842, -700.0000000000000000, 300.0000000000000000 ) ) ;
#1183 = DIRECTION ( 'NONE',  ( -0.000000000000000000, -0.000000000000000000, -1.000000000000000000 ) ) ;
#1184 = LINE ( 'NONE', #2899, #210 ) ;
#1185 = VERTEX_POINT ( 'NONE', #1380 ) ;
#1186 = DIRECTION ( 'NONE',  ( -1.000000000000000000, -1.224646799147353207E-16, -0.000000000000000000 ) ) ;
#1187 = VECTOR ( 'NONE', #2410, 1000.000000000000114 ) ;
#1188 = AXIS2_PLACEMENT_3D ( 'NONE', #2514, #3010, #1786 ) ;
#1189 = DIRECTION ( 'NONE',  ( 1.000000000000000000, 0.000000000000000000, 0.000000000000000000 ) ) ;
#1190 = VECTOR ( 'NONE', #1637, 1000.000000000000000 ) ;
#1191 = FACE_OUTER_BOUND ( 'NONE', #24, .T. ) ;
#1192 = CC_DESIGN_DATE_AND_TIME_ASSIGNMENT ( #188, #539, ( #2427 ) ) ;
#1193 = CARTESIAN_POINT ( 'NONE',  ( 7.961735002956730495E-14, 400.0000000000000000, 27.00000000000000355 ) ) ;
#1194 = EDGE_CURVE ( 'NONE', #2985, #7, #2694, .T. ) ;
#1195 = DIRECTION ( 'NONE',  ( -0.000000000000000000, -1.000000000000000000, -0.000000000000000000 ) ) ;
#1196 = CARTESIAN_POINT ( 'NONE',  ( 30.00000000000000355, -18.00000000000000000, 300.0000000000000000 ) ) ;
#1197 = FACE_OUTER_BOUND ( 'NONE', #1046, .T. ) ;
#1198 = PERSON ( 'NAUO-PER1', 'UNSPECIFIED', 'UNSPECIFIED', ('UNSPECIFIED'), ('UNSPECIFIED'), ('UNSPECIFIED') ) ;
#1199 = CARTESIAN_POINT ( 'NONE',  ( 0.000000000000000000, 0.000000000000000000, 0.000000000000000000 ) ) ;
#1200 = AXIS2_PLACEMENT_3D ( 'NONE', #2161, #432, #661 ) ;
#1201 = ORIENTED_EDGE ( 'NONE', *, *, #2009, .T. ) ;
#1202 = DIRECTION ( 'NONE',  ( -1.000000000000000000, -1.224646799147353207E-16, -0.000000000000000000 ) ) ;
#1203 = DIRECTION ( 'NONE',  ( 0.000000000000000000, 1.000000000000000000, -0.000000000000000000 ) ) ;
#1204 = VERTEX_POINT ( 'NONE', #1612 ) ;
#1205 = AXIS2_PLACEMENT_3D ( 'NONE', #1513, #521, #1744 ) ;
#1206 = EDGE_LOOP ( 'NONE', ( #1687, #492, #608, #1464 ) ) ;
#1207 = CARTESIAN_POINT ( 'NONE',  ( 431.9999999999998863, -778.0000000000000000, 0.000000000000000000 ) ) ;
#1208 = DIRECTION ( 'NONE',  ( -0.000000000000000000, 1.000000000000000000, -0.000000000000000000 ) ) ;
#1209 = DIRECTION ( 'NONE',  ( -0.000000000000000000, -1.000000000000000000, -0.000000000000000000 ) ) ;
#1210 = CARTESIAN_POINT ( 'NONE',  ( 15.90000000000005720, -506.0000000000004547, 15.90000000000000036 ) ) ;
#1211 = ORIENTED_EDGE ( 'NONE', *, *, #1514, .T. ) ;
#1212 = PERSON_AND_ORGANIZATION_ROLE ( 'creator' ) ;
#1213 = CC_DESIGN_PERSON_AND_ORGANIZATION_ASSIGNMENT ( #3091, #423, ( #1246 ) ) ;
#1214 = LOCAL_TIME ( 8, 49, 33.00000000000000000, #1031 ) ;
#1215 = ORIENTED_EDGE ( 'NONE', *, *, #1650, .F. ) ;
#1216 = CARTESIAN_POINT ( 'NONE',  ( 22.00000000000000711, -50.50000000000002842, 316.7999999999999545 ) ) ;
#1217 = EDGE_CURVE ( 'NONE', #1693, #993, #2885, .T. ) ;
#1218 = ORIENTED_EDGE ( 'NONE', *, *, #2431, .T. ) ;
#1219 = FACE_OUTER_BOUND ( 'NONE', #1099, .T. ) ;
#1220 = CARTESIAN_POINT ( 'NONE',  ( 13.20000000000000462, -749.5000000000000000, 316.7999999999999545 ) ) ;
#1221 = CARTESIAN_POINT ( 'NONE',  ( 15.90000000000005720, 398.5000000000000000, 15.90000000000000036 ) ) ;
#1222 = ORIENTED_EDGE ( 'NONE', *, *, #1755, .F. ) ;
#1223 = EDGE_CURVE ( 'NONE', #2753, #895, #1013, .T. ) ;
#1224 = VECTOR ( 'NONE', #1156, 1000.000000000000000 ) ;
#1225 = ORIENTED_EDGE ( 'NONE', *, *, #1751, .T. ) ;
#1226 = VECTOR ( 'NONE', #709, 1000.000000000000000 ) ;
#1227 = ADVANCED_FACE ( 'NONE', ( #252 ), #1073, .T. ) ;
#1228 = FACE_OUTER_BOUND ( 'NONE', #1358, .T. ) ;
#1229 = FACE_BOUND ( 'NONE', #946, .T. ) ;
#1230 = DIRECTION ( 'NONE',  ( -0.000000000000000000, 1.000000000000000000, -0.000000000000000000 ) ) ;
#1231 = LINE ( 'NONE', #2670, #2197 ) ;
#1232 = CC_DESIGN_APPROVAL ( #3041, ( #1015 ) ) ;
#1233 = PERSON_AND_ORGANIZATION_ROLE ( 'creator' ) ;
#1234 = DIRECTION ( 'NONE',  ( -0.000000000000000000, -0.000000000000000000, -1.000000000000000000 ) ) ;
#1235 = VERTEX_POINT ( 'NONE', #2572 ) ;
#1236 = EDGE_CURVE ( 'NONE', #2512, #488, #2612, .T. ) ;
#1237 = DIRECTION ( 'NONE',  ( -1.000000000000000000, -0.000000000000000000, -1.137523590804461357E-16 ) ) ;
#1238 = CARTESIAN_POINT ( 'NONE',  ( 502.0000000000003411, -799.9999999999998863, 279.9999999999999432 ) ) ;
#1239 = CARTESIAN_POINT ( 'NONE',  ( 15.90000000000005720, -400.0000000000000000, 15.90000000000000036 ) ) ;
#1240 = ORIENTED_EDGE ( 'NONE', *, *, #2284, .F. ) ;
#1241 = ADVANCED_FACE ( 'NONE', ( #1791 ), #1773, .F. ) ;
#1242 = ORIENTED_EDGE ( 'NONE', *, *, #2727, .T. ) ;
#1243 = CALENDAR_DATE ( 2026, 5, 6 ) ;
#1244 = PRODUCT_DEFINITION_SHAPE ( 'NONE', 'NONE',  #1285 ) ;
#1245 = ORIENTED_EDGE ( 'NONE', *, *, #1460, .T. ) ;
#1246 = PRODUCT_DEFINITION_FORMATION_WITH_SPECIFIED_SOURCE ( '任何', '', #1881, .NOT_KNOWN. ) ;
#1247 = PERSON_AND_ORGANIZATION ( #2819, #1100 ) ;
#1248 = CARTESIAN_POINT ( 'NONE',  ( 30.00000000000009237, -749.5000000000000000, 300.0000000000000000 ) ) ;
#1249 = EDGE_LOOP ( 'NONE', ( #1469, #1242, #1178, #1273 ) ) ;
#1250 = CARTESIAN_POINT ( 'NONE',  ( 15.90000000000005720, -506.0000000000004547, 20.90000000000000213 ) ) ;
#1251 = LOCAL_TIME ( 8, 49, 33.00000000000000000, #2507 ) ;
#1252 = APPROVAL_ROLE ( '' ) ;
#1253 = ORIENTED_EDGE ( 'NONE', *, *, #2702, .F. ) ;
#1254 = ORIENTED_EDGE ( 'NONE', *, *, #1311, .F. ) ;
#1255 = EDGE_CURVE ( 'NONE', #2758, #675, #1680, .T. ) ;
#1256 = VECTOR ( 'NONE', #788, 1000.000000000000000 ) ;
#1257 = ORIENTED_EDGE ( 'NONE', *, *, #2636, .T. ) ;
#1258 = CARTESIAN_POINT ( 'NONE',  ( 432.0000000000001137, -778.0000000000000000, 20.00000000000001776 ) ) ;
#1259 = LINE ( 'NONE', #808, #316 ) ;
#1260 = AXIS2_PLACEMENT_3D ( 'NONE', #1581, #151, #2330 ) ;
#1261 = ORIENTED_EDGE ( 'NONE', *, *, #2615, .T. ) ;
#1262 = PERSON_AND_ORGANIZATION_ROLE ( 'classification_officer' ) ;
#1263 = VECTOR ( 'NONE', #955, 1000.000000000000000 ) ;
#1264 = VECTOR ( 'NONE', #2131, 1000.000000000000000 ) ;
#1265 = VECTOR ( 'NONE', #2529, 1000.000000000000000 ) ;
#1266 = CARTESIAN_POINT ( 'NONE',  ( 15.90000000000005720, -506.0000000000004547, 15.90000000000000036 ) ) ;
#1267 = PRODUCT_RELATED_PRODUCT_CATEGORY ( 'detail', '', ( #185 ) ) ;
#1268 = APPROVAL_ROLE ( '' ) ;
#1269 = FACE_OUTER_BOUND ( 'NONE', #2171, .T. ) ;
#1270 = EDGE_CURVE ( 'NONE', #1552, #91, #630, .T. ) ;
#1271 = DIRECTION ( 'NONE',  ( -0.000000000000000000, 1.000000000000000000, -0.000000000000000000 ) ) ;
#1272 = DIRECTION ( 'NONE',  ( 0.000000000000000000, 0.000000000000000000, -1.000000000000000000 ) ) ;
#1273 = ORIENTED_EDGE ( 'NONE', *, *, #2366, .F. ) ;
#1274 = ORIENTED_EDGE ( 'NONE', *, *, #1715, .T. ) ;
#1275 = PLANE ( 'NONE',  #3033 ) ;
#1276 = CONTEXT_DEPENDENT_SHAPE_REPRESENTATION ( #1749, #2140 ) ;
#1277 = ORIENTED_EDGE ( 'NONE', *, *, #2075, .T. ) ;
#1278 = APPROVAL_ROLE ( '' ) ;
#1279 = AXIS2_PLACEMENT_3D ( 'NONE', #1709, #524, #328 ) ;
#1280 = ORIENTED_EDGE ( 'NONE', *, *, #167, .F. ) ;
#1281 = DATE_AND_TIME ( #196, #837 ) ;
#1282 = ADVANCED_FACE ( 'NONE', ( #3003, #3070 ), #1394, .T. ) ;
#1283 = DIRECTION ( 'NONE',  ( 1.224646799147353207E-16, -1.000000000000000000, 0.000000000000000000 ) ) ;
#1284 = ORIENTED_EDGE ( 'NONE', *, *, #2413, .F. ) ;
#1285 = PRODUCT_DEFINITION ( '未知', '', #1246, #2851 ) ;
#1286 = CARTESIAN_POINT ( 'NONE',  ( 15.90000000000005720, -400.0000000000000000, 22.40000000000000568 ) ) ;
#1287 = CARTESIAN_POINT ( 'NONE',  ( 30.00000000000005329, -18.00000000000000000, 2.000000000000000000 ) ) ;
#1288 = ORIENTED_EDGE ( 'NONE', *, *, #2248, .F. ) ;
#1289 = APPROVAL_STATUS ( 'not_yet_approved' ) ;
#1290 = LINE ( 'NONE', #332, #961 ) ;
#1291 = ORIENTED_EDGE ( 'NONE', *, *, #2547, .T. ) ;
#1292 = LINE ( 'NONE', #789, #653 ) ;
#1293 = CARTESIAN_POINT ( 'NONE',  ( 22.00000000000000711, -749.5000000000000000, 316.7999999999999545 ) ) ;
#1294 = VERTEX_POINT ( 'NONE', #396 ) ;
#1295 = EDGE_CURVE ( 'NONE', #2861, #655, #1716, .T. ) ;
#1296 = LINE ( 'NONE', #1942, #1187 ) ;
#1297 = LINE ( 'NONE', #1429, #1264 ) ;
#1298 = CARTESIAN_POINT ( 'NONE',  ( 0.000000000000000000, 0.000000000000000000, 20.00000000000000000 ) ) ;
#1299 = CARTESIAN_POINT ( 'NONE',  ( 30.00000000000009592, -778.0000000000000000, 300.0000000000000000 ) ) ;
#1300 = VECTOR ( 'NONE', #634, 1000.000000000000000 ) ;
#1301 = AXIS2_PLACEMENT_3D ( 'NONE', #2751, #1841, #897 ) ;
#1302 = ADVANCED_FACE ( 'NONE', ( #1082 ), #660, .F. ) ;
#1303 = AXIS2_PLACEMENT_3D ( 'NONE', #1900, #1636, #402 ) ;
#1304 = VECTOR ( 'NONE', #254, 1000.000000000000000 ) ;
#1305 = PLANE ( 'NONE',  #2095 ) ;
#1306 = ORIENTED_EDGE ( 'NONE', *, *, #854, .T. ) ;
#1307 = EDGE_LOOP ( 'NONE', ( #903, #1600 ) ) ;
#1308 = EDGE_CURVE ( 'NONE', #2443, #1448, #2968, .T. ) ;
#1309 = ADVANCED_FACE ( 'NONE', ( #1829 ), #1563, .T. ) ;
#1310 = VERTEX_POINT ( 'NONE', #1630 ) ;
#1311 = EDGE_CURVE ( 'NONE', #982, #1400, #2267, .T. ) ;
#1312 = ITEM_DEFINED_TRANSFORMATION ( 'NONE', 'NONE', #2459,  #2404 ) ;
#1313 = CARTESIAN_POINT ( 'NONE',  ( 15.00000000000007994, 300.0000000000000000, 0.000000000000000000 ) ) ;
#1314 = EDGE_LOOP ( 'NONE', ( #98, #1876, #621, #807, #376, #2538 ) ) ;
#1315 = CARTESIAN_POINT ( 'NONE',  ( 15.90000000000005720, 400.0000000000000000, 22.40000000000000568 ) ) ;
#1316 = COORDINATED_UNIVERSAL_TIME_OFFSET ( 8, 0, .AHEAD. ) ;
#1317 = EDGE_LOOP ( 'NONE', ( #542, #1608, #2093, #614 ) ) ;
#1318 = AXIS2_PLACEMENT_3D ( 'NONE', #281, #567, #2469 ) ;
#1319 = LOCAL_TIME ( 8, 49, 33.00000000000000000, #124 ) ;
#1320 = ORIENTED_EDGE ( 'NONE', *, *, #34, .T. ) ;
#1321 = CARTESIAN_POINT ( 'NONE',  ( 15.90000000000005720, -300.0000000000000000, 10.90000000000000036 ) ) ;
#1322 = LINE ( 'NONE', #1982, #2110 ) ;
#1323 = ORIENTED_EDGE ( 'NONE', *, *, #2843, .T. ) ;
#1324 = CC_DESIGN_APPROVAL ( #685, ( #1710 ) ) ;
#1325 = DIRECTION ( 'NONE',  ( 0.000000000000000000, -0.000000000000000000, 1.000000000000000000 ) ) ;
#1326 = CARTESIAN_POINT ( 'NONE',  ( 30.00000000000008171, -778.0000000000000000, 279.9999999999999432 ) ) ;
#1327 = CIRCLE ( 'NONE', #2581, 5.000000000000000888 ) ;
#1328 = CARTESIAN_POINT ( 'NONE',  ( 5.200000000000002842, -50.50000000000002842, 300.0000000000000000 ) ) ;
#1329 = VERTEX_POINT ( 'NONE', #198 ) ;
#1330 = EDGE_CURVE ( 'NONE', #2335, #2452, #1635, .T. ) ;
#1331 = VECTOR ( 'NONE', #1958, 1000.000000000000000 ) ;
#1332 = EDGE_LOOP ( 'NONE', ( #2850, #792, #3096, #2680, #206 ) ) ;
#1333 = LINE ( 'NONE', #491, #2521 ) ;
#1334 = EDGE_CURVE ( 'NONE', #2358, #2000, #2526, .T. ) ;
#1335 = FACE_OUTER_BOUND ( 'NONE', #2008, .T. ) ;
#1336 = VECTOR ( 'NONE', #821, 1000.000000000000000 ) ;
#1337 = VECTOR ( 'NONE', #1505, 1000.000000000000000 ) ;
#1338 = DIRECTION ( 'NONE',  ( -0.000000000000000000, -1.000000000000000000, -0.000000000000000000 ) ) ;
#1339 = LINE ( 'NONE', #1133, #714 ) ;
#1340 = AXIS2_PLACEMENT_3D ( 'NONE', #2247, #612, #1793 ) ;
#1341 = VERTEX_POINT ( 'NONE', #3051 ) ;
#1342 = CARTESIAN_POINT ( 'NONE',  ( 0.000000000000000000, 0.000000000000000000, 119.0000000000000142 ) ) ;
#1343 = DIRECTION ( 'NONE',  ( -0.000000000000000000, 1.000000000000000000, -0.000000000000000000 ) ) ;
#1344 = ORIENTED_EDGE ( 'NONE', *, *, #832, .T. ) ;
#1345 = APPROVAL_PERSON_ORGANIZATION ( #2981, #1566, #1278 ) ;
#1346 = EDGE_CURVE ( 'NONE', #1893, #488, #481, .T. ) ;
#1347 = ORIENTED_EDGE ( 'NONE', *, *, #1777, .F. ) ;
#1348 = DIRECTION ( 'NONE',  ( -0.000000000000000000, 1.000000000000000000, -0.000000000000000000 ) ) ;
#1349 = LOCAL_TIME ( 8, 49, 33.00000000000000000, #1764 ) ;
#1350 = DIRECTION ( 'NONE',  ( 0.000000000000000000, 1.000000000000000000, 0.000000000000000000 ) ) ;
#1351 = ORIENTED_EDGE ( 'NONE', *, *, #999, .T. ) ;
#1352 = AXIS2_PLACEMENT_3D ( 'NONE', #1736, #1719, #2933 ) ;
#1353 = CALENDAR_DATE ( 2026, 5, 6 ) ;
#1354 = CARTESIAN_POINT ( 'NONE',  ( 30.00000000000000355, -18.00000000000000000, 300.0000000000000000 ) ) ;
#1355 = ORIENTED_EDGE ( 'NONE', *, *, #2393, .F. ) ;
#1356 = DIRECTION ( 'NONE',  ( 0.000000000000000000, 1.000000000000000000, 0.000000000000000000 ) ) ;
#1357 = SHAPE_DEFINITION_REPRESENTATION ( #1499, #1886 ) ;
#1358 = EDGE_LOOP ( 'NONE', ( #1323, #1393, #939, #1124 ) ) ;
#1359 = AXIS2_PLACEMENT_3D ( 'NONE', #2460, #769, #311 ) ;
#1360 = LINE ( 'NONE', #1092, #3053 ) ;
#1361 = ADVANCED_FACE ( 'NONE', ( #288 ), #1923, .F. ) ;
#1362 = CARTESIAN_POINT ( 'NONE',  ( 7.979727989493312634E-14, 350.0000000000000000, 27.00000000000000355 ) ) ;
#1363 = ORIENTED_EDGE ( 'NONE', *, *, #1478, .F. ) ;
#1364 = FACE_OUTER_BOUND ( 'NONE', #2099, .T. ) ;
#1365 = SECURITY_CLASSIFICATION ( '', '', #823 ) ;
#1366 = ORIENTED_EDGE ( 'NONE', *, *, #963, .T. ) ;
#1367 = PLANE ( 'NONE',  #2122 ) ;
#1368 = DIRECTION ( 'NONE',  ( -0.000000000000000000, 1.000000000000000000, -0.000000000000000000 ) ) ;
#1369 = FACE_OUTER_BOUND ( 'NONE', #1541, .T. ) ;
#1370 = EDGE_CURVE ( 'NONE', #1695, #1070, #708, .T. ) ;
#1371 = LINE ( 'NONE', #1196, #744 ) ;
#1372 = LINE ( 'NONE', #1559, #781 ) ;
#1373 = CARTESIAN_POINT ( 'NONE',  ( 432.0000000000001137, -778.0000000000000000, 702.4027832905732112 ) ) ;
#1374 = DIRECTION ( 'NONE',  ( -1.927470528863117076E-16, -1.000000000000000000, 0.000000000000000000 ) ) ;
#1375 = LINE ( 'NONE', #55, #2418 ) ;
#1376 = CARTESIAN_POINT ( 'NONE',  ( 0.000000000000000000, 0.000000000000000000, 0.000000000000000000 ) ) ;
#1377 = VECTOR ( 'NONE', #2958, 1000.000000000000000 ) ;
#1378 = EDGE_CURVE ( 'NONE', #2861, #2255, #431, .T. ) ;
#1379 = DIRECTION ( 'NONE',  ( 1.137523590804461357E-16, 0.000000000000000000, -1.000000000000000000 ) ) ;
#1380 = CARTESIAN_POINT ( 'NONE',  ( 30.00000000000005329, -18.00000000000000000, 2.000000000000000000 ) ) ;
#1381 = ADVANCED_FACE ( 'NONE', ( #1191, #594 ), #2888, .F. ) ;
#1382 = LINE ( 'NONE', #929, #3039 ) ;
#1383 = AXIS2_PLACEMENT_3D ( 'NONE', #3035, #393, #1851 ) ;
#1384 = CARTESIAN_POINT ( 'NONE',  ( 30.00000000000001776, -271.0000000000000000, 702.4027832905732112 ) ) ;
#1385 = ORIENTED_EDGE ( 'NONE', *, *, #1370, .T. ) ;
#1386 = CARTESIAN_POINT ( 'NONE',  ( 0.000000000000000000, 0.000000000000000000, 0.000000000000000000 ) ) ;
#1387 = PRODUCT_RELATED_PRODUCT_CATEGORY ( 'detail', '', ( #1881 ) ) ;
#1388 = ORIENTED_EDGE ( 'NONE', *, *, #577, .T. ) ;
#1389 = PLANE ( 'NONE',  #1746 ) ;
#1390 = ORIENTED_EDGE ( 'NONE', *, *, #1378, .F. ) ;
#1391 = PLANE ( 'NONE',  #1869 ) ;
#1392 = CALENDAR_DATE ( 2026, 5, 6 ) ;
#1393 = ORIENTED_EDGE ( 'NONE', *, *, #700, .T. ) ;
#1394 = PLANE ( 'NONE',  #900 ) ;
#1395 = PLANE ( 'NONE',  #447 ) ;
#1396 = PRODUCT ( '定位销', '定位销', '', ( #6 ) ) ;
#1397 = EDGE_CURVE ( 'NONE', #2603, #652, #2420, .T. ) ;
#1398 = CALENDAR_DATE ( 2026, 5, 6 ) ;
#1399 = ADVANCED_FACE ( 'NONE', ( #2650 ), #1633, .T. ) ;
#1400 = VERTEX_POINT ( 'NONE', #1653 ) ;
#1401 = DIRECTION ( 'NONE',  ( 0.7832554648628055061, 0.000000000000000000, 0.6216999893538285304 ) ) ;
#1402 = COORDINATED_UNIVERSAL_TIME_OFFSET ( 8, 0, .AHEAD. ) ;
#1403 = DIRECTION ( 'NONE',  ( 0.000000000000000000, -1.000000000000000000, 0.000000000000000000 ) ) ;
#1404 = CARTESIAN_POINT ( 'NONE',  ( 7.979727989493312634E-14, -350.0000000000000000, 27.00000000000000355 ) ) ;
#1405 = CARTESIAN_POINT ( 'NONE',  ( 30.00000000000005329, -18.00000000000000000, 2.000000000000000000 ) ) ;
#1406 = VERTEX_POINT ( 'NONE', #250 ) ;
#1407 = CIRCLE ( 'NONE', #2756, 5.000000000000000888 ) ;
#1408 = DIRECTION ( 'NONE',  ( 0.000000000000000000, 1.000000000000000000, 0.000000000000000000 ) ) ;
#1409 = DIRECTION ( 'NONE',  ( 1.000000000000000000, -0.000000000000000000, -0.000000000000000000 ) ) ;
#1410 = ORIENTED_EDGE ( 'NONE', *, *, #795, .F. ) ;
#1411 = APPROVAL ( #2382, '未指定' ) ;
#1412 = CIRCLE ( 'NONE', #728, 5.000000000000000888 ) ;
#1413 = ORIENTED_EDGE ( 'NONE', *, *, #251, .F. ) ;
#1414 = VECTOR ( 'NONE', #2127, 1000.000000000000000 ) ;
#1415 = DIRECTION ( 'NONE',  ( 2.065146995210486914E-16, 0.000000000000000000, 1.000000000000000000 ) ) ;
#1416 = LINE ( 'NONE', #42, #1868 ) ;
#1417 = ADVANCED_FACE ( 'NONE', ( #2735, #2921 ), #483, .T. ) ;
#1418 = LINE ( 'NONE', #2783, #1300 ) ;
#1419 = EDGE_CURVE ( 'NONE', #81, #988, #1009, .T. ) ;
#1420 = DIRECTION ( 'NONE',  ( 0.000000000000000000, 0.000000000000000000, -1.000000000000000000 ) ) ;
#1421 = DIRECTION ( 'NONE',  ( 0.000000000000000000, 0.000000000000000000, -1.000000000000000000 ) ) ;
#1422 = AXIS2_PLACEMENT_3D ( 'NONE', #670, #1631, #2081 ) ;
#1423 = CIRCLE ( 'NONE', #822, 6.450000000000001066 ) ;
#1424 = CARTESIAN_POINT ( 'NONE',  ( 15.00000000000007994, 0.000000000000000000, 0.000000000000000000 ) ) ;
#1425 = DIRECTION ( 'NONE',  ( 1.224646799147355179E-16, -1.000000000000000000, -0.000000000000000000 ) ) ;
#1426 = ORIENTED_EDGE ( 'NONE', *, *, #2393, .T. ) ;
#1427 = AXIS2_PLACEMENT_3D ( 'NONE', #960, #1697, #2391 ) ;
#1428 = PLANE ( 'NONE',  #1427 ) ;
#1429 = CARTESIAN_POINT ( 'NONE',  ( 432.0000000000000000, -18.00000000000000000, -0.000000000000000000 ) ) ;
#1430 = ORIENTED_EDGE ( 'NONE', *, *, #475, .F. ) ;
#1431 = CC_DESIGN_DATE_AND_TIME_ASSIGNMENT ( #2855, #2733, ( #2946 ) ) ;
#1432 = ITEM_DEFINED_TRANSFORMATION ( 'NONE', 'NONE', #602,  #2404 ) ;
#1433 = CARTESIAN_POINT ( 'NONE',  ( 15.90000000000005720, 398.5000000000000568, 15.90000000000000036 ) ) ;
#1434 = VERTEX_POINT ( 'NONE', #740 ) ;
#1435 = DIRECTION ( 'NONE',  ( -1.288758049684149971E-16, -0.000000000000000000, 1.000000000000000000 ) ) ;
#1436 = DIRECTION ( 'NONE',  ( 1.460819769243627131E-16, 1.000000000000000000, 0.000000000000000000 ) ) ;
#1437 = EDGE_CURVE ( 'NONE', #2934, #2506, #1945, .T. ) ;
#1438 = ORIENTED_EDGE ( 'NONE', *, *, #1904, .F. ) ;
#1439 = LOCAL_TIME ( 8, 49, 33.00000000000000000, #2141 ) ;
#1440 = DIRECTION ( 'NONE',  ( 1.224646799147353207E-16, -1.000000000000000000, 0.000000000000000000 ) ) ;
#1441 = DIRECTION ( 'NONE',  ( 0.000000000000000000, -1.000000000000000000, 0.000000000000000000 ) ) ;
#1442 = ORIENTED_EDGE ( 'NONE', *, *, #2153, .T. ) ;
#1443 = DIRECTION ( 'NONE',  ( 0.000000000000000000, 0.000000000000000000, -1.000000000000000000 ) ) ;
#1444 = EDGE_CURVE ( 'NONE', #2450, #2816, #3001, .T. ) ;
#1445 = LINE ( 'NONE', #2525, #1774 ) ;
#1446 = EDGE_LOOP ( 'NONE', ( #363, #1903 ) ) ;
#1447 = DIRECTION ( 'NONE',  ( 1.000000000000000000, 0.000000000000000000, -0.000000000000000000 ) ) ;
#1448 = VERTEX_POINT ( 'NONE', #3098 ) ;
#1449 = AXIS2_PLACEMENT_3D ( 'NONE', #850, #2027, #2235 ) ;
#1450 = ORIENTED_EDGE ( 'NONE', *, *, #3113, .F. ) ;
#1451 = DIRECTION ( 'NONE',  ( 0.000000000000000000, 0.000000000000000000, 1.000000000000000000 ) ) ;
#1452 = DIRECTION ( 'NONE',  ( 0.000000000000000000, 0.000000000000000000, -1.000000000000000000 ) ) ;
#1453 = CARTESIAN_POINT ( 'NONE',  ( 15.90000000000005720, 400.0000000000000000, 15.90000000000000036 ) ) ;
#1454 = FACE_OUTER_BOUND ( 'NONE', #261, .T. ) ;
#1455 = APPROVAL ( #2135, '未指定' ) ;
#1456 = PERSON_AND_ORGANIZATION_ROLE ( 'creator' ) ;
#1457 = FACE_OUTER_BOUND ( 'NONE', #1560, .T. ) ;
#1458 = DIRECTION ( 'NONE',  ( -0.000000000000000000, 1.000000000000000000, -0.000000000000000000 ) ) ;
#1459 = DIRECTION ( 'NONE',  ( 1.000000000000000000, 0.000000000000000000, 0.000000000000000000 ) ) ;
#1460 = EDGE_CURVE ( 'NONE', #993, #1122, #107, .T. ) ;
#1461 = CIRCLE ( 'NONE', #134, 5.000000000000000000 ) ;
#1462 = APPROVAL_STATUS ( 'not_yet_approved' ) ;
#1463 = AXIS2_PLACEMENT_3D ( 'NONE', #239, #1441, #974 ) ;
#1464 = ORIENTED_EDGE ( 'NONE', *, *, #377, .F. ) ;
#1465 = PLANE ( 'NONE',  #2354 ) ;
#1466 = CARTESIAN_POINT ( 'NONE',  ( 432.0000000000000000, -18.00000000000000000, 2.000000000000000000 ) ) ;
#1467 = VERTEX_POINT ( 'NONE', #1666 ) ;
#1468 = AXIS2_PLACEMENT_3D ( 'NONE', #10, #1686, #1675 ) ;
#1469 = ORIENTED_EDGE ( 'NONE', *, *, #2797, .F. ) ;
#1470 = CARTESIAN_POINT ( 'NONE',  ( 15.00000000000007994, 0.000000000000000000, 0.000000000000000000 ) ) ;
#1471 = CARTESIAN_POINT ( 'NONE',  ( 7.961735002956730495E-14, 300.0000000000000000, 30.00000000000000000 ) ) ;
#1472 = ORIENTED_EDGE ( 'NONE', *, *, #2569, .T. ) ;
#1473 = APPROVAL_STATUS ( 'not_yet_approved' ) ;
#1474 = CC_DESIGN_APPROVAL ( #1566, ( #2427 ) ) ;
#1475 = PERSON_AND_ORGANIZATION ( #2819, #1100 ) ;
#1476 = VERTEX_POINT ( 'NONE', #2392 ) ;
#1477 = DIRECTION ( 'NONE',  ( -0.000000000000000000, 0.000000000000000000, 1.000000000000000000 ) ) ;
#1478 = EDGE_CURVE ( 'NONE', #331, #3080, #1787, .T. ) ;
#1479 = PERSON_AND_ORGANIZATION ( #2819, #1100 ) ;
#1480 = ADVANCED_FACE ( 'NONE', ( #516 ), #25, .F. ) ;
#1481 = ORIENTED_EDGE ( 'NONE', *, *, #513, .F. ) ;
#1482 = CARTESIAN_POINT ( 'NONE',  ( 30.00000000000003197, -271.0000000000000000, 300.0000000000000000 ) ) ;
#1483 = CYLINDRICAL_SURFACE ( 'NONE', #2201, 5.000000000000000888 ) ;
#1484 = DIRECTION ( 'NONE',  ( -0.000000000000000000, 1.000000000000000000, -0.000000000000000000 ) ) ;
#1485 = ORIENTED_EDGE ( 'NONE', *, *, #213, .F. ) ;
#1486 = DATE_TIME_ROLE ( 'creation_date' ) ;
#1487 = VECTOR ( 'NONE', #2442, 1000.000000000000000 ) ;
#1488 = DIRECTION ( 'NONE',  ( 0.000000000000000000, 1.000000000000000000, -0.000000000000000000 ) ) ;
#1489 = ORIENTED_EDGE ( 'NONE', *, *, #1334, .F. ) ;
#1490 = CARTESIAN_POINT ( 'NONE',  ( 9.797174393178825736E-14, -800.0000000000000000, 0.000000000000000000 ) ) ;
#1491 = EDGE_LOOP ( 'NONE', ( #2633, #3017 ) ) ;
#1492 = ORIENTED_EDGE ( 'NONE', *, *, #2205, .F. ) ;
#1493 = FACE_OUTER_BOUND ( 'NONE', #2829, .T. ) ;
#1494 = UNCERTAINTY_MEASURE_WITH_UNIT (LENGTH_MEASURE( 1.000000000000000082E-05 ), #1177, 'distance_accuracy_value', 'NONE');
#1495 = DIRECTION ( 'NONE',  ( 0.000000000000000000, 0.000000000000000000, -1.000000000000000000 ) ) ;
#1496 = APPROVAL ( #496, '未指定' ) ;
#1497 = DATE_TIME_ROLE ( 'classification_date' ) ;
#1498 = DIRECTION ( 'NONE',  ( -1.000000000000000000, 0.000000000000000000, -1.137523590804461357E-16 ) ) ;
#1499 = PRODUCT_DEFINITION_SHAPE ( 'NONE', 'NONE',  #1546 ) ;
#1500 = LINE ( 'NONE', #1162, #2126 ) ;
#1501 = EDGE_CURVE ( 'NONE', #2985, #1759, #1112, .T. ) ;
#1502 = DIRECTION ( 'NONE',  ( 0.000000000000000000, 1.000000000000000000, 0.000000000000000000 ) ) ;
#1503 = CARTESIAN_POINT ( 'NONE',  ( 432.0000000000000000, -18.00000000000000000, 300.0000000000000000 ) ) ;
#1504 = ORIENTED_EDGE ( 'NONE', *, *, #778, .T. ) ;
#1505 = DIRECTION ( 'NONE',  ( 1.000000000000000000, 0.000000000000000000, 0.000000000000000000 ) ) ;
#1506 = ORIENTED_EDGE ( 'NONE', *, *, #595, .T. ) ;
#1507 = ORIENTED_EDGE ( 'NONE', *, *, #646, .T. ) ;
#1508 = ORIENTED_EDGE ( 'NONE', *, *, #2618, .F. ) ;
#1509 = DATE_AND_TIME ( #51, #1439 ) ;
#1510 = EDGE_LOOP ( 'NONE', ( #3042, #2708, #502, #267 ) ) ;
#1511 = CC_DESIGN_APPROVAL ( #1037, ( #2588 ) ) ;
#1512 = VERTEX_POINT ( 'NONE', #66 ) ;
#1513 = CARTESIAN_POINT ( 'NONE',  ( 15.90000000000000036, -749.5000000000000000, 316.0000000000000000 ) ) ;
#1514 = EDGE_CURVE ( 'NONE', #400, #576, #1375, .T. ) ;
#1515 = CIRCLE ( 'NONE', #1340, 6.450000000000001066 ) ;
#1516 = ORIENTED_EDGE ( 'NONE', *, *, #2593, .F. ) ;
#1517 = DIRECTION ( 'NONE',  ( -0.000000000000000000, 1.000000000000000000, -0.000000000000000000 ) ) ;
#1518 = FACE_OUTER_BOUND ( 'NONE', #1927, .T. ) ;
#1519 = EDGE_CURVE ( 'NONE', #1745, #1341, #2561, .T. ) ;
#1520 = ADVANCED_FACE ( 'NONE', ( #479 ), #2683, .T. ) ;
#1521 = DATE_TIME_ROLE ( 'classification_date' ) ;
#1522 = CYLINDRICAL_SURFACE ( 'NONE', #329, 5.049999999999998934 ) ;
#1523 = VECTOR ( 'NONE', #116, 1000.000000000000000 ) ;
#1524 = DIRECTION ( 'NONE',  ( 0.000000000000000000, 0.000000000000000000, 1.000000000000000000 ) ) ;
#1525 = VECTOR ( 'NONE', #3023, 1000.000000000000000 ) ;
#1526 = DIRECTION ( 'NONE',  ( 0.000000000000000000, 1.000000000000000000, 0.000000000000000000 ) ) ;
#1527 = AXIS2_PLACEMENT_3D ( 'NONE', #2202, #1800, #851 ) ;
#1528 = DIRECTION ( 'NONE',  ( -0.000000000000000000, 0.000000000000000000, 1.000000000000000000 ) ) ;
#1529 = CARTESIAN_POINT ( 'NONE',  ( 432.0000000000000000, -18.00000000000000000, 20.00000000000001776 ) ) ;
#1530 = APPROVAL ( #2641, '未指定' ) ;
#1531 = PERSON_AND_ORGANIZATION_ROLE ( 'creator' ) ;
#1532 = VECTOR ( 'NONE', #1458, 1000.000000000000000 ) ;
#1533 = EDGE_CURVE ( 'NONE', #1204, #988, #2021, .T. ) ;
#1534 = DIRECTION ( 'NONE',  ( -1.000000000000000000, 0.000000000000000000, 0.000000000000000000 ) ) ;
#1535 = VERTEX_POINT ( 'NONE', #506 ) ;
#1536 = ADVANCED_FACE ( 'NONE', ( #2965 ), #1077, .F. ) ;
#1537 = EDGE_CURVE ( 'NONE', #1170, #1893, #926, .T. ) ;
#1538 = ORIENTED_EDGE ( 'NONE', *, *, #894, .T. ) ;
#1539 = PLANE ( 'NONE',  #2573 ) ;
#1540 = DIRECTION ( 'NONE',  ( -0.000000000000000000, 1.000000000000000000, -0.000000000000000000 ) ) ;
#1541 = EDGE_LOOP ( 'NONE', ( #1648, #1390, #2351, #1211 ) ) ;
#1542 = DATE_AND_TIME ( #2314, #2137 ) ;
#1543 = EDGE_LOOP ( 'NONE', ( #2982, #1161, #2187, #1993 ) ) ;
#1544 = PERSON_AND_ORGANIZATION ( #2819, #1100 ) ;
#1545 = ORIENTED_EDGE ( 'NONE', *, *, #1555, .F. ) ;
#1546 = PRODUCT_DEFINITION ( '未知', '', #1691, #3009 ) ;
#1547 = APPROVAL_PERSON_ORGANIZATION ( #1479, #3041, #2651 ) ;
#1548 = CARTESIAN_POINT ( 'NONE',  ( 30.00000000000003197, -271.0000000000000000, 20.00000000000001776 ) ) ;
#1549 = ORIENTED_EDGE ( 'NONE', *, *, #1604, .T. ) ;
#1550 = ADVANCED_FACE ( 'NONE', ( #2263 ), #1765, .T. ) ;
#1551 = LINE ( 'NONE', #2570, #314 ) ;
#1552 = VERTEX_POINT ( 'NONE', #1079 ) ;
#1553 = LINE ( 'NONE', #1597, #2331 ) ;
#1554 = ORIENTED_EDGE ( 'NONE', *, *, #1236, .T. ) ;
#1555 = EDGE_CURVE ( 'NONE', #1057, #2776, #2837, .T. ) ;
#1556 = LINE ( 'NONE', #1047, #1856 ) ;
#1557 = ORIENTED_EDGE ( 'NONE', *, *, #2994, .F. ) ;
#1558 = CARTESIAN_POINT ( 'NONE',  ( 0.000000000000000000, 0.000000000000000000, 20.00000000000000000 ) ) ;
#1559 = CARTESIAN_POINT ( 'NONE',  ( 30.00000000000000355, -700.0000000000000000, 300.0000000000000000 ) ) ;
#1560 = EDGE_LOOP ( 'NONE', ( #1668, #1291, #1280, #2663 ) ) ;
#1561 = VECTOR ( 'NONE', #2477, 1000.000000000000000 ) ;
#1562 = CC_DESIGN_APPROVAL ( #1411, ( #1246 ) ) ;
#1563 = CYLINDRICAL_SURFACE ( 'NONE', #2030, 6.450000000000001066 ) ;
#1564 = CARTESIAN_POINT ( 'NONE',  ( 9.797174393178825736E-14, -800.0000000000000000, 0.000000000000000000 ) ) ;
#1565 = CARTESIAN_POINT ( 'NONE',  ( 5.200000000000006395, -749.5000000000000000, 316.7999999999999545 ) ) ;
#1566 = APPROVAL ( #2935, 'UNKNOWN' ) ;
#1567 = VECTOR ( 'NONE', #498, 1000.000000000000000 ) ;
#1568 = EDGE_LOOP ( 'NONE', ( #2686, #899, #2282, #2574 ) ) ;
#1569 = EDGE_CURVE ( 'NONE', #2896, #1885, #427, .T. ) ;
#1570 = ORIENTED_EDGE ( 'NONE', *, *, #1569, .T. ) ;
#1571 = DIRECTION ( 'NONE',  ( -1.000000000000000000, -0.000000000000000000, -0.000000000000000000 ) ) ;
#1572 = EDGE_LOOP ( 'NONE', ( #2578, #2273, #2213, #1998 ) ) ;
#1573 = DIRECTION ( 'NONE',  ( 0.000000000000000000, 0.000000000000000000, -1.000000000000000000 ) ) ;
#1574 = DATE_AND_TIME ( #3088, #2902 ) ;
#1575 = ORIENTED_EDGE ( 'NONE', *, *, #149, .F. ) ;
#1576 = AXIS2_PLACEMENT_3D ( 'NONE', #1342, #2308, #1822 ) ;
#1577 = LOCAL_TIME ( 8, 49, 33.00000000000000000, #1928 ) ;
#1578 = ADVANCED_FACE ( 'NONE', ( #322 ), #1305, .F. ) ;
#1579 = ORIENTED_EDGE ( 'NONE', *, *, #3047, .F. ) ;
#1580 = CARTESIAN_POINT ( 'NONE',  ( 502.0000000000003411, -777.9999999999998863, 300.0000000000000000 ) ) ;
#1581 = CARTESIAN_POINT ( 'NONE',  ( 0.000000000000000000, 0.000000000000000000, -1.500000000000000000 ) ) ;
#1582 = EDGE_LOOP ( 'NONE', ( #2548, #1974, #346, #2271 ) ) ;
#1583 = CC_DESIGN_PERSON_AND_ORGANIZATION_ASSIGNMENT ( #1846, #2473, ( #626 ) ) ;
#1584 = CARTESIAN_POINT ( 'NONE',  ( 30.00000000000009592, -778.0000000000000000, 20.00000000000001776 ) ) ;
#1585 = VECTOR ( 'NONE', #106, 1000.000000000000000 ) ;
#1586 = CARTESIAN_POINT ( 'NONE',  ( 15.90000000000000036, -749.5000000000000000, 310.9499999999999886 ) ) ;
#1587 = ORIENTED_EDGE ( 'NONE', *, *, #2024, .T. ) ;
#1588 = EDGE_CURVE ( 'NONE', #1467, #81, #817, .T. ) ;
#1589 = FACE_OUTER_BOUND ( 'NONE', #1757, .T. ) ;
#1590 = VERTEX_POINT ( 'NONE', #820 ) ;
#1591 = DIRECTION ( 'NONE',  ( -1.000000000000000000, 0.000000000000000000, -0.000000000000000000 ) ) ;
#1592 = VECTOR ( 'NONE', #2800, 1000.000000000000000 ) ;
#1593 = EDGE_CURVE ( 'NONE', #1954, #2344, #2487, .T. ) ;
#1594 = FACE_OUTER_BOUND ( 'NONE', #2090, .T. ) ;
#1595 = VECTOR ( 'NONE', #372, 1000.000000000000000 ) ;
#1596 = CARTESIAN_POINT ( 'NONE',  ( 30.00000000000001421, -506.0000000000000000, 300.0000000000000000 ) ) ;
#1597 = CARTESIAN_POINT ( 'NONE',  ( 30.00000000000000355, -18.00000000000000000, 300.0000000000000000 ) ) ;
#1598 = AXIS2_PLACEMENT_3D ( 'NONE', #2164, #2877, #1420 ) ;
#1599 = CARTESIAN_POINT ( 'NONE',  ( 15.90000000000005720, -398.5000000000000000, 20.90000000000000213 ) ) ;
#1600 = ORIENTED_EDGE ( 'NONE', *, *, #377, .T. ) ;
#1601 = DIRECTION ( 'NONE',  ( -0.000000000000000000, 1.000000000000000000, -0.000000000000000000 ) ) ;
#1602 = CARTESIAN_POINT ( 'NONE',  ( 30.00000000000002487, -524.0000000000000000, 702.4027832905732112 ) ) ;
#1603 = ORIENTED_EDGE ( 'NONE', *, *, #743, .F. ) ;
#1604 = EDGE_CURVE ( 'NONE', #425, #2532, #2193, .T. ) ;
#1605 = VERTEX_POINT ( 'NONE', #2729 ) ;
#1606 = DIRECTION ( 'NONE',  ( -0.000000000000000000, 1.000000000000000000, -0.000000000000000000 ) ) ;
#1607 = DATE_AND_TIME ( #1392, #2317 ) ;
#1608 = ORIENTED_EDGE ( 'NONE', *, *, #2794, .T. ) ;
#1609 = AXIS2_PLACEMENT_3D ( 'NONE', #2979, #2497, #589 ) ;
#1610 = DATE_AND_TIME ( #1064, #1214 ) ;
#1611 = CARTESIAN_POINT ( 'NONE',  ( 432.0000000000000568, -524.0000000000000000, 20.00000000000001776 ) ) ;
#1612 = CARTESIAN_POINT ( 'NONE',  ( 6.450000000000001066, 0.000000000000000000, -1.500000000000000000 ) ) ;
#1613 = ORIENTED_EDGE ( 'NONE', *, *, #609, .F. ) ;
#1614 = DIRECTION ( 'NONE',  ( 0.000000000000000000, 0.000000000000000000, 1.000000000000000000 ) ) ;
#1615 = DIRECTION ( 'NONE',  ( 0.000000000000000000, -0.000000000000000000, 1.000000000000000000 ) ) ;
#1616 = VERTEX_POINT ( 'NONE', #579 ) ;
#1617 = AXIS2_PLACEMENT_3D ( 'NONE', #286, #1714, #60 ) ;
#1618 = CYLINDRICAL_SURFACE ( 'NONE', #108, 6.500000000000005329 ) ;
#1619 = PERSON_AND_ORGANIZATION_ROLE ( 'design_owner' ) ;
#1620 = ORIENTED_EDGE ( 'NONE', *, *, #228, .T. ) ;
#1621 = CARTESIAN_POINT ( 'NONE',  ( 0.000000000000000000, 0.000000000000000000, 0.000000000000000000 ) ) ;
#1622 = CARTESIAN_POINT ( 'NONE',  ( 432.0000000000001137, -760.0000000000000000, 702.4027832905732112 ) ) ;
#1623 = VECTOR ( 'NONE', #2587, 1000.000000000000000 ) ;
#1624 = CC_DESIGN_SECURITY_CLASSIFICATION ( #2427, ( #3118 ) ) ;
#1625 = ORIENTED_EDGE ( 'NONE', *, *, #1176, .T. ) ;
#1626 = CARTESIAN_POINT ( 'NONE',  ( 13.20000000000000639, -749.5000000000000000, 324.7999999999999545 ) ) ;
#1627 = ADVANCED_FACE ( 'NONE', ( #747 ), #1539, .F. ) ;
#1628 = LINE ( 'NONE', #558, #2834 ) ;
#1629 = EDGE_CURVE ( 'NONE', #2074, #1849, #2299, .T. ) ;
#1630 = CARTESIAN_POINT ( 'NONE',  ( 15.90000000000000036, -749.5000000000000000, 310.9499999999999886 ) ) ;
#1631 = DIRECTION ( 'NONE',  ( -0.000000000000000000, 0.000000000000000000, 1.000000000000000000 ) ) ;
#1632 = CIRCLE ( 'NONE', #1352, 5.049999999999998934 ) ;
#1633 = CYLINDRICAL_SURFACE ( 'NONE', #1598, 15.00000000000000000 ) ;
#1634 = CARTESIAN_POINT ( 'NONE',  ( 432.0000000000001137, -777.9999999999998863, 300.0000000000000000 ) ) ;
#1635 = LINE ( 'NONE', #2336, #2198 ) ;
#1636 = DIRECTION ( 'NONE',  ( -0.000000000000000000, 1.000000000000000000, -0.000000000000000000 ) ) ;
#1637 = DIRECTION ( 'NONE',  ( 0.000000000000000000, -0.000000000000000000, 1.000000000000000000 ) ) ;
#1638 = AXIS2_PLACEMENT_3D ( 'NONE', #1788, #2489, #1995 ) ;
#1639 = PRODUCT_DEFINITION_SHAPE ( 'NONE', 'NONE',  #3117 ) ;
#1640 = VERTEX_POINT ( 'NONE', #1072 ) ;
#1641 = ADVANCED_FACE ( 'NONE', ( #2768 ), #2121, .T. ) ;
#1642 = DIRECTION ( 'NONE',  ( 0.000000000000000000, 0.000000000000000000, 1.000000000000000000 ) ) ;
#1643 = CC_DESIGN_DATE_AND_TIME_ASSIGNMENT ( #2824, #1486, ( #143 ) ) ;
#1644 = ORIENTED_EDGE ( 'NONE', *, *, #1882, .T. ) ;
#1645 = DIRECTION ( 'NONE',  ( 1.000000000000000000, 0.000000000000000000, 0.000000000000000000 ) ) ;
#1646 = DIRECTION ( 'NONE',  ( -1.000000000000000000, 0.000000000000000000, 0.000000000000000000 ) ) ;
#1647 = CARTESIAN_POINT ( 'NONE',  ( -28.00000000000005684, -350.0000000000000000, 27.00000000000000000 ) ) ;
#1648 = ORIENTED_EDGE ( 'NONE', *, *, #490, .T. ) ;
#1649 = CARTESIAN_POINT ( 'NONE',  ( 33.00000000000007816, 350.0000000000000000, 0.000000000000000000 ) ) ;
#1650 = EDGE_CURVE ( 'NONE', #1652, #241, #285, .T. ) ;
#1651 = CARTESIAN_POINT ( 'NONE',  ( 0.000000000000000000, 0.000000000000000000, 120.0000000000000000 ) ) ;
#1652 = VERTEX_POINT ( 'NONE', #1313 ) ;
#1653 = CARTESIAN_POINT ( 'NONE',  ( 30.00000000000000355, -700.0000000000000000, 300.0000000000000000 ) ) ;
#1654 = DIRECTION ( 'NONE',  ( 0.000000000000000000, 0.000000000000000000, -1.000000000000000000 ) ) ;
#1655 = EDGE_CURVE ( 'NONE', #2776, #2952, #1865, .T. ) ;
#1656 = APPROVAL_DATE_TIME ( #1574, #359 ) ;
#1657 = ORIENTED_EDGE ( 'NONE', *, *, #2569, .F. ) ;
#1658 = DIRECTION ( 'NONE',  ( 1.000000000000000000, 0.000000000000000000, 0.000000000000000000 ) ) ;
#1659 = APPROVAL_PERSON_ORGANIZATION ( #2281, #243, #992 ) ;
#1660 = CARTESIAN_POINT ( 'NONE',  ( -6.450000000000001066, 7.898971854500429678E-16, 0.000000000000000000 ) ) ;
#1661 = ORIENTED_EDGE ( 'NONE', *, *, #692, .T. ) ;
#1662 = CARTESIAN_POINT ( 'NONE',  ( 15.90000000000005720, -506.0000000000004547, 10.90000000000000036 ) ) ;
#1663 = CARTESIAN_POINT ( 'NONE',  ( 0.000000000000000000, 0.000000000000000000, 300.0000000000000000 ) ) ;
#1664 = ORIENTED_EDGE ( 'NONE', *, *, #1129, .T. ) ;
#1665 = LINE ( 'NONE', #1586, #3024 ) ;
#1666 = CARTESIAN_POINT ( 'NONE',  ( -6.450000000000001066, 7.898971854500429678E-16, -1.500000000000000000 ) ) ;
#1667 = CARTESIAN_POINT ( 'NONE',  ( 7.961735002956730495E-14, 400.0000000000000000, 15.00000000000000000 ) ) ;
#1668 = ORIENTED_EDGE ( 'NONE', *, *, #832, .F. ) ;
#1669 = AXIS2_PLACEMENT_3D ( 'NONE', #148, #2083, #2073 ) ;
#1670 = DIRECTION ( 'NONE',  ( -0.6216999893538285304, 0.000000000000000000, 0.7832554648628055061 ) ) ;
#1671 = LINE ( 'NONE', #14, #3026 ) ;
#1672 = VERTEX_POINT ( 'NONE', #1286 ) ;
#1673 = DIRECTION ( 'NONE',  ( -0.000000000000000000, -1.000000000000000000, -0.000000000000000000 ) ) ;
#1674 = VECTOR ( 'NONE', #690, 1000.000000000000000 ) ;
#1675 = DIRECTION ( 'NONE',  ( -1.000000000000000000, 0.000000000000000000, 0.000000000000000000 ) ) ;
#1676 = LINE ( 'NONE', #1584, #1981 ) ;
#1677 = FACE_BOUND ( 'NONE', #2191, .T. ) ;
#1678 = EDGE_CURVE ( 'NONE', #1970, #2059, #2160, .T. ) ;
#1679 = CARTESIAN_POINT ( 'NONE',  ( 30.00000000000001421, -506.0000000000000000, 702.4027832905732112 ) ) ;
#1680 = CIRCLE ( 'NONE', #1705, 15.00000000000000000 ) ;
#1681 = ADVANCED_FACE ( 'NONE', ( #2918 ), #135, .F. ) ;
#1682 = APPROVAL_STATUS ( 'not_yet_approved' ) ;
#1683 = AXIS2_PLACEMENT_3D ( 'NONE', #748, #2630, #2653 ) ;
#1684 = DIRECTION ( 'NONE',  ( 0.000000000000000000, 0.000000000000000000, -1.000000000000000000 ) ) ;
#1685 = LINE ( 'NONE', #448, #1119 ) ;
#1686 = DIRECTION ( 'NONE',  ( -0.000000000000000000, -0.000000000000000000, -1.000000000000000000 ) ) ;
#1687 = ORIENTED_EDGE ( 'NONE', *, *, #2547, .F. ) ;
#1688 = CARTESIAN_POINT ( 'NONE',  ( 13.20000000000000639, -50.50000000000002842, 324.7999999999999545 ) ) ;
#1689 = DIRECTION ( 'NONE',  ( -1.460819769243627131E-16, -1.000000000000000000, 0.000000000000000000 ) ) ;
#1690 = ORIENTED_EDGE ( 'NONE', *, *, #2886, .F. ) ;
#1691 = PRODUCT_DEFINITION_FORMATION_WITH_SPECIFIED_SOURCE ( '任何', '', #185, .NOT_KNOWN. ) ;
#1692 = CARTESIAN_POINT ( 'NONE',  ( 30.00000000000000355, -749.5000000000000000, 300.0000000000000000 ) ) ;
#1693 = VERTEX_POINT ( 'NONE', #1097 ) ;
#1694 = DATE_AND_TIME ( #1842, #2468 ) ;
#1695 = VERTEX_POINT ( 'NONE', #3034 ) ;
#1696 = PERSON_AND_ORGANIZATION ( #2819, #1100 ) ;
#1697 = DIRECTION ( 'NONE',  ( 1.000000000000000000, -1.927470528863117076E-16, 0.000000000000000000 ) ) ;
#1698 = ORIENTED_EDGE ( 'NONE', *, *, #3028, .F. ) ;
#1699 = CARTESIAN_POINT ( 'NONE',  ( 30.00000000000000711, -50.50000000000002842, 300.0000000000000000 ) ) ;
#1700 = EDGE_CURVE ( 'NONE', #2276, #425, #2689, .T. ) ;
#1701 = ORIENTED_EDGE ( 'NONE', *, *, #3084, .F. ) ;
#1702 = PLANE ( 'NONE',  #2471 ) ;
#1703 = CLOSED_SHELL ( 'NONE', ( #501, #530, #1045, #1550, #2357, #291, #582, #1627, #379, #1520, #1241, #672, #829, #2378, #2687, #62, #1681, #2583, #2217, #1381, #1769, #276, #845, #247, #1641, #629, #2948, #2070, #860, #1871, #519, #1724, #2720, #2017, #2237, #2530, #168, #445, #2466, #1361, #1302, #2565, #1997, #2326, #1480 ) ) ;
#1704 = DIRECTION ( 'NONE',  ( -1.232566680299310330E-16, 1.000000000000000000, 0.000000000000000000 ) ) ;
#1705 = AXIS2_PLACEMENT_3D ( 'NONE', #1815, #1804, #924 ) ;
#1706 = LINE ( 'NONE', #3073, #2449 ) ;
#1707 = VERTEX_POINT ( 'NONE', #3013 ) ;
#1708 = CARTESIAN_POINT ( 'NONE',  ( 6.450000000000001066, 0.000000000000000000, -1.500000000000000000 ) ) ;
#1709 = CARTESIAN_POINT ( 'NONE',  ( 0.000000000000000000, 0.000000000000000000, 300.0000000000000000 ) ) ;
#1710 = PRODUCT_DEFINITION_FORMATION_WITH_SPECIFIED_SOURCE ( '任何', '', #1396, .NOT_KNOWN. ) ;
#1711 = DATE_TIME_ROLE ( 'classification_date' ) ;
#1712 = VECTOR ( 'NONE', #472, 1000.000000000000000 ) ;
#1713 = CYLINDRICAL_SURFACE ( 'NONE', #2897, 5.000000000000000888 ) ;
#1714 = DIRECTION ( 'NONE',  ( 0.000000000000000000, 1.000000000000000000, -0.000000000000000000 ) ) ;
#1715 = EDGE_CURVE ( 'NONE', #2344, #2512, #852, .T. ) ;
#1716 = LINE ( 'NONE', #2511, #3114 ) ;
#1717 = DIRECTION ( 'NONE',  ( -1.000000000000000000, -1.224646799147353207E-16, 0.000000000000000000 ) ) ;
#1718 = DIRECTION ( 'NONE',  ( -1.000000000000000000, 0.000000000000000000, -0.000000000000000000 ) ) ;
#1719 = DIRECTION ( 'NONE',  ( 0.000000000000000000, 1.000000000000000000, 0.000000000000000000 ) ) ;
#1720 = LINE ( 'NONE', #649, #391 ) ;
#1721 = ORIENTED_EDGE ( 'NONE', *, *, #2541, .T. ) ;
#1722 = PLANE ( 'NONE',  #389 ) ;
#1723 = ORIENTED_EDGE ( 'NONE', *, *, #2173, .T. ) ;
#1724 = ADVANCED_FACE ( 'NONE', ( #1229, #1493 ), #2052, .T. ) ;
#1725 = SECURITY_CLASSIFICATION ( '', '', #1987 ) ;
#1726 = ORIENTED_EDGE ( 'NONE', *, *, #2091, .T. ) ;
#1727 = CARTESIAN_POINT ( 'NONE',  ( 15.90000000000000036, -700.0000000000000000, 316.0000000000000000 ) ) ;
#1728 = DIRECTION ( 'NONE',  ( -0.000000000000000000, -0.000000000000000000, -1.000000000000000000 ) ) ;
#1729 = COORDINATED_UNIVERSAL_TIME_OFFSET ( 8, 0, .AHEAD. ) ;
#1730 = ORIENTED_EDGE ( 'NONE', *, *, #2632, .T. ) ;
#1731 = LOCAL_TIME ( 8, 49, 33.00000000000000000, #191 ) ;
#1732 = ORIENTED_EDGE ( 'NONE', *, *, #2040, .F. ) ;
#1733 = EDGE_CURVE ( 'NONE', #58, #1963, #2732, .T. ) ;
#1734 = APPROVAL_PERSON_ORGANIZATION ( #1172, #685, #508 ) ;
#1735 = ORIENTED_EDGE ( 'NONE', *, *, #573, .F. ) ;
#1736 = CARTESIAN_POINT ( 'NONE',  ( 15.90000000000000036, -50.50000000000002842, 316.0000000000000000 ) ) ;
#1737 = VERTEX_POINT ( 'NONE', #1564 ) ;
#1738 = ADVANCED_FACE ( 'NONE', ( #1051 ), #2883, .F. ) ;
#1739 = APPLICATION_PROTOCOL_DEFINITION ( 'international standard', 'config_control_design', 1994, #745 ) ;
#1740 = CIRCLE ( 'NONE', #622, 4.000000000000017764 ) ;
#1741 = EDGE_LOOP ( 'NONE', ( #3012, #383, #344, #1840 ) ) ;
#1742 = CONICAL_SURFACE ( 'NONE', #2806, 4.000000000000017764, 0.7853981633974460586 ) ;
#1743 = CARTESIAN_POINT ( 'NONE',  ( 502.0000000000003411, -777.9999999999998863, 300.0000000000000000 ) ) ;
#1744 = DIRECTION ( 'NONE',  ( 0.000000000000000000, 0.000000000000000000, 1.000000000000000000 ) ) ;
#1745 = VERTEX_POINT ( 'NONE', #1839 ) ;
#1746 = AXIS2_PLACEMENT_3D ( 'NONE', #2575, #1850, #2827 ) ;
#1747 = LINE ( 'NONE', #207, #1414 ) ;
#1748 = CC_DESIGN_PERSON_AND_ORGANIZATION_ASSIGNMENT ( #1096, #253, ( #1710 ) ) ;
#1749 =( REPRESENTATION_RELATIONSHIP ('NONE','NONE', #2930, #1803 ) REPRESENTATION_RELATIONSHIP_WITH_TRANSFORMATION ( #1432 )SHAPE_REPRESENTATION_RELATIONSHIP( ) );
#1750 = FACE_OUTER_BOUND ( 'NONE', #114, .T. ) ;
#1751 = EDGE_CURVE ( 'NONE', #2335, #2077, #174, .T. ) ;
#1752 = CARTESIAN_POINT ( 'NONE',  ( 450.0000000000001137, 400.0000000000000000, 30.00000000000000000 ) ) ;
#1753 = ADVANCED_FACE ( 'NONE', ( #1677, #388 ), #384, .F. ) ;
#1754 = CIRCLE ( 'NONE', #1050, 8.000000000000007105 ) ;
#1755 = EDGE_CURVE ( 'NONE', #1204, #1467, #2231, .T. ) ;
#1756 = CARTESIAN_POINT ( 'NONE',  ( 30.00000000000002487, -524.0000000000000000, 20.00000000000000000 ) ) ;
#1757 = EDGE_LOOP ( 'NONE', ( #1410, #772, #1351, #803 ) ) ;
#1758 = DATE_TIME_ROLE ( 'classification_date' ) ;
#1759 = VERTEX_POINT ( 'NONE', #1123 ) ;
#1760 = AXIS2_PLACEMENT_3D ( 'NONE', #793, #1038, #1999 ) ;
#1761 = CARTESIAN_POINT ( 'NONE',  ( 30.00000000000000355, -18.00000000000000000, 300.0000000000000000 ) ) ;
#1762 = CALENDAR_DATE ( 2026, 5, 6 ) ;
#1763 = EDGE_LOOP ( 'NONE', ( #2960, #1821, #304, #21 ) ) ;
#1764 = COORDINATED_UNIVERSAL_TIME_OFFSET ( 8, 0, .AHEAD. ) ;
#1765 = PLANE ( 'NONE',  #1609 ) ;
#1766 = VERTEX_POINT ( 'NONE', #849 ) ;
#1767 = CARTESIAN_POINT ( 'NONE',  ( 15.00000000000007994, 0.000000000000000000, 0.000000000000000000 ) ) ;
#1768 = COORDINATED_UNIVERSAL_TIME_OFFSET ( 8, 0, .AHEAD. ) ;
#1769 = ADVANCED_FACE ( 'NONE', ( #2557, #972 ), #1367, .T. ) ;
#1770 = APPROVAL_ROLE ( '' ) ;
#1771 = ORIENTED_EDGE ( 'NONE', *, *, #1478, .T. ) ;
#1772 = SHAPE_REPRESENTATION ( '吊柜15-柜体_吊柜15', ( #2404 ), #318 ) ;
#1773 = PLANE ( 'NONE',  #1760 ) ;
#1774 = VECTOR ( 'NONE', #1348, 1000.000000000000000 ) ;
#1775 = ORIENTED_EDGE ( 'NONE', *, *, #2632, .F. ) ;
#1776 = CARTESIAN_POINT ( 'NONE',  ( 30.00000000000001421, -506.0000000000000000, 20.00000000000000000 ) ) ;
#1777 = EDGE_CURVE ( 'NONE', #1970, #2276, #2962, .T. ) ;
#1778 = VECTOR ( 'NONE', #2503, 1000.000000000000000 ) ;
#1779 = ORIENTED_EDGE ( 'NONE', *, *, #1194, .F. ) ;
#1780 = DIRECTION ( 'NONE',  ( 0.000000000000000000, 0.000000000000000000, -1.000000000000000000 ) ) ;
#1781 = LINE ( 'NONE', #424, #1623 ) ;
#1782 = EDGE_LOOP ( 'NONE', ( #2620, #160, #2660, #2864 ) ) ;
#1783 = FACE_OUTER_BOUND ( 'NONE', #1890, .T. ) ;
#1784 = VECTOR ( 'NONE', #2414, 1000.000000000000000 ) ;
#1785 = CIRCLE ( 'NONE', #2398, 6.500000000000005329 ) ;
#1786 = DIRECTION ( 'NONE',  ( -1.000000000000000000, 0.000000000000000000, -0.000000000000000000 ) ) ;
#1787 = CIRCLE ( 'NONE', #195, 5.049999999999998934 ) ;
#1788 = CARTESIAN_POINT ( 'NONE',  ( 15.90000000000005720, -300.0000000000000000, 15.90000000000000036 ) ) ;
#1789 = DIRECTION ( 'NONE',  ( 0.000000000000000000, 1.000000000000000000, 0.000000000000000000 ) ) ;
#1790 = CC_DESIGN_SECURITY_CLASSIFICATION ( #2762, ( #3119 ) ) ;
#1791 = FACE_OUTER_BOUND ( 'NONE', #2911, .T. ) ;
#1792 = EDGE_CURVE ( 'NONE', #1899, #1616, #386, .T. ) ;
#1793 = DIRECTION ( 'NONE',  ( -1.000000000000000000, 0.000000000000000000, 0.000000000000000000 ) ) ;
#1794 = ORIENTED_EDGE ( 'NONE', *, *, #2091, .F. ) ;
#1795 = CARTESIAN_POINT ( 'NONE',  ( 15.00000000000007994, 400.0000000000000000, 15.00000000000000000 ) ) ;
#1796 = AXIS2_PLACEMENT_3D ( 'NONE', #1906, #1443, #732 ) ;
#1797 = ORIENTED_EDGE ( 'NONE', *, *, #2113, .T. ) ;
#1798 = DIRECTION ( 'NONE',  ( -0.000000000000000000, -0.000000000000000000, 1.000000000000000000 ) ) ;
#1799 = DIRECTION ( 'NONE',  ( -0.000000000000000000, 1.000000000000000000, -0.000000000000000000 ) ) ;
#1800 = DIRECTION ( 'NONE',  ( 0.000000000000000000, -1.000000000000000000, 0.000000000000000000 ) ) ;
#1801 = ADVANCED_FACE ( 'NONE', ( #3060 ), #604, .F. ) ;
#1802 = ORIENTED_EDGE ( 'NONE', *, *, #651, .F. ) ;
#1803 = SHAPE_REPRESENTATION ( '定位销', ( #2404 ), #1828 ) ;
#1804 = DIRECTION ( 'NONE',  ( -0.000000000000000000, -1.000000000000000000, -0.000000000000000000 ) ) ;
#1805 = AXIS2_PLACEMENT_3D ( 'NONE', #1905, #2943, #1002 ) ;
#1806 = ORIENTED_EDGE ( 'NONE', *, *, #1437, .F. ) ;
#1807 = DIRECTION ( 'NONE',  ( -0.000000000000000000, -1.000000000000000000, -0.000000000000000000 ) ) ;
#1808 = APPROVAL_PERSON_ORGANIZATION ( #497, #1530, #1016 ) ;
#1809 = EDGE_LOOP ( 'NONE', ( #381, #2143, #2586, #257 ) ) ;
#1810 = CC_DESIGN_APPROVAL ( #3004, ( #143 ) ) ;
#1811 = PERSON_AND_ORGANIZATION ( #2819, #1100 ) ;
#1812 = CARTESIAN_POINT ( 'NONE',  ( 30.00000000000009592, -760.0000000000000000, 20.00000000000000000 ) ) ;
#1813 = DIRECTION ( 'NONE',  ( 0.000000000000000000, -1.000000000000000000, 0.000000000000000000 ) ) ;
#1814 = ORIENTED_EDGE ( 'NONE', *, *, #2797, .T. ) ;
#1815 = CARTESIAN_POINT ( 'NONE',  ( 15.00000000000007994, -400.0000000000000000, 15.00000000000000000 ) ) ;
#1816 = EDGE_LOOP ( 'NONE', ( #2750, #3107, #2599, #1991 ) ) ;
#1817 = LINE ( 'NONE', #544, #2679 ) ;
#1818 = ORIENTED_EDGE ( 'NONE', *, *, #1537, .T. ) ;
#1819 = EDGE_CURVE ( 'NONE', #2907, #1535, #968, .T. ) ;
#1820 = VECTOR ( 'NONE', #31, 1000.000000000000000 ) ;
#1821 = ORIENTED_EDGE ( 'NONE', *, *, #265, .F. ) ;
#1822 = DIRECTION ( 'NONE',  ( 1.000000000000000000, 0.000000000000000000, 0.000000000000000000 ) ) ;
#1823 = CARTESIAN_POINT ( 'NONE',  ( 30.00000000000001066, -700.0000000000000000, 316.7999999999999545 ) ) ;
#1824 = CARTESIAN_POINT ( 'NONE',  ( 15.90000000000005720, -506.0000000000004547, 15.90000000000000036 ) ) ;
#1825 = LINE ( 'NONE', #2895, #2685 ) ;
#1826 = VECTOR ( 'NONE', #373, 1000.000000000000000 ) ;
#1827 = CARTESIAN_POINT ( 'NONE',  ( 15.90000000000005720, 398.5000000000000568, 10.90000000000000036 ) ) ;
#1828 =( GEOMETRIC_REPRESENTATION_CONTEXT ( 3 ) GLOBAL_UNCERTAINTY_ASSIGNED_CONTEXT ( ( #1494 ) ) GLOBAL_UNIT_ASSIGNED_CONTEXT ( ( #1177, #215, #2540 ) ) REPRESENTATION_CONTEXT ( 'NONE', 'WORKASPACE' ) );
#1829 = FACE_OUTER_BOUND ( 'NONE', #1741, .T. ) ;
#1830 = DIRECTION ( 'NONE',  ( 0.000000000000000000, 0.000000000000000000, -1.000000000000000000 ) ) ;
#1831 = FACE_OUTER_BOUND ( 'NONE', #1063, .T. ) ;
#1832 = ORIENTED_EDGE ( 'NONE', *, *, #1397, .T. ) ;
#1833 = EDGE_CURVE ( 'NONE', #1590, #2323, #1109, .T. ) ;
#1834 = ADVANCED_FACE ( 'NONE', ( #511 ), #2811, .T. ) ;
#1835 = PLANE ( 'NONE',  #4 ) ;
#1836 = ORIENTED_EDGE ( 'NONE', *, *, #1519, .F. ) ;
#1837 = DIRECTION ( 'NONE',  ( -0.000000000000000000, -0.000000000000000000, -1.000000000000000000 ) ) ;
#1838 = AXIS2_PLACEMENT_3D ( 'NONE', #3105, #1910, #2373 ) ;
#1839 = CARTESIAN_POINT ( 'NONE',  ( 33.00000000000007816, -350.0000000000000000, 0.000000000000000000 ) ) ;
#1840 = ORIENTED_EDGE ( 'NONE', *, *, #1533, .F. ) ;
#1841 = DIRECTION ( 'NONE',  ( -0.000000000000000000, 1.000000000000000000, -0.000000000000000000 ) ) ;
#1842 = CALENDAR_DATE ( 2026, 5, 6 ) ;
#1843 = ORIENTED_EDGE ( 'NONE', *, *, #869, .T. ) ;
#1844 = CARTESIAN_POINT ( 'NONE',  ( 7.961735002956730495E-14, -299.9999999999999432, 30.00000000000000000 ) ) ;
#1845 = AXIS2_PLACEMENT_3D ( 'NONE', #1602, #1356, #1118 ) ;
#1846 = PERSON_AND_ORGANIZATION ( #2819, #1100 ) ;
#1847 = EDGE_LOOP ( 'NONE', ( #441, #2097, #264, #1690 ) ) ;
#1848 = SHAPE_DEFINITION_REPRESENTATION ( #798, #1772 ) ;
#1849 = VERTEX_POINT ( 'NONE', #1611 ) ;
#1850 = DIRECTION ( 'NONE',  ( -1.000000000000000000, 0.000000000000000000, 2.065146995210486914E-16 ) ) ;
#1851 = DIRECTION ( 'NONE',  ( 0.000000000000000000, 0.000000000000000000, -1.000000000000000000 ) ) ;
#1852 = LINE ( 'NONE', #1743, #2597 ) ;
#1853 = CARTESIAN_POINT ( 'NONE',  ( 0.000000000000000000, 0.000000000000000000, 120.0000000000000000 ) ) ;
#1854 = ORIENTED_EDGE ( 'NONE', *, *, #1223, .T. ) ;
#1855 = EDGE_CURVE ( 'NONE', #689, #1956, #3108, .T. ) ;
#1856 = VECTOR ( 'NONE', #2715, 1000.000000000000000 ) ;
#1857 = DIRECTION ( 'NONE',  ( 1.000000000000000000, 0.000000000000000000, 0.000000000000000000 ) ) ;
#1858 = DIRECTION ( 'NONE',  ( -0.000000000000000000, -0.000000000000000000, -1.000000000000000000 ) ) ;
#1859 = ORIENTED_EDGE ( 'NONE', *, *, #1700, .F. ) ;
#1860 = PLANE ( 'NONE',  #1669 ) ;
#1861 = VECTOR ( 'NONE', #1415, 1000.000000000000000 ) ;
#1862 = EDGE_CURVE ( 'NONE', #2048, #1652, #2079, .T. ) ;
#1863 = CIRCLE ( 'NONE', #518, 6.500000000000005329 ) ;
#1864 = LINE ( 'NONE', #943, #1190 ) ;
#1865 = LINE ( 'NONE', #319, #212 ) ;
#1866 = DIRECTION ( 'NONE',  ( -0.000000000000000000, 1.000000000000000000, -0.000000000000000000 ) ) ;
#1867 = PLANE ( 'NONE',  #663 ) ;
#1868 = VECTOR ( 'NONE', #1986, 1000.000000000000000 ) ;
#1869 = AXIS2_PLACEMENT_3D ( 'NONE', #218, #1889, #921 ) ;
#1870 = DIRECTION ( 'NONE',  ( -0.000000000000000000, -0.000000000000000000, -1.000000000000000000 ) ) ;
#1871 = ADVANCED_FACE ( 'NONE', ( #1454 ), #1389, .T. ) ;
#1872 = PERSON_AND_ORGANIZATION_ROLE ( 'creator' ) ;
#1873 = CIRCLE ( 'NONE', #1005, 5.000000000000000888 ) ;
#1874 = SECURITY_CLASSIFICATION ( '', '', #2688 ) ;
#1875 = DIRECTION ( 'NONE',  ( -1.000000000000000000, -0.000000000000000000, -0.000000000000000000 ) ) ;
#1876 = ORIENTED_EDGE ( 'NONE', *, *, #934, .F. ) ;
#1877 = CARTESIAN_POINT ( 'NONE',  ( 15.00000000000007994, -350.0000000000000000, 15.00000000000000000 ) ) ;
#1878 = DIRECTION ( 'NONE',  ( -0.000000000000000000, -0.000000000000000000, -1.000000000000000000 ) ) ;
#1879 = VERTEX_POINT ( 'NONE', #677 ) ;
#1880 = DIRECTION ( 'NONE',  ( -0.000000000000000000, -1.000000000000000000, -0.000000000000000000 ) ) ;
#1881 = PRODUCT ( '吊柜15', '吊柜15', '', ( #684 ) ) ;
#1882 = EDGE_CURVE ( 'NONE', #1960, #1640, #624, .T. ) ;
#1883 = EDGE_LOOP ( 'NONE', ( #2389, #2149, #1363, #1240 ) ) ;
#1884 = LOCAL_TIME ( 8, 49, 33.00000000000000000, #2814 ) ;
#1885 = VERTEX_POINT ( 'NONE', #2096 ) ;
#1886 = SHAPE_REPRESENTATION ( '吊柜15-柜门_吊柜15-柜门', ( #2404 ), #3076 ) ;
#1887 = APPROVAL_PERSON_ORGANIZATION ( #407, #359, #46 ) ;
#1888 = DIRECTION ( 'NONE',  ( -0.7071067811865460184, 0.000000000000000000, -0.7071067811865490160 ) ) ;
#1889 = DIRECTION ( 'NONE',  ( 1.000000000000000000, 1.232566680299310330E-16, -0.000000000000000000 ) ) ;
#1890 = EDGE_LOOP ( 'NONE', ( #186, #1701, #2515, #1625 ) ) ;
#1891 = DIRECTION ( 'NONE',  ( 0.000000000000000000, 1.000000000000000000, -0.000000000000000000 ) ) ;
#1892 = LOCAL_TIME ( 8, 49, 33.00000000000000000, #2672 ) ;
#1893 = VERTEX_POINT ( 'NONE', #3071 ) ;
#1894 = DIRECTION ( 'NONE',  ( -1.288758049684149971E-16, 0.000000000000000000, 1.000000000000000000 ) ) ;
#1895 = CC_DESIGN_PERSON_AND_ORGANIZATION_ASSIGNMENT ( #2211, #1872, ( #1246 ) ) ;
#1896 = DIRECTION ( 'NONE',  ( 1.000000000000000000, 0.000000000000000000, 0.000000000000000000 ) ) ;
#1897 = ORIENTED_EDGE ( 'NONE', *, *, #1270, .F. ) ;
#1898 = CIRCLE ( 'NONE', #121, 8.000000000000007105 ) ;
#1899 = VERTEX_POINT ( 'NONE', #192 ) ;
#1900 = CARTESIAN_POINT ( 'NONE',  ( 15.90000000000005720, 300.0000000000000568, 15.90000000000000036 ) ) ;
#1901 = DIRECTION ( 'NONE',  ( -0.000000000000000000, -0.000000000000000000, -1.000000000000000000 ) ) ;
#1902 = LINE ( 'NONE', #2700, #2291 ) ;
#1903 = ORIENTED_EDGE ( 'NONE', *, *, #1419, .F. ) ;
#1904 = EDGE_CURVE ( 'NONE', #2603, #2985, #2998, .T. ) ;
#1905 = CARTESIAN_POINT ( 'NONE',  ( 502.0000000000003411, -777.9999999999998863, 300.0000000000000000 ) ) ;
#1906 = CARTESIAN_POINT ( 'NONE',  ( 0.000000000000000000, 0.000000000000000000, 2.000000000000000000 ) ) ;
#1907 = LINE ( 'NONE', #2376, #1263 ) ;
#1908 = APPLICATION_CONTEXT ( 'configuration controlled 3d designs of mechanical parts and assemblies' ) ;
#1909 = CIRCLE ( 'NONE', #404, 8.000000000000007105 ) ;
#1910 = DIRECTION ( 'NONE',  ( 0.000000000000000000, 0.000000000000000000, 1.000000000000000000 ) ) ;
#1911 = DIRECTION ( 'NONE',  ( -1.000000000000000000, -5.478074134663601740E-17, 0.000000000000000000 ) ) ;
#1912 = DIRECTION ( 'NONE',  ( -0.000000000000000000, 1.000000000000000000, -0.000000000000000000 ) ) ;
#1913 = LINE ( 'NONE', #141, #2088 ) ;
#1914 = APPLICATION_CONTEXT ( 'configuration controlled 3d designs of mechanical parts and assemblies' ) ;
#1915 = PRODUCT_RELATED_PRODUCT_CATEGORY ( 'detail', '', ( #1396 ) ) ;
#1916 = ORIENTED_EDGE ( 'NONE', *, *, #2974, .F. ) ;
#1917 = DIRECTION ( 'NONE',  ( 0.000000000000000000, 0.000000000000000000, -1.000000000000000000 ) ) ;
#1918 = ORIENTED_EDGE ( 'NONE', *, *, #854, .F. ) ;
#1919 = EDGE_CURVE ( 'NONE', #374, #1552, #2018, .T. ) ;
#1920 = DATE_AND_TIME ( #1762, #2312 ) ;
#1921 = ORIENTED_EDGE ( 'NONE', *, *, #1555, .T. ) ;
#1922 = DIRECTION ( 'NONE',  ( 0.000000000000000000, -0.000000000000000000, -1.000000000000000000 ) ) ;
#1923 = PLANE ( 'NONE',  #1972 ) ;
#1924 = CARTESIAN_POINT ( 'NONE',  ( 15.90000000000005720, -506.0000000000004547, 20.90000000000000213 ) ) ;
#1925 = EDGE_CURVE ( 'NONE', #2136, #132, #882, .T. ) ;
#1926 = COORDINATED_UNIVERSAL_TIME_OFFSET ( 8, 0, .AHEAD. ) ;
#1927 = EDGE_LOOP ( 'NONE', ( #2347, #61, #2116, #702 ) ) ;
#1928 = COORDINATED_UNIVERSAL_TIME_OFFSET ( 8, 0, .AHEAD. ) ;
#1929 = CARTESIAN_POINT ( 'NONE',  ( 22.00000000000000711, -50.50000000000002842, 324.7999999999999545 ) ) ;
#1930 = EDGE_LOOP ( 'NONE', ( #762, #997, #315, #1489 ) ) ;
#1931 = CARTESIAN_POINT ( 'NONE',  ( 30.00000000000000355, -18.00000000000000000, 20.00000000000001776 ) ) ;
#1932 = AXIS2_PLACEMENT_3D ( 'NONE', #730, #2, #935 ) ;
#1933 = VERTEX_POINT ( 'NONE', #2838 ) ;
#1934 = CARTESIAN_POINT ( 'NONE',  ( 15.90000000000000036, -749.5000000000000000, 321.0500000000000114 ) ) ;
#1935 = LINE ( 'NONE', #1490, #2786 ) ;
#1936 = PLANE ( 'NONE',  #782 ) ;
#1937 = ORIENTED_EDGE ( 'NONE', *, *, #1311, .T. ) ;
#1938 = PERSON_AND_ORGANIZATION_ROLE ( 'design_owner' ) ;
#1939 = FACE_BOUND ( 'NONE', #1491, .T. ) ;
#1940 = ORIENTED_EDGE ( 'NONE', *, *, #75, .T. ) ;
#1941 = CARTESIAN_POINT ( 'NONE',  ( 33.00000000000007816, 300.0000000000000000, 0.000000000000000000 ) ) ;
#1942 = CARTESIAN_POINT ( 'NONE',  ( 4.000000000000017764, 4.898587196589433536E-16, 120.0000000000000000 ) ) ;
#1943 = VECTOR ( 'NONE', #1947, 1000.000000000000000 ) ;
#1944 = LINE ( 'NONE', #1529, #591 ) ;
#1945 = LINE ( 'NONE', #1688, #2796 ) ;
#1946 = EDGE_CURVE ( 'NONE', #3027, #2059, #1747, .T. ) ;
#1947 = DIRECTION ( 'NONE',  ( -2.065146995210486914E-16, -0.000000000000000000, -1.000000000000000000 ) ) ;
#1948 = DIRECTION ( 'NONE',  ( 1.000000000000000000, 0.000000000000000000, -2.065146995210486914E-16 ) ) ;
#1949 = FACE_OUTER_BOUND ( 'NONE', #1543, .T. ) ;
#1950 = CARTESIAN_POINT ( 'NONE',  ( 15.90000000000000036, -50.50000000000002842, 310.9499999999999886 ) ) ;
#1951 = DIRECTION ( 'NONE',  ( -1.000000000000000000, -1.387778780781445676E-16, 0.000000000000000000 ) ) ;
#1952 = ORIENTED_EDGE ( 'NONE', *, *, #2956, .T. ) ;
#1953 = DIRECTION ( 'NONE',  ( -1.000000000000000000, -1.224646799147353207E-16, -0.000000000000000000 ) ) ;
#1954 = VERTEX_POINT ( 'NONE', #2613 ) ;
#1955 = APPLICATION_PROTOCOL_DEFINITION ( 'international standard', 'config_control_design', 1994, #202 ) ;
#1956 = VERTEX_POINT ( 'NONE', #1158 ) ;
#1957 = CONTEXT_DEPENDENT_SHAPE_REPRESENTATION ( #323, #1639 ) ;
#1958 = DIRECTION ( 'NONE',  ( 1.000000000000000000, -0.000000000000000000, -0.000000000000000000 ) ) ;
#1959 = EDGE_CURVE ( 'NONE', #1759, #1737, #2454, .T. ) ;
#1960 = VERTEX_POINT ( 'NONE', #1182 ) ;
#1961 = COORDINATED_UNIVERSAL_TIME_OFFSET ( 8, 0, .AHEAD. ) ;
#1962 = DIRECTION ( 'NONE',  ( -0.000000000000000000, 1.000000000000000000, -0.000000000000000000 ) ) ;
#1963 = VERTEX_POINT ( 'NONE', #3058 ) ;
#1964 = CARTESIAN_POINT ( 'NONE',  ( 0.000000000000000000, 0.000000000000000000, 0.000000000000000000 ) ) ;
#1965 = AXIS2_PLACEMENT_3D ( 'NONE', #2760, #88, #568 ) ;
#1966 = PERSON_AND_ORGANIZATION ( #2819, #1100 ) ;
#1967 = APPLICATION_PROTOCOL_DEFINITION ( 'international standard', 'config_control_design', 1994, #2359 ) ;
#1968 = VERTEX_POINT ( 'NONE', #1950 ) ;
#1969 = LINE ( 'NONE', #1989, #1585 ) ;
#1970 = VERTEX_POINT ( 'NONE', #2634 ) ;
#1971 = CARTESIAN_POINT ( 'NONE',  ( 30.00000000000009592, -760.0000000000000000, 702.4027832905732112 ) ) ;
#1972 = AXIS2_PLACEMENT_3D ( 'NONE', #1679, #2626, #2155 ) ;
#1973 = LINE ( 'NONE', #635, #738 ) ;
#1974 = ORIENTED_EDGE ( 'NONE', *, *, #2194, .F. ) ;
#1975 = CARTESIAN_POINT ( 'NONE',  ( 15.90000000000005720, -400.0000000000000000, 15.90000000000000036 ) ) ;
#1976 = VECTOR ( 'NONE', #2712, 1000.000000000000000 ) ;
#1977 = CC_DESIGN_APPROVAL ( #243, ( #1874 ) ) ;
#1978 = ORIENTED_EDGE ( 'NONE', *, *, #2173, .F. ) ;
#1979 = SECURITY_CLASSIFICATION_LEVEL ( 'unclassified' ) ;
#1980 = LINE ( 'NONE', #1931, #742 ) ;
#1981 = VECTOR ( 'NONE', #2319, 1000.000000000000000 ) ;
#1982 = CARTESIAN_POINT ( 'NONE',  ( 7.961735002956730495E-14, -400.0000000000000000, 30.00000000000000000 ) ) ;
#1983 = ADVANCED_FACE ( 'NONE', ( #2726 ), #2415, .T. ) ;
#1984 = EDGE_CURVE ( 'NONE', #1058, #2335, #1296, .T. ) ;
#1985 = DIRECTION ( 'NONE',  ( -1.224646799147353207E-16, 1.000000000000000000, 0.000000000000000000 ) ) ;
#1986 = DIRECTION ( 'NONE',  ( -0.000000000000000000, -1.000000000000000000, -0.000000000000000000 ) ) ;
#1987 = SECURITY_CLASSIFICATION_LEVEL ( 'unclassified' ) ;
#1988 = EDGE_LOOP ( 'NONE', ( #698, #2412, #1516, #2399 ) ) ;
#1989 = CARTESIAN_POINT ( 'NONE',  ( 30.00000000000001421, -253.0000000000000000, 702.4027832905732112 ) ) ;
#1990 = CARTESIAN_POINT ( 'NONE',  ( 33.00000000000007105, -300.0000000000000000, 27.00000000000000711 ) ) ;
#1991 = ORIENTED_EDGE ( 'NONE', *, *, #1151, .F. ) ;
#1992 = AXIS2_PLACEMENT_3D ( 'NONE', #2767, #2737, #2266 ) ;
#1993 = ORIENTED_EDGE ( 'NONE', *, *, #646, .F. ) ;
#1994 = PLANE ( 'NONE',  #1527 ) ;
#1995 = DIRECTION ( 'NONE',  ( 0.000000000000000000, 0.000000000000000000, 1.000000000000000000 ) ) ;
#1996 = CARTESIAN_POINT ( 'NONE',  ( 33.00000000000007105, -350.0000000000000000, 27.00000000000000711 ) ) ;
#1997 = ADVANCED_FACE ( 'NONE', ( #137 ), #512, .F. ) ;
#1998 = ORIENTED_EDGE ( 'NONE', *, *, #2159, .T. ) ;
#1999 = DIRECTION ( 'NONE',  ( -1.000000000000000000, 0.000000000000000000, -0.000000000000000000 ) ) ;
#2000 = VERTEX_POINT ( 'NONE', #969 ) ;
#2001 = DIRECTION ( 'NONE',  ( 0.000000000000000000, -0.000000000000000000, -1.000000000000000000 ) ) ;
#2002 = DIRECTION ( 'NONE',  ( 2.065146995210486914E-16, 0.000000000000000000, 1.000000000000000000 ) ) ;
#2003 = EDGE_CURVE ( 'NONE', #1070, #2241, #2295, .T. ) ;
#2004 = LOCAL_TIME ( 8, 49, 33.00000000000000000, #3018 ) ;
#2005 = ORIENTED_EDGE ( 'NONE', *, *, #2778, .T. ) ;
#2006 = DIRECTION ( 'NONE',  ( 1.232566680299310330E-16, -1.000000000000000000, 0.000000000000000000 ) ) ;
#2007 = DIRECTION ( 'NONE',  ( 1.460819769243627131E-16, -1.000000000000000000, 0.000000000000000000 ) ) ;
#2008 = EDGE_LOOP ( 'NONE', ( #2873, #2214, #2307, #2204 ) ) ;
#2009 = EDGE_CURVE ( 'NONE', #194, #1605, #2482, .T. ) ;
#2010 = SECURITY_CLASSIFICATION_LEVEL ( 'unclassified' ) ;
#2011 = VECTOR ( 'NONE', #159, 1000.000000000000000 ) ;
#2012 = ORIENTED_EDGE ( 'NONE', *, *, #957, .T. ) ;
#2013 = FACE_OUTER_BOUND ( 'NONE', #2480, .T. ) ;
#2014 = CARTESIAN_POINT ( 'NONE',  ( 30.00000000000001421, -253.0000000000000000, 300.0000000000000000 ) ) ;
#2015 = ORIENTED_EDGE ( 'NONE', *, *, #1514, .F. ) ;
#2016 = AXIS2_PLACEMENT_3D ( 'NONE', #2508, #438, #3094 ) ;
#2017 = ADVANCED_FACE ( 'NONE', ( #1369 ), #266, .F. ) ;
#2018 = LINE ( 'NONE', #932, #2375 ) ;
#2019 = LINE ( 'NONE', #1924, #2690 ) ;
#2020 = LINE ( 'NONE', #2549, #746 ) ;
#2021 = LINE ( 'NONE', #1708, #662 ) ;
#2022 = APPROVAL_ROLE ( '' ) ;
#2023 = FACE_BOUND ( 'NONE', #2362, .T. ) ;
#2024 = EDGE_CURVE ( 'NONE', #1707, #1849, #2227, .T. ) ;
#2025 = VECTOR ( 'NONE', #2348, 1000.000000000000000 ) ;
#2026 = EDGE_CURVE ( 'NONE', #2606, #3027, #1980, .T. ) ;
#2027 = DIRECTION ( 'NONE',  ( 0.000000000000000000, 1.000000000000000000, 0.000000000000000000 ) ) ;
#2028 = ORIENTED_EDGE ( 'NONE', *, *, #1678, .T. ) ;
#2029 = ORIENTED_EDGE ( 'NONE', *, *, #2388, .T. ) ;
#2030 = AXIS2_PLACEMENT_3D ( 'NONE', #3074, #2817, #1857 ) ;
#2031 = DIRECTION ( 'NONE',  ( -0.000000000000000000, 1.000000000000000000, -0.000000000000000000 ) ) ;
#2032 = EDGE_LOOP ( 'NONE', ( #991, #1587, #166, #827, #236 ) ) ;
#2033 = CC_DESIGN_PERSON_AND_ORGANIZATION_ASSIGNMENT ( #1130, #102, ( #1365 ) ) ;
#2034 = CALENDAR_DATE ( 2026, 5, 6 ) ;
#2035 = APPROVAL_PERSON_ORGANIZATION ( #1544, #1496, #1007 ) ;
#2036 = EDGE_LOOP ( 'NONE', ( #2905, #3100, #1218, #2744 ) ) ;
#2037 = LOCAL_TIME ( 8, 49, 33.00000000000000000, #2754 ) ;
#2038 = ORIENTED_EDGE ( 'NONE', *, *, #268, .F. ) ;
#2039 = DIRECTION ( 'NONE',  ( 0.000000000000000000, 0.000000000000000000, 1.000000000000000000 ) ) ;
#2040 = EDGE_CURVE ( 'NONE', #2907, #636, #474, .T. ) ;
#2041 = VECTOR ( 'NONE', #410, 1000.000000000000000 ) ;
#2042 = ORIENTED_EDGE ( 'NONE', *, *, #3064, .F. ) ;
#2043 = DIRECTION ( 'NONE',  ( 0.000000000000000000, -1.000000000000000000, 0.000000000000000000 ) ) ;
#2044 = VECTOR ( 'NONE', #819, 1000.000000000000000 ) ;
#2045 = CARTESIAN_POINT ( 'NONE',  ( 15.90000000000005720, -350.0000000000000000, 15.90000000000000036 ) ) ;
#2046 = ORIENTED_EDGE ( 'NONE', *, *, #1882, .F. ) ;
#2047 = UNCERTAINTY_MEASURE_WITH_UNIT (LENGTH_MEASURE( 1.000000000000000082E-05 ), #639, 'distance_accuracy_value', 'NONE');
#2048 = VERTEX_POINT ( 'NONE', #2916 ) ;
#2049 = CARTESIAN_POINT ( 'NONE',  ( 15.90000000000005720, -300.0000000000000000, 15.90000000000000036 ) ) ;
#2050 = VECTOR ( 'NONE', #1183, 1000.000000000000000 ) ;
#2051 = FACE_OUTER_BOUND ( 'NONE', #1060, .T. ) ;
#2052 = PLANE ( 'NONE',  #2440 ) ;
#2053 = CC_DESIGN_APPROVAL ( #994, ( #2762 ) ) ;
#2054 = VECTOR ( 'NONE', #2395, 1000.000000000000000 ) ;
#2055 = EDGE_CURVE ( 'NONE', #636, #2758, #1333, .T. ) ;
#2056 = VECTOR ( 'NONE', #2106, 1000.000000000000000 ) ;
#2057 = CARTESIAN_POINT ( 'NONE',  ( 30.00000000000002842, -253.0000000000000000, 300.0000000000000000 ) ) ;
#2058 = AXIS2_PLACEMENT_3D ( 'NONE', #413, #2094, #2305 ) ;
#2059 = VERTEX_POINT ( 'NONE', #2150 ) ;
#2060 = CARTESIAN_POINT ( 'NONE',  ( 15.90000000000005720, 350.0000000000000000, 15.90000000000000036 ) ) ;
#2061 = ORIENTED_EDGE ( 'NONE', *, *, #2659, .F. ) ;
#2062 = APPROVAL_DATE_TIME ( #1920, #994 ) ;
#2063 = AXIS2_PLACEMENT_3D ( 'NONE', #543, #1526, #785 ) ;
#2064 = EDGE_LOOP ( 'NONE', ( #123, #1225, #2349, #966 ) ) ;
#2065 = ORGANIZATION ( 'NAUO-ORG3', 'UNSPECIFIED', 'UNSPECIFIED' ) ;
#2066 = ORIENTED_EDGE ( 'NONE', *, *, #34, .F. ) ;
#2067 = CC_DESIGN_DATE_AND_TIME_ASSIGNMENT ( #1607, #1521, ( #1365 ) ) ;
#2068 = APPROVAL_DATE_TIME ( #952, #1411 ) ;
#2069 = DIRECTION ( 'NONE',  ( 0.000000000000000000, 0.000000000000000000, -1.000000000000000000 ) ) ;
#2070 = ADVANCED_FACE ( 'NONE', ( #1783 ), #2906, .T. ) ;
#2071 = EDGE_CURVE ( 'NONE', #1745, #1294, #815, .T. ) ;
#2072 = ORIENTED_EDGE ( 'NONE', *, *, #2765, .T. ) ;
#2073 = DIRECTION ( 'NONE',  ( 0.000000000000000000, -0.000000000000000000, -1.000000000000000000 ) ) ;
#2074 = VERTEX_POINT ( 'NONE', #22 ) ;
#2075 = EDGE_CURVE ( 'NONE', #1406, #731, #1907, .T. ) ;
#2076 = FACE_OUTER_BOUND ( 'NONE', #2944, .T. ) ;
#2077 = VERTEX_POINT ( 'NONE', #37 ) ;
#2078 = DIRECTION ( 'NONE',  ( 2.065146995210486914E-16, 0.000000000000000000, 1.000000000000000000 ) ) ;
#2079 = LINE ( 'NONE', #1424, #2879 ) ;
#2080 = LINE ( 'NONE', #1148, #2771 ) ;
#2081 = DIRECTION ( 'NONE',  ( 1.000000000000000000, 0.000000000000000000, 0.000000000000000000 ) ) ;
#2082 = VECTOR ( 'NONE', #2528, 1000.000000000000000 ) ;
#2083 = DIRECTION ( 'NONE',  ( 0.000000000000000000, -1.000000000000000000, 0.000000000000000000 ) ) ;
#2084 = AXIS2_PLACEMENT_3D ( 'NONE', #2303, #2534, #2787 ) ;
#2085 = DIRECTION ( 'NONE',  ( -0.000000000000000000, -0.000000000000000000, -1.000000000000000000 ) ) ;
#2086 = CARTESIAN_POINT ( 'NONE',  ( 30.00000000000009592, -778.0000000000000000, 300.0000000000000000 ) ) ;
#2087 = EDGE_CURVE ( 'NONE', #1235, #340, #1825, .T. ) ;
#2088 = VECTOR ( 'NONE', #2558, 1000.000000000000000 ) ;
#2089 = CARTESIAN_POINT ( 'NONE',  ( 0.000000000000000000, 0.000000000000000000, 119.0000000000000142 ) ) ;
#2090 = EDGE_LOOP ( 'NONE', ( #1288, #2785, #2428, #2061 ) ) ;
#2091 = EDGE_CURVE ( 'NONE', #553, #2934, #283, .T. ) ;
#2092 = DIRECTION ( 'NONE',  ( -1.000000000000000000, -0.000000000000000000, -0.000000000000000000 ) ) ;
#2093 = ORIENTED_EDGE ( 'NONE', *, *, #1444, .T. ) ;
#2094 = DIRECTION ( 'NONE',  ( 1.000000000000000000, 1.224646799147353207E-16, -0.000000000000000000 ) ) ;
#2095 = AXIS2_PLACEMENT_3D ( 'NONE', #1298, #1528, #327 ) ;
#2096 = CARTESIAN_POINT ( 'NONE',  ( 15.90000000000005720, -300.0000000000000000, 20.90000000000000213 ) ) ;
#2097 = ORIENTED_EDGE ( 'NONE', *, *, #573, .T. ) ;
#2098 = DATE_AND_TIME ( #2034, #726 ) ;
#2099 = EDGE_LOOP ( 'NONE', ( #77, #364, #2139, #1253 ) ) ;
#2100 = CARTESIAN_POINT ( 'NONE',  ( 30.00000000000000355, -18.00000000000000000, 300.0000000000000000 ) ) ;
#2101 = AXIS2_PLACEMENT_3D ( 'NONE', #2695, #1023, #2932 ) ;
#2102 = COORDINATED_UNIVERSAL_TIME_OFFSET ( 8, 0, .AHEAD. ) ;
#2103 = VERTEX_POINT ( 'NONE', #1990 ) ;
#2104 = APPROVAL_ROLE ( '' ) ;
#2105 = APPROVAL_PERSON_ORGANIZATION ( #2629, #1411, #2104 ) ;
#2106 = DIRECTION ( 'NONE',  ( -1.232566680299310330E-16, 1.000000000000000000, 0.000000000000000000 ) ) ;
#2107 = ORIENTED_EDGE ( 'NONE', *, *, #914, .T. ) ;
#2108 = CARTESIAN_POINT ( 'NONE',  ( 15.90000000000005720, -398.5000000000000000, 15.90000000000000036 ) ) ;
#2109 = CARTESIAN_POINT ( 'NONE',  ( 9.527752097366408410E-14, -778.0000000000000000, 279.9999999999999432 ) ) ;
#2110 = VECTOR ( 'NONE', #2937, 1000.000000000000000 ) ;
#2111 = DIRECTION ( 'NONE',  ( 0.000000000000000000, 0.000000000000000000, -1.000000000000000000 ) ) ;
#2112 = ORIENTED_EDGE ( 'NONE', *, *, #528, .F. ) ;
#2113 = EDGE_CURVE ( 'NONE', #611, #913, #1105, .T. ) ;
#2114 = VECTOR ( 'NONE', #280, 1000.000000000000000 ) ;
#2115 = CARTESIAN_POINT ( 'NONE',  ( 15.90000000000000036, -100.0000000000000284, 310.9499999999999886 ) ) ;
#2116 = ORIENTED_EDGE ( 'NONE', *, *, #1678, .F. ) ;
#2117 = VECTOR ( 'NONE', #1195, 1000.000000000000000 ) ;
#2118 = ORIENTED_EDGE ( 'NONE', *, *, #395, .T. ) ;
#2119 = CARTESIAN_POINT ( 'NONE',  ( 15.90000000000005720, 300.0000000000000568, 10.90000000000000036 ) ) ;
#2120 = FACE_OUTER_BOUND ( 'NONE', #1446, .T. ) ;
#2121 = CYLINDRICAL_SURFACE ( 'NONE', #2216, 8.000000000000007105 ) ;
#2122 = AXIS2_PLACEMENT_3D ( 'NONE', #1116, #2792, #3049 ) ;
#2123 = PLANE ( 'NONE',  #1422 ) ;
#2124 = CC_DESIGN_APPROVAL ( #1496, ( #1546 ) ) ;
#2125 = DIRECTION ( 'NONE',  ( 0.000000000000000000, 0.000000000000000000, -1.000000000000000000 ) ) ;
#2126 = VECTOR ( 'NONE', #3063, 1000.000000000000000 ) ;
#2127 = DIRECTION ( 'NONE',  ( 1.000000000000000000, 0.000000000000000000, 0.000000000000000000 ) ) ;
#2128 = ADVANCED_FACE ( 'NONE', ( #1589 ), #2199, .F. ) ;
#2129 = ORIENTED_EDGE ( 'NONE', *, *, #422, .T. ) ;
#2130 = CARTESIAN_POINT ( 'NONE',  ( 15.90000000000000036, -100.0000000000000284, 316.0000000000000000 ) ) ;
#2131 = DIRECTION ( 'NONE',  ( -1.460819769243627131E-16, -1.000000000000000000, 0.000000000000000000 ) ) ;
#2132 = EDGE_CURVE ( 'NONE', #1122, #2152, #2370, .T. ) ;
#2133 = ORIENTED_EDGE ( 'NONE', *, *, #2524, .F. ) ;
#2134 = MANIFOLD_SOLID_BREP ( '倒角1', #1026 ) ;
#2135 = APPROVAL_STATUS ( 'not_yet_approved' ) ;
#2136 = VERTEX_POINT ( 'NONE', #2938 ) ;
#2137 = LOCAL_TIME ( 8, 49, 33.00000000000000000, #831 ) ;
#2138 = DIRECTION ( 'NONE',  ( -0.000000000000000000, 1.000000000000000000, -0.000000000000000000 ) ) ;
#2139 = ORIENTED_EDGE ( 'NONE', *, *, #287, .F. ) ;
#2140 = PRODUCT_DEFINITION_SHAPE ( 'NONE', 'NONE',  #3119 ) ;
#2141 = COORDINATED_UNIVERSAL_TIME_OFFSET ( 8, 0, .AHEAD. ) ;
#2142 = DIRECTION ( 'NONE',  ( -0.000000000000000000, -0.000000000000000000, -1.000000000000000000 ) ) ;
#2143 = ORIENTED_EDGE ( 'NONE', *, *, #1862, .F. ) ;
#2144 = AXIS2_PLACEMENT_3D ( 'NONE', #197, #258, #597 ) ;
#2145 = APPROVAL_ROLE ( '' ) ;
#2146 = ORIENTED_EDGE ( 'NONE', *, *, #1091, .T. ) ;
#2147 = DIRECTION ( 'NONE',  ( 0.000000000000000000, -0.000000000000000000, -1.000000000000000000 ) ) ;
#2148 = CIRCLE ( 'NONE', #369, 5.000000000000000000 ) ;
#2149 = ORIENTED_EDGE ( 'NONE', *, *, #3045, .T. ) ;
#2150 = CARTESIAN_POINT ( 'NONE',  ( 432.0000000000000000, -18.00000000000000000, 20.00000000000001776 ) ) ;
#2151 = VECTOR ( 'NONE', #1498, 1000.000000000000000 ) ;
#2152 = VERTEX_POINT ( 'NONE', #275 ) ;
#2153 = EDGE_CURVE ( 'NONE', #2103, #895, #776, .T. ) ;
#2154 = DIRECTION ( 'NONE',  ( 0.000000000000000000, 1.000000000000000000, -0.000000000000000000 ) ) ;
#2155 = DIRECTION ( 'NONE',  ( 0.000000000000000000, -0.000000000000000000, -1.000000000000000000 ) ) ;
#2156 = VECTOR ( 'NONE', #3043, 1000.000000000000000 ) ;
#2157 = APPROVAL_STATUS ( 'not_yet_approved' ) ;
#2158 = CIRCLE ( 'NONE', #1449, 6.500000000000005329 ) ;
#2159 = EDGE_CURVE ( 'NONE', #1185, #400, #2223, .T. ) ;
#2160 = LINE ( 'NONE', #2260, #1525 ) ;
#2161 = CARTESIAN_POINT ( 'NONE',  ( 432.0000000000000000, -18.00000000000000000, 300.0000000000000000 ) ) ;
#2162 = VECTOR ( 'NONE', #3059, 1000.000000000000000 ) ;
#2163 = ADVANCED_FACE ( 'NONE', ( #59 ), #1742, .T. ) ;
#2164 = CARTESIAN_POINT ( 'NONE',  ( 15.00000000000007994, 400.0000000000000000, 15.00000000000000000 ) ) ;
#2165 = CARTESIAN_POINT ( 'NONE',  ( 15.90000000000000036, -50.50000000000002842, 316.0000000000000000 ) ) ;
#2166 = LINE ( 'NONE', #986, #1532 ) ;
#2167 = SECURITY_CLASSIFICATION_LEVEL ( 'unclassified' ) ;
#2168 = EDGE_LOOP ( 'NONE', ( #2146, #2640 ) ) ;
#2169 = ORIENTED_EDGE ( 'NONE', *, *, #2431, .F. ) ;
#2170 = EDGE_CURVE ( 'NONE', #2725, #38, #1902, .T. ) ;
#2171 = EDGE_LOOP ( 'NONE', ( #844, #1128, #2169, #5, #526, #1084 ) ) ;
#2172 = CARTESIAN_POINT ( 'NONE',  ( 9.527752097366408410E-14, -778.0000000000000000, 300.0000000000000000 ) ) ;
#2173 = EDGE_CURVE ( 'NONE', #2438, #1120, #1259, .T. ) ;
#2174 = CONTEXT_DEPENDENT_SHAPE_REPRESENTATION ( #2481, #92 ) ;
#2175 = ORIENTED_EDGE ( 'NONE', *, *, #2977, .T. ) ;
#2176 = PLANE ( 'NONE',  #2371 ) ;
#2177 = ORIENTED_EDGE ( 'NONE', *, *, #1370, .F. ) ;
#2178 = CARTESIAN_POINT ( 'NONE',  ( 502.0000000000003411, -799.9999999999998863, 279.9999999999999432 ) ) ;
#2179 = PERSON_AND_ORGANIZATION ( #2819, #1100 ) ;
#2180 = ORIENTED_EDGE ( 'NONE', *, *, #2009, .F. ) ;
#2181 = LINE ( 'NONE', #390, #2041 ) ;
#2182 = DIRECTION ( 'NONE',  ( 0.000000000000000000, 0.000000000000000000, -1.000000000000000000 ) ) ;
#2183 = ORIENTED_EDGE ( 'NONE', *, *, #795, .T. ) ;
#2184 = CC_DESIGN_SECURITY_CLASSIFICATION ( #1725, ( #3116 ) ) ;
#2185 = PERSON_AND_ORGANIZATION_ROLE ( 'classification_officer' ) ;
#2186 = LINE ( 'NONE', #1663, #3097 ) ;
#2187 = ORIENTED_EDGE ( 'NONE', *, *, #3113, .T. ) ;
#2188 = EDGE_CURVE ( 'NONE', #1329, #199, #620, .T. ) ;
#2189 = CIRCLE ( 'NONE', #881, 5.049999999999998934 ) ;
#2190 = DIRECTION ( 'NONE',  ( 0.000000000000000000, -1.000000000000000000, 0.000000000000000000 ) ) ;
#2191 = EDGE_LOOP ( 'NONE', ( #2858, #717 ) ) ;
#2192 = ADVANCED_FACE ( 'NONE', ( #922, #2915 ), #294, .T. ) ;
#2193 = LINE ( 'NONE', #3005, #592 ) ;
#2194 = EDGE_CURVE ( 'NONE', #3093, #1310, #965, .T. ) ;
#2195 = CARTESIAN_POINT ( 'NONE',  ( 432.0000000000000000, -18.00000000000000000, 20.00000000000001776 ) ) ;
#2196 = CARTESIAN_POINT ( 'NONE',  ( 432.0000000000001137, -777.9999999999998863, 279.9999999999999432 ) ) ;
#2197 = VECTOR ( 'NONE', #2945, 1000.000000000000000 ) ;
#2198 = VECTOR ( 'NONE', #1870, 1000.000000000000000 ) ;
#2199 = PLANE ( 'NONE',  #826 ) ;
#2200 = VERTEX_POINT ( 'NONE', #1052 ) ;
#2201 = AXIS2_PLACEMENT_3D ( 'NONE', #1210, #1271, #556 ) ;
#2202 = CARTESIAN_POINT ( 'NONE',  ( 30.00000000000000355, -18.00000000000000000, 300.0000000000000000 ) ) ;
#2203 = VERTEX_POINT ( 'NONE', #2953 ) ;
#2204 = ORIENTED_EDGE ( 'NONE', *, *, #2302, .F. ) ;
#2205 = EDGE_CURVE ( 'NONE', #241, #1070, #2259, .T. ) ;
#2206 = ORIENTED_EDGE ( 'NONE', *, *, #93, .T. ) ;
#2207 = CALENDAR_DATE ( 2026, 5, 6 ) ;
#2208 = DIRECTION ( 'NONE',  ( -0.000000000000000000, 1.000000000000000000, -0.000000000000000000 ) ) ;
#2209 = ORIENTED_EDGE ( 'NONE', *, *, #874, .T. ) ;
#2210 = AXIS2_PLACEMENT_3D ( 'NONE', #2903, #978, #489 ) ;
#2211 = PERSON_AND_ORGANIZATION ( #2819, #1100 ) ;
#2212 = APPROVAL_STATUS ( 'not_yet_approved' ) ;
#2213 = ORIENTED_EDGE ( 'NONE', *, *, #818, .T. ) ;
#2214 = ORIENTED_EDGE ( 'NONE', *, *, #2483, .T. ) ;
#2215 = CARTESIAN_POINT ( 'NONE',  ( 7.961735002956730495E-14, -400.0000000000000000, 30.00000000000000000 ) ) ;
#2216 = AXIS2_PLACEMENT_3D ( 'NONE', #336, #828, #125 ) ;
#2217 = ADVANCED_FACE ( 'NONE', ( #2013 ), #1722, .F. ) ;
#2218 = DIRECTION ( 'NONE',  ( 0.000000000000000000, 0.000000000000000000, 1.000000000000000000 ) ) ;
#2219 = VECTOR ( 'NONE', #1435, 1000.000000000000000 ) ;
#2220 = ORIENTED_EDGE ( 'NONE', *, *, #2859, .F. ) ;
#2221 = DIRECTION ( 'NONE',  ( 0.000000000000000000, -1.000000000000000000, 0.000000000000000000 ) ) ;
#2222 = PLANE ( 'NONE',  #1279 ) ;
#2223 = LINE ( 'NONE', #1042, #1331 ) ;
#2224 = CC_DESIGN_APPROVAL ( #1071, ( #1365 ) ) ;
#2225 = ORIENTED_EDGE ( 'NONE', *, *, #53, .F. ) ;
#2226 = ORIENTED_EDGE ( 'NONE', *, *, #2026, .T. ) ;
#2227 = LINE ( 'NONE', #2655, #779 ) ;
#2228 = EDGE_CURVE ( 'NONE', #132, #2136, #353, .T. ) ;
#2229 = LINE ( 'NONE', #752, #2377 ) ;
#2230 = LINE ( 'NONE', #2086, #1265 ) ;
#2231 = CIRCLE ( 'NONE', #2605, 6.450000000000001066 ) ;
#2232 = DIRECTION ( 'NONE',  ( 0.000000000000000000, -1.000000000000000000, 0.000000000000000000 ) ) ;
#2233 = EDGE_CURVE ( 'NONE', #2200, #499, #1184, .T. ) ;
#2234 = CARTESIAN_POINT ( 'NONE',  ( 30.00000000000000355, -18.00000000000000000, 300.0000000000000000 ) ) ;
#2235 = DIRECTION ( 'NONE',  ( 0.000000000000000000, 0.000000000000000000, 1.000000000000000000 ) ) ;
#2236 = LINE ( 'NONE', #1844, #520 ) ;
#2237 = ADVANCED_FACE ( 'NONE', ( #469 ), #2887, .F. ) ;
#2238 = CARTESIAN_POINT ( 'NONE',  ( 15.90000000000005720, 398.5000000000000000, 15.90000000000000036 ) ) ;
#2239 = ORIENTED_EDGE ( 'NONE', *, *, #1255, .F. ) ;
#2240 = AXIS2_PLACEMENT_3D ( 'NONE', #2215, #1041, #82 ) ;
#2241 = VERTEX_POINT ( 'NONE', #973 ) ;
#2242 = PLANE ( 'NONE',  #2552 ) ;
#2243 = CALENDAR_DATE ( 2026, 5, 6 ) ;
#2244 = ORIENTED_EDGE ( 'NONE', *, *, #2775, .T. ) ;
#2245 = LOCAL_TIME ( 8, 49, 33.00000000000000000, #679 ) ;
#2246 = EDGE_LOOP ( 'NONE', ( #694, #1735, #150, #2028 ) ) ;
#2247 = CARTESIAN_POINT ( 'NONE',  ( 0.000000000000000000, 0.000000000000000000, -1.500000000000000000 ) ) ;
#2248 = EDGE_CURVE ( 'NONE', #1695, #836, #242, .T. ) ;
#2249 = APPROVAL_DATE_TIME ( #1610, #243 ) ;
#2250 = ORIENTED_EDGE ( 'NONE', *, *, #1533, .T. ) ;
#2251 = FACE_OUTER_BOUND ( 'NONE', #153, .T. ) ;
#2252 = ORIENTED_EDGE ( 'NONE', *, *, #528, .T. ) ;
#2253 = AXIS2_PLACEMENT_3D ( 'NONE', #1384, #889, #637 ) ;
#2254 = VECTOR ( 'NONE', #1143, 1000.000000000000000 ) ;
#2255 = VERTEX_POINT ( 'NONE', #1207 ) ;
#2256 = VECTOR ( 'NONE', #953, 1000.000000000000000 ) ;
#2257 = DIRECTION ( 'NONE',  ( 0.000000000000000000, 0.000000000000000000, 1.000000000000000000 ) ) ;
#2258 = VERTEX_POINT ( 'NONE', #2424 ) ;
#2259 = LINE ( 'NONE', #1030, #133 ) ;
#2260 = CARTESIAN_POINT ( 'NONE',  ( 432.0000000000000000, -18.00000000000000000, 300.0000000000000000 ) ) ;
#2261 = ORIENTED_EDGE ( 'NONE', *, *, #99, .T. ) ;
#2262 = CC_DESIGN_DATE_AND_TIME_ASSIGNMENT ( #1542, #571, ( #2588 ) ) ;
#2263 = FACE_OUTER_BOUND ( 'NONE', #1028, .T. ) ;
#2264 = FACE_OUTER_BOUND ( 'NONE', #2582, .T. ) ;
#2265 = EDGE_CURVE ( 'NONE', #1766, #2203, #1671, .T. ) ;
#2266 = DIRECTION ( 'NONE',  ( 0.000000000000000000, 0.000000000000000000, 1.000000000000000000 ) ) ;
#2267 = LINE ( 'NONE', #879, #1114 ) ;
#2268 = DIRECTION ( 'NONE',  ( -0.000000000000000000, 1.000000000000000000, -0.000000000000000000 ) ) ;
#2269 = DIRECTION ( 'NONE',  ( 0.000000000000000000, 0.000000000000000000, 1.000000000000000000 ) ) ;
#2270 = EDGE_LOOP ( 'NONE', ( #2107, #878, #1141, #2285, #1775, #444 ) ) ;
#2271 = ORIENTED_EDGE ( 'NONE', *, *, #757, .T. ) ;
#2272 = CARTESIAN_POINT ( 'NONE',  ( 7.961735002956730495E-14, 400.0000000000000000, 30.00000000000000000 ) ) ;
#2273 = ORIENTED_EDGE ( 'NONE', *, *, #1295, .T. ) ;
#2274 = CC_DESIGN_PERSON_AND_ORGANIZATION_ASSIGNMENT ( #2437, #1233, ( #1691 ) ) ;
#2275 = CARTESIAN_POINT ( 'NONE',  ( 15.90000000000005720, -398.5000000000000000, 15.90000000000000036 ) ) ;
#2276 = VERTEX_POINT ( 'NONE', #2625 ) ;
#2277 = CARTESIAN_POINT ( 'NONE',  ( 13.20000000000000462, -749.5000000000000000, 316.7999999999999545 ) ) ;
#2278 = ADVANCED_FACE ( 'NONE', ( #2076 ), #1428, .F. ) ;
#2279 = DATE_AND_TIME ( #2505, #909 ) ;
#2280 = ORIENTED_EDGE ( 'NONE', *, *, #2342, .F. ) ;
#2281 = PERSON_AND_ORGANIZATION ( #2819, #1100 ) ;
#2282 = ORIENTED_EDGE ( 'NONE', *, *, #533, .T. ) ;
#2283 = CARTESIAN_POINT ( 'NONE',  ( 30.00000000000001421, -253.0000000000000000, 20.00000000000000000 ) ) ;
#2284 = EDGE_CURVE ( 'NONE', #1968, #331, #550, .T. ) ;
#2285 = ORIENTED_EDGE ( 'NONE', *, *, #2999, .T. ) ;
#2286 = CARTESIAN_POINT ( 'NONE',  ( -28.00000000000005684, 300.0000000000000000, 22.00000000000000000 ) ) ;
#2287 = CARTESIAN_POINT ( 'NONE',  ( 450.0000000000001137, -777.9999999999998863, 300.0000000000000000 ) ) ;
#2288 = LINE ( 'NONE', #2510, #1256 ) ;
#2289 = DIRECTION ( 'NONE',  ( -0.000000000000000000, -1.000000000000000000, -0.000000000000000000 ) ) ;
#2290 = ORIENTED_EDGE ( 'NONE', *, *, #2205, .T. ) ;
#2291 = VECTOR ( 'NONE', #1011, 1000.000000000000000 ) ;
#2292 = ORIENTED_EDGE ( 'NONE', *, *, #2974, .T. ) ;
#2293 = ORIENTED_EDGE ( 'NONE', *, *, #3047, .T. ) ;
#2294 = CARTESIAN_POINT ( 'NONE',  ( 7.961735002956730495E-14, 400.0000000000000000, 30.00000000000000000 ) ) ;
#2295 = LINE ( 'NONE', #2421, #2644 ) ;
#2296 = AXIS2_PLACEMENT_3D ( 'NONE', #3090, #1670, #1401 ) ;
#2297 = CIRCLE ( 'NONE', #2865, 6.500000000000005329 ) ;
#2298 = LINE ( 'NONE', #2801, #2881 ) ;
#2299 = LINE ( 'NONE', #1756, #1561 ) ;
#2300 = CARTESIAN_POINT ( 'NONE',  ( 0.000000000000000000, 0.000000000000000000, -1.500000000000000000 ) ) ;
#2301 = CARTESIAN_POINT ( 'NONE',  ( 15.00000000000007994, 400.0000000000000000, 15.00000000000000000 ) ) ;
#2302 = EDGE_CURVE ( 'NONE', #3093, #1, #846, .T. ) ;
#2303 = CARTESIAN_POINT ( 'NONE',  ( 33.00000000000007816, 350.0000000000000000, -26.84171144931213604 ) ) ;
#2304 = LINE ( 'NONE', #1692, #1304 ) ;
#2305 = DIRECTION ( 'NONE',  ( -1.224646799147353207E-16, 1.000000000000000000, 0.000000000000000000 ) ) ;
#2306 = AXIS2_PLACEMENT_3D ( 'NONE', #235, #1403, #2147 ) ;
#2307 = ORIENTED_EDGE ( 'NONE', *, *, #2345, .T. ) ;
#2308 = DIRECTION ( 'NONE',  ( 0.000000000000000000, 0.000000000000000000, -1.000000000000000000 ) ) ;
#2309 = VERTEX_POINT ( 'NONE', #1248 ) ;
#2310 = DIRECTION ( 'NONE',  ( -0.000000000000000000, -0.000000000000000000, -1.000000000000000000 ) ) ;
#2311 = DIRECTION ( 'NONE',  ( 0.000000000000000000, -1.000000000000000000, 0.000000000000000000 ) ) ;
#2312 = LOCAL_TIME ( 8, 49, 33.00000000000000000, #1729 ) ;
#2313 = EDGE_LOOP ( 'NONE', ( #1698, #678, #1366, #126, #2635, #179, #1620, #449, #284, #1481, #806, #278 ) ) ;
#2314 = CALENDAR_DATE ( 2026, 5, 6 ) ;
#2315 = CARTESIAN_POINT ( 'NONE',  ( 15.90000000000000036, -700.0000000000000000, 321.0500000000000114 ) ) ;
#2316 = ORIENTED_EDGE ( 'NONE', *, *, #2747, .F. ) ;
#2317 = LOCAL_TIME ( 8, 49, 33.00000000000000000, #2988 ) ;
#2318 = DIRECTION ( 'NONE',  ( -0.000000000000000000, 1.000000000000000000, -0.000000000000000000 ) ) ;
#2319 = DIRECTION ( 'NONE',  ( -1.000000000000000000, 0.000000000000000000, 0.000000000000000000 ) ) ;
#2320 = ORIENTED_EDGE ( 'NONE', *, *, #493, .F. ) ;
#2321 = CARTESIAN_POINT ( 'NONE',  ( 13.20000000000000639, -100.0000000000000284, 324.7999999999999545 ) ) ;
#2322 = EDGE_CURVE ( 'NONE', #340, #2048, #2642, .T. ) ;
#2323 = VERTEX_POINT ( 'NONE', #2942 ) ;
#2324 = CARTESIAN_POINT ( 'NONE',  ( 432.0000000000000000, -18.00000000000000000, 300.0000000000000000 ) ) ;
#2325 = LINE ( 'NONE', #904, #877 ) ;
#2326 = ADVANCED_FACE ( 'NONE', ( #1040 ), #362, .F. ) ;
#2327 = CARTESIAN_POINT ( 'NONE',  ( 450.0000000000000000, 0.000000000000000000, 0.000000000000000000 ) ) ;
#2328 = ORIENTED_EDGE ( 'NONE', *, *, #1021, .T. ) ;
#2329 = EDGE_CURVE ( 'NONE', #2059, #680, #1004, .T. ) ;
#2330 = DIRECTION ( 'NONE',  ( 1.000000000000000000, 0.000000000000000000, 0.000000000000000000 ) ) ;
#2331 = VECTOR ( 'NONE', #3025, 1000.000000000000000 ) ;
#2332 = DIRECTION ( 'NONE',  ( -0.000000000000000000, 1.000000000000000000, -0.000000000000000000 ) ) ;
#2333 = DIRECTION ( 'NONE',  ( 0.000000000000000000, 1.000000000000000000, 0.000000000000000000 ) ) ;
#2334 = VECTOR ( 'NONE', #2562, 1000.000000000000000 ) ;
#2335 = VERTEX_POINT ( 'NONE', #2444 ) ;
#2336 = CARTESIAN_POINT ( 'NONE',  ( 5.000000000000000000, 6.123233995736766282E-16, 120.0000000000000000 ) ) ;
#2337 = CARTESIAN_POINT ( 'NONE',  ( 22.00000000000000711, -50.50000000000002842, 324.7999999999999545 ) ) ;
#2338 = VECTOR ( 'NONE', #1718, 1000.000000000000000 ) ;
#2339 = FACE_BOUND ( 'NONE', #1039, .T. ) ;
#2340 = CC_DESIGN_PERSON_AND_ORGANIZATION_ASSIGNMENT ( #2472, #783, ( #626 ) ) ;
#2341 = LINE ( 'NONE', #910, #855 ) ;
#2342 = EDGE_CURVE ( 'NONE', #2323, #1879, #1412, .T. ) ;
#2343 = PLANE ( 'NONE',  #786 ) ;
#2344 = VERTEX_POINT ( 'NONE', #2433 ) ;
#2345 = EDGE_CURVE ( 'NONE', #1933, #1, #2959, .T. ) ;
#2346 =( NAMED_UNIT ( * ) PLANE_ANGLE_UNIT ( ) SI_UNIT ( $, .RADIAN. ) );
#2347 = ORIENTED_EDGE ( 'NONE', *, *, #310, .T. ) ;
#2348 = DIRECTION ( 'NONE',  ( 1.000000000000000000, 0.000000000000000000, 0.000000000000000000 ) ) ;
#2349 = ORIENTED_EDGE ( 'NONE', *, *, #1151, .T. ) ;
#2350 = CONTEXT_DEPENDENT_SHAPE_REPRESENTATION ( #2457, #751 ) ;
#2351 = ORIENTED_EDGE ( 'NONE', *, *, #442, .F. ) ;
#2352 = DIRECTION ( 'NONE',  ( -0.000000000000000000, -1.000000000000000000, -0.000000000000000000 ) ) ;
#2353 = DIRECTION ( 'NONE',  ( 1.000000000000000000, -0.000000000000000000, -0.000000000000000000 ) ) ;
#2354 = AXIS2_PLACEMENT_3D ( 'NONE', #2429, #2803, #2401 ) ;
#2355 = PERSON_AND_ORGANIZATION ( #2819, #1100 ) ;
#2356 = UNCERTAINTY_MEASURE_WITH_UNIT (LENGTH_MEASURE( 1.000000000000000082E-05 ), #711, 'distance_accuracy_value', 'NONE');
#2357 = ADVANCED_FACE ( 'NONE', ( #2872 ), #535, .T. ) ;
#2358 = VERTEX_POINT ( 'NONE', #65 ) ;
#2359 = APPLICATION_CONTEXT ( 'configuration controlled 3d designs of mechanical parts and assemblies' ) ;
#2360 = PERSON_AND_ORGANIZATION ( #2819, #1100 ) ;
#2361 = CARTESIAN_POINT ( 'NONE',  ( 7.961735002956730495E-14, 350.0000000000000000, 30.00000000000000000 ) ) ;
#2362 = EDGE_LOOP ( 'NONE', ( #1802, #1723, #1579, #470 ) ) ;
#2363 = CARTESIAN_POINT ( 'NONE',  ( 450.0000000000000000, 0.000000000000000000, 279.9999999999999432 ) ) ;
#2364 = CARTESIAN_POINT ( 'NONE',  ( 502.0000000000003411, -777.9999999999998863, 279.9999999999999432 ) ) ;
#2365 = ORIENTED_EDGE ( 'NONE', *, *, #2775, .F. ) ;
#2366 = EDGE_CURVE ( 'NONE', #944, #2203, #1628, .T. ) ;
#2367 = LINE ( 'NONE', #2678, #1102 ) ;
#2368 = DIRECTION ( 'NONE',  ( 0.000000000000000000, -0.000000000000000000, 1.000000000000000000 ) ) ;
#2369 = EDGE_LOOP ( 'NONE', ( #2494, #1094 ) ) ;
#2370 = LINE ( 'NONE', #529, #2517 ) ;
#2371 = AXIS2_PLACEMENT_3D ( 'NONE', #1929, #1684, #995 ) ;
#2372 = ORIENTED_EDGE ( 'NONE', *, *, #1110, .F. ) ;
#2373 = DIRECTION ( 'NONE',  ( 1.000000000000000000, 0.000000000000000000, 0.000000000000000000 ) ) ;
#2374 = CARTESIAN_POINT ( 'NONE',  ( 7.979727989493312634E-14, -350.0000000000000000, 15.00000000000000000 ) ) ;
#2375 = VECTOR ( 'NONE', #1168, 1000.000000000000000 ) ;
#2376 = CARTESIAN_POINT ( 'NONE',  ( 15.90000000000005720, 398.5000000000000000, 22.40000000000000568 ) ) ;
#2377 = VECTOR ( 'NONE', #2900, 1000.000000000000000 ) ;
#2378 = ADVANCED_FACE ( 'NONE', ( #1518 ), #1994, .T. ) ;
#2379 = LINE ( 'NONE', #2971, #68 ) ;
#2380 = VECTOR ( 'NONE', #2006, 1000.000000000000000 ) ;
#2381 = DIRECTION ( 'NONE',  ( 0.000000000000000000, 0.000000000000000000, -1.000000000000000000 ) ) ;
#2382 = APPROVAL_STATUS ( 'not_yet_approved' ) ;
#2383 = FACE_OUTER_BOUND ( 'NONE', #873, .T. ) ;
#2384 = CC_DESIGN_SECURITY_CLASSIFICATION ( #1365, ( #626 ) ) ;
#2385 = DIRECTION ( 'NONE',  ( 0.000000000000000000, 0.000000000000000000, 1.000000000000000000 ) ) ;
#2386 = CIRCLE ( 'NONE', #233, 5.000000000000000888 ) ;
#2387 = CARTESIAN_POINT ( 'NONE',  ( 7.961735002956730495E-14, 400.0000000000000000, 30.00000000000000000 ) ) ;
#2388 = EDGE_CURVE ( 'NONE', #3080, #331, #2189, .T. ) ;
#2389 = ORIENTED_EDGE ( 'NONE', *, *, #609, .T. ) ;
#2390 = DESIGN_CONTEXT ( 'detailed design', #983, 'design' ) ;
#2391 = DIRECTION ( 'NONE',  ( 1.927470528863117076E-16, 1.000000000000000000, 0.000000000000000000 ) ) ;
#2392 = CARTESIAN_POINT ( 'NONE',  ( 30.00000000000001066, -749.5000000000000000, 316.7999999999999545 ) ) ;
#2393 = EDGE_CURVE ( 'NONE', #1120, #1057, #1556, .T. ) ;
#2394 = EDGE_LOOP ( 'NONE', ( #3022, #2832, #1215, #2209, #1101 ) ) ;
#2395 = DIRECTION ( 'NONE',  ( 0.000000000000000000, 1.000000000000000000, 0.000000000000000000 ) ) ;
#2396 = ORIENTED_EDGE ( 'NONE', *, *, #1629, .F. ) ;
#2397 = APPROVAL_PERSON_ORGANIZATION ( #86, #1071, #1770 ) ;
#2398 = AXIS2_PLACEMENT_3D ( 'NONE', #3072, #2333, #956 ) ;
#2399 = ORIENTED_EDGE ( 'NONE', *, *, #595, .F. ) ;
#2400 = LOCAL_TIME ( 8, 49, 33.00000000000000000, #1316 ) ;
#2401 = DIRECTION ( 'NONE',  ( 1.000000000000000000, 0.000000000000000000, 0.000000000000000000 ) ) ;
#2402 = ORIENTED_EDGE ( 'NONE', *, *, #3011, .T. ) ;
#2403 = DIRECTION ( 'NONE',  ( 0.000000000000000000, 1.000000000000000000, 0.000000000000000000 ) ) ;
#2404 = AXIS2_PLACEMENT_3D ( 'NONE', #1199, #2619, #937 ) ;
#2405 = PERSON_AND_ORGANIZATION_ROLE ( 'creator' ) ;
#2406 = ORIENTED_EDGE ( 'NONE', *, *, #2413, .T. ) ;
#2407 = EDGE_CURVE ( 'NONE', #913, #1035, #1000, .T. ) ;
#2408 = FACE_OUTER_BOUND ( 'NONE', #1249, .T. ) ;
#2409 = ORIENTED_EDGE ( 'NONE', *, *, #2087, .T. ) ;
#2410 = DIRECTION ( 'NONE',  ( 0.7071067811865460184, 8.659560562354913137E-17, -0.7071067811865490160 ) ) ;
#2411 = FACE_OUTER_BOUND ( 'NONE', #309, .T. ) ;
#2412 = ORIENTED_EDGE ( 'NONE', *, *, #1833, .T. ) ;
#2413 = EDGE_CURVE ( 'NONE', #366, #1590, #1327, .T. ) ;
#2414 = DIRECTION ( 'NONE',  ( 0.000000000000000000, 1.000000000000000000, 0.000000000000000000 ) ) ;
#2415 = CYLINDRICAL_SURFACE ( 'NONE', #1468, 5.000000000000000000 ) ;
#2416 = CYLINDRICAL_SURFACE ( 'NONE', #2707, 5.049999999999998934 ) ;
#2417 = CIRCLE ( 'NONE', #1301, 5.000000000000000888 ) ;
#2418 = VECTOR ( 'NONE', #2668, 1000.000000000000000 ) ;
#2419 = DIRECTION ( 'NONE',  ( -2.065146995210486914E-16, 0.000000000000000000, -1.000000000000000000 ) ) ;
#2420 = LINE ( 'NONE', #1173, #1150 ) ;
#2421 = CARTESIAN_POINT ( 'NONE',  ( 33.00000000000007816, 350.0000000000000000, -26.84171144931213604 ) ) ;
#2422 = FACE_OUTER_BOUND ( 'NONE', #1809, .T. ) ;
#2423 = AXIS2_PLACEMENT_3D ( 'NONE', #2286, #2043, #2782 ) ;
#2424 = CARTESIAN_POINT ( 'NONE',  ( 15.90000000000000036, -50.50000000000002842, 321.0500000000000114 ) ) ;
#2425 = CARTESIAN_POINT ( 'NONE',  ( 30.00000000000008171, -778.0000000000000000, 300.0000000000000000 ) ) ;
#2426 = APPLICATION_CONTEXT ( 'configuration controlled 3d designs of mechanical parts and assemblies' ) ;
#2427 = SECURITY_CLASSIFICATION ( '', '', #1979 ) ;
#2428 = ORIENTED_EDGE ( 'NONE', *, *, #324, .F. ) ;
#2429 = CARTESIAN_POINT ( 'NONE',  ( 0.000000000000000000, 0.000000000000000000, 0.000000000000000000 ) ) ;
#2430 = EDGE_LOOP ( 'NONE', ( #1485, #1075, #1066, #1320 ) ) ;
#2431 = EDGE_CURVE ( 'NONE', #499, #1035, #2288, .T. ) ;
#2432 = ORIENTED_EDGE ( 'NONE', *, *, #1919, .T. ) ;
#2433 = CARTESIAN_POINT ( 'NONE',  ( 30.00000000000009592, -760.0000000000000000, 20.00000000000000000 ) ) ;
#2434 = CARTESIAN_POINT ( 'NONE',  ( 432.0000000000000000, -18.00000000000000000, -0.000000000000000000 ) ) ;
#2435 = ORIENTED_EDGE ( 'NONE', *, *, #2407, .T. ) ;
#2436 = APPROVAL_STATUS ( 'not_yet_approved' ) ;
#2437 = PERSON_AND_ORGANIZATION ( #2819, #1100 ) ;
#2438 = VERTEX_POINT ( 'NONE', #1482 ) ;
#2439 = PLANE ( 'NONE',  #2240 ) ;
#2440 = AXIS2_PLACEMENT_3D ( 'NONE', #627, #615, #1107 ) ;
#2441 = APPROVAL_DATE_TIME ( #157, #1455 ) ;
#2442 = DIRECTION ( 'NONE',  ( -1.232566680299310330E-16, 1.000000000000000000, 0.000000000000000000 ) ) ;
#2443 = VERTEX_POINT ( 'NONE', #1033 ) ;
#2444 = CARTESIAN_POINT ( 'NONE',  ( 5.000000000000000000, 6.123233995736766282E-16, 119.0000000000000142 ) ) ;
#2445 = DIRECTION ( 'NONE',  ( -1.000000000000000000, 0.000000000000000000, -0.000000000000000000 ) ) ;
#2446 = VERTEX_POINT ( 'NONE', #154 ) ;
#2447 = CC_DESIGN_DATE_AND_TIME_ASSIGNMENT ( #269, #1711, ( #2610 ) ) ;
#2448 = PERSON_AND_ORGANIZATION_ROLE ( 'classification_officer' ) ;
#2449 = VECTOR ( 'NONE', #1425, 1000.000000000000000 ) ;
#2450 = VERTEX_POINT ( 'NONE', #2705 ) ;
#2451 = EDGE_CURVE ( 'NONE', #675, #334, #2995, .T. ) ;
#2452 = VERTEX_POINT ( 'NONE', #2520 ) ;
#2453 = CARTESIAN_POINT ( 'NONE',  ( 30.00000000000002842, -253.0000000000000000, 20.00000000000001776 ) ) ;
#2454 = LINE ( 'NONE', #2856, #2795 ) ;
#2455 = DIRECTION ( 'NONE',  ( 0.000000000000000000, 1.000000000000000000, 0.000000000000000000 ) ) ;
#2456 = CYLINDRICAL_SURFACE ( 'NONE', #117, 8.000000000000007105 ) ;
#2457 =( REPRESENTATION_RELATIONSHIP ('NONE','NONE', #2930, #1803 ) REPRESENTATION_RELATIONSHIP_WITH_TRANSFORMATION ( #1312 )SHAPE_REPRESENTATION_RELATIONSHIP( ) );
#2458 = CARTESIAN_POINT ( 'NONE',  ( 5.200000000000002842, -749.5000000000000000, 300.0000000000000000 ) ) ;
#2459 = AXIS2_PLACEMENT_3D ( 'NONE', #446, #2598, #964 ) ;
#2460 = CARTESIAN_POINT ( 'NONE',  ( 432.0000000000000000, -18.00000000000000000, 300.0000000000000000 ) ) ;
#2461 = DIRECTION ( 'NONE',  ( -1.000000000000000000, 0.000000000000000000, 0.000000000000000000 ) ) ;
#2462 = ORIENTED_EDGE ( 'NONE', *, *, #1919, .F. ) ;
#2463 = EDGE_LOOP ( 'NONE', ( #471, #987, #1277, #1504 ) ) ;
#2464 = DIRECTION ( 'NONE',  ( -0.000000000000000000, 1.000000000000000000, -0.000000000000000000 ) ) ;
#2465 = EDGE_CURVE ( 'NONE', #553, #91, #1973, .T. ) ;
#2466 = ADVANCED_FACE ( 'NONE', ( #2411 ), #866, .F. ) ;
#2467 = ORIENTED_EDGE ( 'NONE', *, *, #8, .F. ) ;
#2468 = LOCAL_TIME ( 8, 49, 33.00000000000000000, #2584 ) ;
#2469 = DIRECTION ( 'NONE',  ( 0.000000000000000000, 0.000000000000000000, 1.000000000000000000 ) ) ;
#2470 = ORIENTED_EDGE ( 'NONE', *, *, #631, .T. ) ;
#2471 = AXIS2_PLACEMENT_3D ( 'NONE', #263, #1948, #2419 ) ;
#2472 = PERSON_AND_ORGANIZATION ( #2819, #1100 ) ;
#2473 = PERSON_AND_ORGANIZATION_ROLE ( 'design_supplier' ) ;
#2474 = ORIENTED_EDGE ( 'NONE', *, *, #2765, .F. ) ;
#2475 = ORIENTED_EDGE ( 'NONE', *, *, #1021, .F. ) ;
#2476 = ORIENTED_EDGE ( 'NONE', *, *, #963, .F. ) ;
#2477 = DIRECTION ( 'NONE',  ( 1.000000000000000000, 0.000000000000000000, 0.000000000000000000 ) ) ;
#2478 = DIRECTION ( 'NONE',  ( -1.000000000000000000, 0.000000000000000000, 0.000000000000000000 ) ) ;
#2479 = LINE ( 'NONE', #704, #418 ) ;
#2480 = EDGE_LOOP ( 'NONE', ( #2595, #2133, #2476, #1730 ) ) ;
#2481 =( REPRESENTATION_RELATIONSHIP ('NONE','NONE', #2930, #1772 ) REPRESENTATION_RELATIONSHIP_WITH_TRANSFORMATION ( #155 )SHAPE_REPRESENTATION_RELATIONSHIP( ) );
#2482 = CIRCLE ( 'NONE', #2533, 8.000000000000007105 ) ;
#2483 = EDGE_CURVE ( 'NONE', #1310, #1933, #1665, .T. ) ;
#2484 = FACE_OUTER_BOUND ( 'NONE', #1568, .T. ) ;
#2485 = LINE ( 'NONE', #1136, #105 ) ;
#2486 = PLANE ( 'NONE',  #260 ) ;
#2487 = LINE ( 'NONE', #802, #249 ) ;
#2488 = EDGE_CURVE ( 'NONE', #374, #2657, #1553, .T. ) ;
#2489 = DIRECTION ( 'NONE',  ( -0.000000000000000000, -1.000000000000000000, -0.000000000000000000 ) ) ;
#2490 = DIRECTION ( 'NONE',  ( -1.000000000000000000, -0.000000000000000000, -0.000000000000000000 ) ) ;
#2491 = MANIFOLD_SOLID_BREP ( '切除-拉伸2', #1703 ) ;
#2492 = VECTOR ( 'NONE', #1858, 1000.000000000000000 ) ;
#2493 = DIRECTION ( 'NONE',  ( -0.000000000000000000, -1.000000000000000000, -0.000000000000000000 ) ) ;
#2494 = ORIENTED_EDGE ( 'NONE', *, *, #1855, .F. ) ;
#2495 = ADVANCED_FACE ( 'NONE', ( #277 ), #2913, .F. ) ;
#2496 = CC_DESIGN_DATE_AND_TIME_ASSIGNMENT ( #2664, #1758, ( #1725 ) ) ;
#2497 = DIRECTION ( 'NONE',  ( 1.000000000000000000, 1.232566680299310330E-16, -0.000000000000000000 ) ) ;
#2498 = CARTESIAN_POINT ( 'NONE',  ( 30.00000000000005329, -18.00000000000000000, 2.000000000000000000 ) ) ;
#2499 = ORIENTED_EDGE ( 'NONE', *, *, #342, .F. ) ;
#2500 = EDGE_CURVE ( 'NONE', #1058, #863, #1740, .T. ) ;
#2501 = LOCAL_TIME ( 8, 49, 33.00000000000000000, #44 ) ;
#2502 = ORIENTED_EDGE ( 'NONE', *, *, #48, .T. ) ;
#2503 = DIRECTION ( 'NONE',  ( 1.232566680299310330E-16, -1.000000000000000000, 0.000000000000000000 ) ) ;
#2504 = EDGE_CURVE ( 'NONE', #1329, #2714, #1407, .T. ) ;
#2505 = CALENDAR_DATE ( 2026, 5, 6 ) ;
#2506 = VERTEX_POINT ( 'NONE', #2321 ) ;
#2507 = COORDINATED_UNIVERSAL_TIME_OFFSET ( 8, 0, .AHEAD. ) ;
#2508 = CARTESIAN_POINT ( 'NONE',  ( 450.0000000000001137, 400.0000000000000000, 30.00000000000000000 ) ) ;
#2509 = CLOSED_SHELL ( 'NONE', ( #2278, #552, #2738, #2128, #1578, #2544 ) ) ;
#2510 = CARTESIAN_POINT ( 'NONE',  ( 9.527752097366408410E-14, -778.0000000000000000, 300.0000000000000000 ) ) ;
#2511 = CARTESIAN_POINT ( 'NONE',  ( 431.9999999999998863, -778.0000000000000000, 2.000000000000000000 ) ) ;
#2512 = VERTEX_POINT ( 'NONE', #898 ) ;
#2513 = LINE ( 'NONE', #1171, #463 ) ;
#2514 = CARTESIAN_POINT ( 'NONE',  ( 0.000000000000000000, 0.000000000000000000, -1.500000000000000000 ) ) ;
#2515 = ORIENTED_EDGE ( 'NONE', *, *, #2132, .T. ) ;
#2516 = CARTESIAN_POINT ( 'NONE',  ( 0.000000000000000000, 0.000000000000000000, 120.0000000000000000 ) ) ;
#2517 = VECTOR ( 'NONE', #797, 1000.000000000000000 ) ;
#2518 = ORIENTED_EDGE ( 'NONE', *, *, #3045, .F. ) ;
#2519 = CARTESIAN_POINT ( 'NONE',  ( 22.00000000000000711, -749.5000000000000000, 316.7999999999999545 ) ) ;
#2520 = CARTESIAN_POINT ( 'NONE',  ( 5.000000000000000000, 6.123233995736766282E-16, 0.000000000000000000 ) ) ;
#2521 = VECTOR ( 'NONE', #482, 1000.000000000000000 ) ;
#2522 = CYLINDRICAL_SURFACE ( 'NONE', #347, 6.500000000000005329 ) ;
#2523 = LINE ( 'NONE', #2563, #2964 ) ;
#2524 = EDGE_CURVE ( 'NONE', #2200, #566, #2186, .T. ) ;
#2525 = CARTESIAN_POINT ( 'NONE',  ( 13.20000000000000639, -749.5000000000000000, 324.7999999999999545 ) ) ;
#2526 = LINE ( 'NONE', #419, #931 ) ;
#2527 = CARTESIAN_POINT ( 'NONE',  ( 450.0000000000000000, 0.000000000000000000, 300.0000000000000000 ) ) ;
#2528 = DIRECTION ( 'NONE',  ( 1.000000000000000000, 0.000000000000000000, 0.000000000000000000 ) ) ;
#2529 = DIRECTION ( 'NONE',  ( -0.000000000000000000, -0.000000000000000000, -1.000000000000000000 ) ) ;
#2530 = ADVANCED_FACE ( 'NONE', ( #1074 ), #2343, .F. ) ;
#2531 = LINE ( 'NONE', #177, #111 ) ;
#2532 = VERTEX_POINT ( 'NONE', #1328 ) ;
#2533 = AXIS2_PLACEMENT_3D ( 'NONE', #1216, #1203, #715 ) ;
#2534 = DIRECTION ( 'NONE',  ( 1.000000000000000000, 0.000000000000000000, 1.288758049684149971E-16 ) ) ;
#2535 = ORIENTED_EDGE ( 'NONE', *, *, #1655, .F. ) ;
#2536 = PRODUCT_RELATED_PRODUCT_CATEGORY ( 'detail', '', ( #650 ) ) ;
#2537 = DIRECTION ( 'NONE',  ( -1.000000000000000000, 0.000000000000000000, 0.000000000000000000 ) ) ;
#2538 = ORIENTED_EDGE ( 'NONE', *, *, #228, .F. ) ;
#2539 = DIRECTION ( 'NONE',  ( 0.000000000000000000, -1.000000000000000000, 0.000000000000000000 ) ) ;
#2540 =( NAMED_UNIT ( * ) SI_UNIT ( $, .STERADIAN. ) SOLID_ANGLE_UNIT ( ) );
#2541 = EDGE_CURVE ( 'NONE', #1035, #1759, #1706, .T. ) ;
#2542 = ORIENTED_EDGE ( 'NONE', *, *, #1061, .F. ) ;
#2543 = PERSON_AND_ORGANIZATION ( #2819, #1100 ) ;
#2544 = ADVANCED_FACE ( 'NONE', ( #57 ), #1867, .T. ) ;
#2545 = CLOSED_SHELL ( 'NONE', ( #1738, #565, #805, #773, #657, #2807, #1536, #3115, #80, #1025, #1399, #2828, #1801, #3037, #352, #408, #2495, #1834, #1142, #2192, #2703, #2966, #3007, #308, #1753, #1282, #2929, #1417, #139 ) ) ;
#2546 = CARTESIAN_POINT ( 'NONE',  ( 5.200000000000006395, -749.5000000000000000, 316.7999999999999545 ) ) ;
#2547 = EDGE_CURVE ( 'NONE', #2714, #3050, #2513, .T. ) ;
#2548 = ORIENTED_EDGE ( 'NONE', *, *, #2483, .F. ) ;
#2549 = CARTESIAN_POINT ( 'NONE',  ( 22.00000000000000711, -50.50000000000002842, 324.7999999999999545 ) ) ;
#2550 = LINE ( 'NONE', #2546, #2868 ) ;
#2551 = EDGE_LOOP ( 'NONE', ( #1771, #2029 ) ) ;
#2552 = AXIS2_PLACEMENT_3D ( 'NONE', #1299, #1789, #2990 ) ;
#2553 = FACE_OUTER_BOUND ( 'NONE', #225, .T. ) ;
#2554 = DIRECTION ( 'NONE',  ( 0.000000000000000000, 0.000000000000000000, -1.000000000000000000 ) ) ;
#2555 = EDGE_LOOP ( 'NONE', ( #403, #2773, #2535, #1545 ) ) ;
#2556 = DIRECTION ( 'NONE',  ( 1.000000000000000000, 0.000000000000000000, -0.000000000000000000 ) ) ;
#2557 = FACE_OUTER_BOUND ( 'NONE', #1008, .T. ) ;
#2558 = DIRECTION ( 'NONE',  ( 1.000000000000000000, -0.000000000000000000, 0.000000000000000000 ) ) ;
#2559 = LINE ( 'NONE', #1667, #1226 ) ;
#2560 = CIRCLE ( 'NONE', #1383, 15.00000000000000000 ) ;
#2561 = LINE ( 'NONE', #41, #2338 ) ;
#2562 = DIRECTION ( 'NONE',  ( 1.387778780781445676E-16, -1.000000000000000000, 0.000000000000000000 ) ) ;
#2563 = CARTESIAN_POINT ( 'NONE',  ( 33.00000000000007816, 0.000000000000000000, 0.000000000000000000 ) ) ;
#2564 = EDGE_CURVE ( 'NONE', #91, #2506, #919, .T. ) ;
#2565 = ADVANCED_FACE ( 'NONE', ( #2761 ), #429, .F. ) ;
#2566 = DIRECTION ( 'NONE',  ( 0.000000000000000000, 0.000000000000000000, 1.000000000000000000 ) ) ;
#2567 = VECTOR ( 'NONE', #2455, 1000.000000000000000 ) ;
#2568 = VECTOR ( 'NONE', #696, 1000.000000000000000 ) ;
#2569 = EDGE_CURVE ( 'NONE', #863, #1058, #695, .T. ) ;
#2570 = CARTESIAN_POINT ( 'NONE',  ( 432.0000000000000000, -18.00000000000000000, 300.0000000000000000 ) ) ;
#2571 = LINE ( 'NONE', #2847, #2056 ) ;
#2572 = CARTESIAN_POINT ( 'NONE',  ( 7.979727989493312634E-14, 300.0000000000000000, 15.00000000000000000 ) ) ;
#2573 = AXIS2_PLACEMENT_3D ( 'NONE', #1558, #1780, #2970 ) ;
#2574 = ORIENTED_EDGE ( 'NONE', *, *, #2075, .F. ) ;
#2575 = CARTESIAN_POINT ( 'NONE',  ( 5.200000000000002842, -749.5000000000000000, 300.0000000000000000 ) ) ;
#2576 = CARTESIAN_POINT ( 'NONE',  ( 432.0000000000001137, -760.0000000000000000, 20.00000000000000000 ) ) ;
#2577 = CARTESIAN_POINT ( 'NONE',  ( 450.0000000000000000, 0.000000000000000000, 300.0000000000000000 ) ) ;
#2578 = ORIENTED_EDGE ( 'NONE', *, *, #442, .T. ) ;
#2579 = DIRECTION ( 'NONE',  ( -5.478074134663601740E-17, 1.000000000000000000, -0.000000000000000000 ) ) ;
#2580 = PLANE ( 'NONE',  #723 ) ;
#2581 = AXIS2_PLACEMENT_3D ( 'NONE', #40, #1962, #523 ) ;
#2582 = EDGE_LOOP ( 'NONE', ( #2518, #3014, #671, #563 ) ) ;
#2583 = ADVANCED_FACE ( 'NONE', ( #545 ), #2813, .F. ) ;
#2584 = COORDINATED_UNIVERSAL_TIME_OFFSET ( 8, 0, .AHEAD. ) ;
#2585 = DIRECTION ( 'NONE',  ( 0.000000000000000000, 0.000000000000000000, -1.000000000000000000 ) ) ;
#2586 = ORIENTED_EDGE ( 'NONE', *, *, #2322, .F. ) ;
#2587 = DIRECTION ( 'NONE',  ( -2.065146995210486914E-16, -0.000000000000000000, -1.000000000000000000 ) ) ;
#2588 = SECURITY_CLASSIFICATION ( '', '', #583 ) ;
#2589 = APPROVAL_DATE_TIME ( #534, #1530 ) ;
#2590 = DIRECTION ( 'NONE',  ( 0.000000000000000000, 0.000000000000000000, 1.000000000000000000 ) ) ;
#2591 = CARTESIAN_POINT ( 'NONE',  ( 30.00000000000009237, -778.0000000000000000, 300.0000000000000000 ) ) ;
#2592 = ORIENTED_EDGE ( 'NONE', *, *, #183, .T. ) ;
#2593 = EDGE_CURVE ( 'NONE', #1879, #2323, #843, .T. ) ;
#2594 = APPROVAL_DATE_TIME ( #1509, #685 ) ;
#2595 = ORIENTED_EDGE ( 'NONE', *, *, #110, .T. ) ;
#2596 = CARTESIAN_POINT ( 'NONE',  ( 30.00000000000000355, -18.00000000000000000, 300.0000000000000000 ) ) ;
#2597 = VECTOR ( 'NONE', #1202, 1000.000000000000000 ) ;
#2598 = DIRECTION ( 'NONE',  ( 0.000000000000000000, -1.000000000000000000, 0.000000000000000000 ) ) ;
#2599 = ORIENTED_EDGE ( 'NONE', *, *, #2908, .T. ) ;
#2600 = DIRECTION ( 'NONE',  ( -0.000000000000000000, 0.000000000000000000, 1.000000000000000000 ) ) ;
#2601 = CARTESIAN_POINT ( 'NONE',  ( 450.0000000000001137, -777.9999999999998863, 300.0000000000000000 ) ) ;
#2602 = FACE_OUTER_BOUND ( 'NONE', #1582, .T. ) ;
#2603 = VERTEX_POINT ( 'NONE', #693 ) ;
#2604 = DIRECTION ( 'NONE',  ( -1.000000000000000000, 0.000000000000000000, -1.137523590804461357E-16 ) ) ;
#2605 = AXIS2_PLACEMENT_3D ( 'NONE', #2300, #644, #2537 ) ;
#2606 = VERTEX_POINT ( 'NONE', #2453 ) ;
#2607 = VECTOR ( 'NONE', #237, 1000.000000000000000 ) ;
#2608 = APPLICATION_CONTEXT ( 'configuration controlled 3d designs of mechanical parts and assemblies' ) ;
#2609 = LINE ( 'NONE', #2287, #1049 ) ;
#2610 = SECURITY_CLASSIFICATION ( '', '', #2167 ) ;
#2611 = PLANE ( 'NONE',  #2967 ) ;
#2612 = LINE ( 'NONE', #2950, #1337 ) ;
#2613 = CARTESIAN_POINT ( 'NONE',  ( 30.00000000000009592, -760.0000000000000000, 300.0000000000000000 ) ) ;
#2614 = CARTESIAN_POINT ( 'NONE',  ( 432.0000000000001137, -253.0000000000000000, 300.0000000000000000 ) ) ;
#2615 = EDGE_CURVE ( 'NONE', #2952, #721, #1180, .T. ) ;
#2616 = CARTESIAN_POINT ( 'NONE',  ( 30.00000000000001421, -253.0000000000000000, 702.4027832905732112 ) ) ;
#2617 = CIRCLE ( 'NONE', #1095, 6.500000000000005329 ) ;
#2618 = EDGE_CURVE ( 'NONE', #566, #1737, #350, .T. ) ;
#2619 = DIRECTION ( 'NONE',  ( 0.000000000000000000, 0.000000000000000000, 1.000000000000000000 ) ) ;
#2620 = ORIENTED_EDGE ( 'NONE', *, *, #1270, .T. ) ;
#2621 = CARTESIAN_POINT ( 'NONE',  ( 15.90000000000005720, -398.5000000000000000, 15.90000000000000036 ) ) ;
#2622 = ORIENTED_EDGE ( 'NONE', *, *, #2451, .T. ) ;
#2623 = DIRECTION ( 'NONE',  ( -0.000000000000000000, 1.000000000000000000, -0.000000000000000000 ) ) ;
#2624 = EDGE_LOOP ( 'NONE', ( #2293, #1426, #1921, #2949 ) ) ;
#2625 = CARTESIAN_POINT ( 'NONE',  ( 30.00000000000000355, -18.00000000000000000, 300.0000000000000000 ) ) ;
#2626 = DIRECTION ( 'NONE',  ( 0.000000000000000000, -1.000000000000000000, 0.000000000000000000 ) ) ;
#2627 = ORIENTED_EDGE ( 'NONE', *, *, #1061, .T. ) ;
#2628 = DATE_TIME_ROLE ( 'creation_date' ) ;
#2629 = PERSON_AND_ORGANIZATION ( #2819, #1100 ) ;
#2630 = DIRECTION ( 'NONE',  ( -0.000000000000000000, 1.000000000000000000, -0.000000000000000000 ) ) ;
#2631 = DIRECTION ( 'NONE',  ( 1.000000000000000000, 0.000000000000000000, 0.000000000000000000 ) ) ;
#2632 = EDGE_CURVE ( 'NONE', #38, #942, #205, .T. ) ;
#2633 = ORIENTED_EDGE ( 'NONE', *, *, #2843, .F. ) ;
#2634 = CARTESIAN_POINT ( 'NONE',  ( 432.0000000000000000, -18.00000000000000000, 300.0000000000000000 ) ) ;
#2635 = ORIENTED_EDGE ( 'NONE', *, *, #2823, .F. ) ;
#2636 = EDGE_CURVE ( 'NONE', #2000, #576, #2367, .T. ) ;
#2637 = CARTESIAN_POINT ( 'NONE',  ( 15.90000000000005720, 300.0000000000000568, 15.90000000000000036 ) ) ;
#2638 = FACE_OUTER_BOUND ( 'NONE', #840, .T. ) ;
#2639 = CARTESIAN_POINT ( 'NONE',  ( 431.9999999999998863, -778.0000000000000000, 2.000000000000000000 ) ) ;
#2640 = ORIENTED_EDGE ( 'NONE', *, *, #30, .T. ) ;
#2641 = APPROVAL_STATUS ( 'not_yet_approved' ) ;
#2642 = CIRCLE ( 'NONE', #2101, 15.00000000000000000 ) ;
#2643 = ORIENTED_EDGE ( 'NONE', *, *, #324, .T. ) ;
#2644 = VECTOR ( 'NONE', #998, 1000.000000000000000 ) ;
#2645 = CARTESIAN_POINT ( 'NONE',  ( 22.00000000000000711, -749.5000000000000000, 324.7999999999999545 ) ) ;
#2646 = VECTOR ( 'NONE', #2490, 1000.000000000000000 ) ;
#2647 = VECTOR ( 'NONE', #838, 1000.000000000000000 ) ;
#2648 = DIRECTION ( 'NONE',  ( 0.000000000000000000, 0.000000000000000000, -1.000000000000000000 ) ) ;
#2649 = LINE ( 'NONE', #1767, #216 ) ;
#2650 = FACE_OUTER_BOUND ( 'NONE', #601, .T. ) ;
#2651 = APPROVAL_ROLE ( '' ) ;
#2652 = VECTOR ( 'NONE', #2353, 1000.000000000000000 ) ;
#2653 = DIRECTION ( 'NONE',  ( 0.000000000000000000, 0.000000000000000000, -1.000000000000000000 ) ) ;
#2654 = FACE_OUTER_BOUND ( 'NONE', #2869, .T. ) ;
#2655 = CARTESIAN_POINT ( 'NONE',  ( 432.0000000000001137, -524.0000000000000000, 702.4027832905732112 ) ) ;
#2656 = EDGE_CURVE ( 'NONE', #2255, #2358, #1817, .T. ) ;
#2657 = VERTEX_POINT ( 'NONE', #2057 ) ;
#2658 = CARTESIAN_POINT ( 'NONE',  ( 15.90000000000000036, -50.50000000000002842, 310.9499999999999886 ) ) ;
#2659 = EDGE_CURVE ( 'NONE', #836, #1535, #2954, .T. ) ;
#2660 = ORIENTED_EDGE ( 'NONE', *, *, #853, .F. ) ;
#2661 = APPLICATION_PROTOCOL_DEFINITION ( 'international standard', 'config_control_design', 1994, #2608 ) ;
#2662 = PLANE ( 'NONE',  #1200 ) ;
#2663 = ORIENTED_EDGE ( 'NONE', *, *, #2188, .F. ) ;
#2664 = DATE_AND_TIME ( #1062, #1349 ) ;
#2665 = ADVANCED_FACE ( 'NONE', ( #1364 ), #101, .T. ) ;
#2666 = EDGE_LOOP ( 'NONE', ( #585, #1507 ) ) ;
#2667 = LOCAL_TIME ( 8, 49, 33.00000000000000000, #990 ) ;
#2668 = DIRECTION ( 'NONE',  ( -0.000000000000000000, -0.000000000000000000, -1.000000000000000000 ) ) ;
#2669 = EDGE_LOOP ( 'NONE', ( #2993, #1806, #1794, #755 ) ) ;
#2670 = CARTESIAN_POINT ( 'NONE',  ( 30.00000000000000355, -18.00000000000000000, 300.0000000000000000 ) ) ;
#2671 = CC_DESIGN_PERSON_AND_ORGANIZATION_ASSIGNMENT ( #761, #2448, ( #1725 ) ) ;
#2672 = COORDINATED_UNIVERSAL_TIME_OFFSET ( 8, 0, .AHEAD. ) ;
#2673 = APPLICATION_PROTOCOL_DEFINITION ( 'international standard', 'config_control_design', 1994, #2426 ) ;
#2674 = ORIENTED_EDGE ( 'NONE', *, *, #110, .F. ) ;
#2675 = LINE ( 'NONE', #1761, #1778 ) ;
#2676 = ORIENTED_EDGE ( 'NONE', *, *, #668, .T. ) ;
#2677 = PLANE ( 'NONE',  #2144 ) ;
#2678 = CARTESIAN_POINT ( 'NONE',  ( 432.0000000000000000, -18.00000000000000000, -0.000000000000000000 ) ) ;
#2679 = VECTOR ( 'NONE', #1020, 1000.000000000000000 ) ;
#2680 = ORIENTED_EDGE ( 'NONE', *, *, #1519, .T. ) ;
#2681 = EDGE_CURVE ( 'NONE', #1434, #546, #1898, .T. ) ;
#2682 = DIRECTION ( 'NONE',  ( 0.000000000000000000, 0.000000000000000000, 1.000000000000000000 ) ) ;
#2683 = PLANE ( 'NONE',  #1012 ) ;
#2684 = CARTESIAN_POINT ( 'NONE',  ( 30.00000000000009592, -778.0000000000000000, 2.000000000000000000 ) ) ;
#2685 = VECTOR ( 'NONE', #2190, 1000.000000000000000 ) ;
#2686 = ORIENTED_EDGE ( 'NONE', *, *, #30, .F. ) ;
#2687 = ADVANCED_FACE ( 'NONE', ( #774, #2553 ), #1465, .F. ) ;
#2688 = SECURITY_CLASSIFICATION_LEVEL ( 'unclassified' ) ;
#2689 = LINE ( 'NONE', #2234, #2380 ) ;
#2690 = VECTOR ( 'NONE', #962, 1000.000000000000000 ) ;
#2691 = LINE ( 'NONE', #1080, #173 ) ;
#2692 = DIRECTION ( 'NONE',  ( 1.000000000000000000, -0.000000000000000000, 0.000000000000000000 ) ) ;
#2693 = CARTESIAN_POINT ( 'NONE',  ( 15.90000000000005720, -350.0000000000000000, 15.90000000000000036 ) ) ;
#2694 = LINE ( 'NONE', #3109, #2926 ) ;
#2695 = CARTESIAN_POINT ( 'NONE',  ( 15.00000000000007994, -299.9999999999999432, 15.00000000000000000 ) ) ;
#2696 = APPROVAL_STATUS ( 'not_yet_approved' ) ;
#2697 = CC_DESIGN_PERSON_AND_ORGANIZATION_ASSIGNMENT ( #796, #1262, ( #2762 ) ) ;
#2698 = CYLINDRICAL_SURFACE ( 'NONE', #654, 6.500000000000005329 ) ;
#2699 = MANIFOLD_SOLID_BREP ( '镜向2', #2545 ) ;
#2700 = CARTESIAN_POINT ( 'NONE',  ( 450.0000000000000000, 0.000000000000000000, 300.0000000000000000 ) ) ;
#2701 = ORIENTED_EDGE ( 'NONE', *, *, #1733, .T. ) ;
#2702 = EDGE_CURVE ( 'NONE', #863, #2077, #1292, .T. ) ;
#2703 = ADVANCED_FACE ( 'NONE', ( #1939, #23 ), #2677, .F. ) ;
#2704 = ORIENTED_EDGE ( 'NONE', *, *, #2345, .F. ) ;
#2705 = CARTESIAN_POINT ( 'NONE',  ( 450.0000000000001137, -400.0000000000000000, 30.00000000000000000 ) ) ;
#2706 = CARTESIAN_POINT ( 'NONE',  ( 7.961735002956730495E-14, -400.0000000000000000, 30.00000000000000000 ) ) ;
#2707 = AXIS2_PLACEMENT_3D ( 'NONE', #2165, #1209, #1654 ) ;
#2708 = ORIENTED_EDGE ( 'NONE', *, *, #1397, .F. ) ;
#2709 = APPROVAL_DATE_TIME ( #867, #1566 ) ;
#2710 = ORIENTED_EDGE ( 'NONE', *, *, #399, .F. ) ;
#2711 = CARTESIAN_POINT ( 'NONE',  ( 15.90000000000000036, -50.50000000000002842, 316.0000000000000000 ) ) ;
#2712 = DIRECTION ( 'NONE',  ( -0.000000000000000000, -0.000000000000000000, -1.000000000000000000 ) ) ;
#2713 = DATE_AND_TIME ( #729, #1319 ) ;
#2714 = VERTEX_POINT ( 'NONE', #712 ) ;
#2715 = DIRECTION ( 'NONE',  ( -0.000000000000000000, -0.000000000000000000, -1.000000000000000000 ) ) ;
#2716 = SHAPE_REPRESENTATION_RELATIONSHIP ( 'NONE' , 'NONE' ,  #1803, #658 ) ;
#2717 = DIRECTION ( 'NONE',  ( 1.460819769243627131E-16, -1.000000000000000000, 0.000000000000000000 ) ) ;
#2718 = EDGE_LOOP ( 'NONE', ( #368, #1388, #2989, #1450 ) ) ;
#2719 = APPROVAL ( #1289, 'UNKNOWN' ) ;
#2720 = ADVANCED_FACE ( 'NONE', ( #2602 ), #1140, .F. ) ;
#2721 = APPROVAL_ROLE ( '' ) ;
#2722 = FACE_OUTER_BOUND ( 'NONE', #2463, .T. ) ;
#2723 = ORIENTED_EDGE ( 'NONE', *, *, #1537, .F. ) ;
#2724 = EDGE_CURVE ( 'NONE', #2532, #1552, #2479, .T. ) ;
#2725 = VERTEX_POINT ( 'NONE', #2601 ) ;
#2726 = FACE_OUTER_BOUND ( 'NONE', #1816, .T. ) ;
#2727 = EDGE_CURVE ( 'NONE', #2241, #1766, #131, .T. ) ;
#2728 = LINE ( 'NONE', #975, #1784 ) ;
#2729 = CARTESIAN_POINT ( 'NONE',  ( 30.00000000000001066, -50.50000000000002842, 316.7999999999999545 ) ) ;
#2730 = DIRECTION ( 'NONE',  ( -5.478074134663601740E-17, 1.000000000000000000, -0.000000000000000000 ) ) ;
#2731 = LINE ( 'NONE', #349, #1523 ) ;
#2732 = LINE ( 'NONE', #875, #2082 ) ;
#2733 = DATE_TIME_ROLE ( 'creation_date' ) ;
#2734 = VECTOR ( 'NONE', #2138, 1000.000000000000000 ) ;
#2735 = FACE_OUTER_BOUND ( 'NONE', #2369, .T. ) ;
#2736 = AXIS2_PLACEMENT_3D ( 'NONE', #208, #691, #452 ) ;
#2737 = DIRECTION ( 'NONE',  ( -0.000000000000000000, 1.000000000000000000, -0.000000000000000000 ) ) ;
#2738 = ADVANCED_FACE ( 'NONE', ( #509 ), #2611, .F. ) ;
#2739 = DIRECTION ( 'NONE',  ( 0.000000000000000000, 0.000000000000000000, -1.000000000000000000 ) ) ;
#2740 = LINE ( 'NONE', #1115, #146 ) ;
#2741 = AXIS2_PLACEMENT_3D ( 'NONE', #2616, #181, #3082 ) ;
#2742 = DIRECTION ( 'NONE',  ( -1.000000000000000000, 0.000000000000000000, 0.000000000000000000 ) ) ;
#2743 = VERTEX_POINT ( 'NONE', #2374 ) ;
#2744 = ORIENTED_EDGE ( 'NONE', *, *, #2407, .F. ) ;
#2745 = DIRECTION ( 'NONE',  ( -1.137523590804461357E-16, 0.000000000000000000, 1.000000000000000000 ) ) ;
#2746 = DATE_AND_TIME ( #2243, #985 ) ;
#2747 = EDGE_CURVE ( 'NONE', #1605, #425, #1781, .T. ) ;
#2748 = ORIENTED_EDGE ( 'NONE', *, *, #1715, .F. ) ;
#2749 = CARTESIAN_POINT ( 'NONE',  ( -0.000000000000000000, 300.0000000000000000, 0.000000000000000000 ) ) ;
#2750 = ORIENTED_EDGE ( 'NONE', *, *, #287, .T. ) ;
#2751 = CARTESIAN_POINT ( 'NONE',  ( 15.90000000000005720, 350.0000000000000000, 15.90000000000000036 ) ) ;
#2752 = CALENDAR_DATE ( 2026, 5, 6 ) ;
#2753 = VERTEX_POINT ( 'NONE', #1404 ) ;
#2754 = COORDINATED_UNIVERSAL_TIME_OFFSET ( 8, 0, .AHEAD. ) ;
#2755 = EDGE_LOOP ( 'NONE', ( #2183, #2129, #1818, #49 ) ) ;
#2756 = AXIS2_PLACEMENT_3D ( 'NONE', #2060, #2623, #2111 ) ;
#2757 = DIRECTION ( 'NONE',  ( 0.000000000000000000, 0.000000000000000000, -1.000000000000000000 ) ) ;
#2758 = VERTEX_POINT ( 'NONE', #2867 ) ;
#2759 = CARTESIAN_POINT ( 'NONE',  ( 432.0000000000000000, -18.00000000000000000, 20.00000000000001776 ) ) ;
#2760 = CARTESIAN_POINT ( 'NONE',  ( 15.90000000000000036, -700.0000000000000000, 316.0000000000000000 ) ) ;
#2761 = FACE_OUTER_BOUND ( 'NONE', #1847, .T. ) ;
#2762 = SECURITY_CLASSIFICATION ( '', '', #2010 ) ;
#2763 = ORIENTED_EDGE ( 'NONE', *, *, #1833, .F. ) ;
#2764 = EDGE_LOOP ( 'NONE', ( #453, #536, #527, #1139 ) ) ;
#2765 = EDGE_CURVE ( 'NONE', #944, #2446, #2830, .T. ) ;
#2766 = LINE ( 'NONE', #1996, #2567 ) ;
#2767 = CARTESIAN_POINT ( 'NONE',  ( 15.90000000000000036, -749.5000000000000000, 316.0000000000000000 ) ) ;
#2768 = FACE_OUTER_BOUND ( 'NONE', #297, .T. ) ;
#2769 = VECTOR ( 'NONE', #32, 1000.000000000000000 ) ;
#2770 = AXIS2_PLACEMENT_3D ( 'NONE', #2108, #2332, #2590 ) ;
#2771 = VECTOR ( 'NONE', #1866, 1000.000000000000000 ) ;
#2772 = CC_DESIGN_APPROVAL ( #1530, ( #2610 ) ) ;
#2773 = ORIENTED_EDGE ( 'NONE', *, *, #2615, .F. ) ;
#2774 = ORIENTED_EDGE ( 'NONE', *, *, #2659, .T. ) ;
#2775 = EDGE_CURVE ( 'NONE', #727, #2103, #20, .T. ) ;
#2776 = VERTEX_POINT ( 'NONE', #1146 ) ;
#2777 = ADVANCED_FACE ( 'NONE', ( #586 ), #1069, .T. ) ;
#2778 = EDGE_CURVE ( 'NONE', #1737, #7, #1935, .T. ) ;
#2779 = PERSON_AND_ORGANIZATION ( #891, #906 ) ;
#2780 = ORIENTED_EDGE ( 'NONE', *, *, #1236, .F. ) ;
#2781 = CALENDAR_DATE ( 2026, 5, 6 ) ;
#2782 = DIRECTION ( 'NONE',  ( 0.000000000000000000, 0.000000000000000000, 1.000000000000000000 ) ) ;
#2783 = CARTESIAN_POINT ( 'NONE',  ( 30.00000000000001421, -506.0000000000000000, 702.4027832905732112 ) ) ;
#2784 = ORIENTED_EDGE ( 'NONE', *, *, #1217, .T. ) ;
#2785 = ORIENTED_EDGE ( 'NONE', *, *, #53, .T. ) ;
#2786 = VECTOR ( 'NONE', #2631, 1000.000000000000000 ) ;
#2787 = DIRECTION ( 'NONE',  ( 1.288758049684149971E-16, 0.000000000000000000, -1.000000000000000000 ) ) ;
#2788 = AXIS2_PLACEMENT_3D ( 'NONE', #1376, #1642, #1896 ) ;
#2789 = CARTESIAN_POINT ( 'NONE',  ( 450.0000000000001137, -800.0000000000000000, 0.000000000000000000 ) ) ;
#2790 = VECTOR ( 'NONE', #1230, 1000.000000000000000 ) ;
#2791 = ORIENTED_EDGE ( 'NONE', *, *, #692, .F. ) ;
#2792 = DIRECTION ( 'NONE',  ( 0.000000000000000000, -1.000000000000000000, 0.000000000000000000 ) ) ;
#2793 = DIRECTION ( 'NONE',  ( 0.000000000000000000, 0.000000000000000000, -1.000000000000000000 ) ) ;
#2794 = EDGE_CURVE ( 'NONE', #636, #2450, #1322, .T. ) ;
#2795 = VECTOR ( 'NONE', #2085, 1000.000000000000000 ) ;
#2796 = VECTOR ( 'NONE', #2352, 1000.000000000000000 ) ;
#2797 = EDGE_CURVE ( 'NONE', #2241, #944, #1137, .T. ) ;
#2798 = CARTESIAN_POINT ( 'NONE',  ( 15.90000000000000036, -749.5000000000000000, 321.0500000000000114 ) ) ;
#2799 = AXIS2_PLACEMENT_3D ( 'NONE', #1175, #2311, #2554 ) ;
#2800 = DIRECTION ( 'NONE',  ( -1.000000000000000000, 0.000000000000000000, 0.000000000000000000 ) ) ;
#2801 = CARTESIAN_POINT ( 'NONE',  ( 0.000000000000000000, 0.000000000000000000, 300.0000000000000000 ) ) ;
#2802 = LINE ( 'NONE', #2894, #893 ) ;
#2803 = DIRECTION ( 'NONE',  ( -0.000000000000000000, 0.000000000000000000, 1.000000000000000000 ) ) ;
#2804 = CARTESIAN_POINT ( 'NONE',  ( 30.00000000000009592, -760.0000000000000000, 300.0000000000000000 ) ) ;
#2805 = EDGE_LOOP ( 'NONE', ( #949, #94, #464, #2978 ) ) ;
#2806 = AXIS2_PLACEMENT_3D ( 'NONE', #83, #1272, #777 ) ;
#2807 = ADVANCED_FACE ( 'NONE', ( #1219 ), #1483, .F. ) ;
#2808 = DIRECTION ( 'NONE',  ( -0.000000000000000000, 0.000000000000000000, -1.000000000000000000 ) ) ;
#2809 = ORIENTED_EDGE ( 'NONE', *, *, #2159, .F. ) ;
#2810 = CARTESIAN_POINT ( 'NONE',  ( 15.90000000000005720, 398.5000000000000000, 15.90000000000000036 ) ) ;
#2811 = PLANE ( 'NONE',  #1053 ) ;
#2812 = ORIENTED_EDGE ( 'NONE', *, *, #1110, .T. ) ;
#2813 = PLANE ( 'NONE',  #2852 ) ;
#2814 = COORDINATED_UNIVERSAL_TIME_OFFSET ( 8, 0, .AHEAD. ) ;
#2815 = EDGE_CURVE ( 'NONE', #2258, #1968, #1036, .T. ) ;
#2816 = VERTEX_POINT ( 'NONE', #1752 ) ;
#2817 = DIRECTION ( 'NONE',  ( -0.000000000000000000, -0.000000000000000000, 1.000000000000000000 ) ) ;
#2818 = CARTESIAN_POINT ( 'NONE',  ( 450.0000000000001137, -400.0000000000000000, 0.000000000000000000 ) ) ;
#2819 = PERSON ( '未指定', '未指定', '未指定', ('未指定'), ('未指定'), ('未指定') ) ;
#2820 = CALENDAR_DATE ( 2026, 5, 6 ) ;
#2821 = ORIENTED_EDGE ( 'NONE', *, *, #2681, .T. ) ;
#2822 = DIRECTION ( 'NONE',  ( -1.460819769243627131E-16, 1.000000000000000000, -0.000000000000000000 ) ) ;
#2823 = EDGE_CURVE ( 'NONE', #611, #499, #1852, .T. ) ;
#2824 = DATE_AND_TIME ( #2781, #1892 ) ;
#2825 = CARTESIAN_POINT ( 'NONE',  ( -5.000000000000000000, 0.000000000000000000, 0.000000000000000000 ) ) ;
#2826 = DIRECTION ( 'NONE',  ( -0.000000000000000000, -0.000000000000000000, -1.000000000000000000 ) ) ;
#2827 = DIRECTION ( 'NONE',  ( 2.065146995210486914E-16, 0.000000000000000000, 1.000000000000000000 ) ) ;
#2828 = ADVANCED_FACE ( 'NONE', ( #841, #584 ), #2439, .F. ) ;
#2829 = EDGE_LOOP ( 'NONE', ( #1937, #2854, #1644, #2261, #2701, #917 ) ) ;
#2830 = LINE ( 'NONE', #2361, #1224 ) ;
#2831 = CARTESIAN_POINT ( 'NONE',  ( 33.00000000000007816, 300.0000000000000000, -26.84171144931213604 ) ) ;
#2832 = ORIENTED_EDGE ( 'NONE', *, *, #325, .F. ) ;
#2833 = CARTESIAN_POINT ( 'NONE',  ( -295.1813204887218376, -557.8571428571428896, 153.6000000000000227 ) ) ;
#2834 = VECTOR ( 'NONE', #2221, 1000.000000000000000 ) ;
#2835 = CC_DESIGN_SECURITY_CLASSIFICATION ( #1015, ( #1246 ) ) ;
#2836 = CARTESIAN_POINT ( 'NONE',  ( 13.20000000000000462, -700.0000000000000000, 316.7999999999999545 ) ) ;
#2837 = LINE ( 'NONE', #2759, #886 ) ;
#2838 = CARTESIAN_POINT ( 'NONE',  ( 15.90000000000000036, -700.0000000000000000, 310.9499999999999886 ) ) ;
#2839 = CARTESIAN_POINT ( 'NONE',  ( 0.000000000000000000, 0.000000000000000000, 300.0000000000000000 ) ) ;
#2840 = FACE_OUTER_BOUND ( 'NONE', #2313, .T. ) ;
#2841 = CARTESIAN_POINT ( 'NONE',  ( 15.90000000000005720, 398.5000000000000000, 15.90000000000000036 ) ) ;
#2842 = DIRECTION ( 'NONE',  ( -1.232566680299310330E-16, 1.000000000000000000, 0.000000000000000000 ) ) ;
#2843 = EDGE_CURVE ( 'NONE', #1885, #2896, #378, .T. ) ;
#2844 = VECTOR ( 'NONE', #70, 1000.000000000000000 ) ;
#2845 = ADVANCED_FACE ( 'NONE', ( #163 ), #73, .T. ) ;
#2846 = CARTESIAN_POINT ( 'NONE',  ( -311.0813204887218717, 240.8928571428571388, -162.3999999999999773 ) ) ;
#2847 = CARTESIAN_POINT ( 'NONE',  ( 30.00000000000000355, -18.00000000000000000, 20.00000000000001776 ) ) ;
#2848 = ORIENTED_EDGE ( 'NONE', *, *, #2928, .T. ) ;
#2849 = DIRECTION ( 'NONE',  ( 0.000000000000000000, 0.000000000000000000, -1.000000000000000000 ) ) ;
#2850 = ORIENTED_EDGE ( 'NONE', *, *, #1044, .T. ) ;
#2851 = DESIGN_CONTEXT ( 'detailed design', #1914, 'design' ) ;
#2852 = AXIS2_PLACEMENT_3D ( 'NONE', #2577, #1951, #2871 ) ;
#2853 = ORIENTED_EDGE ( 'NONE', *, *, #869, .F. ) ;
#2854 = ORIENTED_EDGE ( 'NONE', *, *, #814, .T. ) ;
#2855 = DATE_AND_TIME ( #2207, #764 ) ;
#2856 = CARTESIAN_POINT ( 'NONE',  ( 9.797174393178825736E-14, -800.0000000000000000, 300.0000000000000000 ) ) ;
#2857 = DIRECTION ( 'NONE',  ( 0.000000000000000000, 0.000000000000000000, 1.000000000000000000 ) ) ;
#2858 = ORIENTED_EDGE ( 'NONE', *, *, #1925, .F. ) ;
#2859 = EDGE_CURVE ( 'NONE', #1605, #546, #1360, .T. ) ;
#2860 = CALENDAR_DATE ( 2026, 5, 6 ) ;
#2861 = VERTEX_POINT ( 'NONE', #1076 ) ;
#2862 = CARTESIAN_POINT ( 'NONE',  ( 30.00000000000001066, -100.0000000000000284, 316.7999999999999545 ) ) ;
#2863 =( NAMED_UNIT ( * ) SI_UNIT ( $, .STERADIAN. ) SOLID_ANGLE_UNIT ( ) );
#2864 = ORIENTED_EDGE ( 'NONE', *, *, #2724, .T. ) ;
#2865 = AXIS2_PLACEMENT_3D ( 'NONE', #1975, #1484, #282 ) ;
#2866 = PLANE ( 'NONE',  #2306 ) ;
#2867 = CARTESIAN_POINT ( 'NONE',  ( 7.961735002956730495E-14, -400.0000000000000000, 15.00000000000000000 ) ) ;
#2868 = VECTOR ( 'NONE', #1606, 1000.000000000000000 ) ;
#2869 = EDGE_LOOP ( 'NONE', ( #2072, #2225, #1385, #638, #1814 ) ) ;
#2870 = DIRECTION ( 'NONE',  ( 0.000000000000000000, 0.000000000000000000, -1.000000000000000000 ) ) ;
#2871 = DIRECTION ( 'NONE',  ( 1.387778780781445676E-16, -1.000000000000000000, 0.000000000000000000 ) ) ;
#2872 = FACE_OUTER_BOUND ( 'NONE', #2624, .T. ) ;
#2873 = ORIENTED_EDGE ( 'NONE', *, *, #2928, .F. ) ;
#2874 = AXIS2_PLACEMENT_3D ( 'NONE', #2637, #504, #2648 ) ;
#2875 = CARTESIAN_POINT ( 'NONE',  ( 432.0000000000000000, -18.00000000000000000, 2.000000000000000000 ) ) ;
#2876 = ORIENTED_EDGE ( 'NONE', *, *, #2994, .T. ) ;
#2877 = DIRECTION ( 'NONE',  ( 0.000000000000000000, -1.000000000000000000, 0.000000000000000000 ) ) ;
#2878 = DIRECTION ( 'NONE',  ( 1.232566680299310330E-16, -1.000000000000000000, 0.000000000000000000 ) ) ;
#2879 = VECTOR ( 'NONE', #2318, 1000.000000000000000 ) ;
#2880 = MECHANICAL_CONTEXT ( 'NONE', #2359, 'mechanical' ) ;
#2881 = VECTOR ( 'NONE', #1117, 1000.000000000000000 ) ;
#2882 = CC_DESIGN_APPROVAL ( #2719, ( #1725 ) ) ;
#2883 = CYLINDRICAL_SURFACE ( 'NONE', #2919, 6.500000000000005329 ) ;
#2884 = DIRECTION ( 'NONE',  ( -0.000000000000000000, -0.000000000000000000, -1.000000000000000000 ) ) ;
#2885 = LINE ( 'NONE', #2458, #3036 ) ;
#2886 = EDGE_CURVE ( 'NONE', #2657, #2606, #1969, .T. ) ;
#2887 = PLANE ( 'NONE',  #989 ) ;
#2888 = PLANE ( 'NONE',  #1932 ) ;
#2889 = CARTESIAN_POINT ( 'NONE',  ( 30.00000000000009237, -778.0000000000000000, 702.4027832905732112 ) ) ;
#2890 = FACE_OUTER_BOUND ( 'NONE', #1782, .T. ) ;
#2891 = EDGE_CURVE ( 'NONE', #1467, #1204, #1515, .T. ) ;
#2892 = PERSON_AND_ORGANIZATION_ROLE ( 'design_owner' ) ;
#2893 = ORIENTED_EDGE ( 'NONE', *, *, #999, .F. ) ;
#2894 = CARTESIAN_POINT ( 'NONE',  ( 450.0000000000001137, 400.0000000000000000, 30.00000000000000000 ) ) ;
#2895 = CARTESIAN_POINT ( 'NONE',  ( 7.961735002956730495E-14, 400.0000000000000000, 15.00000000000000000 ) ) ;
#2896 = VERTEX_POINT ( 'NONE', #1321 ) ;
#2897 = AXIS2_PLACEMENT_3D ( 'NONE', #1266, #298, #549 ) ;
#2898 = ORIENTED_EDGE ( 'NONE', *, *, #1059, .F. ) ;
#2899 = CARTESIAN_POINT ( 'NONE',  ( 0.000000000000000000, 0.000000000000000000, 300.0000000000000000 ) ) ;
#2900 = DIRECTION ( 'NONE',  ( -0.000000000000000000, -0.000000000000000000, -1.000000000000000000 ) ) ;
#2901 = APPROVAL_PERSON_ORGANIZATION ( #2779, #1037, #2983 ) ;
#2902 = LOCAL_TIME ( 8, 49, 33.00000000000000000, #2102 ) ;
#2903 = CARTESIAN_POINT ( 'NONE',  ( 15.90000000000005720, -398.5000000000000000, 15.90000000000000036 ) ) ;
#2904 = EDGE_CURVE ( 'NONE', #2309, #611, #2675, .T. ) ;
#2905 = ORIENTED_EDGE ( 'NONE', *, *, #2113, .F. ) ;
#2906 = PLANE ( 'NONE',  #296 ) ;
#2907 = VERTEX_POINT ( 'NONE', #2272 ) ;
#2908 = EDGE_CURVE ( 'NONE', #2452, #211, #2148, .T. ) ;
#2909 = LINE ( 'NONE', #1580, #2254 ) ;
#2910 = DIRECTION ( 'NONE',  ( 0.000000000000000000, 0.000000000000000000, -1.000000000000000000 ) ) ;
#2911 = EDGE_LOOP ( 'NONE', ( #2396, #3029, #2475, #587 ) ) ;
#2912 = APPLICATION_PROTOCOL_DEFINITION ( 'international standard', 'config_control_design', 1994, #983 ) ;
#2913 = CYLINDRICAL_SURFACE ( 'NONE', #333, 5.000000000000000888 ) ;
#2914 = ORIENTED_EDGE ( 'NONE', *, *, #475, .T. ) ;
#2915 = FACE_OUTER_BOUND ( 'NONE', #1332, .T. ) ;
#2916 = CARTESIAN_POINT ( 'NONE',  ( 15.00000000000007994, -299.9999999999999432, 0.000000000000000000 ) ) ;
#2917 = FACE_OUTER_BOUND ( 'NONE', #1988, .T. ) ;
#2918 = FACE_OUTER_BOUND ( 'NONE', #775, .T. ) ;
#2919 = AXIS2_PLACEMENT_3D ( 'NONE', #2275, #144, #2069 ) ;
#2920 = FACE_BOUND ( 'NONE', #227, .T. ) ;
#2921 = FACE_BOUND ( 'NONE', #642, .T. ) ;
#2922 = DATE_TIME_ROLE ( 'creation_date' ) ;
#2923 = LINE ( 'NONE', #259, #104 ) ;
#2924 = CC_DESIGN_SECURITY_CLASSIFICATION ( #2588, ( #3117 ) ) ;
#2925 = CARTESIAN_POINT ( 'NONE',  ( 22.00000000000000711, -100.0000000000000284, 316.7999999999999545 ) ) ;
#2926 = VECTOR ( 'NONE', #970, 1000.000000000000000 ) ;
#2927 = CIRCLE ( 'NONE', #1155, 5.000000000000000888 ) ;
#2928 = EDGE_CURVE ( 'NONE', #1310, #3093, #238, .T. ) ;
#2929 = ADVANCED_FACE ( 'NONE', ( #2722 ), #1618, .F. ) ;
#2930 = SHAPE_REPRESENTATION ( '吊柜15', ( #2788, #411, #2296, #2459, #602 ), #279 ) ;
#2931 = ORIENTED_EDGE ( 'NONE', *, *, #513, .T. ) ;
#2932 = DIRECTION ( 'NONE',  ( 0.000000000000000000, 0.000000000000000000, 1.000000000000000000 ) ) ;
#2933 = DIRECTION ( 'NONE',  ( 0.000000000000000000, 0.000000000000000000, 1.000000000000000000 ) ) ;
#2934 = VERTEX_POINT ( 'NONE', #2996 ) ;
#2935 = APPROVAL_STATUS ( 'not_yet_approved' ) ;
#2936 = ORIENTED_EDGE ( 'NONE', *, *, #2366, .T. ) ;
#2937 = DIRECTION ( 'NONE',  ( 1.000000000000000000, 0.000000000000000000, 0.000000000000000000 ) ) ;
#2938 = CARTESIAN_POINT ( 'NONE',  ( 15.90000000000005720, 300.0000000000000568, 20.90000000000000213 ) ) ;
#2939 = AXIS2_PLACEMENT_3D ( 'NONE', #127, #1985, #1717 ) ;
#2940 = ORIENTED_EDGE ( 'NONE', *, *, #2329, .F. ) ;
#2941 = APPROVAL_DATE_TIME ( #1093, #3103 ) ;
#2942 = CARTESIAN_POINT ( 'NONE',  ( 15.90000000000005720, -350.0000000000000000, 10.90000000000000036 ) ) ;
#2943 = DIRECTION ( 'NONE',  ( -1.224646799147353207E-16, 1.000000000000000000, 0.000000000000000000 ) ) ;
#2944 = EDGE_LOOP ( 'NONE', ( #510, #767, #1274, #2320 ) ) ;
#2945 = DIRECTION ( 'NONE',  ( 1.232566680299310330E-16, -1.000000000000000000, 0.000000000000000000 ) ) ;
#2946 = PRODUCT_DEFINITION ( '未知', '', #626, #1090 ) ;
#2947 = DATE_AND_TIME ( #454, #2037 ) ;
#2948 = ADVANCED_FACE ( 'NONE', ( #996 ), #735, .T. ) ;
#2949 = ORIENTED_EDGE ( 'NONE', *, *, #3011, .F. ) ;
#2950 = CARTESIAN_POINT ( 'NONE',  ( 30.00000000000009237, -778.0000000000000000, 20.00000000000000000 ) ) ;
#2951 = PERSON_AND_ORGANIZATION ( #2819, #1100 ) ;
#2952 = VERTEX_POINT ( 'NONE', #1776 ) ;
#2953 = CARTESIAN_POINT ( 'NONE',  ( 7.979727989493312634E-14, 300.0000000000000000, 27.00000000000000355 ) ) ;
#2954 = CIRCLE ( 'NONE', #640, 15.00000000000000000 ) ;
#2955 = EDGE_LOOP ( 'NONE', ( #868, #551 ) ) ;
#2956 = EDGE_CURVE ( 'NONE', #1089, #2657, #915, .T. ) ;
#2957 = DIRECTION ( 'NONE',  ( 1.460819769243627131E-16, -1.000000000000000000, 0.000000000000000000 ) ) ;
#2958 = DIRECTION ( 'NONE',  ( -0.000000000000000000, 1.000000000000000000, -0.000000000000000000 ) ) ;
#2959 = CIRCLE ( 'NONE', #2987, 5.049999999999998934 ) ;
#2960 = ORIENTED_EDGE ( 'NONE', *, *, #251, .T. ) ;
#2961 = ORIENTED_EDGE ( 'NONE', *, *, #2451, .F. ) ;
#2962 = LINE ( 'NONE', #1354, #2156 ) ;
#2963 = FACE_BOUND ( 'NONE', #830, .T. ) ;
#2964 = VECTOR ( 'NONE', #1813, 1000.000000000000000 ) ;
#2965 = FACE_OUTER_BOUND ( 'NONE', #1206, .T. ) ;
#2966 = ADVANCED_FACE ( 'NONE', ( #2408 ), #2486, .F. ) ;
#2967 = AXIS2_PLACEMENT_3D ( 'NONE', #1622, #1646, #190 ) ;
#2968 = LINE ( 'NONE', #3062, #71 ) ;
#2969 = CARTESIAN_POINT ( 'NONE',  ( 15.90000000000000036, -100.0000000000000284, 316.0000000000000000 ) ) ;
#2970 = DIRECTION ( 'NONE',  ( -1.000000000000000000, 0.000000000000000000, -0.000000000000000000 ) ) ;
#2971 = CARTESIAN_POINT ( 'NONE',  ( 15.90000000000005720, 398.5000000000000000, 9.399999999999995026 ) ) ;
#2972 = LINE ( 'NONE', #1159, #2050 ) ;
#2973 = PERSON_AND_ORGANIZATION_ROLE ( 'classification_officer' ) ;
#2974 = EDGE_CURVE ( 'NONE', #993, #1640, #2550, .T. ) ;
#2975 = FACE_OUTER_BOUND ( 'NONE', #2805, .T. ) ;
#2976 = EDGE_LOOP ( 'NONE', ( #2118, #980, #2710, #15 ) ) ;
#2977 = EDGE_CURVE ( 'NONE', #1476, #2309, #1290, .T. ) ;
#2978 = ORIENTED_EDGE ( 'NONE', *, *, #1378, .T. ) ;
#2979 = CARTESIAN_POINT ( 'NONE',  ( 30.00000000000000355, -18.00000000000000000, 300.0000000000000000 ) ) ;
#2980 = AXIS2_PLACEMENT_3D ( 'NONE', #1621, #2600, #1645 ) ;
#2981 = PERSON_AND_ORGANIZATION ( #699, #2065 ) ;
#2982 = ORIENTED_EDGE ( 'NONE', *, *, #577, .F. ) ;
#2983 = APPROVAL_ROLE ( '' ) ;
#2984 = APPROVAL_DATE_TIME ( #2098, #2719 ) ;
#2985 = VERTEX_POINT ( 'NONE', #3020 ) ;
#2986 = DIRECTION ( 'NONE',  ( -0.000000000000000000, 1.000000000000000000, -0.000000000000000000 ) ) ;
#2987 = AXIS2_PLACEMENT_3D ( 'NONE', #1727, #2208, #2269 ) ;
#2988 = COORDINATED_UNIVERSAL_TIME_OFFSET ( 8, 0, .AHEAD. ) ;
#2989 = ORIENTED_EDGE ( 'NONE', *, *, #559, .F. ) ;
#2990 = DIRECTION ( 'NONE',  ( 0.000000000000000000, -0.000000000000000000, 1.000000000000000000 ) ) ;
#2991 = EDGE_LOOP ( 'NONE', ( #300, #1916, #1245, #421 ) ) ;
#2992 = FACE_OUTER_BOUND ( 'NONE', #87, .T. ) ;
#2993 = ORIENTED_EDGE ( 'NONE', *, *, #2564, .T. ) ;
#2994 = EDGE_CURVE ( 'NONE', #727, #2048, #2325, .T. ) ;
#2995 = LINE ( 'NONE', #618, #3056 ) ;
#2996 = CARTESIAN_POINT ( 'NONE',  ( 13.20000000000000639, -50.50000000000002842, 324.7999999999999545 ) ) ;
#2997 = ORIENTED_EDGE ( 'NONE', *, *, #718, .T. ) ;
#2998 = LINE ( 'NONE', #2363, #2334 ) ;
#2999 = EDGE_CURVE ( 'NONE', #7, #942, #345, .T. ) ;
#3000 = LINE ( 'NONE', #1287, #3110 ) ;
#3001 = LINE ( 'NONE', #3111, #1712 ) ;
#3002 = AXIS2_PLACEMENT_3D ( 'NONE', #1220, #1208, #1452 ) ;
#3003 = FACE_OUTER_BOUND ( 'NONE', #2168, .T. ) ;
#3004 = APPROVAL ( #1682, '未指定' ) ;
#3005 = CARTESIAN_POINT ( 'NONE',  ( 30.00000000000000355, -50.50000000000002842, 300.0000000000000000 ) ) ;
#3006 = ORIENTED_EDGE ( 'NONE', *, *, #467, .T. ) ;
#3007 = ADVANCED_FACE ( 'NONE', ( #2638 ), #892, .F. ) ;
#3008 = EDGE_LOOP ( 'NONE', ( #1978, #954, #1940, #1355 ) ) ;
#3009 = DESIGN_CONTEXT ( 'detailed design', #2426, 'design' ) ;
#3010 = DIRECTION ( 'NONE',  ( 0.000000000000000000, 0.000000000000000000, -1.000000000000000000 ) ) ;
#3011 = EDGE_CURVE ( 'NONE', #1899, #2776, #201, .T. ) ;
#3012 = ORIENTED_EDGE ( 'NONE', *, *, #2891, .F. ) ;
#3013 = CARTESIAN_POINT ( 'NONE',  ( 432.0000000000000568, -524.0000000000000000, 300.0000000000000000 ) ) ;
#3014 = ORIENTED_EDGE ( 'NONE', *, *, #2815, .T. ) ;
#3015 = CARTESIAN_POINT ( 'NONE',  ( 15.90000000000005720, -400.0000000000000000, 9.399999999999995026 ) ) ;
#3016 = LOCAL_TIME ( 8, 49, 33.00000000000000000, #1167 ) ;
#3017 = ORIENTED_EDGE ( 'NONE', *, *, #1569, .F. ) ;
#3018 = COORDINATED_UNIVERSAL_TIME_OFFSET ( 8, 0, .AHEAD. ) ;
#3019 = ORIENTED_EDGE ( 'NONE', *, *, #887, .T. ) ;
#3020 = CARTESIAN_POINT ( 'NONE',  ( 450.0000000000001137, -799.9999999999998863, 279.9999999999999432 ) ) ;
#3021 = DIRECTION ( 'NONE',  ( -1.000000000000000000, 0.000000000000000000, 0.000000000000000000 ) ) ;
#3022 = ORIENTED_EDGE ( 'NONE', *, *, #2265, .F. ) ;
#3023 = DIRECTION ( 'NONE',  ( -0.000000000000000000, -0.000000000000000000, -1.000000000000000000 ) ) ;
#3024 = VECTOR ( 'NONE', #1343, 1000.000000000000000 ) ;
#3025 = DIRECTION ( 'NONE',  ( 1.232566680299310330E-16, -1.000000000000000000, 0.000000000000000000 ) ) ;
#3026 = VECTOR ( 'NONE', #1237, 1000.000000000000000 ) ;
#3027 = VERTEX_POINT ( 'NONE', #623 ) ;
#3028 = EDGE_CURVE ( 'NONE', #2725, #85, #2909, .T. ) ;
#3029 = ORIENTED_EDGE ( 'NONE', *, *, #130, .F. ) ;
#3030 = DIRECTION ( 'NONE',  ( -0.000000000000000000, 1.000000000000000000, -0.000000000000000000 ) ) ;
#3031 = LINE ( 'NONE', #3112, #1943 ) ;
#3032 = LINE ( 'NONE', #1098, #28 ) ;
#3033 = AXIS2_PLACEMENT_3D ( 'NONE', #790, #780, #1014 ) ;
#3034 = CARTESIAN_POINT ( 'NONE',  ( 15.00000000000007994, 350.0000000000000000, 0.000000000000000000 ) ) ;
#3035 = CARTESIAN_POINT ( 'NONE',  ( 15.00000000000007994, 300.0000000000000000, 15.00000000000000000 ) ) ;
#3036 = VECTOR ( 'NONE', #2002, 1000.000000000000000 ) ;
#3037 = ADVANCED_FACE ( 'NONE', ( #770, #2992 ), #1860, .F. ) ;
#3038 = DIRECTION ( 'NONE',  ( -1.387778780781445676E-16, 1.000000000000000000, -0.000000000000000000 ) ) ;
#3039 = VECTOR ( 'NONE', #703, 1000.000000000000000 ) ;
#3040 = PLANE ( 'NONE',  #2058 ) ;
#3041 = APPROVAL ( #2436, '未指定' ) ;
#3042 = ORIENTED_EDGE ( 'NONE', *, *, #1078, .T. ) ;
#3043 = DIRECTION ( 'NONE',  ( -1.000000000000000000, -0.000000000000000000, -0.000000000000000000 ) ) ;
#3044 = ORIENTED_EDGE ( 'NONE', *, *, #981, .F. ) ;
#3045 = EDGE_CURVE ( 'NONE', #2258, #3080, #2181, .T. ) ;
#3046 = ORIENTED_EDGE ( 'NONE', *, *, #894, .F. ) ;
#3047 = EDGE_CURVE ( 'NONE', #1899, #1120, #1551, .T. ) ;
#3048 = PERSON_AND_ORGANIZATION ( #2819, #1100 ) ;
#3049 = DIRECTION ( 'NONE',  ( 0.000000000000000000, -0.000000000000000000, -1.000000000000000000 ) ) ;
#3050 = VERTEX_POINT ( 'NONE', #1827 ) ;
#3051 = CARTESIAN_POINT ( 'NONE',  ( 15.00000000000007994, -350.0000000000000000, 0.000000000000000000 ) ) ;
#3052 = ORIENTED_EDGE ( 'NONE', *, *, #2248, .T. ) ;
#3053 = VECTOR ( 'NONE', #1807, 1000.000000000000000 ) ;
#3054 = ORIENTED_EDGE ( 'NONE', *, *, #2504, .T. ) ;
#3055 = AXIS2_PLACEMENT_3D ( 'NONE', #3106, #688, #930 ) ;
#3056 = VECTOR ( 'NONE', #1108, 1000.000000000000000 ) ;
#3057 = ORIENTED_EDGE ( 'NONE', *, *, #2026, .F. ) ;
#3058 = CARTESIAN_POINT ( 'NONE',  ( 22.00000000000000711, -700.0000000000000000, 324.7999999999999545 ) ) ;
#3059 = DIRECTION ( 'NONE',  ( -0.000000000000000000, 1.000000000000000000, -0.000000000000000000 ) ) ;
#3060 = FACE_OUTER_BOUND ( 'NONE', #1763, .T. ) ;
#3061 = CYLINDRICAL_SURFACE ( 'NONE', #1135, 5.000000000000000888 ) ;
#3062 = CARTESIAN_POINT ( 'NONE',  ( 432.0000000000001137, -760.0000000000000000, 702.4027832905732112 ) ) ;
#3063 = DIRECTION ( 'NONE',  ( 0.000000000000000000, -1.000000000000000000, 0.000000000000000000 ) ) ;
#3064 = EDGE_CURVE ( 'NONE', #680, #2606, #1034, .T. ) ;
#3065 = DIRECTION ( 'NONE',  ( 0.000000000000000000, 0.000000000000000000, 1.000000000000000000 ) ) ;
#3066 = VECTOR ( 'NONE', #719, 1000.000000000000000 ) ;
#3067 = DIRECTION ( 'NONE',  ( -0.000000000000000000, -1.000000000000000000, -0.000000000000000000 ) ) ;
#3068 = CARTESIAN_POINT ( 'NONE',  ( 33.00000000000007105, 350.0000000000000000, 27.00000000000000711 ) ) ;
#3069 = AXIS2_PLACEMENT_3D ( 'NONE', #2301, #2539, #2793 ) ;
#3070 = FACE_BOUND ( 'NONE', #1307, .T. ) ;
#3071 = CARTESIAN_POINT ( 'NONE',  ( 432.0000000000001137, -778.0000000000000000, 300.0000000000000000 ) ) ;
#3072 = CARTESIAN_POINT ( 'NONE',  ( 15.90000000000005720, 398.5000000000000000, 15.90000000000000036 ) ) ;
#3073 = CARTESIAN_POINT ( 'NONE',  ( 9.797174393178825736E-14, -800.0000000000000000, 279.9999999999999432 ) ) ;
#3074 = CARTESIAN_POINT ( 'NONE',  ( 0.000000000000000000, 0.000000000000000000, -1.500000000000000000 ) ) ;
#3075 = ORIENTED_EDGE ( 'NONE', *, *, #12, .F. ) ;
#3076 =( GEOMETRIC_REPRESENTATION_CONTEXT ( 3 ) GLOBAL_UNCERTAINTY_ASSIGNED_CONTEXT ( ( #933 ) ) GLOBAL_UNIT_ASSIGNED_CONTEXT ( ( #1103, #2346, #3077 ) ) REPRESENTATION_CONTEXT ( 'NONE', 'WORKASPACE' ) );
#3077 =( NAMED_UNIT ( * ) SI_UNIT ( $, .STERADIAN. ) SOLID_ANGLE_UNIT ( ) );
#3078 = ORIENTED_EDGE ( 'NONE', *, *, #1862, .T. ) ;
#3079 = CARTESIAN_POINT ( 'NONE',  ( 30.00000000000009592, -778.0000000000000000, 2.000000000000000000 ) ) ;
#3080 = VERTEX_POINT ( 'NONE', #169 ) ;
#3081 = CARTESIAN_POINT ( 'NONE',  ( 432.0000000000000568, -271.0000000000000000, 300.0000000000000000 ) ) ;
#3082 = DIRECTION ( 'NONE',  ( 0.000000000000000000, -0.000000000000000000, -1.000000000000000000 ) ) ;
#3083 = APPROVAL_DATE_TIME ( #335, #1071 ) ;
#3084 = EDGE_CURVE ( 'NONE', #1122, #58, #1445, .T. ) ;
#3085 = VERTEX_POINT ( 'NONE', #1132 ) ;
#3086 = DIRECTION ( 'NONE',  ( 0.000000000000000000, -1.000000000000000000, 0.000000000000000000 ) ) ;
#3087 = DIRECTION ( 'NONE',  ( 0.000000000000000000, -0.000000000000000000, 1.000000000000000000 ) ) ;
#3088 = CALENDAR_DATE ( 2026, 5, 6 ) ;
#3089 = ORIENTED_EDGE ( 'NONE', *, *, #2794, .F. ) ;
#3090 = CARTESIAN_POINT ( 'NONE',  ( -297.7500525493147165, -159.3571428571428896, 131.2612082779554612 ) ) ;
#3091 = PERSON_AND_ORGANIZATION ( #2819, #1100 ) ;
#3092 = PLANE ( 'NONE',  #2980 ) ;
#3093 = VERTEX_POINT ( 'NONE', #2798 ) ;
#3094 = DIRECTION ( 'NONE',  ( 0.000000000000000000, 0.000000000000000000, 1.000000000000000000 ) ) ;
#3095 = CARTESIAN_POINT ( 'NONE',  ( 432.0000000000001137, -778.0000000000000000, 300.0000000000000000 ) ) ;
#3096 = ORIENTED_EDGE ( 'NONE', *, *, #2071, .F. ) ;
#3097 = VECTOR ( 'NONE', #1878, 1000.000000000000000 ) ;
#3098 = CARTESIAN_POINT ( 'NONE',  ( 432.0000000000001137, -760.0000000000000000, 20.00000000000000000 ) ) ;
#3099 = DIRECTION ( 'NONE',  ( 0.000000000000000000, 0.000000000000000000, 1.000000000000000000 ) ) ;
#3100 = ORIENTED_EDGE ( 'NONE', *, *, #2823, .T. ) ;
#3101 = DIRECTION ( 'NONE',  ( 0.000000000000000000, 0.000000000000000000, 1.000000000000000000 ) ) ;
#3102 = VECTOR ( 'NONE', #2464, 1000.000000000000000 ) ;
#3103 = APPROVAL ( #301, '未指定' ) ;
#3104 = ORIENTED_EDGE ( 'NONE', *, *, #399, .T. ) ;
#3105 = CARTESIAN_POINT ( 'NONE',  ( 0.000000000000000000, 0.000000000000000000, 0.000000000000000000 ) ) ;
#3106 = CARTESIAN_POINT ( 'NONE',  ( 15.90000000000000036, -749.5000000000000000, 316.0000000000000000 ) ) ;
#3107 = ORIENTED_EDGE ( 'NONE', *, *, #1330, .T. ) ;
#3108 = CIRCLE ( 'NONE', #2770, 6.500000000000005329 ) ;
#3109 = CARTESIAN_POINT ( 'NONE',  ( 450.0000000000001137, -800.0000000000000000, 300.0000000000000000 ) ) ;
#3110 = VECTOR ( 'NONE', #2730, 1000.000000000000000 ) ;
#3111 = CARTESIAN_POINT ( 'NONE',  ( 450.0000000000001137, 400.0000000000000000, 30.00000000000000000 ) ) ;
#3112 = CARTESIAN_POINT ( 'NONE',  ( 30.00000000000000355, -100.0000000000000284, 300.0000000000000000 ) ) ;
#3113 = EDGE_CURVE ( 'NONE', #689, #920, #541, .T. ) ;
#3114 = VECTOR ( 'NONE', #443, 1000.000000000000000 ) ;
#3115 = ADVANCED_FACE ( 'NONE', ( #2251 ), #1835, .F. ) ;
#3116 = NEXT_ASSEMBLY_USAGE_OCCURRENCE ( 'NAUO1', ' ', ' ', #1285, #2946, $ ) ;
#3117 = NEXT_ASSEMBLY_USAGE_OCCURRENCE ( 'NAUO2', ' ', ' ', #1285, #1546, $ ) ;
#3118 = NEXT_ASSEMBLY_USAGE_OCCURRENCE ( 'NAUO3', ' ', ' ', #1285, #143, $ ) ;
#3119 = NEXT_ASSEMBLY_USAGE_OCCURRENCE ( 'NAUO4', ' ', ' ', #1285, #143, $ ) ;
ENDSEC;
END-ISO-10303-21;
