ISO-10303-21;
HEADER;
FILE_DESCRIPTION (( 'STEP AP203' ),
    '1' );
FILE_NAME ('吊柜18.STEP',
    '2026-06-05T01:09:43',
    ( 'Windows 用户' ),
    ( 'Microsoft' ),
    'SwSTEP 2.0',
    'SolidWorks 2018',
    '' );
FILE_SCHEMA (( 'CONFIG_CONTROL_DESIGN' ));
ENDSEC;

DATA;
#1 = ADVANCED_BREP_SHAPE_REPRESENTATION ( '', ( #1585, #779 ), #1381 ) ;
#2 = DIRECTION ( 'NONE',  ( -3.039434435553859299E-16, 1.000000000000000000, 0.000000000000000000 ) ) ;
#3 = CARTESIAN_POINT ( 'NONE',  ( 0.000000000000000000, 0.000000000000000000, 0.000000000000000000 ) ) ;
#4 = EDGE_LOOP ( 'NONE', ( #1906, #4058, #3619, #1887 ) ) ;
#5 = EDGE_CURVE ( 'NONE', #3345, #3235, #2088, .T. ) ;
#6 = APPROVAL_PERSON_ORGANIZATION ( #2199, #1059, #1876 ) ;
#7 = PLANE ( 'NONE',  #3636 ) ;
#8 = DIRECTION ( 'NONE',  ( -1.000000000000000000, -0.000000000000000000, -0.000000000000000000 ) ) ;
#9 = CARTESIAN_POINT ( 'NONE',  ( 449.0000000000001137, -355.0000000000000000, 0.000000000000000000 ) ) ;
#10 = DIRECTION ( 'NONE',  ( -0.000000000000000000, 1.000000000000000000, -0.000000000000000000 ) ) ;
#11 = APPROVAL_DATE_TIME ( #3419, #2466 ) ;
#12 = APPROVAL ( #22, '未指定' ) ;
#13 = LOCAL_TIME ( 9, 9, 43.00000000000000000, #3025 ) ;
#14 = LINE ( 'NONE', #3542, #1408 ) ;
#15 = EDGE_CURVE ( 'NONE', #4121, #2087, #1971, .T. ) ;
#16 = VERTEX_POINT ( 'NONE', #2993 ) ;
#17 = CC_DESIGN_APPROVAL ( #487, ( #4655 ) ) ;
#18 = FACE_BOUND ( 'NONE', #2786, .T. ) ;
#19 = DATE_AND_TIME ( #3643, #2340 ) ;
#20 = VECTOR ( 'NONE', #4346, 1000.000000000000000 ) ;
#21 = CARTESIAN_POINT ( 'NONE',  ( -4.000000000000017764, 0.000000000000000000, 120.0000000000000000 ) ) ;
#22 = APPROVAL_STATUS ( 'not_yet_approved' ) ;
#23 = CIRCLE ( 'NONE', #2300, 5.000000000000000888 ) ;
#24 = DIRECTION ( 'NONE',  ( -0.000000000000000000, -1.000000000000000000, -0.000000000000000000 ) ) ;
#25 = COORDINATED_UNIVERSAL_TIME_OFFSET ( 8, 0, .AHEAD. ) ;
#26 = ADVANCED_FACE ( 'NONE', ( #1012 ), #371, .F. ) ;
#27 = EDGE_CURVE ( 'NONE', #474, #2068, #3816, .T. ) ;
#28 = EDGE_CURVE ( 'NONE', #1981, #2974, #667, .T. ) ;
#29 = ORIENTED_EDGE ( 'NONE', *, *, #4015, .F. ) ;
#30 = LINE ( 'NONE', #1555, #3600 ) ;
#31 = CARTESIAN_POINT ( 'NONE',  ( 6.450000000000001066, 0.000000000000000000, 0.000000000000000000 ) ) ;
#32 = VECTOR ( 'NONE', #3652, 1000.000000000000000 ) ;
#33 = CARTESIAN_POINT ( 'NONE',  ( -6.450000000000001066, 7.898971854500429678E-16, -1.500000000000000000 ) ) ;
#34 = CARTESIAN_POINT ( 'NONE',  ( 15.90000000000005720, -270.0000000000000000, 15.90000000000000036 ) ) ;
#35 = ORIENTED_EDGE ( 'NONE', *, *, #925, .F. ) ;
#36 = AXIS2_PLACEMENT_3D ( 'NONE', #2380, #886, #3115 ) ;
#37 = FACE_OUTER_BOUND ( 'NONE', #1646, .T. ) ;
#38 = AXIS2_PLACEMENT_3D ( 'NONE', #1344, #3191, #3949 ) ;
#39 = DIRECTION ( 'NONE',  ( 0.000000000000000000, 0.000000000000000000, 1.000000000000000000 ) ) ;
#40 = PERSON_AND_ORGANIZATION_ROLE ( 'creator' ) ;
#41 = CARTESIAN_POINT ( 'NONE',  ( 449.0000000000001137, 355.0000000000000000, 30.00000000000000000 ) ) ;
#42 = VERTEX_POINT ( 'NONE', #2965 ) ;
#43 = VECTOR ( 'NONE', #1038, 1000.000000000000000 ) ;
#44 = LINE ( 'NONE', #2442, #2004 ) ;
#45 = LINE ( 'NONE', #1513, #3854 ) ;
#46 = DIRECTION ( 'NONE',  ( -1.000000000000000000, 0.000000000000000000, -0.000000000000000000 ) ) ;
#47 = EDGE_CURVE ( 'NONE', #2087, #4636, #2325, .T. ) ;
#48 = CC_DESIGN_PERSON_AND_ORGANIZATION_ASSIGNMENT ( #4287, #126, ( #3942 ) ) ;
#49 = ADVANCED_FACE ( 'NONE', ( #3932 ), #1490, .T. ) ;
#50 = FACE_OUTER_BOUND ( 'NONE', #2838, .T. ) ;
#51 = ORIENTED_EDGE ( 'NONE', *, *, #3490, .F. ) ;
#52 = ORIENTED_EDGE ( 'NONE', *, *, #3566, .T. ) ;
#53 = VERTEX_POINT ( 'NONE', #4734 ) ;
#54 = PERSON_AND_ORGANIZATION_ROLE ( 'design_supplier' ) ;
#55 = DIRECTION ( 'NONE',  ( -1.000000000000000000, 0.000000000000000000, -0.000000000000000000 ) ) ;
#56 = DIRECTION ( 'NONE',  ( 0.000000000000000000, 0.000000000000000000, -1.000000000000000000 ) ) ;
#57 = ORIENTED_EDGE ( 'NONE', *, *, #1176, .F. ) ;
#58 = ORGANIZATION ( 'NAUO-ORG4', 'UNSPECIFIED', 'UNSPECIFIED' ) ;
#59 = DIRECTION ( 'NONE',  ( -1.000000000000000000, -0.000000000000000000, -1.137523590804461357E-16 ) ) ;
#60 = EDGE_CURVE ( 'NONE', #3376, #764, #1355, .T. ) ;
#61 = AXIS2_PLACEMENT_3D ( 'NONE', #4497, #169, #3440 ) ;
#62 = CARTESIAN_POINT ( 'NONE',  ( 0.000000000000000000, 0.000000000000000000, 0.000000000000000000 ) ) ;
#63 = PERSON_AND_ORGANIZATION ( #3556, #3381 ) ;
#64 = LINE ( 'NONE', #4331, #4687 ) ;
#65 = CARTESIAN_POINT ( 'NONE',  ( 15.90000000000005720, -219.9999999999999716, 20.90000000000000213 ) ) ;
#66 = CARTESIAN_POINT ( 'NONE',  ( 0.000000000000000000, 0.000000000000000000, 120.0000000000000000 ) ) ;
#67 = DIRECTION ( 'NONE',  ( -2.612425579928799129E-16, 1.000000000000000000, -0.000000000000000000 ) ) ;
#68 = APPLICATION_CONTEXT ( 'configuration controlled 3d designs of mechanical parts and assemblies' ) ;
#69 = EDGE_LOOP ( 'NONE', ( #3058, #1318, #1227, #4192, #659, #237, #3726, #1759 ) ) ;
#70 = DIRECTION ( 'NONE',  ( -1.288758049684149971E-16, 0.000000000000000000, 1.000000000000000000 ) ) ;
#71 = EDGE_CURVE ( 'NONE', #3502, #4578, #2609, .T. ) ;
#72 = PRODUCT_DEFINITION ( '未知', '', #3970, #1867 ) ;
#73 = DIRECTION ( 'NONE',  ( 0.000000000000000000, 0.000000000000000000, -1.000000000000000000 ) ) ;
#74 = ORIENTED_EDGE ( 'NONE', *, *, #1649, .T. ) ;
#75 = VECTOR ( 'NONE', #441, 1000.000000000000000 ) ;
#76 = APPROVAL_ROLE ( '' ) ;
#77 = CARTESIAN_POINT ( 'NONE',  ( 202.0000000000000853, -361.9999999999998863, 300.0000000000000568 ) ) ;
#78 = ORIENTED_EDGE ( 'NONE', *, *, #3828, .F. ) ;
#79 = CARTESIAN_POINT ( 'NONE',  ( 5.200000000000002842, -65.49999999999995737, 300.0000000000000000 ) ) ;
#80 = DIRECTION ( 'NONE',  ( 0.000000000000000000, 0.000000000000000000, -1.000000000000000000 ) ) ;
#81 = CARTESIAN_POINT ( 'NONE',  ( 884.1000000000000227, -65.49999999999984368, 316.0000000000000000 ) ) ;
#82 = ORIENTED_EDGE ( 'NONE', *, *, #1431, .T. ) ;
#83 = DIRECTION ( 'NONE',  ( 0.000000000000000000, 0.000000000000000000, 1.000000000000000000 ) ) ;
#84 = DIRECTION ( 'NONE',  ( 2.612425579928799129E-16, -1.000000000000000000, 0.000000000000000000 ) ) ;
#85 = APPLICATION_PROTOCOL_DEFINITION ( 'international standard', 'config_control_design', 1994, #2913 ) ;
#86 = CARTESIAN_POINT ( 'NONE',  ( 15.90000000000000036, -575.0000000000000000, 310.9499999999999886 ) ) ;
#87 = ORIENTED_EDGE ( 'NONE', *, *, #3801, .T. ) ;
#88 = DIRECTION ( 'NONE',  ( 1.000000000000000000, 0.000000000000000000, 0.000000000000000000 ) ) ;
#89 = ORIENTED_EDGE ( 'NONE', *, *, #3729, .F. ) ;
#90 = LINE ( 'NONE', #367, #1713 ) ;
#91 = ORIENTED_EDGE ( 'NONE', *, *, #688, .F. ) ;
#92 = ADVANCED_FACE ( 'NONE', ( #3134 ), #2527, .T. ) ;
#93 = CIRCLE ( 'NONE', #4732, 5.049999999999998934 ) ;
#94 = ORIENTED_EDGE ( 'NONE', *, *, #28, .F. ) ;
#95 = EDGE_CURVE ( 'NONE', #4305, #890, #45, .T. ) ;
#96 = DIRECTION ( 'NONE',  ( 2.065146995210486914E-16, 0.000000000000000000, 1.000000000000000000 ) ) ;
#97 = VECTOR ( 'NONE', #1130, 1000.000000000000000 ) ;
#98 = LINE ( 'NONE', #3918, #2942 ) ;
#99 = CARTESIAN_POINT ( 'NONE',  ( 202.0000000000000568, -18.00000000000000000, 20.00000000000001776 ) ) ;
#100 = EDGE_CURVE ( 'NONE', #2193, #743, #591, .T. ) ;
#101 = VECTOR ( 'NONE', #4741, 1000.000000000000000 ) ;
#102 =( GEOMETRIC_REPRESENTATION_CONTEXT ( 3 ) GLOBAL_UNCERTAINTY_ASSIGNED_CONTEXT ( ( #4448 ) ) GLOBAL_UNIT_ASSIGNED_CONTEXT ( ( #774, #3925, #1727 ) ) REPRESENTATION_CONTEXT ( 'NONE', 'WORKASPACE' ) );
#103 = DIRECTION ( 'NONE',  ( 0.000000000000000000, 0.000000000000000000, 1.000000000000000000 ) ) ;
#104 = DIRECTION ( 'NONE',  ( 0.000000000000000000, -0.000000000000000000, -1.000000000000000000 ) ) ;
#105 = LINE ( 'NONE', #1552, #4194 ) ;
#106 = ORIENTED_EDGE ( 'NONE', *, *, #2417, .T. ) ;
#107 = CARTESIAN_POINT ( 'NONE',  ( 30.00000000000001066, -65.49999999999995737, 316.7999999999999545 ) ) ;
#108 = LINE ( 'NONE', #3769, #3621 ) ;
#109 = EDGE_CURVE ( 'NONE', #593, #2073, #4200, .T. ) ;
#110 = ORIENTED_EDGE ( 'NONE', *, *, #1294, .F. ) ;
#111 = CARTESIAN_POINT ( 'NONE',  ( 5.200000000000006395, -624.5000000000000000, 316.7999999999999545 ) ) ;
#112 = ORIENTED_EDGE ( 'NONE', *, *, #2342, .T. ) ;
#113 = PLANE ( 'NONE',  #4373 ) ;
#114 = CARTESIAN_POINT ( 'NONE',  ( 15.90000000000005720, -355.0000000000000000, 22.40000000000000568 ) ) ;
#115 = ORIENTED_EDGE ( 'NONE', *, *, #2698, .T. ) ;
#116 = ORIENTED_EDGE ( 'NONE', *, *, #123, .F. ) ;
#117 = CARTESIAN_POINT ( 'NONE',  ( -28.00000000000005684, 270.0000000000000568, 27.00000000000000000 ) ) ;
#118 = APPROVAL_PERSON_ORGANIZATION ( #1127, #1215, #1635 ) ;
#119 = CARTESIAN_POINT ( 'NONE',  ( 33.00000000000007816, 270.0000000000000568, -26.84171144931213604 ) ) ;
#120 = PLANE ( 'NONE',  #4251 ) ;
#121 = CONTEXT_DEPENDENT_SHAPE_REPRESENTATION ( #3221, #1579 ) ;
#122 = APPLICATION_CONTEXT ( 'configuration controlled 3d designs of mechanical parts and assemblies' ) ;
#123 = EDGE_CURVE ( 'NONE', #4744, #1818, #4665, .T. ) ;
#124 = DIRECTION ( 'NONE',  ( 0.000000000000000000, -0.000000000000000000, -1.000000000000000000 ) ) ;
#125 = CALENDAR_DATE ( 2026, 5, 6 ) ;
#126 = PERSON_AND_ORGANIZATION_ROLE ( 'design_supplier' ) ;
#127 = DIRECTION ( 'NONE',  ( 2.612425579928799129E-16, -1.000000000000000000, -0.000000000000000000 ) ) ;
#128 = DATE_AND_TIME ( #4228, #2154 ) ;
#129 = EDGE_CURVE ( 'NONE', #2692, #2821, #4549, .T. ) ;
#130 = CIRCLE ( 'NONE', #4753, 5.000000000000000888 ) ;
#131 = AXIS2_PLACEMENT_3D ( 'NONE', #3746, #24, #4426 ) ;
#132 = AXIS2_PLACEMENT_3D ( 'NONE', #3060, #1589, #73 ) ;
#133 = EDGE_LOOP ( 'NONE', ( #3256, #2083, #1821, #2273 ) ) ;
#134 = CARTESIAN_POINT ( 'NONE',  ( 680.0000000000000000, -18.00000000000000000, 20.00000000000001776 ) ) ;
#135 = DIRECTION ( 'NONE',  ( 0.000000000000000000, 0.000000000000000000, 1.000000000000000000 ) ) ;
#136 = EDGE_CURVE ( 'NONE', #4322, #1194, #2005, .T. ) ;
#137 = VERTEX_POINT ( 'NONE', #2906 ) ;
#138 = ORIENTED_EDGE ( 'NONE', *, *, #1204, .F. ) ;
#139 = ADVANCED_FACE ( 'NONE', ( #1389 ), #2179, .T. ) ;
#140 = CC_DESIGN_PERSON_AND_ORGANIZATION_ASSIGNMENT ( #3022, #3787, ( #2714 ) ) ;
#141 = APPROVAL_PERSON_ORGANIZATION ( #4420, #12, #426 ) ;
#142 = CARTESIAN_POINT ( 'NONE',  ( 15.00000000000008527, 355.0000000000000000, 0.000000000000000000 ) ) ;
#143 = VERTEX_POINT ( 'NONE', #3603 ) ;
#144 = CARTESIAN_POINT ( 'NONE',  ( 30.00000000000008171, -667.9999999999998863, 300.0000000000000000 ) ) ;
#145 = ADVANCED_FACE ( 'NONE', ( #932, #3217 ), #1060, .F. ) ;
#146 = EDGE_CURVE ( 'NONE', #2504, #1194, #761, .T. ) ;
#147 = LOCAL_TIME ( 9, 9, 43.00000000000000000, #25 ) ;
#148 = CARTESIAN_POINT ( 'NONE',  ( 0.000000000000000000, 0.000000000000000000, 300.0000000000000000 ) ) ;
#149 = VECTOR ( 'NONE', #2805, 1000.000000000000000 ) ;
#150 = DIRECTION ( 'NONE',  ( 0.000000000000000000, 0.000000000000000000, -1.000000000000000000 ) ) ;
#151 = ORIENTED_EDGE ( 'NONE', *, *, #2100, .T. ) ;
#152 = CIRCLE ( 'NONE', #1466, 15.00000000000000000 ) ;
#153 = FACE_OUTER_BOUND ( 'NONE', #3192, .T. ) ;
#154 = DIRECTION ( 'NONE',  ( 2.612425579928799129E-16, -1.000000000000000000, 0.000000000000000000 ) ) ;
#155 = ORIENTED_EDGE ( 'NONE', *, *, #3820, .T. ) ;
#156 = LINE ( 'NONE', #738, #2526 ) ;
#157 = DIRECTION ( 'NONE',  ( 0.000000000000000000, 0.000000000000000000, 1.000000000000000000 ) ) ;
#158 = LINE ( 'NONE', #33, #1169 ) ;
#159 = PERSON ( 'NAUO-PER4', 'UNSPECIFIED', 'UNSPECIFIED', ('UNSPECIFIED'), ('UNSPECIFIED'), ('UNSPECIFIED') ) ;
#160 = DIRECTION ( 'NONE',  ( -0.000000000000000000, -0.000000000000000000, 1.000000000000000000 ) ) ;
#161 = VERTEX_POINT ( 'NONE', #2145 ) ;
#162 = LINE ( 'NONE', #3143, #2009 ) ;
#163 = LINE ( 'NONE', #2403, #1780 ) ;
#164 = EDGE_CURVE ( 'NONE', #1274, #4523, #2480, .T. ) ;
#165 = ADVANCED_FACE ( 'NONE', ( #1886 ), #1041, .F. ) ;
#166 = AXIS2_PLACEMENT_3D ( 'NONE', #2435, #1725, #632 ) ;
#167 = CC_DESIGN_PERSON_AND_ORGANIZATION_ASSIGNMENT ( #2618, #40, ( #3618 ) ) ;
#168 = CARTESIAN_POINT ( 'NONE',  ( 8.572527594031471730E-14, 355.0000000000000000, 30.00000000000000000 ) ) ;
#169 = DIRECTION ( 'NONE',  ( -1.000000000000000000, 4.270088556250604164E-17, 0.000000000000000000 ) ) ;
#170 = LINE ( 'NONE', #442, #2897 ) ;
#171 = DIRECTION ( 'NONE',  ( 0.000000000000000000, 0.000000000000000000, 1.000000000000000000 ) ) ;
#172 = DIRECTION ( 'NONE',  ( -0.000000000000000000, -0.000000000000000000, 1.000000000000000000 ) ) ;
#173 = EDGE_LOOP ( 'NONE', ( #1007, #1458, #422, #727 ) ) ;
#174 = EDGE_CURVE ( 'NONE', #4106, #764, #647, .T. ) ;
#175 = AXIS2_PLACEMENT_3D ( 'NONE', #4545, #2684, #2548 ) ;
#176 = PLANE ( 'NONE',  #3289 ) ;
#177 = ORIENTED_EDGE ( 'NONE', *, *, #795, .T. ) ;
#178 = CARTESIAN_POINT ( 'NONE',  ( 870.0000000000000000, -18.00000000000000000, 20.00000000000001776 ) ) ;
#179 = DIRECTION ( 'NONE',  ( 0.000000000000000000, 0.000000000000000000, 1.000000000000000000 ) ) ;
#180 = APPROVAL_PERSON_ORGANIZATION ( #4626, #487, #572 ) ;
#181 = CARTESIAN_POINT ( 'NONE',  ( 33.00000000000007105, 290.0000000000000568, 27.00000000000000711 ) ) ;
#182 = DIRECTION ( 'NONE',  ( 1.000000000000000000, 1.227650459922048666E-16, -0.000000000000000000 ) ) ;
#183 = COORDINATED_UNIVERSAL_TIME_OFFSET ( 8, 0, .AHEAD. ) ;
#184 = EDGE_CURVE ( 'NONE', #53, #1756, #2837, .T. ) ;
#185 = ORIENTED_EDGE ( 'NONE', *, *, #4059, .T. ) ;
#186 = CARTESIAN_POINT ( 'NONE',  ( 30.00000000000002132, -343.9999999999999432, 20.00000000000000000 ) ) ;
#187 = ADVANCED_FACE ( 'NONE', ( #4765, #2241 ), #417, .F. ) ;
#188 = PLANE ( 'NONE',  #3435 ) ;
#189 = DIRECTION ( 'NONE',  ( -1.288758049684149971E-16, 0.000000000000000000, 1.000000000000000000 ) ) ;
#190 = VERTEX_POINT ( 'NONE', #359 ) ;
#191 = CARTESIAN_POINT ( 'NONE',  ( 680.0000000000001137, -690.0000000000000000, 300.0000000000000000 ) ) ;
#192 = CARTESIAN_POINT ( 'NONE',  ( 15.90000000000005720, -353.5000000000000000, 15.90000000000000036 ) ) ;
#193 = EDGE_CURVE ( 'NONE', #847, #885, #1723, .T. ) ;
#194 = AXIS2_PLACEMENT_3D ( 'NONE', #3430, #1252, #2718 ) ;
#195 = ORIENTED_EDGE ( 'NONE', *, *, #2679, .F. ) ;
#196 = ORIENTED_EDGE ( 'NONE', *, *, #3000, .T. ) ;
#197 = EDGE_CURVE ( 'NONE', #320, #1324, #1567, .T. ) ;
#198 = CARTESIAN_POINT ( 'NONE',  ( 894.8000000000002956, -574.9999999999998863, 300.0000000000000000 ) ) ;
#199 = SECURITY_CLASSIFICATION ( '', '', #1279 ) ;
#200 = CARTESIAN_POINT ( 'NONE',  ( 15.90000000000005720, -353.5000000000000000, 9.399999999999995026 ) ) ;
#201 = VECTOR ( 'NONE', #204, 1000.000000000000000 ) ;
#202 = ORIENTED_EDGE ( 'NONE', *, *, #2417, .F. ) ;
#203 = DIRECTION ( 'NONE',  ( 3.628179819036459705E-16, 1.000000000000000000, 0.000000000000000000 ) ) ;
#204 = DIRECTION ( 'NONE',  ( 2.065146995210486914E-16, 0.000000000000000000, 1.000000000000000000 ) ) ;
#205 = ORIENTED_EDGE ( 'NONE', *, *, #2510, .T. ) ;
#206 = DIRECTION ( 'NONE',  ( 0.000000000000000000, 0.000000000000000000, 1.000000000000000000 ) ) ;
#207 = DIRECTION ( 'NONE',  ( 0.000000000000000000, 1.000000000000000000, 0.000000000000000000 ) ) ;
#208 = LINE ( 'NONE', #3204, #2575 ) ;
#209 = ORIENTED_EDGE ( 'NONE', *, *, #3272, .F. ) ;
#210 = VECTOR ( 'NONE', #887, 1000.000000000000000 ) ;
#211 = ORIENTED_EDGE ( 'NONE', *, *, #3824, .F. ) ;
#212 = VECTOR ( 'NONE', #1456, 1000.000000000000000 ) ;
#213 = VECTOR ( 'NONE', #503, 1000.000000000000000 ) ;
#214 = EDGE_CURVE ( 'NONE', #1186, #2834, #158, .T. ) ;
#215 = DIRECTION ( 'NONE',  ( 1.000000000000000000, 1.227650459922048666E-16, -0.000000000000000000 ) ) ;
#216 = EDGE_CURVE ( 'NONE', #4640, #1186, #1287, .T. ) ;
#217 = ORIENTED_EDGE ( 'NONE', *, *, #2967, .T. ) ;
#218 = FACE_OUTER_BOUND ( 'NONE', #626, .T. ) ;
#219 = ORIENTED_EDGE ( 'NONE', *, *, #1974, .T. ) ;
#220 = CARTESIAN_POINT ( 'NONE',  ( -0.000000000000000000, -239.9999999999999716, 0.000000000000000000 ) ) ;
#221 = ORIENTED_EDGE ( 'NONE', *, *, #2018, .T. ) ;
#222 = DIRECTION ( 'NONE',  ( 0.000000000000000000, -1.000000000000000000, 0.000000000000000000 ) ) ;
#223 = CARTESIAN_POINT ( 'NONE',  ( 13.20000000000000462, -65.49999999999995737, 316.7999999999999545 ) ) ;
#224 = ORIENTED_EDGE ( 'NONE', *, *, #2146, .F. ) ;
#225 =( REPRESENTATION_RELATIONSHIP ('NONE','NONE', #3201, #1398 ) REPRESENTATION_RELATIONSHIP_WITH_TRANSFORMATION ( #3939 )SHAPE_REPRESENTATION_RELATIONSHIP( ) );
#226 = AXIS2_PLACEMENT_3D ( 'NONE', #4721, #2518, #3995 ) ;
#227 = LINE ( 'NONE', #3871, #2954 ) ;
#228 = AXIS2_PLACEMENT_3D ( 'NONE', #1968, #831, #1221 ) ;
#229 = DIRECTION ( 'NONE',  ( 0.000000000000000000, -1.000000000000000000, 0.000000000000000000 ) ) ;
#230 = EDGE_LOOP ( 'NONE', ( #2376, #3348, #1497, #869 ) ) ;
#231 = DIRECTION ( 'NONE',  ( -0.000000000000000000, -1.000000000000000000, -0.000000000000000000 ) ) ;
#232 = ADVANCED_FACE ( 'NONE', ( #284, #3562, #1501, #819, #4715 ), #2601, .T. ) ;
#233 = VERTEX_POINT ( 'NONE', #2564 ) ;
#234 = CC_DESIGN_PERSON_AND_ORGANIZATION_ASSIGNMENT ( #4352, #4690, ( #1153 ) ) ;
#235 = CARTESIAN_POINT ( 'NONE',  ( 30.00000000000000355, -18.00000000000000000, 20.00000000000001776 ) ) ;
#236 = ORIENTED_EDGE ( 'NONE', *, *, #1974, .F. ) ;
#237 = ORIENTED_EDGE ( 'NONE', *, *, #3302, .T. ) ;
#238 = ORIENTED_EDGE ( 'NONE', *, *, #4343, .T. ) ;
#239 = VERTEX_POINT ( 'NONE', #1131 ) ;
#240 = CARTESIAN_POINT ( 'NONE',  ( 33.00000000000007816, -290.0000000000000000, 0.000000000000000000 ) ) ;
#241 = CALENDAR_DATE ( 2026, 5, 6 ) ;
#242 = DIRECTION ( 'NONE',  ( -2.065146995210486914E-16, -0.000000000000000000, -1.000000000000000000 ) ) ;
#243 = DIRECTION ( 'NONE',  ( 0.000000000000000000, 0.000000000000000000, -1.000000000000000000 ) ) ;
#244 = ADVANCED_FACE ( 'NONE', ( #2587, #3609 ), #799, .T. ) ;
#245 = CARTESIAN_POINT ( 'NONE',  ( 870.0000000000000000, -18.00000000000000000, 2.000000000000000000 ) ) ;
#246 = CARTESIAN_POINT ( 'NONE',  ( 449.0000000000001137, 355.0000000000000000, 0.000000000000000000 ) ) ;
#247 = CALENDAR_DATE ( 2026, 5, 6 ) ;
#248 = VECTOR ( 'NONE', #1877, 1000.000000000000000 ) ;
#249 = APPROVAL_STATUS ( 'not_yet_approved' ) ;
#250 = LOCAL_TIME ( 9, 9, 43.00000000000000000, #3818 ) ;
#251 = CYLINDRICAL_SURFACE ( 'NONE', #3764, 15.00000000000000000 ) ;
#252 = ORIENTED_EDGE ( 'NONE', *, *, #3517, .F. ) ;
#253 = FACE_OUTER_BOUND ( 'NONE', #715, .T. ) ;
#254 = DIRECTION ( 'NONE',  ( 2.065146995210486914E-16, 5.395042836600973428E-32, -1.000000000000000000 ) ) ;
#255 = AXIS2_PLACEMENT_3D ( 'NONE', #192, #3858, #1642 ) ;
#256 = CARTESIAN_POINT ( 'NONE',  ( 15.00000000000008527, -355.0000000000000000, 0.000000000000000000 ) ) ;
#257 = ORIENTED_EDGE ( 'NONE', *, *, #4735, .F. ) ;
#258 = CARTESIAN_POINT ( 'NONE',  ( 15.90000000000000036, -624.5000000000000000, 316.0000000000000000 ) ) ;
#259 = DIRECTION ( 'NONE',  ( 1.000000000000000000, 0.000000000000000000, 0.000000000000000000 ) ) ;
#260 = PERSON_AND_ORGANIZATION ( #3556, #3381 ) ;
#261 = LINE ( 'NONE', #3553, #20 ) ;
#262 = EDGE_LOOP ( 'NONE', ( #3994, #4035, #3120, #2108 ) ) ;
#263 = CARTESIAN_POINT ( 'NONE',  ( 15.00000000000008527, 240.0000000000000284, 0.000000000000000000 ) ) ;
#264 = ADVANCED_FACE ( 'NONE', ( #3447 ), #1174, .F. ) ;
#265 = SECURITY_CLASSIFICATION ( '', '', #2989 ) ;
#266 = DIRECTION ( 'NONE',  ( 1.000000000000000000, 0.000000000000000000, 0.000000000000000000 ) ) ;
#267 = LINE ( 'NONE', #762, #4244 ) ;
#268 = DATE_AND_TIME ( #400, #1032 ) ;
#269 = EDGE_CURVE ( 'NONE', #4240, #4121, #4328, .T. ) ;
#270 = CIRCLE ( 'NONE', #918, 6.500000000000005329 ) ;
#271 = APPLICATION_CONTEXT ( 'configuration controlled 3d designs of mechanical parts and assemblies' ) ;
#272 = CYLINDRICAL_SURFACE ( 'NONE', #802, 5.049999999999998934 ) ;
#273 = CARTESIAN_POINT ( 'NONE',  ( 13.20000000000000462, -624.5000000000000000, 316.7999999999999545 ) ) ;
#274 = CARTESIAN_POINT ( 'NONE',  ( 15.90000000000005720, -240.0000000000000000, 15.90000000000000036 ) ) ;
#275 = EDGE_LOOP ( 'NONE', ( #1440, #196, #2075, #257 ) ) ;
#276 = DIRECTION ( 'NONE',  ( 2.612425579928799129E-16, -1.000000000000000000, 0.000000000000000000 ) ) ;
#277 = CARTESIAN_POINT ( 'NONE',  ( 878.0000000000002274, -624.4999999999998863, 324.7999999999999545 ) ) ;
#278 = VECTOR ( 'NONE', #540, 1000.000000000000000 ) ;
#279 = LINE ( 'NONE', #4279, #4388 ) ;
#280 = ORIENTED_EDGE ( 'NONE', *, *, #1043, .T. ) ;
#281 = DIRECTION ( 'NONE',  ( 1.000000000000000000, 0.000000000000000000, 0.000000000000000000 ) ) ;
#282 = VERTEX_POINT ( 'NONE', #3683 ) ;
#283 = CYLINDRICAL_SURFACE ( 'NONE', #4712, 5.000000000000000888 ) ;
#284 = FACE_OUTER_BOUND ( 'NONE', #4505, .T. ) ;
#285 = ORIENTED_EDGE ( 'NONE', *, *, #3473, .F. ) ;
#286 = EDGE_LOOP ( 'NONE', ( #138, #357, #4470, #1055 ) ) ;
#287 = LINE ( 'NONE', #2399, #702 ) ;
#288 = EDGE_CURVE ( 'NONE', #4744, #1493, #4491, .T. ) ;
#289 = VECTOR ( 'NONE', #874, 1000.000000000000000 ) ;
#290 = EDGE_CURVE ( 'NONE', #1449, #3432, #701, .T. ) ;
#291 = AXIS2_PLACEMENT_3D ( 'NONE', #2620, #3723, #3036 ) ;
#292 = CARTESIAN_POINT ( 'NONE',  ( 878.0000000000002274, -624.4999999999998863, 316.7999999999999545 ) ) ;
#293 = VERTEX_POINT ( 'NONE', #857 ) ;
#294 = DIRECTION ( 'NONE',  ( -0.000000000000000000, 1.000000000000000000, -0.000000000000000000 ) ) ;
#295 = CARTESIAN_POINT ( 'NONE',  ( -28.00000000000005684, -239.9999999999999716, 27.00000000000000000 ) ) ;
#296 = EDGE_CURVE ( 'NONE', #1915, #633, #1834, .T. ) ;
#297 = ADVANCED_FACE ( 'NONE', ( #3339, #2121 ), #3030, .T. ) ;
#298 = AXIS2_PLACEMENT_3D ( 'NONE', #2045, #2017, #4256 ) ;
#299 = AXIS2_PLACEMENT_3D ( 'NONE', #2405, #2138, #4382 ) ;
#300 = PRODUCT ( '吊柜18-柜门_吊柜18-柜门', '吊柜18-柜门_吊柜18-柜门', '', ( #2670 ) ) ;
#301 = VECTOR ( 'NONE', #4407, 1000.000000000000000 ) ;
#302 = CARTESIAN_POINT ( 'NONE',  ( -28.00000000000005684, -270.0000000000000000, 22.00000000000000000 ) ) ;
#303 = APPROVAL_ROLE ( '' ) ;
#304 = ORIENTED_EDGE ( 'NONE', *, *, #4074, .T. ) ;
#305 = VERTEX_POINT ( 'NONE', #3751 ) ;
#306 = DATE_AND_TIME ( #3870, #3983 ) ;
#307 = EDGE_CURVE ( 'NONE', #4486, #4631, #1946, .T. ) ;
#308 = CC_DESIGN_APPROVAL ( #3290, ( #1153 ) ) ;
#309 = ORIENTED_EDGE ( 'NONE', *, *, #1341, .F. ) ;
#310 = ORIENTED_EDGE ( 'NONE', *, *, #269, .F. ) ;
#311 = APPROVAL_DATE_TIME ( #1305, #1083 ) ;
#312 = LINE ( 'NONE', #2246, #4566 ) ;
#313 = DIRECTION ( 'NONE',  ( 0.000000000000000000, 0.000000000000000000, -1.000000000000000000 ) ) ;
#314 = VERTEX_POINT ( 'NONE', #1966 ) ;
#315 = DIRECTION ( 'NONE',  ( 0.000000000000000000, 0.000000000000000000, 1.000000000000000000 ) ) ;
#316 = CARTESIAN_POINT ( 'NONE',  ( 0.000000000000000000, 0.000000000000000000, -1.500000000000000000 ) ) ;
#317 = DIRECTION ( 'NONE',  ( 0.000000000000000000, 0.000000000000000000, -1.000000000000000000 ) ) ;
#318 = COORDINATED_UNIVERSAL_TIME_OFFSET ( 8, 0, .AHEAD. ) ;
#319 = CARTESIAN_POINT ( 'NONE',  ( 8.572527594031471730E-14, -219.9999999999999716, 30.00000000000000000 ) ) ;
#320 = VERTEX_POINT ( 'NONE', #4141 ) ;
#321 = CARTESIAN_POINT ( 'NONE',  ( 15.90000000000005720, -551.0000000000004547, 15.90000000000000036 ) ) ;
#322 = LINE ( 'NONE', #4060, #507 ) ;
#323 = DIRECTION ( 'NONE',  ( 1.000000000000000000, 0.000000000000000000, 0.000000000000000000 ) ) ;
#324 = ORIENTED_EDGE ( 'NONE', *, *, #4392, .F. ) ;
#325 = CARTESIAN_POINT ( 'NONE',  ( 30.00000000000001776, -361.9999999999999432, 977.2001181334803732 ) ) ;
#326 = DIRECTION ( 'NONE',  ( -0.000000000000000000, -0.000000000000000000, -1.000000000000000000 ) ) ;
#327 = FACE_OUTER_BOUND ( 'NONE', #1159, .T. ) ;
#328 = ORIENTED_EDGE ( 'NONE', *, *, #2431, .F. ) ;
#329 = EDGE_CURVE ( 'NONE', #1139, #4417, #2645, .T. ) ;
#330 = AXIS2_PLACEMENT_3D ( 'NONE', #1802, #1787, #3027 ) ;
#331 = LINE ( 'NONE', #1546, #1270 ) ;
#332 = DIRECTION ( 'NONE',  ( -0.000000000000000000, 1.000000000000000000, -0.000000000000000000 ) ) ;
#333 = EDGE_LOOP ( 'NONE', ( #285, #1494, #3921, #3320 ) ) ;
#334 = PLANE ( 'NONE',  #1804 ) ;
#335 = DIRECTION ( 'NONE',  ( -1.000000000000000000, 0.000000000000000000, -1.137523590804461357E-16 ) ) ;
#336 = APPROVAL ( #833, '未指定' ) ;
#337 = ORIENTED_EDGE ( 'NONE', *, *, #3811, .F. ) ;
#338 = ORIENTED_EDGE ( 'NONE', *, *, #4752, .T. ) ;
#339 = FACE_OUTER_BOUND ( 'NONE', #2216, .T. ) ;
#340 = ORIENTED_EDGE ( 'NONE', *, *, #4560, .F. ) ;
#341 = PLANE ( 'NONE',  #2565 ) ;
#342 = VECTOR ( 'NONE', #4611, 1000.000000000000000 ) ;
#343 = PRODUCT_DEFINITION_SHAPE ( 'NONE', 'NONE',  #4595 ) ;
#344 = EDGE_CURVE ( 'NONE', #4468, #4744, #990, .T. ) ;
#345 = CARTESIAN_POINT ( 'NONE',  ( 8.572527594031471730E-14, -355.0000000000000000, 30.00000000000000000 ) ) ;
#346 = CARTESIAN_POINT ( 'NONE',  ( 13.20000000000000462, -575.0000000000000000, 316.7999999999999545 ) ) ;
#347 = LINE ( 'NONE', #4707, #4386 ) ;
#348 = VECTOR ( 'NONE', #3526, 1000.000000000000000 ) ;
#349 = DIRECTION ( 'NONE',  ( -0.000000000000000000, 1.000000000000000000, -0.000000000000000000 ) ) ;
#350 = CARTESIAN_POINT ( 'NONE',  ( 15.90000000000000036, -65.49999999999995737, 310.9499999999999886 ) ) ;
#351 = EDGE_LOOP ( 'NONE', ( #1278, #304 ) ) ;
#352 = LINE ( 'NONE', #1783, #3730 ) ;
#353 = LINE ( 'NONE', #119, #1939 ) ;
#354 = ORIENTED_EDGE ( 'NONE', *, *, #2100, .F. ) ;
#355 = VECTOR ( 'NONE', #2025, 1000.000000000000000 ) ;
#356 = VECTOR ( 'NONE', #3546, 1000.000000000000000 ) ;
#357 = ORIENTED_EDGE ( 'NONE', *, *, #3012, .T. ) ;
#358 = ORIENTED_EDGE ( 'NONE', *, *, #1537, .F. ) ;
#359 = CARTESIAN_POINT ( 'NONE',  ( 15.90000000000005720, 220.0000000000000853, 20.90000000000000213 ) ) ;
#360 = ORIENTED_EDGE ( 'NONE', *, *, #3987, .T. ) ;
#361 = DIRECTION ( 'NONE',  ( -0.000000000000000000, 1.000000000000000000, -0.000000000000000000 ) ) ;
#362 = ORIENTED_EDGE ( 'NONE', *, *, #164, .T. ) ;
#363 = CARTESIAN_POINT ( 'NONE',  ( 5.200000000000002842, -114.9999999999999574, 300.0000000000000000 ) ) ;
#364 = CARTESIAN_POINT ( 'NONE',  ( 870.0000000000001137, -361.9999999999998295, 299.9999999999999432 ) ) ;
#365 = CARTESIAN_POINT ( 'NONE',  ( 15.90000000000000036, -624.5000000000000000, 310.9499999999999886 ) ) ;
#366 = EDGE_CURVE ( 'NONE', #3720, #1099, #105, .T. ) ;
#367 = CARTESIAN_POINT ( 'NONE',  ( 698.0000000000001137, -343.9999999999998295, 977.2001181334804869 ) ) ;
#368 = AXIS2_PLACEMENT_3D ( 'NONE', #2946, #2530, #1095 ) ;
#369 = AXIS2_PLACEMENT_3D ( 'NONE', #4755, #1437, #4363 ) ;
#370 = ORIENTED_EDGE ( 'NONE', *, *, #3196, .F. ) ;
#371 = PLANE ( 'NONE',  #1500 ) ;
#372 = ORIENTED_EDGE ( 'NONE', *, *, #4445, .F. ) ;
#373 = LOCAL_TIME ( 9, 9, 43.00000000000000000, #1354 ) ;
#374 = UNCERTAINTY_MEASURE_WITH_UNIT (LENGTH_MEASURE( 1.000000000000000082E-05 ), #3099, 'distance_accuracy_value', 'NONE');
#375 = EDGE_CURVE ( 'NONE', #2920, #2087, #1435, .T. ) ;
#376 = DATE_AND_TIME ( #2258, #1185 ) ;
#377 = CARTESIAN_POINT ( 'NONE',  ( 15.90000000000005720, 353.5000000000000000, 15.90000000000000036 ) ) ;
#378 = ORIENTED_EDGE ( 'NONE', *, *, #95, .F. ) ;
#379 = DIRECTION ( 'NONE',  ( 0.000000000000000000, -0.000000000000000000, 1.000000000000000000 ) ) ;
#380 = CARTESIAN_POINT ( 'NONE',  ( 15.00000000000008527, 0.000000000000000000, 0.000000000000000000 ) ) ;
#381 = DIRECTION ( 'NONE',  ( -0.000000000000000000, 1.000000000000000000, -0.000000000000000000 ) ) ;
#382 = VERTEX_POINT ( 'NONE', #114 ) ;
#383 = CARTESIAN_POINT ( 'NONE',  ( 13.20000000000000639, -114.9999999999999574, 324.7999999999999545 ) ) ;
#384 = DATE_TIME_ROLE ( 'classification_date' ) ;
#385 = LINE ( 'NONE', #3978, #730 ) ;
#386 = DIRECTION ( 'NONE',  ( 0.000000000000000000, 1.000000000000000000, 0.000000000000000000 ) ) ;
#387 = DIRECTION ( 'NONE',  ( -1.000000000000000000, 0.000000000000000000, 0.000000000000000000 ) ) ;
#388 = ADVANCED_FACE ( 'NONE', ( #3334 ), #2685, .T. ) ;
#389 = PERSON_AND_ORGANIZATION ( #3556, #3381 ) ;
#390 = EDGE_CURVE ( 'NONE', #3962, #1079, #4544, .T. ) ;
#391 = ORIENTED_EDGE ( 'NONE', *, *, #3102, .F. ) ;
#392 = CARTESIAN_POINT ( 'NONE',  ( 8.572527594031471730E-14, 355.0000000000000000, 15.00000000000000000 ) ) ;
#393 = EDGE_CURVE ( 'NONE', #1978, #2808, #4435, .T. ) ;
#394 = EDGE_LOOP ( 'NONE', ( #2770, #1997 ) ) ;
#395 = CARTESIAN_POINT ( 'NONE',  ( 698.0000000000000000, -361.9999999999998295, 977.2001181334804869 ) ) ;
#396 = DIRECTION ( 'NONE',  ( 0.000000000000000000, 1.000000000000000000, 0.000000000000000000 ) ) ;
#397 = CARTESIAN_POINT ( 'NONE',  ( 870.0000000000000000, -18.00000000000000000, 300.0000000000000000 ) ) ;
#398 = EDGE_LOOP ( 'NONE', ( #2433, #1651, #1126, #4362 ) ) ;
#399 = DIRECTION ( 'NONE',  ( -0.000000000000000000, 1.000000000000000000, -0.000000000000000000 ) ) ;
#400 = CALENDAR_DATE ( 2026, 5, 6 ) ;
#401 = ORIENTED_EDGE ( 'NONE', *, *, #4371, .F. ) ;
#402 = CARTESIAN_POINT ( 'NONE',  ( 884.1000000000002501, -624.4999999999998863, 316.0000000000000000 ) ) ;
#403 = DIRECTION ( 'NONE',  ( -0.000000000000000000, -0.000000000000000000, -1.000000000000000000 ) ) ;
#404 = CARTESIAN_POINT ( 'NONE',  ( 894.8000000000002956, -624.4999999999998863, 316.7999999999999545 ) ) ;
#405 = EDGE_LOOP ( 'NONE', ( #4413, #4499 ) ) ;
#406 = LINE ( 'NONE', #3741, #3657 ) ;
#407 = CARTESIAN_POINT ( 'NONE',  ( 886.8000000000002956, -574.9999999999998863, 316.7999999999999545 ) ) ;
#408 = EDGE_CURVE ( 'NONE', #4332, #2582, #1720, .T. ) ;
#409 = ORIENTED_EDGE ( 'NONE', *, *, #835, .T. ) ;
#410 = CARTESIAN_POINT ( 'NONE',  ( 15.90000000000005720, -551.0000000000004547, 15.90000000000000036 ) ) ;
#411 = SECURITY_CLASSIFICATION ( '', '', #1229 ) ;
#412 = CARTESIAN_POINT ( 'NONE',  ( 870.0000000000001137, -667.9999999999998863, 300.0000000000000000 ) ) ;
#413 = VECTOR ( 'NONE', #3656, 1000.000000000000000 ) ;
#414 = LINE ( 'NONE', #907, #2301 ) ;
#415 = ORIENTED_EDGE ( 'NONE', *, *, #290, .T. ) ;
#416 = DIRECTION ( 'NONE',  ( -3.628179819036459705E-16, -1.000000000000000000, 0.000000000000000000 ) ) ;
#417 = PLANE ( 'NONE',  #3891 ) ;
#418 = CIRCLE ( 'NONE', #4209, 6.500000000000005329 ) ;
#419 = FACE_OUTER_BOUND ( 'NONE', #908, .T. ) ;
#420 = VECTOR ( 'NONE', #3986, 1000.000000000000000 ) ;
#421 = CARTESIAN_POINT ( 'NONE',  ( 900.0000000000001137, -690.0000000000000000, 0.000000000000000000 ) ) ;
#422 = ORIENTED_EDGE ( 'NONE', *, *, #2370, .F. ) ;
#423 = FACE_OUTER_BOUND ( 'NONE', #133, .T. ) ;
#424 = LINE ( 'NONE', #2384, #3973 ) ;
#425 = DIRECTION ( 'NONE',  ( 1.000000000000000000, 0.000000000000000000, 0.000000000000000000 ) ) ;
#426 = APPROVAL_ROLE ( '' ) ;
#427 = CARTESIAN_POINT ( 'NONE',  ( 33.00000000000007816, -290.0000000000000000, -26.84171144931213604 ) ) ;
#428 = CARTESIAN_POINT ( 'NONE',  ( 878.0000000000002274, -624.4999999999998863, 316.7999999999999545 ) ) ;
#429 = CARTESIAN_POINT ( 'NONE',  ( 870.0000000000000000, -65.49999999999984368, 300.0000000000000000 ) ) ;
#430 = ORIENTED_EDGE ( 'NONE', *, *, #3820, .F. ) ;
#431 = DIRECTION ( 'NONE',  ( 0.000000000000000000, 1.000000000000000000, 0.000000000000000000 ) ) ;
#432 = ORIENTED_EDGE ( 'NONE', *, *, #3715, .F. ) ;
#433 = LINE ( 'NONE', #1839, #3404 ) ;
#434 = CARTESIAN_POINT ( 'NONE',  ( 15.90000000000005720, -353.5000000000000000, 15.90000000000000036 ) ) ;
#435 = CARTESIAN_POINT ( 'NONE',  ( 870.0000000000000000, -18.00000000000000000, 2.000000000000000000 ) ) ;
#436 = EDGE_CURVE ( 'NONE', #2555, #958, #3907, .T. ) ;
#437 = ORIENTED_EDGE ( 'NONE', *, *, #1985, .T. ) ;
#438 = ADVANCED_FACE ( 'NONE', ( #3555, #3059 ), #490, .F. ) ;
#439 = DIRECTION ( 'NONE',  ( 1.227650459922048666E-16, -1.000000000000000000, 0.000000000000000000 ) ) ;
#440 = APPLICATION_PROTOCOL_DEFINITION ( 'international standard', 'config_control_design', 1994, #2621 ) ;
#441 = DIRECTION ( 'NONE',  ( -2.612425579928799129E-16, 1.000000000000000000, -0.000000000000000000 ) ) ;
#442 = CARTESIAN_POINT ( 'NONE',  ( 30.00000000000001066, -65.49999999999995737, 316.7999999999999545 ) ) ;
#443 = DATE_AND_TIME ( #125, #2377 ) ;
#444 = AXIS2_PLACEMENT_3D ( 'NONE', #3219, #3581, #3959 ) ;
#445 = AXIS2_PLACEMENT_3D ( 'NONE', #2557, #1469, #2944 ) ;
#446 = DIRECTION ( 'NONE',  ( 0.000000000000000000, -1.000000000000000000, 0.000000000000000000 ) ) ;
#447 = LOCAL_TIME ( 9, 9, 43.00000000000000000, #2026 ) ;
#448 = FACE_OUTER_BOUND ( 'NONE', #286, .T. ) ;
#449 = EDGE_CURVE ( 'NONE', #680, #2073, #2475, .T. ) ;
#450 = EDGE_LOOP ( 'NONE', ( #634, #3530, #1425, #4421, #998, #1005, #1084, #828, #2852, #3384, #4758, #3009 ) ) ;
#451 = ORIENTED_EDGE ( 'NONE', *, *, #2176, .F. ) ;
#452 = AXIS2_PLACEMENT_3D ( 'NONE', #999, #1013, #1752 ) ;
#453 = CARTESIAN_POINT ( 'NONE',  ( 30.00000000000008171, -667.9999999999998863, 300.0000000000000000 ) ) ;
#454 = CARTESIAN_POINT ( 'NONE',  ( -28.00000000000005684, -270.0000000000000000, 27.00000000000000000 ) ) ;
#455 = ORIENTED_EDGE ( 'NONE', *, *, #3515, .F. ) ;
#456 = ORIENTED_EDGE ( 'NONE', *, *, #3992, .T. ) ;
#457 = DIRECTION ( 'NONE',  ( 0.000000000000000000, 0.000000000000000000, 1.000000000000000000 ) ) ;
#458 = APPROVAL_DATE_TIME ( #1087, #2644 ) ;
#459 = VECTOR ( 'NONE', #3314, 1000.000000000000000 ) ;
#460 = ORIENTED_EDGE ( 'NONE', *, *, #4735, .T. ) ;
#461 = CARTESIAN_POINT ( 'NONE',  ( 30.00000000000001776, -361.9999999999999432, 300.0000000000000568 ) ) ;
#462 = PERSON_AND_ORGANIZATION_ROLE ( 'creator' ) ;
#463 = PLANE ( 'NONE',  #1599 ) ;
#464 = ADVANCED_FACE ( 'NONE', ( #4017 ), #1161, .F. ) ;
#465 = DIRECTION ( 'NONE',  ( 0.000000000000000000, 1.000000000000000000, 0.000000000000000000 ) ) ;
#466 = LINE ( 'NONE', #467, #2101 ) ;
#467 = CARTESIAN_POINT ( 'NONE',  ( 869.9999999999998863, -667.9999999999998863, 2.000000000000000000 ) ) ;
#468 = PERSON_AND_ORGANIZATION ( #3556, #3381 ) ;
#469 = AXIS2_PLACEMENT_3D ( 'NONE', #1803, #2864, #3577 ) ;
#470 = AXIS2_PLACEMENT_3D ( 'NONE', #434, #4122, #4472 ) ;
#471 = ORIENTED_EDGE ( 'NONE', *, *, #4672, .F. ) ;
#472 = LINE ( 'NONE', #2374, #2755 ) ;
#473 = DIRECTION ( 'NONE',  ( 0.000000000000000000, 0.000000000000000000, 1.000000000000000000 ) ) ;
#474 = VERTEX_POINT ( 'NONE', #148 ) ;
#475 = ORIENTED_EDGE ( 'NONE', *, *, #4678, .F. ) ;
#476 = VECTOR ( 'NONE', #439, 1000.000000000000000 ) ;
#477 = AXIS2_PLACEMENT_3D ( 'NONE', #3073, #4546, #124 ) ;
#478 = AXIS2_PLACEMENT_3D ( 'NONE', #2335, #2161, #2148 ) ;
#479 = DIRECTION ( 'NONE',  ( 0.000000000000000000, 0.000000000000000000, 1.000000000000000000 ) ) ;
#480 = MECHANICAL_CONTEXT ( 'NONE', #4394, 'mechanical' ) ;
#481 = DIRECTION ( 'NONE',  ( 0.000000000000000000, -1.000000000000000000, 0.000000000000000000 ) ) ;
#482 = ORIENTED_EDGE ( 'NONE', *, *, #3731, .T. ) ;
#483 = CIRCLE ( 'NONE', #4018, 5.049999999999998934 ) ;
#484 = CYLINDRICAL_SURFACE ( 'NONE', #3892, 8.000000000000007105 ) ;
#485 = FACE_OUTER_BOUND ( 'NONE', #4398, .T. ) ;
#486 = CARTESIAN_POINT ( 'NONE',  ( 33.00000000000007816, -239.9999999999999716, -26.84171144931213604 ) ) ;
#487 = APPROVAL ( #898, 'UNKNOWN' ) ;
#488 = VECTOR ( 'NONE', #914, 1000.000000000000000 ) ;
#489 = ORIENTED_EDGE ( 'NONE', *, *, #2973, .F. ) ;
#490 = PLANE ( 'NONE',  #4400 ) ;
#491 = VERTEX_POINT ( 'NONE', #1625 ) ;
#492 = VECTOR ( 'NONE', #4653, 1000.000000000000000 ) ;
#493 = DIRECTION ( 'NONE',  ( -1.000000000000000000, -2.612425579928799129E-16, 0.000000000000000000 ) ) ;
#494 = DIRECTION ( 'NONE',  ( 0.000000000000000000, 0.000000000000000000, 1.000000000000000000 ) ) ;
#495 = ORIENTED_EDGE ( 'NONE', *, *, #4059, .F. ) ;
#496 = ADVANCED_FACE ( 'NONE', ( #485 ), #3398, .F. ) ;
#497 = CARTESIAN_POINT ( 'NONE',  ( 15.90000000000005720, 240.0000000000000000, 20.90000000000000213 ) ) ;
#498 = CARTESIAN_POINT ( 'NONE',  ( 698.0000000000002274, -667.9999999999997726, 977.2001181334804869 ) ) ;
#499 = DIRECTION ( 'NONE',  ( 2.065146995210486914E-16, 5.395042836600973428E-32, -1.000000000000000000 ) ) ;
#500 = EDGE_CURVE ( 'NONE', #2660, #161, #1496, .T. ) ;
#501 = DIRECTION ( 'NONE',  ( -1.708035422500241173E-16, 1.000000000000000000, -0.000000000000000000 ) ) ;
#502 = APPROVAL_STATUS ( 'not_yet_approved' ) ;
#503 = DIRECTION ( 'NONE',  ( 1.000000000000000000, -0.000000000000000000, -0.000000000000000000 ) ) ;
#504 = AXIS2_PLACEMENT_3D ( 'NONE', #657, #2112, #323 ) ;
#505 = CARTESIAN_POINT ( 'NONE',  ( 878.0000000000000000, -65.49999999999984368, 324.7999999999999545 ) ) ;
#506 = COORDINATED_UNIVERSAL_TIME_OFFSET ( 8, 0, .AHEAD. ) ;
#507 = VECTOR ( 'NONE', #1478, 1000.000000000000000 ) ;
#508 = EDGE_LOOP ( 'NONE', ( #4419, #991, #3111, #217, #1039, #4142 ) ) ;
#509 = EDGE_CURVE ( 'NONE', #2402, #2314, #2057, .T. ) ;
#510 = CC_DESIGN_APPROVAL ( #1083, ( #1361 ) ) ;
#511 = CARTESIAN_POINT ( 'NONE',  ( 449.0000000000001137, -355.0000000000000000, 30.00000000000000000 ) ) ;
#512 = DIRECTION ( 'NONE',  ( -0.000000000000000000, 1.000000000000000000, -0.000000000000000000 ) ) ;
#513 = ORIENTED_EDGE ( 'NONE', *, *, #4090, .T. ) ;
#514 = PLANE ( 'NONE',  #477 ) ;
#515 = ADVANCED_FACE ( 'NONE', ( #37 ), #3481, .T. ) ;
#516 = ADVANCED_FACE ( 'NONE', ( #2412 ), #1380, .T. ) ;
#517 = CARTESIAN_POINT ( 'NONE',  ( 449.0000000000001137, 355.0000000000000000, 30.00000000000000000 ) ) ;
#518 = ORIENTED_EDGE ( 'NONE', *, *, #2015, .F. ) ;
#519 = DIRECTION ( 'NONE',  ( 0.000000000000000000, -1.000000000000000000, 0.000000000000000000 ) ) ;
#520 = CARTESIAN_POINT ( 'NONE',  ( 870.0000000000000000, -18.00000000000000000, -0.000000000000000000 ) ) ;
#521 = ORIENTED_EDGE ( 'NONE', *, *, #100, .T. ) ;
#522 = CALENDAR_DATE ( 2026, 5, 6 ) ;
#523 = FACE_BOUND ( 'NONE', #4245, .T. ) ;
#524 = ORIENTED_EDGE ( 'NONE', *, *, #1234, .F. ) ;
#525 = DIRECTION ( 'NONE',  ( 0.000000000000000000, -0.000000000000000000, -1.000000000000000000 ) ) ;
#526 = CARTESIAN_POINT ( 'NONE',  ( 449.0000000000001137, 355.0000000000000000, 30.00000000000000000 ) ) ;
#527 = CYLINDRICAL_SURFACE ( 'NONE', #3378, 15.00000000000000000 ) ;
#528 = ORIENTED_EDGE ( 'NONE', *, *, #1213, .F. ) ;
#529 = DIRECTION ( 'NONE',  ( -1.000000000000000000, 0.000000000000000000, -1.137523590804461357E-16 ) ) ;
#530 = ORIENTED_EDGE ( 'NONE', *, *, #3277, .F. ) ;
#531 = CARTESIAN_POINT ( 'NONE',  ( 33.00000000000007816, -270.0000000000000000, 0.000000000000000000 ) ) ;
#532 = EDGE_LOOP ( 'NONE', ( #221, #2481, #4750, #1952, #1569 ) ) ;
#533 = VERTEX_POINT ( 'NONE', #941 ) ;
#534 = LINE ( 'NONE', #3489, #342 ) ;
#535 = AXIS2_PLACEMENT_3D ( 'NONE', #3064, #4107, #1199 ) ;
#536 = DIRECTION ( 'NONE',  ( -0.000000000000000000, 1.000000000000000000, -0.000000000000000000 ) ) ;
#537 = DIRECTION ( 'NONE',  ( 0.000000000000000000, 1.000000000000000000, 0.000000000000000000 ) ) ;
#538 = CARTESIAN_POINT ( 'NONE',  ( 30.00000000000000355, -18.00000000000000000, 300.0000000000000000 ) ) ;
#539 = ADVANCED_BREP_SHAPE_REPRESENTATION ( '', ( #2065, #779 ), #2905 ) ;
#540 = DIRECTION ( 'NONE',  ( 2.065146995210486914E-16, 5.395042836600973428E-32, -1.000000000000000000 ) ) ;
#541 = CC_DESIGN_DATE_AND_TIME_ASSIGNMENT ( #19, #776, ( #265 ) ) ;
#542 = CARTESIAN_POINT ( 'NONE',  ( 870.0000000000000000, -18.00000000000000000, 300.0000000000000000 ) ) ;
#543 = ORIENTED_EDGE ( 'NONE', *, *, #629, .T. ) ;
#544 =( REPRESENTATION_RELATIONSHIP ('NONE','NONE', #3201, #1617 ) REPRESENTATION_RELATIONSHIP_WITH_TRANSFORMATION ( #3356 )SHAPE_REPRESENTATION_RELATIONSHIP( ) );
#545 = FACE_BOUND ( 'NONE', #351, .T. ) ;
#546 = LINE ( 'NONE', #2420, #2650 ) ;
#547 = EDGE_CURVE ( 'NONE', #1778, #3696, #1042, .T. ) ;
#548 = EDGE_LOOP ( 'NONE', ( #4259, #1751, #4474, #3175 ) ) ;
#549 = ORIENTED_EDGE ( 'NONE', *, *, #146, .T. ) ;
#550 = CARTESIAN_POINT ( 'NONE',  ( 15.90000000000005720, 353.5000000000000000, 15.90000000000000036 ) ) ;
#551 = CARTESIAN_POINT ( 'NONE',  ( 884.1000000000000227, -65.49999999999984368, 316.0000000000000000 ) ) ;
#552 = CARTESIAN_POINT ( 'NONE',  ( 15.90000000000005720, 220.0000000000000853, 15.90000000000000036 ) ) ;
#553 = PLANE ( 'NONE',  #3166 ) ;
#554 = DIRECTION ( 'NONE',  ( 1.000000000000000000, 0.000000000000000000, 0.000000000000000000 ) ) ;
#555 = EDGE_CURVE ( 'NONE', #4305, #2948, #4136, .T. ) ;
#556 = ORIENTED_EDGE ( 'NONE', *, *, #4090, .F. ) ;
#557 = EDGE_CURVE ( 'NONE', #2042, #2193, #753, .T. ) ;
#558 = DATE_AND_TIME ( #4224, #1407 ) ;
#559 = PRODUCT ( '吊柜18-柜门1_吊柜18-柜门', '吊柜18-柜门1_吊柜18-柜门', '', ( #3724 ) ) ;
#560 = CARTESIAN_POINT ( 'NONE',  ( 15.90000000000005720, 355.0000000000000000, 9.399999999999995026 ) ) ;
#561 = ORIENTED_EDGE ( 'NONE', *, *, #4181, .T. ) ;
#562 = DIRECTION ( 'NONE',  ( -0.000000000000000000, 1.000000000000000000, -0.000000000000000000 ) ) ;
#563 = CALENDAR_DATE ( 2026, 5, 6 ) ;
#564 = CYLINDRICAL_SURFACE ( 'NONE', #3045, 6.500000000000005329 ) ;
#565 = AXIS2_PLACEMENT_3D ( 'NONE', #1805, #2540, #2185 ) ;
#566 = ORIENTED_EDGE ( 'NONE', *, *, #2614, .F. ) ;
#567 = VERTEX_POINT ( 'NONE', #4620 ) ;
#568 = EDGE_LOOP ( 'NONE', ( #358, #2883, #2124, #3257 ) ) ;
#569 = PLANE ( 'NONE',  #1538 ) ;
#570 = EDGE_CURVE ( 'NONE', #4640, #3165, #2996, .T. ) ;
#571 = ORIENTED_EDGE ( 'NONE', *, *, #4672, .T. ) ;
#572 = APPROVAL_ROLE ( '' ) ;
#573 = SECURITY_CLASSIFICATION ( '', '', #3124 ) ;
#574 = LOCAL_TIME ( 9, 9, 43.00000000000000000, #2687 ) ;
#575 = VERTEX_POINT ( 'NONE', #951 ) ;
#576 = VECTOR ( 'NONE', #46, 1000.000000000000000 ) ;
#577 = CARTESIAN_POINT ( 'NONE',  ( 6.450000000000001066, 0.000000000000000000, -1.500000000000000000 ) ) ;
#578 = LINE ( 'NONE', #1675, #4067 ) ;
#579 = ORIENTED_EDGE ( 'NONE', *, *, #809, .F. ) ;
#580 = CARTESIAN_POINT ( 'NONE',  ( 698.0000000000002274, -667.9999999999998863, 300.0000000000000000 ) ) ;
#581 = DIRECTION ( 'NONE',  ( -0.000000000000000000, 1.000000000000000000, -0.000000000000000000 ) ) ;
#582 = VECTOR ( 'NONE', #361, 1000.000000000000000 ) ;
#583 = LINE ( 'NONE', #1179, #3050 ) ;
#584 = LINE ( 'NONE', #3599, #1880 ) ;
#585 = CARTESIAN_POINT ( 'NONE',  ( 894.8000000000002956, -624.4999999999998863, 300.0000000000000000 ) ) ;
#586 = ORIENTED_EDGE ( 'NONE', *, *, #1448, .T. ) ;
#587 = VECTOR ( 'NONE', #4282, 1000.000000000000000 ) ;
#588 = EDGE_CURVE ( 'NONE', #3412, #1216, #2354, .T. ) ;
#589 = FACE_OUTER_BOUND ( 'NONE', #3552, .T. ) ;
#590 = AXIS2_PLACEMENT_3D ( 'NONE', #2841, #3912, #975 ) ;
#591 = LINE ( 'NONE', #2290, #3666 ) ;
#592 = AXIS2_PLACEMENT_3D ( 'NONE', #2914, #740, #4423 ) ;
#593 = VERTEX_POINT ( 'NONE', #3136 ) ;
#594 = PERSON ( 'NAUO-PER1', 'UNSPECIFIED', 'UNSPECIFIED', ('UNSPECIFIED'), ('UNSPECIFIED'), ('UNSPECIFIED') ) ;
#595 = DIRECTION ( 'NONE',  ( -0.000000000000000000, -1.000000000000000000, -0.000000000000000000 ) ) ;
#596 = DIRECTION ( 'NONE',  ( 0.000000000000000000, -0.000000000000000000, -1.000000000000000000 ) ) ;
#597 = ORIENTED_EDGE ( 'NONE', *, *, #3107, .T. ) ;
#598 = LINE ( 'NONE', #3881, #4720 ) ;
#599 = CIRCLE ( 'NONE', #291, 6.500000000000005329 ) ;
#600 = EDGE_CURVE ( 'NONE', #3678, #2477, #414, .T. ) ;
#601 = AXIS2_PLACEMENT_3D ( 'NONE', #2542, #1826, #2571 ) ;
#602 = FACE_OUTER_BOUND ( 'NONE', #3497, .T. ) ;
#603 = CARTESIAN_POINT ( 'NONE',  ( 0.000000000000000000, 0.000000000000000000, 120.0000000000000000 ) ) ;
#604 = ADVANCED_FACE ( 'NONE', ( #2175 ), #3662, .F. ) ;
#605 = CARTESIAN_POINT ( 'NONE',  ( -5.000000000000000000, 0.000000000000000000, 120.0000000000000000 ) ) ;
#606 = DIRECTION ( 'NONE',  ( -2.065146995210486914E-16, -5.395042836600973428E-32, 1.000000000000000000 ) ) ;
#607 = CARTESIAN_POINT ( 'NONE',  ( 30.00000000000000355, -18.00000000000000000, 300.0000000000000000 ) ) ;
#608 = APPROVAL_STATUS ( 'not_yet_approved' ) ;
#609 = DIRECTION ( 'NONE',  ( -0.000000000000000000, 1.000000000000000000, -0.000000000000000000 ) ) ;
#610 = VERTEX_POINT ( 'NONE', #263 ) ;
#611 = ORIENTED_EDGE ( 'NONE', *, *, #1247, .F. ) ;
#612 = ORIENTED_EDGE ( 'NONE', *, *, #1901, .F. ) ;
#613 = COORDINATED_UNIVERSAL_TIME_OFFSET ( 8, 0, .AHEAD. ) ;
#614 = EDGE_LOOP ( 'NONE', ( #3428, #1244, #460, #858 ) ) ;
#615 = PERSON_AND_ORGANIZATION ( #3556, #3381 ) ;
#616 = AXIS2_PLACEMENT_3D ( 'NONE', #3953, #1040, #2115 ) ;
#617 = ORIENTED_EDGE ( 'NONE', *, *, #2816, .T. ) ;
#618 = EDGE_LOOP ( 'NONE', ( #391, #4572, #750, #3499 ) ) ;
#619 = VERTEX_POINT ( 'NONE', #985 ) ;
#620 = CARTESIAN_POINT ( 'NONE',  ( 33.00000000000007816, 270.0000000000000568, -26.84171144931213604 ) ) ;
#621 = CIRCLE ( 'NONE', #2106, 5.000000000000000888 ) ;
#622 = EDGE_CURVE ( 'NONE', #770, #1145, #4325, .T. ) ;
#623 = ORIENTED_EDGE ( 'NONE', *, *, #2877, .T. ) ;
#624 = AXIS2_PLACEMENT_3D ( 'NONE', #2898, #3282, #1784 ) ;
#625 = LINE ( 'NONE', #1509, #1979 ) ;
#626 = EDGE_LOOP ( 'NONE', ( #2294, #1688, #2189, #3248 ) ) ;
#627 = DIRECTION ( 'NONE',  ( 0.000000000000000000, 0.000000000000000000, 1.000000000000000000 ) ) ;
#628 = PERSON_AND_ORGANIZATION ( #3556, #3381 ) ;
#629 = EDGE_CURVE ( 'NONE', #2858, #1671, #279, .T. ) ;
#630 = CARTESIAN_POINT ( 'NONE',  ( 0.000000000000000000, 0.000000000000000000, 30.00000000000000000 ) ) ;
#631 = VECTOR ( 'NONE', #682, 1000.000000000000000 ) ;
#632 = DIRECTION ( 'NONE',  ( 0.000000000000000000, 0.000000000000000000, 1.000000000000000000 ) ) ;
#633 = VERTEX_POINT ( 'NONE', #1035 ) ;
#634 = ORIENTED_EDGE ( 'NONE', *, *, #2334, .F. ) ;
#635 = CARTESIAN_POINT ( 'NONE',  ( 698.0000000000001137, -343.9999999999998295, 20.00000000000000000 ) ) ;
#636 = CARTESIAN_POINT ( 'NONE',  ( 889.1499999999999773, -65.49999999999984368, 316.0000000000000000 ) ) ;
#637 = VECTOR ( 'NONE', #1905, 1000.000000000000000 ) ;
#638 = CIRCLE ( 'NONE', #1053, 6.500000000000005329 ) ;
#639 = ORIENTED_EDGE ( 'NONE', *, *, #4414, .F. ) ;
#640 = VERTEX_POINT ( 'NONE', #3164 ) ;
#641 = VECTOR ( 'NONE', #1256, 1000.000000000000000 ) ;
#642 = EDGE_CURVE ( 'NONE', #962, #1864, #4072, .T. ) ;
#643 = EDGE_CURVE ( 'NONE', #2799, #2822, #3779, .T. ) ;
#644 = CARTESIAN_POINT ( 'NONE',  ( 698.0000000000000000, -361.9999999999998295, 20.00000000000000000 ) ) ;
#645 = ADVANCED_FACE ( 'NONE', ( #153, #2706 ), #3900, .T. ) ;
#646 = CYLINDRICAL_SURFACE ( 'NONE', #684, 6.500000000000005329 ) ;
#647 = CIRCLE ( 'NONE', #1681, 15.00000000000000000 ) ;
#648 = EDGE_LOOP ( 'NONE', ( #2496, #185 ) ) ;
#649 = AXIS2_PLACEMENT_3D ( 'NONE', #41, #1874, #2622 ) ;
#650 = VECTOR ( 'NONE', #2750, 1000.000000000000000 ) ;
#651 = CIRCLE ( 'NONE', #2264, 5.000000000000000888 ) ;
#652 = AXIS2_PLACEMENT_3D ( 'NONE', #4594, #3470, #2760 ) ;
#653 = DIRECTION ( 'NONE',  ( -0.000000000000000000, -1.000000000000000000, -0.000000000000000000 ) ) ;
#654 = DIRECTION ( 'NONE',  ( 0.000000000000000000, 0.000000000000000000, 1.000000000000000000 ) ) ;
#655 = DIRECTION ( 'NONE',  ( 2.612425579928799129E-16, -1.000000000000000000, -0.000000000000000000 ) ) ;
#656 = ORIENTED_EDGE ( 'NONE', *, *, #3707, .T. ) ;
#657 = CARTESIAN_POINT ( 'NONE',  ( 884.1000000000000227, -65.49999999999984368, 316.0000000000000000 ) ) ;
#658 = EDGE_CURVE ( 'NONE', #2048, #2886, #1338, .T. ) ;
#659 = ORIENTED_EDGE ( 'NONE', *, *, #2780, .F. ) ;
#660 = CC_DESIGN_SECURITY_CLASSIFICATION ( #411, ( #4771 ) ) ;
#661 = DIRECTION ( 'NONE',  ( -0.000000000000000000, 1.000000000000000000, -0.000000000000000000 ) ) ;
#662 = DIRECTION ( 'NONE',  ( 0.000000000000000000, 0.000000000000000000, -1.000000000000000000 ) ) ;
#663 = ORGANIZATION ( 'NAUO-ORG5', 'UNSPECIFIED', 'UNSPECIFIED' ) ;
#664 = CARTESIAN_POINT ( 'NONE',  ( 30.00000000000001066, -575.0000000000000000, 316.7999999999999545 ) ) ;
#665 = ORIENTED_EDGE ( 'NONE', *, *, #4409, .F. ) ;
#666 = CALENDAR_DATE ( 2026, 5, 6 ) ;
#667 = LINE ( 'NONE', #3318, #3632 ) ;
#668 = ORIENTED_EDGE ( 'NONE', *, *, #136, .T. ) ;
#669 = DATE_AND_TIME ( #1643, #2610 ) ;
#670 = ORIENTED_EDGE ( 'NONE', *, *, #3429, .T. ) ;
#671 = ORIENTED_EDGE ( 'NONE', *, *, #3699, .T. ) ;
#672 = DIRECTION ( 'NONE',  ( 2.612425579928799129E-16, -1.000000000000000000, 0.000000000000000000 ) ) ;
#673 = EDGE_LOOP ( 'NONE', ( #2387, #362, #2414, #1321 ) ) ;
#674 = AXIS2_PLACEMENT_3D ( 'NONE', #4077, #4031, #1817 ) ;
#675 = ORIENTED_EDGE ( 'NONE', *, *, #2997, .T. ) ;
#676 = EDGE_LOOP ( 'NONE', ( #3521, #4011, #4579, #1222 ) ) ;
#677 = SECURITY_CLASSIFICATION_LEVEL ( 'unclassified' ) ;
#678 = LOCAL_TIME ( 9, 9, 43.00000000000000000, #2391 ) ;
#679 = LINE ( 'NONE', #295, #2814 ) ;
#680 = VERTEX_POINT ( 'NONE', #3224 ) ;
#681 = PERSON ( 'NAUO-PER2', 'UNSPECIFIED', 'UNSPECIFIED', ('UNSPECIFIED'), ('UNSPECIFIED'), ('UNSPECIFIED') ) ;
#682 = DIRECTION ( 'NONE',  ( -0.000000000000000000, 1.000000000000000000, -0.000000000000000000 ) ) ;
#683 = EDGE_CURVE ( 'NONE', #3570, #2920, #98, .T. ) ;
#684 = AXIS2_PLACEMENT_3D ( 'NONE', #4645, #3540, #2846 ) ;
#685 = AXIS2_PLACEMENT_3D ( 'NONE', #1092, #1135, #3612 ) ;
#686 = ORIENTED_EDGE ( 'NONE', *, *, #216, .F. ) ;
#687 = DIRECTION ( 'NONE',  ( 1.000000000000000000, -6.149669335164222025E-17, 0.000000000000000000 ) ) ;
#688 = EDGE_CURVE ( 'NONE', #3434, #2193, #2002, .T. ) ;
#689 = EDGE_LOOP ( 'NONE', ( #1480, #2894 ) ) ;
#690 = LINE ( 'NONE', #2592, #2695 ) ;
#691 = DIRECTION ( 'NONE',  ( 0.000000000000000000, 1.000000000000000000, -0.000000000000000000 ) ) ;
#692 = DIRECTION ( 'NONE',  ( 2.612425579928799129E-16, -1.000000000000000000, -0.000000000000000000 ) ) ;
#693 = CYLINDRICAL_SURFACE ( 'NONE', #3610, 5.000000000000000888 ) ;
#694 = ORIENTED_EDGE ( 'NONE', *, *, #1701, .T. ) ;
#695 = LINE ( 'NONE', #2659, #210 ) ;
#696 = LINE ( 'NONE', #1100, #1430 ) ;
#697 = ORIENTED_EDGE ( 'NONE', *, *, #193, .T. ) ;
#698 = DIRECTION ( 'NONE',  ( -0.000000000000000000, -0.000000000000000000, -1.000000000000000000 ) ) ;
#699 = ORIENTED_EDGE ( 'NONE', *, *, #2698, .F. ) ;
#700 = VECTOR ( 'NONE', #1730, 1000.000000000000000 ) ;
#701 = LINE ( 'NONE', #454, #4080 ) ;
#702 = VECTOR ( 'NONE', #581, 1000.000000000000000 ) ;
#703 = CIRCLE ( 'NONE', #1744, 6.500000000000005329 ) ;
#704 = EDGE_CURVE ( 'NONE', #1235, #4348, #2832, .T. ) ;
#705 = CIRCLE ( 'NONE', #4307, 5.049999999999998934 ) ;
#706 = ORIENTED_EDGE ( 'NONE', *, *, #1090, .T. ) ;
#707 = VECTOR ( 'NONE', #4529, 1000.000000000000000 ) ;
#708 = DIRECTION ( 'NONE',  ( 0.000000000000000000, 0.000000000000000000, 1.000000000000000000 ) ) ;
#709 = DIRECTION ( 'NONE',  ( 0.000000000000000000, 1.000000000000000000, 0.000000000000000000 ) ) ;
#710 = EDGE_LOOP ( 'NONE', ( #205, #4023, #430, #3457 ) ) ;
#711 = CARTESIAN_POINT ( 'NONE',  ( 8.673617379884035472E-14, 240.0000000000000284, 27.00000000000000355 ) ) ;
#712 = ORIENTED_EDGE ( 'NONE', *, *, #1044, .F. ) ;
#713 = EDGE_CURVE ( 'NONE', #4106, #3437, #871, .T. ) ;
#714 = LINE ( 'NONE', #742, #4726 ) ;
#715 = EDGE_LOOP ( 'NONE', ( #2554, #4554, #1371, #1075, #3374, #3210, #1916, #89, #2775, #561, #926, #219 ) ) ;
#716 = CARTESIAN_POINT ( 'NONE',  ( 884.1000000000002501, -574.9999999999998863, 316.0000000000000000 ) ) ;
#717 = DATE_AND_TIME ( #241, #1246 ) ;
#718 = VERTEX_POINT ( 'NONE', #3965 ) ;
#719 = CARTESIAN_POINT ( 'NONE',  ( 30.00000000000000355, -18.00000000000000000, 300.0000000000000000 ) ) ;
#720 = CARTESIAN_POINT ( 'NONE',  ( 30.00000000000000355, -18.00000000000000000, 300.0000000000000000 ) ) ;
#721 = CARTESIAN_POINT ( 'NONE',  ( -295.1813204887218376, -467.8571428571427759, 153.6000000000000227 ) ) ;
#722 = CARTESIAN_POINT ( 'NONE',  ( 869.9999999999998863, -667.9999999999998863, -0.000000000000000000 ) ) ;
#723 = CONTEXT_DEPENDENT_SHAPE_REPRESENTATION ( #225, #3040 ) ;
#724 = DATE_TIME_ROLE ( 'classification_date' ) ;
#725 = DIRECTION ( 'NONE',  ( -0.000000000000000000, -0.000000000000000000, -1.000000000000000000 ) ) ;
#726 = EDGE_CURVE ( 'NONE', #42, #962, #3850, .T. ) ;
#727 = ORIENTED_EDGE ( 'NONE', *, *, #4711, .T. ) ;
#728 = CARTESIAN_POINT ( 'NONE',  ( 680.0000000000000000, -17.99999999999993960, 20.00000000000000000 ) ) ;
#729 = DIRECTION ( 'NONE',  ( -0.000000000000000000, 1.000000000000000000, -0.000000000000000000 ) ) ;
#730 = VECTOR ( 'NONE', #1766, 1000.000000000000000 ) ;
#731 = DIRECTION ( 'NONE',  ( 2.612425579928799129E-16, -1.000000000000000000, 0.000000000000000000 ) ) ;
#732 = VERTEX_POINT ( 'NONE', #1741 ) ;
#733 = EDGE_CURVE ( 'NONE', #4254, #807, #3721, .T. ) ;
#734 = CARTESIAN_POINT ( 'NONE',  ( 449.0000000000001137, -355.0000000000000000, 30.00000000000000000 ) ) ;
#735 = COORDINATED_UNIVERSAL_TIME_OFFSET ( 8, 0, .AHEAD. ) ;
#736 = AXIS2_PLACEMENT_3D ( 'NONE', #4144, #4524, #2318 ) ;
#737 = ORIENTED_EDGE ( 'NONE', *, *, #3940, .F. ) ;
#738 = CARTESIAN_POINT ( 'NONE',  ( 33.00000000000007105, -270.0000000000000000, 27.00000000000000711 ) ) ;
#739 = DIRECTION ( 'NONE',  ( -0.9999819781406140695, 6.358908762799894887E-17, 0.006003615076305503055 ) ) ;
#740 = DIRECTION ( 'NONE',  ( 0.000000000000000000, 0.000000000000000000, -1.000000000000000000 ) ) ;
#741 = DIRECTION ( 'NONE',  ( -2.065146995210486914E-16, -0.000000000000000000, -1.000000000000000000 ) ) ;
#742 = CARTESIAN_POINT ( 'NONE',  ( 870.0000000000002274, -574.9999999999998863, 300.0000000000000000 ) ) ;
#743 = VERTEX_POINT ( 'NONE', #3572 ) ;
#744 = CARTESIAN_POINT ( 'NONE',  ( 680.0000000000000000, -18.00000000000000000, 300.0000000000000000 ) ) ;
#745 = EDGE_CURVE ( 'NONE', #946, #3188, #1559, .T. ) ;
#746 = CC_DESIGN_APPROVAL ( #3590, ( #4595 ) ) ;
#747 = ORIENTED_EDGE ( 'NONE', *, *, #3664, .F. ) ;
#748 = LINE ( 'NONE', #4110, #637 ) ;
#749 = FACE_OUTER_BOUND ( 'NONE', #3452, .T. ) ;
#750 = ORIENTED_EDGE ( 'NONE', *, *, #1993, .T. ) ;
#751 = VERTEX_POINT ( 'NONE', #2492 ) ;
#752 = VERTEX_POINT ( 'NONE', #3206 ) ;
#753 = CIRCLE ( 'NONE', #4306, 8.000000000000007105 ) ;
#754 = CARTESIAN_POINT ( 'NONE',  ( 8.572527594031471730E-14, -219.9999999999999716, 15.00000000000000000 ) ) ;
#755 = CARTESIAN_POINT ( 'NONE',  ( 33.00000000000007816, 290.0000000000000568, 0.000000000000000000 ) ) ;
#756 = DIRECTION ( 'NONE',  ( -0.000000000000000000, 0.000000000000000000, 1.000000000000000000 ) ) ;
#757 = DIRECTION ( 'NONE',  ( -0.000000000000000000, 1.000000000000000000, -0.000000000000000000 ) ) ;
#758 = PLANE ( 'NONE',  #2131 ) ;
#759 = CYLINDRICAL_SURFACE ( 'NONE', #1198, 5.000000000000000888 ) ;
#760 = DIRECTION ( 'NONE',  ( 0.000000000000000000, -0.000000000000000000, 1.000000000000000000 ) ) ;
#761 = LINE ( 'NONE', #3623, #2712 ) ;
#762 = CARTESIAN_POINT ( 'NONE',  ( 870.0000000000000000, -18.00000000000000000, 20.00000000000001776 ) ) ;
#763 = EDGE_LOOP ( 'NONE', ( #2981, #4218, #4095, #4003 ) ) ;
#764 = VERTEX_POINT ( 'NONE', #2059 ) ;
#765 = FACE_BOUND ( 'NONE', #2128, .T. ) ;
#766 = ORIENTED_EDGE ( 'NONE', *, *, #2244, .T. ) ;
#767 = CARTESIAN_POINT ( 'NONE',  ( 870.0000000000000000, -18.00000000000000000, 2.000000000000000000 ) ) ;
#768 = CARTESIAN_POINT ( 'NONE',  ( 201.9999999999999716, -667.9999999999998863, 977.2001181334803732 ) ) ;
#769 = CARTESIAN_POINT ( 'NONE',  ( 202.0000000000000568, -18.00000000000000000, 977.2001181334803732 ) ) ;
#770 = VERTEX_POINT ( 'NONE', #4646 ) ;
#771 = AXIS2_PLACEMENT_3D ( 'NONE', #4568, #160, #4227 ) ;
#772 = AXIS2_PLACEMENT_3D ( 'NONE', #630, #971, #2815 ) ;
#773 = VERTEX_POINT ( 'NONE', #3178 ) ;
#774 =( LENGTH_UNIT ( ) NAMED_UNIT ( * ) SI_UNIT ( .MILLI., .METRE. ) );
#775 = CARTESIAN_POINT ( 'NONE',  ( 15.90000000000005720, -551.0000000000004547, 15.90000000000000036 ) ) ;
#776 = DATE_TIME_ROLE ( 'classification_date' ) ;
#777 = CARTESIAN_POINT ( 'NONE',  ( 894.8000000000002956, -624.4999999999998863, 300.0000000000000000 ) ) ;
#778 = DIRECTION ( 'NONE',  ( -0.000000000000000000, 0.000000000000000000, 1.000000000000000000 ) ) ;
#779 = AXIS2_PLACEMENT_3D ( 'NONE', #850, #3806, #554 ) ;
#780 = DIRECTION ( 'NONE',  ( 2.612425579928799129E-16, -1.000000000000000000, 0.000000000000000000 ) ) ;
#781 = CALENDAR_DATE ( 2026, 5, 6 ) ;
#782 = EDGE_CURVE ( 'NONE', #4699, #4401, #815, .T. ) ;
#783 = PERSON_AND_ORGANIZATION ( #3556, #3381 ) ;
#784 = ORIENTED_EDGE ( 'NONE', *, *, #3845, .T. ) ;
#785 = EDGE_LOOP ( 'NONE', ( #1823, #1124 ) ) ;
#786 = ORIENTED_EDGE ( 'NONE', *, *, #2146, .T. ) ;
#787 = DATE_AND_TIME ( #2261, #1016 ) ;
#788 = DATE_TIME_ROLE ( 'creation_date' ) ;
#789 = DIRECTION ( 'NONE',  ( -1.000000000000000000, 0.000000000000000000, -0.000000000000000000 ) ) ;
#790 = CARTESIAN_POINT ( 'NONE',  ( 15.90000000000000036, -624.5000000000000000, 321.0500000000000114 ) ) ;
#791 = MANIFOLD_SOLID_BREP ( '镜向2', #1462 ) ;
#792 = ORIENTED_EDGE ( 'NONE', *, *, #936, .T. ) ;
#793 = ORIENTED_EDGE ( 'NONE', *, *, #3504, .F. ) ;
#794 = DATE_AND_TIME ( #1369, #1023 ) ;
#795 = EDGE_CURVE ( 'NONE', #2428, #3678, #584, .T. ) ;
#796 = ORIENTED_EDGE ( 'NONE', *, *, #745, .F. ) ;
#797 = EDGE_CURVE ( 'NONE', #2934, #4699, #2885, .T. ) ;
#798 = AXIS2_PLACEMENT_3D ( 'NONE', #4323, #2892, #687 ) ;
#799 = PLANE ( 'NONE',  #3635 ) ;
#800 = ORIENTED_EDGE ( 'NONE', *, *, #15, .T. ) ;
#801 = EDGE_CURVE ( 'NONE', #4332, #1099, #696, .T. ) ;
#802 = AXIS2_PLACEMENT_3D ( 'NONE', #1208, #3755, #479 ) ;
#803 = APPROVAL_ROLE ( '' ) ;
#804 = DIRECTION ( 'NONE',  ( -1.000000000000000000, 0.000000000000000000, -1.137523590804461357E-16 ) ) ;
#805 = DIRECTION ( 'NONE',  ( 0.000000000000000000, 1.000000000000000000, 0.000000000000000000 ) ) ;
#806 = VECTOR ( 'NONE', #4564, 1000.000000000000000 ) ;
#807 = VERTEX_POINT ( 'NONE', #4026 ) ;
#808 = ADVANCED_FACE ( 'NONE', ( #923 ), #1422, .T. ) ;
#809 = EDGE_CURVE ( 'NONE', #3785, #1235, #4710, .T. ) ;
#810 = CARTESIAN_POINT ( 'NONE',  ( 33.00000000000007816, -239.9999999999999716, 0.000000000000000000 ) ) ;
#811 = LINE ( 'NONE', #1678, #582 ) ;
#812 = CC_DESIGN_PERSON_AND_ORGANIZATION_ASSIGNMENT ( #2206, #3286, ( #1361 ) ) ;
#813 = ORIENTED_EDGE ( 'NONE', *, *, #2401, .T. ) ;
#814 = VECTOR ( 'NONE', #1515, 1000.000000000000000 ) ;
#815 = LINE ( 'NONE', #2425, #4482 ) ;
#816 = VECTOR ( 'NONE', #2681, 1000.000000000000000 ) ;
#817 = FACE_OUTER_BOUND ( 'NONE', #856, .T. ) ;
#818 = ORIENTED_EDGE ( 'NONE', *, *, #733, .F. ) ;
#819 = FACE_BOUND ( 'NONE', #977, .T. ) ;
#820 = FACE_OUTER_BOUND ( 'NONE', #2673, .T. ) ;
#821 = PLANE ( 'NONE',  #1595 ) ;
#822 = LINE ( 'NONE', #1719, #4016 ) ;
#823 = DIRECTION ( 'NONE',  ( -2.612425579928799129E-16, 1.000000000000000000, -0.000000000000000000 ) ) ;
#824 =( REPRESENTATION_RELATIONSHIP ('NONE','NONE', #3201, #3195 ) REPRESENTATION_RELATIONSHIP_WITH_TRANSFORMATION ( #1792 )SHAPE_REPRESENTATION_RELATIONSHIP( ) );
#825 = EDGE_LOOP ( 'NONE', ( #3520, #686, #2761, #4442 ) ) ;
#826 = VECTOR ( 'NONE', #4567, 1000.000000000000000 ) ;
#827 = LINE ( 'NONE', #3784, #2777 ) ;
#828 = ORIENTED_EDGE ( 'NONE', *, *, #4073, .T. ) ;
#829 = AXIS2_PLACEMENT_3D ( 'NONE', #1630, #1320, #150 ) ;
#830 = LOCAL_TIME ( 9, 9, 43.00000000000000000, #2787 ) ;
#831 = DIRECTION ( 'NONE',  ( -2.612425579928799129E-16, 1.000000000000000000, 0.000000000000000000 ) ) ;
#832 = EDGE_LOOP ( 'NONE', ( #1813, #706, #2270, #2228 ) ) ;
#833 = APPROVAL_STATUS ( 'not_yet_approved' ) ;
#834 = LOCAL_TIME ( 9, 9, 43.00000000000000000, #2911 ) ;
#835 = EDGE_CURVE ( 'NONE', #1329, #4301, #4606, .T. ) ;
#836 = CC_DESIGN_DATE_AND_TIME_ASSIGNMENT ( #794, #788, ( #3618 ) ) ;
#837 = PERSON_AND_ORGANIZATION ( #3556, #3381 ) ;
#838 = PLANE ( 'NONE',  #3246 ) ;
#839 = EDGE_LOOP ( 'NONE', ( #518, #1533, #475, #694, #1154 ) ) ;
#840 = ORIENTED_EDGE ( 'NONE', *, *, #3371, .F. ) ;
#841 = ADVANCED_FACE ( 'NONE', ( #2634, #2524 ), #3303, .T. ) ;
#842 = DIRECTION ( 'NONE',  ( -0.000000000000000000, 1.000000000000000000, -0.000000000000000000 ) ) ;
#843 = LINE ( 'NONE', #2669, #4632 ) ;
#844 = DIRECTION ( 'NONE',  ( 0.000000000000000000, 0.000000000000000000, 1.000000000000000000 ) ) ;
#845 = ORIENTED_EDGE ( 'NONE', *, *, #642, .T. ) ;
#846 = PLANE ( 'NONE',  #228 ) ;
#847 = VERTEX_POINT ( 'NONE', #1810 ) ;
#848 = APPROVAL_STATUS ( 'not_yet_approved' ) ;
#849 = CARTESIAN_POINT ( 'NONE',  ( 15.90000000000005720, 353.5000000000000000, 15.90000000000000036 ) ) ;
#850 = CARTESIAN_POINT ( 'NONE',  ( 0.000000000000000000, 0.000000000000000000, 0.000000000000000000 ) ) ;
#851 = ORIENTED_EDGE ( 'NONE', *, *, #2215, .T. ) ;
#852 = APPROVAL_DATE_TIME ( #2745, #2239 ) ;
#853 = CARTESIAN_POINT ( 'NONE',  ( 30.00000000000004263, -361.9999999999999432, 300.0000000000000000 ) ) ;
#854 = AXIS2_PLACEMENT_3D ( 'NONE', #2653, #2628, #473 ) ;
#855 = AXIS2_PLACEMENT_3D ( 'NONE', #3336, #2912, #2593 ) ;
#856 = EDGE_LOOP ( 'NONE', ( #2084, #3287, #4041, #699 ) ) ;
#857 = CARTESIAN_POINT ( 'NONE',  ( 15.90000000000005720, 220.0000000000000853, 10.90000000000000036 ) ) ;
#858 = ORIENTED_EDGE ( 'NONE', *, *, #2973, .T. ) ;
#859 = PLANE ( 'NONE',  #3524 ) ;
#860 = ORIENTED_EDGE ( 'NONE', *, *, #953, .F. ) ;
#861 = ADVANCED_FACE ( 'NONE', ( #1426 ), #2561, .T. ) ;
#862 = FACE_BOUND ( 'NONE', #2940, .T. ) ;
#863 =( GEOMETRIC_REPRESENTATION_CONTEXT ( 3 ) GLOBAL_UNCERTAINTY_ASSIGNED_CONTEXT ( ( #3933 ) ) GLOBAL_UNIT_ASSIGNED_CONTEXT ( ( #4203, #2369, #3116 ) ) REPRESENTATION_CONTEXT ( 'NONE', 'WORKASPACE' ) );
#864 = CARTESIAN_POINT ( 'NONE',  ( 15.90000000000005720, 353.5000000000000568, 15.90000000000000036 ) ) ;
#865 = CARTESIAN_POINT ( 'NONE',  ( 15.90000000000005720, 220.0000000000000853, 15.90000000000000036 ) ) ;
#866 = ADVANCED_FACE ( 'NONE', ( #4381 ), #2762, .F. ) ;
#867 = DIRECTION ( 'NONE',  ( 6.240605398965257355E-16, -1.000000000000000000, 0.000000000000000000 ) ) ;
#868 = ORIENTED_EDGE ( 'NONE', *, *, #1119, .F. ) ;
#869 = ORIENTED_EDGE ( 'NONE', *, *, #4074, .F. ) ;
#870 = CIRCLE ( 'NONE', #2924, 5.000000000000000000 ) ;
#871 = LINE ( 'NONE', #1004, #1773 ) ;
#872 = CARTESIAN_POINT ( 'NONE',  ( 5.200000000000002842, -624.5000000000000000, 300.0000000000000000 ) ) ;
#873 = EDGE_CURVE ( 'NONE', #4417, #4486, #4596, .T. ) ;
#874 = DIRECTION ( 'NONE',  ( -1.000000000000000000, -0.000000000000000000, -1.137523590804461357E-16 ) ) ;
#875 = VECTOR ( 'NONE', #2133, 1000.000000000000000 ) ;
#876 = CIRCLE ( 'NONE', #3968, 5.049999999999998934 ) ;
#877 = VERTEX_POINT ( 'NONE', #744 ) ;
#878 = CARTESIAN_POINT ( 'NONE',  ( 15.90000000000005720, 353.5000000000000568, 10.90000000000000036 ) ) ;
#879 = ORIENTED_EDGE ( 'NONE', *, *, #4503, .F. ) ;
#880 = CIRCLE ( 'NONE', #1205, 15.00000000000000000 ) ;
#881 = ADVANCED_FACE ( 'NONE', ( #2409 ), #4008, .T. ) ;
#882 = CARTESIAN_POINT ( 'NONE',  ( 900.0000000000000000, 0.000000000000000000, 300.0000000000000000 ) ) ;
#883 = CLOSED_SHELL ( 'NONE', ( #2198, #516, #905, #4155, #1257, #3305, #1162, #145, #4525 ) ) ;
#884 = ORIENTED_EDGE ( 'NONE', *, *, #4326, .F. ) ;
#885 = VERTEX_POINT ( 'NONE', #2904 ) ;
#886 = DIRECTION ( 'NONE',  ( 0.000000000000000000, 1.000000000000000000, 0.000000000000000000 ) ) ;
#887 = DIRECTION ( 'NONE',  ( 1.224646799147353454E-16, -1.000000000000000000, 0.000000000000000000 ) ) ;
#888 = EDGE_CURVE ( 'NONE', #4281, #1846, #1869, .T. ) ;
#889 = VECTOR ( 'NONE', #4021, 1000.000000000000000 ) ;
#890 = VERTEX_POINT ( 'NONE', #3617 ) ;
#891 = CALENDAR_DATE ( 2026, 5, 6 ) ;
#892 = DIRECTION ( 'NONE',  ( -0.000000000000000000, -0.000000000000000000, -1.000000000000000000 ) ) ;
#893 = AXIS2_PLACEMENT_3D ( 'NONE', #316, #4020, #3613 ) ;
#894 = CARTESIAN_POINT ( 'NONE',  ( 870.0000000000001137, -343.9999999999998295, 299.9999999999999432 ) ) ;
#895 = COORDINATED_UNIVERSAL_TIME_OFFSET ( 8, 0, .AHEAD. ) ;
#896 = EDGE_CURVE ( 'NONE', #4160, #4013, #3595, .T. ) ;
#897 = DIRECTION ( 'NONE',  ( 2.065146995210486914E-16, 0.000000000000000000, 1.000000000000000000 ) ) ;
#898 = APPROVAL_STATUS ( 'not_yet_approved' ) ;
#899 = APPROVAL_DATE_TIME ( #4736, #3590 ) ;
#900 = CC_DESIGN_PERSON_AND_ORGANIZATION_ASSIGNMENT ( #1976, #2306, ( #2371 ) ) ;
#901 = LINE ( 'NONE', #1738, #3242 ) ;
#902 = DIRECTION ( 'NONE',  ( 0.000000000000000000, 0.000000000000000000, 1.000000000000000000 ) ) ;
#903 = FACE_OUTER_BOUND ( 'NONE', #1512, .T. ) ;
#904 = CARTESIAN_POINT ( 'NONE',  ( 8.572527594031471730E-14, 355.0000000000000000, 15.00000000000000000 ) ) ;
#905 = ADVANCED_FACE ( 'NONE', ( #3202 ), #3039, .T. ) ;
#906 = DIRECTION ( 'NONE',  ( -1.000000000000000000, 0.000000000000000000, -1.137523590804461357E-16 ) ) ;
#907 = CARTESIAN_POINT ( 'NONE',  ( 900.0000000000000000, 0.000000000000000000, 0.000000000000000000 ) ) ;
#908 = EDGE_LOOP ( 'NONE', ( #2467, #3644, #851, #2014 ) ) ;
#909 = ADVANCED_FACE ( 'NONE', ( #2221, #2566 ), #2242, .F. ) ;
#910 = EDGE_CURVE ( 'NONE', #2451, #161, #4424, .T. ) ;
#911 = CARTESIAN_POINT ( 'NONE',  ( 219.9999999999999716, -690.0000000000000000, 20.00000000000001776 ) ) ;
#912 = PERSON_AND_ORGANIZATION_ROLE ( 'classification_officer' ) ;
#913 = COORDINATED_UNIVERSAL_TIME_OFFSET ( 8, 0, .AHEAD. ) ;
#914 = DIRECTION ( 'NONE',  ( 1.000000000000000000, 0.000000000000000000, 0.000000000000000000 ) ) ;
#915 = LINE ( 'NONE', #3416, #1160 ) ;
#916 = CIRCLE ( 'NONE', #3904, 6.500000000000005329 ) ;
#917 = PERSON_AND_ORGANIZATION_ROLE ( 'classification_officer' ) ;
#918 = AXIS2_PLACEMENT_3D ( 'NONE', #2203, #4162, #494 ) ;
#919 = DIRECTION ( 'NONE',  ( -0.000000000000000000, 1.000000000000000000, -0.000000000000000000 ) ) ;
#920 = DIRECTION ( 'NONE',  ( 0.000000000000000000, 0.000000000000000000, -1.000000000000000000 ) ) ;
#921 = VECTOR ( 'NONE', #1728, 1000.000000000000000 ) ;
#922 = LINE ( 'NONE', #2739, #4324 ) ;
#923 = FACE_OUTER_BOUND ( 'NONE', #965, .T. ) ;
#924 = ADVANCED_FACE ( 'NONE', ( #3431 ), #527, .T. ) ;
#925 = EDGE_CURVE ( 'NONE', #143, #3341, #267, .T. ) ;
#926 = ORIENTED_EDGE ( 'NONE', *, *, #4678, .T. ) ;
#927 = ORIENTED_EDGE ( 'NONE', *, *, #3681, .F. ) ;
#928 = LINE ( 'NONE', #1404, #875 ) ;
#929 = FACE_OUTER_BOUND ( 'NONE', #1690, .T. ) ;
#930 = AXIS2_PLACEMENT_3D ( 'NONE', #2132, #3264, #4005 ) ;
#931 = DIRECTION ( 'NONE',  ( 1.000000000000000000, 0.000000000000000000, 0.000000000000000000 ) ) ;
#932 = FACE_BOUND ( 'NONE', #2434, .T. ) ;
#933 = DIRECTION ( 'NONE',  ( -0.000000000000000000, 0.000000000000000000, -1.000000000000000000 ) ) ;
#934 = DATE_TIME_ROLE ( 'classification_date' ) ;
#935 = CONICAL_SURFACE ( 'NONE', #1917, 4.000000000000017764, 0.7853981633974460586 ) ;
#936 = EDGE_CURVE ( 'NONE', #619, #3586, #2512, .T. ) ;
#937 = AXIS2_PLACEMENT_3D ( 'NONE', #2513, #2089, #4288 ) ;
#938 = DIRECTION ( 'NONE',  ( 0.000000000000000000, -1.000000000000000000, 0.000000000000000000 ) ) ;
#939 = ORIENTED_EDGE ( 'NONE', *, *, #2334, .T. ) ;
#940 = CARTESIAN_POINT ( 'NONE',  ( 15.90000000000005720, -551.0000000000004547, 10.90000000000000036 ) ) ;
#941 = CARTESIAN_POINT ( 'NONE',  ( 22.00000000000000711, -624.5000000000000000, 324.7999999999999545 ) ) ;
#942 = DIRECTION ( 'NONE',  ( -1.000000000000000000, 0.000000000000000000, -0.000000000000000000 ) ) ;
#943 = ORIENTED_EDGE ( 'NONE', *, *, #2272, .T. ) ;
#944 = DIRECTION ( 'NONE',  ( -0.000000000000000000, 1.000000000000000000, -0.000000000000000000 ) ) ;
#945 = DIRECTION ( 'NONE',  ( -1.000000000000000000, 0.000000000000000000, 0.000000000000000000 ) ) ;
#946 = VERTEX_POINT ( 'NONE', #3008 ) ;
#947 = ORIENTED_EDGE ( 'NONE', *, *, #2538, .F. ) ;
#948 = CARTESIAN_POINT ( 'NONE',  ( 894.8000000000002956, -624.4999999999998863, 300.0000000000000000 ) ) ;
#949 = DATE_AND_TIME ( #3750, #4682 ) ;
#950 = PERSON ( 'NAUO-PER6', 'UNSPECIFIED', 'UNSPECIFIED', ('UNSPECIFIED'), ('UNSPECIFIED'), ('UNSPECIFIED') ) ;
#951 = CARTESIAN_POINT ( 'NONE',  ( 5.200000000000006395, -624.5000000000000000, 316.7999999999999545 ) ) ;
#952 = APPROVAL_PERSON_ORGANIZATION ( #3941, #3590, #2060 ) ;
#953 = EDGE_CURVE ( 'NONE', #4119, #1194, #331, .T. ) ;
#954 = LINE ( 'NONE', #3227, #1141 ) ;
#955 = AXIS2_PLACEMENT_3D ( 'NONE', #4117, #481, #1618 ) ;
#956 = AXIS2_PLACEMENT_3D ( 'NONE', #1859, #2977, #3335 ) ;
#957 = CARTESIAN_POINT ( 'NONE',  ( 15.00000000000008527, 0.000000000000000000, 0.000000000000000000 ) ) ;
#958 = VERTEX_POINT ( 'NONE', #3372 ) ;
#959 = ORIENTED_EDGE ( 'NONE', *, *, #1829, .F. ) ;
#960 = DIRECTION ( 'NONE',  ( -0.000000000000000000, 1.000000000000000000, -0.000000000000000000 ) ) ;
#961 = EDGE_CURVE ( 'NONE', #752, #4556, #1601, .T. ) ;
#962 = VERTEX_POINT ( 'NONE', #1514 ) ;
#963 = VECTOR ( 'NONE', #4416, 1000.000000000000000 ) ;
#964 = APPROVAL_ROLE ( '' ) ;
#965 = EDGE_LOOP ( 'NONE', ( #2953, #1502, #4449, #415 ) ) ;
#966 = CARTESIAN_POINT ( 'NONE',  ( 30.00000000000002132, -343.9999999999999432, 977.2001181334803732 ) ) ;
#967 = ORIENTED_EDGE ( 'NONE', *, *, #3146, .F. ) ;
#968 = LINE ( 'NONE', #719, #1927 ) ;
#969 = EDGE_LOOP ( 'NONE', ( #495, #2266, #1994, #4625 ) ) ;
#970 = EDGE_CURVE ( 'NONE', #305, #2555, #3319, .T. ) ;
#971 = DIRECTION ( 'NONE',  ( -0.000000000000000000, 0.000000000000000000, 1.000000000000000000 ) ) ;
#972 = ORIENTED_EDGE ( 'NONE', *, *, #1716, .F. ) ;
#973 = VECTOR ( 'NONE', #2511, 1000.000000000000000 ) ;
#974 = FACE_OUTER_BOUND ( 'NONE', #3757, .T. ) ;
#975 = DIRECTION ( 'NONE',  ( 0.000000000000000000, 0.000000000000000000, -1.000000000000000000 ) ) ;
#976 = CARTESIAN_POINT ( 'NONE',  ( 15.90000000000005720, 270.0000000000001137, 15.90000000000000036 ) ) ;
#977 = EDGE_LOOP ( 'NONE', ( #3479, #3856, #1882, #3680, #2286, #110, #202, #995 ) ) ;
#978 = EDGE_CURVE ( 'NONE', #137, #1239, #1481, .T. ) ;
#979 = CYLINDRICAL_SURFACE ( 'NONE', #2418, 15.00000000000000000 ) ;
#980 = AXIS2_PLACEMENT_3D ( 'NONE', #3654, #2204, #2134 ) ;
#981 = DIRECTION ( 'NONE',  ( -0.000000000000000000, -0.000000000000000000, -1.000000000000000000 ) ) ;
#982 = VECTOR ( 'NONE', #2158, 1000.000000000000000 ) ;
#983 = AXIS2_PLACEMENT_3D ( 'NONE', #3323, #3393, #3360 ) ;
#984 = CARTESIAN_POINT ( 'NONE',  ( 6.450000000000001066, 0.000000000000000000, -1.500000000000000000 ) ) ;
#985 = CARTESIAN_POINT ( 'NONE',  ( 894.8000000000002956, -574.9999999999998863, 316.7999999999999545 ) ) ;
#986 = ORIENTED_EDGE ( 'NONE', *, *, #2769, .T. ) ;
#987 = ORIENTED_EDGE ( 'NONE', *, *, #3377, .T. ) ;
#988 = VECTOR ( 'NONE', #1008, 1000.000000000000000 ) ;
#989 = FACE_OUTER_BOUND ( 'NONE', #548, .T. ) ;
#990 = LINE ( 'NONE', #4159, #2362 ) ;
#991 = ORIENTED_EDGE ( 'NONE', *, *, #2640, .T. ) ;
#992 = EDGE_CURVE ( 'NONE', #2506, #2324, #4367, .T. ) ;
#993 = CC_DESIGN_PERSON_AND_ORGANIZATION_ASSIGNMENT ( #3365, #3255, ( #3443 ) ) ;
#994 = CYLINDRICAL_SURFACE ( 'NONE', #1772, 5.049999999999998934 ) ;
#995 = ORIENTED_EDGE ( 'NONE', *, *, #2236, .F. ) ;
#996 = CARTESIAN_POINT ( 'NONE',  ( -0.000000000000000000, 220.0000000000000568, 0.000000000000000000 ) ) ;
#997 = EDGE_LOOP ( 'NONE', ( #1102, #3702 ) ) ;
#998 = ORIENTED_EDGE ( 'NONE', *, *, #4766, .T. ) ;
#999 = CARTESIAN_POINT ( 'NONE',  ( 15.90000000000005720, -353.5000000000000000, 15.90000000000000036 ) ) ;
#1000 = CARTESIAN_POINT ( 'NONE',  ( 15.90000000000005720, 353.5000000000000568, 15.90000000000000036 ) ) ;
#1001 = ORIENTED_EDGE ( 'NONE', *, *, #366, .F. ) ;
#1002 = EDGE_LOOP ( 'NONE', ( #3203, #879, #1193, #959, #3884, #4610, #4428, #52 ) ) ;
#1003 = CARTESIAN_POINT ( 'NONE',  ( 870.0000000000001137, -361.9999999999997726, 299.9999999999999432 ) ) ;
#1004 = CARTESIAN_POINT ( 'NONE',  ( 8.572527594031471730E-14, 355.0000000000000000, 15.00000000000000000 ) ) ;
#1005 = ORIENTED_EDGE ( 'NONE', *, *, #1492, .F. ) ;
#1006 = ORGANIZATION ( 'NAUO-ORG2', 'UNSPECIFIED', 'UNSPECIFIED' ) ;
#1007 = ORIENTED_EDGE ( 'NONE', *, *, #555, .T. ) ;
#1008 = DIRECTION ( 'NONE',  ( 6.240605398965257355E-16, -1.000000000000000000, 0.000000000000000000 ) ) ;
#1009 = ORIENTED_EDGE ( 'NONE', *, *, #2210, .T. ) ;
#1010 = EDGE_CURVE ( 'NONE', #4105, #4636, #466, .T. ) ;
#1011 = AXIS2_PLACEMENT_3D ( 'NONE', #550, #4210, #1999 ) ;
#1012 = FACE_OUTER_BOUND ( 'NONE', #4693, .T. ) ;
#1013 = DIRECTION ( 'NONE',  ( -0.000000000000000000, 1.000000000000000000, -0.000000000000000000 ) ) ;
#1014 = EDGE_LOOP ( 'NONE', ( #4358, #2429, #4126, #818, #3359, #3738, #4283, #2891, #3808, #2485, #4762, #2463 ) ) ;
#1015 = CARTESIAN_POINT ( 'NONE',  ( 22.00000000000000711, -114.9999999999999574, 324.7999999999999545 ) ) ;
#1016 = LOCAL_TIME ( 9, 9, 43.00000000000000000, #2975 ) ;
#1017 = CARTESIAN_POINT ( 'NONE',  ( 15.90000000000005720, 240.0000000000000000, 10.90000000000000036 ) ) ;
#1018 = DIRECTION ( 'NONE',  ( 0.000000000000000000, -1.000000000000000000, 0.000000000000000000 ) ) ;
#1019 = CARTESIAN_POINT ( 'NONE',  ( 15.90000000000000036, -114.9999999999999574, 316.0000000000000000 ) ) ;
#1020 = CIRCLE ( 'NONE', #4616, 5.000000000000000888 ) ;
#1021 = PLANE ( 'NONE',  #798 ) ;
#1022 = DIRECTION ( 'NONE',  ( -1.000000000000000000, 0.000000000000000000, -0.000000000000000000 ) ) ;
#1023 = LOCAL_TIME ( 9, 9, 43.00000000000000000, #735 ) ;
#1024 = CYLINDRICAL_SURFACE ( 'NONE', #1950, 8.000000000000007105 ) ;
#1025 = VERTEX_POINT ( 'NONE', #3790 ) ;
#1026 = EDGE_CURVE ( 'NONE', #1409, #575, #3830, .T. ) ;
#1027 = ADVANCED_FACE ( 'NONE', ( #4061 ), #1024, .T. ) ;
#1028 = APPROVAL ( #3118, 'UNKNOWN' ) ;
#1029 = ORIENTED_EDGE ( 'NONE', *, *, #3344, .F. ) ;
#1030 = DIRECTION ( 'NONE',  ( 0.000000000000000000, 0.000000000000000000, 1.000000000000000000 ) ) ;
#1031 = CARTESIAN_POINT ( 'NONE',  ( 884.1000000000002501, -574.9999999999998863, 316.0000000000000000 ) ) ;
#1032 = LOCAL_TIME ( 9, 9, 43.00000000000000000, #1203 ) ;
#1033 = CARTESIAN_POINT ( 'NONE',  ( 30.00000000000008171, -667.9999999999998863, 300.0000000000000000 ) ) ;
#1034 = ORIENTED_EDGE ( 'NONE', *, *, #1401, .T. ) ;
#1035 = CARTESIAN_POINT ( 'NONE',  ( 15.90000000000000036, -575.0000000000000000, 321.0500000000000114 ) ) ;
#1036 = FACE_OUTER_BOUND ( 'NONE', #2119, .T. ) ;
#1037 = VECTOR ( 'NONE', #1467, 1000.000000000000000 ) ;
#1038 = DIRECTION ( 'NONE',  ( -1.288758049684149971E-16, 0.000000000000000000, 1.000000000000000000 ) ) ;
#1039 = ORIENTED_EDGE ( 'NONE', *, *, #1605, .T. ) ;
#1040 = DIRECTION ( 'NONE',  ( 1.000000000000000000, 0.000000000000000000, -0.000000000000000000 ) ) ;
#1041 = PLANE ( 'NONE',  #2661 ) ;
#1042 = CIRCLE ( 'NONE', #2070, 5.049999999999998934 ) ;
#1043 = EDGE_CURVE ( 'NONE', #2276, #1349, #4588, .T. ) ;
#1044 = EDGE_CURVE ( 'NONE', #3188, #3714, #23, .T. ) ;
#1045 = VECTOR ( 'NONE', #2860, 1000.000000000000000 ) ;
#1046 = VECTOR ( 'NONE', #2553, 1000.000000000000000 ) ;
#1047 = CARTESIAN_POINT ( 'NONE',  ( 202.0000000000000568, -18.00000000000000000, 300.0000000000000568 ) ) ;
#1048 = DIRECTION ( 'NONE',  ( -0.000000000000000000, -1.000000000000000000, -0.000000000000000000 ) ) ;
#1049 = EDGE_CURVE ( 'NONE', #2186, #3714, #261, .T. ) ;
#1050 = VERTEX_POINT ( 'NONE', #664 ) ;
#1051 = VECTOR ( 'NONE', #2631, 1000.000000000000000 ) ;
#1052 = CIRCLE ( 'NONE', #3464, 5.000000000000000888 ) ;
#1053 = AXIS2_PLACEMENT_3D ( 'NONE', #1243, #2263, #457 ) ;
#1054 = PERSON ( 'NAUO-PER5', 'UNSPECIFIED', 'UNSPECIFIED', ('UNSPECIFIED'), ('UNSPECIFIED'), ('UNSPECIFIED') ) ;
#1055 = ORIENTED_EDGE ( 'NONE', *, *, #3377, .F. ) ;
#1056 = ADVANCED_FACE ( 'NONE', ( #2038 ), #4746, .T. ) ;
#1057 = EDGE_CURVE ( 'NONE', #3311, #3085, #3427, .T. ) ;
#1058 = EDGE_LOOP ( 'NONE', ( #3169, #943, #3028, #1935 ) ) ;
#1059 = APPROVAL ( #1097, 'UNKNOWN' ) ;
#1060 = PLANE ( 'NONE',  #4046 ) ;
#1061 = ORIENTED_EDGE ( 'NONE', *, *, #2379, .T. ) ;
#1062 = DIRECTION ( 'NONE',  ( -3.628179819036458718E-16, -1.000000000000000000, 0.000000000000000000 ) ) ;
#1063 = ORIENTED_EDGE ( 'NONE', *, *, #683, .T. ) ;
#1064 = CARTESIAN_POINT ( 'NONE',  ( 900.0000000000000000, 0.000000000000000000, 0.000000000000000000 ) ) ;
#1065 = DIRECTION ( 'NONE',  ( -0.000000000000000000, 1.000000000000000000, -0.000000000000000000 ) ) ;
#1066 = DIRECTION ( 'NONE',  ( 0.000000000000000000, 1.000000000000000000, -0.000000000000000000 ) ) ;
#1067 = PLANE ( 'NONE',  #3740 ) ;
#1068 = ORIENTED_EDGE ( 'NONE', *, *, #2604, .T. ) ;
#1069 = VERTEX_POINT ( 'NONE', #3189 ) ;
#1070 = DIRECTION ( 'NONE',  ( 1.000000000000000000, 0.000000000000000000, 0.000000000000000000 ) ) ;
#1071 = APPROVAL_DATE_TIME ( #3182, #2245 ) ;
#1072 = DATE_AND_TIME ( #3241, #1189 ) ;
#1073 = DIRECTION ( 'NONE',  ( 0.000000000000000000, 0.000000000000000000, -1.000000000000000000 ) ) ;
#1074 = ORIENTED_EDGE ( 'NONE', *, *, #1204, .T. ) ;
#1075 = ORIENTED_EDGE ( 'NONE', *, *, #3140, .F. ) ;
#1076 = CARTESIAN_POINT ( 'NONE',  ( 15.90000000000005720, -551.0000000000004547, 20.90000000000000213 ) ) ;
#1077 = CARTESIAN_POINT ( 'NONE',  ( 30.00000000000008171, -667.9999999999998863, -0.000000000000000000 ) ) ;
#1078 = DIRECTION ( 'NONE',  ( 0.000000000000000000, 1.000000000000000000, 0.000000000000000000 ) ) ;
#1079 = VERTEX_POINT ( 'NONE', #2102 ) ;
#1080 = VECTOR ( 'NONE', #3266, 1000.000000000000000 ) ;
#1081 = CARTESIAN_POINT ( 'NONE',  ( 878.0000000000000000, -65.49999999999984368, 316.7999999999999545 ) ) ;
#1082 = VERTEX_POINT ( 'NONE', #4684 ) ;
#1083 = APPROVAL ( #2105, 'UNKNOWN' ) ;
#1084 = ORIENTED_EDGE ( 'NONE', *, *, #3992, .F. ) ;
#1085 = VECTOR ( 'NONE', #2123, 1000.000000000000000 ) ;
#1086 = ORIENTED_EDGE ( 'NONE', *, *, #3081, .F. ) ;
#1087 = DATE_AND_TIME ( #3712, #4698 ) ;
#1088 = PLANE ( 'NONE',  #3309 ) ;
#1089 = ORIENTED_EDGE ( 'NONE', *, *, #4731, .T. ) ;
#1090 = EDGE_CURVE ( 'NONE', #877, #1563, #4532, .T. ) ;
#1091 = DIRECTION ( 'NONE',  ( 1.227650459922048666E-16, -1.000000000000000000, 0.000000000000000000 ) ) ;
#1092 = CARTESIAN_POINT ( 'NONE',  ( 0.000000000000000000, 0.000000000000000000, 0.000000000000000000 ) ) ;
#1093 = ORIENTED_EDGE ( 'NONE', *, *, #1390, .F. ) ;
#1094 = CARTESIAN_POINT ( 'NONE',  ( 870.0000000000000000, -65.49999999999984368, 316.7999999999999545 ) ) ;
#1095 = DIRECTION ( 'NONE',  ( 0.000000000000000000, -0.000000000000000000, 1.000000000000000000 ) ) ;
#1096 = ORIENTED_EDGE ( 'NONE', *, *, #1949, .F. ) ;
#1097 = APPROVAL_STATUS ( 'not_yet_approved' ) ;
#1098 = LINE ( 'NONE', #1212, #2936 ) ;
#1099 = VERTEX_POINT ( 'NONE', #3597 ) ;
#1100 = CARTESIAN_POINT ( 'NONE',  ( 202.0000000000000568, -343.9999999999998863, 977.2001181334803732 ) ) ;
#1101 = ADVANCED_FACE ( 'NONE', ( #3765, #523 ), #4310, .T. ) ;
#1102 = ORIENTED_EDGE ( 'NONE', *, *, #3515, .T. ) ;
#1103 =( NAMED_UNIT ( * ) SI_UNIT ( $, .STERADIAN. ) SOLID_ANGLE_UNIT ( ) );
#1104 = LINE ( 'NONE', #395, #97 ) ;
#1105 = ORIENTED_EDGE ( 'NONE', *, *, #782, .T. ) ;
#1106 = VECTOR ( 'NONE', #2768, 1000.000000000000000 ) ;
#1107 = CARTESIAN_POINT ( 'NONE',  ( 15.00000000000008527, -270.0000000000000000, 15.00000000000000000 ) ) ;
#1108 = VECTOR ( 'NONE', #897, 1000.000000000000000 ) ;
#1109 = CIRCLE ( 'NONE', #4241, 15.00000000000000000 ) ;
#1110 = AXIS2_PLACEMENT_3D ( 'NONE', #3015, #1596, #3043 ) ;
#1111 = AXIS2_PLACEMENT_3D ( 'NONE', #767, #2552, #4748 ) ;
#1112 = DIRECTION ( 'NONE',  ( -0.000000000000000000, 1.000000000000000000, -0.000000000000000000 ) ) ;
#1113 = FACE_OUTER_BOUND ( 'NONE', #763, .T. ) ;
#1114 = DIRECTION ( 'NONE',  ( -6.240605398965257355E-16, 1.000000000000000000, 0.000000000000000000 ) ) ;
#1115 = DIRECTION ( 'NONE',  ( 0.000000000000000000, 1.000000000000000000, 0.000000000000000000 ) ) ;
#1116 = PLANE ( 'NONE',  #3190 ) ;
#1117 = CARTESIAN_POINT ( 'NONE',  ( 8.673617379884035472E-14, 270.0000000000000568, 27.00000000000000355 ) ) ;
#1118 = ORIENTED_EDGE ( 'NONE', *, *, #4719, .F. ) ;
#1119 = EDGE_CURVE ( 'NONE', #1395, #1148, #679, .T. ) ;
#1120 = CC_DESIGN_APPROVAL ( #2239, ( #265 ) ) ;
#1121 = DIRECTION ( 'NONE',  ( -1.708035422500241173E-16, -1.000000000000000000, 0.000000000000000000 ) ) ;
#1122 = ORIENTED_EDGE ( 'NONE', *, *, #2865, .T. ) ;
#1123 = CARTESIAN_POINT ( 'NONE',  ( 8.572527594031471730E-14, 355.0000000000000000, 15.00000000000000000 ) ) ;
#1124 = ORIENTED_EDGE ( 'NONE', *, *, #1620, .T. ) ;
#1125 = CARTESIAN_POINT ( 'NONE',  ( 15.00000000000008527, 355.0000000000000000, 15.00000000000000000 ) ) ;
#1126 = ORIENTED_EDGE ( 'NONE', *, *, #3828, .T. ) ;
#1127 = PERSON_AND_ORGANIZATION ( #1356, #2430 ) ;
#1128 = EDGE_CURVE ( 'NONE', #1846, #2907, #2458, .T. ) ;
#1129 = CC_DESIGN_DATE_AND_TIME_ASSIGNMENT ( #1299, #3469, ( #199 ) ) ;
#1130 = DIRECTION ( 'NONE',  ( -0.000000000000000000, -0.000000000000000000, -1.000000000000000000 ) ) ;
#1131 = CARTESIAN_POINT ( 'NONE',  ( 15.90000000000005720, -270.0000000000000000, 10.90000000000000036 ) ) ;
#1132 = ORIENTED_EDGE ( 'NONE', *, *, #27, .T. ) ;
#1133 = CARTESIAN_POINT ( 'NONE',  ( 15.90000000000005720, -551.0000000000004547, 20.90000000000000213 ) ) ;
#1134 = DIRECTION ( 'NONE',  ( 0.000000000000000000, 0.000000000000000000, 1.000000000000000000 ) ) ;
#1135 = DIRECTION ( 'NONE',  ( 0.000000000000000000, 0.000000000000000000, 1.000000000000000000 ) ) ;
#1136 = DIRECTION ( 'NONE',  ( 0.000000000000000000, 0.000000000000000000, 1.000000000000000000 ) ) ;
#1137 = LOCAL_TIME ( 9, 9, 43.00000000000000000, #3361 ) ;
#1138 = CARTESIAN_POINT ( 'NONE',  ( 878.0000000000002274, -624.4999999999998863, 324.7999999999999545 ) ) ;
#1139 = VERTEX_POINT ( 'NONE', #2454 ) ;
#1140 = CALENDAR_DATE ( 2026, 5, 6 ) ;
#1141 = VECTOR ( 'NONE', #3194, 1000.000000000000000 ) ;
#1142 = EDGE_CURVE ( 'NONE', #3461, #4745, #2683, .T. ) ;
#1143 = ORIENTED_EDGE ( 'NONE', *, *, #4503, .T. ) ;
#1144 = DIRECTION ( 'NONE',  ( 1.000000000000000000, -0.000000000000000000, -0.000000000000000000 ) ) ;
#1145 = VERTEX_POINT ( 'NONE', #4330 ) ;
#1146 = CARTESIAN_POINT ( 'NONE',  ( 30.00000000000005329, -18.00000000000000000, 2.000000000000000000 ) ) ;
#1147 = APPROVAL_DATE_TIME ( #3095, #12 ) ;
#1148 = VERTEX_POINT ( 'NONE', #2856 ) ;
#1149 = DIRECTION ( 'NONE',  ( 0.000000000000000000, 0.000000000000000000, -1.000000000000000000 ) ) ;
#1150 = CARTESIAN_POINT ( 'NONE',  ( 0.000000000000000000, 0.000000000000000000, 300.0000000000000000 ) ) ;
#1151 = CARTESIAN_POINT ( 'NONE',  ( -28.00000000000005684, -220.0000000000000000, 22.00000000000000000 ) ) ;
#1152 = EDGE_CURVE ( 'NONE', #2854, #593, #2155, .T. ) ;
#1153 = PRODUCT_DEFINITION_FORMATION_WITH_SPECIFIED_SOURCE ( '任何', '', #300, .NOT_KNOWN. ) ;
#1154 = ORIENTED_EDGE ( 'NONE', *, *, #1649, .F. ) ;
#1155 = LINE ( 'NONE', #1572, #814 ) ;
#1156 = PLANE ( 'NONE',  #1111 ) ;
#1157 = LINE ( 'NONE', #1841, #1037 ) ;
#1158 = DIRECTION ( 'NONE',  ( 0.000000000000000000, 0.000000000000000000, -1.000000000000000000 ) ) ;
#1159 = EDGE_LOOP ( 'NONE', ( #3390, #813, #4115, #4356 ) ) ;
#1160 = VECTOR ( 'NONE', #823, 1000.000000000000000 ) ;
#1161 = CYLINDRICAL_SURFACE ( 'NONE', #255, 6.500000000000005329 ) ;
#1162 = ADVANCED_FACE ( 'NONE', ( #4297 ), #2559, .T. ) ;
#1163 = CARTESIAN_POINT ( 'NONE',  ( 5.000000000000000000, 6.123233995736766282E-16, 120.0000000000000000 ) ) ;
#1164 = CARTESIAN_POINT ( 'NONE',  ( 8.572527594031471730E-14, 355.0000000000000000, 30.00000000000000000 ) ) ;
#1165 = APPROVAL_ROLE ( '' ) ;
#1166 = DIRECTION ( 'NONE',  ( -0.000000000000000000, -1.000000000000000000, -0.000000000000000000 ) ) ;
#1167 = FACE_OUTER_BOUND ( 'NONE', #2310, .T. ) ;
#1168 = CARTESIAN_POINT ( 'NONE',  ( 15.90000000000005720, 355.0000000000000000, 15.90000000000000036 ) ) ;
#1169 = VECTOR ( 'NONE', #1534, 1000.000000000000000 ) ;
#1170 = EDGE_CURVE ( 'NONE', #2934, #1797, #3252, .T. ) ;
#1171 = ORIENTED_EDGE ( 'NONE', *, *, #2370, .T. ) ;
#1172 = LINE ( 'NONE', #1721, #3505 ) ;
#1173 = ORIENTED_EDGE ( 'NONE', *, *, #4577, .T. ) ;
#1174 = PLANE ( 'NONE',  #4548 ) ;
#1175 = ORIENTED_EDGE ( 'NONE', *, *, #4258, .T. ) ;
#1176 = EDGE_CURVE ( 'NONE', #1324, #1978, #1197, .T. ) ;
#1177 = FACE_OUTER_BOUND ( 'NONE', #4219, .T. ) ;
#1178 = AXIS2_PLACEMENT_3D ( 'NONE', #2658, #2307, #4065 ) ;
#1179 = CARTESIAN_POINT ( 'NONE',  ( 5.200000000000002842, -624.5000000000000000, 300.0000000000000000 ) ) ;
#1180 = EDGE_CURVE ( 'NONE', #3145, #4578, #385, .T. ) ;
#1181 = DIRECTION ( 'NONE',  ( 0.000000000000000000, -1.000000000000000000, 0.000000000000000000 ) ) ;
#1182 = EDGE_LOOP ( 'NONE', ( #2881, #3531, #4541, #840 ) ) ;
#1183 = EDGE_CURVE ( 'NONE', #3716, #3647, #4001, .T. ) ;
#1184 = AXIS2_PLACEMENT_3D ( 'NONE', #273, #2869, #662 ) ;
#1185 = LOCAL_TIME ( 9, 9, 43.00000000000000000, #1359 ) ;
#1186 = VERTEX_POINT ( 'NONE', #1807 ) ;
#1187 = DIRECTION ( 'NONE',  ( -0.000000000000000000, 1.000000000000000000, -0.000000000000000000 ) ) ;
#1188 = APPLICATION_PROTOCOL_DEFINITION ( 'international standard', 'config_control_design', 1994, #271 ) ;
#1189 = LOCAL_TIME ( 9, 9, 43.00000000000000000, #183 ) ;
#1190 = LINE ( 'NONE', #2474, #2027 ) ;
#1191 = ADVANCED_FACE ( 'NONE', ( #327 ), #2945, .T. ) ;
#1192 = APPLICATION_CONTEXT ( 'configuration controlled 3d designs of mechanical parts and assemblies' ) ;
#1193 = ORIENTED_EDGE ( 'NONE', *, *, #129, .T. ) ;
#1194 = VERTEX_POINT ( 'NONE', #2529 ) ;
#1195 = ORIENTED_EDGE ( 'NONE', *, *, #4326, .T. ) ;
#1196 = DIRECTION ( 'NONE',  ( 1.000000000000000000, 0.000000000000000000, -0.000000000000000000 ) ) ;
#1197 = LINE ( 'NONE', #4395, #3887 ) ;
#1198 = AXIS2_PLACEMENT_3D ( 'NONE', #775, #332, #1134 ) ;
#1199 = DIRECTION ( 'NONE',  ( 0.000000000000000000, 0.000000000000000000, 1.000000000000000000 ) ) ;
#1200 = CARTESIAN_POINT ( 'NONE',  ( 870.0000000000002274, -624.4999999999998863, 316.7999999999999545 ) ) ;
#1201 = EDGE_LOOP ( 'NONE', ( #3368, #1491, #4269, #1093, #1472 ) ) ;
#1202 = DIRECTION ( 'NONE',  ( 1.000000000000000000, 0.000000000000000000, 0.000000000000000000 ) ) ;
#1203 = COORDINATED_UNIVERSAL_TIME_OFFSET ( 8, 0, .AHEAD. ) ;
#1204 = EDGE_CURVE ( 'NONE', #4340, #3355, #2279, .T. ) ;
#1205 = AXIS2_PLACEMENT_3D ( 'NONE', #2287, #3021, #4098 ) ;
#1206 = ADVANCED_FACE ( 'NONE', ( #3943 ), #1116, .T. ) ;
#1207 = AXIS2_PLACEMENT_3D ( 'NONE', #864, #4540, #103 ) ;
#1208 = CARTESIAN_POINT ( 'NONE',  ( 15.90000000000000036, -624.5000000000000000, 316.0000000000000000 ) ) ;
#1209 = DATE_TIME_ROLE ( 'creation_date' ) ;
#1210 = VERTEX_POINT ( 'NONE', #4039 ) ;
#1211 = VERTEX_POINT ( 'NONE', #4717 ) ;
#1212 = CARTESIAN_POINT ( 'NONE',  ( -0.000000000000000000, 290.0000000000000568, 0.000000000000000000 ) ) ;
#1213 = EDGE_CURVE ( 'NONE', #3322, #2692, #3307, .T. ) ;
#1214 = FACE_OUTER_BOUND ( 'NONE', #3905, .T. ) ;
#1215 = APPROVAL ( #3488, 'UNKNOWN' ) ;
#1216 = VERTEX_POINT ( 'NONE', #2151 ) ;
#1217 = FACE_OUTER_BOUND ( 'NONE', #3563, .T. ) ;
#1218 = ORIENTED_EDGE ( 'NONE', *, *, #3245, .F. ) ;
#1219 = FACE_BOUND ( 'NONE', #1386, .T. ) ;
#1220 = LINE ( 'NONE', #4692, #982 ) ;
#1221 = DIRECTION ( 'NONE',  ( -0.000000000000000000, 0.000000000000000000, -1.000000000000000000 ) ) ;
#1222 = ORIENTED_EDGE ( 'NONE', *, *, #4214, .F. ) ;
#1223 = CIRCLE ( 'NONE', #1301, 5.000000000000000888 ) ;
#1224 = DIRECTION ( 'NONE',  ( -1.288758049684149971E-16, 0.000000000000000000, 1.000000000000000000 ) ) ;
#1225 = CIRCLE ( 'NONE', #4637, 5.000000000000000888 ) ;
#1226 = DIRECTION ( 'NONE',  ( -1.000000000000000000, -1.708035422500241173E-16, 0.000000000000000000 ) ) ;
#1227 = ORIENTED_EDGE ( 'NONE', *, *, #3998, .T. ) ;
#1228 = ADVANCED_FACE ( 'NONE', ( #3035 ), #4742, .F. ) ;
#1229 = SECURITY_CLASSIFICATION_LEVEL ( 'unclassified' ) ;
#1230 = EDGE_LOOP ( 'NONE', ( #2806, #1455 ) ) ;
#1231 = VECTOR ( 'NONE', #906, 1000.000000000000000 ) ;
#1232 = CARTESIAN_POINT ( 'NONE',  ( 870.0000000000001137, -343.9999999999998295, 300.0000000000000000 ) ) ;
#1233 = CYLINDRICAL_SURFACE ( 'NONE', #2016, 5.000000000000000888 ) ;
#1234 = EDGE_CURVE ( 'NONE', #4636, #3570, #2982, .T. ) ;
#1235 = VERTEX_POINT ( 'NONE', #1094 ) ;
#1236 = ADVANCED_FACE ( 'NONE', ( #253 ), #3990, .F. ) ;
#1237 = ORIENTED_EDGE ( 'NONE', *, *, #658, .F. ) ;
#1238 = AXIS2_PLACEMENT_3D ( 'NONE', #1358, #4660, #1731 ) ;
#1239 = VERTEX_POINT ( 'NONE', #3283 ) ;
#1240 = AXIS2_PLACEMENT_3D ( 'NONE', #716, #731, #1483 ) ;
#1241 = DATE_AND_TIME ( #3626, #373 ) ;
#1242 = DIRECTION ( 'NONE',  ( -1.609018876268343055E-16, 1.000000000000000000, -0.000000000000000000 ) ) ;
#1243 = CARTESIAN_POINT ( 'NONE',  ( 15.90000000000005720, -353.5000000000000000, 15.90000000000000036 ) ) ;
#1244 = ORIENTED_EDGE ( 'NONE', *, *, #1374, .T. ) ;
#1245 = DIRECTION ( 'NONE',  ( 0.000000000000000000, 0.000000000000000000, -1.000000000000000000 ) ) ;
#1246 = LOCAL_TIME ( 9, 9, 43.00000000000000000, #1847 ) ;
#1247 = EDGE_CURVE ( 'NONE', #1239, #4556, #3422, .T. ) ;
#1248 = CC_DESIGN_DATE_AND_TIME_ASSIGNMENT ( #1253, #2785, ( #573 ) ) ;
#1249 = DIRECTION ( 'NONE',  ( -2.065146995210486914E-16, 0.000000000000000000, -1.000000000000000000 ) ) ;
#1250 = ORIENTED_EDGE ( 'NONE', *, *, #3102, .T. ) ;
#1251 = VERTEX_POINT ( 'NONE', #1843 ) ;
#1252 = DIRECTION ( 'NONE',  ( -0.000000000000000000, 1.000000000000000000, -0.000000000000000000 ) ) ;
#1253 = DATE_AND_TIME ( #1969, #1137 ) ;
#1254 = ORIENTED_EDGE ( 'NONE', *, *, #713, .T. ) ;
#1255 = CARTESIAN_POINT ( 'NONE',  ( 0.000000000000000000, 0.000000000000000000, 300.0000000000000000 ) ) ;
#1256 = DIRECTION ( 'NONE',  ( -1.227650459922048666E-16, 1.000000000000000000, 0.000000000000000000 ) ) ;
#1257 = ADVANCED_FACE ( 'NONE', ( #2392 ), #3705, .T. ) ;
#1258 = CALENDAR_DATE ( 2026, 5, 6 ) ;
#1259 = PLANE ( 'NONE',  #4754 ) ;
#1260 = ADVANCED_FACE ( 'NONE', ( #1262 ), #3676, .F. ) ;
#1261 = CARTESIAN_POINT ( 'NONE',  ( 449.0000000000001137, 355.0000000000000000, 30.00000000000000000 ) ) ;
#1262 = FACE_OUTER_BOUND ( 'NONE', #1536, .T. ) ;
#1263 = CARTESIAN_POINT ( 'NONE',  ( 698.0000000000000000, -17.99999999999993250, 20.00000000000000000 ) ) ;
#1264 =( NAMED_UNIT ( * ) SI_UNIT ( $, .STERADIAN. ) SOLID_ANGLE_UNIT ( ) );
#1265 = ORIENTED_EDGE ( 'NONE', *, *, #4592, .T. ) ;
#1266 = ORIENTED_EDGE ( 'NONE', *, *, #1294, .T. ) ;
#1267 = CARTESIAN_POINT ( 'NONE',  ( 698.0000000000000000, -18.00000000000000000, 300.0000000000000000 ) ) ;
#1268 = DIRECTION ( 'NONE',  ( 0.000000000000000000, -1.000000000000000000, 0.000000000000000000 ) ) ;
#1269 = AXIS2_PLACEMENT_3D ( 'NONE', #81, #4161, #2708 ) ;
#1270 = VECTOR ( 'NONE', #3023, 1000.000000000000000 ) ;
#1271 = VERTEX_POINT ( 'NONE', #4464 ) ;
#1272 = PERSON_AND_ORGANIZATION ( #3556, #3381 ) ;
#1273 = CARTESIAN_POINT ( 'NONE',  ( 0.000000000000000000, 0.000000000000000000, 0.000000000000000000 ) ) ;
#1274 = VERTEX_POINT ( 'NONE', #1486 ) ;
#1275 = LINE ( 'NONE', #4255, #2293 ) ;
#1276 = LINE ( 'NONE', #4460, #476 ) ;
#1277 = CC_DESIGN_PERSON_AND_ORGANIZATION_ASSIGNMENT ( #2735, #1871, ( #3934 ) ) ;
#1278 = ORIENTED_EDGE ( 'NONE', *, *, #1044, .T. ) ;
#1279 = SECURITY_CLASSIFICATION_LEVEL ( 'unclassified' ) ;
#1280 = ORIENTED_EDGE ( 'NONE', *, *, #3639, .T. ) ;
#1281 = LINE ( 'NONE', #2723, #278 ) ;
#1282 = EDGE_CURVE ( 'NONE', #885, #640, #625, .T. ) ;
#1283 = CARTESIAN_POINT ( 'NONE',  ( 15.90000000000005720, 240.0000000000000000, 15.90000000000000036 ) ) ;
#1284 = VERTEX_POINT ( 'NONE', #9 ) ;
#1285 = VECTOR ( 'NONE', #3475, 1000.000000000000000 ) ;
#1286 = DESIGN_CONTEXT ( 'detailed design', #271, 'design' ) ;
#1287 = CIRCLE ( 'NONE', #2987, 6.450000000000001066 ) ;
#1288 = ORIENTED_EDGE ( 'NONE', *, *, #1837, .T. ) ;
#1289 = CYLINDRICAL_SURFACE ( 'NONE', #1532, 5.000000000000000888 ) ;
#1290 = VECTOR ( 'NONE', #4242, 1000.000000000000000 ) ;
#1291 = ORIENTED_EDGE ( 'NONE', *, *, #1665, .T. ) ;
#1292 = DIRECTION ( 'NONE',  ( 2.612425579928799129E-16, -1.000000000000000000, 0.000000000000000000 ) ) ;
#1293 = CARTESIAN_POINT ( 'NONE',  ( 15.90000000000005720, -290.0000000000000000, 15.90000000000000036 ) ) ;
#1294 = EDGE_CURVE ( 'NONE', #2675, #3388, #4055, .T. ) ;
#1295 = LINE ( 'NONE', #2544, #301 ) ;
#1296 = AXIS2_PLACEMENT_3D ( 'NONE', #4166, #172, #2757 ) ;
#1297 = VERTEX_POINT ( 'NONE', #4051 ) ;
#1298 = EDGE_LOOP ( 'NONE', ( #1414, #3265, #737, #4767 ) ) ;
#1299 = DATE_AND_TIME ( #3518, #2256 ) ;
#1300 = DIRECTION ( 'NONE',  ( 2.612425579928799129E-16, -1.000000000000000000, -0.000000000000000000 ) ) ;
#1301 = AXIS2_PLACEMENT_3D ( 'NONE', #3150, #960, #3516 ) ;
#1302 = AXIS2_PLACEMENT_3D ( 'NONE', #4658, #2077, #4619 ) ;
#1303 = ORIENTED_EDGE ( 'NONE', *, *, #2236, .T. ) ;
#1304 = CARTESIAN_POINT ( 'NONE',  ( 15.00000000000008527, -219.9999999999999716, 0.000000000000000000 ) ) ;
#1305 = DATE_AND_TIME ( #3813, #4164 ) ;
#1306 = ADVANCED_FACE ( 'NONE', ( #1416 ), #3688, .F. ) ;
#1307 = CARTESIAN_POINT ( 'NONE',  ( 15.90000000000005720, -551.0000000000004547, 15.90000000000000036 ) ) ;
#1308 = EDGE_CURVE ( 'NONE', #3165, #2834, #1918, .T. ) ;
#1309 = APPROVAL_PERSON_ORGANIZATION ( #3991, #4467, #4151 ) ;
#1310 = CC_DESIGN_APPROVAL ( #2466, ( #4530 ) ) ;
#1311 = VECTOR ( 'NONE', #501, 1000.000000000000000 ) ;
#1312 = ORIENTED_EDGE ( 'NONE', *, *, #1620, .F. ) ;
#1313 = ORIENTED_EDGE ( 'NONE', *, *, #184, .T. ) ;
#1314 = VECTOR ( 'NONE', #2028, 1000.000000000000000 ) ;
#1315 = VERTEX_POINT ( 'NONE', #2607 ) ;
#1316 = DIRECTION ( 'NONE',  ( 0.000000000000000000, 0.000000000000000000, 1.000000000000000000 ) ) ;
#1317 = CARTESIAN_POINT ( 'NONE',  ( 15.90000000000000036, -65.49999999999995737, 316.0000000000000000 ) ) ;
#1318 = ORIENTED_EDGE ( 'NONE', *, *, #2853, .T. ) ;
#1319 = ORIENTED_EDGE ( 'NONE', *, *, #3855, .T. ) ;
#1320 = DIRECTION ( 'NONE',  ( -0.000000000000000000, -1.000000000000000000, -0.000000000000000000 ) ) ;
#1321 = ORIENTED_EDGE ( 'NONE', *, *, #3834, .F. ) ;
#1322 = ADVANCED_FACE ( 'NONE', ( #2922 ), #4361, .T. ) ;
#1323 = SHAPE_DEFINITION_REPRESENTATION ( #4581, #1398 ) ;
#1324 = VERTEX_POINT ( 'NONE', #4150 ) ;
#1325 = EDGE_CURVE ( 'NONE', #3405, #3586, #843, .T. ) ;
#1326 = ORIENTED_EDGE ( 'NONE', *, *, #961, .T. ) ;
#1327 = CARTESIAN_POINT ( 'NONE',  ( 0.000000000000000000, 0.000000000000000000, 20.00000000000000000 ) ) ;
#1328 = ORIENTED_EDGE ( 'NONE', *, *, #1183, .F. ) ;
#1329 = VERTEX_POINT ( 'NONE', #4473 ) ;
#1330 = DIRECTION ( 'NONE',  ( 1.000000000000000000, 0.000000000000000000, 0.000000000000000000 ) ) ;
#1331 = FACE_BOUND ( 'NONE', #4212, .T. ) ;
#1332 = CIRCLE ( 'NONE', #1207, 5.000000000000000888 ) ;
#1333 = EDGE_LOOP ( 'NONE', ( #4512, #884, #4517, #2744 ) ) ;
#1334 = DIRECTION ( 'NONE',  ( 0.000000000000000000, -1.000000000000000000, 0.000000000000000000 ) ) ;
#1335 = VECTOR ( 'NONE', #8, 1000.000000000000000 ) ;
#1336 = LINE ( 'NONE', #4342, #4760 ) ;
#1337 = CC_DESIGN_PERSON_AND_ORGANIZATION_ASSIGNMENT ( #2199, #2207, ( #1717 ) ) ;
#1338 = LINE ( 'NONE', #3558, #3160 ) ;
#1339 = CYLINDRICAL_SURFACE ( 'NONE', #2011, 8.000000000000007105 ) ;
#1340 = VECTOR ( 'NONE', #3507, 1000.000000000000000 ) ;
#1341 = EDGE_CURVE ( 'NONE', #293, #190, #621, .T. ) ;
#1342 = CARTESIAN_POINT ( 'NONE',  ( 8.450062914116736582E-14, -690.0000000000000000, 0.000000000000000000 ) ) ;
#1343 = CARTESIAN_POINT ( 'NONE',  ( 0.000000000000000000, 0.000000000000000000, 0.000000000000000000 ) ) ;
#1344 = CARTESIAN_POINT ( 'NONE',  ( 15.90000000000000036, -65.49999999999995737, 316.0000000000000000 ) ) ;
#1345 = ADVANCED_FACE ( 'NONE', ( #3533 ), #2637, .F. ) ;
#1346 = CARTESIAN_POINT ( 'NONE',  ( 8.572527594031471730E-14, 355.0000000000000000, 27.00000000000000355 ) ) ;
#1347 = DIRECTION ( 'NONE',  ( 0.000000000000000000, 0.000000000000000000, 1.000000000000000000 ) ) ;
#1348 = ORIENTED_EDGE ( 'NONE', *, *, #1516, .F. ) ;
#1349 = VERTEX_POINT ( 'NONE', #1561 ) ;
#1350 = DIRECTION ( 'NONE',  ( -1.288758049684149971E-16, 0.000000000000000000, 1.000000000000000000 ) ) ;
#1351 = DIRECTION ( 'NONE',  ( -0.000000000000000000, 1.000000000000000000, -0.000000000000000000 ) ) ;
#1352 = AXIS2_PLACEMENT_3D ( 'NONE', #3453, #3069, #4179 ) ;
#1353 = CARTESIAN_POINT ( 'NONE',  ( 8.673617379884035472E-14, -290.0000000000000000, 27.00000000000000355 ) ) ;
#1354 = COORDINATED_UNIVERSAL_TIME_OFFSET ( 8, 0, .AHEAD. ) ;
#1355 = LINE ( 'NONE', #4040, #2202 ) ;
#1356 = PERSON ( 'NAUO-PER7', 'UNSPECIFIED', 'UNSPECIFIED', ('UNSPECIFIED'), ('UNSPECIFIED'), ('UNSPECIFIED') ) ;
#1357 = DIRECTION ( 'NONE',  ( 1.000000000000000000, 2.612425579928799129E-16, 0.000000000000000000 ) ) ;
#1358 = CARTESIAN_POINT ( 'NONE',  ( 15.90000000000005720, -353.5000000000000000, 15.90000000000000036 ) ) ;
#1359 = COORDINATED_UNIVERSAL_TIME_OFFSET ( 8, 0, .AHEAD. ) ;
#1360 = AXIS2_PLACEMENT_3D ( 'NONE', #1420, #757, #2153 ) ;
#1361 = SECURITY_CLASSIFICATION ( '', '', #677 ) ;
#1362 = VERTEX_POINT ( 'NONE', #2378 ) ;
#1363 = ORIENTED_EDGE ( 'NONE', *, *, #3482, .F. ) ;
#1364 = DIRECTION ( 'NONE',  ( -1.227650459922048666E-16, 1.000000000000000000, 0.000000000000000000 ) ) ;
#1365 = EDGE_CURVE ( 'NONE', #2948, #2504, #1463, .T. ) ;
#1366 = DIRECTION ( 'NONE',  ( -1.000000000000000000, 0.000000000000000000, -0.000000000000000000 ) ) ;
#1367 = CARTESIAN_POINT ( 'NONE',  ( 30.00000000000000355, -18.00000000000000000, 300.0000000000000000 ) ) ;
#1368 = CARTESIAN_POINT ( 'NONE',  ( 15.00000000000008527, -355.0000000000000000, 15.00000000000000000 ) ) ;
#1369 = CALENDAR_DATE ( 2026, 5, 6 ) ;
#1370 = DIRECTION ( 'NONE',  ( 0.000000000000000000, 0.000000000000000000, 1.000000000000000000 ) ) ;
#1371 = ORIENTED_EDGE ( 'NONE', *, *, #782, .F. ) ;
#1372 = SHAPE_DEFINITION_REPRESENTATION ( #343, #3187 ) ;
#1373 = CARTESIAN_POINT ( 'NONE',  ( 870.0000000000001137, -343.9999999999998295, 977.2001181334804869 ) ) ;
#1374 = EDGE_CURVE ( 'NONE', #2983, #3325, #1020, .T. ) ;
#1375 = FACE_OUTER_BOUND ( 'NONE', #710, .T. ) ;
#1376 = FACE_OUTER_BOUND ( 'NONE', #3878, .T. ) ;
#1377 = ORIENTED_EDGE ( 'NONE', *, *, #2244, .F. ) ;
#1378 = LINE ( 'NONE', #904, #4193 ) ;
#1379 = AXIS2_PLACEMENT_3D ( 'NONE', #2219, #2594, #789 ) ;
#1380 = CYLINDRICAL_SURFACE ( 'NONE', #771, 6.450000000000001066 ) ;
#1381 =( GEOMETRIC_REPRESENTATION_CONTEXT ( 3 ) GLOBAL_UNCERTAINTY_ASSIGNED_CONTEXT ( ( #374 ) ) GLOBAL_UNIT_ASSIGNED_CONTEXT ( ( #3099, #1991, #1264 ) ) REPRESENTATION_CONTEXT ( 'NONE', 'WORKASPACE' ) );
#1382 = CARTESIAN_POINT ( 'NONE',  ( 15.90000000000005720, -353.5000000000000000, 22.40000000000000568 ) ) ;
#1383 = ADVANCED_FACE ( 'NONE', ( #2741 ), #3142, .F. ) ;
#1384 = CARTESIAN_POINT ( 'NONE',  ( 8.450062914116736582E-14, -690.0000000000000000, 300.0000000000000000 ) ) ;
#1385 = DIRECTION ( 'NONE',  ( -4.270088556250602932E-17, 1.000000000000000000, -0.000000000000000000 ) ) ;
#1386 = EDGE_LOOP ( 'NONE', ( #1195, #3674 ) ) ;
#1387 = VECTOR ( 'NONE', #2356, 1000.000000000000000 ) ;
#1388 = DIRECTION ( 'NONE',  ( -0.000000000000000000, 1.000000000000000000, -0.000000000000000000 ) ) ;
#1389 = FACE_OUTER_BOUND ( 'NONE', #398, .T. ) ;
#1390 = EDGE_CURVE ( 'NONE', #2558, #2985, #1696, .T. ) ;
#1391 = CC_DESIGN_SECURITY_CLASSIFICATION ( #1717, ( #4769 ) ) ;
#1392 = ORIENTED_EDGE ( 'NONE', *, *, #643, .F. ) ;
#1393 = CARTESIAN_POINT ( 'NONE',  ( 30.00000000000000355, -114.9999999999999574, 300.0000000000000000 ) ) ;
#1394 = VECTOR ( 'NONE', #2051, 1000.000000000000000 ) ;
#1395 = VERTEX_POINT ( 'NONE', #4609 ) ;
#1396 = VERTEX_POINT ( 'NONE', #580 ) ;
#1397 = DIRECTION ( 'NONE',  ( -1.000000000000000000, 0.000000000000000000, -1.288758049684149971E-16 ) ) ;
#1398 = SHAPE_REPRESENTATION ( '吊柜18-柜体_吊柜18', ( #779 ), #1381 ) ;
#1399 = DIRECTION ( 'NONE',  ( 0.000000000000000000, 0.000000000000000000, 1.000000000000000000 ) ) ;
#1400 = ORIENTED_EDGE ( 'NONE', *, *, #4654, .T. ) ;
#1401 = EDGE_CURVE ( 'NONE', #1631, #1324, #3821, .T. ) ;
#1402 = CARTESIAN_POINT ( 'NONE',  ( 22.00000000000000711, -624.5000000000000000, 324.7999999999999545 ) ) ;
#1403 = ORIENTED_EDGE ( 'NONE', *, *, #2865, .F. ) ;
#1404 = CARTESIAN_POINT ( 'NONE',  ( 15.90000000000005720, -353.5000000000000000, 22.40000000000000568 ) ) ;
#1405 = ORIENTED_EDGE ( 'NONE', *, *, #2195, .T. ) ;
#1406 = DIRECTION ( 'NONE',  ( 0.000000000000000000, 0.000000000000000000, 1.000000000000000000 ) ) ;
#1407 = LOCAL_TIME ( 9, 9, 43.00000000000000000, #2382 ) ;
#1408 = VECTOR ( 'NONE', #2850, 1000.000000000000000 ) ;
#1409 = VERTEX_POINT ( 'NONE', #3605 ) ;
#1410 = ORIENTED_EDGE ( 'NONE', *, *, #3024, .T. ) ;
#1411 = DIRECTION ( 'NONE',  ( 1.137523590804461357E-16, 0.000000000000000000, -1.000000000000000000 ) ) ;
#1412 = AXIS2_PLACEMENT_3D ( 'NONE', #4374, #315, #2150 ) ;
#1413 = VECTOR ( 'NONE', #1062, 1000.000000000000000 ) ;
#1414 = ORIENTED_EDGE ( 'NONE', *, *, #733, .T. ) ;
#1415 = APPROVAL_DATE_TIME ( #4531, #3874 ) ;
#1416 = FACE_OUTER_BOUND ( 'NONE', #2421, .T. ) ;
#1417 = EDGE_LOOP ( 'NONE', ( #3554, #1400 ) ) ;
#1418 = EDGE_CURVE ( 'NONE', #877, #2974, #1863, .T. ) ;
#1419 = CARTESIAN_POINT ( 'NONE',  ( 8.572527594031471730E-14, 355.0000000000000000, 30.00000000000000000 ) ) ;
#1420 = CARTESIAN_POINT ( 'NONE',  ( 15.00000000000008527, 240.0000000000000284, 15.00000000000000000 ) ) ;
#1421 = ORIENTED_EDGE ( 'NONE', *, *, #3729, .T. ) ;
#1422 = PLANE ( 'NONE',  #2363 ) ;
#1423 = ADVANCED_FACE ( 'NONE', ( #903 ), #1647, .F. ) ;
#1424 = FACE_OUTER_BOUND ( 'NONE', #4156, .T. ) ;
#1425 = ORIENTED_EDGE ( 'NONE', *, *, #3824, .T. ) ;
#1426 = FACE_OUTER_BOUND ( 'NONE', #618, .T. ) ;
#1427 = FACE_OUTER_BOUND ( 'NONE', #4312, .T. ) ;
#1428 = DIRECTION ( 'NONE',  ( -2.612425579928799129E-16, 1.000000000000000000, -0.000000000000000000 ) ) ;
#1429 = CYLINDRICAL_SURFACE ( 'NONE', #3836, 5.000000000000000888 ) ;
#1430 = VECTOR ( 'NONE', #698, 1000.000000000000000 ) ;
#1431 = EDGE_CURVE ( 'NONE', #1914, #2588, #2386, .T. ) ;
#1432 = ORIENTED_EDGE ( 'NONE', *, *, #3357, .F. ) ;
#1433 = FACE_OUTER_BOUND ( 'NONE', #173, .T. ) ;
#1434 = CIRCLE ( 'NONE', #4484, 8.000000000000007105 ) ;
#1435 = LINE ( 'NONE', #520, #213 ) ;
#1436 = CARTESIAN_POINT ( 'NONE',  ( 698.0000000000000000, -361.9999999999998295, 977.2001181334804869 ) ) ;
#1437 = DIRECTION ( 'NONE',  ( 0.000000000000000000, 0.000000000000000000, 1.000000000000000000 ) ) ;
#1438 = DIRECTION ( 'NONE',  ( 1.137523590804461357E-16, 0.000000000000000000, -1.000000000000000000 ) ) ;
#1439 = EDGE_CURVE ( 'NONE', #4137, #3720, #3477, .T. ) ;
#1440 = ORIENTED_EDGE ( 'NONE', *, *, #2431, .T. ) ;
#1441 = LINE ( 'NONE', #996, #2771 ) ;
#1442 = LINE ( 'NONE', #111, #2893 ) ;
#1443 = LINE ( 'NONE', #720, #3906 ) ;
#1444 = DIRECTION ( 'NONE',  ( 0.000000000000000000, 1.000000000000000000, 0.000000000000000000 ) ) ;
#1445 = ORIENTED_EDGE ( 'NONE', *, *, #2746, .T. ) ;
#1446 = LINE ( 'NONE', #3817, #826 ) ;
#1447 = LINE ( 'NONE', #4304, #492 ) ;
#1448 = EDGE_CURVE ( 'NONE', #2506, #1395, #4232, .T. ) ;
#1449 = VERTEX_POINT ( 'NONE', #1984 ) ;
#1450 = CC_DESIGN_SECURITY_CLASSIFICATION ( #199, ( #4774 ) ) ;
#1451 = EDGE_LOOP ( 'NONE', ( #1001, #3375, #3568, #4190 ) ) ;
#1452 = ORIENTED_EDGE ( 'NONE', *, *, #1634, .T. ) ;
#1453 = FACE_OUTER_BOUND ( 'NONE', #1014, .T. ) ;
#1454 = EDGE_LOOP ( 'NONE', ( #4176, #4048, #2501, #2617 ) ) ;
#1455 = ORIENTED_EDGE ( 'NONE', *, *, #3588, .T. ) ;
#1456 = DIRECTION ( 'NONE',  ( -2.612425579928799129E-16, 1.000000000000000000, -0.000000000000000000 ) ) ;
#1457 = ORIENTED_EDGE ( 'NONE', *, *, #2085, .T. ) ;
#1458 = ORIENTED_EDGE ( 'NONE', *, *, #3425, .T. ) ;
#1459 = CONTEXT_DEPENDENT_SHAPE_REPRESENTATION ( #2623, #4274 ) ;
#1460 = EDGE_CURVE ( 'NONE', #2419, #4345, #3031, .T. ) ;
#1461 = COORDINATED_UNIVERSAL_TIME_OFFSET ( 8, 0, .AHEAD. ) ;
#1462 = CLOSED_SHELL ( 'NONE', ( #464, #1521, #2648, #496, #2720, #4459, #4404, #3033, #1236, #1056, #924, #4427, #1260, #2909, #4635, #2845, #1423, #808, #2689, #841, #909, #264, #4173, #297, #3230, #3285, #2248, #1101, #2490 ) ) ;
#1463 = LINE ( 'NONE', #1263, #2867 ) ;
#1464 = DIRECTION ( 'NONE',  ( -0.000000000000000000, -0.000000000000000000, -1.000000000000000000 ) ) ;
#1465 = AXIS2_PLACEMENT_3D ( 'NONE', #302, #1444, #4700 ) ;
#1466 = AXIS2_PLACEMENT_3D ( 'NONE', #3753, #2303, #83 ) ;
#1467 = DIRECTION ( 'NONE',  ( 1.000000000000000000, 2.612425579928799129E-16, 0.000000000000000000 ) ) ;
#1468 = DIRECTION ( 'NONE',  ( 0.000000000000000000, 1.000000000000000000, 0.000000000000000000 ) ) ;
#1469 = DIRECTION ( 'NONE',  ( 0.000000000000000000, -0.9999999999999998890, 0.000000000000000000 ) ) ;
#1470 = ORIENTED_EDGE ( 'NONE', *, *, #2080, .F. ) ;
#1471 = CARTESIAN_POINT ( 'NONE',  ( 30.00000000000000355, -114.9999999999999574, 300.0000000000000000 ) ) ;
#1472 = ORIENTED_EDGE ( 'NONE', *, *, #4088, .T. ) ;
#1473 = CARTESIAN_POINT ( 'NONE',  ( 8.572527594031471730E-14, -270.0000000000000000, 30.00000000000000000 ) ) ;
#1474 = SECURITY_CLASSIFICATION_LEVEL ( 'unclassified' ) ;
#1475 = EDGE_CURVE ( 'NONE', #1898, #16, #4691, .T. ) ;
#1476 = CC_DESIGN_DATE_AND_TIME_ASSIGNMENT ( #376, #724, ( #1361 ) ) ;
#1477 = ORIENTED_EDGE ( 'NONE', *, *, #953, .T. ) ;
#1478 = DIRECTION ( 'NONE',  ( -0.000000000000000000, -0.000000000000000000, -1.000000000000000000 ) ) ;
#1479 = CARTESIAN_POINT ( 'NONE',  ( -28.00000000000005684, 290.0000000000000568, 27.00000000000000000 ) ) ;
#1480 = ORIENTED_EDGE ( 'NONE', *, *, #1308, .F. ) ;
#1481 = CIRCLE ( 'NONE', #2705, 5.000000000000000888 ) ;
#1482 = ORIENTED_EDGE ( 'NONE', *, *, #1957, .T. ) ;
#1483 = DIRECTION ( 'NONE',  ( 0.000000000000000000, 0.000000000000000000, 1.000000000000000000 ) ) ;
#1484 = DIRECTION ( 'NONE',  ( -0.000000000000000000, 1.000000000000000000, -0.000000000000000000 ) ) ;
#1485 = ORIENTED_EDGE ( 'NONE', *, *, #4146, .T. ) ;
#1486 = CARTESIAN_POINT ( 'NONE',  ( 15.90000000000005720, 270.0000000000001137, 10.90000000000000036 ) ) ;
#1487 = CARTESIAN_POINT ( 'NONE',  ( 879.0499999999999545, -114.9999999999998579, 316.0000000000000000 ) ) ;
#1488 = FACE_OUTER_BOUND ( 'NONE', #3827, .T. ) ;
#1489 = LINE ( 'NONE', #1163, #3391 ) ;
#1490 = PLANE ( 'NONE',  #4208 ) ;
#1491 = ORIENTED_EDGE ( 'NONE', *, *, #2763, .T. ) ;
#1492 = EDGE_CURVE ( 'NONE', #2324, #1148, #14, .T. ) ;
#1493 = VERTEX_POINT ( 'NONE', #1304 ) ;
#1494 = ORIENTED_EDGE ( 'NONE', *, *, #4223, .T. ) ;
#1495 = FACE_OUTER_BOUND ( 'NONE', #3651, .T. ) ;
#1496 = LINE ( 'NONE', #3127, #3212 ) ;
#1497 = ORIENTED_EDGE ( 'NONE', *, *, #745, .T. ) ;
#1498 = LINE ( 'NONE', #4298, #587 ) ;
#1499 = FACE_OUTER_BOUND ( 'NONE', #2503, .T. ) ;
#1500 = AXIS2_PLACEMENT_3D ( 'NONE', #3710, #3301, #3679 ) ;
#1501 = FACE_BOUND ( 'NONE', #69, .T. ) ;
#1502 = ORIENTED_EDGE ( 'NONE', *, *, #2210, .F. ) ;
#1503 = VECTOR ( 'NONE', #3126, 1000.000000000000000 ) ;
#1504 = FACE_OUTER_BOUND ( 'NONE', #4014, .T. ) ;
#1505 = DIRECTION ( 'NONE',  ( 2.612425579928799129E-16, -1.000000000000000000, 0.000000000000000000 ) ) ;
#1506 = CARTESIAN_POINT ( 'NONE',  ( 8.572527594031471730E-14, 355.0000000000000000, 30.00000000000000000 ) ) ;
#1507 = APPROVAL_STATUS ( 'not_yet_approved' ) ;
#1508 = EDGE_LOOP ( 'NONE', ( #2703, #2717, #3848, #2389 ) ) ;
#1509 = CARTESIAN_POINT ( 'NONE',  ( -28.00000000000005684, 220.0000000000000568, 27.00000000000000000 ) ) ;
#1510 = CARTESIAN_POINT ( 'NONE',  ( 449.0000000000001137, -355.0000000000000000, 30.00000000000000000 ) ) ;
#1511 = CC_DESIGN_APPROVAL ( #12, ( #3618 ) ) ;
#1512 = EDGE_LOOP ( 'NONE', ( #3074, #4085, #2868, #3544 ) ) ;
#1513 = CARTESIAN_POINT ( 'NONE',  ( 698.0000000000000000, -17.99999999999993250, 299.9999999999999432 ) ) ;
#1514 = CARTESIAN_POINT ( 'NONE',  ( 889.1499999999999773, -65.49999999999984368, 316.0000000000000000 ) ) ;
#1515 = DIRECTION ( 'NONE',  ( 2.612425579928799129E-16, -1.000000000000000000, -0.000000000000000000 ) ) ;
#1516 = EDGE_CURVE ( 'NONE', #1797, #3502, #2612, .T. ) ;
#1517 = CC_DESIGN_APPROVAL ( #2245, ( #411 ) ) ;
#1518 = CARTESIAN_POINT ( 'NONE',  ( 870.0000000000001137, -667.9999999999998863, 300.0000000000000000 ) ) ;
#1519 = ORIENTED_EDGE ( 'NONE', *, *, #3272, .T. ) ;
#1520 = DIRECTION ( 'NONE',  ( -0.000000000000000000, -1.000000000000000000, -0.000000000000000000 ) ) ;
#1521 = ADVANCED_FACE ( 'NONE', ( #448 ), #564, .F. ) ;
#1522 = CARTESIAN_POINT ( 'NONE',  ( 15.90000000000005720, -551.0000000000004547, 15.90000000000000036 ) ) ;
#1523 = ORIENTED_EDGE ( 'NONE', *, *, #375, .T. ) ;
#1524 = DATE_TIME_ROLE ( 'classification_date' ) ;
#1525 = UNCERTAINTY_MEASURE_WITH_UNIT (LENGTH_MEASURE( 1.000000000000000082E-05 ), #4716, 'distance_accuracy_value', 'NONE');
#1526 = ORIENTED_EDGE ( 'NONE', *, *, #3699, .F. ) ;
#1527 = CARTESIAN_POINT ( 'NONE',  ( 0.000000000000000000, 0.000000000000000000, 120.0000000000000000 ) ) ;
#1528 = DIRECTION ( 'NONE',  ( 2.612425579928799129E-16, -1.000000000000000000, 0.000000000000000000 ) ) ;
#1529 = DATE_AND_TIME ( #3527, #4350 ) ;
#1530 = DATE_AND_TIME ( #3876, #13 ) ;
#1531 = VECTOR ( 'NONE', #2365, 1000.000000000000000 ) ;
#1532 = AXIS2_PLACEMENT_3D ( 'NONE', #4634, #1351, #1679 ) ;
#1533 = ORIENTED_EDGE ( 'NONE', *, *, #629, .F. ) ;
#1534 = DIRECTION ( 'NONE',  ( -0.000000000000000000, -0.000000000000000000, 1.000000000000000000 ) ) ;
#1535 = VECTOR ( 'NONE', #4489, 1000.000000000000000 ) ;
#1536 = EDGE_LOOP ( 'NONE', ( #3455, #2840, #747, #3791 ) ) ;
#1537 = EDGE_CURVE ( 'NONE', #2163, #2854, #4229, .T. ) ;
#1538 = AXIS2_PLACEMENT_3D ( 'NONE', #2032, #215, #1364 ) ;
#1539 = ADVANCED_FACE ( 'NONE', ( #1977 ), #251, .T. ) ;
#1540 = ORIENTED_EDGE ( 'NONE', *, *, #1770, .F. ) ;
#1541 = DIRECTION ( 'NONE',  ( 1.000000000000000000, 0.000000000000000000, -0.000000000000000000 ) ) ;
#1542 = CARTESIAN_POINT ( 'NONE',  ( 33.00000000000007816, -290.0000000000000000, -26.84171144931213604 ) ) ;
#1543 = APPROVAL_STATUS ( 'not_yet_approved' ) ;
#1544 = CARTESIAN_POINT ( 'NONE',  ( 15.90000000000005720, 353.5000000000000000, 9.399999999999995026 ) ) ;
#1545 = LINE ( 'NONE', #2144, #4642 ) ;
#1546 = CARTESIAN_POINT ( 'NONE',  ( 870.0000000000000000, -18.00000000000000000, 20.00000000000001776 ) ) ;
#1547 = EDGE_CURVE ( 'NONE', #2956, #4389, #954, .T. ) ;
#1548 = SHAPE_REPRESENTATION_RELATIONSHIP ( 'NONE' , 'NONE' ,  #3195, #539 ) ;
#1549 = CC_DESIGN_APPROVAL ( #1059, ( #1717 ) ) ;
#1550 = DIRECTION ( 'NONE',  ( 4.270088556250604164E-17, 1.000000000000000000, 0.000000000000000000 ) ) ;
#1551 = ORIENTED_EDGE ( 'NONE', *, *, #3543, .F. ) ;
#1552 = CARTESIAN_POINT ( 'NONE',  ( 202.0000000000000568, -18.00000000000000000, 20.00000000000000000 ) ) ;
#1553 = CARTESIAN_POINT ( 'NONE',  ( 5.200000000000006395, -65.49999999999995737, 316.7999999999999545 ) ) ;
#1554 = ORIENTED_EDGE ( 'NONE', *, *, #1537, .T. ) ;
#1555 = CARTESIAN_POINT ( 'NONE',  ( 900.0000000000000000, 0.000000000000000000, 300.0000000000000000 ) ) ;
#1556 = LINE ( 'NONE', #2672, #2701 ) ;
#1557 = ORIENTED_EDGE ( 'NONE', *, *, #642, .F. ) ;
#1558 = VECTOR ( 'NONE', #3825, 1000.000000000000000 ) ;
#1559 = LINE ( 'NONE', #2079, #1664 ) ;
#1560 = DIRECTION ( 'NONE',  ( 1.000000000000000000, 3.227392513445221332E-16, 0.000000000000000000 ) ) ;
#1561 = CARTESIAN_POINT ( 'NONE',  ( 889.1500000000002046, -574.9999999999998863, 316.0000000000000000 ) ) ;
#1562 = PLANE ( 'NONE',  #3700 ) ;
#1563 = VERTEX_POINT ( 'NONE', #4339 ) ;
#1564 = SECURITY_CLASSIFICATION_LEVEL ( 'unclassified' ) ;
#1565 = LINE ( 'NONE', #3528, #43 ) ;
#1566 = LINE ( 'NONE', #2541, #101 ) ;
#1567 = LINE ( 'NONE', #768, #1774 ) ;
#1568 = EDGE_CURVE ( 'NONE', #3213, #161, #4575, .T. ) ;
#1569 = ORIENTED_EDGE ( 'NONE', *, *, #4766, .F. ) ;
#1570 = ADVANCED_FACE ( 'NONE', ( #4458 ), #4290, .F. ) ;
#1571 = CIRCLE ( 'NONE', #3017, 8.000000000000007105 ) ;
#1572 = CARTESIAN_POINT ( 'NONE',  ( 894.8000000000000682, -65.49999999999984368, 300.0000000000000000 ) ) ;
#1573 = VECTOR ( 'NONE', #4354, 1000.000000000000000 ) ;
#1574 = ORIENTED_EDGE ( 'NONE', *, *, #726, .T. ) ;
#1575 = DIRECTION ( 'NONE',  ( 0.000000000000000000, -0.000000000000000000, -1.000000000000000000 ) ) ;
#1576 = EDGE_CURVE ( 'NONE', #3123, #3341, #2383, .T. ) ;
#1577 = CC_DESIGN_SECURITY_CLASSIFICATION ( #2371, ( #3970 ) ) ;
#1578 = DATE_AND_TIME ( #4093, #830 ) ;
#1579 = PRODUCT_DEFINITION_SHAPE ( 'NONE', 'NONE',  #4769 ) ;
#1580 = ORIENTED_EDGE ( 'NONE', *, *, #936, .F. ) ;
#1581 = CARTESIAN_POINT ( 'NONE',  ( 15.90000000000005720, 353.5000000000000568, 15.90000000000000036 ) ) ;
#1582 = EDGE_CURVE ( 'NONE', #4322, #3896, #4167, .T. ) ;
#1583 = ITEM_DEFINED_TRANSFORMATION ( 'NONE', 'NONE', #3082,  #779 ) ;
#1584 = CARTESIAN_POINT ( 'NONE',  ( 22.00000000000000711, -65.49999999999995737, 316.7999999999999545 ) ) ;
#1585 = MANIFOLD_SOLID_BREP ( '切除-拉伸2', #2749 ) ;
#1586 = DIRECTION ( 'NONE',  ( 2.612425579928799129E-16, -1.000000000000000000, -0.000000000000000000 ) ) ;
#1587 = COORDINATED_UNIVERSAL_TIME_OFFSET ( 8, 0, .AHEAD. ) ;
#1588 = ORIENTED_EDGE ( 'NONE', *, *, #1627, .F. ) ;
#1589 = DIRECTION ( 'NONE',  ( -0.000000000000000000, 1.000000000000000000, -0.000000000000000000 ) ) ;
#1590 = PLANE ( 'NONE',  #175 ) ;
#1591 = DIRECTION ( 'NONE',  ( -1.000000000000000000, 0.000000000000000000, 0.000000000000000000 ) ) ;
#1592 = EDGE_LOOP ( 'NONE', ( #1405, #1640 ) ) ;
#1593 = VECTOR ( 'NONE', #741, 1000.000000000000000 ) ;
#1594 = AXIS2_PLACEMENT_3D ( 'NONE', #2789, #2000, #4211 ) ;
#1595 = AXIS2_PLACEMENT_3D ( 'NONE', #1164, #1988, #104 ) ;
#1596 = DIRECTION ( 'NONE',  ( -0.000000000000000000, -1.000000000000000000, -0.000000000000000000 ) ) ;
#1597 = COORDINATED_UNIVERSAL_TIME_OFFSET ( 8, 0, .AHEAD. ) ;
#1598 = EDGE_LOOP ( 'NONE', ( #1086, #4188, #3313, #195, #3421, #4134 ) ) ;
#1599 = AXIS2_PLACEMENT_3D ( 'NONE', #4066, #4133, #55 ) ;
#1600 = PRODUCT_RELATED_PRODUCT_CATEGORY ( 'detail', '', ( #2039 ) ) ;
#1601 = CIRCLE ( 'NONE', #131, 5.000000000000000888 ) ;
#1602 = DIRECTION ( 'NONE',  ( 0.000000000000000000, 1.000000000000000000, -0.000000000000000000 ) ) ;
#1603 = ORIENTED_EDGE ( 'NONE', *, *, #3801, .F. ) ;
#1604 = APPROVAL_ROLE ( '' ) ;
#1605 = EDGE_CURVE ( 'NONE', #4281, #4533, #2212, .T. ) ;
#1606 = ORIENTED_EDGE ( 'NONE', *, *, #658, .T. ) ;
#1607 = DIRECTION ( 'NONE',  ( -0.000000000000000000, 1.000000000000000000, -0.000000000000000000 ) ) ;
#1608 = CARTESIAN_POINT ( 'NONE',  ( 22.00000000000000711, -65.49999999999995737, 324.7999999999999545 ) ) ;
#1609 = FACE_OUTER_BOUND ( 'NONE', #2095, .T. ) ;
#1610 = CIRCLE ( 'NONE', #2959, 8.000000000000007105 ) ;
#1611 = DIRECTION ( 'NONE',  ( -1.000000000000000000, 0.000000000000000000, 0.000000000000000000 ) ) ;
#1612 = DIRECTION ( 'NONE',  ( -1.000000000000000000, -0.000000000000000000, -0.000000000000000000 ) ) ;
#1613 = DIRECTION ( 'NONE',  ( 2.612425579928799129E-16, -1.000000000000000000, -0.000000000000000000 ) ) ;
#1614 = VECTOR ( 'NONE', #892, 1000.000000000000000 ) ;
#1615 = CARTESIAN_POINT ( 'NONE',  ( 30.00000000000000355, -18.00000000000000000, 20.00000000000001776 ) ) ;
#1616 = DIRECTION ( 'NONE',  ( 0.000000000000000000, 0.000000000000000000, -1.000000000000000000 ) ) ;
#1617 = SHAPE_REPRESENTATION ( '吊柜18-柜门1_吊柜18-柜门', ( #779 ), #102 ) ;
#1618 = DIRECTION ( 'NONE',  ( 0.000000000000000000, 0.000000000000000000, -1.000000000000000000 ) ) ;
#1619 = SECURITY_CLASSIFICATION_LEVEL ( 'unclassified' ) ;
#1620 = EDGE_CURVE ( 'NONE', #1239, #137, #130, .T. ) ;
#1621 = DIRECTION ( 'NONE',  ( 0.000000000000000000, -0.000000000000000000, 1.000000000000000000 ) ) ;
#1622 = VECTOR ( 'NONE', #4513, 1000.000000000000000 ) ;
#1623 = DIRECTION ( 'NONE',  ( -1.000000000000000000, -0.000000000000000000, -1.137523590804461357E-16 ) ) ;
#1624 = DIRECTION ( 'NONE',  ( 0.000000000000000000, -1.000000000000000000, 0.000000000000000000 ) ) ;
#1625 = CARTESIAN_POINT ( 'NONE',  ( 698.0000000000002274, -667.9999999999998863, 20.00000000000001776 ) ) ;
#1626 = ADVANCED_FACE ( 'NONE', ( #1644 ), #4104, .T. ) ;
#1627 = EDGE_CURVE ( 'NONE', #1778, #770, #3693, .T. ) ;
#1628 = AXIS2_PLACEMENT_3D ( 'NONE', #1019, #207, #2041 ) ;
#1629 = AXIS2_PLACEMENT_3D ( 'NONE', #1941, #1196, #1960 ) ;
#1630 = CARTESIAN_POINT ( 'NONE',  ( 15.90000000000000036, -65.49999999999995737, 316.0000000000000000 ) ) ;
#1631 = VERTEX_POINT ( 'NONE', #3868 ) ;
#1632 = CARTESIAN_POINT ( 'NONE',  ( -28.00000000000005684, -290.0000000000000000, 22.00000000000000000 ) ) ;
#1633 = CALENDAR_DATE ( 2026, 5, 6 ) ;
#1634 = EDGE_CURVE ( 'NONE', #533, #3442, #3584, .T. ) ;
#1635 = APPROVAL_ROLE ( '' ) ;
#1636 = APPROVAL ( #2313, '未指定' ) ;
#1637 = ORIENTED_EDGE ( 'NONE', *, *, #1026, .T. ) ;
#1638 = LOCAL_TIME ( 9, 9, 43.00000000000000000, #4514 ) ;
#1639 = DIRECTION ( 'NONE',  ( -0.000000000000000000, 1.000000000000000000, -0.000000000000000000 ) ) ;
#1640 = ORIENTED_EDGE ( 'NONE', *, *, #3183, .T. ) ;
#1641 = CARTESIAN_POINT ( 'NONE',  ( 22.00000000000000711, -65.49999999999995737, 316.7999999999999545 ) ) ;
#1642 = DIRECTION ( 'NONE',  ( 0.000000000000000000, 0.000000000000000000, -1.000000000000000000 ) ) ;
#1643 = CALENDAR_DATE ( 2026, 5, 6 ) ;
#1644 = FACE_OUTER_BOUND ( 'NONE', #4309, .T. ) ;
#1645 = ORIENTED_EDGE ( 'NONE', *, *, #1605, .F. ) ;
#1646 = EDGE_LOOP ( 'NONE', ( #793, #1835, #4740, #2918 ) ) ;
#1647 = CYLINDRICAL_SURFACE ( 'NONE', #2802, 5.000000000000000888 ) ;
#1648 = DIRECTION ( 'NONE',  ( -0.000000000000000000, 1.000000000000000000, -0.000000000000000000 ) ) ;
#1649 = EDGE_CURVE ( 'NONE', #1775, #4468, #901, .T. ) ;
#1650 = DIRECTION ( 'NONE',  ( 1.708035422500241173E-16, -1.000000000000000000, 0.000000000000000000 ) ) ;
#1651 = ORIENTED_EDGE ( 'NONE', *, *, #95, .T. ) ;
#1652 = EDGE_LOOP ( 'NONE', ( #1878, #3945, #2099, #612 ) ) ;
#1653 = PERSON_AND_ORGANIZATION ( #3556, #3381 ) ;
#1654 = ORIENTED_EDGE ( 'NONE', *, *, #1848, .F. ) ;
#1655 = CARTESIAN_POINT ( 'NONE',  ( 879.0500000000001819, -574.9999999999998863, 316.0000000000000000 ) ) ;
#1656 = DIRECTION ( 'NONE',  ( -0.000000000000000000, -0.000000000000000000, -1.000000000000000000 ) ) ;
#1657 = LINE ( 'NONE', #2803, #3108 ) ;
#1658 = EDGE_CURVE ( 'NONE', #2163, #1315, #1190, .T. ) ;
#1659 = CC_DESIGN_PERSON_AND_ORGANIZATION_ASSIGNMENT ( #2283, #462, ( #3226 ) ) ;
#1660 = ORIENTED_EDGE ( 'NONE', *, *, #100, .F. ) ;
#1661 = DIRECTION ( 'NONE',  ( -1.000000000000000000, 0.000000000000000000, 0.000000000000000000 ) ) ;
#1662 = LINE ( 'NONE', #2398, #973 ) ;
#1663 = FACE_OUTER_BOUND ( 'NONE', #2446, .T. ) ;
#1664 = VECTOR ( 'NONE', #1699, 1000.000000000000000 ) ;
#1665 = EDGE_CURVE ( 'NONE', #1069, #1025, #64, .T. ) ;
#1666 = CARTESIAN_POINT ( 'NONE',  ( 8.572527594031471730E-14, 355.0000000000000000, 15.00000000000000000 ) ) ;
#1667 = ORIENTED_EDGE ( 'NONE', *, *, #2877, .F. ) ;
#1668 = CARTESIAN_POINT ( 'NONE',  ( 15.90000000000000036, -65.49999999999995737, 310.9499999999999886 ) ) ;
#1669 = LINE ( 'NONE', #2970, #2055 ) ;
#1670 = VECTOR ( 'NONE', #326, 1000.000000000000000 ) ;
#1671 = VERTEX_POINT ( 'NONE', #1767 ) ;
#1672 = DIRECTION ( 'NONE',  ( 0.000000000000000000, 0.000000000000000000, -1.000000000000000000 ) ) ;
#1673 = CARTESIAN_POINT ( 'NONE',  ( 878.0000000000002274, -574.9999999999998863, 316.7999999999999545 ) ) ;
#1674 = LINE ( 'NONE', #1694, #1290 ) ;
#1675 = CARTESIAN_POINT ( 'NONE',  ( 879.0499999999999545, -65.49999999999984368, 316.0000000000000000 ) ) ;
#1676 = FACE_OUTER_BOUND ( 'NONE', #4683, .T. ) ;
#1677 = FACE_OUTER_BOUND ( 'NONE', #1454, .T. ) ;
#1678 = CARTESIAN_POINT ( 'NONE',  ( 15.90000000000005720, -551.0000000000004547, 10.90000000000000036 ) ) ;
#1679 = DIRECTION ( 'NONE',  ( 0.000000000000000000, 0.000000000000000000, 1.000000000000000000 ) ) ;
#1680 = ORIENTED_EDGE ( 'NONE', *, *, #2487, .F. ) ;
#1681 = AXIS2_PLACEMENT_3D ( 'NONE', #1107, #3347, #4455 ) ;
#1682 = PLANE ( 'NONE',  #3640 ) ;
#1683 = CIRCLE ( 'NONE', #2874, 8.000000000000007105 ) ;
#1684 = DIRECTION ( 'NONE',  ( 0.000000000000000000, 1.000000000000000000, 0.000000000000000000 ) ) ;
#1685 = CARTESIAN_POINT ( 'NONE',  ( 15.90000000000005720, -551.0000000000004547, 15.90000000000000036 ) ) ;
#1686 = EDGE_CURVE ( 'NONE', #1274, #3745, #2917, .T. ) ;
#1687 = AXIS2_PLACEMENT_3D ( 'NONE', #3006, #805, #3725 ) ;
#1688 = ORIENTED_EDGE ( 'NONE', *, *, #3196, .T. ) ;
#1689 = CARTESIAN_POINT ( 'NONE',  ( 15.90000000000005720, -353.5000000000000000, 22.40000000000000568 ) ) ;
#1690 = EDGE_LOOP ( 'NONE', ( #1421, #3005, #1445, #2464 ) ) ;
#1691 = EDGE_CURVE ( 'NONE', #4533, #3311, #2143, .T. ) ;
#1692 = ADVANCED_FACE ( 'NONE', ( #3877 ), #4685, .F. ) ;
#1693 = APPROVAL_DATE_TIME ( #128, #4648 ) ;
#1694 = CARTESIAN_POINT ( 'NONE',  ( 870.0000000000000000, -114.9999999999998579, 300.0000000000000000 ) ) ;
#1695 = PLANE ( 'NONE',  #1794 ) ;
#1696 = LINE ( 'NONE', #3862, #3369 ) ;
#1697 = DIRECTION ( 'NONE',  ( 1.000000000000000000, -3.628179819036459705E-16, 0.000000000000000000 ) ) ;
#1698 = EDGE_LOOP ( 'NONE', ( #530, #1363, #3417, #1452 ) ) ;
#1699 = DIRECTION ( 'NONE',  ( -0.000000000000000000, 1.000000000000000000, -0.000000000000000000 ) ) ;
#1700 = COORDINATED_UNIVERSAL_TIME_OFFSET ( 8, 0, .AHEAD. ) ;
#1701 = EDGE_CURVE ( 'NONE', #610, #4468, #3238, .T. ) ;
#1702 = ORIENTED_EDGE ( 'NONE', *, *, #2168, .T. ) ;
#1703 = CARTESIAN_POINT ( 'NONE',  ( 900.0000000000001137, -690.0000000000000000, 300.0000000000000000 ) ) ;
#1704 = EDGE_CURVE ( 'NONE', #4106, #3432, #3291, .T. ) ;
#1705 = PLANE ( 'NONE',  #937 ) ;
#1706 = DIRECTION ( 'NONE',  ( -1.000000000000000000, -3.227392513445221825E-16, -0.000000000000000000 ) ) ;
#1707 = LINE ( 'NONE', #1133, #32 ) ;
#1708 = EDGE_LOOP ( 'NONE', ( #372, #3684, #4469, #513 ) ) ;
#1709 = AXIS2_PLACEMENT_3D ( 'NONE', #2583, #3711, #387 ) ;
#1710 = AXIS2_PLACEMENT_3D ( 'NONE', #2753, #3112, #3128 ) ;
#1711 = ORIENTED_EDGE ( 'NONE', *, *, #4429, .F. ) ;
#1712 = CARTESIAN_POINT ( 'NONE',  ( 15.90000000000005720, -551.0000000000004547, 20.90000000000000213 ) ) ;
#1713 = VECTOR ( 'NONE', #2947, 1000.000000000000000 ) ;
#1714 = VECTOR ( 'NONE', #3132, 1000.000000000000000 ) ;
#1715 = DIRECTION ( 'NONE',  ( 0.000000000000000000, -1.000000000000000000, 0.000000000000000000 ) ) ;
#1716 = EDGE_CURVE ( 'NONE', #2525, #4578, #3575, .T. ) ;
#1717 = SECURITY_CLASSIFICATION ( '', '', #2253 ) ;
#1718 = ORIENTED_EDGE ( 'NONE', *, *, #2396, .F. ) ;
#1719 = CARTESIAN_POINT ( 'NONE',  ( 15.90000000000005720, -551.0000000000004547, 10.90000000000000036 ) ) ;
#1720 = LINE ( 'NONE', #3797, #3445 ) ;
#1721 = CARTESIAN_POINT ( 'NONE',  ( 30.00000000000008171, -667.9999999999998863, 20.00000000000001776 ) ) ;
#1722 = ORIENTED_EDGE ( 'NONE', *, *, #4719, .T. ) ;
#1723 = LINE ( 'NONE', #2247, #1046 ) ;
#1724 = AXIS2_PLACEMENT_3D ( 'NONE', #966, #4659, #4294 ) ;
#1725 = DIRECTION ( 'NONE',  ( -0.000000000000000000, 1.000000000000000000, -0.000000000000000000 ) ) ;
#1726 = ORIENTED_EDGE ( 'NONE', *, *, #1374, .F. ) ;
#1727 =( NAMED_UNIT ( * ) SI_UNIT ( $, .STERADIAN. ) SOLID_ANGLE_UNIT ( ) );
#1728 = DIRECTION ( 'NONE',  ( 0.000000000000000000, -1.000000000000000000, 0.000000000000000000 ) ) ;
#1729 = LINE ( 'NONE', #3804, #3977 ) ;
#1730 = DIRECTION ( 'NONE',  ( -0.000000000000000000, -0.000000000000000000, -1.000000000000000000 ) ) ;
#1731 = DIRECTION ( 'NONE',  ( 0.000000000000000000, 0.000000000000000000, 1.000000000000000000 ) ) ;
#1732 = ORIENTED_EDGE ( 'NONE', *, *, #4483, .T. ) ;
#1733 = DATE_TIME_ROLE ( 'creation_date' ) ;
#1734 = CARTESIAN_POINT ( 'NONE',  ( 8.572527594031471730E-14, 355.0000000000000000, 30.00000000000000000 ) ) ;
#1735 = ORIENTED_EDGE ( 'NONE', *, *, #2908, .T. ) ;
#1736 = AXIS2_PLACEMENT_3D ( 'NONE', #2259, #842, #3408 ) ;
#1737 = CARTESIAN_POINT ( 'NONE',  ( 15.90000000000005720, -353.5000000000000000, 15.90000000000000036 ) ) ;
#1738 = CARTESIAN_POINT ( 'NONE',  ( 8.572527594031471730E-14, 240.0000000000000284, 30.00000000000000000 ) ) ;
#1739 = DIRECTION ( 'NONE',  ( -0.000000000000000000, -0.000000000000000000, -1.000000000000000000 ) ) ;
#1740 = EDGE_LOOP ( 'NONE', ( #1603, #697, #2790, #3661 ) ) ;
#1741 = CARTESIAN_POINT ( 'NONE',  ( 202.0000000000000853, -361.9999999999998863, 300.0000000000002842 ) ) ;
#1742 = LOCAL_TIME ( 9, 9, 43.00000000000000000, #506 ) ;
#1743 = PERSON_AND_ORGANIZATION_ROLE ( 'creator' ) ;
#1744 = AXIS2_PLACEMENT_3D ( 'NONE', #3611, #709, #1030 ) ;
#1745 = PRODUCT_DEFINITION_FORMATION_WITH_SPECIFIED_SOURCE ( '任何', '', #559, .NOT_KNOWN. ) ;
#1746 = CARTESIAN_POINT ( 'NONE',  ( 30.00000000000000355, -18.00000000000000000, 300.0000000000000000 ) ) ;
#1747 = VERTEX_POINT ( 'NONE', #1487 ) ;
#1748 = APPROVAL_PERSON_ORGANIZATION ( #3692, #3290, #303 ) ;
#1749 = DIRECTION ( 'NONE',  ( -0.000000000000000000, 1.000000000000000000, -0.000000000000000000 ) ) ;
#1750 = EDGE_CURVE ( 'NONE', #4301, #4348, #1683, .T. ) ;
#1751 = ORIENTED_EDGE ( 'NONE', *, *, #2497, .F. ) ;
#1752 = DIRECTION ( 'NONE',  ( 0.000000000000000000, 0.000000000000000000, -1.000000000000000000 ) ) ;
#1753 = CARTESIAN_POINT ( 'NONE',  ( 15.90000000000005720, 353.5000000000000000, 15.90000000000000036 ) ) ;
#1754 = ORIENTED_EDGE ( 'NONE', *, *, #726, .F. ) ;
#1755 = DIRECTION ( 'NONE',  ( 2.065146995210486914E-16, 0.000000000000000000, 1.000000000000000000 ) ) ;
#1756 = VERTEX_POINT ( 'NONE', #1689 ) ;
#1757 = DIRECTION ( 'NONE',  ( -0.000000000000000000, -1.000000000000000000, -0.000000000000000000 ) ) ;
#1758 = VECTOR ( 'NONE', #242, 1000.000000000000000 ) ;
#1759 = ORIENTED_EDGE ( 'NONE', *, *, #2769, .F. ) ;
#1760 = ORIENTED_EDGE ( 'NONE', *, *, #3125, .T. ) ;
#1761 = DIRECTION ( 'NONE',  ( 1.609018876268343055E-16, -1.000000000000000000, 0.000000000000000000 ) ) ;
#1762 = EDGE_CURVE ( 'NONE', #743, #3388, #714, .T. ) ;
#1763 = ORIENTED_EDGE ( 'NONE', *, *, #2801, .F. ) ;
#1764 = VECTOR ( 'NONE', #416, 1000.000000000000000 ) ;
#1765 = DIRECTION ( 'NONE',  ( 1.000000000000000000, 0.000000000000000000, 0.000000000000000000 ) ) ;
#1766 = DIRECTION ( 'NONE',  ( 0.000000000000000000, 0.000000000000000000, -1.000000000000000000 ) ) ;
#1767 = CARTESIAN_POINT ( 'NONE',  ( 33.00000000000007105, 240.0000000000000284, 27.00000000000000711 ) ) ;
#1768 = ADVANCED_FACE ( 'NONE', ( #3519 ), #3013, .F. ) ;
#1769 = LINE ( 'NONE', #2899, #1335 ) ;
#1770 = EDGE_CURVE ( 'NONE', #2068, #2428, #4674, .T. ) ;
#1771 = FACE_OUTER_BOUND ( 'NONE', #4722, .T. ) ;
#1772 = AXIS2_PLACEMENT_3D ( 'NONE', #3706, #1909, #3385 ) ;
#1773 = VECTOR ( 'NONE', #229, 1000.000000000000000 ) ;
#1774 = VECTOR ( 'NONE', #2937, 1000.000000000000000 ) ;
#1775 = VERTEX_POINT ( 'NONE', #711 ) ;
#1776 = EDGE_CURVE ( 'NONE', #1873, #3085, #4561, .T. ) ;
#1777 = CC_DESIGN_APPROVAL ( #4027, ( #3942 ) ) ;
#1778 = VERTEX_POINT ( 'NONE', #350 ) ;
#1779 = LINE ( 'NONE', #538, #4490 ) ;
#1780 = VECTOR ( 'NONE', #938, 1000.000000000000000 ) ;
#1781 = FACE_BOUND ( 'NONE', #405, .T. ) ;
#1782 = FACE_OUTER_BOUND ( 'NONE', #614, .T. ) ;
#1783 = CARTESIAN_POINT ( 'NONE',  ( 15.90000000000005720, -353.5000000000000000, 9.399999999999995026 ) ) ;
#1784 = DIRECTION ( 'NONE',  ( -0.8371691043312223801, 0.000000000000000000, -0.5469441386039887165 ) ) ;
#1785 = CARTESIAN_POINT ( 'NONE',  ( 0.000000000000000000, 0.000000000000000000, 0.000000000000000000 ) ) ;
#1786 = ORIENTED_EDGE ( 'NONE', *, *, #3146, .T. ) ;
#1787 = DIRECTION ( 'NONE',  ( -0.000000000000000000, -1.000000000000000000, -0.000000000000000000 ) ) ;
#1788 = EDGE_LOOP ( 'NONE', ( #2796, #3079, #2447, #1009, #116 ) ) ;
#1789 = APPROVAL_DATE_TIME ( #306, #1028 ) ;
#1790 = EDGE_LOOP ( 'NONE', ( #2738, #4681, #2157, #3176, #3545, #82, #1171, #1477 ) ) ;
#1791 = ORIENTED_EDGE ( 'NONE', *, *, #3923, .T. ) ;
#1792 = ITEM_DEFINED_TRANSFORMATION ( 'NONE', 'NONE', #445,  #779 ) ;
#1793 = AXIS2_PLACEMENT_3D ( 'NONE', #407, #780, #2271 ) ;
#1794 = AXIS2_PLACEMENT_3D ( 'NONE', #607, #222, #2036 ) ;
#1795 = DIRECTION ( 'NONE',  ( -0.000000000000000000, 1.000000000000000000, -0.000000000000000000 ) ) ;
#1796 = DIRECTION ( 'NONE',  ( 1.000000000000000000, 0.000000000000000000, 0.000000000000000000 ) ) ;
#1797 = VERTEX_POINT ( 'NONE', #3627 ) ;
#1798 = COORDINATED_UNIVERSAL_TIME_OFFSET ( 8, 0, .AHEAD. ) ;
#1799 = EDGE_LOOP ( 'NONE', ( #3793, #947 ) ) ;
#1800 = DIRECTION ( 'NONE',  ( 0.000000000000000000, 0.000000000000000000, 1.000000000000000000 ) ) ;
#1801 = CC_DESIGN_APPROVAL ( #2020, ( #2371 ) ) ;
#1802 = CARTESIAN_POINT ( 'NONE',  ( 15.00000000000008527, -290.0000000000000568, 15.00000000000000000 ) ) ;
#1803 = CARTESIAN_POINT ( 'NONE',  ( 698.0000000000000000, -17.99999999999993250, 977.2001181334804869 ) ) ;
#1804 = AXIS2_PLACEMENT_3D ( 'NONE', #2875, #3236, #4120 ) ;
#1805 = CARTESIAN_POINT ( 'NONE',  ( 30.00000000000008171, -667.9999999999998863, 300.0000000000000000 ) ) ;
#1806 = DIRECTION ( 'NONE',  ( 1.000000000000000000, 6.240605398965257355E-16, -0.000000000000000000 ) ) ;
#1807 = CARTESIAN_POINT ( 'NONE',  ( -6.450000000000001066, 7.898971854500429678E-16, -1.500000000000000000 ) ) ;
#1808 = CARTESIAN_POINT ( 'NONE',  ( 0.000000000000000000, 0.000000000000000000, 0.000000000000000000 ) ) ;
#1809 = ORIENTED_EDGE ( 'NONE', *, *, #449, .T. ) ;
#1810 = CARTESIAN_POINT ( 'NONE',  ( 33.00000000000007105, 270.0000000000000568, 27.00000000000000711 ) ) ;
#1811 = LINE ( 'NONE', #2459, #2110 ) ;
#1812 = ORIENTED_EDGE ( 'NONE', *, *, #71, .T. ) ;
#1813 = ORIENTED_EDGE ( 'NONE', *, *, #1418, .F. ) ;
#1814 = FACE_OUTER_BOUND ( 'NONE', #1201, .T. ) ;
#1815 = VERTEX_POINT ( 'NONE', #1117 ) ;
#1816 = FACE_OUTER_BOUND ( 'NONE', #262, .T. ) ;
#1817 = DIRECTION ( 'NONE',  ( 1.000000000000000000, 0.000000000000000000, 0.000000000000000000 ) ) ;
#1818 = VERTEX_POINT ( 'NONE', #4396 ) ;
#1819 = AXIS2_PLACEMENT_3D ( 'NONE', #1685, #3886, #4268 ) ;
#1820 = AXIS2_PLACEMENT_3D ( 'NONE', #4199, #2756, #1245 ) ;
#1821 = ORIENTED_EDGE ( 'NONE', *, *, #3940, .T. ) ;
#1822 = FACE_OUTER_BOUND ( 'NONE', #4, .T. ) ;
#1823 = ORIENTED_EDGE ( 'NONE', *, *, #978, .T. ) ;
#1824 = VECTOR ( 'NONE', #2443, 1000.000000000000000 ) ;
#1825 = CARTESIAN_POINT ( 'NONE',  ( 30.00000000000004263, -361.9999999999998863, 20.00000000000001776 ) ) ;
#1826 = DIRECTION ( 'NONE',  ( -0.003222520455876642844, 0.000000000000000000, 0.9999948076674756159 ) ) ;
#1827 = DIRECTION ( 'NONE',  ( 0.000000000000000000, 0.000000000000000000, 1.000000000000000000 ) ) ;
#1828 = DIRECTION ( 'NONE',  ( 0.000000000000000000, -0.000000000000000000, 1.000000000000000000 ) ) ;
#1829 = EDGE_CURVE ( 'NONE', #3174, #2821, #4344, .T. ) ;
#1830 = ORIENTED_EDGE ( 'NONE', *, *, #3901, .T. ) ;
#1831 = FACE_OUTER_BOUND ( 'NONE', #1182, .T. ) ;
#1832 = CC_DESIGN_PERSON_AND_ORGANIZATION_ASSIGNMENT ( #468, #3687, ( #2039 ) ) ;
#1833 = CARTESIAN_POINT ( 'NONE',  ( 0.000000000000000000, 0.000000000000000000, 300.0000000000000000 ) ) ;
#1834 = LINE ( 'NONE', #3329, #2951 ) ;
#1835 = ORIENTED_EDGE ( 'NONE', *, *, #3988, .F. ) ;
#1836 = CIRCLE ( 'NONE', #4347, 8.000000000000007105 ) ;
#1837 = EDGE_CURVE ( 'NONE', #3461, #3437, #1295, .T. ) ;
#1838 = ORIENTED_EDGE ( 'NONE', *, *, #643, .T. ) ;
#1839 = CARTESIAN_POINT ( 'NONE',  ( 870.0000000000000000, -18.00000000000000000, 300.0000000000000000 ) ) ;
#1840 = ORIENTED_EDGE ( 'NONE', *, *, #2604, .F. ) ;
#1841 = CARTESIAN_POINT ( 'NONE',  ( 870.0000000000000000, -65.49999999999984368, 300.0000000000000000 ) ) ;
#1842 = CIRCLE ( 'NONE', #4402, 15.00000000000000000 ) ;
#1843 = CARTESIAN_POINT ( 'NONE',  ( 879.0500000000001819, -624.4999999999998863, 316.0000000000000000 ) ) ;
#1844 = DIRECTION ( 'NONE',  ( -0.000000000000000000, 1.000000000000000000, -0.000000000000000000 ) ) ;
#1845 = ORIENTED_EDGE ( 'NONE', *, *, #174, .F. ) ;
#1846 = VERTEX_POINT ( 'NONE', #383 ) ;
#1847 = COORDINATED_UNIVERSAL_TIME_OFFSET ( 8, 0, .AHEAD. ) ;
#1848 = EDGE_CURVE ( 'NONE', #1050, #314, #2312, .T. ) ;
#1849 = DIRECTION ( 'NONE',  ( 0.000000000000000000, 0.000000000000000000, 1.000000000000000000 ) ) ;
#1850 = VERTEX_POINT ( 'NONE', #1510 ) ;
#1851 = DIRECTION ( 'NONE',  ( 0.006003615076305503055, 2.782168740602049162E-17, 0.9999819781406140695 ) ) ;
#1852 = CARTESIAN_POINT ( 'NONE',  ( 15.90000000000005720, -353.5000000000000000, 10.90000000000000036 ) ) ;
#1853 = DIRECTION ( 'NONE',  ( 0.000000000000000000, 0.000000000000000000, 1.000000000000000000 ) ) ;
#1854 = ORIENTED_EDGE ( 'NONE', *, *, #3763, .T. ) ;
#1855 = DIRECTION ( 'NONE',  ( -0.000000000000000000, -0.000000000000000000, -1.000000000000000000 ) ) ;
#1856 = CALENDAR_DATE ( 2026, 5, 6 ) ;
#1857 = AXIS2_PLACEMENT_3D ( 'NONE', #3, #80, #2156 ) ;
#1858 = AXIS2_PLACEMENT_3D ( 'NONE', #3722, #4496, #3002 ) ;
#1859 = CARTESIAN_POINT ( 'NONE',  ( 8.572527594031471730E-14, -355.0000000000000000, 30.00000000000000000 ) ) ;
#1860 = APPLICATION_PROTOCOL_DEFINITION ( 'international standard', 'config_control_design', 1994, #4036 ) ;
#1861 = ORIENTED_EDGE ( 'NONE', *, *, #4429, .T. ) ;
#1862 = CARTESIAN_POINT ( 'NONE',  ( 30.00000000000000355, -18.00000000000000000, 300.0000000000000000 ) ) ;
#1863 = LINE ( 'NONE', #4432, #3587 ) ;
#1864 = VERTEX_POINT ( 'NONE', #2574 ) ;
#1865 = ORIENTED_EDGE ( 'NONE', *, *, #2329, .T. ) ;
#1866 = CARTESIAN_POINT ( 'NONE',  ( 22.00000000000000711, -624.5000000000000000, 316.7999999999999545 ) ) ;
#1867 = DESIGN_CONTEXT ( 'detailed design', #2621, 'design' ) ;
#1868 = EDGE_LOOP ( 'NONE', ( #2872, #2044, #3304, #2847 ) ) ;
#1869 = LINE ( 'NONE', #4759, #3485 ) ;
#1870 = CARTESIAN_POINT ( 'NONE',  ( 884.1000000000000227, -114.9999999999998579, 316.0000000000000000 ) ) ;
#1871 = PERSON_AND_ORGANIZATION_ROLE ( 'design_owner' ) ;
#1872 = DIRECTION ( 'NONE',  ( -1.288758049684149971E-16, 0.000000000000000000, 1.000000000000000000 ) ) ;
#1873 = VERTEX_POINT ( 'NONE', #1862 ) ;
#1874 = DIRECTION ( 'NONE',  ( -1.000000000000000000, 0.000000000000000000, 0.000000000000000000 ) ) ;
#1875 = LINE ( 'NONE', #894, #2995 ) ;
#1876 = APPROVAL_ROLE ( '' ) ;
#1877 = DIRECTION ( 'NONE',  ( -0.000000000000000000, -0.000000000000000000, -1.000000000000000000 ) ) ;
#1878 = ORIENTED_EDGE ( 'NONE', *, *, #4725, .F. ) ;
#1879 = FACE_BOUND ( 'NONE', #3395, .T. ) ;
#1880 = VECTOR ( 'NONE', #2171, 1000.000000000000000 ) ;
#1881 = ADVANCED_FACE ( 'NONE', ( #1453 ), #3689, .F. ) ;
#1882 = ORIENTED_EDGE ( 'NONE', *, *, #3594, .F. ) ;
#1883 = CIRCLE ( 'NONE', #3014, 15.00000000000000000 ) ;
#1884 = VECTOR ( 'NONE', #2798, 1000.000000000000000 ) ;
#1885 = AXIS2_PLACEMENT_3D ( 'NONE', #2926, #691, #2573 ) ;
#1886 = FACE_OUTER_BOUND ( 'NONE', #2122, .T. ) ;
#1887 = ORIENTED_EDGE ( 'NONE', *, *, #344, .F. ) ;
#1888 = DIRECTION ( 'NONE',  ( 0.000000000000000000, 0.000000000000000000, -1.000000000000000000 ) ) ;
#1889 = ADVANCED_FACE ( 'NONE', ( #3789 ), #463, .F. ) ;
#1890 = FACE_OUTER_BOUND ( 'NONE', #2339, .T. ) ;
#1891 = CARTESIAN_POINT ( 'NONE',  ( 22.00000000000000711, -114.9999999999999574, 324.7999999999999545 ) ) ;
#1892 = APPROVAL_STATUS ( 'not_yet_approved' ) ;
#1893 = DIRECTION ( 'NONE',  ( -1.000000000000000000, 6.149669335164222025E-17, -0.000000000000000000 ) ) ;
#1894 = CARTESIAN_POINT ( 'NONE',  ( 0.000000000000000000, 0.000000000000000000, 0.000000000000000000 ) ) ;
#1895 = CC_DESIGN_DATE_AND_TIME_ASSIGNMENT ( #268, #1209, ( #3226 ) ) ;
#1896 = VECTOR ( 'NONE', #1612, 1000.000000000000000 ) ;
#1897 = CYLINDRICAL_SURFACE ( 'NONE', #955, 15.00000000000000000 ) ;
#1898 = VERTEX_POINT ( 'NONE', #1921 ) ;
#1899 = ORIENTED_EDGE ( 'NONE', *, *, #2262, .F. ) ;
#1900 = DIRECTION ( 'NONE',  ( 0.000000000000000000, -0.000000000000000000, 1.000000000000000000 ) ) ;
#1901 = EDGE_CURVE ( 'NONE', #4401, #3502, #880, .T. ) ;
#1902 = AXIS2_PLACEMENT_3D ( 'NONE', #1436, #1806, #1114 ) ;
#1903 = DIRECTION ( 'NONE',  ( -0.000000000000000000, -1.000000000000000000, -0.000000000000000000 ) ) ;
#1904 = ORIENTED_EDGE ( 'NONE', *, *, #3216, .F. ) ;
#1905 = DIRECTION ( 'NONE',  ( 0.000000000000000000, -1.000000000000000000, 0.000000000000000000 ) ) ;
#1906 = ORIENTED_EDGE ( 'NONE', *, *, #1701, .F. ) ;
#1907 = APPROVAL_ROLE ( '' ) ;
#1908 = DIRECTION ( 'NONE',  ( -2.612425579928799129E-16, 1.000000000000000000, -0.000000000000000000 ) ) ;
#1909 = DIRECTION ( 'NONE',  ( -2.612425579928799129E-16, 1.000000000000000000, -0.000000000000000000 ) ) ;
#1910 = LOCAL_TIME ( 9, 9, 43.00000000000000000, #3926 ) ;
#1911 = CARTESIAN_POINT ( 'NONE',  ( 22.00000000000000711, -114.9999999999999574, 316.7999999999999545 ) ) ;
#1912 = DATE_AND_TIME ( #563, #250 ) ;
#1913 = ADVANCED_FACE ( 'NONE', ( #1113 ), #994, .F. ) ;
#1914 = VERTEX_POINT ( 'NONE', #429 ) ;
#1915 = VERTEX_POINT ( 'NONE', #790 ) ;
#1916 = ORIENTED_EDGE ( 'NONE', *, *, #2113, .F. ) ;
#1917 = AXIS2_PLACEMENT_3D ( 'NONE', #603, #3864, #945 ) ;
#1918 = CIRCLE ( 'NONE', #1857, 6.450000000000001066 ) ;
#1919 = CARTESIAN_POINT ( 'NONE',  ( 884.1000000000002501, -624.4999999999998863, 316.0000000000000000 ) ) ;
#1920 = DATE_TIME_ROLE ( 'classification_date' ) ;
#1921 = CARTESIAN_POINT ( 'NONE',  ( 15.00000000000008527, 270.0000000000000568, 0.000000000000000000 ) ) ;
#1922 = ADVANCED_FACE ( 'NONE', ( #3170, #3671 ), #2639, .F. ) ;
#1923 = EDGE_CURVE ( 'NONE', #3311, #3322, #170, .T. ) ;
#1924 = ADVANCED_FACE ( 'NONE', ( #2012 ), #3402, .T. ) ;
#1925 = ADVANCED_FACE ( 'NONE', ( #2064 ), #3744, .T. ) ;
#1926 = ORIENTED_EDGE ( 'NONE', *, *, #60, .F. ) ;
#1927 = VECTOR ( 'NONE', #3625, 1000.000000000000000 ) ;
#1928 = CARTESIAN_POINT ( 'NONE',  ( 15.90000000000005720, 355.0000000000000000, 15.90000000000000036 ) ) ;
#1929 = VERTEX_POINT ( 'NONE', #2268 ) ;
#1930 = CARTESIAN_POINT ( 'NONE',  ( 15.90000000000000036, -624.5000000000000000, 310.9499999999999886 ) ) ;
#1931 = ORIENTED_EDGE ( 'NONE', *, *, #3998, .F. ) ;
#1932 = LINE ( 'NONE', #3300, #413 ) ;
#1933 = CIRCLE ( 'NONE', #3930, 5.000000000000000888 ) ;
#1934 = CARTESIAN_POINT ( 'NONE',  ( 33.00000000000007816, 0.000000000000000000, 0.000000000000000000 ) ) ;
#1935 = ORIENTED_EDGE ( 'NONE', *, *, #2176, .T. ) ;
#1936 = PERSON_AND_ORGANIZATION_ROLE ( 'creator' ) ;
#1937 = DIRECTION ( 'NONE',  ( -0.000000000000000000, 1.000000000000000000, -0.000000000000000000 ) ) ;
#1938 = CIRCLE ( 'NONE', #592, 6.450000000000001066 ) ;
#1939 = VECTOR ( 'NONE', #1224, 1000.000000000000000 ) ;
#1940 = VECTOR ( 'NONE', #2345, 1000.000000000000000 ) ;
#1941 = CARTESIAN_POINT ( 'NONE',  ( 8.572527594031471730E-14, 355.0000000000000000, 30.00000000000000000 ) ) ;
#1942 = EDGE_CURVE ( 'NONE', #305, #3637, #2843, .T. ) ;
#1943 = LINE ( 'NONE', #644, #988 ) ;
#1944 = LINE ( 'NONE', #1346, #2120 ) ;
#1945 = DESIGN_CONTEXT ( 'detailed design', #2234, 'design' ) ;
#1946 = CIRCLE ( 'NONE', #1736, 5.000000000000000888 ) ;
#1947 = ORIENTED_EDGE ( 'NONE', *, *, #4223, .F. ) ;
#1948 = ADVANCED_FACE ( 'NONE', ( #1677 ), #1897, .T. ) ;
#1949 = EDGE_CURVE ( 'NONE', #2719, #282, #1729, .T. ) ;
#1950 = AXIS2_PLACEMENT_3D ( 'NONE', #223, #1048, #3961 ) ;
#1951 = AXIS2_PLACEMENT_3D ( 'NONE', #3860, #2395, #942 ) ;
#1952 = ORIENTED_EDGE ( 'NONE', *, *, #1119, .T. ) ;
#1953 = ORIENTED_EDGE ( 'NONE', *, *, #393, .F. ) ;
#1954 = CARTESIAN_POINT ( 'NONE',  ( 900.0000000000000000, 0.000000000000000000, 300.0000000000000000 ) ) ;
#1955 = EDGE_LOOP ( 'NONE', ( #2833, #549, #860, #4043 ) ) ;
#1956 = CARTESIAN_POINT ( 'NONE',  ( -5.000000000000000000, 0.000000000000000000, 0.000000000000000000 ) ) ;
#1957 = EDGE_CURVE ( 'NONE', #3434, #567, #4143, .T. ) ;
#1958 = CC_DESIGN_DATE_AND_TIME_ASSIGNMENT ( #949, #2963, ( #1717 ) ) ;
#1959 = ORIENTED_EDGE ( 'NONE', *, *, #3229, .F. ) ;
#1960 = DIRECTION ( 'NONE',  ( -0.000000000000000000, 0.000000000000000000, -1.000000000000000000 ) ) ;
#1961 = ADVANCED_FACE ( 'NONE', ( #3066 ), #120, .T. ) ;
#1962 = ORIENTED_EDGE ( 'NONE', *, *, #4492, .F. ) ;
#1963 = ORIENTED_EDGE ( 'NONE', *, *, #296, .T. ) ;
#1964 = LOCAL_TIME ( 9, 9, 43.00000000000000000, #613 ) ;
#1965 = CARTESIAN_POINT ( 'NONE',  ( 8.500145032286354763E-14, -290.0000000000000568, 15.00000000000000000 ) ) ;
#1966 = CARTESIAN_POINT ( 'NONE',  ( 30.00000000000000355, -575.0000000000000000, 300.0000000000000000 ) ) ;
#1967 = ORIENTED_EDGE ( 'NONE', *, *, #978, .F. ) ;
#1968 = CARTESIAN_POINT ( 'NONE',  ( 878.0000000000002274, -574.9999999999998863, 316.7999999999999545 ) ) ;
#1969 = CALENDAR_DATE ( 2026, 5, 6 ) ;
#1970 = PLANE ( 'NONE',  #4436 ) ;
#1971 = LINE ( 'NONE', #2240, #3086 ) ;
#1972 = DIRECTION ( 'NONE',  ( 2.612425579928799129E-16, -1.000000000000000000, -0.000000000000000000 ) ) ;
#1973 = ORIENTED_EDGE ( 'NONE', *, *, #2873, .T. ) ;
#1974 = EDGE_CURVE ( 'NONE', #2858, #2719, #827, .T. ) ;
#1975 = PLANE ( 'NONE',  #2516 ) ;
#1976 = PERSON_AND_ORGANIZATION ( #3556, #3381 ) ;
#1977 = FACE_OUTER_BOUND ( 'NONE', #2453, .T. ) ;
#1978 = VERTEX_POINT ( 'NONE', #3070 ) ;
#1979 = VECTOR ( 'NONE', #804, 1000.000000000000000 ) ;
#1980 = ORIENTED_EDGE ( 'NONE', *, *, #1142, .T. ) ;
#1981 = VERTEX_POINT ( 'NONE', #3454 ) ;
#1982 = CALENDAR_DATE ( 2026, 5, 6 ) ;
#1983 = ORIENTED_EDGE ( 'NONE', *, *, #2895, .F. ) ;
#1984 = CARTESIAN_POINT ( 'NONE',  ( 33.00000000000007105, -270.0000000000000000, 27.00000000000000711 ) ) ;
#1985 = EDGE_CURVE ( 'NONE', #3442, #1050, #1836, .T. ) ;
#1986 = AXIS2_PLACEMENT_3D ( 'NONE', #3494, #3913, #2188 ) ;
#1987 = AXIS2_PLACEMENT_3D ( 'NONE', #3673, #1851, #739 ) ;
#1988 = DIRECTION ( 'NONE',  ( 0.000000000000000000, -1.000000000000000000, 0.000000000000000000 ) ) ;
#1989 = VECTOR ( 'NONE', #1181, 1000.000000000000000 ) ;
#1990 = DIRECTION ( 'NONE',  ( 0.000000000000000000, -0.000000000000000000, 1.000000000000000000 ) ) ;
#1991 =( NAMED_UNIT ( * ) PLANE_ANGLE_UNIT ( ) SI_UNIT ( $, .RADIAN. ) );
#1992 = DATE_AND_TIME ( #2400, #147 ) ;
#1993 = EDGE_CURVE ( 'NONE', #3284, #877, #2591, .T. ) ;
#1994 = ORIENTED_EDGE ( 'NONE', *, *, #2538, .T. ) ;
#1995 = CC_DESIGN_APPROVAL ( #1028, ( #3474 ) ) ;
#1996 = VECTOR ( 'NONE', #3915, 1000.000000000000000 ) ;
#1997 = ORIENTED_EDGE ( 'NONE', *, *, #2215, .F. ) ;
#1998 = DIRECTION ( 'NONE',  ( -1.000000000000000000, 0.000000000000000000, 2.065146995210486914E-16 ) ) ;
#1999 = DIRECTION ( 'NONE',  ( 0.000000000000000000, -0.000000000000000000, 1.000000000000000000 ) ) ;
#2000 = DIRECTION ( 'NONE',  ( 1.000000000000000000, 2.612425579928799129E-16, 2.065146995210486914E-16 ) ) ;
#2001 = ORIENTED_EDGE ( 'NONE', *, *, #4694, .F. ) ;
#2002 = LINE ( 'NONE', #2094, #3110 ) ;
#2003 = EDGE_LOOP ( 'NONE', ( #2191, #2001, #1854, #151 ) ) ;
#2004 = VECTOR ( 'NONE', #4314, 1000.000000000000000 ) ;
#2005 = LINE ( 'NONE', #3211, #1670 ) ;
#2006 = CARTESIAN_POINT ( 'NONE',  ( 22.00000000000000711, -575.0000000000000000, 316.7999999999999545 ) ) ;
#2007 = CARTESIAN_POINT ( 'NONE',  ( 30.00000000000001066, -114.9999999999999574, 316.7999999999999545 ) ) ;
#2008 = ORIENTED_EDGE ( 'NONE', *, *, #47, .T. ) ;
#2009 = VECTOR ( 'NONE', #2938, 1000.000000000000000 ) ;
#2010 = LINE ( 'NONE', #948, #2304 ) ;
#2011 = AXIS2_PLACEMENT_3D ( 'NONE', #4583, #127, #2109 ) ;
#2012 = FACE_OUTER_BOUND ( 'NONE', #1868, .T. ) ;
#2013 = DIRECTION ( 'NONE',  ( 0.000000000000000000, 0.000000000000000000, 1.000000000000000000 ) ) ;
#2014 = ORIENTED_EDGE ( 'NONE', *, *, #873, .F. ) ;
#2015 = EDGE_CURVE ( 'NONE', #1671, #1775, #108, .T. ) ;
#2016 = AXIS2_PLACEMENT_3D ( 'NONE', #3875, #3534, #2449 ) ;
#2017 = DIRECTION ( 'NONE',  ( -0.000000000000000000, 1.000000000000000000, -0.000000000000000000 ) ) ;
#2018 = EDGE_CURVE ( 'NONE', #2177, #4157, #3736, .T. ) ;
#2019 = CARTESIAN_POINT ( 'NONE',  ( 15.90000000000005720, -240.0000000000000000, 20.90000000000000213 ) ) ;
#2020 = APPROVAL ( #848, '未指定' ) ;
#2021 = ORIENTED_EDGE ( 'NONE', *, *, #3811, .T. ) ;
#2022 = EDGE_LOOP ( 'NONE', ( #1313, #3184, #4022, #4543 ) ) ;
#2023 = DATE_AND_TIME ( #2855, #1964 ) ;
#2024 = CARTESIAN_POINT ( 'NONE',  ( 33.00000000000007816, 220.0000000000000568, -26.84171144931213604 ) ) ;
#2025 = DIRECTION ( 'NONE',  ( 1.000000000000000000, 0.000000000000000000, 0.000000000000000000 ) ) ;
#2026 = COORDINATED_UNIVERSAL_TIME_OFFSET ( 8, 0, .AHEAD. ) ;
#2027 = VECTOR ( 'NONE', #3598, 1000.000000000000114 ) ;
#2028 = DIRECTION ( 'NONE',  ( 0.000000000000000000, 1.000000000000000000, 0.000000000000000000 ) ) ;
#2029 = ORIENTED_EDGE ( 'NONE', *, *, #2652, .T. ) ;
#2030 = ORIENTED_EDGE ( 'NONE', *, *, #4351, .T. ) ;
#2031 = VECTOR ( 'NONE', #1903, 1000.000000000000000 ) ;
#2032 = CARTESIAN_POINT ( 'NONE',  ( 30.00000000000000355, -18.00000000000000000, 300.0000000000000000 ) ) ;
#2033 = ORIENTED_EDGE ( 'NONE', *, *, #436, .F. ) ;
#2034 = ORIENTED_EDGE ( 'NONE', *, *, #1762, .F. ) ;
#2035 = DIRECTION ( 'NONE',  ( -0.000000000000000000, 1.000000000000000000, -0.000000000000000000 ) ) ;
#2036 = DIRECTION ( 'NONE',  ( 0.000000000000000000, -0.000000000000000000, -1.000000000000000000 ) ) ;
#2037 = ORIENTED_EDGE ( 'NONE', *, *, #1057, .F. ) ;
#2038 = FACE_OUTER_BOUND ( 'NONE', #1652, .T. ) ;
#2039 = PRODUCT ( '吊柜18', '吊柜18', '', ( #2606 ) ) ;
#2040 = CARTESIAN_POINT ( 'NONE',  ( 33.00000000000007105, -290.0000000000000000, 27.00000000000000711 ) ) ;
#2041 = DIRECTION ( 'NONE',  ( 0.000000000000000000, 0.000000000000000000, 1.000000000000000000 ) ) ;
#2042 = VERTEX_POINT ( 'NONE', #3467 ) ;
#2043 = PRODUCT_RELATED_PRODUCT_CATEGORY ( 'detail', '', ( #300 ) ) ;
#2044 = ORIENTED_EDGE ( 'NONE', *, *, #197, .T. ) ;
#2045 = CARTESIAN_POINT ( 'NONE',  ( 22.00000000000000711, -624.5000000000000000, 316.7999999999999545 ) ) ;
#2046 = CARTESIAN_POINT ( 'NONE',  ( 30.00000000000000355, -18.00000000000000000, 300.0000000000000000 ) ) ;
#2047 = VECTOR ( 'NONE', #493, 1000.000000000000000 ) ;
#2048 = VERTEX_POINT ( 'NONE', #911 ) ;
#2049 = CIRCLE ( 'NONE', #4495, 8.000000000000007105 ) ;
#2050 = ORIENTED_EDGE ( 'NONE', *, *, #622, .T. ) ;
#2051 = DIRECTION ( 'NONE',  ( 0.000000000000000000, -1.000000000000000000, 0.000000000000000000 ) ) ;
#2052 = ORIENTED_EDGE ( 'NONE', *, *, #3664, .T. ) ;
#2053 = DIRECTION ( 'NONE',  ( 0.000000000000000000, 0.000000000000000000, 1.000000000000000000 ) ) ;
#2054 = ORIENTED_EDGE ( 'NONE', *, *, #3441, .T. ) ;
#2055 = VECTOR ( 'NONE', #2226, 1000.000000000000000 ) ;
#2056 = EDGE_LOOP ( 'NONE', ( #566, #1218, #1237, #4063, #2824, #3049, #177, #2994 ) ) ;
#2057 = LINE ( 'NONE', #4191, #4267 ) ;
#2058 = DIRECTION ( 'NONE',  ( -0.000000000000000000, 0.000000000000000000, 1.000000000000000000 ) ) ;
#2059 = CARTESIAN_POINT ( 'NONE',  ( 15.00000000000008527, -270.0000000000000000, 0.000000000000000000 ) ) ;
#2060 = APPROVAL_ROLE ( '' ) ;
#2061 = LINE ( 'NONE', #2747, #488 ) ;
#2062 = ORIENTED_EDGE ( 'NONE', *, *, #1439, .T. ) ;
#2063 = LINE ( 'NONE', #3777, #2311 ) ;
#2064 = FACE_OUTER_BOUND ( 'NONE', #2831, .T. ) ;
#2065 = MANIFOLD_SOLID_BREP ( '倒角1', #883 ) ;
#2066 = EDGE_LOOP ( 'NONE', ( #378, #2472, #4415, #1722, #2484, #471, #2126, #3946 ) ) ;
#2067 = ADVANCED_FACE ( 'NONE', ( #765, #1177 ), #553, .T. ) ;
#2068 = VERTEX_POINT ( 'NONE', #3423 ) ;
#2069 = CLOSED_SHELL ( 'NONE', ( #4593, #2486, #3363, #866, #1768, #3708, #3648, #4357, #1881, #1948, #1539, #3713, #4518, #3162, #3350, #92, #2118, #1206, #1925, #2067, #4359, #2635, #2297, #3034, #3476, #244, #3762, #645, #4129 ) ) ;
#2070 = AXIS2_PLACEMENT_3D ( 'NONE', #1317, #3872, #3449 ) ;
#2071 = DIRECTION ( 'NONE',  ( -0.000000000000000000, 1.000000000000000000, -0.000000000000000000 ) ) ;
#2072 = EDGE_LOOP ( 'NONE', ( #209, #786, #3247, #4145 ) ) ;
#2073 = VERTEX_POINT ( 'NONE', #1956 ) ;
#2074 = CARTESIAN_POINT ( 'NONE',  ( 15.00000000000008527, -240.0000000000000000, 0.000000000000000000 ) ) ;
#2075 = ORIENTED_EDGE ( 'NONE', *, *, #1341, .T. ) ;
#2076 = COORDINATED_UNIVERSAL_TIME_OFFSET ( 8, 0, .AHEAD. ) ;
#2077 = DIRECTION ( 'NONE',  ( -0.000000000000000000, -1.000000000000000000, -0.000000000000000000 ) ) ;
#2078 = CARTESIAN_POINT ( 'NONE',  ( 8.572527594031471730E-14, 355.0000000000000000, 30.00000000000000000 ) ) ;
#2079 = CARTESIAN_POINT ( 'NONE',  ( 15.90000000000005720, -551.0000000000004547, 20.90000000000000213 ) ) ;
#2080 = EDGE_CURVE ( 'NONE', #4556, #752, #3007, .T. ) ;
#2081 = CC_DESIGN_SECURITY_CLASSIFICATION ( #265, ( #4216 ) ) ;
#2082 = ORIENTED_EDGE ( 'NONE', *, *, #1170, .T. ) ;
#2083 = ORIENTED_EDGE ( 'NONE', *, *, #3715, .T. ) ;
#2084 = ORIENTED_EDGE ( 'NONE', *, *, #2652, .F. ) ;
#2085 = EDGE_CURVE ( 'NONE', #1145, #770, #4501, .T. ) ;
#2086 = APPROVAL_PERSON_ORGANIZATION ( #3237, #2466, #4062 ) ;
#2087 = VERTEX_POINT ( 'NONE', #2693 ) ;
#2088 = CIRCLE ( 'NONE', #3154, 6.500000000000005329 ) ;
#2089 = DIRECTION ( 'NONE',  ( 0.000000000000000000, 1.000000000000000000, 0.000000000000000000 ) ) ;
#2090 = DIRECTION ( 'NONE',  ( 0.000000000000000000, -1.000000000000000000, 0.000000000000000000 ) ) ;
#2091 = PERSON_AND_ORGANIZATION ( #3556, #3381 ) ;
#2092 = VECTOR ( 'NONE', #2819, 1000.000000000000000 ) ;
#2093 = DIRECTION ( 'NONE',  ( -0.000000000000000000, -0.000000000000000000, -1.000000000000000000 ) ) ;
#2094 = CARTESIAN_POINT ( 'NONE',  ( 870.0000000000002274, -624.4999999999998863, 316.7999999999999545 ) ) ;
#2095 = EDGE_LOOP ( 'NONE', ( #3960, #2351, #4623, #1132 ) ) ;
#2096 = FACE_OUTER_BOUND ( 'NONE', #2884, .T. ) ;
#2097 = PERSON_AND_ORGANIZATION ( #3556, #3381 ) ;
#2098 = EDGE_CURVE ( 'NONE', #533, #3593, #2184, .T. ) ;
#2099 = ORIENTED_EDGE ( 'NONE', *, *, #71, .F. ) ;
#2100 = EDGE_CURVE ( 'NONE', #3785, #4301, #3509, .T. ) ;
#2101 = VECTOR ( 'NONE', #4502, 1000.000000000000000 ) ;
#2102 = CARTESIAN_POINT ( 'NONE',  ( 894.8000000000000682, -114.9999999999998579, 316.7999999999999545 ) ) ;
#2103 = DIRECTION ( 'NONE',  ( -0.000000000000000000, -0.000000000000000000, -1.000000000000000000 ) ) ;
#2104 = ADVANCED_FACE ( 'NONE', ( #602 ), #569, .T. ) ;
#2105 = APPROVAL_STATUS ( 'not_yet_approved' ) ;
#2106 = AXIS2_PLACEMENT_3D ( 'NONE', #865, #1648, #1616 ) ;
#2107 = AXIS2_PLACEMENT_3D ( 'NONE', #2859, #653, #2423 ) ;
#2108 = ORIENTED_EDGE ( 'NONE', *, *, #1829, .T. ) ;
#2109 = DIRECTION ( 'NONE',  ( 1.000000000000000000, 0.000000000000000000, 0.000000000000000000 ) ) ;
#2110 = VECTOR ( 'NONE', #3510, 1000.000000000000000 ) ;
#2111 = ORIENTED_EDGE ( 'NONE', *, *, #2262, .T. ) ;
#2112 = DIRECTION ( 'NONE',  ( 2.612425579928799129E-16, -1.000000000000000000, -0.000000000000000000 ) ) ;
#2113 = EDGE_CURVE ( 'NONE', #4377, #764, #1447, .T. ) ;
#2114 = VERTEX_POINT ( 'NONE', #1703 ) ;
#2115 = DIRECTION ( 'NONE',  ( -0.000000000000000000, 0.000000000000000000, -1.000000000000000000 ) ) ;
#2116 = LINE ( 'NONE', #517, #2882 ) ;
#2117 = VECTOR ( 'NONE', #3541, 1000.000000000000000 ) ;
#2118 = ADVANCED_FACE ( 'NONE', ( #1782 ), #1233, .F. ) ;
#2119 = EDGE_LOOP ( 'NONE', ( #1711, #1953, #57, #4243 ) ) ;
#2120 = VECTOR ( 'NONE', #2825, 1000.000000000000000 ) ;
#2121 = FACE_OUTER_BOUND ( 'NONE', #2534, .T. ) ;
#2122 = EDGE_LOOP ( 'NONE', ( #4111, #1962, #2733, #2507 ) ) ;
#2123 = DIRECTION ( 'NONE',  ( -1.000000000000000000, -0.000000000000000000, -0.000000000000000000 ) ) ;
#2124 = ORIENTED_EDGE ( 'NONE', *, *, #2873, .F. ) ;
#2125 = LINE ( 'NONE', #4235, #3062 ) ;
#2126 = ORIENTED_EDGE ( 'NONE', *, *, #1582, .F. ) ;
#2127 = CARTESIAN_POINT ( 'NONE',  ( -28.00000000000005684, -270.0000000000000000, 27.00000000000000000 ) ) ;
#2128 = EDGE_LOOP ( 'NONE', ( #1326, #4485 ) ) ;
#2129 = DIRECTION ( 'NONE',  ( 0.000000000000000000, 0.000000000000000000, 1.000000000000000000 ) ) ;
#2130 = ORIENTED_EDGE ( 'NONE', *, *, #3011, .T. ) ;
#2131 = AXIS2_PLACEMENT_3D ( 'NONE', #1138, #2678, #2308 ) ;
#2132 = CARTESIAN_POINT ( 'NONE',  ( 573.0186795112782647, -467.6071428571428896, 153.6000000000000512 ) ) ;
#2133 = DIRECTION ( 'NONE',  ( -0.000000000000000000, -1.000000000000000000, -0.000000000000000000 ) ) ;
#2134 = DIRECTION ( 'NONE',  ( -1.000000000000000000, 0.000000000000000000, 0.000000000000000000 ) ) ;
#2135 = DIRECTION ( 'NONE',  ( -0.000000000000000000, -1.000000000000000000, -0.000000000000000000 ) ) ;
#2136 = ORIENTED_EDGE ( 'NONE', *, *, #2448, .T. ) ;
#2137 = ORIENTED_EDGE ( 'NONE', *, *, #1993, .F. ) ;
#2138 = DIRECTION ( 'NONE',  ( 2.612425579928799129E-16, -1.000000000000000000, -0.000000000000000000 ) ) ;
#2139 = CARTESIAN_POINT ( 'NONE',  ( 878.0000000000000000, -114.9999999999998579, 324.7999999999999545 ) ) ;
#2140 = APPROVAL_PERSON_ORGANIZATION ( #2206, #1083, #2545 ) ;
#2141 = CC_DESIGN_APPROVAL ( #2644, ( #4216 ) ) ;
#2142 = APPROVAL_PERSON_ORGANIZATION ( #3754, #336, #803 ) ;
#2143 = CIRCLE ( 'NONE', #4647, 8.000000000000007105 ) ;
#2144 = CARTESIAN_POINT ( 'NONE',  ( 30.00000000000000355, -18.00000000000000000, 300.0000000000000000 ) ) ;
#2145 = CARTESIAN_POINT ( 'NONE',  ( 15.00000000000008527, -290.0000000000000568, 0.000000000000000000 ) ) ;
#2146 = EDGE_CURVE ( 'NONE', #282, #1671, #3280, .T. ) ;
#2147 = AXIS2_PLACEMENT_3D ( 'NONE', #3262, #349, #4019 ) ;
#2148 = DIRECTION ( 'NONE',  ( 0.000000000000000000, 0.000000000000000000, 1.000000000000000000 ) ) ;
#2149 = CARTESIAN_POINT ( 'NONE',  ( 30.00000000000001421, -114.9999999999999574, 300.0000000000000000 ) ) ;
#2150 = DIRECTION ( 'NONE',  ( 1.000000000000000000, 0.000000000000000000, 0.000000000000000000 ) ) ;
#2151 = CARTESIAN_POINT ( 'NONE',  ( 219.9999999999999716, -690.0000000000000000, 300.0000000000000000 ) ) ;
#2152 = EDGE_LOOP ( 'NONE', ( #3068, #2269, #3996, #1588 ) ) ;
#2153 = DIRECTION ( 'NONE',  ( 0.000000000000000000, 0.000000000000000000, -1.000000000000000000 ) ) ;
#2154 = LOCAL_TIME ( 9, 9, 43.00000000000000000, #2277 ) ;
#2155 = LINE ( 'NONE', #2437, #2214 ) ;
#2156 = DIRECTION ( 'NONE',  ( -1.000000000000000000, 0.000000000000000000, 0.000000000000000000 ) ) ;
#2157 = ORIENTED_EDGE ( 'NONE', *, *, #2373, .F. ) ;
#2158 = DIRECTION ( 'NONE',  ( 0.000000000000000000, -1.000000000000000000, 0.000000000000000000 ) ) ;
#2159 = ORIENTED_EDGE ( 'NONE', *, *, #3566, .F. ) ;
#2160 = LINE ( 'NONE', #2440, #4477 ) ;
#2161 = DIRECTION ( 'NONE',  ( 0.000000000000000000, 1.000000000000000000, 0.000000000000000000 ) ) ;
#2162 = PLANE ( 'NONE',  #855 ) ;
#2163 = VERTEX_POINT ( 'NONE', #3922 ) ;
#2164 = DIRECTION ( 'NONE',  ( 1.000000000000000000, 0.000000000000000000, 0.000000000000000000 ) ) ;
#2165 = ORIENTED_EDGE ( 'NONE', *, *, #1949, .T. ) ;
#2166 = CARTESIAN_POINT ( 'NONE',  ( 15.90000000000005720, -551.0000000000004547, 10.90000000000000036 ) ) ;
#2167 = CIRCLE ( 'NONE', #4456, 15.00000000000000000 ) ;
#2168 = EDGE_CURVE ( 'NONE', #3659, #1210, #4334, .T. ) ;
#2169 = LINE ( 'NONE', #4266, #2633 ) ;
#2170 = EDGE_LOOP ( 'NONE', ( #1312, #2426, #4569, #1840 ) ) ;
#2171 = DIRECTION ( 'NONE',  ( 1.000000000000000000, 0.000000000000000000, 0.000000000000000000 ) ) ;
#2172 = LINE ( 'NONE', #364, #4315 ) ;
#2173 =( NAMED_UNIT ( * ) PLANE_ANGLE_UNIT ( ) SI_UNIT ( $, .RADIAN. ) );
#2174 = LINE ( 'NONE', #3051, #3274 ) ;
#2175 = FACE_OUTER_BOUND ( 'NONE', #2182, .T. ) ;
#2176 = EDGE_CURVE ( 'NONE', #3341, #491, #1172, .T. ) ;
#2177 = VERTEX_POINT ( 'NONE', #2413 ) ;
#2178 = DIRECTION ( 'NONE',  ( 6.149669335164226955E-17, 1.000000000000000000, -0.000000000000000000 ) ) ;
#2179 = PLANE ( 'NONE',  #469 ) ;
#2180 = CIRCLE ( 'NONE', #1986, 6.500000000000005329 ) ;
#2181 = VECTOR ( 'NONE', #3003, 1000.000000000000000 ) ;
#2182 = EDGE_LOOP ( 'NONE', ( #1754, #4068, #617, #1557 ) ) ;
#2183 = LINE ( 'NONE', #3857, #2776 ) ;
#2184 = CIRCLE ( 'NONE', #298, 8.000000000000007105 ) ;
#2185 = DIRECTION ( 'NONE',  ( 0.000000000000000000, -0.000000000000000000, 1.000000000000000000 ) ) ;
#2186 = VERTEX_POINT ( 'NONE', #3171 ) ;
#2187 = DIRECTION ( 'NONE',  ( -1.000000000000000000, 0.000000000000000000, 0.000000000000000000 ) ) ;
#2188 = DIRECTION ( 'NONE',  ( 0.000000000000000000, 0.000000000000000000, 1.000000000000000000 ) ) ;
#2189 = ORIENTED_EDGE ( 'NONE', *, *, #4238, .T. ) ;
#2190 = EDGE_LOOP ( 'NONE', ( #489, #309 ) ) ;
#2191 = ORIENTED_EDGE ( 'NONE', *, *, #835, .F. ) ;
#2192 = DIRECTION ( 'NONE',  ( -0.000000000000000000, 1.000000000000000000, -0.000000000000000000 ) ) ;
#2193 = VERTEX_POINT ( 'NONE', #2793 ) ;
#2194 = EDGE_CURVE ( 'NONE', #4377, #1449, #2125, .T. ) ;
#2195 = EDGE_CURVE ( 'NONE', #946, #2186, #1223, .T. ) ;
#2196 = CARTESIAN_POINT ( 'NONE',  ( 15.00000000000008527, 220.0000000000000568, 15.00000000000000000 ) ) ;
#2197 = CARTESIAN_POINT ( 'NONE',  ( 0.000000000000000000, 0.000000000000000000, -1.500000000000000000 ) ) ;
#2198 = ADVANCED_FACE ( 'NONE', ( #2416 ), #935, .T. ) ;
#2199 = PERSON_AND_ORGANIZATION ( #681, #1006 ) ;
#2200 = EDGE_CURVE ( 'NONE', #2907, #3322, #2364, .T. ) ;
#2201 = AXIS2_PLACEMENT_3D ( 'NONE', #551, #1300, #1330 ) ;
#2202 = VECTOR ( 'NONE', #4511, 1000.000000000000000 ) ;
#2203 = CARTESIAN_POINT ( 'NONE',  ( 15.90000000000005720, -355.0000000000000000, 15.90000000000000036 ) ) ;
#2204 = DIRECTION ( 'NONE',  ( 0.000000000000000000, 0.000000000000000000, -1.000000000000000000 ) ) ;
#2205 = CARTESIAN_POINT ( 'NONE',  ( 30.00000000000000355, -575.0000000000000000, 300.0000000000000000 ) ) ;
#2206 = PERSON_AND_ORGANIZATION ( #594, #4099 ) ;
#2207 = PERSON_AND_ORGANIZATION_ROLE ( 'classification_officer' ) ;
#2208 = ORIENTED_EDGE ( 'NONE', *, *, #2018, .F. ) ;
#2209 = VERTEX_POINT ( 'NONE', #810 ) ;
#2210 = EDGE_CURVE ( 'NONE', #1271, #1818, #2483, .T. ) ;
#2211 = CC_DESIGN_PERSON_AND_ORGANIZATION_ASSIGNMENT ( #2502, #1743, ( #1153 ) ) ;
#2212 = LINE ( 'NONE', #3456, #2092 ) ;
#2213 = ORIENTED_EDGE ( 'NONE', *, *, #3748, .T. ) ;
#2214 = VECTOR ( 'NONE', #2818, 1000.000000000000114 ) ;
#2215 = EDGE_CURVE ( 'NONE', #4631, #4486, #651, .T. ) ;
#2216 = EDGE_LOOP ( 'NONE', ( #1482, #106, #1061, #2136, #155, #1175 ) ) ;
#2217 = CALENDAR_DATE ( 2026, 5, 6 ) ;
#2218 = UNCERTAINTY_MEASURE_WITH_UNIT (LENGTH_MEASURE( 1.000000000000000082E-05 ), #4174, 'distance_accuracy_value', 'NONE');
#2219 = CARTESIAN_POINT ( 'NONE',  ( 22.00000000000000711, -65.49999999999995737, 324.7999999999999545 ) ) ;
#2220 = CARTESIAN_POINT ( 'NONE',  ( 15.00000000000008527, 290.0000000000000568, 15.00000000000000000 ) ) ;
#2221 = FACE_BOUND ( 'NONE', #2562, .T. ) ;
#2222 = DIRECTION ( 'NONE',  ( -0.000000000000000000, 1.000000000000000000, -0.000000000000000000 ) ) ;
#2223 = EDGE_CURVE ( 'NONE', #1079, #1329, #1571, .T. ) ;
#2224 = DIRECTION ( 'NONE',  ( 1.000000000000000000, 0.000000000000000000, -0.000000000000000000 ) ) ;
#2225 = FACE_BOUND ( 'NONE', #4466, .T. ) ;
#2226 = DIRECTION ( 'NONE',  ( -0.000000000000000000, 1.000000000000000000, -0.000000000000000000 ) ) ;
#2227 = CIRCLE ( 'NONE', #38, 5.049999999999998934 ) ;
#2228 = ORIENTED_EDGE ( 'NONE', *, *, #28, .T. ) ;
#2229 = EDGE_CURVE ( 'NONE', #3376, #1284, #2061, .T. ) ;
#2230 = AXIS2_PLACEMENT_3D ( 'NONE', #345, #3685, #379 ) ;
#2231 = ORIENTED_EDGE ( 'NONE', *, *, #1704, .T. ) ;
#2232 = FACE_OUTER_BOUND ( 'NONE', #2347, .T. ) ;
#2233 = CARTESIAN_POINT ( 'NONE',  ( 680.0000000000001137, -690.0000000000000000, 20.00000000000001776 ) ) ;
#2234 = APPLICATION_CONTEXT ( 'configuration controlled 3d designs of mechanical parts and assemblies' ) ;
#2235 = DIRECTION ( 'NONE',  ( -1.224646799147353454E-16, 1.000000000000000000, 0.000000000000000000 ) ) ;
#2236 = EDGE_CURVE ( 'NONE', #3123, #567, #3859, .T. ) ;
#2237 = AXIS2_PLACEMENT_3D ( 'NONE', #3148, #1684, #4689 ) ;
#2238 = FACE_OUTER_BOUND ( 'NONE', #2851, .T. ) ;
#2239 = APPROVAL ( #4050, '未指定' ) ;
#2240 = CARTESIAN_POINT ( 'NONE',  ( 870.0000000000000000, -18.00000000000000000, 2.000000000000000000 ) ) ;
#2241 = FACE_OUTER_BOUND ( 'NONE', #1598, .T. ) ;
#2242 = PLANE ( 'NONE',  #3523 ) ;
#2243 = LINE ( 'NONE', #220, #4270 ) ;
#2244 = EDGE_CURVE ( 'NONE', #575, #2822, #1442, .T. ) ;
#2245 = APPROVAL ( #1543, 'UNKNOWN' ) ;
#2246 = CARTESIAN_POINT ( 'NONE',  ( 30.00000000000000355, -624.5000000000000000, 300.0000000000000000 ) ) ;
#2247 = CARTESIAN_POINT ( 'NONE',  ( 33.00000000000007105, 270.0000000000000568, 27.00000000000000711 ) ) ;
#2248 = ADVANCED_FACE ( 'NONE', ( #820 ), #4447, .F. ) ;
#2249 = DIRECTION ( 'NONE',  ( -0.000000000000000000, 1.000000000000000000, -0.000000000000000000 ) ) ;
#2250 = DIRECTION ( 'NONE',  ( 0.000000000000000000, 0.000000000000000000, -1.000000000000000000 ) ) ;
#2251 = APPROVAL_ROLE ( '' ) ;
#2252 = CARTESIAN_POINT ( 'NONE',  ( 878.0000000000000000, -65.49999999999984368, 316.7999999999999545 ) ) ;
#2253 = SECURITY_CLASSIFICATION_LEVEL ( 'unclassified' ) ;
#2254 = DIRECTION ( 'NONE',  ( -0.000000000000000000, -0.000000000000000000, -1.000000000000000000 ) ) ;
#2255 = CARTESIAN_POINT ( 'NONE',  ( -0.000000000000000000, -290.0000000000000000, 0.000000000000000000 ) ) ;
#2256 = LOCAL_TIME ( 9, 9, 43.00000000000000000, #2076 ) ;
#2257 = AXIS2_PLACEMENT_3D ( 'NONE', #4230, #2393, #179 ) ;
#2258 = CALENDAR_DATE ( 2026, 5, 6 ) ;
#2259 = CARTESIAN_POINT ( 'NONE',  ( 15.90000000000005720, 240.0000000000000000, 15.90000000000000036 ) ) ;
#2260 = PRODUCT_DEFINITION_SHAPE ( 'NONE', 'NONE',  #4773 ) ;
#2261 = CALENDAR_DATE ( 2026, 5, 6 ) ;
#2262 = EDGE_CURVE ( 'NONE', #4533, #2907, #3167, .T. ) ;
#2263 = DIRECTION ( 'NONE',  ( -0.000000000000000000, 1.000000000000000000, -0.000000000000000000 ) ) ;
#2264 = AXIS2_PLACEMENT_3D ( 'NONE', #1283, #3090, #4562 ) ;
#2265 = APPROVAL_STATUS ( 'not_yet_approved' ) ;
#2266 = ORIENTED_EDGE ( 'NONE', *, *, #1183, .T. ) ;
#2267 = ORIENTED_EDGE ( 'NONE', *, *, #557, .T. ) ;
#2268 = CARTESIAN_POINT ( 'NONE',  ( 15.90000000000005720, 353.5000000000000568, 20.90000000000000213 ) ) ;
#2269 = ORIENTED_EDGE ( 'NONE', *, *, #4015, .T. ) ;
#2270 = ORIENTED_EDGE ( 'NONE', *, *, #4214, .T. ) ;
#2271 = DIRECTION ( 'NONE',  ( 0.000000000000000000, 0.000000000000000000, -1.000000000000000000 ) ) ;
#2272 = EDGE_CURVE ( 'NONE', #1396, #3123, #4612, .T. ) ;
#2273 = ORIENTED_EDGE ( 'NONE', *, *, #1390, .T. ) ;
#2274 = DIRECTION ( 'NONE',  ( 0.000000000000000000, 1.000000000000000000, -0.000000000000000000 ) ) ;
#2275 = CC_DESIGN_DATE_AND_TIME_ASSIGNMENT ( #1529, #4300, ( #4530 ) ) ;
#2276 = VERTEX_POINT ( 'NONE', #1655 ) ;
#2277 = COORDINATED_UNIVERSAL_TIME_OFFSET ( 8, 0, .AHEAD. ) ;
#2278 = ADVANCED_FACE ( 'NONE', ( #1504 ), #514, .F. ) ;
#2279 = CIRCLE ( 'NONE', #3869, 6.500000000000005329 ) ;
#2280 = EDGE_LOOP ( 'NONE', ( #4604, #4341, #1926, #337 ) ) ;
#2281 = ORIENTED_EDGE ( 'NONE', *, *, #888, .F. ) ;
#2282 = APPROVAL_STATUS ( 'not_yet_approved' ) ;
#2283 = PERSON_AND_ORGANIZATION ( #3556, #3381 ) ;
#2284 = DIRECTION ( 'NONE',  ( -0.000000000000000000, -0.000000000000000000, -1.000000000000000000 ) ) ;
#2285 = PERSON_AND_ORGANIZATION_ROLE ( 'design_owner' ) ;
#2286 = ORIENTED_EDGE ( 'NONE', *, *, #1762, .T. ) ;
#2287 = CARTESIAN_POINT ( 'NONE',  ( 15.00000000000008527, 355.0000000000000000, 15.00000000000000000 ) ) ;
#2288 = SHAPE_REPRESENTATION_RELATIONSHIP ( 'NONE' , 'NONE' ,  #1398, #1 ) ;
#2289 = DIRECTION ( 'NONE',  ( 1.708035422500241173E-16, -1.000000000000000000, 0.000000000000000000 ) ) ;
#2290 = CARTESIAN_POINT ( 'NONE',  ( 870.0000000000002274, -574.9999999999998863, 300.0000000000000000 ) ) ;
#2291 = EDGE_LOOP ( 'NONE', ( #670, #482 ) ) ;
#2292 = ORIENTED_EDGE ( 'NONE', *, *, #449, .F. ) ;
#2293 = VECTOR ( 'NONE', #3231, 1000.000000000000000 ) ;
#2294 = ORIENTED_EDGE ( 'NONE', *, *, #2450, .F. ) ;
#2295 = FACE_OUTER_BOUND ( 'NONE', #969, .T. ) ;
#2296 = CARTESIAN_POINT ( 'NONE',  ( 8.572527594031471730E-14, -290.0000000000000568, 30.00000000000000000 ) ) ;
#2297 = ADVANCED_FACE ( 'NONE', ( #1890 ), #3536, .F. ) ;
#2298 = EDGE_CURVE ( 'NONE', #1815, #640, #4494, .T. ) ;
#2299 = LINE ( 'NONE', #325, #1573 ) ;
#2300 = AXIS2_PLACEMENT_3D ( 'NONE', #1000, #2871, #1406 ) ;
#2301 = VECTOR ( 'NONE', #3512, 1000.000000000000000 ) ;
#2302 = CARTESIAN_POINT ( 'NONE',  ( 878.0000000000000000, -65.49999999999984368, 324.7999999999999545 ) ) ;
#2303 = DIRECTION ( 'NONE',  ( -0.000000000000000000, -1.000000000000000000, -0.000000000000000000 ) ) ;
#2304 = VECTOR ( 'NONE', #606, 1000.000000000000000 ) ;
#2305 = CIRCLE ( 'NONE', #4550, 4.000000000000017764 ) ;
#2306 = PERSON_AND_ORGANIZATION_ROLE ( 'classification_officer' ) ;
#2307 = DIRECTION ( 'NONE',  ( -0.000000000000000000, 1.000000000000000000, -0.000000000000000000 ) ) ;
#2308 = DIRECTION ( 'NONE',  ( -1.000000000000000000, 0.000000000000000000, -0.000000000000000000 ) ) ;
#2309 = CC_DESIGN_PERSON_AND_ORGANIZATION_ASSIGNMENT ( #3690, #3240, ( #4530 ) ) ;
#2310 = EDGE_LOOP ( 'NONE', ( #528, #4462, #3841, #4284, #1029, #4262 ) ) ;
#2311 = VECTOR ( 'NONE', #2390, 1000.000000000000000 ) ;
#2312 = LINE ( 'NONE', #2205, #4618 ) ;
#2313 = APPROVAL_STATUS ( 'not_yet_approved' ) ;
#2314 = VERTEX_POINT ( 'NONE', #2839 ) ;
#2315 = EDGE_LOOP ( 'NONE', ( #2267, #91, #3653, #784 ) ) ;
#2316 = DIRECTION ( 'NONE',  ( 0.000000000000000000, -0.000000000000000000, -1.000000000000000000 ) ) ;
#2317 = ORIENTED_EDGE ( 'NONE', *, *, #3044, .F. ) ;
#2318 = DIRECTION ( 'NONE',  ( -0.000000000000000000, 0.000000000000000000, -1.000000000000000000 ) ) ;
#2319 = EDGE_LOOP ( 'NONE', ( #3093, #3046, #2332, #1089 ) ) ;
#2320 = PLANE ( 'NONE',  #1352 ) ;
#2321 = PERSON_AND_ORGANIZATION_ROLE ( 'design_supplier' ) ;
#2322 = CARTESIAN_POINT ( 'NONE',  ( 22.00000000000000711, -114.9999999999999574, 316.7999999999999545 ) ) ;
#2323 = APPROVAL_ROLE ( '' ) ;
#2324 = VERTEX_POINT ( 'NONE', #1353 ) ;
#2325 = LINE ( 'NONE', #2929, #3364 ) ;
#2326 = APPROVAL_DATE_TIME ( #4408, #4027 ) ;
#2327 = ADVANCED_FACE ( 'NONE', ( #4082 ), #176, .F. ) ;
#2328 = ADVANCED_FACE ( 'NONE', ( #4024 ), #3615, .T. ) ;
#2329 = EDGE_CURVE ( 'NONE', #3145, #1775, #163, .T. ) ;
#2330 = CARTESIAN_POINT ( 'NONE',  ( 8.500145032286354763E-14, -270.0000000000000000, 15.00000000000000000 ) ) ;
#2331 = ORIENTED_EDGE ( 'NONE', *, *, #1152, .T. ) ;
#2332 = ORIENTED_EDGE ( 'NONE', *, *, #2098, .T. ) ;
#2333 = CARTESIAN_POINT ( 'NONE',  ( 0.000000000000000000, 0.000000000000000000, 120.0000000000000000 ) ) ;
#2334 = EDGE_CURVE ( 'NONE', #1815, #4013, #424, .T. ) ;
#2335 = CARTESIAN_POINT ( 'NONE',  ( 15.90000000000005720, 355.0000000000000000, 15.90000000000000036 ) ) ;
#2336 = SECURITY_CLASSIFICATION ( '', '', #3020 ) ;
#2337 = CARTESIAN_POINT ( 'NONE',  ( 698.0000000000000000, -18.00000000000000000, 20.00000000000001776 ) ) ;
#2338 = ORIENTED_EDGE ( 'NONE', *, *, #4521, .F. ) ;
#2339 = EDGE_LOOP ( 'NONE', ( #1173, #2737, #3468, #2366 ) ) ;
#2340 = LOCAL_TIME ( 9, 9, 43.00000000000000000, #1597 ) ;
#2341 = CARTESIAN_POINT ( 'NONE',  ( 5.200000000000006395, -114.9999999999999574, 316.7999999999999545 ) ) ;
#2342 = EDGE_CURVE ( 'NONE', #1099, #3659, #3400, .T. ) ;
#2343 = CC_DESIGN_PERSON_AND_ORGANIZATION_ASSIGNMENT ( #4626, #4222, ( #4655 ) ) ;
#2344 = SHAPE_DEFINITION_REPRESENTATION ( #3186, #1617 ) ;
#2345 = DIRECTION ( 'NONE',  ( 1.000000000000000000, 0.000000000000000000, 0.000000000000000000 ) ) ;
#2346 = PRODUCT_DEFINITION_SHAPE ( 'NONE', 'NONE',  #4772 ) ;
#2347 = EDGE_LOOP ( 'NONE', ( #1328, #252, #1963, #4695 ) ) ;
#2348 = LINE ( 'NONE', #117, #3549 ) ;
#2349 = CARTESIAN_POINT ( 'NONE',  ( 449.0000000000001137, -355.0000000000000000, 0.000000000000000000 ) ) ;
#2350 = CARTESIAN_POINT ( 'NONE',  ( 878.0000000000000000, -65.49999999999984368, 324.7999999999999545 ) ) ;
#2351 = ORIENTED_EDGE ( 'NONE', *, *, #4169, .F. ) ;
#2352 = LINE ( 'NONE', #1047, #921 ) ;
#2353 = VECTOR ( 'NONE', #1550, 1000.000000000000000 ) ;
#2354 = LINE ( 'NONE', #2406, #1940 ) ;
#2355 = CARTESIAN_POINT ( 'NONE',  ( 15.90000000000005720, -551.0000000000004547, 15.90000000000000036 ) ) ;
#2356 = DIRECTION ( 'NONE',  ( -1.288758049684149971E-16, 0.000000000000000000, 1.000000000000000000 ) ) ;
#2357 = EDGE_CURVE ( 'NONE', #2209, #4157, #2243, .T. ) ;
#2358 = CARTESIAN_POINT ( 'NONE',  ( 886.8000000000000682, -114.9999999999998579, 316.7999999999999545 ) ) ;
#2359 = CARTESIAN_POINT ( 'NONE',  ( 13.20000000000000639, -624.5000000000000000, 324.7999999999999545 ) ) ;
#2360 = CYLINDRICAL_SURFACE ( 'NONE', #4215, 6.500000000000005329 ) ;
#2361 = DIRECTION ( 'NONE',  ( 0.000000000000000000, 0.000000000000000000, 1.000000000000000000 ) ) ;
#2362 = VECTOR ( 'NONE', #3734, 1000.000000000000000 ) ;
#2363 = AXIS2_PLACEMENT_3D ( 'NONE', #2127, #1411, #335 ) ;
#2364 = CIRCLE ( 'NONE', #4493, 8.000000000000007105 ) ;
#2365 = DIRECTION ( 'NONE',  ( -0.000000000000000000, 1.000000000000000000, -0.000000000000000000 ) ) ;
#2366 = ORIENTED_EDGE ( 'NONE', *, *, #1547, .F. ) ;
#2367 = ORIENTED_EDGE ( 'NONE', *, *, #2465, .F. ) ;
#2368 = CARTESIAN_POINT ( 'NONE',  ( 15.90000000000005720, -240.0000000000000000, 10.90000000000000036 ) ) ;
#2369 =( NAMED_UNIT ( * ) PLANE_ANGLE_UNIT ( ) SI_UNIT ( $, .RADIAN. ) );
#2370 = EDGE_CURVE ( 'NONE', #2588, #4119, #3121, .T. ) ;
#2371 = SECURITY_CLASSIFICATION ( '', '', #4131 ) ;
#2372 = DIRECTION ( 'NONE',  ( 0.000000000000000000, 0.000000000000000000, -1.000000000000000000 ) ) ;
#2373 = EDGE_CURVE ( 'NONE', #4348, #3896, #1674, .T. ) ;
#2374 = CARTESIAN_POINT ( 'NONE',  ( 30.00000000000000355, -18.00000000000000000, 300.0000000000000000 ) ) ;
#2375 = EDGE_LOOP ( 'NONE', ( #3076, #3253, #2054, #4723 ) ) ;
#2376 = ORIENTED_EDGE ( 'NONE', *, *, #1049, .F. ) ;
#2377 = LOCAL_TIME ( 9, 9, 43.00000000000000000, #2731 ) ;
#2378 = CARTESIAN_POINT ( 'NONE',  ( 15.00000000000008527, 220.0000000000000568, 0.000000000000000000 ) ) ;
#2379 = EDGE_CURVE ( 'NONE', #2675, #1082, #2010, .T. ) ;
#2380 = CARTESIAN_POINT ( 'NONE',  ( 15.90000000000000036, -114.9999999999999574, 316.0000000000000000 ) ) ;
#2381 = PERSON_AND_ORGANIZATION_ROLE ( 'classification_officer' ) ;
#2382 = COORDINATED_UNIVERSAL_TIME_OFFSET ( 8, 0, .AHEAD. ) ;
#2383 = LINE ( 'NONE', #412, #3472 ) ;
#2384 = CARTESIAN_POINT ( 'NONE',  ( 8.572527594031471730E-14, 270.0000000000000568, 30.00000000000000000 ) ) ;
#2385 = CARTESIAN_POINT ( 'NONE',  ( 22.00000000000000711, -624.5000000000000000, 324.7999999999999545 ) ) ;
#2386 = LINE ( 'NONE', #397, #3997 ) ;
#2387 = ORIENTED_EDGE ( 'NONE', *, *, #1686, .F. ) ;
#2388 = AXIS2_PLACEMENT_3D ( 'NONE', #1737, #2090, #2053 ) ;
#2389 = ORIENTED_EDGE ( 'NONE', *, *, #4694, .T. ) ;
#2390 = DIRECTION ( 'NONE',  ( -0.000000000000000000, 1.000000000000000000, -0.000000000000000000 ) ) ;
#2391 = COORDINATED_UNIVERSAL_TIME_OFFSET ( 8, 0, .AHEAD. ) ;
#2392 = FACE_OUTER_BOUND ( 'NONE', #4538, .T. ) ;
#2393 = DIRECTION ( 'NONE',  ( -0.000000000000000000, -1.000000000000000000, -0.000000000000000000 ) ) ;
#2394 = ORIENTED_EDGE ( 'NONE', *, *, #2997, .F. ) ;
#2395 = DIRECTION ( 'NONE',  ( 0.000000000000000000, 0.000000000000000000, -1.000000000000000000 ) ) ;
#2396 = EDGE_CURVE ( 'NONE', #4157, #1362, #598, .T. ) ;
#2397 = CC_DESIGN_PERSON_AND_ORGANIZATION_ASSIGNMENT ( #4303, #4064, ( #4216 ) ) ;
#2398 = CARTESIAN_POINT ( 'NONE',  ( 220.0000000000000000, -18.00000000000000000, 20.00000000000000000 ) ) ;
#2399 = CARTESIAN_POINT ( 'NONE',  ( 15.90000000000005720, 353.5000000000000000, 22.40000000000000568 ) ) ;
#2400 = CALENDAR_DATE ( 2026, 5, 6 ) ;
#2401 = EDGE_CURVE ( 'NONE', #4105, #2921, #3273, .T. ) ;
#2402 = VERTEX_POINT ( 'NONE', #200 ) ;
#2403 = CARTESIAN_POINT ( 'NONE',  ( 8.572527594031471730E-14, 355.0000000000000000, 27.00000000000000355 ) ) ;
#2404 = LINE ( 'NONE', #2024, #3770 ) ;
#2405 = CARTESIAN_POINT ( 'NONE',  ( 878.0000000000000000, -65.49999999999984368, 316.7999999999999545 ) ) ;
#2406 = CARTESIAN_POINT ( 'NONE',  ( 8.450062914116736582E-14, -690.0000000000000000, 300.0000000000000000 ) ) ;
#2407 = CIRCLE ( 'NONE', #2539, 5.000000000000000888 ) ;
#2408 = VECTOR ( 'NONE', #4217, 1000.000000000000000 ) ;
#2409 = FACE_OUTER_BOUND ( 'NONE', #1698, .T. ) ;
#2410 = EDGE_LOOP ( 'NONE', ( #3944, #4293, #112, #1526 ) ) ;
#2411 = DIRECTION ( 'NONE',  ( -1.000000000000000000, 0.000000000000000000, 0.000000000000000000 ) ) ;
#2412 = FACE_OUTER_BOUND ( 'NONE', #2567, .T. ) ;
#2413 = CARTESIAN_POINT ( 'NONE',  ( 8.572527594031471730E-14, -240.0000000000000000, 15.00000000000000000 ) ) ;
#2414 = ORIENTED_EDGE ( 'NONE', *, *, #4471, .F. ) ;
#2415 = LINE ( 'NONE', #3786, #1108 ) ;
#2416 = FACE_OUTER_BOUND ( 'NONE', #568, .T. ) ;
#2417 = EDGE_CURVE ( 'NONE', #567, #2675, #546, .T. ) ;
#2418 = AXIS2_PLACEMENT_3D ( 'NONE', #4422, #2961, #2250 ) ;
#2419 = VERTEX_POINT ( 'NONE', #4598 ) ;
#2420 = CARTESIAN_POINT ( 'NONE',  ( 870.0000000000002274, -624.4999999999998863, 300.0000000000000000 ) ) ;
#2421 = EDGE_LOOP ( 'NONE', ( #4148, #1899, #1645, #3535 ) ) ;
#2422 = CYLINDRICAL_SURFACE ( 'NONE', #3795, 8.000000000000007105 ) ;
#2423 = DIRECTION ( 'NONE',  ( 0.000000000000000000, 0.000000000000000000, -1.000000000000000000 ) ) ;
#2424 = CARTESIAN_POINT ( 'NONE',  ( 15.90000000000000036, -575.0000000000000000, 316.0000000000000000 ) ) ;
#2425 = CARTESIAN_POINT ( 'NONE',  ( 8.572527594031471730E-14, 355.0000000000000000, 0.000000000000000000 ) ) ;
#2426 = ORIENTED_EDGE ( 'NONE', *, *, #1247, .T. ) ;
#2427 = DIRECTION ( 'NONE',  ( 0.000000000000000000, 0.000000000000000000, -1.000000000000000000 ) ) ;
#2428 = VERTEX_POINT ( 'NONE', #1342 ) ;
#2429 = ORIENTED_EDGE ( 'NONE', *, *, #1475, .T. ) ;
#2430 = ORGANIZATION ( 'NAUO-ORG7', 'UNSPECIFIED', 'UNSPECIFIED' ) ;
#2431 = EDGE_CURVE ( 'NONE', #3325, #2983, #1052, .T. ) ;
#2432 = CC_DESIGN_SECURITY_CLASSIFICATION ( #4655, ( #4772 ) ) ;
#2433 = ORIENTED_EDGE ( 'NONE', *, *, #555, .F. ) ;
#2434 = EDGE_LOOP ( 'NONE', ( #556, #2292 ) ) ;
#2435 = CARTESIAN_POINT ( 'NONE',  ( 22.00000000000000711, -624.5000000000000000, 316.7999999999999545 ) ) ;
#2436 = CALENDAR_DATE ( 2026, 5, 6 ) ;
#2437 = CARTESIAN_POINT ( 'NONE',  ( -4.000000000000017764, 0.000000000000000000, 120.0000000000000000 ) ) ;
#2438 = CARTESIAN_POINT ( 'NONE',  ( 15.90000000000005720, -353.5000000000000000, 15.90000000000000036 ) ) ;
#2439 = DIRECTION ( 'NONE',  ( 0.000000000000000000, 0.000000000000000000, -1.000000000000000000 ) ) ;
#2440 = CARTESIAN_POINT ( 'NONE',  ( 870.0000000000000000, -114.9999999999998579, 300.0000000000000000 ) ) ;
#2441 = DIRECTION ( 'NONE',  ( 0.000000000000000000, 0.000000000000000000, -1.000000000000000000 ) ) ;
#2442 = CARTESIAN_POINT ( 'NONE',  ( 878.0000000000002274, -574.9999999999998863, 324.7999999999999545 ) ) ;
#2443 = DIRECTION ( 'NONE',  ( 2.612425579928799129E-16, -1.000000000000000000, -0.000000000000000000 ) ) ;
#2444 = APPROVAL_PERSON_ORGANIZATION ( #783, #1636, #1604 ) ;
#2445 = CARTESIAN_POINT ( 'NONE',  ( 15.90000000000005720, -353.5000000000000000, 22.40000000000000568 ) ) ;
#2446 = EDGE_LOOP ( 'NONE', ( #1143, #671, #1702, #2711, #2664, #2037, #3823, #2546 ) ) ;
#2447 = ORIENTED_EDGE ( 'NONE', *, *, #3463, .T. ) ;
#2448 = EDGE_CURVE ( 'NONE', #1082, #3405, #3222, .T. ) ;
#2449 = DIRECTION ( 'NONE',  ( 0.000000000000000000, 0.000000000000000000, 1.000000000000000000 ) ) ;
#2450 = EDGE_CURVE ( 'NONE', #3637, #305, #703, .T. ) ;
#2451 = VERTEX_POINT ( 'NONE', #240 ) ;
#2452 = VECTOR ( 'NONE', #259, 1000.000000000000000 ) ;
#2453 = EDGE_LOOP ( 'NONE', ( #2641, #4070, #4087, #4034 ) ) ;
#2454 = CARTESIAN_POINT ( 'NONE',  ( 15.90000000000005720, -219.9999999999999716, 10.90000000000000036 ) ) ;
#2455 = DIRECTION ( 'NONE',  ( -0.000000000000000000, 1.000000000000000000, -0.000000000000000000 ) ) ;
#2456 = EDGE_CURVE ( 'NONE', #53, #2569, #352, .T. ) ;
#2457 = AXIS2_PLACEMENT_3D ( 'NONE', #1343, #3897, #3853 ) ;
#2458 = LINE ( 'NONE', #1015, #3826 ) ;
#2459 = CARTESIAN_POINT ( 'NONE',  ( 886.8000000000000682, -65.49999999999984368, 324.7999999999999545 ) ) ;
#2460 = CARTESIAN_POINT ( 'NONE',  ( 5.200000000000002842, -575.0000000000000000, 300.0000000000000000 ) ) ;
#2461 = APPLICATION_CONTEXT ( 'configuration controlled 3d designs of mechanical parts and assemblies' ) ;
#2462 = CARTESIAN_POINT ( 'NONE',  ( 15.00000000000008527, 355.0000000000000000, 15.00000000000000000 ) ) ;
#2463 = ORIENTED_EDGE ( 'NONE', *, *, #1547, .T. ) ;
#2464 = ORIENTED_EDGE ( 'NONE', *, *, #3463, .F. ) ;
#2465 = EDGE_CURVE ( 'NONE', #1756, #53, #2180, .T. ) ;
#2466 = APPROVAL ( #2282, '未指定' ) ;
#2467 = ORIENTED_EDGE ( 'NONE', *, *, #4521, .T. ) ;
#2468 = ORIENTED_EDGE ( 'NONE', *, *, #146, .F. ) ;
#2469 = VECTOR ( 'NONE', #1872, 1000.000000000000000 ) ;
#2470 = EDGE_LOOP ( 'NONE', ( #4697, #2367 ) ) ;
#2471 = FACE_OUTER_BOUND ( 'NONE', #230, .T. ) ;
#2472 = ORIENTED_EDGE ( 'NONE', *, *, #4711, .F. ) ;
#2473 = CARTESIAN_POINT ( 'NONE',  ( 8.572527594031471730E-14, -355.0000000000000000, 30.00000000000000000 ) ) ;
#2474 = CARTESIAN_POINT ( 'NONE',  ( 4.000000000000017764, 4.898587196589433536E-16, 120.0000000000000000 ) ) ;
#2475 = CIRCLE ( 'NONE', #3407, 5.000000000000000000 ) ;
#2476 = PLANE ( 'NONE',  #1724 ) ;
#2477 = VERTEX_POINT ( 'NONE', #1064 ) ;
#2478 = FACE_OUTER_BOUND ( 'NONE', #2410, .T. ) ;
#2479 = DIRECTION ( 'NONE',  ( 0.000000000000000000, 0.000000000000000000, 1.000000000000000000 ) ) ;
#2480 = LINE ( 'NONE', #3954, #2889 ) ;
#2481 = ORIENTED_EDGE ( 'NONE', *, *, #2357, .F. ) ;
#2482 = FACE_OUTER_BOUND ( 'NONE', #3761, .T. ) ;
#2483 = LINE ( 'NONE', #4504, #289 ) ;
#2484 = ORIENTED_EDGE ( 'NONE', *, *, #3988, .T. ) ;
#2485 = ORIENTED_EDGE ( 'NONE', *, *, #2396, .T. ) ;
#2486 = ADVANCED_FACE ( 'NONE', ( #218 ), #2360, .F. ) ;
#2487 = EDGE_CURVE ( 'NONE', #3355, #4340, #4391, .T. ) ;
#2488 = AXIS2_PLACEMENT_3D ( 'NONE', #3752, #1187, #4092 ) ;
#2489 = PLANE ( 'NONE',  #1902 ) ;
#2490 = ADVANCED_FACE ( 'NONE', ( #50 ), #646, .F. ) ;
#2491 = CARTESIAN_POINT ( 'NONE',  ( 15.90000000000005720, -355.0000000000000000, 9.399999999999995026 ) ) ;
#2492 = CARTESIAN_POINT ( 'NONE',  ( 886.8000000000000682, -65.49999999999984368, 324.7999999999999545 ) ) ;
#2493 = SECURITY_CLASSIFICATION_LEVEL ( 'unclassified' ) ;
#2494 = AXIS2_PLACEMENT_3D ( 'NONE', #2424, #3511, #654 ) ;
#2495 = CC_DESIGN_PERSON_AND_ORGANIZATION_ASSIGNMENT ( #3424, #3704, ( #1745 ) ) ;
#2496 = ORIENTED_EDGE ( 'NONE', *, *, #3517, .T. ) ;
#2497 = EDGE_CURVE ( 'NONE', #2921, #3570, #4205, .T. ) ;
#2498 = APPROVAL_PERSON_ORGANIZATION ( #3299, #3358, #964 ) ;
#2499 = DESIGN_CONTEXT ( 'detailed design', #68, 'design' ) ;
#2500 = ORIENTED_EDGE ( 'NONE', *, *, #3731, .F. ) ;
#2501 = ORIENTED_EDGE ( 'NONE', *, *, #896, .F. ) ;
#2502 = PERSON_AND_ORGANIZATION ( #3556, #3381 ) ;
#2503 = EDGE_LOOP ( 'NONE', ( #4680, #986, #1838, #3614, #4170, #437 ) ) ;
#2504 = VERTEX_POINT ( 'NONE', #635 ) ;
#2505 = DIRECTION ( 'NONE',  ( -0.000000000000000000, 0.000000000000000000, 1.000000000000000000 ) ) ;
#2506 = VERTEX_POINT ( 'NONE', #2040 ) ;
#2507 = ORIENTED_EDGE ( 'NONE', *, *, #4576, .T. ) ;
#2508 = CALENDAR_DATE ( 2026, 5, 6 ) ;
#2509 = ORIENTED_EDGE ( 'NONE', *, *, #1325, .F. ) ;
#2510 = EDGE_CURVE ( 'NONE', #3586, #2042, #44, .T. ) ;
#2511 = DIRECTION ( 'NONE',  ( 4.270088556250602932E-17, 1.000000000000000000, -0.000000000000000000 ) ) ;
#2512 = CIRCLE ( 'NONE', #1793, 8.000000000000007105 ) ;
#2513 = CARTESIAN_POINT ( 'NONE',  ( 22.00000000000000711, -575.0000000000000000, 316.7999999999999545 ) ) ;
#2514 =( NAMED_UNIT ( * ) PLANE_ANGLE_UNIT ( ) SI_UNIT ( $, .RADIAN. ) );
#2515 = CARTESIAN_POINT ( 'NONE',  ( -28.00000000000005684, -290.0000000000000000, 27.00000000000000000 ) ) ;
#2516 = AXIS2_PLACEMENT_3D ( 'NONE', #2046, #182, #2941 ) ;
#2517 = ORIENTED_EDGE ( 'NONE', *, *, #3216, .T. ) ;
#2518 = DIRECTION ( 'NONE',  ( -1.000000000000000000, -3.039434435553859299E-16, 0.000000000000000000 ) ) ;
#2519 = LINE ( 'NONE', #2960, #3650 ) ;
#2520 = ORIENTED_EDGE ( 'NONE', *, *, #3244, .T. ) ;
#2521 = EDGE_CURVE ( 'NONE', #633, #3647, #3113, .T. ) ;
#2522 = FACE_BOUND ( 'NONE', #997, .T. ) ;
#2523 = FACE_BOUND ( 'NONE', #3950, .T. ) ;
#2524 = FACE_OUTER_BOUND ( 'NONE', #3019, .T. ) ;
#2525 = VERTEX_POINT ( 'NONE', #2807 ) ;
#2526 = VECTOR ( 'NONE', #1468, 1000.000000000000000 ) ;
#2527 = CYLINDRICAL_SURFACE ( 'NONE', #2732, 15.00000000000000000 ) ;
#2528 = DIRECTION ( 'NONE',  ( 0.000000000000000000, -1.000000000000000000, 0.000000000000000000 ) ) ;
#2529 = CARTESIAN_POINT ( 'NONE',  ( 870.0000000000001137, -343.9999999999998295, 20.00000000000001776 ) ) ;
#2530 = DIRECTION ( 'NONE',  ( 0.000000000000000000, 1.000000000000000000, 0.000000000000000000 ) ) ;
#2531 = DIRECTION ( 'NONE',  ( -0.000000000000000000, 0.000000000000000000, 1.000000000000000000 ) ) ;
#2532 = VERTEX_POINT ( 'NONE', #1003 ) ;
#2533 = LINE ( 'NONE', #728, #2950 ) ;
#2534 = EDGE_LOOP ( 'NONE', ( #3774, #972, #2030, #2165, #1519 ) ) ;
#2535 = FACE_OUTER_BOUND ( 'NONE', #1508, .T. ) ;
#2536 = ORIENTED_EDGE ( 'NONE', *, *, #1901, .T. ) ;
#2537 = EDGE_LOOP ( 'NONE', ( #3971, #1403, #2331, #665 ) ) ;
#2538 = EDGE_CURVE ( 'NONE', #3647, #633, #876, .T. ) ;
#2539 = AXIS2_PLACEMENT_3D ( 'NONE', #34, #1520, #844 ) ;
#2540 = DIRECTION ( 'NONE',  ( 0.000000000000000000, 1.000000000000000000, 0.000000000000000000 ) ) ;
#2541 = CARTESIAN_POINT ( 'NONE',  ( 30.00000000000000355, -575.0000000000000000, 300.0000000000000000 ) ) ;
#2542 = CARTESIAN_POINT ( 'NONE',  ( -311.0299998553864498, -114.3571428571428328, 137.6488444828386832 ) ) ;
#2543 = ORGANIZATION ( 'NAUO-ORG6', 'UNSPECIFIED', 'UNSPECIFIED' ) ;
#2544 = CARTESIAN_POINT ( 'NONE',  ( 8.572527594031471730E-14, -355.0000000000000000, 30.00000000000000000 ) ) ;
#2545 = APPROVAL_ROLE ( '' ) ;
#2546 = ORIENTED_EDGE ( 'NONE', *, *, #1213, .T. ) ;
#2547 = LOCAL_TIME ( 9, 9, 43.00000000000000000, #4510 ) ;
#2548 = DIRECTION ( 'NONE',  ( 1.000000000000000000, 0.000000000000000000, 1.137523590804461357E-16 ) ) ;
#2549 = CC_DESIGN_APPROVAL ( #3358, ( #573 ) ) ;
#2550 = ORIENTED_EDGE ( 'NONE', *, *, #4731, .F. ) ;
#2551 = PERSON_AND_ORGANIZATION ( #3556, #3381 ) ;
#2552 = DIRECTION ( 'NONE',  ( 1.000000000000000000, -1.708035422500241419E-16, 0.000000000000000000 ) ) ;
#2553 = DIRECTION ( 'NONE',  ( 0.000000000000000000, -1.000000000000000000, 0.000000000000000000 ) ) ;
#2554 = ORIENTED_EDGE ( 'NONE', *, *, #4351, .F. ) ;
#2555 = VERTEX_POINT ( 'NONE', #3936 ) ;
#2556 = ADVANCED_FACE ( 'NONE', ( #2478 ), #2476, .F. ) ;
#2557 = CARTESIAN_POINT ( 'NONE',  ( 573.0186795112781510, 239.3928571428572525, 153.6000000000000512 ) ) ;
#2558 = VERTEX_POINT ( 'NONE', #3899 ) ;
#2559 = PLANE ( 'NONE',  #893 ) ;
#2560 = ORIENTED_EDGE ( 'NONE', *, *, #2450, .T. ) ;
#2561 = PLANE ( 'NONE',  #226 ) ;
#2562 = EDGE_LOOP ( 'NONE', ( #2338, #4411 ) ) ;
#2563 = CARTESIAN_POINT ( 'NONE',  ( 30.00000000000001066, -65.49999999999995737, 300.0000000000000000 ) ) ;
#2564 = CARTESIAN_POINT ( 'NONE',  ( 894.8000000000000682, -65.49999999999984368, 300.0000000000000000 ) ) ;
#2565 = AXIS2_PLACEMENT_3D ( 'NONE', #2880, #3999, #2129 ) ;
#2566 = FACE_OUTER_BOUND ( 'NONE', #1788, .T. ) ;
#2567 = EDGE_LOOP ( 'NONE', ( #3979, #3409, #2213, #3478 ) ) ;
#2568 = CARTESIAN_POINT ( 'NONE',  ( 15.90000000000000036, -65.49999999999995737, 321.0500000000000114 ) ) ;
#2569 = VERTEX_POINT ( 'NONE', #2491 ) ;
#2570 = DIRECTION ( 'NONE',  ( -1.288758049684149971E-16, 0.000000000000000000, 1.000000000000000000 ) ) ;
#2571 = DIRECTION ( 'NONE',  ( 0.9999948076674756159, 0.000000000000000000, 0.003222520455876642844 ) ) ;
#2572 = ORIENTED_EDGE ( 'NONE', *, *, #4560, .T. ) ;
#2573 = DIRECTION ( 'NONE',  ( 0.000000000000000000, 0.000000000000000000, 1.000000000000000000 ) ) ;
#2574 = CARTESIAN_POINT ( 'NONE',  ( 889.1499999999999773, -114.9999999999998579, 316.0000000000000000 ) ) ;
#2575 = VECTOR ( 'NONE', #3691, 1000.000000000000000 ) ;
#2576 = EDGE_CURVE ( 'NONE', #3432, #1818, #1944, .T. ) ;
#2577 = APPROVAL_ROLE ( '' ) ;
#2578 = FACE_OUTER_BOUND ( 'NONE', #333, .T. ) ;
#2579 = AXIS2_PLACEMENT_3D ( 'NONE', #1894, #778, #88 ) ;
#2580 = CC_DESIGN_DATE_AND_TIME_ASSIGNMENT ( #3947, #1524, ( #2336 ) ) ;
#2581 = DIRECTION ( 'NONE',  ( 0.000000000000000000, 0.000000000000000000, 1.000000000000000000 ) ) ;
#2582 = VERTEX_POINT ( 'NONE', #3571 ) ;
#2583 = CARTESIAN_POINT ( 'NONE',  ( 0.000000000000000000, 0.000000000000000000, 120.0000000000000000 ) ) ;
#2584 = DIRECTION ( 'NONE',  ( -2.065146995210486914E-16, -5.395042836600973428E-32, 1.000000000000000000 ) ) ;
#2585 = EDGE_CURVE ( 'NONE', #2985, #4160, #3560, .T. ) ;
#2586 = DIRECTION ( 'NONE',  ( 0.000000000000000000, 0.000000000000000000, -1.000000000000000000 ) ) ;
#2587 = FACE_OUTER_BOUND ( 'NONE', #3606, .T. ) ;
#2588 = VERTEX_POINT ( 'NONE', #3163 ) ;
#2589 = CARTESIAN_POINT ( 'NONE',  ( 220.0000000000000000, -18.00000000000000000, 977.2001181334803732 ) ) ;
#2590 = LINE ( 'NONE', #940, #650 ) ;
#2591 = LINE ( 'NONE', #3098, #707 ) ;
#2592 = CARTESIAN_POINT ( 'NONE',  ( 870.0000000000001137, -361.9999999999998295, 977.2001181334804869 ) ) ;
#2593 = DIRECTION ( 'NONE',  ( -1.000000000000000000, 0.000000000000000000, -0.000000000000000000 ) ) ;
#2594 = DIRECTION ( 'NONE',  ( 0.000000000000000000, 0.000000000000000000, -1.000000000000000000 ) ) ;
#2595 = ORIENTED_EDGE ( 'NONE', *, *, #4250, .F. ) ;
#2596 = ORIENTED_EDGE ( 'NONE', *, *, #3663, .F. ) ;
#2597 = EDGE_LOOP ( 'NONE', ( #4253, #1574 ) ) ;
#2598 = EDGE_CURVE ( 'NONE', #2985, #1069, #3969, .T. ) ;
#2599 = PLANE ( 'NONE',  #3133 ) ;
#2600 = CARTESIAN_POINT ( 'NONE',  ( 30.00000000000005329, -18.00000000000000000, 2.000000000000000000 ) ) ;
#2601 = PLANE ( 'NONE',  #674 ) ;
#2602 = APPROVAL_DATE_TIME ( #3574, #487 ) ;
#2603 = VECTOR ( 'NONE', #1828, 1000.000000000000000 ) ;
#2604 = EDGE_CURVE ( 'NONE', #137, #752, #2888, .T. ) ;
#2605 = DIRECTION ( 'NONE',  ( -0.000000000000000000, -0.000000000000000000, -1.000000000000000000 ) ) ;
#2606 = MECHANICAL_CONTEXT ( 'NONE', #1192, 'mechanical' ) ;
#2607 = CARTESIAN_POINT ( 'NONE',  ( 5.000000000000000000, 6.123233995736766282E-16, 119.0000000000000142 ) ) ;
#2608 = PERSON_AND_ORGANIZATION ( #3556, #3381 ) ;
#2609 = LINE ( 'NONE', #392, #3525 ) ;
#2610 = LOCAL_TIME ( 9, 9, 43.00000000000000000, #4574 ) ;
#2611 = CC_DESIGN_APPROVAL ( #1636, ( #3443 ) ) ;
#2612 = LINE ( 'NONE', #1734, #3366 ) ;
#2613 = DIRECTION ( 'NONE',  ( -1.137523590804461357E-16, 0.000000000000000000, 1.000000000000000000 ) ) ;
#2614 = EDGE_CURVE ( 'NONE', #3284, #2114, #3910, .T. ) ;
#2615 = CARTESIAN_POINT ( 'NONE',  ( 30.00000000000007461, -624.5000000000000000, 300.0000000000000000 ) ) ;
#2616 = ORIENTED_EDGE ( 'NONE', *, *, #2113, .T. ) ;
#2617 = ORIENTED_EDGE ( 'NONE', *, *, #2763, .F. ) ;
#2618 = PERSON_AND_ORGANIZATION ( #3556, #3381 ) ;
#2619 = EDGE_LOOP ( 'NONE', ( #2050, #1457 ) ) ;
#2620 = CARTESIAN_POINT ( 'NONE',  ( 15.90000000000005720, 355.0000000000000000, 15.90000000000000036 ) ) ;
#2621 = APPLICATION_CONTEXT ( 'configuration controlled 3d designs of mechanical parts and assemblies' ) ;
#2622 = DIRECTION ( 'NONE',  ( 0.000000000000000000, 0.000000000000000000, 1.000000000000000000 ) ) ;
#2623 =( REPRESENTATION_RELATIONSHIP ('NONE','NONE', #3201, #3195 ) REPRESENTATION_RELATIONSHIP_WITH_TRANSFORMATION ( #4042 )SHAPE_REPRESENTATION_RELATIONSHIP( ) );
#2624 = EDGE_LOOP ( 'NONE', ( #1063, #2676, #3931, #3861 ) ) ;
#2625 = ADVANCED_FACE ( 'NONE', ( #989 ), #334, .F. ) ;
#2626 = CARTESIAN_POINT ( 'NONE',  ( 8.572527594031471730E-14, 355.0000000000000000, 30.00000000000000000 ) ) ;
#2627 = VECTOR ( 'NONE', #4002, 1000.000000000000000 ) ;
#2628 = DIRECTION ( 'NONE',  ( 0.000000000000000000, -1.000000000000000000, 0.000000000000000000 ) ) ;
#2629 = EDGE_CURVE ( 'NONE', #2209, #1395, #2836, .T. ) ;
#2630 = AXIS2_PLACEMENT_3D ( 'NONE', #4295, #655, #1347 ) ;
#2631 = DIRECTION ( 'NONE',  ( 1.000000000000000000, 0.000000000000000000, 0.000000000000000000 ) ) ;
#2632 = FACE_OUTER_BOUND ( 'NONE', #1333, .T. ) ;
#2633 = VECTOR ( 'NONE', #1739, 1000.000000000000000 ) ;
#2634 = FACE_BOUND ( 'NONE', #2291, .T. ) ;
#2635 = ADVANCED_FACE ( 'NONE', ( #3446 ), #1590, .F. ) ;
#2636 = DIRECTION ( 'NONE',  ( 0.000000000000000000, 0.000000000000000000, 1.000000000000000000 ) ) ;
#2637 = PLANE ( 'NONE',  #61 ) ;
#2638 = PERSON_AND_ORGANIZATION_ROLE ( 'classification_officer' ) ;
#2639 = PLANE ( 'NONE',  #3316 ) ;
#2640 = EDGE_CURVE ( 'NONE', #3085, #3174, #3607, .T. ) ;
#2641 = ORIENTED_EDGE ( 'NONE', *, *, #4073, .F. ) ;
#2642 = PERSON_AND_ORGANIZATION_ROLE ( 'classification_officer' ) ;
#2643 = CIRCLE ( 'NONE', #452, 5.000000000000000888 ) ;
#2644 = APPROVAL ( #1507, '未指定' ) ;
#2645 = CIRCLE ( 'NONE', #1110, 5.000000000000000888 ) ;
#2646 = CARTESIAN_POINT ( 'NONE',  ( -28.00000000000005684, -239.9999999999999716, 22.00000000000000000 ) ) ;
#2647 = DIRECTION ( 'NONE',  ( 0.000000000000000000, 0.000000000000000000, -1.000000000000000000 ) ) ;
#2648 = ADVANCED_FACE ( 'NONE', ( #419 ), #283, .F. ) ;
#2649 = ADVANCED_FACE ( 'NONE', ( #4079, #1499 ), #1705, .T. ) ;
#2650 = VECTOR ( 'NONE', #2800, 1000.000000000000000 ) ;
#2651 = CARTESIAN_POINT ( 'NONE',  ( 878.0000000000000000, -65.49999999999984368, 324.7999999999999545 ) ) ;
#2652 = EDGE_CURVE ( 'NONE', #3147, #4633, #2643, .T. ) ;
#2653 = CARTESIAN_POINT ( 'NONE',  ( -28.00000000000005684, 290.0000000000000568, 22.00000000000000000 ) ) ;
#2654 = ORIENTED_EDGE ( 'NONE', *, *, #809, .T. ) ;
#2655 = LINE ( 'NONE', #3078, #1231 ) ;
#2656 = DIRECTION ( 'NONE',  ( 0.000000000000000000, 0.000000000000000000, 1.000000000000000000 ) ) ;
#2657 = APPROVAL_STATUS ( 'not_yet_approved' ) ;
#2658 = CARTESIAN_POINT ( 'NONE',  ( 15.90000000000005720, -551.0000000000004547, 15.90000000000000036 ) ) ;
#2659 = CARTESIAN_POINT ( 'NONE',  ( 0.000000000000000000, 0.000000000000000000, 300.0000000000000000 ) ) ;
#2660 = VERTEX_POINT ( 'NONE', #256 ) ;
#2661 = AXIS2_PLACEMENT_3D ( 'NONE', #3591, #4738, #1761 ) ;
#2662 = CARTESIAN_POINT ( 'NONE',  ( 15.90000000000000036, -65.49999999999995737, 321.0500000000000114 ) ) ;
#2663 = ITEM_DEFINED_TRANSFORMATION ( 'NONE', 'NONE', #930,  #779 ) ;
#2664 = ORIENTED_EDGE ( 'NONE', *, *, #1776, .T. ) ;
#2665 = DIRECTION ( 'NONE',  ( -1.000000000000000000, 0.000000000000000000, 0.000000000000000000 ) ) ;
#2666 = CARTESIAN_POINT ( 'NONE',  ( 870.0000000000000000, -114.9999999999998579, 300.0000000000000000 ) ) ;
#2667 = APPROVAL_PERSON_ORGANIZATION ( #2091, #2020, #4509 ) ;
#2668 = DIRECTION ( 'NONE',  ( 0.000000000000000000, 0.000000000000000000, 1.000000000000000000 ) ) ;
#2669 = CARTESIAN_POINT ( 'NONE',  ( 886.8000000000002956, -624.4999999999998863, 324.7999999999999545 ) ) ;
#2670 = MECHANICAL_CONTEXT ( 'NONE', #2913, 'mechanical' ) ;
#2671 = ORIENTED_EDGE ( 'NONE', *, *, #1492, .T. ) ;
#2672 = CARTESIAN_POINT ( 'NONE',  ( 889.1500000000002046, -624.4999999999998863, 316.0000000000000000 ) ) ;
#2673 = EDGE_LOOP ( 'NONE', ( #3330, #1680, #987, #4688 ) ) ;
#2674 = DIRECTION ( 'NONE',  ( 0.000000000000000000, 0.000000000000000000, 1.000000000000000000 ) ) ;
#2675 = VERTEX_POINT ( 'NONE', #585 ) ;
#2676 = ORIENTED_EDGE ( 'NONE', *, *, #4146, .F. ) ;
#2677 = CARTESIAN_POINT ( 'NONE',  ( 15.90000000000005720, -355.0000000000000000, 15.90000000000000036 ) ) ;
#2678 = DIRECTION ( 'NONE',  ( 0.000000000000000000, 0.000000000000000000, -1.000000000000000000 ) ) ;
#2679 = EDGE_CURVE ( 'NONE', #575, #3879, #4198, .T. ) ;
#2680 = ORIENTED_EDGE ( 'NONE', *, *, #2780, .T. ) ;
#2681 = DIRECTION ( 'NONE',  ( -0.000000000000000000, 1.000000000000000000, -0.000000000000000000 ) ) ;
#2682 = CARTESIAN_POINT ( 'NONE',  ( 870.0000000000000000, -18.00000000000000000, 300.0000000000000000 ) ) ;
#2683 = LINE ( 'NONE', #2473, #2452 ) ;
#2684 = DIRECTION ( 'NONE',  ( -1.137523590804461357E-16, 0.000000000000000000, 1.000000000000000000 ) ) ;
#2685 = PLANE ( 'NONE',  #2923 ) ;
#2686 = ORIENTED_EDGE ( 'NONE', *, *, #557, .F. ) ;
#2687 = COORDINATED_UNIVERSAL_TIME_OFFSET ( 8, 0, .AHEAD. ) ;
#2688 = ORIENTED_EDGE ( 'NONE', *, *, #3258, .T. ) ;
#2689 = ADVANCED_FACE ( 'NONE', ( #929 ), #3218, .T. ) ;
#2690 = ADVANCED_FACE ( 'NONE', ( #1831 ), #2489, .T. ) ;
#2691 = DIRECTION ( 'NONE',  ( -0.000000000000000000, 1.000000000000000000, -0.000000000000000000 ) ) ;
#2692 = VERTEX_POINT ( 'NONE', #2149 ) ;
#2693 = CARTESIAN_POINT ( 'NONE',  ( 870.0000000000000000, -18.00000000000000000, -0.000000000000000000 ) ) ;
#2694 = CARTESIAN_POINT ( 'NONE',  ( 870.0000000000001137, -667.9999999999998863, 20.00000000000001776 ) ) ;
#2695 = VECTOR ( 'NONE', #403, 1000.000000000000000 ) ;
#2696 = PLANE ( 'NONE',  #652 ) ;
#2697 = ORIENTED_EDGE ( 'NONE', *, *, #2373, .T. ) ;
#2698 = EDGE_CURVE ( 'NONE', #4633, #3865, #4714, .T. ) ;
#2699 = DIRECTION ( 'NONE',  ( 1.000000000000000000, 0.000000000000000000, -2.065146995210486914E-16 ) ) ;
#2700 = CARTESIAN_POINT ( 'NONE',  ( 15.90000000000005720, -353.5000000000000000, 15.90000000000000036 ) ) ;
#2701 = VECTOR ( 'NONE', #1908, 1000.000000000000000 ) ;
#2702 = LINE ( 'NONE', #1954, #3328 ) ;
#2703 = ORIENTED_EDGE ( 'NONE', *, *, #2223, .F. ) ;
#2704 = CARTESIAN_POINT ( 'NONE',  ( 30.00000000000000355, -18.00000000000000000, 20.00000000000001776 ) ) ;
#2705 = AXIS2_PLACEMENT_3D ( 'NONE', #2700, #512, #3809 ) ;
#2706 = FACE_BOUND ( 'NONE', #785, .T. ) ;
#2707 = AXIS2_PLACEMENT_3D ( 'NONE', #1581, #3829, #2361 ) ;
#2708 = DIRECTION ( 'NONE',  ( 0.000000000000000000, 0.000000000000000000, 1.000000000000000000 ) ) ;
#2709 = DIRECTION ( 'NONE',  ( -1.000000000000000000, 0.000000000000000000, -1.137523590804461357E-16 ) ) ;
#2710 = DIRECTION ( 'NONE',  ( 1.000000000000000000, -6.149669335164226955E-17, 0.000000000000000000 ) ) ;
#2711 = ORIENTED_EDGE ( 'NONE', *, *, #3054, .F. ) ;
#2712 = VECTOR ( 'NONE', #3243, 1000.000000000000000 ) ;
#2713 = EDGE_CURVE ( 'NONE', #382, #2314, #2766, .T. ) ;
#2714 = SECURITY_CLASSIFICATION ( '', '', #1474 ) ;
#2715 = ORIENTED_EDGE ( 'NONE', *, *, #1568, .F. ) ;
#2716 = DIRECTION ( 'NONE',  ( 0.000000000000000000, 0.000000000000000000, -1.000000000000000000 ) ) ;
#2717 = ORIENTED_EDGE ( 'NONE', *, *, #390, .F. ) ;
#2718 = DIRECTION ( 'NONE',  ( 0.000000000000000000, 0.000000000000000000, 1.000000000000000000 ) ) ;
#2719 = VERTEX_POINT ( 'NONE', #755 ) ;
#2720 = ADVANCED_FACE ( 'NONE', ( #817 ), #759, .F. ) ;
#2721 = ADVANCED_FACE ( 'NONE', ( #1167, #3338 ), #7, .T. ) ;
#2722 = ORIENTED_EDGE ( 'NONE', *, *, #375, .F. ) ;
#2723 = CARTESIAN_POINT ( 'NONE',  ( 870.0000000000000000, -65.49999999999984368, 300.0000000000000000 ) ) ;
#2724 = CARTESIAN_POINT ( 'NONE',  ( 8.500145032286354763E-14, 240.0000000000000284, 15.00000000000000000 ) ) ;
#2725 = CARTESIAN_POINT ( 'NONE',  ( 15.90000000000005720, -240.0000000000000000, 15.90000000000000036 ) ) ;
#2726 = DIRECTION ( 'NONE',  ( -1.288758049684149971E-16, 0.000000000000000000, 1.000000000000000000 ) ) ;
#2727 = ORGANIZATION ( 'NAUO-ORG3', 'UNSPECIFIED', 'UNSPECIFIED' ) ;
#2728 = DIRECTION ( 'NONE',  ( -0.000000000000000000, 1.000000000000000000, -0.000000000000000000 ) ) ;
#2729 = ADVANCED_BREP_SHAPE_REPRESENTATION ( '', ( #4364, #779 ), #102 ) ;
#2730 = DIRECTION ( 'NONE',  ( -0.000000000000000000, -1.000000000000000000, -0.000000000000000000 ) ) ;
#2731 = COORDINATED_UNIVERSAL_TIME_OFFSET ( 8, 0, .AHEAD. ) ;
#2732 = AXIS2_PLACEMENT_3D ( 'NONE', #1125, #4644, #2441 ) ;
#2733 = ORIENTED_EDGE ( 'NONE', *, *, #3863, .F. ) ;
#2734 = PLANE ( 'NONE',  #1011 ) ;
#2735 = PERSON_AND_ORGANIZATION ( #3556, #3381 ) ;
#2736 = VECTOR ( 'NONE', #4076, 1000.000000000000000 ) ;
#2737 = ORIENTED_EDGE ( 'NONE', *, *, #193, .F. ) ;
#2738 = ORIENTED_EDGE ( 'NONE', *, *, #136, .F. ) ;
#2739 = CARTESIAN_POINT ( 'NONE',  ( 449.0000000000001137, 355.0000000000000000, 30.00000000000000000 ) ) ;
#2740 = CC_DESIGN_SECURITY_CLASSIFICATION ( #2336, ( #1745 ) ) ;
#2741 = FACE_OUTER_BOUND ( 'NONE', #4125, .T. ) ;
#2742 = CARTESIAN_POINT ( 'NONE',  ( 30.00000000000005329, -18.00000000000000000, -0.000000000000000000 ) ) ;
#2743 = DIRECTION ( 'NONE',  ( -0.000000000000000000, -1.000000000000000000, -0.000000000000000000 ) ) ;
#2744 = ORIENTED_EDGE ( 'NONE', *, *, #4654, .F. ) ;
#2745 = DATE_AND_TIME ( #1982, #574 ) ;
#2746 = EDGE_CURVE ( 'NONE', #1449, #1271, #156, .T. ) ;
#2747 = CARTESIAN_POINT ( 'NONE',  ( 8.572527594031471730E-14, -355.0000000000000000, 0.000000000000000000 ) ) ;
#2748 = CARTESIAN_POINT ( 'NONE',  ( 894.8000000000000682, -114.9999999999998579, 300.0000000000000000 ) ) ;
#2749 = CLOSED_SHELL ( 'NONE', ( #1913, #604, #4452, #2986, #4718, #388, #2327, #2758, #49, #4207, #2104, #1924, #3450, #3496, #1889, #3956, #4114, #232, #1961, #3814, #3630, #1692, #165, #2278, #438, #2721, #4336, #1027, #1306, #3254, #1383, #2328, #881, #3010, #4078, #187, #2649, #3955, #3061, #1228, #2931, #2625, #1191, #4701, #3984, #3295, #515, #1922, #3773, #1570, #3669, #3935, #4178, #1626, #3839, #1322, #3767, #3938, #2556, #26, #4112, #1345, #3055, #3016, #2690, #861, #139 ) ) ;
#2750 = DIRECTION ( 'NONE',  ( -0.000000000000000000, 1.000000000000000000, -0.000000000000000000 ) ) ;
#2751 = DIRECTION ( 'NONE',  ( 2.612425579928799129E-16, -1.000000000000000000, 0.000000000000000000 ) ) ;
#2752 = ORIENTED_EDGE ( 'NONE', *, *, #393, .T. ) ;
#2753 = CARTESIAN_POINT ( 'NONE',  ( 15.90000000000000036, -624.5000000000000000, 316.0000000000000000 ) ) ;
#2754 = CIRCLE ( 'NONE', #2707, 5.000000000000000888 ) ;
#2755 = VECTOR ( 'NONE', #3760, 1000.000000000000000 ) ;
#2756 = DIRECTION ( 'NONE',  ( -0.000000000000000000, -1.000000000000000000, -0.000000000000000000 ) ) ;
#2757 = DIRECTION ( 'NONE',  ( 1.000000000000000000, 0.000000000000000000, 0.000000000000000000 ) ) ;
#2758 = ADVANCED_FACE ( 'NONE', ( #4607 ), #2162, .F. ) ;
#2759 =( REPRESENTATION_RELATIONSHIP ('NONE','NONE', #3201, #3195 ) REPRESENTATION_RELATIONSHIP_WITH_TRANSFORMATION ( #2663 )SHAPE_REPRESENTATION_RELATIONSHIP( ) );
#2760 = DIRECTION ( 'NONE',  ( 2.612425579928799129E-16, -1.000000000000000000, 0.000000000000000000 ) ) ;
#2761 = ORIENTED_EDGE ( 'NONE', *, *, #570, .T. ) ;
#2762 = CYLINDRICAL_SURFACE ( 'NONE', #4673, 5.000000000000000888 ) ;
#2763 = EDGE_CURVE ( 'NONE', #16, #4160, #1109, .T. ) ;
#2764 = AXIS2_PLACEMENT_3D ( 'NONE', #1746, #1715, #4338 ) ;
#2765 = CARTESIAN_POINT ( 'NONE',  ( 0.000000000000000000, 0.000000000000000000, 20.00000000000000000 ) ) ;
#2766 = CIRCLE ( 'NONE', #2147, 6.500000000000005329 ) ;
#2767 = ORIENTED_EDGE ( 'NONE', *, *, #1750, .F. ) ;
#2768 = DIRECTION ( 'NONE',  ( -0.000000000000000000, -0.000000000000000000, 1.000000000000000000 ) ) ;
#2769 = EDGE_CURVE ( 'NONE', #314, #2799, #1566, .T. ) ;
#2770 = ORIENTED_EDGE ( 'NONE', *, *, #307, .F. ) ;
#2771 = VECTOR ( 'NONE', #4668, 1000.000000000000000 ) ;
#2772 = VECTOR ( 'NONE', #2779, 1000.000000000000000 ) ;
#2773 = AXIS2_PLACEMENT_3D ( 'NONE', #292, #672, #313 ) ;
#2774 = LINE ( 'NONE', #1506, #2181 ) ;
#2775 = ORIENTED_EDGE ( 'NONE', *, *, #4153, .T. ) ;
#2776 = VECTOR ( 'NONE', #3094, 1000.000000000000000 ) ;
#2777 = VECTOR ( 'NONE', #1602, 1000.000000000000000 ) ;
#2778 = CARTESIAN_POINT ( 'NONE',  ( 30.00000000000004263, -343.9999999999999432, 20.00000000000001776 ) ) ;
#2779 = DIRECTION ( 'NONE',  ( -1.227650459922048666E-16, 1.000000000000000000, 0.000000000000000000 ) ) ;
#2780 = EDGE_CURVE ( 'NONE', #3749, #4177, #1443, .T. ) ;
#2781 = CC_DESIGN_SECURITY_CLASSIFICATION ( #3474, ( #4773 ) ) ;
#2782 = APPLICATION_PROTOCOL_DEFINITION ( 'international standard', 'config_control_design', 1994, #122 ) ;
#2783 = ORIENTED_EDGE ( 'NONE', *, *, #1576, .F. ) ;
#2784 = EDGE_LOOP ( 'NONE', ( #4425, #1718, #2208, #2317 ) ) ;
#2785 = DATE_TIME_ROLE ( 'classification_date' ) ;
#2786 = EDGE_LOOP ( 'NONE', ( #2033, #3967 ) ) ;
#2787 = COORDINATED_UNIVERSAL_TIME_OFFSET ( 8, 0, .AHEAD. ) ;
#2788 = DIRECTION ( 'NONE',  ( -0.000000000000000000, -0.000000000000000000, 1.000000000000000000 ) ) ;
#2789 = CARTESIAN_POINT ( 'NONE',  ( 894.8000000000000682, -65.49999999999984368, 300.0000000000000000 ) ) ;
#2790 = ORIENTED_EDGE ( 'NONE', *, *, #1282, .T. ) ;
#2791 = CALENDAR_DATE ( 2026, 5, 6 ) ;
#2792 = DIRECTION ( 'NONE',  ( -0.000000000000000000, 1.000000000000000000, -0.000000000000000000 ) ) ;
#2793 = CARTESIAN_POINT ( 'NONE',  ( 870.0000000000002274, -574.9999999999998863, 316.7999999999999545 ) ) ;
#2794 = PERSON_AND_ORGANIZATION ( #3556, #3381 ) ;
#2795 = PERSON_AND_ORGANIZATION_ROLE ( 'design_owner' ) ;
#2796 = ORIENTED_EDGE ( 'NONE', *, *, #288, .T. ) ;
#2797 = ORIENTED_EDGE ( 'NONE', *, *, #4273, .F. ) ;
#2798 = DIRECTION ( 'NONE',  ( -1.000000000000000000, 0.000000000000000000, 0.000000000000000000 ) ) ;
#2799 = VERTEX_POINT ( 'NONE', #4438 ) ;
#2800 = DIRECTION ( 'NONE',  ( 1.000000000000000000, 2.612425579928799129E-16, 0.000000000000000000 ) ) ;
#2801 = EDGE_CURVE ( 'NONE', #1082, #619, #3732, .T. ) ;
#2802 = AXIS2_PLACEMENT_3D ( 'NONE', #1307, #944, #4558 ) ;
#2803 = CARTESIAN_POINT ( 'NONE',  ( 30.00000000000005329, -18.00000000000000000, 2.000000000000000000 ) ) ;
#2804 = AXIS2_PLACEMENT_3D ( 'NONE', #3410, #4506, #2665 ) ;
#2805 = DIRECTION ( 'NONE',  ( -2.065146995210486914E-16, -5.395042836600973428E-32, 1.000000000000000000 ) ) ;
#2806 = ORIENTED_EDGE ( 'NONE', *, *, #216, .T. ) ;
#2807 = CARTESIAN_POINT ( 'NONE',  ( 15.00000000000008527, 290.0000000000000568, 0.000000000000000000 ) ) ;
#2808 = VERTEX_POINT ( 'NONE', #1825 ) ;
#2809 = DIRECTION ( 'NONE',  ( 2.612425579928799129E-16, -1.000000000000000000, -0.000000000000000000 ) ) ;
#2810 = CC_DESIGN_PERSON_AND_ORGANIZATION_ASSIGNMENT ( #3633, #1936, ( #3970 ) ) ;
#2811 = DIRECTION ( 'NONE',  ( 0.000000000000000000, 0.000000000000000000, 1.000000000000000000 ) ) ;
#2812 = ORIENTED_EDGE ( 'NONE', *, *, #1837, .F. ) ;
#2813 = APPROVAL_PERSON_ORGANIZATION ( #4237, #4648, #3004 ) ;
#2814 = VECTOR ( 'NONE', #3220, 1000.000000000000000 ) ;
#2815 = DIRECTION ( 'NONE',  ( 1.000000000000000000, 0.000000000000000000, 0.000000000000000000 ) ) ;
#2816 = EDGE_CURVE ( 'NONE', #1747, #1864, #705, .T. ) ;
#2817 = CARTESIAN_POINT ( 'NONE',  ( 8.572527594031471730E-14, 355.0000000000000000, 27.00000000000000355 ) ) ;
#2818 = DIRECTION ( 'NONE',  ( -0.7071067811865460184, 0.000000000000000000, -0.7071067811865490160 ) ) ;
#2819 = DIRECTION ( 'NONE',  ( 1.000000000000000000, -0.000000000000000000, -0.000000000000000000 ) ) ;
#2820 = LINE ( 'NONE', #3296, #2627 ) ;
#2821 = VERTEX_POINT ( 'NONE', #363 ) ;
#2822 = VERTEX_POINT ( 'NONE', #2979 ) ;
#2823 = CARTESIAN_POINT ( 'NONE',  ( 869.9999999999998863, -667.9999999999998863, 0.000000000000000000 ) ) ;
#2824 = ORIENTED_EDGE ( 'NONE', *, *, #588, .F. ) ;
#2825 = DIRECTION ( 'NONE',  ( 0.000000000000000000, 1.000000000000000000, 0.000000000000000000 ) ) ;
#2826 = DIRECTION ( 'NONE',  ( 1.000000000000000000, 0.000000000000000000, 0.000000000000000000 ) ) ;
#2827 = FACE_OUTER_BOUND ( 'NONE', #2890, .T. ) ;
#2828 = FACE_OUTER_BOUND ( 'NONE', #532, .T. ) ;
#2829 = CARTESIAN_POINT ( 'NONE',  ( 894.8000000000000682, -65.49999999999984368, 300.0000000000000000 ) ) ;
#2830 = CYLINDRICAL_SURFACE ( 'NONE', #1820, 5.049999999999998934 ) ;
#2831 = EDGE_LOOP ( 'NONE', ( #1732, #1280, #586, #4652 ) ) ;
#2832 = LINE ( 'NONE', #3193, #1824 ) ;
#2833 = ORIENTED_EDGE ( 'NONE', *, *, #1365, .T. ) ;
#2834 = VERTEX_POINT ( 'NONE', #3742 ) ;
#2835 = FACE_OUTER_BOUND ( 'NONE', #275, .T. ) ;
#2836 = LINE ( 'NONE', #486, #1387 ) ;
#2837 = CIRCLE ( 'NONE', #3308, 6.500000000000005329 ) ;
#2838 = EDGE_LOOP ( 'NONE', ( #1551, #3263, #4590, #3197 ) ) ;
#2839 = CARTESIAN_POINT ( 'NONE',  ( 15.90000000000005720, -355.0000000000000000, 9.399999999999995026 ) ) ;
#2840 = ORIENTED_EDGE ( 'NONE', *, *, #797, .F. ) ;
#2841 = CARTESIAN_POINT ( 'NONE',  ( 15.00000000000008527, 355.0000000000000000, 15.00000000000000000 ) ) ;
#2842 = DIRECTION ( 'NONE',  ( -0.000000000000000000, -0.000000000000000000, -1.000000000000000000 ) ) ;
#2843 = CIRCLE ( 'NONE', #3559, 6.500000000000005329 ) ;
#2844 = CARTESIAN_POINT ( 'NONE',  ( 22.00000000000000711, -65.49999999999995737, 324.7999999999999545 ) ) ;
#2845 = ADVANCED_FACE ( 'NONE', ( #1822 ), #979, .T. ) ;
#2846 = DIRECTION ( 'NONE',  ( 0.000000000000000000, 0.000000000000000000, -1.000000000000000000 ) ) ;
#2847 = ORIENTED_EDGE ( 'NONE', *, *, #3394, .F. ) ;
#2848 = EDGE_CURVE ( 'NONE', #3235, #3345, #599, .T. ) ;
#2849 = CC_DESIGN_PERSON_AND_ORGANIZATION_ASSIGNMENT ( #615, #2795, ( #2903 ) ) ;
#2850 = DIRECTION ( 'NONE',  ( 0.000000000000000000, 1.000000000000000000, 0.000000000000000000 ) ) ;
#2851 = EDGE_LOOP ( 'NONE', ( #4630, #2984, #1432, #4007, #211 ) ) ;
#2852 = ORIENTED_EDGE ( 'NONE', *, *, #1665, .F. ) ;
#2853 = EDGE_CURVE ( 'NONE', #4335, #732, #4140, .T. ) ;
#2854 = VERTEX_POINT ( 'NONE', #21 ) ;
#2855 = CALENDAR_DATE ( 2026, 5, 6 ) ;
#2856 = CARTESIAN_POINT ( 'NONE',  ( 8.673617379884035472E-14, -239.9999999999999716, 27.00000000000000355 ) ) ;
#2857 = DIRECTION ( 'NONE',  ( 1.000000000000000000, 0.000000000000000000, 0.000000000000000000 ) ) ;
#2858 = VERTEX_POINT ( 'NONE', #3756 ) ;
#2859 = CARTESIAN_POINT ( 'NONE',  ( 15.90000000000005720, -353.5000000000000000, 15.90000000000000036 ) ) ;
#2860 = DIRECTION ( 'NONE',  ( -0.000000000000000000, -0.000000000000000000, -1.000000000000000000 ) ) ;
#2861 = DIRECTION ( 'NONE',  ( -2.612425579928799129E-16, 1.000000000000000000, -0.000000000000000000 ) ) ;
#2862 = PERSON_AND_ORGANIZATION ( #3556, #3381 ) ;
#2863 = VECTOR ( 'NONE', #1757, 1000.000000000000000 ) ;
#2864 = DIRECTION ( 'NONE',  ( 1.000000000000000000, 2.612425579928799129E-16, -0.000000000000000000 ) ) ;
#2865 = EDGE_CURVE ( 'NONE', #2854, #2163, #2305, .T. ) ;
#2866 = ORIENTED_EDGE ( 'NONE', *, *, #970, .T. ) ;
#2867 = VECTOR ( 'NONE', #1292, 1000.000000000000000 ) ;
#2868 = ORIENTED_EDGE ( 'NONE', *, *, #873, .T. ) ;
#2869 = DIRECTION ( 'NONE',  ( -0.000000000000000000, 1.000000000000000000, -0.000000000000000000 ) ) ;
#2870 = DIRECTION ( 'NONE',  ( -0.000000000000000000, -1.000000000000000000, -0.000000000000000000 ) ) ;
#2871 = DIRECTION ( 'NONE',  ( -0.000000000000000000, -1.000000000000000000, -0.000000000000000000 ) ) ;
#2872 = ORIENTED_EDGE ( 'NONE', *, *, #3172, .T. ) ;
#2873 = EDGE_CURVE ( 'NONE', #593, #1315, #870, .T. ) ;
#2874 = AXIS2_PLACEMENT_3D ( 'NONE', #2915, #692, #4052 ) ;
#2875 = CARTESIAN_POINT ( 'NONE',  ( 869.9999999999998863, -667.9999999999998863, 2.000000000000000000 ) ) ;
#2876 = VECTOR ( 'NONE', #1755, 1000.000000000000000 ) ;
#2877 = EDGE_CURVE ( 'NONE', #1797, #3461, #2774, .T. ) ;
#2878 = APPROVAL_PERSON_ORGANIZATION ( #3832, #2644, #2251 ) ;
#2879 = CC_DESIGN_PERSON_AND_ORGANIZATION_ASSIGNMENT ( #3462, #4172, ( #3942 ) ) ;
#2880 = CARTESIAN_POINT ( 'NONE',  ( -28.00000000000005684, 270.0000000000000568, 22.00000000000000000 ) ) ;
#2881 = ORIENTED_EDGE ( 'NONE', *, *, #3107, .F. ) ;
#2882 = VECTOR ( 'NONE', #3092, 1000.000000000000000 ) ;
#2883 = ORIENTED_EDGE ( 'NONE', *, *, #1658, .T. ) ;
#2884 = EDGE_LOOP ( 'NONE', ( #78, #1830, #668, #2468 ) ) ;
#2885 = LINE ( 'NONE', #2930, #3392 ) ;
#2886 = VERTEX_POINT ( 'NONE', #2233 ) ;
#2887 = ORIENTED_EDGE ( 'NONE', *, *, #3418, .F. ) ;
#2888 = LINE ( 'NONE', #1712, #4444 ) ;
#2889 = VECTOR ( 'NONE', #1749, 1000.000000000000000 ) ;
#2890 = EDGE_LOOP ( 'NONE', ( #3439, #3759, #1410, #4165 ) ) ;
#2891 = ORIENTED_EDGE ( 'NONE', *, *, #4483, .F. ) ;
#2892 = DIRECTION ( 'NONE',  ( -6.149669335164222025E-17, -1.000000000000000000, 0.000000000000000000 ) ) ;
#2893 = VECTOR ( 'NONE', #3792, 1000.000000000000000 ) ;
#2894 = ORIENTED_EDGE ( 'NONE', *, *, #3748, .F. ) ;
#2895 = EDGE_CURVE ( 'NONE', #1211, #1251, #4613, .T. ) ;
#2896 = AXIS2_PLACEMENT_3D ( 'NONE', #4383, #2505, #1070 ) ;
#2897 = VECTOR ( 'NONE', #1166, 1000.000000000000000 ) ;
#2898 = CARTESIAN_POINT ( 'NONE',  ( -295.1813204887218376, 239.1428571428572241, 153.6000000000000227 ) ) ;
#2899 = CARTESIAN_POINT ( 'NONE',  ( 0.000000000000000000, 0.000000000000000000, 0.000000000000000000 ) ) ;
#2900 = DIRECTION ( 'NONE',  ( -0.000000000000000000, 1.000000000000000000, -0.000000000000000000 ) ) ;
#2901 = EDGE_LOOP ( 'NONE', ( #370, #4534, #2866, #4580 ) ) ;
#2902 = CONTEXT_DEPENDENT_SHAPE_REPRESENTATION ( #544, #2976 ) ;
#2903 = PRODUCT ( '吊柜18-柜体_吊柜18', '吊柜18-柜体_吊柜18', '', ( #4260 ) ) ;
#2904 = CARTESIAN_POINT ( 'NONE',  ( 33.00000000000007105, 220.0000000000000568, 27.00000000000000711 ) ) ;
#2905 =( GEOMETRIC_REPRESENTATION_CONTEXT ( 3 ) GLOBAL_UNCERTAINTY_ASSIGNED_CONTEXT ( ( #2218 ) ) GLOBAL_UNIT_ASSIGNED_CONTEXT ( ( #4174, #2173, #1103 ) ) REPRESENTATION_CONTEXT ( 'NONE', 'WORKASPACE' ) );
#2906 = CARTESIAN_POINT ( 'NONE',  ( 15.90000000000005720, -353.5000000000000000, 20.90000000000000213 ) ) ;
#2907 = VERTEX_POINT ( 'NONE', #1891 ) ;
#2908 = EDGE_CURVE ( 'NONE', #1898, #4389, #2174, .T. ) ;
#2909 = ADVANCED_FACE ( 'NONE', ( #1781, #589 ), #821, .F. ) ;
#2910 = DIRECTION ( 'NONE',  ( -2.612425579928799129E-16, 1.000000000000000000, 0.000000000000000000 ) ) ;
#2911 = COORDINATED_UNIVERSAL_TIME_OFFSET ( 8, 0, .AHEAD. ) ;
#2912 = DIRECTION ( 'NONE',  ( 0.000000000000000000, 0.000000000000000000, -1.000000000000000000 ) ) ;
#2913 = APPLICATION_CONTEXT ( 'configuration controlled 3d designs of mechanical parts and assemblies' ) ;
#2914 = CARTESIAN_POINT ( 'NONE',  ( 0.000000000000000000, 0.000000000000000000, -1.500000000000000000 ) ) ;
#2915 = CARTESIAN_POINT ( 'NONE',  ( 878.0000000000000000, -114.9999999999998579, 316.7999999999999545 ) ) ;
#2916 = APPROVAL_DATE_TIME ( #1912, #2020 ) ;
#2917 = CIRCLE ( 'NONE', #3903, 5.000000000000000888 ) ;
#2918 = ORIENTED_EDGE ( 'NONE', *, *, #390, .T. ) ;
#2919 = ORIENTED_EDGE ( 'NONE', *, *, #3981, .F. ) ;
#2920 = VERTEX_POINT ( 'NONE', #2742 ) ;
#2921 = VERTEX_POINT ( 'NONE', #4557 ) ;
#2922 = FACE_OUTER_BOUND ( 'NONE', #2315, .T. ) ;
#2923 = AXIS2_PLACEMENT_3D ( 'NONE', #3396, #4520, #1575 ) ;
#2924 = AXIS2_PLACEMENT_3D ( 'NONE', #4096, #3383, #4130 ) ;
#2925 = FACE_OUTER_BOUND ( 'NONE', #3911, .T. ) ;
#2926 = CARTESIAN_POINT ( 'NONE',  ( 870.0000000000000000, -18.00000000000000000, 2.000000000000000000 ) ) ;
#2927 = EDGE_CURVE ( 'NONE', #1396, #491, #4657, .T. ) ;
#2928 = AXIS2_PLACEMENT_3D ( 'NONE', #2646, #465, #1621 ) ;
#2929 = CARTESIAN_POINT ( 'NONE',  ( 870.0000000000000000, -18.00000000000000000, -0.000000000000000000 ) ) ;
#2930 = CARTESIAN_POINT ( 'NONE',  ( 449.0000000000001137, 355.0000000000000000, 30.00000000000000000 ) ) ;
#2931 = ADVANCED_FACE ( 'NONE', ( #4271 ), #2320, .F. ) ;
#2932 = ORIENTED_EDGE ( 'NONE', *, *, #344, .T. ) ;
#2933 = EDGE_CURVE ( 'NONE', #1210, #3720, #2939, .T. ) ;
#2934 = VERTEX_POINT ( 'NONE', #526 ) ;
#2935 = VECTOR ( 'NONE', #1855, 1000.000000000000000 ) ;
#2936 = VECTOR ( 'NONE', #4168, 1000.000000000000000 ) ;
#2937 = DIRECTION ( 'NONE',  ( -0.000000000000000000, -0.000000000000000000, -1.000000000000000000 ) ) ;
#2938 = DIRECTION ( 'NONE',  ( -0.000000000000000000, -0.000000000000000000, -1.000000000000000000 ) ) ;
#2939 = LINE ( 'NONE', #1615, #3616 ) ;
#2940 = EDGE_LOOP ( 'NONE', ( #4311, #1319 ) ) ;
#2941 = DIRECTION ( 'NONE',  ( -1.227650459922048666E-16, 1.000000000000000000, 0.000000000000000000 ) ) ;
#2942 = VECTOR ( 'NONE', #1385, 1000.000000000000000 ) ;
#2943 = DIRECTION ( 'NONE',  ( 0.000000000000000000, -0.000000000000000000, -1.000000000000000000 ) ) ;
#2944 = DIRECTION ( 'NONE',  ( -0.2653532655678898511, 0.000000000000000000, -0.9641512560031526569 ) ) ;
#2945 = PLANE ( 'NONE',  #980 ) ;
#2946 = CARTESIAN_POINT ( 'NONE',  ( 8.450062914116736582E-14, -690.0000000000000000, 300.0000000000000000 ) ) ;
#2947 = DIRECTION ( 'NONE',  ( -0.000000000000000000, -0.000000000000000000, -1.000000000000000000 ) ) ;
#2948 = VERTEX_POINT ( 'NONE', #2337 ) ;
#2949 = LINE ( 'NONE', #3071, #3399 ) ;
#2950 = VECTOR ( 'NONE', #2, 1000.000000000000000 ) ;
#2951 = VECTOR ( 'NONE', #3665, 1000.000000000000000 ) ;
#2952 = DIRECTION ( 'NONE',  ( -1.000000000000000000, -0.000000000000000000, -0.000000000000000000 ) ) ;
#2953 = ORIENTED_EDGE ( 'NONE', *, *, #2576, .T. ) ;
#2954 = VECTOR ( 'NONE', #2788, 1000.000000000000000 ) ;
#2955 = EDGE_CURVE ( 'NONE', #4389, #847, #353, .T. ) ;
#2956 = VERTEX_POINT ( 'NONE', #3084 ) ;
#2957 = DIRECTION ( 'NONE',  ( 0.000000000000000000, -0.000000000000000000, 1.000000000000000000 ) ) ;
#2958 = AXIS2_PLACEMENT_3D ( 'NONE', #1031, #276, #1399 ) ;
#2959 = AXIS2_PLACEMENT_3D ( 'NONE', #4094, #4101, #2716 ) ;
#2960 = CARTESIAN_POINT ( 'NONE',  ( 8.572527594031471730E-14, -240.0000000000000000, 30.00000000000000000 ) ) ;
#2961 = DIRECTION ( 'NONE',  ( 0.000000000000000000, -1.000000000000000000, 0.000000000000000000 ) ) ;
#2962 = DIRECTION ( 'NONE',  ( 0.000000000000000000, 0.000000000000000000, -1.000000000000000000 ) ) ;
#2963 = DATE_TIME_ROLE ( 'classification_date' ) ;
#2964 = ORIENTED_EDGE ( 'NONE', *, *, #2816, .F. ) ;
#2965 = CARTESIAN_POINT ( 'NONE',  ( 879.0499999999999545, -65.49999999999984368, 316.0000000000000000 ) ) ;
#2966 = DATE_AND_TIME ( #2436, #2547 ) ;
#2967 = EDGE_CURVE ( 'NONE', #2419, #4281, #1434, .T. ) ;
#2968 = CC_DESIGN_SECURITY_CLASSIFICATION ( #2714, ( #4770 ) ) ;
#2969 = APPROVAL_DATE_TIME ( #3080, #1636 ) ;
#2970 = CARTESIAN_POINT ( 'NONE',  ( 449.0000000000001137, 355.0000000000000000, 0.000000000000000000 ) ) ;
#2971 = DIRECTION ( 'NONE',  ( 0.000000000000000000, 1.000000000000000000, 0.000000000000000000 ) ) ;
#2972 = DIRECTION ( 'NONE',  ( -1.708035422500241173E-16, 1.000000000000000000, -0.000000000000000000 ) ) ;
#2973 = EDGE_CURVE ( 'NONE', #190, #293, #1225, .T. ) ;
#2974 = VERTEX_POINT ( 'NONE', #134 ) ;
#2975 = COORDINATED_UNIVERSAL_TIME_OFFSET ( 8, 0, .AHEAD. ) ;
#2976 = PRODUCT_DEFINITION_SHAPE ( 'NONE', 'NONE',  #4774 ) ;
#2977 = DIRECTION ( 'NONE',  ( 0.000000000000000000, 1.000000000000000000, 0.000000000000000000 ) ) ;
#2978 = DIRECTION ( 'NONE',  ( 0.000000000000000000, -0.000000000000000000, 1.000000000000000000 ) ) ;
#2979 = CARTESIAN_POINT ( 'NONE',  ( 5.200000000000006395, -575.0000000000000000, 316.7999999999999545 ) ) ;
#2980 = APPLICATION_PROTOCOL_DEFINITION ( 'international standard', 'config_control_design', 1994, #68 ) ;
#2981 = ORIENTED_EDGE ( 'NONE', *, *, #4392, .T. ) ;
#2982 = LINE ( 'NONE', #722, #459 ) ;
#2983 = VERTEX_POINT ( 'NONE', #2368 ) ;
#2984 = ORIENTED_EDGE ( 'NONE', *, *, #4577, .F. ) ;
#2985 = VERTEX_POINT ( 'NONE', #168 ) ;
#2986 = ADVANCED_FACE ( 'NONE', ( #3063 ), #2830, .F. ) ;
#2987 = AXIS2_PLACEMENT_3D ( 'NONE', #2197, #4749, #4764 ) ;
#2988 = APPROVAL_PERSON_ORGANIZATION ( #1272, #3561, #3743 ) ;
#2989 = SECURITY_CLASSIFICATION_LEVEL ( 'unclassified' ) ;
#2990 = ORIENTED_EDGE ( 'NONE', *, *, #3974, .F. ) ;
#2991 = LINE ( 'NONE', #4246, #201 ) ;
#2992 = CC_DESIGN_APPROVAL ( #336, ( #72 ) ) ;
#2993 = CARTESIAN_POINT ( 'NONE',  ( 15.00000000000008527, 355.0000000000000000, 0.000000000000000000 ) ) ;
#2994 = ORIENTED_EDGE ( 'NONE', *, *, #4576, .F. ) ;
#2995 = VECTOR ( 'NONE', #2710, 1000.000000000000000 ) ;
#2996 = LINE ( 'NONE', #577, #1106 ) ;
#2997 = EDGE_CURVE ( 'NONE', #2402, #4676, #3168, .T. ) ;
#2998 = VECTOR ( 'NONE', #231, 1000.000000000000000 ) ;
#2999 = VECTOR ( 'NONE', #3993, 1000.000000000000000 ) ;
#3000 = EDGE_CURVE ( 'NONE', #2983, #293, #822, .T. ) ;
#3001 = VECTOR ( 'NONE', #1706, 1000.000000000000000 ) ;
#3002 = DIRECTION ( 'NONE',  ( 1.000000000000000000, 0.000000000000000000, 0.000000000000000000 ) ) ;
#3003 = DIRECTION ( 'NONE',  ( 0.000000000000000000, -1.000000000000000000, 0.000000000000000000 ) ) ;
#3004 = APPROVAL_ROLE ( '' ) ;
#3005 = ORIENTED_EDGE ( 'NONE', *, *, #2194, .T. ) ;
#3006 = CARTESIAN_POINT ( 'NONE',  ( 30.00000000000008171, -667.9999999999998863, 300.0000000000000000 ) ) ;
#3007 = CIRCLE ( 'NONE', #4584, 5.000000000000000888 ) ;
#3008 = CARTESIAN_POINT ( 'NONE',  ( 15.90000000000005720, 290.0000000000000568, 20.90000000000000213 ) ) ;
#3009 = ORIENTED_EDGE ( 'NONE', *, *, #896, .T. ) ;
#3010 = ADVANCED_FACE ( 'NONE', ( #4025 ), #484, .T. ) ;
#3011 = EDGE_CURVE ( 'NONE', #4335, #2808, #2299, .T. ) ;
#3012 = EDGE_CURVE ( 'NONE', #4340, #3235, #347, .T. ) ;
#3013 = CYLINDRICAL_SURFACE ( 'NONE', #3739, 5.000000000000000888 ) ;
#3014 = AXIS2_PLACEMENT_3D ( 'NONE', #4638, #3122, #4615 ) ;
#3015 = CARTESIAN_POINT ( 'NONE',  ( 15.90000000000005720, -219.9999999999999716, 15.90000000000000036 ) ) ;
#3016 = ADVANCED_FACE ( 'NONE', ( #3157 ), #1021, .T. ) ;
#3017 = AXIS2_PLACEMENT_3D ( 'NONE', #2358, #4154, #2372 ) ;
#3018 = DIRECTION ( 'NONE',  ( 2.612425579928799129E-16, -1.000000000000000000, -0.000000000000000000 ) ) ;
#3019 = EDGE_LOOP ( 'NONE', ( #2231, #4624, #4739, #2616, #1845 ) ) ;
#3020 = SECURITY_CLASSIFICATION_LEVEL ( 'unclassified' ) ;
#3021 = DIRECTION ( 'NONE',  ( -0.000000000000000000, 1.000000000000000000, -0.000000000000000000 ) ) ;
#3022 = PERSON_AND_ORGANIZATION ( #3223, #2727 ) ;
#3023 = DIRECTION ( 'NONE',  ( 1.708035422500241173E-16, -1.000000000000000000, 0.000000000000000000 ) ) ;
#3024 = EDGE_CURVE ( 'NONE', #1251, #2276, #1336, .T. ) ;
#3025 = COORDINATED_UNIVERSAL_TIME_OFFSET ( 8, 0, .AHEAD. ) ;
#3026 = CC_DESIGN_PERSON_AND_ORGANIZATION_ASSIGNMENT ( #3747, #912, ( #3474 ) ) ;
#3027 = DIRECTION ( 'NONE',  ( 0.000000000000000000, 0.000000000000000000, 1.000000000000000000 ) ) ;
#3028 = ORIENTED_EDGE ( 'NONE', *, *, #1576, .T. ) ;
#3029 = ORIENTED_EDGE ( 'NONE', *, *, #795, .F. ) ;
#3030 = PLANE ( 'NONE',  #854 ) ;
#3031 = LINE ( 'NONE', #1553, #2031 ) ;
#3032 = ORIENTED_EDGE ( 'NONE', *, *, #1923, .F. ) ;
#3033 = ADVANCED_FACE ( 'NONE', ( #3270 ), #3576, .F. ) ;
#3034 = ADVANCED_FACE ( 'NONE', ( #1219, #3114 ), #341, .T. ) ;
#3035 = FACE_OUTER_BOUND ( 'NONE', #4743, .T. ) ;
#3036 = DIRECTION ( 'NONE',  ( 0.000000000000000000, 0.000000000000000000, 1.000000000000000000 ) ) ;
#3037 = PERSON_AND_ORGANIZATION_ROLE ( 'design_supplier' ) ;
#3038 = CARTESIAN_POINT ( 'NONE',  ( 878.0000000000000000, -114.9999999999998579, 324.7999999999999545 ) ) ;
#3039 = CYLINDRICAL_SURFACE ( 'NONE', #1709, 5.000000000000000000 ) ;
#3040 = PRODUCT_DEFINITION_SHAPE ( 'NONE', 'NONE',  #4768 ) ;
#3041 = VERTEX_POINT ( 'NONE', #3601 ) ;
#3042 = CONICAL_SURFACE ( 'NONE', #4586, 4.000000000000017764, 0.7853981633974460586 ) ;
#3043 = DIRECTION ( 'NONE',  ( 0.000000000000000000, 0.000000000000000000, 1.000000000000000000 ) ) ;
#3044 = EDGE_CURVE ( 'NONE', #3670, #2177, #1220, .T. ) ;
#3045 = AXIS2_PLACEMENT_3D ( 'NONE', #4649, #3920, #4664 ) ;
#3046 = ORIENTED_EDGE ( 'NONE', *, *, #1634, .F. ) ;
#3047 = CARTESIAN_POINT ( 'NONE',  ( 884.1000000000000227, -114.9999999999998579, 316.0000000000000000 ) ) ;
#3048 = VECTOR ( 'NONE', #3963, 1000.000000000000000 ) ;
#3049 = ORIENTED_EDGE ( 'NONE', *, *, #4169, .T. ) ;
#3050 = VECTOR ( 'NONE', #3352, 1000.000000000000000 ) ;
#3051 = CARTESIAN_POINT ( 'NONE',  ( -0.000000000000000000, 270.0000000000000568, 0.000000000000000000 ) ) ;
#3052 = DATE_TIME_ROLE ( 'creation_date' ) ;
#3053 = DIRECTION ( 'NONE',  ( 0.000000000000000000, 0.000000000000000000, 1.000000000000000000 ) ) ;
#3054 = EDGE_CURVE ( 'NONE', #1873, #1210, #1545, .T. ) ;
#3055 = ADVANCED_FACE ( 'NONE', ( #2096 ), #3985, .T. ) ;
#3056 = ORIENTED_EDGE ( 'NONE', *, *, #3394, .T. ) ;
#3057 = CC_DESIGN_PERSON_AND_ORGANIZATION_ASSIGNMENT ( #2794, #4296, ( #4595 ) ) ;
#3058 = ORIENTED_EDGE ( 'NONE', *, *, #4752, .F. ) ;
#3059 = FACE_BOUND ( 'NONE', #3975, .T. ) ;
#3060 = CARTESIAN_POINT ( 'NONE',  ( 15.90000000000005720, 270.0000000000001137, 15.90000000000000036 ) ) ;
#3061 = ADVANCED_FACE ( 'NONE', ( #2925 ), #1156, .F. ) ;
#3062 = VECTOR ( 'NONE', #1350, 1000.000000000000000 ) ;
#3063 = FACE_OUTER_BOUND ( 'NONE', #2152, .T. ) ;
#3064 = CARTESIAN_POINT ( 'NONE',  ( 15.00000000000008527, -219.9999999999999716, 15.00000000000000000 ) ) ;
#3065 = EDGE_LOOP ( 'NONE', ( #611, #1967, #1068, #1470 ) ) ;
#3066 = FACE_OUTER_BOUND ( 'NONE', #3667, .T. ) ;
#3067 = DIRECTION ( 'NONE',  ( 0.000000000000000000, 0.000000000000000000, 1.000000000000000000 ) ) ;
#3068 = ORIENTED_EDGE ( 'NONE', *, *, #547, .T. ) ;
#3069 = DIRECTION ( 'NONE',  ( -1.000000000000000000, -4.270088556250603548E-17, 0.000000000000000000 ) ) ;
#3070 = CARTESIAN_POINT ( 'NONE',  ( 30.00000000000008171, -667.9999999999998863, 20.00000000000001776 ) ) ;
#3071 = CARTESIAN_POINT ( 'NONE',  ( 698.0000000000000000, -361.9999999999998295, 299.9999999999999432 ) ) ;
#3072 = ORIENTED_EDGE ( 'NONE', *, *, #197, .F. ) ;
#3073 = CARTESIAN_POINT ( 'NONE',  ( 0.000000000000000000, 0.000000000000000000, 300.0000000000000000 ) ) ;
#3074 = ORIENTED_EDGE ( 'NONE', *, *, #3225, .F. ) ;
#3075 = EDGE_CURVE ( 'NONE', #2921, #4240, #3819, .T. ) ;
#3076 = ORIENTED_EDGE ( 'NONE', *, *, #2933, .T. ) ;
#3077 = DATE_AND_TIME ( #2791, #1910 ) ;
#3078 = CARTESIAN_POINT ( 'NONE',  ( -28.00000000000005684, 290.0000000000000568, 27.00000000000000000 ) ) ;
#3079 = ORIENTED_EDGE ( 'NONE', *, *, #4153, .F. ) ;
#3080 = DATE_AND_TIME ( #247, #1742 ) ;
#3081 = EDGE_CURVE ( 'NONE', #3593, #3749, #312, .T. ) ;
#3082 = AXIS2_PLACEMENT_3D ( 'NONE', #721, #1115, #2164 ) ;
#3083 = DIRECTION ( 'NONE',  ( -0.000000000000000000, -0.000000000000000000, -1.000000000000000000 ) ) ;
#3084 = CARTESIAN_POINT ( 'NONE',  ( 33.00000000000007816, 220.0000000000000568, 0.000000000000000000 ) ) ;
#3085 = VERTEX_POINT ( 'NONE', #2563 ) ;
#3086 = VECTOR ( 'NONE', #2254, 1000.000000000000000 ) ;
#3087 = ADVANCED_BREP_SHAPE_REPRESENTATION ( '', ( #791, #779 ), #863 ) ;
#3088 = EDGE_CURVE ( 'NONE', #1362, #3670, #1842, .T. ) ;
#3089 = CARTESIAN_POINT ( 'NONE',  ( 30.00000000000000355, -65.49999999999995737, 300.0000000000000000 ) ) ;
#3090 = DIRECTION ( 'NONE',  ( -0.000000000000000000, 1.000000000000000000, -0.000000000000000000 ) ) ;
#3091 = CC_DESIGN_DATE_AND_TIME_ASSIGNMENT ( #3415, #934, ( #4655 ) ) ;
#3092 = DIRECTION ( 'NONE',  ( -0.000000000000000000, -0.000000000000000000, -1.000000000000000000 ) ) ;
#3093 = ORIENTED_EDGE ( 'NONE', *, *, #1985, .F. ) ;
#3094 = DIRECTION ( 'NONE',  ( -1.000000000000000000, 6.149669335164222025E-17, 0.000000000000000000 ) ) ;
#3095 = DATE_AND_TIME ( #522, #3592 ) ;
#3096 = CARTESIAN_POINT ( 'NONE',  ( 13.20000000000000462, -65.49999999999995737, 316.7999999999999545 ) ) ;
#3097 = VECTOR ( 'NONE', #2222, 1000.000000000000000 ) ;
#3098 = CARTESIAN_POINT ( 'NONE',  ( 680.0000000000000000, -17.99999999999993960, 299.9999999999999432 ) ) ;
#3099 =( LENGTH_UNIT ( ) NAMED_UNIT ( * ) SI_UNIT ( .MILLI., .METRE. ) );
#3100 = SHAPE_REPRESENTATION_RELATIONSHIP ( 'NONE' , 'NONE' ,  #1617, #2729 ) ;
#3101 = ORIENTED_EDGE ( 'NONE', *, *, #3928, .T. ) ;
#3102 = EDGE_CURVE ( 'NONE', #2886, #2974, #2533, .T. ) ;
#3103 = CARTESIAN_POINT ( 'NONE',  ( 33.00000000000007816, 270.0000000000000568, 0.000000000000000000 ) ) ;
#3104 = LINE ( 'NONE', #3694, #2353 ) ;
#3105 = ORIENTED_EDGE ( 'NONE', *, *, #2448, .F. ) ;
#3106 = ORIENTED_EDGE ( 'NONE', *, *, #4492, .T. ) ;
#3107 = EDGE_CURVE ( 'NONE', #4366, #773, #1104, .T. ) ;
#3108 = VECTOR ( 'NONE', #981, 1000.000000000000000 ) ;
#3109 = AXIS2_PLACEMENT_3D ( 'NONE', #2220, #10, #3315 ) ;
#3110 = VECTOR ( 'NONE', #2861, 1000.000000000000000 ) ;
#3111 = ORIENTED_EDGE ( 'NONE', *, *, #4667, .T. ) ;
#3112 = DIRECTION ( 'NONE',  ( -0.000000000000000000, 1.000000000000000000, -0.000000000000000000 ) ) ;
#3113 = CIRCLE ( 'NONE', #2494, 5.049999999999998934 ) ;
#3114 = FACE_OUTER_BOUND ( 'NONE', #4571, .T. ) ;
#3115 = DIRECTION ( 'NONE',  ( 0.000000000000000000, 0.000000000000000000, 1.000000000000000000 ) ) ;
#3116 =( NAMED_UNIT ( * ) SI_UNIT ( $, .STERADIAN. ) SOLID_ANGLE_UNIT ( ) );
#3117 = EDGE_CURVE ( 'NONE', #2048, #1216, #3951, .T. ) ;
#3118 = APPROVAL_STATUS ( 'not_yet_approved' ) ;
#3119 = CC_DESIGN_SECURITY_CLASSIFICATION ( #573, ( #3942 ) ) ;
#3120 = ORIENTED_EDGE ( 'NONE', *, *, #4667, .F. ) ;
#3121 = LINE ( 'NONE', #3493, #3451 ) ;
#3122 = DIRECTION ( 'NONE',  ( -0.000000000000000000, 1.000000000000000000, -0.000000000000000000 ) ) ;
#3123 = VERTEX_POINT ( 'NONE', #1518 ) ;
#3124 = SECURITY_CLASSIFICATION_LEVEL ( 'unclassified' ) ;
#3125 = EDGE_CURVE ( 'NONE', #732, #1631, #322, .T. ) ;
#3126 = DIRECTION ( 'NONE',  ( -1.708035422500241173E-16, -1.000000000000000000, 0.000000000000000000 ) ) ;
#3127 = CARTESIAN_POINT ( 'NONE',  ( 15.00000000000008527, 0.000000000000000000, 0.000000000000000000 ) ) ;
#3128 = DIRECTION ( 'NONE',  ( 0.000000000000000000, 0.000000000000000000, 1.000000000000000000 ) ) ;
#3129 = DIRECTION ( 'NONE',  ( 1.000000000000000000, 0.000000000000000000, 1.288758049684149971E-16 ) ) ;
#3130 = COORDINATED_UNIVERSAL_TIME_OFFSET ( 8, 0, .AHEAD. ) ;
#3131 = EDGE_CURVE ( 'NONE', #743, #2532, #433, .T. ) ;
#3132 = DIRECTION ( 'NONE',  ( -1.000000000000000000, 0.000000000000000000, -0.000000000000000000 ) ) ;
#3133 = AXIS2_PLACEMENT_3D ( 'NONE', #2651, #1849, #2224 ) ;
#3134 = FACE_OUTER_BOUND ( 'NONE', #2784, .T. ) ;
#3135 = DIRECTION ( 'NONE',  ( 0.000000000000000000, -1.000000000000000000, 0.000000000000000000 ) ) ;
#3136 = CARTESIAN_POINT ( 'NONE',  ( -5.000000000000000000, 0.000000000000000000, 119.0000000000000142 ) ) ;
#3137 = APPROVAL_DATE_TIME ( #1530, #4467 ) ;
#3138 = VECTOR ( 'NONE', #2455, 1000.000000000000000 ) ;
#3139 = ORIENTED_EDGE ( 'NONE', *, *, #3125, .F. ) ;
#3140 = EDGE_CURVE ( 'NONE', #1284, #4699, #1669, .T. ) ;
#3141 = CC_DESIGN_PERSON_AND_ORGANIZATION_ASSIGNMENT ( #1653, #54, ( #4216 ) ) ;
#3142 = CYLINDRICAL_SURFACE ( 'NONE', #829, 5.049999999999998934 ) ;
#3143 = CARTESIAN_POINT ( 'NONE',  ( 30.00000000000008171, -667.9999999999998863, 300.0000000000000000 ) ) ;
#3144 = ORIENTED_EDGE ( 'NONE', *, *, #1516, .T. ) ;
#3145 = VERTEX_POINT ( 'NONE', #3327 ) ;
#3146 = EDGE_CURVE ( 'NONE', #4633, #3147, #4272, .T. ) ;
#3147 = VERTEX_POINT ( 'NONE', #1852 ) ;
#3148 = CARTESIAN_POINT ( 'NONE',  ( 15.90000000000005720, 353.5000000000000000, 15.90000000000000036 ) ) ;
#3149 = DIRECTION ( 'NONE',  ( 0.000000000000000000, 0.000000000000000000, 1.000000000000000000 ) ) ;
#3150 = CARTESIAN_POINT ( 'NONE',  ( 15.90000000000005720, 290.0000000000000568, 15.90000000000000036 ) ) ;
#3151 = CARTESIAN_POINT ( 'NONE',  ( 886.8000000000002956, -624.4999999999998863, 324.7999999999999545 ) ) ;
#3152 = FACE_BOUND ( 'NONE', #3893, .T. ) ;
#3153 = CYLINDRICAL_SURFACE ( 'NONE', #3585, 5.000000000000000888 ) ;
#3154 = AXIS2_PLACEMENT_3D ( 'NONE', #1168, #386, #2581 ) ;
#3155 = AXIS2_PLACEMENT_3D ( 'NONE', #1919, #84, #2668 ) ;
#3156 = DIRECTION ( 'NONE',  ( 0.000000000000000000, 0.000000000000000000, 1.000000000000000000 ) ) ;
#3157 = FACE_OUTER_BOUND ( 'NONE', #3675, .T. ) ;
#3158 = EDGE_LOOP ( 'NONE', ( #675, #4516, #455, #3658 ) ) ;
#3159 = PLANE ( 'NONE',  #4147 ) ;
#3160 = VECTOR ( 'NONE', #2826, 1000.000000000000000 ) ;
#3161 = CARTESIAN_POINT ( 'NONE',  ( 0.000000000000000000, 0.000000000000000000, 30.00000000000000000 ) ) ;
#3162 = ADVANCED_FACE ( 'NONE', ( #18, #1814 ), #1088, .F. ) ;
#3163 = CARTESIAN_POINT ( 'NONE',  ( 870.0000000000000000, -18.00000000000000000, 300.0000000000000000 ) ) ;
#3164 = CARTESIAN_POINT ( 'NONE',  ( 8.673617379884035472E-14, 220.0000000000000568, 27.00000000000000355 ) ) ;
#3165 = VERTEX_POINT ( 'NONE', #31 ) ;
#3166 = AXIS2_PLACEMENT_3D ( 'NONE', #1632, #4202, #1990 ) ;
#3167 = LINE ( 'NONE', #1608, #3343 ) ;
#3168 = CIRCLE ( 'NONE', #3733, 6.500000000000005329 ) ;
#3169 = ORIENTED_EDGE ( 'NONE', *, *, #2927, .F. ) ;
#3170 = FACE_BOUND ( 'NONE', #2597, .T. ) ;
#3171 = CARTESIAN_POINT ( 'NONE',  ( 15.90000000000005720, 290.0000000000000568, 10.90000000000000036 ) ) ;
#3172 = EDGE_CURVE ( 'NONE', #4177, #320, #4666, .T. ) ;
#3173 = PLANE ( 'NONE',  #772 ) ;
#3174 = VERTEX_POINT ( 'NONE', #79 ) ;
#3175 = ORIENTED_EDGE ( 'NONE', *, *, #1010, .T. ) ;
#3176 = ORIENTED_EDGE ( 'NONE', *, *, #704, .F. ) ;
#3177 = DIRECTION ( 'NONE',  ( -1.000000000000000000, 0.000000000000000000, -0.000000000000000000 ) ) ;
#3178 = CARTESIAN_POINT ( 'NONE',  ( 698.0000000000000000, -361.9999999999998295, 20.00000000000000000 ) ) ;
#3179 = PERSON_AND_ORGANIZATION_ROLE ( 'design_owner' ) ;
#3180 = EDGE_LOOP ( 'NONE', ( #3214, #579, #4478, #2990, #51, #1118 ) ) ;
#3181 = CARTESIAN_POINT ( 'NONE',  ( 8.572527594031471730E-14, -355.0000000000000000, 30.00000000000000000 ) ) ;
#3182 = DATE_AND_TIME ( #891, #4565 ) ;
#3183 = EDGE_CURVE ( 'NONE', #2186, #946, #3564, .T. ) ;
#3184 = ORIENTED_EDGE ( 'NONE', *, *, #3543, .T. ) ;
#3185 = ITEM_DEFINED_TRANSFORMATION ( 'NONE', 'NONE', #601,  #779 ) ;
#3186 = PRODUCT_DEFINITION_SHAPE ( 'NONE', 'NONE',  #3618 ) ;
#3187 = SHAPE_REPRESENTATION ( '吊柜18-柜门_吊柜18-柜门', ( #779 ), #863 ) ;
#3188 = VERTEX_POINT ( 'NONE', #4519 ) ;
#3189 = CARTESIAN_POINT ( 'NONE',  ( 8.572527594031471730E-14, -355.0000000000000000, 30.00000000000000000 ) ) ;
#3190 = AXIS2_PLACEMENT_3D ( 'NONE', #2515, #1438, #4006 ) ;
#3191 = DIRECTION ( 'NONE',  ( 0.000000000000000000, 1.000000000000000000, 0.000000000000000000 ) ) ;
#3192 = EDGE_LOOP ( 'NONE', ( #2394, #1947 ) ) ;
#3193 = CARTESIAN_POINT ( 'NONE',  ( 870.0000000000000000, -65.49999999999984368, 316.7999999999999545 ) ) ;
#3194 = DIRECTION ( 'NONE',  ( 0.000000000000000000, 1.000000000000000000, -0.000000000000000000 ) ) ;
#3195 = SHAPE_REPRESENTATION ( '定位销', ( #779 ), #2905 ) ;
#3196 = EDGE_CURVE ( 'NONE', #3637, #958, #2063, .T. ) ;
#3197 = ORIENTED_EDGE ( 'NONE', *, *, #3855, .F. ) ;
#3198 = CC_DESIGN_DATE_AND_TIME_ASSIGNMENT ( #4686, #1733, ( #4595 ) ) ;
#3199 = PERSON_AND_ORGANIZATION ( #3556, #3381 ) ;
#3200 = ORIENTED_EDGE ( 'NONE', *, *, #3639, .F. ) ;
#3201 = SHAPE_REPRESENTATION ( '吊柜18', ( #1412, #369, #601, #624, #3082, #445, #930, #1987 ), #4555 ) ;
#3202 = FACE_OUTER_BOUND ( 'NONE', #3529, .T. ) ;
#3203 = ORIENTED_EDGE ( 'NONE', *, *, #408, .T. ) ;
#3204 = CARTESIAN_POINT ( 'NONE',  ( 8.572527594031471730E-14, 220.0000000000000568, 30.00000000000000000 ) ) ;
#3205 = CARTESIAN_POINT ( 'NONE',  ( 894.8000000000002956, -574.9999999999998863, 300.0000000000000000 ) ) ;
#3206 = CARTESIAN_POINT ( 'NONE',  ( 15.90000000000005720, -290.0000000000000000, 20.90000000000000213 ) ) ;
#3207 = APPROVAL_STATUS ( 'not_yet_approved' ) ;
#3208 = FACE_OUTER_BOUND ( 'NONE', #2537, .T. ) ;
#3209 = PLANE ( 'NONE',  #2764 ) ;
#3210 = ORIENTED_EDGE ( 'NONE', *, *, #60, .T. ) ;
#3211 = CARTESIAN_POINT ( 'NONE',  ( 870.0000000000001137, -343.9999999999998295, 977.2001181334804869 ) ) ;
#3212 = VECTOR ( 'NONE', #562, 1000.000000000000000 ) ;
#3213 = VERTEX_POINT ( 'NONE', #1965 ) ;
#3214 = ORIENTED_EDGE ( 'NONE', *, *, #3908, .F. ) ;
#3215 = LINE ( 'NONE', #2829, #4385 ) ;
#3216 = EDGE_CURVE ( 'NONE', #143, #773, #2183, .T. ) ;
#3217 = FACE_OUTER_BOUND ( 'NONE', #689, .T. ) ;
#3218 = PLANE ( 'NONE',  #3880 ) ;
#3219 = CARTESIAN_POINT ( 'NONE',  ( 886.8000000000002956, -624.4999999999998863, 316.7999999999999545 ) ) ;
#3220 = DIRECTION ( 'NONE',  ( -1.000000000000000000, -0.000000000000000000, -1.137523590804461357E-16 ) ) ;
#3221 =( REPRESENTATION_RELATIONSHIP ('NONE','NONE', #3201, #3187 ) REPRESENTATION_RELATIONSHIP_WITH_TRANSFORMATION ( #3185 )SHAPE_REPRESENTATION_RELATIONSHIP( ) );
#3222 = CIRCLE ( 'NONE', #444, 8.000000000000007105 ) ;
#3223 = PERSON ( 'NAUO-PER3', 'UNSPECIFIED', 'UNSPECIFIED', ('UNSPECIFIED'), ('UNSPECIFIED'), ('UNSPECIFIED') ) ;
#3224 = CARTESIAN_POINT ( 'NONE',  ( 5.000000000000000000, 6.123233995736766282E-16, 0.000000000000000000 ) ) ;
#3225 = EDGE_CURVE ( 'NONE', #1139, #4631, #2590, .T. ) ;
#3226 = PRODUCT_DEFINITION ( '未知', '', #4216, #2499 ) ;
#3227 = CARTESIAN_POINT ( 'NONE',  ( 33.00000000000007816, 0.000000000000000000, 0.000000000000000000 ) ) ;
#3228 = ORIENTED_EDGE ( 'NONE', *, *, #3011, .F. ) ;
#3229 = EDGE_CURVE ( 'NONE', #4121, #4105, #3508, .T. ) ;
#3230 = ADVANCED_FACE ( 'NONE', ( #4333, #3620 ), #3448, .F. ) ;
#3231 = DIRECTION ( 'NONE',  ( -0.000000000000000000, 1.000000000000000000, -0.000000000000000000 ) ) ;
#3232 = DIRECTION ( 'NONE',  ( -0.000000000000000000, -1.000000000000000000, -0.000000000000000000 ) ) ;
#3233 = COORDINATED_UNIVERSAL_TIME_OFFSET ( 8, 0, .AHEAD. ) ;
#3234 = DIRECTION ( 'NONE',  ( 0.000000000000000000, 0.000000000000000000, 1.000000000000000000 ) ) ;
#3235 = VERTEX_POINT ( 'NONE', #560 ) ;
#3236 = DIRECTION ( 'NONE',  ( 0.000000000000000000, -1.000000000000000000, 0.000000000000000000 ) ) ;
#3237 = PERSON_AND_ORGANIZATION ( #3556, #3381 ) ;
#3238 = CIRCLE ( 'NONE', #1360, 15.00000000000000000 ) ;
#3239 = APPROVAL_STATUS ( 'not_yet_approved' ) ;
#3240 = PERSON_AND_ORGANIZATION_ROLE ( 'creator' ) ;
#3241 = CALENDAR_DATE ( 2026, 5, 6 ) ;
#3242 = VECTOR ( 'NONE', #317, 1000.000000000000000 ) ;
#3243 = DIRECTION ( 'NONE',  ( 1.000000000000000000, -6.149669335164226955E-17, -0.000000000000000000 ) ) ;
#3244 = EDGE_CURVE ( 'NONE', #3810, #474, #3631, .T. ) ;
#3245 = EDGE_CURVE ( 'NONE', #2886, #3284, #227, .T. ) ;
#3246 = AXIS2_PLACEMENT_3D ( 'NONE', #3406, #1624, #4563 ) ;
#3247 = ORIENTED_EDGE ( 'NONE', *, *, #2015, .T. ) ;
#3248 = ORIENTED_EDGE ( 'NONE', *, *, #970, .F. ) ;
#3249 =( NAMED_UNIT ( * ) SI_UNIT ( $, .STERADIAN. ) SOLID_ANGLE_UNIT ( ) );
#3250 = ORIENTED_EDGE ( 'NONE', *, *, #1957, .F. ) ;
#3251 = PERSON_AND_ORGANIZATION ( #3556, #3381 ) ;
#3252 = LINE ( 'NONE', #1419, #1080 ) ;
#3253 = ORIENTED_EDGE ( 'NONE', *, *, #1439, .F. ) ;
#3254 = ADVANCED_FACE ( 'NONE', ( #2482 ), #2422, .T. ) ;
#3255 = PERSON_AND_ORGANIZATION_ROLE ( 'classification_officer' ) ;
#3256 = ORIENTED_EDGE ( 'NONE', *, *, #2598, .T. ) ;
#3257 = ORIENTED_EDGE ( 'NONE', *, *, #1152, .F. ) ;
#3258 = EDGE_CURVE ( 'NONE', #2660, #4254, #3735, .T. ) ;
#3259 = CC_DESIGN_DATE_AND_TIME_ASSIGNMENT ( #2023, #4100, ( #411 ) ) ;
#3260 = ORIENTED_EDGE ( 'NONE', *, *, #2955, .T. ) ;
#3261 = PLANE ( 'NONE',  #565 ) ;
#3262 = CARTESIAN_POINT ( 'NONE',  ( 15.90000000000005720, -355.0000000000000000, 15.90000000000000036 ) ) ;
#3263 = ORIENTED_EDGE ( 'NONE', *, *, #2465, .T. ) ;
#3264 = DIRECTION ( 'NONE',  ( -2.311230519773774688E-33, 0.9999999999999998890, 1.675717664533847481E-32 ) ) ;
#3265 = ORIENTED_EDGE ( 'NONE', *, *, #4088, .F. ) ;
#3266 = DIRECTION ( 'NONE',  ( -1.000000000000000000, -0.000000000000000000, -0.000000000000000000 ) ) ;
#3267 = DIRECTION ( 'NONE',  ( 1.000000000000000000, 2.612425579928799129E-16, 0.000000000000000000 ) ) ;
#3268 = LINE ( 'NONE', #427, #2469 ) ;
#3269 = VECTOR ( 'NONE', #2093, 1000.000000000000000 ) ;
#3270 = FACE_OUTER_BOUND ( 'NONE', #4365, .T. ) ;
#3271 = VECTOR ( 'NONE', #1613, 1000.000000000000000 ) ;
#3272 = EDGE_CURVE ( 'NONE', #282, #3145, #2655, .T. ) ;
#3273 = LINE ( 'NONE', #4614, #1340 ) ;
#3274 = VECTOR ( 'NONE', #3413, 1000.000000000000000 ) ;
#3275 = EDGE_LOOP ( 'NONE', ( #35, #2517, #4185, #451 ) ) ;
#3276 = DIRECTION ( 'NONE',  ( -0.000000000000000000, -0.000000000000000000, -1.000000000000000000 ) ) ;
#3277 = EDGE_CURVE ( 'NONE', #718, #3442, #1446, .T. ) ;
#3278 = VERTEX_POINT ( 'NONE', #3831 ) ;
#3279 = AXIS2_PLACEMENT_3D ( 'NONE', #3573, #2479, #266 ) ;
#3280 = LINE ( 'NONE', #181, #356 ) ;
#3281 = CARTESIAN_POINT ( 'NONE',  ( 15.00000000000008527, 355.0000000000000000, 15.00000000000000000 ) ) ;
#3282 = DIRECTION ( 'NONE',  ( 0.000000000000000000, -1.000000000000000000, 0.000000000000000000 ) ) ;
#3283 = CARTESIAN_POINT ( 'NONE',  ( 15.90000000000005720, -353.5000000000000000, 10.90000000000000036 ) ) ;
#3284 = VERTEX_POINT ( 'NONE', #191 ) ;
#3285 = ADVANCED_FACE ( 'NONE', ( #1676, #545 ), #2734, .T. ) ;
#3286 = PERSON_AND_ORGANIZATION_ROLE ( 'classification_officer' ) ;
#3287 = ORIENTED_EDGE ( 'NONE', *, *, #3681, .T. ) ;
#3288 = CARTESIAN_POINT ( 'NONE',  ( 449.0000000000001137, 355.0000000000000000, 0.000000000000000000 ) ) ;
#3289 = AXIS2_PLACEMENT_3D ( 'NONE', #2765, #3924, #1366 ) ;
#3290 = APPROVAL ( #3207, '未指定' ) ;
#3291 = LINE ( 'NONE', #1473, #2603 ) ;
#3292 = ORIENTED_EDGE ( 'NONE', *, *, #47, .F. ) ;
#3293 = ORIENTED_EDGE ( 'NONE', *, *, #1460, .T. ) ;
#3294 = CARTESIAN_POINT ( 'NONE',  ( 15.90000000000005720, 353.5000000000000568, 10.90000000000000036 ) ) ;
#3295 = ADVANCED_FACE ( 'NONE', ( #2535 ), #1339, .T. ) ;
#3296 = CARTESIAN_POINT ( 'NONE',  ( 30.00000000000001066, -624.5000000000000000, 316.7999999999999545 ) ) ;
#3297 = CARTESIAN_POINT ( 'NONE',  ( 15.90000000000005720, 353.5000000000000000, 15.90000000000000036 ) ) ;
#3298 = CARTESIAN_POINT ( 'NONE',  ( 30.00000000000000355, -18.00000000000000000, 300.0000000000000000 ) ) ;
#3299 = PERSON_AND_ORGANIZATION ( #3556, #3381 ) ;
#3300 = CARTESIAN_POINT ( 'NONE',  ( 15.90000000000005720, -551.0000000000004547, 20.90000000000000213 ) ) ;
#3301 = DIRECTION ( 'NONE',  ( -3.227392513445221825E-16, 1.000000000000000000, 0.000000000000000000 ) ) ;
#3302 = EDGE_CURVE ( 'NONE', #3749, #1409, #3403, .T. ) ;
#3303 = PLANE ( 'NONE',  #1465 ) ;
#3304 = ORIENTED_EDGE ( 'NONE', *, *, #1176, .T. ) ;
#3305 = ADVANCED_FACE ( 'NONE', ( #4028 ), #4138, .T. ) ;
#3306 = DIRECTION ( 'NONE',  ( -0.000000000000000000, 1.000000000000000000, -0.000000000000000000 ) ) ;
#3307 = LINE ( 'NONE', #1471, #1593 ) ;
#3308 = AXIS2_PLACEMENT_3D ( 'NONE', #3719, #729, #1853 ) ;
#3309 = AXIS2_PLACEMENT_3D ( 'NONE', #2626, #519, #2316 ) ;
#3310 = ORIENTED_EDGE ( 'NONE', *, *, #600, .F. ) ;
#3311 = VERTEX_POINT ( 'NONE', #107 ) ;
#3312 = COORDINATED_UNIVERSAL_TIME_OFFSET ( 8, 0, .AHEAD. ) ;
#3313 = ORIENTED_EDGE ( 'NONE', *, *, #3668, .F. ) ;
#3314 = DIRECTION ( 'NONE',  ( -1.000000000000000000, 0.000000000000000000, 0.000000000000000000 ) ) ;
#3315 = DIRECTION ( 'NONE',  ( 0.000000000000000000, 0.000000000000000000, -1.000000000000000000 ) ) ;
#3316 = AXIS2_PLACEMENT_3D ( 'NONE', #2252, #1528, #3354 ) ;
#3317 = PRODUCT_RELATED_PRODUCT_CATEGORY ( 'detail', '', ( #559 ) ) ;
#3318 = CARTESIAN_POINT ( 'NONE',  ( 30.00000000000000355, -18.00000000000000000, 20.00000000000001776 ) ) ;
#3319 = LINE ( 'NONE', #4451, #3097 ) ;
#3320 = ORIENTED_EDGE ( 'NONE', *, *, #2713, .F. ) ;
#3321 = DIRECTION ( 'NONE',  ( 0.000000000000000000, -1.000000000000000000, 0.000000000000000000 ) ) ;
#3322 = VERTEX_POINT ( 'NONE', #2007 ) ;
#3323 = CARTESIAN_POINT ( 'NONE',  ( 886.8000000000000682, -65.49999999999984368, 316.7999999999999545 ) ) ;
#3324 = EDGE_CURVE ( 'NONE', #4366, #1396, #2949, .T. ) ;
#3325 = VERTEX_POINT ( 'NONE', #2019 ) ;
#3326 = LINE ( 'NONE', #1402, #4756 ) ;
#3327 = CARTESIAN_POINT ( 'NONE',  ( 8.673617379884035472E-14, 290.0000000000000568, 27.00000000000000355 ) ) ;
#3328 = VECTOR ( 'NONE', #3083, 1000.000000000000000 ) ;
#3329 = CARTESIAN_POINT ( 'NONE',  ( 15.90000000000000036, -624.5000000000000000, 321.0500000000000114 ) ) ;
#3330 = ORIENTED_EDGE ( 'NONE', *, *, #3012, .F. ) ;
#3331 = CARTESIAN_POINT ( 'NONE',  ( 15.90000000000005720, -551.0000000000004547, 15.90000000000000036 ) ) ;
#3332 = ORIENTED_EDGE ( 'NONE', *, *, #797, .T. ) ;
#3333 = FACE_OUTER_BOUND ( 'NONE', #2003, .T. ) ;
#3334 = FACE_OUTER_BOUND ( 'NONE', #832, .T. ) ;
#3335 = DIRECTION ( 'NONE',  ( 0.000000000000000000, -0.000000000000000000, 1.000000000000000000 ) ) ;
#3336 = CARTESIAN_POINT ( 'NONE',  ( 0.000000000000000000, 0.000000000000000000, 20.00000000000000000 ) ) ;
#3337 = CARTESIAN_POINT ( 'NONE',  ( 30.00000000000001066, -624.5000000000000000, 316.7999999999999545 ) ) ;
#3338 = FACE_BOUND ( 'NONE', #2619, .T. ) ;
#3339 = FACE_BOUND ( 'NONE', #1592, .T. ) ;
#3340 = CARTESIAN_POINT ( 'NONE',  ( 15.00000000000008527, 355.0000000000000000, 15.00000000000000000 ) ) ;
#3341 = VERTEX_POINT ( 'NONE', #2694 ) ;
#3342 = VECTOR ( 'NONE', #4221, 1000.000000000000000 ) ;
#3343 = VECTOR ( 'NONE', #2730, 1000.000000000000000 ) ;
#3344 = EDGE_CURVE ( 'NONE', #2821, #4345, #2415, .T. ) ;
#3345 = VERTEX_POINT ( 'NONE', #4573 ) ;
#3346 = DIRECTION ( 'NONE',  ( -1.000000000000000000, 6.149669335164226955E-17, 0.000000000000000000 ) ) ;
#3347 = DIRECTION ( 'NONE',  ( -0.000000000000000000, -1.000000000000000000, -0.000000000000000000 ) ) ;
#3348 = ORIENTED_EDGE ( 'NONE', *, *, #2195, .F. ) ;
#3349 = AXIS2_PLACEMENT_3D ( 'NONE', #4265, #4225, #4600 ) ;
#3350 = ADVANCED_FACE ( 'NONE', ( #423 ), #3173, .T. ) ;
#3351 = AXIS2_PLACEMENT_3D ( 'NONE', #4641, #4617, #2439 ) ;
#3352 = DIRECTION ( 'NONE',  ( -0.000000000000000000, 1.000000000000000000, -0.000000000000000000 ) ) ;
#3353 = DIRECTION ( 'NONE',  ( -2.612425579928799129E-16, 1.000000000000000000, -0.000000000000000000 ) ) ;
#3354 = DIRECTION ( 'NONE',  ( 0.000000000000000000, -0.000000000000000000, -1.000000000000000000 ) ) ;
#3355 = VERTEX_POINT ( 'NONE', #3822 ) ;
#3356 = ITEM_DEFINED_TRANSFORMATION ( 'NONE', 'NONE', #1987,  #779 ) ;
#3357 = EDGE_CURVE ( 'NONE', #1362, #2956, #1441, .T. ) ;
#3358 = APPROVAL ( #608, '未指定' ) ;
#3359 = ORIENTED_EDGE ( 'NONE', *, *, #3258, .F. ) ;
#3360 = DIRECTION ( 'NONE',  ( 0.000000000000000000, 0.000000000000000000, -1.000000000000000000 ) ) ;
#3361 = COORDINATED_UNIVERSAL_TIME_OFFSET ( 8, 0, .AHEAD. ) ;
#3362 = CARTESIAN_POINT ( 'NONE',  ( 870.0000000000000000, -18.00000000000000000, 2.000000000000000000 ) ) ;
#3363 = ADVANCED_FACE ( 'NONE', ( #2835 ), #1289, .F. ) ;
#3364 = VECTOR ( 'NONE', #1121, 1000.000000000000000 ) ;
#3365 = PERSON_AND_ORGANIZATION ( #3556, #3381 ) ;
#3366 = VECTOR ( 'NONE', #4320, 1000.000000000000000 ) ;
#3367 = PERSON_AND_ORGANIZATION_ROLE ( 'creator' ) ;
#3368 = ORIENTED_EDGE ( 'NONE', *, *, #3458, .T. ) ;
#3369 = VECTOR ( 'NONE', #4234, 1000.000000000000000 ) ;
#3370 = ORIENTED_EDGE ( 'NONE', *, *, #547, .F. ) ;
#3371 = EDGE_CURVE ( 'NONE', #773, #491, #1943, .T. ) ;
#3372 = CARTESIAN_POINT ( 'NONE',  ( 15.90000000000005720, 355.0000000000000000, 9.399999999999995026 ) ) ;
#3373 = ORIENTED_EDGE ( 'NONE', *, *, #4747, .F. ) ;
#3374 = ORIENTED_EDGE ( 'NONE', *, *, #2229, .F. ) ;
#3375 = ORIENTED_EDGE ( 'NONE', *, *, #2933, .F. ) ;
#3376 = VERTEX_POINT ( 'NONE', #3567 ) ;
#3377 = EDGE_CURVE ( 'NONE', #3355, #3345, #287, .T. ) ;
#3378 = AXIS2_PLACEMENT_3D ( 'NONE', #3340, #446, #2647 ) ;
#3379 = AXIS2_PLACEMENT_3D ( 'NONE', #3794, #536, #157 ) ;
#3380 = DIRECTION ( 'NONE',  ( -1.000000000000000000, 0.000000000000000000, 0.000000000000000000 ) ) ;
#3381 = ORGANIZATION ( '未指定', '未指定', '' ) ;
#3382 = PLANE ( 'NONE',  #956 ) ;
#3383 = DIRECTION ( 'NONE',  ( 0.000000000000000000, 0.000000000000000000, -1.000000000000000000 ) ) ;
#3384 = ORIENTED_EDGE ( 'NONE', *, *, #2598, .F. ) ;
#3385 = DIRECTION ( 'NONE',  ( -1.000000000000000000, 0.000000000000000000, 0.000000000000000000 ) ) ;
#3386 = FACE_OUTER_BOUND ( 'NONE', #4443, .T. ) ;
#3387 = CC_DESIGN_PERSON_AND_ORGANIZATION_ASSIGNMENT ( #2097, #2285, ( #559 ) ) ;
#3388 = VERTEX_POINT ( 'NONE', #198 ) ;
#3389 = FACE_OUTER_BOUND ( 'NONE', #2901, .T. ) ;
#3390 = ORIENTED_EDGE ( 'NONE', *, *, #3229, .T. ) ;
#3391 = VECTOR ( 'NONE', #2284, 1000.000000000000000 ) ;
#3392 = VECTOR ( 'NONE', #725, 1000.000000000000000 ) ;
#3393 = DIRECTION ( 'NONE',  ( 2.612425579928799129E-16, -1.000000000000000000, -0.000000000000000000 ) ) ;
#3394 = EDGE_CURVE ( 'NONE', #4177, #1978, #162, .T. ) ;
#3395 = EDGE_LOOP ( 'NONE', ( #280, #656 ) ) ;
#3396 = CARTESIAN_POINT ( 'NONE',  ( 30.00000000000000355, -18.00000000000000000, 300.0000000000000000 ) ) ;
#3397 = LINE ( 'NONE', #2445, #2998 ) ;
#3398 = CYLINDRICAL_SURFACE ( 'NONE', #1819, 5.000000000000000888 ) ;
#3399 = VECTOR ( 'NONE', #867, 1000.000000000000000 ) ;
#3400 = LINE ( 'NONE', #186, #3001 ) ;
#3401 = VECTOR ( 'NONE', #2605, 1000.000000000000000 ) ;
#3402 = PLANE ( 'NONE',  #1687 ) ;
#3403 = LINE ( 'NONE', #3487, #3342 ) ;
#3404 = VECTOR ( 'NONE', #4030, 1000.000000000000000 ) ;
#3405 = VERTEX_POINT ( 'NONE', #3151 ) ;
#3406 = CARTESIAN_POINT ( 'NONE',  ( -28.00000000000005684, 220.0000000000000568, 22.00000000000000000 ) ) ;
#3407 = AXIS2_PLACEMENT_3D ( 'NONE', #1273, #2013, #3833 ) ;
#3408 = DIRECTION ( 'NONE',  ( 0.000000000000000000, 0.000000000000000000, -1.000000000000000000 ) ) ;
#3409 = ORIENTED_EDGE ( 'NONE', *, *, #214, .T. ) ;
#3410 = CARTESIAN_POINT ( 'NONE',  ( 884.1000000000002501, -624.4999999999998863, 316.0000000000000000 ) ) ;
#3411 = APPROVAL_DATE_TIME ( #1578, #1215 ) ;
#3412 = VERTEX_POINT ( 'NONE', #3547 ) ;
#3413 = DIRECTION ( 'NONE',  ( 1.000000000000000000, 0.000000000000000000, 0.000000000000000000 ) ) ;
#3414 = CARTESIAN_POINT ( 'NONE',  ( 870.0000000000002274, -624.4999999999998863, 300.0000000000000000 ) ) ;
#3415 = DATE_AND_TIME ( #781, #4405 ) ;
#3416 = CARTESIAN_POINT ( 'NONE',  ( 878.0000000000002274, -624.4999999999998863, 324.7999999999999545 ) ) ;
#3417 = ORIENTED_EDGE ( 'NONE', *, *, #3668, .T. ) ;
#3418 = EDGE_CURVE ( 'NONE', #962, #42, #3782, .T. ) ;
#3419 = DATE_AND_TIME ( #4454, #1638 ) ;
#3420 = ORIENTED_EDGE ( 'NONE', *, *, #2853, .F. ) ;
#3421 = ORIENTED_EDGE ( 'NONE', *, *, #1026, .F. ) ;
#3422 = LINE ( 'NONE', #2166, #4239 ) ;
#3423 = CARTESIAN_POINT ( 'NONE',  ( 0.000000000000000000, 0.000000000000000000, 0.000000000000000000 ) ) ;
#3424 = PERSON_AND_ORGANIZATION ( #3556, #3381 ) ;
#3425 = EDGE_CURVE ( 'NONE', #2948, #4119, #3972, .T. ) ;
#3426 = PLANE ( 'NONE',  #4083 ) ;
#3427 = LINE ( 'NONE', #4639, #1758 ) ;
#3428 = ORIENTED_EDGE ( 'NONE', *, *, #3000, .F. ) ;
#3429 = EDGE_CURVE ( 'NONE', #3865, #239, #4081, .T. ) ;
#3430 = CARTESIAN_POINT ( 'NONE',  ( 15.90000000000005720, 353.5000000000000000, 15.90000000000000036 ) ) ;
#3431 = FACE_OUTER_BOUND ( 'NONE', #2280, .T. ) ;
#3432 = VERTEX_POINT ( 'NONE', #3737 ) ;
#3433 = DIRECTION ( 'NONE',  ( 0.000000000000000000, 0.000000000000000000, -1.000000000000000000 ) ) ;
#3434 = VERTEX_POINT ( 'NONE', #1200 ) ;
#3435 = AXIS2_PLACEMENT_3D ( 'NONE', #1327, #4226, #3177 ) ;
#3436 = LINE ( 'NONE', #2302, #2047 ) ;
#3437 = VERTEX_POINT ( 'NONE', #3514 ) ;
#3438 = CIRCLE ( 'NONE', #132, 5.000000000000000888 ) ;
#3439 = ORIENTED_EDGE ( 'NONE', *, *, #3645, .F. ) ;
#3440 = DIRECTION ( 'NONE',  ( -4.270088556250604164E-17, -1.000000000000000000, 0.000000000000000000 ) ) ;
#3441 = EDGE_CURVE ( 'NONE', #4137, #1873, #1779, .T. ) ;
#3442 = VERTEX_POINT ( 'NONE', #3780 ) ;
#3443 = SECURITY_CLASSIFICATION ( '', '', #2493 ) ;
#3444 = CYLINDRICAL_SURFACE ( 'NONE', #1710, 5.049999999999998934 ) ;
#3445 = VECTOR ( 'NONE', #4124, 1000.000000000000000 ) ;
#3446 = FACE_OUTER_BOUND ( 'NONE', #1740, .T. ) ;
#3447 = FACE_OUTER_BOUND ( 'NONE', #2072, .T. ) ;
#3448 = PLANE ( 'NONE',  #4047 ) ;
#3449 = DIRECTION ( 'NONE',  ( 0.000000000000000000, 0.000000000000000000, 1.000000000000000000 ) ) ;
#3450 = ADVANCED_FACE ( 'NONE', ( #4547 ), #3209, .T. ) ;
#3451 = VECTOR ( 'NONE', #4289, 1000.000000000000000 ) ;
#3452 = EDGE_LOOP ( 'NONE', ( #543, #224, #1096, #236 ) ) ;
#3453 = CARTESIAN_POINT ( 'NONE',  ( 30.00000000000005329, -18.00000000000000000, 2.000000000000000000 ) ) ;
#3454 = CARTESIAN_POINT ( 'NONE',  ( 220.0000000000000000, -18.00000000000000000, 20.00000000000000000 ) ) ;
#3455 = ORIENTED_EDGE ( 'NONE', *, *, #3140, .T. ) ;
#3456 = CARTESIAN_POINT ( 'NONE',  ( 22.00000000000000711, -65.49999999999995737, 324.7999999999999545 ) ) ;
#3457 = ORIENTED_EDGE ( 'NONE', *, *, #1325, .T. ) ;
#3458 = EDGE_CURVE ( 'NONE', #807, #16, #1498, .T. ) ;
#3459 = CARTESIAN_POINT ( 'NONE',  ( -28.00000000000005684, 240.0000000000000284, 22.00000000000000000 ) ) ;
#3460 = CARTESIAN_POINT ( 'NONE',  ( 698.0000000000000000, -17.99999999999993250, 977.2001181334804869 ) ) ;
#3461 = VERTEX_POINT ( 'NONE', #3181 ) ;
#3462 = PERSON_AND_ORGANIZATION ( #3556, #3381 ) ;
#3463 = EDGE_CURVE ( 'NONE', #1297, #1271, #1565, .T. ) ;
#3464 = AXIS2_PLACEMENT_3D ( 'NONE', #274, #2870, #4004 ) ;
#3465 = CC_DESIGN_PERSON_AND_ORGANIZATION_ASSIGNMENT ( #260, #2638, ( #265 ) ) ;
#3466 = DIRECTION ( 'NONE',  ( 0.000000000000000000, 0.000000000000000000, 1.000000000000000000 ) ) ;
#3467 = CARTESIAN_POINT ( 'NONE',  ( 878.0000000000002274, -574.9999999999998863, 324.7999999999999545 ) ) ;
#3468 = ORIENTED_EDGE ( 'NONE', *, *, #2955, .F. ) ;
#3469 = DATE_TIME_ROLE ( 'classification_date' ) ;
#3470 = DIRECTION ( 'NONE',  ( -1.000000000000000000, -2.612425579928799129E-16, -2.065146995210486914E-16 ) ) ;
#3471 = APPROVAL_DATE_TIME ( #669, #3290 ) ;
#3472 = VECTOR ( 'NONE', #1656, 1000.000000000000000 ) ;
#3473 = EDGE_CURVE ( 'NONE', #4676, #382, #3397, .T. ) ;
#3474 = SECURITY_CLASSIFICATION ( '', '', #1619 ) ;
#3475 = DIRECTION ( 'NONE',  ( -2.065146995210486914E-16, -5.395042836600973428E-32, 1.000000000000000000 ) ) ;
#3476 = ADVANCED_FACE ( 'NONE', ( #4327, #2238 ), #838, .F. ) ;
#3477 = LINE ( 'NONE', #769, #1535 ) ;
#3478 = ORIENTED_EDGE ( 'NONE', *, *, #570, .F. ) ;
#3479 = ORIENTED_EDGE ( 'NONE', *, *, #2272, .F. ) ;
#3480 = CARTESIAN_POINT ( 'NONE',  ( 15.90000000000005720, 290.0000000000000568, 15.90000000000000036 ) ) ;
#3481 = PLANE ( 'NONE',  #1594 ) ;
#3482 = EDGE_CURVE ( 'NONE', #3879, #718, #4713, .T. ) ;
#3483 = APPROVAL_PERSON_ORGANIZATION ( #628, #2239, #1907 ) ;
#3484 = ORIENTED_EDGE ( 'NONE', *, *, #2229, .T. ) ;
#3485 = VECTOR ( 'NONE', #4349, 1000.000000000000000 ) ;
#3486 = CARTESIAN_POINT ( 'NONE',  ( 30.00000000000002132, -343.9999999999999432, 977.2001181334803732 ) ) ;
#3487 = CARTESIAN_POINT ( 'NONE',  ( 30.00000000000000355, -624.5000000000000000, 300.0000000000000000 ) ) ;
#3488 = APPROVAL_STATUS ( 'not_yet_approved' ) ;
#3489 = CARTESIAN_POINT ( 'NONE',  ( 15.00000000000008527, 0.000000000000000000, 0.000000000000000000 ) ) ;
#3490 = EDGE_CURVE ( 'NONE', #233, #3962, #3215, .T. ) ;
#3491 = EDGE_CURVE ( 'NONE', #1898, #4013, #1883, .T. ) ;
#3492 = ORIENTED_EDGE ( 'NONE', *, *, #3244, .F. ) ;
#3493 = CARTESIAN_POINT ( 'NONE',  ( 870.0000000000000000, -18.00000000000000000, 300.0000000000000000 ) ) ;
#3494 = CARTESIAN_POINT ( 'NONE',  ( 15.90000000000005720, -353.5000000000000000, 15.90000000000000036 ) ) ;
#3495 = LINE ( 'NONE', #4643, #1996 ) ;
#3496 = ADVANCED_FACE ( 'NONE', ( #1433 ), #1695, .T. ) ;
#3497 = EDGE_LOOP ( 'NONE', ( #2752, #3228, #338, #1654, #2550, #3837, #2680, #3056 ) ) ;
#3498 = FACE_OUTER_BOUND ( 'NONE', #3065, .T. ) ;
#3499 = ORIENTED_EDGE ( 'NONE', *, *, #1418, .T. ) ;
#3500 = VECTOR ( 'NONE', #3276, 1000.000000000000000 ) ;
#3501 = VECTOR ( 'NONE', #609, 1000.000000000000000 ) ;
#3502 = VERTEX_POINT ( 'NONE', #1666 ) ;
#3503 = EDGE_LOOP ( 'NONE', ( #4029, #2281, #3889, #3293 ) ) ;
#3504 = EDGE_CURVE ( 'NONE', #4384, #1079, #4662, .T. ) ;
#3505 = VECTOR ( 'NONE', #1661, 1000.000000000000000 ) ;
#3506 = VECTOR ( 'NONE', #4461, 1000.000000000000000 ) ;
#3507 = DIRECTION ( 'NONE',  ( -1.000000000000000000, 0.000000000000000000, 0.000000000000000000 ) ) ;
#3508 = LINE ( 'NONE', #3362, #1503 ) ;
#3509 = LINE ( 'NONE', #2350, #4393 ) ;
#3510 = DIRECTION ( 'NONE',  ( 2.612425579928799129E-16, -1.000000000000000000, -0.000000000000000000 ) ) ;
#3511 = DIRECTION ( 'NONE',  ( -0.000000000000000000, 1.000000000000000000, -0.000000000000000000 ) ) ;
#3512 = DIRECTION ( 'NONE',  ( -1.609018876268343055E-16, 1.000000000000000000, -0.000000000000000000 ) ) ;
#3513 = ORIENTED_EDGE ( 'NONE', *, *, #4747, .T. ) ;
#3514 = CARTESIAN_POINT ( 'NONE',  ( 8.572527594031471730E-14, -355.0000000000000000, 15.00000000000000000 ) ) ;
#3515 = EDGE_CURVE ( 'NONE', #2314, #382, #418, .T. ) ;
#3516 = DIRECTION ( 'NONE',  ( 0.000000000000000000, 0.000000000000000000, -1.000000000000000000 ) ) ;
#3517 = EDGE_CURVE ( 'NONE', #1915, #3716, #483, .T. ) ;
#3518 = CALENDAR_DATE ( 2026, 5, 6 ) ;
#3519 = FACE_OUTER_BOUND ( 'NONE', #2170, .T. ) ;
#3520 = ORIENTED_EDGE ( 'NONE', *, *, #214, .F. ) ;
#3521 = ORIENTED_EDGE ( 'NONE', *, *, #3987, .F. ) ;
#3522 = CONTEXT_DEPENDENT_SHAPE_REPRESENTATION ( #4542, #4434 ) ;
#3523 = AXIS2_PLACEMENT_3D ( 'NONE', #1151, #431, #4102 ) ;
#3524 = AXIS2_PLACEMENT_3D ( 'NONE', #4537, #3781, #525 ) ;
#3525 = VECTOR ( 'NONE', #3321, 1000.000000000000000 ) ;
#3526 = DIRECTION ( 'NONE',  ( 2.612425579928799129E-16, -1.000000000000000000, -0.000000000000000000 ) ) ;
#3527 = CALENDAR_DATE ( 2026, 5, 6 ) ;
#3528 = CARTESIAN_POINT ( 'NONE',  ( 33.00000000000007816, -220.0000000000000000, -26.84171144931213604 ) ) ;
#3529 = EDGE_LOOP ( 'NONE', ( #1973, #3548, #1809, #3703 ) ) ;
#3530 = ORIENTED_EDGE ( 'NONE', *, *, #2298, .T. ) ;
#3531 = ORIENTED_EDGE ( 'NONE', *, *, #3324, .T. ) ;
#3532 = CC_DESIGN_DATE_AND_TIME_ASSIGNMENT ( #4629, #1920, ( #2371 ) ) ;
#3533 = FACE_OUTER_BOUND ( 'NONE', #676, .T. ) ;
#3534 = DIRECTION ( 'NONE',  ( -0.000000000000000000, 1.000000000000000000, -0.000000000000000000 ) ) ;
#3535 = ORIENTED_EDGE ( 'NONE', *, *, #888, .T. ) ;
#3536 = PLANE ( 'NONE',  #4317 ) ;
#3537 = CARTESIAN_POINT ( 'NONE',  ( -0.000000000000000000, -220.0000000000000000, 0.000000000000000000 ) ) ;
#3538 = ORIENTED_EDGE ( 'NONE', *, *, #2679, .T. ) ;
#3539 = DIRECTION ( 'NONE',  ( 1.000000000000000000, 0.000000000000000000, 0.000000000000000000 ) ) ;
#3540 = DIRECTION ( 'NONE',  ( -0.000000000000000000, -1.000000000000000000, -0.000000000000000000 ) ) ;
#3541 = DIRECTION ( 'NONE',  ( 2.065146995210486914E-16, 0.000000000000000000, 1.000000000000000000 ) ) ;
#3542 = CARTESIAN_POINT ( 'NONE',  ( 8.572527594031471730E-14, 355.0000000000000000, 27.00000000000000355 ) ) ;
#3543 = EDGE_CURVE ( 'NONE', #1756, #3041, #928, .T. ) ;
#3544 = ORIENTED_EDGE ( 'NONE', *, *, #307, .T. ) ;
#3545 = ORIENTED_EDGE ( 'NONE', *, *, #3908, .T. ) ;
#3546 = DIRECTION ( 'NONE',  ( 0.000000000000000000, -1.000000000000000000, 0.000000000000000000 ) ) ;
#3547 = CARTESIAN_POINT ( 'NONE',  ( 8.450062914116736582E-14, -690.0000000000000000, 300.0000000000000000 ) ) ;
#3548 = ORIENTED_EDGE ( 'NONE', *, *, #4445, .T. ) ;
#3549 = VECTOR ( 'NONE', #2709, 1000.000000000000000 ) ;
#3550 = CYLINDRICAL_SURFACE ( 'NONE', #3351, 6.500000000000005329 ) ;
#3551 = AXIS2_PLACEMENT_3D ( 'NONE', #3480, #919, #3433 ) ;
#3552 = EDGE_LOOP ( 'NONE', ( #1105, #2536, #1348, #3695, #3332 ) ) ;
#3553 = CARTESIAN_POINT ( 'NONE',  ( 15.90000000000005720, -551.0000000000004547, 10.90000000000000036 ) ) ;
#3554 = ORIENTED_EDGE ( 'NONE', *, *, #4471, .T. ) ;
#3555 = FACE_OUTER_BOUND ( 'NONE', #508, .T. ) ;
#3556 = PERSON ( '未指定', '未指定', '未指定', ('未指定'), ('未指定'), ('未指定') ) ;
#3557 = CARTESIAN_POINT ( 'NONE',  ( 15.90000000000005720, -290.0000000000000000, 10.90000000000000036 ) ) ;
#3558 = CARTESIAN_POINT ( 'NONE',  ( 219.9999999999999716, -690.0000000000000000, 20.00000000000001776 ) ) ;
#3559 = AXIS2_PLACEMENT_3D ( 'NONE', #849, #4180, #3053 ) ;
#3560 = LINE ( 'NONE', #2078, #1045 ) ;
#3561 = APPROVAL ( #2265, '未指定' ) ;
#3562 = FACE_BOUND ( 'NONE', #2066, .T. ) ;
#3563 = EDGE_LOOP ( 'NONE', ( #1265, #1763, #4329, #1266 ) ) ;
#3564 = CIRCLE ( 'NONE', #3551, 5.000000000000000888 ) ;
#3565 = VECTOR ( 'NONE', #499, 1000.000000000000000 ) ;
#3566 = EDGE_CURVE ( 'NONE', #4137, #4332, #2352, .T. ) ;
#3567 = CARTESIAN_POINT ( 'NONE',  ( 15.00000000000008527, -355.0000000000000000, 0.000000000000000000 ) ) ;
#3568 = ORIENTED_EDGE ( 'NONE', *, *, #2168, .F. ) ;
#3569 = CC_DESIGN_APPROVAL ( #1215, ( #199 ) ) ;
#3570 = VERTEX_POINT ( 'NONE', #1077 ) ;
#3571 = CARTESIAN_POINT ( 'NONE',  ( 30.00000000000004263, -343.9999999999998863, 300.0000000000000000 ) ) ;
#3572 = CARTESIAN_POINT ( 'NONE',  ( 870.0000000000001137, -574.9999999999998863, 300.0000000000000000 ) ) ;
#3573 = CARTESIAN_POINT ( 'NONE',  ( 0.000000000000000000, 0.000000000000000000, 120.0000000000000000 ) ) ;
#3574 = DATE_AND_TIME ( #1633, #834 ) ;
#3575 = CIRCLE ( 'NONE', #3109, 15.00000000000000000 ) ;
#3576 = PLANE ( 'NONE',  #616 ) ;
#3577 = DIRECTION ( 'NONE',  ( -2.612425579928799129E-16, 1.000000000000000000, 0.000000000000000000 ) ) ;
#3578 = EDGE_CURVE ( 'NONE', #2477, #2068, #1769, .T. ) ;
#3579 = LOCAL_TIME ( 9, 9, 43.00000000000000000, #1461 ) ;
#3580 = CARTESIAN_POINT ( 'NONE',  ( 33.00000000000007816, -270.0000000000000000, -26.84171144931213604 ) ) ;
#3581 = DIRECTION ( 'NONE',  ( 2.612425579928799129E-16, -1.000000000000000000, 0.000000000000000000 ) ) ;
#3582 = CARTESIAN_POINT ( 'NONE',  ( 15.90000000000005720, -355.0000000000000000, 15.90000000000000036 ) ) ;
#3583 = APPROVAL_DATE_TIME ( #787, #336 ) ;
#3584 = LINE ( 'NONE', #2385, #3138 ) ;
#3585 = AXIS2_PLACEMENT_3D ( 'NONE', #2355, #2728, #902 ) ;
#3586 = VERTEX_POINT ( 'NONE', #4406 ) ;
#3587 = VECTOR ( 'NONE', #3698, 1000.000000000000000 ) ;
#3588 = EDGE_CURVE ( 'NONE', #1186, #4640, #1938, .T. ) ;
#3589 = ORIENTED_EDGE ( 'NONE', *, *, #910, .T. ) ;
#3590 = APPROVAL ( #3239, '未指定' ) ;
#3591 = CARTESIAN_POINT ( 'NONE',  ( 900.0000000000000000, 0.000000000000000000, 300.0000000000000000 ) ) ;
#3592 = LOCAL_TIME ( 9, 9, 43.00000000000000000, #1700 ) ;
#3593 = VERTEX_POINT ( 'NONE', #3337 ) ;
#3594 = EDGE_CURVE ( 'NONE', #2532, #4366, #2172, .T. ) ;
#3595 = LINE ( 'NONE', #1123, #1989 ) ;
#3596 = ORIENTED_EDGE ( 'NONE', *, *, #3594, .T. ) ;
#3597 = CARTESIAN_POINT ( 'NONE',  ( 202.0000000000000568, -343.9999999999998863, 20.00000000000000000 ) ) ;
#3598 = DIRECTION ( 'NONE',  ( 0.7071067811865460184, 8.659560562354913137E-17, -0.7071067811865490160 ) ) ;
#3599 = CARTESIAN_POINT ( 'NONE',  ( 8.450062914116736582E-14, -690.0000000000000000, 0.000000000000000000 ) ) ;
#3600 = VECTOR ( 'NONE', #1242, 1000.000000000000000 ) ;
#3601 = CARTESIAN_POINT ( 'NONE',  ( 15.90000000000005720, -355.0000000000000000, 22.40000000000000568 ) ) ;
#3602 = CIRCLE ( 'NONE', #2773, 8.000000000000007105 ) ;
#3603 = CARTESIAN_POINT ( 'NONE',  ( 870.0000000000001137, -361.9999999999998295, 20.00000000000001776 ) ) ;
#3604 = VECTOR ( 'NONE', #3982, 1000.000000000000000 ) ;
#3605 = CARTESIAN_POINT ( 'NONE',  ( 5.200000000000002842, -624.5000000000000000, 300.0000000000000000 ) ) ;
#3606 = EDGE_LOOP ( 'NONE', ( #4553, #2560 ) ) ;
#3607 = LINE ( 'NONE', #3089, #1884 ) ;
#3608 = AXIS2_PLACEMENT_3D ( 'NONE', #1527, #4440, #1541 ) ;
#3609 = FACE_BOUND ( 'NONE', #1417, .T. ) ;
#3610 = AXIS2_PLACEMENT_3D ( 'NONE', #3331, #399, #4433 ) ;
#3611 = CARTESIAN_POINT ( 'NONE',  ( 15.90000000000005720, 353.5000000000000000, 15.90000000000000036 ) ) ;
#3612 = DIRECTION ( 'NONE',  ( 1.000000000000000000, 0.000000000000000000, 0.000000000000000000 ) ) ;
#3613 = DIRECTION ( 'NONE',  ( -1.000000000000000000, 0.000000000000000000, -0.000000000000000000 ) ) ;
#3614 = ORIENTED_EDGE ( 'NONE', *, *, #4250, .T. ) ;
#3615 = CYLINDRICAL_SURFACE ( 'NONE', #166, 8.000000000000007105 ) ;
#3616 = VECTOR ( 'NONE', #931, 1000.000000000000000 ) ;
#3617 = CARTESIAN_POINT ( 'NONE',  ( 698.0000000000001137, -343.9999999999998295, 299.9999999999999432 ) ) ;
#3618 = PRODUCT_DEFINITION ( '未知', '', #1745, #1945 ) ;
#3619 = ORIENTED_EDGE ( 'NONE', *, *, #288, .F. ) ;
#3620 = FACE_OUTER_BOUND ( 'NONE', #839, .T. ) ;
#3621 = VECTOR ( 'NONE', #529, 1000.000000000000000 ) ;
#3622 = ORIENTED_EDGE ( 'NONE', *, *, #704, .T. ) ;
#3623 = CARTESIAN_POINT ( 'NONE',  ( 870.0000000000001137, -343.9999999999998295, 20.00000000000000000 ) ) ;
#3624 = ORIENTED_EDGE ( 'NONE', *, *, #588, .T. ) ;
#3625 = DIRECTION ( 'NONE',  ( -1.000000000000000000, -0.000000000000000000, -0.000000000000000000 ) ) ;
#3626 = CALENDAR_DATE ( 2026, 5, 6 ) ;
#3627 = CARTESIAN_POINT ( 'NONE',  ( 8.572527594031471730E-14, 355.0000000000000000, 30.00000000000000000 ) ) ;
#3628 = ORIENTED_EDGE ( 'NONE', *, *, #3491, .F. ) ;
#3629 = DIRECTION ( 'NONE',  ( 2.612425579928799129E-16, -1.000000000000000000, -0.000000000000000000 ) ) ;
#3630 = ADVANCED_FACE ( 'NONE', ( #1609 ), #1562, .F. ) ;
#3631 = LINE ( 'NONE', #1255, #1896 ) ;
#3632 = VECTOR ( 'NONE', #4086, 1000.000000000000000 ) ;
#3633 = PERSON_AND_ORGANIZATION ( #3556, #3381 ) ;
#3634 = DESIGN_CONTEXT ( 'detailed design', #2461, 'design' ) ;
#3635 = AXIS2_PLACEMENT_3D ( 'NONE', #377, #2971, #2957 ) ;
#3636 = AXIS2_PLACEMENT_3D ( 'NONE', #2322, #2528, #2943 ) ;
#3637 = VERTEX_POINT ( 'NONE', #4132 ) ;
#3638 = CARTESIAN_POINT ( 'NONE',  ( 5.200000000000002842, -65.49999999999995737, 300.0000000000000000 ) ) ;
#3639 = EDGE_CURVE ( 'NONE', #2451, #2506, #3268, .T. ) ;
#3640 = AXIS2_PLACEMENT_3D ( 'NONE', #3161, #2058, #3539 ) ;
#3641 = DIRECTION ( 'NONE',  ( 0.000000000000000000, 0.000000000000000000, -1.000000000000000000 ) ) ;
#3642 = ORIENTED_EDGE ( 'NONE', *, *, #3578, .F. ) ;
#3643 = CALENDAR_DATE ( 2026, 5, 6 ) ;
#3644 = ORIENTED_EDGE ( 'NONE', *, *, #3225, .T. ) ;
#3645 = EDGE_CURVE ( 'NONE', #1211, #1349, #1556, .T. ) ;
#3646 = CC_DESIGN_DATE_AND_TIME_ASSIGNMENT ( #1241, #3846, ( #3474 ) ) ;
#3647 = VERTEX_POINT ( 'NONE', #86 ) ;
#3648 = ADVANCED_FACE ( 'NONE', ( #2632 ), #4430, .F. ) ;
#3649 = CARTESIAN_POINT ( 'NONE',  ( 8.572527594031471730E-14, -355.0000000000000000, 30.00000000000000000 ) ) ;
#3650 = VECTOR ( 'NONE', #2978, 1000.000000000000000 ) ;
#3651 = EDGE_LOOP ( 'NONE', ( #1392, #639, #1637, #766 ) ) ;
#3652 = DIRECTION ( 'NONE',  ( -0.000000000000000000, 1.000000000000000000, -0.000000000000000000 ) ) ;
#3653 = ORIENTED_EDGE ( 'NONE', *, *, #4258, .F. ) ;
#3654 = CARTESIAN_POINT ( 'NONE',  ( 0.000000000000000000, 0.000000000000000000, 2.000000000000000000 ) ) ;
#3655 = LINE ( 'NONE', #3649, #4376 ) ;
#3656 = DIRECTION ( 'NONE',  ( -0.000000000000000000, 1.000000000000000000, -0.000000000000000000 ) ) ;
#3657 = VECTOR ( 'NONE', #1560, 1000.000000000000000 ) ;
#3658 = ORIENTED_EDGE ( 'NONE', *, *, #509, .F. ) ;
#3659 = VERTEX_POINT ( 'NONE', #2778 ) ;
#3660 = CARTESIAN_POINT ( 'NONE',  ( 15.90000000000005720, -551.0000000000004547, 20.90000000000000213 ) ) ;
#3661 = ORIENTED_EDGE ( 'NONE', *, *, #2298, .F. ) ;
#3662 = CYLINDRICAL_SURFACE ( 'NONE', #2201, 5.049999999999998934 ) ;
#3663 = EDGE_CURVE ( 'NONE', #2048, #1981, #1662, .T. ) ;
#3664 = EDGE_CURVE ( 'NONE', #4745, #2934, #1275, .T. ) ;
#3665 = DIRECTION ( 'NONE',  ( -0.000000000000000000, 1.000000000000000000, -0.000000000000000000 ) ) ;
#3666 = VECTOR ( 'NONE', #254, 1000.000000000000000 ) ;
#3667 = EDGE_LOOP ( 'NONE', ( #3513, #3778, #2783, #1303, #3250, #3758, #521, #3966 ) ) ;
#3668 = EDGE_CURVE ( 'NONE', #3879, #533, #3326, .T. ) ;
#3669 = ADVANCED_FACE ( 'NONE', ( #339, #2225 ), #4370, .F. ) ;
#3670 = VERTEX_POINT ( 'NONE', #4589 ) ;
#3671 = FACE_OUTER_BOUND ( 'NONE', #3180, .T. ) ;
#3672 = CARTESIAN_POINT ( 'NONE',  ( 449.0000000000001137, -355.0000000000000000, 30.00000000000000000 ) ) ;
#3673 = CARTESIAN_POINT ( 'NONE',  ( 588.8229354840010501, -114.1071428571428186, 137.6048290678510284 ) ) ;
#3674 = ORIENTED_EDGE ( 'NONE', *, *, #1686, .T. ) ;
#3675 = EDGE_LOOP ( 'NONE', ( #3373, #3596, #597, #1904 ) ) ;
#3676 = PLANE ( 'NONE',  #649 ) ;
#3677 = DIRECTION ( 'NONE',  ( 1.227650459922048666E-16, -1.000000000000000000, 0.000000000000000000 ) ) ;
#3678 = VERTEX_POINT ( 'NONE', #421 ) ;
#3679 = DIRECTION ( 'NONE',  ( -1.000000000000000000, -3.227392513445221825E-16, 0.000000000000000000 ) ) ;
#3680 = ORIENTED_EDGE ( 'NONE', *, *, #3131, .F. ) ;
#3681 = EDGE_CURVE ( 'NONE', #3147, #239, #811, .T. ) ;
#3682 = APPROVAL ( #502, 'UNKNOWN' ) ;
#3683 = CARTESIAN_POINT ( 'NONE',  ( 33.00000000000007105, 290.0000000000000568, 27.00000000000000711 ) ) ;
#3684 = ORIENTED_EDGE ( 'NONE', *, *, #4409, .T. ) ;
#3685 = DIRECTION ( 'NONE',  ( 0.000000000000000000, 1.000000000000000000, 0.000000000000000000 ) ) ;
#3686 = COORDINATED_UNIVERSAL_TIME_OFFSET ( 8, 0, .AHEAD. ) ;
#3687 = PERSON_AND_ORGANIZATION_ROLE ( 'design_owner' ) ;
#3688 = PLANE ( 'NONE',  #1379 ) ;
#3689 = PLANE ( 'NONE',  #2579 ) ;
#3690 = PERSON_AND_ORGANIZATION ( #3556, #3381 ) ;
#3691 = DIRECTION ( 'NONE',  ( 0.000000000000000000, 0.000000000000000000, -1.000000000000000000 ) ) ;
#3692 = PERSON_AND_ORGANIZATION ( #3556, #3381 ) ;
#3693 = LINE ( 'NONE', #1668, #2863 ) ;
#3694 = CARTESIAN_POINT ( 'NONE',  ( 220.0000000000000000, -18.00000000000000000, 300.0000000000000568 ) ) ;
#3695 = ORIENTED_EDGE ( 'NONE', *, *, #1170, .F. ) ;
#3696 = VERTEX_POINT ( 'NONE', #2568 ) ;
#3697 = CARTESIAN_POINT ( 'NONE',  ( 219.9999999999999716, -690.0000000000000000, -440.5257864658614153 ) ) ;
#3698 = DIRECTION ( 'NONE',  ( -0.000000000000000000, -0.000000000000000000, -1.000000000000000000 ) ) ;
#3699 = EDGE_CURVE ( 'NONE', #2582, #3659, #4480, .T. ) ;
#3700 = AXIS2_PLACEMENT_3D ( 'NONE', #1150, #4463, #2235 ) ;
#3701 = CARTESIAN_POINT ( 'NONE',  ( 15.90000000000005720, 270.0000000000001137, 20.90000000000000213 ) ) ;
#3702 = ORIENTED_EDGE ( 'NONE', *, *, #2713, .T. ) ;
#3703 = ORIENTED_EDGE ( 'NONE', *, *, #109, .F. ) ;
#3704 = PERSON_AND_ORGANIZATION_ROLE ( 'creator' ) ;
#3705 = PLANE ( 'NONE',  #3608 ) ;
#3706 = CARTESIAN_POINT ( 'NONE',  ( 884.1000000000002501, -624.4999999999998863, 316.0000000000000000 ) ) ;
#3707 = EDGE_CURVE ( 'NONE', #1349, #2276, #4603, .T. ) ;
#3708 = ADVANCED_FACE ( 'NONE', ( #3498 ), #693, .F. ) ;
#3709 = CC_DESIGN_DATE_AND_TIME_ASSIGNMENT ( #1072, #3052, ( #72 ) ) ;
#3710 = CARTESIAN_POINT ( 'NONE',  ( 30.00000000000001776, -361.9999999999999432, 977.2001181334803732 ) ) ;
#3711 = DIRECTION ( 'NONE',  ( -0.000000000000000000, -0.000000000000000000, -1.000000000000000000 ) ) ;
#3712 = CALENDAR_DATE ( 2026, 5, 6 ) ;
#3713 = ADVANCED_FACE ( 'NONE', ( #2522, #1427 ), #4418, .F. ) ;
#3714 = VERTEX_POINT ( 'NONE', #3294 ) ;
#3715 = EDGE_CURVE ( 'NONE', #1069, #1850, #3655, .T. ) ;
#3716 = VERTEX_POINT ( 'NONE', #1930 ) ;
#3717 = VECTOR ( 'NONE', #1900, 1000.000000000000000 ) ;
#3718 = CYLINDRICAL_SURFACE ( 'NONE', #299, 8.000000000000007105 ) ;
#3719 = CARTESIAN_POINT ( 'NONE',  ( 15.90000000000005720, -353.5000000000000000, 15.90000000000000036 ) ) ;
#3720 = VERTEX_POINT ( 'NONE', #99 ) ;
#3721 = LINE ( 'NONE', #246, #3501 ) ;
#3722 = CARTESIAN_POINT ( 'NONE',  ( 0.000000000000000000, 0.000000000000000000, 119.0000000000000142 ) ) ;
#3723 = DIRECTION ( 'NONE',  ( 0.000000000000000000, 1.000000000000000000, 0.000000000000000000 ) ) ;
#3724 = MECHANICAL_CONTEXT ( 'NONE', #4036, 'mechanical' ) ;
#3725 = DIRECTION ( 'NONE',  ( 0.000000000000000000, -0.000000000000000000, 1.000000000000000000 ) ) ;
#3726 = ORIENTED_EDGE ( 'NONE', *, *, #4414, .T. ) ;
#3727 = VECTOR ( 'NONE', #381, 1000.000000000000000 ) ;
#3728 = VECTOR ( 'NONE', #1144, 1000.000000000000000 ) ;
#3729 = EDGE_CURVE ( 'NONE', #1297, #4377, #748, .T. ) ;
#3730 = VECTOR ( 'NONE', #3232, 1000.000000000000000 ) ;
#3731 = EDGE_CURVE ( 'NONE', #239, #3865, #2407, .T. ) ;
#3732 = LINE ( 'NONE', #404, #212 ) ;
#3733 = AXIS2_PLACEMENT_3D ( 'NONE', #3890, #2792, #627 ) ;
#3734 = DIRECTION ( 'NONE',  ( 0.000000000000000000, -1.000000000000000000, 0.000000000000000000 ) ) ;
#3735 = LINE ( 'NONE', #4247, #355 ) ;
#3736 = CIRCLE ( 'NONE', #4053, 15.00000000000000000 ) ;
#3737 = CARTESIAN_POINT ( 'NONE',  ( 8.673617379884035472E-14, -270.0000000000000000, 27.00000000000000355 ) ) ;
#3738 = ORIENTED_EDGE ( 'NONE', *, *, #500, .T. ) ;
#3739 = AXIS2_PLACEMENT_3D ( 'NONE', #4375, #1844, #1136 ) ;
#3740 = AXIS2_PLACEMENT_3D ( 'NONE', #4380, #3807, #3866 ) ;
#3741 = CARTESIAN_POINT ( 'NONE',  ( 30.00000000000001776, -361.9999999999999432, 20.00000000000000000 ) ) ;
#3742 = CARTESIAN_POINT ( 'NONE',  ( -6.450000000000001066, 7.898971854500429678E-16, 0.000000000000000000 ) ) ;
#3743 = APPROVAL_ROLE ( '' ) ;
#3744 = PLANE ( 'NONE',  #3835 ) ;
#3745 = VERTEX_POINT ( 'NONE', #3701 ) ;
#3746 = CARTESIAN_POINT ( 'NONE',  ( 15.90000000000005720, -290.0000000000000000, 15.90000000000000036 ) ) ;
#3747 = PERSON_AND_ORGANIZATION ( #950, #2543 ) ;
#3748 = EDGE_CURVE ( 'NONE', #2834, #3165, #3775, .T. ) ;
#3749 = VERTEX_POINT ( 'NONE', #2615 ) ;
#3750 = CALENDAR_DATE ( 2026, 5, 6 ) ;
#3751 = CARTESIAN_POINT ( 'NONE',  ( 15.90000000000005720, 353.5000000000000000, 22.40000000000000568 ) ) ;
#3752 = CARTESIAN_POINT ( 'NONE',  ( 15.90000000000005720, 353.5000000000000000, 15.90000000000000036 ) ) ;
#3753 = CARTESIAN_POINT ( 'NONE',  ( 15.00000000000008527, -355.0000000000000000, 15.00000000000000000 ) ) ;
#3754 = PERSON_AND_ORGANIZATION ( #3556, #3381 ) ;
#3755 = DIRECTION ( 'NONE',  ( -0.000000000000000000, 1.000000000000000000, -0.000000000000000000 ) ) ;
#3756 = CARTESIAN_POINT ( 'NONE',  ( 33.00000000000007816, 240.0000000000000284, 0.000000000000000000 ) ) ;
#3757 = EDGE_LOOP ( 'NONE', ( #927, #967, #115, #2500 ) ) ;
#3758 = ORIENTED_EDGE ( 'NONE', *, *, #688, .T. ) ;
#3759 = ORIENTED_EDGE ( 'NONE', *, *, #2895, .T. ) ;
#3760 = DIRECTION ( 'NONE',  ( 1.227650459922048666E-16, -1.000000000000000000, 0.000000000000000000 ) ) ;
#3761 = EDGE_LOOP ( 'NONE', ( #4257, #3032, #3948, #2111 ) ) ;
#3762 = ADVANCED_FACE ( 'NONE', ( #3389 ), #4127, .F. ) ;
#3763 = EDGE_CURVE ( 'NONE', #751, #3785, #3436, .T. ) ;
#3764 = AXIS2_PLACEMENT_3D ( 'NONE', #2462, #1334, #2427 ) ;
#3765 = FACE_OUTER_BOUND ( 'NONE', #2470, .T. ) ;
#3766 = PLANE ( 'NONE',  #736 ) ;
#3767 = ADVANCED_FACE ( 'NONE', ( #2827 ), #4186, .F. ) ;
#3768 = CARTESIAN_POINT ( 'NONE',  ( 13.20000000000000462, -624.5000000000000000, 316.7999999999999545 ) ) ;
#3769 = CARTESIAN_POINT ( 'NONE',  ( -28.00000000000005684, 240.0000000000000284, 27.00000000000000000 ) ) ;
#3770 = VECTOR ( 'NONE', #189, 1000.000000000000000 ) ;
#3771 = PRODUCT_RELATED_PRODUCT_CATEGORY ( 'detail', '', ( #3934 ) ) ;
#3772 = CARTESIAN_POINT ( 'NONE',  ( 5.200000000000002842, -65.49999999999995737, 300.0000000000000000 ) ) ;
#3773 = ADVANCED_FACE ( 'NONE', ( #1331, #1488 ), #859, .T. ) ;
#3774 = ORIENTED_EDGE ( 'NONE', *, *, #1180, .T. ) ;
#3775 = CIRCLE ( 'NONE', #4109, 6.450000000000001066 ) ;
#3776 = LINE ( 'NONE', #734, #3500 ) ;
#3777 = CARTESIAN_POINT ( 'NONE',  ( 15.90000000000005720, 353.5000000000000000, 9.399999999999995026 ) ) ;
#3778 = ORIENTED_EDGE ( 'NONE', *, *, #925, .T. ) ;
#3779 = LINE ( 'NONE', #2460, #2117 ) ;
#3780 = CARTESIAN_POINT ( 'NONE',  ( 22.00000000000000711, -575.0000000000000000, 324.7999999999999545 ) ) ;
#3781 = DIRECTION ( 'NONE',  ( 2.612425579928799129E-16, -1.000000000000000000, 0.000000000000000000 ) ) ;
#3782 = CIRCLE ( 'NONE', #1269, 5.049999999999998934 ) ;
#3783 = DIRECTION ( 'NONE',  ( -0.000000000000000000, 1.000000000000000000, -0.000000000000000000 ) ) ;
#3784 = CARTESIAN_POINT ( 'NONE',  ( 33.00000000000007816, 0.000000000000000000, 0.000000000000000000 ) ) ;
#3785 = VERTEX_POINT ( 'NONE', #505 ) ;
#3786 = CARTESIAN_POINT ( 'NONE',  ( 5.200000000000002842, -114.9999999999999574, 300.0000000000000000 ) ) ;
#3787 = PERSON_AND_ORGANIZATION_ROLE ( 'classification_officer' ) ;
#3788 = PLANE ( 'NONE',  #1629 ) ;
#3789 = FACE_OUTER_BOUND ( 'NONE', #1451, .T. ) ;
#3790 = CARTESIAN_POINT ( 'NONE',  ( 8.572527594031471730E-14, -355.0000000000000000, 15.00000000000000000 ) ) ;
#3791 = ORIENTED_EDGE ( 'NONE', *, *, #4273, .T. ) ;
#3792 = DIRECTION ( 'NONE',  ( -0.000000000000000000, 1.000000000000000000, -0.000000000000000000 ) ) ;
#3793 = ORIENTED_EDGE ( 'NONE', *, *, #2521, .F. ) ;
#3794 = CARTESIAN_POINT ( 'NONE',  ( 15.90000000000000036, -624.5000000000000000, 316.0000000000000000 ) ) ;
#3795 = AXIS2_PLACEMENT_3D ( 'NONE', #1641, #4551, #1672 ) ;
#3796 = DIRECTION ( 'NONE',  ( 0.000000000000000000, 0.000000000000000000, -1.000000000000000000 ) ) ;
#3797 = CARTESIAN_POINT ( 'NONE',  ( 30.00000000000002132, -343.9999999999999432, 300.0000000000000568 ) ) ;
#3798 = CARTESIAN_POINT ( 'NONE',  ( 30.00000000000000355, -18.00000000000000000, 20.00000000000001776 ) ) ;
#3799 = CARTESIAN_POINT ( 'NONE',  ( 0.000000000000000000, 0.000000000000000000, 0.000000000000000000 ) ) ;
#3800 = CARTESIAN_POINT ( 'NONE',  ( 13.20000000000000639, -624.5000000000000000, 324.7999999999999545 ) ) ;
#3801 = EDGE_CURVE ( 'NONE', #847, #1815, #2348, .T. ) ;
#3802 = CC_DESIGN_PERSON_AND_ORGANIZATION_ASSIGNMENT ( #63, #3179, ( #300 ) ) ;
#3803 = ORIENTED_EDGE ( 'NONE', *, *, #3504, .T. ) ;
#3804 = CARTESIAN_POINT ( 'NONE',  ( 33.00000000000007816, 290.0000000000000568, -26.84171144931213604 ) ) ;
#3805 = COORDINATED_UNIVERSAL_TIME_OFFSET ( 8, 0, .AHEAD. ) ;
#3806 = DIRECTION ( 'NONE',  ( 0.000000000000000000, 0.000000000000000000, 1.000000000000000000 ) ) ;
#3807 = DIRECTION ( 'NONE',  ( 1.000000000000000000, 0.000000000000000000, 1.288758049684149971E-16 ) ) ;
#3808 = ORIENTED_EDGE ( 'NONE', *, *, #2357, .T. ) ;
#3809 = DIRECTION ( 'NONE',  ( 0.000000000000000000, 0.000000000000000000, -1.000000000000000000 ) ) ;
#3810 = VERTEX_POINT ( 'NONE', #882 ) ;
#3811 = EDGE_CURVE ( 'NONE', #3437, #3376, #2167, .T. ) ;
#3812 = DATE_TIME_ROLE ( 'classification_date' ) ;
#3813 = CALENDAR_DATE ( 2026, 5, 6 ) ;
#3814 = ADVANCED_FACE ( 'NONE', ( #3152, #1214 ), #1259, .F. ) ;
#3815 = CARTESIAN_POINT ( 'NONE',  ( 869.9999999999998863, -667.9999999999998863, 2.000000000000000000 ) ) ;
#3816 = LINE ( 'NONE', #1833, #248 ) ;
#3817 = CARTESIAN_POINT ( 'NONE',  ( 22.00000000000000711, -575.0000000000000000, 324.7999999999999545 ) ) ;
#3818 = COORDINATED_UNIVERSAL_TIME_OFFSET ( 8, 0, .AHEAD. ) ;
#3819 = LINE ( 'NONE', #2600, #2736 ) ;
#3820 = EDGE_CURVE ( 'NONE', #3405, #3278, #4010, .T. ) ;
#3821 = LINE ( 'NONE', #3843, #1413 ) ;
#3822 = CARTESIAN_POINT ( 'NONE',  ( 15.90000000000005720, 353.5000000000000000, 22.40000000000000568 ) ) ;
#3823 = ORIENTED_EDGE ( 'NONE', *, *, #1923, .T. ) ;
#3824 = EDGE_CURVE ( 'NONE', #640, #3670, #208, .T. ) ;
#3825 = DIRECTION ( 'NONE',  ( -0.000000000000000000, -0.000000000000000000, -1.000000000000000000 ) ) ;
#3826 = VECTOR ( 'NONE', #4671, 1000.000000000000000 ) ;
#3827 = EDGE_LOOP ( 'NONE', ( #2697, #571, #3803, #4403, #409, #4233 ) ) ;
#3828 = EDGE_CURVE ( 'NONE', #890, #2504, #90, .T. ) ;
#3829 = DIRECTION ( 'NONE',  ( -0.000000000000000000, -1.000000000000000000, -0.000000000000000000 ) ) ;
#3830 = LINE ( 'NONE', #872, #2876 ) ;
#3831 = CARTESIAN_POINT ( 'NONE',  ( 878.0000000000002274, -624.4999999999998863, 324.7999999999999545 ) ) ;
#3832 = PERSON_AND_ORGANIZATION ( #3556, #3381 ) ;
#3833 = DIRECTION ( 'NONE',  ( 1.000000000000000000, 0.000000000000000000, 0.000000000000000000 ) ) ;
#3834 = EDGE_CURVE ( 'NONE', #3745, #1929, #1932, .T. ) ;
#3835 = AXIS2_PLACEMENT_3D ( 'NONE', #1542, #4475, #70 ) ;
#3836 = AXIS2_PLACEMENT_3D ( 'NONE', #1522, #2249, #39 ) ;
#3837 = ORIENTED_EDGE ( 'NONE', *, *, #3081, .T. ) ;
#3838 = CIRCLE ( 'NONE', #4522, 5.049999999999998934 ) ;
#3839 = ADVANCED_FACE ( 'NONE', ( #1375 ), #758, .F. ) ;
#3840 = VECTOR ( 'NONE', #4437, 1000.000000000000000 ) ;
#3841 = ORIENTED_EDGE ( 'NONE', *, *, #1128, .F. ) ;
#3842 = DIRECTION ( 'NONE',  ( 0.000000000000000000, 0.000000000000000000, -1.000000000000000000 ) ) ;
#3843 = CARTESIAN_POINT ( 'NONE',  ( 202.0000000000000853, -361.9999999999998863, 20.00000000000000000 ) ) ;
#3844 = DIRECTION ( 'NONE',  ( 0.000000000000000000, 0.000000000000000000, -1.000000000000000000 ) ) ;
#3845 = EDGE_CURVE ( 'NONE', #3278, #2042, #915, .T. ) ;
#3846 = DATE_TIME_ROLE ( 'classification_date' ) ;
#3847 = CC_DESIGN_SECURITY_CLASSIFICATION ( #3443, ( #1153 ) ) ;
#3848 = ORIENTED_EDGE ( 'NONE', *, *, #3974, .T. ) ;
#3849 = FACE_OUTER_BOUND ( 'NONE', #4135, .T. ) ;
#3850 = CIRCLE ( 'NONE', #2630, 5.049999999999998934 ) ;
#3851 = CARTESIAN_POINT ( 'NONE',  ( 870.0000000000000000, -18.00000000000000000, 300.0000000000000000 ) ) ;
#3852 = VECTOR ( 'NONE', #281, 1000.000000000000000 ) ;
#3853 = DIRECTION ( 'NONE',  ( 1.000000000000000000, 0.000000000000000000, 0.000000000000000000 ) ) ;
#3854 = VECTOR ( 'NONE', #154, 1000.000000000000000 ) ;
#3855 = EDGE_CURVE ( 'NONE', #3041, #2569, #270, .T. ) ;
#3856 = ORIENTED_EDGE ( 'NONE', *, *, #3324, .F. ) ;
#3857 = CARTESIAN_POINT ( 'NONE',  ( 870.0000000000001137, -361.9999999999998295, 20.00000000000000000 ) ) ;
#3858 = DIRECTION ( 'NONE',  ( -0.000000000000000000, -1.000000000000000000, -0.000000000000000000 ) ) ;
#3859 = LINE ( 'NONE', #3851, #1622 ) ;
#3860 = CARTESIAN_POINT ( 'NONE',  ( 0.000000000000000000, 0.000000000000000000, 20.00000000000000000 ) ) ;
#3861 = ORIENTED_EDGE ( 'NONE', *, *, #2497, .T. ) ;
#3862 = CARTESIAN_POINT ( 'NONE',  ( 8.572527594031471730E-14, 355.0000000000000000, 30.00000000000000000 ) ) ;
#3863 = EDGE_CURVE ( 'NONE', #2114, #3810, #30, .T. ) ;
#3864 = DIRECTION ( 'NONE',  ( 0.000000000000000000, 0.000000000000000000, -1.000000000000000000 ) ) ;
#3865 = VERTEX_POINT ( 'NONE', #4163 ) ;
#3866 = DIRECTION ( 'NONE',  ( 1.288758049684149971E-16, 0.000000000000000000, -1.000000000000000000 ) ) ;
#3867 = ORIENTED_EDGE ( 'NONE', *, *, #801, .F. ) ;
#3868 = CARTESIAN_POINT ( 'NONE',  ( 202.0000000000000853, -361.9999999999998863, 20.00000000000000000 ) ) ;
#3869 = AXIS2_PLACEMENT_3D ( 'NONE', #3297, #1078, #1827 ) ;
#3870 = CALENDAR_DATE ( 2026, 5, 6 ) ;
#3871 = CARTESIAN_POINT ( 'NONE',  ( 680.0000000000001137, -690.0000000000000000, -440.5257864658614153 ) ) ;
#3872 = DIRECTION ( 'NONE',  ( 0.000000000000000000, 1.000000000000000000, 0.000000000000000000 ) ) ;
#3873 = APPROVAL_PERSON_ORGANIZATION ( #3022, #3682, #2577 ) ;
#3874 = APPROVAL ( #1892, '未指定' ) ;
#3875 = CARTESIAN_POINT ( 'NONE',  ( 15.90000000000005720, -551.0000000000004547, 15.90000000000000036 ) ) ;
#3876 = CALENDAR_DATE ( 2026, 5, 6 ) ;
#3877 = FACE_OUTER_BOUND ( 'NONE', #2056, .T. ) ;
#3878 = EDGE_LOOP ( 'NONE', ( #1288, #2021, #3484, #2797, #4009 ) ) ;
#3879 = VERTEX_POINT ( 'NONE', #3800 ) ;
#3880 = AXIS2_PLACEMENT_3D ( 'NONE', #3580, #1397, #2570 ) ;
#3881 = CARTESIAN_POINT ( 'NONE',  ( 15.00000000000008527, 0.000000000000000000, 0.000000000000000000 ) ) ;
#3882 = CARTESIAN_POINT ( 'NONE',  ( 0.000000000000000000, 0.000000000000000000, 120.0000000000000000 ) ) ;
#3883 = CARTESIAN_POINT ( 'NONE',  ( 15.90000000000005720, -353.5000000000000000, 20.90000000000000213 ) ) ;
#3884 = ORIENTED_EDGE ( 'NONE', *, *, #2640, .F. ) ;
#3885 = CARTESIAN_POINT ( 'NONE',  ( 30.00000000000008171, -667.9999999999998863, 2.000000000000000000 ) ) ;
#3886 = DIRECTION ( 'NONE',  ( -0.000000000000000000, 1.000000000000000000, -0.000000000000000000 ) ) ;
#3887 = VECTOR ( 'NONE', #2187, 1000.000000000000000 ) ;
#3888 = CARTESIAN_POINT ( 'NONE',  ( 894.8000000000000682, -65.49999999999984368, 316.7999999999999545 ) ) ;
#3889 = ORIENTED_EDGE ( 'NONE', *, *, #2967, .F. ) ;
#3890 = CARTESIAN_POINT ( 'NONE',  ( 15.90000000000005720, -353.5000000000000000, 15.90000000000000036 ) ) ;
#3891 = AXIS2_PLACEMENT_3D ( 'NONE', #1866, #396, #1158 ) ;
#3892 = AXIS2_PLACEMENT_3D ( 'NONE', #3768, #2691, #2811 ) ;
#3893 = EDGE_LOOP ( 'NONE', ( #524, #3292, #2722, #4597 ) ) ;
#3894 = DIRECTION ( 'NONE',  ( 0.000000000000000000, 0.000000000000000000, -1.000000000000000000 ) ) ;
#3895 = CIRCLE ( 'NONE', #1302, 5.000000000000000888 ) ;
#3896 = VERTEX_POINT ( 'NONE', #2666 ) ;
#3897 = DIRECTION ( 'NONE',  ( 0.000000000000000000, 0.000000000000000000, 1.000000000000000000 ) ) ;
#3898 = CARTESIAN_POINT ( 'NONE',  ( 15.90000000000005720, -219.9999999999999716, 15.90000000000000036 ) ) ;
#3899 = CARTESIAN_POINT ( 'NONE',  ( 449.0000000000001137, 355.0000000000000000, 30.00000000000000000 ) ) ;
#3900 = PLANE ( 'NONE',  #1238 ) ;
#3901 = EDGE_CURVE ( 'NONE', #890, #4322, #1875, .T. ) ;
#3902 = LINE ( 'NONE', #1934, #2408 ) ;
#3903 = AXIS2_PLACEMENT_3D ( 'NONE', #976, #2071, #243 ) ;
#3904 = AXIS2_PLACEMENT_3D ( 'NONE', #2677, #1795, #708 ) ;
#3905 = EDGE_LOOP ( 'NONE', ( #1540, #3642, #3310, #3029 ) ) ;
#3906 = VECTOR ( 'NONE', #1091, 1000.000000000000000 ) ;
#3907 = CIRCLE ( 'NONE', #4696, 6.500000000000005329 ) ;
#3908 = EDGE_CURVE ( 'NONE', #1235, #1914, #1281, .T. ) ;
#3909 = CC_DESIGN_PERSON_AND_ORGANIZATION_ASSIGNMENT ( #1127, #2381, ( #199 ) ) ;
#3910 = LINE ( 'NONE', #1384, #3852 ) ;
#3911 = EDGE_LOOP ( 'NONE', ( #2008, #4729, #1959, #800 ) ) ;
#3912 = DIRECTION ( 'NONE',  ( 0.000000000000000000, -1.000000000000000000, 0.000000000000000000 ) ) ;
#3913 = DIRECTION ( 'NONE',  ( -0.000000000000000000, 1.000000000000000000, -0.000000000000000000 ) ) ;
#3914 = VECTOR ( 'NONE', #4487, 1000.000000000000000 ) ;
#3915 = DIRECTION ( 'NONE',  ( 1.000000000000000000, 0.000000000000000000, 0.000000000000000000 ) ) ;
#3916 = ORIENTED_EDGE ( 'NONE', *, *, #2510, .F. ) ;
#3917 = CARTESIAN_POINT ( 'NONE',  ( 15.90000000000000036, -575.0000000000000000, 316.0000000000000000 ) ) ;
#3918 = CARTESIAN_POINT ( 'NONE',  ( 30.00000000000005329, -18.00000000000000000, -0.000000000000000000 ) ) ;
#3919 = ORIENTED_EDGE ( 'NONE', *, *, #123, .T. ) ;
#3920 = DIRECTION ( 'NONE',  ( -0.000000000000000000, 1.000000000000000000, -0.000000000000000000 ) ) ;
#3921 = ORIENTED_EDGE ( 'NONE', *, *, #509, .T. ) ;
#3922 = CARTESIAN_POINT ( 'NONE',  ( 4.000000000000017764, 5.510910596163100402E-16, 120.0000000000000000 ) ) ;
#3923 = EDGE_CURVE ( 'NONE', #1864, #1747, #3838, .T. ) ;
#3924 = DIRECTION ( 'NONE',  ( 0.000000000000000000, 0.000000000000000000, -1.000000000000000000 ) ) ;
#3925 =( NAMED_UNIT ( * ) PLANE_ANGLE_UNIT ( ) SI_UNIT ( $, .RADIAN. ) );
#3926 = COORDINATED_UNIVERSAL_TIME_OFFSET ( 8, 0, .AHEAD. ) ;
#3927 = DIRECTION ( 'NONE',  ( 0.000000000000000000, 0.000000000000000000, 1.000000000000000000 ) ) ;
#3928 = EDGE_CURVE ( 'NONE', #1025, #2660, #152, .T. ) ;
#3929 = AXIS2_PLACEMENT_3D ( 'NONE', #1081, #3629, #3641 ) ;
#3930 = AXIS2_PLACEMENT_3D ( 'NONE', #3898, #595, #1370 ) ;
#3931 = ORIENTED_EDGE ( 'NONE', *, *, #3075, .F. ) ;
#3932 = FACE_OUTER_BOUND ( 'NONE', #1790, .T. ) ;
#3933 = UNCERTAINTY_MEASURE_WITH_UNIT (LENGTH_MEASURE( 1.000000000000000082E-05 ), #4203, 'distance_accuracy_value', 'NONE');
#3934 = PRODUCT ( '定位销', '定位销', '', ( #480 ) ) ;
#3935 = ADVANCED_FACE ( 'NONE', ( #3849, #1879 ), #846, .T. ) ;
#3936 = CARTESIAN_POINT ( 'NONE',  ( 15.90000000000005720, 355.0000000000000000, 22.40000000000000568 ) ) ;
#3937 = DIRECTION ( 'NONE',  ( -1.288758049684149971E-16, 0.000000000000000000, 1.000000000000000000 ) ) ;
#3938 = ADVANCED_FACE ( 'NONE', ( #3957 ), #3766, .F. ) ;
#3939 = ITEM_DEFINED_TRANSFORMATION ( 'NONE', 'NONE', #369,  #779 ) ;
#3940 = EDGE_CURVE ( 'NONE', #1850, #2558, #922, .T. ) ;
#3941 = PERSON_AND_ORGANIZATION ( #3556, #3381 ) ;
#3942 = PRODUCT_DEFINITION_FORMATION_WITH_SPECIFIED_SOURCE ( '任何', '', #2903, .NOT_KNOWN. ) ;
#3943 = FACE_OUTER_BOUND ( 'NONE', #4587, .T. ) ;
#3944 = ORIENTED_EDGE ( 'NONE', *, *, #408, .F. ) ;
#3945 = ORIENTED_EDGE ( 'NONE', *, *, #1716, .T. ) ;
#3946 = ORIENTED_EDGE ( 'NONE', *, *, #3901, .F. ) ;
#3947 = DATE_AND_TIME ( #2217, #4175 ) ;
#3948 = ORIENTED_EDGE ( 'NONE', *, *, #1691, .F. ) ;
#3949 = DIRECTION ( 'NONE',  ( 0.000000000000000000, 0.000000000000000000, 1.000000000000000000 ) ) ;
#3950 = EDGE_LOOP ( 'NONE', ( #328, #1726 ) ) ;
#3951 = LINE ( 'NONE', #3697, #963 ) ;
#3952 = SHAPE_REPRESENTATION_RELATIONSHIP ( 'NONE' , 'NONE' ,  #3187, #3087 ) ;
#3953 = CARTESIAN_POINT ( 'NONE',  ( 8.572527594031471730E-14, 355.0000000000000000, 30.00000000000000000 ) ) ;
#3954 = CARTESIAN_POINT ( 'NONE',  ( 15.90000000000005720, -551.0000000000004547, 10.90000000000000036 ) ) ;
#3955 = ADVANCED_FACE ( 'NONE', ( #2232 ), #3444, .F. ) ;
#3956 = ADVANCED_FACE ( 'NONE', ( #1036 ), #4196, .F. ) ;
#3957 = FACE_OUTER_BOUND ( 'NONE', #4536, .T. ) ;
#3958 = FACE_OUTER_BOUND ( 'NONE', #3158, .T. ) ;
#3959 = DIRECTION ( 'NONE',  ( 0.000000000000000000, 0.000000000000000000, -1.000000000000000000 ) ) ;
#3960 = ORIENTED_EDGE ( 'NONE', *, *, #1770, .T. ) ;
#3961 = DIRECTION ( 'NONE',  ( 0.000000000000000000, 0.000000000000000000, -1.000000000000000000 ) ) ;
#3962 = VERTEX_POINT ( 'NONE', #3888 ) ;
#3963 = DIRECTION ( 'NONE',  ( -1.000000000000000000, -2.612425579928799129E-16, 0.000000000000000000 ) ) ;
#3964 = LINE ( 'NONE', #2662, #806 ) ;
#3965 = CARTESIAN_POINT ( 'NONE',  ( 13.20000000000000639, -575.0000000000000000, 324.7999999999999545 ) ) ;
#3966 = ORIENTED_EDGE ( 'NONE', *, *, #3131, .T. ) ;
#3967 = ORIENTED_EDGE ( 'NONE', *, *, #4238, .F. ) ;
#3968 = AXIS2_PLACEMENT_3D ( 'NONE', #3917, #4628, #206 ) ;
#3969 = LINE ( 'NONE', #4675, #4663 ) ;
#3970 = PRODUCT_DEFINITION_FORMATION_WITH_SPECIFIED_SOURCE ( '任何', '', #3934, .NOT_KNOWN. ) ;
#3971 = ORIENTED_EDGE ( 'NONE', *, *, #1658, .F. ) ;
#3972 = LINE ( 'NONE', #3798, #1051 ) ;
#3973 = VECTOR ( 'NONE', #3894, 1000.000000000000000 ) ;
#3974 = EDGE_CURVE ( 'NONE', #3962, #751, #4071, .T. ) ;
#3975 = EDGE_LOOP ( 'NONE', ( #3370, #340 ) ) ;
#3976 = ORIENTED_EDGE ( 'NONE', *, *, #1180, .F. ) ;
#3977 = VECTOR ( 'NONE', #2726, 1000.000000000000000 ) ;
#3978 = CARTESIAN_POINT ( 'NONE',  ( 8.572527594031471730E-14, 290.0000000000000568, 30.00000000000000000 ) ) ;
#3979 = ORIENTED_EDGE ( 'NONE', *, *, #3588, .F. ) ;
#3980 = CARTESIAN_POINT ( 'NONE',  ( 8.572527594031471730E-14, 355.0000000000000000, 15.00000000000000000 ) ) ;
#3981 = EDGE_CURVE ( 'NONE', #42, #1747, #578, .T. ) ;
#3982 = DIRECTION ( 'NONE',  ( -1.000000000000000000, -2.612425579928799129E-16, 0.000000000000000000 ) ) ;
#3983 = LOCAL_TIME ( 9, 9, 43.00000000000000000, #3233 ) ;
#3984 = ADVANCED_FACE ( 'NONE', ( #3333 ), #2599, .T. ) ;
#3985 = PLANE ( 'NONE',  #4727 ) ;
#3986 = DIRECTION ( 'NONE',  ( -1.000000000000000000, 0.000000000000000000, 0.000000000000000000 ) ) ;
#3987 = EDGE_CURVE ( 'NONE', #1216, #1563, #3104, .T. ) ;
#3988 = EDGE_CURVE ( 'NONE', #233, #4384, #1155, .T. ) ;
#3989 = CONTEXT_DEPENDENT_SHAPE_REPRESENTATION ( #824, #2346 ) ;
#3990 = PLANE ( 'NONE',  #4276 ) ;
#3991 = PERSON_AND_ORGANIZATION ( #3556, #3381 ) ;
#3992 = EDGE_CURVE ( 'NONE', #3213, #2324, #4702, .T. ) ;
#3993 = DIRECTION ( 'NONE',  ( -0.000000000000000000, -0.000000000000000000, -1.000000000000000000 ) ) ;
#3994 = ORIENTED_EDGE ( 'NONE', *, *, #3344, .T. ) ;
#3995 = DIRECTION ( 'NONE',  ( 3.039434435553859299E-16, -1.000000000000000000, 0.000000000000000000 ) ) ;
#3996 = ORIENTED_EDGE ( 'NONE', *, *, #622, .F. ) ;
#3997 = VECTOR ( 'NONE', #2972, 1000.000000000000000 ) ;
#3998 = EDGE_CURVE ( 'NONE', #732, #320, #4369, .T. ) ;
#3999 = DIRECTION ( 'NONE',  ( 0.000000000000000000, -1.000000000000000000, 0.000000000000000000 ) ) ;
#4000 = EDGE_LOOP ( 'NONE', ( #2919, #2887, #845, #1791 ) ) ;
#4001 = LINE ( 'NONE', #365, #4526 ) ;
#4002 = DIRECTION ( 'NONE',  ( -0.000000000000000000, 1.000000000000000000, -0.000000000000000000 ) ) ;
#4003 = ORIENTED_EDGE ( 'NONE', *, *, #3024, .F. ) ;
#4004 = DIRECTION ( 'NONE',  ( 0.000000000000000000, 0.000000000000000000, 1.000000000000000000 ) ) ;
#4005 = DIRECTION ( 'NONE',  ( 0.7494824338654334506, 1.282588364357330492E-32, -0.6620242301661973805 ) ) ;
#4006 = DIRECTION ( 'NONE',  ( -1.000000000000000000, 0.000000000000000000, -1.137523590804461357E-16 ) ) ;
#4007 = ORIENTED_EDGE ( 'NONE', *, *, #3088, .T. ) ;
#4008 = PLANE ( 'NONE',  #2896 ) ;
#4009 = ORIENTED_EDGE ( 'NONE', *, *, #1142, .F. ) ;
#4010 = LINE ( 'NONE', #277, #3048 ) ;
#4011 = ORIENTED_EDGE ( 'NONE', *, *, #3117, .F. ) ;
#4012 = CIRCLE ( 'NONE', #1858, 5.000000000000000000 ) ;
#4013 = VERTEX_POINT ( 'NONE', #4075 ) ;
#4014 = EDGE_LOOP ( 'NONE', ( #4399, #4231, #3492, #3106 ) ) ;
#4015 = EDGE_CURVE ( 'NONE', #3696, #1145, #3964, .T. ) ;
#4016 = VECTOR ( 'NONE', #661, 1000.000000000000000 ) ;
#4017 = FACE_OUTER_BOUND ( 'NONE', #2022, .T. ) ;
#4018 = AXIS2_PLACEMENT_3D ( 'NONE', #258, #1065, #3234 ) ;
#4019 = DIRECTION ( 'NONE',  ( 0.000000000000000000, 0.000000000000000000, 1.000000000000000000 ) ) ;
#4020 = DIRECTION ( 'NONE',  ( 0.000000000000000000, 0.000000000000000000, -1.000000000000000000 ) ) ;
#4021 = DIRECTION ( 'NONE',  ( -0.000000000000000000, -1.000000000000000000, -0.000000000000000000 ) ) ;
#4022 = ORIENTED_EDGE ( 'NONE', *, *, #4703, .F. ) ;
#4023 = ORIENTED_EDGE ( 'NONE', *, *, #3845, .F. ) ;
#4024 = FACE_OUTER_BOUND ( 'NONE', #2319, .T. ) ;
#4025 = FACE_OUTER_BOUND ( 'NONE', #4582, .T. ) ;
#4026 = CARTESIAN_POINT ( 'NONE',  ( 449.0000000000001137, 355.0000000000000000, 0.000000000000000000 ) ) ;
#4027 = APPROVAL ( #249, '未指定' ) ;
#4028 = FACE_OUTER_BOUND ( 'NONE', #825, .T. ) ;
#4029 = ORIENTED_EDGE ( 'NONE', *, *, #4299, .T. ) ;
#4030 = DIRECTION ( 'NONE',  ( -1.708035422500241173E-16, 1.000000000000000000, -0.000000000000000000 ) ) ;
#4031 = DIRECTION ( 'NONE',  ( -0.000000000000000000, 0.000000000000000000, 1.000000000000000000 ) ) ;
#4032 = PRODUCT_DEFINITION_SHAPE ( 'NONE', 'NONE',  #3226 ) ;
#4033 = ORIENTED_EDGE ( 'NONE', *, *, #2576, .F. ) ;
#4034 = ORIENTED_EDGE ( 'NONE', *, *, #3928, .F. ) ;
#4035 = ORIENTED_EDGE ( 'NONE', *, *, #1460, .F. ) ;
#4036 = APPLICATION_CONTEXT ( 'configuration controlled 3d designs of mechanical parts and assemblies' ) ;
#4037 = APPROVAL_PERSON_ORGANIZATION ( #3747, #1028, #4559 ) ;
#4038 = VECTOR ( 'NONE', #4441, 1000.000000000000000 ) ;
#4039 = CARTESIAN_POINT ( 'NONE',  ( 30.00000000000000355, -18.00000000000000000, 20.00000000000001776 ) ) ;
#4040 = CARTESIAN_POINT ( 'NONE',  ( 15.00000000000008527, 0.000000000000000000, 0.000000000000000000 ) ) ;
#4041 = ORIENTED_EDGE ( 'NONE', *, *, #3429, .F. ) ;
#4042 = ITEM_DEFINED_TRANSFORMATION ( 'NONE', 'NONE', #624,  #779 ) ;
#4043 = ORIENTED_EDGE ( 'NONE', *, *, #3425, .F. ) ;
#4044 = APPROVAL_DATE_TIME ( #443, #3358 ) ;
#4045 = DIRECTION ( 'NONE',  ( 1.000000000000000000, 0.000000000000000000, 1.137523590804461357E-16 ) ) ;
#4046 = AXIS2_PLACEMENT_3D ( 'NONE', #4709, #1073, #1022 ) ;
#4047 = AXIS2_PLACEMENT_3D ( 'NONE', #3459, #3135, #1316 ) ;
#4048 = ORIENTED_EDGE ( 'NONE', *, *, #3491, .T. ) ;
#4049 = LOCAL_TIME ( 9, 9, 43.00000000000000000, #1798 ) ;
#4050 = APPROVAL_STATUS ( 'not_yet_approved' ) ;
#4051 = CARTESIAN_POINT ( 'NONE',  ( 33.00000000000007816, -220.0000000000000000, 0.000000000000000000 ) ) ;
#4052 = DIRECTION ( 'NONE',  ( 0.000000000000000000, 0.000000000000000000, -1.000000000000000000 ) ) ;
#4053 = AXIS2_PLACEMENT_3D ( 'NONE', #4591, #2743, #135 ) ;
#4054 = CC_DESIGN_APPROVAL ( #3561, ( #3226 ) ) ;
#4055 = LINE ( 'NONE', #777, #75 ) ;
#4056 = CARTESIAN_POINT ( 'NONE',  ( 870.0000000000000000, -18.00000000000000000, 300.0000000000000000 ) ) ;
#4057 = DIRECTION ( 'NONE',  ( 1.708035422500241173E-16, -1.000000000000000000, 0.000000000000000000 ) ) ;
#4058 = ORIENTED_EDGE ( 'NONE', *, *, #4181, .F. ) ;
#4059 = EDGE_CURVE ( 'NONE', #3716, #1915, #4599, .T. ) ;
#4060 = CARTESIAN_POINT ( 'NONE',  ( 202.0000000000000853, -361.9999999999998863, 977.2001181334803732 ) ) ;
#4061 = FACE_OUTER_BOUND ( 'NONE', #3503, .T. ) ;
#4062 = APPROVAL_ROLE ( '' ) ;
#4063 = ORIENTED_EDGE ( 'NONE', *, *, #3117, .T. ) ;
#4064 = PERSON_AND_ORGANIZATION_ROLE ( 'creator' ) ;
#4065 = DIRECTION ( 'NONE',  ( 0.000000000000000000, 0.000000000000000000, 1.000000000000000000 ) ) ;
#4066 = CARTESIAN_POINT ( 'NONE',  ( 0.000000000000000000, 0.000000000000000000, 20.00000000000000000 ) ) ;
#4067 = VECTOR ( 'NONE', #2809, 1000.000000000000000 ) ;
#4068 = ORIENTED_EDGE ( 'NONE', *, *, #3981, .T. ) ;
#4069 = CARTESIAN_POINT ( 'NONE',  ( -28.00000000000005684, -290.0000000000000000, 27.00000000000000000 ) ) ;
#4070 = ORIENTED_EDGE ( 'NONE', *, *, #1568, .T. ) ;
#4071 = CIRCLE ( 'NONE', #983, 8.000000000000007105 ) ;
#4072 = LINE ( 'NONE', #636, #348 ) ;
#4073 = EDGE_CURVE ( 'NONE', #3213, #1025, #1378, .T. ) ;
#4074 = EDGE_CURVE ( 'NONE', #3714, #3188, #2754, .T. ) ;
#4075 = CARTESIAN_POINT ( 'NONE',  ( 8.500145032286354763E-14, 270.0000000000000568, 15.00000000000000000 ) ) ;
#4076 = DIRECTION ( 'NONE',  ( -4.270088556250602932E-17, 1.000000000000000000, -0.000000000000000000 ) ) ;
#4077 = CARTESIAN_POINT ( 'NONE',  ( 0.000000000000000000, 0.000000000000000000, 300.0000000000000000 ) ) ;
#4078 = ADVANCED_FACE ( 'NONE', ( #1495 ), #113, .T. ) ;
#4079 = FACE_BOUND ( 'NONE', #1799, .T. ) ;
#4080 = VECTOR ( 'NONE', #59, 1000.000000000000000 ) ;
#4081 = CIRCLE ( 'NONE', #2257, 5.000000000000000888 ) ;
#4082 = FACE_OUTER_BOUND ( 'NONE', #3275, .T. ) ;
#4083 = AXIS2_PLACEMENT_3D ( 'NONE', #3772, #2699, #1249 ) ;
#4084 = APPLICATION_PROTOCOL_DEFINITION ( 'international standard', 'config_control_design', 1994, #4394 ) ;
#4085 = ORIENTED_EDGE ( 'NONE', *, *, #329, .T. ) ;
#4086 = DIRECTION ( 'NONE',  ( 1.000000000000000000, 0.000000000000000000, 0.000000000000000000 ) ) ;
#4087 = ORIENTED_EDGE ( 'NONE', *, *, #500, .F. ) ;
#4088 = EDGE_CURVE ( 'NONE', #2558, #807, #2116, .T. ) ;
#4089 = PRODUCT_RELATED_PRODUCT_CATEGORY ( 'detail', '', ( #2903 ) ) ;
#4090 = EDGE_CURVE ( 'NONE', #2073, #680, #4708, .T. ) ;
#4091 = ORIENTED_EDGE ( 'NONE', *, *, #366, .T. ) ;
#4092 = DIRECTION ( 'NONE',  ( 0.000000000000000000, 0.000000000000000000, 1.000000000000000000 ) ) ;
#4093 = CALENDAR_DATE ( 2026, 5, 6 ) ;
#4094 = CARTESIAN_POINT ( 'NONE',  ( 13.20000000000000462, -114.9999999999999574, 316.7999999999999545 ) ) ;
#4095 = ORIENTED_EDGE ( 'NONE', *, *, #1043, .F. ) ;
#4096 = CARTESIAN_POINT ( 'NONE',  ( 0.000000000000000000, 0.000000000000000000, 119.0000000000000142 ) ) ;
#4097 = DIRECTION ( 'NONE',  ( -0.000000000000000000, 1.000000000000000000, -0.000000000000000000 ) ) ;
#4098 = DIRECTION ( 'NONE',  ( 0.000000000000000000, 0.000000000000000000, -1.000000000000000000 ) ) ;
#4099 = ORGANIZATION ( 'NAUO-ORG1', 'UNSPECIFIED', 'UNSPECIFIED' ) ;
#4100 = DATE_TIME_ROLE ( 'classification_date' ) ;
#4101 = DIRECTION ( 'NONE',  ( 0.000000000000000000, 1.000000000000000000, -0.000000000000000000 ) ) ;
#4102 = DIRECTION ( 'NONE',  ( 0.000000000000000000, -0.000000000000000000, 1.000000000000000000 ) ) ;
#4103 = LOCAL_TIME ( 9, 9, 43.00000000000000000, #318 ) ;
#4104 = CYLINDRICAL_SURFACE ( 'NONE', #3349, 8.000000000000007105 ) ;
#4105 = VERTEX_POINT ( 'NONE', #3815 ) ;
#4106 = VERTEX_POINT ( 'NONE', #2330 ) ;
#4107 = DIRECTION ( 'NONE',  ( -0.000000000000000000, -1.000000000000000000, -0.000000000000000000 ) ) ;
#4108 = CARTESIAN_POINT ( 'NONE',  ( 33.00000000000007105, -290.0000000000000000, 27.00000000000000711 ) ) ;
#4109 = AXIS2_PLACEMENT_3D ( 'NONE', #62, #1888, #3380 ) ;
#4110 = CARTESIAN_POINT ( 'NONE',  ( 33.00000000000007816, 0.000000000000000000, 0.000000000000000000 ) ) ;
#4111 = ORIENTED_EDGE ( 'NONE', *, *, #600, .T. ) ;
#4112 = ADVANCED_FACE ( 'NONE', ( #1771 ), #3159, .F. ) ;
#4113 = CARTESIAN_POINT ( 'NONE',  ( 13.20000000000000639, -65.49999999999995737, 324.7999999999999545 ) ) ;
#4114 = ADVANCED_FACE ( 'NONE', ( #4476 ), #188, .F. ) ;
#4115 = ORIENTED_EDGE ( 'NONE', *, *, #3075, .T. ) ;
#4116 = PERSON_AND_ORGANIZATION_ROLE ( 'classification_officer' ) ;
#4117 = CARTESIAN_POINT ( 'NONE',  ( 15.00000000000008527, 355.0000000000000000, 15.00000000000000000 ) ) ;
#4118 = CC_DESIGN_PERSON_AND_ORGANIZATION_ASSIGNMENT ( #3251, #3037, ( #1745 ) ) ;
#4119 = VERTEX_POINT ( 'NONE', #178 ) ;
#4120 = DIRECTION ( 'NONE',  ( 0.000000000000000000, -0.000000000000000000, -1.000000000000000000 ) ) ;
#4121 = VERTEX_POINT ( 'NONE', #245 ) ;
#4122 = DIRECTION ( 'NONE',  ( -0.000000000000000000, 1.000000000000000000, -0.000000000000000000 ) ) ;
#4123 = SHAPE_DEFINITION_REPRESENTATION ( #4032, #3201 ) ;
#4124 = DIRECTION ( 'NONE',  ( -1.000000000000000000, -3.227392513445222318E-16, 0.000000000000000000 ) ) ;
#4125 = EDGE_LOOP ( 'NONE', ( #29, #2572, #4661, #4515 ) ) ;
#4126 = ORIENTED_EDGE ( 'NONE', *, *, #3458, .F. ) ;
#4127 = CYLINDRICAL_SURFACE ( 'NONE', #2488, 6.500000000000005329 ) ;
#4128 = FACE_OUTER_BOUND ( 'NONE', #1708, .T. ) ;
#4129 = ADVANCED_FACE ( 'NONE', ( #2578 ), #3550, .F. ) ;
#4130 = DIRECTION ( 'NONE',  ( 1.000000000000000000, 0.000000000000000000, 0.000000000000000000 ) ) ;
#4131 = SECURITY_CLASSIFICATION_LEVEL ( 'unclassified' ) ;
#4132 = CARTESIAN_POINT ( 'NONE',  ( 15.90000000000005720, 353.5000000000000000, 9.399999999999995026 ) ) ;
#4133 = DIRECTION ( 'NONE',  ( 0.000000000000000000, 0.000000000000000000, -1.000000000000000000 ) ) ;
#4134 = ORIENTED_EDGE ( 'NONE', *, *, #3302, .F. ) ;
#4135 = EDGE_LOOP ( 'NONE', ( #1660, #2686, #3916, #1580, #4670, #2034 ) ) ;
#4136 = LINE ( 'NONE', #3460, #1614 ) ;
#4137 = VERTEX_POINT ( 'NONE', #4602 ) ;
#4138 = CYLINDRICAL_SURFACE ( 'NONE', #1296, 6.450000000000001066 ) ;
#4139 = VECTOR ( 'NONE', #4171, 1000.000000000000000 ) ;
#4140 = LINE ( 'NONE', #461, #3506 ) ;
#4141 = CARTESIAN_POINT ( 'NONE',  ( 202.0000000000000284, -667.9999999999998863, 300.0000000000000000 ) ) ;
#4142 = ORIENTED_EDGE ( 'NONE', *, *, #1691, .T. ) ;
#4143 = LINE ( 'NONE', #3414, #3565 ) ;
#4144 = CARTESIAN_POINT ( 'NONE',  ( 202.0000000000000568, -18.00000000000000000, 977.2001181334803732 ) ) ;
#4145 = ORIENTED_EDGE ( 'NONE', *, *, #2329, .F. ) ;
#4146 = EDGE_CURVE ( 'NONE', #4240, #2920, #1657, .T. ) ;
#4147 = AXIS2_PLACEMENT_3D ( 'NONE', #4627, #1697, #203 ) ;
#4148 = ORIENTED_EDGE ( 'NONE', *, *, #1128, .T. ) ;
#4149 = DIRECTION ( 'NONE',  ( 0.000000000000000000, 1.000000000000000000, -0.000000000000000000 ) ) ;
#4150 = CARTESIAN_POINT ( 'NONE',  ( 201.9999999999999716, -667.9999999999998863, 20.00000000000001776 ) ) ;
#4151 = APPROVAL_ROLE ( '' ) ;
#4152 = CARTESIAN_POINT ( 'NONE',  ( 202.0000000000000568, -343.9999999999998863, 300.0000000000002842 ) ) ;
#4153 = EDGE_CURVE ( 'NONE', #1297, #1493, #4379, .T. ) ;
#4154 = DIRECTION ( 'NONE',  ( 2.612425579928799129E-16, -1.000000000000000000, -0.000000000000000000 ) ) ;
#4155 = ADVANCED_FACE ( 'NONE', ( #4128 ), #4757, .T. ) ;
#4156 = EDGE_LOOP ( 'NONE', ( #2767, #354, #2654, #3622 ) ) ;
#4157 = VERTEX_POINT ( 'NONE', #2074 ) ;
#4158 = APPROVAL_DATE_TIME ( #2966, #3682 ) ;
#4159 = CARTESIAN_POINT ( 'NONE',  ( 8.572527594031471730E-14, 355.0000000000000000, 15.00000000000000000 ) ) ;
#4160 = VERTEX_POINT ( 'NONE', #3980 ) ;
#4161 = DIRECTION ( 'NONE',  ( 2.612425579928799129E-16, -1.000000000000000000, -0.000000000000000000 ) ) ;
#4162 = DIRECTION ( 'NONE',  ( -0.000000000000000000, 1.000000000000000000, -0.000000000000000000 ) ) ;
#4163 = CARTESIAN_POINT ( 'NONE',  ( 15.90000000000005720, -270.0000000000000000, 20.90000000000000213 ) ) ;
#4164 = LOCAL_TIME ( 9, 9, 43.00000000000000000, #1587 ) ;
#4165 = ORIENTED_EDGE ( 'NONE', *, *, #3707, .F. ) ;
#4166 = CARTESIAN_POINT ( 'NONE',  ( 0.000000000000000000, 0.000000000000000000, -1.500000000000000000 ) ) ;
#4167 = LINE ( 'NONE', #2682, #1311 ) ;
#4168 = DIRECTION ( 'NONE',  ( 1.000000000000000000, 0.000000000000000000, 0.000000000000000000 ) ) ;
#4169 = EDGE_CURVE ( 'NONE', #3412, #2428, #2169, .T. ) ;
#4170 = ORIENTED_EDGE ( 'NONE', *, *, #3277, .T. ) ;
#4171 = DIRECTION ( 'NONE',  ( 1.000000000000000000, 0.000000000000000000, 0.000000000000000000 ) ) ;
#4172 = PERSON_AND_ORGANIZATION_ROLE ( 'creator' ) ;
#4173 = ADVANCED_FACE ( 'NONE', ( #749 ), #1067, .F. ) ;
#4174 =( LENGTH_UNIT ( ) NAMED_UNIT ( * ) SI_UNIT ( .MILLI., .METRE. ) );
#4175 = LOCAL_TIME ( 9, 9, 43.00000000000000000, #3312 ) ;
#4176 = ORIENTED_EDGE ( 'NONE', *, *, #1475, .F. ) ;
#4177 = VERTEX_POINT ( 'NONE', #1033 ) ;
#4178 = ADVANCED_FACE ( 'NONE', ( #1217 ), #2696, .F. ) ;
#4179 = DIRECTION ( 'NONE',  ( 4.270088556250603548E-17, -1.000000000000000000, 0.000000000000000000 ) ) ;
#4180 = DIRECTION ( 'NONE',  ( 0.000000000000000000, 1.000000000000000000, 0.000000000000000000 ) ) ;
#4181 = EDGE_CURVE ( 'NONE', #1493, #610, #534, .T. ) ;
#4182 = SHAPE_DEFINITION_REPRESENTATION ( #4355, #3195 ) ;
#4183 = CC_DESIGN_APPROVAL ( #3682, ( #2714 ) ) ;
#4184 = CARTESIAN_POINT ( 'NONE',  ( 894.8000000000000682, -114.9999999999998579, 300.0000000000000000 ) ) ;
#4185 = ORIENTED_EDGE ( 'NONE', *, *, #3371, .T. ) ;
#4186 = CYLINDRICAL_SURFACE ( 'NONE', #2804, 5.049999999999998934 ) ;
#4187 = LINE ( 'NONE', #3205, #149 ) ;
#4188 = ORIENTED_EDGE ( 'NONE', *, *, #2098, .F. ) ;
#4189 = CARTESIAN_POINT ( 'NONE',  ( 5.200000000000002842, -624.5000000000000000, 300.0000000000000000 ) ) ;
#4190 = ORIENTED_EDGE ( 'NONE', *, *, #2342, .F. ) ;
#4191 = CARTESIAN_POINT ( 'NONE',  ( 15.90000000000005720, -353.5000000000000000, 9.399999999999995026 ) ) ;
#4192 = ORIENTED_EDGE ( 'NONE', *, *, #3172, .F. ) ;
#4193 = VECTOR ( 'NONE', #1268, 1000.000000000000000 ) ;
#4194 = VECTOR ( 'NONE', #4488, 1000.000000000000000 ) ;
#4195 = DIRECTION ( 'NONE',  ( -1.000000000000000000, -0.000000000000000000, -0.000000000000000000 ) ) ;
#4196 = PLANE ( 'NONE',  #1951 ) ;
#4197 = ORIENTED_EDGE ( 'NONE', *, *, #3863, .T. ) ;
#4198 = CIRCLE ( 'NONE', #1184, 8.000000000000007105 ) ;
#4199 = CARTESIAN_POINT ( 'NONE',  ( 15.90000000000000036, -65.49999999999995737, 316.0000000000000000 ) ) ;
#4200 = LINE ( 'NONE', #605, #2999 ) ;
#4201 = DIRECTION ( 'NONE',  ( -0.000000000000000000, -1.000000000000000000, -0.000000000000000000 ) ) ;
#4202 = DIRECTION ( 'NONE',  ( 0.000000000000000000, 1.000000000000000000, 0.000000000000000000 ) ) ;
#4203 =( LENGTH_UNIT ( ) NAMED_UNIT ( * ) SI_UNIT ( .MILLI., .METRE. ) );
#4204 = CARTESIAN_POINT ( 'NONE',  ( 698.0000000000000000, -361.9999999999998295, 299.9999999999999432 ) ) ;
#4205 = LINE ( 'NONE', #3885, #700 ) ;
#4206 = DIRECTION ( 'NONE',  ( 0.000000000000000000, 0.000000000000000000, -1.000000000000000000 ) ) ;
#4207 = ADVANCED_FACE ( 'NONE', ( #1663 ), #1975, .T. ) ;
#4208 = AXIS2_PLACEMENT_3D ( 'NONE', #4056, #4498, #2289 ) ;
#4209 = AXIS2_PLACEMENT_3D ( 'NONE', #3582, #294, #3927 ) ;
#4210 = DIRECTION ( 'NONE',  ( 0.000000000000000000, 1.000000000000000000, 0.000000000000000000 ) ) ;
#4211 = DIRECTION ( 'NONE',  ( -2.612425579928799129E-16, 1.000000000000000000, 0.000000000000000000 ) ) ;
#4212 = EDGE_LOOP ( 'NONE', ( #4368, #2964 ) ) ;
#4213 = VECTOR ( 'NONE', #3677, 1000.000000000000000 ) ;
#4214 = EDGE_CURVE ( 'NONE', #1563, #1981, #4656, .T. ) ;
#4215 = AXIS2_PLACEMENT_3D ( 'NONE', #1753, #1388, #171 ) ;
#4216 = PRODUCT_DEFINITION_FORMATION_WITH_SPECIFIED_SOURCE ( '任何', '', #2039, .NOT_KNOWN. ) ;
#4217 = DIRECTION ( 'NONE',  ( 0.000000000000000000, -1.000000000000000000, 0.000000000000000000 ) ) ;
#4218 = ORIENTED_EDGE ( 'NONE', *, *, #3645, .T. ) ;
#4219 = EDGE_LOOP ( 'NONE', ( #456, #4236, #3200, #3589, #2715 ) ) ;
#4220 = DIRECTION ( 'NONE',  ( -0.000000000000000000, -1.000000000000000000, -0.000000000000000000 ) ) ;
#4221 = DIRECTION ( 'NONE',  ( -1.000000000000000000, 0.000000000000000000, 0.000000000000000000 ) ) ;
#4222 = PERSON_AND_ORGANIZATION_ROLE ( 'classification_officer' ) ;
#4223 = EDGE_CURVE ( 'NONE', #4676, #2402, #638, .T. ) ;
#4224 = CALENDAR_DATE ( 2026, 5, 6 ) ;
#4225 = DIRECTION ( 'NONE',  ( -2.612425579928799129E-16, 1.000000000000000000, -0.000000000000000000 ) ) ;
#4226 = DIRECTION ( 'NONE',  ( 0.000000000000000000, 0.000000000000000000, -1.000000000000000000 ) ) ;
#4227 = DIRECTION ( 'NONE',  ( 1.000000000000000000, 0.000000000000000000, 0.000000000000000000 ) ) ;
#4228 = CALENDAR_DATE ( 2026, 5, 6 ) ;
#4229 = CIRCLE ( 'NONE', #3279, 4.000000000000017764 ) ;
#4230 = CARTESIAN_POINT ( 'NONE',  ( 15.90000000000005720, -270.0000000000000000, 15.90000000000000036 ) ) ;
#4231 = ORIENTED_EDGE ( 'NONE', *, *, #27, .F. ) ;
#4232 = LINE ( 'NONE', #4108, #1314 ) ;
#4233 = ORIENTED_EDGE ( 'NONE', *, *, #1750, .T. ) ;
#4234 = DIRECTION ( 'NONE',  ( -1.000000000000000000, -0.000000000000000000, -0.000000000000000000 ) ) ;
#4235 = CARTESIAN_POINT ( 'NONE',  ( 33.00000000000007816, -270.0000000000000000, -26.84171144931213604 ) ) ;
#4236 = ORIENTED_EDGE ( 'NONE', *, *, #992, .F. ) ;
#4237 = PERSON_AND_ORGANIZATION ( #3556, #3381 ) ;
#4238 = EDGE_CURVE ( 'NONE', #958, #2555, #4539, .T. ) ;
#4239 = VECTOR ( 'NONE', #4097, 1000.000000000000000 ) ;
#4240 = VERTEX_POINT ( 'NONE', #1146 ) ;
#4241 = AXIS2_PLACEMENT_3D ( 'NONE', #3281, #1484, #1149 ) ;
#4242 = DIRECTION ( 'NONE',  ( 2.065146995210486914E-16, 5.395042836600973428E-32, -1.000000000000000000 ) ) ;
#4243 = ORIENTED_EDGE ( 'NONE', *, *, #1401, .F. ) ;
#4244 = VECTOR ( 'NONE', #4057, 1000.000000000000000 ) ;
#4245 = EDGE_LOOP ( 'NONE', ( #1786, #2029 ) ) ;
#4246 = CARTESIAN_POINT ( 'NONE',  ( 5.200000000000002842, -65.49999999999995737, 300.0000000000000000 ) ) ;
#4247 = CARTESIAN_POINT ( 'NONE',  ( 8.572527594031471730E-14, -355.0000000000000000, 0.000000000000000000 ) ) ;
#4248 = APPROVAL_DATE_TIME ( #1992, #3561 ) ;
#4249 = DIRECTION ( 'NONE',  ( 0.000000000000000000, -1.000000000000000000, 0.000000000000000000 ) ) ;
#4250 = EDGE_CURVE ( 'NONE', #2822, #718, #2049, .T. ) ;
#4251 = AXIS2_PLACEMENT_3D ( 'NONE', #542, #1226, #1650 ) ;
#4252 = AXIS2_PLACEMENT_3D ( 'NONE', #3882, #2842, #4291 ) ;
#4253 = ORIENTED_EDGE ( 'NONE', *, *, #3418, .T. ) ;
#4254 = VERTEX_POINT ( 'NONE', #2349 ) ;
#4255 = CARTESIAN_POINT ( 'NONE',  ( 449.0000000000001137, 355.0000000000000000, 30.00000000000000000 ) ) ;
#4256 = DIRECTION ( 'NONE',  ( 0.000000000000000000, 0.000000000000000000, -1.000000000000000000 ) ) ;
#4257 = ORIENTED_EDGE ( 'NONE', *, *, #2200, .T. ) ;
#4258 = EDGE_CURVE ( 'NONE', #3278, #3434, #3602, .T. ) ;
#4259 = ORIENTED_EDGE ( 'NONE', *, *, #1234, .T. ) ;
#4260 = MECHANICAL_CONTEXT ( 'NONE', #122, 'mechanical' ) ;
#4261 = VECTOR ( 'NONE', #1464, 1000.000000000000000 ) ;
#4262 = ORIENTED_EDGE ( 'NONE', *, *, #129, .F. ) ;
#4263 = DIRECTION ( 'NONE',  ( -1.000000000000000000, 0.000000000000000000, -0.000000000000000000 ) ) ;
#4264 = EDGE_LOOP ( 'NONE', ( #2596, #1606, #1250, #94 ) ) ;
#4265 = CARTESIAN_POINT ( 'NONE',  ( 886.8000000000002956, -624.4999999999998863, 316.7999999999999545 ) ) ;
#4266 = CARTESIAN_POINT ( 'NONE',  ( 8.450062914116736582E-14, -690.0000000000000000, 300.0000000000000000 ) ) ;
#4267 = VECTOR ( 'NONE', #4552, 1000.000000000000000 ) ;
#4268 = DIRECTION ( 'NONE',  ( 0.000000000000000000, 0.000000000000000000, 1.000000000000000000 ) ) ;
#4269 = ORIENTED_EDGE ( 'NONE', *, *, #2585, .F. ) ;
#4270 = VECTOR ( 'NONE', #4263, 1000.000000000000000 ) ;
#4271 = FACE_OUTER_BOUND ( 'NONE', #2624, .T. ) ;
#4272 = CIRCLE ( 'NONE', #470, 5.000000000000000888 ) ;
#4273 = EDGE_CURVE ( 'NONE', #4745, #1284, #3776, .T. ) ;
#4274 = PRODUCT_DEFINITION_SHAPE ( 'NONE', 'NONE',  #4770 ) ;
#4275 = DIRECTION ( 'NONE',  ( 1.288758049684149971E-16, 0.000000000000000000, -1.000000000000000000 ) ) ;
#4276 = AXIS2_PLACEMENT_3D ( 'NONE', #1785, #756, #1796 ) ;
#4277 = AXIS2_PLACEMENT_3D ( 'NONE', #4728, #2910, #933 ) ;
#4278 = CARTESIAN_POINT ( 'NONE',  ( 900.0000000000001137, -690.0000000000000000, 300.0000000000000000 ) ) ;
#4279 = CARTESIAN_POINT ( 'NONE',  ( 33.00000000000007816, 240.0000000000000284, -26.84171144931213604 ) ) ;
#4280 = APPLICATION_PROTOCOL_DEFINITION ( 'international standard', 'config_control_design', 1994, #2461 ) ;
#4281 = VERTEX_POINT ( 'NONE', #4113 ) ;
#4282 = DIRECTION ( 'NONE',  ( -1.000000000000000000, -0.000000000000000000, -0.000000000000000000 ) ) ;
#4283 = ORIENTED_EDGE ( 'NONE', *, *, #910, .F. ) ;
#4284 = ORIENTED_EDGE ( 'NONE', *, *, #4299, .F. ) ;
#4285 = PERSON_AND_ORGANIZATION ( #159, #58 ) ;
#4286 = CC_DESIGN_DATE_AND_TIME_ASSIGNMENT ( #558, #3812, ( #3443 ) ) ;
#4287 = PERSON_AND_ORGANIZATION ( #3556, #3381 ) ;
#4288 = DIRECTION ( 'NONE',  ( 0.000000000000000000, 0.000000000000000000, -1.000000000000000000 ) ) ;
#4289 = DIRECTION ( 'NONE',  ( -0.000000000000000000, -0.000000000000000000, -1.000000000000000000 ) ) ;
#4290 = CYLINDRICAL_SURFACE ( 'NONE', #504, 5.049999999999998934 ) ;
#4291 = DIRECTION ( 'NONE',  ( -1.000000000000000000, 0.000000000000000000, 0.000000000000000000 ) ) ;
#4292 = CARTESIAN_POINT ( 'NONE',  ( 8.500145032286354763E-14, 290.0000000000000568, 15.00000000000000000 ) ) ;
#4293 = ORIENTED_EDGE ( 'NONE', *, *, #801, .T. ) ;
#4294 = DIRECTION ( 'NONE',  ( 1.000000000000000000, 3.227392513445222318E-16, 0.000000000000000000 ) ) ;
#4295 = CARTESIAN_POINT ( 'NONE',  ( 884.1000000000000227, -65.49999999999984368, 316.0000000000000000 ) ) ;
#4296 = PERSON_AND_ORGANIZATION_ROLE ( 'creator' ) ;
#4297 = FACE_OUTER_BOUND ( 'NONE', #1230, .T. ) ;
#4298 = CARTESIAN_POINT ( 'NONE',  ( 8.572527594031471730E-14, 355.0000000000000000, 0.000000000000000000 ) ) ;
#4299 = EDGE_CURVE ( 'NONE', #4345, #1846, #1610, .T. ) ;
#4300 = DATE_TIME_ROLE ( 'creation_date' ) ;
#4301 = VERTEX_POINT ( 'NONE', #3038 ) ;
#4302 = ORIENTED_EDGE ( 'NONE', *, *, #992, .T. ) ;
#4303 = PERSON_AND_ORGANIZATION ( #3556, #3381 ) ;
#4304 = CARTESIAN_POINT ( 'NONE',  ( -0.000000000000000000, -270.0000000000000000, 0.000000000000000000 ) ) ;
#4305 = VERTEX_POINT ( 'NONE', #1267 ) ;
#4306 = AXIS2_PLACEMENT_3D ( 'NONE', #1673, #2751, #920 ) ;
#4307 = AXIS2_PLACEMENT_3D ( 'NONE', #1870, #3018, #2636 ) ;
#4308 = VECTOR ( 'NONE', #1623, 1000.000000000000000 ) ;
#4309 = EDGE_LOOP ( 'NONE', ( #792, #2509, #3105, #4453 ) ) ;
#4310 = PLANE ( 'NONE',  #2388 ) ;
#4311 = ORIENTED_EDGE ( 'NONE', *, *, #4703, .T. ) ;
#4312 = EDGE_LOOP ( 'NONE', ( #1291, #3101, #2688, #401, #432 ) ) ;
#4313 = ORIENTED_EDGE ( 'NONE', *, *, #1704, .F. ) ;
#4314 = DIRECTION ( 'NONE',  ( -1.000000000000000000, -2.612425579928799129E-16, 0.000000000000000000 ) ) ;
#4315 = VECTOR ( 'NONE', #1893, 1000.000000000000000 ) ;
#4316 = FACE_OUTER_BOUND ( 'NONE', #1298, .T. ) ;
#4317 = AXIS2_PLACEMENT_3D ( 'NONE', #620, #3129, #4275 ) ;
#4318 = CC_DESIGN_PERSON_AND_ORGANIZATION_ASSIGNMENT ( #837, #3367, ( #72 ) ) ;
#4319 = ORIENTED_EDGE ( 'NONE', *, *, #1049, .T. ) ;
#4320 = DIRECTION ( 'NONE',  ( -0.000000000000000000, -0.000000000000000000, -1.000000000000000000 ) ) ;
#4321 = ORIENTED_EDGE ( 'NONE', *, *, #15, .F. ) ;
#4322 = VERTEX_POINT ( 'NONE', #1232 ) ;
#4323 = CARTESIAN_POINT ( 'NONE',  ( 870.0000000000001137, -361.9999999999998295, 977.2001181334804869 ) ) ;
#4324 = VECTOR ( 'NONE', #4621, 1000.000000000000000 ) ;
#4325 = CIRCLE ( 'NONE', #1628, 5.049999999999998934 ) ;
#4326 = EDGE_CURVE ( 'NONE', #3745, #1274, #3438, .T. ) ;
#4327 = FACE_BOUND ( 'NONE', #2190, .T. ) ;
#4328 = LINE ( 'NONE', #435, #3728 ) ;
#4329 = ORIENTED_EDGE ( 'NONE', *, *, #2379, .F. ) ;
#4330 = CARTESIAN_POINT ( 'NONE',  ( 15.90000000000000036, -114.9999999999999574, 321.0500000000000114 ) ) ;
#4331 = CARTESIAN_POINT ( 'NONE',  ( 8.572527594031471730E-14, -355.0000000000000000, 30.00000000000000000 ) ) ;
#4332 = VERTEX_POINT ( 'NONE', #4152 ) ;
#4333 = FACE_BOUND ( 'NONE', #394, .T. ) ;
#4334 = LINE ( 'NONE', #235, #2772 ) ;
#4335 = VERTEX_POINT ( 'NONE', #853 ) ;
#4336 = ADVANCED_FACE ( 'NONE', ( #1816 ), #3426, .F. ) ;
#4337 = DIRECTION ( 'NONE',  ( -0.000000000000000000, 1.000000000000000000, -0.000000000000000000 ) ) ;
#4338 = DIRECTION ( 'NONE',  ( 0.000000000000000000, -0.000000000000000000, -1.000000000000000000 ) ) ;
#4339 = CARTESIAN_POINT ( 'NONE',  ( 220.0000000000000000, -18.00000000000000000, 300.0000000000000000 ) ) ;
#4340 = VERTEX_POINT ( 'NONE', #1544 ) ;
#4341 = ORIENTED_EDGE ( 'NONE', *, *, #174, .T. ) ;
#4342 = CARTESIAN_POINT ( 'NONE',  ( 879.0500000000001819, -624.4999999999998863, 316.0000000000000000 ) ) ;
#4343 = EDGE_CURVE ( 'NONE', #474, #3412, #695, .T. ) ;
#4344 = LINE ( 'NONE', #3638, #889 ) ;
#4345 = VERTEX_POINT ( 'NONE', #2341 ) ;
#4346 = DIRECTION ( 'NONE',  ( -0.000000000000000000, 1.000000000000000000, -0.000000000000000000 ) ) ;
#4347 = AXIS2_PLACEMENT_3D ( 'NONE', #2006, #1937, #3844 ) ;
#4348 = VERTEX_POINT ( 'NONE', #4479 ) ;
#4349 = DIRECTION ( 'NONE',  ( -0.000000000000000000, -1.000000000000000000, -0.000000000000000000 ) ) ;
#4350 = LOCAL_TIME ( 9, 9, 43.00000000000000000, #3130 ) ;
#4351 = EDGE_CURVE ( 'NONE', #2525, #2719, #1098, .T. ) ;
#4352 = PERSON_AND_ORGANIZATION ( #3556, #3381 ) ;
#4353 = CC_DESIGN_PERSON_AND_ORGANIZATION_ASSIGNMENT ( #2862, #2321, ( #3970 ) ) ;
#4354 = DIRECTION ( 'NONE',  ( -0.000000000000000000, -0.000000000000000000, -1.000000000000000000 ) ) ;
#4355 = PRODUCT_DEFINITION_SHAPE ( 'NONE', 'NONE',  #72 ) ;
#4356 = ORIENTED_EDGE ( 'NONE', *, *, #269, .T. ) ;
#4357 = ADVANCED_FACE ( 'NONE', ( #4481 ), #3788, .F. ) ;
#4358 = ORIENTED_EDGE ( 'NONE', *, *, #2908, .F. ) ;
#4359 = ADVANCED_FACE ( 'NONE', ( #2523, #2828 ), #4500, .F. ) ;
#4360 = DIRECTION ( 'NONE',  ( 0.000000000000000000, 0.000000000000000000, -1.000000000000000000 ) ) ;
#4361 = CYLINDRICAL_SURFACE ( 'NONE', #4372, 8.000000000000007105 ) ;
#4362 = ORIENTED_EDGE ( 'NONE', *, *, #1365, .F. ) ;
#4363 = DIRECTION ( 'NONE',  ( 1.000000000000000000, 0.000000000000000000, 0.000000000000000000 ) ) ;
#4364 = MANIFOLD_SOLID_BREP ( '镜向2', #2069 ) ;
#4365 = EDGE_LOOP ( 'NONE', ( #3976, #1865, #74, #2932, #3919, #4033, #4313, #1254, #2812, #1667, #3144, #1812 ) ) ;
#4366 = VERTEX_POINT ( 'NONE', #4204 ) ;
#4367 = LINE ( 'NONE', #4069, #4308 ) ;
#4368 = ORIENTED_EDGE ( 'NONE', *, *, #3923, .F. ) ;
#4369 = LINE ( 'NONE', #77, #1764 ) ;
#4370 = PLANE ( 'NONE',  #4277 ) ;
#4371 = EDGE_CURVE ( 'NONE', #1850, #4254, #4431, .T. ) ;
#4372 = AXIS2_PLACEMENT_3D ( 'NONE', #428, #3353, #1591 ) ;
#4373 = AXIS2_PLACEMENT_3D ( 'NONE', #4189, #1998, #96 ) ;
#4374 = CARTESIAN_POINT ( 'NONE',  ( 0.000000000000000000, 0.000000000000000000, 0.000000000000000000 ) ) ;
#4375 = CARTESIAN_POINT ( 'NONE',  ( 15.90000000000005720, -551.0000000000004547, 15.90000000000000036 ) ) ;
#4376 = VECTOR ( 'NONE', #1202, 1000.000000000000000 ) ;
#4377 = VERTEX_POINT ( 'NONE', #531 ) ;
#4378 = DIRECTION ( 'NONE',  ( 0.000000000000000000, 0.000000000000000000, 1.000000000000000000 ) ) ;
#4379 = LINE ( 'NONE', #3537, #1714 ) ;
#4380 = CARTESIAN_POINT ( 'NONE',  ( 33.00000000000007816, 290.0000000000000568, -26.84171144931213604 ) ) ;
#4381 = FACE_OUTER_BOUND ( 'NONE', #673, .T. ) ;
#4382 = DIRECTION ( 'NONE',  ( 1.000000000000000000, 0.000000000000000000, 0.000000000000000000 ) ) ;
#4383 = CARTESIAN_POINT ( 'NONE',  ( 22.00000000000000711, -624.5000000000000000, 324.7999999999999545 ) ) ;
#4384 = VERTEX_POINT ( 'NONE', #4184 ) ;
#4385 = VECTOR ( 'NONE', #2584, 1000.000000000000000 ) ;
#4386 = VECTOR ( 'NONE', #4390, 1000.000000000000000 ) ;
#4387 = CC_DESIGN_PERSON_AND_ORGANIZATION_ASSIGNMENT ( #3199, #4116, ( #2336 ) ) ;
#4388 = VECTOR ( 'NONE', #3937, 1000.000000000000000 ) ;
#4389 = VERTEX_POINT ( 'NONE', #3103 ) ;
#4390 = DIRECTION ( 'NONE',  ( -0.000000000000000000, 1.000000000000000000, -0.000000000000000000 ) ) ;
#4391 = CIRCLE ( 'NONE', #2237, 6.500000000000005329 ) ;
#4392 = EDGE_CURVE ( 'NONE', #1251, #1211, #93, .T. ) ;
#4393 = VECTOR ( 'NONE', #1972, 1000.000000000000000 ) ;
#4394 = APPLICATION_CONTEXT ( 'configuration controlled 3d designs of mechanical parts and assemblies' ) ;
#4395 = CARTESIAN_POINT ( 'NONE',  ( 30.00000000000008171, -667.9999999999998863, 20.00000000000001776 ) ) ;
#4396 = CARTESIAN_POINT ( 'NONE',  ( 8.673617379884035472E-14, -220.0000000000000000, 27.00000000000000355 ) ) ;
#4397 = ORIENTED_EDGE ( 'NONE', *, *, #1448, .F. ) ;
#4398 = EDGE_LOOP ( 'NONE', ( #4669, #4319, #712, #796 ) ) ;
#4399 = ORIENTED_EDGE ( 'NONE', *, *, #3578, .T. ) ;
#4400 = AXIS2_PLACEMENT_3D ( 'NONE', #1584, #4249, #596 ) ;
#4401 = VERTEX_POINT ( 'NONE', #142 ) ;
#4402 = AXIS2_PLACEMENT_3D ( 'NONE', #2196, #3306, #2586 ) ;
#4403 = ORIENTED_EDGE ( 'NONE', *, *, #2223, .T. ) ;
#4404 = ADVANCED_FACE ( 'NONE', ( #2471 ), #3153, .F. ) ;
#4405 = LOCAL_TIME ( 9, 9, 43.00000000000000000, #3686 ) ;
#4406 = CARTESIAN_POINT ( 'NONE',  ( 886.8000000000002956, -574.9999999999998863, 324.7999999999999545 ) ) ;
#4407 = DIRECTION ( 'NONE',  ( -0.000000000000000000, -0.000000000000000000, -1.000000000000000000 ) ) ;
#4408 = DATE_AND_TIME ( #666, #3579 ) ;
#4409 = EDGE_CURVE ( 'NONE', #1315, #593, #4012, .T. ) ;
#4410 = CC_DESIGN_APPROVAL ( #3874, ( #1745 ) ) ;
#4411 = ORIENTED_EDGE ( 'NONE', *, *, #329, .F. ) ;
#4412 = ORIENTED_EDGE ( 'NONE', *, *, #2614, .T. ) ;
#4413 = ORIENTED_EDGE ( 'NONE', *, *, #5, .F. ) ;
#4414 = EDGE_CURVE ( 'NONE', #1409, #2799, #583, .T. ) ;
#4415 = ORIENTED_EDGE ( 'NONE', *, *, #1431, .F. ) ;
#4416 = DIRECTION ( 'NONE',  ( -0.000000000000000000, -0.000000000000000000, 1.000000000000000000 ) ) ;
#4417 = VERTEX_POINT ( 'NONE', #65 ) ;
#4418 = PLANE ( 'NONE',  #2230 ) ;
#4419 = ORIENTED_EDGE ( 'NONE', *, *, #1057, .T. ) ;
#4420 = PERSON_AND_ORGANIZATION ( #3556, #3381 ) ;
#4421 = ORIENTED_EDGE ( 'NONE', *, *, #3044, .T. ) ;
#4422 = CARTESIAN_POINT ( 'NONE',  ( 15.00000000000008527, 355.0000000000000000, 15.00000000000000000 ) ) ;
#4423 = DIRECTION ( 'NONE',  ( -1.000000000000000000, 0.000000000000000000, 0.000000000000000000 ) ) ;
#4424 = LINE ( 'NONE', #2255, #576 ) ;
#4425 = ORIENTED_EDGE ( 'NONE', *, *, #3088, .F. ) ;
#4426 = DIRECTION ( 'NONE',  ( 0.000000000000000000, 0.000000000000000000, 1.000000000000000000 ) ) ;
#4427 = ADVANCED_FACE ( 'NONE', ( #862, #1376 ), #3382, .F. ) ;
#4428 = ORIENTED_EDGE ( 'NONE', *, *, #3441, .F. ) ;
#4429 = EDGE_CURVE ( 'NONE', #2808, #1631, #406, .T. ) ;
#4430 = CYLINDRICAL_SURFACE ( 'NONE', #1178, 5.000000000000000888 ) ;
#4431 = LINE ( 'NONE', #511, #1558 ) ;
#4432 = CARTESIAN_POINT ( 'NONE',  ( 680.0000000000000000, -17.99999999999993960, 977.2001181334804869 ) ) ;
#4433 = DIRECTION ( 'NONE',  ( 0.000000000000000000, 0.000000000000000000, 1.000000000000000000 ) ) ;
#4434 = PRODUCT_DEFINITION_SHAPE ( 'NONE', 'NONE',  #4771 ) ;
#4435 = LINE ( 'NONE', #2704, #641 ) ;
#4436 = AXIS2_PLACEMENT_3D ( 'NONE', #1261, #2411, #4651 ) ;
#4437 = DIRECTION ( 'NONE',  ( -0.000000000000000000, 1.000000000000000000, -0.000000000000000000 ) ) ;
#4438 = CARTESIAN_POINT ( 'NONE',  ( 5.200000000000002842, -575.0000000000000000, 300.0000000000000000 ) ) ;
#4439 = APPLICATION_PROTOCOL_DEFINITION ( 'international standard', 'config_control_design', 1994, #2234 ) ;
#4440 = DIRECTION ( 'NONE',  ( 0.000000000000000000, 0.000000000000000000, 1.000000000000000000 ) ) ;
#4441 = DIRECTION ( 'NONE',  ( 1.224646799147353454E-16, -1.000000000000000000, 0.000000000000000000 ) ) ;
#4442 = ORIENTED_EDGE ( 'NONE', *, *, #1308, .T. ) ;
#4443 = EDGE_LOOP ( 'NONE', ( #623, #1980, #2052, #2082 ) ) ;
#4444 = VECTOR ( 'NONE', #4337, 1000.000000000000000 ) ;
#4445 = EDGE_CURVE ( 'NONE', #1315, #680, #1489, .T. ) ;
#4446 = CC_DESIGN_DATE_AND_TIME_ASSIGNMENT ( #3077, #384, ( #2714 ) ) ;
#4447 = CYLINDRICAL_SURFACE ( 'NONE', #194, 6.500000000000005329 ) ;
#4448 = UNCERTAINTY_MEASURE_WITH_UNIT (LENGTH_MEASURE( 1.000000000000000082E-05 ), #774, 'distance_accuracy_value', 'NONE');
#4449 = ORIENTED_EDGE ( 'NONE', *, *, #2746, .F. ) ;
#4450 = APPLICATION_PROTOCOL_DEFINITION ( 'international standard', 'config_control_design', 1994, #1192 ) ;
#4451 = CARTESIAN_POINT ( 'NONE',  ( 15.90000000000005720, 353.5000000000000000, 22.40000000000000568 ) ) ;
#4452 = ADVANCED_FACE ( 'NONE', ( #2295 ), #272, .F. ) ;
#4453 = ORIENTED_EDGE ( 'NONE', *, *, #2801, .T. ) ;
#4454 = CALENDAR_DATE ( 2026, 5, 6 ) ;
#4455 = DIRECTION ( 'NONE',  ( 0.000000000000000000, 0.000000000000000000, 1.000000000000000000 ) ) ;
#4456 = AXIS2_PLACEMENT_3D ( 'NONE', #1368, #2135, #4378 ) ;
#4457 = ORIENTED_EDGE ( 'NONE', *, *, #3482, .T. ) ;
#4458 = FACE_OUTER_BOUND ( 'NONE', #4000, .T. ) ;
#4459 = ADVANCED_FACE ( 'NONE', ( #974 ), #1429, .F. ) ;
#4460 = CARTESIAN_POINT ( 'NONE',  ( 30.00000000000000355, -18.00000000000000000, 300.0000000000000000 ) ) ;
#4461 = DIRECTION ( 'NONE',  ( 1.000000000000000000, 3.227392513445221825E-16, 0.000000000000000000 ) ) ;
#4462 = ORIENTED_EDGE ( 'NONE', *, *, #2200, .F. ) ;
#4463 = DIRECTION ( 'NONE',  ( 1.000000000000000000, 1.224646799147353454E-16, -0.000000000000000000 ) ) ;
#4464 = CARTESIAN_POINT ( 'NONE',  ( 33.00000000000007105, -220.0000000000000000, 27.00000000000000711 ) ) ;
#4465 = DIRECTION ( 'NONE',  ( -2.065146995210486914E-16, 0.000000000000000000, -1.000000000000000000 ) ) ;
#4466 = EDGE_LOOP ( 'NONE', ( #324, #1983 ) ) ;
#4467 = APPROVAL ( #4528, '未指定' ) ;
#4468 = VERTEX_POINT ( 'NONE', #2724 ) ;
#4469 = ORIENTED_EDGE ( 'NONE', *, *, #109, .T. ) ;
#4470 = ORIENTED_EDGE ( 'NONE', *, *, #2848, .T. ) ;
#4471 = EDGE_CURVE ( 'NONE', #1929, #4523, #1332, .T. ) ;
#4472 = DIRECTION ( 'NONE',  ( 0.000000000000000000, 0.000000000000000000, -1.000000000000000000 ) ) ;
#4473 = CARTESIAN_POINT ( 'NONE',  ( 886.8000000000000682, -114.9999999999998579, 324.7999999999999545 ) ) ;
#4474 = ORIENTED_EDGE ( 'NONE', *, *, #2401, .F. ) ;
#4475 = DIRECTION ( 'NONE',  ( -1.000000000000000000, 0.000000000000000000, -1.288758049684149971E-16 ) ) ;
#4476 = FACE_OUTER_BOUND ( 'NONE', #1955, .T. ) ;
#4477 = VECTOR ( 'NONE', #1357, 1000.000000000000000 ) ;
#4478 = ORIENTED_EDGE ( 'NONE', *, *, #3763, .F. ) ;
#4479 = CARTESIAN_POINT ( 'NONE',  ( 870.0000000000000000, -114.9999999999998579, 316.7999999999999545 ) ) ;
#4480 = LINE ( 'NONE', #3486, #2935 ) ;
#4481 = FACE_OUTER_BOUND ( 'NONE', #450, .T. ) ;
#4482 = VECTOR ( 'NONE', #2952, 1000.000000000000000 ) ;
#4483 = EDGE_CURVE ( 'NONE', #2209, #2451, #3902, .T. ) ;
#4484 = AXIS2_PLACEMENT_3D ( 'NONE', #3096, #4149, #3842 ) ;
#4485 = ORIENTED_EDGE ( 'NONE', *, *, #2080, .T. ) ;
#4486 = VERTEX_POINT ( 'NONE', #497 ) ;
#4487 = DIRECTION ( 'NONE',  ( 1.000000000000000000, 0.000000000000000000, 0.000000000000000000 ) ) ;
#4488 = DIRECTION ( 'NONE',  ( 0.000000000000000000, -1.000000000000000000, 0.000000000000000000 ) ) ;
#4489 = DIRECTION ( 'NONE',  ( -0.000000000000000000, -0.000000000000000000, -1.000000000000000000 ) ) ;
#4490 = VECTOR ( 'NONE', #4195, 1000.000000000000000 ) ;
#4491 = CIRCLE ( 'NONE', #535, 15.00000000000000000 ) ;
#4492 = EDGE_CURVE ( 'NONE', #3810, #2477, #2702, .T. ) ;
#4493 = AXIS2_PLACEMENT_3D ( 'NONE', #1911, #2274, #56 ) ;
#4494 = LINE ( 'NONE', #2817, #1394 ) ;
#4495 = AXIS2_PLACEMENT_3D ( 'NONE', #346, #1112, #4360 ) ;
#4496 = DIRECTION ( 'NONE',  ( 0.000000000000000000, 0.000000000000000000, -1.000000000000000000 ) ) ;
#4497 = CARTESIAN_POINT ( 'NONE',  ( 220.0000000000000000, -18.00000000000000000, 977.2001181334803732 ) ) ;
#4498 = DIRECTION ( 'NONE',  ( -1.000000000000000000, -1.708035422500241173E-16, 0.000000000000000000 ) ) ;
#4499 = ORIENTED_EDGE ( 'NONE', *, *, #2848, .F. ) ;
#4500 = PLANE ( 'NONE',  #2928 ) ;
#4501 = CIRCLE ( 'NONE', #36, 5.049999999999998934 ) ;
#4502 = DIRECTION ( 'NONE',  ( -0.000000000000000000, -0.000000000000000000, -1.000000000000000000 ) ) ;
#4503 = EDGE_CURVE ( 'NONE', #2692, #2582, #1276, .T. ) ;
#4504 = CARTESIAN_POINT ( 'NONE',  ( -28.00000000000005684, -220.0000000000000000, 27.00000000000000000 ) ) ;
#4505 = EDGE_LOOP ( 'NONE', ( #2137, #4412, #4197, #2520, #238, #3624, #360, #4650 ) ) ;
#4506 = DIRECTION ( 'NONE',  ( -2.612425579928799129E-16, 1.000000000000000000, -0.000000000000000000 ) ) ;
#4507 = CONTEXT_DEPENDENT_SHAPE_REPRESENTATION ( #2759, #2260 ) ;
#4508 = DIRECTION ( 'NONE',  ( 0.000000000000000000, 0.000000000000000000, 1.000000000000000000 ) ) ;
#4509 = APPROVAL_ROLE ( '' ) ;
#4510 = COORDINATED_UNIVERSAL_TIME_OFFSET ( 8, 0, .AHEAD. ) ;
#4511 = DIRECTION ( 'NONE',  ( -0.000000000000000000, 1.000000000000000000, -0.000000000000000000 ) ) ;
#4512 = ORIENTED_EDGE ( 'NONE', *, *, #164, .F. ) ;
#4513 = DIRECTION ( 'NONE',  ( -1.708035422500241173E-16, 1.000000000000000000, -0.000000000000000000 ) ) ;
#4514 = COORDINATED_UNIVERSAL_TIME_OFFSET ( 8, 0, .AHEAD. ) ;
#4515 = ORIENTED_EDGE ( 'NONE', *, *, #2085, .F. ) ;
#4516 = ORIENTED_EDGE ( 'NONE', *, *, #3473, .T. ) ;
#4517 = ORIENTED_EDGE ( 'NONE', *, *, #3834, .T. ) ;
#4518 = ADVANCED_FACE ( 'NONE', ( #4316 ), #1970, .F. ) ;
#4519 = CARTESIAN_POINT ( 'NONE',  ( 15.90000000000005720, 353.5000000000000568, 20.90000000000000213 ) ) ;
#4520 = DIRECTION ( 'NONE',  ( 0.000000000000000000, -1.000000000000000000, 0.000000000000000000 ) ) ;
#4521 = EDGE_CURVE ( 'NONE', #4417, #1139, #1933, .T. ) ;
#4522 = AXIS2_PLACEMENT_3D ( 'NONE', #3047, #1586, #3067 ) ;
#4523 = VERTEX_POINT ( 'NONE', #878 ) ;
#4524 = DIRECTION ( 'NONE',  ( 1.000000000000000000, 0.000000000000000000, -0.000000000000000000 ) ) ;
#4525 = ADVANCED_FACE ( 'NONE', ( #3208 ), #3042, .T. ) ;
#4526 = VECTOR ( 'NONE', #2900, 1000.000000000000000 ) ;
#4527 = DIRECTION ( 'NONE',  ( 0.000000000000000000, 0.000000000000000000, -1.000000000000000000 ) ) ;
#4528 = APPROVAL_STATUS ( 'not_yet_approved' ) ;
#4529 = DIRECTION ( 'NONE',  ( -3.039434435553859299E-16, 1.000000000000000000, -0.000000000000000000 ) ) ;
#4530 = PRODUCT_DEFINITION ( '未知', '', #3942, #1286 ) ;
#4531 = DATE_AND_TIME ( #2508, #678 ) ;
#4532 = LINE ( 'NONE', #1367, #1085 ) ;
#4533 = VERTEX_POINT ( 'NONE', #2844 ) ;
#4534 = ORIENTED_EDGE ( 'NONE', *, *, #1942, .F. ) ;
#4535 = CARTESIAN_POINT ( 'NONE',  ( 894.8000000000000682, -65.49999999999984368, 316.7999999999999545 ) ) ;
#4536 = EDGE_LOOP ( 'NONE', ( #2159, #2062, #4091, #3867 ) ) ;
#4537 = CARTESIAN_POINT ( 'NONE',  ( 878.0000000000000000, -114.9999999999998579, 316.7999999999999545 ) ) ;
#4538 = EDGE_LOOP ( 'NONE', ( #1122, #1554 ) ) ;
#4539 = CIRCLE ( 'NONE', #478, 6.500000000000005329 ) ;
#4540 = DIRECTION ( 'NONE',  ( -0.000000000000000000, -1.000000000000000000, -0.000000000000000000 ) ) ;
#4541 = ORIENTED_EDGE ( 'NONE', *, *, #2927, .T. ) ;
#4542 =( REPRESENTATION_RELATIONSHIP ('NONE','NONE', #3201, #3195 ) REPRESENTATION_RELATIONSHIP_WITH_TRANSFORMATION ( #1583 )SHAPE_REPRESENTATION_RELATIONSHIP( ) );
#4543 = ORIENTED_EDGE ( 'NONE', *, *, #2456, .F. ) ;
#4544 = LINE ( 'NONE', #4535, #3271 ) ;
#4545 = CARTESIAN_POINT ( 'NONE',  ( -28.00000000000005684, 270.0000000000000568, 27.00000000000000000 ) ) ;
#4546 = DIRECTION ( 'NONE',  ( 0.000000000000000000, -1.000000000000000000, 0.000000000000000000 ) ) ;
#4547 = FACE_OUTER_BOUND ( 'NONE', #2375, .T. ) ;
#4548 = AXIS2_PLACEMENT_3D ( 'NONE', #1479, #2613, #4045 ) ;
#4549 = LINE ( 'NONE', #1393, #420 ) ;
#4550 = AXIS2_PLACEMENT_3D ( 'NONE', #66, #2656, #425 ) ;
#4551 = DIRECTION ( 'NONE',  ( -0.000000000000000000, -1.000000000000000000, -0.000000000000000000 ) ) ;
#4552 = DIRECTION ( 'NONE',  ( -0.000000000000000000, -1.000000000000000000, -0.000000000000000000 ) ) ;
#4553 = ORIENTED_EDGE ( 'NONE', *, *, #1942, .T. ) ;
#4554 = ORIENTED_EDGE ( 'NONE', *, *, #4725, .T. ) ;
#4555 =( GEOMETRIC_REPRESENTATION_CONTEXT ( 3 ) GLOBAL_UNCERTAINTY_ASSIGNED_CONTEXT ( ( #1525 ) ) GLOBAL_UNIT_ASSIGNED_CONTEXT ( ( #4716, #2514, #3249 ) ) REPRESENTATION_CONTEXT ( 'NONE', 'WORKASPACE' ) );
#4556 = VERTEX_POINT ( 'NONE', #3557 ) ;
#4557 = CARTESIAN_POINT ( 'NONE',  ( 30.00000000000008171, -667.9999999999998863, 2.000000000000000000 ) ) ;
#4558 = DIRECTION ( 'NONE',  ( 0.000000000000000000, 0.000000000000000000, 1.000000000000000000 ) ) ;
#4559 = APPROVAL_ROLE ( '' ) ;
#4560 = EDGE_CURVE ( 'NONE', #3696, #1778, #2227, .T. ) ;
#4561 = LINE ( 'NONE', #3298, #4213 ) ;
#4562 = DIRECTION ( 'NONE',  ( 0.000000000000000000, 0.000000000000000000, -1.000000000000000000 ) ) ;
#4563 = DIRECTION ( 'NONE',  ( 0.000000000000000000, 0.000000000000000000, 1.000000000000000000 ) ) ;
#4564 = DIRECTION ( 'NONE',  ( -0.000000000000000000, -1.000000000000000000, -0.000000000000000000 ) ) ;
#4565 = LOCAL_TIME ( 9, 9, 43.00000000000000000, #3805 ) ;
#4566 = VECTOR ( 'NONE', #4763, 1000.000000000000000 ) ;
#4567 = DIRECTION ( 'NONE',  ( 1.000000000000000000, 0.000000000000000000, 0.000000000000000000 ) ) ;
#4568 = CARTESIAN_POINT ( 'NONE',  ( 0.000000000000000000, 0.000000000000000000, -1.500000000000000000 ) ) ;
#4569 = ORIENTED_EDGE ( 'NONE', *, *, #961, .F. ) ;
#4570 = APPROVAL_PERSON_ORGANIZATION ( #2608, #4027, #76 ) ;
#4571 = EDGE_LOOP ( 'NONE', ( #939, #3628, #1735, #3260, #87 ) ) ;
#4572 = ORIENTED_EDGE ( 'NONE', *, *, #3245, .T. ) ;
#4573 = CARTESIAN_POINT ( 'NONE',  ( 15.90000000000005720, 355.0000000000000000, 22.40000000000000568 ) ) ;
#4574 = COORDINATED_UNIVERSAL_TIME_OFFSET ( 8, 0, .AHEAD. ) ;
#4575 = CIRCLE ( 'NONE', #330, 15.00000000000000000 ) ;
#4576 = EDGE_CURVE ( 'NONE', #2114, #3678, #4605, .T. ) ;
#4577 = EDGE_CURVE ( 'NONE', #2956, #885, #2404, .T. ) ;
#4578 = VERTEX_POINT ( 'NONE', #4292 ) ;
#4579 = ORIENTED_EDGE ( 'NONE', *, *, #3663, .T. ) ;
#4580 = ORIENTED_EDGE ( 'NONE', *, *, #436, .T. ) ;
#4581 = PRODUCT_DEFINITION_SHAPE ( 'NONE', 'NONE',  #4530 ) ;
#4582 = EDGE_LOOP ( 'NONE', ( #2595, #1377, #3538, #4457 ) ) ;
#4583 = CARTESIAN_POINT ( 'NONE',  ( 886.8000000000000682, -65.49999999999984368, 316.7999999999999545 ) ) ;
#4584 = AXIS2_PLACEMENT_3D ( 'NONE', #1293, #4220, #2674 ) ;
#4585 = APPROVAL_PERSON_ORGANIZATION ( #389, #3874, #1165 ) ;
#4586 = AXIS2_PLACEMENT_3D ( 'NONE', #2333, #3796, #1611 ) ;
#4587 = EDGE_LOOP ( 'NONE', ( #2671, #868, #4397, #4302 ) ) ;
#4588 = CIRCLE ( 'NONE', #2958, 5.049999999999998934 ) ;
#4589 = CARTESIAN_POINT ( 'NONE',  ( 8.500145032286354763E-14, 220.0000000000000568, 15.00000000000000000 ) ) ;
#4590 = ORIENTED_EDGE ( 'NONE', *, *, #2456, .T. ) ;
#4591 = CARTESIAN_POINT ( 'NONE',  ( 15.00000000000008527, -240.0000000000000000, 15.00000000000000000 ) ) ;
#4592 = EDGE_CURVE ( 'NONE', #3388, #619, #4187, .T. ) ;
#4593 = ADVANCED_FACE ( 'NONE', ( #3958 ), #4601, .F. ) ;
#4594 = CARTESIAN_POINT ( 'NONE',  ( 894.8000000000002956, -624.4999999999998863, 300.0000000000000000 ) ) ;
#4595 = PRODUCT_DEFINITION ( '未知', '', #1153, #3634 ) ;
#4596 = LINE ( 'NONE', #3660, #631 ) ;
#4597 = ORIENTED_EDGE ( 'NONE', *, *, #683, .F. ) ;
#4598 = CARTESIAN_POINT ( 'NONE',  ( 5.200000000000006395, -65.49999999999995737, 316.7999999999999545 ) ) ;
#4599 = CIRCLE ( 'NONE', #3379, 5.049999999999998934 ) ;
#4600 = DIRECTION ( 'NONE',  ( -1.000000000000000000, 0.000000000000000000, 0.000000000000000000 ) ) ;
#4601 = CYLINDRICAL_SURFACE ( 'NONE', #2107, 6.500000000000005329 ) ;
#4602 = CARTESIAN_POINT ( 'NONE',  ( 202.0000000000000568, -18.00000000000000000, 300.0000000000000000 ) ) ;
#4603 = CIRCLE ( 'NONE', #1240, 5.049999999999998934 ) ;
#4604 = ORIENTED_EDGE ( 'NONE', *, *, #713, .F. ) ;
#4605 = LINE ( 'NONE', #4278, #3269 ) ;
#4606 = LINE ( 'NONE', #2139, #3604 ) ;
#4607 = FACE_OUTER_BOUND ( 'NONE', #4264, .T. ) ;
#4608 = VECTOR ( 'NONE', #760, 1000.000000000000000 ) ;
#4609 = CARTESIAN_POINT ( 'NONE',  ( 33.00000000000007105, -239.9999999999999716, 27.00000000000000711 ) ) ;
#4610 = ORIENTED_EDGE ( 'NONE', *, *, #1776, .F. ) ;
#4611 = DIRECTION ( 'NONE',  ( -0.000000000000000000, 1.000000000000000000, -0.000000000000000000 ) ) ;
#4612 = LINE ( 'NONE', #144, #4139 ) ;
#4613 = CIRCLE ( 'NONE', #3155, 5.049999999999998934 ) ;
#4614 = CARTESIAN_POINT ( 'NONE',  ( 869.9999999999998863, -667.9999999999998863, 2.000000000000000000 ) ) ;
#4615 = DIRECTION ( 'NONE',  ( 0.000000000000000000, 0.000000000000000000, -1.000000000000000000 ) ) ;
#4616 = AXIS2_PLACEMENT_3D ( 'NONE', #2725, #4201, #3466 ) ;
#4617 = DIRECTION ( 'NONE',  ( -0.000000000000000000, -1.000000000000000000, -0.000000000000000000 ) ) ;
#4618 = VECTOR ( 'NONE', #4465, 1000.000000000000000 ) ;
#4619 = DIRECTION ( 'NONE',  ( 0.000000000000000000, 0.000000000000000000, 1.000000000000000000 ) ) ;
#4620 = CARTESIAN_POINT ( 'NONE',  ( 870.0000000000002274, -624.4999999999998863, 300.0000000000000000 ) ) ;
#4621 = DIRECTION ( 'NONE',  ( -0.000000000000000000, 1.000000000000000000, -0.000000000000000000 ) ) ;
#4622 = CC_DESIGN_APPROVAL ( #4648, ( #2336 ) ) ;
#4623 = ORIENTED_EDGE ( 'NONE', *, *, #4343, .F. ) ;
#4624 = ORIENTED_EDGE ( 'NONE', *, *, #290, .F. ) ;
#4625 = ORIENTED_EDGE ( 'NONE', *, *, #296, .F. ) ;
#4626 = PERSON_AND_ORGANIZATION ( #1054, #663 ) ;
#4627 = CARTESIAN_POINT ( 'NONE',  ( 202.0000000000000853, -361.9999999999998863, 977.2001181334803732 ) ) ;
#4628 = DIRECTION ( 'NONE',  ( -0.000000000000000000, 1.000000000000000000, -0.000000000000000000 ) ) ;
#4629 = DATE_AND_TIME ( #1258, #447 ) ;
#4630 = ORIENTED_EDGE ( 'NONE', *, *, #1282, .F. ) ;
#4631 = VERTEX_POINT ( 'NONE', #1017 ) ;
#4632 = VECTOR ( 'NONE', #67, 1000.000000000000000 ) ;
#4633 = VERTEX_POINT ( 'NONE', #3883 ) ;
#4634 = CARTESIAN_POINT ( 'NONE',  ( 15.90000000000005720, -551.0000000000004547, 15.90000000000000036 ) ) ;
#4635 = ADVANCED_FACE ( 'NONE', ( #3386 ), #1682, .T. ) ;
#4636 = VERTEX_POINT ( 'NONE', #2823 ) ;
#4637 = AXIS2_PLACEMENT_3D ( 'NONE', #552, #3783, #4527 ) ;
#4638 = CARTESIAN_POINT ( 'NONE',  ( 15.00000000000008527, 270.0000000000000568, 15.00000000000000000 ) ) ;
#4639 = CARTESIAN_POINT ( 'NONE',  ( 30.00000000000000355, -65.49999999999995737, 300.0000000000000000 ) ) ;
#4640 = VERTEX_POINT ( 'NONE', #984 ) ;
#4641 = CARTESIAN_POINT ( 'NONE',  ( 15.90000000000005720, -353.5000000000000000, 15.90000000000000036 ) ) ;
#4642 = VECTOR ( 'NONE', #4724, 1000.000000000000000 ) ;
#4643 = CARTESIAN_POINT ( 'NONE',  ( -0.000000000000000000, 240.0000000000000284, 0.000000000000000000 ) ) ;
#4644 = DIRECTION ( 'NONE',  ( 0.000000000000000000, -1.000000000000000000, 0.000000000000000000 ) ) ;
#4645 = CARTESIAN_POINT ( 'NONE',  ( 15.90000000000005720, -353.5000000000000000, 15.90000000000000036 ) ) ;
#4646 = CARTESIAN_POINT ( 'NONE',  ( 15.90000000000000036, -114.9999999999999574, 310.9499999999999886 ) ) ;
#4647 = AXIS2_PLACEMENT_3D ( 'NONE', #4730, #1066, #2962 ) ;
#4648 = APPROVAL ( #2657, '未指定' ) ;
#4649 = CARTESIAN_POINT ( 'NONE',  ( 15.90000000000005720, 353.5000000000000000, 15.90000000000000036 ) ) ;
#4650 = ORIENTED_EDGE ( 'NONE', *, *, #1090, .F. ) ;
#4651 = DIRECTION ( 'NONE',  ( 0.000000000000000000, 0.000000000000000000, 1.000000000000000000 ) ) ;
#4652 = ORIENTED_EDGE ( 'NONE', *, *, #2629, .F. ) ;
#4653 = DIRECTION ( 'NONE',  ( -1.000000000000000000, 0.000000000000000000, -0.000000000000000000 ) ) ;
#4654 = EDGE_CURVE ( 'NONE', #4523, #1929, #3895, .T. ) ;
#4655 = SECURITY_CLASSIFICATION ( '', '', #1564 ) ;
#4656 = LINE ( 'NONE', #2589, #4261 ) ;
#4657 = LINE ( 'NONE', #498, #3401 ) ;
#4658 = CARTESIAN_POINT ( 'NONE',  ( 15.90000000000005720, 353.5000000000000568, 15.90000000000000036 ) ) ;
#4659 = DIRECTION ( 'NONE',  ( 3.227392513445222318E-16, -1.000000000000000000, 0.000000000000000000 ) ) ;
#4660 = DIRECTION ( 'NONE',  ( 0.000000000000000000, -1.000000000000000000, 0.000000000000000000 ) ) ;
#4661 = ORIENTED_EDGE ( 'NONE', *, *, #1627, .T. ) ;
#4662 = LINE ( 'NONE', #2748, #1285 ) ;
#4663 = VECTOR ( 'NONE', #1018, 1000.000000000000000 ) ;
#4664 = DIRECTION ( 'NONE',  ( 0.000000000000000000, 0.000000000000000000, 1.000000000000000000 ) ) ;
#4665 = LINE ( 'NONE', #319, #4608 ) ;
#4666 = LINE ( 'NONE', #453, #3914 ) ;
#4667 = EDGE_CURVE ( 'NONE', #3174, #2419, #2991, .T. ) ;
#4668 = DIRECTION ( 'NONE',  ( 1.000000000000000000, 0.000000000000000000, 0.000000000000000000 ) ) ;
#4669 = ORIENTED_EDGE ( 'NONE', *, *, #3183, .F. ) ;
#4670 = ORIENTED_EDGE ( 'NONE', *, *, #4592, .F. ) ;
#4671 = DIRECTION ( 'NONE',  ( 1.000000000000000000, -0.000000000000000000, -0.000000000000000000 ) ) ;
#4672 = EDGE_CURVE ( 'NONE', #3896, #4384, #2160, .T. ) ;
#4673 = AXIS2_PLACEMENT_3D ( 'NONE', #321, #2192, #1800 ) ;
#4674 = LINE ( 'NONE', #1808, #4038 ) ;
#4675 = CARTESIAN_POINT ( 'NONE',  ( 8.572527594031471730E-14, 355.0000000000000000, 30.00000000000000000 ) ) ;
#4676 = VERTEX_POINT ( 'NONE', #1382 ) ;
#4677 = APPROVAL_PERSON_ORGANIZATION ( #4285, #2245, #2323 ) ;
#4678 = EDGE_CURVE ( 'NONE', #610, #2858, #3495, .T. ) ;
#4679 = CC_DESIGN_PERSON_AND_ORGANIZATION_ASSIGNMENT ( #2551, #917, ( #573 ) ) ;
#4680 = ORIENTED_EDGE ( 'NONE', *, *, #1848, .T. ) ;
#4681 = ORIENTED_EDGE ( 'NONE', *, *, #1582, .T. ) ;
#4682 = LOCAL_TIME ( 9, 9, 43.00000000000000000, #895 ) ;
#4683 = EDGE_LOOP ( 'NONE', ( #4706, #1074 ) ) ;
#4684 = CARTESIAN_POINT ( 'NONE',  ( 894.8000000000002956, -624.4999999999998863, 316.7999999999999545 ) ) ;
#4685 = PLANE ( 'NONE',  #368 ) ;
#4686 = DATE_AND_TIME ( #1140, #4103 ) ;
#4687 = VECTOR ( 'NONE', #2103, 1000.000000000000000 ) ;
#4688 = ORIENTED_EDGE ( 'NONE', *, *, #5, .T. ) ;
#4689 = DIRECTION ( 'NONE',  ( 0.000000000000000000, 0.000000000000000000, 1.000000000000000000 ) ) ;
#4690 = PERSON_AND_ORGANIZATION_ROLE ( 'design_supplier' ) ;
#4691 = LINE ( 'NONE', #957, #1531 ) ;
#4692 = CARTESIAN_POINT ( 'NONE',  ( 8.572527594031471730E-14, 355.0000000000000000, 15.00000000000000000 ) ) ;
#4693 = EDGE_LOOP ( 'NONE', ( #3420, #2130, #1861, #3139 ) ) ;
#4694 = EDGE_CURVE ( 'NONE', #751, #1329, #1811, .T. ) ;
#4695 = ORIENTED_EDGE ( 'NONE', *, *, #2521, .T. ) ;
#4696 = AXIS2_PLACEMENT_3D ( 'NONE', #1928, #537, #3149 ) ;
#4697 = ORIENTED_EDGE ( 'NONE', *, *, #184, .F. ) ;
#4698 = LOCAL_TIME ( 9, 9, 43.00000000000000000, #913 ) ;
#4699 = VERTEX_POINT ( 'NONE', #3288 ) ;
#4700 = DIRECTION ( 'NONE',  ( 0.000000000000000000, -0.000000000000000000, 1.000000000000000000 ) ) ;
#4701 = ADVANCED_FACE ( 'NONE', ( #1424 ), #3718, .T. ) ;
#4702 = LINE ( 'NONE', #2296, #3717 ) ;
#4703 = EDGE_CURVE ( 'NONE', #2569, #3041, #916, .T. ) ;
#4704 = FACE_OUTER_BOUND ( 'NONE', #1058, .T. ) ;
#4705 = CC_DESIGN_APPROVAL ( #4467, ( #3970 ) ) ;
#4706 = ORIENTED_EDGE ( 'NONE', *, *, #2487, .T. ) ;
#4707 = CARTESIAN_POINT ( 'NONE',  ( 15.90000000000005720, 353.5000000000000000, 9.399999999999995026 ) ) ;
#4708 = CIRCLE ( 'NONE', #2457, 5.000000000000000000 ) ;
#4709 = CARTESIAN_POINT ( 'NONE',  ( 0.000000000000000000, 0.000000000000000000, 0.000000000000000000 ) ) ;
#4710 = CIRCLE ( 'NONE', #3929, 8.000000000000007105 ) ;
#4711 = EDGE_CURVE ( 'NONE', #2588, #4305, #968, .T. ) ;
#4712 = AXIS2_PLACEMENT_3D ( 'NONE', #410, #1607, #3156 ) ;
#4713 = LINE ( 'NONE', #2359, #816 ) ;
#4714 = LINE ( 'NONE', #1076, #3727 ) ;
#4715 = FACE_BOUND ( 'NONE', #1002, .T. ) ;
#4716 =( LENGTH_UNIT ( ) NAMED_UNIT ( * ) SI_UNIT ( .MILLI., .METRE. ) );
#4717 = CARTESIAN_POINT ( 'NONE',  ( 889.1500000000002046, -624.4999999999998863, 316.0000000000000000 ) ) ;
#4718 = ADVANCED_FACE ( 'NONE', ( #4704 ), #3261, .T. ) ;
#4719 = EDGE_CURVE ( 'NONE', #1914, #233, #1157, .T. ) ;
#4720 = VECTOR ( 'NONE', #2035, 1000.000000000000000 ) ;
#4721 = CARTESIAN_POINT ( 'NONE',  ( 680.0000000000000000, -17.99999999999993960, 977.2001181334804869 ) ) ;
#4722 = EDGE_LOOP ( 'NONE', ( #1931, #1760, #1034, #3072 ) ) ;
#4723 = ORIENTED_EDGE ( 'NONE', *, *, #3054, .T. ) ;
#4724 = DIRECTION ( 'NONE',  ( -0.000000000000000000, -0.000000000000000000, -1.000000000000000000 ) ) ;
#4725 = EDGE_CURVE ( 'NONE', #2525, #4401, #4751, .T. ) ;
#4726 = VECTOR ( 'NONE', #3267, 1000.000000000000000 ) ;
#4727 = AXIS2_PLACEMENT_3D ( 'NONE', #1373, #2178, #3346 ) ;
#4728 = CARTESIAN_POINT ( 'NONE',  ( 878.0000000000002274, -624.4999999999998863, 316.7999999999999545 ) ) ;
#4729 = ORIENTED_EDGE ( 'NONE', *, *, #1010, .F. ) ;
#4730 = CARTESIAN_POINT ( 'NONE',  ( 22.00000000000000711, -65.49999999999995737, 316.7999999999999545 ) ) ;
#4731 = EDGE_CURVE ( 'NONE', #3593, #1050, #2820, .T. ) ;
#4732 = AXIS2_PLACEMENT_3D ( 'NONE', #402, #1505, #4508 ) ;
#4733 = APPROVAL_DATE_TIME ( #717, #1059 ) ;
#4734 = CARTESIAN_POINT ( 'NONE',  ( 15.90000000000005720, -353.5000000000000000, 9.399999999999995026 ) ) ;
#4735 = EDGE_CURVE ( 'NONE', #3325, #190, #1707, .T. ) ;
#4736 = DATE_AND_TIME ( #1856, #4049 ) ;
#4737 = CC_DESIGN_PERSON_AND_ORGANIZATION_ASSIGNMENT ( #4285, #2642, ( #411 ) ) ;
#4738 = DIRECTION ( 'NONE',  ( -1.000000000000000000, -1.609018876268343055E-16, 0.000000000000000000 ) ) ;
#4739 = ORIENTED_EDGE ( 'NONE', *, *, #2194, .F. ) ;
#4740 = ORIENTED_EDGE ( 'NONE', *, *, #3490, .T. ) ;
#4741 = DIRECTION ( 'NONE',  ( -1.000000000000000000, 0.000000000000000000, 0.000000000000000000 ) ) ;
#4742 = PLANE ( 'NONE',  #1885 ) ;
#4743 = EDGE_LOOP ( 'NONE', ( #1523, #4321, #310, #1485 ) ) ;
#4744 = VERTEX_POINT ( 'NONE', #754 ) ;
#4745 = VERTEX_POINT ( 'NONE', #3672 ) ;
#4746 = CYLINDRICAL_SURFACE ( 'NONE', #590, 15.00000000000000000 ) ;
#4747 = EDGE_CURVE ( 'NONE', #2532, #143, #690, .T. ) ;
#4748 = DIRECTION ( 'NONE',  ( 1.708035422500241419E-16, 1.000000000000000000, 0.000000000000000000 ) ) ;
#4749 = DIRECTION ( 'NONE',  ( 0.000000000000000000, 0.000000000000000000, -1.000000000000000000 ) ) ;
#4750 = ORIENTED_EDGE ( 'NONE', *, *, #2629, .T. ) ;
#4751 = LINE ( 'NONE', #380, #3840 ) ;
#4752 = EDGE_CURVE ( 'NONE', #4335, #314, #472, .T. ) ;
#4753 = AXIS2_PLACEMENT_3D ( 'NONE', #2438, #1639, #4206 ) ;
#4754 = AXIS2_PLACEMENT_3D ( 'NONE', #3799, #2531, #2857 ) ;
#4755 = CARTESIAN_POINT ( 'NONE',  ( -311.0813204887218717, 240.8928571428571388, -162.3999999999999773 ) ) ;
#4756 = VECTOR ( 'NONE', #1765, 1000.000000000000000 ) ;
#4757 = CYLINDRICAL_SURFACE ( 'NONE', #4252, 5.000000000000000000 ) ;
#4758 = ORIENTED_EDGE ( 'NONE', *, *, #2585, .T. ) ;
#4759 = CARTESIAN_POINT ( 'NONE',  ( 13.20000000000000639, -65.49999999999995737, 324.7999999999999545 ) ) ;
#4760 = VECTOR ( 'NONE', #1428, 1000.000000000000000 ) ;
#4761 = CC_DESIGN_SECURITY_CLASSIFICATION ( #1361, ( #4768 ) ) ;
#4762 = ORIENTED_EDGE ( 'NONE', *, *, #3357, .T. ) ;
#4763 = DIRECTION ( 'NONE',  ( -2.065146995210486914E-16, 0.000000000000000000, -1.000000000000000000 ) ) ;
#4764 = DIRECTION ( 'NONE',  ( -1.000000000000000000, 0.000000000000000000, 0.000000000000000000 ) ) ;
#4765 = FACE_BOUND ( 'NONE', #648, .T. ) ;
#4766 = EDGE_CURVE ( 'NONE', #2177, #1148, #2519, .T. ) ;
#4767 = ORIENTED_EDGE ( 'NONE', *, *, #4371, .T. ) ;
#4768 = NEXT_ASSEMBLY_USAGE_OCCURRENCE ( 'NAUO1', ' ', ' ', #3226, #4530, $ ) ;
#4769 = NEXT_ASSEMBLY_USAGE_OCCURRENCE ( 'NAUO2', ' ', ' ', #3226, #4595, $ ) ;
#4770 = NEXT_ASSEMBLY_USAGE_OCCURRENCE ( 'NAUO3', ' ', ' ', #3226, #72, $ ) ;
#4771 = NEXT_ASSEMBLY_USAGE_OCCURRENCE ( 'NAUO4', ' ', ' ', #3226, #72, $ ) ;
#4772 = NEXT_ASSEMBLY_USAGE_OCCURRENCE ( 'NAUO5', ' ', ' ', #3226, #72, $ ) ;
#4773 = NEXT_ASSEMBLY_USAGE_OCCURRENCE ( 'NAUO6', ' ', ' ', #3226, #72, $ ) ;
#4774 = NEXT_ASSEMBLY_USAGE_OCCURRENCE ( 'NAUO7', ' ', ' ', #3226, #3618, $ ) ;
ENDSEC;
END-ISO-10303-21;
