ISO-10303-21;
HEADER;
FILE_DESCRIPTION (( 'STEP AP203' ),
    '1' );
FILE_NAME ('高柜01.STEP',
    '2026-05-27T01:50:06',
    ( 'Windows 用户' ),
    ( 'Microsoft' ),
    'SwSTEP 2.0',
    'SolidWorks 2018',
    '' );
FILE_SCHEMA (( 'CONFIG_CONTROL_DESIGN' ));
ENDSEC;

DATA;
#1 = DIRECTION ( 'NONE',  ( 0.000000000000000000, -0.000000000000000000, -1.000000000000000000 ) ) ;
#2 = FACE_BOUND ( 'NONE', #458, .T. ) ;
#3 = PLANE ( 'NONE',  #1256 ) ;
#4 = ADVANCED_FACE ( 'NONE', ( #341 ), #6, .T. ) ;
#5 = PLANE ( 'NONE',  #525 ) ;
#6 = CYLINDRICAL_SURFACE ( 'NONE', #513, 8.000000000000007105 ) ;
#7 = VERTEX_POINT ( 'NONE', #2137 ) ;
#8 = DIRECTION ( 'NONE',  ( 0.000000000000000000, 0.000000000000000000, 1.000000000000000000 ) ) ;
#9 = EDGE_CURVE ( 'NONE', #846, #816, #4547, .T. ) ;
#10 = CARTESIAN_POINT ( 'NONE',  ( -3869.999999999977263, 210.2500000000227374, 596.7999999999999545 ) ) ;
#11 = ORIENTED_EDGE ( 'NONE', *, *, #4873, .F. ) ;
#12 = DIRECTION ( 'NONE',  ( -1.000000000000000000, 0.000000000000000000, -0.000000000000000000 ) ) ;
#13 = ORIENTED_EDGE ( 'NONE', *, *, #553, .F. ) ;
#14 = DIRECTION ( 'NONE',  ( 0.000000000000000000, 1.000000000000000000, 0.000000000000000000 ) ) ;
#15 = AXIS2_PLACEMENT_3D ( 'NONE', #4555, #4181, #806 ) ;
#16 = SECURITY_CLASSIFICATION_LEVEL ( 'unclassified' ) ;
#17 = ADVANCED_FACE ( 'NONE', ( #86 ), #1751, .T. ) ;
#18 = ORIENTED_EDGE ( 'NONE', *, *, #5287, .T. ) ;
#19 = DIRECTION ( 'NONE',  ( 1.000000000000000000, 1.027984282060329272E-16, 0.000000000000000000 ) ) ;
#20 = PLANE ( 'NONE',  #4492 ) ;
#21 = ORIENTED_EDGE ( 'NONE', *, *, #306, .T. ) ;
#22 = CARTESIAN_POINT ( 'NONE',  ( -3894.799999999977445, 2239.750000000022737, 580.0000000000000000 ) ) ;
#23 = CALENDAR_DATE ( 2026, 27, 5 ) ;
#24 = DIRECTION ( 'NONE',  ( 0.000000000000000000, -0.000000000000000000, -1.000000000000000000 ) ) ;
#25 = EDGE_CURVE ( 'NONE', #4520, #1885, #5286, .T. ) ;
#26 = AXIS2_PLACEMENT_3D ( 'NONE', #4428, #4481, #2342 ) ;
#27 = ORIENTED_EDGE ( 'NONE', *, *, #3995, .F. ) ;
#28 = ORIENTED_EDGE ( 'NONE', *, *, #5287, .F. ) ;
#29 = CARTESIAN_POINT ( 'NONE',  ( 1.700029006457270953E-13, 615.0000000000001137, 27.00000000000000711 ) ) ;
#30 = DIRECTION ( 'NONE',  ( 0.000000000000000000, 0.000000000000000000, -1.000000000000000000 ) ) ;
#31 = CIRCLE ( 'NONE', #2329, 5.000000000000000888 ) ;
#32 = ORIENTED_EDGE ( 'NONE', *, *, #2706, .F. ) ;
#33 = DIRECTION ( 'NONE',  ( 1.000000000000000000, 0.000000000000000000, 0.000000000000000000 ) ) ;
#34 = FACE_OUTER_BOUND ( 'NONE', #4099, .T. ) ;
#35 = CARTESIAN_POINT ( 'NONE',  ( -28.00000000000001066, 215.0000000000001990, 22.00000000000000000 ) ) ;
#36 = ADVANCED_FACE ( 'NONE', ( #5140 ), #1010, .T. ) ;
#37 = CARTESIAN_POINT ( 'NONE',  ( -3884.099999999977626, 610.2500000000227374, 596.0000000000000000 ) ) ;
#39 = LINE ( 'NONE', #2680, #1890 ) ;
#38 =( REPRESENTATION_RELATIONSHIP ('NONE','NONE', #302, #3925 ) REPRESENTATION_RELATIONSHIP_WITH_TRANSFORMATION ( #5041 )SHAPE_REPRESENTATION_RELATIONSHIP( ) );
#40 = VERTEX_POINT ( 'NONE', #4237 ) ;
#41 = CIRCLE ( 'NONE', #4780, 27.00000000000011369 ) ;
#42 = EDGE_CURVE ( 'NONE', #325, #4520, #1585, .T. ) ;
#43 = CARTESIAN_POINT ( 'NONE',  ( -3353.999999999976808, 2.273181642920008017E-11, 82.00000000000001421 ) ) ;
#44 = DIRECTION ( 'NONE',  ( 0.000000000000000000, -1.000000000000000000, 0.000000000000000000 ) ) ;
#45 = CARTESIAN_POINT ( 'NONE',  ( -3884.099999999977626, 1010.250000000022510, 596.0000000000000000 ) ) ;
#46 = DIRECTION ( 'NONE',  ( 0.000000000000000000, 0.000000000000000000, 1.000000000000000000 ) ) ;
#47 = EDGE_CURVE ( 'NONE', #3929, #3040, #2120, .T. ) ;
#48 = ORIENTED_EDGE ( 'NONE', *, *, #1376, .T. ) ;
#49 = LINE ( 'NONE', #2354, #370 ) ;
#50 = DIRECTION ( 'NONE',  ( 0.000000000000000000, -0.000000000000000000, -1.000000000000000000 ) ) ;
#51 = ADVANCED_FACE ( 'NONE', ( #3308 ), #5208, .F. ) ;
#52 = EDGE_CURVE ( 'NONE', #5108, #5125, #4019, .T. ) ;
#53 = DIRECTION ( 'NONE',  ( 0.000000000000000000, 0.000000000000000000, -1.000000000000000000 ) ) ;
#54 = ORIENTED_EDGE ( 'NONE', *, *, #3547, .T. ) ;
#55 = CARTESIAN_POINT ( 'NONE',  ( 15.90000000000017089, 1123.500000000000000, 22.40000000000000213 ) ) ;
#56 = CIRCLE ( 'NONE', #2443, 27.00000000000013500 ) ;
#57 = AXIS2_PLACEMENT_3D ( 'NONE', #1561, #2760, #3185 ) ;
#58 = CIRCLE ( 'NONE', #1443, 27.00000000000013500 ) ;
#59 = DIRECTION ( 'NONE',  ( 0.000000000000000000, 0.000000000000000000, 1.000000000000000000 ) ) ;
#60 = PLANE ( 'NONE',  #1833 ) ;
#61 = DIRECTION ( 'NONE',  ( 0.000000000000000000, 0.000000000000000000, 1.000000000000000000 ) ) ;
#62 = VERTEX_POINT ( 'NONE', #1865 ) ;
#63 = EDGE_CURVE ( 'NONE', #777, #846, #4209, .T. ) ;
#64 = AXIS2_PLACEMENT_3D ( 'NONE', #1415, #1466, #3930 ) ;
#65 = DIRECTION ( 'NONE',  ( -0.000000000000000000, 1.000000000000000000, -0.000000000000000000 ) ) ;
#66 = DIRECTION ( 'NONE',  ( 0.000000000000000000, 0.000000000000000000, 1.000000000000000000 ) ) ;
#67 = FACE_BOUND ( 'NONE', #2047, .T. ) ;
#68 = EDGE_LOOP ( 'NONE', ( #1774, #5170, #4500, #1540, #5314, #4554, #543, #1529, #5117, #5032, #4889, #1117, #2616, #4697, #3197, #391, #4466, #2614, #406, #3769, #4222, #1453, #4695, #3510, #670, #2378, #3787, #614 ) ) ;
#69 = CALENDAR_DATE ( 2026, 27, 5 ) ;
#70 = DIRECTION ( 'NONE',  ( 0.000000000000000000, 1.000000000000000000, 0.000000000000000000 ) ) ;
#71 = ADVANCED_FACE ( 'NONE', ( #5073, #3120 ), #2662, .T. ) ;
#72 = CYLINDRICAL_SURFACE ( 'NONE', #2069, 20.00000000000012790 ) ;
#73 = ORIENTED_EDGE ( 'NONE', *, *, #5330, .T. ) ;
#74 = CARTESIAN_POINT ( 'NONE',  ( 15.00000000000016875, 1125.000000000000000, 15.00000000000000000 ) ) ;
#75 = EDGE_CURVE ( 'NONE', #5273, #3683, #4140, .T. ) ;
#76 = DIRECTION ( 'NONE',  ( -0.000000000000000000, -1.000000000000000000, -0.000000000000000000 ) ) ;
#77 = CARTESIAN_POINT ( 'NONE',  ( -3894.799999999977445, 1410.250000000022737, 580.0000000000000000 ) ) ;
#78 = CARTESIAN_POINT ( 'NONE',  ( -3843.999999999977263, 100.0000000000227374, 502.0000000000000000 ) ) ;
#79 = CARTESIAN_POINT ( 'NONE',  ( -3894.799999999977445, 1810.250000000022737, 580.0000000000000000 ) ) ;
#80 = LINE ( 'NONE', #3724, #3885 ) ;
#81 = DIRECTION ( 'NONE',  ( 0.000000000000000000, 1.000000000000000000, 0.000000000000000000 ) ) ;
#82 = CC_DESIGN_SECURITY_CLASSIFICATION ( #5036, ( #3551 ) ) ;
#83 = ORIENTED_EDGE ( 'NONE', *, *, #2432, .F. ) ;
#84 = DIRECTION ( 'NONE',  ( 0.000000000000000000, -1.000000000000000000, 0.000000000000000000 ) ) ;
#85 = DIRECTION ( 'NONE',  ( 0.000000000000000000, 1.000000000000000000, 0.000000000000000000 ) ) ;
#86 = FACE_OUTER_BOUND ( 'NONE', #2150, .T. ) ;
#87 = EDGE_CURVE ( 'NONE', #2106, #218, #632, .T. ) ;
#88 = ORIENTED_EDGE ( 'NONE', *, *, #3258, .F. ) ;
#89 = AXIS2_PLACEMENT_3D ( 'NONE', #45, #4268, #5053 ) ;
#90 = CARTESIAN_POINT ( 'NONE',  ( 15.90000000000017089, -1123.500000000000000, 15.90000000000000036 ) ) ;
#91 = DIRECTION ( 'NONE',  ( -0.000000000000000000, 1.000000000000000000, -0.000000000000000000 ) ) ;
#92 = VERTEX_POINT ( 'NONE', #619 ) ;
#93 = DIRECTION ( 'NONE',  ( 0.000000000000000000, 0.000000000000000000, 1.000000000000000000 ) ) ;
#94 = EDGE_LOOP ( 'NONE', ( #138, #4149, #1110, #740 ) ) ;
#95 = CARTESIAN_POINT ( 'NONE',  ( -3884.099999999977626, 1410.250000000022737, 590.9499999999997044 ) ) ;
#96 = EDGE_CURVE ( 'NONE', #1665, #1653, #5002, .T. ) ;
#97 = ADVANCED_FACE ( 'NONE', ( #2853, #1992 ), #572, .F. ) ;
#98 = CARTESIAN_POINT ( 'NONE',  ( -0.000000000000000000, -615.0000000000000000, 0.000000000000000000 ) ) ;
#99 = EDGE_LOOP ( 'NONE', ( #109, #5251, #1565, #5351 ) ) ;
#100 = AXIS2_PLACEMENT_3D ( 'NONE', #1479, #3533, #2761 ) ;
#101 = ORIENTED_EDGE ( 'NONE', *, *, #1215, .F. ) ;
#102 = DIRECTION ( 'NONE',  ( 0.000000000000000000, 1.000000000000000000, 0.000000000000000000 ) ) ;
#103 = CARTESIAN_POINT ( 'NONE',  ( -3877.999999999977263, 2239.750000000022737, 604.7999999999999545 ) ) ;
#104 = DIRECTION ( 'NONE',  ( -0.000000000000000000, 1.000000000000000000, -0.000000000000000000 ) ) ;
#105 = PLANE ( 'NONE',  #1593 ) ;
#106 = ORIENTED_EDGE ( 'NONE', *, *, #306, .F. ) ;
#107 = EDGE_CURVE ( 'NONE', #5227, #4801, #3578, .T. ) ;
#108 = AXIS2_PLACEMENT_3D ( 'NONE', #2084, #3419, #897 ) ;
#109 = ORIENTED_EDGE ( 'NONE', *, *, #5213, .T. ) ;
#110 = FACE_OUTER_BOUND ( 'NONE', #3365, .T. ) ;
#111 = CARTESIAN_POINT ( 'NONE',  ( -3894.799999999977445, 1010.250000000022510, 580.0000000000000000 ) ) ;
#112 = VECTOR ( 'NONE', #4789, 1000.000000000000000 ) ;
#113 = CARTESIAN_POINT ( 'NONE',  ( 15.90000000000017089, 585.0000000000000000, 15.90000000000000036 ) ) ;
#114 = ORIENTED_EDGE ( 'NONE', *, *, #1104, .F. ) ;
#115 = CARTESIAN_POINT ( 'NONE',  ( 15.90000000000017089, -1123.500000000000000, 9.400000000000000355 ) ) ;
#116 = LINE ( 'NONE', #3016, #2479 ) ;
#117 = ORIENTED_EDGE ( 'NONE', *, *, #3472, .T. ) ;
#118 = CARTESIAN_POINT ( 'NONE',  ( 15.90000000000017089, -1125.000000000000000, 9.400000000000000355 ) ) ;
#119 = CIRCLE ( 'NONE', #1991, 27.00000000000011369 ) ;
#120 = PERSON_AND_ORGANIZATION ( #3792, #4394 ) ;
#121 = EDGE_CURVE ( 'NONE', #4673, #820, #3958, .T. ) ;
#122 = VECTOR ( 'NONE', #498, 1000.000000000000000 ) ;
#123 = ADVANCED_FACE ( 'NONE', ( #475 ), #3449, .F. ) ;
#124 = VERTEX_POINT ( 'NONE', #5183 ) ;
#125 = FACE_OUTER_BOUND ( 'NONE', #1033, .T. ) ;
#126 = CIRCLE ( 'NONE', #3689, 5.050000000000220979 ) ;
#127 = DIRECTION ( 'NONE',  ( 0.000000000000000000, 0.000000000000000000, -1.000000000000000000 ) ) ;
#128 = EDGE_CURVE ( 'NONE', #3172, #5174, #3823, .T. ) ;
#129 = CARTESIAN_POINT ( 'NONE',  ( -3894.799999999977445, 1410.250000000022737, 580.0000000000000000 ) ) ;
#130 = VERTEX_POINT ( 'NONE', #3142 ) ;
#131 = AXIS2_PLACEMENT_3D ( 'NONE', #442, #5011, #2501 ) ;
#132 = PERSON_AND_ORGANIZATION ( #413, #3566 ) ;
#133 = DIRECTION ( 'NONE',  ( 1.000000000000000000, 0.000000000000000000, 0.000000000000000000 ) ) ;
#134 = CARTESIAN_POINT ( 'NONE',  ( 0.000000000000000000, 0.000000000000000000, 1000.000000000000000 ) ) ;
#135 = CARTESIAN_POINT ( 'NONE',  ( -28.00000000000001066, 585.0000000000001137, 27.00000000000000355 ) ) ;
#136 = CARTESIAN_POINT ( 'NONE',  ( -28.00000000000001066, -615.0000000000000000, 22.00000000000000000 ) ) ;
#137 = VERTEX_POINT ( 'NONE', #115 ) ;
#138 = ORIENTED_EDGE ( 'NONE', *, *, #3520, .T. ) ;
#139 = EDGE_CURVE ( 'NONE', #2068, #3071, #4345, .T. ) ;
#140 = AXIS2_PLACEMENT_3D ( 'NONE', #5292, #4498, #3241 ) ;
#141 = VECTOR ( 'NONE', #3155, 1000.000000000000000 ) ;
#142 = DIRECTION ( 'NONE',  ( 1.137523590804460124E-16, 0.000000000000000000, -1.000000000000000000 ) ) ;
#143 = ORIENTED_EDGE ( 'NONE', *, *, #5023, .T. ) ;
#144 = CARTESIAN_POINT ( 'NONE',  ( -3843.999999999977263, 15.00000000002273204, 481.9999999999998295 ) ) ;
#145 = CIRCLE ( 'NONE', #2476, 27.00000000000011369 ) ;
#146 = PLANE ( 'NONE',  #5081 ) ;
#147 = CIRCLE ( 'NONE', #403, 27.00000000000013500 ) ;
#148 = DIRECTION ( 'NONE',  ( -0.000000000000000000, 1.000000000000000000, -0.000000000000000000 ) ) ;
#149 = ORIENTED_EDGE ( 'NONE', *, *, #2857, .F. ) ;
#150 = DIRECTION ( 'NONE',  ( 0.000000000000000000, 1.000000000000000000, 0.000000000000000000 ) ) ;
#151 = ADVANCED_FACE ( 'NONE', ( #3186 ), #879, .T. ) ;
#152 = DIRECTION ( 'NONE',  ( 0.000000000000000000, 0.000000000000000000, 1.000000000000000000 ) ) ;
#153 = ORIENTED_EDGE ( 'NONE', *, *, #235, .T. ) ;
#154 = EDGE_CURVE ( 'NONE', #4493, #219, #1070, .T. ) ;
#155 = CC_DESIGN_PERSON_AND_ORGANIZATION_ASSIGNMENT ( #2567, #1615, ( #4296 ) ) ;
#156 = ORIENTED_EDGE ( 'NONE', *, *, #4602, .T. ) ;
#157 = DIRECTION ( 'NONE',  ( 0.000000000000000000, 0.000000000000000000, 1.000000000000000000 ) ) ;
#158 = ORIENTED_EDGE ( 'NONE', *, *, #3472, .F. ) ;
#159 = ORIENTED_EDGE ( 'NONE', *, *, #754, .T. ) ;
#160 = ORIENTED_EDGE ( 'NONE', *, *, #4194, .F. ) ;
#161 = CARTESIAN_POINT ( 'NONE',  ( -3353.999999999976808, 15.00000000002273204, 502.0000000000000000 ) ) ;
#162 = SHAPE_DEFINITION_REPRESENTATION ( #3278, #302 ) ;
#163 = DIRECTION ( 'NONE',  ( 0.000000000000000000, 1.000000000000000000, 0.000000000000000000 ) ) ;
#164 = APPROVAL_STATUS ( 'not_yet_approved' ) ;
#165 = ORIENTED_EDGE ( 'NONE', *, *, #3036, .T. ) ;
#166 = EDGE_LOOP ( 'NONE', ( #1278, #762, #2727, #1118 ) ) ;
#167 = CARTESIAN_POINT ( 'NONE',  ( 15.90000000000017089, -1125.000000000000000, 15.90000000000000036 ) ) ;
#168 = DIRECTION ( 'NONE',  ( 1.261617073437678245E-16, 0.000000000000000000, 1.000000000000000000 ) ) ;
#169 = APPROVAL_DATE_TIME ( #4043, #4316 ) ;
#170 = CYLINDRICAL_SURFACE ( 'NONE', #2109, 5.000000000000000000 ) ;
#171 = CARTESIAN_POINT ( 'NONE',  ( -3843.999999999977263, 15.00000000002273204, 502.0000000000000000 ) ) ;
#172 = CARTESIAN_POINT ( 'NONE',  ( -3843.999999999977263, 85.00000000002273737, 502.0000000000000000 ) ) ;
#173 = ORIENTED_EDGE ( 'NONE', *, *, #3988, .T. ) ;
#174 = LINE ( 'NONE', #3760, #1491 ) ;
#175 = CARTESIAN_POINT ( 'NONE',  ( 1.708382284810557841E-13, 1015.000000000000114, 30.00000000000000000 ) ) ;
#176 = DIRECTION ( 'NONE',  ( 0.000000000000000000, 1.000000000000000000, 0.000000000000000000 ) ) ;
#177 = CIRCLE ( 'NONE', #3530, 6.500000000000000888 ) ;
#178 = FACE_OUTER_BOUND ( 'NONE', #2387, .T. ) ;
#179 = ORIENTED_EDGE ( 'NONE', *, *, #2893, .T. ) ;
#180 = EDGE_CURVE ( 'NONE', #2570, #3002, #5216, .T. ) ;
#181 = ADVANCED_FACE ( 'NONE', ( #4418 ), #3047, .T. ) ;
#182 = FACE_BOUND ( 'NONE', #3464, .T. ) ;
#183 = CIRCLE ( 'NONE', #26, 5.000000000000000888 ) ;
#184 = CARTESIAN_POINT ( 'NONE',  ( -3329.999999999977717, 2320.000000000022737, 22.00000000000002132 ) ) ;
#185 = CARTESIAN_POINT ( 'NONE',  ( -3884.099999999977626, 1810.250000000022737, 596.0000000000000000 ) ) ;
#186 = LINE ( 'NONE', #2348, #3610 ) ;
#187 = ORIENTED_EDGE ( 'NONE', *, *, #4878, .F. ) ;
#188 = CARTESIAN_POINT ( 'NONE',  ( -3869.999999999977263, 2239.750000000022737, 580.0000000000000000 ) ) ;
#189 = CIRCLE ( 'NONE', #4556, 20.00000000000018474 ) ;
#190 = APPROVAL_DATE_TIME ( #3555, #5270 ) ;
#191 = CARTESIAN_POINT ( 'NONE',  ( 15.90000000000017089, -1125.000000000000000, 20.90000000000000213 ) ) ;
#192 = CARTESIAN_POINT ( 'NONE',  ( -3894.799999999977445, 1039.750000000022510, 596.7999999999999545 ) ) ;
#193 = ORIENTED_EDGE ( 'NONE', *, *, #884, .F. ) ;
#194 = PRODUCT_DEFINITION_SHAPE ( 'NONE', 'NONE',  #5465 ) ;
#195 = VECTOR ( 'NONE', #1566, 1000.000000000000000 ) ;
#196 = CARTESIAN_POINT ( 'NONE',  ( -3894.799999999977445, 610.2500000000227374, 580.0000000000000000 ) ) ;
#197 = EDGE_LOOP ( 'NONE', ( #1184, #1528 ) ) ;
#198 = DIRECTION ( 'NONE',  ( 0.000000000000000000, -0.000000000000000000, -1.000000000000000000 ) ) ;
#199 = LINE ( 'NONE', #5228, #3030 ) ;
#200 = EDGE_LOOP ( 'NONE', ( #269, #2952 ) ) ;
#201 = COORDINATED_UNIVERSAL_TIME_OFFSET ( 8, 0, .AHEAD. ) ;
#202 = CIRCLE ( 'NONE', #15, 8.000000000000007105 ) ;
#203 = VECTOR ( 'NONE', #5284, 1000.000000000000000 ) ;
#204 = EDGE_CURVE ( 'NONE', #4357, #3651, #1793, .T. ) ;
#205 = CARTESIAN_POINT ( 'NONE',  ( -3894.799999999977445, 1410.250000000022737, 596.7999999999999545 ) ) ;
#206 = FACE_OUTER_BOUND ( 'NONE', #4581, .T. ) ;
#207 = AXIS2_PLACEMENT_3D ( 'NONE', #2732, #649, #3577 ) ;
#208 = EDGE_LOOP ( 'NONE', ( #1091, #834, #4330, #4935 ) ) ;
#209 = ADVANCED_FACE ( 'NONE', ( #692 ), #1721, .T. ) ;
#210 = DIRECTION ( 'NONE',  ( 0.000000000000000000, -1.000000000000000000, 0.000000000000000000 ) ) ;
#211 = DIRECTION ( 'NONE',  ( 0.000000000000000000, -0.000000000000000000, 1.000000000000000000 ) ) ;
#212 = CARTESIAN_POINT ( 'NONE',  ( -3869.999999999977263, 1439.750000000022737, 596.7999999999999545 ) ) ;
#213 = LINE ( 'NONE', #2410, #5210 ) ;
#214 = EDGE_CURVE ( 'NONE', #2943, #62, #4084, .T. ) ;
#215 = AXIS2_PLACEMENT_3D ( 'NONE', #809, #1597, #3418 ) ;
#216 = CARTESIAN_POINT ( 'NONE',  ( -3353.999999999976808, 85.00000000002273737, 82.00000000000001421 ) ) ;
#217 = LINE ( 'NONE', #418, #2324 ) ;
#218 = VERTEX_POINT ( 'NONE', #3212 ) ;
#219 = VERTEX_POINT ( 'NONE', #1519 ) ;
#220 = CARTESIAN_POINT ( 'NONE',  ( -3353.999999999976808, 15.00000000002273204, 61.99999999999982947 ) ) ;
#221 = EDGE_LOOP ( 'NONE', ( #3513, #4777 ) ) ;
#222 = CARTESIAN_POINT ( 'NONE',  ( 1.708382284810557841E-13, 1125.000000000000000, 0.000000000000000000 ) ) ;
#223 = CARTESIAN_POINT ( 'NONE',  ( -3843.999999999977263, 100.0000000000227374, 474.9999999999998863 ) ) ;
#224 = DIRECTION ( 'NONE',  ( 0.000000000000000000, 0.000000000000000000, -1.000000000000000000 ) ) ;
#225 = ORIENTED_EDGE ( 'NONE', *, *, #1501, .T. ) ;
#226 = ORIENTED_EDGE ( 'NONE', *, *, #5061, .F. ) ;
#227 = DIRECTION ( 'NONE',  ( 0.000000000000000000, -0.000000000000000000, 1.000000000000000000 ) ) ;
#228 = AXIS2_PLACEMENT_3D ( 'NONE', #986, #4367, #5224 ) ;
#229 = CYLINDRICAL_SURFACE ( 'NONE', #5214, 5.000000000000000888 ) ;
#230 = DIRECTION ( 'NONE',  ( 1.137523590804460124E-16, 0.000000000000000000, -1.000000000000000000 ) ) ;
#231 = EDGE_LOOP ( 'NONE', ( #5193, #1299 ) ) ;
#232 = CARTESIAN_POINT ( 'NONE',  ( 1.700029006457270953E-13, 985.0000000000001137, 15.00000000000000000 ) ) ;
#233 = ORIENTED_EDGE ( 'NONE', *, *, #2235, .T. ) ;
#234 = ADVANCED_FACE ( 'NONE', ( #5280 ), #3157, .T. ) ;
#235 = EDGE_CURVE ( 'NONE', #1885, #1016, #2980, .T. ) ;
#236 = ORIENTED_EDGE ( 'NONE', *, *, #5034, .F. ) ;
#237 = VECTOR ( 'NONE', #150, 1000.000000000000000 ) ;
#238 = AXIS2_PLACEMENT_3D ( 'NONE', #4741, #2696, #999 ) ;
#239 = ORIENTED_EDGE ( 'NONE', *, *, #2508, .F. ) ;
#240 = CARTESIAN_POINT ( 'NONE',  ( -3884.099999999977626, 610.2500000000227374, 596.0000000000000000 ) ) ;
#241 = FACE_OUTER_BOUND ( 'NONE', #2612, .T. ) ;
#242 = ORIENTED_EDGE ( 'NONE', *, *, #2099, .T. ) ;
#243 = DIRECTION ( 'NONE',  ( -1.000000000000000000, 0.000000000000000000, 0.000000000000000000 ) ) ;
#244 = DIRECTION ( 'NONE',  ( 0.000000000000000000, 1.000000000000000000, 0.000000000000000000 ) ) ;
#245 = LINE ( 'NONE', #175, #2618 ) ;
#246 = EDGE_CURVE ( 'NONE', #4197, #4553, #2723, .T. ) ;
#247 = VECTOR ( 'NONE', #3044, 1000.000000000000000 ) ;
#248 = EDGE_LOOP ( 'NONE', ( #1739, #3263, #2522, #2488 ) ) ;
#249 = VECTOR ( 'NONE', #3944, 1000.000000000000000 ) ;
#250 = DIRECTION ( 'NONE',  ( 0.000000000000000000, 0.000000000000000000, 1.000000000000000000 ) ) ;
#251 = DATE_AND_TIME ( #1044, #310 ) ;
#252 = CARTESIAN_POINT ( 'NONE',  ( -3353.999999999976808, 85.00000000002273737, 82.00000000000001421 ) ) ;
#253 = EDGE_CURVE ( 'NONE', #4104, #4505, #4942, .T. ) ;
#254 = LINE ( 'NONE', #3670, #1107 ) ;
#255 = ORIENTED_EDGE ( 'NONE', *, *, #3466, .F. ) ;
#256 = CYLINDRICAL_SURFACE ( 'NONE', #1116, 8.000000000000007105 ) ;
#257 = DIRECTION ( 'NONE',  ( -0.000000000000000000, -1.000000000000000000, -0.000000000000000000 ) ) ;
#258 = DIRECTION ( 'NONE',  ( -1.000000000000000000, 0.000000000000000000, 0.000000000000000000 ) ) ;
#259 = EDGE_LOOP ( 'NONE', ( #1400, #773, #351, #4405 ) ) ;
#260 = EDGE_CURVE ( 'NONE', #2756, #3710, #3700, .T. ) ;
#261 = CC_DESIGN_APPROVAL ( #3474, ( #3916 ) ) ;
#262 = DIRECTION ( 'NONE',  ( 0.000000000000000000, -0.000000000000000000, -1.000000000000000000 ) ) ;
#263 = VERTEX_POINT ( 'NONE', #2753 ) ;
#264 = DIRECTION ( 'NONE',  ( -0.000000000000000000, 1.000000000000000000, -0.000000000000000000 ) ) ;
#265 = ORIENTED_EDGE ( 'NONE', *, *, #4925, .T. ) ;
#266 = LINE ( 'NONE', #3410, #1109 ) ;
#267 = ORIENTED_EDGE ( 'NONE', *, *, #3721, .T. ) ;
#268 = AXIS2_PLACEMENT_3D ( 'NONE', #1836, #142, #1796 ) ;
#269 = ORIENTED_EDGE ( 'NONE', *, *, #275, .F. ) ;
#270 = PERSON_AND_ORGANIZATION_ROLE ( 'classification_officer' ) ;
#271 = AXIS2_PLACEMENT_3D ( 'NONE', #79, #605, #3101 ) ;
#272 = CARTESIAN_POINT ( 'NONE',  ( 15.00000000000016875, -185.0000000000000568, 0.000000000000000000 ) ) ;
#273 = CARTESIAN_POINT ( 'NONE',  ( 15.90000000000017089, 615.0000000000002274, 20.90000000000000213 ) ) ;
#274 = ORIENTED_EDGE ( 'NONE', *, *, #1195, .T. ) ;
#275 = EDGE_CURVE ( 'NONE', #3688, #2717, #1461, .T. ) ;
#276 = AXIS2_PLACEMENT_3D ( 'NONE', #3023, #4837, #4981 ) ;
#277 = DIRECTION ( 'NONE',  ( 0.000000000000000000, 0.000000000000000000, -1.000000000000000000 ) ) ;
#278 = VERTEX_POINT ( 'NONE', #273 ) ;
#279 = DIRECTION ( 'NONE',  ( -0.000000000000000000, 1.000000000000000000, 0.000000000000000000 ) ) ;
#280 = EDGE_LOOP ( 'NONE', ( #2962, #4968, #2340, #2438 ) ) ;
#281 = DIRECTION ( 'NONE',  ( -1.000000000000000000, -0.000000000000000000, -1.137523590804460124E-16 ) ) ;
#282 = ORIENTED_EDGE ( 'NONE', *, *, #5198, .T. ) ;
#283 = ORIENTED_EDGE ( 'NONE', *, *, #3466, .T. ) ;
#284 = CC_DESIGN_APPROVAL ( #4971, ( #4298 ) ) ;
#285 = PERSON_AND_ORGANIZATION ( #413, #3566 ) ;
#286 = CARTESIAN_POINT ( 'NONE',  ( -3299.999999999976808, 100.0000000000227374, 580.0000000000000000 ) ) ;
#287 = CARTESIAN_POINT ( 'NONE',  ( -3886.799999999977445, 1839.750000000022965, 604.7999999999999545 ) ) ;
#288 = LINE ( 'NONE', #2959, #4956 ) ;
#289 = ORIENTED_EDGE ( 'NONE', *, *, #4472, .F. ) ;
#290 = DIRECTION ( 'NONE',  ( 0.000000000000000000, 0.000000000000000000, -1.000000000000000000 ) ) ;
#291 = ORIENTED_EDGE ( 'NONE', *, *, #1255, .T. ) ;
#292 = CARTESIAN_POINT ( 'NONE',  ( -3353.999999999976808, 2.273181642920008017E-11, 54.99999999999990052 ) ) ;
#293 = DIRECTION ( 'NONE',  ( 0.000000000000000000, -0.000000000000000000, -1.000000000000000000 ) ) ;
#294 = ORIENTED_EDGE ( 'NONE', *, *, #4194, .T. ) ;
#295 = EDGE_CURVE ( 'NONE', #2670, #130, #2055, .T. ) ;
#296 = LINE ( 'NONE', #2483, #1153 ) ;
#297 = AXIS2_PLACEMENT_3D ( 'NONE', #5242, #4787, #3119 ) ;
#298 = DIRECTION ( 'NONE',  ( -0.000000000000000000, -0.000000000000000000, -1.000000000000000000 ) ) ;
#299 = CIRCLE ( 'NONE', #1322, 20.00000000000018474 ) ;
#300 = EDGE_LOOP ( 'NONE', ( #106, #3326, #2407, #5237 ) ) ;
#301 = FACE_OUTER_BOUND ( 'NONE', #2546, .T. ) ;
#302 = SHAPE_REPRESENTATION ( '高柜01', ( #1979, #4993, #108, #4249, #3941 ), #957 ) ;
#303 = CIRCLE ( 'NONE', #3181, 8.000000000000007105 ) ;
#304 = DIRECTION ( 'NONE',  ( 0.000000000000000000, 1.000000000000000000, 0.000000000000000000 ) ) ;
#305 = ORIENTED_EDGE ( 'NONE', *, *, #873, .F. ) ;
#306 = EDGE_CURVE ( 'NONE', #943, #4505, #4822, .T. ) ;
#307 = DIRECTION ( 'NONE',  ( 0.000000000000000000, 0.000000000000000000, -1.000000000000000000 ) ) ;
#308 = AXIS2_PLACEMENT_3D ( 'NONE', #37, #5070, #5145 ) ;
#309 = CIRCLE ( 'NONE', #3404, 5.050000000000220979 ) ;
#310 = LOCAL_TIME ( 9, 50, 6.000000000000000000, #786 ) ;
#311 = VECTOR ( 'NONE', #4348, 1000.000000000000000 ) ;
#312 = CARTESIAN_POINT ( 'NONE',  ( -3843.999999999977263, 2.273181642920008017E-11, 502.0000000000000000 ) ) ;
#313 = EDGE_LOOP ( 'NONE', ( #2336, #929, #4717, #2452 ) ) ;
#314 = ORIENTED_EDGE ( 'NONE', *, *, #1999, .T. ) ;
#315 = DIRECTION ( 'NONE',  ( -0.000000000000000000, -0.000000000000000000, -1.000000000000000000 ) ) ;
#316 = CARTESIAN_POINT ( 'NONE',  ( 33.00000000000018474, 215.0000000000001990, 27.00000000000001066 ) ) ;
#317 = DIRECTION ( 'NONE',  ( 0.000000000000000000, -1.000000000000000000, 0.000000000000000000 ) ) ;
#318 = ORIENTED_EDGE ( 'NONE', *, *, #4940, .F. ) ;
#319 = EDGE_CURVE ( 'NONE', #2295, #3688, #80, .T. ) ;
#320 = CIRCLE ( 'NONE', #473, 6.500000000000002665 ) ;
#321 = VERTEX_POINT ( 'NONE', #764 ) ;
#322 = EDGE_CURVE ( 'NONE', #4755, #1877, #1324, .T. ) ;
#323 = CARTESIAN_POINT ( 'NONE',  ( -3869.999999999977263, 1439.750000000022737, 580.0000000000000000 ) ) ;
#324 = VECTOR ( 'NONE', #1452, 1000.000000000000000 ) ;
#325 = VERTEX_POINT ( 'NONE', #3696 ) ;
#326 = ORIENTED_EDGE ( 'NONE', *, *, #5457, .T. ) ;
#327 = EDGE_CURVE ( 'NONE', #2002, #40, #1194, .T. ) ;
#328 = DIRECTION ( 'NONE',  ( 0.000000000000000000, 1.000000000000000000, -0.000000000000000000 ) ) ;
#329 = DIRECTION ( 'NONE',  ( 0.000000000000000000, 1.000000000000000000, 0.000000000000000000 ) ) ;
#330 = VECTOR ( 'NONE', #691, 1000.000000000000000 ) ;
#331 = AXIS2_PLACEMENT_3D ( 'NONE', #5340, #4868, #3250 ) ;
#332 = DIRECTION ( 'NONE',  ( -1.000000000000000000, 0.000000000000000000, 0.000000000000000000 ) ) ;
#333 = LINE ( 'NONE', #4973, #2655 ) ;
#334 = VECTOR ( 'NONE', #2572, 1000.000000000000000 ) ;
#335 = CONICAL_SURFACE ( 'NONE', #4426, 4.000000000000003553, 0.7853981633974461696 ) ;
#336 = CARTESIAN_POINT ( 'NONE',  ( -3886.799999999977445, 2210.250000000022283, 596.7999999999999545 ) ) ;
#337 = CARTESIAN_POINT ( 'NONE',  ( -3877.999999999977263, 2210.250000000022283, 604.7999999999999545 ) ) ;
#338 = VERTEX_POINT ( 'NONE', #1608 ) ;
#339 = EDGE_CURVE ( 'NONE', #3040, #4801, #4410, .T. ) ;
#340 = AXIS2_PLACEMENT_3D ( 'NONE', #1526, #2815, #1507 ) ;
#341 = FACE_OUTER_BOUND ( 'NONE', #4045, .T. ) ;
#342 = VERTEX_POINT ( 'NONE', #4502 ) ;
#343 = PERSON_AND_ORGANIZATION_ROLE ( 'creator' ) ;
#344 = EDGE_CURVE ( 'NONE', #5329, #1606, #1126, .T. ) ;
#345 = DIRECTION ( 'NONE',  ( 0.000000000000000000, 0.000000000000000000, -1.000000000000000000 ) ) ;
#346 = VERTEX_POINT ( 'NONE', #4087 ) ;
#347 = ORIENTED_EDGE ( 'NONE', *, *, #810, .T. ) ;
#348 = CARTESIAN_POINT ( 'NONE',  ( -3869.999999999977263, 1410.250000000022737, 596.7999999999999545 ) ) ;
#349 = CARTESIAN_POINT ( 'NONE',  ( -3894.799999999977445, 1810.250000000022737, 596.7999999999999545 ) ) ;
#350 = VERTEX_POINT ( 'NONE', #2010 ) ;
#351 = ORIENTED_EDGE ( 'NONE', *, *, #772, .T. ) ;
#352 = CARTESIAN_POINT ( 'NONE',  ( -3877.999999999977263, 1839.750000000022965, 604.7999999999999545 ) ) ;
#353 = SECURITY_CLASSIFICATION ( '', '', #1467 ) ;
#354 = ORIENTED_EDGE ( 'NONE', *, *, #3247, .T. ) ;
#355 = DIRECTION ( 'NONE',  ( -0.000000000000000000, 1.000000000000000000, -0.000000000000000000 ) ) ;
#356 = CARTESIAN_POINT ( 'NONE',  ( 1.708382284810557841E-13, 1125.000000000000000, 27.00000000000000711 ) ) ;
#357 = EDGE_CURVE ( 'NONE', #4228, #4085, #213, .T. ) ;
#358 = VECTOR ( 'NONE', #281, 1000.000000000000000 ) ;
#359 = AXIS2_PLACEMENT_3D ( 'NONE', #1272, #4204, #2202 ) ;
#360 = ORIENTED_EDGE ( 'NONE', *, *, #4184, .F. ) ;
#361 = CYLINDRICAL_SURFACE ( 'NONE', #1464, 27.00000000000013500 ) ;
#362 = DIRECTION ( 'NONE',  ( -1.000000000000000000, 0.000000000000000000, 0.000000000000000000 ) ) ;
#363 = CARTESIAN_POINT ( 'NONE',  ( -3843.999999999977263, 85.00000000002273737, 529.0000000000001137 ) ) ;
#364 = CARTESIAN_POINT ( 'NONE',  ( -3877.999999999977263, 610.2500000000227374, 596.7999999999999545 ) ) ;
#365 = DIRECTION ( 'NONE',  ( -0.000000000000000000, 1.000000000000000000, -0.000000000000000000 ) ) ;
#367 = LINE ( 'NONE', #2880, #4449 ) ;
#366 = PERSON_AND_ORGANIZATION_ROLE ( 'design_supplier' ) ;
#368 = EDGE_CURVE ( 'NONE', #1559, #655, #333, .T. ) ;
#369 = ORIENTED_EDGE ( 'NONE', *, *, #3135, .T. ) ;
#370 = VECTOR ( 'NONE', #5275, 1000.000000000000000 ) ;
#371 = CALENDAR_DATE ( 2026, 27, 5 ) ;
#372 = AXIS2_PLACEMENT_3D ( 'NONE', #3519, #5158, #976 ) ;
#373 = CARTESIAN_POINT ( 'NONE',  ( -3886.799999999977445, 2210.250000000022283, 604.7999999999999545 ) ) ;
#374 = CARTESIAN_POINT ( 'NONE',  ( -28.00000000000001066, 585.0000000000001137, 22.00000000000000000 ) ) ;
#375 = CARTESIAN_POINT ( 'NONE',  ( -3353.999999999976808, 15.00000000002273204, 502.0000000000000000 ) ) ;
#376 = VERTEX_POINT ( 'NONE', #287 ) ;
#377 = LINE ( 'NONE', #607, #2626 ) ;
#378 = CONTEXT_DEPENDENT_SHAPE_REPRESENTATION ( #4692, #989 ) ;
#379 = EDGE_CURVE ( 'NONE', #494, #2208, #4205, .T. ) ;
#380 = SECURITY_CLASSIFICATION ( '', '', #2119 ) ;
#381 = VERTEX_POINT ( 'NONE', #2890 ) ;
#382 = CARTESIAN_POINT ( 'NONE',  ( 1.708382284810557841E-13, 1125.000000000000000, 27.00000000000000711 ) ) ;
#383 = CIRCLE ( 'NONE', #1060, 5.050000000000220979 ) ;
#384 = CARTESIAN_POINT ( 'NONE',  ( 33.00000000000018474, 0.000000000000000000, 0.000000000000000000 ) ) ;
#385 = DIRECTION ( 'NONE',  ( -1.000000000000000000, 0.000000000000000000, 0.000000000000000000 ) ) ;
#386 = ORIENTED_EDGE ( 'NONE', *, *, #3265, .F. ) ;
#387 = LOCAL_TIME ( 9, 50, 6.000000000000000000, #1509 ) ;
#388 = DATE_TIME_ROLE ( 'classification_date' ) ;
#389 = FACE_OUTER_BOUND ( 'NONE', #3753, .T. ) ;
#390 = CARTESIAN_POINT ( 'NONE',  ( 0.000000000000000000, 0.000000000000000000, 0.000000000000000000 ) ) ;
#391 = ORIENTED_EDGE ( 'NONE', *, *, #1331, .T. ) ;
#392 = DIRECTION ( 'NONE',  ( 0.000000000000000000, 0.000000000000000000, 1.000000000000000000 ) ) ;
#393 = LINE ( 'NONE', #2386, #4674 ) ;
#394 = ORIENTED_EDGE ( 'NONE', *, *, #3529, .T. ) ;
#395 = CARTESIAN_POINT ( 'NONE',  ( -3877.999999999977263, 610.2500000000227374, 604.7999999999999545 ) ) ;
#396 = AXIS2_PLACEMENT_3D ( 'NONE', #1152, #3262, #1558 ) ;
#397 = CARTESIAN_POINT ( 'NONE',  ( -3299.999999999976808, -1.302661682226841118E-12, 0.000000000000000000 ) ) ;
#398 = DIRECTION ( 'NONE',  ( -0.000000000000000000, -1.000000000000000000, -0.000000000000000000 ) ) ;
#399 = EDGE_CURVE ( 'NONE', #1767, #2146, #1318, .T. ) ;
#400 = PLANE ( 'NONE',  #2461 ) ;
#401 = FACE_OUTER_BOUND ( 'NONE', #1541, .T. ) ;
#402 = DIRECTION ( 'NONE',  ( 1.261617073437677999E-16, 0.000000000000000000, 1.000000000000000000 ) ) ;
#403 = AXIS2_PLACEMENT_3D ( 'NONE', #172, #4486, #290 ) ;
#404 = APPROVAL_STATUS ( 'not_yet_approved' ) ;
#405 = ORIENTED_EDGE ( 'NONE', *, *, #107, .F. ) ;
#406 = ORIENTED_EDGE ( 'NONE', *, *, #3813, .T. ) ;
#407 = DIRECTION ( 'NONE',  ( 1.027984282060329272E-16, -1.000000000000000000, 0.000000000000000000 ) ) ;
#408 = CARTESIAN_POINT ( 'NONE',  ( -3353.999999999976808, 15.00000000002273204, 502.0000000000000000 ) ) ;
#409 = EDGE_LOOP ( 'NONE', ( #289, #602 ) ) ;
#410 = EDGE_CURVE ( 'NONE', #2000, #1653, #3444, .T. ) ;
#411 = ORIENTED_EDGE ( 'NONE', *, *, #4479, .T. ) ;
#412 = DIRECTION ( 'NONE',  ( 0.000000000000000000, 0.000000000000000000, -1.000000000000000000 ) ) ;
#413 = PERSON ( '未指定', '未指定', '未指定', ('未指定'), ('未指定'), ('未指定') ) ;
#414 = CARTESIAN_POINT ( 'NONE',  ( -3299.999999999977717, 2350.000000000022737, 0.000000000000000000 ) ) ;
#415 = ORIENTED_EDGE ( 'NONE', *, *, #5330, .F. ) ;
#416 = EDGE_LOOP ( 'NONE', ( #3381, #2620, #3649, #2484 ) ) ;
#417 = LOCAL_TIME ( 9, 50, 6.000000000000000000, #2009 ) ;
#418 = CARTESIAN_POINT ( 'NONE',  ( -28.00000000000001066, -985.0000000000000000, 27.00000000000000355 ) ) ;
#419 = CARTESIAN_POINT ( 'NONE',  ( 0.000000000000000000, 0.000000000000000000, 1000.000000000000000 ) ) ;
#420 = ADVANCED_FACE ( 'NONE', ( #3694 ), #5366, .T. ) ;
#421 = CIRCLE ( 'NONE', #2858, 15.00000000000000000 ) ;
#422 = ORIENTED_EDGE ( 'NONE', *, *, #2981, .T. ) ;
#423 = ORIENTED_EDGE ( 'NONE', *, *, #1059, .F. ) ;
#424 = DIRECTION ( 'NONE',  ( -0.9707755440873244712, 0.000000000000000000, 0.2399892560135961361 ) ) ;
#425 = EDGE_CURVE ( 'NONE', #5174, #2553, #4539, .T. ) ;
#426 = CARTESIAN_POINT ( 'NONE',  ( 15.00000000000016875, 0.000000000000000000, 0.000000000000000000 ) ) ;
#427 = VECTOR ( 'NONE', #2590, 1000.000000000000000 ) ;
#428 = EDGE_LOOP ( 'NONE', ( #1807, #5102, #3108, #2750, #1392 ) ) ;
#429 = CARTESIAN_POINT ( 'NONE',  ( 15.90000000000017089, -184.9999999999999432, 15.90000000000000036 ) ) ;
#430 = PRODUCT_DEFINITION_FORMATION_WITH_SPECIFIED_SOURCE ( '任何', '', #2534, .NOT_KNOWN. ) ;
#431 = LINE ( 'NONE', #4468, #5305 ) ;
#432 = LINE ( 'NONE', #3949, #4722 ) ;
#433 = VECTOR ( 'NONE', #2701, 1000.000000000000000 ) ;
#434 = CARTESIAN_POINT ( 'NONE',  ( -3843.999999999977263, 2.273181642920008017E-11, 109.0000000000001279 ) ) ;
#435 = ORIENTED_EDGE ( 'NONE', *, *, #4938, .T. ) ;
#436 = VECTOR ( 'NONE', #451, 1000.000000000000000 ) ;
#437 = DIRECTION ( 'NONE',  ( 0.000000000000000000, 0.000000000000000000, 1.000000000000000000 ) ) ;
#438 = CARTESIAN_POINT ( 'NONE',  ( -3843.999999999977263, 85.00000000002273737, 82.00000000000001421 ) ) ;
#439 = AXIS2_PLACEMENT_3D ( 'NONE', #2299, #1043, #658 ) ;
#440 = LINE ( 'NONE', #2989, #3664 ) ;
#441 = DIRECTION ( 'NONE',  ( 0.000000000000000000, 0.000000000000000000, 1.000000000000000000 ) ) ;
#442 = CARTESIAN_POINT ( 'NONE',  ( -3886.799999999977445, 1810.250000000022737, 596.7999999999999545 ) ) ;
#443 = ORIENTED_EDGE ( 'NONE', *, *, #5277, .T. ) ;
#444 = DIRECTION ( 'NONE',  ( 0.000000000000000000, 1.000000000000000000, 0.000000000000000000 ) ) ;
#445 = VECTOR ( 'NONE', #2557, 1000.000000000000000 ) ;
#446 = FACE_OUTER_BOUND ( 'NONE', #495, .T. ) ;
#447 = CARTESIAN_POINT ( 'NONE',  ( 15.90000000000017089, -1123.500000000000000, 15.90000000000000036 ) ) ;
#448 = EDGE_LOOP ( 'NONE', ( #3641, #4535 ) ) ;
#449 = AXIS2_PLACEMENT_3D ( 'NONE', #1749, #462, #4668 ) ;
#450 = DIRECTION ( 'NONE',  ( -0.000000000000000000, 1.000000000000000000, 0.000000000000000000 ) ) ;
#451 = DIRECTION ( 'NONE',  ( 1.261617073437677999E-16, 0.000000000000000000, 1.000000000000000000 ) ) ;
#452 = LOCAL_TIME ( 9, 50, 6.000000000000000000, #1564 ) ;
#453 = CARTESIAN_POINT ( 'NONE',  ( 15.00000000000016875, -615.0000000000000000, 15.00000000000000000 ) ) ;
#454 = ADVANCED_FACE ( 'NONE', ( #4605 ), #4483, .T. ) ;
#455 = EDGE_LOOP ( 'NONE', ( #1416, #954, #5293, #4516 ) ) ;
#456 = CALENDAR_DATE ( 2026, 27, 5 ) ;
#457 = EDGE_CURVE ( 'NONE', #350, #2924, #145, .T. ) ;
#458 = EDGE_LOOP ( 'NONE', ( #2223, #800 ) ) ;
#459 = ORIENTED_EDGE ( 'NONE', *, *, #2123, .F. ) ;
#460 = CARTESIAN_POINT ( 'NONE',  ( -3843.999999999977263, 2.273181642920008017E-11, 474.9999999999998863 ) ) ;
#461 = CARTESIAN_POINT ( 'NONE',  ( 33.00000000000018474, 985.0000000000001137, 27.00000000000001066 ) ) ;
#462 = DIRECTION ( 'NONE',  ( -0.000000000000000000, -1.000000000000000000, -0.000000000000000000 ) ) ;
#463 = ORIENTED_EDGE ( 'NONE', *, *, #1079, .T. ) ;
#464 = ORIENTED_EDGE ( 'NONE', *, *, #3345, .T. ) ;
#465 = CIRCLE ( 'NONE', #3037, 27.00000000000013500 ) ;
#466 = DIRECTION ( 'NONE',  ( 0.000000000000000000, -1.000000000000000000, 0.000000000000000000 ) ) ;
#467 = CARTESIAN_POINT ( 'NONE',  ( -3353.999999999976808, 15.00000000002273204, 481.9999999999998295 ) ) ;
#468 = CARTESIAN_POINT ( 'NONE',  ( -3877.999999999977263, 1010.250000000022510, 596.7999999999999545 ) ) ;
#469 = CARTESIAN_POINT ( 'NONE',  ( 1.708382284810557841E-13, 1125.000000000000000, 30.00000000000000000 ) ) ;
#470 = DIRECTION ( 'NONE',  ( -1.000000000000000000, 0.000000000000000000, 0.000000000000000000 ) ) ;
#471 = CARTESIAN_POINT ( 'NONE',  ( -3869.999999999977263, 2210.250000000022283, 596.7999999999999545 ) ) ;
#472 = FACE_BOUND ( 'NONE', #3623, .T. ) ;
#473 = AXIS2_PLACEMENT_3D ( 'NONE', #2941, #5410, #2511 ) ;
#474 = CARTESIAN_POINT ( 'NONE',  ( 0.000000000000000000, 0.000000000000000000, 0.000000000000000000 ) ) ;
#475 = FACE_OUTER_BOUND ( 'NONE', #2559, .T. ) ;
#476 = VECTOR ( 'NONE', #4884, 1000.000000000000000 ) ;
#477 = DIRECTION ( 'NONE',  ( 0.000000000000000000, 0.000000000000000000, -1.000000000000000000 ) ) ;
#478 = VERTEX_POINT ( 'NONE', #812 ) ;
#479 = CARTESIAN_POINT ( 'NONE',  ( -3869.999999999977263, 2320.000000000022737, 22.00000000000002132 ) ) ;
#480 = EDGE_CURVE ( 'NONE', #3673, #92, #2849, .T. ) ;
#481 = CARTESIAN_POINT ( 'NONE',  ( -3886.799999999977445, 639.7500000000227374, 596.7999999999999545 ) ) ;
#482 = ORIENTED_EDGE ( 'NONE', *, *, #3621, .F. ) ;
#483 = ADVANCED_FACE ( 'NONE', ( #1458 ), #3242, .F. ) ;
#484 = DIRECTION ( 'NONE',  ( 0.000000000000000000, 1.000000000000000000, 0.000000000000000000 ) ) ;
#485 = EDGE_LOOP ( 'NONE', ( #5161, #2273, #2709, #236 ) ) ;
#486 = AXIS2_PLACEMENT_3D ( 'NONE', #438, #1317, #3393 ) ;
#487 = DATE_TIME_ROLE ( 'classification_date' ) ;
#488 = EDGE_LOOP ( 'NONE', ( #4909, #3574, #3386, #2245 ) ) ;
#489 = ORIENTED_EDGE ( 'NONE', *, *, #4166, .T. ) ;
#490 = DIRECTION ( 'NONE',  ( 0.000000000000000000, 1.000000000000000000, -0.000000000000000000 ) ) ;
#491 = DIRECTION ( 'NONE',  ( 0.000000000000000000, 0.000000000000000000, 1.000000000000000000 ) ) ;
#492 = EDGE_CURVE ( 'NONE', #1532, #1665, #1067, .T. ) ;
#493 = CIRCLE ( 'NONE', #3789, 15.00000000000000000 ) ;
#494 = VERTEX_POINT ( 'NONE', #836 ) ;
#495 = EDGE_LOOP ( 'NONE', ( #3847, #2268, #992, #3298 ) ) ;
#496 = DIRECTION ( 'NONE',  ( 0.000000000000000000, -1.000000000000000000, 0.000000000000000000 ) ) ;
#497 = ADVANCED_FACE ( 'NONE', ( #749 ), #1715, .F. ) ;
#498 = DIRECTION ( 'NONE',  ( -1.000000000000000000, 0.000000000000000000, 0.000000000000000000 ) ) ;
#499 = CARTESIAN_POINT ( 'NONE',  ( -3869.999999999976808, 0.000000000000000000, 22.00000000000002132 ) ) ;
#500 = COORDINATED_UNIVERSAL_TIME_OFFSET ( 8, 0, .AHEAD. ) ;
#501 = EDGE_LOOP ( 'NONE', ( #4299, #5018 ) ) ;
#502 = ORIENTED_EDGE ( 'NONE', *, *, #783, .T. ) ;
#503 = DIRECTION ( 'NONE',  ( -1.000000000000000000, 0.000000000000000000, 0.000000000000000000 ) ) ;
#504 = FACE_OUTER_BOUND ( 'NONE', #2376, .T. ) ;
#505 = EDGE_LOOP ( 'NONE', ( #4979, #4526, #1983, #771, #2035, #4078 ) ) ;
#506 = DIRECTION ( 'NONE',  ( 0.000000000000000000, -1.000000000000000000, 0.000000000000000000 ) ) ;
#507 = CYLINDRICAL_SURFACE ( 'NONE', #2182, 5.000000000000000888 ) ;
#508 = CARTESIAN_POINT ( 'NONE',  ( 33.00000000000018474, -615.0000000000000000, 27.00000000000001066 ) ) ;
#509 = VECTOR ( 'NONE', #3437, 1000.000000000000114 ) ;
#510 = DIRECTION ( 'NONE',  ( 0.000000000000000000, -1.000000000000000000, 0.000000000000000000 ) ) ;
#511 = LINE ( 'NONE', #1825, #4571 ) ;
#512 = VECTOR ( 'NONE', #2158, 1000.000000000000000 ) ;
#513 = AXIS2_PLACEMENT_3D ( 'NONE', #5044, #2587, #61 ) ;
#514 = ORIENTED_EDGE ( 'NONE', *, *, #1385, .F. ) ;
#515 = ADVANCED_FACE ( 'NONE', ( #2, #3114 ), #2907, .F. ) ;
#516 = CIRCLE ( 'NONE', #807, 20.00000000000018474 ) ;
#517 = DIRECTION ( 'NONE',  ( 0.000000000000000000, 1.000000000000000000, 0.000000000000000000 ) ) ;
#518 = DIRECTION ( 'NONE',  ( 1.000000000000000000, 0.000000000000000000, 0.000000000000000000 ) ) ;
#519 = CIRCLE ( 'NONE', #5279, 27.00000000000013500 ) ;
#520 = EDGE_CURVE ( 'NONE', #4430, #3452, #1192, .T. ) ;
#521 = DIRECTION ( 'NONE',  ( 0.000000000000000000, 1.000000000000000000, 0.000000000000000000 ) ) ;
#522 = ORIENTED_EDGE ( 'NONE', *, *, #611, .F. ) ;
#523 = VECTOR ( 'NONE', #3426, 1000.000000000000000 ) ;
#524 = CONTEXT_DEPENDENT_SHAPE_REPRESENTATION ( #38, #194 ) ;
#525 = AXIS2_PLACEMENT_3D ( 'NONE', #2149, #4641, #50 ) ;
#526 = CARTESIAN_POINT ( 'NONE',  ( -3884.099999999977626, 2210.250000000022283, 601.0500000000001819 ) ) ;
#527 = CARTESIAN_POINT ( 'NONE',  ( -3353.999999999976808, 85.00000000002273737, 502.0000000000000000 ) ) ;
#528 = LINE ( 'NONE', #1780, #3350 ) ;
#529 = ORIENTED_EDGE ( 'NONE', *, *, #1628, .F. ) ;
#530 = CARTESIAN_POINT ( 'NONE',  ( -3884.099999999977626, 2210.250000000022283, 596.0000000000000000 ) ) ;
#531 = MANIFOLD_SOLID_BREP ( '阵列(线性)4', #743 ) ;
#532 = EDGE_CURVE ( 'NONE', #2391, #2499, #3816, .T. ) ;
#533 = AXIS2_PLACEMENT_3D ( 'NONE', #2338, #1947, #2824 ) ;
#534 = DIRECTION ( 'NONE',  ( 0.000000000000000000, -1.000000000000000000, 0.000000000000000000 ) ) ;
#535 = FACE_OUTER_BOUND ( 'NONE', #1927, .T. ) ;
#536 = VERTEX_POINT ( 'NONE', #5416 ) ;
#537 = DIRECTION ( 'NONE',  ( 0.000000000000000000, -1.000000000000000000, 0.000000000000000000 ) ) ;
#538 = CARTESIAN_POINT ( 'NONE',  ( 1.708382284810557841E-13, -585.0000000000000000, 30.00000000000000000 ) ) ;
#539 = LOCAL_TIME ( 9, 50, 6.000000000000000000, #201 ) ;
#540 = CARTESIAN_POINT ( 'NONE',  ( 1.708382284810557841E-13, 1125.000000000000000, 30.00000000000000000 ) ) ;
#541 = VERTEX_POINT ( 'NONE', #4752 ) ;
#542 = FACE_OUTER_BOUND ( 'NONE', #3620, .T. ) ;
#543 = ORIENTED_EDGE ( 'NONE', *, *, #1609, .T. ) ;
#544 = EDGE_CURVE ( 'NONE', #745, #92, #2503, .T. ) ;
#545 = LINE ( 'NONE', #5088, #3439 ) ;
#546 = DIRECTION ( 'NONE',  ( -0.000000000000000000, -1.000000000000000000, -0.000000000000000000 ) ) ;
#547 = CARTESIAN_POINT ( 'NONE',  ( -3894.799999999977445, 1010.250000000022510, 596.7999999999999545 ) ) ;
#548 = PLANE ( 'NONE',  #1868 ) ;
#549 = FACE_OUTER_BOUND ( 'NONE', #4383, .T. ) ;
#550 = ADVANCED_FACE ( 'NONE', ( #4016 ), #3882, .T. ) ;
#551 = CARTESIAN_POINT ( 'NONE',  ( 15.90000000000017089, 985.0000000000003411, 20.90000000000000213 ) ) ;
#552 = CARTESIAN_POINT ( 'NONE',  ( -3877.999999999977263, 1810.250000000022737, 596.7999999999999545 ) ) ;
#553 = EDGE_CURVE ( 'NONE', #1665, #3356, #4333, .T. ) ;
#554 = CARTESIAN_POINT ( 'NONE',  ( -3843.999999999977263, 2.273181642920008017E-11, 109.0000000000001279 ) ) ;
#555 = CC_DESIGN_APPROVAL ( #5266, ( #5036 ) ) ;
#556 = VECTOR ( 'NONE', #875, 1000.000000000000000 ) ;
#557 = DIRECTION ( 'NONE',  ( 1.000000000000000000, 0.000000000000000000, 0.000000000000000000 ) ) ;
#558 = DIRECTION ( 'NONE',  ( 0.000000000000000000, 1.000000000000000000, 0.000000000000000000 ) ) ;
#559 = DIRECTION ( 'NONE',  ( -1.000000000000000000, -0.000000000000000000, -1.137523590804460124E-16 ) ) ;
#560 = ORIENTED_EDGE ( 'NONE', *, *, #4273, .F. ) ;
#561 = ORIENTED_EDGE ( 'NONE', *, *, #4391, .T. ) ;
#562 = AXIS2_PLACEMENT_3D ( 'NONE', #3791, #496, #906 ) ;
#563 = CARTESIAN_POINT ( 'NONE',  ( -3843.999999999977263, 85.00000000002273737, 502.0000000000000000 ) ) ;
#564 = ADVANCED_FACE ( 'NONE', ( #4599 ), #1644, .T. ) ;
#565 = ORIENTED_EDGE ( 'NONE', *, *, #4464, .F. ) ;
#566 = CARTESIAN_POINT ( 'NONE',  ( -3299.999999999976808, -1.302661682226841118E-12, 580.0000000000000000 ) ) ;
#567 = APPROVAL_STATUS ( 'not_yet_approved' ) ;
#568 = VERTEX_POINT ( 'NONE', #5138 ) ;
#569 = DIRECTION ( 'NONE',  ( 0.000000000000000000, -1.000000000000000000, 0.000000000000000000 ) ) ;
#570 = DIRECTION ( 'NONE',  ( 0.000000000000000000, 0.000000000000000000, -1.000000000000000000 ) ) ;
#571 = DIRECTION ( 'NONE',  ( 1.137523590804460124E-16, 0.000000000000000000, -1.000000000000000000 ) ) ;
#572 = PLANE ( 'NONE',  #3048 ) ;
#573 = ORIENTED_EDGE ( 'NONE', *, *, #3634, .T. ) ;
#574 = CARTESIAN_POINT ( 'NONE',  ( -3329.999999999977717, 2320.000000000022737, 580.0000000000000000 ) ) ;
#575 = AXIS2_PLACEMENT_3D ( 'NONE', #5430, #2510, #828 ) ;
#576 = VERTEX_POINT ( 'NONE', #5189 ) ;
#577 = APPROVAL_PERSON_ORGANIZATION ( #3767, #3740, #3508 ) ;
#578 = PLANE ( 'NONE',  #5127 ) ;
#579 = VERTEX_POINT ( 'NONE', #1371 ) ;
#580 = CARTESIAN_POINT ( 'NONE',  ( -28.00000000000001066, -585.0000000000000000, 22.00000000000000000 ) ) ;
#581 = ORIENTED_EDGE ( 'NONE', *, *, #4863, .F. ) ;
#582 = EDGE_CURVE ( 'NONE', #1334, #1423, #4199, .T. ) ;
#583 = ADVANCED_FACE ( 'NONE', ( #3368, #1857 ), #105, .T. ) ;
#584 = AXIS2_PLACEMENT_3D ( 'NONE', #2901, #450, #392 ) ;
#585 = DIRECTION ( 'NONE',  ( -0.000000000000000000, -1.000000000000000000, -0.000000000000000000 ) ) ;
#586 = VERTEX_POINT ( 'NONE', #4776 ) ;
#587 = LINE ( 'NONE', #3746, #841 ) ;
#588 = DIRECTION ( 'NONE',  ( 1.000000000000000000, 0.000000000000000000, 0.000000000000000000 ) ) ;
#589 = DIRECTION ( 'NONE',  ( 0.000000000000000000, 1.000000000000000000, 0.000000000000000000 ) ) ;
#590 = LINE ( 'NONE', #2563, #1964 ) ;
#591 = FACE_OUTER_BOUND ( 'NONE', #3246, .T. ) ;
#592 = CARTESIAN_POINT ( 'NONE',  ( -3353.999999999976808, 2.273181642920008017E-11, 502.0000000000000000 ) ) ;
#593 = ORIENTED_EDGE ( 'NONE', *, *, #681, .T. ) ;
#594 = DIRECTION ( 'NONE',  ( 0.000000000000000000, 0.000000000000000000, -1.000000000000000000 ) ) ;
#595 = CARTESIAN_POINT ( 'NONE',  ( -3843.999999999977263, 85.00000000002273737, 109.0000000000001279 ) ) ;
#596 = DIRECTION ( 'NONE',  ( 0.000000000000000000, 1.000000000000000000, 0.000000000000000000 ) ) ;
#597 = CIRCLE ( 'NONE', #4948, 27.00000000000011369 ) ;
#598 = DIRECTION ( 'NONE',  ( 0.000000000000000000, 1.000000000000000000, 0.000000000000000000 ) ) ;
#599 = SECURITY_CLASSIFICATION ( '', '', #1249 ) ;
#600 = CIRCLE ( 'NONE', #3248, 27.00000000000013500 ) ;
#601 = LINE ( 'NONE', #1787, #4912 ) ;
#602 = ORIENTED_EDGE ( 'NONE', *, *, #2783, .F. ) ;
#603 = CYLINDRICAL_SURFACE ( 'NONE', #608, 20.00000000000018474 ) ;
#604 = DIRECTION ( 'NONE',  ( 0.000000000000000000, -1.000000000000000000, 0.000000000000000000 ) ) ;
#605 = DIRECTION ( 'NONE',  ( -1.000000000000000000, 0.000000000000000000, 0.000000000000000000 ) ) ;
#606 = CARTESIAN_POINT ( 'NONE',  ( 15.90000000000017089, -1123.500000000000000, 22.40000000000000213 ) ) ;
#607 = CARTESIAN_POINT ( 'NONE',  ( -3843.999999999977263, 15.00000000002273204, 522.0000000000001137 ) ) ;
#608 = AXIS2_PLACEMENT_3D ( 'NONE', #4930, #3252, #1764 ) ;
#609 = ORIENTED_EDGE ( 'NONE', *, *, #1527, .T. ) ;
#610 = CARTESIAN_POINT ( 'NONE',  ( -3869.999999999977263, 1410.250000000022737, 596.7999999999999545 ) ) ;
#611 = EDGE_CURVE ( 'NONE', #278, #3200, #3107, .T. ) ;
#612 = DIRECTION ( 'NONE',  ( -1.000000000000000000, 0.000000000000000000, -0.000000000000000000 ) ) ;
#613 = APPLICATION_PROTOCOL_DEFINITION ( 'international standard', 'config_control_design', 1994, #3618 ) ;
#614 = ORIENTED_EDGE ( 'NONE', *, *, #1733, .T. ) ;
#615 = AXIS2_PLACEMENT_3D ( 'NONE', #5422, #3354, #1211 ) ;
#616 = CIRCLE ( 'NONE', #3602, 27.00000000000013500 ) ;
#617 = ADVANCED_FACE ( 'NONE', ( #5337 ), #744, .T. ) ;
#618 = DIRECTION ( 'NONE',  ( -1.000000000000000000, 0.000000000000000000, 1.261617073437678245E-16 ) ) ;
#619 = CARTESIAN_POINT ( 'NONE',  ( 1.700029006457270953E-13, -184.9999999999999432, 27.00000000000000711 ) ) ;
#620 = ORIENTED_EDGE ( 'NONE', *, *, #3500, .T. ) ;
#621 = CIRCLE ( 'NONE', #4926, 6.500000000000000888 ) ;
#622 = ORIENTED_EDGE ( 'NONE', *, *, #121, .T. ) ;
#623 = EDGE_CURVE ( 'NONE', #867, #2837, #3809, .T. ) ;
#624 = VERTEX_POINT ( 'NONE', #3051 ) ;
#625 = LINE ( 'NONE', #1165, #2053 ) ;
#626 = ORIENTED_EDGE ( 'NONE', *, *, #4351, .F. ) ;
#627 = CIRCLE ( 'NONE', #1790, 5.050000000000220979 ) ;
#628 = CIRCLE ( 'NONE', #4131, 5.050000000000220979 ) ;
#629 = ORIENTED_EDGE ( 'NONE', *, *, #2459, .F. ) ;
#630 = LINE ( 'NONE', #4214, #4342 ) ;
#631 = CARTESIAN_POINT ( 'NONE',  ( -3843.999999999977263, 15.00000000002273204, 82.00000000000001421 ) ) ;
#632 = LINE ( 'NONE', #966, #4682 ) ;
#633 = ORIENTED_EDGE ( 'NONE', *, *, #480, .F. ) ;
#634 = EDGE_CURVE ( 'NONE', #3651, #4357, #1391, .T. ) ;
#635 = AXIS2_PLACEMENT_3D ( 'NONE', #3493, #596, #2253 ) ;
#636 = ORIENTED_EDGE ( 'NONE', *, *, #634, .F. ) ;
#637 = ORIENTED_EDGE ( 'NONE', *, *, #1244, .T. ) ;
#638 = DIRECTION ( 'NONE',  ( 0.000000000000000000, 0.000000000000000000, 1.000000000000000000 ) ) ;
#639 = ADVANCED_FACE ( 'NONE', ( #1985, #5203 ), #146, .F. ) ;
#640 = EDGE_CURVE ( 'NONE', #536, #3893, #1921, .T. ) ;
#641 = ORIENTED_EDGE ( 'NONE', *, *, #4656, .T. ) ;
#642 = ORIENTED_EDGE ( 'NONE', *, *, #399, .T. ) ;
#643 = AXIS2_PLACEMENT_3D ( 'NONE', #468, #84, #3828 ) ;
#644 = DIRECTION ( 'NONE',  ( 0.000000000000000000, 1.000000000000000000, 0.000000000000000000 ) ) ;
#645 = DIRECTION ( 'NONE',  ( 0.000000000000000000, 1.000000000000000000, 0.000000000000000000 ) ) ;
#646 = APPLICATION_PROTOCOL_DEFINITION ( 'international standard', 'config_control_design', 1994, #2388 ) ;
#647 = ORIENTED_EDGE ( 'NONE', *, *, #2382, .F. ) ;
#648 = ORIENTED_EDGE ( 'NONE', *, *, #5420, .F. ) ;
#649 = DIRECTION ( 'NONE',  ( -0.000000000000000000, 1.000000000000000000, -0.000000000000000000 ) ) ;
#650 = CARTESIAN_POINT ( 'NONE',  ( 0.000000000000000000, 2350.000000000022737, 580.0000000000000000 ) ) ;
#651 = EDGE_CURVE ( 'NONE', #4755, #4493, #3946, .T. ) ;
#652 = AXIS2_PLACEMENT_3D ( 'NONE', #4876, #4069, #1502 ) ;
#653 = ORIENTED_EDGE ( 'NONE', *, *, #3642, .T. ) ;
#654 = DIRECTION ( 'NONE',  ( 0.000000000000000000, -0.000000000000000000, 1.000000000000000000 ) ) ;
#655 = VERTEX_POINT ( 'NONE', #4887 ) ;
#656 = EDGE_LOOP ( 'NONE', ( #2524, #3400 ) ) ;
#657 = CARTESIAN_POINT ( 'NONE',  ( -3869.999999999977263, 1810.250000000022737, 596.7999999999999545 ) ) ;
#658 = DIRECTION ( 'NONE',  ( -1.000000000000000000, 0.000000000000000000, -0.000000000000000000 ) ) ;
#659 = CARTESIAN_POINT ( 'NONE',  ( -28.00000000000001066, 985.0000000000001137, 22.00000000000000000 ) ) ;
#660 = CYLINDRICAL_SURFACE ( 'NONE', #774, 5.050000000000220979 ) ;
#661 = ORIENTED_EDGE ( 'NONE', *, *, #4314, .F. ) ;
#662 = EDGE_CURVE ( 'NONE', #4052, #5329, #5058, .T. ) ;
#663 = FACE_OUTER_BOUND ( 'NONE', #5288, .T. ) ;
#664 = VERTEX_POINT ( 'NONE', #4950 ) ;
#665 = CYLINDRICAL_SURFACE ( 'NONE', #2131, 5.050000000000220979 ) ;
#666 = DIRECTION ( 'NONE',  ( -0.000000000000000000, 1.000000000000000000, -0.000000000000000000 ) ) ;
#667 = VECTOR ( 'NONE', #3175, 1000.000000000000000 ) ;
#668 = ADVANCED_FACE ( 'NONE', ( #3690 ), #4136, .T. ) ;
#669 = CC_DESIGN_DATE_AND_TIME_ASSIGNMENT ( #4261, #1162, ( #4296 ) ) ;
#670 = ORIENTED_EDGE ( 'NONE', *, *, #4039, .F. ) ;
#671 = VECTOR ( 'NONE', #4798, 1000.000000000000000 ) ;
#672 = DATE_AND_TIME ( #1369, #3999 ) ;
#673 = CARTESIAN_POINT ( 'NONE',  ( 15.90000000000017089, -1123.500000000000000, 9.400000000000000355 ) ) ;
#674 = FACE_OUTER_BOUND ( 'NONE', #5356, .T. ) ;
#675 = EDGE_CURVE ( 'NONE', #2742, #5184, #625, .T. ) ;
#676 = DIRECTION ( 'NONE',  ( 0.000000000000000000, -0.000000000000000000, 1.000000000000000000 ) ) ;
#677 = ORIENTED_EDGE ( 'NONE', *, *, #2296, .T. ) ;
#678 = DIRECTION ( 'NONE',  ( 0.000000000000000000, 0.000000000000000000, -1.000000000000000000 ) ) ;
#679 = ORIENTED_EDGE ( 'NONE', *, *, #1104, .T. ) ;
#680 = DIRECTION ( 'NONE',  ( 1.261617073437677999E-16, 0.000000000000000000, 1.000000000000000000 ) ) ;
#681 = EDGE_CURVE ( 'NONE', #918, #1571, #393, .T. ) ;
#682 = AXIS2_PLACEMENT_3D ( 'NONE', #1875, #4813, #2368 ) ;
#683 = CIRCLE ( 'NONE', #1891, 6.500000000000000888 ) ;
#684 = ORIENTED_EDGE ( 'NONE', *, *, #2450, .F. ) ;
#685 = PLANE ( 'NONE',  #2394 ) ;
#686 = LINE ( 'NONE', #1962, #330 ) ;
#687 = EDGE_CURVE ( 'NONE', #4894, #655, #683, .T. ) ;
#688 = AXIS2_PLACEMENT_3D ( 'NONE', #3878, #65, #2649 ) ;
#689 = CARTESIAN_POINT ( 'NONE',  ( -3877.999999999977263, 1810.250000000022737, 604.7999999999999545 ) ) ;
#690 = CARTESIAN_POINT ( 'NONE',  ( -3353.999999999976808, 2.273181642920008017E-11, 54.99999999999990052 ) ) ;
#691 = DIRECTION ( 'NONE',  ( -0.000000000000000000, 1.000000000000000000, -0.000000000000000000 ) ) ;
#692 = FACE_OUTER_BOUND ( 'NONE', #2128, .T. ) ;
#693 = ADVANCED_FACE ( 'NONE', ( #542 ), #1584, .T. ) ;
#694 = CARTESIAN_POINT ( 'NONE',  ( -3843.999999999977263, 85.00000000002273737, 61.99999999999982947 ) ) ;
#695 = CARTESIAN_POINT ( 'NONE',  ( -3884.099999999977626, 1839.750000000022965, 590.9499999999997044 ) ) ;
#696 = DIRECTION ( 'NONE',  ( -1.000000000000000000, 0.000000000000000000, 1.261617073437678245E-16 ) ) ;
#697 = VECTOR ( 'NONE', #1668, 1000.000000000000000 ) ;
#698 = ORIENTED_EDGE ( 'NONE', *, *, #2710, .T. ) ;
#699 = LINE ( 'NONE', #3757, #5209 ) ;
#700 = DIRECTION ( 'NONE',  ( 0.000000000000000000, 1.000000000000000000, 0.000000000000000000 ) ) ;
#701 = ORIENTED_EDGE ( 'NONE', *, *, #2261, .F. ) ;
#702 = VERTEX_POINT ( 'NONE', #3272 ) ;
#703 = AXIS2_PLACEMENT_3D ( 'NONE', #3414, #3822, #1729 ) ;
#704 = CARTESIAN_POINT ( 'NONE',  ( 15.00000000000016875, 1125.000000000000000, 15.00000000000000000 ) ) ;
#705 = VERTEX_POINT ( 'NONE', #316 ) ;
#706 = VERTEX_POINT ( 'NONE', #5327 ) ;
#707 = CALENDAR_DATE ( 2026, 27, 5 ) ;
#708 = EDGE_CURVE ( 'NONE', #3388, #321, #2498, .T. ) ;
#709 = AXIS2_PLACEMENT_3D ( 'NONE', #5388, #4995, #4092 ) ;
#710 = DIRECTION ( 'NONE',  ( -1.000000000000000000, 0.000000000000000000, -0.000000000000000000 ) ) ;
#711 = EDGE_LOOP ( 'NONE', ( #1174, #1429 ) ) ;
#712 = CARTESIAN_POINT ( 'NONE',  ( -3894.799999999977445, 1810.250000000022737, 580.0000000000000000 ) ) ;
#713 = PERSON_AND_ORGANIZATION_ROLE ( 'creator' ) ;
#714 = VERTEX_POINT ( 'NONE', #1147 ) ;
#715 = CARTESIAN_POINT ( 'NONE',  ( -3877.999999999977263, 210.2500000000227374, 604.7999999999999545 ) ) ;
#716 = VECTOR ( 'NONE', #4434, 1000.000000000000000 ) ;
#717 = EDGE_CURVE ( 'NONE', #3955, #4615, #3300, .T. ) ;
#718 = DIRECTION ( 'NONE',  ( 0.000000000000000000, 0.000000000000000000, 1.000000000000000000 ) ) ;
#719 = AXIS2_PLACEMENT_3D ( 'NONE', #4000, #4053, #4477 ) ;
#720 = LINE ( 'NONE', #77, #3076 ) ;
#721 = ORIENTED_EDGE ( 'NONE', *, *, #339, .F. ) ;
#722 = CYLINDRICAL_SURFACE ( 'NONE', #3173, 5.000000000000000888 ) ;
#723 = PLANE ( 'NONE',  #5405 ) ;
#724 = PLANE ( 'NONE',  #4890 ) ;
#725 = CARTESIAN_POINT ( 'NONE',  ( 33.00000000000017764, -1014.999999999999886, -27.99999999999998934 ) ) ;
#726 = EDGE_LOOP ( 'NONE', ( #3131, #4282 ) ) ;
#727 = LINE ( 'NONE', #3106, #3088 ) ;
#728 = COORDINATED_UNIVERSAL_TIME_OFFSET ( 8, 0, .AHEAD. ) ;
#729 = DIRECTION ( 'NONE',  ( 1.000000000000000000, 0.000000000000000000, 0.000000000000000000 ) ) ;
#730 = EDGE_LOOP ( 'NONE', ( #1483, #3014, #679, #3379, #4213, #347 ) ) ;
#731 = EDGE_CURVE ( 'NONE', #3087, #1315, #3364, .T. ) ;
#732 = CONTEXT_DEPENDENT_SHAPE_REPRESENTATION ( #5448, #5297 ) ;
#733 = PRODUCT_DEFINITION_FORMATION_WITH_SPECIFIED_SOURCE ( '任何', '', #854, .NOT_KNOWN. ) ;
#734 = CARTESIAN_POINT ( 'NONE',  ( -3886.799999999977445, 210.2500000000227374, 596.7999999999999545 ) ) ;
#735 = CARTESIAN_POINT ( 'NONE',  ( 15.00000000000016875, 585.0000000000001137, 15.00000000000000000 ) ) ;
#736 = VERTEX_POINT ( 'NONE', #1567 ) ;
#737 = CARTESIAN_POINT ( 'NONE',  ( 1.700029006457270953E-13, -615.0000000000000000, 27.00000000000000711 ) ) ;
#738 = CARTESIAN_POINT ( 'NONE',  ( -3877.999999999977263, 1410.250000000022737, 604.7999999999999545 ) ) ;
#739 = ORIENTED_EDGE ( 'NONE', *, *, #651, .T. ) ;
#740 = ORIENTED_EDGE ( 'NONE', *, *, #4525, .F. ) ;
#741 = APPROVAL_PERSON_ORGANIZATION ( #4072, #5266, #3322 ) ;
#742 = LINE ( 'NONE', #1845, #324 ) ;
#743 = CLOSED_SHELL ( 'NONE', ( #3558, #2703, #2970, #5223, #3607, #1661, #4248, #550, #3401, #877, #2615, #4609, #5139, #3779, #3579, #2108, #3976, #4276, #234, #4742, #4445, #5062, #3471, #4192, #5281, #3869, #583, #4637, #4338, #668, #1688, #5303, #2251, #968, #1498, #1918, #3049, #1794, #181, #4913, #1700, #1863, #4754, #617, #3168, #454, #1246, #3243, #1720, #1332, #2656, #2669, #1011, #36, #3094, #1803, #2196, #2279, #5192, #2554, #985, #5332, #564, #3194, #5256, #3524, #1418, #2237, #693, #1275, #3922, #4300, #851, #4356, #1001, #4669, #4004, #17, #1781, #1448, #904, #209, #932, #4264, #1941, #2725, #3894, #3412, #4, #5359, #4729, #3111, #3446, #639, #497 ) ) ;
#744 = CYLINDRICAL_SURFACE ( 'NONE', #1666, 20.00000000000018474 ) ;
#745 = VERTEX_POINT ( 'NONE', #5309 ) ;
#746 = CARTESIAN_POINT ( 'NONE',  ( -3886.799999999977445, 1010.250000000022510, 604.7999999999999545 ) ) ;
#747 = CARTESIAN_POINT ( 'NONE',  ( 15.00000000000016875, -1014.999999999999659, 0.000000000000000000 ) ) ;
#748 = AXIS2_PLACEMENT_3D ( 'NONE', #3099, #4745, #594 ) ;
#749 = FACE_OUTER_BOUND ( 'NONE', #300, .T. ) ;
#750 = CARTESIAN_POINT ( 'NONE',  ( -3869.999999999977263, 1810.250000000022737, 580.0000000000000000 ) ) ;
#751 = FACE_OUTER_BOUND ( 'NONE', #2127, .T. ) ;
#752 = LINE ( 'NONE', #3065, #2442 ) ;
#753 = VECTOR ( 'NONE', #3644, 1000.000000000000000 ) ;
#754 = EDGE_CURVE ( 'NONE', #478, #3993, #3622, .T. ) ;
#755 = EDGE_LOOP ( 'NONE', ( #2403, #4691, #2330, #3405, #629 ) ) ;
#756 = DIRECTION ( 'NONE',  ( -0.000000000000000000, -1.000000000000000000, -0.000000000000000000 ) ) ;
#757 = FACE_BOUND ( 'NONE', #2264, .T. ) ;
#758 = ORIENTED_EDGE ( 'NONE', *, *, #3216, .T. ) ;
#759 = ORIENTED_EDGE ( 'NONE', *, *, #5384, .F. ) ;
#760 = CARTESIAN_POINT ( 'NONE',  ( 0.000000000000000000, 0.000000000000000000, 0.000000000000000000 ) ) ;
#761 = CARTESIAN_POINT ( 'NONE',  ( -6.450000000000001066, 7.898971854500429678E-16, -1.500000000000000000 ) ) ;
#762 = ORIENTED_EDGE ( 'NONE', *, *, #919, .T. ) ;
#763 = VERTEX_POINT ( 'NONE', #5363 ) ;
#764 = CARTESIAN_POINT ( 'NONE',  ( -5.000000000000000000, 0.000000000000000000, 0.000000000000000000 ) ) ;
#765 = VERTEX_POINT ( 'NONE', #1987 ) ;
#766 = ORIENTED_EDGE ( 'NONE', *, *, #5353, .T. ) ;
#767 = AXIS2_PLACEMENT_3D ( 'NONE', #776, #5454, #4613 ) ;
#768 = DIRECTION ( 'NONE',  ( 0.000000000000000000, 1.000000000000000000, 0.000000000000000000 ) ) ;
#769 = DIRECTION ( 'NONE',  ( 0.000000000000000000, 0.000000000000000000, 1.000000000000000000 ) ) ;
#770 = PLANE ( 'NONE',  #3655 ) ;
#771 = ORIENTED_EDGE ( 'NONE', *, *, #2311, .F. ) ;
#772 = EDGE_CURVE ( 'NONE', #963, #1075, #2774, .T. ) ;
#773 = ORIENTED_EDGE ( 'NONE', *, *, #4908, .T. ) ;
#774 = AXIS2_PLACEMENT_3D ( 'NONE', #2176, #5441, #5086 ) ;
#775 = LINE ( 'NONE', #191, #4640 ) ;
#776 = CARTESIAN_POINT ( 'NONE',  ( -3877.999999999977263, 239.7500000000227089, 596.7999999999999545 ) ) ;
#777 = VERTEX_POINT ( 'NONE', #3325 ) ;
#778 = DIRECTION ( 'NONE',  ( 0.000000000000000000, -0.000000000000000000, -1.000000000000000000 ) ) ;
#779 = CYLINDRICAL_SURFACE ( 'NONE', #3453, 27.00000000000010658 ) ;
#780 = VECTOR ( 'NONE', #1139, 1000.000000000000000 ) ;
#781 = CARTESIAN_POINT ( 'NONE',  ( -3843.999999999977263, 2.273181642920008017E-11, 82.00000000000001421 ) ) ;
#782 = ORIENTED_EDGE ( 'NONE', *, *, #1817, .F. ) ;
#783 = EDGE_CURVE ( 'NONE', #2717, #3688, #2636, .T. ) ;
#784 = AXIS2_PLACEMENT_3D ( 'NONE', #861, #3759, #2985 ) ;
#785 = FACE_OUTER_BOUND ( 'NONE', #4014, .T. ) ;
#786 = COORDINATED_UNIVERSAL_TIME_OFFSET ( 8, 0, .AHEAD. ) ;
#787 = DIRECTION ( 'NONE',  ( 0.000000000000000000, 1.000000000000000000, 0.000000000000000000 ) ) ;
#788 = CARTESIAN_POINT ( 'NONE',  ( -3884.099999999977626, 1410.250000000022737, 590.9499999999997044 ) ) ;
#789 = CIRCLE ( 'NONE', #2743, 15.00000000000000000 ) ;
#790 = VERTEX_POINT ( 'NONE', #2491 ) ;
#791 = VECTOR ( 'NONE', #4751, 1000.000000000000000 ) ;
#792 = VERTEX_POINT ( 'NONE', #395 ) ;
#793 = SHAPE_DEFINITION_REPRESENTATION ( #2666, #1697 ) ;
#794 = CIRCLE ( 'NONE', #4301, 8.000000000000007105 ) ;
#795 = EDGE_LOOP ( 'NONE', ( #1878, #1337 ) ) ;
#796 = CIRCLE ( 'NONE', #1709, 15.00000000000000000 ) ;
#797 = EDGE_CURVE ( 'NONE', #1606, #4085, #5051, .T. ) ;
#798 = UNCERTAINTY_MEASURE_WITH_UNIT (LENGTH_MEASURE( 1.000000000000000082E-05 ), #4262, 'distance_accuracy_value', 'NONE');
#799 = CARTESIAN_POINT ( 'NONE',  ( 1.708382284810557841E-13, 1015.000000000000114, 15.00000000000000000 ) ) ;
#800 = ORIENTED_EDGE ( 'NONE', *, *, #708, .F. ) ;
#801 = ORIENTED_EDGE ( 'NONE', *, *, #4184, .T. ) ;
#802 = EDGE_CURVE ( 'NONE', #1853, #1936, #2573, .T. ) ;
#803 = DIRECTION ( 'NONE',  ( 0.000000000000000000, 1.000000000000000000, 0.000000000000000000 ) ) ;
#804 = DIRECTION ( 'NONE',  ( 0.000000000000000000, 0.000000000000000000, -1.000000000000000000 ) ) ;
#805 = LINE ( 'NONE', #3253, #4537 ) ;
#806 = DIRECTION ( 'NONE',  ( 0.000000000000000000, 0.000000000000000000, -1.000000000000000000 ) ) ;
#807 = AXIS2_PLACEMENT_3D ( 'NONE', #161, #3961, #127 ) ;
#808 = VECTOR ( 'NONE', #470, 1000.000000000000000 ) ;
#809 = CARTESIAN_POINT ( 'NONE',  ( 15.90000000000017089, -1125.000000000000000, 15.90000000000000036 ) ) ;
#810 = EDGE_CURVE ( 'NONE', #4287, #4834, #1180, .T. ) ;
#811 = AXIS2_PLACEMENT_3D ( 'NONE', #429, #3806, #46 ) ;
#812 = CARTESIAN_POINT ( 'NONE',  ( -3869.999999999977263, 2239.750000000022737, 580.0000000000000000 ) ) ;
#813 = ORIENTED_EDGE ( 'NONE', *, *, #3345, .F. ) ;
#814 = CARTESIAN_POINT ( 'NONE',  ( 33.00000000000018474, 985.0000000000001137, 0.000000000000000000 ) ) ;
#815 = VECTOR ( 'NONE', #402, 1000.000000000000000 ) ;
#816 = VERTEX_POINT ( 'NONE', #1657 ) ;
#817 = EDGE_CURVE ( 'NONE', #5048, #4595, #2841, .T. ) ;
#818 = CARTESIAN_POINT ( 'NONE',  ( -3894.799999999977445, 1039.750000000022510, 580.0000000000000000 ) ) ;
#819 = DIRECTION ( 'NONE',  ( 0.000000000000000000, 0.000000000000000000, 1.000000000000000000 ) ) ;
#820 = VERTEX_POINT ( 'NONE', #3366 ) ;
#821 = ORIENTED_EDGE ( 'NONE', *, *, #4166, .F. ) ;
#822 = DIRECTION ( 'NONE',  ( -1.000000000000000000, 0.000000000000000000, 0.000000000000000000 ) ) ;
#823 = CARTESIAN_POINT ( 'NONE',  ( -3884.099999999977626, 1039.750000000022510, 590.9499999999997044 ) ) ;
#824 = EDGE_LOOP ( 'NONE', ( #1886, #2422 ) ) ;
#825 = EDGE_CURVE ( 'NONE', #5125, #5108, #320, .T. ) ;
#826 = CARTESIAN_POINT ( 'NONE',  ( 15.90000000000017089, -1125.000000000000000, 22.40000000000000213 ) ) ;
#827 = VERTEX_POINT ( 'NONE', #2886 ) ;
#828 = DIRECTION ( 'NONE',  ( 0.000000000000000000, 0.000000000000000000, 1.000000000000000000 ) ) ;
#829 = CARTESIAN_POINT ( 'NONE',  ( -3884.099999999977626, 239.7500000000227089, 596.0000000000000000 ) ) ;
#830 = LOCAL_TIME ( 9, 50, 6.000000000000000000, #833 ) ;
#831 = CARTESIAN_POINT ( 'NONE',  ( 0.000000000000000000, 0.000000000000000000, 22.00000000000000000 ) ) ;
#832 = PRODUCT_RELATED_PRODUCT_CATEGORY ( 'detail', '', ( #1260 ) ) ;
#833 = COORDINATED_UNIVERSAL_TIME_OFFSET ( 8, 0, .AHEAD. ) ;
#834 = ORIENTED_EDGE ( 'NONE', *, *, #4551, .F. ) ;
#835 = ORIENTED_EDGE ( 'NONE', *, *, #4525, .T. ) ;
#836 = CARTESIAN_POINT ( 'NONE',  ( -3884.099999999977626, 1410.250000000022737, 601.0500000000001819 ) ) ;
#837 = CARTESIAN_POINT ( 'NONE',  ( -3877.999999999977263, 639.7500000000227374, 604.7999999999999545 ) ) ;
#838 = AXIS2_PLACEMENT_3D ( 'NONE', #3682, #3663, #3702 ) ;
#839 = ORIENTED_EDGE ( 'NONE', *, *, #4108, .F. ) ;
#840 = CARTESIAN_POINT ( 'NONE',  ( 15.90000000000017089, 185.0000000000002842, 15.90000000000000036 ) ) ;
#841 = VECTOR ( 'NONE', #2846, 1000.000000000000000 ) ;
#842 = DIRECTION ( 'NONE',  ( 0.000000000000000000, 1.000000000000000000, -0.000000000000000000 ) ) ;
#843 = CARTESIAN_POINT ( 'NONE',  ( 15.90000000000017089, -1125.000000000000000, 15.90000000000000036 ) ) ;
#845 = FACE_OUTER_BOUND ( 'NONE', #924, .T. ) ;
#844 = APPROVAL_STATUS ( 'not_yet_approved' ) ;
#846 = VERTEX_POINT ( 'NONE', #2958 ) ;
#847 = FACE_OUTER_BOUND ( 'NONE', #4033, .T. ) ;
#848 = AXIS2_PLACEMENT_3D ( 'NONE', #3886, #163, #3540 ) ;
#849 = DIRECTION ( 'NONE',  ( -1.000000000000000000, 0.000000000000000000, 0.000000000000000000 ) ) ;
#850 = ORIENTED_EDGE ( 'NONE', *, *, #357, .T. ) ;
#851 = ADVANCED_FACE ( 'NONE', ( #67, #3171 ), #2042, .F. ) ;
#852 = LINE ( 'NONE', #3632, #4257 ) ;
#853 = EDGE_CURVE ( 'NONE', #4898, #4877, #794, .T. ) ;
#854 = PRODUCT ( '高柜01定位销_高柜01定位销', '高柜01定位销_高柜01定位销', '', ( #4744 ) ) ;
#855 = CYLINDRICAL_SURFACE ( 'NONE', #4311, 27.00000000000010658 ) ;
#856 = DIRECTION ( 'NONE',  ( -0.000000000000000000, -1.000000000000000000, -0.000000000000000000 ) ) ;
#857 = AXIS2_PLACEMENT_3D ( 'NONE', #4714, #5135, #4657 ) ;
#858 = EDGE_LOOP ( 'NONE', ( #3712, #4350, #4200, #1138, #987 ) ) ;
#859 = LINE ( 'NONE', #4672, #5263 ) ;
#860 = LINE ( 'NONE', #4936, #2836 ) ;
#861 = CARTESIAN_POINT ( 'NONE',  ( -28.00000000000001066, -1014.999999999999886, 27.00000000000000355 ) ) ;
#862 = CARTESIAN_POINT ( 'NONE',  ( -3869.999999999977263, 239.7500000000227089, 580.0000000000000000 ) ) ;
#863 = EDGE_LOOP ( 'NONE', ( #1089, #3852 ) ) ;
#864 = VECTOR ( 'NONE', #365, 1000.000000000000000 ) ;
#865 = ORIENTED_EDGE ( 'NONE', *, *, #3900, .F. ) ;
#866 = VECTOR ( 'NONE', #3751, 1000.000000000000000 ) ;
#867 = VERTEX_POINT ( 'NONE', #2527 ) ;
#868 = LINE ( 'NONE', #5199, #2316 ) ;
#869 = ORIENTED_EDGE ( 'NONE', *, *, #492, .T. ) ;
#870 = DIRECTION ( 'NONE',  ( 0.000000000000000000, 0.000000000000000000, 1.000000000000000000 ) ) ;
#871 = CARTESIAN_POINT ( 'NONE',  ( -3869.999999999976808, 130.0000000000227658, 22.00000000000002132 ) ) ;
#872 = VECTOR ( 'NONE', #3467, 1000.000000000000000 ) ;
#873 = EDGE_CURVE ( 'NONE', #4505, #4104, #1631, .T. ) ;
#874 = CYLINDRICAL_SURFACE ( 'NONE', #615, 5.050000000000220979 ) ;
#875 = DIRECTION ( 'NONE',  ( -1.000000000000000000, 0.000000000000000000, 0.000000000000000000 ) ) ;
#876 = CARTESIAN_POINT ( 'NONE',  ( -3353.999999999976808, 85.00000000002273737, 502.0000000000000000 ) ) ;
#877 = ADVANCED_FACE ( 'NONE', ( #3570 ), #4731, .T. ) ;
#878 = AXIS2_PLACEMENT_3D ( 'NONE', #2467, #822, #3287 ) ;
#879 = CYLINDRICAL_SURFACE ( 'NONE', #4335, 15.00000000000000000 ) ;
#880 = DIRECTION ( 'NONE',  ( 0.000000000000000000, 0.000000000000000000, -1.000000000000000000 ) ) ;
#881 = CIRCLE ( 'NONE', #3417, 20.00000000000018474 ) ;
#882 = VERTEX_POINT ( 'NONE', #2903 ) ;
#883 = ORIENTED_EDGE ( 'NONE', *, *, #87, .T. ) ;
#884 = EDGE_CURVE ( 'NONE', #5419, #1727, #2896, .T. ) ;
#885 = ORIENTED_EDGE ( 'NONE', *, *, #3180, .T. ) ;
#886 = DIRECTION ( 'NONE',  ( -0.000000000000000000, 1.000000000000000000, -0.000000000000000000 ) ) ;
#887 = ADVANCED_FACE ( 'NONE', ( #2045 ), #1830, .T. ) ;
#888 = ORIENTED_EDGE ( 'NONE', *, *, #2710, .F. ) ;
#889 = CARTESIAN_POINT ( 'NONE',  ( 15.90000000000017089, 1125.000000000000000, 15.90000000000000036 ) ) ;
#890 = ORIENTED_EDGE ( 'NONE', *, *, #675, .T. ) ;
#891 = CARTESIAN_POINT ( 'NONE',  ( -3877.999999999977263, 2239.750000000022737, 596.7999999999999545 ) ) ;
#892 = DIRECTION ( 'NONE',  ( -1.000000000000000000, -0.000000000000000000, -1.137523590804460124E-16 ) ) ;
#893 = CARTESIAN_POINT ( 'NONE',  ( -3353.999999999976808, 85.00000000002273737, 481.9999999999998295 ) ) ;
#894 = ORIENTED_EDGE ( 'NONE', *, *, #3459, .T. ) ;
#895 = ORIENTED_EDGE ( 'NONE', *, *, #4155, .T. ) ;
#896 = DATE_TIME_ROLE ( 'classification_date' ) ;
#897 = DIRECTION ( 'NONE',  ( 0.8252911105649866075, 0.000000000000000000, 0.5647075197147732872 ) ) ;
#898 = EDGE_CURVE ( 'NONE', #3200, #820, #528, .T. ) ;
#899 = PLANE ( 'NONE',  #784 ) ;
#900 = PRODUCT_DEFINITION_SHAPE ( 'NONE', 'NONE',  #4406 ) ;
#901 = EDGE_LOOP ( 'NONE', ( #2607, #3091 ) ) ;
#902 = AXIS2_PLACEMENT_3D ( 'NONE', #1304, #3456, #2541 ) ;
#903 = VERTEX_POINT ( 'NONE', #4715 ) ;
#904 = ADVANCED_FACE ( 'NONE', ( #535 ), #2762, .F. ) ;
#905 = CIRCLE ( 'NONE', #486, 20.00000000000018474 ) ;
#906 = DIRECTION ( 'NONE',  ( 0.000000000000000000, 0.000000000000000000, -1.000000000000000000 ) ) ;
#907 = ORIENTED_EDGE ( 'NONE', *, *, #4656, .F. ) ;
#908 = EDGE_CURVE ( 'NONE', #568, #4329, #5257, .T. ) ;
#909 = LINE ( 'NONE', #4395, #4310 ) ;
#910 = AXIS2_PLACEMENT_3D ( 'NONE', #3443, #2997, #3424 ) ;
#911 = CIRCLE ( 'NONE', #748, 20.00000000000018474 ) ;
#912 = CARTESIAN_POINT ( 'NONE',  ( 15.00000000000016875, 0.000000000000000000, 0.000000000000000000 ) ) ;
#913 = ORIENTED_EDGE ( 'NONE', *, *, #3072, .F. ) ;
#914 = DIRECTION ( 'NONE',  ( -0.000000000000000000, 1.000000000000000000, -0.000000000000000000 ) ) ;
#915 = LINE ( 'NONE', #3485, #249 ) ;
#916 = DIRECTION ( 'NONE',  ( 0.000000000000000000, 0.000000000000000000, 1.000000000000000000 ) ) ;
#917 = FACE_OUTER_BOUND ( 'NONE', #3659, .T. ) ;
#918 = VERTEX_POINT ( 'NONE', #3805 ) ;
#919 = EDGE_CURVE ( 'NONE', #3079, #816, #789, .T. ) ;
#920 = CYLINDRICAL_SURFACE ( 'NONE', #1209, 8.000000000000007105 ) ;
#921 = CARTESIAN_POINT ( 'NONE',  ( -3353.999999999976808, 15.00000000002273204, 502.0000000000000000 ) ) ;
#922 = CALENDAR_DATE ( 2026, 27, 5 ) ;
#923 = DIRECTION ( 'NONE',  ( 0.000000000000000000, -1.000000000000000000, 0.000000000000000000 ) ) ;
#924 = EDGE_LOOP ( 'NONE', ( #5238, #1782, #2918, #2451 ) ) ;
#925 = PERSON_AND_ORGANIZATION ( #413, #3566 ) ;
#926 = EDGE_CURVE ( 'NONE', #1465, #2346, #3228, .T. ) ;
#927 = LINE ( 'NONE', #188, #1309 ) ;
#928 = CARTESIAN_POINT ( 'NONE',  ( -3843.999999999977263, 15.00000000002273204, 61.99999999999982947 ) ) ;
#929 = ORIENTED_EDGE ( 'NONE', *, *, #1029, .F. ) ;
#930 = APPROVAL_DATE_TIME ( #3174, #1008 ) ;
#931 = CARTESIAN_POINT ( 'NONE',  ( -3843.999999999977263, 85.00000000002273737, 109.0000000000001279 ) ) ;
#932 = ADVANCED_FACE ( 'NONE', ( #4186 ), #2593, .T. ) ;
#933 = DIRECTION ( 'NONE',  ( -1.000000000000000000, 0.000000000000000000, 0.000000000000000000 ) ) ;
#934 = DIRECTION ( 'NONE',  ( 0.000000000000000000, 0.000000000000000000, 1.000000000000000000 ) ) ;
#935 = ORIENTED_EDGE ( 'NONE', *, *, #2609, .F. ) ;
#936 = DIRECTION ( 'NONE',  ( 0.000000000000000000, 0.000000000000000000, 1.000000000000000000 ) ) ;
#937 = CC_DESIGN_DATE_AND_TIME_ASSIGNMENT ( #1505, #2185, ( #2808 ) ) ;
#938 = LINE ( 'NONE', #3521, #5274 ) ;
#939 = PLANE ( 'NONE',  #857 ) ;
#940 = DIRECTION ( 'NONE',  ( 0.000000000000000000, 1.000000000000000000, 0.000000000000000000 ) ) ;
#941 = AXIS2_PLACEMENT_3D ( 'NONE', #3032, #510, #198 ) ;
#942 = CARTESIAN_POINT ( 'NONE',  ( -3843.999999999977263, 2.273181642920008017E-11, 54.99999999999990052 ) ) ;
#943 = VERTEX_POINT ( 'NONE', #4632 ) ;
#944 = EDGE_CURVE ( 'NONE', #3532, #1022, #1841, .T. ) ;
#945 = CARTESIAN_POINT ( 'NONE',  ( 15.00000000000016875, -585.0000000000000000, 0.000000000000000000 ) ) ;
#946 = ORIENTED_EDGE ( 'NONE', *, *, #3169, .F. ) ;
#947 = CARTESIAN_POINT ( 'NONE',  ( -3894.799999999977445, 1810.250000000022737, 596.7999999999999545 ) ) ;
#948 = CARTESIAN_POINT ( 'NONE',  ( -3843.999999999977263, 85.00000000002273737, 102.0000000000001990 ) ) ;
#949 = VERTEX_POINT ( 'NONE', #2628 ) ;
#950 = DIRECTION ( 'NONE',  ( 1.000000000000000000, 0.000000000000000000, 0.000000000000000000 ) ) ;
#951 = CARTESIAN_POINT ( 'NONE',  ( 15.90000000000017089, 585.0000000000000000, 10.90000000000000036 ) ) ;
#952 = ORIENTED_EDGE ( 'NONE', *, *, #2951, .T. ) ;
#953 = DIRECTION ( 'NONE',  ( 0.000000000000000000, -1.000000000000000000, 0.000000000000000000 ) ) ;
#954 = ORIENTED_EDGE ( 'NONE', *, *, #1473, .T. ) ;
#955 = EDGE_CURVE ( 'NONE', #2516, #3071, #5322, .T. ) ;
#956 = ADVANCED_FACE ( 'NONE', ( #4313, #125 ), #4243, .F. ) ;
#957 =( GEOMETRIC_REPRESENTATION_CONTEXT ( 3 ) GLOBAL_UNCERTAINTY_ASSIGNED_CONTEXT ( ( #3395 ) ) GLOBAL_UNIT_ASSIGNED_CONTEXT ( ( #1308, #4241, #1690 ) ) REPRESENTATION_CONTEXT ( 'NONE', 'WORKASPACE' ) );
#958 = ORIENTED_EDGE ( 'NONE', *, *, #4850, .F. ) ;
#959 = EDGE_LOOP ( 'NONE', ( #3654, #3820 ) ) ;
#960 = CALENDAR_DATE ( 2026, 27, 5 ) ;
#961 = CARTESIAN_POINT ( 'NONE',  ( 33.00000000000017764, -214.9999999999999432, -27.99999999999998934 ) ) ;
#962 = ORIENTED_EDGE ( 'NONE', *, *, #3848, .T. ) ;
#963 = VERTEX_POINT ( 'NONE', #3829 ) ;
#964 = CARTESIAN_POINT ( 'NONE',  ( -3869.999999999977263, 2210.250000000022283, 580.0000000000000000 ) ) ;
#965 = CARTESIAN_POINT ( 'NONE',  ( 0.000000000000000000, 0.000000000000000000, 0.000000000000000000 ) ) ;
#966 = CARTESIAN_POINT ( 'NONE',  ( -3894.799999999977445, 2210.250000000022283, 580.0000000000000000 ) ) ;
#967 = ORIENTED_EDGE ( 'NONE', *, *, #1029, .T. ) ;
#968 = ADVANCED_FACE ( 'NONE', ( #3998 ), #1329, .T. ) ;
#969 = LINE ( 'NONE', #2860, #2079 ) ;
#970 = DIRECTION ( 'NONE',  ( -1.000000000000000000, -0.000000000000000000, -1.137523590804460124E-16 ) ) ;
#971 = CYLINDRICAL_SURFACE ( 'NONE', #3277, 20.00000000000012790 ) ;
#972 = AXIS2_PLACEMENT_3D ( 'NONE', #1826, #4766, #1930 ) ;
#973 = ORIENTED_EDGE ( 'NONE', *, *, #5226, .F. ) ;
#974 = CYLINDRICAL_SURFACE ( 'NONE', #1963, 20.00000000000012790 ) ;
#975 = DIRECTION ( 'NONE',  ( 0.000000000000000000, -1.000000000000000000, 0.000000000000000000 ) ) ;
#976 = DIRECTION ( 'NONE',  ( 1.261617073437678245E-16, 0.000000000000000000, 1.000000000000000000 ) ) ;
#977 = CYLINDRICAL_SURFACE ( 'NONE', #5049, 5.050000000000220979 ) ;
#978 = EDGE_CURVE ( 'NONE', #338, #4024, #2485, .T. ) ;
#979 = EDGE_LOOP ( 'NONE', ( #913, #2139, #5096, #5302 ) ) ;
#980 = CARTESIAN_POINT ( 'NONE',  ( 15.90000000000017089, -1014.999999999999886, 20.90000000000000213 ) ) ;
#981 = FACE_BOUND ( 'NONE', #231, .T. ) ;
#982 = COORDINATED_UNIVERSAL_TIME_OFFSET ( 8, 0, .AHEAD. ) ;
#983 = AXIS2_PLACEMENT_3D ( 'NONE', #2101, #2134, #4624 ) ;
#984 = CARTESIAN_POINT ( 'NONE',  ( 1.708382284810557841E-13, 615.0000000000001137, 15.00000000000000000 ) ) ;
#985 = ADVANCED_FACE ( 'NONE', ( #3020 ), #256, .T. ) ;
#986 = CARTESIAN_POINT ( 'NONE',  ( 15.90000000000017089, -1125.000000000000000, 15.90000000000000036 ) ) ;
#987 = ORIENTED_EDGE ( 'NONE', *, *, #3276, .F. ) ;
#988 = LOCAL_TIME ( 9, 50, 6.000000000000000000, #3561 ) ;
#989 = PRODUCT_DEFINITION_SHAPE ( 'NONE', 'NONE',  #5466 ) ;
#990 = EDGE_CURVE ( 'NONE', #4329, #3683, #377, .T. ) ;
#991 = AXIS2_PLACEMENT_3D ( 'NONE', #5378, #5364, #1203 ) ;
#992 = ORIENTED_EDGE ( 'NONE', *, *, #640, .T. ) ;
#993 = CARTESIAN_POINT ( 'NONE',  ( -3894.799999999977445, 1839.750000000022965, 596.7999999999999545 ) ) ;
#994 = CARTESIAN_POINT ( 'NONE',  ( -3886.799999999977445, 210.2500000000227374, 604.7999999999999545 ) ) ;
#995 = DIRECTION ( 'NONE',  ( 0.000000000000000000, 0.000000000000000000, 1.000000000000000000 ) ) ;
#996 = ORIENTED_EDGE ( 'NONE', *, *, #1706, .T. ) ;
#997 = LINE ( 'NONE', #540, #4404 ) ;
#998 = VERTEX_POINT ( 'NONE', #1856 ) ;
#999 = DIRECTION ( 'NONE',  ( 0.000000000000000000, -0.000000000000000000, -1.000000000000000000 ) ) ;
#1000 = CYLINDRICAL_SURFACE ( 'NONE', #2566, 5.000000000000000888 ) ;
#1001 = ADVANCED_FACE ( 'NONE', ( #3616 ), #920, .T. ) ;
#1002 = DIRECTION ( 'NONE',  ( 0.000000000000000000, 0.000000000000000000, 1.000000000000000000 ) ) ;
#1003 = ORIENTED_EDGE ( 'NONE', *, *, #52, .T. ) ;
#1004 = CARTESIAN_POINT ( 'NONE',  ( -3886.799999999977445, 639.7500000000227374, 604.7999999999999545 ) ) ;
#1005 = CARTESIAN_POINT ( 'NONE',  ( -3899.999999999977263, 0.000000000000000000, 580.0000000000000000 ) ) ;
#1006 = DIRECTION ( 'NONE',  ( 0.000000000000000000, -0.000000000000000000, 1.000000000000000000 ) ) ;
#1007 = EDGE_CURVE ( 'NONE', #7, #2260, #4582, .T. ) ;
#1008 = APPROVAL ( #3592, '未指定' ) ;
#1009 = DIRECTION ( 'NONE',  ( 0.000000000000000000, -1.000000000000000000, 0.000000000000000000 ) ) ;
#1010 = CYLINDRICAL_SURFACE ( 'NONE', #902, 8.000000000000007105 ) ;
#1011 = ADVANCED_FACE ( 'NONE', ( #981, #3489 ), #5215, .F. ) ;
#1012 = VERTEX_POINT ( 'NONE', #4331 ) ;
#1013 = AXIS2_PLACEMENT_3D ( 'NONE', #3531, #1009, #2257 ) ;
#1014 = DIRECTION ( 'NONE',  ( 1.137523590804460124E-16, 0.000000000000000000, -1.000000000000000000 ) ) ;
#1015 = EDGE_LOOP ( 'NONE', ( #4435, #482, #13, #2598, #3756 ) ) ;
#1016 = VERTEX_POINT ( 'NONE', #2219 ) ;
#1017 = PLANE ( 'NONE',  #4709 ) ;
#1018 = PLANE ( 'NONE',  #3901 ) ;
#1019 = CARTESIAN_POINT ( 'NONE',  ( -3894.799999999977445, 1039.750000000022510, 580.0000000000000000 ) ) ;
#1020 = EDGE_LOOP ( 'NONE', ( #3227, #1411, #4531, #4843 ) ) ;
#1021 = AXIS2_PLACEMENT_3D ( 'NONE', #1193, #1521, #718 ) ;
#1022 = VERTEX_POINT ( 'NONE', #3498 ) ;
#1023 = COORDINATED_UNIVERSAL_TIME_OFFSET ( 8, 0, .AHEAD. ) ;
#1024 = CARTESIAN_POINT ( 'NONE',  ( -3869.999999999977263, 1039.750000000022510, 580.0000000000000000 ) ) ;
#1025 = CARTESIAN_POINT ( 'NONE',  ( -3877.999999999977263, 1010.250000000022510, 604.7999999999999545 ) ) ;
#1026 = ORIENTED_EDGE ( 'NONE', *, *, #2783, .T. ) ;
#1027 = DIRECTION ( 'NONE',  ( 0.000000000000000000, 0.000000000000000000, 1.000000000000000000 ) ) ;
#1028 = ORIENTED_EDGE ( 'NONE', *, *, #5427, .T. ) ;
#1029 = EDGE_CURVE ( 'NONE', #4377, #1853, #5381, .T. ) ;
#1030 = CYLINDRICAL_SURFACE ( 'NONE', #4638, 5.050000000000220979 ) ;
#1031 = CARTESIAN_POINT ( 'NONE',  ( 4.000000000000003553, 5.510910596163091528E-16, 1000.000000000000000 ) ) ;
#1032 = ORIENTED_EDGE ( 'NONE', *, *, #4621, .F. ) ;
#1033 = EDGE_LOOP ( 'NONE', ( #1454, #2712, #5354, #4334, #283 ) ) ;
#1034 = CARTESIAN_POINT ( 'NONE',  ( -3886.799999999977445, 1010.250000000022510, 596.7999999999999545 ) ) ;
#1035 = APPROVAL_ROLE ( '' ) ;
#1036 = DIRECTION ( 'NONE',  ( 0.000000000000000000, -0.000000000000000000, -1.000000000000000000 ) ) ;
#1037 = ORIENTED_EDGE ( 'NONE', *, *, #107, .T. ) ;
#1038 = ADVANCED_FACE ( 'NONE', ( #4727 ), #3881, .T. ) ;
#1039 = DIRECTION ( 'NONE',  ( 0.000000000000000000, 0.000000000000000000, -1.000000000000000000 ) ) ;
#1040 = VECTOR ( 'NONE', #2739, 1000.000000000000000 ) ;
#1041 = EDGE_LOOP ( 'NONE', ( #2664, #3921, #3321, #2637 ) ) ;
#1042 = CIRCLE ( 'NONE', #3926, 15.00000000000000000 ) ;
#1043 = DIRECTION ( 'NONE',  ( 0.000000000000000000, 0.000000000000000000, -1.000000000000000000 ) ) ;
#1044 = CALENDAR_DATE ( 2026, 27, 5 ) ;
#1045 = CARTESIAN_POINT ( 'NONE',  ( 33.00000000000018474, 0.000000000000000000, 0.000000000000000000 ) ) ;
#1046 = DIRECTION ( 'NONE',  ( 0.000000000000000000, 1.000000000000000000, 0.000000000000000000 ) ) ;
#1047 = CIRCLE ( 'NONE', #848, 5.050000000000220979 ) ;
#1048 = VERTEX_POINT ( 'NONE', #4374 ) ;
#1049 = CYLINDRICAL_SURFACE ( 'NONE', #2278, 8.000000000000007105 ) ;
#1050 = ORGANIZATION ( 'NAUO-ORG3', 'UNSPECIFIED', 'UNSPECIFIED' ) ;
#1051 = EDGE_CURVE ( 'NONE', #705, #5184, #727, .T. ) ;
#1052 = CIRCLE ( 'NONE', #4167, 27.00000000000011369 ) ;
#1053 = DATE_TIME_ROLE ( 'creation_date' ) ;
#1054 = VERTEX_POINT ( 'NONE', #3129 ) ;
#1055 = DIRECTION ( 'NONE',  ( 1.261617073437677999E-16, 0.000000000000000000, 1.000000000000000000 ) ) ;
#1056 = DIRECTION ( 'NONE',  ( 0.000000000000000000, 0.000000000000000000, 1.000000000000000000 ) ) ;
#1057 = EDGE_LOOP ( 'NONE', ( #2748, #3301, #3763, #1882 ) ) ;
#1058 = DIRECTION ( 'NONE',  ( 1.000000000000000000, 0.000000000000000000, -0.000000000000000000 ) ) ;
#1059 = EDGE_CURVE ( 'NONE', #2670, #381, #1905, .T. ) ;
#1060 = AXIS2_PLACEMENT_3D ( 'NONE', #2255, #598, #916 ) ;
#1061 = DIRECTION ( 'NONE',  ( 0.000000000000000000, 0.000000000000000000, 1.000000000000000000 ) ) ;
#1062 = CARTESIAN_POINT ( 'NONE',  ( 1.708382284810557841E-13, 1125.000000000000000, 15.00000000000000000 ) ) ;
#1063 = CARTESIAN_POINT ( 'NONE',  ( -3899.999999999977263, 100.0000000000227374, 580.0000000000000000 ) ) ;
#1064 = EDGE_LOOP ( 'NONE', ( #4158, #1003 ) ) ;
#1065 = ADVANCED_FACE ( 'NONE', ( #3423, #5317 ), #3068, .F. ) ;
#1066 = FACE_OUTER_BOUND ( 'NONE', #2591, .T. ) ;
#1067 = LINE ( 'NONE', #4601, #2381 ) ;
#1068 = CARTESIAN_POINT ( 'NONE',  ( 1.708382284810557841E-13, 1125.000000000000000, 30.00000000000000000 ) ) ;
#1069 = FACE_OUTER_BOUND ( 'NONE', #1330, .T. ) ;
#1070 = CIRCLE ( 'NONE', #1172, 5.050000000000220979 ) ;
#1071 = CARTESIAN_POINT ( 'NONE',  ( 15.00000000000016875, -585.0000000000000000, 15.00000000000000000 ) ) ;
#1072 = DIRECTION ( 'NONE',  ( 0.000000000000000000, 1.000000000000000000, 0.000000000000000000 ) ) ;
#1073 = CARTESIAN_POINT ( 'NONE',  ( -3843.999999999977263, 2.273181642920008017E-11, 54.99999999999990052 ) ) ;
#1074 = EDGE_CURVE ( 'NONE', #1727, #5419, #4179, .T. ) ;
#1075 = VERTEX_POINT ( 'NONE', #2796 ) ;
#1076 = DIRECTION ( 'NONE',  ( 1.000000000000000000, -0.000000000000000000, -0.000000000000000000 ) ) ;
#1077 = ORIENTED_EDGE ( 'NONE', *, *, #2050, .F. ) ;
#1078 = DIRECTION ( 'NONE',  ( 0.000000000000000000, 0.000000000000000000, 1.000000000000000000 ) ) ;
#1079 = EDGE_CURVE ( 'NONE', #2840, #1623, #56, .T. ) ;
#1080 = EDGE_LOOP ( 'NONE', ( #2071, #3050, #1404, #5283 ) ) ;
#1081 = ORIENTED_EDGE ( 'NONE', *, *, #2560, .T. ) ;
#1082 = ORIENTED_EDGE ( 'NONE', *, *, #2033, .T. ) ;
#1083 = ORIENTED_EDGE ( 'NONE', *, *, #2706, .T. ) ;
#1084 = ADVANCED_FACE ( 'NONE', ( #3222, #2954 ), #3219, .T. ) ;
#1085 = CARTESIAN_POINT ( 'NONE',  ( -3353.999999999976808, 2.273181642920008017E-11, 502.0000000000000000 ) ) ;
#1086 = EDGE_CURVE ( 'NONE', #346, #4769, #2364, .T. ) ;
#1087 = AXIS2_PLACEMENT_3D ( 'NONE', #2944, #4634, #24 ) ;
#1088 = FACE_BOUND ( 'NONE', #2018, .T. ) ;
#1089 = ORIENTED_EDGE ( 'NONE', *, *, #1079, .F. ) ;
#1090 = APPLICATION_CONTEXT ( 'configuration controlled 3d designs of mechanical parts and assemblies' ) ;
#1091 = ORIENTED_EDGE ( 'NONE', *, *, #2577, .F. ) ;
#1092 = CARTESIAN_POINT ( 'NONE',  ( -3843.999999999977263, 85.00000000002273737, 82.00000000000001421 ) ) ;
#1093 = CIRCLE ( 'NONE', #3138, 15.00000000000000000 ) ;
#1094 = VERTEX_POINT ( 'NONE', #3167 ) ;
#1095 = EDGE_CURVE ( 'NONE', #664, #624, #1367, .T. ) ;
#1096 = VECTOR ( 'NONE', #803, 1000.000000000000000 ) ;
#1097 = CIRCLE ( 'NONE', #4076, 5.000000000000000888 ) ;
#1098 = LINE ( 'NONE', #3178, #5436 ) ;
#1099 = DIRECTION ( 'NONE',  ( -1.000000000000000000, 0.000000000000000000, -0.000000000000000000 ) ) ;
#1100 = VECTOR ( 'NONE', #3795, 1000.000000000000000 ) ;
#1101 = CARTESIAN_POINT ( 'NONE',  ( 0.000000000000000000, 0.000000000000000000, -1.500000000000000000 ) ) ;
#1102 = ORIENTED_EDGE ( 'NONE', *, *, #2365, .T. ) ;
#1103 = CIRCLE ( 'NONE', #2321, 27.00000000000013500 ) ;
#1104 = EDGE_CURVE ( 'NONE', #2458, #5445, #1233, .T. ) ;
#1105 = COORDINATED_UNIVERSAL_TIME_OFFSET ( 8, 0, .AHEAD. ) ;
#1106 = VECTOR ( 'NONE', #1359, 1000.000000000000000 ) ;
#1107 = VECTOR ( 'NONE', #2019, 1000.000000000000000 ) ;
#1108 = APPROVAL ( #3686, '未指定' ) ;
#1109 = VECTOR ( 'NONE', #2115, 1000.000000000000000 ) ;
#1110 = ORIENTED_EDGE ( 'NONE', *, *, #5175, .T. ) ;
#1111 = FACE_OUTER_BOUND ( 'NONE', #4152, .T. ) ;
#1112 = DIRECTION ( 'NONE',  ( -0.000000000000000000, 1.000000000000000000, -0.000000000000000000 ) ) ;
#1113 = ORIENTED_EDGE ( 'NONE', *, *, #4576, .T. ) ;
#1114 = CARTESIAN_POINT ( 'NONE',  ( -3843.999999999977263, 15.00000000002273204, 102.0000000000001990 ) ) ;
#1115 = DIRECTION ( 'NONE',  ( -0.000000000000000000, 1.000000000000000000, -0.000000000000000000 ) ) ;
#1116 = AXIS2_PLACEMENT_3D ( 'NONE', #1405, #4354, #1027 ) ;
#1117 = ORIENTED_EDGE ( 'NONE', *, *, #2432, .T. ) ;
#1118 = ORIENTED_EDGE ( 'NONE', *, *, #4544, .F. ) ;
#1119 = AXIS2_PLACEMENT_3D ( 'NONE', #4195, #2536, #53 ) ;
#1120 = VERTEX_POINT ( 'NONE', #690 ) ;
#1121 = APPLICATION_PROTOCOL_DEFINITION ( 'international standard', 'config_control_design', 1994, #4467 ) ;
#1122 = EDGE_LOOP ( 'NONE', ( #622, #225 ) ) ;
#1123 = EDGE_CURVE ( 'NONE', #1627, #2530, #119, .T. ) ;
#1124 = CARTESIAN_POINT ( 'NONE',  ( -28.00000000000001066, 985.0000000000001137, 27.00000000000000355 ) ) ;
#1125 = DIRECTION ( 'NONE',  ( 1.000000000000000000, -0.000000000000000000, -0.000000000000000000 ) ) ;
#1126 = LINE ( 'NONE', #323, #4678 ) ;
#1127 = LINE ( 'NONE', #10, #5402 ) ;
#1128 = DIRECTION ( 'NONE',  ( -1.000000000000000000, 0.000000000000000000, 0.000000000000000000 ) ) ;
#1129 = ORIENTED_EDGE ( 'NONE', *, *, #1896, .T. ) ;
#1130 = CARTESIAN_POINT ( 'NONE',  ( -3843.999999999977263, 2.273181642920008017E-11, 82.00000000000001421 ) ) ;
#1131 = ORIENTED_EDGE ( 'NONE', *, *, #1655, .F. ) ;
#1132 = DIRECTION ( 'NONE',  ( 0.000000000000000000, 0.000000000000000000, 1.000000000000000000 ) ) ;
#1133 = EDGE_LOOP ( 'NONE', ( #1600, #3176, #5220, #5348 ) ) ;
#1134 = CIRCLE ( 'NONE', #1119, 20.00000000000018474 ) ;
#1135 = ORIENTED_EDGE ( 'NONE', *, *, #3940, .T. ) ;
#1136 = AXIS2_PLACEMENT_3D ( 'NONE', #2301, #537, #1810 ) ;
#1137 = DIRECTION ( 'NONE',  ( 0.000000000000000000, -1.000000000000000000, 0.000000000000000000 ) ) ;
#1138 = ORIENTED_EDGE ( 'NONE', *, *, #3428, .T. ) ;
#1139 = DIRECTION ( 'NONE',  ( 0.000000000000000000, -1.000000000000000000, 0.000000000000000000 ) ) ;
#1140 = ORIENTED_EDGE ( 'NONE', *, *, #3311, .F. ) ;
#1141 = DATE_AND_TIME ( #3652, #417 ) ;
#1142 = EDGE_CURVE ( 'NONE', #4377, #4420, #1967, .T. ) ;
#1143 = ORIENTED_EDGE ( 'NONE', *, *, #5175, .F. ) ;
#1144 = AXIS2_PLACEMENT_3D ( 'NONE', #1712, #4654, #2569 ) ;
#1145 = ORIENTED_EDGE ( 'NONE', *, *, #3283, .T. ) ;
#1146 = DIRECTION ( 'NONE',  ( 0.000000000000000000, 0.000000000000000000, 1.000000000000000000 ) ) ;
#1147 = CARTESIAN_POINT ( 'NONE',  ( -3329.999999999977263, 130.0000000000227942, 22.00000000000002132 ) ) ;
#1148 = DIRECTION ( 'NONE',  ( 0.000000000000000000, -1.000000000000000000, 0.000000000000000000 ) ) ;
#1149 = APPROVAL_DATE_TIME ( #4778, #3217 ) ;
#1150 = LINE ( 'NONE', #4101, #2211 ) ;
#1151 = ORIENTED_EDGE ( 'NONE', *, *, #5191, .F. ) ;
#1152 = CARTESIAN_POINT ( 'NONE',  ( -3884.099999999977626, 610.2500000000227374, 596.0000000000000000 ) ) ;
#1153 = VECTOR ( 'NONE', #2051, 1000.000000000000000 ) ;
#1154 = EDGE_CURVE ( 'NONE', #4796, #5445, #852, .T. ) ;
#1155 = DIRECTION ( 'NONE',  ( 0.000000000000000000, -1.000000000000000000, 0.000000000000000000 ) ) ;
#1156 = AXIS2_PLACEMENT_3D ( 'NONE', #4173, #5418, #30 ) ;
#1157 =( NAMED_UNIT ( * ) PLANE_ANGLE_UNIT ( ) SI_UNIT ( $, .RADIAN. ) );
#1158 = LINE ( 'NONE', #4365, #2948 ) ;
#1159 = ORIENTED_EDGE ( 'NONE', *, *, #128, .T. ) ;
#1160 = VECTOR ( 'NONE', #4145, 1000.000000000000000 ) ;
#1161 = CARTESIAN_POINT ( 'NONE',  ( -3843.999999999977263, 85.00000000002273737, 481.9999999999998295 ) ) ;
#1162 = DATE_TIME_ROLE ( 'creation_date' ) ;
#1163 = VERTEX_POINT ( 'NONE', #1924 ) ;
#1164 = CIRCLE ( 'NONE', #4097, 5.000000000000000888 ) ;
#1165 = CARTESIAN_POINT ( 'NONE',  ( 1.708382284810557841E-13, 215.0000000000001990, 30.00000000000000000 ) ) ;
#1166 = CARTESIAN_POINT ( 'NONE',  ( 33.00000000000018474, 185.0000000000001990, 0.000000000000000000 ) ) ;
#1167 = ORIENTED_EDGE ( 'NONE', *, *, #52, .F. ) ;
#1168 = EDGE_CURVE ( 'NONE', #3835, #790, #1624, .T. ) ;
#1169 = LINE ( 'NONE', #2036, #2164 ) ;
#1170 = CALENDAR_DATE ( 2026, 27, 5 ) ;
#1171 = CIRCLE ( 'NONE', #2297, 15.00000000000000000 ) ;
#1172 = AXIS2_PLACEMENT_3D ( 'NONE', #4824, #4006, #4861 ) ;
#1173 = DIRECTION ( 'NONE',  ( -0.000000000000000000, -0.000000000000000000, -1.000000000000000000 ) ) ;
#1174 = ORIENTED_EDGE ( 'NONE', *, *, #4432, .F. ) ;
#1175 = PERSON_AND_ORGANIZATION ( #413, #3566 ) ;
#1176 = EDGE_CURVE ( 'NONE', #3054, #40, #2092, .T. ) ;
#1177 = VECTOR ( 'NONE', #2285, 1000.000000000000000 ) ;
#1178 = DIRECTION ( 'NONE',  ( -1.000000000000000000, -0.000000000000000000, -1.137523590804460124E-16 ) ) ;
#1179 = DIRECTION ( 'NONE',  ( 0.000000000000000000, 0.000000000000000000, 1.000000000000000000 ) ) ;
#1180 = CIRCLE ( 'NONE', #767, 8.000000000000007105 ) ;
#1181 = ORIENTED_EDGE ( 'NONE', *, *, #5374, .F. ) ;
#1182 = AXIS2_PLACEMENT_3D ( 'NONE', #3907, #2305, #1859 ) ;
#1183 = LOCAL_TIME ( 9, 50, 6.000000000000000000, #2899 ) ;
#1184 = ORIENTED_EDGE ( 'NONE', *, *, #3063, .T. ) ;
#1185 = PLANE ( 'NONE',  #3936 ) ;
#1186 = DIRECTION ( 'NONE',  ( 0.000000000000000000, 0.000000000000000000, -1.000000000000000000 ) ) ;
#1187 = DIRECTION ( 'NONE',  ( 0.000000000000000000, 0.000000000000000000, 1.000000000000000000 ) ) ;
#1188 = CIRCLE ( 'NONE', #3972, 5.000000000000000888 ) ;
#1189 = EDGE_CURVE ( 'NONE', #5235, #4093, #4393, .T. ) ;
#1190 = AXIS2_PLACEMENT_3D ( 'NONE', #2449, #4111, #4126 ) ;
#1191 = LINE ( 'NONE', #2349, #4939 ) ;
#1192 = LINE ( 'NONE', #538, #3953 ) ;
#1193 = CARTESIAN_POINT ( 'NONE',  ( 15.90000000000017089, -1014.999999999999886, 15.90000000000000036 ) ) ;
#1194 = LINE ( 'NONE', #4119, #2787 ) ;
#1195 = EDGE_CURVE ( 'NONE', #3264, #4611, #5038, .T. ) ;
#1196 = DIRECTION ( 'NONE',  ( 0.000000000000000000, 0.000000000000000000, 1.000000000000000000 ) ) ;
#1197 = EDGE_LOOP ( 'NONE', ( #3565, #1508, #3006, #5121 ) ) ;
#1198 = DIRECTION ( 'NONE',  ( 0.000000000000000000, 0.000000000000000000, 1.000000000000000000 ) ) ;
#1199 = PERSON_AND_ORGANIZATION_ROLE ( 'creator' ) ;
#1200 = ORIENTED_EDGE ( 'NONE', *, *, #4992, .T. ) ;
#1201 = ORIENTED_EDGE ( 'NONE', *, *, #3971, .F. ) ;
#1202 = CARTESIAN_POINT ( 'NONE',  ( -3877.999999999977263, 1439.750000000022737, 596.7999999999999545 ) ) ;
#1203 = DIRECTION ( 'NONE',  ( 0.000000000000000000, 0.000000000000000000, 1.000000000000000000 ) ) ;
#1204 = CC_DESIGN_APPROVAL ( #1952, ( #430 ) ) ;
#1205 = EDGE_LOOP ( 'NONE', ( #4471, #5144, #4965, #3793, #4705, #4105, #935, #2949, #464, #1928, #360, #5380, #641, #850, #4664, #1339, #4470, #3125, #2126, #4246, #573, #1083, #1662, #159, #156, #1632, #1663, #4254 ) ) ;
#1206 = EDGE_LOOP ( 'NONE', ( #2073, #1525, #5375, #3060 ) ) ;
#1207 = ORIENTED_EDGE ( 'NONE', *, *, #651, .F. ) ;
#1208 = VERTEX_POINT ( 'NONE', #232 ) ;
#1209 = AXIS2_PLACEMENT_3D ( 'NONE', #3556, #176, #2258 ) ;
#1210 = PLANE ( 'NONE',  #2003 ) ;
#1211 = DIRECTION ( 'NONE',  ( 0.000000000000000000, 0.000000000000000000, 1.000000000000000000 ) ) ;
#1212 = VERTEX_POINT ( 'NONE', #3604 ) ;
#1213 = EDGE_LOOP ( 'NONE', ( #2495, #4196, #1801, #2864 ) ) ;
#1214 = CARTESIAN_POINT ( 'NONE',  ( -3869.999999999977263, 1010.250000000022510, 580.0000000000000000 ) ) ;
#1215 = EDGE_CURVE ( 'NONE', #2530, #1627, #3285, .T. ) ;
#1216 = AXIS2_PLACEMENT_3D ( 'NONE', #129, #3873, #93 ) ;
#1217 = CIRCLE ( 'NONE', #1144, 27.00000000000013500 ) ;
#1218 = DIRECTION ( 'NONE',  ( 0.000000000000000000, 0.000000000000000000, 1.000000000000000000 ) ) ;
#1219 = ORIENTED_EDGE ( 'NONE', *, *, #2365, .F. ) ;
#1220 = CARTESIAN_POINT ( 'NONE',  ( -3353.999999999976808, 85.00000000002273737, 54.99999999999990052 ) ) ;
#1221 = FACE_OUTER_BOUND ( 'NONE', #3236, .T. ) ;
#1222 = VECTOR ( 'NONE', #484, 1000.000000000000000 ) ;
#1223 = ORIENTED_EDGE ( 'NONE', *, *, #1154, .T. ) ;
#1224 = EDGE_CURVE ( 'NONE', #2022, #1239, #5259, .T. ) ;
#1225 = AXIS2_PLACEMENT_3D ( 'NONE', #2345, #3952, #2776 ) ;
#1226 = LINE ( 'NONE', #2963, #445 ) ;
#1227 = CARTESIAN_POINT ( 'NONE',  ( 15.00000000000016875, 215.0000000000001990, 15.00000000000000000 ) ) ;
#1228 = CIRCLE ( 'NONE', #3569, 8.000000000000007105 ) ;
#1229 = CARTESIAN_POINT ( 'NONE',  ( -3353.999999999976808, 100.0000000000227374, 502.0000000000000000 ) ) ;
#1230 = CARTESIAN_POINT ( 'NONE',  ( -3877.999999999977263, 2210.250000000022283, 596.7999999999999545 ) ) ;
#1231 = EDGE_LOOP ( 'NONE', ( #4193, #1481, #274, #4931 ) ) ;
#1232 = CARTESIAN_POINT ( 'NONE',  ( 15.00000000000016875, 0.000000000000000000, 0.000000000000000000 ) ) ;
#1233 = LINE ( 'NONE', #4436, #2889 ) ;
#1234 = CARTESIAN_POINT ( 'NONE',  ( 33.00000000000018474, 185.0000000000001990, 27.00000000000001066 ) ) ;
#1235 = ORIENTED_EDGE ( 'NONE', *, *, #1932, .F. ) ;
#1236 = DATE_AND_TIME ( #1973, #988 ) ;
#1237 = LINE ( 'NONE', #3315, #4188 ) ;
#1238 = DIRECTION ( 'NONE',  ( -0.000000000000000000, 1.000000000000000000, -0.000000000000000000 ) ) ;
#1239 = VERTEX_POINT ( 'NONE', #1997 ) ;
#1240 = CALENDAR_DATE ( 2026, 27, 5 ) ;
#1241 = AXIS2_PLACEMENT_3D ( 'NONE', #4208, #4991, #870 ) ;
#1242 = CARTESIAN_POINT ( 'NONE',  ( -3884.099999999977626, 1810.250000000022737, 601.0500000000001819 ) ) ;
#1243 = EDGE_LOOP ( 'NONE', ( #1887, #3344, #4815, #3973 ) ) ;
#1244 = EDGE_CURVE ( 'NONE', #1261, #1679, #1769, .T. ) ;
#1245 = CARTESIAN_POINT ( 'NONE',  ( -28.00000000000001066, 615.0000000000001137, 22.00000000000000000 ) ) ;
#1246 = ADVANCED_FACE ( 'NONE', ( #5180, #4865 ), #4508, .F. ) ;
#1247 = LINE ( 'NONE', #4321, #141 ) ;
#1248 = ORIENTED_EDGE ( 'NONE', *, *, #1978, .F. ) ;
#1249 = SECURITY_CLASSIFICATION_LEVEL ( 'unclassified' ) ;
#1250 = DIRECTION ( 'NONE',  ( 0.000000000000000000, -1.000000000000000000, 0.000000000000000000 ) ) ;
#1251 = FACE_OUTER_BOUND ( 'NONE', #4437, .T. ) ;
#1252 = CARTESIAN_POINT ( 'NONE',  ( -3884.099999999977626, 1039.750000000022510, 601.0500000000001819 ) ) ;
#1253 = CARTESIAN_POINT ( 'NONE',  ( 15.90000000000017089, -985.0000000000000000, 15.90000000000000036 ) ) ;
#1254 = LINE ( 'NONE', #397, #2777 ) ;
#1255 = EDGE_CURVE ( 'NONE', #2428, #1990, #2230, .T. ) ;
#1256 = AXIS2_PLACEMENT_3D ( 'NONE', #2512, #2529, #5077 ) ;
#1257 = CARTESIAN_POINT ( 'NONE',  ( 15.90000000000017089, -1125.000000000000000, 15.90000000000000036 ) ) ;
#1258 = VERTEX_POINT ( 'NONE', #4946 ) ;
#1259 = LINE ( 'NONE', #4845, #4488 ) ;
#1260 = PRODUCT ( '高柜01柜门_高柜01柜门', '高柜01柜门_高柜01柜门', '', ( #2770 ) ) ;
#1261 = VERTEX_POINT ( 'NONE', #2434 ) ;
#1262 = PLANE ( 'NONE',  #1681 ) ;
#1263 = DIRECTION ( 'NONE',  ( 0.000000000000000000, -0.000000000000000000, 1.000000000000000000 ) ) ;
#1264 = ORIENTED_EDGE ( 'NONE', *, *, #3408, .T. ) ;
#1265 = ORIENTED_EDGE ( 'NONE', *, *, #2850, .T. ) ;
#1266 = CARTESIAN_POINT ( 'NONE',  ( 15.00000000000016875, -1014.999999999999659, 15.00000000000000000 ) ) ;
#1267 = PERSON_AND_ORGANIZATION_ROLE ( 'design_supplier' ) ;
#1268 = EDGE_LOOP ( 'NONE', ( #2775, #1357 ) ) ;
#1269 = EDGE_CURVE ( 'NONE', #1472, #4148, #4456, .T. ) ;
#1270 = DIRECTION ( 'NONE',  ( 0.000000000000000000, 0.000000000000000000, -1.000000000000000000 ) ) ;
#1271 = ORIENTED_EDGE ( 'NONE', *, *, #5133, .F. ) ;
#1272 = CARTESIAN_POINT ( 'NONE',  ( -3877.999999999977263, 610.2500000000227374, 604.7999999999999545 ) ) ;
#1273 = APPROVAL_DATE_TIME ( #4771, #3740 ) ;
#1274 = CC_DESIGN_APPROVAL ( #4580, ( #733 ) ) ;
#1275 = ADVANCED_FACE ( 'NONE', ( #1111 ), #1049, .T. ) ;
#1276 = VECTOR ( 'NONE', #70, 1000.000000000000000 ) ;
#1277 = ORIENTED_EDGE ( 'NONE', *, *, #2577, .T. ) ;
#1278 = ORIENTED_EDGE ( 'NONE', *, *, #3721, .F. ) ;
#1279 = CARTESIAN_POINT ( 'NONE',  ( 5.000000000000000000, 6.123233995736766282E-16, 0.000000000000000000 ) ) ;
#1280 = AXIS2_PLACEMENT_3D ( 'NONE', #4041, #1137, #3648 ) ;
#1281 = ORIENTED_EDGE ( 'NONE', *, *, #1999, .F. ) ;
#1282 = CIRCLE ( 'NONE', #2713, 8.000000000000007105 ) ;
#1283 = DIRECTION ( 'NONE',  ( 0.000000000000000000, 0.000000000000000000, 1.000000000000000000 ) ) ;
#1284 = CIRCLE ( 'NONE', #4352, 20.00000000000018474 ) ;
#1285 = FACE_OUTER_BOUND ( 'NONE', #2877, .T. ) ;
#1286 = EDGE_LOOP ( 'NONE', ( #3975, #4831, #2007, #4985, #5462, #2834 ) ) ;
#1287 = CIRCLE ( 'NONE', #2486, 5.000000000000000888 ) ;
#1288 = AXIS2_PLACEMENT_3D ( 'NONE', #3544, #1934, #5386 ) ;
#1289 = CARTESIAN_POINT ( 'NONE',  ( -3869.999999999977263, 1410.250000000022737, 580.0000000000000000 ) ) ;
#1290 = DIRECTION ( 'NONE',  ( -0.000000000000000000, -1.000000000000000000, -0.000000000000000000 ) ) ;
#1291 = VECTOR ( 'NONE', #3626, 1000.000000000000000 ) ;
#1292 = CYLINDRICAL_SURFACE ( 'NONE', #4392, 5.050000000000220979 ) ;
#1293 = DIRECTION ( 'NONE',  ( 0.000000000000000000, 0.000000000000000000, 1.000000000000000000 ) ) ;
#1294 = ORIENTED_EDGE ( 'NONE', *, *, #3568, .T. ) ;
#1295 = FACE_OUTER_BOUND ( 'NONE', #248, .T. ) ;
#1296 = COORDINATED_UNIVERSAL_TIME_OFFSET ( 8, 0, .AHEAD. ) ;
#1297 = CARTESIAN_POINT ( 'NONE',  ( -3353.999999999976808, 15.00000000002273204, 502.0000000000000000 ) ) ;
#1298 = EDGE_CURVE ( 'NONE', #5078, #4377, #1169, .T. ) ;
#1299 = ORIENTED_EDGE ( 'NONE', *, *, #2178, .T. ) ;
#1300 = DATE_AND_TIME ( #2430, #452 ) ;
#1301 = CARTESIAN_POINT ( 'NONE',  ( -3894.799999999977445, 2210.250000000022283, 580.0000000000000000 ) ) ;
#1302 = ADVANCED_FACE ( 'NONE', ( #5447 ), #2764, .F. ) ;
#1303 = CARTESIAN_POINT ( 'NONE',  ( -3843.999999999977263, 85.00000000002273737, 82.00000000000001421 ) ) ;
#1304 = CARTESIAN_POINT ( 'NONE',  ( -3877.999999999977263, 2210.250000000022283, 596.7999999999999545 ) ) ;
#1305 = ORIENTED_EDGE ( 'NONE', *, *, #4108, .T. ) ;
#1306 = DATE_AND_TIME ( #5190, #2041 ) ;
#1307 = DIRECTION ( 'NONE',  ( -0.000000000000000000, -0.000000000000000000, -1.000000000000000000 ) ) ;
#1308 =( LENGTH_UNIT ( ) NAMED_UNIT ( * ) SI_UNIT ( .MILLI., .METRE. ) );
#1309 = VECTOR ( 'NONE', #4460, 1000.000000000000000 ) ;
#1310 = CARTESIAN_POINT ( 'NONE',  ( 1.700029006457270953E-13, 585.0000000000001137, 27.00000000000000711 ) ) ;
#1311 = ORIENTED_EDGE ( 'NONE', *, *, #926, .F. ) ;
#1312 = LINE ( 'NONE', #2737, #1636 ) ;
#1313 = EDGE_CURVE ( 'NONE', #3028, #4052, #5118, .T. ) ;
#1314 = ORIENTED_EDGE ( 'NONE', *, *, #4174, .F. ) ;
#1315 = VERTEX_POINT ( 'NONE', #1563 ) ;
#1316 = CARTESIAN_POINT ( 'NONE',  ( 33.00000000000018474, -214.9999999999999432, 0.000000000000000000 ) ) ;
#1317 = DIRECTION ( 'NONE',  ( 0.000000000000000000, -1.000000000000000000, 0.000000000000000000 ) ) ;
#1318 = LINE ( 'NONE', #3245, #4818 ) ;
#1319 = EDGE_CURVE ( 'NONE', #5099, #1591, #4385, .T. ) ;
#1320 = LINE ( 'NONE', #1289, #4137 ) ;
#1321 = VECTOR ( 'NONE', #2953, 1000.000000000000000 ) ;
#1322 = AXIS2_PLACEMENT_3D ( 'NONE', #4003, #3983, #307 ) ;
#1323 = APPROVAL_ROLE ( '' ) ;
#1324 = CIRCLE ( 'NONE', #396, 5.050000000000220979 ) ;
#1325 = EDGE_LOOP ( 'NONE', ( #4893, #2603, #3725, #326 ) ) ;
#1326 = DIRECTION ( 'NONE',  ( -0.000000000000000000, 1.000000000000000000, -0.000000000000000000 ) ) ;
#1327 = CARTESIAN_POINT ( 'NONE',  ( 33.00000000000017764, -214.9999999999999432, -27.99999999999998934 ) ) ;
#1328 = PRODUCT_DEFINITION_SHAPE ( 'NONE', 'NONE',  #4190 ) ;
#1329 = PLANE ( 'NONE',  #941 ) ;
#1330 = EDGE_LOOP ( 'NONE', ( #2102, #1562, #1140, #4038 ) ) ;
#1331 = EDGE_CURVE ( 'NONE', #1054, #3469, #3726, .T. ) ;
#1332 = ADVANCED_FACE ( 'NONE', ( #1689 ), #603, .T. ) ;
#1333 = AXIS2_PLACEMENT_3D ( 'NONE', #4202, #407, #19 ) ;
#1334 = VERTEX_POINT ( 'NONE', #434 ) ;
#1335 = DIRECTION ( 'NONE',  ( 1.261617073437677999E-16, 0.000000000000000000, 1.000000000000000000 ) ) ;
#1336 = CARTESIAN_POINT ( 'NONE',  ( -3353.999999999976808, 15.00000000002273204, 502.0000000000000000 ) ) ;
#1337 = ORIENTED_EDGE ( 'NONE', *, *, #2652, .T. ) ;
#1338 = CARTESIAN_POINT ( 'NONE',  ( -3884.099999999977626, 210.2500000000227374, 596.0000000000000000 ) ) ;
#1339 = ORIENTED_EDGE ( 'NONE', *, *, #1598, .T. ) ;
#1340 = LINE ( 'NONE', #1675, #4832 ) ;
#1341 = ORIENTED_EDGE ( 'NONE', *, *, #5236, .F. ) ;
#1342 = ORIENTED_EDGE ( 'NONE', *, *, #1501, .F. ) ;
#1343 = ADVANCED_FACE ( 'NONE', ( #2759 ), #1560, .T. ) ;
#1344 = PLANE ( 'NONE',  #643 ) ;
#1345 = CARTESIAN_POINT ( 'NONE',  ( -3884.099999999977626, 1039.750000000022510, 596.0000000000000000 ) ) ;
#1346 = DIRECTION ( 'NONE',  ( -0.000000000000000000, 1.000000000000000000, -0.000000000000000000 ) ) ;
#1347 = VERTEX_POINT ( 'NONE', #871 ) ;
#1348 = EDGE_CURVE ( 'NONE', #4614, #579, #1226, .T. ) ;
#1349 = FACE_OUTER_BOUND ( 'NONE', #3198, .T. ) ;
#1350 = ORIENTED_EDGE ( 'NONE', *, *, #2355, .T. ) ;
#1351 = EDGE_CURVE ( 'NONE', #4371, #1163, #1436, .T. ) ;
#1352 = LINE ( 'NONE', #292, #2685 ) ;
#1353 = PERSON ( 'NAUO-PER4', 'UNSPECIFIED', 'UNSPECIFIED', ('UNSPECIFIED'), ('UNSPECIFIED'), ('UNSPECIFIED') ) ;
#1354 = AXIS2_PLACEMENT_3D ( 'NONE', #3341, #2509, #1 ) ;
#1355 = FACE_OUTER_BOUND ( 'NONE', #409, .T. ) ;
#1356 = DIRECTION ( 'NONE',  ( 0.000000000000000000, 0.000000000000000000, 1.000000000000000000 ) ) ;
#1357 = ORIENTED_EDGE ( 'NONE', *, *, #204, .T. ) ;
#1358 = ADVANCED_FACE ( 'NONE', ( #4114 ), #4720, .T. ) ;
#1359 = DIRECTION ( 'NONE',  ( 1.000000000000000000, 0.000000000000000000, 0.000000000000000000 ) ) ;
#1360 = DIRECTION ( 'NONE',  ( 1.000000000000000000, 0.000000000000000000, 0.000000000000000000 ) ) ;
#1361 = FACE_OUTER_BOUND ( 'NONE', #3361, .T. ) ;
#1362 = CIRCLE ( 'NONE', #4103, 5.050000000000220979 ) ;
#1363 = DIRECTION ( 'NONE',  ( -1.000000000000000000, 0.000000000000000000, 1.261617073437678245E-16 ) ) ;
#1364 = EDGE_LOOP ( 'NONE', ( #5178, #3535 ) ) ;
#1365 = EDGE_CURVE ( 'NONE', #1258, #4591, #2358, .T. ) ;
#1366 = AXIS2_PLACEMENT_3D ( 'NONE', #5090, #2621, #2210 ) ;
#1367 = CIRCLE ( 'NONE', #2845, 20.00000000000018474 ) ;
#1368 = CARTESIAN_POINT ( 'NONE',  ( 15.90000000000017089, -1125.000000000000000, 20.90000000000000213 ) ) ;
#1369 = CALENDAR_DATE ( 2026, 27, 5 ) ;
#1370 = DIRECTION ( 'NONE',  ( -0.000000000000000000, 1.000000000000000000, -0.000000000000000000 ) ) ;
#1371 = CARTESIAN_POINT ( 'NONE',  ( 1.700029006457270953E-13, 985.0000000000001137, 27.00000000000000711 ) ) ;
#1372 = PERSON_AND_ORGANIZATION ( #413, #3566 ) ;
#1373 = LINE ( 'NONE', #2769, #2768 ) ;
#1374 = VECTOR ( 'NONE', #2095, 1000.000000000000000 ) ;
#1375 = VERTEX_POINT ( 'NONE', #4681 ) ;
#1376 = EDGE_CURVE ( 'NONE', #3494, #3673, #2031, .T. ) ;
#1377 = DIRECTION ( 'NONE',  ( 0.000000000000000000, 0.000000000000000000, 1.000000000000000000 ) ) ;
#1378 = ORIENTED_EDGE ( 'NONE', *, *, #1007, .F. ) ;
#1379 = PERSON_AND_ORGANIZATION ( #413, #3566 ) ;
#1380 = CARTESIAN_POINT ( 'NONE',  ( -3353.999999999976808, 85.00000000002273737, 474.9999999999998863 ) ) ;
#1381 = DIRECTION ( 'NONE',  ( 0.000000000000000000, 1.000000000000000000, 0.000000000000000000 ) ) ;
#1382 = DIRECTION ( 'NONE',  ( 1.000000000000000000, 0.000000000000000000, -0.000000000000000000 ) ) ;
#1383 = DIRECTION ( 'NONE',  ( 0.000000000000000000, 0.000000000000000000, 1.000000000000000000 ) ) ;
#1384 = DIRECTION ( 'NONE',  ( -0.000000000000000000, -0.000000000000000000, -1.000000000000000000 ) ) ;
#1385 = EDGE_CURVE ( 'NONE', #4615, #3955, #3282, .T. ) ;
#1386 = ORIENTED_EDGE ( 'NONE', *, *, #2206, .F. ) ;
#1387 = CC_DESIGN_APPROVAL ( #4969, ( #353 ) ) ;
#1388 = VECTOR ( 'NONE', #3096, 1000.000000000000000 ) ;
#1389 = CARTESIAN_POINT ( 'NONE',  ( -3843.999999999977263, 85.00000000002273737, 82.00000000000001421 ) ) ;
#1390 = DIRECTION ( 'NONE',  ( 0.000000000000000000, 1.000000000000000000, 0.000000000000000000 ) ) ;
#1391 = CIRCLE ( 'NONE', #1783, 6.450000000000001066 ) ;
#1392 = ORIENTED_EDGE ( 'NONE', *, *, #3833, .F. ) ;
#1393 = FACE_OUTER_BOUND ( 'NONE', #979, .T. ) ;
#1394 = ADVANCED_FACE ( 'NONE', ( #785 ), #2885, .F. ) ;
#1395 = AXIS2_PLACEMENT_3D ( 'NONE', #474, #3811, #3430 ) ;
#1396 = CARTESIAN_POINT ( 'NONE',  ( 15.90000000000017089, 615.0000000000002274, 15.90000000000000036 ) ) ;
#1397 = CARTESIAN_POINT ( 'NONE',  ( 0.000000000000000000, 0.000000000000000000, 0.000000000000000000 ) ) ;
#1398 = CARTESIAN_POINT ( 'NONE',  ( 1.708382284810557841E-13, 1125.000000000000000, 30.00000000000000000 ) ) ;
#1399 = ORIENTED_EDGE ( 'NONE', *, *, #260, .F. ) ;
#1400 = ORIENTED_EDGE ( 'NONE', *, *, #1255, .F. ) ;
#1401 = AXIS2_PLACEMENT_3D ( 'NONE', #3095, #1844, #588 ) ;
#1402 = ORIENTED_EDGE ( 'NONE', *, *, #2392, .F. ) ;
#1403 = DIRECTION ( 'NONE',  ( 1.000000000000000000, -0.000000000000000000, -0.000000000000000000 ) ) ;
#1404 = ORIENTED_EDGE ( 'NONE', *, *, #4663, .T. ) ;
#1405 = CARTESIAN_POINT ( 'NONE',  ( -3877.999999999977263, 1810.250000000022737, 596.7999999999999545 ) ) ;
#1406 = CARTESIAN_POINT ( 'NONE',  ( -3886.799999999977445, 1810.250000000022737, 596.7999999999999545 ) ) ;
#1407 = EDGE_CURVE ( 'NONE', #943, #2608, #309, .T. ) ;
#1408 =( GEOMETRIC_REPRESENTATION_CONTEXT ( 3 ) GLOBAL_UNCERTAINTY_ASSIGNED_CONTEXT ( ( #4773 ) ) GLOBAL_UNIT_ASSIGNED_CONTEXT ( ( #4770, #2184, #5113 ) ) REPRESENTATION_CONTEXT ( 'NONE', 'WORKASPACE' ) );
#1409 = FACE_BOUND ( 'NONE', #448, .T. ) ;
#1410 = ORIENTED_EDGE ( 'NONE', *, *, #4940, .T. ) ;
#1411 = ORIENTED_EDGE ( 'NONE', *, *, #5133, .T. ) ;
#1412 = DIRECTION ( 'NONE',  ( -0.000000000000000000, 1.000000000000000000, -0.000000000000000000 ) ) ;
#1413 = LOCAL_TIME ( 9, 50, 6.000000000000000000, #1023 ) ;
#1414 = CARTESIAN_POINT ( 'NONE',  ( -3353.999999999976808, 85.00000000002273737, 82.00000000000001421 ) ) ;
#1415 = CARTESIAN_POINT ( 'NONE',  ( -3353.999999999976808, 85.00000000002273737, 82.00000000000001421 ) ) ;
#1416 = ORIENTED_EDGE ( 'NONE', *, *, #2188, .T. ) ;
#1417 = DIRECTION ( 'NONE',  ( 0.000000000000000000, 0.000000000000000000, 1.000000000000000000 ) ) ;
#1418 = ADVANCED_FACE ( 'NONE', ( #2160 ), #665, .F. ) ;
#1419 = CARTESIAN_POINT ( 'NONE',  ( -3886.799999999977445, 210.2500000000227374, 596.7999999999999545 ) ) ;
#1420 = DIRECTION ( 'NONE',  ( 1.000000000000000000, 0.000000000000000000, 0.000000000000000000 ) ) ;
#1421 = DIRECTION ( 'NONE',  ( 1.000000000000000000, 0.000000000000000000, -0.000000000000000000 ) ) ;
#1422 = CC_DESIGN_PERSON_AND_ORGANIZATION_ASSIGNMENT ( #4721, #4795, ( #599 ) ) ;
#1423 = VERTEX_POINT ( 'NONE', #942 ) ;
#1424 = FACE_OUTER_BOUND ( 'NONE', #2564, .T. ) ;
#1425 = CARTESIAN_POINT ( 'NONE',  ( 1.708382284810557841E-13, -984.9999999999998863, 15.00000000000000000 ) ) ;
#1426 = DIRECTION ( 'NONE',  ( 1.261617073437677999E-16, 0.000000000000000000, 1.000000000000000000 ) ) ;
#1427 = CYLINDRICAL_SURFACE ( 'NONE', #5377, 5.050000000000220979 ) ;
#1428 = AXIS2_PLACEMENT_3D ( 'NONE', #4596, #2921, #4540 ) ;
#1429 = ORIENTED_EDGE ( 'NONE', *, *, #1176, .F. ) ;
#1430 = VECTOR ( 'NONE', #2920, 1000.000000000000000 ) ;
#1431 = FACE_OUTER_BOUND ( 'NONE', #3192, .T. ) ;
#1432 = CARTESIAN_POINT ( 'NONE',  ( 15.90000000000017089, 985.0000000000003411, 15.90000000000000036 ) ) ;
#1433 = FACE_OUTER_BOUND ( 'NONE', #4753, .T. ) ;
#1434 = EDGE_CURVE ( 'NONE', #3765, #4927, #116, .T. ) ;
#1435 = ORIENTED_EDGE ( 'NONE', *, *, #4850, .T. ) ;
#1436 = LINE ( 'NONE', #5060, #2700 ) ;
#1437 = AXIS2_PLACEMENT_3D ( 'NONE', #3435, #466, #2464 ) ;
#1438 = DIRECTION ( 'NONE',  ( -0.000000000000000000, 1.000000000000000000, -0.000000000000000000 ) ) ;
#1439 = DIRECTION ( 'NONE',  ( 0.000000000000000000, 0.000000000000000000, 1.000000000000000000 ) ) ;
#1440 = EDGE_LOOP ( 'NONE', ( #4825, #2844, #422, #3144 ) ) ;
#1441 = ITEM_DEFINED_TRANSFORMATION ( 'NONE', 'NONE', #4993,  #1610 ) ;
#1442 = EDGE_CURVE ( 'NONE', #4804, #2667, #4975, .T. ) ;
#1443 = AXIS2_PLACEMENT_3D ( 'NONE', #527, #2586, #3839 ) ;
#1444 = CARTESIAN_POINT ( 'NONE',  ( -3353.999999999976808, 85.00000000002273737, 502.0000000000000000 ) ) ;
#1445 = ORIENTED_EDGE ( 'NONE', *, *, #3923, .T. ) ;
#1446 = COORDINATED_UNIVERSAL_TIME_OFFSET ( 8, 0, .AHEAD. ) ;
#1447 = CIRCLE ( 'NONE', #1156, 8.000000000000007105 ) ;
#1448 = ADVANCED_FACE ( 'NONE', ( #3612, #1361 ), #5, .F. ) ;
#1449 = EDGE_LOOP ( 'NONE', ( #3497, #3717, #2463, #1305 ) ) ;
#1450 = VERTEX_POINT ( 'NONE', #29 ) ;
#1451 = DIRECTION ( 'NONE',  ( 0.000000000000000000, 0.000000000000000000, 1.000000000000000000 ) ) ;
#1452 = DIRECTION ( 'NONE',  ( 0.000000000000000000, -0.000000000000000000, 1.000000000000000000 ) ) ;
#1453 = ORIENTED_EDGE ( 'NONE', *, *, #235, .F. ) ;
#1454 = ORIENTED_EDGE ( 'NONE', *, *, #2674, .T. ) ;
#1455 = DIRECTION ( 'NONE',  ( 0.000000000000000000, 0.000000000000000000, -1.000000000000000000 ) ) ;
#1456 = EDGE_CURVE ( 'NONE', #3310, #2351, #1042, .T. ) ;
#1457 = FACE_OUTER_BOUND ( 'NONE', #1206, .T. ) ;
#1458 = FACE_OUTER_BOUND ( 'NONE', #3825, .T. ) ;
#1459 = DIRECTION ( 'NONE',  ( -0.000000000000000000, -0.000000000000000000, -1.000000000000000000 ) ) ;
#1460 = DIRECTION ( 'NONE',  ( 0.000000000000000000, -1.000000000000000000, 0.000000000000000000 ) ) ;
#1461 = CIRCLE ( 'NONE', #4450, 27.00000000000011369 ) ;
#1462 = EDGE_CURVE ( 'NONE', #2499, #346, #3790, .T. ) ;
#1463 = ORIENTED_EDGE ( 'NONE', *, *, #520, .F. ) ;
#1464 = AXIS2_PLACEMENT_3D ( 'NONE', #2794, #264, #250 ) ;
#1465 = VERTEX_POINT ( 'NONE', #3538 ) ;
#1466 = DIRECTION ( 'NONE',  ( 0.000000000000000000, -1.000000000000000000, 0.000000000000000000 ) ) ;
#1467 = SECURITY_CLASSIFICATION_LEVEL ( 'unclassified' ) ;
#1468 = LINE ( 'NONE', #4996, #3896 ) ;
#1469 = ORIENTED_EDGE ( 'NONE', *, *, #2178, .F. ) ;
#1470 = ADVANCED_FACE ( 'NONE', ( #1295 ), #5196, .T. ) ;
#1471 = CARTESIAN_POINT ( 'NONE',  ( 15.00000000000016875, 185.0000000000001705, 15.00000000000000000 ) ) ;
#1472 = VERTEX_POINT ( 'NONE', #1031 ) ;
#1473 = EDGE_CURVE ( 'NONE', #3915, #1504, #915, .T. ) ;
#1474 = AXIS2_PLACEMENT_3D ( 'NONE', #1471, #4327, #1439 ) ;
#1475 = ORIENTED_EDGE ( 'NONE', *, *, #3258, .T. ) ;
#1476 = SHAPE_REPRESENTATION_RELATIONSHIP ( 'NONE' , 'NONE' ,  #3925, #5343 ) ;
#1477 = CARTESIAN_POINT ( 'NONE',  ( -3843.999999999977263, 100.0000000000227374, 502.0000000000000000 ) ) ;
#1478 = EDGE_LOOP ( 'NONE', ( #522, #5361 ) ) ;
#1479 = CARTESIAN_POINT ( 'NONE',  ( 15.00000000000016875, 1125.000000000000000, 15.00000000000000000 ) ) ;
#1480 = CARTESIAN_POINT ( 'NONE',  ( 1.708382284810557841E-13, 1125.000000000000000, 30.00000000000000000 ) ) ;
#1481 = ORIENTED_EDGE ( 'NONE', *, *, #1577, .F. ) ;
#1482 = EDGE_CURVE ( 'NONE', #736, #381, #1164, .T. ) ;
#1483 = ORIENTED_EDGE ( 'NONE', *, *, #3591, .T. ) ;
#1484 = DIRECTION ( 'NONE',  ( -1.000000000000000000, 0.000000000000000000, -0.000000000000000000 ) ) ;
#1485 = PERSON_AND_ORGANIZATION_ROLE ( 'design_owner' ) ;
#1486 = LINE ( 'NONE', #3342, #3542 ) ;
#1487 = CARTESIAN_POINT ( 'NONE',  ( -5.000000000000000000, 0.000000000000000000, 999.0000000000000000 ) ) ;
#1488 = ORIENTED_EDGE ( 'NONE', *, *, #2560, .F. ) ;
#1489 = CC_DESIGN_DATE_AND_TIME_ASSIGNMENT ( #4361, #4362, ( #3916 ) ) ;
#1490 = CARTESIAN_POINT ( 'NONE',  ( 33.00000000000017764, 585.0000000000001137, -27.99999999999998934 ) ) ;
#1491 = VECTOR ( 'NONE', #4215, 1000.000000000000000 ) ;
#1492 = CC_DESIGN_APPROVAL ( #5270, ( #599 ) ) ;
#1493 = LINE ( 'NONE', #1580, #5250 ) ;
#1494 = ORIENTED_EDGE ( 'NONE', *, *, #1978, .T. ) ;
#1495 = LINE ( 'NONE', #4421, #1160 ) ;
#1496 = CARTESIAN_POINT ( 'NONE',  ( -3877.999999999977263, 1839.750000000022965, 596.7999999999999545 ) ) ;
#1497 = CIRCLE ( 'NONE', #682, 27.00000000000011369 ) ;
#1498 = ADVANCED_FACE ( 'NONE', ( #3859, #3667 ), #4319, .F. ) ;
#1499 = ORIENTED_EDGE ( 'NONE', *, *, #3855, .F. ) ;
#1500 = CALENDAR_DATE ( 2026, 27, 5 ) ;
#1501 = EDGE_CURVE ( 'NONE', #820, #4673, #4575, .T. ) ;
#1502 = DIRECTION ( 'NONE',  ( 0.000000000000000000, 0.000000000000000000, 1.000000000000000000 ) ) ;
#1503 = DATE_TIME_ROLE ( 'classification_date' ) ;
#1504 = VERTEX_POINT ( 'NONE', #184 ) ;
#1505 = DATE_AND_TIME ( #5326, #4323 ) ;
#1506 = CARTESIAN_POINT ( 'NONE',  ( 1.708382284810557841E-13, 1125.000000000000000, 15.00000000000000000 ) ) ;
#1507 = DIRECTION ( 'NONE',  ( 0.000000000000000000, 0.000000000000000000, 1.000000000000000000 ) ) ;
#1508 = ORIENTED_EDGE ( 'NONE', *, *, #1351, .T. ) ;
#1509 = COORDINATED_UNIVERSAL_TIME_OFFSET ( 8, 0, .AHEAD. ) ;
#1510 = VECTOR ( 'NONE', #4409, 1000.000000000000000 ) ;
#1511 = EDGE_CURVE ( 'NONE', #2667, #4804, #516, .T. ) ;
#1512 = AXIS2_PLACEMENT_3D ( 'NONE', #4593, #2086, #2187 ) ;
#1513 = CARTESIAN_POINT ( 'NONE',  ( -3869.999999999976808, 1039.750000000022510, 580.0000000000000000 ) ) ;
#1514 = ORIENTED_EDGE ( 'NONE', *, *, #717, .T. ) ;
#1515 = DIRECTION ( 'NONE',  ( 0.000000000000000000, 0.000000000000000000, -1.000000000000000000 ) ) ;
#1516 = CARTESIAN_POINT ( 'NONE',  ( 0.000000000000000000, 985.0000000000001137, 0.000000000000000000 ) ) ;
#1517 = LINE ( 'NONE', #2912, #1705 ) ;
#1518 = DIRECTION ( 'NONE',  ( -0.000000000000000000, 1.000000000000000000, -0.000000000000000000 ) ) ;
#1519 = CARTESIAN_POINT ( 'NONE',  ( -3884.099999999977626, 639.7500000000227374, 601.0500000000001819 ) ) ;
#1520 = VECTOR ( 'NONE', #3778, 1000.000000000000000 ) ;
#1521 = DIRECTION ( 'NONE',  ( -0.000000000000000000, -1.000000000000000000, -0.000000000000000000 ) ) ;
#1522 = AXIS2_PLACEMENT_3D ( 'NONE', #5335, #304, #1132 ) ;
#1523 = ORIENTED_EDGE ( 'NONE', *, *, #1123, .F. ) ;
#1524 = CARTESIAN_POINT ( 'NONE',  ( 1.708382284810557841E-13, 585.0000000000001137, 30.00000000000000000 ) ) ;
#1525 = ORIENTED_EDGE ( 'NONE', *, *, #1051, .F. ) ;
#1526 = CARTESIAN_POINT ( 'NONE',  ( 15.90000000000017089, 1015.000000000000114, 15.90000000000000036 ) ) ;
#1527 = EDGE_CURVE ( 'NONE', #1504, #714, #2423, .T. ) ;
#1528 = ORIENTED_EDGE ( 'NONE', *, *, #1537, .T. ) ;
#1529 = ORIENTED_EDGE ( 'NONE', *, *, #5148, .T. ) ;
#1530 = AXIS2_PLACEMENT_3D ( 'NONE', #2275, #4929, #5181 ) ;
#1531 = CARTESIAN_POINT ( 'NONE',  ( -3884.099999999977626, 1010.250000000022510, 601.0500000000001819 ) ) ;
#1532 = VERTEX_POINT ( 'NONE', #1879 ) ;
#1533 = VERTEX_POINT ( 'NONE', #610 ) ;
#1534 = CALENDAR_DATE ( 2026, 27, 5 ) ;
#1535 = CARTESIAN_POINT ( 'NONE',  ( -3877.999999999977263, 639.7500000000227374, 596.7999999999999545 ) ) ;
#1536 = DIRECTION ( 'NONE',  ( 0.000000000000000000, 0.000000000000000000, 1.000000000000000000 ) ) ;
#1537 = EDGE_CURVE ( 'NONE', #3765, #3289, #3553, .T. ) ;
#1538 = DIRECTION ( 'NONE',  ( -0.000000000000000000, 1.000000000000000000, -0.000000000000000000 ) ) ;
#1539 = AXIS2_PLACEMENT_3D ( 'NONE', #2426, #2854, #1641 ) ;
#1540 = ORIENTED_EDGE ( 'NONE', *, *, #5403, .T. ) ;
#1541 = EDGE_LOOP ( 'NONE', ( #423, #5014, #4233, #11 ) ) ;
#1542 = CARTESIAN_POINT ( 'NONE',  ( 15.90000000000017089, -1125.000000000000000, 20.90000000000000213 ) ) ;
#1543 = DIRECTION ( 'NONE',  ( 0.000000000000000000, 0.000000000000000000, 1.000000000000000000 ) ) ;
#1544 = ORIENTED_EDGE ( 'NONE', *, *, #4285, .F. ) ;
#1545 = ADVANCED_FACE ( 'NONE', ( #2622, #4452 ), #4817, .T. ) ;
#1546 = FACE_OUTER_BOUND ( 'NONE', #5243, .T. ) ;
#1547 = CIRCLE ( 'NONE', #5414, 8.000000000000007105 ) ;
#1548 = FACE_BOUND ( 'NONE', #501, .T. ) ;
#1549 = DIRECTION ( 'NONE',  ( 0.000000000000000000, -0.000000000000000000, -1.000000000000000000 ) ) ;
#1550 = DIRECTION ( 'NONE',  ( 0.000000000000000000, 1.000000000000000000, 0.000000000000000000 ) ) ;
#1551 = ORIENTED_EDGE ( 'NONE', *, *, #553, .T. ) ;
#1552 = DIRECTION ( 'NONE',  ( 0.000000000000000000, 1.000000000000000000, 0.000000000000000000 ) ) ;
#1553 = LINE ( 'NONE', #2165, #3013 ) ;
#1554 = EDGE_CURVE ( 'NONE', #568, #5273, #3931, .T. ) ;
#1555 = LINE ( 'NONE', #1045, #780 ) ;
#1556 = CC_DESIGN_SECURITY_CLASSIFICATION ( #353, ( #733 ) ) ;
#1557 = DIRECTION ( 'NONE',  ( 0.000000000000000000, 0.000000000000000000, -1.000000000000000000 ) ) ;
#1558 = DIRECTION ( 'NONE',  ( 0.000000000000000000, 0.000000000000000000, 1.000000000000000000 ) ) ;
#1559 = VERTEX_POINT ( 'NONE', #3504 ) ;
#1560 = CYLINDRICAL_SURFACE ( 'NONE', #2556, 15.00000000000000000 ) ;
#1561 = CARTESIAN_POINT ( 'NONE',  ( 0.000000000000000000, 0.000000000000000000, 1000.000000000000000 ) ) ;
#1562 = ORIENTED_EDGE ( 'NONE', *, *, #2406, .F. ) ;
#1563 = CARTESIAN_POINT ( 'NONE',  ( -3886.799999999977445, 1039.750000000022510, 604.7999999999999545 ) ) ;
#1564 = COORDINATED_UNIVERSAL_TIME_OFFSET ( 8, 0, .AHEAD. ) ;
#1565 = ORIENTED_EDGE ( 'NONE', *, *, #3311, .T. ) ;
#1566 = DIRECTION ( 'NONE',  ( 1.261617073437677999E-16, 0.000000000000000000, 1.000000000000000000 ) ) ;
#1567 = CARTESIAN_POINT ( 'NONE',  ( 15.90000000000017089, -214.9999999999999716, 20.90000000000000213 ) ) ;
#1568 = CYLINDRICAL_SURFACE ( 'NONE', #719, 6.500000000000000888 ) ;
#1569 = ORIENTED_EDGE ( 'NONE', *, *, #4015, .T. ) ;
#1570 = AXIS2_PLACEMENT_3D ( 'NONE', #2192, #5124, #3055 ) ;
#1571 = VERTEX_POINT ( 'NONE', #2226 ) ;
#1572 = PERSON_AND_ORGANIZATION ( #413, #3566 ) ;
#1573 = FACE_OUTER_BOUND ( 'NONE', #3543, .T. ) ;
#1574 = ORIENTED_EDGE ( 'NONE', *, *, #295, .F. ) ;
#1575 = DIRECTION ( 'NONE',  ( 0.000000000000000000, 0.000000000000000000, 1.000000000000000000 ) ) ;
#1576 = ORIENTED_EDGE ( 'NONE', *, *, #1798, .F. ) ;
#1577 = EDGE_CURVE ( 'NONE', #3264, #4322, #189, .T. ) ;
#1578 = LINE ( 'NONE', #3396, #2250 ) ;
#1579 = PLANE ( 'NONE',  #2520 ) ;
#1580 = CARTESIAN_POINT ( 'NONE',  ( 0.000000000000000000, 100.0000000000227374, 580.0000000000000000 ) ) ;
#1581 = DIRECTION ( 'NONE',  ( -0.000000000000000000, 1.000000000000000000, -0.000000000000000000 ) ) ;
#1582 = LINE ( 'NONE', #4288, #872 ) ;
#1583 = DIRECTION ( 'NONE',  ( 0.000000000000000000, 1.000000000000000000, -0.000000000000000000 ) ) ;
#1584 = PLANE ( 'NONE',  #4702 ) ;
#1585 = CIRCLE ( 'NONE', #703, 15.00000000000000000 ) ;
#1586 = CARTESIAN_POINT ( 'NONE',  ( -3877.999999999977263, 239.7500000000227089, 604.7999999999999545 ) ) ;
#1587 = ORIENTED_EDGE ( 'NONE', *, *, #3547, .F. ) ;
#1588 = CC_DESIGN_PERSON_AND_ORGANIZATION_ASSIGNMENT ( #5382, #3764, ( #4298 ) ) ;
#1589 = CARTESIAN_POINT ( 'NONE',  ( -3894.799999999977445, 1010.250000000022510, 596.7999999999999545 ) ) ;
#1590 = FACE_BOUND ( 'NONE', #1867, .T. ) ;
#1591 = VERTEX_POINT ( 'NONE', #1914 ) ;
#1592 = APPROVAL_STATUS ( 'not_yet_approved' ) ;
#1593 = AXIS2_PLACEMENT_3D ( 'NONE', #4355, #2848, #5389 ) ;
#1594 = CARTESIAN_POINT ( 'NONE',  ( -3877.999999999977263, 2239.750000000022737, 604.7999999999999545 ) ) ;
#1595 = EDGE_LOOP ( 'NONE', ( #4095, #5037 ) ) ;
#1596 = EDGE_LOOP ( 'NONE', ( #4144, #2771, #1102, #1181 ) ) ;
#1597 = DIRECTION ( 'NONE',  ( -0.000000000000000000, 1.000000000000000000, -0.000000000000000000 ) ) ;
#1598 = EDGE_CURVE ( 'NONE', #1606, #2553, #3994, .T. ) ;
#1599 = FACE_OUTER_BOUND ( 'NONE', #2806, .T. ) ;
#1600 = ORIENTED_EDGE ( 'NONE', *, *, #4464, .T. ) ;
#1601 = AXIS2_PLACEMENT_3D ( 'NONE', #2480, #4153, #1417 ) ;
#1602 = ORIENTED_EDGE ( 'NONE', *, *, #4378, .T. ) ;
#1603 = CARTESIAN_POINT ( 'NONE',  ( -3843.999999999977263, 2.273181642920008017E-11, 82.00000000000001421 ) ) ;
#1604 = DIRECTION ( 'NONE',  ( 0.000000000000000000, -1.000000000000000000, 0.000000000000000000 ) ) ;
#1605 = PERSON_AND_ORGANIZATION ( #413, #3566 ) ;
#1606 = VERTEX_POINT ( 'NONE', #3205 ) ;
#1607 = ORIENTED_EDGE ( 'NONE', *, *, #1074, .F. ) ;
#1608 = CARTESIAN_POINT ( 'NONE',  ( -3886.799999999977445, 210.2500000000227374, 604.7999999999999545 ) ) ;
#1609 = EDGE_CURVE ( 'NONE', #3177, #4879, #4517, .T. ) ;
#1610 = AXIS2_PLACEMENT_3D ( 'NONE', #3045, #1791, #950 ) ;
#1611 = FACE_OUTER_BOUND ( 'NONE', #2457, .T. ) ;
#1612 = ORIENTED_EDGE ( 'NONE', *, *, #4636, .F. ) ;
#1613 = CARTESIAN_POINT ( 'NONE',  ( -3877.999999999977263, 1839.750000000022965, 596.7999999999999545 ) ) ;
#1614 = FACE_BOUND ( 'NONE', #656, .T. ) ;
#1616 = FACE_OUTER_BOUND ( 'NONE', #3487, .T. ) ;
#1615 = PERSON_AND_ORGANIZATION_ROLE ( 'creator' ) ;
#1617 = ORIENTED_EDGE ( 'NONE', *, *, #1718, .F. ) ;
#1618 = VECTOR ( 'NONE', #3851, 1000.000000000000000 ) ;
#1619 = CARTESIAN_POINT ( 'NONE',  ( -3869.999999999976808, 639.7500000000227374, 580.0000000000000000 ) ) ;
#1620 = CARTESIAN_POINT ( 'NONE',  ( -3877.999999999977263, 210.2500000000227374, 596.7999999999999545 ) ) ;
#1621 = DIRECTION ( 'NONE',  ( 0.000000000000000000, 1.000000000000000000, -0.000000000000000000 ) ) ;
#1622 = PLANE ( 'NONE',  #2044 ) ;
#1623 = VERTEX_POINT ( 'NONE', #4401 ) ;
#1624 = LINE ( 'NONE', #1063, #3731 ) ;
#1625 = VECTOR ( 'NONE', #3858, 1000.000000000000000 ) ;
#1626 = DIRECTION ( 'NONE',  ( 0.000000000000000000, 1.000000000000000000, 0.000000000000000000 ) ) ;
#1627 = VERTEX_POINT ( 'NONE', #4048 ) ;
#1628 = EDGE_CURVE ( 'NONE', #7, #2391, #49, .T. ) ;
#1629 = DIRECTION ( 'NONE',  ( 0.000000000000000000, -0.000000000000000000, -1.000000000000000000 ) ) ;
#1630 = CARTESIAN_POINT ( 'NONE',  ( 33.00000000000017764, -985.0000000000000000, -27.99999999999998934 ) ) ;
#1631 = CIRCLE ( 'NONE', #4122, 5.050000000000220979 ) ;
#1632 = ORIENTED_EDGE ( 'NONE', *, *, #4819, .T. ) ;
#1633 = AXIS2_PLACEMENT_3D ( 'NONE', #4495, #4631, #2548 ) ;
#1634 = CARTESIAN_POINT ( 'NONE',  ( -3843.999999999977263, 2.273181642920008017E-11, 502.0000000000000000 ) ) ;
#1635 = APPLICATION_PROTOCOL_DEFINITION ( 'international standard', 'config_control_design', 1994, #2914 ) ;
#1636 = VECTOR ( 'NONE', #4867, 1000.000000000000000 ) ;
#1637 = DIRECTION ( 'NONE',  ( 0.000000000000000000, -0.000000000000000000, -1.000000000000000000 ) ) ;
#1638 = VERTEX_POINT ( 'NONE', #695 ) ;
#1639 = PLANE ( 'NONE',  #575 ) ;
#1640 = DIRECTION ( 'NONE',  ( 0.000000000000000000, 0.000000000000000000, -1.000000000000000000 ) ) ;
#1641 = DIRECTION ( 'NONE',  ( 0.000000000000000000, 0.000000000000000000, -1.000000000000000000 ) ) ;
#1642 = DIRECTION ( 'NONE',  ( 1.000000000000000000, 0.000000000000000000, 0.000000000000000000 ) ) ;
#1643 = EDGE_CURVE ( 'NONE', #5154, #3039, #4250, .T. ) ;
#1644 = CYLINDRICAL_SURFACE ( 'NONE', #4738, 8.000000000000007105 ) ;
#1645 = DIRECTION ( 'NONE',  ( 0.000000000000000000, -1.000000000000000000, 0.000000000000000000 ) ) ;
#1646 = DIRECTION ( 'NONE',  ( 0.000000000000000000, 0.000000000000000000, 1.000000000000000000 ) ) ;
#1647 = VECTOR ( 'NONE', #5146, 1000.000000000000000 ) ;
#1648 = EDGE_CURVE ( 'NONE', #5195, #705, #2831, .T. ) ;
#1649 = DIRECTION ( 'NONE',  ( 0.000000000000000000, 0.000000000000000000, -1.000000000000000000 ) ) ;
#1650 = LINE ( 'NONE', #2969, #2584 ) ;
#1651 = CARTESIAN_POINT ( 'NONE',  ( -3329.999999999977717, 2320.000000000022737, 580.0000000000000000 ) ) ;
#1652 = DIRECTION ( 'NONE',  ( 1.000000000000000000, 0.000000000000000000, -0.000000000000000000 ) ) ;
#1653 = VERTEX_POINT ( 'NONE', #2766 ) ;
#1654 = EDGE_LOOP ( 'NONE', ( #3527, #4585, #3123, #1840, #165, #3734 ) ) ;
#1655 = EDGE_CURVE ( 'NONE', #2711, #1623, #4649, .T. ) ;
#1656 = CARTESIAN_POINT ( 'NONE',  ( 15.90000000000017089, -1125.000000000000000, 15.90000000000000036 ) ) ;
#1657 = CARTESIAN_POINT ( 'NONE',  ( 15.00000000000016875, -615.0000000000000000, 0.000000000000000000 ) ) ;
#1658 = CARTESIAN_POINT ( 'NONE',  ( -3329.999999999977263, 130.0000000000227942, 580.0000000000000000 ) ) ;
#1659 = CC_DESIGN_APPROVAL ( #1108, ( #4296 ) ) ;
#1660 = ORIENTED_EDGE ( 'NONE', *, *, #5231, .F. ) ;
#1661 = ADVANCED_FACE ( 'NONE', ( #3482 ), #4109, .F. ) ;
#1662 = ORIENTED_EDGE ( 'NONE', *, *, #4155, .F. ) ;
#1663 = ORIENTED_EDGE ( 'NONE', *, *, #623, .T. ) ;
#1664 = DIRECTION ( 'NONE',  ( 0.000000000000000000, -1.000000000000000000, 0.000000000000000000 ) ) ;
#1665 = VERTEX_POINT ( 'NONE', #2489 ) ;
#1666 = AXIS2_PLACEMENT_3D ( 'NONE', #5385, #3313, #4171 ) ;
#1667 = PERSON_AND_ORGANIZATION ( #413, #3566 ) ;
#1668 = DIRECTION ( 'NONE',  ( -1.000000000000000000, -0.000000000000000000, -1.137523590804460124E-16 ) ) ;
#1669 = ORIENTED_EDGE ( 'NONE', *, *, #1269, .T. ) ;
#1670 = ORIENTED_EDGE ( 'NONE', *, *, #3727, .T. ) ;
#1671 = FACE_OUTER_BOUND ( 'NONE', #4026, .T. ) ;
#1672 = CARTESIAN_POINT ( 'NONE',  ( 33.00000000000017764, 615.0000000000001137, -27.99999999999998934 ) ) ;
#1673 = DIRECTION ( 'NONE',  ( 0.000000000000000000, 0.000000000000000000, -1.000000000000000000 ) ) ;
#1674 = ORIENTED_EDGE ( 'NONE', *, *, #2869, .T. ) ;
#1675 = CARTESIAN_POINT ( 'NONE',  ( -3869.999999999976808, 0.000000000000000000, 580.0000000000000000 ) ) ;
#1676 = VECTOR ( 'NONE', #1112, 1000.000000000000000 ) ;
#1677 = FACE_OUTER_BOUND ( 'NONE', #1926, .T. ) ;
#1678 = DIRECTION ( 'NONE',  ( 0.000000000000000000, 0.000000000000000000, 1.000000000000000000 ) ) ;
#1679 = VERTEX_POINT ( 'NONE', #5408 ) ;
#1680 = EDGE_CURVE ( 'NONE', #3251, #998, #1495, .T. ) ;
#1681 = AXIS2_PLACEMENT_3D ( 'NONE', #891, #4667, #2521 ) ;
#1682 = FACE_OUTER_BOUND ( 'NONE', #1268, .T. ) ;
#1683 = DIRECTION ( 'NONE',  ( 0.000000000000000000, 1.000000000000000000, 0.000000000000000000 ) ) ;
#1684 = CIRCLE ( 'NONE', #1366, 27.00000000000011369 ) ;
#1685 = CARTESIAN_POINT ( 'NONE',  ( 15.00000000000016875, 1015.000000000000114, 0.000000000000000000 ) ) ;
#1686 = ORIENTED_EDGE ( 'NONE', *, *, #246, .T. ) ;
#1687 = DIRECTION ( 'NONE',  ( 0.000000000000000000, 1.000000000000000000, 0.000000000000000000 ) ) ;
#1688 = ADVANCED_FACE ( 'NONE', ( #2298, #2085 ), #2938, .T. ) ;
#1689 = FACE_OUTER_BOUND ( 'NONE', #4788, .T. ) ;
#1690 =( NAMED_UNIT ( * ) SI_UNIT ( $, .STERADIAN. ) SOLID_ANGLE_UNIT ( ) );
#1691 = ORIENTED_EDGE ( 'NONE', *, *, #1456, .T. ) ;
#1692 = APPROVAL_PERSON_ORGANIZATION ( #5185, #2125, #3009 ) ;
#1693 = LINE ( 'NONE', #2505, #4064 ) ;
#1694 = DIRECTION ( 'NONE',  ( 0.000000000000000000, 0.000000000000000000, -1.000000000000000000 ) ) ;
#1695 = ORIENTED_EDGE ( 'NONE', *, *, #3459, .F. ) ;
#1696 = APPROVAL_DATE_TIME ( #3680, #1108 ) ;
#1697 = SHAPE_REPRESENTATION ( '高柜01柜体_高柜01柜体', ( #1610 ), #1408 ) ;
#1698 = AXIS2_PLACEMENT_3D ( 'NONE', #2317, #4870, #1078 ) ;
#1699 = DIRECTION ( 'NONE',  ( 0.000000000000000000, 0.000000000000000000, 1.000000000000000000 ) ) ;
#1700 = ADVANCED_FACE ( 'NONE', ( #1756, #663 ), #20, .F. ) ;
#1701 = DIRECTION ( 'NONE',  ( 0.000000000000000000, -1.000000000000000000, 0.000000000000000000 ) ) ;
#1702 = ORIENTED_EDGE ( 'NONE', *, *, #5304, .T. ) ;
#1703 = EDGE_LOOP ( 'NONE', ( #2915, #2367 ) ) ;
#1704 = LOCAL_TIME ( 9, 50, 6.000000000000000000, #5054 ) ;
#1705 = VECTOR ( 'NONE', #3802, 1000.000000000000000 ) ;
#1706 = EDGE_CURVE ( 'NONE', #1212, #1048, #3662, .T. ) ;
#1707 = PLANE ( 'NONE',  #4159 ) ;
#1708 = CARTESIAN_POINT ( 'NONE',  ( -3353.999999999976808, 15.00000000002273204, 522.0000000000001137 ) ) ;
#1709 = AXIS2_PLACEMENT_3D ( 'NONE', #1266, #4626, #2118 ) ;
#1710 = VECTOR ( 'NONE', #2425, 1000.000000000000000 ) ;
#1711 = ORIENTED_EDGE ( 'NONE', *, *, #3187, .F. ) ;
#1712 = CARTESIAN_POINT ( 'NONE',  ( -3353.999999999976808, 2.273181642920008017E-11, 502.0000000000000000 ) ) ;
#1713 = VECTOR ( 'NONE', #5084, 1000.000000000000000 ) ;
#1714 = PLANE ( 'NONE',  #1745 ) ;
#1715 = CYLINDRICAL_SURFACE ( 'NONE', #1241, 5.050000000000220979 ) ;
#1716 = CYLINDRICAL_SURFACE ( 'NONE', #2852, 5.000000000000000888 ) ;
#1717 = ORIENTED_EDGE ( 'NONE', *, *, #2382, .T. ) ;
#1718 = EDGE_CURVE ( 'NONE', #1532, #4431, #5246, .T. ) ;
#1719 = CYLINDRICAL_SURFACE ( 'NONE', #688, 27.00000000000013500 ) ;
#1720 = ADVANCED_FACE ( 'NONE', ( #182, #2825 ), #3363, .T. ) ;
#1721 = CYLINDRICAL_SURFACE ( 'NONE', #4269, 8.000000000000007105 ) ;
#1722 = DIRECTION ( 'NONE',  ( 0.000000000000000000, 1.000000000000000000, 0.000000000000000000 ) ) ;
#1723 = ORIENTED_EDGE ( 'NONE', *, *, #1244, .F. ) ;
#1724 = CARTESIAN_POINT ( 'NONE',  ( 15.90000000000017089, -1014.999999999999886, 15.90000000000000036 ) ) ;
#1725 = CARTESIAN_POINT ( 'NONE',  ( -3843.999999999977263, 85.00000000002273737, 82.00000000000001421 ) ) ;
#1726 = CARTESIAN_POINT ( 'NONE',  ( 598.0000000000002274, 1125.000000000000000, 30.00000000000000000 ) ) ;
#1727 = VERTEX_POINT ( 'NONE', #1252 ) ;
#1728 = CARTESIAN_POINT ( 'NONE',  ( -3877.999999999977263, 1839.750000000022965, 604.7999999999999545 ) ) ;
#1729 = DIRECTION ( 'NONE',  ( 0.000000000000000000, 0.000000000000000000, 1.000000000000000000 ) ) ;
#1730 = ORIENTED_EDGE ( 'NONE', *, *, #275, .T. ) ;
#1731 = ADVANCED_FACE ( 'NONE', ( #4379, #2950 ), #1714, .T. ) ;
#1732 = ORIENTED_EDGE ( 'NONE', *, *, #3529, .F. ) ;
#1733 = EDGE_CURVE ( 'NONE', #2934, #816, #4643, .T. ) ;
#1734 = CARTESIAN_POINT ( 'NONE',  ( -3884.099999999977626, 610.2500000000227374, 601.0500000000001819 ) ) ;
#1735 = ORIENTED_EDGE ( 'NONE', *, *, #4925, .F. ) ;
#1736 = DIRECTION ( 'NONE',  ( 0.000000000000000000, 0.000000000000000000, 1.000000000000000000 ) ) ;
#1737 = AXIS2_PLACEMENT_3D ( 'NONE', #5245, #1903, #1056 ) ;
#1738 = ORIENTED_EDGE ( 'NONE', *, *, #2328, .T. ) ;
#1739 = ORIENTED_EDGE ( 'NONE', *, *, #544, .T. ) ;
#1740 = DIRECTION ( 'NONE',  ( 0.000000000000000000, 0.000000000000000000, 1.000000000000000000 ) ) ;
#1741 = CARTESIAN_POINT ( 'NONE',  ( -3869.999999999976808, 239.7500000000227089, 580.0000000000000000 ) ) ;
#1742 = EDGE_CURVE ( 'NONE', #3327, #2391, #4172, .T. ) ;
#1743 = CARTESIAN_POINT ( 'NONE',  ( -3869.999999999976808, 2320.000000000022737, 580.0000000000000000 ) ) ;
#1744 = SECURITY_CLASSIFICATION_LEVEL ( 'unclassified' ) ;
#1745 = AXIS2_PLACEMENT_3D ( 'NONE', #374, #4161, #5429 ) ;
#1746 = EDGE_LOOP ( 'NONE', ( #1488, #5093, #5225, #4294 ) ) ;
#1747 = ORIENTED_EDGE ( 'NONE', *, *, #4576, .F. ) ;
#1748 = CARTESIAN_POINT ( 'NONE',  ( 33.00000000000017764, -585.0000000000000000, -27.99999999999998934 ) ) ;
#1749 = CARTESIAN_POINT ( 'NONE',  ( 15.90000000000017089, 185.0000000000002842, 15.90000000000000036 ) ) ;
#1750 = ADVANCED_FACE ( 'NONE', ( #2416 ), #722, .F. ) ;
#1751 = PLANE ( 'NONE',  #3992 ) ;
#1752 =( LENGTH_UNIT ( ) NAMED_UNIT ( * ) SI_UNIT ( .MILLI., .METRE. ) );
#1754 = FACE_BOUND ( 'NONE', #1595, .T. ) ;
#1753 = APPROVAL_ROLE ( '' ) ;
#1755 = ORIENTED_EDGE ( 'NONE', *, *, #4718, .F. ) ;
#1756 = FACE_BOUND ( 'NONE', #1799, .T. ) ;
#1757 = EDGE_CURVE ( 'NONE', #2579, #3281, #1827, .T. ) ;
#1758 = AXIS2_PLACEMENT_3D ( 'NONE', #135, #571, #3511 ) ;
#1759 = DIRECTION ( 'NONE',  ( 1.000000000000000000, -0.000000000000000000, -0.000000000000000000 ) ) ;
#1760 = EDGE_LOOP ( 'NONE', ( #3864, #4661 ) ) ;
#1761 = VECTOR ( 'NONE', #2417, 1000.000000000000000 ) ;
#1762 = LOCAL_TIME ( 9, 50, 6.000000000000000000, #1296 ) ;
#1763 = DIRECTION ( 'NONE',  ( -1.000000000000000000, 0.000000000000000000, -0.000000000000000000 ) ) ;
#1764 = DIRECTION ( 'NONE',  ( 0.000000000000000000, 0.000000000000000000, 1.000000000000000000 ) ) ;
#1765 = EDGE_CURVE ( 'NONE', #2002, #1120, #41, .T. ) ;
#1766 = CARTESIAN_POINT ( 'NONE',  ( 33.00000000000018474, 585.0000000000001137, 27.00000000000001066 ) ) ;
#1767 = VERTEX_POINT ( 'NONE', #508 ) ;
#1768 = DIRECTION ( 'NONE',  ( -1.000000000000000000, 0.000000000000000000, -1.137523590804460124E-16 ) ) ;
#1769 = CIRCLE ( 'NONE', #3744, 5.000000000000000888 ) ;
#1770 = ADVANCED_BREP_SHAPE_REPRESENTATION ( '', ( #531, #1610 ), #1408 ) ;
#1771 = CARTESIAN_POINT ( 'NONE',  ( -3869.999999999977263, 1810.250000000022737, 580.0000000000000000 ) ) ;
#1772 = DIRECTION ( 'NONE',  ( 1.000000000000000000, 0.000000000000000000, 0.000000000000000000 ) ) ;
#1773 = CARTESIAN_POINT ( 'NONE',  ( 1.708382284810557841E-13, -1125.000000000000000, 0.000000000000000000 ) ) ;
#1774 = ORIENTED_EDGE ( 'NONE', *, *, #9, .F. ) ;
#1775 = CARTESIAN_POINT ( 'NONE',  ( -3894.799999999977445, 239.7500000000227089, 596.7999999999999545 ) ) ;
#1776 = CC_DESIGN_PERSON_AND_ORGANIZATION_ASSIGNMENT ( #4501, #3910, ( #4190 ) ) ;
#1777 = CARTESIAN_POINT ( 'NONE',  ( -3884.099999999977626, 1810.250000000022737, 590.9499999999997044 ) ) ;
#1778 = DIRECTION ( 'NONE',  ( -0.000000000000000000, 1.000000000000000000, -0.000000000000000000 ) ) ;
#1779 = VERTEX_POINT ( 'NONE', #1310 ) ;
#1780 = CARTESIAN_POINT ( 'NONE',  ( 15.90000000000017089, -1125.000000000000000, 10.90000000000000036 ) ) ;
#1781 = ADVANCED_FACE ( 'NONE', ( #5103, #3083 ), #1344, .T. ) ;
#1782 = ORIENTED_EDGE ( 'NONE', *, *, #3962, .F. ) ;
#1783 = AXIS2_PLACEMENT_3D ( 'NONE', #1101, #4459, #4030 ) ;
#1784 = DIRECTION ( 'NONE',  ( 0.000000000000000000, 1.000000000000000000, 0.000000000000000000 ) ) ;
#1785 = DIRECTION ( 'NONE',  ( 0.000000000000000000, 0.000000000000000000, 1.000000000000000000 ) ) ;
#1786 = EDGE_CURVE ( 'NONE', #5048, #1261, #4970, .T. ) ;
#1787 = CARTESIAN_POINT ( 'NONE',  ( 0.000000000000000000, 100.0000000000227374, 0.000000000000000000 ) ) ;
#1788 = VECTOR ( 'NONE', #3409, 1000.000000000000000 ) ;
#1789 = CARTESIAN_POINT ( 'NONE',  ( 33.00000000000018474, 985.0000000000001137, 27.00000000000001066 ) ) ;
#1790 = AXIS2_PLACEMENT_3D ( 'NONE', #1338, #4274, #1785 ) ;
#1791 = DIRECTION ( 'NONE',  ( 0.000000000000000000, 0.000000000000000000, 1.000000000000000000 ) ) ;
#1792 = DATE_TIME_ROLE ( 'classification_date' ) ;
#1793 = CIRCLE ( 'NONE', #3883, 6.450000000000001066 ) ;
#1794 = ADVANCED_FACE ( 'NONE', ( #3275 ), #974, .T. ) ;
#1795 = DIRECTION ( 'NONE',  ( 0.000000000000000000, 0.000000000000000000, 1.000000000000000000 ) ) ;
#1796 = DIRECTION ( 'NONE',  ( -1.000000000000000000, 0.000000000000000000, -1.137523590804460124E-16 ) ) ;
#1797 = ORIENTED_EDGE ( 'NONE', *, *, #2960, .T. ) ;
#1798 = EDGE_CURVE ( 'NONE', #1877, #219, #3406, .T. ) ;
#1799 = EDGE_LOOP ( 'NONE', ( #1802, #2199 ) ) ;
#1800 = DIRECTION ( 'NONE',  ( 0.000000000000000000, 0.000000000000000000, 1.000000000000000000 ) ) ;
#1801 = ORIENTED_EDGE ( 'NONE', *, *, #884, .T. ) ;
#1802 = ORIENTED_EDGE ( 'NONE', *, *, #1511, .T. ) ;
#1803 = ADVANCED_FACE ( 'NONE', ( #3339 ), #3924, .T. ) ;
#1804 = CARTESIAN_POINT ( 'NONE',  ( -3877.999999999977263, 1039.750000000022510, 604.7999999999999545 ) ) ;
#1805 = DIRECTION ( 'NONE',  ( 0.000000000000000000, 0.000000000000000000, -1.000000000000000000 ) ) ;
#1806 = ORIENTED_EDGE ( 'NONE', *, *, #1832, .T. ) ;
#1807 = ORIENTED_EDGE ( 'NONE', *, *, #4544, .T. ) ;
#1808 = COORDINATED_UNIVERSAL_TIME_OFFSET ( 8, 0, .AHEAD. ) ;
#1809 = DIRECTION ( 'NONE',  ( -0.000000000000000000, 0.000000000000000000, 1.000000000000000000 ) ) ;
#1810 = DIRECTION ( 'NONE',  ( 0.000000000000000000, -0.000000000000000000, -1.000000000000000000 ) ) ;
#1811 = ORIENTED_EDGE ( 'NONE', *, *, #4663, .F. ) ;
#1812 = AXIS2_PLACEMENT_3D ( 'NONE', #4169, #2599, #1763 ) ;
#1813 = CALENDAR_DATE ( 2026, 27, 5 ) ;
#1814 = LINE ( 'NONE', #4764, #237 ) ;
#1815 = ORIENTED_EDGE ( 'NONE', *, *, #3642, .F. ) ;
#1816 = CARTESIAN_POINT ( 'NONE',  ( -3884.099999999977626, 610.2500000000227374, 590.9499999999997044 ) ) ;
#1817 = EDGE_CURVE ( 'NONE', #5195, #3158, #1553, .T. ) ;
#1818 = CIRCLE ( 'NONE', #1280, 27.00000000000011369 ) ;
#1819 = CARTESIAN_POINT ( 'NONE',  ( 5.000000000000000000, 6.123233995736766282E-16, 999.0000000000000000 ) ) ;
#1820 = CARTESIAN_POINT ( 'NONE',  ( 15.00000000000016875, 0.000000000000000000, 0.000000000000000000 ) ) ;
#1821 = VECTOR ( 'NONE', #3141, 1000.000000000000000 ) ;
#1822 = AXIS2_PLACEMENT_3D ( 'NONE', #1725, #3021, #5126 ) ;
#1823 = DIRECTION ( 'NONE',  ( 1.261617073437677999E-16, 0.000000000000000000, 1.000000000000000000 ) ) ;
#1824 = ORIENTED_EDGE ( 'NONE', *, *, #4676, .T. ) ;
#1825 = CARTESIAN_POINT ( 'NONE',  ( 33.00000000000017764, 985.0000000000001137, -27.99999999999998934 ) ) ;
#1826 = CARTESIAN_POINT ( 'NONE',  ( -3884.099999999977626, 2239.750000000022737, 596.0000000000000000 ) ) ;
#1827 = LINE ( 'NONE', #3496, #3218 ) ;
#1828 = VECTOR ( 'NONE', #933, 1000.000000000000000 ) ;
#1829 = FACE_OUTER_BOUND ( 'NONE', #2973, .T. ) ;
#1830 = CYLINDRICAL_SURFACE ( 'NONE', #4588, 15.00000000000000000 ) ;
#1831 = VERTEX_POINT ( 'NONE', #3066 ) ;
#1832 = EDGE_CURVE ( 'NONE', #4553, #4197, #4910, .T. ) ;
#1833 = AXIS2_PLACEMENT_3D ( 'NONE', #965, #4277, #1772 ) ;
#1834 = VECTOR ( 'NONE', #3478, 1000.000000000000000 ) ;
#1835 = DIRECTION ( 'NONE',  ( 0.000000000000000000, 0.000000000000000000, -1.000000000000000000 ) ) ;
#1836 = CARTESIAN_POINT ( 'NONE',  ( -28.00000000000001066, -615.0000000000000000, 27.00000000000000355 ) ) ;
#1837 = APPROVAL_PERSON_ORGANIZATION ( #1372, #3217, #2032 ) ;
#1838 = VECTOR ( 'NONE', #3860, 1000.000000000000000 ) ;
#1839 = ADVANCED_FACE ( 'NONE', ( #847 ), #5152, .T. ) ;
#1840 = ORIENTED_EDGE ( 'NONE', *, *, #180, .T. ) ;
#1841 = LINE ( 'NONE', #22, #523 ) ;
#1842 = DIRECTION ( 'NONE',  ( -0.000000000000000000, -1.000000000000000000, -0.000000000000000000 ) ) ;
#1843 = DIRECTION ( 'NONE',  ( 0.000000000000000000, 1.000000000000000000, 0.000000000000000000 ) ) ;
#1844 = DIRECTION ( 'NONE',  ( 0.000000000000000000, 0.000000000000000000, -1.000000000000000000 ) ) ;
#1845 = CARTESIAN_POINT ( 'NONE',  ( 1.708382284810557841E-13, 185.0000000000001705, 30.00000000000000000 ) ) ;
#1846 = ORIENTED_EDGE ( 'NONE', *, *, #3833, .T. ) ;
#1847 = COORDINATED_UNIVERSAL_TIME_OFFSET ( 8, 0, .AHEAD. ) ;
#1848 = DIRECTION ( 'NONE',  ( -1.000000000000000000, 0.000000000000000000, 0.000000000000000000 ) ) ;
#1849 = CARTESIAN_POINT ( 'NONE',  ( -3843.999999999977263, 85.00000000002273737, 502.0000000000000000 ) ) ;
#1850 = CARTESIAN_POINT ( 'NONE',  ( -3869.999999999977263, 210.2500000000227374, 580.0000000000000000 ) ) ;
#1851 = VERTEX_POINT ( 'NONE', #2627 ) ;
#1852 = EDGE_CURVE ( 'NONE', #5195, #4371, #2292, .T. ) ;
#1853 = VERTEX_POINT ( 'NONE', #103 ) ;
#1854 = DIRECTION ( 'NONE',  ( -0.000000000000000000, 1.000000000000000000, -0.000000000000000000 ) ) ;
#1855 = CC_DESIGN_SECURITY_CLASSIFICATION ( #2808, ( #430 ) ) ;
#1856 = CARTESIAN_POINT ( 'NONE',  ( 33.00000000000018474, -184.9999999999999432, 27.00000000000001066 ) ) ;
#1857 = FACE_OUTER_BOUND ( 'NONE', #485, .T. ) ;
#1858 = EDGE_LOOP ( 'NONE', ( #5162, #888 ) ) ;
#1859 = DIRECTION ( 'NONE',  ( 0.000000000000000000, -0.000000000000000000, 1.000000000000000000 ) ) ;
#1860 = VECTOR ( 'NONE', #1326, 1000.000000000000000 ) ;
#1861 = CARTESIAN_POINT ( 'NONE',  ( -3899.999999999977263, 0.000000000000000000, 580.0000000000000000 ) ) ;
#1862 = VECTOR ( 'NONE', #2990, 1000.000000000000000 ) ;
#1863 = ADVANCED_FACE ( 'NONE', ( #301 ), #779, .T. ) ;
#1864 = PLANE ( 'NONE',  #3460 ) ;
#1865 = CARTESIAN_POINT ( 'NONE',  ( -3299.999999999977717, 2350.000000000022737, 580.0000000000000000 ) ) ;
#1866 = LINE ( 'NONE', #4178, #2726 ) ;
#1867 = EDGE_LOOP ( 'NONE', ( #821, #3503 ) ) ;
#1868 = AXIS2_PLACEMENT_3D ( 'NONE', #2660, #3490, #3912 ) ;
#1869 = DESIGN_CONTEXT ( 'detailed design', #4467, 'design' ) ;
#1870 = DIRECTION ( 'NONE',  ( 0.000000000000000000, 0.000000000000000000, 1.000000000000000000 ) ) ;
#1871 = DIRECTION ( 'NONE',  ( -0.000000000000000000, -0.000000000000000000, -1.000000000000000000 ) ) ;
#1872 = ORIENTED_EDGE ( 'NONE', *, *, #5457, .F. ) ;
#1873 = CARTESIAN_POINT ( 'NONE',  ( -3869.999999999977263, 2239.750000000022737, 596.7999999999999545 ) ) ;
#1874 = EDGE_LOOP ( 'NONE', ( #4227, #305 ) ) ;
#1875 = CARTESIAN_POINT ( 'NONE',  ( -3843.999999999977263, 15.00000000002273204, 82.00000000000001421 ) ) ;
#1876 = EDGE_CURVE ( 'NONE', #4329, #568, #5177, .T. ) ;
#1877 = VERTEX_POINT ( 'NONE', #2144 ) ;
#1878 = ORIENTED_EDGE ( 'NONE', *, *, #1577, .T. ) ;
#1879 = CARTESIAN_POINT ( 'NONE',  ( 33.00000000000018474, 615.0000000000001137, 0.000000000000000000 ) ) ;
#1880 = CARTESIAN_POINT ( 'NONE',  ( -3869.999999999977263, 210.2500000000227374, 580.0000000000000000 ) ) ;
#1881 = ORIENTED_EDGE ( 'NONE', *, *, #944, .F. ) ;
#1882 = ORIENTED_EDGE ( 'NONE', *, *, #1940, .F. ) ;
#1883 = DIRECTION ( 'NONE',  ( 0.000000000000000000, 0.000000000000000000, 1.000000000000000000 ) ) ;
#1884 = DIRECTION ( 'NONE',  ( -1.000000000000000000, 0.000000000000000000, 0.000000000000000000 ) ) ;
#1885 = VERTEX_POINT ( 'NONE', #2218 ) ;
#1886 = ORIENTED_EDGE ( 'NONE', *, *, #687, .T. ) ;
#1887 = ORIENTED_EDGE ( 'NONE', *, *, #2107, .F. ) ;
#1888 = EDGE_CURVE ( 'NONE', #3984, #3251, #2225, .T. ) ;
#1889 = DIRECTION ( 'NONE',  ( 0.000000000000000000, -0.000000000000000000, 1.000000000000000000 ) ) ;
#1890 = VECTOR ( 'NONE', #3098, 1000.000000000000000 ) ;
#1891 = AXIS2_PLACEMENT_3D ( 'NONE', #3671, #4082, #1515 ) ;
#1892 = ORIENTED_EDGE ( 'NONE', *, *, #1365, .F. ) ;
#1893 = ADVANCED_FACE ( 'NONE', ( #1682 ), #3956, .T. ) ;
#1894 = VECTOR ( 'NONE', #3126, 1000.000000000000000 ) ;
#1895 = FACE_OUTER_BOUND ( 'NONE', #4559, .T. ) ;
#1896 = EDGE_CURVE ( 'NONE', #827, #4307, #4054, .T. ) ;
#1897 = EDGE_LOOP ( 'NONE', ( #2705, #3997 ) ) ;
#1898 = CARTESIAN_POINT ( 'NONE',  ( -3877.999999999977263, 1439.750000000022737, 604.7999999999999545 ) ) ;
#1899 = LINE ( 'NONE', #912, #5171 ) ;
#1900 = AXIS2_PLACEMENT_3D ( 'NONE', #113, #546, #3892 ) ;
#1901 = DIRECTION ( 'NONE',  ( -1.000000000000000000, 0.000000000000000000, 0.000000000000000000 ) ) ;
#1902 = VECTOR ( 'NONE', #1460, 1000.000000000000000 ) ;
#1903 = DIRECTION ( 'NONE',  ( -0.000000000000000000, 1.000000000000000000, -0.000000000000000000 ) ) ;
#1904 = ORIENTED_EDGE ( 'NONE', *, *, #1313, .T. ) ;
#1905 = LINE ( 'NONE', #3904, #791 ) ;
#1906 = DATE_AND_TIME ( #1170, #5039 ) ;
#1907 = CARTESIAN_POINT ( 'NONE',  ( -3877.999999999977263, 1810.250000000022737, 604.7999999999999545 ) ) ;
#1908 = EDGE_CURVE ( 'NONE', #4312, #2295, #597, .T. ) ;
#1909 = AXIS2_PLACEMENT_3D ( 'NONE', #3382, #3340, #1270 ) ;
#1910 = ORIENTED_EDGE ( 'NONE', *, *, #5315, .F. ) ;
#1911 = LINE ( 'NONE', #1820, #864 ) ;
#1912 = LINE ( 'NONE', #4031, #2894 ) ;
#1913 = EDGE_LOOP ( 'NONE', ( #2795, #1129, #2731, #2008 ) ) ;
#1914 = CARTESIAN_POINT ( 'NONE',  ( 1.700029006457270953E-13, 1015.000000000000114, 27.00000000000000711 ) ) ;
#1915 = VECTOR ( 'NONE', #589, 1000.000000000000000 ) ;
#1916 = ORIENTED_EDGE ( 'NONE', *, *, #2151, .F. ) ;
#1917 = CARTESIAN_POINT ( 'NONE',  ( -3884.099999999977626, 210.2500000000227374, 601.0500000000001819 ) ) ;
#1918 = ADVANCED_FACE ( 'NONE', ( #3987 ), #4242, .T. ) ;
#1919 = FACE_OUTER_BOUND ( 'NONE', #4808, .T. ) ;
#1920 = CARTESIAN_POINT ( 'NONE',  ( -3884.099999999977626, 1839.750000000022965, 601.0500000000001819 ) ) ;
#1921 = LINE ( 'NONE', #712, #2906 ) ;
#1922 = AXIS2_PLACEMENT_3D ( 'NONE', #1849, #2233, #1039 ) ;
#1923 = PLANE ( 'NONE',  #331 ) ;
#1924 = CARTESIAN_POINT ( 'NONE',  ( 33.00000000000018474, 185.0000000000001990, 27.00000000000001066 ) ) ;
#1925 = EDGE_CURVE ( 'NONE', #2837, #1347, #2879, .T. ) ;
#1926 = EDGE_LOOP ( 'NONE', ( #2763, #1976, #1723, #4543 ) ) ;
#1927 = EDGE_LOOP ( 'NONE', ( #2399, #4487, #5415, #2693 ) ) ;
#1928 = ORIENTED_EDGE ( 'NONE', *, *, #2500, .T. ) ;
#1929 = DIRECTION ( 'NONE',  ( 0.000000000000000000, 1.000000000000000000, -0.000000000000000000 ) ) ;
#1930 = DIRECTION ( 'NONE',  ( 0.000000000000000000, 0.000000000000000000, 1.000000000000000000 ) ) ;
#1931 = ORIENTED_EDGE ( 'NONE', *, *, #3180, .F. ) ;
#1932 = EDGE_CURVE ( 'NONE', #3087, #1465, #3546, .T. ) ;
#1933 = AXIS2_PLACEMENT_3D ( 'NONE', #2290, #210, #2718 ) ;
#1934 = DIRECTION ( 'NONE',  ( -0.000000000000000000, -1.000000000000000000, -0.000000000000000000 ) ) ;
#1935 = ORIENTED_EDGE ( 'NONE', *, *, #204, .F. ) ;
#1936 = VERTEX_POINT ( 'NONE', #1873 ) ;
#1937 = CARTESIAN_POINT ( 'NONE',  ( -3353.999999999976808, 15.00000000002273204, 82.00000000000001421 ) ) ;
#1938 = EDGE_LOOP ( 'NONE', ( #2812, #1445, #698, #3458 ) ) ;
#1939 = DATE_AND_TIME ( #707, #1413 ) ;
#1940 = EDGE_CURVE ( 'NONE', #2604, #321, #2694, .T. ) ;
#1941 = ADVANCED_FACE ( 'NONE', ( #3151 ), #578, .T. ) ;
#1942 = ORIENTED_EDGE ( 'NONE', *, *, #4413, .F. ) ;
#1943 = DIRECTION ( 'NONE',  ( 0.000000000000000000, 0.000000000000000000, -1.000000000000000000 ) ) ;
#1944 = ORIENTED_EDGE ( 'NONE', *, *, #3052, .F. ) ;
#1945 = DIRECTION ( 'NONE',  ( 0.000000000000000000, 1.000000000000000000, 0.000000000000000000 ) ) ;
#1946 = DIRECTION ( 'NONE',  ( 0.000000000000000000, -0.000000000000000000, -1.000000000000000000 ) ) ;
#1947 = DIRECTION ( 'NONE',  ( -0.000000000000000000, 1.000000000000000000, -0.000000000000000000 ) ) ;
#1948 = PERSON_AND_ORGANIZATION_ROLE ( 'design_supplier' ) ;
#1949 = EDGE_CURVE ( 'NONE', #4595, #5048, #1287, .T. ) ;
#1950 = CALENDAR_DATE ( 2026, 27, 5 ) ;
#1951 = ORIENTED_EDGE ( 'NONE', *, *, #5254, .T. ) ;
#1952 = APPROVAL ( #4557, '未指定' ) ;
#1953 = DIRECTION ( 'NONE',  ( -0.000000000000000000, 1.000000000000000000, -0.000000000000000000 ) ) ;
#1954 = DIRECTION ( 'NONE',  ( -1.000000000000000000, 0.000000000000000000, 0.000000000000000000 ) ) ;
#1955 = VECTOR ( 'NONE', #4568, 1000.000000000000000 ) ;
#1956 = VECTOR ( 'NONE', #4707, 1000.000000000000000 ) ;
#1957 = ORIENTED_EDGE ( 'NONE', *, *, #1319, .T. ) ;
#1958 = EDGE_CURVE ( 'NONE', #2414, #4927, #1103, .T. ) ;
#1959 = VECTOR ( 'NONE', #4281, 1000.000000000000000 ) ;
#1960 = DIRECTION ( 'NONE',  ( -0.000000000000000000, 1.000000000000000000, -0.000000000000000000 ) ) ;
#1961 = DIRECTION ( 'NONE',  ( 0.000000000000000000, 1.000000000000000000, -0.000000000000000000 ) ) ;
#1962 = CARTESIAN_POINT ( 'NONE',  ( -3353.999999999976808, 85.00000000002273737, 54.99999999999990052 ) ) ;
#1963 = AXIS2_PLACEMENT_3D ( 'NONE', #921, #3476, #66 ) ;
#1964 = VECTOR ( 'NONE', #2159, 1000.000000000000000 ) ;
#1965 = CYLINDRICAL_SURFACE ( 'NONE', #3827, 6.450000000000001066 ) ;
#1966 = ORIENTED_EDGE ( 'NONE', *, *, #3247, .F. ) ;
#1967 = CIRCLE ( 'NONE', #3302, 8.000000000000007105 ) ;
#1968 = COORDINATED_UNIVERSAL_TIME_OFFSET ( 8, 0, .AHEAD. ) ;
#1969 = DIRECTION ( 'NONE',  ( 0.000000000000000000, -1.000000000000000000, 0.000000000000000000 ) ) ;
#1970 = CARTESIAN_POINT ( 'NONE',  ( 0.000000000000000000, 0.000000000000000000, 0.000000000000000000 ) ) ;
#1971 = ORIENTED_EDGE ( 'NONE', *, *, #4454, .T. ) ;
#1972 = AXIS2_PLACEMENT_3D ( 'NONE', #3370, #2460, #3329 ) ;
#1973 = CALENDAR_DATE ( 2026, 27, 5 ) ;
#1974 = CARTESIAN_POINT ( 'NONE',  ( -3843.999999999977263, 85.00000000002273737, 54.99999999999990052 ) ) ;
#1975 = DIRECTION ( 'NONE',  ( 0.000000000000000000, -1.000000000000000000, 0.000000000000000000 ) ) ;
#1976 = ORIENTED_EDGE ( 'NONE', *, *, #3169, .T. ) ;
#1977 = APPROVAL_PERSON_ORGANIZATION ( #1175, #1108, #2017 ) ;
#1978 = EDGE_CURVE ( 'NONE', #1571, #4307, #2024, .T. ) ;
#1979 = AXIS2_PLACEMENT_3D ( 'NONE', #390, #5016, #2507 ) ;
#1980 = CARTESIAN_POINT ( 'NONE',  ( -3353.999999999976808, 85.00000000002273737, 474.9999999999998863 ) ) ;
#1981 = CARTESIAN_POINT ( 'NONE',  ( 15.90000000000017089, -615.0000000000000000, 15.90000000000000036 ) ) ;
#1982 = EDGE_LOOP ( 'NONE', ( #1523, #1435, #2683, #3594 ) ) ;
#1983 = ORIENTED_EDGE ( 'NONE', *, *, #2011, .F. ) ;
#1984 = CIRCLE ( 'NONE', #4794, 5.000000000000000888 ) ;
#1985 = FACE_BOUND ( 'NONE', #1874, .T. ) ;
#1986 = EDGE_LOOP ( 'NONE', ( #2266, #3906 ) ) ;
#1987 = CARTESIAN_POINT ( 'NONE',  ( 1.700029006457270953E-13, -214.9999999999998579, 15.00000000000000000 ) ) ;
#1988 = LINE ( 'NONE', #3507, #1713 ) ;
#1989 = FACE_OUTER_BOUND ( 'NONE', #4451, .T. ) ;
#1990 = VERTEX_POINT ( 'NONE', #2722 ) ;
#1991 = AXIS2_PLACEMENT_3D ( 'NONE', #1092, #3573, #678 ) ;
#1992 = FACE_OUTER_BOUND ( 'NONE', #4066, .T. ) ;
#1993 = LINE ( 'NONE', #554, #476 ) ;
#1994 = CARTESIAN_POINT ( 'NONE',  ( 1.708382284810557841E-13, 985.0000000000001137, 30.00000000000000000 ) ) ;
#1995 = FACE_OUTER_BOUND ( 'NONE', #1020, .T. ) ;
#1996 = ORIENTED_EDGE ( 'NONE', *, *, #4279, .T. ) ;
#1997 = CARTESIAN_POINT ( 'NONE',  ( 33.00000000000018474, -1014.999999999999886, 27.00000000000001066 ) ) ;
#1998 = DIRECTION ( 'NONE',  ( 0.000000000000000000, 1.000000000000000000, 0.000000000000000000 ) ) ;
#1999 = EDGE_CURVE ( 'NONE', #342, #2799, #909, .T. ) ;
#2000 = VERTEX_POINT ( 'NONE', #4414 ) ;
#2001 = LINE ( 'NONE', #3420, #4027 ) ;
#2002 = VERTEX_POINT ( 'NONE', #3937 ) ;
#2003 = AXIS2_PLACEMENT_3D ( 'NONE', #1230, #4141, #1629 ) ;
#2004 = DIRECTION ( 'NONE',  ( 0.000000000000000000, 0.000000000000000000, -1.000000000000000000 ) ) ;
#2005 = CARTESIAN_POINT ( 'NONE',  ( -3869.999999999977263, 1439.750000000022737, 580.0000000000000000 ) ) ;
#2006 = CARTESIAN_POINT ( 'NONE',  ( -3843.999999999977263, 15.00000000002273204, 61.99999999999982947 ) ) ;
#2007 = ORIENTED_EDGE ( 'NONE', *, *, #4102, .F. ) ;
#2008 = ORIENTED_EDGE ( 'NONE', *, *, #681, .F. ) ;
#2009 = COORDINATED_UNIVERSAL_TIME_OFFSET ( 8, 0, .AHEAD. ) ;
#2010 = CARTESIAN_POINT ( 'NONE',  ( -3843.999999999977263, 100.0000000000227374, 54.99999999999990052 ) ) ;
#2011 = EDGE_CURVE ( 'NONE', #3398, #3172, #5372, .T. ) ;
#2012 = AXIS2_PLACEMENT_3D ( 'NONE', #375, #317, #2056 ) ;
#2013 = ORIENTED_EDGE ( 'NONE', *, *, #3352, .T. ) ;
#2014 = VERTEX_POINT ( 'NONE', #1425 ) ;
#2015 = COORDINATED_UNIVERSAL_TIME_OFFSET ( 8, 0, .AHEAD. ) ;
#2016 = EDGE_LOOP ( 'NONE', ( #187, #1151, #3440, #3963 ) ) ;
#2017 = APPROVAL_ROLE ( '' ) ;
#2018 = EDGE_LOOP ( 'NONE', ( #1942, #2923 ) ) ;
#2019 = DIRECTION ( 'NONE',  ( -0.000000000000000000, -0.000000000000000000, -1.000000000000000000 ) ) ;
#2020 = CIRCLE ( 'NONE', #5202, 4.000000000000003553 ) ;
#2021 = DIRECTION ( 'NONE',  ( 0.000000000000000000, -0.000000000000000000, 1.000000000000000000 ) ) ;
#2022 = VERTEX_POINT ( 'NONE', #4774 ) ;
#2023 = DIRECTION ( 'NONE',  ( 0.000000000000000000, 0.000000000000000000, -1.000000000000000000 ) ) ;
#2024 = CIRCLE ( 'NONE', #1013, 27.00000000000013500 ) ;
#2025 = EDGE_CURVE ( 'NONE', #3310, #1591, #245, .T. ) ;
#2026 = CALENDAR_DATE ( 2026, 27, 5 ) ;
#2027 = FACE_OUTER_BOUND ( 'NONE', #1596, .T. ) ;
#2028 = AXIS2_PLACEMENT_3D ( 'NONE', #3582, #700, #3179 ) ;
#2029 = DIRECTION ( 'NONE',  ( 1.261617073437678245E-16, 0.000000000000000000, 1.000000000000000000 ) ) ;
#2030 = EDGE_LOOP ( 'NONE', ( #4915, #620, #4767, #415 ) ) ;
#2031 = LINE ( 'NONE', #5082, #4916 ) ;
#2032 = APPROVAL_ROLE ( '' ) ;
#2033 = EDGE_CURVE ( 'NONE', #1120, #2002, #1818, .T. ) ;
#2034 = CARTESIAN_POINT ( 'NONE',  ( -3877.999999999977263, 1039.750000000022510, 604.7999999999999545 ) ) ;
#2035 = ORIENTED_EDGE ( 'NONE', *, *, #640, .F. ) ;
#2036 = CARTESIAN_POINT ( 'NONE',  ( -3877.999999999977263, 2210.250000000022283, 604.7999999999999545 ) ) ;
#2037 = VECTOR ( 'NONE', #5289, 1000.000000000000000 ) ;
#2038 = AXIS2_PLACEMENT_3D ( 'NONE', #5095, #1809, #557 ) ;
#2039 = PLANE ( 'NONE',  #5248 ) ;
#2040 = ORIENTED_EDGE ( 'NONE', *, *, #4018, .T. ) ;
#2041 = LOCAL_TIME ( 9, 50, 6.000000000000000000, #1446 ) ;
#2042 = PLANE ( 'NONE',  #4977 ) ;
#2043 = EDGE_CURVE ( 'NONE', #2837, #3221, #2539, .T. ) ;
#2044 = AXIS2_PLACEMENT_3D ( 'NONE', #4561, #4513, #778 ) ;
#2045 = FACE_OUTER_BOUND ( 'NONE', #2016, .T. ) ;
#2046 = DESIGN_CONTEXT ( 'detailed design', #4112, 'design' ) ;
#2047 = EDGE_LOOP ( 'NONE', ( #5017, #5412 ) ) ;
#2048 = ORIENTED_EDGE ( 'NONE', *, *, #425, .T. ) ;
#2049 = ORIENTED_EDGE ( 'NONE', *, *, #3445, .F. ) ;
#2050 = EDGE_CURVE ( 'NONE', #1012, #624, #431, .T. ) ;
#2051 = DIRECTION ( 'NONE',  ( -0.000000000000000000, -0.000000000000000000, -1.000000000000000000 ) ) ;
#2052 = CIRCLE ( 'NONE', #2610, 6.500000000000002665 ) ;
#2053 = VECTOR ( 'NONE', #4100, 1000.000000000000000 ) ;
#2054 = CIRCLE ( 'NONE', #1512, 5.000000000000000888 ) ;
#2055 = CIRCLE ( 'NONE', #2668, 5.000000000000000888 ) ;
#2056 = DIRECTION ( 'NONE',  ( 0.000000000000000000, 0.000000000000000000, -1.000000000000000000 ) ) ;
#2057 = CC_DESIGN_PERSON_AND_ORGANIZATION_ASSIGNMENT ( #2528, #270, ( #353 ) ) ;
#2058 = CARTESIAN_POINT ( 'NONE',  ( -3843.999999999977263, 85.00000000002273737, 474.9999999999998863 ) ) ;
#2059 = VERTEX_POINT ( 'NONE', #1980 ) ;
#2060 = DIRECTION ( 'NONE',  ( 0.000000000000000000, 1.000000000000000000, 0.000000000000000000 ) ) ;
#2061 = AXIS2_PLACEMENT_3D ( 'NONE', #5137, #2999, #3784 ) ;
#2062 = FACE_BOUND ( 'NONE', #4897, .T. ) ;
#2063 = ORIENTED_EDGE ( 'NONE', *, *, #4562, .T. ) ;
#2064 = CARTESIAN_POINT ( 'NONE',  ( -3899.999999999977263, 2350.000000000022737, 580.0000000000000000 ) ) ;
#2065 = ORIENTED_EDGE ( 'NONE', *, *, #3445, .T. ) ;
#2066 = DIRECTION ( 'NONE',  ( 0.000000000000000000, 0.000000000000000000, -1.000000000000000000 ) ) ;
#2067 = EDGE_CURVE ( 'NONE', #4563, #5258, #2473, .T. ) ;
#2068 = VERTEX_POINT ( 'NONE', #4011 ) ;
#2069 = AXIS2_PLACEMENT_3D ( 'NONE', #2635, #2155, #2583 ) ;
#2070 = PLANE ( 'NONE',  #1333 ) ;
#2071 = ORIENTED_EDGE ( 'NONE', *, *, #1537, .F. ) ;
#2072 = ORIENTED_EDGE ( 'NONE', *, *, #5010, .F. ) ;
#2073 = ORIENTED_EDGE ( 'NONE', *, *, #2392, .T. ) ;
#2074 = DIRECTION ( 'NONE',  ( -0.000000000000000000, 1.000000000000000000, -0.000000000000000000 ) ) ;
#2075 = EDGE_CURVE ( 'NONE', #4769, #792, #2945, .T. ) ;
#2076 = CC_DESIGN_PERSON_AND_ORGANIZATION_ASSIGNMENT ( #5358, #1485, ( #1260 ) ) ;
#2077 = CARTESIAN_POINT ( 'NONE',  ( -3353.999999999976808, 85.00000000002273737, 502.0000000000000000 ) ) ;
#2078 = EDGE_LOOP ( 'NONE', ( #2478, #2987, #3656, #1475 ) ) ;
#2079 = VECTOR ( 'NONE', #768, 1000.000000000000000 ) ;
#2080 = DIRECTION ( 'NONE',  ( 0.000000000000000000, 1.000000000000000000, 0.000000000000000000 ) ) ;
#2081 = CARTESIAN_POINT ( 'NONE',  ( -28.00000000000001066, -585.0000000000000000, 27.00000000000000355 ) ) ;
#2082 = FACE_OUTER_BOUND ( 'NONE', #1938, .T. ) ;
#2083 = EDGE_LOOP ( 'NONE', ( #1607, #193 ) ) ;
#2084 = CARTESIAN_POINT ( 'NONE',  ( -3888.243279094495847, 1225.000000000022510, 573.8990217785516279 ) ) ;
#2085 = FACE_OUTER_BOUND ( 'NONE', #197, .T. ) ;
#2086 = DIRECTION ( 'NONE',  ( -0.000000000000000000, 1.000000000000000000, -0.000000000000000000 ) ) ;
#2087 = DIRECTION ( 'NONE',  ( 0.000000000000000000, 0.000000000000000000, 1.000000000000000000 ) ) ;
#2088 = DIRECTION ( 'NONE',  ( 0.000000000000000000, 0.000000000000000000, 1.000000000000000000 ) ) ;
#2089 = DIRECTION ( 'NONE',  ( -0.000000000000000000, 1.000000000000000000, -0.000000000000000000 ) ) ;
#2090 = VECTOR ( 'NONE', #3166, 1000.000000000000000 ) ;
#2091 = VERTEX_POINT ( 'NONE', #1513 ) ;
#2092 = CIRCLE ( 'NONE', #5442, 27.00000000000011369 ) ;
#2093 = CARTESIAN_POINT ( 'NONE',  ( 1.708382284810557841E-13, -1125.000000000000000, 30.00000000000000000 ) ) ;
#2094 = AXIS2_PLACEMENT_3D ( 'NONE', #3480, #2651, #4416 ) ;
#2095 = DIRECTION ( 'NONE',  ( -1.000000000000000000, -0.000000000000000000, -1.137523590804460124E-16 ) ) ;
#2096 = CIRCLE ( 'NONE', #1401, 5.000000000000000000 ) ;
#2097 = EDGE_LOOP ( 'NONE', ( #3201, #3636, #5390, #354 ) ) ;
#2098 = DIRECTION ( 'NONE',  ( -0.000000000000000000, 1.000000000000000000, -0.000000000000000000 ) ) ;
#2099 = EDGE_CURVE ( 'NONE', #278, #4673, #4165, .T. ) ;
#2100 = CARTESIAN_POINT ( 'NONE',  ( -3894.799999999977445, 239.7500000000227089, 580.0000000000000000 ) ) ;
#2101 = CARTESIAN_POINT ( 'NONE',  ( 15.90000000000017089, -1125.000000000000000, 15.90000000000000036 ) ) ;
#2102 = ORIENTED_EDGE ( 'NONE', *, *, #5010, .T. ) ;
#2103 = CARTESIAN_POINT ( 'NONE',  ( 33.00000000000018474, -184.9999999999999432, 0.000000000000000000 ) ) ;
#2104 = AXIS2_PLACEMENT_3D ( 'NONE', #4947, #2913, #1652 ) ;
#2105 = ORIENTED_EDGE ( 'NONE', *, *, #1348, .T. ) ;
#2106 = VERTEX_POINT ( 'NONE', #3233 ) ;
#2107 = EDGE_CURVE ( 'NONE', #5445, #4024, #1282, .T. ) ;
#2108 = ADVANCED_FACE ( 'NONE', ( #1546 ), #361, .T. ) ;
#2109 = AXIS2_PLACEMENT_3D ( 'NONE', #2772, #4891, #243 ) ;
#2110 = LINE ( 'NONE', #4904, #4266 ) ;
#2111 = VECTOR ( 'NONE', #1426, 1000.000000000000000 ) ;
#2112 = EDGE_LOOP ( 'NONE', ( #1271, #4763, #3978, #3589 ) ) ;
#2113 = DIRECTION ( 'NONE',  ( 0.000000000000000000, 1.000000000000000000, 0.000000000000000000 ) ) ;
#2114 = CARTESIAN_POINT ( 'NONE',  ( 15.90000000000017089, -1123.500000000000000, 15.90000000000000036 ) ) ;
#2115 = DIRECTION ( 'NONE',  ( 0.000000000000000000, 1.000000000000000000, 0.000000000000000000 ) ) ;
#2116 = CARTESIAN_POINT ( 'NONE',  ( -28.00000000000001066, 585.0000000000001137, 27.00000000000000355 ) ) ;
#2117 = VECTOR ( 'NONE', #3817, 1000.000000000000000 ) ;
#2118 = DIRECTION ( 'NONE',  ( 0.000000000000000000, 0.000000000000000000, 1.000000000000000000 ) ) ;
#2119 = SECURITY_CLASSIFICATION_LEVEL ( 'unclassified' ) ;
#2120 = LINE ( 'NONE', #2971, #1862 ) ;
#2121 = ADVANCED_FACE ( 'NONE', ( #3608 ), #2818, .T. ) ;
#2122 = EDGE_LOOP ( 'NONE', ( #1469, #1569, #4558, #1077 ) ) ;
#2123 = EDGE_CURVE ( 'NONE', #1120, #3054, #1352, .T. ) ;
#2124 = DIRECTION ( 'NONE',  ( 0.000000000000000000, 0.000000000000000000, 1.000000000000000000 ) ) ;
#2125 = APPROVAL ( #404, 'UNKNOWN' ) ;
#2126 = ORIENTED_EDGE ( 'NONE', *, *, #2067, .F. ) ;
#2127 = EDGE_LOOP ( 'NONE', ( #2531, #1669, #4574, #1747 ) ) ;
#2128 = EDGE_LOOP ( 'NONE', ( #581, #88, #2804, #3606 ) ) ;
#2129 = DIRECTION ( 'NONE',  ( -0.000000000000000000, -0.000000000000000000, 1.000000000000000000 ) ) ;
#2130 = ORIENTED_EDGE ( 'NONE', *, *, #520, .T. ) ;
#2131 = AXIS2_PLACEMENT_3D ( 'NONE', #2173, #1784, #1699 ) ;
#2132 = SHAPE_DEFINITION_REPRESENTATION ( #900, #3925 ) ;
#2133 = CARTESIAN_POINT ( 'NONE',  ( -28.00000000000001066, -985.0000000000000000, 22.00000000000000000 ) ) ;
#2134 = DIRECTION ( 'NONE',  ( -0.000000000000000000, 1.000000000000000000, -0.000000000000000000 ) ) ;
#2135 = ADVANCED_FACE ( 'NONE', ( #3541, #110 ), #1923, .T. ) ;
#2136 = CARTESIAN_POINT ( 'NONE',  ( 15.00000000000016875, -984.9999999999998863, 15.00000000000000000 ) ) ;
#2137 = CARTESIAN_POINT ( 'NONE',  ( -3869.999999999977263, 610.2500000000227374, 596.7999999999999545 ) ) ;
#2138 = ORIENTED_EDGE ( 'NONE', *, *, #4992, .F. ) ;
#2139 = ORIENTED_EDGE ( 'NONE', *, *, #2720, .T. ) ;
#2140 = CARTESIAN_POINT ( 'NONE',  ( 33.00000000000017764, 185.0000000000001990, -27.99999999999998934 ) ) ;
#2141 = AXIS2_PLACEMENT_3D ( 'NONE', #1034, #4341, #3136 ) ;
#2142 = COORDINATED_UNIVERSAL_TIME_OFFSET ( 8, 0, .AHEAD. ) ;
#2143 = LINE ( 'NONE', #4951, #2811 ) ;
#2144 = CARTESIAN_POINT ( 'NONE',  ( -3884.099999999977626, 610.2500000000227374, 601.0500000000001819 ) ) ;
#2145 = FACE_OUTER_BOUND ( 'NONE', #3522, .T. ) ;
#2146 = VERTEX_POINT ( 'NONE', #737 ) ;
#2147 = ORIENTED_EDGE ( 'NONE', *, *, #3774, .F. ) ;
#2148 = LINE ( 'NONE', #222, #5173 ) ;
#2149 = CARTESIAN_POINT ( 'NONE',  ( -3877.999999999977263, 1039.750000000022510, 596.7999999999999545 ) ) ;
#2150 = EDGE_LOOP ( 'NONE', ( #405, #4725, #4901, #3945 ) ) ;
#2151 = EDGE_CURVE ( 'NONE', #2000, #1779, #3403, .T. ) ;
#2152 = ADVANCED_FACE ( 'NONE', ( #4567 ), #723, .T. ) ;
#2153 = DIRECTION ( 'NONE',  ( -1.000000000000000000, 0.000000000000000000, -0.000000000000000000 ) ) ;
#2154 = VECTOR ( 'NONE', #2239, 1000.000000000000000 ) ;
#2155 = DIRECTION ( 'NONE',  ( -0.000000000000000000, 1.000000000000000000, -0.000000000000000000 ) ) ;
#2156 = CARTESIAN_POINT ( 'NONE',  ( 0.000000000000000000, 0.000000000000000000, 1000.000000000000000 ) ) ;
#2157 = ORIENTED_EDGE ( 'NONE', *, *, #3707, .F. ) ;
#2158 = DIRECTION ( 'NONE',  ( -1.000000000000000000, -0.000000000000000000, -1.137523590804460124E-16 ) ) ;
#2159 = DIRECTION ( 'NONE',  ( 0.000000000000000000, -0.000000000000000000, 1.000000000000000000 ) ) ;
#2160 = FACE_OUTER_BOUND ( 'NONE', #1325, .T. ) ;
#2161 = VECTOR ( 'NONE', #4252, 1000.000000000000000 ) ;
#2162 = ORIENTED_EDGE ( 'NONE', *, *, #2951, .F. ) ;
#2163 = DIRECTION ( 'NONE',  ( -0.000000000000000000, 1.000000000000000000, -0.000000000000000000 ) ) ;
#2164 = VECTOR ( 'NONE', #1125, 1000.000000000000000 ) ;
#2165 = CARTESIAN_POINT ( 'NONE',  ( 0.000000000000000000, 215.0000000000001990, 0.000000000000000000 ) ) ;
#2166 = LOCAL_TIME ( 9, 50, 6.000000000000000000, #1968 ) ;
#2167 = DIRECTION ( 'NONE',  ( -0.000000000000000000, 1.000000000000000000, -0.000000000000000000 ) ) ;
#2168 = ADVANCED_FACE ( 'NONE', ( #3073 ), #5320, .T. ) ;
#2169 = EDGE_CURVE ( 'NONE', #3595, #706, #3270, .T. ) ;
#2170 = ORIENTED_EDGE ( 'NONE', *, *, #2334, .F. ) ;
#2171 = APPROVAL_DATE_TIME ( #1306, #1952 ) ;
#2172 = AXIS2_PLACEMENT_3D ( 'NONE', #4967, #4578, #1186 ) ;
#2173 = CARTESIAN_POINT ( 'NONE',  ( -3884.099999999977626, 1810.250000000022737, 596.0000000000000000 ) ) ;
#2174 = VECTOR ( 'NONE', #849, 1000.000000000000000 ) ;
#2175 = ORIENTED_EDGE ( 'NONE', *, *, #675, .F. ) ;
#2176 = CARTESIAN_POINT ( 'NONE',  ( -3884.099999999977626, 610.2500000000227374, 596.0000000000000000 ) ) ;
#2177 = VECTOR ( 'NONE', #5249, 1000.000000000000000 ) ;
#2178 = EDGE_CURVE ( 'NONE', #4133, #1012, #5434, .T. ) ;
#2179 = CARTESIAN_POINT ( 'NONE',  ( 15.00000000000016875, 985.0000000000001137, 15.00000000000000000 ) ) ;
#2180 = VECTOR ( 'NONE', #2267, 1000.000000000000000 ) ;
#2181 = ORIENTED_EDGE ( 'NONE', *, *, #4007, .T. ) ;
#2182 = AXIS2_PLACEMENT_3D ( 'NONE', #4552, #2466, #3303 ) ;
#2183 = ORIENTED_EDGE ( 'NONE', *, *, #2242, .F. ) ;
#2184 =( NAMED_UNIT ( * ) PLANE_ANGLE_UNIT ( ) SI_UNIT ( $, .RADIAN. ) );
#2185 = DATE_TIME_ROLE ( 'classification_date' ) ;
#2186 = CIRCLE ( 'NONE', #1190, 5.050000000000220979 ) ;
#2187 = DIRECTION ( 'NONE',  ( 0.000000000000000000, 0.000000000000000000, -1.000000000000000000 ) ) ;
#2188 = EDGE_CURVE ( 'NONE', #3993, #3915, #296, .T. ) ;
#2189 = AXIS2_PLACEMENT_3D ( 'NONE', #2863, #2881, #4998 ) ;
#2190 = VECTOR ( 'NONE', #3100, 1000.000000000000000 ) ;
#2191 = ORIENTED_EDGE ( 'NONE', *, *, #1798, .T. ) ;
#2192 = CARTESIAN_POINT ( 'NONE',  ( -3884.099999999977626, 2210.250000000022283, 596.0000000000000000 ) ) ;
#2193 = CARTESIAN_POINT ( 'NONE',  ( -28.00000000000001066, -1014.999999999999886, 27.00000000000000355 ) ) ;
#2194 = DIRECTION ( 'NONE',  ( 0.000000000000000000, 1.000000000000000000, 0.000000000000000000 ) ) ;
#2195 = EDGE_LOOP ( 'NONE', ( #4989, #4869, #2065, #2865 ) ) ;
#2196 = ADVANCED_FACE ( 'NONE', ( #1424 ), #1579, .T. ) ;
#2197 = DIRECTION ( 'NONE',  ( 0.000000000000000000, 0.000000000000000000, 1.000000000000000000 ) ) ;
#2198 = DIRECTION ( 'NONE',  ( 0.000000000000000000, 0.000000000000000000, 1.000000000000000000 ) ) ;
#2199 = ORIENTED_EDGE ( 'NONE', *, *, #1442, .T. ) ;
#2200 = ORIENTED_EDGE ( 'NONE', *, *, #4086, .T. ) ;
#2201 = VERTEX_POINT ( 'NONE', #4507 ) ;
#2202 = DIRECTION ( 'NONE',  ( 1.000000000000000000, 0.000000000000000000, -0.000000000000000000 ) ) ;
#2203 = AXIS2_PLACEMENT_3D ( 'NONE', #3598, #4389, #2310 ) ;
#2204 = VERTEX_POINT ( 'NONE', #2034 ) ;
#2205 = ORIENTED_EDGE ( 'NONE', *, *, #5191, .T. ) ;
#2206 = EDGE_CURVE ( 'NONE', #3172, #3595, #3475, .T. ) ;
#2207 = PLANE ( 'NONE',  #2645 ) ;
#2208 = VERTEX_POINT ( 'NONE', #788 ) ;
#2209 = MANIFOLD_SOLID_BREP ( '倒角1', #3645 ) ;
#2210 = DIRECTION ( 'NONE',  ( 0.000000000000000000, 0.000000000000000000, -1.000000000000000000 ) ) ;
#2211 = VECTOR ( 'NONE', #4530, 1000.000000000000000 ) ;
#2212 = VECTOR ( 'NONE', #2993, 1000.000000000000000 ) ;
#2213 = ORIENTED_EDGE ( 'NONE', *, *, #1298, .T. ) ;
#2214 = CARTESIAN_POINT ( 'NONE',  ( -3894.799999999977445, 1439.750000000022737, 580.0000000000000000 ) ) ;
#2215 = FACE_OUTER_BOUND ( 'NONE', #2596, .T. ) ;
#2216 = EDGE_CURVE ( 'NONE', #3251, #745, #2352, .T. ) ;
#2217 = AXIS2_PLACEMENT_3D ( 'NONE', #4791, #618, #168 ) ;
#2218 = CARTESIAN_POINT ( 'NONE',  ( 598.0000000000002274, -1125.000000000000000, 0.000000000000000000 ) ) ;
#2219 = CARTESIAN_POINT ( 'NONE',  ( 598.0000000000002274, 1125.000000000000000, 0.000000000000000000 ) ) ;
#2220 = CIRCLE ( 'NONE', #4280, 5.000000000000000888 ) ;
#2221 = DIRECTION ( 'NONE',  ( 0.000000000000000000, 1.000000000000000000, 0.000000000000000000 ) ) ;
#2222 = CIRCLE ( 'NONE', #4677, 5.000000000000000000 ) ;
#2223 = ORIENTED_EDGE ( 'NONE', *, *, #5247, .F. ) ;
#2224 = ADVANCED_FACE ( 'NONE', ( #2215 ), #507, .F. ) ;
#2225 = LINE ( 'NONE', #1327, #2154 ) ;
#2226 = CARTESIAN_POINT ( 'NONE',  ( -3353.999999999976808, 15.00000000002273204, 529.0000000000001137 ) ) ;
#2227 = EDGE_CURVE ( 'NONE', #5258, #3517, #4447, .T. ) ;
#2228 = CARTESIAN_POINT ( 'NONE',  ( -3886.799999999977445, 2239.750000000022737, 604.7999999999999545 ) ) ;
#2229 = ORIENTED_EDGE ( 'NONE', *, *, #5100, .F. ) ;
#2230 = LINE ( 'NONE', #4094, #4058 ) ;
#2231 = CARTESIAN_POINT ( 'NONE',  ( 1.708382284810557841E-13, -185.0000000000000568, 15.00000000000000000 ) ) ;
#2232 = CARTESIAN_POINT ( 'NONE',  ( -28.00000000000001066, -214.9999999999999432, 22.00000000000000000 ) ) ;
#2233 = DIRECTION ( 'NONE',  ( 0.000000000000000000, -1.000000000000000000, 0.000000000000000000 ) ) ;
#2234 = ORIENTED_EDGE ( 'NONE', *, *, #4534, .T. ) ;
#2235 = EDGE_CURVE ( 'NONE', #3796, #1853, #3917, .T. ) ;
#2236 =( NAMED_UNIT ( * ) SI_UNIT ( $, .STERADIAN. ) SOLID_ANGLE_UNIT ( ) );
#2237 = ADVANCED_FACE ( 'NONE', ( #34 ), #4635, .T. ) ;
#2238 = APPROVAL ( #4629, '未指定' ) ;
#2239 = DIRECTION ( 'NONE',  ( 1.261617073437677999E-16, 0.000000000000000000, 1.000000000000000000 ) ) ;
#2240 = EDGE_LOOP ( 'NONE', ( #3526, #4009, #3139, #2538 ) ) ;
#2241 = LINE ( 'NONE', #673, #203 ) ;
#2242 = EDGE_CURVE ( 'NONE', #777, #2447, #587, .T. ) ;
#2243 = EDGE_LOOP ( 'NONE', ( #3653, #2966, #2842, #1350 ) ) ;
#2244 = VECTOR ( 'NONE', #1550, 1000.000000000000000 ) ;
#2245 = ORIENTED_EDGE ( 'NONE', *, *, #5315, .T. ) ;
#2246 = AXIS2_PLACEMENT_3D ( 'NONE', #4519, #2445, #3266 ) ;
#2247 = DIRECTION ( 'NONE',  ( 0.000000000000000000, 1.000000000000000000, -0.000000000000000000 ) ) ;
#2248 = ORIENTED_EDGE ( 'NONE', *, *, #2925, .F. ) ;
#2249 = CARTESIAN_POINT ( 'NONE',  ( 15.90000000000017089, -615.0000000000000000, 15.90000000000000036 ) ) ;
#2250 = VECTOR ( 'NONE', #33, 1000.000000000000000 ) ;
#2251 = ADVANCED_FACE ( 'NONE', ( #4905 ), #3776, .T. ) ;
#2252 = CARTESIAN_POINT ( 'NONE',  ( -3886.799999999977445, 610.2500000000227374, 604.7999999999999545 ) ) ;
#2253 = DIRECTION ( 'NONE',  ( 0.000000000000000000, 0.000000000000000000, 1.000000000000000000 ) ) ;
#2254 = AXIS2_PLACEMENT_3D ( 'NONE', #185, #644, #1002 ) ;
#2255 = CARTESIAN_POINT ( 'NONE',  ( -3884.099999999977626, 1839.750000000022965, 596.0000000000000000 ) ) ;
#2256 = VECTOR ( 'NONE', #3296, 1000.000000000000000 ) ;
#2257 = DIRECTION ( 'NONE',  ( 0.000000000000000000, 0.000000000000000000, -1.000000000000000000 ) ) ;
#2258 = DIRECTION ( 'NONE',  ( 0.000000000000000000, 0.000000000000000000, 1.000000000000000000 ) ) ;
#2259 = DIRECTION ( 'NONE',  ( 0.000000000000000000, -0.000000000000000000, 1.000000000000000000 ) ) ;
#2260 = VERTEX_POINT ( 'NONE', #4536 ) ;
#2261 = EDGE_CURVE ( 'NONE', #1208, #579, #3658, .T. ) ;
#2262 = CC_DESIGN_PERSON_AND_ORGANIZATION_ASSIGNMENT ( #2870, #3711, ( #3112 ) ) ;
#2263 = LINE ( 'NONE', #4346, #2446 ) ;
#2264 = EDGE_LOOP ( 'NONE', ( #3646, #1811 ) ) ;
#2265 = CARTESIAN_POINT ( 'NONE',  ( -3884.099999999977626, 1010.250000000022510, 590.9499999999997044 ) ) ;
#2266 = ORIENTED_EDGE ( 'NONE', *, *, #5413, .T. ) ;
#2267 = DIRECTION ( 'NONE',  ( 0.000000000000000000, 1.000000000000000000, -0.000000000000000000 ) ) ;
#2268 = ORIENTED_EDGE ( 'NONE', *, *, #2283, .F. ) ;
#2269 = SHAPE_REPRESENTATION ( '高柜01定位销_高柜01定位销', ( #1610 ), #4719 ) ;
#2270 = CARTESIAN_POINT ( 'NONE',  ( 1.708382284810557841E-13, -1125.000000000000000, 30.00000000000000000 ) ) ;
#2271 = DIRECTION ( 'NONE',  ( 0.000000000000000000, -0.000000000000000000, 1.000000000000000000 ) ) ;
#2272 = ORIENTED_EDGE ( 'NONE', *, *, #898, .F. ) ;
#2273 = ORIENTED_EDGE ( 'NONE', *, *, #4018, .F. ) ;
#2274 = LOCAL_TIME ( 9, 50, 6.000000000000000000, #3394 ) ;
#2275 = CARTESIAN_POINT ( 'NONE',  ( 15.90000000000017089, 1123.500000000000000, 15.90000000000000036 ) ) ;
#2276 = EDGE_LOOP ( 'NONE', ( #3583, #3523, #3586, #1931, #2856 ) ) ;
#2277 = ORIENTED_EDGE ( 'NONE', *, *, #2960, .F. ) ;
#2278 = AXIS2_PLACEMENT_3D ( 'NONE', #4911, #329, #1179 ) ;
#2279 = ADVANCED_FACE ( 'NONE', ( #2284, #1221 ), #1210, .T. ) ;
#2280 = CIRCLE ( 'NONE', #4343, 6.500000000000002665 ) ;
#2281 = DIRECTION ( 'NONE',  ( 0.000000000000000000, 0.000000000000000000, -1.000000000000000000 ) ) ;
#2282 = ORIENTED_EDGE ( 'NONE', *, *, #2832, .F. ) ;
#2283 = EDGE_CURVE ( 'NONE', #536, #5258, #4373, .T. ) ;
#2284 = FACE_BOUND ( 'NONE', #959, .T. ) ;
#2285 = DIRECTION ( 'NONE',  ( 1.000000000000000000, -0.000000000000000000, -0.000000000000000000 ) ) ;
#2286 = AXIS2_PLACEMENT_3D ( 'NONE', #4278, #5116, #4295 ) ;
#2287 = CIRCLE ( 'NONE', #4820, 27.00000000000013500 ) ;
#2288 = DIRECTION ( 'NONE',  ( -0.000000000000000000, 1.000000000000000000, -0.000000000000000000 ) ) ;
#2289 = VERTEX_POINT ( 'NONE', #3333 ) ;
#2290 = CARTESIAN_POINT ( 'NONE',  ( -3843.999999999977263, 85.00000000002273737, 82.00000000000001421 ) ) ;
#2291 = DIRECTION ( 'NONE',  ( 0.000000000000000000, 1.000000000000000000, 0.000000000000000000 ) ) ;
#2292 = LINE ( 'NONE', #4735, #3782 ) ;
#2293 = APPLICATION_PROTOCOL_DEFINITION ( 'international standard', 'config_control_design', 1994, #3549 ) ;
#2294 = FACE_OUTER_BOUND ( 'NONE', #858, .T. ) ;
#2295 = VERTEX_POINT ( 'NONE', #4961 ) ;
#2296 = EDGE_CURVE ( 'NONE', #2146, #3452, #969, .T. ) ;
#2297 = AXIS2_PLACEMENT_3D ( 'NONE', #2136, #3413, #4670 ) ;
#2298 = FACE_BOUND ( 'NONE', #3392, .T. ) ;
#2299 = CARTESIAN_POINT ( 'NONE',  ( 0.000000000000000000, 0.000000000000000000, -1.500000000000000000 ) ) ;
#2300 = ORGANIZATION ( 'NAUO-ORG4', 'UNSPECIFIED', 'UNSPECIFIED' ) ;
#2301 = CARTESIAN_POINT ( 'NONE',  ( -3353.999999999976808, 15.00000000002273204, 82.00000000000001421 ) ) ;
#2302 = LINE ( 'NONE', #574, #4653 ) ;
#2303 = ORIENTED_EDGE ( 'NONE', *, *, #1189, .T. ) ;
#2304 = CIRCLE ( 'NONE', #3891, 8.000000000000007105 ) ;
#2305 = DIRECTION ( 'NONE',  ( 0.000000000000000000, 1.000000000000000000, 0.000000000000000000 ) ) ;
#2306 = ORIENTED_EDGE ( 'NONE', *, *, #4506, .F. ) ;
#2307 = DIRECTION ( 'NONE',  ( 0.000000000000000000, 0.000000000000000000, 1.000000000000000000 ) ) ;
#2308 = ADVANCED_FACE ( 'NONE', ( #4304, #4782 ), #1707, .F. ) ;
#2309 = PLANE ( 'NONE',  #1933 ) ;
#2310 = DIRECTION ( 'NONE',  ( 0.000000000000000000, 0.000000000000000000, -1.000000000000000000 ) ) ;
#2311 = EDGE_CURVE ( 'NONE', #3893, #3398, #4851, .T. ) ;
#2312 = ORIENTED_EDGE ( 'NONE', *, *, #3109, .F. ) ;
#2313 = DIRECTION ( 'NONE',  ( -1.973729821555833987E-16, 1.000000000000000000, 0.000000000000000000 ) ) ;
#2314 = APPROVAL_DATE_TIME ( #2496, #2733 ) ;
#2315 = AXIS2_PLACEMENT_3D ( 'NONE', #5350, #4533, #2029 ) ;
#2316 = VECTOR ( 'NONE', #612, 1000.000000000000000 ) ;
#2317 = CARTESIAN_POINT ( 'NONE',  ( -3884.099999999977626, 1039.750000000022510, 596.0000000000000000 ) ) ;
#2318 = EDGE_LOOP ( 'NONE', ( #1670, #3979, #3810, #1314 ) ) ;
#2319 = EDGE_CURVE ( 'NONE', #3221, #2978, #174, .T. ) ;
#2320 = FACE_BOUND ( 'NONE', #1064, .T. ) ;
#2321 = AXIS2_PLACEMENT_3D ( 'NONE', #1477, #604, #1835 ) ;
#2322 = CARTESIAN_POINT ( 'NONE',  ( 33.00000000000017764, 215.0000000000001990, -27.99999999999998934 ) ) ;
#2323 = CARTESIAN_POINT ( 'NONE',  ( -3884.099999999977626, 2210.250000000022283, 590.9499999999997044 ) ) ;
#2324 = VECTOR ( 'NONE', #892, 1000.000000000000000 ) ;
#2325 = DIRECTION ( 'NONE',  ( 1.973729821555833740E-16, -1.000000000000000000, 0.000000000000000000 ) ) ;
#2326 = DIRECTION ( 'NONE',  ( 0.000000000000000000, -1.000000000000000000, 0.000000000000000000 ) ) ;
#2327 = ORIENTED_EDGE ( 'NONE', *, *, #4432, .T. ) ;
#2328 = EDGE_CURVE ( 'NONE', #5338, #1472, #4713, .T. ) ;
#2329 = AXIS2_PLACEMENT_3D ( 'NONE', #2492, #3719, #5396 ) ;
#2330 = ORIENTED_EDGE ( 'NONE', *, *, #4768, .F. ) ;
#2331 = DIRECTION ( 'NONE',  ( 0.000000000000000000, 0.000000000000000000, -1.000000000000000000 ) ) ;
#2332 = ORIENTED_EDGE ( 'NONE', *, *, #327, .T. ) ;
#2333 = CARTESIAN_POINT ( 'NONE',  ( 1.700029006457270953E-13, 185.0000000000001705, 15.00000000000000000 ) ) ;
#2334 = EDGE_CURVE ( 'NONE', #4836, #882, #2444, .T. ) ;
#2335 = ADVANCED_FACE ( 'NONE', ( #1590, #4423 ), #2986, .F. ) ;
#2336 = ORIENTED_EDGE ( 'NONE', *, *, #802, .F. ) ;
#2337 = EDGE_LOOP ( 'NONE', ( #5080, #4297, #3560, #5371 ) ) ;
#2338 = CARTESIAN_POINT ( 'NONE',  ( -3353.999999999976808, 2.273181642920008017E-11, 82.00000000000001421 ) ) ;
#2339 = EDGE_LOOP ( 'NONE', ( #3638, #3230 ) ) ;
#2340 = ORIENTED_EDGE ( 'NONE', *, *, #687, .F. ) ;
#2341 = CC_DESIGN_PERSON_AND_ORGANIZATION_ASSIGNMENT ( #1379, #366, ( #3551 ) ) ;
#2342 = DIRECTION ( 'NONE',  ( 0.000000000000000000, 0.000000000000000000, 1.000000000000000000 ) ) ;
#2343 = APPROVAL_PERSON_ORGANIZATION ( #4703, #3474, #1035 ) ;
#2344 = EDGE_LOOP ( 'NONE', ( #2728, #1602, #4862, #4617 ) ) ;
#2345 = CARTESIAN_POINT ( 'NONE',  ( -3877.999999999977263, 1039.750000000022510, 596.7999999999999545 ) ) ;
#2346 = VERTEX_POINT ( 'NONE', #2490 ) ;
#2347 = DIRECTION ( 'NONE',  ( 0.000000000000000000, 1.000000000000000000, -0.000000000000000000 ) ) ;
#2348 = CARTESIAN_POINT ( 'NONE',  ( 598.0000000000002274, 1125.000000000000000, 30.00000000000000000 ) ) ;
#2349 = CARTESIAN_POINT ( 'NONE',  ( 15.90000000000017089, -1125.000000000000000, 20.90000000000000213 ) ) ;
#2350 = AXIS2_PLACEMENT_3D ( 'NONE', #580, #558, #5301 ) ;
#2351 = VERTEX_POINT ( 'NONE', #1685 ) ;
#2352 = LINE ( 'NONE', #4944, #2754 ) ;
#2353 = CARTESIAN_POINT ( 'NONE',  ( -3877.999999999977263, 610.2500000000227374, 596.7999999999999545 ) ) ;
#2354 = CARTESIAN_POINT ( 'NONE',  ( -3869.999999999977263, 610.2500000000227374, 580.0000000000000000 ) ) ;
#2355 = EDGE_CURVE ( 'NONE', #2346, #3837, #545, .T. ) ;
#2356 = ORIENTED_EDGE ( 'NONE', *, *, #1648, .T. ) ;
#2357 = CARTESIAN_POINT ( 'NONE',  ( 1.708382284810557841E-13, 1125.000000000000000, 27.00000000000000711 ) ) ;
#2358 = CIRCLE ( 'NONE', #562, 20.00000000000018474 ) ;
#2359 = AXIS2_PLACEMENT_3D ( 'NONE', #3698, #1538, #2393 ) ;
#2360 = LINE ( 'NONE', #4308, #1828 ) ;
#2361 = CIRCLE ( 'NONE', #4592, 8.000000000000007105 ) ;
#2362 = DIRECTION ( 'NONE',  ( 0.000000000000000000, 0.000000000000000000, 1.000000000000000000 ) ) ;
#2363 = ORIENTED_EDGE ( 'NONE', *, *, #4372, .F. ) ;
#2364 = CIRCLE ( 'NONE', #3015, 8.000000000000007105 ) ;
#2365 = EDGE_CURVE ( 'NONE', #1638, #5310, #4461, .T. ) ;
#2366 = CC_DESIGN_PERSON_AND_ORGANIZATION_ASSIGNMENT ( #2807, #5240, ( #854 ) ) ;
#2367 = ORIENTED_EDGE ( 'NONE', *, *, #1123, .T. ) ;
#2368 = DIRECTION ( 'NONE',  ( 0.000000000000000000, 0.000000000000000000, -1.000000000000000000 ) ) ;
#2369 = DIRECTION ( 'NONE',  ( 0.000000000000000000, 1.000000000000000000, -0.000000000000000000 ) ) ;
#2370 = PERSON_AND_ORGANIZATION ( #413, #3566 ) ;
#2371 = CIRCLE ( 'NONE', #2429, 8.000000000000007105 ) ;
#2372 = ORIENTED_EDGE ( 'NONE', *, *, #873, .T. ) ;
#2373 = DIRECTION ( 'NONE',  ( 0.000000000000000000, 1.000000000000000000, -0.000000000000000000 ) ) ;
#2374 = FACE_OUTER_BOUND ( 'NONE', #2097, .T. ) ;
#2375 = CARTESIAN_POINT ( 'NONE',  ( -28.00000000000001066, 615.0000000000001137, 27.00000000000000355 ) ) ;
#2376 = EDGE_LOOP ( 'NONE', ( #2991, #739, #2933, #1576 ) ) ;
#2377 = CIRCLE ( 'NONE', #2919, 6.500000000000000888 ) ;
#2378 = ORIENTED_EDGE ( 'NONE', *, *, #5213, .F. ) ;
#2379 = AXIS2_PLACEMENT_3D ( 'NONE', #552, #4730, #4309 ) ;
#2380 = VECTOR ( 'NONE', #1484, 1000.000000000000000 ) ;
#2381 = VECTOR ( 'NONE', #2515, 1000.000000000000000 ) ;
#2382 = EDGE_CURVE ( 'NONE', #4440, #2579, #2304, .T. ) ;
#2383 = FACE_OUTER_BOUND ( 'NONE', #1913, .T. ) ;
#2384 = VECTOR ( 'NONE', #559, 1000.000000000000000 ) ;
#2385 = DIRECTION ( 'NONE',  ( 0.000000000000000000, 0.000000000000000000, 1.000000000000000000 ) ) ;
#2386 = CARTESIAN_POINT ( 'NONE',  ( -3353.999999999976808, 2.273181642920008017E-11, 529.0000000000001137 ) ) ;
#2387 = EDGE_LOOP ( 'NONE', ( #3905, #4932 ) ) ;
#2388 = APPLICATION_CONTEXT ( 'configuration controlled 3d designs of mechanical parts and assemblies' ) ;
#2389 = ORIENTED_EDGE ( 'NONE', *, *, #1473, .F. ) ;
#2390 = DIRECTION ( 'NONE',  ( -0.000000000000000000, -1.000000000000000000, -0.000000000000000000 ) ) ;
#2391 = VERTEX_POINT ( 'NONE', #3353 ) ;
#2392 = EDGE_CURVE ( 'NONE', #3067, #5184, #5111, .T. ) ;
#2393 = DIRECTION ( 'NONE',  ( 0.000000000000000000, 0.000000000000000000, 1.000000000000000000 ) ) ;
#2394 = AXIS2_PLACEMENT_3D ( 'NONE', #1085, #4056, #262 ) ;
#2395 = VECTOR ( 'NONE', #4217, 1000.000000000000000 ) ;
#2396 = EDGE_LOOP ( 'NONE', ( #4806, #2851, #3369, #3215 ) ) ;
#2397 = ORIENTED_EDGE ( 'NONE', *, *, #3283, .F. ) ;
#2398 = CARTESIAN_POINT ( 'NONE',  ( 4.000000000000003553, 4.898587196589417759E-16, 1000.000000000000000 ) ) ;
#2399 = ORIENTED_EDGE ( 'NONE', *, *, #3801, .F. ) ;
#2400 = DIRECTION ( 'NONE',  ( -0.000000000000000000, -0.000000000000000000, 1.000000000000000000 ) ) ;
#2401 = APPROVAL_PERSON_ORGANIZATION ( #1667, #4580, #2676 ) ;
#2402 = ORIENTED_EDGE ( 'NONE', *, *, #1765, .F. ) ;
#2403 = ORIENTED_EDGE ( 'NONE', *, *, #2261, .T. ) ;
#2404 = CARTESIAN_POINT ( 'NONE',  ( -3869.999999999977263, 2210.250000000022283, 580.0000000000000000 ) ) ;
#2405 = DIRECTION ( 'NONE',  ( 0.000000000000000000, 0.000000000000000000, -1.000000000000000000 ) ) ;
#2406 = EDGE_CURVE ( 'NONE', #702, #2201, #217, .T. ) ;
#2407 = ORIENTED_EDGE ( 'NONE', *, *, #4743, .T. ) ;
#2408 = ADVANCED_FACE ( 'NONE', ( #2411, #5065 ), #4590, .F. ) ;
#2409 = CC_DESIGN_APPROVAL ( #2125, ( #380 ) ) ;
#2410 = CARTESIAN_POINT ( 'NONE',  ( -3894.799999999977445, 1410.250000000022737, 580.0000000000000000 ) ) ;
#2411 = FACE_BOUND ( 'NONE', #1478, .T. ) ;
#2412 = VECTOR ( 'NONE', #2868, 1000.000000000000000 ) ;
#2413 = LINE ( 'NONE', #3059, #1956 ) ;
#2414 = VERTEX_POINT ( 'NONE', #5030 ) ;
#2415 = EDGE_CURVE ( 'NONE', #4197, #1727, #266, .T. ) ;
#2416 = FACE_OUTER_BOUND ( 'NONE', #1746, .T. ) ;
#2417 = DIRECTION ( 'NONE',  ( -1.000000000000000000, -0.000000000000000000, -1.137523590804460124E-16 ) ) ;
#2418 = DIRECTION ( 'NONE',  ( 1.000000000000000000, 0.000000000000000000, 0.000000000000000000 ) ) ;
#2419 = AXIS2_PLACEMENT_3D ( 'NONE', #4987, #3803, #4223 ) ;
#2420 = CYLINDRICAL_SURFACE ( 'NONE', #5316, 5.000000000000000888 ) ;
#2421 = VECTOR ( 'NONE', #1381, 1000.000000000000000 ) ;
#2422 = ORIENTED_EDGE ( 'NONE', *, *, #5005, .T. ) ;
#2423 = LINE ( 'NONE', #4381, #2555 ) ;
#2424 = CARTESIAN_POINT ( 'NONE',  ( -3884.099999999977626, 239.7500000000227089, 590.9499999999997044 ) ) ;
#2425 = DIRECTION ( 'NONE',  ( 0.000000000000000000, 1.000000000000000000, 0.000000000000000000 ) ) ;
#2426 = CARTESIAN_POINT ( 'NONE',  ( 15.00000000000016875, 1125.000000000000000, 15.00000000000000000 ) ) ;
#2427 = VECTOR ( 'NONE', #3348, 1000.000000000000000 ) ;
#2428 = VERTEX_POINT ( 'NONE', #3777 ) ;
#2429 = AXIS2_PLACEMENT_3D ( 'NONE', #4761, #2247, #2675 ) ;
#2430 = CALENDAR_DATE ( 2026, 27, 5 ) ;
#2431 = ORIENTED_EDGE ( 'NONE', *, *, #2724, .F. ) ;
#2432 = EDGE_CURVE ( 'NONE', #3158, #1653, #1899, .T. ) ;
#2433 = DIRECTION ( 'NONE',  ( 0.000000000000000000, -0.000000000000000000, 1.000000000000000000 ) ) ;
#2434 = CARTESIAN_POINT ( 'NONE',  ( 15.90000000000017089, -615.0000000000000000, 20.90000000000000213 ) ) ;
#2435 = ORIENTED_EDGE ( 'NONE', *, *, #3813, .F. ) ;
#2436 = PERSON_AND_ORGANIZATION_ROLE ( 'classification_officer' ) ;
#2437 = FACE_OUTER_BOUND ( 'NONE', #3206, .T. ) ;
#2438 = ORIENTED_EDGE ( 'NONE', *, *, #3988, .F. ) ;
#2439 = DIRECTION ( 'NONE',  ( -0.000000000000000000, 1.000000000000000000, -0.000000000000000000 ) ) ;
#2440 = PRODUCT_RELATED_PRODUCT_CATEGORY ( 'detail', '', ( #854 ) ) ;
#2441 = CARTESIAN_POINT ( 'NONE',  ( 1.708382284810557841E-13, -185.0000000000000568, 30.00000000000000000 ) ) ;
#2442 = VECTOR ( 'NONE', #2163, 1000.000000000000000 ) ;
#2443 = AXIS2_PLACEMENT_3D ( 'NONE', #3587, #2741, #3974 ) ;
#2444 = CIRCLE ( 'NONE', #4457, 27.00000000000011369 ) ;
#2445 = DIRECTION ( 'NONE',  ( 0.000000000000000000, -1.000000000000000000, 0.000000000000000000 ) ) ;
#2446 = VECTOR ( 'NONE', #787, 1000.000000000000000 ) ;
#2447 = VERTEX_POINT ( 'NONE', #945 ) ;
#2448 = DIRECTION ( 'NONE',  ( 0.000000000000000000, 1.000000000000000000, 0.000000000000000000 ) ) ;
#2449 = CARTESIAN_POINT ( 'NONE',  ( -3884.099999999977626, 639.7500000000227374, 596.0000000000000000 ) ) ;
#2450 = EDGE_CURVE ( 'NONE', #777, #763, #4013, .T. ) ;
#2451 = ORIENTED_EDGE ( 'NONE', *, *, #3163, .T. ) ;
#2452 = ORIENTED_EDGE ( 'NONE', *, *, #3914, .T. ) ;
#2453 = AXIS2_PLACEMENT_3D ( 'NONE', #2156, #3397, #2561 ) ;
#2454 = CARTESIAN_POINT ( 'NONE',  ( -3886.799999999977445, 1039.750000000022510, 596.7999999999999545 ) ) ;
#2455 = DIRECTION ( 'NONE',  ( 0.000000000000000000, 1.000000000000000000, 0.000000000000000000 ) ) ;
#2456 = CARTESIAN_POINT ( 'NONE',  ( -3884.099999999977626, 2210.250000000022283, 590.9499999999997044 ) ) ;
#2457 = EDGE_LOOP ( 'NONE', ( #529, #2312, #5006, #3897, #3421, #3684 ) ) ;
#2458 = VERTEX_POINT ( 'NONE', #2100 ) ;
#2459 = EDGE_CURVE ( 'NONE', #1208, #3469, #2692, .T. ) ;
#2460 = DIRECTION ( 'NONE',  ( -0.000000000000000000, -1.000000000000000000, -0.000000000000000000 ) ) ;
#2461 = AXIS2_PLACEMENT_3D ( 'NONE', #3077, #4523, #2313 ) ;
#2462 = CIRCLE ( 'NONE', #4864, 5.000000000000000888 ) ;
#2463 = ORIENTED_EDGE ( 'NONE', *, *, #2482, .T. ) ;
#2464 = DIRECTION ( 'NONE',  ( 0.000000000000000000, -0.000000000000000000, -1.000000000000000000 ) ) ;
#2465 = ORIENTED_EDGE ( 'NONE', *, *, #1598, .F. ) ;
#2466 = DIRECTION ( 'NONE',  ( -0.000000000000000000, 1.000000000000000000, -0.000000000000000000 ) ) ;
#2467 = CARTESIAN_POINT ( 'NONE',  ( -3894.799999999977445, 210.2500000000227374, 580.0000000000000000 ) ) ;
#2468 = ORIENTED_EDGE ( 'NONE', *, *, #3389, .T. ) ;
#2469 = APPROVAL_STATUS ( 'not_yet_approved' ) ;
#2470 = VECTOR ( 'NONE', #4644, 1000.000000000000000 ) ;
#2471 = ORIENTED_EDGE ( 'NONE', *, *, #4273, .T. ) ;
#2472 = PLANE ( 'NONE',  #4465 ) ;
#2473 = LINE ( 'NONE', #4847, #716 ) ;
#2474 = PRODUCT_DEFINITION_SHAPE ( 'NONE', 'NONE',  #5467 ) ;
#2475 = CIRCLE ( 'NONE', #449, 5.000000000000000888 ) ;
#2476 = AXIS2_PLACEMENT_3D ( 'NONE', #2477, #2532, #412 ) ;
#2477 = CARTESIAN_POINT ( 'NONE',  ( -3843.999999999977263, 100.0000000000227374, 82.00000000000001421 ) ) ;
#2478 = ORIENTED_EDGE ( 'NONE', *, *, #1757, .F. ) ;
#2479 = VECTOR ( 'NONE', #886, 1000.000000000000000 ) ;
#2480 = CARTESIAN_POINT ( 'NONE',  ( 15.90000000000017089, -585.0000000000000000, 15.90000000000000036 ) ) ;
#2481 = VECTOR ( 'NONE', #1099, 1000.000000000000000 ) ;
#2482 = EDGE_CURVE ( 'NONE', #4228, #4353, #720, .T. ) ;
#2483 = CARTESIAN_POINT ( 'NONE',  ( -3869.999999999976808, 2320.000000000022737, 580.0000000000000000 ) ) ;
#2484 = ORIENTED_EDGE ( 'NONE', *, *, #5100, .T. ) ;
#2485 = LINE ( 'NONE', #994, #4522 ) ;
#2486 = AXIS2_PLACEMENT_3D ( 'NONE', #2708, #3585, #1061 ) ;
#2487 = VECTOR ( 'NONE', #1626, 1000.000000000000000 ) ;
#2488 = ORIENTED_EDGE ( 'NONE', *, *, #2216, .T. ) ;
#2489 = CARTESIAN_POINT ( 'NONE',  ( 33.00000000000018474, 585.0000000000001137, 0.000000000000000000 ) ) ;
#2490 = CARTESIAN_POINT ( 'NONE',  ( -3869.999999999977263, 1010.250000000022510, 596.7999999999999545 ) ) ;
#2491 = CARTESIAN_POINT ( 'NONE',  ( -3899.999999999977263, 100.0000000000227374, 0.000000000000000000 ) ) ;
#2492 = CARTESIAN_POINT ( 'NONE',  ( 15.90000000000017089, -1123.500000000000000, 15.90000000000000036 ) ) ;
#2493 = CIRCLE ( 'NONE', #652, 5.000000000000000888 ) ;
#2494 = EDGE_CURVE ( 'NONE', #827, #918, #2287, .T. ) ;
#2495 = ORIENTED_EDGE ( 'NONE', *, *, #1832, .F. ) ;
#2496 = DATE_AND_TIME ( #4810, #3033 ) ;
#2497 = DIRECTION ( 'NONE',  ( 0.000000000000000000, 1.000000000000000000, -0.000000000000000000 ) ) ;
#2498 = CIRCLE ( 'NONE', #3202, 5.000000000000000000 ) ;
#2499 = VERTEX_POINT ( 'NONE', #2639 ) ;
#2500 = EDGE_CURVE ( 'NONE', #3929, #5227, #2413, .T. ) ;
#2501 = DIRECTION ( 'NONE',  ( 0.000000000000000000, 0.000000000000000000, -1.000000000000000000 ) ) ;
#2502 = LINE ( 'NONE', #1880, #1388 ) ;
#2503 = LINE ( 'NONE', #3534, #5276 ) ;
#2504 = ORIENTED_EDGE ( 'NONE', *, *, #2334, .T. ) ;
#2505 = CARTESIAN_POINT ( 'NONE',  ( -3894.799999999977445, 639.7500000000227374, 580.0000000000000000 ) ) ;
#2506 = APPLICATION_PROTOCOL_DEFINITION ( 'international standard', 'config_control_design', 1994, #4112 ) ;
#2507 = DIRECTION ( 'NONE',  ( 1.000000000000000000, 0.000000000000000000, 0.000000000000000000 ) ) ;
#2508 = EDGE_CURVE ( 'NONE', #1679, #1261, #4376, .T. ) ;
#2509 = DIRECTION ( 'NONE',  ( 0.000000000000000000, -1.000000000000000000, 0.000000000000000000 ) ) ;
#2510 = DIRECTION ( 'NONE',  ( -1.000000000000000000, 0.000000000000000000, 0.000000000000000000 ) ) ;
#2511 = DIRECTION ( 'NONE',  ( 0.000000000000000000, 0.000000000000000000, 1.000000000000000000 ) ) ;
#2512 = CARTESIAN_POINT ( 'NONE',  ( -28.00000000000001066, -184.9999999999999432, 22.00000000000000000 ) ) ;
#2513 = CC_DESIGN_DATE_AND_TIME_ASSIGNMENT ( #5157, #4762, ( #4190 ) ) ;
#2514 = FACE_OUTER_BOUND ( 'NONE', #4945, .T. ) ;
#2515 = DIRECTION ( 'NONE',  ( 0.000000000000000000, -1.000000000000000000, 0.000000000000000000 ) ) ;
#2516 = VERTEX_POINT ( 'NONE', #526 ) ;
#2517 = LINE ( 'NONE', #2265, #4814 ) ;
#2518 = ORIENTED_EDGE ( 'NONE', *, *, #1876, .F. ) ;
#2519 = CARTESIAN_POINT ( 'NONE',  ( 15.90000000000017089, -1125.000000000000000, 15.90000000000000036 ) ) ;
#2520 = AXIS2_PLACEMENT_3D ( 'NONE', #5421, #362, #1196 ) ;
#2521 = DIRECTION ( 'NONE',  ( 0.000000000000000000, -0.000000000000000000, -1.000000000000000000 ) ) ;
#2522 = ORIENTED_EDGE ( 'NONE', *, *, #1680, .F. ) ;
#2523 = ADVANCED_FACE ( 'NONE', ( #5241 ), #3470, .F. ) ;
#2524 = ORIENTED_EDGE ( 'NONE', *, *, #1482, .T. ) ;
#2525 = ORIENTED_EDGE ( 'NONE', *, *, #4065, .F. ) ;
#2526 = ORIENTED_EDGE ( 'NONE', *, *, #2790, .F. ) ;
#2527 = CARTESIAN_POINT ( 'NONE',  ( -3329.999999999977263, 130.0000000000227942, 580.0000000000000000 ) ) ;
#2528 = PERSON_AND_ORGANIZATION ( #413, #3566 ) ;
#2529 = DIRECTION ( 'NONE',  ( 0.000000000000000000, 1.000000000000000000, 0.000000000000000000 ) ) ;
#2530 = VERTEX_POINT ( 'NONE', #931 ) ;
#2531 = ORIENTED_EDGE ( 'NONE', *, *, #2601, .F. ) ;
#2532 = DIRECTION ( 'NONE',  ( 0.000000000000000000, -1.000000000000000000, 0.000000000000000000 ) ) ;
#2533 = EDGE_CURVE ( 'NONE', #3710, #2756, #5031, .T. ) ;
#2534 = PRODUCT ( '高柜01柜体_高柜01柜体', '高柜01柜体_高柜01柜体', '', ( #5391 ) ) ;
#2535 = AXIS2_PLACEMENT_3D ( 'NONE', #2519, #2098, #1646 ) ;
#2536 = DIRECTION ( 'NONE',  ( 0.000000000000000000, -1.000000000000000000, 0.000000000000000000 ) ) ;
#2537 = DIRECTION ( 'NONE',  ( 0.000000000000000000, 0.000000000000000000, -1.000000000000000000 ) ) ;
#2538 = ORIENTED_EDGE ( 'NONE', *, *, #327, .F. ) ;
#2539 = LINE ( 'NONE', #4885, #4046 ) ;
#2540 = CARTESIAN_POINT ( 'NONE',  ( -3886.799999999977445, 1439.750000000022737, 604.7999999999999545 ) ) ;
#2541 = DIRECTION ( 'NONE',  ( 0.000000000000000000, 0.000000000000000000, 1.000000000000000000 ) ) ;
#2542 = DIRECTION ( 'NONE',  ( -0.000000000000000000, -0.000000000000000000, -1.000000000000000000 ) ) ;
#2543 = CYLINDRICAL_SURFACE ( 'NONE', #140, 8.000000000000007105 ) ;
#2545 = VECTOR ( 'NONE', #1901, 1000.000000000000000 ) ;
#2544 = SECURITY_CLASSIFICATION_LEVEL ( 'unclassified' ) ;
#2546 = EDGE_LOOP ( 'NONE', ( #958, #101, #4142, #3831 ) ) ;
#2547 = VECTOR ( 'NONE', #2688, 1000.000000000000000 ) ;
#2548 = DIRECTION ( 'NONE',  ( 0.000000000000000000, 0.000000000000000000, 1.000000000000000000 ) ) ;
#2549 = CC_DESIGN_DATE_AND_TIME_ASSIGNMENT ( #5260, #3441, ( #3807 ) ) ;
#2550 = FACE_OUTER_BOUND ( 'NONE', #99, .T. ) ;
#2551 = CARTESIAN_POINT ( 'NONE',  ( -3353.999999999976808, 15.00000000002273204, 82.00000000000001421 ) ) ;
#2552 = LINE ( 'NONE', #2116, #512 ) ;
#2553 = VERTEX_POINT ( 'NONE', #1771 ) ;
#2554 = ADVANCED_FACE ( 'NONE', ( #845 ), #1427, .F. ) ;
#2555 = VECTOR ( 'NONE', #2672, 1000.000000000000000 ) ;
#2556 = AXIS2_PLACEMENT_3D ( 'NONE', #74, #3832, #2581 ) ;
#2557 = DIRECTION ( 'NONE',  ( -1.000000000000000000, -0.000000000000000000, -1.137523590804460124E-16 ) ) ;
#2558 = LINE ( 'NONE', #4549, #5115 ) ;
#2559 = EDGE_LOOP ( 'NONE', ( #3254, #1264, #1201, #1499 ) ) ;
#2560 = EDGE_CURVE ( 'NONE', #5154, #3010, #39, .T. ) ;
#2561 = DIRECTION ( 'NONE',  ( 1.000000000000000000, 0.000000000000000000, 0.000000000000000000 ) ) ;
#2562 = CARTESIAN_POINT ( 'NONE',  ( -3869.999999999977263, 239.7500000000227089, 580.0000000000000000 ) ) ;
#2563 = CARTESIAN_POINT ( 'NONE',  ( 1.708382284810557841E-13, -214.9999999999998579, 30.00000000000000000 ) ) ;
#2564 = EDGE_LOOP ( 'NONE', ( #1881, #32, #883, #4499 ) ) ;
#2565 = CARTESIAN_POINT ( 'NONE',  ( 15.90000000000017089, 615.0000000000002274, 10.90000000000000036 ) ) ;
#2566 = AXIS2_PLACEMENT_3D ( 'NONE', #3748, #5015, #1198 ) ;
#2567 = PERSON_AND_ORGANIZATION ( #413, #3566 ) ;
#2568 = VECTOR ( 'NONE', #3183, 1000.000000000000000 ) ;
#2569 = DIRECTION ( 'NONE',  ( 0.000000000000000000, 0.000000000000000000, -1.000000000000000000 ) ) ;
#2570 = VERTEX_POINT ( 'NONE', #4324 ) ;
#2571 = VECTOR ( 'NONE', #3000, 1000.000000000000000 ) ;
#2572 = DIRECTION ( 'NONE',  ( 0.000000000000000000, 1.000000000000000000, 0.000000000000000000 ) ) ;
#2573 = CIRCLE ( 'NONE', #2172, 8.000000000000007105 ) ;
#2574 = ORIENTED_EDGE ( 'NONE', *, *, #4718, .T. ) ;
#2575 = CARTESIAN_POINT ( 'NONE',  ( -3869.999999999977263, 610.2500000000227374, 580.0000000000000000 ) ) ;
#2576 = DIRECTION ( 'NONE',  ( -0.000000000000000000, 1.000000000000000000, -0.000000000000000000 ) ) ;
#2577 = EDGE_CURVE ( 'NONE', #2059, #576, #4239, .T. ) ;
#2578 = AXIS2_PLACEMENT_3D ( 'NONE', #1303, #914, #2197 ) ;
#2579 = VERTEX_POINT ( 'NONE', #1004 ) ;
#2580 = ORIENTED_EDGE ( 'NONE', *, *, #180, .F. ) ;
#2581 = DIRECTION ( 'NONE',  ( 0.000000000000000000, 0.000000000000000000, -1.000000000000000000 ) ) ;
#2582 = PRODUCT ( '高柜01', '高柜01', '', ( #3679 ) ) ;
#2583 = DIRECTION ( 'NONE',  ( 0.000000000000000000, 0.000000000000000000, 1.000000000000000000 ) ) ;
#2584 = VECTOR ( 'NONE', #444, 1000.000000000000000 ) ;
#2585 = ADVANCED_FACE ( 'NONE', ( #591 ), #3214, .F. ) ;
#2586 = DIRECTION ( 'NONE',  ( 0.000000000000000000, -1.000000000000000000, 0.000000000000000000 ) ) ;
#2587 = DIRECTION ( 'NONE',  ( 0.000000000000000000, 1.000000000000000000, 0.000000000000000000 ) ) ;
#2588 = DIRECTION ( 'NONE',  ( -0.000000000000000000, 1.000000000000000000, -0.000000000000000000 ) ) ;
#2589 = VECTOR ( 'NONE', #3676, 1000.000000000000000 ) ;
#2590 = DIRECTION ( 'NONE',  ( -0.000000000000000000, -0.000000000000000000, -1.000000000000000000 ) ) ;
#2591 = EDGE_LOOP ( 'NONE', ( #2234, #2147, #4512, #5352 ) ) ;
#2592 = EDGE_CURVE ( 'NONE', #541, #2840, #1158, .T. ) ;
#2593 = PLANE ( 'NONE',  #359 ) ;
#2594 = CARTESIAN_POINT ( 'NONE',  ( -3894.799999999977445, 639.7500000000227374, 596.7999999999999545 ) ) ;
#2595 = AXIS2_PLACEMENT_3D ( 'NONE', #781, #1975, #2829 ) ;
#2596 = EDGE_LOOP ( 'NONE', ( #3960, #1410, #5456, #4113 ) ) ;
#2597 = LINE ( 'NONE', #1630, #815 ) ;
#2598 = ORIENTED_EDGE ( 'NONE', *, *, #96, .T. ) ;
#2599 = DIRECTION ( 'NONE',  ( 0.000000000000000000, 0.000000000000000000, -1.000000000000000000 ) ) ;
#2600 = CARTESIAN_POINT ( 'NONE',  ( 15.00000000000016875, 0.000000000000000000, 0.000000000000000000 ) ) ;
#2601 = EDGE_CURVE ( 'NONE', #1472, #5338, #2020, .T. ) ;
#2602 = SHAPE_REPRESENTATION_RELATIONSHIP ( 'NONE' , 'NONE' ,  #2269, #4589 ) ;
#2603 = ORIENTED_EDGE ( 'NONE', *, *, #3371, .F. ) ;
#2604 = VERTEX_POINT ( 'NONE', #1487 ) ;
#2605 = DIRECTION ( 'NONE',  ( 0.000000000000000000, 0.000000000000000000, 1.000000000000000000 ) ) ;
#2606 = DIRECTION ( 'NONE',  ( 0.000000000000000000, 1.000000000000000000, -0.000000000000000000 ) ) ;
#2607 = ORIENTED_EDGE ( 'NONE', *, *, #2533, .T. ) ;
#2608 = VERTEX_POINT ( 'NONE', #1917 ) ;
#2609 = EDGE_CURVE ( 'NONE', #5083, #2677, #5369, .T. ) ;
#2610 = AXIS2_PLACEMENT_3D ( 'NONE', #4438, #4919, #1146 ) ;
#2611 = DATE_AND_TIME ( #3143, #4630 ) ;
#2612 = EDGE_LOOP ( 'NONE', ( #2282, #3465, #2389, #5188 ) ) ;
#2613 = CARTESIAN_POINT ( 'NONE',  ( -3894.799999999977445, 639.7500000000227374, 580.0000000000000000 ) ) ;
#2614 = ORIENTED_EDGE ( 'NONE', *, *, #3520, .F. ) ;
#2615 = ADVANCED_FACE ( 'NONE', ( #2082 ), #4786, .T. ) ;
#2616 = ORIENTED_EDGE ( 'NONE', *, *, #96, .F. ) ;
#2617 = EDGE_CURVE ( 'NONE', #3259, #3710, #775, .T. ) ;
#2618 = VECTOR ( 'NONE', #3089, 1000.000000000000000 ) ;
#2619 = LINE ( 'NONE', #4708, #1222 ) ;
#2620 = ORIENTED_EDGE ( 'NONE', *, *, #3774, .T. ) ;
#2621 = DIRECTION ( 'NONE',  ( 0.000000000000000000, -1.000000000000000000, 0.000000000000000000 ) ) ;
#2622 = FACE_BOUND ( 'NONE', #4959, .T. ) ;
#2623 = DIRECTION ( 'NONE',  ( -1.000000000000000000, -1.027984282060329272E-16, 0.000000000000000000 ) ) ;
#2624 = CC_DESIGN_PERSON_AND_ORGANIZATION_ASSIGNMENT ( #925, #1267, ( #430 ) ) ;
#2625 = ORIENTED_EDGE ( 'NONE', *, *, #2235, .F. ) ;
#2626 = VECTOR ( 'NONE', #1370, 1000.000000000000000 ) ;
#2627 = CARTESIAN_POINT ( 'NONE',  ( 15.90000000000017089, -1123.500000000000000, 20.90000000000000213 ) ) ;
#2628 = CARTESIAN_POINT ( 'NONE',  ( 33.00000000000018474, -985.0000000000000000, 0.000000000000000000 ) ) ;
#2629 = VECTOR ( 'NONE', #2113, 1000.000000000000000 ) ;
#2630 = EDGE_LOOP ( 'NONE', ( #3830, #158, #2526, #4565 ) ) ;
#2631 = FACE_OUTER_BOUND ( 'NONE', #4061, .T. ) ;
#2632 = AXIS2_PLACEMENT_3D ( 'NONE', #1603, #1238, #4560 ) ;
#2633 = CARTESIAN_POINT ( 'NONE',  ( -1.336379566678666102E-14, 130.0000000000231637, 580.0000000000000000 ) ) ;
#2634 = DIRECTION ( 'NONE',  ( 1.261617073437678245E-16, 0.000000000000000000, 1.000000000000000000 ) ) ;
#2635 = CARTESIAN_POINT ( 'NONE',  ( -3843.999999999977263, 15.00000000002273204, 502.0000000000000000 ) ) ;
#2636 = CIRCLE ( 'NONE', #1428, 27.00000000000011369 ) ;
#2637 = ORIENTED_EDGE ( 'NONE', *, *, #5148, .F. ) ;
#2638 = PERSON_AND_ORGANIZATION ( #413, #3566 ) ;
#2639 = CARTESIAN_POINT ( 'NONE',  ( -3894.799999999977445, 610.2500000000227374, 580.0000000000000000 ) ) ;
#2640 = CARTESIAN_POINT ( 'NONE',  ( 15.90000000000017089, 1015.000000000000114, 20.90000000000000213 ) ) ;
#2641 = CARTESIAN_POINT ( 'NONE',  ( 6.450000000000001066, 0.000000000000000000, -1.500000000000000000 ) ) ;
#2642 = ADVANCED_FACE ( 'NONE', ( #4907 ), #3920, .F. ) ;
#2643 = PLANE ( 'NONE',  #4750 ) ;
#2644 = ORIENTED_EDGE ( 'NONE', *, *, #1059, .T. ) ;
#2645 = AXIS2_PLACEMENT_3D ( 'NONE', #961, #4759, #2634 ) ;
#2646 = ORIENTED_EDGE ( 'NONE', *, *, #4039, .T. ) ;
#2647 = DIRECTION ( 'NONE',  ( -0.000000000000000000, 1.000000000000000000, -0.000000000000000000 ) ) ;
#2648 = FACE_OUTER_BOUND ( 'NONE', #1449, .T. ) ;
#2649 = DIRECTION ( 'NONE',  ( 0.000000000000000000, 0.000000000000000000, 1.000000000000000000 ) ) ;
#2650 = DIRECTION ( 'NONE',  ( 0.000000000000000000, 0.000000000000000000, -1.000000000000000000 ) ) ;
#2651 = DIRECTION ( 'NONE',  ( 0.000000000000000000, -1.000000000000000000, 0.000000000000000000 ) ) ;
#2652 = EDGE_CURVE ( 'NONE', #4322, #3264, #299, .T. ) ;
#2653 = PRODUCT_DEFINITION ( '未知', '', #3112, #1869 ) ;
#2654 = CARTESIAN_POINT ( 'NONE',  ( 15.90000000000017089, -214.9999999999999716, 15.90000000000000036 ) ) ;
#2655 = VECTOR ( 'NONE', #4955, 1000.000000000000000 ) ;
#2656 = ADVANCED_FACE ( 'NONE', ( #3982 ), #2821, .T. ) ;
#2657 = LINE ( 'NONE', #348, #4484 ) ;
#2658 = DIRECTION ( 'NONE',  ( 1.137523590804460124E-16, 0.000000000000000000, -1.000000000000000000 ) ) ;
#2659 = ORIENTED_EDGE ( 'NONE', *, *, #319, .T. ) ;
#2660 = CARTESIAN_POINT ( 'NONE',  ( 15.90000000000017089, -1123.500000000000000, 15.90000000000000036 ) ) ;
#2661 = CARTESIAN_POINT ( 'NONE',  ( -3894.799999999977445, 210.2500000000227374, 596.7999999999999545 ) ) ;
#2662 = PLANE ( 'NONE',  #2778 ) ;
#2663 = EDGE_LOOP ( 'NONE', ( #4833, #3103, #1028, #1717, #4151, #4712 ) ) ;
#2664 = ORIENTED_EDGE ( 'NONE', *, *, #4391, .F. ) ;
#2665 = CARTESIAN_POINT ( 'NONE',  ( -3877.999999999977263, 1810.250000000022737, 604.7999999999999545 ) ) ;
#2666 = PRODUCT_DEFINITION_SHAPE ( 'NONE', 'NONE',  #4296 ) ;
#2667 = VERTEX_POINT ( 'NONE', #3966 ) ;
#2668 = AXIS2_PLACEMENT_3D ( 'NONE', #3280, #4546, #4074 ) ;
#2669 = ADVANCED_FACE ( 'NONE', ( #1285 ), #1017, .T. ) ;
#2670 = VERTEX_POINT ( 'NONE', #4838 ) ;
#2671 = ORIENTED_EDGE ( 'NONE', *, *, #2099, .F. ) ;
#2672 = DIRECTION ( 'NONE',  ( 1.973729821555833987E-16, -1.000000000000000000, 0.000000000000000000 ) ) ;
#2673 = COORDINATED_UNIVERSAL_TIME_OFFSET ( 8, 0, .AHEAD. ) ;
#2674 = EDGE_CURVE ( 'NONE', #1016, #1831, #2148, .T. ) ;
#2675 = DIRECTION ( 'NONE',  ( 0.000000000000000000, 0.000000000000000000, -1.000000000000000000 ) ) ;
#2676 = APPROVAL_ROLE ( '' ) ;
#2677 = VERTEX_POINT ( 'NONE', #2613 ) ;
#2678 = AXIS2_PLACEMENT_3D ( 'NONE', #4958, #3249, #3990 ) ;
#2679 = VERTEX_POINT ( 'NONE', #3872 ) ;
#2680 = CARTESIAN_POINT ( 'NONE',  ( 15.90000000000017089, -1125.000000000000000, 10.90000000000000036 ) ) ;
#2681 = CARTESIAN_POINT ( 'NONE',  ( 5.000000000000000000, 6.123233995736766282E-16, 1000.000000000000000 ) ) ;
#2682 = CARTESIAN_POINT ( 'NONE',  ( 15.90000000000017089, 985.0000000000003411, 15.90000000000000036 ) ) ;
#2683 = ORIENTED_EDGE ( 'NONE', *, *, #457, .T. ) ;
#2684 = ADVANCED_FACE ( 'NONE', ( #178, #1754 ), #4344, .F. ) ;
#2685 = VECTOR ( 'NONE', #1960, 1000.000000000000000 ) ;
#2686 = EDGE_CURVE ( 'NONE', #4611, #2740, #905, .T. ) ;
#2687 = AXIS2_PLACEMENT_3D ( 'NONE', #4618, #1701, #1557 ) ;
#2688 = DIRECTION ( 'NONE',  ( 1.000000000000000000, -0.000000000000000000, -0.000000000000000000 ) ) ;
#2689 = FACE_OUTER_BOUND ( 'NONE', #1703, .T. ) ;
#2690 = CARTESIAN_POINT ( 'NONE',  ( -3877.999999999977263, 2210.250000000022283, 604.7999999999999545 ) ) ;
#2691 = FACE_OUTER_BOUND ( 'NONE', #4219, .T. ) ;
#2692 = CIRCLE ( 'NONE', #5092, 15.00000000000000000 ) ;
#2693 = ORIENTED_EDGE ( 'NONE', *, *, #1074, .T. ) ;
#2694 = LINE ( 'NONE', #4812, #1040 ) ;
#2695 = FACE_OUTER_BOUND ( 'NONE', #3210, .T. ) ;
#2696 = DIRECTION ( 'NONE',  ( 0.000000000000000000, -1.000000000000000000, 0.000000000000000000 ) ) ;
#2697 = LINE ( 'NONE', #947, #2421 ) ;
#2698 = ORIENTED_EDGE ( 'NONE', *, *, #75, .F. ) ;
#2699 = CARTESIAN_POINT ( 'NONE',  ( 15.90000000000017089, 1123.500000000000000, 15.90000000000000036 ) ) ;
#2700 = VECTOR ( 'NONE', #1335, 1000.000000000000000 ) ;
#2701 = DIRECTION ( 'NONE',  ( -0.000000000000000000, 1.000000000000000000, -0.000000000000000000 ) ) ;
#2702 = VECTOR ( 'NONE', #4260, 1000.000000000000000 ) ;
#2703 = ADVANCED_FACE ( 'NONE', ( #504 ), #660, .F. ) ;
#2704 = CARTESIAN_POINT ( 'NONE',  ( 0.000000000000000000, 0.000000000000000000, 0.000000000000000000 ) ) ;
#2705 = ORIENTED_EDGE ( 'NONE', *, *, #3867, .F. ) ;
#2706 = EDGE_CURVE ( 'NONE', #2106, #3532, #2876, .T. ) ;
#2707 = CC_DESIGN_DATE_AND_TIME_ASSIGNMENT ( #1300, #896, ( #380 ) ) ;
#2708 = CARTESIAN_POINT ( 'NONE',  ( 15.90000000000017089, -985.0000000000000000, 15.90000000000000036 ) ) ;
#2709 = ORIENTED_EDGE ( 'NONE', *, *, #3568, .F. ) ;
#2710 = EDGE_CURVE ( 'NONE', #2740, #4611, #3149, .T. ) ;
#2711 = VERTEX_POINT ( 'NONE', #460 ) ;
#2712 = ORIENTED_EDGE ( 'NONE', *, *, #2790, .T. ) ;
#2713 = AXIS2_PLACEMENT_3D ( 'NONE', #4453, #5300, #2331 ) ;
#2714 = CARTESIAN_POINT ( 'NONE',  ( -3877.999999999977263, 239.7500000000227089, 596.7999999999999545 ) ) ;
#2715 = VECTOR ( 'NONE', #5179, 1000.000000000000000 ) ;
#2716 = ORIENTED_EDGE ( 'NONE', *, *, #1940, .T. ) ;
#2717 = VERTEX_POINT ( 'NONE', #2930 ) ;
#2718 = DIRECTION ( 'NONE',  ( 0.000000000000000000, -0.000000000000000000, -1.000000000000000000 ) ) ;
#2719 = CARTESIAN_POINT ( 'NONE',  ( 15.00000000000016875, 1125.000000000000000, 15.00000000000000000 ) ) ;
#2720 = EDGE_CURVE ( 'NONE', #2208, #1048, #5308, .T. ) ;
#2721 = FACE_OUTER_BOUND ( 'NONE', #1133, .T. ) ;
#2722 = CARTESIAN_POINT ( 'NONE',  ( 15.90000000000017089, 185.0000000000002842, 10.90000000000000036 ) ) ;
#2723 = CIRCLE ( 'NONE', #4545, 5.050000000000220979 ) ;
#2724 = EDGE_CURVE ( 'NONE', #130, #2670, #4044, .T. ) ;
#2725 = ADVANCED_FACE ( 'NONE', ( #4966, #1611 ), #4029, .T. ) ;
#2726 = VECTOR ( 'NONE', #2911, 1000.000000000000000 ) ;
#2727 = ORIENTED_EDGE ( 'NONE', *, *, #1733, .F. ) ;
#2728 = ORIENTED_EDGE ( 'NONE', *, *, #2757, .F. ) ;
#2729 = DIRECTION ( 'NONE',  ( -0.000000000000000000, -1.000000000000000000, -0.000000000000000000 ) ) ;
#2730 = APPROVAL_ROLE ( '' ) ;
#2731 = ORIENTED_EDGE ( 'NONE', *, *, #4285, .T. ) ;
#2732 = CARTESIAN_POINT ( 'NONE',  ( -3353.999999999976808, 2.273181642920008017E-11, 82.00000000000001421 ) ) ;
#2733 = APPROVAL ( #4478, '未指定' ) ;
#2734 = PLANE ( 'NONE',  #2217 ) ;
#2735 = EDGE_LOOP ( 'NONE', ( #459, #2402, #2332, #2327 ) ) ;
#2736 = CLOSED_SHELL ( 'NONE', ( #2585, #4839, #3140, #2642, #1302, #4218, #3080, #123, #5024, #2523, #51, #1358, #887, #151, #4326, #3501, #4419, #2121, #2224, #3838, #5110, #956, #1839, #1343, #1750, #5165, #4699, #1545, #2308, #3625, #1394, #2684, #5079, #2152, #420, #1084, #97, #2946, #4816, #5043, #1731, #2408, #483, #3948, #2751, #2135, #2335, #5446, #1470, #3808, #4790, #4387, #3025, #1038, #3387, #71, #1065 ) ) ;
#2737 = CARTESIAN_POINT ( 'NONE',  ( -3886.799999999977445, 610.2500000000227374, 604.7999999999999545 ) ) ;
#2738 = CC_DESIGN_SECURITY_CLASSIFICATION ( #4298, ( #5466 ) ) ;
#2739 = DIRECTION ( 'NONE',  ( -0.000000000000000000, -0.000000000000000000, -1.000000000000000000 ) ) ;
#2740 = VERTEX_POINT ( 'NONE', #694 ) ;
#2741 = DIRECTION ( 'NONE',  ( 0.000000000000000000, -1.000000000000000000, 0.000000000000000000 ) ) ;
#2742 = VERTEX_POINT ( 'NONE', #2974 ) ;
#2743 = AXIS2_PLACEMENT_3D ( 'NONE', #453, #1290, #1736 ) ;
#2744 = ORIENTED_EDGE ( 'NONE', *, *, #2296, .F. ) ;
#2745 = EDGE_LOOP ( 'NONE', ( #3007, #5233, #1143, #2105 ) ) ;
#2746 = DIRECTION ( 'NONE',  ( 0.000000000000000000, 0.000000000000000000, 1.000000000000000000 ) ) ;
#2747 = EDGE_CURVE ( 'NONE', #2943, #124, #2814, .T. ) ;
#2748 = ORIENTED_EDGE ( 'NONE', *, *, #3788, .T. ) ;
#2749 = DIRECTION ( 'NONE',  ( 0.000000000000000000, 0.000000000000000000, -1.000000000000000000 ) ) ;
#2750 = ORIENTED_EDGE ( 'NONE', *, *, #2406, .T. ) ;
#2751 = ADVANCED_FACE ( 'NONE', ( #2940 ), #5132, .T. ) ;
#2752 = CARTESIAN_POINT ( 'NONE',  ( 15.90000000000017089, -184.9999999999999432, 15.90000000000000036 ) ) ;
#2753 = CARTESIAN_POINT ( 'NONE',  ( -3869.999999999977263, 1010.250000000022510, 580.0000000000000000 ) ) ;
#2754 = VECTOR ( 'NONE', #1178, 1000.000000000000000 ) ;
#2755 = FACE_OUTER_BOUND ( 'NONE', #3800, .T. ) ;
#2756 = VERTEX_POINT ( 'NONE', #951 ) ;
#2757 = EDGE_CURVE ( 'NONE', #4057, #2516, #3209, .T. ) ;
#2758 = AXIS2_PLACEMENT_3D ( 'NONE', #1907, #227, #1058 ) ;
#2759 = FACE_OUTER_BOUND ( 'NONE', #2630, .T. ) ;
#2760 = DIRECTION ( 'NONE',  ( 0.000000000000000000, 0.000000000000000000, 1.000000000000000000 ) ) ;
#2761 = DIRECTION ( 'NONE',  ( 0.000000000000000000, 0.000000000000000000, -1.000000000000000000 ) ) ;
#2762 = CYLINDRICAL_SURFACE ( 'NONE', #89, 5.050000000000220979 ) ;
#2763 = ORIENTED_EDGE ( 'NONE', *, *, #817, .T. ) ;
#2764 = CYLINDRICAL_SURFACE ( 'NONE', #3957, 6.500000000000002665 ) ;
#2765 = APPROVAL_PERSON_ORGANIZATION ( #120, #3965, #5047 ) ;
#2766 = CARTESIAN_POINT ( 'NONE',  ( 15.00000000000016875, 585.0000000000001137, 0.000000000000000000 ) ) ;
#2767 = DIRECTION ( 'NONE',  ( -0.000000000000000000, 1.000000000000000000, -0.000000000000000000 ) ) ;
#2768 = VECTOR ( 'NONE', #4921, 1000.000000000000000 ) ;
#2769 = CARTESIAN_POINT ( 'NONE',  ( 1.708382284810557841E-13, -615.0000000000000000, 30.00000000000000000 ) ) ;
#2770 = MECHANICAL_CONTEXT ( 'NONE', #1090, 'mechanical' ) ;
#2771 = ORIENTED_EDGE ( 'NONE', *, *, #5123, .T. ) ;
#2772 = CARTESIAN_POINT ( 'NONE',  ( 0.000000000000000000, 0.000000000000000000, 1000.000000000000000 ) ) ;
#2773 = DIRECTION ( 'NONE',  ( 0.000000000000000000, 1.000000000000000000, 0.000000000000000000 ) ) ;
#2774 = LINE ( 'NONE', #4189, #866 ) ;
#2775 = ORIENTED_EDGE ( 'NONE', *, *, #634, .T. ) ;
#2776 = DIRECTION ( 'NONE',  ( 0.000000000000000000, 0.000000000000000000, -1.000000000000000000 ) ) ;
#2777 = VECTOR ( 'NONE', #4320, 1000.000000000000000 ) ;
#2778 = AXIS2_PLACEMENT_3D ( 'NONE', #136, #4805, #1006 ) ;
#2779 = PERSON_AND_ORGANIZATION ( #413, #3566 ) ;
#2780 = CARTESIAN_POINT ( 'NONE',  ( -3877.999999999977263, 2210.250000000022283, 596.7999999999999545 ) ) ;
#2781 = ORIENTED_EDGE ( 'NONE', *, *, #3735, .T. ) ;
#2782 = ADVANCED_FACE ( 'NONE', ( #1349 ), #4564, .T. ) ;
#2783 = EDGE_CURVE ( 'NONE', #3899, #137, #2280, .T. ) ;
#2784 = AXIS2_PLACEMENT_3D ( 'NONE', #3093, #1014, #3133 ) ;
#2785 = DIRECTION ( 'NONE',  ( 0.000000000000000000, 1.000000000000000000, 0.000000000000000000 ) ) ;
#2786 = CIRCLE ( 'NONE', #276, 27.00000000000013500 ) ;
#2787 = VECTOR ( 'NONE', #355, 1000.000000000000000 ) ;
#2788 = CARTESIAN_POINT ( 'NONE',  ( 15.90000000000017089, 585.0000000000000000, 15.90000000000000036 ) ) ;
#2789 = ORIENTED_EDGE ( 'NONE', *, *, #2878, .T. ) ;
#2790 = EDGE_CURVE ( 'NONE', #1831, #4888, #1093, .T. ) ;
#2791 = AXIS2_PLACEMENT_3D ( 'NONE', #5244, #3985, #152 ) ;
#2792 = DIRECTION ( 'NONE',  ( 0.000000000000000000, 1.000000000000000000, 0.000000000000000000 ) ) ;
#2793 = ORIENTED_EDGE ( 'NONE', *, *, #810, .F. ) ;
#2794 = CARTESIAN_POINT ( 'NONE',  ( -3843.999999999977263, 2.273181642920008017E-11, 502.0000000000000000 ) ) ;
#2795 = ORIENTED_EDGE ( 'NONE', *, *, #2494, .F. ) ;
#2796 = CARTESIAN_POINT ( 'NONE',  ( 15.90000000000017089, 185.0000000000002842, 20.90000000000000213 ) ) ;
#2797 = EDGE_CURVE ( 'NONE', #918, #827, #1217, .T. ) ;
#2798 = ORIENTED_EDGE ( 'NONE', *, *, #3634, .F. ) ;
#2799 = VERTEX_POINT ( 'NONE', #3799 ) ;
#2800 = CARTESIAN_POINT ( 'NONE',  ( -3843.999999999977263, 15.00000000002273204, 82.00000000000001421 ) ) ;
#2801 = DIRECTION ( 'NONE',  ( 0.000000000000000000, 0.000000000000000000, 1.000000000000000000 ) ) ;
#2802 = DIRECTION ( 'NONE',  ( 1.261617073437677999E-16, 0.000000000000000000, 1.000000000000000000 ) ) ;
#2803 = FACE_BOUND ( 'NONE', #200, .T. ) ;
#2804 = ORIENTED_EDGE ( 'NONE', *, *, #3109, .T. ) ;
#2805 = EDGE_CURVE ( 'NONE', #4085, #2570, #4443, .T. ) ;
#2806 = EDGE_LOOP ( 'NONE', ( #946, #4835, #4736, #239 ) ) ;
#2807 = PERSON_AND_ORGANIZATION ( #413, #3566 ) ;
#2808 = SECURITY_CLASSIFICATION ( '', '', #16 ) ;
#2809 = DIRECTION ( 'NONE',  ( 0.000000000000000000, 0.000000000000000000, 1.000000000000000000 ) ) ;
#2810 = DIRECTION ( 'NONE',  ( 0.000000000000000000, 0.000000000000000000, 1.000000000000000000 ) ) ;
#2811 = VECTOR ( 'NONE', #1604, 1000.000000000000000 ) ;
#2812 = ORIENTED_EDGE ( 'NONE', *, *, #2652, .F. ) ;
#2813 = DIRECTION ( 'NONE',  ( 0.000000000000000000, -1.000000000000000000, 0.000000000000000000 ) ) ;
#2814 = LINE ( 'NONE', #5205, #427 ) ;
#2815 = DIRECTION ( 'NONE',  ( -0.000000000000000000, -1.000000000000000000, -0.000000000000000000 ) ) ;
#2816 = AXIS2_PLACEMENT_3D ( 'NONE', #704, #3603, #277 ) ;
#2817 = ORIENTED_EDGE ( 'NONE', *, *, #898, .T. ) ;
#2818 = CYLINDRICAL_SURFACE ( 'NONE', #2816, 15.00000000000000000 ) ;
#2819 = LINE ( 'NONE', #1804, #1821 ) ;
#2820 = DIRECTION ( 'NONE',  ( 0.000000000000000000, 0.000000000000000000, 1.000000000000000000 ) ) ;
#2821 = CYLINDRICAL_SURFACE ( 'NONE', #207, 27.00000000000010658 ) ;
#2822 = DIRECTION ( 'NONE',  ( -0.000000000000000000, 1.000000000000000000, -0.000000000000000000 ) ) ;
#2823 = EDGE_LOOP ( 'NONE', ( #489, #1971, #5290, #4633 ) ) ;
#2824 = DIRECTION ( 'NONE',  ( 0.000000000000000000, 0.000000000000000000, 1.000000000000000000 ) ) ;
#2825 = FACE_OUTER_BOUND ( 'NONE', #2339, .T. ) ;
#2826 = AXIS2_PLACEMENT_3D ( 'NONE', #3685, #1998, #4096 ) ;
#2827 = CIRCLE ( 'NONE', #2791, 5.000000000000000888 ) ;
#2828 = FACE_BOUND ( 'NONE', #3429, .T. ) ;
#2829 = DIRECTION ( 'NONE',  ( 0.000000000000000000, -0.000000000000000000, -1.000000000000000000 ) ) ;
#2830 = ORIENTED_EDGE ( 'NONE', *, *, #3305, .T. ) ;
#2831 = LINE ( 'NONE', #2322, #5252 ) ;
#2832 = EDGE_CURVE ( 'NONE', #714, #1347, #2001, .T. ) ;
#2833 = CC_DESIGN_PERSON_AND_ORGANIZATION_ASSIGNMENT ( #4928, #4573, ( #2534 ) ) ;
#2834 = ORIENTED_EDGE ( 'NONE', *, *, #2319, .F. ) ;
#2835 = CARTESIAN_POINT ( 'NONE',  ( -28.00000000000001066, 1015.000000000000114, 27.00000000000000355 ) ) ;
#2836 = VECTOR ( 'NONE', #298, 1000.000000000000000 ) ;
#2837 = VERTEX_POINT ( 'NONE', #3572 ) ;
#2838 = LOCAL_TIME ( 9, 50, 6.000000000000000000, #4662 ) ;
#2839 = CARTESIAN_POINT ( 'NONE',  ( -3877.999999999977263, 1410.250000000022737, 604.7999999999999545 ) ) ;
#2840 = VERTEX_POINT ( 'NONE', #5186 ) ;
#2841 = CIRCLE ( 'NONE', #3850, 5.000000000000000888 ) ;
#2842 = ORIENTED_EDGE ( 'NONE', *, *, #926, .T. ) ;
#2843 = CALENDAR_DATE ( 2026, 27, 5 ) ;
#2844 = ORIENTED_EDGE ( 'NONE', *, *, #3063, .F. ) ;
#2845 = AXIS2_PLACEMENT_3D ( 'NONE', #252, #2813, #4886 ) ;
#2846 = DIRECTION ( 'NONE',  ( -1.000000000000000000, 0.000000000000000000, -0.000000000000000000 ) ) ;
#2847 = CYLINDRICAL_SURFACE ( 'NONE', #3749, 6.450000000000001066 ) ;
#2848 = DIRECTION ( 'NONE',  ( -0.000000000000000000, 0.000000000000000000, 1.000000000000000000 ) ) ;
#2849 = LINE ( 'NONE', #2441, #5398 ) ;
#2850 = EDGE_CURVE ( 'NONE', #3837, #2091, #4542, .T. ) ;
#2851 = ORIENTED_EDGE ( 'NONE', *, *, #1554, .T. ) ;
#2852 = AXIS2_PLACEMENT_3D ( 'NONE', #843, #5339, #1283 ) ;
#2853 = FACE_BOUND ( 'NONE', #726, .T. ) ;
#2854 = DIRECTION ( 'NONE',  ( 0.000000000000000000, -1.000000000000000000, 0.000000000000000000 ) ) ;
#2855 = ORIENTED_EDGE ( 'NONE', *, *, #5141, .F. ) ;
#2856 = ORIENTED_EDGE ( 'NONE', *, *, #4562, .F. ) ;
#2857 = EDGE_CURVE ( 'NONE', #1334, #4836, #1993, .T. ) ;
#2858 = AXIS2_PLACEMENT_3D ( 'NONE', #5056, #5035, #491 ) ;
#2859 = ORIENTED_EDGE ( 'NONE', *, *, #5427, .F. ) ;
#2860 = CARTESIAN_POINT ( 'NONE',  ( 1.708382284810557841E-13, 1125.000000000000000, 27.00000000000000711 ) ) ;
#2861 = VERTEX_POINT ( 'NONE', #5230 ) ;
#2862 = CARTESIAN_POINT ( 'NONE',  ( -3869.999999999976808, 0.000000000000000000, 580.0000000000000000 ) ) ;
#2863 = CARTESIAN_POINT ( 'NONE',  ( -3877.999999999977263, 1810.250000000022737, 596.7999999999999545 ) ) ;
#2864 = ORIENTED_EDGE ( 'NONE', *, *, #2415, .F. ) ;
#2865 = ORIENTED_EDGE ( 'NONE', *, *, #3713, .T. ) ;
#2866 = CONICAL_SURFACE ( 'NONE', #3208, 4.000000000000003553, 0.7853981633974461696 ) ;
#2867 = ORIENTED_EDGE ( 'NONE', *, *, #2747, .T. ) ;
#2868 = DIRECTION ( 'NONE',  ( -0.000000000000000000, 1.000000000000000000, -0.000000000000000000 ) ) ;
#2869 = EDGE_CURVE ( 'NONE', #342, #325, #1259, .T. ) ;
#2870 = PERSON_AND_ORGANIZATION ( #413, #3566 ) ;
#2871 = ORIENTED_EDGE ( 'NONE', *, *, #3687, .T. ) ;
#2872 = ORIENTED_EDGE ( 'NONE', *, *, #1351, .F. ) ;
#2873 = EDGE_CURVE ( 'NONE', #62, #3761, #5217, .T. ) ;
#2874 = DIRECTION ( 'NONE',  ( 0.000000000000000000, 1.000000000000000000, 0.000000000000000000 ) ) ;
#2875 = VERTEX_POINT ( 'NONE', #1651 ) ;
#2876 = LINE ( 'NONE', #1301, #3849 ) ;
#2877 = EDGE_LOOP ( 'NONE', ( #4124, #1082 ) ) ;
#2878 = EDGE_CURVE ( 'NONE', #1465, #2204, #4823, .T. ) ;
#2879 = LINE ( 'NONE', #3164, #5033 ) ;
#2880 = CARTESIAN_POINT ( 'NONE',  ( -3869.999999999977263, 1839.750000000022965, 580.0000000000000000 ) ) ;
#2881 = DIRECTION ( 'NONE',  ( 0.000000000000000000, -1.000000000000000000, 0.000000000000000000 ) ) ;
#2882 = AXIS2_PLACEMENT_3D ( 'NONE', #90, #4284, #4723 ) ;
#2883 = DIRECTION ( 'NONE',  ( 1.000000000000000000, 3.947459643111667973E-16, -0.000000000000000000 ) ) ;
#2884 = ORIENTED_EDGE ( 'NONE', *, *, #3084, .T. ) ;
#2885 = CYLINDRICAL_SURFACE ( 'NONE', #2882, 6.500000000000000888 ) ;
#2886 = CARTESIAN_POINT ( 'NONE',  ( -3353.999999999976808, 2.273181642920008017E-11, 474.9999999999998863 ) ) ;
#2887 = ORIENTED_EDGE ( 'NONE', *, *, #3450, .F. ) ;
#2888 = EDGE_CURVE ( 'NONE', #949, #702, #2597, .T. ) ;
#2889 = VECTOR ( 'NONE', #638, 1000.000000000000000 ) ;
#2890 = CARTESIAN_POINT ( 'NONE',  ( 15.90000000000017089, -214.9999999999999716, 10.90000000000000036 ) ) ;
#2891 = ORIENTED_EDGE ( 'NONE', *, *, #4506, .T. ) ;
#2892 = APPROVAL_PERSON_ORGANIZATION ( #2370, #2238, #1323 ) ;
#2893 = EDGE_CURVE ( 'NONE', #2978, #4796, #4023, .T. ) ;
#2894 = VECTOR ( 'NONE', #258, 1000.000000000000000 ) ;
#2895 = DIRECTION ( 'NONE',  ( 0.000000000000000000, 0.000000000000000000, -1.000000000000000000 ) ) ;
#2896 = CIRCLE ( 'NONE', #4417, 5.050000000000220979 ) ;
#2897 = ORIENTED_EDGE ( 'NONE', *, *, #2857, .T. ) ;
#2898 = PLANE ( 'NONE',  #878 ) ;
#2899 = COORDINATED_UNIVERSAL_TIME_OFFSET ( 8, 0, .AHEAD. ) ;
#2900 = ORIENTED_EDGE ( 'NONE', *, *, #9, .T. ) ;
#2901 = CARTESIAN_POINT ( 'NONE',  ( 15.90000000000017089, 1123.500000000000000, 15.90000000000000036 ) ) ;
#2902 = ORIENTED_EDGE ( 'NONE', *, *, #2601, .T. ) ;
#2903 = CARTESIAN_POINT ( 'NONE',  ( -3843.999999999977263, 15.00000000002273204, 54.99999999999990052 ) ) ;
#2904 = DIRECTION ( 'NONE',  ( 0.000000000000000000, -1.000000000000000000, 0.000000000000000000 ) ) ;
#2905 = CC_DESIGN_PERSON_AND_ORGANIZATION_ASSIGNMENT ( #132, #4201, ( #2808 ) ) ;
#2906 = VECTOR ( 'NONE', #3637, 1000.000000000000000 ) ;
#2907 = PLANE ( 'NONE',  #1812 ) ;
#2908 = CARTESIAN_POINT ( 'NONE',  ( 33.00000000000018474, -1014.999999999999886, 27.00000000000001066 ) ) ;
#2909 = AXIS2_PLACEMENT_3D ( 'NONE', #4062, #5355, #3234 ) ;
#2910 = CARTESIAN_POINT ( 'NONE',  ( -3894.799999999977445, 1810.250000000022737, 580.0000000000000000 ) ) ;
#2911 = DIRECTION ( 'NONE',  ( 0.000000000000000000, 1.000000000000000000, 0.000000000000000000 ) ) ;
#2912 = CARTESIAN_POINT ( 'NONE',  ( 33.00000000000018474, -615.0000000000000000, 27.00000000000001066 ) ) ;
#2913 = DIRECTION ( 'NONE',  ( 0.000000000000000000, -0.000000000000000000, 1.000000000000000000 ) ) ;
#2914 = APPLICATION_CONTEXT ( 'configuration controlled 3d designs of mechanical parts and assemblies' ) ;
#2915 = ORIENTED_EDGE ( 'NONE', *, *, #1215, .T. ) ;
#2916 = CARTESIAN_POINT ( 'NONE',  ( -3884.099999999977626, 2348.500000000022737, 596.0000000000000000 ) ) ;
#2917 = VECTOR ( 'NONE', #4143, 1000.000000000000000 ) ;
#2918 = ORIENTED_EDGE ( 'NONE', *, *, #955, .T. ) ;
#2919 = AXIS2_PLACEMENT_3D ( 'NONE', #2699, #3117, #2749 ) ;
#2920 = DIRECTION ( 'NONE',  ( -0.000000000000000000, 1.000000000000000000, -0.000000000000000000 ) ) ;
#2921 = DIRECTION ( 'NONE',  ( 0.000000000000000000, -1.000000000000000000, 0.000000000000000000 ) ) ;
#2922 = DIRECTION ( 'NONE',  ( 0.000000000000000000, 1.000000000000000000, 0.000000000000000000 ) ) ;
#2923 = ORIENTED_EDGE ( 'NONE', *, *, #4908, .F. ) ;
#2924 = VERTEX_POINT ( 'NONE', #4569 ) ;
#2925 = EDGE_CURVE ( 'NONE', #2978, #2458, #1468, .T. ) ;
#2926 = AXIS2_PLACEMENT_3D ( 'NONE', #1490, #696, #5428 ) ;
#2927 = ORIENTED_EDGE ( 'NONE', *, *, #2508, .T. ) ;
#2928 = DIRECTION ( 'NONE',  ( 0.000000000000000000, 0.000000000000000000, -1.000000000000000000 ) ) ;
#2929 = ORIENTED_EDGE ( 'NONE', *, *, #1086, .T. ) ;
#2930 = CARTESIAN_POINT ( 'NONE',  ( -3353.999999999976808, 100.0000000000227374, 54.99999999999990052 ) ) ;
#2931 = LOCAL_TIME ( 9, 50, 6.000000000000000000, #2673 ) ;
#2932 = DIRECTION ( 'NONE',  ( 0.000000000000000000, 1.000000000000000000, 0.000000000000000000 ) ) ;
#2933 = ORIENTED_EDGE ( 'NONE', *, *, #154, .T. ) ;
#2934 = VERTEX_POINT ( 'NONE', #4647 ) ;
#2935 = SECURITY_CLASSIFICATION_LEVEL ( 'unclassified' ) ;
#2936 = LOCAL_TIME ( 9, 50, 6.000000000000000000, #2015 ) ;
#2937 = CARTESIAN_POINT ( 'NONE',  ( 33.00000000000018474, 1015.000000000000114, 27.00000000000001066 ) ) ;
#2938 = PLANE ( 'NONE',  #1354 ) ;
#2939 = DIRECTION ( 'NONE',  ( 1.261617073437677999E-16, 0.000000000000000000, 1.000000000000000000 ) ) ;
#2940 = FACE_OUTER_BOUND ( 'NONE', #1197, .T. ) ;
#2941 = CARTESIAN_POINT ( 'NONE',  ( 15.90000000000017089, -1125.000000000000000, 15.90000000000000036 ) ) ;
#2942 = CC_DESIGN_DATE_AND_TIME_ASSIGNMENT ( #251, #1792, ( #599 ) ) ;
#2943 = VERTEX_POINT ( 'NONE', #2064 ) ;
#2944 = CARTESIAN_POINT ( 'NONE',  ( 0.000000000000000000, 100.0000000000227374, 580.0000000000000000 ) ) ;
#2945 = LINE ( 'NONE', #4079, #5029 ) ;
#2946 = ADVANCED_FACE ( 'NONE', ( #4830 ), #4684, .F. ) ;
#2947 = FACE_OUTER_BOUND ( 'NONE', #1243, .T. ) ;
#2948 = VECTOR ( 'NONE', #4386, 1000.000000000000000 ) ;
#2949 = ORIENTED_EDGE ( 'NONE', *, *, #4683, .T. ) ;
#2950 = FACE_OUTER_BOUND ( 'NONE', #1015, .T. ) ;
#2951 = EDGE_CURVE ( 'NONE', #763, #3452, #4424, .T. ) ;
#2952 = ORIENTED_EDGE ( 'NONE', *, *, #783, .F. ) ;
#2953 = DIRECTION ( 'NONE',  ( 1.000000000000000000, -0.000000000000000000, -0.000000000000000000 ) ) ;
#2954 = FACE_OUTER_BOUND ( 'NONE', #755, .T. ) ;
#2955 = AXIS2_PLACEMENT_3D ( 'NONE', #1398, #4290, #5163 ) ;
#2956 = ORIENTED_EDGE ( 'NONE', *, *, #4398, .F. ) ;
#2957 = APPROVAL_DATE_TIME ( #4988, #2125 ) ;
#2958 = CARTESIAN_POINT ( 'NONE',  ( 33.00000000000018474, -615.0000000000000000, 0.000000000000000000 ) ) ;
#2959 = CARTESIAN_POINT ( 'NONE',  ( -3353.999999999976808, 85.00000000002273737, 529.0000000000001137 ) ) ;
#2960 = EDGE_CURVE ( 'NONE', #346, #4440, #1866, .T. ) ;
#2961 = AXIS2_PLACEMENT_3D ( 'NONE', #734, #4881, #4840 ) ;
#2962 = ORIENTED_EDGE ( 'NONE', *, *, #4953, .T. ) ;
#2963 = CARTESIAN_POINT ( 'NONE',  ( -28.00000000000001066, 985.0000000000001137, 27.00000000000000355 ) ) ;
#2964 = DIRECTION ( 'NONE',  ( -0.000000000000000000, -1.000000000000000000, -0.000000000000000000 ) ) ;
#2965 = ORIENTED_EDGE ( 'NONE', *, *, #2067, .T. ) ;
#2966 = ORIENTED_EDGE ( 'NONE', *, *, #2878, .F. ) ;
#2967 = DIRECTION ( 'NONE',  ( 0.000000000000000000, 1.000000000000000000, 0.000000000000000000 ) ) ;
#2968 = DIRECTION ( 'NONE',  ( 0.000000000000000000, 0.000000000000000000, -1.000000000000000000 ) ) ;
#2969 = CARTESIAN_POINT ( 'NONE',  ( -3894.799999999977445, 610.2500000000227374, 580.0000000000000000 ) ) ;
#2970 = ADVANCED_FACE ( 'NONE', ( #3122 ), #874, .F. ) ;
#2971 = CARTESIAN_POINT ( 'NONE',  ( -3894.799999999977445, 1010.250000000022510, 580.0000000000000000 ) ) ;
#2972 = VECTOR ( 'NONE', #5159, 1000.000000000000000 ) ;
#2973 = EDGE_LOOP ( 'NONE', ( #4390, #4642, #502, #4364 ) ) ;
#2974 = CARTESIAN_POINT ( 'NONE',  ( 1.708382284810557841E-13, 215.0000000000001990, 15.00000000000000000 ) ) ;
#2975 = EDGE_CURVE ( 'NONE', #4591, #1258, #881, .T. ) ;
#2976 = DIRECTION ( 'NONE',  ( 0.000000000000000000, -1.000000000000000000, 0.000000000000000000 ) ) ;
#2977 = CC_DESIGN_PERSON_AND_ORGANIZATION_ASSIGNMENT ( #3290, #5114, ( #430 ) ) ;
#2978 = VERTEX_POINT ( 'NONE', #3319 ) ;
#2979 = DIRECTION ( 'NONE',  ( 0.000000000000000000, -1.000000000000000000, 0.000000000000000000 ) ) ;
#2980 = LINE ( 'NONE', #4021, #753 ) ;
#2981 = EDGE_CURVE ( 'NONE', #3289, #2414, #4748, .T. ) ;
#2982 = ORIENTED_EDGE ( 'NONE', *, *, #139, .F. ) ;
#2983 = CARTESIAN_POINT ( 'NONE',  ( -3353.999999999976808, 100.0000000000227374, 529.0000000000001137 ) ) ;
#2984 = UNCERTAINTY_MEASURE_WITH_UNIT (LENGTH_MEASURE( 1.000000000000000082E-05 ), #1752, 'distance_accuracy_value', 'NONE');
#2985 = DIRECTION ( 'NONE',  ( -1.000000000000000000, 0.000000000000000000, -1.137523590804460124E-16 ) ) ;
#2986 = PLANE ( 'NONE',  #4918 ) ;
#2987 = ORIENTED_EDGE ( 'NONE', *, *, #5304, .F. ) ;
#2988 = DIRECTION ( 'NONE',  ( -0.000000000000000000, -0.000000000000000000, -1.000000000000000000 ) ) ;
#2989 = CARTESIAN_POINT ( 'NONE',  ( -3869.999999999976808, 0.000000000000000000, 580.0000000000000000 ) ) ;
#2990 = DIRECTION ( 'NONE',  ( 0.000000000000000000, 0.000000000000000000, 1.000000000000000000 ) ) ;
#2991 = ORIENTED_EDGE ( 'NONE', *, *, #322, .F. ) ;
#2992 = APPROVAL_STATUS ( 'not_yet_approved' ) ;
#2993 = DIRECTION ( 'NONE',  ( 0.000000000000000000, 0.000000000000000000, 1.000000000000000000 ) ) ;
#2994 = EDGE_LOOP ( 'NONE', ( #3584, #4655 ) ) ;
#2995 = EDGE_CURVE ( 'NONE', #2499, #2677, #1650, .T. ) ;
#2996 = AXIS2_PLACEMENT_3D ( 'NONE', #3432, #2658, #1768 ) ;
#2997 = DIRECTION ( 'NONE',  ( 0.000000000000000000, -1.000000000000000000, 0.000000000000000000 ) ) ;
#2998 = ORIENTED_EDGE ( 'NONE', *, *, #1095, .F. ) ;
#2999 = DIRECTION ( 'NONE',  ( 0.000000000000000000, -1.000000000000000000, 0.000000000000000000 ) ) ;
#3000 = DIRECTION ( 'NONE',  ( -0.000000000000000000, 1.000000000000000000, -0.000000000000000000 ) ) ;
#3001 = ADVANCED_FACE ( 'NONE', ( #751 ), #335, .T. ) ;
#3002 = VERTEX_POINT ( 'NONE', #2540 ) ;
#3003 = DIRECTION ( 'NONE',  ( 0.000000000000000000, 0.000000000000000000, -1.000000000000000000 ) ) ;
#3004 = EDGE_CURVE ( 'NONE', #3327, #2458, #5067, .T. ) ;
#3005 = DIRECTION ( 'NONE',  ( 3.947459643111667480E-16, -1.000000000000000000, 0.000000000000000000 ) ) ;
#3006 = ORIENTED_EDGE ( 'NONE', *, *, #3146, .T. ) ;
#3007 = ORIENTED_EDGE ( 'NONE', *, *, #4265, .T. ) ;
#3008 = CARTESIAN_POINT ( 'NONE',  ( -3843.999999999977263, 15.00000000002273204, 82.00000000000001421 ) ) ;
#3009 = APPROVAL_ROLE ( '' ) ;
#3010 = VERTEX_POINT ( 'NONE', #3377 ) ;
#3011 = DIRECTION ( 'NONE',  ( 1.261617073437678245E-16, 0.000000000000000000, 1.000000000000000000 ) ) ;
#3012 = CC_DESIGN_PERSON_AND_ORGANIZATION_ASSIGNMENT ( #4010, #2436, ( #5036 ) ) ;
#3013 = VECTOR ( 'NONE', #3844, 1000.000000000000000 ) ;
#3014 = ORIENTED_EDGE ( 'NONE', *, *, #3004, .T. ) ;
#3015 = AXIS2_PLACEMENT_3D ( 'NONE', #4012, #1961, #4397 ) ;
#3016 = CARTESIAN_POINT ( 'NONE',  ( -3843.999999999977263, 85.00000000002273737, 474.9999999999998863 ) ) ;
#3017 = LINE ( 'NONE', #1062, #1902 ) ;
#3018 = ORIENTED_EDGE ( 'NONE', *, *, #2592, .T. ) ;
#3019 = DIRECTION ( 'NONE',  ( 0.000000000000000000, -0.000000000000000000, -1.000000000000000000 ) ) ;
#3020 = FACE_OUTER_BOUND ( 'NONE', #4610, .T. ) ;
#3021 = DIRECTION ( 'NONE',  ( 0.000000000000000000, -1.000000000000000000, 0.000000000000000000 ) ) ;
#3022 = EDGE_CURVE ( 'NONE', #4520, #4163, #3819, .T. ) ;
#3023 = CARTESIAN_POINT ( 'NONE',  ( -3353.999999999976808, 100.0000000000227374, 502.0000000000000000 ) ) ;
#3024 = DIRECTION ( 'NONE',  ( 0.000000000000000000, 0.000000000000000000, 1.000000000000000000 ) ) ;
#3025 = ADVANCED_FACE ( 'NONE', ( #401 ), #1716, .F. ) ;
#3026 = DIRECTION ( 'NONE',  ( 0.000000000000000000, -1.000000000000000000, 0.000000000000000000 ) ) ;
#3027 = CARTESIAN_POINT ( 'NONE',  ( -3894.799999999977445, 1010.250000000022510, 580.0000000000000000 ) ) ;
#3028 = VERTEX_POINT ( 'NONE', #4688 ) ;
#3029 = AXIS2_PLACEMENT_3D ( 'NONE', #167, #1438, #5222 ) ;
#3030 = VECTOR ( 'NONE', #3162, 1000.000000000000000 ) ;
#3031 = ORIENTED_EDGE ( 'NONE', *, *, #4075, .T. ) ;
#3032 = CARTESIAN_POINT ( 'NONE',  ( -3843.999999999977263, 2.273181642920008017E-11, 502.0000000000000000 ) ) ;
#3033 = LOCAL_TIME ( 9, 50, 6.000000000000000000, #5128 ) ;
#3034 = CIRCLE ( 'NONE', #3239, 8.000000000000007105 ) ;
#3035 = LINE ( 'NONE', #3548, #1510 ) ;
#3036 = EDGE_CURVE ( 'NONE', #3002, #4052, #5212, .T. ) ;
#3037 = AXIS2_PLACEMENT_3D ( 'NONE', #1229, #4156, #1649 ) ;
#3038 = LINE ( 'NONE', #205, #1915 ) ;
#3039 = VERTEX_POINT ( 'NONE', #2640 ) ;
#3040 = VERTEX_POINT ( 'NONE', #547 ) ;
#3041 = CARTESIAN_POINT ( 'NONE',  ( -3884.099999999977626, 210.2500000000227374, 596.0000000000000000 ) ) ;
#3042 = DIRECTION ( 'NONE',  ( 0.000000000000000000, 1.000000000000000000, -0.000000000000000000 ) ) ;
#3043 = DIRECTION ( 'NONE',  ( 0.000000000000000000, 0.000000000000000000, -1.000000000000000000 ) ) ;
#3044 = DIRECTION ( 'NONE',  ( -1.000000000000000000, 0.000000000000000000, -0.000000000000000000 ) ) ;
#3045 = CARTESIAN_POINT ( 'NONE',  ( 0.000000000000000000, 0.000000000000000000, 0.000000000000000000 ) ) ;
#3046 = LINE ( 'NONE', #4597, #3447 ) ;
#3047 = CYLINDRICAL_SURFACE ( 'NONE', #1737, 27.00000000000013500 ) ;
#3048 = AXIS2_PLACEMENT_3D ( 'NONE', #3512, #2291, #2271 ) ;
#3049 = ADVANCED_FACE ( 'NONE', ( #472, #2514 ), #5089, .T. ) ;
#3050 = ORIENTED_EDGE ( 'NONE', *, *, #1434, .T. ) ;
#3051 = CARTESIAN_POINT ( 'NONE',  ( -3353.999999999976808, 85.00000000002273737, 102.0000000000001990 ) ) ;
#3052 = EDGE_CURVE ( 'NONE', #1239, #2799, #3635, .T. ) ;
#3053 = DIRECTION ( 'NONE',  ( 0.000000000000000000, 0.000000000000000000, 1.000000000000000000 ) ) ;
#3054 = VERTEX_POINT ( 'NONE', #4256 ) ;
#3055 = DIRECTION ( 'NONE',  ( 0.000000000000000000, 0.000000000000000000, 1.000000000000000000 ) ) ;
#3056 = APPLICATION_CONTEXT ( 'configuration controlled 3d designs of mechanical parts and assemblies' ) ;
#3057 = EDGE_LOOP ( 'NONE', ( #5321, #2817, #5218, #2671 ) ) ;
#3058 = AXIS2_PLACEMENT_3D ( 'NONE', #1613, #3714, #345 ) ;
#3059 = CARTESIAN_POINT ( 'NONE',  ( -3894.799999999977445, 1010.250000000022510, 580.0000000000000000 ) ) ;
#3060 = ORIENTED_EDGE ( 'NONE', *, *, #5384, .T. ) ;
#3061 = ORIENTED_EDGE ( 'NONE', *, *, #1925, .T. ) ;
#3062 = APPROVAL_PERSON_ORGANIZATION ( #4226, #1008, #3191 ) ;
#3063 = EDGE_CURVE ( 'NONE', #3289, #3765, #147, .T. ) ;
#3064 = AXIS2_PLACEMENT_3D ( 'NONE', #3207, #1552, #3639 ) ;
#3065 = CARTESIAN_POINT ( 'NONE',  ( 15.00000000000016875, 0.000000000000000000, 0.000000000000000000 ) ) ;
#3066 = CARTESIAN_POINT ( 'NONE',  ( 15.00000000000016875, 1125.000000000000000, 0.000000000000000000 ) ) ;
#3067 = VERTEX_POINT ( 'NONE', #5229 ) ;
#3068 = PLANE ( 'NONE',  #2350 ) ;
#3069 = ORIENTED_EDGE ( 'NONE', *, *, #2050, .T. ) ;
#3070 = APPROVAL_PERSON_ORGANIZATION ( #3536, #4316, #5461 ) ;
#3071 = VERTEX_POINT ( 'NONE', #3970 ) ;
#3072 = EDGE_CURVE ( 'NONE', #2208, #494, #628, .T. ) ;
#3073 = FACE_OUTER_BOUND ( 'NONE', #4941, .T. ) ;
#3074 = CARTESIAN_POINT ( 'NONE',  ( 6.450000000000001066, 0.000000000000000000, 0.000000000000000000 ) ) ;
#3075 = LOCAL_TIME ( 9, 50, 6.000000000000000000, #1105 ) ;
#3076 = VECTOR ( 'NONE', #3024, 1000.000000000000000 ) ;
#3077 = CARTESIAN_POINT ( 'NONE',  ( -3329.999999999977263, -6.572520305780882291E-13, 580.0000000000000000 ) ) ;
#3078 = CARTESIAN_POINT ( 'NONE',  ( -3884.099999999977626, 2210.250000000022283, 596.0000000000000000 ) ) ;
#3079 = VERTEX_POINT ( 'NONE', #5253 ) ;
#3080 = ADVANCED_FACE ( 'NONE', ( #3295 ), #5055, .F. ) ;
#3081 = CARTESIAN_POINT ( 'NONE',  ( -3353.999999999976808, 15.00000000002273204, 481.9999999999998295 ) ) ;
#3082 = DIRECTION ( 'NONE',  ( -1.000000000000000000, 0.000000000000000000, -0.000000000000000000 ) ) ;
#3083 = FACE_OUTER_BOUND ( 'NONE', #4701, .T. ) ;
#3084 = EDGE_CURVE ( 'NONE', #1533, #5329, #2657, .T. ) ;
#3085 = LINE ( 'NONE', #3834, #2161 ) ;
#3086 = CC_DESIGN_APPROVAL ( #2238, ( #2808 ) ) ;
#3087 = VERTEX_POINT ( 'NONE', #4110 ) ;
#3088 = VECTOR ( 'NONE', #970, 1000.000000000000000 ) ;
#3089 = DIRECTION ( 'NONE',  ( 0.000000000000000000, -0.000000000000000000, 1.000000000000000000 ) ) ;
#3090 = LOCAL_TIME ( 9, 50, 6.000000000000000000, #3223 ) ;
#3091 = ORIENTED_EDGE ( 'NONE', *, *, #260, .T. ) ;
#3092 = AXIS2_PLACEMENT_3D ( 'NONE', #1297, #2979, #4230 ) ;
#3093 = CARTESIAN_POINT ( 'NONE',  ( -28.00000000000001066, -214.9999999999999432, 27.00000000000000355 ) ) ;
#3094 = ADVANCED_FACE ( 'NONE', ( #4127 ), #4982, .T. ) ;
#3095 = CARTESIAN_POINT ( 'NONE',  ( 0.000000000000000000, 0.000000000000000000, 999.0000000000000000 ) ) ;
#3096 = DIRECTION ( 'NONE',  ( -0.000000000000000000, -0.000000000000000000, -1.000000000000000000 ) ) ;
#3097 = ORIENTED_EDGE ( 'NONE', *, *, #1949, .F. ) ;
#3098 = DIRECTION ( 'NONE',  ( -0.000000000000000000, 1.000000000000000000, -0.000000000000000000 ) ) ;
#3099 = CARTESIAN_POINT ( 'NONE',  ( -3353.999999999976808, 85.00000000002273737, 82.00000000000001421 ) ) ;
#3100 = DIRECTION ( 'NONE',  ( 0.000000000000000000, 0.000000000000000000, 1.000000000000000000 ) ) ;
#3101 = DIRECTION ( 'NONE',  ( 0.000000000000000000, 0.000000000000000000, 1.000000000000000000 ) ) ;
#3102 = ORIENTED_EDGE ( 'NONE', *, *, #2975, .F. ) ;
#3103 = ORIENTED_EDGE ( 'NONE', *, *, #2609, .T. ) ;
#3104 = CYLINDRICAL_SURFACE ( 'NONE', #2141, 8.000000000000007105 ) ;
#3105 = DIRECTION ( 'NONE',  ( 0.000000000000000000, 0.000000000000000000, 1.000000000000000000 ) ) ;
#3106 = CARTESIAN_POINT ( 'NONE',  ( -28.00000000000001066, 215.0000000000001990, 27.00000000000000355 ) ) ;
#3107 = CIRCLE ( 'NONE', #4059, 5.000000000000000888 ) ;
#3108 = ORIENTED_EDGE ( 'NONE', *, *, #2888, .T. ) ;
#3109 = EDGE_CURVE ( 'NONE', #792, #7, #3034, .T. ) ;
#3110 = CYLINDRICAL_SURFACE ( 'NONE', #5459, 5.050000000000220979 ) ;
#3111 = ADVANCED_FACE ( 'NONE', ( #1573 ), #2898, .T. ) ;
#3112 = PRODUCT_DEFINITION_FORMATION_WITH_SPECIFIED_SOURCE ( '任何', '', #2582, .NOT_KNOWN. ) ;
#3113 = CARTESIAN_POINT ( 'NONE',  ( -3894.799999999977445, 610.2500000000227374, 580.0000000000000000 ) ) ;
#3114 = FACE_OUTER_BOUND ( 'NONE', #5009, .T. ) ;
#3115 = LINE ( 'NONE', #566, #3954 ) ;
#3116 = ORIENTED_EDGE ( 'NONE', *, *, #3754, .F. ) ;
#3117 = DIRECTION ( 'NONE',  ( 0.000000000000000000, -1.000000000000000000, 0.000000000000000000 ) ) ;
#3118 = VECTOR ( 'NONE', #5022, 1000.000000000000000 ) ;
#3119 = DIRECTION ( 'NONE',  ( 0.000000000000000000, 0.000000000000000000, 1.000000000000000000 ) ) ;
#3120 = FACE_OUTER_BOUND ( 'NONE', #5360, .T. ) ;
#3121 = DIRECTION ( 'NONE',  ( -0.000000000000000000, 1.000000000000000000, -0.000000000000000000 ) ) ;
#3122 = FACE_OUTER_BOUND ( 'NONE', #1213, .T. ) ;
#3123 = ORIENTED_EDGE ( 'NONE', *, *, #2805, .T. ) ;
#3124 = PLANE ( 'NONE',  #2758 ) ;
#3125 = ORIENTED_EDGE ( 'NONE', *, *, #2283, .T. ) ;
#3126 = DIRECTION ( 'NONE',  ( -0.000000000000000000, 1.000000000000000000, -0.000000000000000000 ) ) ;
#3127 = EDGE_LOOP ( 'NONE', ( #1131, #5221, #3018, #463 ) ) ;
#3128 = CARTESIAN_POINT ( 'NONE',  ( -3894.799999999977445, 2239.750000000022737, 580.0000000000000000 ) ) ;
#3129 = CARTESIAN_POINT ( 'NONE',  ( 15.00000000000016875, 615.0000000000001137, 0.000000000000000000 ) ) ;
#3130 = AXIS2_PLACEMENT_3D ( 'NONE', #760, #4476, #1128 ) ;
#3131 = ORIENTED_EDGE ( 'NONE', *, *, #3848, .F. ) ;
#3132 = ORIENTED_EDGE ( 'NONE', *, *, #731, .F. ) ;
#3133 = DIRECTION ( 'NONE',  ( -1.000000000000000000, 0.000000000000000000, -1.137523590804460124E-16 ) ) ;
#3134 = APPROVAL_PERSON_ORGANIZATION ( #4359, #4969, #4442 ) ;
#3135 = EDGE_CURVE ( 'NONE', #1022, #3796, #202, .T. ) ;
#3136 = DIRECTION ( 'NONE',  ( 0.000000000000000000, 0.000000000000000000, 1.000000000000000000 ) ) ;
#3137 = EDGE_LOOP ( 'NONE', ( #3402, #2183, #3338, #952, #1463 ) ) ;
#3138 = AXIS2_PLACEMENT_3D ( 'NONE', #5149, #2647, #880 ) ;
#3139 = ORIENTED_EDGE ( 'NONE', *, *, #1176, .T. ) ;
#3140 = ADVANCED_FACE ( 'NONE', ( #4811 ), #1000, .F. ) ;
#3141 = DIRECTION ( 'NONE',  ( 1.000000000000000000, -0.000000000000000000, -0.000000000000000000 ) ) ;
#3142 = CARTESIAN_POINT ( 'NONE',  ( 15.90000000000017089, -585.0000000000000000, 20.90000000000000213 ) ) ;
#3143 = CALENDAR_DATE ( 2026, 27, 5 ) ;
#3144 = ORIENTED_EDGE ( 'NONE', *, *, #1958, .T. ) ;
#3145 = ORIENTED_EDGE ( 'NONE', *, *, #4065, .T. ) ;
#3146 = EDGE_CURVE ( 'NONE', #1163, #705, #3742, .T. ) ;
#3147 = DIRECTION ( 'NONE',  ( -1.000000000000000000, 0.000000000000000000, 0.000000000000000000 ) ) ;
#3148 = DIRECTION ( 'NONE',  ( 0.000000000000000000, 0.000000000000000000, -1.000000000000000000 ) ) ;
#3149 = CIRCLE ( 'NONE', #1822, 20.00000000000018474 ) ;
#3150 = ORIENTED_EDGE ( 'NONE', *, *, #4706, .F. ) ;
#3151 = FACE_OUTER_BOUND ( 'NONE', #4444, .T. ) ;
#3152 = CARTESIAN_POINT ( 'NONE',  ( -3886.799999999977445, 1810.250000000022737, 604.7999999999999545 ) ) ;
#3153 = LINE ( 'NONE', #964, #112 ) ;
#3154 = ORIENTED_EDGE ( 'NONE', *, *, #4265, .F. ) ;
#3155 = DIRECTION ( 'NONE',  ( 1.000000000000000000, -0.000000000000000000, -0.000000000000000000 ) ) ;
#3156 = VECTOR ( 'NONE', #3668, 1000.000000000000000 ) ;
#3157 = PLANE ( 'NONE',  #3328 ) ;
#3158 = VERTEX_POINT ( 'NONE', #3841 ) ;
#3159 = EDGE_CURVE ( 'NONE', #342, #4163, #796, .T. ) ;
#3160 = VECTOR ( 'NONE', #4415, 1000.000000000000000 ) ;
#3161 = APPROVAL_PERSON_ORGANIZATION ( #5382, #4971, #1753 ) ;
#3162 = DIRECTION ( 'NONE',  ( 0.000000000000000000, 1.000000000000000000, 0.000000000000000000 ) ) ;
#3163 = EDGE_CURVE ( 'NONE', #3071, #2068, #126, .T. ) ;
#3164 = CARTESIAN_POINT ( 'NONE',  ( -3869.999999999976808, 130.0000000000227658, 580.0000000000000000 ) ) ;
#3165 = ORIENTED_EDGE ( 'NONE', *, *, #2025, .F. ) ;
#3166 = DIRECTION ( 'NONE',  ( 0.000000000000000000, -1.000000000000000000, -0.000000000000000000 ) ) ;
#3167 = CARTESIAN_POINT ( 'NONE',  ( 33.00000000000018474, 1015.000000000000114, 0.000000000000000000 ) ) ;
#3168 = ADVANCED_FACE ( 'NONE', ( #2631 ), #855, .T. ) ;
#3169 = EDGE_CURVE ( 'NONE', #4595, #1679, #859, .T. ) ;
#3170 = LINE ( 'NONE', #5311, #5267 ) ;
#3171 = FACE_OUTER_BOUND ( 'NONE', #1654, .T. ) ;
#3172 = VERTEX_POINT ( 'NONE', #4220 ) ;
#3173 = AXIS2_PLACEMENT_3D ( 'NONE', #1656, #4594, #2087 ) ;
#3174 = DATE_AND_TIME ( #2843, #539 ) ;
#3175 = DIRECTION ( 'NONE',  ( -0.000000000000000000, 1.000000000000000000, -0.000000000000000000 ) ) ;
#3176 = ORIENTED_EDGE ( 'NONE', *, *, #2832, .T. ) ;
#3177 = VERTEX_POINT ( 'NONE', #2103 ) ;
#3178 = CARTESIAN_POINT ( 'NONE',  ( -3329.999999999977263, -6.572520305780882291E-13, 580.0000000000000000 ) ) ;
#3179 = DIRECTION ( 'NONE',  ( 0.000000000000000000, 0.000000000000000000, 1.000000000000000000 ) ) ;
#3180 = EDGE_CURVE ( 'NONE', #5040, #1885, #4922, .T. ) ;
#3181 = AXIS2_PLACEMENT_3D ( 'NONE', #1535, #1929, #4463 ) ;
#3182 = FACE_BOUND ( 'NONE', #1897, .T. ) ;
#3183 = DIRECTION ( 'NONE',  ( -1.000000000000000000, -0.000000000000000000, -1.137523590804460124E-16 ) ) ;
#3184 = FACE_BOUND ( 'NONE', #4665, .T. ) ;
#3185 = DIRECTION ( 'NONE',  ( 1.000000000000000000, 0.000000000000000000, -0.000000000000000000 ) ) ;
#3186 = FACE_OUTER_BOUND ( 'NONE', #1041, .T. ) ;
#3187 = EDGE_CURVE ( 'NONE', #1208, #3678, #4060, .T. ) ;
#3188 = ORIENTED_EDGE ( 'NONE', *, *, #1628, .T. ) ;
#3189 = VECTOR ( 'NONE', #1360, 1000.000000000000000 ) ;
#3190 = CARTESIAN_POINT ( 'NONE',  ( 15.00000000000016875, 185.0000000000001705, 0.000000000000000000 ) ) ;
#3191 = APPROVAL_ROLE ( '' ) ;
#3192 = EDGE_LOOP ( 'NONE', ( #3257, #291, #1341, #4740 ) ) ;
#3193 = EDGE_CURVE ( 'NONE', #2667, #1258, #3733, .T. ) ;
#3194 = ADVANCED_FACE ( 'NONE', ( #446 ), #5071, .T. ) ;
#3195 = CC_DESIGN_PERSON_AND_ORGANIZATION_ASSIGNMENT ( #1605, #4305, ( #3916 ) ) ;
#3196 = CARTESIAN_POINT ( 'NONE',  ( -3869.999999999977263, 210.2500000000227374, 596.7999999999999545 ) ) ;
#3197 = ORIENTED_EDGE ( 'NONE', *, *, #4914, .T. ) ;
#3198 = EDGE_LOOP ( 'NONE', ( #4216, #2781, #2716, #5091 ) ) ;
#3199 = CC_DESIGN_APPROVAL ( #3965, ( #3807 ) ) ;
#3200 = VERTEX_POINT ( 'NONE', #2565 ) ;
#3201 = ORIENTED_EDGE ( 'NONE', *, *, #4232, .F. ) ;
#3202 = AXIS2_PLACEMENT_3D ( 'NONE', #1970, #4920, #729 ) ;
#3203 = CIRCLE ( 'NONE', #2961, 8.000000000000007105 ) ;
#3204 = ORIENTED_EDGE ( 'NONE', *, *, #544, .F. ) ;
#3205 = CARTESIAN_POINT ( 'NONE',  ( -3869.999999999976808, 1439.750000000022737, 580.0000000000000000 ) ) ;
#3206 = EDGE_LOOP ( 'NONE', ( #3718, #2518, #3691, #5298 ) ) ;
#3207 = CARTESIAN_POINT ( 'NONE',  ( 0.000000000000000000, 2320.000000000022737, 580.0000000000000000 ) ) ;
#3208 = AXIS2_PLACEMENT_3D ( 'NONE', #134, #570, #1848 ) ;
#3209 = CIRCLE ( 'NONE', #4238, 5.050000000000220979 ) ;
#3210 = EDGE_LOOP ( 'NONE', ( #1755, #3132, #4600, #2789 ) ) ;
#3211 = DIRECTION ( 'NONE',  ( -0.000000000000000000, -0.000000000000000000, 1.000000000000000000 ) ) ;
#3212 = CARTESIAN_POINT ( 'NONE',  ( -3894.799999999977445, 2210.250000000022283, 596.7999999999999545 ) ) ;
#3213 = VECTOR ( 'NONE', #676, 1000.000000000000000 ) ;
#3214 = CYLINDRICAL_SURFACE ( 'NONE', #3029, 5.000000000000000888 ) ;
#3215 = ORIENTED_EDGE ( 'NONE', *, *, #990, .F. ) ;
#3216 = EDGE_CURVE ( 'NONE', #2875, #1504, #2302, .T. ) ;
#3217 = APPROVAL ( #1592, '未指定' ) ;
#3218 = VECTOR ( 'NONE', #1759, 1000.000000000000000 ) ;
#3219 = PLANE ( 'NONE',  #3484 ) ;
#3220 = LINE ( 'NONE', #3783, #3613 ) ;
#3221 = VERTEX_POINT ( 'NONE', #1850 ) ;
#3222 = FACE_BOUND ( 'NONE', #1122, .T. ) ;
#3223 = COORDINATED_UNIVERSAL_TIME_OFFSET ( 8, 0, .AHEAD. ) ;
#3224 = DIRECTION ( 'NONE',  ( 0.000000000000000000, -1.000000000000000000, 0.000000000000000000 ) ) ;
#3225 = PLANE ( 'NONE',  #3064 ) ;
#3226 = VECTOR ( 'NONE', #2153, 1000.000000000000000 ) ;
#3227 = ORIENTED_EDGE ( 'NONE', *, *, #1442, .F. ) ;
#3228 = CIRCLE ( 'NONE', #4518, 8.000000000000007105 ) ;
#3229 = ORGANIZATION ( 'NAUO-ORG1', 'UNSPECIFIED', 'UNSPECIFIED' ) ;
#3230 = ORIENTED_EDGE ( 'NONE', *, *, #1908, .T. ) ;
#3231 = APPROVAL_PERSON_ORGANIZATION ( #4121, #1952, #5072 ) ;
#3232 = AXIS2_PLACEMENT_3D ( 'NONE', #3499, #1346, #995 ) ;
#3233 = CARTESIAN_POINT ( 'NONE',  ( -3894.799999999977445, 2210.250000000022283, 580.0000000000000000 ) ) ;
#3234 = DIRECTION ( 'NONE',  ( 0.000000000000000000, 0.000000000000000000, -1.000000000000000000 ) ) ;
#3235 = ORIENTED_EDGE ( 'NONE', *, *, #4743, .F. ) ;
#3236 = EDGE_LOOP ( 'NONE', ( #2306, #5417, #4732, #2049, #3846, #2798 ) ) ;
#3237 = VECTOR ( 'NONE', #3357, 1000.000000000000000 ) ;
#3238 = EDGE_CURVE ( 'NONE', #4875, #3911, #4800, .T. ) ;
#3239 = AXIS2_PLACEMENT_3D ( 'NONE', #364, #4125, #3334 ) ;
#3240 = ORIENTED_EDGE ( 'NONE', *, *, #4454, .F. ) ;
#3241 = DIRECTION ( 'NONE',  ( 0.000000000000000000, 0.000000000000000000, 1.000000000000000000 ) ) ;
#3242 = CYLINDRICAL_SURFACE ( 'NONE', #5299, 5.000000000000000888 ) ;
#3243 = ADVANCED_FACE ( 'NONE', ( #674 ), #3672, .T. ) ;
#3244 = FACE_OUTER_BOUND ( 'NONE', #3391, .T. ) ;
#3245 = CARTESIAN_POINT ( 'NONE',  ( -28.00000000000001066, -615.0000000000000000, 27.00000000000000355 ) ) ;
#3246 = EDGE_LOOP ( 'NONE', ( #4259, #2644, #3741, #4856 ) ) ;
#3247 = EDGE_CURVE ( 'NONE', #4898, #4287, #4984, .T. ) ;
#3248 = AXIS2_PLACEMENT_3D ( 'NONE', #78, #3026, #3455 ) ;
#3249 = DIRECTION ( 'NONE',  ( -0.000000000000000000, 1.000000000000000000, -0.000000000000000000 ) ) ;
#3250 = DIRECTION ( 'NONE',  ( 0.000000000000000000, -0.000000000000000000, 1.000000000000000000 ) ) ;
#3251 = VERTEX_POINT ( 'NONE', #3312 ) ;
#3252 = DIRECTION ( 'NONE',  ( -0.000000000000000000, 1.000000000000000000, -0.000000000000000000 ) ) ;
#3253 = CARTESIAN_POINT ( 'NONE',  ( 1.708382284810557841E-13, -984.9999999999998863, 30.00000000000000000 ) ) ;
#3254 = ORIENTED_EDGE ( 'NONE', *, *, #4351, .T. ) ;
#3255 = ORIENTED_EDGE ( 'NONE', *, *, #731, .T. ) ;
#3256 = CARTESIAN_POINT ( 'NONE',  ( -3877.999999999977263, 1439.750000000022737, 596.7999999999999545 ) ) ;
#3257 = ORIENTED_EDGE ( 'NONE', *, *, #4413, .T. ) ;
#3258 = EDGE_CURVE ( 'NONE', #792, #3281, #5319, .T. ) ;
#3259 = VERTEX_POINT ( 'NONE', #4503 ) ;
#3260 = SHAPE_DEFINITION_REPRESENTATION ( #1328, #2269 ) ;
#3261 = CC_DESIGN_PERSON_AND_ORGANIZATION_ASSIGNMENT ( #5185, #4182, ( #380 ) ) ;
#3262 = DIRECTION ( 'NONE',  ( 0.000000000000000000, 1.000000000000000000, 0.000000000000000000 ) ) ;
#3263 = ORIENTED_EDGE ( 'NONE', *, *, #3305, .F. ) ;
#3264 = VERTEX_POINT ( 'NONE', #4548 ) ;
#3265 = EDGE_CURVE ( 'NONE', #2260, #5083, #3557, .T. ) ;
#3266 = DIRECTION ( 'NONE',  ( 0.000000000000000000, 0.000000000000000000, -1.000000000000000000 ) ) ;
#3267 = DIRECTION ( 'NONE',  ( 1.261617073437677999E-16, 0.000000000000000000, 1.000000000000000000 ) ) ;
#3268 = CARTESIAN_POINT ( 'NONE',  ( -3869.999999999977263, 1039.750000000022510, 596.7999999999999545 ) ) ;
#3269 = ORIENTED_EDGE ( 'NONE', *, *, #4130, .T. ) ;
#3270 = CIRCLE ( 'NONE', #3058, 8.000000000000007105 ) ;
#3271 = CARTESIAN_POINT ( 'NONE',  ( 1.708382284810557841E-13, -1125.000000000000000, 30.00000000000000000 ) ) ;
#3272 = CARTESIAN_POINT ( 'NONE',  ( 33.00000000000018474, -985.0000000000000000, 27.00000000000001066 ) ) ;
#3273 = EDGE_LOOP ( 'NONE', ( #2431, #1574 ) ) ;
#3274 = DIRECTION ( 'NONE',  ( 1.000000000000000000, 0.000000000000000000, -0.000000000000000000 ) ) ;
#3275 = FACE_OUTER_BOUND ( 'NONE', #2112, .T. ) ;
#3276 = EDGE_CURVE ( 'NONE', #765, #5059, #3933, .T. ) ;
#3277 = AXIS2_PLACEMENT_3D ( 'NONE', #1336, #91, #3053 ) ;
#3278 = PRODUCT_DEFINITION_SHAPE ( 'NONE', 'NONE',  #2653 ) ;
#3279 = CYLINDRICAL_SURFACE ( 'NONE', #3495, 27.00000000000013500 ) ;
#3280 = CARTESIAN_POINT ( 'NONE',  ( 15.90000000000017089, -585.0000000000000000, 15.90000000000000036 ) ) ;
#3281 = VERTEX_POINT ( 'NONE', #837 ) ;
#3282 = CIRCLE ( 'NONE', #1395, 6.450000000000001066 ) ;
#3283 = EDGE_CURVE ( 'NONE', #1779, #1450, #3868, .T. ) ;
#3284 = EDGE_LOOP ( 'NONE', ( #1686, #1806 ) ) ;
#3285 = CIRCLE ( 'NONE', #2909, 27.00000000000011369 ) ;
#3286 = APPROVAL_DATE_TIME ( #1906, #4971 ) ;
#3287 = DIRECTION ( 'NONE',  ( 0.000000000000000000, 0.000000000000000000, 1.000000000000000000 ) ) ;
#3288 = CIRCLE ( 'NONE', #2687, 27.00000000000013500 ) ;
#3289 = VERTEX_POINT ( 'NONE', #4150 ) ;
#3290 = PERSON_AND_ORGANIZATION ( #413, #3566 ) ;
#3291 = CARTESIAN_POINT ( 'NONE',  ( -3894.799999999977445, 1410.250000000022737, 596.7999999999999545 ) ) ;
#3292 = CC_DESIGN_APPROVAL ( #1008, ( #4406 ) ) ;
#3293 = VERTEX_POINT ( 'NONE', #1242 ) ;
#3294 = DATE_AND_TIME ( #69, #1704 ) ;
#3295 = FACE_OUTER_BOUND ( 'NONE', #4183, .T. ) ;
#3296 = DIRECTION ( 'NONE',  ( -0.000000000000000000, -0.000000000000000000, -1.000000000000000000 ) ) ;
#3297 = VECTOR ( 'NONE', #645, 1000.000000000000000 ) ;
#3298 = ORIENTED_EDGE ( 'NONE', *, *, #3660, .T. ) ;
#3299 = PERSON_AND_ORGANIZATION_ROLE ( 'creator' ) ;
#3300 = CIRCLE ( 'NONE', #3130, 6.450000000000001066 ) ;
#3301 = ORIENTED_EDGE ( 'NONE', *, *, #4749, .T. ) ;
#3302 = AXIS2_PLACEMENT_3D ( 'NONE', #2780, #2369, #3148 ) ;
#3303 = DIRECTION ( 'NONE',  ( 0.000000000000000000, 0.000000000000000000, 1.000000000000000000 ) ) ;
#3304 = CARTESIAN_POINT ( 'NONE',  ( -3877.999999999977263, 639.7500000000227374, 596.7999999999999545 ) ) ;
#3305 = EDGE_CURVE ( 'NONE', #998, #92, #4584, .T. ) ;
#3306 = CIRCLE ( 'NONE', #1909, 8.000000000000007105 ) ;
#3307 = AXIS2_PLACEMENT_3D ( 'NONE', #3434, #3818, #4234 ) ;
#3308 = FACE_OUTER_BOUND ( 'NONE', #68, .T. ) ;
#3309 = ORIENTED_EDGE ( 'NONE', *, *, #4960, .F. ) ;
#3310 = VERTEX_POINT ( 'NONE', #799 ) ;
#3311 = EDGE_CURVE ( 'NONE', #1239, #702, #3619, .T. ) ;
#3312 = CARTESIAN_POINT ( 'NONE',  ( 33.00000000000018474, -214.9999999999999432, 27.00000000000001066 ) ) ;
#3313 = DIRECTION ( 'NONE',  ( -0.000000000000000000, 1.000000000000000000, -0.000000000000000000 ) ) ;
#3314 = AXIS2_PLACEMENT_3D ( 'NONE', #171, #1854, #1870 ) ;
#3315 = CARTESIAN_POINT ( 'NONE',  ( 1.708382284810557841E-13, 1125.000000000000000, 15.00000000000000000 ) ) ;
#3316 = EDGE_LOOP ( 'NONE', ( #2867, #2229, #5406, #2040 ) ) ;
#3317 = DIRECTION ( 'NONE',  ( 0.000000000000000000, 0.000000000000000000, 1.000000000000000000 ) ) ;
#3318 = VERTEX_POINT ( 'NONE', #5007 ) ;
#3319 = CARTESIAN_POINT ( 'NONE',  ( -3894.799999999977445, 210.2500000000227374, 580.0000000000000000 ) ) ;
#3320 = DIRECTION ( 'NONE',  ( -0.000000000000000000, 1.000000000000000000, -0.000000000000000000 ) ) ;
#3321 = ORIENTED_EDGE ( 'NONE', *, *, #4706, .T. ) ;
#3322 = APPROVAL_ROLE ( '' ) ;
#3323 = VERTEX_POINT ( 'NONE', #814 ) ;
#3324 = ORIENTED_EDGE ( 'NONE', *, *, #3036, .F. ) ;
#3325 = CARTESIAN_POINT ( 'NONE',  ( 33.00000000000018474, -585.0000000000000000, 0.000000000000000000 ) ) ;
#3326 = ORIENTED_EDGE ( 'NONE', *, *, #3940, .F. ) ;
#3327 = VERTEX_POINT ( 'NONE', #1741 ) ;
#3328 = AXIS2_PLACEMENT_3D ( 'NONE', #5282, #2773, #211 ) ;
#3329 = DIRECTION ( 'NONE',  ( 0.000000000000000000, 0.000000000000000000, 1.000000000000000000 ) ) ;
#3330 = ORIENTED_EDGE ( 'NONE', *, *, #2592, .F. ) ;
#3331 = EDGE_CURVE ( 'NONE', #4371, #4224, #4315, .T. ) ;
#3332 = VECTOR ( 'NONE', #4978, 1000.000000000000000 ) ;
#3333 = CARTESIAN_POINT ( 'NONE',  ( -3886.799999999977445, 1410.250000000022737, 604.7999999999999545 ) ) ;
#3334 = DIRECTION ( 'NONE',  ( 0.000000000000000000, 0.000000000000000000, -1.000000000000000000 ) ) ;
#3335 = AXIS2_PLACEMENT_3D ( 'NONE', #3902, #3461, #1795 ) ;
#3336 = FACE_OUTER_BOUND ( 'NONE', #1057, .T. ) ;
#3337 = CYLINDRICAL_SURFACE ( 'NONE', #100, 15.00000000000000000 ) ;
#3338 = ORIENTED_EDGE ( 'NONE', *, *, #2450, .T. ) ;
#3339 = FACE_OUTER_BOUND ( 'NONE', #2195, .T. ) ;
#3340 = DIRECTION ( 'NONE',  ( 0.000000000000000000, 1.000000000000000000, -0.000000000000000000 ) ) ;
#3341 = CARTESIAN_POINT ( 'NONE',  ( -3843.999999999977263, 85.00000000002273737, 502.0000000000000000 ) ) ;
#3342 = CARTESIAN_POINT ( 'NONE',  ( 1.708382284810557841E-13, 1125.000000000000000, 30.00000000000000000 ) ) ;
#3343 = FACE_OUTER_BOUND ( 'NONE', #1286, .T. ) ;
#3344 = ORIENTED_EDGE ( 'NONE', *, *, #1154, .F. ) ;
#3345 = EDGE_CURVE ( 'NONE', #263, #3929, #3491, .T. ) ;
#3346 = VECTOR ( 'NONE', #4521, 1000.000000000000114 ) ;
#3347 = DIRECTION ( 'NONE',  ( 0.000000000000000000, 1.000000000000000000, 0.000000000000000000 ) ) ;
#3348 = DIRECTION ( 'NONE',  ( 0.000000000000000000, 1.000000000000000000, 0.000000000000000000 ) ) ;
#3349 = VECTOR ( 'NONE', #1722, 1000.000000000000000 ) ;
#3350 = VECTOR ( 'NONE', #104, 1000.000000000000000 ) ;
#3351 = ORIENTED_EDGE ( 'NONE', *, *, #5005, .F. ) ;
#3352 = EDGE_CURVE ( 'NONE', #5174, #706, #3085, .T. ) ;
#3353 = CARTESIAN_POINT ( 'NONE',  ( -3869.999999999977263, 610.2500000000227374, 580.0000000000000000 ) ) ;
#3354 = DIRECTION ( 'NONE',  ( 0.000000000000000000, 1.000000000000000000, 0.000000000000000000 ) ) ;
#3355 = ADVANCED_FACE ( 'NONE', ( #3928 ), #1965, .T. ) ;
#3356 = VERTEX_POINT ( 'NONE', #1766 ) ;
#3357 = DIRECTION ( 'NONE',  ( 0.000000000000000000, 1.000000000000000000, 0.000000000000000000 ) ) ;
#3358 = COORDINATED_UNIVERSAL_TIME_OFFSET ( 8, 0, .AHEAD. ) ;
#3359 = PERSON_AND_ORGANIZATION_ROLE ( 'classification_officer' ) ;
#3360 = CYLINDRICAL_SURFACE ( 'NONE', #3314, 20.00000000000012790 ) ;
#3361 = EDGE_LOOP ( 'NONE', ( #1265, #801, #1037, #4170, #2574, #766 ) ) ;
#3362 = EDGE_CURVE ( 'NONE', #1048, #1212, #1047, .T. ) ;
#3363 = PLANE ( 'NONE',  #2419 ) ;
#3364 = LINE ( 'NONE', #746, #2244 ) ;
#3365 = EDGE_LOOP ( 'NONE', ( #3145, #759, #2872, #4098, #3150 ) ) ;
#3366 = CARTESIAN_POINT ( 'NONE',  ( 15.90000000000017089, 985.0000000000003411, 10.90000000000000036 ) ) ;
#3367 = CC_DESIGN_SECURITY_CLASSIFICATION ( #380, ( #5464 ) ) ;
#3368 = FACE_BOUND ( 'NONE', #1205, .T. ) ;
#3369 = ORIENTED_EDGE ( 'NONE', *, *, #75, .T. ) ;
#3370 = CARTESIAN_POINT ( 'NONE',  ( 15.00000000000016875, -214.9999999999998579, 15.00000000000000000 ) ) ;
#3371 = EDGE_CURVE ( 'NONE', #3293, #586, #3486, .T. ) ;
#3372 = CARTESIAN_POINT ( 'NONE',  ( 15.90000000000017089, 215.0000000000003126, 10.90000000000000036 ) ) ;
#3373 = AXIS2_PLACEMENT_3D ( 'NONE', #1432, #1842, #3884 ) ;
#3374 = CYLINDRICAL_SURFACE ( 'NONE', #584, 6.500000000000002665 ) ;
#3375 = CARTESIAN_POINT ( 'NONE',  ( 15.90000000000017089, 1015.000000000000114, 10.90000000000000036 ) ) ;
#3376 = DIRECTION ( 'NONE',  ( 0.000000000000000000, 1.000000000000000000, 0.000000000000000000 ) ) ;
#3377 = CARTESIAN_POINT ( 'NONE',  ( 15.90000000000017089, 1123.500000000000000, 10.90000000000000036 ) ) ;
#3378 = CARTESIAN_POINT ( 'NONE',  ( -3884.099999999977626, 1810.250000000022737, 596.0000000000000000 ) ) ;
#3379 = ORIENTED_EDGE ( 'NONE', *, *, #2107, .T. ) ;
#3380 = DIRECTION ( 'NONE',  ( 0.000000000000000000, 0.9999999999999997780, 0.000000000000000000 ) ) ;
#3381 = ORIENTED_EDGE ( 'NONE', *, *, #5226, .T. ) ;
#3382 = CARTESIAN_POINT ( 'NONE',  ( -3886.799999999977445, 1410.250000000022737, 596.7999999999999545 ) ) ;
#3383 = DIRECTION ( 'NONE',  ( 0.000000000000000000, 0.000000000000000000, 1.000000000000000000 ) ) ;
#3384 = CARTESIAN_POINT ( 'NONE',  ( -3884.099999999977626, 2210.250000000022283, 601.0500000000001819 ) ) ;
#3385 = CARTESIAN_POINT ( 'NONE',  ( 15.00000000000016875, -1125.000000000000000, 0.000000000000000000 ) ) ;
#3386 = ORIENTED_EDGE ( 'NONE', *, *, #2311, .T. ) ;
#3387 = ADVANCED_FACE ( 'NONE', ( #4724 ), #4758, .T. ) ;
#3388 = VERTEX_POINT ( 'NONE', #1279 ) ;
#3389 = EDGE_CURVE ( 'NONE', #586, #3293, #1362, .T. ) ;
#3390 = PERSON ( 'NAUO-PER1', 'UNSPECIFIED', 'UNSPECIFIED', ('UNSPECIFIED'), ('UNSPECIFIED'), ('UNSPECIFIED') ) ;
#3391 = EDGE_LOOP ( 'NONE', ( #3871, #2200, #173, #3351 ) ) ;
#3392 = EDGE_LOOP ( 'NONE', ( #661, #2698 ) ) ;
#3393 = DIRECTION ( 'NONE',  ( 0.000000000000000000, 0.000000000000000000, -1.000000000000000000 ) ) ;
#3394 = COORDINATED_UNIVERSAL_TIME_OFFSET ( 8, 0, .AHEAD. ) ;
#3395 = UNCERTAINTY_MEASURE_WITH_UNIT (LENGTH_MEASURE( 1.000000000000000082E-05 ), #1308, 'distance_accuracy_value', 'NONE');
#3396 = CARTESIAN_POINT ( 'NONE',  ( -0.000000000000000000, 2350.000000000022737, 0.000000000000000000 ) ) ;
#3397 = DIRECTION ( 'NONE',  ( 0.000000000000000000, 0.000000000000000000, 1.000000000000000000 ) ) ;
#3398 = VERTEX_POINT ( 'NONE', #3152 ) ;
#3399 = DIRECTION ( 'NONE',  ( 0.000000000000000000, 0.000000000000000000, 1.000000000000000000 ) ) ;
#3400 = ORIENTED_EDGE ( 'NONE', *, *, #4873, .T. ) ;
#3401 = ADVANCED_FACE ( 'NONE', ( #1829 ), #5379, .T. ) ;
#3402 = ORIENTED_EDGE ( 'NONE', *, *, #4878, .T. ) ;
#3403 = LINE ( 'NONE', #1524, #3213 ) ;
#3404 = AXIS2_PLACEMENT_3D ( 'NONE', #3041, #517, #1740 ) ;
#3405 = ORIENTED_EDGE ( 'NONE', *, *, #4210, .T. ) ;
#3406 = LINE ( 'NONE', #1734, #3853 ) ;
#3407 = LINE ( 'NONE', #4235, #1100 ) ;
#3408 = EDGE_CURVE ( 'NONE', #1375, #4875, #4253, .T. ) ;
#3409 = DIRECTION ( 'NONE',  ( 0.000000000000000000, 1.000000000000000000, 0.000000000000000000 ) ) ;
#3410 = CARTESIAN_POINT ( 'NONE',  ( -3884.099999999977626, 1010.250000000022510, 601.0500000000001819 ) ) ;
#3411 = ORIENTED_EDGE ( 'NONE', *, *, #1168, .T. ) ;
#3412 = ADVANCED_FACE ( 'NONE', ( #917 ), #977, .F. ) ;
#3413 = DIRECTION ( 'NONE',  ( -0.000000000000000000, -1.000000000000000000, -0.000000000000000000 ) ) ;
#3414 = CARTESIAN_POINT ( 'NONE',  ( 15.00000000000016875, -1125.000000000000000, 15.00000000000000000 ) ) ;
#3415 = VECTOR ( 'NONE', #710, 1000.000000000000000 ) ;
#3416 = CARTESIAN_POINT ( 'NONE',  ( 1.708382284810557841E-13, 1125.000000000000000, 15.00000000000000000 ) ) ;
#3417 = AXIS2_PLACEMENT_3D ( 'NONE', #5068, #5013, #2895 ) ;
#3418 = DIRECTION ( 'NONE',  ( 0.000000000000000000, 0.000000000000000000, 1.000000000000000000 ) ) ;
#3419 = DIRECTION ( 'NONE',  ( -0.5647075197147732872, 0.000000000000000000, 0.8252911105649866075 ) ) ;
#3420 = CARTESIAN_POINT ( 'NONE',  ( -1.336379566678666102E-14, 130.0000000000231637, 22.00000000000002132 ) ) ;
#3421 = ORIENTED_EDGE ( 'NONE', *, *, #1462, .F. ) ;
#3422 = DIRECTION ( 'NONE',  ( -0.000000000000000000, -0.000000000000000000, -1.000000000000000000 ) ) ;
#3423 = FACE_BOUND ( 'NONE', #3273, .T. ) ;
#3424 = DIRECTION ( 'NONE',  ( 0.000000000000000000, 0.000000000000000000, -1.000000000000000000 ) ) ;
#3425 = CYLINDRICAL_SURFACE ( 'NONE', #215, 5.000000000000000888 ) ;
#3426 = DIRECTION ( 'NONE',  ( 0.000000000000000000, 0.000000000000000000, 1.000000000000000000 ) ) ;
#3427 = CARTESIAN_POINT ( 'NONE',  ( -3353.999999999976808, 85.00000000002273737, 529.0000000000001137 ) ) ;
#3428 = EDGE_CURVE ( 'NONE', #3984, #5059, #3862, .T. ) ;
#3429 = EDGE_LOOP ( 'NONE', ( #1872, #1219 ) ) ;
#3430 = DIRECTION ( 'NONE',  ( -1.000000000000000000, 0.000000000000000000, 0.000000000000000000 ) ) ;
#3431 = CARTESIAN_POINT ( 'NONE',  ( -3869.999999999977263, 1010.250000000022510, 580.0000000000000000 ) ) ;
#3432 = CARTESIAN_POINT ( 'NONE',  ( -28.00000000000001066, 185.0000000000001990, 27.00000000000000355 ) ) ;
#3433 = ORIENTED_EDGE ( 'NONE', *, *, #1718, .T. ) ;
#3434 = CARTESIAN_POINT ( 'NONE',  ( -3884.099999999977626, 1839.750000000022965, 596.0000000000000000 ) ) ;
#3435 = CARTESIAN_POINT ( 'NONE',  ( -3353.999999999976808, 85.00000000002273737, 502.0000000000000000 ) ) ;
#3436 = DIRECTION ( 'NONE',  ( 0.000000000000000000, 0.000000000000000000, 1.000000000000000000 ) ) ;
#3437 = DIRECTION ( 'NONE',  ( -0.7071067811865460184, 0.000000000000000000, -0.7071067811865489050 ) ) ;
#3438 = LINE ( 'NONE', #5261, #3297 ) ;
#3439 = VECTOR ( 'NONE', #5444, 1000.000000000000000 ) ;
#3440 = ORIENTED_EDGE ( 'NONE', *, *, #3276, .T. ) ;
#3441 = DATE_TIME_ROLE ( 'classification_date' ) ;
#3442 = EDGE_CURVE ( 'NONE', #4801, #1315, #2361, .T. ) ;
#3443 = CARTESIAN_POINT ( 'NONE',  ( -3843.999999999977263, 15.00000000002273204, 502.0000000000000000 ) ) ;
#3444 = CIRCLE ( 'NONE', #5399, 15.00000000000000000 ) ;
#3445 = EDGE_CURVE ( 'NONE', #218, #5078, #1228, .T. ) ;
#3446 = ADVANCED_FACE ( 'NONE', ( #5255, #3343 ), #1185, .T. ) ;
#3447 = VECTOR ( 'NONE', #2089, 1000.000000000000000 ) ;
#3448 = DIRECTION ( 'NONE',  ( 0.000000000000000000, -1.000000000000000000, 0.000000000000000000 ) ) ;
#3449 = CYLINDRICAL_SURFACE ( 'NONE', #228, 5.000000000000000888 ) ;
#3450 = EDGE_CURVE ( 'NONE', #2711, #541, #519, .T. ) ;
#3451 = CARTESIAN_POINT ( 'NONE',  ( 0.000000000000000000, 0.000000000000000000, 999.0000000000000000 ) ) ;
#3452 = VERTEX_POINT ( 'NONE', #4529 ) ;
#3453 = AXIS2_PLACEMENT_3D ( 'NONE', #1389, #1778, #5076 ) ;
#3454 = VECTOR ( 'NONE', #12, 1000.000000000000000 ) ;
#3455 = DIRECTION ( 'NONE',  ( 0.000000000000000000, 0.000000000000000000, -1.000000000000000000 ) ) ;
#3456 = DIRECTION ( 'NONE',  ( 0.000000000000000000, 1.000000000000000000, 0.000000000000000000 ) ) ;
#3457 = ORIENTED_EDGE ( 'NONE', *, *, #2617, .T. ) ;
#3458 = ORIENTED_EDGE ( 'NONE', *, *, #1195, .F. ) ;
#3459 = EDGE_CURVE ( 'NONE', #846, #1767, #3220, .T. ) ;
#3460 = AXIS2_PLACEMENT_3D ( 'NONE', #2232, #3967, #5166 ) ;
#3461 = DIRECTION ( 'NONE',  ( 0.000000000000000000, 1.000000000000000000, 0.000000000000000000 ) ) ;
#3462 = ORIENTED_EDGE ( 'NONE', *, *, #4914, .F. ) ;
#3463 = DIRECTION ( 'NONE',  ( 0.000000000000000000, 1.000000000000000000, 0.000000000000000000 ) ) ;
#3464 = EDGE_LOOP ( 'NONE', ( #1815, #2998 ) ) ;
#3465 = ORIENTED_EDGE ( 'NONE', *, *, #1527, .F. ) ;
#3466 = EDGE_CURVE ( 'NONE', #5235, #1016, #254, .T. ) ;
#3467 = DIRECTION ( 'NONE',  ( -0.000000000000000000, 1.000000000000000000, -0.000000000000000000 ) ) ;
#3468 = ORIENTED_EDGE ( 'NONE', *, *, #3352, .F. ) ;
#3469 = VERTEX_POINT ( 'NONE', #4203 ) ;
#3470 = PLANE ( 'NONE',  #2955 ) ;
#3471 = ADVANCED_FACE ( 'NONE', ( #4859 ), #1639, .F. ) ;
#3472 = EDGE_CURVE ( 'NONE', #4888, #3310, #3017, .T. ) ;
#3473 = ORIENTED_EDGE ( 'NONE', *, *, #2025, .T. ) ;
#3474 = APPROVAL ( #164, '未指定' ) ;
#3475 = LINE ( 'NONE', #689, #3332 ) ;
#3476 = DIRECTION ( 'NONE',  ( -0.000000000000000000, 1.000000000000000000, -0.000000000000000000 ) ) ;
#3477 = FACE_OUTER_BOUND ( 'NONE', #1982, .T. ) ;
#3478 = DIRECTION ( 'NONE',  ( 0.000000000000000000, 1.000000000000000000, 0.000000000000000000 ) ) ;
#3479 = VECTOR ( 'NONE', #3934, 1000.000000000000000 ) ;
#3480 = CARTESIAN_POINT ( 'NONE',  ( -3843.999999999977263, 2.273181642920008017E-11, 82.00000000000001421 ) ) ;
#3481 = ORIENTED_EDGE ( 'NONE', *, *, #5254, .F. ) ;
#3482 = FACE_OUTER_BOUND ( 'NONE', #2344, .T. ) ;
#3483 = APPROVAL_PERSON_ORGANIZATION ( #4721, #5270, #4263 ) ;
#3484 = AXIS2_PLACEMENT_3D ( 'NONE', #659, #4042, #4469 ) ;
#3485 = CARTESIAN_POINT ( 'NONE',  ( 0.000000000000000000, 2320.000000000022737, 22.00000000000002132 ) ) ;
#3486 = CIRCLE ( 'NONE', #2254, 5.050000000000220979 ) ;
#3487 = EDGE_LOOP ( 'NONE', ( #5269, #1277, #1951, #2956 ) ) ;
#3488 = PLANE ( 'NONE',  #2996 ) ;
#3489 = FACE_OUTER_BOUND ( 'NONE', #711, .T. ) ;
#3490 = DIRECTION ( 'NONE',  ( 0.000000000000000000, 1.000000000000000000, 0.000000000000000000 ) ) ;
#3491 = LINE ( 'NONE', #3431, #122 ) ;
#3492 = CARTESIAN_POINT ( 'NONE',  ( -3877.999999999977263, 1010.250000000022510, 604.7999999999999545 ) ) ;
#3493 = CARTESIAN_POINT ( 'NONE',  ( 15.90000000000017089, -1125.000000000000000, 15.90000000000000036 ) ) ;
#3494 = VERTEX_POINT ( 'NONE', #2333 ) ;
#3495 = AXIS2_PLACEMENT_3D ( 'NONE', #876, #4648, #5109 ) ;
#3496 = CARTESIAN_POINT ( 'NONE',  ( -3877.999999999977263, 639.7500000000227374, 604.7999999999999545 ) ) ;
#3497 = ORIENTED_EDGE ( 'NONE', *, *, #2805, .F. ) ;
#3498 = CARTESIAN_POINT ( 'NONE',  ( -3894.799999999977445, 2239.750000000022737, 596.7999999999999545 ) ) ;
#3499 = CARTESIAN_POINT ( 'NONE',  ( -3353.999999999976808, 15.00000000002273204, 82.00000000000001421 ) ) ;
#3500 = EDGE_CURVE ( 'NONE', #3899, #5108, #5443, .T. ) ;
#3501 = ADVANCED_FACE ( 'NONE', ( #4055 ), #3337, .T. ) ;
#3502 = CC_DESIGN_APPROVAL ( #3217, ( #2653 ) ) ;
#3503 = ORIENTED_EDGE ( 'NONE', *, *, #4676, .F. ) ;
#3504 = CARTESIAN_POINT ( 'NONE',  ( 15.90000000000017089, 1123.500000000000000, 9.400000000000000355 ) ) ;
#3505 = CARTESIAN_POINT ( 'NONE',  ( -3884.099999999977626, 1810.250000000022737, 596.0000000000000000 ) ) ;
#3506 = CARTESIAN_POINT ( 'NONE',  ( 0.000000000000000000, 0.000000000000000000, -1.500000000000000000 ) ) ;
#3507 = CARTESIAN_POINT ( 'NONE',  ( -3869.999999999977263, 2210.250000000022283, 596.7999999999999545 ) ) ;
#3508 = APPROVAL_ROLE ( '' ) ;
#3509 = CIRCLE ( 'NONE', #5349, 5.000000000000000888 ) ;
#3510 = ORIENTED_EDGE ( 'NONE', *, *, #3022, .T. ) ;
#3511 = DIRECTION ( 'NONE',  ( -1.000000000000000000, 0.000000000000000000, -1.137523590804460124E-16 ) ) ;
#3512 = CARTESIAN_POINT ( 'NONE',  ( -28.00000000000001066, 1015.000000000000114, 22.00000000000000000 ) ) ;
#3513 = ORIENTED_EDGE ( 'NONE', *, *, #4621, .T. ) ;
#3514 = CARTESIAN_POINT ( 'NONE',  ( -3353.999999999976808, 2.273181642920008017E-11, 474.9999999999998863 ) ) ;
#3515 = LINE ( 'NONE', #1516, #2380 ) ;
#3516 = EDGE_CURVE ( 'NONE', #882, #4836, #1497, .T. ) ;
#3517 = VERTEX_POINT ( 'NONE', #993 ) ;
#3518 = ORIENTED_EDGE ( 'NONE', *, *, #3647, .F. ) ;
#3519 = CARTESIAN_POINT ( 'NONE',  ( 33.00000000000017764, -615.0000000000000000, -27.99999999999998934 ) ) ;
#3520 = EDGE_CURVE ( 'NONE', #1094, #3323, #1555, .T. ) ;
#3521 = CARTESIAN_POINT ( 'NONE',  ( 0.000000000000000000, 1015.000000000000114, 0.000000000000000000 ) ) ;
#3522 = EDGE_LOOP ( 'NONE', ( #5025, #4760, #1113, #5045 ) ) ;
#3523 = ORIENTED_EDGE ( 'NONE', *, *, #42, .T. ) ;
#3524 = ADVANCED_FACE ( 'NONE', ( #2828, #1433 ), #724, .F. ) ;
#3525 = DIRECTION ( 'NONE',  ( 0.000000000000000000, 1.000000000000000000, 0.000000000000000000 ) ) ;
#3526 = ORIENTED_EDGE ( 'NONE', *, *, #2033, .F. ) ;
#3527 = ORIENTED_EDGE ( 'NONE', *, *, #344, .T. ) ;
#3528 = DATE_AND_TIME ( #3908, #830 ) ;
#3529 = EDGE_CURVE ( 'NONE', #706, #4563, #367, .T. ) ;
#3530 = AXIS2_PLACEMENT_3D ( 'NONE', #3772, #5440, #2537 ) ;
#3531 = CARTESIAN_POINT ( 'NONE',  ( -3353.999999999976808, 15.00000000002273204, 502.0000000000000000 ) ) ;
#3532 = VERTEX_POINT ( 'NONE', #3128 ) ;
#3533 = DIRECTION ( 'NONE',  ( 0.000000000000000000, -1.000000000000000000, 0.000000000000000000 ) ) ;
#3534 = CARTESIAN_POINT ( 'NONE',  ( 1.708382284810557841E-13, 1125.000000000000000, 27.00000000000000711 ) ) ;
#3535 = ORIENTED_EDGE ( 'NONE', *, *, #2494, .T. ) ;
#3536 = PERSON_AND_ORGANIZATION ( #413, #3566 ) ;
#3537 = VECTOR ( 'NONE', #5003, 1000.000000000000000 ) ;
#3538 = CARTESIAN_POINT ( 'NONE',  ( -3877.999999999977263, 1010.250000000022510, 604.7999999999999545 ) ) ;
#3539 = ORIENTED_EDGE ( 'NONE', *, *, #3163, .F. ) ;
#3540 = DIRECTION ( 'NONE',  ( 0.000000000000000000, 0.000000000000000000, 1.000000000000000000 ) ) ;
#3541 = FACE_BOUND ( 'NONE', #4088, .T. ) ;
#3542 = VECTOR ( 'NONE', #1148, 1000.000000000000000 ) ;
#3543 = EDGE_LOOP ( 'NONE', ( #114, #2248, #179, #1223 ) ) ;
#3544 = CARTESIAN_POINT ( 'NONE',  ( 15.00000000000016875, 615.0000000000001137, 15.00000000000000000 ) ) ;
#3545 = DIRECTION ( 'NONE',  ( -0.000000000000000000, -1.000000000000000000, -0.000000000000000000 ) ) ;
#3546 = LINE ( 'NONE', #1025, #2547 ) ;
#3547 = EDGE_CURVE ( 'NONE', #5040, #5235, #186, .T. ) ;
#3548 = CARTESIAN_POINT ( 'NONE',  ( -3886.799999999977445, 1810.250000000022737, 604.7999999999999545 ) ) ;
#3549 = APPLICATION_CONTEXT ( 'configuration controlled 3d designs of mechanical parts and assemblies' ) ;
#3550 = LINE ( 'NONE', #1974, #1291 ) ;
#3551 = PRODUCT_DEFINITION_FORMATION_WITH_SPECIFIED_SOURCE ( '任何', '', #1260, .NOT_KNOWN. ) ;
#3552 = ORIENTED_EDGE ( 'NONE', *, *, #2043, .F. ) ;
#3553 = CIRCLE ( 'NONE', #5342, 27.00000000000013500 ) ;
#3554 = DIRECTION ( 'NONE',  ( -0.000000000000000000, 1.000000000000000000, -0.000000000000000000 ) ) ;
#3555 = DATE_AND_TIME ( #371, #1762 ) ;
#3556 = CARTESIAN_POINT ( 'NONE',  ( -3877.999999999977263, 1010.250000000022510, 596.7999999999999545 ) ) ;
#3557 = LINE ( 'NONE', #5129, #311 ) ;
#3558 = ADVANCED_FACE ( 'NONE', ( #2755 ), #1292, .F. ) ;
#3559 = EDGE_CURVE ( 'NONE', #4563, #3318, #5373, .T. ) ;
#3560 = ORIENTED_EDGE ( 'NONE', *, *, #3022, .F. ) ;
#3561 = COORDINATED_UNIVERSAL_TIME_OFFSET ( 8, 0, .AHEAD. ) ;
#3562 = LINE ( 'NONE', #1214, #4733 ) ;
#3563 = CARTESIAN_POINT ( 'NONE',  ( 15.00000000000016875, 1015.000000000000114, 15.00000000000000000 ) ) ;
#3564 = LINE ( 'NONE', #3669, #195 ) ;
#3565 = ORIENTED_EDGE ( 'NONE', *, *, #1852, .T. ) ;
#3566 = ORGANIZATION ( '未指定', '未指定', '' ) ;
#3567 = LINE ( 'NONE', #3980, #1177 ) ;
#3568 = EDGE_CURVE ( 'NONE', #4849, #3835, #1493, .T. ) ;
#3569 = AXIS2_PLACEMENT_3D ( 'NONE', #336, #1583, #2004 ) ;
#3570 = FACE_OUTER_BOUND ( 'NONE', #5463, .T. ) ;
#3571 = ORIENTED_EDGE ( 'NONE', *, *, #4247, .F. ) ;
#3572 = CARTESIAN_POINT ( 'NONE',  ( -3869.999999999976808, 130.0000000000227658, 580.0000000000000000 ) ) ;
#3573 = DIRECTION ( 'NONE',  ( 0.000000000000000000, -1.000000000000000000, 0.000000000000000000 ) ) ;
#3574 = ORIENTED_EDGE ( 'NONE', *, *, #3660, .F. ) ;
#3575 = EDGE_CURVE ( 'NONE', #3678, #1450, #3407, .T. ) ;
#3576 = VECTOR ( 'NONE', #4726, 1000.000000000000000 ) ;
#3577 = DIRECTION ( 'NONE',  ( 0.000000000000000000, 0.000000000000000000, 1.000000000000000000 ) ) ;
#3578 = LINE ( 'NONE', #1019, #2190 ) ;
#3579 = ADVANCED_FACE ( 'NONE', ( #1616 ), #3279, .T. ) ;
#3580 = CC_DESIGN_DATE_AND_TIME_ASSIGNMENT ( #4035, #1503, ( #353 ) ) ;
#3581 = CARTESIAN_POINT ( 'NONE',  ( -3869.999999999977263, 2239.750000000022737, 580.0000000000000000 ) ) ;
#3582 = CARTESIAN_POINT ( 'NONE',  ( -3884.099999999977626, 239.7500000000227089, 596.0000000000000000 ) ) ;
#3583 = ORIENTED_EDGE ( 'NONE', *, *, #3707, .T. ) ;
#3584 = ORIENTED_EDGE ( 'NONE', *, *, #582, .T. ) ;
#3585 = DIRECTION ( 'NONE',  ( -0.000000000000000000, -1.000000000000000000, -0.000000000000000000 ) ) ;
#3586 = ORIENTED_EDGE ( 'NONE', *, *, #25, .T. ) ;
#3587 = CARTESIAN_POINT ( 'NONE',  ( -3843.999999999977263, 15.00000000002273204, 502.0000000000000000 ) ) ;
#3588 = AXIS2_PLACEMENT_3D ( 'NONE', #4051, #2822, #2801 ) ;
#3589 = ORIENTED_EDGE ( 'NONE', *, *, #1365, .T. ) ;
#3590 = ORIENTED_EDGE ( 'NONE', *, *, #2011, .T. ) ;
#3591 = EDGE_CURVE ( 'NONE', #4834, #3327, #5105, .T. ) ;
#3592 = APPROVAL_STATUS ( 'not_yet_approved' ) ;
#3593 = FACE_OUTER_BOUND ( 'NONE', #1364, .T. ) ;
#3594 = ORIENTED_EDGE ( 'NONE', *, *, #4799, .F. ) ;
#3595 = VERTEX_POINT ( 'NONE', #1728 ) ;
#3596 = CARTESIAN_POINT ( 'NONE',  ( 0.000000000000000000, 0.000000000000000000, 1000.000000000000000 ) ) ;
#3597 = CARTESIAN_POINT ( 'NONE',  ( 15.90000000000017089, -1014.999999999999886, 10.90000000000000036 ) ) ;
#3598 = CARTESIAN_POINT ( 'NONE',  ( -3886.799999999977445, 1439.750000000022737, 596.7999999999999545 ) ) ;
#3599 = PLANE ( 'NONE',  #3870 ) ;
#3600 = ORIENTED_EDGE ( 'NONE', *, *, #4422, .F. ) ;
#3601 = EDGE_CURVE ( 'NONE', #1990, #1075, #2475, .T. ) ;
#3602 = AXIS2_PLACEMENT_3D ( 'NONE', #1634, #4572, #2066 ) ;
#3603 = DIRECTION ( 'NONE',  ( 0.000000000000000000, -1.000000000000000000, 0.000000000000000000 ) ) ;
#3604 = CARTESIAN_POINT ( 'NONE',  ( -3884.099999999977626, 1439.750000000022737, 601.0500000000001819 ) ) ;
#3605 = FACE_OUTER_BOUND ( 'NONE', #4340, .T. ) ;
#3606 = ORIENTED_EDGE ( 'NONE', *, *, #1007, .T. ) ;
#3607 = ADVANCED_FACE ( 'NONE', ( #2027 ), #4855, .F. ) ;
#3608 = FACE_OUTER_BOUND ( 'NONE', #2337, .T. ) ;
#3609 = CARTESIAN_POINT ( 'NONE',  ( 15.90000000000017089, 1015.000000000000114, 15.90000000000000036 ) ) ;
#3610 = VECTOR ( 'NONE', #3320, 1000.000000000000000 ) ;
#3611 = ORIENTED_EDGE ( 'NONE', *, *, #4683, .F. ) ;
#3612 = FACE_BOUND ( 'NONE', #2083, .T. ) ;
#3613 = VECTOR ( 'NONE', #2939, 1000.000000000000000 ) ;
#3614 = DIRECTION ( 'NONE',  ( -0.000000000000000000, -1.000000000000000000, -0.000000000000000000 ) ) ;
#3615 = EDGE_LOOP ( 'NONE', ( #4117, #4347, #593, #1494 ) ) ;
#3616 = FACE_OUTER_BOUND ( 'NONE', #2243, .T. ) ;
#3617 = DATE_AND_TIME ( #1500, #3090 ) ;
#3618 = APPLICATION_CONTEXT ( 'configuration controlled 3d designs of mechanical parts and assemblies' ) ;
#3619 = LINE ( 'NONE', #2908, #3349 ) ;
#3620 = EDGE_LOOP ( 'NONE', ( #3324, #4954, #3269, #1904 ) ) ;
#3621 = EDGE_CURVE ( 'NONE', #3356, #1779, #2552, .T. ) ;
#3622 = LINE ( 'NONE', #4068, #4807 ) ;
#3623 = EDGE_LOOP ( 'NONE', ( #1892, #3102 ) ) ;
#3624 = VERTEX_POINT ( 'NONE', #2093 ) ;
#3625 = ADVANCED_FACE ( 'NONE', ( #1355, #3723 ), #548, .F. ) ;
#3626 = DIRECTION ( 'NONE',  ( -0.000000000000000000, 1.000000000000000000, -0.000000000000000000 ) ) ;
#3627 = CARTESIAN_POINT ( 'NONE',  ( -3877.999999999977263, 610.2500000000227374, 596.7999999999999545 ) ) ;
#3628 = EDGE_CURVE ( 'NONE', #949, #2934, #4382, .T. ) ;
#3629 = FACE_OUTER_BOUND ( 'NONE', #2396, .T. ) ;
#3630 = DESIGN_CONTEXT ( 'detailed design', #2388, 'design' ) ;
#3631 = ORIENTED_EDGE ( 'NONE', *, *, #2720, .F. ) ;
#3632 = CARTESIAN_POINT ( 'NONE',  ( -3894.799999999977445, 210.2500000000227374, 596.7999999999999545 ) ) ;
#3633 = FACE_OUTER_BOUND ( 'NONE', #2318, .T. ) ;
#3634 = EDGE_CURVE ( 'NONE', #3318, #2106, #3153, .T. ) ;
#3635 = LINE ( 'NONE', #2193, #2384 ) ;
#3636 = ORIENTED_EDGE ( 'NONE', *, *, #978, .F. ) ;
#3637 = DIRECTION ( 'NONE',  ( 0.000000000000000000, 0.000000000000000000, 1.000000000000000000 ) ) ;
#3638 = ORIENTED_EDGE ( 'NONE', *, *, #3995, .T. ) ;
#3639 = DIRECTION ( 'NONE',  ( 0.000000000000000000, -0.000000000000000000, 1.000000000000000000 ) ) ;
#3640 = PERSON_AND_ORGANIZATION_ROLE ( 'creator' ) ;
#3641 = ORIENTED_EDGE ( 'NONE', *, *, #4659, .F. ) ;
#3642 = EDGE_CURVE ( 'NONE', #624, #664, #911, .T. ) ;
#3643 = PRODUCT_RELATED_PRODUCT_CATEGORY ( 'detail', '', ( #2534 ) ) ;
#3644 = DIRECTION ( 'NONE',  ( -0.000000000000000000, 1.000000000000000000, -0.000000000000000000 ) ) ;
#3645 = CLOSED_SHELL ( 'NONE', ( #3001, #3824, #4874, #2782, #2168, #3355, #1893, #515, #3674 ) ) ;
#3646 = ORIENTED_EDGE ( 'NONE', *, *, #1958, .F. ) ;
#3647 = EDGE_CURVE ( 'NONE', #903, #790, #601, .T. ) ;
#3648 = DIRECTION ( 'NONE',  ( 0.000000000000000000, 0.000000000000000000, -1.000000000000000000 ) ) ;
#3649 = ORIENTED_EDGE ( 'NONE', *, *, #3647, .T. ) ;
#3650 = DIRECTION ( 'NONE',  ( 0.000000000000000000, -1.000000000000000000, 0.000000000000000000 ) ) ;
#3651 = VERTEX_POINT ( 'NONE', #2641 ) ;
#3652 = CALENDAR_DATE ( 2026, 27, 5 ) ;
#3653 = ORIENTED_EDGE ( 'NONE', *, *, #5353, .F. ) ;
#3654 = ORIENTED_EDGE ( 'NONE', *, *, #3962, .T. ) ;
#3655 = AXIS2_PLACEMENT_3D ( 'NONE', #3716, #2883, #3703 ) ;
#3656 = ORIENTED_EDGE ( 'NONE', *, *, #2075, .T. ) ;
#3657 = DIRECTION ( 'NONE',  ( -0.000000000000000000, 1.000000000000000000, -0.000000000000000000 ) ) ;
#3658 = LINE ( 'NONE', #1994, #3720 ) ;
#3659 = EDGE_LOOP ( 'NONE', ( #1207, #1032, #2191, #4070 ) ) ;
#3660 = EDGE_CURVE ( 'NONE', #3893, #3517, #2697, .T. ) ;
#3661 = AXIS2_PLACEMENT_3D ( 'NONE', #2077, #1664, #5027 ) ;
#3662 = CIRCLE ( 'NONE', #4666, 5.050000000000220979 ) ;
#3663 = DIRECTION ( 'NONE',  ( 0.000000000000000000, -1.000000000000000000, 0.000000000000000000 ) ) ;
#3664 = VECTOR ( 'NONE', #2606, 1000.000000000000000 ) ;
#3665 = VECTOR ( 'NONE', #328, 1000.000000000000000 ) ;
#3666 = ORIENTED_EDGE ( 'NONE', *, *, #1407, .F. ) ;
#3667 = FACE_OUTER_BOUND ( 'NONE', #863, .T. ) ;
#3668 = DIRECTION ( 'NONE',  ( -0.000000000000000000, 1.000000000000000000, -0.000000000000000000 ) ) ;
#3669 = CARTESIAN_POINT ( 'NONE',  ( 33.00000000000017764, 1015.000000000000114, -27.99999999999998934 ) ) ;
#3670 = CARTESIAN_POINT ( 'NONE',  ( 598.0000000000002274, 1125.000000000000000, 30.00000000000000000 ) ) ;
#3671 = CARTESIAN_POINT ( 'NONE',  ( 15.90000000000017089, 1125.000000000000000, 15.90000000000000036 ) ) ;
#3672 = CYLINDRICAL_SURFACE ( 'NONE', #2359, 27.00000000000010658 ) ;
#3673 = VERTEX_POINT ( 'NONE', #2231 ) ;
#3674 = ADVANCED_FACE ( 'NONE', ( #2145 ), #2866, .T. ) ;
#3675 = FACE_OUTER_BOUND ( 'NONE', #455, .T. ) ;
#3676 = DIRECTION ( 'NONE',  ( 0.000000000000000000, 1.000000000000000000, 0.000000000000000000 ) ) ;
#3677 = DIRECTION ( 'NONE',  ( -1.000000000000000000, -0.000000000000000000, -0.000000000000000000 ) ) ;
#3678 = VERTEX_POINT ( 'NONE', #984 ) ;
#3679 = MECHANICAL_CONTEXT ( 'NONE', #3549, 'mechanical' ) ;
#3680 = DATE_AND_TIME ( #456, #2838 ) ;
#3681 = CC_DESIGN_SECURITY_CLASSIFICATION ( #3807, ( #5465 ) ) ;
#3682 = CARTESIAN_POINT ( 'NONE',  ( -3843.999999999977263, 15.00000000002273204, 82.00000000000001421 ) ) ;
#3683 = VERTEX_POINT ( 'NONE', #4325 ) ;
#3684 = ORIENTED_EDGE ( 'NONE', *, *, #532, .F. ) ;
#3685 = CARTESIAN_POINT ( 'NONE',  ( 1.708382284810557841E-13, -1125.000000000000000, 30.00000000000000000 ) ) ;
#3686 = APPROVAL_STATUS ( 'not_yet_approved' ) ;
#3687 = EDGE_CURVE ( 'NONE', #2289, #3002, #1814, .T. ) ;
#3688 = VERTEX_POINT ( 'NONE', #3875 ) ;
#3689 = AXIS2_PLACEMENT_3D ( 'NONE', #5112, #14, #934 ) ;
#3690 = FACE_OUTER_BOUND ( 'NONE', #1440, .T. ) ;
#3691 = ORIENTED_EDGE ( 'NONE', *, *, #990, .T. ) ;
#3692 = DIRECTION ( 'NONE',  ( 0.000000000000000000, 1.000000000000000000, -0.000000000000000000 ) ) ;
#3693 = PLANE ( 'NONE',  #2926 ) ;
#3694 = FACE_OUTER_BOUND ( 'NONE', #94, .T. ) ;
#3695 = VECTOR ( 'NONE', #3865, 1000.000000000000000 ) ;
#3696 = CARTESIAN_POINT ( 'NONE',  ( 1.708382284810557841E-13, -1125.000000000000000, 15.00000000000000000 ) ) ;
#3697 = EDGE_CURVE ( 'NONE', #3678, #1054, #4711, .T. ) ;
#3698 = CARTESIAN_POINT ( 'NONE',  ( -3353.999999999976808, 85.00000000002273737, 82.00000000000001421 ) ) ;
#3699 = AXIS2_PLACEMENT_3D ( 'NONE', #4660, #1293, #1642 ) ;
#3700 = CIRCLE ( 'NONE', #4846, 5.000000000000000888 ) ;
#3701 = ORIENTED_EDGE ( 'NONE', *, *, #1385, .T. ) ;
#3702 = DIRECTION ( 'NONE',  ( 0.000000000000000000, -0.000000000000000000, -1.000000000000000000 ) ) ;
#3703 = DIRECTION ( 'NONE',  ( -3.947459643111667973E-16, 1.000000000000000000, 0.000000000000000000 ) ) ;
#3704 = ORIENTED_EDGE ( 'NONE', *, *, #3442, .F. ) ;
#3705 = CARTESIAN_POINT ( 'NONE',  ( -3843.999999999977263, 15.00000000002273204, 522.0000000000001137 ) ) ;
#3706 = ORIENTED_EDGE ( 'NONE', *, *, #1655, .T. ) ;
#3707 = EDGE_CURVE ( 'NONE', #3624, #325, #4211, .T. ) ;
#3708 = ORIENTED_EDGE ( 'NONE', *, *, #2169, .T. ) ;
#3709 = AXIS2_PLACEMENT_3D ( 'NONE', #2704, #5167, #1420 ) ;
#3710 = VERTEX_POINT ( 'NONE', #5008 ) ;
#3711 = PERSON_AND_ORGANIZATION_ROLE ( 'design_supplier' ) ;
#3712 = ORIENTED_EDGE ( 'NONE', *, *, #4636, .T. ) ;
#3713 = EDGE_CURVE ( 'NONE', #5078, #3796, #2263, .T. ) ;
#3714 = DIRECTION ( 'NONE',  ( 0.000000000000000000, 1.000000000000000000, -0.000000000000000000 ) ) ;
#3715 = CARTESIAN_POINT ( 'NONE',  ( -3884.099999999977626, 210.2500000000227374, 596.0000000000000000 ) ) ;
#3716 = CARTESIAN_POINT ( 'NONE',  ( -3299.999999999976808, -1.302661682226841118E-12, 580.0000000000000000 ) ) ;
#3717 = ORIENTED_EDGE ( 'NONE', *, *, #357, .F. ) ;
#3718 = ORIENTED_EDGE ( 'NONE', *, *, #1554, .F. ) ;
#3719 = DIRECTION ( 'NONE',  ( -0.000000000000000000, -1.000000000000000000, -0.000000000000000000 ) ) ;
#3720 = VECTOR ( 'NONE', #2433, 1000.000000000000000 ) ;
#3721 = EDGE_CURVE ( 'NONE', #3079, #2014, #1237, .T. ) ;
#3722 = AXIS2_PLACEMENT_3D ( 'NONE', #1419, #5207, #4746 ) ;
#3723 = FACE_BOUND ( 'NONE', #5026, .T. ) ;
#3724 = CARTESIAN_POINT ( 'NONE',  ( -3353.999999999976808, 85.00000000002273737, 109.0000000000001279 ) ) ;
#3725 = ORIENTED_EDGE ( 'NONE', *, *, #5374, .T. ) ;
#3726 = LINE ( 'NONE', #2600, #1618 ) ;
#3727 = EDGE_CURVE ( 'NONE', #3177, #3984, #2558, .T. ) ;
#3728 = CARTESIAN_POINT ( 'NONE',  ( -3894.799999999977445, 1839.750000000022965, 580.0000000000000000 ) ) ;
#3729 = ORIENTED_EDGE ( 'NONE', *, *, #379, .F. ) ;
#3730 = CARTESIAN_POINT ( 'NONE',  ( -3877.999999999977263, 1439.750000000022737, 604.7999999999999545 ) ) ;
#3731 = VECTOR ( 'NONE', #4025, 1000.000000000000000 ) ;
#3732 = PLANE ( 'NONE',  #2189 ) ;
#3733 = LINE ( 'NONE', #1708, #2702 ) ;
#3734 = ORIENTED_EDGE ( 'NONE', *, *, #662, .T. ) ;
#3735 = EDGE_CURVE ( 'NONE', #4148, #2604, #2222, .T. ) ;
#3736 = DIRECTION ( 'NONE',  ( 0.000000000000000000, 0.000000000000000000, -1.000000000000000000 ) ) ;
#3737 = FACE_OUTER_BOUND ( 'NONE', #259, .T. ) ;
#3738 = CARTESIAN_POINT ( 'NONE',  ( 15.00000000000016875, 1125.000000000000000, 15.00000000000000000 ) ) ;
#3739 = CARTESIAN_POINT ( 'NONE',  ( -3353.999999999976808, 15.00000000002273204, 474.9999999999998863 ) ) ;
#3740 = APPROVAL ( #567, '未指定' ) ;
#3741 = ORIENTED_EDGE ( 'NONE', *, *, #1482, .F. ) ;
#3742 = LINE ( 'NONE', #1234, #3237 ) ;
#3743 = ORIENTED_EDGE ( 'NONE', *, *, #480, .T. ) ;
#3744 = AXIS2_PLACEMENT_3D ( 'NONE', #1981, #756, #769 ) ;
#3745 = CARTESIAN_POINT ( 'NONE',  ( 33.00000000000018474, 215.0000000000001990, 0.000000000000000000 ) ) ;
#3746 = CARTESIAN_POINT ( 'NONE',  ( -0.000000000000000000, -585.0000000000000000, 0.000000000000000000 ) ) ;
#3747 = FACE_OUTER_BOUND ( 'NONE', #2276, .T. ) ;
#3748 = CARTESIAN_POINT ( 'NONE',  ( 15.90000000000017089, -1125.000000000000000, 15.90000000000000036 ) ) ;
#3749 = AXIS2_PLACEMENT_3D ( 'NONE', #3506, #2400, #2418 ) ;
#3750 = DIRECTION ( 'NONE',  ( 0.000000000000000000, 1.000000000000000000, -0.000000000000000000 ) ) ;
#3751 = DIRECTION ( 'NONE',  ( -0.000000000000000000, 1.000000000000000000, -0.000000000000000000 ) ) ;
#3752 = DIRECTION ( 'NONE',  ( 0.000000000000000000, -1.000000000000000000, 0.000000000000000000 ) ) ;
#3753 = EDGE_LOOP ( 'NONE', ( #4270, #1910, #3590, #4317 ) ) ;
#3754 = EDGE_CURVE ( 'NONE', #1012, #4133, #1134, .T. ) ;
#3755 = CC_DESIGN_PERSON_AND_ORGANIZATION_ASSIGNMENT ( #4963, #343, ( #2653 ) ) ;
#3756 = ORIENTED_EDGE ( 'NONE', *, *, #410, .F. ) ;
#3757 = CARTESIAN_POINT ( 'NONE',  ( 6.450000000000001066, 0.000000000000000000, -1.500000000000000000 ) ) ;
#3758 = APPROVAL_STATUS ( 'not_yet_approved' ) ;
#3759 = DIRECTION ( 'NONE',  ( 1.137523590804460124E-16, 0.000000000000000000, -1.000000000000000000 ) ) ;
#3760 = CARTESIAN_POINT ( 'NONE',  ( -3869.999999999977263, 210.2500000000227374, 580.0000000000000000 ) ) ;
#3761 = VERTEX_POINT ( 'NONE', #414 ) ;
#3762 = CARTESIAN_POINT ( 'NONE',  ( -3877.999999999977263, 1010.250000000022510, 604.7999999999999545 ) ) ;
#3763 = ORIENTED_EDGE ( 'NONE', *, *, #708, .T. ) ;
#3764 = PERSON_AND_ORGANIZATION_ROLE ( 'classification_officer' ) ;
#3765 = VERTEX_POINT ( 'NONE', #2058 ) ;
#3766 = ORIENTED_EDGE ( 'NONE', *, *, #3187, .T. ) ;
#3767 = PERSON_AND_ORGANIZATION ( #413, #3566 ) ;
#3768 = CARTESIAN_POINT ( 'NONE',  ( 15.00000000000016875, 0.000000000000000000, 0.000000000000000000 ) ) ;
#3769 = ORIENTED_EDGE ( 'NONE', *, *, #4489, .T. ) ;
#3770 = EDGE_LOOP ( 'NONE', ( #1735, #636, #4923, #1514 ) ) ;
#3771 = CARTESIAN_POINT ( 'NONE',  ( -3877.999999999977263, 610.2500000000227374, 604.7999999999999545 ) ) ;
#3772 = CARTESIAN_POINT ( 'NONE',  ( 15.90000000000017089, 1123.500000000000000, 15.90000000000000036 ) ) ;
#3773 = VERTEX_POINT ( 'NONE', #3372 ) ;
#3774 = EDGE_CURVE ( 'NONE', #3761, #903, #1254, .T. ) ;
#3775 = DIRECTION ( 'NONE',  ( 0.000000000000000000, -1.000000000000000000, 0.000000000000000000 ) ) ;
#3776 = CYLINDRICAL_SURFACE ( 'NONE', #4527, 27.00000000000013500 ) ;
#3777 = CARTESIAN_POINT ( 'NONE',  ( 15.90000000000017089, -184.9999999999999432, 10.90000000000000036 ) ) ;
#3778 = DIRECTION ( 'NONE',  ( -0.000000000000000000, 1.000000000000000000, -0.000000000000000000 ) ) ;
#3779 = ADVANCED_FACE ( 'NONE', ( #1995 ), #971, .T. ) ;
#3780 = EDGE_LOOP ( 'NONE', ( #4974, #895, #5365, #369, #233, #4267 ) ) ;
#3781 = DIRECTION ( 'NONE',  ( 0.6814425758456718052, 0.000000000000000000, 0.7318715842446785746 ) ) ;
#3782 = VECTOR ( 'NONE', #953, 1000.000000000000000 ) ;
#3783 = CARTESIAN_POINT ( 'NONE',  ( 33.00000000000017764, -615.0000000000000000, -27.99999999999998934 ) ) ;
#3784 = DIRECTION ( 'NONE',  ( 0.000000000000000000, 0.000000000000000000, -1.000000000000000000 ) ) ;
#3785 = CYLINDRICAL_SURFACE ( 'NONE', #2578, 27.00000000000010658 ) ;
#3786 =( NAMED_UNIT ( * ) SI_UNIT ( $, .STERADIAN. ) SOLID_ANGLE_UNIT ( ) );
#3787 = ORIENTED_EDGE ( 'NONE', *, *, #3628, .T. ) ;
#3788 = EDGE_CURVE ( 'NONE', #2604, #4148, #2096, .T. ) ;
#3789 = AXIS2_PLACEMENT_3D ( 'NONE', #1227, #398, #437 ) ;
#3790 = LINE ( 'NONE', #3113, #4797 ) ;
#3791 = CARTESIAN_POINT ( 'NONE',  ( -3353.999999999976808, 85.00000000002273737, 502.0000000000000000 ) ) ;
#3792 = PERSON ( 'NAUO-PER2', 'UNSPECIFIED', 'UNSPECIFIED', ('UNSPECIFIED'), ('UNSPECIFIED'), ('UNSPECIFIED') ) ;
#3793 = ORIENTED_EDGE ( 'NONE', *, *, #1742, .T. ) ;
#3794 = DIRECTION ( 'NONE',  ( 0.000000000000000000, -1.000000000000000000, 0.000000000000000000 ) ) ;
#3795 = DIRECTION ( 'NONE',  ( 0.000000000000000000, -0.000000000000000000, 1.000000000000000000 ) ) ;
#3796 = VERTEX_POINT ( 'NONE', #2228 ) ;
#3797 = CARTESIAN_POINT ( 'NONE',  ( -3843.999999999977263, 2.273181642920008017E-11, 82.00000000000001421 ) ) ;
#3798 = APPROVAL_STATUS ( 'not_yet_approved' ) ;
#3799 = CARTESIAN_POINT ( 'NONE',  ( 1.700029006457270953E-13, -1014.999999999999886, 27.00000000000000711 ) ) ;
#3800 = EDGE_LOOP ( 'NONE', ( #3666, #21, #2372, #3235 ) ) ;
#3801 = EDGE_CURVE ( 'NONE', #4553, #5419, #2517, .T. ) ;
#3802 = DIRECTION ( 'NONE',  ( 0.000000000000000000, 1.000000000000000000, 0.000000000000000000 ) ) ;
#3803 = DIRECTION ( 'NONE',  ( 0.000000000000000000, -1.000000000000000000, 0.000000000000000000 ) ) ;
#3804 = ORIENTED_EDGE ( 'NONE', *, *, #4819, .F. ) ;
#3805 = CARTESIAN_POINT ( 'NONE',  ( -3353.999999999976808, 2.273181642920008017E-11, 529.0000000000001137 ) ) ;
#3806 = DIRECTION ( 'NONE',  ( -0.000000000000000000, -1.000000000000000000, -0.000000000000000000 ) ) ;
#3807 = SECURITY_CLASSIFICATION ( '', '', #2935 ) ;
#3808 = ADVANCED_FACE ( 'NONE', ( #3633 ), #2207, .T. ) ;
#3809 = LINE ( 'NONE', #2633, #2972 ) ;
#3810 = ORIENTED_EDGE ( 'NONE', *, *, #1680, .T. ) ;
#3811 = DIRECTION ( 'NONE',  ( 0.000000000000000000, 0.000000000000000000, -1.000000000000000000 ) ) ;
#3812 = FACE_OUTER_BOUND ( 'NONE', #505, .T. ) ;
#3813 = EDGE_CURVE ( 'NONE', #1094, #2351, #938, .T. ) ;
#3814 = DIRECTION ( 'NONE',  ( 0.000000000000000000, -1.000000000000000000, 0.000000000000000000 ) ) ;
#3815 = LINE ( 'NONE', #928, #3576 ) ;
#3816 = LINE ( 'NONE', #2575, #808 ) ;
#3817 = DIRECTION ( 'NONE',  ( 0.000000000000000000, -1.000000000000000000, 0.000000000000000000 ) ) ;
#3818 = DIRECTION ( 'NONE',  ( 0.000000000000000000, 1.000000000000000000, 0.000000000000000000 ) ) ;
#3819 = LINE ( 'NONE', #1232, #1520 ) ;
#3820 = ORIENTED_EDGE ( 'NONE', *, *, #2757, .T. ) ;
#3821 = CARTESIAN_POINT ( 'NONE',  ( 0.000000000000000000, 2320.000000000022737, 580.0000000000000000 ) ) ;
#3822 = DIRECTION ( 'NONE',  ( -0.000000000000000000, -1.000000000000000000, -0.000000000000000000 ) ) ;
#3823 = CIRCLE ( 'NONE', #2379, 8.000000000000007105 ) ;
#3824 = ADVANCED_FACE ( 'NONE', ( #1919 ), #2847, .T. ) ;
#3825 = EDGE_LOOP ( 'NONE', ( #3240, #1824, #3457, #1399 ) ) ;
#3826 = EDGE_CURVE ( 'NONE', #4312, #2717, #686, .T. ) ;
#3827 = AXIS2_PLACEMENT_3D ( 'NONE', #4286, #4272, #518 ) ;
#3828 = DIRECTION ( 'NONE',  ( 0.000000000000000000, -0.000000000000000000, -1.000000000000000000 ) ) ;
#3829 = CARTESIAN_POINT ( 'NONE',  ( 15.90000000000017089, -184.9999999999999432, 20.90000000000000213 ) ) ;
#3830 = ORIENTED_EDGE ( 'NONE', *, *, #1456, .F. ) ;
#3831 = ORIENTED_EDGE ( 'NONE', *, *, #4659, .T. ) ;
#3832 = DIRECTION ( 'NONE',  ( 0.000000000000000000, -1.000000000000000000, 0.000000000000000000 ) ) ;
#3833 = EDGE_CURVE ( 'NONE', #2014, #2201, #805, .T. ) ;
#3834 = CARTESIAN_POINT ( 'NONE',  ( -3869.999999999977263, 1810.250000000022737, 596.7999999999999545 ) ) ;
#3835 = VERTEX_POINT ( 'NONE', #5357 ) ;
#3836 = DIRECTION ( 'NONE',  ( 0.000000000000000000, -1.000000000000000000, 0.000000000000000000 ) ) ;
#3837 = VERTEX_POINT ( 'NONE', #3268 ) ;
#3838 = ADVANCED_FACE ( 'NONE', ( #2320, #3747 ), #4871, .F. ) ;
#3839 = DIRECTION ( 'NONE',  ( 0.000000000000000000, 0.000000000000000000, -1.000000000000000000 ) ) ;
#3840 = ORIENTED_EDGE ( 'NONE', *, *, #1462, .T. ) ;
#3841 = CARTESIAN_POINT ( 'NONE',  ( 15.00000000000016875, 215.0000000000001990, 0.000000000000000000 ) ) ;
#3842 = EDGE_LOOP ( 'NONE', ( #4704, #1711, #4781, #3964 ) ) ;
#3843 = CC_DESIGN_DATE_AND_TIME_ASSIGNMENT ( #4933, #1053, ( #4406 ) ) ;
#3844 = DIRECTION ( 'NONE',  ( -1.000000000000000000, 0.000000000000000000, -0.000000000000000000 ) ) ;
#3845 = DIRECTION ( 'NONE',  ( 0.000000000000000000, -0.000000000000000000, -1.000000000000000000 ) ) ;
#3846 = ORIENTED_EDGE ( 'NONE', *, *, #87, .F. ) ;
#3847 = ORIENTED_EDGE ( 'NONE', *, *, #2227, .F. ) ;
#3848 = EDGE_CURVE ( 'NONE', #3039, #5154, #4408, .T. ) ;
#3849 = VECTOR ( 'NONE', #1683, 1000.000000000000000 ) ;
#3850 = AXIS2_PLACEMENT_3D ( 'NONE', #1253, #5395, #1218 ) ;
#3851 = DIRECTION ( 'NONE',  ( -0.000000000000000000, 1.000000000000000000, -0.000000000000000000 ) ) ;
#3852 = ORIENTED_EDGE ( 'NONE', *, *, #4938, .F. ) ;
#3853 = VECTOR ( 'NONE', #940, 1000.000000000000000 ) ;
#3854 = DIRECTION ( 'NONE',  ( 1.000000000000000000, 0.000000000000000000, 0.000000000000000000 ) ) ;
#3855 = EDGE_CURVE ( 'NONE', #1851, #3911, #1191, .T. ) ;
#3856 = DIRECTION ( 'NONE',  ( -0.000000000000000000, -1.000000000000000000, -0.000000000000000000 ) ) ;
#3857 = ORIENTED_EDGE ( 'NONE', *, *, #3371, .T. ) ;
#3858 = DIRECTION ( 'NONE',  ( 1.000000000000000000, 0.000000000000000000, 0.000000000000000000 ) ) ;
#3859 = FACE_BOUND ( 'NONE', #1760, .T. ) ;
#3860 = DIRECTION ( 'NONE',  ( 0.000000000000000000, -1.000000000000000000, 0.000000000000000000 ) ) ;
#3861 = AXIS2_PLACEMENT_3D ( 'NONE', #2140, #1363, #3011 ) ;
#3862 = LINE ( 'NONE', #4049, #2481 ) ;
#3863 = DIRECTION ( 'NONE',  ( 0.000000000000000000, -0.000000000000000000, -1.000000000000000000 ) ) ;
#3864 = ORIENTED_EDGE ( 'NONE', *, *, #1876, .T. ) ;
#3865 = DIRECTION ( 'NONE',  ( 0.000000000000000000, 1.000000000000000000, -0.000000000000000000 ) ) ;
#3866 = VECTOR ( 'NONE', #5341, 1000.000000000000000 ) ;
#3867 = EDGE_CURVE ( 'NONE', #219, #4493, #2186, .T. ) ;
#3868 = LINE ( 'NONE', #356, #2487 ) ;
#3869 = ADVANCED_FACE ( 'NONE', ( #1066 ), #770, .T. ) ;
#3870 = AXIS2_PLACEMENT_3D ( 'NONE', #4370, #654, #1421 ) ;
#3871 = ORIENTED_EDGE ( 'NONE', *, *, #368, .F. ) ;
#3872 = CARTESIAN_POINT ( 'NONE',  ( -3869.999999999977263, 1410.250000000022737, 580.0000000000000000 ) ) ;
#3873 = DIRECTION ( 'NONE',  ( -1.000000000000000000, 0.000000000000000000, 0.000000000000000000 ) ) ;
#3874 = EDGE_LOOP ( 'NONE', ( #5012, #782, #2356, #5153, #2175 ) ) ;
#3875 = CARTESIAN_POINT ( 'NONE',  ( -3353.999999999976808, 100.0000000000227374, 109.0000000000001279 ) ) ;
#3876 = ORIENTED_EDGE ( 'NONE', *, *, #2482, .F. ) ;
#3877 = DIRECTION ( 'NONE',  ( 0.000000000000000000, 0.000000000000000000, 1.000000000000000000 ) ) ;
#3878 = CARTESIAN_POINT ( 'NONE',  ( -3353.999999999976808, 2.273181642920008017E-11, 502.0000000000000000 ) ) ;
#3879 = DIRECTION ( 'NONE',  ( 0.000000000000000000, 1.000000000000000000, 0.000000000000000000 ) ) ;
#3880 = DESIGN_CONTEXT ( 'detailed design', #3056, 'design' ) ;
#3881 = PLANE ( 'NONE',  #268 ) ;
#3882 = CYLINDRICAL_SURFACE ( 'NONE', #3232, 20.00000000000018474 ) ;
#3883 = AXIS2_PLACEMENT_3D ( 'NONE', #3986, #1455, #1954 ) ;
#3884 = DIRECTION ( 'NONE',  ( 0.000000000000000000, 0.000000000000000000, 1.000000000000000000 ) ) ;
#3885 = VECTOR ( 'NONE', #3657, 1000.000000000000000 ) ;
#3886 = CARTESIAN_POINT ( 'NONE',  ( -3884.099999999977626, 1439.750000000022737, 596.0000000000000000 ) ) ;
#3887 = EDGE_CURVE ( 'NONE', #2553, #536, #5397, .T. ) ;
#3888 = SHAPE_REPRESENTATION_RELATIONSHIP ( 'NONE' , 'NONE' ,  #1697, #1770 ) ;
#3889 = DIRECTION ( 'NONE',  ( -1.000000000000000000, 0.000000000000000000, -0.000000000000000000 ) ) ;
#3890 = PLANE ( 'NONE',  #1216 ) ;
#3891 = AXIS2_PLACEMENT_3D ( 'NONE', #481, #842, #4645 ) ;
#3892 = DIRECTION ( 'NONE',  ( 0.000000000000000000, 0.000000000000000000, 1.000000000000000000 ) ) ;
#3893 = VERTEX_POINT ( 'NONE', #349 ) ;
#3894 = ADVANCED_FACE ( 'NONE', ( #3182, #3951 ), #2039, .F. ) ;
#3895 = DIRECTION ( 'NONE',  ( 0.000000000000000000, -0.000000000000000000, 1.000000000000000000 ) ) ;
#3896 = VECTOR ( 'NONE', #1687, 1000.000000000000000 ) ;
#3897 = ORIENTED_EDGE ( 'NONE', *, *, #1086, .F. ) ;
#3898 = CARTESIAN_POINT ( 'NONE',  ( -3299.999999999977717, 2350.000000000022737, 580.0000000000000000 ) ) ;
#3899 = VERTEX_POINT ( 'NONE', #5142 ) ;
#3900 = EDGE_CURVE ( 'NONE', #3039, #2861, #1582, .T. ) ;
#3901 = AXIS2_PLACEMENT_3D ( 'NONE', #1005, #1884, #4366 ) ;
#3902 = CARTESIAN_POINT ( 'NONE',  ( -3884.099999999977626, 1010.250000000022510, 596.0000000000000000 ) ) ;
#3903 = ORIENTED_EDGE ( 'NONE', *, *, #4339, .T. ) ;
#3904 = CARTESIAN_POINT ( 'NONE',  ( 15.90000000000017089, -1125.000000000000000, 10.90000000000000036 ) ) ;
#3905 = ORIENTED_EDGE ( 'NONE', *, *, #4953, .F. ) ;
#3906 = ORIENTED_EDGE ( 'NONE', *, *, #3450, .T. ) ;
#3907 = CARTESIAN_POINT ( 'NONE',  ( -28.00000000000001066, -1014.999999999999886, 22.00000000000000000 ) ) ;
#3908 = CALENDAR_DATE ( 2026, 27, 5 ) ;
#3909 = EDGE_CURVE ( 'NONE', #1347, #3915, #4883, .T. ) ;
#3910 = PERSON_AND_ORGANIZATION_ROLE ( 'creator' ) ;
#3911 = VERTEX_POINT ( 'NONE', #980 ) ;
#3912 = DIRECTION ( 'NONE',  ( 0.000000000000000000, -0.000000000000000000, 1.000000000000000000 ) ) ;
#3913 = CARTESIAN_POINT ( 'NONE',  ( -3884.099999999977626, 610.2500000000227374, 590.9499999999997044 ) ) ;
#3914 = EDGE_CURVE ( 'NONE', #4420, #1936, #1988, .T. ) ;
#3915 = VERTEX_POINT ( 'NONE', #479 ) ;
#3916 = SECURITY_CLASSIFICATION ( '', '', #1744 ) ;
#3917 = LINE ( 'NONE', #1594, #1955 ) ;
#3918 = CIRCLE ( 'NONE', #1474, 15.00000000000000000 ) ;
#3919 = CARTESIAN_POINT ( 'NONE',  ( 33.00000000000017764, 585.0000000000001137, -27.99999999999998934 ) ) ;
#3920 = CYLINDRICAL_SURFACE ( 'NONE', #297, 5.000000000000000888 ) ;
#3921 = ORIENTED_EDGE ( 'NONE', *, *, #1376, .F. ) ;
#3922 = ADVANCED_FACE ( 'NONE', ( #2648 ), #3890, .T. ) ;
#3923 = EDGE_CURVE ( 'NONE', #4322, #2740, #3815, .T. ) ;
#3924 = CYLINDRICAL_SURFACE ( 'NONE', #4853, 8.000000000000007105 ) ;
#3925 = SHAPE_REPRESENTATION ( '高柜01柜门_高柜01柜门', ( #1610 ), #4433 ) ;
#3926 = AXIS2_PLACEMENT_3D ( 'NONE', #3563, #4802, #1451 ) ;
#3927 = FACE_OUTER_BOUND ( 'NONE', #416, .T. ) ;
#3928 = FACE_OUTER_BOUND ( 'NONE', #3770, .T. ) ;
#3929 = VERTEX_POINT ( 'NONE', #111 ) ;
#3930 = DIRECTION ( 'NONE',  ( 0.000000000000000000, 0.000000000000000000, -1.000000000000000000 ) ) ;
#3931 = LINE ( 'NONE', #144, #4858 ) ;
#3932 = DIRECTION ( 'NONE',  ( 0.000000000000000000, 0.000000000000000000, 1.000000000000000000 ) ) ;
#3933 = CIRCLE ( 'NONE', #1972, 15.00000000000000000 ) ;
#3934 = DIRECTION ( 'NONE',  ( -0.000000000000000000, -0.000000000000000000, -1.000000000000000000 ) ) ;
#3935 = ORIENTED_EDGE ( 'NONE', *, *, #2995, .F. ) ;
#3936 = AXIS2_PLACEMENT_3D ( 'NONE', #1620, #5409, #1549 ) ;
#3937 = CARTESIAN_POINT ( 'NONE',  ( -3353.999999999976808, 2.273181642920008017E-11, 109.0000000000001279 ) ) ;
#3938 = VERTEX_POINT ( 'NONE', #4255 ) ;
#3939 = APPROVAL_DATE_TIME ( #3294, #5266 ) ;
#3940 = EDGE_CURVE ( 'NONE', #2608, #943, #627, .T. ) ;
#3941 = AXIS2_PLACEMENT_3D ( 'NONE', #5426, #3380, #3781 ) ;
#3942 = ORIENTED_EDGE ( 'NONE', *, *, #2873, .T. ) ;
#3943 = EDGE_LOOP ( 'NONE', ( #3411, #3518, #4827, #1294 ) ) ;
#3944 = DIRECTION ( 'NONE',  ( 1.000000000000000000, 0.000000000000000000, 0.000000000000000000 ) ) ;
#3945 = ORIENTED_EDGE ( 'NONE', *, *, #339, .T. ) ;
#3946 = LINE ( 'NONE', #1816, #1710 ) ;
#3947 = ORIENTED_EDGE ( 'NONE', *, *, #3914, .F. ) ;
#3948 = ADVANCED_FACE ( 'NONE', ( #1457 ), #3488, .T. ) ;
#3949 = CARTESIAN_POINT ( 'NONE',  ( -3884.099999999977626, 210.2500000000227374, 601.0500000000001819 ) ) ;
#3950 = DIRECTION ( 'NONE',  ( 0.000000000000000000, 0.000000000000000000, 1.000000000000000000 ) ) ;
#3951 = FACE_OUTER_BOUND ( 'NONE', #2663, .T. ) ;
#3952 = DIRECTION ( 'NONE',  ( 0.000000000000000000, 1.000000000000000000, -0.000000000000000000 ) ) ;
#3953 = VECTOR ( 'NONE', #2259, 1000.000000000000000 ) ;
#3954 = VECTOR ( 'NONE', #3005, 1000.000000000000000 ) ;
#3955 = VERTEX_POINT ( 'NONE', #3074 ) ;
#3956 = PLANE ( 'NONE',  #439 ) ;
#3957 = AXIS2_PLACEMENT_3D ( 'NONE', #4962, #279, #1543 ) ;
#3958 = CIRCLE ( 'NONE', #5120, 5.000000000000000888 ) ;
#3959 = VECTOR ( 'NONE', #4411, 1000.000000000000000 ) ;
#3960 = ORIENTED_EDGE ( 'NONE', *, *, #3408, .F. ) ;
#3961 = DIRECTION ( 'NONE',  ( 0.000000000000000000, -1.000000000000000000, 0.000000000000000000 ) ) ;
#3962 = EDGE_CURVE ( 'NONE', #2516, #4057, #5336, .T. ) ;
#3963 = ORIENTED_EDGE ( 'NONE', *, *, #5403, .F. ) ;
#3964 = ORIENTED_EDGE ( 'NONE', *, *, #1331, .F. ) ;
#3965 = APPROVAL ( #3798, 'UNKNOWN' ) ;
#3966 = CARTESIAN_POINT ( 'NONE',  ( -3353.999999999976808, 15.00000000002273204, 522.0000000000001137 ) ) ;
#3967 = DIRECTION ( 'NONE',  ( 0.000000000000000000, 1.000000000000000000, 0.000000000000000000 ) ) ;
#3968 = ORIENTED_EDGE ( 'NONE', *, *, #817, .F. ) ;
#3969 = ORIENTED_EDGE ( 'NONE', *, *, #4130, .F. ) ;
#3970 = CARTESIAN_POINT ( 'NONE',  ( -3884.099999999977626, 2239.750000000022737, 601.0500000000001819 ) ) ;
#3971 = EDGE_CURVE ( 'NONE', #3911, #4875, #1984, .T. ) ;
#3972 = AXIS2_PLACEMENT_3D ( 'NONE', #840, #4175, #4306 ) ;
#3973 = ORIENTED_EDGE ( 'NONE', *, *, #978, .T. ) ;
#3974 = DIRECTION ( 'NONE',  ( 0.000000000000000000, 0.000000000000000000, -1.000000000000000000 ) ) ;
#3975 = ORIENTED_EDGE ( 'NONE', *, *, #4007, .F. ) ;
#3976 = ADVANCED_FACE ( 'NONE', ( #3629 ), #72, .T. ) ;
#3977 = ORIENTED_EDGE ( 'NONE', *, *, #3238, .T. ) ;
#3978 = ORIENTED_EDGE ( 'NONE', *, *, #3193, .T. ) ;
#3979 = ORIENTED_EDGE ( 'NONE', *, *, #1888, .T. ) ;
#3980 = CARTESIAN_POINT ( 'NONE',  ( -3877.999999999977263, 1410.250000000022737, 604.7999999999999545 ) ) ;
#3981 = LINE ( 'NONE', #2375, #358 ) ;
#3982 = FACE_OUTER_BOUND ( 'NONE', #2735, .T. ) ;
#3983 = DIRECTION ( 'NONE',  ( 0.000000000000000000, -1.000000000000000000, 0.000000000000000000 ) ) ;
#3984 = VERTEX_POINT ( 'NONE', #1316 ) ;
#3985 = DIRECTION ( 'NONE',  ( -0.000000000000000000, -1.000000000000000000, -0.000000000000000000 ) ) ;
#3986 = CARTESIAN_POINT ( 'NONE',  ( 0.000000000000000000, 0.000000000000000000, -1.500000000000000000 ) ) ;
#3987 = FACE_OUTER_BOUND ( 'NONE', #208, .T. ) ;
#3988 = EDGE_CURVE ( 'NONE', #3938, #4894, #4934, .T. ) ;
#3989 = CARTESIAN_POINT ( 'NONE',  ( -28.00000000000001066, 185.0000000000001990, 27.00000000000000355 ) ) ;
#3990 = DIRECTION ( 'NONE',  ( 0.000000000000000000, 0.000000000000000000, 1.000000000000000000 ) ) ;
#3991 = VECTOR ( 'NONE', #2988, 1000.000000000000000 ) ;
#3992 = AXIS2_PLACEMENT_3D ( 'NONE', #3027, #503, #2198 ) ;
#3993 = VERTEX_POINT ( 'NONE', #1743 ) ;
#3994 = LINE ( 'NONE', #4337, #5376 ) ;
#3995 = EDGE_CURVE ( 'NONE', #2295, #4312, #4403, .T. ) ;
#3996 = VECTOR ( 'NONE', #1823, 1000.000000000000000 ) ;
#3997 = ORIENTED_EDGE ( 'NONE', *, *, #154, .F. ) ;
#3998 = FACE_OUTER_BOUND ( 'NONE', #1986, .T. ) ;
#3999 = LOCAL_TIME ( 9, 50, 6.000000000000000000, #982 ) ;
#4000 = CARTESIAN_POINT ( 'NONE',  ( 15.90000000000017089, -1123.500000000000000, 15.90000000000000036 ) ) ;
#4001 = APPLICATION_PROTOCOL_DEFINITION ( 'international standard', 'config_control_design', 1994, #1090 ) ;
#4002 = EDGE_LOOP ( 'NONE', ( #5294, #3462, #3433, #2471, #4608 ) ) ;
#4003 = CARTESIAN_POINT ( 'NONE',  ( -3843.999999999977263, 15.00000000002273204, 82.00000000000001421 ) ) ;
#4004 = ADVANCED_FACE ( 'NONE', ( #206 ), #3104, .T. ) ;
#4005 = CARTESIAN_POINT ( 'NONE',  ( -3869.999999999977263, 239.7500000000227089, 596.7999999999999545 ) ) ;
#4006 = DIRECTION ( 'NONE',  ( 0.000000000000000000, 1.000000000000000000, 0.000000000000000000 ) ) ;
#4007 = EDGE_CURVE ( 'NONE', #4877, #3221, #2502, .T. ) ;
#4008 = AXIS2_PLACEMENT_3D ( 'NONE', #1071, #3614, #2809 ) ;
#4009 = ORIENTED_EDGE ( 'NONE', *, *, #2123, .T. ) ;
#4010 = PERSON_AND_ORGANIZATION ( #413, #3566 ) ;
#4011 = CARTESIAN_POINT ( 'NONE',  ( -3884.099999999977626, 2239.750000000022737, 590.9499999999997044 ) ) ;
#4012 = CARTESIAN_POINT ( 'NONE',  ( -3886.799999999977445, 610.2500000000227374, 596.7999999999999545 ) ) ;
#4013 = LINE ( 'NONE', #1748, #3996 ) ;
#4014 = EDGE_LOOP ( 'NONE', ( #4289, #1026, #73, #1167 ) ) ;
#4015 = EDGE_CURVE ( 'NONE', #4133, #664, #5201, .T. ) ;
#4016 = FACE_OUTER_BOUND ( 'NONE', #2122, .T. ) ;
#4017 = DIRECTION ( 'NONE',  ( 1.000000000000000000, -0.000000000000000000, -0.000000000000000000 ) ) ;
#4018 = EDGE_CURVE ( 'NONE', #3835, #2943, #4598, .T. ) ;
#4019 = CIRCLE ( 'NONE', #635, 6.500000000000002665 ) ;
#4020 = CC_DESIGN_PERSON_AND_ORGANIZATION_ASSIGNMENT ( #4154, #1948, ( #733 ) ) ;
#4021 = CARTESIAN_POINT ( 'NONE',  ( 598.0000000000002274, 1125.000000000000000, 0.000000000000000000 ) ) ;
#4022 = DIRECTION ( 'NONE',  ( -0.000000000000000000, 1.000000000000000000, -0.000000000000000000 ) ) ;
#4023 = LINE ( 'NONE', #4198, #2917 ) ;
#4024 = VERTEX_POINT ( 'NONE', #4384 ) ;
#4025 = DIRECTION ( 'NONE',  ( -0.000000000000000000, -0.000000000000000000, -1.000000000000000000 ) ) ;
#4026 = EDGE_LOOP ( 'NONE', ( #561, #4700, #4844, #2830, #633 ) ) ;
#4027 = VECTOR ( 'NONE', #2623, 1000.000000000000000 ) ;
#4028 = ORIENTED_EDGE ( 'NONE', *, *, #754, .F. ) ;
#4029 = PLANE ( 'NONE',  #4627 ) ;
#4030 = DIRECTION ( 'NONE',  ( -1.000000000000000000, 0.000000000000000000, 0.000000000000000000 ) ) ;
#4031 = CARTESIAN_POINT ( 'NONE',  ( -3869.999999999977263, 1039.750000000022510, 580.0000000000000000 ) ) ;
#4032 = CIRCLE ( 'NONE', #811, 5.000000000000000888 ) ;
#4033 = EDGE_LOOP ( 'NONE', ( #1996, #2063, #54, #2303 ) ) ;
#4034 = ORIENTED_EDGE ( 'NONE', *, *, #2747, .F. ) ;
#4035 = DATE_AND_TIME ( #23, #4620 ) ;
#4036 = CARTESIAN_POINT ( 'NONE',  ( -3843.999999999977263, 15.00000000002273204, 109.0000000000001279 ) ) ;
#4037 = DIRECTION ( 'NONE',  ( 0.000000000000000000, 0.000000000000000000, 1.000000000000000000 ) ) ;
#4038 = ORIENTED_EDGE ( 'NONE', *, *, #3052, .T. ) ;
#4039 = EDGE_CURVE ( 'NONE', #2022, #4163, #868, .T. ) ;
#4040 = CC_DESIGN_DATE_AND_TIME_ASSIGNMENT ( #2611, #4587, ( #2653 ) ) ;
#4041 = CARTESIAN_POINT ( 'NONE',  ( -3353.999999999976808, 2.273181642920008017E-11, 82.00000000000001421 ) ) ;
#4042 = DIRECTION ( 'NONE',  ( 0.000000000000000000, 1.000000000000000000, 0.000000000000000000 ) ) ;
#4043 = DATE_AND_TIME ( #1950, #2936 ) ;
#4044 = CIRCLE ( 'NONE', #1601, 5.000000000000000888 ) ;
#4045 = EDGE_LOOP ( 'NONE', ( #2793, #1966, #4675, #282 ) ) ;
#4046 = VECTOR ( 'NONE', #2347, 1000.000000000000000 ) ;
#4047 = CIRCLE ( 'NONE', #308, 5.050000000000220979 ) ;
#4048 = CARTESIAN_POINT ( 'NONE',  ( -3843.999999999977263, 85.00000000002273737, 54.99999999999990052 ) ) ;
#4049 = CARTESIAN_POINT ( 'NONE',  ( -0.000000000000000000, -214.9999999999999432, 0.000000000000000000 ) ) ;
#4050 = VECTOR ( 'NONE', #2060, 1000.000000000000000 ) ;
#4051 = CARTESIAN_POINT ( 'NONE',  ( -3843.999999999977263, 85.00000000002273737, 502.0000000000000000 ) ) ;
#4052 = VERTEX_POINT ( 'NONE', #1898 ) ;
#4053 = DIRECTION ( 'NONE',  ( 0.000000000000000000, -1.000000000000000000, -0.000000000000000000 ) ) ;
#4054 = LINE ( 'NONE', #3514, #1894 ) ;
#4055 = FACE_OUTER_BOUND ( 'NONE', #3842, .T. ) ;
#4056 = DIRECTION ( 'NONE',  ( 0.000000000000000000, -1.000000000000000000, 0.000000000000000000 ) ) ;
#4057 = VERTEX_POINT ( 'NONE', #2323 ) ;
#4058 = VECTOR ( 'NONE', #1581, 1000.000000000000000 ) ;
#4059 = AXIS2_PLACEMENT_3D ( 'NONE', #4212, #856, #4616 ) ;
#4060 = LINE ( 'NONE', #3416, #1838 ) ;
#4061 = EDGE_LOOP ( 'NONE', ( #28, #5204, #2897, #2504 ) ) ;
#4062 = CARTESIAN_POINT ( 'NONE',  ( -3843.999999999977263, 85.00000000002273737, 82.00000000000001421 ) ) ;
#4063 = VECTOR ( 'NONE', #3463, 1000.000000000000000 ) ;
#4064 = VECTOR ( 'NONE', #936, 1000.000000000000000 ) ;
#4065 = EDGE_CURVE ( 'NONE', #3494, #3067, #742, .T. ) ;
#4066 = EDGE_LOOP ( 'NONE', ( #1691, #2435, #835, #1957, #3165 ) ) ;
#4067 = AXIS2_PLACEMENT_3D ( 'NONE', #1245, #3376, #4607 ) ;
#4068 = CARTESIAN_POINT ( 'NONE',  ( -3869.999999999976808, 0.000000000000000000, 580.0000000000000000 ) ) ;
#4069 = DIRECTION ( 'NONE',  ( -0.000000000000000000, -1.000000000000000000, -0.000000000000000000 ) ) ;
#4070 = ORIENTED_EDGE ( 'NONE', *, *, #3867, .T. ) ;
#4071 = ORIENTED_EDGE ( 'NONE', *, *, #3713, .F. ) ;
#4072 = PERSON_AND_ORGANIZATION ( #413, #3566 ) ;
#4073 = DIRECTION ( 'NONE',  ( -1.000000000000000000, 0.000000000000000000, -0.000000000000000000 ) ) ;
#4074 = DIRECTION ( 'NONE',  ( 0.000000000000000000, 0.000000000000000000, 1.000000000000000000 ) ) ;
#4075 = EDGE_CURVE ( 'NONE', #494, #1212, #3438, .T. ) ;
#4076 = AXIS2_PLACEMENT_3D ( 'NONE', #2114, #2964, #8 ) ;
#4077 = LINE ( 'NONE', #5278, #4191 ) ;
#4078 = ORIENTED_EDGE ( 'NONE', *, *, #3887, .F. ) ;
#4079 = CARTESIAN_POINT ( 'NONE',  ( -3877.999999999977263, 610.2500000000227374, 604.7999999999999545 ) ) ;
#4080 = VECTOR ( 'NONE', #4157, 1000.000000000000000 ) ;
#4081 = CARTESIAN_POINT ( 'NONE',  ( -3884.099999999977626, 1010.250000000022510, 590.9499999999997044 ) ) ;
#4082 = DIRECTION ( 'NONE',  ( 0.000000000000000000, -1.000000000000000000, 0.000000000000000000 ) ) ;
#4083 = VECTOR ( 'NONE', #4073, 1000.000000000000000 ) ;
#4084 = LINE ( 'NONE', #650, #4541 ) ;
#4085 = VERTEX_POINT ( 'NONE', #4360 ) ;
#4086 = EDGE_CURVE ( 'NONE', #1559, #3938, #2377, .T. ) ;
#4087 = CARTESIAN_POINT ( 'NONE',  ( -3894.799999999977445, 610.2500000000227374, 596.7999999999999545 ) ) ;
#4088 = EDGE_LOOP ( 'NONE', ( #5272, #5392 ) ) ;
#4089 = EDGE_LOOP ( 'NONE', ( #2625, #4071, #2213, #967 ) ) ;
#4090 = CARTESIAN_POINT ( 'NONE',  ( -3884.099999999977626, 1410.250000000022737, 596.0000000000000000 ) ) ;
#4091 = EDGE_CURVE ( 'NONE', #3200, #278, #3509, .T. ) ;
#4092 = DIRECTION ( 'NONE',  ( 0.000000000000000000, 0.000000000000000000, 1.000000000000000000 ) ) ;
#4093 = VERTEX_POINT ( 'NONE', #1068 ) ;
#4094 = CARTESIAN_POINT ( 'NONE',  ( 15.90000000000017089, -1125.000000000000000, 10.90000000000000036 ) ) ;
#4095 = ORIENTED_EDGE ( 'NONE', *, *, #4828, .F. ) ;
#4096 = DIRECTION ( 'NONE',  ( 0.000000000000000000, -0.000000000000000000, 1.000000000000000000 ) ) ;
#4097 = AXIS2_PLACEMENT_3D ( 'NONE', #2654, #585, #1800 ) ;
#4098 = ORIENTED_EDGE ( 'NONE', *, *, #3331, .T. ) ;
#4099 = EDGE_LOOP ( 'NONE', ( #4475, #4739, #5424, #2884 ) ) ;
#4100 = DIRECTION ( 'NONE',  ( 0.000000000000000000, -0.000000000000000000, 1.000000000000000000 ) ) ;
#4101 = CARTESIAN_POINT ( 'NONE',  ( -3894.799999999977445, 2210.250000000022283, 596.7999999999999545 ) ) ;
#4102 = EDGE_CURVE ( 'NONE', #338, #4898, #1247, .T. ) ;
#4103 = AXIS2_PLACEMENT_3D ( 'NONE', #3505, #1843, #2820 ) ;
#4104 = VERTEX_POINT ( 'NONE', #5239 ) ;
#4105 = ORIENTED_EDGE ( 'NONE', *, *, #2995, .T. ) ;
#4106 = CIRCLE ( 'NONE', #2012, 27.00000000000013500 ) ;
#4107 = ORIENTED_EDGE ( 'NONE', *, *, #4566, .T. ) ;
#4108 = EDGE_CURVE ( 'NONE', #4353, #2570, #3038, .T. ) ;
#4109 = CYLINDRICAL_SURFACE ( 'NONE', #1633, 5.050000000000220979 ) ;
#4110 = CARTESIAN_POINT ( 'NONE',  ( -3886.799999999977445, 1010.250000000022510, 604.7999999999999545 ) ) ;
#4111 = DIRECTION ( 'NONE',  ( 0.000000000000000000, 1.000000000000000000, 0.000000000000000000 ) ) ;
#4112 = APPLICATION_CONTEXT ( 'configuration controlled 3d designs of mechanical parts and assemblies' ) ;
#4113 = ORIENTED_EDGE ( 'NONE', *, *, #3238, .F. ) ;
#4114 = FACE_OUTER_BOUND ( 'NONE', #166, .T. ) ;
#4115 = DIRECTION ( 'NONE',  ( 0.000000000000000000, -0.000000000000000000, -1.000000000000000000 ) ) ;
#4116 = CC_DESIGN_APPROVAL ( #3740, ( #4190 ) ) ;
#4117 = ORIENTED_EDGE ( 'NONE', *, *, #1896, .F. ) ;
#4118 = ITEM_DEFINED_TRANSFORMATION ( 'NONE', 'NONE', #3941,  #1610 ) ;
#4119 = CARTESIAN_POINT ( 'NONE',  ( -3353.999999999976808, 2.273181642920008017E-11, 109.0000000000001279 ) ) ;
#4120 = ORIENTED_EDGE ( 'NONE', *, *, #5061, .T. ) ;
#4121 = PERSON_AND_ORGANIZATION ( #413, #3566 ) ;
#4122 = AXIS2_PLACEMENT_3D ( 'NONE', #829, #2455, #2088 ) ;
#4123 = DIRECTION ( 'NONE',  ( 0.000000000000000000, 1.000000000000000000, 0.000000000000000000 ) ) ;
#4124 = ORIENTED_EDGE ( 'NONE', *, *, #1765, .T. ) ;
#4125 = DIRECTION ( 'NONE',  ( 0.000000000000000000, 1.000000000000000000, -0.000000000000000000 ) ) ;
#4126 = DIRECTION ( 'NONE',  ( 0.000000000000000000, 0.000000000000000000, 1.000000000000000000 ) ) ;
#4127 = FACE_OUTER_BOUND ( 'NONE', #4089, .T. ) ;
#4128 = SECURITY_CLASSIFICATION_LEVEL ( 'unclassified' ) ;
#4129 = CIRCLE ( 'NONE', #1225, 8.000000000000007105 ) ;
#4130 = EDGE_CURVE ( 'NONE', #2289, #3028, #3567, .T. ) ;
#4131 = AXIS2_PLACEMENT_3D ( 'NONE', #4090, #2792, #1575 ) ;
#4132 = CARTESIAN_POINT ( 'NONE',  ( -3843.999999999977263, 2.273181642920008017E-11, 474.9999999999998863 ) ) ;
#4133 = VERTEX_POINT ( 'NONE', #220 ) ;
#4134 = DIRECTION ( 'NONE',  ( 0.000000000000000000, 0.000000000000000000, -1.000000000000000000 ) ) ;
#4135 = CARTESIAN_POINT ( 'NONE',  ( 15.90000000000017089, -1125.000000000000000, 20.90000000000000213 ) ) ;
#4136 = CYLINDRICAL_SURFACE ( 'NONE', #3588, 27.00000000000013500 ) ;
#4137 = VECTOR ( 'NONE', #3422, 1000.000000000000000 ) ;
#4138 = EDGE_CURVE ( 'NONE', #3517, #376, #2371, .T. ) ;
#4139 = AXIS2_PLACEMENT_3D ( 'NONE', #1397, #59, #133 ) ;
#4140 = CIRCLE ( 'NONE', #1922, 20.00000000000018474 ) ;
#4141 = DIRECTION ( 'NONE',  ( 0.000000000000000000, -1.000000000000000000, 0.000000000000000000 ) ) ;
#4142 = ORIENTED_EDGE ( 'NONE', *, *, #4799, .T. ) ;
#4143 = DIRECTION ( 'NONE',  ( 0.000000000000000000, 0.000000000000000000, 1.000000000000000000 ) ) ;
#4144 = ORIENTED_EDGE ( 'NONE', *, *, #3389, .F. ) ;
#4145 = DIRECTION ( 'NONE',  ( 0.000000000000000000, 1.000000000000000000, 0.000000000000000000 ) ) ;
#4146 = DIRECTION ( 'NONE',  ( 0.000000000000000000, 0.000000000000000000, 1.000000000000000000 ) ) ;
#4147 = CIRCLE ( 'NONE', #3661, 27.00000000000013500 ) ;
#4148 = VERTEX_POINT ( 'NONE', #1819 ) ;
#4149 = ORIENTED_EDGE ( 'NONE', *, *, #4768, .T. ) ;
#4150 = CARTESIAN_POINT ( 'NONE',  ( -3843.999999999977263, 85.00000000002273737, 529.0000000000001137 ) ) ;
#4151 = ORIENTED_EDGE ( 'NONE', *, *, #1757, .T. ) ;
#4152 = EDGE_LOOP ( 'NONE', ( #2580, #839, #4120, #2871 ) ) ;
#4153 = DIRECTION ( 'NONE',  ( -0.000000000000000000, -1.000000000000000000, -0.000000000000000000 ) ) ;
#4154 = PERSON_AND_ORGANIZATION ( #413, #3566 ) ;
#4155 = EDGE_CURVE ( 'NONE', #478, #3532, #927, .T. ) ;
#4156 = DIRECTION ( 'NONE',  ( 0.000000000000000000, -1.000000000000000000, 0.000000000000000000 ) ) ;
#4157 = DIRECTION ( 'NONE',  ( -0.000000000000000000, 1.000000000000000000, -0.000000000000000000 ) ) ;
#4158 = ORIENTED_EDGE ( 'NONE', *, *, #825, .T. ) ;
#4159 = AXIS2_PLACEMENT_3D ( 'NONE', #2133, #2080, #1263 ) ;
#4160 = ORIENTED_EDGE ( 'NONE', *, *, #3159, .F. ) ;
#4161 = DIRECTION ( 'NONE',  ( 0.000000000000000000, 1.000000000000000000, 0.000000000000000000 ) ) ;
#4162 = DIRECTION ( 'NONE',  ( 0.000000000000000000, -1.000000000000000000, 0.000000000000000000 ) ) ;
#4163 = VERTEX_POINT ( 'NONE', #747 ) ;
#4164 = PLANE ( 'NONE',  #1087 ) ;
#4165 = LINE ( 'NONE', #1542, #1676 ) ;
#4166 = EDGE_CURVE ( 'NONE', #3259, #3773, #2493, .T. ) ;
#4167 = AXIS2_PLACEMENT_3D ( 'NONE', #1130, #5328, #4902 ) ;
#4168 = FACE_BOUND ( 'NONE', #1858, .T. ) ;
#4169 = CARTESIAN_POINT ( 'NONE',  ( 0.000000000000000000, 0.000000000000000000, 0.000000000000000000 ) ) ;
#4170 = ORIENTED_EDGE ( 'NONE', *, *, #3442, .T. ) ;
#4171 = DIRECTION ( 'NONE',  ( 0.000000000000000000, 0.000000000000000000, 1.000000000000000000 ) ) ;
#4172 = LINE ( 'NONE', #4577, #4793 ) ;
#4173 = CARTESIAN_POINT ( 'NONE',  ( -3886.799999999977445, 1010.250000000022510, 596.7999999999999545 ) ) ;
#4174 = EDGE_CURVE ( 'NONE', #3177, #998, #3170, .T. ) ;
#4175 = DIRECTION ( 'NONE',  ( -0.000000000000000000, -1.000000000000000000, -0.000000000000000000 ) ) ;
#4176 = DIRECTION ( 'NONE',  ( 0.000000000000000000, 1.000000000000000000, 0.000000000000000000 ) ) ;
#4177 = EDGE_LOOP ( 'NONE', ( #4903, #894, #443, #684 ) ) ;
#4178 = CARTESIAN_POINT ( 'NONE',  ( -3894.799999999977445, 610.2500000000227374, 596.7999999999999545 ) ) ;
#4179 = CIRCLE ( 'NONE', #1698, 5.050000000000220979 ) ;
#4180 = APPROVAL_DATE_TIME ( #672, #3965 ) ;
#4181 = DIRECTION ( 'NONE',  ( 0.000000000000000000, 1.000000000000000000, -0.000000000000000000 ) ) ;
#4182 = PERSON_AND_ORGANIZATION_ROLE ( 'classification_officer' ) ;
#4183 = EDGE_LOOP ( 'NONE', ( #962, #1081, #5460, #865 ) ) ;
#4184 = EDGE_CURVE ( 'NONE', #2091, #5227, #1912, .T. ) ;
#4185 = CARTESIAN_POINT ( 'NONE',  ( -3899.999999999977263, 0.000000000000000000, 0.000000000000000000 ) ) ;
#4186 = FACE_OUTER_BOUND ( 'NONE', #2078, .T. ) ;
#4187 = CARTESIAN_POINT ( 'NONE',  ( -3884.099999999977626, 1439.750000000022737, 596.0000000000000000 ) ) ;
#4188 = VECTOR ( 'NONE', #1645, 1000.000000000000000 ) ;
#4189 = CARTESIAN_POINT ( 'NONE',  ( 15.90000000000017089, -1125.000000000000000, 20.90000000000000213 ) ) ;
#4190 = PRODUCT_DEFINITION ( '未知', '', #733, #3880 ) ;
#4191 = VECTOR ( 'NONE', #4017, 1000.000000000000000 ) ;
#4192 = ADVANCED_FACE ( 'NONE', ( #3675 ), #3225, .F. ) ;
#4193 = ORIENTED_EDGE ( 'NONE', *, *, #3923, .F. ) ;
#4194 = EDGE_CURVE ( 'NONE', #3079, #2146, #1373, .T. ) ;
#4195 = CARTESIAN_POINT ( 'NONE',  ( -3353.999999999976808, 15.00000000002273204, 82.00000000000001421 ) ) ;
#4196 = ORIENTED_EDGE ( 'NONE', *, *, #3801, .T. ) ;
#4197 = VERTEX_POINT ( 'NONE', #1531 ) ;
#4198 = CARTESIAN_POINT ( 'NONE',  ( -3894.799999999977445, 210.2500000000227374, 580.0000000000000000 ) ) ;
#4199 = CIRCLE ( 'NONE', #2094, 27.00000000000011369 ) ;
#4200 = ORIENTED_EDGE ( 'NONE', *, *, #1888, .F. ) ;
#4201 = PERSON_AND_ORGANIZATION_ROLE ( 'classification_officer' ) ;
#4202 = CARTESIAN_POINT ( 'NONE',  ( -1.336379566678666102E-14, 130.0000000000231637, 580.0000000000000000 ) ) ;
#4203 = CARTESIAN_POINT ( 'NONE',  ( 15.00000000000016875, 985.0000000000001137, 0.000000000000000000 ) ) ;
#4204 = DIRECTION ( 'NONE',  ( 0.000000000000000000, -0.000000000000000000, 1.000000000000000000 ) ) ;
#4205 = CIRCLE ( 'NONE', #1522, 5.050000000000220979 ) ;
#4206 = DIRECTION ( 'NONE',  ( 0.000000000000000000, 1.000000000000000000, -0.000000000000000000 ) ) ;
#4207 = LINE ( 'NONE', #384, #2117 ) ;
#4208 = CARTESIAN_POINT ( 'NONE',  ( -3884.099999999977626, 210.2500000000227374, 596.0000000000000000 ) ) ;
#4209 = LINE ( 'NONE', #4671, #1647 ) ;
#4210 = EDGE_CURVE ( 'NONE', #3323, #3469, #3515, .T. ) ;
#4211 = LINE ( 'NONE', #2270, #4690 ) ;
#4212 = CARTESIAN_POINT ( 'NONE',  ( 15.90000000000017089, 615.0000000000002274, 15.90000000000000036 ) ) ;
#4213 = ORIENTED_EDGE ( 'NONE', *, *, #4232, .T. ) ;
#4214 = CARTESIAN_POINT ( 'NONE',  ( 1.708382284810557841E-13, 1125.000000000000000, 15.00000000000000000 ) ) ;
#4215 = DIRECTION ( 'NONE',  ( -1.000000000000000000, 0.000000000000000000, 0.000000000000000000 ) ) ;
#4216 = ORIENTED_EDGE ( 'NONE', *, *, #4749, .F. ) ;
#4217 = DIRECTION ( 'NONE',  ( 0.000000000000000000, 1.000000000000000000, 0.000000000000000000 ) ) ;
#4218 = ADVANCED_FACE ( 'NONE', ( #5143 ), #1568, .F. ) ;
#4219 = EDGE_LOOP ( 'NONE', ( #3309, #2363, #4441, #83 ) ) ;
#4220 = CARTESIAN_POINT ( 'NONE',  ( -3877.999999999977263, 1810.250000000022737, 604.7999999999999545 ) ) ;
#4221 = DIRECTION ( 'NONE',  ( 0.000000000000000000, 0.000000000000000000, 1.000000000000000000 ) ) ;
#4222 = ORIENTED_EDGE ( 'NONE', *, *, #2674, .F. ) ;
#4223 = DIRECTION ( 'NONE',  ( 0.000000000000000000, -0.000000000000000000, -1.000000000000000000 ) ) ;
#4224 = VERTEX_POINT ( 'NONE', #3190 ) ;
#4225 = CC_DESIGN_DATE_AND_TIME_ASSIGNMENT ( #3617, #487, ( #4298 ) ) ;
#4226 = PERSON_AND_ORGANIZATION ( #413, #3566 ) ;
#4227 = ORIENTED_EDGE ( 'NONE', *, *, #253, .F. ) ;
#4228 = VERTEX_POINT ( 'NONE', #4857 ) ;
#4229 = AXIS2_PLACEMENT_3D ( 'NONE', #4251, #5101, #3003 ) ;
#4230 = DIRECTION ( 'NONE',  ( 0.000000000000000000, 0.000000000000000000, -1.000000000000000000 ) ) ;
#4231 = ORIENTED_EDGE ( 'NONE', *, *, #2355, .F. ) ;
#4232 = EDGE_CURVE ( 'NONE', #4024, #4287, #4077, .T. ) ;
#4233 = ORIENTED_EDGE ( 'NONE', *, *, #4293, .T. ) ;
#4234 = DIRECTION ( 'NONE',  ( 0.000000000000000000, 0.000000000000000000, 1.000000000000000000 ) ) ;
#4235 = CARTESIAN_POINT ( 'NONE',  ( 1.708382284810557841E-13, 615.0000000000001137, 30.00000000000000000 ) ) ;
#4236 = CARTESIAN_POINT ( 'NONE',  ( -4.000000000000003553, 0.000000000000000000, 1000.000000000000000 ) ) ;
#4237 = CARTESIAN_POINT ( 'NONE',  ( -3353.999999999976808, 15.00000000002273204, 109.0000000000001279 ) ) ;
#4238 = AXIS2_PLACEMENT_3D ( 'NONE', #530, #81, #3877 ) ;
#4239 = LINE ( 'NONE', #1380, #433 ) ;
#4240 = ORIENTED_EDGE ( 'NONE', *, *, #3621, .T. ) ;
#4241 =( NAMED_UNIT ( * ) PLANE_ANGLE_UNIT ( ) SI_UNIT ( $, .RADIAN. ) );
#4242 = CYLINDRICAL_SURFACE ( 'NONE', #5042, 27.00000000000013500 ) ;
#4243 = PLANE ( 'NONE',  #5156 ) ;
#4244 = LINE ( 'NONE', #2681, #3479 ) ;
#4245 = CARTESIAN_POINT ( 'NONE',  ( 1.708382284810557841E-13, -585.0000000000000000, 15.00000000000000000 ) ) ;
#4246 = ORIENTED_EDGE ( 'NONE', *, *, #3559, .T. ) ;
#4247 = EDGE_CURVE ( 'NONE', #1423, #1334, #1052, .T. ) ;
#4248 = ADVANCED_FACE ( 'NONE', ( #4399 ), #4474, .T. ) ;
#4249 = AXIS2_PLACEMENT_3D ( 'NONE', #2916, #1250, #424 ) ;
#4250 = CIRCLE ( 'NONE', #4380, 5.000000000000000888 ) ;
#4251 = CARTESIAN_POINT ( 'NONE',  ( 15.00000000000016875, 1125.000000000000000, 15.00000000000000000 ) ) ;
#4252 = DIRECTION ( 'NONE',  ( 0.000000000000000000, 1.000000000000000000, 0.000000000000000000 ) ) ;
#4253 = LINE ( 'NONE', #4458, #667 ) ;
#4254 = ORIENTED_EDGE ( 'NONE', *, *, #2043, .T. ) ;
#4255 = CARTESIAN_POINT ( 'NONE',  ( 15.90000000000017089, 1123.500000000000000, 22.40000000000000213 ) ) ;
#4256 = CARTESIAN_POINT ( 'NONE',  ( -3353.999999999976808, 15.00000000002273204, 54.99999999999990052 ) ) ;
#4257 = VECTOR ( 'NONE', #1046, 1000.000000000000000 ) ;
#4258 = CARTESIAN_POINT ( 'NONE',  ( -6.450000000000001066, 7.898971854500429678E-16, 0.000000000000000000 ) ) ;
#4259 = ORIENTED_EDGE ( 'NONE', *, *, #2724, .T. ) ;
#4260 = DIRECTION ( 'NONE',  ( -0.000000000000000000, 1.000000000000000000, -0.000000000000000000 ) ) ;
#4261 = DATE_AND_TIME ( #1240, #4528 ) ;
#4262 =( LENGTH_UNIT ( ) NAMED_UNIT ( * ) SI_UNIT ( .MILLI., .METRE. ) );
#4263 = APPROVAL_ROLE ( '' ) ;
#4264 = ADVANCED_FACE ( 'NONE', ( #1251 ), #2543, .T. ) ;
#4265 = EDGE_CURVE ( 'NONE', #579, #1591, #5368, .T. ) ;
#4266 = VECTOR ( 'NONE', #3211, 1000.000000000000000 ) ;
#4267 = ORIENTED_EDGE ( 'NONE', *, *, #802, .T. ) ;
#4268 = DIRECTION ( 'NONE',  ( 0.000000000000000000, 1.000000000000000000, 0.000000000000000000 ) ) ;
#4269 = AXIS2_PLACEMENT_3D ( 'NONE', #3627, #1072, #2362 ) ;
#4270 = ORIENTED_EDGE ( 'NONE', *, *, #4339, .F. ) ;
#4271 = EDGE_LOOP ( 'NONE', ( #2272, #5407, #242, #1342 ) ) ;
#4272 = DIRECTION ( 'NONE',  ( -0.000000000000000000, -0.000000000000000000, 1.000000000000000000 ) ) ;
#4273 = EDGE_CURVE ( 'NONE', #4431, #1450, #3981, .T. ) ;
#4274 = DIRECTION ( 'NONE',  ( 0.000000000000000000, 1.000000000000000000, 0.000000000000000000 ) ) ;
#4275 = VECTOR ( 'NONE', #332, 1000.000000000000000 ) ;
#4276 = ADVANCED_FACE ( 'NONE', ( #4375 ), #4639, .T. ) ;
#4277 = DIRECTION ( 'NONE',  ( -0.000000000000000000, 0.000000000000000000, 1.000000000000000000 ) ) ;
#4278 = CARTESIAN_POINT ( 'NONE',  ( 0.000000000000000000, 0.000000000000000000, 1000.000000000000000 ) ) ;
#4279 = EDGE_CURVE ( 'NONE', #4093, #3624, #1486, .T. ) ;
#4280 = AXIS2_PLACEMENT_3D ( 'NONE', #4446, #1518, #5313 ) ;
#4281 = DIRECTION ( 'NONE',  ( -0.000000000000000000, 1.000000000000000000, -0.000000000000000000 ) ) ;
#4282 = ORIENTED_EDGE ( 'NONE', *, *, #1643, .F. ) ;
#4283 = ORIENTED_EDGE ( 'NONE', *, *, #2188, .F. ) ;
#4284 = DIRECTION ( 'NONE',  ( 0.000000000000000000, -1.000000000000000000, -0.000000000000000000 ) ) ;
#4285 = EDGE_CURVE ( 'NONE', #4307, #1571, #4106, .T. ) ;
#4286 = CARTESIAN_POINT ( 'NONE',  ( 0.000000000000000000, 0.000000000000000000, -1.500000000000000000 ) ) ;
#4287 = VERTEX_POINT ( 'NONE', #1586 ) ;
#4288 = CARTESIAN_POINT ( 'NONE',  ( 15.90000000000017089, -1125.000000000000000, 20.90000000000000213 ) ) ;
#4289 = ORIENTED_EDGE ( 'NONE', *, *, #3500, .F. ) ;
#4290 = DIRECTION ( 'NONE',  ( 1.000000000000000000, 0.000000000000000000, -0.000000000000000000 ) ) ;
#4291 = CARTESIAN_POINT ( 'NONE',  ( -3869.999999999976808, 1839.750000000022965, 580.0000000000000000 ) ) ;
#4292 = ORIENTED_EDGE ( 'NONE', *, *, #5198, .F. ) ;
#4293 = EDGE_CURVE ( 'NONE', #130, #736, #5172, .T. ) ;
#4294 = ORIENTED_EDGE ( 'NONE', *, *, #4828, .T. ) ;
#4295 = DIRECTION ( 'NONE',  ( -1.000000000000000000, 0.000000000000000000, 0.000000000000000000 ) ) ;
#4296 = PRODUCT_DEFINITION ( '未知', '', #430, #2046 ) ;
#4297 = ORIENTED_EDGE ( 'NONE', *, *, #3159, .T. ) ;
#4298 = SECURITY_CLASSIFICATION ( '', '', #2544 ) ;
#4299 = ORIENTED_EDGE ( 'NONE', *, *, #379, .T. ) ;
#4300 = ADVANCED_FACE ( 'NONE', ( #1548, #3605 ), #1622, .T. ) ;
#4301 = AXIS2_PLACEMENT_3D ( 'NONE', #5000, #1621, #1673 ) ;
#4302 = DIRECTION ( 'NONE',  ( 0.000000000000000000, 0.000000000000000000, 1.000000000000000000 ) ) ;
#4303 = EDGE_LOOP ( 'NONE', ( #3942, #973, #4034, #4504 ) ) ;
#4304 = FACE_BOUND ( 'NONE', #5367, .T. ) ;
#4305 = PERSON_AND_ORGANIZATION_ROLE ( 'classification_officer' ) ;
#4306 = DIRECTION ( 'NONE',  ( 0.000000000000000000, 0.000000000000000000, 1.000000000000000000 ) ) ;
#4307 = VERTEX_POINT ( 'NONE', #3739 ) ;
#4308 = CARTESIAN_POINT ( 'NONE',  ( -3869.999999999977263, 1410.250000000022737, 580.0000000000000000 ) ) ;
#4309 = DIRECTION ( 'NONE',  ( 0.000000000000000000, 0.000000000000000000, -1.000000000000000000 ) ) ;
#4310 = VECTOR ( 'NONE', #1889, 1000.000000000000000 ) ;
#4311 = AXIS2_PLACEMENT_3D ( 'NONE', #3797, #5046, #3399 ) ;
#4312 = VERTEX_POINT ( 'NONE', #1220 ) ;
#4313 = FACE_BOUND ( 'NONE', #824, .T. ) ;
#4314 = EDGE_CURVE ( 'NONE', #3683, #5273, #1284, .T. ) ;
#4315 = LINE ( 'NONE', #5458, #3226 ) ;
#4316 = APPROVAL ( #3758, '未指定' ) ;
#4317 = ORIENTED_EDGE ( 'NONE', *, *, #2206, .T. ) ;
#4318 = CALENDAR_DATE ( 2026, 27, 5 ) ;
#4319 = PLANE ( 'NONE',  #238 ) ;
#4320 = DIRECTION ( 'NONE',  ( 3.947459643111667480E-16, -1.000000000000000000, 0.000000000000000000 ) ) ;
#4321 = CARTESIAN_POINT ( 'NONE',  ( -3877.999999999977263, 210.2500000000227374, 604.7999999999999545 ) ) ;
#4322 = VERTEX_POINT ( 'NONE', #2006 ) ;
#4323 = LOCAL_TIME ( 9, 50, 6.000000000000000000, #3358 ) ;
#4324 = CARTESIAN_POINT ( 'NONE',  ( -3894.799999999977445, 1439.750000000022737, 596.7999999999999545 ) ) ;
#4325 = CARTESIAN_POINT ( 'NONE',  ( -3843.999999999977263, 85.00000000002273737, 522.0000000000001137 ) ) ;
#4326 = ADVANCED_FACE ( 'NONE', ( #2691 ), #4779, .T. ) ;
#4327 = DIRECTION ( 'NONE',  ( -0.000000000000000000, -1.000000000000000000, -0.000000000000000000 ) ) ;
#4328 = DIRECTION ( 'NONE',  ( 0.000000000000000000, -1.000000000000000000, 0.000000000000000000 ) ) ;
#4329 = VERTEX_POINT ( 'NONE', #3705 ) ;
#4330 = ORIENTED_EDGE ( 'NONE', *, *, #4398, .T. ) ;
#4331 = CARTESIAN_POINT ( 'NONE',  ( -3353.999999999976808, 15.00000000002273204, 102.0000000000001990 ) ) ;
#4332 = DIRECTION ( 'NONE',  ( 0.000000000000000000, 0.000000000000000000, 1.000000000000000000 ) ) ;
#4333 = LINE ( 'NONE', #3919, #2111 ) ;
#4334 = ORIENTED_EDGE ( 'NONE', *, *, #1189, .F. ) ;
#4335 = AXIS2_PLACEMENT_3D ( 'NONE', #2719, #4328, #1805 ) ;
#4336 = FACE_BOUND ( 'NONE', #4687, .T. ) ;
#4337 = CARTESIAN_POINT ( 'NONE',  ( -3869.999999999976808, 0.000000000000000000, 580.0000000000000000 ) ) ;
#4338 = ADVANCED_FACE ( 'NONE', ( #241 ), #2472, .T. ) ;
#4339 = EDGE_CURVE ( 'NONE', #376, #3595, #5169, .T. ) ;
#4340 = EDGE_LOOP ( 'NONE', ( #2855, #4491, #3969, #226, #3876, #907 ) ) ;
#4341 = DIRECTION ( 'NONE',  ( 0.000000000000000000, 1.000000000000000000, 0.000000000000000000 ) ) ;
#4342 = VECTOR ( 'NONE', #3775, 1000.000000000000000 ) ;
#4343 = AXIS2_PLACEMENT_3D ( 'NONE', #447, #102, #4734 ) ;
#4344 = PLANE ( 'NONE',  #1530 ) ;
#4345 = CIRCLE ( 'NONE', #972, 5.050000000000220979 ) ;
#4346 = CARTESIAN_POINT ( 'NONE',  ( -3886.799999999977445, 2210.250000000022283, 604.7999999999999545 ) ) ;
#4347 = ORIENTED_EDGE ( 'NONE', *, *, #2797, .F. ) ;
#4348 = DIRECTION ( 'NONE',  ( -0.000000000000000000, -0.000000000000000000, -1.000000000000000000 ) ) ;
#4349 = MANIFOLD_SOLID_BREP ( '阵列(线性)3', #2736 ) ;
#4350 = ORIENTED_EDGE ( 'NONE', *, *, #2216, .F. ) ;
#4351 = EDGE_CURVE ( 'NONE', #1851, #1375, #31, .T. ) ;
#4352 = AXIS2_PLACEMENT_3D ( 'NONE', #5411, #2904, #2023 ) ;
#4353 = VERTEX_POINT ( 'NONE', #3291 ) ;
#4354 = DIRECTION ( 'NONE',  ( 0.000000000000000000, 1.000000000000000000, 0.000000000000000000 ) ) ;
#4355 = CARTESIAN_POINT ( 'NONE',  ( 0.000000000000000000, 0.000000000000000000, 580.0000000000000000 ) ) ;
#4356 = ADVANCED_FACE ( 'NONE', ( #4369 ), #1030, .F. ) ;
#4357 = VERTEX_POINT ( 'NONE', #761 ) ;
#4358 = ORIENTED_EDGE ( 'NONE', *, *, #4983, .F. ) ;
#4359 = PERSON_AND_ORGANIZATION ( #413, #3566 ) ;
#4360 = CARTESIAN_POINT ( 'NONE',  ( -3894.799999999977445, 1439.750000000022737, 580.0000000000000000 ) ) ;
#4361 = DATE_AND_TIME ( #1813, #4842 ) ;
#4362 = DATE_TIME_ROLE ( 'classification_date' ) ;
#4363 = EDGE_LOOP ( 'NONE', ( #160, #267, #1846, #2072, #1281, #1674, #2157, #5075, #411, #117, #3473, #3154, #701, #3766, #5098, #2397, #1916, #4509, #890, #1402, #2525, #48, #3743, #3204, #1612, #2205, #2130, #2744 ) ) ;
#4364 = ORIENTED_EDGE ( 'NONE', *, *, #319, .F. ) ;
#4365 = CARTESIAN_POINT ( 'NONE',  ( -3843.999999999977263, 2.273181642920008017E-11, 529.0000000000001137 ) ) ;
#4366 = DIRECTION ( 'NONE',  ( 0.000000000000000000, 0.000000000000000000, 1.000000000000000000 ) ) ;
#4367 = DIRECTION ( 'NONE',  ( -0.000000000000000000, 1.000000000000000000, -0.000000000000000000 ) ) ;
#4368 = EDGE_CURVE ( 'NONE', #218, #1022, #1150, .T. ) ;
#4369 = FACE_OUTER_BOUND ( 'NONE', #5085, .T. ) ;
#4370 = CARTESIAN_POINT ( 'NONE',  ( -3877.999999999977263, 210.2500000000227374, 604.7999999999999545 ) ) ;
#4371 = VERTEX_POINT ( 'NONE', #1166 ) ;
#4372 = EDGE_CURVE ( 'NONE', #2000, #2742, #2143, .T. ) ;
#4373 = LINE ( 'NONE', #2910, #1096 ) ;
#4374 = CARTESIAN_POINT ( 'NONE',  ( -3884.099999999977626, 1439.750000000022737, 590.9499999999997044 ) ) ;
#4375 = FACE_OUTER_BOUND ( 'NONE', #1080, .T. ) ;
#4376 = CIRCLE ( 'NONE', #4986, 5.000000000000000888 ) ;
#4377 = VERTEX_POINT ( 'NONE', #337 ) ;
#4378 = EDGE_CURVE ( 'NONE', #4057, #2068, #4625, .T. ) ;
#4379 = FACE_BOUND ( 'NONE', #901, .T. ) ;
#4380 = AXIS2_PLACEMENT_3D ( 'NONE', #3609, #257, #5393 ) ;
#4381 = CARTESIAN_POINT ( 'NONE',  ( -3329.999999999977263, -6.572520305780882291E-13, 22.00000000000002132 ) ) ;
#4382 = LINE ( 'NONE', #5164, #247 ) ;
#4383 = EDGE_LOOP ( 'NONE', ( #758, #609, #565, #3804 ) ) ;
#4384 = CARTESIAN_POINT ( 'NONE',  ( -3886.799999999977445, 239.7500000000227089, 604.7999999999999545 ) ) ;
#4385 = LINE ( 'NONE', #2835, #1761 ) ;
#4386 = DIRECTION ( 'NONE',  ( -0.000000000000000000, 1.000000000000000000, -0.000000000000000000 ) ) ;
#4387 = ADVANCED_FACE ( 'NONE', ( #1088, #1671 ), #3, .F. ) ;
#4388 = PLANE ( 'NONE',  #1758 ) ;
#4389 = DIRECTION ( 'NONE',  ( 0.000000000000000000, 1.000000000000000000, -0.000000000000000000 ) ) ;
#4390 = ORIENTED_EDGE ( 'NONE', *, *, #1908, .F. ) ;
#4391 = EDGE_CURVE ( 'NONE', #3673, #4879, #421, .T. ) ;
#4392 = AXIS2_PLACEMENT_3D ( 'NONE', #3715, #4123, #4570 ) ;
#4393 = LINE ( 'NONE', #1480, #2037 ) ;
#4394 = ORGANIZATION ( 'NAUO-ORG2', 'UNSPECIFIED', 'UNSPECIFIED' ) ;
#4395 = CARTESIAN_POINT ( 'NONE',  ( 1.708382284810557841E-13, -1014.999999999999659, 30.00000000000000000 ) ) ;
#4396 = ORIENTED_EDGE ( 'NONE', *, *, #4138, .T. ) ;
#4397 = DIRECTION ( 'NONE',  ( 0.000000000000000000, 0.000000000000000000, -1.000000000000000000 ) ) ;
#4398 = EDGE_CURVE ( 'NONE', #4425, #4994, #288, .T. ) ;
#4399 = FACE_OUTER_BOUND ( 'NONE', #2240, .T. ) ;
#4400 = ORIENTED_EDGE ( 'NONE', *, *, #1224, .F. ) ;
#4401 = CARTESIAN_POINT ( 'NONE',  ( -3843.999999999977263, 15.00000000002273204, 474.9999999999998863 ) ) ;
#4402 = PERSON_AND_ORGANIZATION ( #413, #3566 ) ;
#4403 = CIRCLE ( 'NONE', #64, 27.00000000000011369 ) ;
#4404 = VECTOR ( 'NONE', #5362, 1000.000000000000000 ) ;
#4405 = ORIENTED_EDGE ( 'NONE', *, *, #3601, .F. ) ;
#4406 = PRODUCT_DEFINITION ( '未知', '', #3551, #3630 ) ;
#4407 = CARTESIAN_POINT ( 'NONE',  ( 0.000000000000000000, 615.0000000000001137, 0.000000000000000000 ) ) ;
#4408 = CIRCLE ( 'NONE', #340, 5.000000000000000888 ) ;
#4409 = DIRECTION ( 'NONE',  ( 0.000000000000000000, 1.000000000000000000, 0.000000000000000000 ) ) ;
#4410 = LINE ( 'NONE', #1589, #4747 ) ;
#4411 = DIRECTION ( 'NONE',  ( -0.000000000000000000, -0.000000000000000000, -1.000000000000000000 ) ) ;
#4412 = LINE ( 'NONE', #461, #1788 ) ;
#4413 = EDGE_CURVE ( 'NONE', #963, #2428, #4032, .T. ) ;
#4414 = CARTESIAN_POINT ( 'NONE',  ( 1.700029006457270953E-13, 585.0000000000001137, 15.00000000000000000 ) ) ;
#4415 = DIRECTION ( 'NONE',  ( -0.000000000000000000, 1.000000000000000000, -0.000000000000000000 ) ) ;
#4416 = DIRECTION ( 'NONE',  ( 0.000000000000000000, 0.000000000000000000, -1.000000000000000000 ) ) ;
#4417 = AXIS2_PLACEMENT_3D ( 'NONE', #1345, #85, #5097 ) ;
#4418 = FACE_OUTER_BOUND ( 'NONE', #3615, .T. ) ;
#4419 = ADVANCED_FACE ( 'NONE', ( #1599 ), #229, .F. ) ;
#4420 = VERTEX_POINT ( 'NONE', #471 ) ;
#4421 = CARTESIAN_POINT ( 'NONE',  ( 33.00000000000018474, -214.9999999999999432, 27.00000000000001066 ) ) ;
#4422 = EDGE_CURVE ( 'NONE', #2091, #2679, #1340, .T. ) ;
#4423 = FACE_OUTER_BOUND ( 'NONE', #3874, .T. ) ;
#4424 = LINE ( 'NONE', #2081, #697 ) ;
#4425 = VERTEX_POINT ( 'NONE', #3427 ) ;
#4426 = AXIS2_PLACEMENT_3D ( 'NONE', #419, #804, #385 ) ;
#4427 = DIRECTION ( 'NONE',  ( 1.000000000000000000, 0.000000000000000000, 0.000000000000000000 ) ) ;
#4428 = CARTESIAN_POINT ( 'NONE',  ( 15.90000000000017089, -214.9999999999999716, 15.90000000000000036 ) ) ;
#4429 = CIRCLE ( 'NONE', #5134, 27.00000000000011369 ) ;
#4430 = VERTEX_POINT ( 'NONE', #4245 ) ;
#4431 = VERTEX_POINT ( 'NONE', #4679 ) ;
#4432 = EDGE_CURVE ( 'NONE', #40, #3054, #4429, .T. ) ;
#4433 =( GEOMETRIC_REPRESENTATION_CONTEXT ( 3 ) GLOBAL_UNCERTAINTY_ASSIGNED_CONTEXT ( ( #798 ) ) GLOBAL_UNIT_ASSIGNED_CONTEXT ( ( #4262, #5131, #2236 ) ) REPRESENTATION_CONTEXT ( 'NONE', 'WORKASPACE' ) );
#4434 = DIRECTION ( 'NONE',  ( -1.000000000000000000, 0.000000000000000000, 0.000000000000000000 ) ) ;
#4435 = ORIENTED_EDGE ( 'NONE', *, *, #2151, .T. ) ;
#4436 = CARTESIAN_POINT ( 'NONE',  ( -3894.799999999977445, 239.7500000000227089, 580.0000000000000000 ) ) ;
#4437 = EDGE_LOOP ( 'NONE', ( #647, #2277, #2929, #1702 ) ) ;
#4438 = CARTESIAN_POINT ( 'NONE',  ( 15.90000000000017089, -1123.500000000000000, 15.90000000000000036 ) ) ;
#4439 = CIRCLE ( 'NONE', #4008, 15.00000000000000000 ) ;
#4440 = VERTEX_POINT ( 'NONE', #2594 ) ;
#4441 = ORIENTED_EDGE ( 'NONE', *, *, #410, .T. ) ;
#4442 = APPROVAL_ROLE ( '' ) ;
#4443 = LINE ( 'NONE', #2214, #2212 ) ;
#4444 = EDGE_LOOP ( 'NONE', ( #2859, #3935, #3840, #1797 ) ) ;
#4445 = ADVANCED_FACE ( 'NONE', ( #2803, #1409, #2062, #757, #4694 ), #4164, .T. ) ;
#4446 = CARTESIAN_POINT ( 'NONE',  ( 15.90000000000017089, 1123.500000000000000, 15.90000000000000036 ) ) ;
#4447 = LINE ( 'NONE', #3728, #4510 ) ;
#4448 = LINE ( 'NONE', #595, #5104 ) ;
#4449 = VECTOR ( 'NONE', #5423, 1000.000000000000000 ) ;
#4450 = AXIS2_PLACEMENT_3D ( 'NONE', #4841, #2326, #224 ) ;
#4451 = EDGE_LOOP ( 'NONE', ( #869, #1551, #4107, #1617 ) ) ;
#4452 = FACE_OUTER_BOUND ( 'NONE', #5052, .T. ) ;
#4453 = CARTESIAN_POINT ( 'NONE',  ( -3886.799999999977445, 239.7500000000227089, 596.7999999999999545 ) ) ;
#4454 = EDGE_CURVE ( 'NONE', #3773, #2756, #3046, .T. ) ;
#4455 = ORIENTED_EDGE ( 'NONE', *, *, #3516, .F. ) ;
#4456 = LINE ( 'NONE', #2398, #3346 ) ;
#4457 = AXIS2_PLACEMENT_3D ( 'NONE', #3008, #3794, #2968 ) ;
#4458 = CARTESIAN_POINT ( 'NONE',  ( 15.90000000000017089, -1125.000000000000000, 10.90000000000000036 ) ) ;
#4459 = DIRECTION ( 'NONE',  ( 0.000000000000000000, 0.000000000000000000, -1.000000000000000000 ) ) ;
#4460 = DIRECTION ( 'NONE',  ( -1.000000000000000000, 0.000000000000000000, 0.000000000000000000 ) ) ;
#4461 = CIRCLE ( 'NONE', #3307, 5.050000000000220979 ) ;
#4462 = ORIENTED_EDGE ( 'NONE', *, *, #1407, .T. ) ;
#4463 = DIRECTION ( 'NONE',  ( 0.000000000000000000, 0.000000000000000000, -1.000000000000000000 ) ) ;
#4464 = EDGE_CURVE ( 'NONE', #867, #714, #5346, .T. ) ;
#4465 = AXIS2_PLACEMENT_3D ( 'NONE', #831, #4146, #3274 ) ;
#4466 = ORIENTED_EDGE ( 'NONE', *, *, #4210, .F. ) ;
#4467 = APPLICATION_CONTEXT ( 'configuration controlled 3d designs of mechanical parts and assemblies' ) ;
#4468 = CARTESIAN_POINT ( 'NONE',  ( -3353.999999999976808, 15.00000000002273204, 102.0000000000001990 ) ) ;
#4469 = DIRECTION ( 'NONE',  ( 0.000000000000000000, -0.000000000000000000, 1.000000000000000000 ) ) ;
#4470 = ORIENTED_EDGE ( 'NONE', *, *, #3887, .T. ) ;
#4471 = ORIENTED_EDGE ( 'NONE', *, *, #2319, .T. ) ;
#4472 = EDGE_CURVE ( 'NONE', #137, #3899, #2052, .T. ) ;
#4473 = LINE ( 'NONE', #1073, #2177 ) ;
#4474 = CYLINDRICAL_SURFACE ( 'NONE', #533, 27.00000000000010658 ) ;
#4475 = ORIENTED_EDGE ( 'NONE', *, *, #662, .F. ) ;
#4476 = DIRECTION ( 'NONE',  ( 0.000000000000000000, 0.000000000000000000, -1.000000000000000000 ) ) ;
#4477 = DIRECTION ( 'NONE',  ( 0.000000000000000000, 0.000000000000000000, -1.000000000000000000 ) ) ;
#4478 = APPROVAL_STATUS ( 'not_yet_approved' ) ;
#4479 = EDGE_CURVE ( 'NONE', #4093, #4888, #997, .T. ) ;
#4480 = PRODUCT_RELATED_PRODUCT_CATEGORY ( 'detail', '', ( #2582 ) ) ;
#4481 = DIRECTION ( 'NONE',  ( -0.000000000000000000, -1.000000000000000000, -0.000000000000000000 ) ) ;
#4482 = LINE ( 'NONE', #467, #1860 ) ;
#4483 = PLANE ( 'NONE',  #2595 ) ;
#4484 = VECTOR ( 'NONE', #2448, 1000.000000000000000 ) ;
#4485 = FACE_OUTER_BOUND ( 'NONE', #3780, .T. ) ;
#4486 = DIRECTION ( 'NONE',  ( 0.000000000000000000, -1.000000000000000000, 0.000000000000000000 ) ) ;
#4487 = ORIENTED_EDGE ( 'NONE', *, *, #246, .F. ) ;
#4488 = VECTOR ( 'NONE', #5285, 1000.000000000000000 ) ;
#4489 = EDGE_CURVE ( 'NONE', #2351, #1831, #5050, .T. ) ;
#4490 = DIRECTION ( 'NONE',  ( -1.000000000000000000, 0.000000000000000000, -1.137523590804460124E-16 ) ) ;
#4491 = ORIENTED_EDGE ( 'NONE', *, *, #4943, .F. ) ;
#4492 = AXIS2_PLACEMENT_3D ( 'NONE', #408, #2976, #1637 ) ;
#4493 = VERTEX_POINT ( 'NONE', #4511 ) ;
#4494 = ORIENTED_EDGE ( 'NONE', *, *, #3591, .F. ) ;
#4495 = CARTESIAN_POINT ( 'NONE',  ( -3884.099999999977626, 2210.250000000022283, 596.0000000000000000 ) ) ;
#4496 = DIRECTION ( 'NONE',  ( 0.000000000000000000, 1.000000000000000000, -0.000000000000000000 ) ) ;
#4497 = DIRECTION ( 'NONE',  ( 0.000000000000000000, 1.000000000000000000, -0.000000000000000000 ) ) ;
#4498 = DIRECTION ( 'NONE',  ( 0.000000000000000000, 1.000000000000000000, 0.000000000000000000 ) ) ;
#4499 = ORIENTED_EDGE ( 'NONE', *, *, #4368, .T. ) ;
#4500 = ORIENTED_EDGE ( 'NONE', *, *, #2242, .T. ) ;
#4501 = PERSON_AND_ORGANIZATION ( #413, #3566 ) ;
#4502 = CARTESIAN_POINT ( 'NONE',  ( 1.700029006457270953E-13, -1014.999999999999659, 15.00000000000000000 ) ) ;
#4503 = CARTESIAN_POINT ( 'NONE',  ( 15.90000000000017089, 215.0000000000003126, 20.90000000000000213 ) ) ;
#4504 = ORIENTED_EDGE ( 'NONE', *, *, #214, .T. ) ;
#4505 = VERTEX_POINT ( 'NONE', #2424 ) ;
#4506 = EDGE_CURVE ( 'NONE', #4420, #3318, #5194, .T. ) ;
#4507 = CARTESIAN_POINT ( 'NONE',  ( 1.700029006457270953E-13, -985.0000000000000000, 27.00000000000000711 ) ) ;
#4508 = PLANE ( 'NONE',  #838 ) ;
#4509 = ORIENTED_EDGE ( 'NONE', *, *, #4372, .T. ) ;
#4510 = VECTOR ( 'NONE', #819, 1000.000000000000000 ) ;
#4511 = CARTESIAN_POINT ( 'NONE',  ( -3884.099999999977626, 639.7500000000227374, 590.9499999999997044 ) ) ;
#4512 = ORIENTED_EDGE ( 'NONE', *, *, #2873, .F. ) ;
#4513 = DIRECTION ( 'NONE',  ( 0.000000000000000000, -1.000000000000000000, 0.000000000000000000 ) ) ;
#4514 = VECTOR ( 'NONE', #4176, 1000.000000000000000 ) ;
#4515 = DIRECTION ( 'NONE',  ( -1.000000000000000000, -0.000000000000000000, -1.137523590804460124E-16 ) ) ;
#4516 = ORIENTED_EDGE ( 'NONE', *, *, #4602, .F. ) ;
#4517 = LINE ( 'NONE', #4756, #3415 ) ;
#4518 = AXIS2_PLACEMENT_3D ( 'NONE', #4658, #490, #5119 ) ;
#4519 = CARTESIAN_POINT ( 'NONE',  ( -3353.999999999976808, 15.00000000002273204, 82.00000000000001421 ) ) ;
#4520 = VERTEX_POINT ( 'NONE', #3385 ) ;
#4521 = DIRECTION ( 'NONE',  ( 0.7071067811865460184, 8.659560562354913137E-17, -0.7071067811865489050 ) ) ;
#4522 = VECTOR ( 'NONE', #1390, 1000.000000000000000 ) ;
#4523 = DIRECTION ( 'NONE',  ( 1.000000000000000000, 1.973729821555833987E-16, -0.000000000000000000 ) ) ;
#4524 = LINE ( 'NONE', #3271, #1625 ) ;
#4525 = EDGE_CURVE ( 'NONE', #1094, #5099, #3564, .T. ) ;
#4526 = ORIENTED_EDGE ( 'NONE', *, *, #128, .F. ) ;
#4527 = AXIS2_PLACEMENT_3D ( 'NONE', #312, #5404, #3317 ) ;
#4528 = LOCAL_TIME ( 9, 50, 6.000000000000000000, #1847 ) ;
#4529 = CARTESIAN_POINT ( 'NONE',  ( 1.700029006457270953E-13, -585.0000000000000000, 27.00000000000000711 ) ) ;
#4530 = DIRECTION ( 'NONE',  ( 0.000000000000000000, 1.000000000000000000, 0.000000000000000000 ) ) ;
#4531 = ORIENTED_EDGE ( 'NONE', *, *, #2975, .T. ) ;
#4532 = CALENDAR_DATE ( 2026, 27, 5 ) ;
#4533 = DIRECTION ( 'NONE',  ( -1.000000000000000000, 0.000000000000000000, 1.261617073437678245E-16 ) ) ;
#4534 = EDGE_CURVE ( 'NONE', #4849, #903, #860, .T. ) ;
#4535 = ORIENTED_EDGE ( 'NONE', *, *, #457, .F. ) ;
#4536 = CARTESIAN_POINT ( 'NONE',  ( -3869.999999999977263, 639.7500000000227374, 596.7999999999999545 ) ) ;
#4537 = VECTOR ( 'NONE', #5324, 1000.000000000000000 ) ;
#4538 = CARTESIAN_POINT ( 'NONE',  ( -3869.999999999977263, 1810.250000000022737, 580.0000000000000000 ) ) ;
#4539 = LINE ( 'NONE', #750, #2256 ) ;
#4540 = DIRECTION ( 'NONE',  ( 0.000000000000000000, 0.000000000000000000, -1.000000000000000000 ) ) ;
#4541 = VECTOR ( 'NONE', #4892, 1000.000000000000000 ) ;
#4542 = LINE ( 'NONE', #1024, #5074 ) ;
#4543 = ORIENTED_EDGE ( 'NONE', *, *, #1786, .F. ) ;
#4544 = EDGE_CURVE ( 'NONE', #2014, #2934, #1171, .T. ) ;
#4545 = AXIS2_PLACEMENT_3D ( 'NONE', #4882, #244, #2810 ) ;
#4546 = DIRECTION ( 'NONE',  ( -0.000000000000000000, -1.000000000000000000, -0.000000000000000000 ) ) ;
#4547 = LINE ( 'NONE', #98, #3454 ) ;
#4548 = CARTESIAN_POINT ( 'NONE',  ( -3843.999999999977263, 15.00000000002273204, 102.0000000000001990 ) ) ;
#4549 = CARTESIAN_POINT ( 'NONE',  ( 33.00000000000018474, 0.000000000000000000, 0.000000000000000000 ) ) ;
#4550 = EDGE_LOOP ( 'NONE', ( #2170, #4455 ) ) ;
#4551 = EDGE_CURVE ( 'NONE', #4425, #2059, #58, .T. ) ;
#4552 = CARTESIAN_POINT ( 'NONE',  ( 15.90000000000017089, -1125.000000000000000, 15.90000000000000036 ) ) ;
#4553 = VERTEX_POINT ( 'NONE', #4081 ) ;
#4554 = ORIENTED_EDGE ( 'NONE', *, *, #3727, .F. ) ;
#4555 = CARTESIAN_POINT ( 'NONE',  ( -3886.799999999977445, 2239.750000000022737, 596.7999999999999545 ) ) ;
#4556 = AXIS2_PLACEMENT_3D ( 'NONE', #2800, #1969, #1943 ) ;
#4557 = APPROVAL_STATUS ( 'not_yet_approved' ) ;
#4558 = ORIENTED_EDGE ( 'NONE', *, *, #1095, .T. ) ;
#4559 = EDGE_LOOP ( 'NONE', ( #1145, #560, #5344, #4240 ) ) ;
#4560 = DIRECTION ( 'NONE',  ( 0.000000000000000000, 0.000000000000000000, 1.000000000000000000 ) ) ;
#4561 = CARTESIAN_POINT ( 'NONE',  ( -3877.999999999977263, 1410.250000000022737, 596.7999999999999545 ) ) ;
#4562 = EDGE_CURVE ( 'NONE', #3624, #5040, #4524, .T. ) ;
#4563 = VERTEX_POINT ( 'NONE', #4291 ) ;
#4564 = CYLINDRICAL_SURFACE ( 'NONE', #2286, 5.000000000000000000 ) ;
#4565 = ORIENTED_EDGE ( 'NONE', *, *, #4489, .F. ) ;
#4566 = EDGE_CURVE ( 'NONE', #3356, #4431, #2619, .T. ) ;
#4567 = FACE_OUTER_BOUND ( 'NONE', #2745, .T. ) ;
#4568 = DIRECTION ( 'NONE',  ( 1.000000000000000000, -0.000000000000000000, -0.000000000000000000 ) ) ;
#4569 = CARTESIAN_POINT ( 'NONE',  ( -3843.999999999977263, 100.0000000000227374, 109.0000000000001279 ) ) ;
#4570 = DIRECTION ( 'NONE',  ( 0.000000000000000000, 0.000000000000000000, 1.000000000000000000 ) ) ;
#4571 = VECTOR ( 'NONE', #1055, 1000.000000000000000 ) ;
#4572 = DIRECTION ( 'NONE',  ( 0.000000000000000000, -1.000000000000000000, 0.000000000000000000 ) ) ;
#4573 = PERSON_AND_ORGANIZATION_ROLE ( 'design_owner' ) ;
#4574 = ORIENTED_EDGE ( 'NONE', *, *, #3788, .F. ) ;
#4575 = CIRCLE ( 'NONE', #3373, 5.000000000000000888 ) ;
#4576 = EDGE_CURVE ( 'NONE', #5338, #2604, #5435, .T. ) ;
#4577 = CARTESIAN_POINT ( 'NONE',  ( -3869.999999999976808, 0.000000000000000000, 580.0000000000000000 ) ) ;
#4578 = DIRECTION ( 'NONE',  ( 0.000000000000000000, 1.000000000000000000, -0.000000000000000000 ) ) ;
#4579 = CARTESIAN_POINT ( 'NONE',  ( -3884.099999999977626, 1410.250000000022737, 596.0000000000000000 ) ) ;
#4580 = APPROVAL ( #5200, '未指定' ) ;
#4581 = EDGE_LOOP ( 'NONE', ( #3704, #721, #1200, #3255 ) ) ;
#4582 = LINE ( 'NONE', #5234, #671 ) ;
#4583 = DIRECTION ( 'NONE',  ( 0.000000000000000000, -0.000000000000000000, 1.000000000000000000 ) ) ;
#4584 = LINE ( 'NONE', #4603, #1374 ) ;
#4585 = ORIENTED_EDGE ( 'NONE', *, *, #797, .T. ) ;
#4586 = CARTESIAN_POINT ( 'NONE',  ( 598.0000000000002274, -1125.000000000000000, 30.00000000000000000 ) ) ;
#4587 = DATE_TIME_ROLE ( 'creation_date' ) ;
#4588 = AXIS2_PLACEMENT_3D ( 'NONE', #3738, #5020, #1640 ) ;
#4589 = ADVANCED_BREP_SHAPE_REPRESENTATION ( '', ( #2209, #1610 ), #4719 ) ;
#4590 = PLANE ( 'NONE',  #4067 ) ;
#4591 = VERTEX_POINT ( 'NONE', #893 ) ;
#4592 = AXIS2_PLACEMENT_3D ( 'NONE', #2454, #4496, #4134 ) ;
#4593 = CARTESIAN_POINT ( 'NONE',  ( 15.90000000000017089, 1123.500000000000000, 15.90000000000000036 ) ) ;
#4594 = DIRECTION ( 'NONE',  ( -0.000000000000000000, 1.000000000000000000, -0.000000000000000000 ) ) ;
#4595 = VERTEX_POINT ( 'NONE', #4689 ) ;
#4596 = CARTESIAN_POINT ( 'NONE',  ( -3353.999999999976808, 100.0000000000227374, 82.00000000000001421 ) ) ;
#4597 = CARTESIAN_POINT ( 'NONE',  ( 15.90000000000017089, -1125.000000000000000, 10.90000000000000036 ) ) ;
#4598 = LINE ( 'NONE', #1861, #2180 ) ;
#4599 = FACE_OUTER_BOUND ( 'NONE', #488, .T. ) ;
#4600 = ORIENTED_EDGE ( 'NONE', *, *, #1932, .T. ) ;
#4601 = CARTESIAN_POINT ( 'NONE',  ( 33.00000000000018474, 0.000000000000000000, 0.000000000000000000 ) ) ;
#4602 = EDGE_CURVE ( 'NONE', #3993, #2875, #4852, .T. ) ;
#4603 = CARTESIAN_POINT ( 'NONE',  ( -28.00000000000001066, -184.9999999999999432, 27.00000000000000355 ) ) ;
#4604 = CARTESIAN_POINT ( 'NONE',  ( -3877.999999999977263, 1410.250000000022737, 596.7999999999999545 ) ) ;
#4605 = FACE_OUTER_BOUND ( 'NONE', #2994, .T. ) ;
#4606 = CARTESIAN_POINT ( 'NONE',  ( 1.700029006457270953E-13, 215.0000000000001990, 27.00000000000000711 ) ) ;
#4607 = DIRECTION ( 'NONE',  ( 0.000000000000000000, -0.000000000000000000, 1.000000000000000000 ) ) ;
#4608 = ORIENTED_EDGE ( 'NONE', *, *, #3575, .F. ) ;
#4609 = ADVANCED_FACE ( 'NONE', ( #3477 ), #3785, .T. ) ;
#4610 = EDGE_LOOP ( 'NONE', ( #4949, #1386, #1159, #2013 ) ) ;
#4611 = VERTEX_POINT ( 'NONE', #948 ) ;
#4612 = CARTESIAN_POINT ( 'NONE',  ( 15.00000000000016875, -214.9999999999998579, 0.000000000000000000 ) ) ;
#4613 = DIRECTION ( 'NONE',  ( 0.000000000000000000, 0.000000000000000000, -1.000000000000000000 ) ) ;
#4614 = VERTEX_POINT ( 'NONE', #1789 ) ;
#4615 = VERTEX_POINT ( 'NONE', #4258 ) ;
#4616 = DIRECTION ( 'NONE',  ( 0.000000000000000000, 0.000000000000000000, 1.000000000000000000 ) ) ;
#4617 = ORIENTED_EDGE ( 'NONE', *, *, #955, .F. ) ;
#4618 = CARTESIAN_POINT ( 'NONE',  ( -3843.999999999977263, 15.00000000002273204, 502.0000000000000000 ) ) ;
#4619 = ORIENTED_EDGE ( 'NONE', *, *, #399, .F. ) ;
#4620 = LOCAL_TIME ( 9, 50, 6.000000000000000000, #1808 ) ;
#4621 = EDGE_CURVE ( 'NONE', #1877, #4755, #4047, .T. ) ;
#4622 = CARTESIAN_POINT ( 'NONE',  ( -3884.099999999977626, 1410.250000000022737, 596.0000000000000000 ) ) ;
#4623 = DIRECTION ( 'NONE',  ( 0.000000000000000000, -0.000000000000000000, 1.000000000000000000 ) ) ;
#4624 = DIRECTION ( 'NONE',  ( 0.000000000000000000, 0.000000000000000000, 1.000000000000000000 ) ) ;
#4625 = LINE ( 'NONE', #2456, #1276 ) ;
#4626 = DIRECTION ( 'NONE',  ( -0.000000000000000000, -1.000000000000000000, -0.000000000000000000 ) ) ;
#4627 = AXIS2_PLACEMENT_3D ( 'NONE', #2353, #506, #3863 ) ;
#4628 = ORIENTED_EDGE ( 'NONE', *, *, #3559, .F. ) ;
#4629 = APPROVAL_STATUS ( 'not_yet_approved' ) ;
#4630 = LOCAL_TIME ( 9, 50, 6.000000000000000000, #2142 ) ;
#4631 = DIRECTION ( 'NONE',  ( 0.000000000000000000, 1.000000000000000000, 0.000000000000000000 ) ) ;
#4632 = CARTESIAN_POINT ( 'NONE',  ( -3884.099999999977626, 210.2500000000227374, 590.9499999999997044 ) ) ;
#4633 = ORIENTED_EDGE ( 'NONE', *, *, #2617, .F. ) ;
#4634 = DIRECTION ( 'NONE',  ( 0.000000000000000000, -1.000000000000000000, 0.000000000000000000 ) ) ;
#4635 = CYLINDRICAL_SURFACE ( 'NONE', #709, 8.000000000000007105 ) ;
#4636 = EDGE_CURVE ( 'NONE', #765, #745, #590, .T. ) ;
#4637 = ADVANCED_FACE ( 'NONE', ( #3927 ), #60, .F. ) ;
#4638 = AXIS2_PLACEMENT_3D ( 'NONE', #4579, #2922, #1187 ) ;
#4639 = CYLINDRICAL_SURFACE ( 'NONE', #991, 27.00000000000013500 ) ;
#4640 = VECTOR ( 'NONE', #666, 1000.000000000000000 ) ;
#4641 = DIRECTION ( 'NONE',  ( 0.000000000000000000, -1.000000000000000000, 0.000000000000000000 ) ) ;
#4642 = ORIENTED_EDGE ( 'NONE', *, *, #3826, .T. ) ;
#4643 = LINE ( 'NONE', #426, #1430 ) ;
#4644 = DIRECTION ( 'NONE',  ( 0.000000000000000000, 1.000000000000000000, 0.000000000000000000 ) ) ;
#4645 = DIRECTION ( 'NONE',  ( 0.000000000000000000, 0.000000000000000000, -1.000000000000000000 ) ) ;
#4646 = ORIENTED_EDGE ( 'NONE', *, *, #4551, .T. ) ;
#4647 = CARTESIAN_POINT ( 'NONE',  ( 15.00000000000016875, -984.9999999999998863, 0.000000000000000000 ) ) ;
#4648 = DIRECTION ( 'NONE',  ( -0.000000000000000000, 1.000000000000000000, -0.000000000000000000 ) ) ;
#4649 = LINE ( 'NONE', #4132, #3156 ) ;
#4650 = CARTESIAN_POINT ( 'NONE',  ( 598.0000000000002274, -1125.000000000000000, 30.00000000000000000 ) ) ;
#4651 =( REPRESENTATION_RELATIONSHIP ('NONE','NONE', #302, #2269 ) REPRESENTATION_RELATIONSHIP_WITH_TRANSFORMATION ( #4118 )SHAPE_REPRESENTATION_RELATIONSHIP( ) );
#4652 = DIRECTION ( 'NONE',  ( 1.000000000000000000, 0.000000000000000000, 0.000000000000000000 ) ) ;
#4653 = VECTOR ( 'NONE', #1384, 1000.000000000000000 ) ;
#4654 = DIRECTION ( 'NONE',  ( 0.000000000000000000, -1.000000000000000000, 0.000000000000000000 ) ) ;
#4655 = ORIENTED_EDGE ( 'NONE', *, *, #4247, .T. ) ;
#4656 = EDGE_CURVE ( 'NONE', #2679, #4228, #2360, .T. ) ;
#4657 = DIRECTION ( 'NONE',  ( 0.000000000000000000, 0.000000000000000000, 1.000000000000000000 ) ) ;
#4658 = CARTESIAN_POINT ( 'NONE',  ( -3877.999999999977263, 1010.250000000022510, 596.7999999999999545 ) ) ;
#4659 = EDGE_CURVE ( 'NONE', #2924, #350, #1684, .T. ) ;
#4660 = CARTESIAN_POINT ( 'NONE',  ( 0.000000000000000000, 0.000000000000000000, 0.000000000000000000 ) ) ;
#4661 = ORIENTED_EDGE ( 'NONE', *, *, #908, .T. ) ;
#4662 = COORDINATED_UNIVERSAL_TIME_OFFSET ( 8, 0, .AHEAD. ) ;
#4663 = EDGE_CURVE ( 'NONE', #4927, #2414, #600, .T. ) ;
#4664 = ORIENTED_EDGE ( 'NONE', *, *, #797, .F. ) ;
#4665 = EDGE_LOOP ( 'NONE', ( #3539, #2982 ) ) ;
#4666 = AXIS2_PLACEMENT_3D ( 'NONE', #4187, #4999, #3383 ) ;
#4667 = DIRECTION ( 'NONE',  ( 0.000000000000000000, -1.000000000000000000, 0.000000000000000000 ) ) ;
#4668 = DIRECTION ( 'NONE',  ( 0.000000000000000000, 0.000000000000000000, 1.000000000000000000 ) ) ;
#4669 = ADVANCED_FACE ( 'NONE', ( #2695 ), #2643, .T. ) ;
#4670 = DIRECTION ( 'NONE',  ( 0.000000000000000000, 0.000000000000000000, 1.000000000000000000 ) ) ;
#4671 = CARTESIAN_POINT ( 'NONE',  ( 33.00000000000018474, 0.000000000000000000, 0.000000000000000000 ) ) ;
#4672 = CARTESIAN_POINT ( 'NONE',  ( 15.90000000000017089, -1125.000000000000000, 10.90000000000000036 ) ) ;
#4673 = VERTEX_POINT ( 'NONE', #551 ) ;
#4674 = VECTOR ( 'NONE', #2439, 1000.000000000000000 ) ;
#4675 = ORIENTED_EDGE ( 'NONE', *, *, #853, .T. ) ;
#4676 = EDGE_CURVE ( 'NONE', #3773, #3259, #2827, .T. ) ;
#4677 = AXIS2_PLACEMENT_3D ( 'NONE', #3451, #477, #3854 ) ;
#4678 = VECTOR ( 'NONE', #1173, 1000.000000000000000 ) ;
#4679 = CARTESIAN_POINT ( 'NONE',  ( 33.00000000000018474, 615.0000000000001137, 27.00000000000001066 ) ) ;
#4680 = FACE_OUTER_BOUND ( 'NONE', #5262, .T. ) ;
#4681 = CARTESIAN_POINT ( 'NONE',  ( 15.90000000000017089, -1123.500000000000000, 10.90000000000000036 ) ) ;
#4682 = VECTOR ( 'NONE', #1383, 1000.000000000000000 ) ;
#4683 = EDGE_CURVE ( 'NONE', #5083, #263, #440, .T. ) ;
#4684 = CYLINDRICAL_SURFACE ( 'NONE', #983, 5.000000000000000888 ) ;
#4685 = ORIENTED_EDGE ( 'NONE', *, *, #717, .F. ) ;
#4686 = DIRECTION ( 'NONE',  ( -0.000000000000000000, 1.000000000000000000, 0.000000000000000000 ) ) ;
#4687 = EDGE_LOOP ( 'NONE', ( #3857, #2468 ) ) ;
#4688 = CARTESIAN_POINT ( 'NONE',  ( -3877.999999999977263, 1410.250000000022737, 604.7999999999999545 ) ) ;
#4689 = CARTESIAN_POINT ( 'NONE',  ( 15.90000000000017089, -985.0000000000000000, 10.90000000000000036 ) ) ;
#4690 = VECTOR ( 'NONE', #5206, 1000.000000000000000 ) ;
#4691 = ORIENTED_EDGE ( 'NONE', *, *, #1348, .F. ) ;
#4692 =( REPRESENTATION_RELATIONSHIP ('NONE','NONE', #302, #2269 ) REPRESENTATION_RELATIONSHIP_WITH_TRANSFORMATION ( #4866 )SHAPE_REPRESENTATION_RELATIONSHIP( ) );
#4693 = CC_DESIGN_PERSON_AND_ORGANIZATION_ASSIGNMENT ( #4402, #1199, ( #3551 ) ) ;
#4694 = FACE_OUTER_BOUND ( 'NONE', #3943, .T. ) ;
#4695 = ORIENTED_EDGE ( 'NONE', *, *, #25, .F. ) ;
#4696 = DIRECTION ( 'NONE',  ( 0.000000000000000000, 0.000000000000000000, 1.000000000000000000 ) ) ;
#4697 = ORIENTED_EDGE ( 'NONE', *, *, #492, .F. ) ;
#4698 = CC_DESIGN_PERSON_AND_ORGANIZATION_ASSIGNMENT ( #120, #3359, ( #3807 ) ) ;
#4699 = ADVANCED_FACE ( 'NONE', ( #2550 ), #2734, .T. ) ;
#4700 = ORIENTED_EDGE ( 'NONE', *, *, #1609, .F. ) ;
#4701 = EDGE_LOOP ( 'NONE', ( #648, #1311, #1235, #2138, #5147, #813 ) ) ;
#4702 = AXIS2_PLACEMENT_3D ( 'NONE', #2839, #2021, #5345 ) ;
#4703 = PERSON_AND_ORGANIZATION ( #413, #3566 ) ;
#4704 = ORIENTED_EDGE ( 'NONE', *, *, #3697, .F. ) ;
#4705 = ORIENTED_EDGE ( 'NONE', *, *, #532, .T. ) ;
#4706 = EDGE_CURVE ( 'NONE', #3494, #4224, #3918, .T. ) ;
#4707 = DIRECTION ( 'NONE',  ( 0.000000000000000000, 1.000000000000000000, 0.000000000000000000 ) ) ;
#4708 = CARTESIAN_POINT ( 'NONE',  ( 33.00000000000018474, 585.0000000000001137, 27.00000000000001066 ) ) ;
#4709 = AXIS2_PLACEMENT_3D ( 'NONE', #5264, #1155, #1036 ) ;
#4710 = PERSON ( 'NAUO-PER3', 'UNSPECIFIED', 'UNSPECIFIED', ('UNSPECIFIED'), ('UNSPECIFIED'), ('UNSPECIFIED') ) ;
#4711 = CIRCLE ( 'NONE', #1288, 15.00000000000000000 ) ;
#4712 = ORIENTED_EDGE ( 'NONE', *, *, #4863, .T. ) ;
#4713 = CIRCLE ( 'NONE', #2453, 4.000000000000003553 ) ;
#4714 = CARTESIAN_POINT ( 'NONE',  ( 598.0000000000002274, 1125.000000000000000, 30.00000000000000000 ) ) ;
#4715 = CARTESIAN_POINT ( 'NONE',  ( -3299.999999999976808, 100.0000000000227374, 0.000000000000000000 ) ) ;
#4716 = DIRECTION ( 'NONE',  ( 0.000000000000000000, 1.000000000000000000, 0.000000000000000000 ) ) ;
#4717 = ORIENTED_EDGE ( 'NONE', *, *, #1142, .T. ) ;
#4718 = EDGE_CURVE ( 'NONE', #1315, #2204, #2819, .T. ) ;
#4719 =( GEOMETRIC_REPRESENTATION_CONTEXT ( 3 ) GLOBAL_UNCERTAINTY_ASSIGNED_CONTEXT ( ( #2984 ) ) GLOBAL_UNIT_ASSIGNED_CONTEXT ( ( #1752, #1157, #3786 ) ) REPRESENTATION_CONTEXT ( 'NONE', 'WORKASPACE' ) );
#4720 = CYLINDRICAL_SURFACE ( 'NONE', #4229, 15.00000000000000000 ) ;
#4721 = PERSON_AND_ORGANIZATION ( #1353, #2300 ) ;
#4722 = VECTOR ( 'NONE', #3525, 1000.000000000000000 ) ;
#4723 = DIRECTION ( 'NONE',  ( 0.000000000000000000, 0.000000000000000000, -1.000000000000000000 ) ) ;
#4724 = FACE_OUTER_BOUND ( 'NONE', #4177, .T. ) ;
#4725 = ORIENTED_EDGE ( 'NONE', *, *, #2500, .F. ) ;
#4726 = DIRECTION ( 'NONE',  ( -0.000000000000000000, 1.000000000000000000, -0.000000000000000000 ) ) ;
#4727 = FACE_OUTER_BOUND ( 'NONE', #5394, .T. ) ;
#4728 = DIRECTION ( 'NONE',  ( -1.000000000000000000, 0.000000000000000000, 0.000000000000000000 ) ) ;
#4729 = ADVANCED_FACE ( 'NONE', ( #2947 ), #4784, .T. ) ;
#4730 = DIRECTION ( 'NONE',  ( 0.000000000000000000, 1.000000000000000000, -0.000000000000000000 ) ) ;
#4731 = CYLINDRICAL_SURFACE ( 'NONE', #2632, 27.00000000000010658 ) ;
#4732 = ORIENTED_EDGE ( 'NONE', *, *, #1298, .F. ) ;
#4733 = VECTOR ( 'NONE', #1307, 1000.000000000000000 ) ;
#4734 = DIRECTION ( 'NONE',  ( 0.000000000000000000, 0.000000000000000000, 1.000000000000000000 ) ) ;
#4735 = CARTESIAN_POINT ( 'NONE',  ( 33.00000000000018474, 0.000000000000000000, 0.000000000000000000 ) ) ;
#4736 = ORIENTED_EDGE ( 'NONE', *, *, #1786, .T. ) ;
#4737 = APPROVAL_PERSON_ORGANIZATION ( #1572, #2733, #2730 ) ;
#4738 = AXIS2_PLACEMENT_3D ( 'NONE', #1406, #4716, #4332 ) ;
#4739 = ORIENTED_EDGE ( 'NONE', *, *, #1313, .F. ) ;
#4740 = ORIENTED_EDGE ( 'NONE', *, *, #772, .F. ) ;
#4741 = CARTESIAN_POINT ( 'NONE',  ( -3843.999999999977263, 15.00000000002273204, 502.0000000000000000 ) ) ;
#4742 = ADVANCED_FACE ( 'NONE', ( #4906 ), #1018, .T. ) ;
#4743 = EDGE_CURVE ( 'NONE', #2608, #4104, #432, .T. ) ;
#4744 = MECHANICAL_CONTEXT ( 'NONE', #3618, 'mechanical' ) ;
#4745 = DIRECTION ( 'NONE',  ( 0.000000000000000000, -1.000000000000000000, 0.000000000000000000 ) ) ;
#4746 = DIRECTION ( 'NONE',  ( 0.000000000000000000, 0.000000000000000000, 1.000000000000000000 ) ) ;
#4747 = VECTOR ( 'NONE', #4924, 1000.000000000000000 ) ;
#4748 = LINE ( 'NONE', #363, #4080 ) ;
#4749 = EDGE_CURVE ( 'NONE', #4148, #3388, #4244, .T. ) ;
#4750 = AXIS2_PLACEMENT_3D ( 'NONE', #3492, #3895, #1382 ) ;
#4751 = DIRECTION ( 'NONE',  ( -0.000000000000000000, 1.000000000000000000, -0.000000000000000000 ) ) ;
#4752 = CARTESIAN_POINT ( 'NONE',  ( -3843.999999999977263, 2.273181642920008017E-11, 529.0000000000001137 ) ) ;
#4753 = EDGE_LOOP ( 'NONE', ( #394, #2965, #5431, #4396, #3903, #3708 ) ) ;
#4754 = ADVANCED_FACE ( 'NONE', ( #4168, #2689 ), #2309, .T. ) ;
#4755 = VERTEX_POINT ( 'NONE', #3913 ) ;
#4756 = CARTESIAN_POINT ( 'NONE',  ( -0.000000000000000000, -184.9999999999999432, 0.000000000000000000 ) ) ;
#4757 = EDGE_CURVE ( 'NONE', #1936, #478, #4972, .T. ) ;
#4758 = PLANE ( 'NONE',  #372 ) ;
#4759 = DIRECTION ( 'NONE',  ( -1.000000000000000000, 0.000000000000000000, 1.261617073437678245E-16 ) ) ;
#4760 = ORIENTED_EDGE ( 'NONE', *, *, #2328, .F. ) ;
#4761 = CARTESIAN_POINT ( 'NONE',  ( -3886.799999999977445, 1839.750000000022965, 596.7999999999999545 ) ) ;
#4762 = DATE_TIME_ROLE ( 'creation_date' ) ;
#4763 = ORIENTED_EDGE ( 'NONE', *, *, #1511, .F. ) ;
#4764 = CARTESIAN_POINT ( 'NONE',  ( -3886.799999999977445, 1410.250000000022737, 604.7999999999999545 ) ) ;
#4765 = CARTESIAN_POINT ( 'NONE',  ( 15.90000000000017089, -1125.000000000000000, 15.90000000000000036 ) ) ;
#4766 = DIRECTION ( 'NONE',  ( 0.000000000000000000, 1.000000000000000000, 0.000000000000000000 ) ) ;
#4767 = ORIENTED_EDGE ( 'NONE', *, *, #825, .F. ) ;
#4768 = EDGE_CURVE ( 'NONE', #3323, #4614, #511, .T. ) ;
#4769 = VERTEX_POINT ( 'NONE', #2252 ) ;
#4770 =( LENGTH_UNIT ( ) NAMED_UNIT ( * ) SI_UNIT ( .MILLI., .METRE. ) );
#4771 = DATE_AND_TIME ( #960, #2931 ) ;
#4772 = CC_DESIGN_PERSON_AND_ORGANIZATION_ASSIGNMENT ( #2638, #3640, ( #4406 ) ) ;
#4773 = UNCERTAINTY_MEASURE_WITH_UNIT (LENGTH_MEASURE( 1.000000000000000082E-05 ), #4770, 'distance_accuracy_value', 'NONE');
#4774 = CARTESIAN_POINT ( 'NONE',  ( 33.00000000000018474, -1014.999999999999886, 0.000000000000000000 ) ) ;
#4775 = EDGE_LOOP ( 'NONE', ( #3061, #4964, #4283, #4028, #5437, #3947, #2891, #4628, #1732, #3468, #2048, #2465, #5151, #4957, #5291, #3600, #5325, #4231, #5450, #3611, #386, #1378, #3188, #5130, #4494, #4292, #2181, #3552 ) ) ;
#4776 = CARTESIAN_POINT ( 'NONE',  ( -3884.099999999977626, 1810.250000000022737, 590.9499999999997044 ) ) ;
#4777 = ORIENTED_EDGE ( 'NONE', *, *, #322, .T. ) ;
#4778 = DATE_AND_TIME ( #2026, #3075 ) ;
#4779 = CYLINDRICAL_SURFACE ( 'NONE', #1539, 15.00000000000000000 ) ;
#4780 = AXIS2_PLACEMENT_3D ( 'NONE', #43, #534, #2650 ) ;
#4781 = ORIENTED_EDGE ( 'NONE', *, *, #2459, .T. ) ;
#4782 = FACE_OUTER_BOUND ( 'NONE', #428, .T. ) ;
#4783 = CARTESIAN_POINT ( 'NONE',  ( -3353.999999999976808, 15.00000000002273204, 61.99999999999982947 ) ) ;
#4784 = CYLINDRICAL_SURFACE ( 'NONE', #3722, 8.000000000000007105 ) ;
#4785 = VECTOR ( 'NONE', #2785, 1000.000000000000000 ) ;
#4786 = CYLINDRICAL_SURFACE ( 'NONE', #5306, 20.00000000000018474 ) ;
#4787 = DIRECTION ( 'NONE',  ( -0.000000000000000000, 1.000000000000000000, -0.000000000000000000 ) ) ;
#4788 = EDGE_LOOP ( 'NONE', ( #5155, #3116, #3069, #653 ) ) ;
#4789 = DIRECTION ( 'NONE',  ( -1.000000000000000000, 0.000000000000000000, 0.000000000000000000 ) ) ;
#4790 = ADVANCED_FACE ( 'NONE', ( #1614, #2294 ), #1864, .T. ) ;
#4791 = CARTESIAN_POINT ( 'NONE',  ( 33.00000000000017764, -1014.999999999999886, -27.99999999999998934 ) ) ;
#4792 = CARTESIAN_POINT ( 'NONE',  ( 0.000000000000000000, 585.0000000000001137, 0.000000000000000000 ) ) ;
#4793 = VECTOR ( 'NONE', #3750, 1000.000000000000000 ) ;
#4794 = AXIS2_PLACEMENT_3D ( 'NONE', #1724, #76, #1377 ) ;
#4795 = PERSON_AND_ORGANIZATION_ROLE ( 'classification_officer' ) ;
#4796 = VERTEX_POINT ( 'NONE', #2661 ) ;
#4797 = VECTOR ( 'NONE', #4302, 1000.000000000000000 ) ;
#4798 = DIRECTION ( 'NONE',  ( 0.000000000000000000, 1.000000000000000000, 0.000000000000000000 ) ) ;
#4799 = EDGE_CURVE ( 'NONE', #2530, #2924, #4448, .T. ) ;
#4800 = CIRCLE ( 'NONE', #1021, 5.000000000000000888 ) ;
#4801 = VERTEX_POINT ( 'NONE', #192 ) ;
#4802 = DIRECTION ( 'NONE',  ( -0.000000000000000000, -1.000000000000000000, -0.000000000000000000 ) ) ;
#4803 = DIRECTION ( 'NONE',  ( 0.000000000000000000, 0.000000000000000000, 1.000000000000000000 ) ) ;
#4804 = VERTEX_POINT ( 'NONE', #3081 ) ;
#4805 = DIRECTION ( 'NONE',  ( 0.000000000000000000, 1.000000000000000000, 0.000000000000000000 ) ) ;
#4806 = ORIENTED_EDGE ( 'NONE', *, *, #908, .F. ) ;
#4807 = VECTOR ( 'NONE', #4497, 1000.000000000000000 ) ;
#4808 = EDGE_LOOP ( 'NONE', ( #1935, #265, #3701, #4358 ) ) ;
#4809 = CC_DESIGN_SECURITY_CLASSIFICATION ( #599, ( #5467 ) ) ;
#4810 = CALENDAR_DATE ( 2026, 27, 5 ) ;
#4811 = FACE_OUTER_BOUND ( 'NONE', #2823, .T. ) ;
#4812 = CARTESIAN_POINT ( 'NONE',  ( -5.000000000000000000, 0.000000000000000000, 1000.000000000000000 ) ) ;
#4813 = DIRECTION ( 'NONE',  ( 0.000000000000000000, -1.000000000000000000, 0.000000000000000000 ) ) ;
#4814 = VECTOR ( 'NONE', #521, 1000.000000000000000 ) ;
#4815 = ORIENTED_EDGE ( 'NONE', *, *, #4895, .T. ) ;
#4816 = ADVANCED_FACE ( 'NONE', ( #1895 ), #4388, .T. ) ;
#4817 = PLANE ( 'NONE',  #1182 ) ;
#4818 = VECTOR ( 'NONE', #4515, 1000.000000000000000 ) ;
#4819 = EDGE_CURVE ( 'NONE', #2875, #867, #1098, .T. ) ;
#4820 = AXIS2_PLACEMENT_3D ( 'NONE', #592, #569, #3043 ) ;
#4821 = CARTESIAN_POINT ( 'NONE',  ( -3869.999999999977263, 639.7500000000227374, 580.0000000000000000 ) ) ;
#4822 = LINE ( 'NONE', #5401, #2589 ) ;
#4823 = LINE ( 'NONE', #3762, #2395 ) ;
#4824 = CARTESIAN_POINT ( 'NONE',  ( -3884.099999999977626, 639.7500000000227374, 596.0000000000000000 ) ) ;
#4825 = ORIENTED_EDGE ( 'NONE', *, *, #1434, .F. ) ;
#4826 = CARTESIAN_POINT ( 'NONE',  ( -4.000000000000003553, 0.000000000000000000, 1000.000000000000000 ) ) ;
#4827 = ORIENTED_EDGE ( 'NONE', *, *, #4534, .F. ) ;
#4828 = EDGE_CURVE ( 'NONE', #2861, #3010, #2220, .T. ) ;
#4829 = CC_DESIGN_PERSON_AND_ORGANIZATION_ASSIGNMENT ( #2779, #5318, ( #2582 ) ) ;
#4830 = FACE_OUTER_BOUND ( 'NONE', #4271, .T. ) ;
#4831 = ORIENTED_EDGE ( 'NONE', *, *, #853, .F. ) ;
#4832 = VECTOR ( 'NONE', #4206, 1000.000000000000000 ) ;
#4833 = ORIENTED_EDGE ( 'NONE', *, *, #3265, .T. ) ;
#4834 = VERTEX_POINT ( 'NONE', #4005 ) ;
#4835 = ORIENTED_EDGE ( 'NONE', *, *, #1949, .T. ) ;
#4836 = VERTEX_POINT ( 'NONE', #4036 ) ;
#4837 = DIRECTION ( 'NONE',  ( 0.000000000000000000, -1.000000000000000000, 0.000000000000000000 ) ) ;
#4838 = CARTESIAN_POINT ( 'NONE',  ( 15.90000000000017089, -585.0000000000000000, 10.90000000000000036 ) ) ;
#4839 = ADVANCED_FACE ( 'NONE', ( #1431 ), #2420, .F. ) ;
#4840 = DIRECTION ( 'NONE',  ( 0.000000000000000000, 0.000000000000000000, -1.000000000000000000 ) ) ;
#4841 = CARTESIAN_POINT ( 'NONE',  ( -3353.999999999976808, 100.0000000000227374, 82.00000000000001421 ) ) ;
#4842 = LOCAL_TIME ( 9, 50, 6.000000000000000000, #500 ) ;
#4843 = ORIENTED_EDGE ( 'NONE', *, *, #3193, .F. ) ;
#4844 = ORIENTED_EDGE ( 'NONE', *, *, #4174, .T. ) ;
#4845 = CARTESIAN_POINT ( 'NONE',  ( 1.708382284810557841E-13, 1125.000000000000000, 15.00000000000000000 ) ) ;
#4846 = AXIS2_PLACEMENT_3D ( 'NONE', #2788, #5268, #4037 ) ;
#4847 = CARTESIAN_POINT ( 'NONE',  ( -3869.999999999977263, 1839.750000000022965, 580.0000000000000000 ) ) ;
#4848 = DIRECTION ( 'NONE',  ( 0.000000000000000000, -1.000000000000000000, 0.000000000000000000 ) ) ;
#4849 = VERTEX_POINT ( 'NONE', #286 ) ;
#4850 = EDGE_CURVE ( 'NONE', #1627, #350, #3550, .T. ) ;
#4851 = CIRCLE ( 'NONE', #131, 8.000000000000007105 ) ;
#4852 = LINE ( 'NONE', #3821, #1106 ) ;
#4853 = AXIS2_PLACEMENT_3D ( 'NONE', #5136, #3879, #4696 ) ;
#4854 = VECTOR ( 'NONE', #5182, 1000.000000000000000 ) ;
#4855 = CYLINDRICAL_SURFACE ( 'NONE', #5168, 5.050000000000220979 ) ;
#4856 = ORIENTED_EDGE ( 'NONE', *, *, #4293, .F. ) ;
#4857 = CARTESIAN_POINT ( 'NONE',  ( -3894.799999999977445, 1410.250000000022737, 580.0000000000000000 ) ) ;
#4858 = VECTOR ( 'NONE', #1412, 1000.000000000000000 ) ;
#4859 = FACE_OUTER_BOUND ( 'NONE', #4775, .T. ) ;
#4860 = DIRECTION ( 'NONE',  ( 0.000000000000000000, 0.000000000000000000, 1.000000000000000000 ) ) ;
#4861 = DIRECTION ( 'NONE',  ( 0.000000000000000000, 0.000000000000000000, 1.000000000000000000 ) ) ;
#4862 = ORIENTED_EDGE ( 'NONE', *, *, #139, .T. ) ;
#4863 = EDGE_CURVE ( 'NONE', #3281, #2260, #303, .T. ) ;
#4864 = AXIS2_PLACEMENT_3D ( 'NONE', #2752, #2390, #5334 ) ;
#4865 = FACE_OUTER_BOUND ( 'NONE', #4550, .T. ) ;
#4866 = ITEM_DEFINED_TRANSFORMATION ( 'NONE', 'NONE', #4249,  #1610 ) ;
#4867 = DIRECTION ( 'NONE',  ( 0.000000000000000000, 1.000000000000000000, 0.000000000000000000 ) ) ;
#4868 = DIRECTION ( 'NONE',  ( 0.000000000000000000, 1.000000000000000000, 0.000000000000000000 ) ) ;
#4869 = ORIENTED_EDGE ( 'NONE', *, *, #4368, .F. ) ;
#4870 = DIRECTION ( 'NONE',  ( 0.000000000000000000, 1.000000000000000000, 0.000000000000000000 ) ) ;
#4871 = PLANE ( 'NONE',  #2826 ) ;
#4872 = LINE ( 'NONE', #3989, #2568 ) ;
#4873 = EDGE_CURVE ( 'NONE', #381, #736, #183, .T. ) ;
#4874 = ADVANCED_FACE ( 'NONE', ( #3336 ), #170, .T. ) ;
#4875 = VERTEX_POINT ( 'NONE', #3597 ) ;
#4876 = CARTESIAN_POINT ( 'NONE',  ( 15.90000000000017089, 215.0000000000003126, 15.90000000000000036 ) ) ;
#4877 = VERTEX_POINT ( 'NONE', #3196 ) ;
#4878 = EDGE_CURVE ( 'NONE', #4430, #2447, #4439, .T. ) ;
#4879 = VERTEX_POINT ( 'NONE', #272 ) ;
#4880 = CC_DESIGN_SECURITY_CLASSIFICATION ( #3916, ( #3112 ) ) ;
#4881 = DIRECTION ( 'NONE',  ( 0.000000000000000000, 1.000000000000000000, -0.000000000000000000 ) ) ;
#4882 = CARTESIAN_POINT ( 'NONE',  ( -3884.099999999977626, 1010.250000000022510, 596.0000000000000000 ) ) ;
#4883 = LINE ( 'NONE', #499, #5064 ) ;
#4884 = DIRECTION ( 'NONE',  ( -0.000000000000000000, 1.000000000000000000, -0.000000000000000000 ) ) ;
#4885 = CARTESIAN_POINT ( 'NONE',  ( -3869.999999999976808, 0.000000000000000000, 580.0000000000000000 ) ) ;
#4886 = DIRECTION ( 'NONE',  ( 0.000000000000000000, 0.000000000000000000, -1.000000000000000000 ) ) ;
#4887 = CARTESIAN_POINT ( 'NONE',  ( 15.90000000000017089, 1125.000000000000000, 9.400000000000000355 ) ) ;
#4888 = VERTEX_POINT ( 'NONE', #1506 ) ;
#4889 = ORIENTED_EDGE ( 'NONE', *, *, #1817, .T. ) ;
#4890 = AXIS2_PLACEMENT_3D ( 'NONE', #1496, #3650, #293 ) ;
#4891 = DIRECTION ( 'NONE',  ( -0.000000000000000000, -0.000000000000000000, -1.000000000000000000 ) ) ;
#4892 = DIRECTION ( 'NONE',  ( 1.000000000000000000, 0.000000000000000000, 0.000000000000000000 ) ) ;
#4893 = ORIENTED_EDGE ( 'NONE', *, *, #5123, .F. ) ;
#4894 = VERTEX_POINT ( 'NONE', #5296 ) ;
#4895 = EDGE_CURVE ( 'NONE', #4796, #338, #3203, .T. ) ;
#4896 = CC_DESIGN_APPROVAL ( #4316, ( #3112 ) ) ;
#4897 = EDGE_LOOP ( 'NONE', ( #1660, #3481 ) ) ;
#4898 = VERTEX_POINT ( 'NONE', #715 ) ;
#4899 = APPROVAL_DATE_TIME ( #3528, #3474 ) ;
#4900 = ORIENTED_EDGE ( 'NONE', *, *, #5277, .F. ) ;
#4901 = ORIENTED_EDGE ( 'NONE', *, *, #47, .T. ) ;
#4902 = DIRECTION ( 'NONE',  ( 0.000000000000000000, 0.000000000000000000, -1.000000000000000000 ) ) ;
#4903 = ORIENTED_EDGE ( 'NONE', *, *, #63, .T. ) ;
#4904 = CARTESIAN_POINT ( 'NONE',  ( -6.450000000000001066, 7.898971854500429678E-16, -1.500000000000000000 ) ) ;
#4905 = FACE_OUTER_BOUND ( 'NONE', #3127, .T. ) ;
#4906 = FACE_OUTER_BOUND ( 'NONE', #3316, .T. ) ;
#4907 = FACE_OUTER_BOUND ( 'NONE', #3057, .T. ) ;
#4908 = EDGE_CURVE ( 'NONE', #2428, #963, #2462, .T. ) ;
#4909 = ORIENTED_EDGE ( 'NONE', *, *, #4138, .F. ) ;
#4910 = CIRCLE ( 'NONE', #3335, 5.050000000000220979 ) ;
#4911 = CARTESIAN_POINT ( 'NONE',  ( -3886.799999999977445, 1410.250000000022737, 596.7999999999999545 ) ) ;
#4912 = VECTOR ( 'NONE', #4728, 1000.000000000000000 ) ;
#4913 = ADVANCED_FACE ( 'NONE', ( #3593 ), #685, .T. ) ;
#4914 = EDGE_CURVE ( 'NONE', #1532, #1054, #5001, .T. ) ;
#4915 = ORIENTED_EDGE ( 'NONE', *, *, #4472, .T. ) ;
#4916 = VECTOR ( 'NONE', #3448, 1000.000000000000000 ) ;
#4917 = CONTEXT_DEPENDENT_SHAPE_REPRESENTATION ( #4651, #2474 ) ;
#4918 = AXIS2_PLACEMENT_3D ( 'NONE', #35, #2932, #4623 ) ;
#4919 = DIRECTION ( 'NONE',  ( 0.000000000000000000, 1.000000000000000000, 0.000000000000000000 ) ) ;
#4920 = DIRECTION ( 'NONE',  ( 0.000000000000000000, 0.000000000000000000, 1.000000000000000000 ) ) ;
#4921 = DIRECTION ( 'NONE',  ( 0.000000000000000000, -0.000000000000000000, 1.000000000000000000 ) ) ;
#4922 = LINE ( 'NONE', #4650, #5449 ) ;
#4923 = ORIENTED_EDGE ( 'NONE', *, *, #4983, .T. ) ;
#4924 = DIRECTION ( 'NONE',  ( 0.000000000000000000, 1.000000000000000000, 0.000000000000000000 ) ) ;
#4925 = EDGE_CURVE ( 'NONE', #4357, #4615, #2110, .T. ) ;
#4926 = AXIS2_PLACEMENT_3D ( 'NONE', #889, #3814, #2928 ) ;
#4927 = VERTEX_POINT ( 'NONE', #223 ) ;
#4928 = PERSON_AND_ORGANIZATION ( #413, #3566 ) ;
#4929 = DIRECTION ( 'NONE',  ( 0.000000000000000000, -1.000000000000000000, 0.000000000000000000 ) ) ;
#4930 = CARTESIAN_POINT ( 'NONE',  ( -3353.999999999976808, 15.00000000002273204, 82.00000000000001421 ) ) ;
#4931 = ORIENTED_EDGE ( 'NONE', *, *, #2686, .T. ) ;
#4932 = ORIENTED_EDGE ( 'NONE', *, *, #4086, .F. ) ;
#4933 = DATE_AND_TIME ( #4532, #387 ) ;
#4934 = LINE ( 'NONE', #55, #5057 ) ;
#4935 = ORIENTED_EDGE ( 'NONE', *, *, #5231, .T. ) ;
#4936 = CARTESIAN_POINT ( 'NONE',  ( -3299.999999999976808, 100.0000000000227374, 580.0000000000000000 ) ) ;
#4937 = CIRCLE ( 'NONE', #4139, 5.000000000000000000 ) ;
#4938 = EDGE_CURVE ( 'NONE', #1623, #2840, #3288, .T. ) ;
#4939 = VECTOR ( 'NONE', #1115, 1000.000000000000000 ) ;
#4940 = EDGE_CURVE ( 'NONE', #1375, #1851, #1097, .T. ) ;
#4941 = EDGE_LOOP ( 'NONE', ( #1738, #2902 ) ) ;
#4942 = CIRCLE ( 'NONE', #2028, 5.050000000000220979 ) ;
#4943 = EDGE_CURVE ( 'NONE', #3028, #1533, #1547, .T. ) ;
#4944 = CARTESIAN_POINT ( 'NONE',  ( -28.00000000000001066, -214.9999999999999432, 27.00000000000000355 ) ) ;
#4945 = EDGE_LOOP ( 'NONE', ( #4646, #143 ) ) ;
#4946 = CARTESIAN_POINT ( 'NONE',  ( -3353.999999999976808, 85.00000000002273737, 522.0000000000001137 ) ) ;
#4947 = CARTESIAN_POINT ( 'NONE',  ( -3877.999999999977263, 2210.250000000022283, 604.7999999999999545 ) ) ;
#4948 = AXIS2_PLACEMENT_3D ( 'NONE', #216, #5232, #5187 ) ;
#4949 = ORIENTED_EDGE ( 'NONE', *, *, #2169, .F. ) ;
#4950 = CARTESIAN_POINT ( 'NONE',  ( -3353.999999999976808, 85.00000000002273737, 61.99999999999982947 ) ) ;
#4951 = CARTESIAN_POINT ( 'NONE',  ( 1.708382284810557841E-13, 1125.000000000000000, 15.00000000000000000 ) ) ;
#4952 = ORIENTED_EDGE ( 'NONE', *, *, #3971, .T. ) ;
#4953 = EDGE_CURVE ( 'NONE', #3938, #1559, #177, .T. ) ;
#4954 = ORIENTED_EDGE ( 'NONE', *, *, #3687, .F. ) ;
#4955 = DIRECTION ( 'NONE',  ( -0.000000000000000000, 1.000000000000000000, 0.000000000000000000 ) ) ;
#4956 = VECTOR ( 'NONE', #2167, 1000.000000000000000 ) ;
#4957 = ORIENTED_EDGE ( 'NONE', *, *, #3084, .F. ) ;
#4958 = CARTESIAN_POINT ( 'NONE',  ( 15.90000000000017089, -1125.000000000000000, 15.90000000000000036 ) ) ;
#4959 = EDGE_LOOP ( 'NONE', ( #4952, #3977 ) ) ;
#4960 = EDGE_CURVE ( 'NONE', #2742, #3158, #493, .T. ) ;
#4961 = CARTESIAN_POINT ( 'NONE',  ( -3353.999999999976808, 85.00000000002273737, 109.0000000000001279 ) ) ;
#4962 = CARTESIAN_POINT ( 'NONE',  ( 15.90000000000017089, 1123.500000000000000, 15.90000000000000036 ) ) ;
#4963 = PERSON_AND_ORGANIZATION ( #413, #3566 ) ;
#4964 = ORIENTED_EDGE ( 'NONE', *, *, #3909, .T. ) ;
#4965 = ORIENTED_EDGE ( 'NONE', *, *, #3004, .F. ) ;
#4966 = FACE_BOUND ( 'NONE', #221, .T. ) ;
#4967 = CARTESIAN_POINT ( 'NONE',  ( -3877.999999999977263, 2239.750000000022737, 596.7999999999999545 ) ) ;
#4968 = ORIENTED_EDGE ( 'NONE', *, *, #368, .T. ) ;
#4969 = APPROVAL ( #5312, '未指定' ) ;
#4970 = LINE ( 'NONE', #1368, #1959 ) ;
#4971 = APPROVAL ( #844, 'UNKNOWN' ) ;
#4972 = LINE ( 'NONE', #3581, #4854 ) ;
#4973 = CARTESIAN_POINT ( 'NONE',  ( 15.90000000000017089, 1123.500000000000000, 9.400000000000000355 ) ) ;
#4974 = ORIENTED_EDGE ( 'NONE', *, *, #4757, .T. ) ;
#4975 = CIRCLE ( 'NONE', #3092, 20.00000000000018474 ) ;
#4976 = DIRECTION ( 'NONE',  ( 0.000000000000000000, -1.000000000000000000, 0.000000000000000000 ) ) ;
#4977 = AXIS2_PLACEMENT_3D ( 'NONE', #1202, #4162, #4115 ) ;
#4978 = DIRECTION ( 'NONE',  ( 0.000000000000000000, 1.000000000000000000, 0.000000000000000000 ) ) ;
#4979 = ORIENTED_EDGE ( 'NONE', *, *, #425, .F. ) ;
#4980 = VECTOR ( 'NONE', #3267, 1000.000000000000000 ) ;
#4981 = DIRECTION ( 'NONE',  ( 0.000000000000000000, 0.000000000000000000, -1.000000000000000000 ) ) ;
#4982 = PLANE ( 'NONE',  #2104 ) ;
#4983 = EDGE_CURVE ( 'NONE', #3651, #3955, #699, .T. ) ;
#4984 = LINE ( 'NONE', #5438, #2629 ) ;
#4985 = ORIENTED_EDGE ( 'NONE', *, *, #4895, .F. ) ;
#4986 = AXIS2_PLACEMENT_3D ( 'NONE', #2249, #3856, #3932 ) ;
#4987 = CARTESIAN_POINT ( 'NONE',  ( -3353.999999999976808, 85.00000000002273737, 82.00000000000001421 ) ) ;
#4988 = DATE_AND_TIME ( #4318, #5122 ) ;
#4989 = ORIENTED_EDGE ( 'NONE', *, *, #3135, .F. ) ;
#4990 = CALENDAR_DATE ( 2026, 27, 5 ) ;
#4991 = DIRECTION ( 'NONE',  ( 0.000000000000000000, 1.000000000000000000, 0.000000000000000000 ) ) ;
#4992 = EDGE_CURVE ( 'NONE', #3040, #3087, #1447, .T. ) ;
#4993 = AXIS2_PLACEMENT_3D ( 'NONE', #5433, #4221, #4652 ) ;
#4994 = VERTEX_POINT ( 'NONE', #2983 ) ;
#4995 = DIRECTION ( 'NONE',  ( 0.000000000000000000, 1.000000000000000000, 0.000000000000000000 ) ) ;
#4996 = CARTESIAN_POINT ( 'NONE',  ( -3894.799999999977445, 210.2500000000227374, 580.0000000000000000 ) ) ;
#4997 = DIRECTION ( 'NONE',  ( -1.000000000000000000, 0.000000000000000000, 0.000000000000000000 ) ) ;
#4998 = DIRECTION ( 'NONE',  ( 0.000000000000000000, -0.000000000000000000, -1.000000000000000000 ) ) ;
#4999 = DIRECTION ( 'NONE',  ( 0.000000000000000000, 1.000000000000000000, 0.000000000000000000 ) ) ;
#5000 = CARTESIAN_POINT ( 'NONE',  ( -3877.999999999977263, 210.2500000000227374, 596.7999999999999545 ) ) ;
#5001 = LINE ( 'NONE', #4407, #4083 ) ;
#5002 = LINE ( 'NONE', #4792, #5347 ) ;
#5003 = DIRECTION ( 'NONE',  ( 1.000000000000000000, -0.000000000000000000, -0.000000000000000000 ) ) ;
#5004 = ORIENTED_EDGE ( 'NONE', *, *, #3516, .T. ) ;
#5005 = EDGE_CURVE ( 'NONE', #655, #4894, #621, .T. ) ;
#5006 = ORIENTED_EDGE ( 'NONE', *, *, #2075, .F. ) ;
#5007 = CARTESIAN_POINT ( 'NONE',  ( -3869.999999999977263, 2210.250000000022283, 580.0000000000000000 ) ) ;
#5008 = CARTESIAN_POINT ( 'NONE',  ( 15.90000000000017089, 585.0000000000000000, 20.90000000000000213 ) ) ;
#5009 = EDGE_LOOP ( 'NONE', ( #4685, #514 ) ) ;
#5010 = EDGE_CURVE ( 'NONE', #2799, #2201, #5307, .T. ) ;
#5011 = DIRECTION ( 'NONE',  ( 0.000000000000000000, 1.000000000000000000, -0.000000000000000000 ) ) ;
#5012 = ORIENTED_EDGE ( 'NONE', *, *, #4960, .T. ) ;
#5013 = DIRECTION ( 'NONE',  ( 0.000000000000000000, -1.000000000000000000, 0.000000000000000000 ) ) ;
#5014 = ORIENTED_EDGE ( 'NONE', *, *, #295, .T. ) ;
#5015 = DIRECTION ( 'NONE',  ( -0.000000000000000000, 1.000000000000000000, -0.000000000000000000 ) ) ;
#5016 = DIRECTION ( 'NONE',  ( 0.000000000000000000, 0.000000000000000000, 1.000000000000000000 ) ) ;
#5017 = ORIENTED_EDGE ( 'NONE', *, *, #1706, .F. ) ;
#5018 = ORIENTED_EDGE ( 'NONE', *, *, #3072, .T. ) ;
#5019 = CARTESIAN_POINT ( 'NONE',  ( -3843.999999999977263, 2.273181642920008017E-11, 502.0000000000000000 ) ) ;
#5020 = DIRECTION ( 'NONE',  ( 0.000000000000000000, -1.000000000000000000, 0.000000000000000000 ) ) ;
#5021 = APPROVAL_DATE_TIME ( #1939, #4969 ) ;
#5022 = DIRECTION ( 'NONE',  ( -0.000000000000000000, -0.000000000000000000, -1.000000000000000000 ) ) ;
#5023 = EDGE_CURVE ( 'NONE', #2059, #4425, #4147, .T. ) ;
#5024 = ADVANCED_FACE ( 'NONE', ( #1677 ), #5211, .F. ) ;
#5025 = ORIENTED_EDGE ( 'NONE', *, *, #1269, .F. ) ;
#5026 = EDGE_LOOP ( 'NONE', ( #626, #318 ) ) ;
#5027 = DIRECTION ( 'NONE',  ( 0.000000000000000000, 0.000000000000000000, -1.000000000000000000 ) ) ;
#5028 = ORIENTED_EDGE ( 'NONE', *, *, #3826, .F. ) ;
#5029 = VECTOR ( 'NONE', #1076, 1000.000000000000000 ) ;
#5030 = CARTESIAN_POINT ( 'NONE',  ( -3843.999999999977263, 100.0000000000227374, 529.0000000000001137 ) ) ;
#5031 = CIRCLE ( 'NONE', #1900, 5.000000000000000888 ) ;
#5032 = ORIENTED_EDGE ( 'NONE', *, *, #1852, .F. ) ;
#5033 = VECTOR ( 'NONE', #1459, 1000.000000000000000 ) ;
#5034 = EDGE_CURVE ( 'NONE', #62, #4849, #3115, .T. ) ;
#5035 = DIRECTION ( 'NONE',  ( -0.000000000000000000, -1.000000000000000000, -0.000000000000000000 ) ) ;
#5036 = SECURITY_CLASSIFICATION ( '', '', #4128 ) ;
#5037 = ORIENTED_EDGE ( 'NONE', *, *, #5087, .F. ) ;
#5038 = LINE ( 'NONE', #1114, #3160 ) ;
#5039 = LOCAL_TIME ( 9, 50, 6.000000000000000000, #728 ) ;
#5040 = VERTEX_POINT ( 'NONE', #4586 ) ;
#5041 = ITEM_DEFINED_TRANSFORMATION ( 'NONE', 'NONE', #108,  #1610 ) ;
#5042 = AXIS2_PLACEMENT_3D ( 'NONE', #1444, #3554, #3105 ) ;
#5043 = ADVANCED_FACE ( 'NONE', ( #1989 ), #3693, .T. ) ;
#5044 = CARTESIAN_POINT ( 'NONE',  ( -3877.999999999977263, 210.2500000000227374, 596.7999999999999545 ) ) ;
#5045 = ORIENTED_EDGE ( 'NONE', *, *, #3735, .F. ) ;
#5046 = DIRECTION ( 'NONE',  ( -0.000000000000000000, 1.000000000000000000, -0.000000000000000000 ) ) ;
#5047 = APPROVAL_ROLE ( '' ) ;
#5048 = VERTEX_POINT ( 'NONE', #5452 ) ;
#5049 = AXIS2_PLACEMENT_3D ( 'NONE', #240, #1945, #2746 ) ;
#5050 = LINE ( 'NONE', #3768, #2571 ) ;
#5051 = LINE ( 'NONE', #2005, #2174 ) ;
#5052 = EDGE_LOOP ( 'NONE', ( #314, #1944, #4400, #2646, #4160 ) ) ;
#5053 = DIRECTION ( 'NONE',  ( 0.000000000000000000, 0.000000000000000000, 1.000000000000000000 ) ) ;
#5054 = COORDINATED_UNIVERSAL_TIME_OFFSET ( 8, 0, .AHEAD. ) ;
#5055 = CYLINDRICAL_SURFACE ( 'NONE', #2678, 5.000000000000000888 ) ;
#5056 = CARTESIAN_POINT ( 'NONE',  ( 15.00000000000016875, -185.0000000000000568, 15.00000000000000000 ) ) ;
#5057 = VECTOR ( 'NONE', #4686, 1000.000000000000000 ) ;
#5058 = CIRCLE ( 'NONE', #5370, 8.000000000000007105 ) ;
#5059 = VERTEX_POINT ( 'NONE', #4612 ) ;
#5060 = CARTESIAN_POINT ( 'NONE',  ( 33.00000000000017764, 185.0000000000001990, -27.99999999999998934 ) ) ;
#5061 = EDGE_CURVE ( 'NONE', #4353, #2289, #3306, .T. ) ;
#5062 = ADVANCED_FACE ( 'NONE', ( #2721 ), #2070, .F. ) ;
#5063 = DIRECTION ( 'NONE',  ( 0.000000000000000000, 0.000000000000000000, -1.000000000000000000 ) ) ;
#5064 = VECTOR ( 'NONE', #3042, 1000.000000000000000 ) ;
#5065 = FACE_OUTER_BOUND ( 'NONE', #4002, .T. ) ;
#5066 = CARTESIAN_POINT ( 'NONE',  ( 1.708382284810557841E-13, 1125.000000000000000, 27.00000000000000711 ) ) ;
#5067 = LINE ( 'NONE', #862, #556 ) ;
#5068 = CARTESIAN_POINT ( 'NONE',  ( -3353.999999999976808, 85.00000000002273737, 502.0000000000000000 ) ) ;
#5069 = DIRECTION ( 'NONE',  ( 0.000000000000000000, 1.000000000000000000, 0.000000000000000000 ) ) ;
#5070 = DIRECTION ( 'NONE',  ( 0.000000000000000000, 1.000000000000000000, 0.000000000000000000 ) ) ;
#5071 = PLANE ( 'NONE',  #271 ) ;
#5072 = APPROVAL_ROLE ( '' ) ;
#5073 = FACE_BOUND ( 'NONE', #5425, .T. ) ;
#5074 = VECTOR ( 'NONE', #1871, 1000.000000000000000 ) ;
#5075 = ORIENTED_EDGE ( 'NONE', *, *, #4279, .F. ) ;
#5076 = DIRECTION ( 'NONE',  ( 0.000000000000000000, 0.000000000000000000, 1.000000000000000000 ) ) ;
#5077 = DIRECTION ( 'NONE',  ( 0.000000000000000000, -0.000000000000000000, 1.000000000000000000 ) ) ;
#5078 = VERTEX_POINT ( 'NONE', #373 ) ;
#5079 = ADVANCED_FACE ( 'NONE', ( #3244 ), #3374, .F. ) ;
#5080 = ORIENTED_EDGE ( 'NONE', *, *, #2869, .F. ) ;
#5081 = AXIS2_PLACEMENT_3D ( 'NONE', #2714, #3224, #1946 ) ;
#5082 = CARTESIAN_POINT ( 'NONE',  ( 1.708382284810557841E-13, 1125.000000000000000, 15.00000000000000000 ) ) ;
#5083 = VERTEX_POINT ( 'NONE', #1619 ) ;
#5084 = DIRECTION ( 'NONE',  ( 0.000000000000000000, 1.000000000000000000, 0.000000000000000000 ) ) ;
#5085 = EDGE_LOOP ( 'NONE', ( #3631, #3729, #3031, #996 ) ) ;
#5086 = DIRECTION ( 'NONE',  ( 0.000000000000000000, 0.000000000000000000, 1.000000000000000000 ) ) ;
#5087 = EDGE_CURVE ( 'NONE', #3010, #2861, #2054, .T. ) ;
#5088 = CARTESIAN_POINT ( 'NONE',  ( -3869.999999999977263, 1010.250000000022510, 596.7999999999999545 ) ) ;
#5089 = PLANE ( 'NONE',  #1437 ) ;
#5090 = CARTESIAN_POINT ( 'NONE',  ( -3843.999999999977263, 100.0000000000227374, 82.00000000000001421 ) ) ;
#5091 = ORIENTED_EDGE ( 'NONE', *, *, #5247, .T. ) ;
#5092 = AXIS2_PLACEMENT_3D ( 'NONE', #2179, #5107, #2605 ) ;
#5093 = ORIENTED_EDGE ( 'NONE', *, *, #1643, .T. ) ;
#5094 = PERSON_AND_ORGANIZATION ( #413, #3566 ) ;
#5095 = CARTESIAN_POINT ( 'NONE',  ( 0.000000000000000000, 0.000000000000000000, 30.00000000000000000 ) ) ;
#5096 = ORIENTED_EDGE ( 'NONE', *, *, #3362, .T. ) ;
#5097 = DIRECTION ( 'NONE',  ( 0.000000000000000000, 0.000000000000000000, 1.000000000000000000 ) ) ;
#5098 = ORIENTED_EDGE ( 'NONE', *, *, #3575, .T. ) ;
#5099 = VERTEX_POINT ( 'NONE', #2937 ) ;
#5100 = EDGE_CURVE ( 'NONE', #790, #124, #5400, .T. ) ;
#5101 = DIRECTION ( 'NONE',  ( 0.000000000000000000, -1.000000000000000000, 0.000000000000000000 ) ) ;
#5102 = ORIENTED_EDGE ( 'NONE', *, *, #3628, .F. ) ;
#5103 = FACE_BOUND ( 'NONE', #3284, .T. ) ;
#5104 = VECTOR ( 'NONE', #3121, 1000.000000000000000 ) ;
#5105 = LINE ( 'NONE', #2562, #3991 ) ;
#5106 = CARTESIAN_POINT ( 'NONE',  ( -3894.799999999977445, 1839.750000000022965, 580.0000000000000000 ) ) ;
#5107 = DIRECTION ( 'NONE',  ( -0.000000000000000000, -1.000000000000000000, -0.000000000000000000 ) ) ;
#5108 = VERTEX_POINT ( 'NONE', #826 ) ;
#5109 = DIRECTION ( 'NONE',  ( 0.000000000000000000, 0.000000000000000000, 1.000000000000000000 ) ) ;
#5110 = ADVANCED_FACE ( 'NONE', ( #4680 ), #939, .F. ) ;
#5111 = LINE ( 'NONE', #5066, #4514 ) ;
#5112 = CARTESIAN_POINT ( 'NONE',  ( -3884.099999999977626, 2239.750000000022737, 596.0000000000000000 ) ) ;
#5113 =( NAMED_UNIT ( * ) SI_UNIT ( $, .STERADIAN. ) SOLID_ANGLE_UNIT ( ) );
#5114 = PERSON_AND_ORGANIZATION_ROLE ( 'creator' ) ;
#5115 = VECTOR ( 'NONE', #4976, 1000.000000000000000 ) ;
#5116 = DIRECTION ( 'NONE',  ( -0.000000000000000000, -0.000000000000000000, -1.000000000000000000 ) ) ;
#5117 = ORIENTED_EDGE ( 'NONE', *, *, #3331, .F. ) ;
#5118 = LINE ( 'NONE', #738, #3866 ) ;
#5119 = DIRECTION ( 'NONE',  ( 0.000000000000000000, 0.000000000000000000, -1.000000000000000000 ) ) ;
#5120 = AXIS2_PLACEMENT_3D ( 'NONE', #2682, #3545, #3950 ) ;
#5121 = ORIENTED_EDGE ( 'NONE', *, *, #1648, .F. ) ;
#5122 = LOCAL_TIME ( 9, 50, 6.000000000000000000, #5453 ) ;
#5123 = EDGE_CURVE ( 'NONE', #586, #1638, #5219, .T. ) ;
#5124 = DIRECTION ( 'NONE',  ( 0.000000000000000000, 1.000000000000000000, 0.000000000000000000 ) ) ;
#5125 = VERTEX_POINT ( 'NONE', #118 ) ;
#5126 = DIRECTION ( 'NONE',  ( 0.000000000000000000, 0.000000000000000000, -1.000000000000000000 ) ) ;
#5127 = AXIS2_PLACEMENT_3D ( 'NONE', #196, #3147, #157 ) ;
#5128 = COORDINATED_UNIVERSAL_TIME_OFFSET ( 8, 0, .AHEAD. ) ;
#5129 = CARTESIAN_POINT ( 'NONE',  ( -3869.999999999977263, 639.7500000000227374, 580.0000000000000000 ) ) ;
#5130 = ORIENTED_EDGE ( 'NONE', *, *, #1742, .F. ) ;
#5131 =( NAMED_UNIT ( * ) PLANE_ANGLE_UNIT ( ) SI_UNIT ( $, .RADIAN. ) );
#5132 = PLANE ( 'NONE',  #3861 ) ;
#5133 = EDGE_CURVE ( 'NONE', #4804, #4591, #4482, .T. ) ;
#5134 = AXIS2_PLACEMENT_3D ( 'NONE', #2551, #3752, #1694 ) ;
#5135 = DIRECTION ( 'NONE',  ( -1.000000000000000000, 0.000000000000000000, 0.000000000000000000 ) ) ;
#5136 = CARTESIAN_POINT ( 'NONE',  ( -3886.799999999977445, 2210.250000000022283, 596.7999999999999545 ) ) ;
#5137 = CARTESIAN_POINT ( 'NONE',  ( -3843.999999999977263, 15.00000000002273204, 502.0000000000000000 ) ) ;
#5138 = CARTESIAN_POINT ( 'NONE',  ( -3843.999999999977263, 15.00000000002273204, 481.9999999999998295 ) ) ;
#5139 = ADVANCED_FACE ( 'NONE', ( #2383 ), #1719, .T. ) ;
#5140 = FACE_OUTER_BOUND ( 'NONE', #313, .T. ) ;
#5141 = EDGE_CURVE ( 'NONE', #1533, #2679, #1320, .T. ) ;
#5142 = CARTESIAN_POINT ( 'NONE',  ( 15.90000000000017089, -1123.500000000000000, 22.40000000000000213 ) ) ;
#5143 = FACE_OUTER_BOUND ( 'NONE', #2030, .T. ) ;
#5144 = ORIENTED_EDGE ( 'NONE', *, *, #2925, .T. ) ;
#5145 = DIRECTION ( 'NONE',  ( 0.000000000000000000, 0.000000000000000000, 1.000000000000000000 ) ) ;
#5146 = DIRECTION ( 'NONE',  ( 0.000000000000000000, -1.000000000000000000, 0.000000000000000000 ) ) ;
#5147 = ORIENTED_EDGE ( 'NONE', *, *, #47, .F. ) ;
#5148 = EDGE_CURVE ( 'NONE', #4879, #4224, #752, .T. ) ;
#5149 = CARTESIAN_POINT ( 'NONE',  ( 15.00000000000016875, 1125.000000000000000, 15.00000000000000000 ) ) ;
#5150 = CC_DESIGN_PERSON_AND_ORGANIZATION_ASSIGNMENT ( #285, #713, ( #733 ) ) ;
#5151 = ORIENTED_EDGE ( 'NONE', *, *, #344, .F. ) ;
#5152 = PLANE ( 'NONE',  #2038 ) ;
#5153 = ORIENTED_EDGE ( 'NONE', *, *, #1051, .T. ) ;
#5154 = VERTEX_POINT ( 'NONE', #3375 ) ;
#5155 = ORIENTED_EDGE ( 'NONE', *, *, #4015, .F. ) ;
#5156 = AXIS2_PLACEMENT_3D ( 'NONE', #469, #923, #3845 ) ;
#5157 = DATE_AND_TIME ( #1534, #2274 ) ;
#5158 = DIRECTION ( 'NONE',  ( -1.000000000000000000, 0.000000000000000000, 1.261617073437678245E-16 ) ) ;
#5159 = DIRECTION ( 'NONE',  ( -1.000000000000000000, -1.027984282060329272E-16, 0.000000000000000000 ) ) ;
#5160 = APPLICATION_PROTOCOL_DEFINITION ( 'international standard', 'config_control_design', 1994, #3056 ) ;
#5161 = ORIENTED_EDGE ( 'NONE', *, *, #214, .F. ) ;
#5162 = ORIENTED_EDGE ( 'NONE', *, *, #2686, .F. ) ;
#5163 = DIRECTION ( 'NONE',  ( -0.000000000000000000, 0.000000000000000000, -1.000000000000000000 ) ) ;
#5164 = CARTESIAN_POINT ( 'NONE',  ( -0.000000000000000000, -985.0000000000000000, 0.000000000000000000 ) ) ;
#5165 = ADVANCED_FACE ( 'NONE', ( #1069 ), #899, .T. ) ;
#5166 = DIRECTION ( 'NONE',  ( 0.000000000000000000, -0.000000000000000000, 1.000000000000000000 ) ) ;
#5167 = DIRECTION ( 'NONE',  ( -0.000000000000000000, 0.000000000000000000, 1.000000000000000000 ) ) ;
#5168 = AXIS2_PLACEMENT_3D ( 'NONE', #3378, #5069, #3436 ) ;
#5169 = LINE ( 'NONE', #352, #3537 ) ;
#5170 = ORIENTED_EDGE ( 'NONE', *, *, #63, .F. ) ;
#5171 = VECTOR ( 'NONE', #148, 1000.000000000000000 ) ;
#5172 = LINE ( 'NONE', #4135, #2412 ) ;
#5173 = VECTOR ( 'NONE', #3677, 1000.000000000000000 ) ;
#5174 = VERTEX_POINT ( 'NONE', #657 ) ;
#5175 = EDGE_CURVE ( 'NONE', #4614, #5099, #4412, .T. ) ;
#5176 = CC_DESIGN_PERSON_AND_ORGANIZATION_ASSIGNMENT ( #5094, #3299, ( #3112 ) ) ;
#5177 = CIRCLE ( 'NONE', #910, 20.00000000000018474 ) ;
#5178 = ORIENTED_EDGE ( 'NONE', *, *, #2797, .T. ) ;
#5179 = DIRECTION ( 'NONE',  ( -0.000000000000000000, 1.000000000000000000, -0.000000000000000000 ) ) ;
#5180 = FACE_BOUND ( 'NONE', #795, .T. ) ;
#5181 = DIRECTION ( 'NONE',  ( 0.000000000000000000, -0.000000000000000000, -1.000000000000000000 ) ) ;
#5182 = DIRECTION ( 'NONE',  ( -0.000000000000000000, -0.000000000000000000, -1.000000000000000000 ) ) ;
#5183 = CARTESIAN_POINT ( 'NONE',  ( -3899.999999999977263, 2350.000000000022737, 0.000000000000000000 ) ) ;
#5184 = VERTEX_POINT ( 'NONE', #4606 ) ;
#5185 = PERSON_AND_ORGANIZATION ( #3390, #3229 ) ;
#5186 = CARTESIAN_POINT ( 'NONE',  ( -3843.999999999977263, 15.00000000002273204, 529.0000000000001137 ) ) ;
#5187 = DIRECTION ( 'NONE',  ( 0.000000000000000000, 0.000000000000000000, -1.000000000000000000 ) ) ;
#5188 = ORIENTED_EDGE ( 'NONE', *, *, #3909, .F. ) ;
#5189 = CARTESIAN_POINT ( 'NONE',  ( -3353.999999999976808, 100.0000000000227374, 474.9999999999998863 ) ) ;
#5190 = CALENDAR_DATE ( 2026, 27, 5 ) ;
#5191 = EDGE_CURVE ( 'NONE', #765, #4430, #630, .T. ) ;
#5192 = ADVANCED_FACE ( 'NONE', ( #3184, #4485 ), #1262, .F. ) ;
#5193 = ORIENTED_EDGE ( 'NONE', *, *, #3754, .T. ) ;
#5194 = LINE ( 'NONE', #2404, #5265 ) ;
#5195 = VERTEX_POINT ( 'NONE', #3745 ) ;
#5196 = PLANE ( 'NONE',  #2784 ) ;
#5197 = DATE_AND_TIME ( #4990, #1183 ) ;
#5198 = EDGE_CURVE ( 'NONE', #4877, #4834, #1127, .T. ) ;
#5199 = CARTESIAN_POINT ( 'NONE',  ( -0.000000000000000000, -1014.999999999999886, 0.000000000000000000 ) ) ;
#5200 = APPROVAL_STATUS ( 'not_yet_approved' ) ;
#5201 = LINE ( 'NONE', #4783, #2715 ) ;
#5202 = AXIS2_PLACEMENT_3D ( 'NONE', #3596, #1883, #4427 ) ;
#5203 = FACE_OUTER_BOUND ( 'NONE', #730, .T. ) ;
#5204 = ORIENTED_EDGE ( 'NONE', *, *, #582, .F. ) ;
#5205 = CARTESIAN_POINT ( 'NONE',  ( -3899.999999999977263, 2350.000000000022737, 580.0000000000000000 ) ) ;
#5206 = DIRECTION ( 'NONE',  ( -0.000000000000000000, -0.000000000000000000, -1.000000000000000000 ) ) ;
#5207 = DIRECTION ( 'NONE',  ( 0.000000000000000000, 1.000000000000000000, 0.000000000000000000 ) ) ;
#5208 = PLANE ( 'NONE',  #3709 ) ;
#5209 = VECTOR ( 'NONE', #2129, 1000.000000000000000 ) ;
#5210 = VECTOR ( 'NONE', #2874, 1000.000000000000000 ) ;
#5211 = CYLINDRICAL_SURFACE ( 'NONE', #2535, 5.000000000000000888 ) ;
#5212 = LINE ( 'NONE', #3730, #1321 ) ;
#5213 = EDGE_CURVE ( 'NONE', #949, #2022, #4207, .T. ) ;
#5214 = AXIS2_PLACEMENT_3D ( 'NONE', #5455, #2576, #2124 ) ;
#5215 = PLANE ( 'NONE',  #1136 ) ;
#5216 = CIRCLE ( 'NONE', #2203, 8.000000000000007105 ) ;
#5217 = LINE ( 'NONE', #3898, #3959 ) ;
#5218 = ORIENTED_EDGE ( 'NONE', *, *, #121, .F. ) ;
#5219 = LINE ( 'NONE', #1777, #334 ) ;
#5220 = ORIENTED_EDGE ( 'NONE', *, *, #1925, .F. ) ;
#5221 = ORIENTED_EDGE ( 'NONE', *, *, #5413, .F. ) ;
#5222 = DIRECTION ( 'NONE',  ( 0.000000000000000000, 0.000000000000000000, 1.000000000000000000 ) ) ;
#5223 = ADVANCED_FACE ( 'NONE', ( #1393 ), #3110, .F. ) ;
#5224 = DIRECTION ( 'NONE',  ( 0.000000000000000000, 0.000000000000000000, 1.000000000000000000 ) ) ;
#5225 = ORIENTED_EDGE ( 'NONE', *, *, #3900, .T. ) ;
#5226 = EDGE_CURVE ( 'NONE', #124, #3761, #1578, .T. ) ;
#5227 = VERTEX_POINT ( 'NONE', #818 ) ;
#5228 = CARTESIAN_POINT ( 'NONE',  ( -3884.099999999977626, 1810.250000000022737, 601.0500000000001819 ) ) ;
#5229 = CARTESIAN_POINT ( 'NONE',  ( 1.700029006457270953E-13, 185.0000000000001990, 27.00000000000000711 ) ) ;
#5230 = CARTESIAN_POINT ( 'NONE',  ( 15.90000000000017089, 1123.500000000000000, 20.90000000000000213 ) ) ;
#5231 = EDGE_CURVE ( 'NONE', #4994, #576, #465, .T. ) ;
#5232 = DIRECTION ( 'NONE',  ( 0.000000000000000000, -1.000000000000000000, 0.000000000000000000 ) ) ;
#5233 = ORIENTED_EDGE ( 'NONE', *, *, #1319, .F. ) ;
#5234 = CARTESIAN_POINT ( 'NONE',  ( -3869.999999999977263, 610.2500000000227374, 596.7999999999999545 ) ) ;
#5235 = VERTEX_POINT ( 'NONE', #1726 ) ;
#5236 = EDGE_CURVE ( 'NONE', #1075, #1990, #1188, .T. ) ;
#5237 = ORIENTED_EDGE ( 'NONE', *, *, #253, .T. ) ;
#5238 = ORIENTED_EDGE ( 'NONE', *, *, #4378, .F. ) ;
#5239 = CARTESIAN_POINT ( 'NONE',  ( -3884.099999999977626, 239.7500000000227089, 601.0500000000001819 ) ) ;
#5240 = PERSON_AND_ORGANIZATION_ROLE ( 'design_owner' ) ;
#5241 = FACE_OUTER_BOUND ( 'NONE', #4363, .T. ) ;
#5242 = CARTESIAN_POINT ( 'NONE',  ( 15.90000000000017089, -1125.000000000000000, 15.90000000000000036 ) ) ;
#5243 = EDGE_LOOP ( 'NONE', ( #2887, #3706, #435, #3330 ) ) ;
#5244 = CARTESIAN_POINT ( 'NONE',  ( 15.90000000000017089, 215.0000000000003126, 15.90000000000000036 ) ) ;
#5245 = CARTESIAN_POINT ( 'NONE',  ( -3353.999999999976808, 2.273181642920008017E-11, 502.0000000000000000 ) ) ;
#5246 = LINE ( 'NONE', #1672, #436 ) ;
#5247 = EDGE_CURVE ( 'NONE', #321, #3388, #4937, .T. ) ;
#5248 = AXIS2_PLACEMENT_3D ( 'NONE', #3304, #3836, #3019 ) ;
#5249 = DIRECTION ( 'NONE',  ( -0.000000000000000000, 1.000000000000000000, -0.000000000000000000 ) ) ;
#5250 = VECTOR ( 'NONE', #4997, 1000.000000000000000 ) ;
#5251 = ORIENTED_EDGE ( 'NONE', *, *, #1224, .T. ) ;
#5252 = VECTOR ( 'NONE', #680, 1000.000000000000000 ) ;
#5253 = CARTESIAN_POINT ( 'NONE',  ( 1.700029006457270953E-13, -615.0000000000000000, 15.00000000000000000 ) ) ;
#5254 = EDGE_CURVE ( 'NONE', #576, #4994, #2786, .T. ) ;
#5255 = FACE_BOUND ( 'NONE', #5331, .T. ) ;
#5256 = ADVANCED_FACE ( 'NONE', ( #4336, #3812 ), #3732, .T. ) ;
#5257 = CIRCLE ( 'NONE', #2061, 20.00000000000018474 ) ;
#5258 = VERTEX_POINT ( 'NONE', #5106 ) ;
#5259 = LINE ( 'NONE', #725, #4980 ) ;
#5260 = DATE_AND_TIME ( #922, #2166 ) ;
#5261 = CARTESIAN_POINT ( 'NONE',  ( -3884.099999999977626, 1410.250000000022737, 601.0500000000001819 ) ) ;
#5262 = EDGE_LOOP ( 'NONE', ( #153, #255, #1587, #885 ) ) ;
#5263 = VECTOR ( 'NONE', #2588, 1000.000000000000000 ) ;
#5264 = CARTESIAN_POINT ( 'NONE',  ( -3353.999999999976808, 2.273181642920008017E-11, 82.00000000000001421 ) ) ;
#5265 = VECTOR ( 'NONE', #315, 1000.000000000000000 ) ;
#5266 = APPROVAL ( #2469, '未指定' ) ;
#5267 = VECTOR ( 'NONE', #2802, 1000.000000000000000 ) ;
#5268 = DIRECTION ( 'NONE',  ( -0.000000000000000000, -1.000000000000000000, -0.000000000000000000 ) ) ;
#5269 = ORIENTED_EDGE ( 'NONE', *, *, #5023, .F. ) ;
#5270 = APPROVAL ( #2992, 'UNKNOWN' ) ;
#5271 = DIRECTION ( 'NONE',  ( 0.000000000000000000, 0.000000000000000000, -1.000000000000000000 ) ) ;
#5272 = ORIENTED_EDGE ( 'NONE', *, *, #5236, .T. ) ;
#5273 = VERTEX_POINT ( 'NONE', #1161 ) ;
#5274 = VECTOR ( 'NONE', #3889, 1000.000000000000000 ) ;
#5275 = DIRECTION ( 'NONE',  ( -0.000000000000000000, -0.000000000000000000, -1.000000000000000000 ) ) ;
#5276 = VECTOR ( 'NONE', #2221, 1000.000000000000000 ) ;
#5277 = EDGE_CURVE ( 'NONE', #1767, #763, #1517, .T. ) ;
#5278 = CARTESIAN_POINT ( 'NONE',  ( -3877.999999999977263, 239.7500000000227089, 604.7999999999999545 ) ) ;
#5279 = AXIS2_PLACEMENT_3D ( 'NONE', #5019, #44, #3736 ) ;
#5280 = FACE_OUTER_BOUND ( 'NONE', #4303, .T. ) ;
#5281 = ADVANCED_FACE ( 'NONE', ( #549 ), #400, .F. ) ;
#5282 = CARTESIAN_POINT ( 'NONE',  ( 0.000000000000000000, 2350.000000000022737, 580.0000000000000000 ) ) ;
#5283 = ORIENTED_EDGE ( 'NONE', *, *, #2981, .F. ) ;
#5284 = DIRECTION ( 'NONE',  ( 0.000000000000000000, -1.000000000000000000, -0.000000000000000000 ) ) ;
#5285 = DIRECTION ( 'NONE',  ( 0.000000000000000000, -1.000000000000000000, 0.000000000000000000 ) ) ;
#5286 = LINE ( 'NONE', #1773, #3189 ) ;
#5287 = EDGE_CURVE ( 'NONE', #1423, #882, #4473, .T. ) ;
#5288 = EDGE_LOOP ( 'NONE', ( #1248, #1544 ) ) ;
#5289 = DIRECTION ( 'NONE',  ( -1.000000000000000000, -0.000000000000000000, -0.000000000000000000 ) ) ;
#5290 = ORIENTED_EDGE ( 'NONE', *, *, #2533, .F. ) ;
#5291 = ORIENTED_EDGE ( 'NONE', *, *, #5141, .T. ) ;
#5292 = CARTESIAN_POINT ( 'NONE',  ( -3886.799999999977445, 610.2500000000227374, 596.7999999999999545 ) ) ;
#5293 = ORIENTED_EDGE ( 'NONE', *, *, #3216, .F. ) ;
#5294 = ORIENTED_EDGE ( 'NONE', *, *, #3697, .T. ) ;
#5295 = APPROVAL_DATE_TIME ( #1141, #4580 ) ;
#5296 = CARTESIAN_POINT ( 'NONE',  ( 15.90000000000017089, 1125.000000000000000, 22.40000000000000213 ) ) ;
#5297 = PRODUCT_DEFINITION_SHAPE ( 'NONE', 'NONE',  #5464 ) ;
#5298 = ORIENTED_EDGE ( 'NONE', *, *, #4314, .T. ) ;
#5299 = AXIS2_PLACEMENT_3D ( 'NONE', #1257, #2074, #1678 ) ;
#5300 = DIRECTION ( 'NONE',  ( 0.000000000000000000, 1.000000000000000000, -0.000000000000000000 ) ) ;
#5301 = DIRECTION ( 'NONE',  ( 0.000000000000000000, -0.000000000000000000, 1.000000000000000000 ) ) ;
#5302 = ORIENTED_EDGE ( 'NONE', *, *, #4075, .F. ) ;
#5303 = ADVANCED_FACE ( 'NONE', ( #2437 ), #3360, .T. ) ;
#5304 = EDGE_CURVE ( 'NONE', #4769, #2579, #1312, .T. ) ;
#5305 = VECTOR ( 'NONE', #4022, 1000.000000000000000 ) ;
#5306 = AXIS2_PLACEMENT_3D ( 'NONE', #631, #2288, #2307 ) ;
#5307 = LINE ( 'NONE', #382, #2470 ) ;
#5308 = LINE ( 'NONE', #95, #4050 ) ;
#5309 = CARTESIAN_POINT ( 'NONE',  ( 1.700029006457270953E-13, -214.9999999999999432, 27.00000000000000711 ) ) ;
#5310 = VERTEX_POINT ( 'NONE', #1920 ) ;
#5311 = CARTESIAN_POINT ( 'NONE',  ( 33.00000000000017764, -184.9999999999999432, -27.99999999999998934 ) ) ;
#5312 = APPROVAL_STATUS ( 'not_yet_approved' ) ;
#5313 = DIRECTION ( 'NONE',  ( 0.000000000000000000, 0.000000000000000000, -1.000000000000000000 ) ) ;
#5314 = ORIENTED_EDGE ( 'NONE', *, *, #3428, .F. ) ;
#5315 = EDGE_CURVE ( 'NONE', #3398, #376, #3035, .T. ) ;
#5316 = AXIS2_PLACEMENT_3D ( 'NONE', #4765, #1953, #4860 ) ;
#5317 = FACE_OUTER_BOUND ( 'NONE', #3137, .T. ) ;
#5318 = PERSON_AND_ORGANIZATION_ROLE ( 'design_owner' ) ;
#5319 = LINE ( 'NONE', #3771, #2427 ) ;
#5320 = PLANE ( 'NONE',  #57 ) ;
#5321 = ORIENTED_EDGE ( 'NONE', *, *, #611, .T. ) ;
#5322 = LINE ( 'NONE', #3384, #4063 ) ;
#5323 = APPROVAL_DATE_TIME ( #1236, #2238 ) ;
#5324 = DIRECTION ( 'NONE',  ( 0.000000000000000000, -0.000000000000000000, 1.000000000000000000 ) ) ;
#5325 = ORIENTED_EDGE ( 'NONE', *, *, #2850, .F. ) ;
#5326 = CALENDAR_DATE ( 2026, 27, 5 ) ;
#5327 = CARTESIAN_POINT ( 'NONE',  ( -3869.999999999977263, 1839.750000000022965, 596.7999999999999545 ) ) ;
#5328 = DIRECTION ( 'NONE',  ( 0.000000000000000000, -1.000000000000000000, 0.000000000000000000 ) ) ;
#5329 = VERTEX_POINT ( 'NONE', #212 ) ;
#5330 = EDGE_CURVE ( 'NONE', #137, #5125, #2241, .T. ) ;
#5331 = EDGE_LOOP ( 'NONE', ( #1135, #4462 ) ) ;
#5332 = ADVANCED_FACE ( 'NONE', ( #389 ), #3124, .T. ) ;
#5333 = CC_DESIGN_DATE_AND_TIME_ASSIGNMENT ( #5197, #388, ( #5036 ) ) ;
#5334 = DIRECTION ( 'NONE',  ( 0.000000000000000000, 0.000000000000000000, 1.000000000000000000 ) ) ;
#5335 = CARTESIAN_POINT ( 'NONE',  ( -3884.099999999977626, 1410.250000000022737, 596.0000000000000000 ) ) ;
#5336 = CIRCLE ( 'NONE', #1570, 5.050000000000220979 ) ;
#5337 = FACE_OUTER_BOUND ( 'NONE', #1231, .T. ) ;
#5338 = VERTEX_POINT ( 'NONE', #4826 ) ;
#5339 = DIRECTION ( 'NONE',  ( -0.000000000000000000, 1.000000000000000000, -0.000000000000000000 ) ) ;
#5340 = CARTESIAN_POINT ( 'NONE',  ( -28.00000000000001066, 185.0000000000001990, 22.00000000000000000 ) ) ;
#5341 = DIRECTION ( 'NONE',  ( 0.000000000000000000, 1.000000000000000000, 0.000000000000000000 ) ) ;
#5342 = AXIS2_PLACEMENT_3D ( 'NONE', #563, #975, #2281 ) ;
#5343 = ADVANCED_BREP_SHAPE_REPRESENTATION ( '', ( #4349, #1610 ), #4433 ) ;
#5344 = ORIENTED_EDGE ( 'NONE', *, *, #4566, .F. ) ;
#5345 = DIRECTION ( 'NONE',  ( 1.000000000000000000, 0.000000000000000000, -0.000000000000000000 ) ) ;
#5346 = LINE ( 'NONE', #1658, #3118 ) ;
#5347 = VECTOR ( 'NONE', #3082, 1000.000000000000000 ) ;
#5348 = ORIENTED_EDGE ( 'NONE', *, *, #623, .F. ) ;
#5349 = AXIS2_PLACEMENT_3D ( 'NONE', #1396, #2729, #4803 ) ;
#5350 = CARTESIAN_POINT ( 'NONE',  ( 33.00000000000017764, 985.0000000000001137, -27.99999999999998934 ) ) ;
#5351 = ORIENTED_EDGE ( 'NONE', *, *, #2888, .F. ) ;
#5352 = ORIENTED_EDGE ( 'NONE', *, *, #5034, .T. ) ;
#5353 = EDGE_CURVE ( 'NONE', #2204, #3837, #4129, .T. ) ;
#5354 = ORIENTED_EDGE ( 'NONE', *, *, #4479, .F. ) ;
#5355 = DIRECTION ( 'NONE',  ( 0.000000000000000000, -1.000000000000000000, 0.000000000000000000 ) ) ;
#5356 = EDGE_LOOP ( 'NONE', ( #5028, #27, #2659, #1730 ) ) ;
#5357 = CARTESIAN_POINT ( 'NONE',  ( -3899.999999999977263, 100.0000000000227374, 580.0000000000000000 ) ) ;
#5358 = PERSON_AND_ORGANIZATION ( #413, #3566 ) ;
#5359 = ADVANCED_FACE ( 'NONE', ( #2374 ), #3599, .T. ) ;
#5360 = EDGE_LOOP ( 'NONE', ( #294, #4619, #1695, #2900, #5387 ) ) ;
#5361 = ORIENTED_EDGE ( 'NONE', *, *, #4091, .F. ) ;
#5362 = DIRECTION ( 'NONE',  ( -0.000000000000000000, -0.000000000000000000, -1.000000000000000000 ) ) ;
#5363 = CARTESIAN_POINT ( 'NONE',  ( 33.00000000000018474, -585.0000000000000000, 27.00000000000001066 ) ) ;
#5364 = DIRECTION ( 'NONE',  ( -0.000000000000000000, 1.000000000000000000, -0.000000000000000000 ) ) ;
#5365 = ORIENTED_EDGE ( 'NONE', *, *, #944, .T. ) ;
#5366 = PLANE ( 'NONE',  #2315 ) ;
#5367 = EDGE_LOOP ( 'NONE', ( #3968, #3097 ) ) ;
#5368 = LINE ( 'NONE', #2357, #4785 ) ;
#5369 = LINE ( 'NONE', #4821, #2545 ) ;
#5370 = AXIS2_PLACEMENT_3D ( 'NONE', #3256, #3692, #2405 ) ;
#5371 = ORIENTED_EDGE ( 'NONE', *, *, #42, .F. ) ;
#5372 = LINE ( 'NONE', #2665, #5439 ) ;
#5373 = LINE ( 'NONE', #2862, #3665 ) ;
#5374 = EDGE_CURVE ( 'NONE', #3293, #5310, #199, .T. ) ;
#5375 = ORIENTED_EDGE ( 'NONE', *, *, #3146, .F. ) ;
#5376 = VECTOR ( 'NONE', #2373, 1000.000000000000000 ) ;
#5377 = AXIS2_PLACEMENT_3D ( 'NONE', #3078, #2194, #1356 ) ;
#5378 = CARTESIAN_POINT ( 'NONE',  ( -3843.999999999977263, 85.00000000002273737, 502.0000000000000000 ) ) ;
#5379 = CYLINDRICAL_SURFACE ( 'NONE', #5451, 27.00000000000010658 ) ;
#5380 = ORIENTED_EDGE ( 'NONE', *, *, #4422, .T. ) ;
#5381 = LINE ( 'NONE', #2690, #1834 ) ;
#5382 = PERSON_AND_ORGANIZATION ( #4710, #1050 ) ;
#5383 = DIRECTION ( 'NONE',  ( -0.000000000000000000, -1.000000000000000000, -0.000000000000000000 ) ) ;
#5384 = EDGE_CURVE ( 'NONE', #1163, #3067, #4872, .T. ) ;
#5385 = CARTESIAN_POINT ( 'NONE',  ( -3843.999999999977263, 15.00000000002273204, 82.00000000000001421 ) ) ;
#5386 = DIRECTION ( 'NONE',  ( 0.000000000000000000, 0.000000000000000000, 1.000000000000000000 ) ) ;
#5387 = ORIENTED_EDGE ( 'NONE', *, *, #919, .F. ) ;
#5388 = CARTESIAN_POINT ( 'NONE',  ( -3877.999999999977263, 1410.250000000022737, 596.7999999999999545 ) ) ;
#5389 = DIRECTION ( 'NONE',  ( 1.000000000000000000, 0.000000000000000000, 0.000000000000000000 ) ) ;
#5390 = ORIENTED_EDGE ( 'NONE', *, *, #4102, .T. ) ;
#5391 = MECHANICAL_CONTEXT ( 'NONE', #2914, 'mechanical' ) ;
#5392 = ORIENTED_EDGE ( 'NONE', *, *, #3601, .T. ) ;
#5393 = DIRECTION ( 'NONE',  ( 0.000000000000000000, 0.000000000000000000, 1.000000000000000000 ) ) ;
#5394 = EDGE_LOOP ( 'NONE', ( #677, #2162, #4900, #642 ) ) ;
#5395 = DIRECTION ( 'NONE',  ( -0.000000000000000000, -1.000000000000000000, -0.000000000000000000 ) ) ;
#5396 = DIRECTION ( 'NONE',  ( 0.000000000000000000, 0.000000000000000000, 1.000000000000000000 ) ) ;
#5397 = LINE ( 'NONE', #4538, #4275 ) ;
#5398 = VECTOR ( 'NONE', #4583, 1000.000000000000000 ) ;
#5399 = AXIS2_PLACEMENT_3D ( 'NONE', #735, #5383, #1536 ) ;
#5400 = LINE ( 'NONE', #4185, #3695 ) ;
#5401 = CARTESIAN_POINT ( 'NONE',  ( -3884.099999999977626, 210.2500000000227374, 590.9499999999997044 ) ) ;
#5402 = VECTOR ( 'NONE', #3347, 1000.000000000000000 ) ;
#5403 = EDGE_CURVE ( 'NONE', #2447, #5059, #1911, .T. ) ;
#5404 = DIRECTION ( 'NONE',  ( -0.000000000000000000, 1.000000000000000000, -0.000000000000000000 ) ) ;
#5405 = AXIS2_PLACEMENT_3D ( 'NONE', #1124, #230, #4490 ) ;
#5406 = ORIENTED_EDGE ( 'NONE', *, *, #1168, .F. ) ;
#5407 = ORIENTED_EDGE ( 'NONE', *, *, #4091, .T. ) ;
#5408 = CARTESIAN_POINT ( 'NONE',  ( 15.90000000000017089, -615.0000000000000000, 10.90000000000000036 ) ) ;
#5409 = DIRECTION ( 'NONE',  ( 0.000000000000000000, -1.000000000000000000, 0.000000000000000000 ) ) ;
#5410 = DIRECTION ( 'NONE',  ( 0.000000000000000000, 1.000000000000000000, 0.000000000000000000 ) ) ;
#5411 = CARTESIAN_POINT ( 'NONE',  ( -3843.999999999977263, 85.00000000002273737, 502.0000000000000000 ) ) ;
#5412 = ORIENTED_EDGE ( 'NONE', *, *, #3362, .F. ) ;
#5413 = EDGE_CURVE ( 'NONE', #541, #2711, #616, .T. ) ;
#5414 = AXIS2_PLACEMENT_3D ( 'NONE', #4604, #2497, #5063 ) ;
#5415 = ORIENTED_EDGE ( 'NONE', *, *, #2415, .T. ) ;
#5416 = CARTESIAN_POINT ( 'NONE',  ( -3894.799999999977445, 1810.250000000022737, 580.0000000000000000 ) ) ;
#5417 = ORIENTED_EDGE ( 'NONE', *, *, #1142, .F. ) ;
#5418 = DIRECTION ( 'NONE',  ( 0.000000000000000000, 1.000000000000000000, -0.000000000000000000 ) ) ;
#5419 = VERTEX_POINT ( 'NONE', #823 ) ;
#5420 = EDGE_CURVE ( 'NONE', #2346, #263, #3562, .T. ) ;
#5421 = CARTESIAN_POINT ( 'NONE',  ( -3894.799999999977445, 2210.250000000022283, 580.0000000000000000 ) ) ;
#5422 = CARTESIAN_POINT ( 'NONE',  ( -3884.099999999977626, 1010.250000000022510, 596.0000000000000000 ) ) ;
#5423 = DIRECTION ( 'NONE',  ( -0.000000000000000000, -0.000000000000000000, -1.000000000000000000 ) ) ;
#5424 = ORIENTED_EDGE ( 'NONE', *, *, #4943, .T. ) ;
#5425 = EDGE_LOOP ( 'NONE', ( #637, #2927 ) ) ;
#5426 = CARTESIAN_POINT ( 'NONE',  ( -3884.099999999977172, 101.5000000000225668, 595.9999999999998863 ) ) ;
#5427 = EDGE_CURVE ( 'NONE', #2677, #4440, #1693, .T. ) ;
#5428 = DIRECTION ( 'NONE',  ( 1.261617073437678245E-16, 0.000000000000000000, 1.000000000000000000 ) ) ;
#5429 = DIRECTION ( 'NONE',  ( 0.000000000000000000, -0.000000000000000000, 1.000000000000000000 ) ) ;
#5430 = CARTESIAN_POINT ( 'NONE',  ( -3869.999999999976808, 0.000000000000000000, 580.0000000000000000 ) ) ;
#5431 = ORIENTED_EDGE ( 'NONE', *, *, #2227, .T. ) ;
#5432 = CC_DESIGN_APPROVAL ( #2733, ( #3551 ) ) ;
#5433 = CARTESIAN_POINT ( 'NONE',  ( 0.000000000000000000, 0.000000000000000000, 0.000000000000000000 ) ) ;
#5434 = CIRCLE ( 'NONE', #2246, 20.00000000000018474 ) ;
#5435 = LINE ( 'NONE', #4236, #509 ) ;
#5436 = VECTOR ( 'NONE', #2325, 1000.000000000000000 ) ;
#5437 = ORIENTED_EDGE ( 'NONE', *, *, #4757, .F. ) ;
#5438 = CARTESIAN_POINT ( 'NONE',  ( -3877.999999999977263, 210.2500000000227374, 604.7999999999999545 ) ) ;
#5439 = VECTOR ( 'NONE', #1403, 1000.000000000000000 ) ;
#5440 = DIRECTION ( 'NONE',  ( 0.000000000000000000, -1.000000000000000000, 0.000000000000000000 ) ) ;
#5441 = DIRECTION ( 'NONE',  ( 0.000000000000000000, 1.000000000000000000, 0.000000000000000000 ) ) ;
#5442 = AXIS2_PLACEMENT_3D ( 'NONE', #1937, #4848, #5271 ) ;
#5443 = LINE ( 'NONE', #606, #2090 ) ;
#5444 = DIRECTION ( 'NONE',  ( 0.000000000000000000, 1.000000000000000000, 0.000000000000000000 ) ) ;
#5445 = VERTEX_POINT ( 'NONE', #1775 ) ;
#5446 = ADVANCED_FACE ( 'NONE', ( #3737 ), #3425, .F. ) ;
#5447 = FACE_OUTER_BOUND ( 'NONE', #280, .T. ) ;
#5448 =( REPRESENTATION_RELATIONSHIP ('NONE','NONE', #302, #1697 ) REPRESENTATION_RELATIONSHIP_WITH_TRANSFORMATION ( #1441 )SHAPE_REPRESENTATION_RELATIONSHIP( ) );
#5449 = VECTOR ( 'NONE', #2542, 1000.000000000000000 ) ;
#5450 = ORIENTED_EDGE ( 'NONE', *, *, #5420, .T. ) ;
#5451 = AXIS2_PLACEMENT_3D ( 'NONE', #1414, #2767, #2385 ) ;
#5452 = CARTESIAN_POINT ( 'NONE',  ( 15.90000000000017089, -985.0000000000000000, 20.90000000000000213 ) ) ;
#5453 = COORDINATED_UNIVERSAL_TIME_OFFSET ( 8, 0, .AHEAD. ) ;
#5454 = DIRECTION ( 'NONE',  ( 0.000000000000000000, 1.000000000000000000, -0.000000000000000000 ) ) ;
#5455 = CARTESIAN_POINT ( 'NONE',  ( 15.90000000000017089, -1125.000000000000000, 15.90000000000000036 ) ) ;
#5456 = ORIENTED_EDGE ( 'NONE', *, *, #3855, .T. ) ;
#5457 = EDGE_CURVE ( 'NONE', #5310, #1638, #383, .T. ) ;
#5458 = CARTESIAN_POINT ( 'NONE',  ( 0.000000000000000000, 185.0000000000001990, 0.000000000000000000 ) ) ;
#5459 = AXIS2_PLACEMENT_3D ( 'NONE', #4622, #2967, #441 ) ;
#5460 = ORIENTED_EDGE ( 'NONE', *, *, #5087, .T. ) ;
#5461 = APPROVAL_ROLE ( '' ) ;
#5462 = ORIENTED_EDGE ( 'NONE', *, *, #2893, .F. ) ;
#5463 = EDGE_LOOP ( 'NONE', ( #3571, #18, #5004, #149 ) ) ;
#5464 = NEXT_ASSEMBLY_USAGE_OCCURRENCE ( 'NAUO1', ' ', ' ', #2653, #4296, $ ) ;
#5465 = NEXT_ASSEMBLY_USAGE_OCCURRENCE ( 'NAUO2', ' ', ' ', #2653, #4406, $ ) ;
#5466 = NEXT_ASSEMBLY_USAGE_OCCURRENCE ( 'NAUO3', ' ', ' ', #2653, #4190, $ ) ;
#5467 = NEXT_ASSEMBLY_USAGE_OCCURRENCE ( 'NAUO4', ' ', ' ', #2653, #4190, $ ) ;
ENDSEC;
END-ISO-10303-21;
