ISO-10303-21;
HEADER;
FILE_DESCRIPTION (( 'STEP AP203' ),
    '1' );
FILE_NAME ('高柜03.STEP',
    '2026-06-01T12:46:49',
    ( 'Windows 用户' ),
    ( 'Microsoft' ),
    'SwSTEP 2.0',
    'SolidWorks 2018',
    '' );
FILE_SCHEMA (( 'CONFIG_CONTROL_DESIGN' ));
ENDSEC;

DATA;
#1 = ADVANCED_FACE ( 'NONE', ( #3491 ), #1679, .T. ) ;
#2 = DIRECTION ( 'NONE',  ( -0.000000000000000000, -1.000000000000000000, -0.000000000000000000 ) ) ;
#3 = ORIENTED_EDGE ( 'NONE', *, *, #1414, .T. ) ;
#4 = CARTESIAN_POINT ( 'NONE',  ( 15.00000000000019362, -15.00000000000001421, 15.00000000000000000 ) ) ;
#5 = APPROVAL ( #3040, 'UNKNOWN' ) ;
#6 = CARTESIAN_POINT ( 'NONE',  ( -3877.999999999977263, 1865.250000000022510, 596.7999999999999545 ) ) ;
#7 = VERTEX_POINT ( 'NONE', #1235 ) ;
#8 = VECTOR ( 'NONE', #1636, 1000.000000000000000 ) ;
#9 = EDGE_CURVE ( 'NONE', #5684, #594, #5526, .T. ) ;
#10 = APPROVAL_ROLE ( '' ) ;
#11 = DIRECTION ( 'NONE',  ( -1.000000000000000000, 1.244644646440758595E-16, 0.000000000000000000 ) ) ;
#12 = VECTOR ( 'NONE', #5504, 1000.000000000000000 ) ;
#13 = ORGANIZATION ( 'NAUO-ORG6', 'UNSPECIFIED', 'UNSPECIFIED' ) ;
#14 = AXIS2_PLACEMENT_3D ( 'NONE', #3176, #3633, #1775 ) ;
#15 = DIRECTION ( 'NONE',  ( 0.000000000000000000, 1.000000000000000000, 0.000000000000000000 ) ) ;
#16 = FACE_OUTER_BOUND ( 'NONE', #2778, .T. ) ;
#17 = LOCAL_TIME ( 20, 46, 49.00000000000000000, #4365 ) ;
#18 = CARTESIAN_POINT ( 'NONE',  ( -3329.999999999977717, 1890.000000000077762, 22.00000000000002132 ) ) ;
#19 = VECTOR ( 'NONE', #4884, 1000.000000000000000 ) ;
#20 = DIRECTION ( 'NONE',  ( 0.000000000000000000, 0.000000000000000000, -1.000000000000000000 ) ) ;
#21 = VERTEX_POINT ( 'NONE', #1288 ) ;
#22 = PLANE ( 'NONE',  #2049 ) ;
#23 = APPROVAL_PERSON_ORGANIZATION ( #91, #4055, #5690 ) ;
#24 = PLANE ( 'NONE',  #2967 ) ;
#25 = CIRCLE ( 'NONE', #2450, 5.000000000000000888 ) ;
#26 = ADVANCED_FACE ( 'NONE', ( #1448, #4393, #4327, #4534, #3346 ), #24, .T. ) ;
#27 = EDGE_LOOP ( 'NONE', ( #4422, #5018, #905, #1519 ) ) ;
#28 = DIRECTION ( 'NONE',  ( 0.000000000000000000, 0.000000000000000000, 1.000000000000000000 ) ) ;
#29 = APPROVAL_PERSON_ORGANIZATION ( #1075, #3790, #4318 ) ;
#30 = CARTESIAN_POINT ( 'NONE',  ( -3843.999999999977263, 15.00000000002273204, 82.00000000000001421 ) ) ;
#31 = EDGE_CURVE ( 'NONE', #4523, #4395, #185, .T. ) ;
#32 = VECTOR ( 'NONE', #2950, 1000.000000000000000 ) ;
#33 = AXIS2_PLACEMENT_3D ( 'NONE', #2861, #3291, #595 ) ;
#34 = VERTEX_POINT ( 'NONE', #1779 ) ;
#35 = DIRECTION ( 'NONE',  ( 0.000000000000000000, 1.000000000000000000, 0.000000000000000000 ) ) ;
#36 = LINE ( 'NONE', #3355, #5581 ) ;
#37 = ORIENTED_EDGE ( 'NONE', *, *, #31, .F. ) ;
#38 = DIRECTION ( 'NONE',  ( 0.000000000000000000, 0.000000000000000000, 1.000000000000000000 ) ) ;
#39 = CC_DESIGN_PERSON_AND_ORGANIZATION_ASSIGNMENT ( #4579, #5171, ( #3463 ) ) ;
#40 = LINE ( 'NONE', #950, #3481 ) ;
#41 = EDGE_CURVE ( 'NONE', #2279, #5684, #1937, .T. ) ;
#42 = FACE_OUTER_BOUND ( 'NONE', #3983, .T. ) ;
#43 = ADVANCED_FACE ( 'NONE', ( #2152 ), #1352, .T. ) ;
#44 = CARTESIAN_POINT ( 'NONE',  ( -1.336379566678666102E-14, 130.0000000000231637, 22.00000000000002132 ) ) ;
#45 = DIRECTION ( 'NONE',  ( 1.000000000000000000, 0.000000000000000000, 0.000000000000000000 ) ) ;
#46 = CARTESIAN_POINT ( 'NONE',  ( -3899.999999999977263, 2350.000000000022737, 580.0000000000000000 ) ) ;
#47 = ORIENTED_EDGE ( 'NONE', *, *, #5750, .F. ) ;
#48 = SECURITY_CLASSIFICATION_LEVEL ( 'unclassified' ) ;
#49 = VECTOR ( 'NONE', #4343, 1000.000000000000000 ) ;
#50 = ORIENTED_EDGE ( 'NONE', *, *, #2946, .F. ) ;
#51 = LINE ( 'NONE', #4514, #255 ) ;
#52 = DIRECTION ( 'NONE',  ( -1.000000000000000000, -2.055968564120659776E-16, 0.000000000000000000 ) ) ;
#53 = EDGE_CURVE ( 'NONE', #1936, #5680, #4044, .T. ) ;
#54 = PLANE ( 'NONE',  #3598 ) ;
#55 = EDGE_LOOP ( 'NONE', ( #1637, #4461 ) ) ;
#56 = VECTOR ( 'NONE', #940, 1000.000000000000000 ) ;
#57 = ORIENTED_EDGE ( 'NONE', *, *, #2868, .T. ) ;
#58 = DIRECTION ( 'NONE',  ( 0.000000000000000000, 1.000000000000000000, 0.000000000000000000 ) ) ;
#59 = ORIENTED_EDGE ( 'NONE', *, *, #3045, .F. ) ;
#60 = VERTEX_POINT ( 'NONE', #1314 ) ;
#61 = DIRECTION ( 'NONE',  ( 0.000000000000000000, 0.000000000000000000, 1.000000000000000000 ) ) ;
#62 = ORIENTED_EDGE ( 'NONE', *, *, #4392, .T. ) ;
#63 = DIRECTION ( 'NONE',  ( 0.000000000000000000, 1.000000000000000000, -0.000000000000000000 ) ) ;
#64 = ORIENTED_EDGE ( 'NONE', *, *, #2740, .T. ) ;
#65 = CARTESIAN_POINT ( 'NONE',  ( -269.4999999999998863, 223.0000000000000000, 279.0000000000000000 ) ) ;
#66 = EDGE_CURVE ( 'NONE', #2787, #1732, #1650, .T. ) ;
#67 = AXIS2_PLACEMENT_3D ( 'NONE', #3494, #306, #3415 ) ;
#68 = DIRECTION ( 'NONE',  ( -0.000000000000000000, 1.000000000000000000, -0.000000000000000000 ) ) ;
#69 = ORIENTED_EDGE ( 'NONE', *, *, #381, .F. ) ;
#70 = ORIENTED_EDGE ( 'NONE', *, *, #3027, .T. ) ;
#71 = FACE_OUTER_BOUND ( 'NONE', #4540, .T. ) ;
#72 = AXIS2_PLACEMENT_3D ( 'NONE', #257, #4315, #3806 ) ;
#73 = EDGE_CURVE ( 'NONE', #1045, #4329, #1793, .T. ) ;
#74 = DIRECTION ( 'NONE',  ( -1.000000000000000000, 0.000000000000000000, 0.000000000000000000 ) ) ;
#75 = CIRCLE ( 'NONE', #5138, 27.00000000000011369 ) ;
#76 = DIRECTION ( 'NONE',  ( -1.000000000000000000, 0.000000000000000000, -0.000000000000000000 ) ) ;
#77 = EDGE_CURVE ( 'NONE', #5663, #7, #1232, .T. ) ;
#78 = CARTESIAN_POINT ( 'NONE',  ( -3884.099999999977626, 1544.750000000022737, 596.0000000000000000 ) ) ;
#79 = LINE ( 'NONE', #1729, #5634 ) ;
#80 = ADVANCED_FACE ( 'NONE', ( #2842 ), #2496, .T. ) ;
#81 = APPROVAL_DATE_TIME ( #4645, #193 ) ;
#82 = CARTESIAN_POINT ( 'NONE',  ( -3869.999999999976808, 482.0000000000227374, 22.00000000000002132 ) ) ;
#83 = CARTESIAN_POINT ( 'NONE',  ( 0.000000000000000000, 0.000000000000000000, 22.00000000000000000 ) ) ;
#84 = CARTESIAN_POINT ( 'NONE',  ( -3843.999999999977263, 100.0000000000227374, 502.0000000000000000 ) ) ;
#85 = COORDINATED_UNIVERSAL_TIME_OFFSET ( 8, 0, .AHEAD. ) ;
#86 = AXIS2_PLACEMENT_3D ( 'NONE', #2033, #2501, #3843 ) ;
#87 = VECTOR ( 'NONE', #285, 1000.000000000000000 ) ;
#88 = DIRECTION ( 'NONE',  ( 0.000000000000000000, 0.000000000000000000, 1.000000000000000000 ) ) ;
#89 = ORIENTED_EDGE ( 'NONE', *, *, #1049, .T. ) ;
#90 = DIRECTION ( 'NONE',  ( 0.000000000000000000, 1.000000000000000000, -0.000000000000000000 ) ) ;
#91 = PERSON_AND_ORGANIZATION ( #724, #4157 ) ;
#92 = VECTOR ( 'NONE', #1714, 1000.000000000000000 ) ;
#93 = EDGE_CURVE ( 'NONE', #2241, #1854, #3563, .T. ) ;
#94 = VERTEX_POINT ( 'NONE', #930 ) ;
#95 = DIRECTION ( 'NONE',  ( 0.000000000000000000, -1.000000000000000000, 0.000000000000000000 ) ) ;
#96 = VECTOR ( 'NONE', #2187, 1000.000000000000000 ) ;
#97 = CARTESIAN_POINT ( 'NONE',  ( -250.4999999999998863, -22.99999999999997868, 0.000000000000000000 ) ) ;
#98 = VERTEX_POINT ( 'NONE', #2216 ) ;
#99 = VECTOR ( 'NONE', #1233, 1000.000000000000000 ) ;
#100 = AXIS2_PLACEMENT_3D ( 'NONE', #2451, #5612, #5646 ) ;
#101 = CIRCLE ( 'NONE', #5436, 8.000000000000007105 ) ;
#102 = DIRECTION ( 'NONE',  ( 0.000000000000000000, 1.000000000000000000, -0.000000000000000000 ) ) ;
#103 = ORIENTED_EDGE ( 'NONE', *, *, #919, .F. ) ;
#104 = CARTESIAN_POINT ( 'NONE',  ( 15.90000000000019575, -470.0000000000000000, 15.90000000000000036 ) ) ;
#105 = FACE_OUTER_BOUND ( 'NONE', #2348, .T. ) ;
#106 = ORIENTED_EDGE ( 'NONE', *, *, #5444, .F. ) ;
#107 = ADVANCED_FACE ( 'NONE', ( #2354 ), #3208, .T. ) ;
#108 = VECTOR ( 'NONE', #2563, 1000.000000000000000 ) ;
#109 = CARTESIAN_POINT ( 'NONE',  ( 268.5000000000000000, -156.0000000000000000, -0.000000000000000000 ) ) ;
#110 = DIRECTION ( 'NONE',  ( -0.000000000000000000, 1.000000000000000000, -0.000000000000000000 ) ) ;
#111 = CC_DESIGN_SECURITY_CLASSIFICATION ( #1495, ( #5840 ) ) ;
#112 = EDGE_CURVE ( 'NONE', #3687, #3836, #2567, .T. ) ;
#113 = FACE_OUTER_BOUND ( 'NONE', #197, .T. ) ;
#114 = ORIENTED_EDGE ( 'NONE', *, *, #324, .F. ) ;
#115 = DIRECTION ( 'NONE',  ( -0.000000000000000000, 0.000000000000000000, 1.000000000000000000 ) ) ;
#116 = FACE_OUTER_BOUND ( 'NONE', #5532, .T. ) ;
#117 = CARTESIAN_POINT ( 'NONE',  ( -3884.099999999977626, 2215.250000000022737, 600.0499999999996135 ) ) ;
#118 = VERTEX_POINT ( 'NONE', #2626 ) ;
#119 = LINE ( 'NONE', #3876, #2359 ) ;
#120 = EDGE_LOOP ( 'NONE', ( #4489, #3212, #916, #1798 ) ) ;
#121 = ORIENTED_EDGE ( 'NONE', *, *, #2288, .T. ) ;
#122 = ORIENTED_EDGE ( 'NONE', *, *, #5513, .T. ) ;
#123 = AXIS2_PLACEMENT_3D ( 'NONE', #3116, #4524, #4447 ) ;
#124 = VERTEX_POINT ( 'NONE', #5410 ) ;
#125 = VERTEX_POINT ( 'NONE', #3121 ) ;
#126 = CARTESIAN_POINT ( 'NONE',  ( -3843.999999999977263, 15.00000000002273204, 502.0000000000000000 ) ) ;
#127 = CARTESIAN_POINT ( 'NONE',  ( 600.0000000000001137, 470.0000000000000000, 30.00000000000000000 ) ) ;
#128 = AXIS2_PLACEMENT_3D ( 'NONE', #5294, #3870, #5672 ) ;
#129 = CARTESIAN_POINT ( 'NONE',  ( -300.0000000000001705, -184.0000000000000000, 0.000000000000000000 ) ) ;
#130 = EDGE_LOOP ( 'NONE', ( #1381, #5168, #4485, #5202 ) ) ;
#131 = CARTESIAN_POINT ( 'NONE',  ( -3353.999999999976808, 85.00000000002273737, 102.0000000000001990 ) ) ;
#132 = CARTESIAN_POINT ( 'NONE',  ( 1.873501354054951662E-13, -334.9999999999999432, 27.00000000000000711 ) ) ;
#133 = ORIENTED_EDGE ( 'NONE', *, *, #3576, .T. ) ;
#134 = VECTOR ( 'NONE', #4146, 1000.000000000000000 ) ;
#135 = DIRECTION ( 'NONE',  ( -0.000000000000000000, -1.000000000000000000, -0.000000000000000000 ) ) ;
#136 = EDGE_CURVE ( 'NONE', #5187, #1208, #51, .T. ) ;
#137 = ADVANCED_FACE ( 'NONE', ( #3762 ), #3631, .T. ) ;
#138 = UNCERTAINTY_MEASURE_WITH_UNIT (LENGTH_MEASURE( 1.000000000000000082E-05 ), #2841, 'distance_accuracy_value', 'NONE');
#139 = PLANE ( 'NONE',  #998 ) ;
#140 = ORIENTED_EDGE ( 'NONE', *, *, #5273, .T. ) ;
#141 = CIRCLE ( 'NONE', #4223, 20.00000000000018474 ) ;
#142 = DIRECTION ( 'NONE',  ( 1.000000000000000000, 0.000000000000000000, 0.000000000000000000 ) ) ;
#143 = CC_DESIGN_APPROVAL ( #5688, ( #4962 ) ) ;
#144 = CARTESIAN_POINT ( 'NONE',  ( -3884.099999999977626, 1515.250000000022737, 591.9500000000002728 ) ) ;
#145 = LINE ( 'NONE', #588, #4773 ) ;
#146 = EDGE_CURVE ( 'NONE', #4898, #4096, #4677, .T. ) ;
#147 = DIRECTION ( 'NONE',  ( -0.000000000000000000, 1.000000000000000000, -0.000000000000000000 ) ) ;
#148 = ITEM_DEFINED_TRANSFORMATION ( 'NONE', 'NONE', #590,  #3190 ) ;
#149 = CYLINDRICAL_SURFACE ( 'NONE', #2041, 27.00000000000010658 ) ;
#150 = DIRECTION ( 'NONE',  ( -0.000000000000000000, 0.000000000000000000, 1.000000000000000000 ) ) ;
#151 = PERSON_AND_ORGANIZATION ( #724, #4157 ) ;
#152 = PERSON_AND_ORGANIZATION ( #4630, #4148 ) ;
#153 = LINE ( 'NONE', #2275, #2261 ) ;
#154 = EDGE_CURVE ( 'NONE', #3911, #609, #1510, .T. ) ;
#155 = CARTESIAN_POINT ( 'NONE',  ( -3869.999999999976808, 0.000000000000000000, 580.0000000000000000 ) ) ;
#156 = PERSON ( 'NAUO-PER4', 'UNSPECIFIED', 'UNSPECIFIED', ('UNSPECIFIED'), ('UNSPECIFIED'), ('UNSPECIFIED') ) ;
#157 = VERTEX_POINT ( 'NONE', #1836 ) ;
#158 = LOCAL_TIME ( 20, 46, 49.00000000000000000, #4442 ) ;
#159 = CARTESIAN_POINT ( 'NONE',  ( -0.000000000000000000, 2350.000000000022737, 0.000000000000000000 ) ) ;
#160 = LINE ( 'NONE', #5321, #1424 ) ;
#161 =( NAMED_UNIT ( * ) PLANE_ANGLE_UNIT ( ) SI_UNIT ( $, .RADIAN. ) );
#162 = ORIENTED_EDGE ( 'NONE', *, *, #503, .F. ) ;
#163 = APPROVAL_DATE_TIME ( #5506, #1562 ) ;
#164 = DIRECTION ( 'NONE',  ( -0.000000000000000000, -0.000000000000000000, 1.000000000000000000 ) ) ;
#165 = VECTOR ( 'NONE', #606, 1000.000000000000000 ) ;
#166 = ADVANCED_FACE ( 'NONE', ( #746 ), #4821, .T. ) ;
#167 = DIRECTION ( 'NONE',  ( 0.000000000000000000, -1.000000000000000000, 0.000000000000000000 ) ) ;
#168 = DIRECTION ( 'NONE',  ( -0.000000000000000000, -1.000000000000000000, -0.000000000000000000 ) ) ;
#169 = VERTEX_POINT ( 'NONE', #4115 ) ;
#170 = CARTESIAN_POINT ( 'NONE',  ( -3894.799999999977445, 1865.250000000022510, 596.7999999999999545 ) ) ;
#171 = EDGE_CURVE ( 'NONE', #5032, #5686, #5392, .T. ) ;
#172 = VECTOR ( 'NONE', #1449, 1000.000000000000000 ) ;
#173 = AXIS2_PLACEMENT_3D ( 'NONE', #411, #4939, #3550 ) ;
#174 = PLANE ( 'NONE',  #4988 ) ;
#175 = VERTEX_POINT ( 'NONE', #4529 ) ;
#176 = CARTESIAN_POINT ( 'NONE',  ( -3877.999999999977263, 2244.750000000022737, 596.7999999999999545 ) ) ;
#177 = VECTOR ( 'NONE', #1860, 1000.000000000000000 ) ;
#178 = FACE_OUTER_BOUND ( 'NONE', #2871, .T. ) ;
#179 = ORIENTED_EDGE ( 'NONE', *, *, #5618, .T. ) ;
#180 = SECURITY_CLASSIFICATION ( '', '', #5231 ) ;
#181 = FACE_OUTER_BOUND ( 'NONE', #4091, .T. ) ;
#182 = EDGE_LOOP ( 'NONE', ( #3987, #951, #1354, #333, #1189, #1453, #2075, #5107 ) ) ;
#183 = EDGE_CURVE ( 'NONE', #5678, #2977, #3136, .T. ) ;
#184 = CARTESIAN_POINT ( 'NONE',  ( 0.000000000000000000, 0.000000000000000000, 0.000000000000000000 ) ) ;
#185 = CIRCLE ( 'NONE', #763, 10.00000000000000888 ) ;
#186 = DIRECTION ( 'NONE',  ( 0.000000000000000000, -1.000000000000000000, 0.000000000000000000 ) ) ;
#187 = ORIENTED_EDGE ( 'NONE', *, *, #476, .T. ) ;
#188 = FACE_OUTER_BOUND ( 'NONE', #4120, .T. ) ;
#189 = ORIENTED_EDGE ( 'NONE', *, *, #3221, .T. ) ;
#190 = EDGE_LOOP ( 'NONE', ( #1370, #3898, #5624, #5270, #482, #1029, #3437, #1095, #4184, #3202, #764, #198 ) ) ;
#191 = CARTESIAN_POINT ( 'NONE',  ( -3353.999999999976808, 2.273181642920008017E-11, 109.0000000000001279 ) ) ;
#192 = DIRECTION ( 'NONE',  ( -1.000000000000000000, -0.000000000000000000, -0.000000000000000000 ) ) ;
#193 = APPROVAL ( #355, '未指定' ) ;
#194 = EDGE_CURVE ( 'NONE', #5192, #5546, #4179, .T. ) ;
#195 = DIRECTION ( 'NONE',  ( 0.000000000000000000, 1.000000000000000000, 0.000000000000000000 ) ) ;
#196 = ORIENTED_EDGE ( 'NONE', *, *, #3944, .F. ) ;
#197 = EDGE_LOOP ( 'NONE', ( #2942, #3773, #2242, #4451, #5082, #2012, #685, #2163, #2468 ) ) ;
#198 = ORIENTED_EDGE ( 'NONE', *, *, #5773, .F. ) ;
#199 = PLANE ( 'NONE',  #4487 ) ;
#200 = DIRECTION ( 'NONE',  ( -0.000000000000000000, 1.000000000000000000, -0.000000000000000000 ) ) ;
#201 = ADVANCED_FACE ( 'NONE', ( #4959 ), #3785, .F. ) ;
#202 = VERTEX_POINT ( 'NONE', #643 ) ;
#203 = DIRECTION ( 'NONE',  ( -0.000000000000000000, 1.000000000000000000, -0.000000000000000000 ) ) ;
#204 = CARTESIAN_POINT ( 'NONE',  ( -3899.999999999977263, 443.0000000000228511, 557.9999999999998863 ) ) ;
#205 = CARTESIAN_POINT ( 'NONE',  ( -3884.099999999977626, 2348.500000000022737, 596.0000000000000000 ) ) ;
#206 = ORIENTED_EDGE ( 'NONE', *, *, #601, .F. ) ;
#207 = CARTESIAN_POINT ( 'NONE',  ( 268.5000000000000000, -156.0000000000000000, -0.000000000000000000 ) ) ;
#208 = DIRECTION ( 'NONE',  ( 1.000000000000000000, 0.000000000000000000, -0.000000000000000000 ) ) ;
#209 = CARTESIAN_POINT ( 'NONE',  ( -3877.999999999977263, 2215.250000000022737, 596.7999999999999545 ) ) ;
#210 = EDGE_LOOP ( 'NONE', ( #3642, #1659, #4440, #5059 ) ) ;
#211 = LINE ( 'NONE', #4113, #134 ) ;
#212 = DIRECTION ( 'NONE',  ( 1.244644646440758595E-16, -1.000000000000000000, 0.000000000000000000 ) ) ;
#213 = EDGE_CURVE ( 'NONE', #202, #1566, #3700, .T. ) ;
#214 = CIRCLE ( 'NONE', #898, 20.00000000000018474 ) ;
#215 = CARTESIAN_POINT ( 'NONE',  ( -3353.999999999976808, 15.00000000002273204, 502.0000000000000000 ) ) ;
#216 = AXIS2_PLACEMENT_3D ( 'NONE', #5156, #1987, #5585 ) ;
#217 = CARTESIAN_POINT ( 'NONE',  ( -3353.999999999976808, 85.00000000002273737, 109.0000000000001279 ) ) ;
#218 = LINE ( 'NONE', #5177, #2322 ) ;
#219 =( NAMED_UNIT ( * ) SI_UNIT ( $, .STERADIAN. ) SOLID_ANGLE_UNIT ( ) );
#220 = LOCAL_TIME ( 20, 46, 49.00000000000000000, #4709 ) ;
#221 = VECTOR ( 'NONE', #2653, 1000.000000000000000 ) ;
#222 = CC_DESIGN_PERSON_AND_ORGANIZATION_ASSIGNMENT ( #5503, #4765, ( #1347 ) ) ;
#223 = ADVANCED_FACE ( 'NONE', ( #605 ), #508, .F. ) ;
#224 = EDGE_CURVE ( 'NONE', #1045, #3759, #1028, .T. ) ;
#225 = DIRECTION ( 'NONE',  ( -0.000000000000000000, -0.000000000000000000, -1.000000000000000000 ) ) ;
#226 = DATE_AND_TIME ( #1133, #1418 ) ;
#227 = LINE ( 'NONE', #2989, #87 ) ;
#228 = DIRECTION ( 'NONE',  ( -0.000000000000000000, -1.000000000000000000, -0.000000000000000000 ) ) ;
#229 = VERTEX_POINT ( 'NONE', #3224 ) ;
#230 = PERSON_AND_ORGANIZATION ( #724, #4157 ) ;
#231 = EDGE_CURVE ( 'NONE', #2796, #2790, #1372, .T. ) ;
#232 = LINE ( 'NONE', #2159, #2472 ) ;
#233 = CARTESIAN_POINT ( 'NONE',  ( 600.0000000000001137, 470.0000000000000000, 30.00000000000000000 ) ) ;
#234 = DIRECTION ( 'NONE',  ( 0.000000000000000000, 0.000000000000000000, 1.000000000000000000 ) ) ;
#235 = LINE ( 'NONE', #2170, #96 ) ;
#236 = PERSON_AND_ORGANIZATION_ROLE ( 'design_supplier' ) ;
#237 = AXIS2_PLACEMENT_3D ( 'NONE', #3311, #4201, #1612 ) ;
#238 = VERTEX_POINT ( 'NONE', #1539 ) ;
#239 = FACE_OUTER_BOUND ( 'NONE', #1377, .T. ) ;
#240 = DIRECTION ( 'NONE',  ( 1.000000000000000000, 0.000000000000000000, 0.000000000000000000 ) ) ;
#241 = VECTOR ( 'NONE', #4683, 1000.000000000000000 ) ;
#242 = DIRECTION ( 'NONE',  ( 1.000000000000000000, 0.000000000000000000, 0.000000000000000000 ) ) ;
#243 = CARTESIAN_POINT ( 'NONE',  ( 4.000000000000003553, 4.898587196589417759E-16, 900.0000000000000000 ) ) ;
#244 = ORIENTED_EDGE ( 'NONE', *, *, #2853, .F. ) ;
#245 = EDGE_CURVE ( 'NONE', #2088, #5545, #4889, .T. ) ;
#246 = LINE ( 'NONE', #2714, #2070 ) ;
#247 = VERTEX_POINT ( 'NONE', #1883 ) ;
#248 = AXIS2_PLACEMENT_3D ( 'NONE', #4486, #4875, #910 ) ;
#249 = DIRECTION ( 'NONE',  ( 1.000000000000000000, 0.000000000000000000, 0.000000000000000000 ) ) ;
#250 = LINE ( 'NONE', #2193, #5316 ) ;
#251 = ORIENTED_EDGE ( 'NONE', *, *, #4546, .T. ) ;
#252 = CARTESIAN_POINT ( 'NONE',  ( 0.000000000000000000, 0.000000000000000000, 0.000000000000000000 ) ) ;
#253 = ADVANCED_FACE ( 'NONE', ( #5251 ), #2295, .T. ) ;
#254 = VERTEX_POINT ( 'NONE', #4550 ) ;
#255 = VECTOR ( 'NONE', #892, 1000.000000000000000 ) ;
#256 = DIRECTION ( 'NONE',  ( -1.000000000000000000, 0.000000000000000000, 0.000000000000000000 ) ) ;
#257 = CARTESIAN_POINT ( 'NONE',  ( -3877.999999999977263, 1894.750000000022510, 596.7999999999999545 ) ) ;
#258 = PRODUCT_RELATED_PRODUCT_CATEGORY ( 'detail', '', ( #2037 ) ) ;
#259 = ORIENTED_EDGE ( 'NONE', *, *, #1114, .T. ) ;
#260 = EDGE_CURVE ( 'NONE', #5390, #2889, #5821, .T. ) ;
#261 = APPROVAL_STATUS ( 'not_yet_approved' ) ;
#262 = VERTEX_POINT ( 'NONE', #2310 ) ;
#263 = EDGE_LOOP ( 'NONE', ( #3783, #4963 ) ) ;
#264 = ORIENTED_EDGE ( 'NONE', *, *, #2333, .T. ) ;
#265 = DIRECTION ( 'NONE',  ( -0.000000000000000000, -0.000000000000000000, 1.000000000000000000 ) ) ;
#266 = ORIENTED_EDGE ( 'NONE', *, *, #4659, .F. ) ;
#267 = EDGE_LOOP ( 'NONE', ( #3561, #614 ) ) ;
#268 = CARTESIAN_POINT ( 'NONE',  ( -3869.999999999977263, 2215.250000000022737, 580.0000000000000000 ) ) ;
#269 = EDGE_CURVE ( 'NONE', #3166, #254, #2289, .T. ) ;
#270 = CARTESIAN_POINT ( 'NONE',  ( 297.5000000000000568, -223.0000000000000000, 309.0000000000000568 ) ) ;
#271 = DIRECTION ( 'NONE',  ( 1.244644646440758595E-16, -1.000000000000000000, 0.000000000000000000 ) ) ;
#272 = DIRECTION ( 'NONE',  ( 0.000000000000000000, 1.000000000000000000, 0.000000000000000000 ) ) ;
#273 = AXIS2_PLACEMENT_3D ( 'NONE', #1811, #2, #2722 ) ;
#274 = ORIENTED_EDGE ( 'NONE', *, *, #3780, .F. ) ;
#275 = LINE ( 'NONE', #4925, #3083 ) ;
#276 = CARTESIAN_POINT ( 'NONE',  ( -27.99999999999998934, 334.9999999999999432, 27.00000000000000355 ) ) ;
#277 = PERSON_AND_ORGANIZATION_ROLE ( 'creator' ) ;
#278 = DESIGN_CONTEXT ( 'detailed design', #3386, 'design' ) ;
#279 = CARTESIAN_POINT ( 'NONE',  ( 0.000000000000000000, 0.000000000000000000, 22.00000000000000000 ) ) ;
#280 = ORIENTED_EDGE ( 'NONE', *, *, #524, .F. ) ;
#281 = VECTOR ( 'NONE', #4174, 1000.000000000000000 ) ;
#282 = ADVANCED_FACE ( 'NONE', ( #5673, #116 ), #527, .T. ) ;
#283 = CARTESIAN_POINT ( 'NONE',  ( -3843.999999999977263, 15.00000000002273204, 82.00000000000001421 ) ) ;
#284 = AXIS2_PLACEMENT_3D ( 'NONE', #3990, #1901, #2200 ) ;
#285 = DIRECTION ( 'NONE',  ( -0.000000000000000000, -0.000000000000000000, -1.000000000000000000 ) ) ;
#286 = CARTESIAN_POINT ( 'NONE',  ( 15.90000000000019575, -470.0000000000000000, 10.90000000000000036 ) ) ;
#287 = UNCERTAINTY_MEASURE_WITH_UNIT (LENGTH_MEASURE( 1.000000000000000082E-05 ), #5607, 'distance_accuracy_value', 'NONE');
#288 = LINE ( 'NONE', #495, #4008 ) ;
#289 = APPROVAL_PERSON_ORGANIZATION ( #2533, #4320, #10 ) ;
#290 =( GEOMETRIC_REPRESENTATION_CONTEXT ( 3 ) GLOBAL_UNCERTAINTY_ASSIGNED_CONTEXT ( ( #3274 ) ) GLOBAL_UNIT_ASSIGNED_CONTEXT ( ( #3792, #2024, #2373 ) ) REPRESENTATION_CONTEXT ( 'NONE', 'WORKASPACE' ) );
#291 = DATE_AND_TIME ( #1344, #4435 ) ;
#292 = ITEM_DEFINED_TRANSFORMATION ( 'NONE', 'NONE', #4311,  #3190 ) ;
#293 = CARTESIAN_POINT ( 'NONE',  ( 0.000000000000000000, 0.000000000000000000, 22.00000000000000000 ) ) ;
#294 = FACE_OUTER_BOUND ( 'NONE', #1445, .T. ) ;
#295 = APPLICATION_CONTEXT ( 'configuration controlled 3d designs of mechanical parts and assemblies' ) ;
#296 = ORIENTED_EDGE ( 'NONE', *, *, #4304, .T. ) ;
#297 = PERSON_AND_ORGANIZATION ( #724, #4157 ) ;
#298 = CC_DESIGN_SECURITY_CLASSIFICATION ( #5535, ( #5843 ) ) ;
#299 = VECTOR ( 'NONE', #1829, 1000.000000000000000 ) ;
#300 = EDGE_CURVE ( 'NONE', #157, #4830, #5172, .T. ) ;
#301 = CARTESIAN_POINT ( 'NONE',  ( -3884.099999999977626, 1865.250000000022510, 591.9500000000002728 ) ) ;
#302 = CARTESIAN_POINT ( 'NONE',  ( 15.90000000000019575, -470.0000000000000000, 15.90000000000000036 ) ) ;
#303 = ORIENTED_EDGE ( 'NONE', *, *, #1642, .T. ) ;
#304 = LOCAL_TIME ( 20, 46, 49.00000000000000000, #3883 ) ;
#305 = VECTOR ( 'NONE', #4531, 1000.000000000000000 ) ;
#306 = DIRECTION ( 'NONE',  ( 0.000000000000000000, 1.000000000000000000, 0.000000000000000000 ) ) ;
#307 = ORIENTED_EDGE ( 'NONE', *, *, #5465, .F. ) ;
#308 = AXIS2_PLACEMENT_3D ( 'NONE', #2454, #4202, #4642 ) ;
#309 = DIRECTION ( 'NONE',  ( 0.000000000000000000, 0.000000000000000000, 1.000000000000000000 ) ) ;
#310 = DIRECTION ( 'NONE',  ( 1.201540069940645842E-16, 0.000000000000000000, 1.000000000000000000 ) ) ;
#311 = ADVANCED_FACE ( 'NONE', ( #4883 ), #5460, .F. ) ;
#312 = LINE ( 'NONE', #3740, #1081 ) ;
#313 = ORIENTED_EDGE ( 'NONE', *, *, #5075, .T. ) ;
#314 = FACE_BOUND ( 'NONE', #1948, .T. ) ;
#315 = MECHANICAL_CONTEXT ( 'NONE', #3366, 'mechanical' ) ;
#316 = FACE_OUTER_BOUND ( 'NONE', #5199, .T. ) ;
#317 = ORIENTED_EDGE ( 'NONE', *, *, #1013, .F. ) ;
#318 = CARTESIAN_POINT ( 'NONE',  ( -3329.999999999977263, -6.572520305780882291E-13, 22.00000000000002132 ) ) ;
#319 = VECTOR ( 'NONE', #2337, 1000.000000000000000 ) ;
#320 = ORIENTED_EDGE ( 'NONE', *, *, #77, .F. ) ;
#321 = DIRECTION ( 'NONE',  ( 0.000000000000000000, 0.000000000000000000, 1.000000000000000000 ) ) ;
#322 = VECTOR ( 'NONE', #2741, 1000.000000000000000 ) ;
#323 = CARTESIAN_POINT ( 'NONE',  ( 0.000000000000000000, 0.000000000000000000, -1.500000000000000000 ) ) ;
#324 = EDGE_CURVE ( 'NONE', #5686, #3926, #1299, .T. ) ;
#325 = VERTEX_POINT ( 'NONE', #5637 ) ;
#326 = AXIS2_PLACEMENT_3D ( 'NONE', #2005, #650, #4265 ) ;
#327 = CARTESIAN_POINT ( 'NONE',  ( -3869.999999999977263, 1890.000000000077762, 22.00000000000002132 ) ) ;
#328 = LINE ( 'NONE', #2229, #3973 ) ;
#329 = ORIENTED_EDGE ( 'NONE', *, *, #381, .T. ) ;
#330 = ORIENTED_EDGE ( 'NONE', *, *, #3935, .T. ) ;
#331 = CARTESIAN_POINT ( 'NONE',  ( -3869.999999999976808, 0.000000000000000000, 580.0000000000000000 ) ) ;
#332 = ORIENTED_EDGE ( 'NONE', *, *, #2110, .T. ) ;
#333 = ORIENTED_EDGE ( 'NONE', *, *, #3238, .F. ) ;
#334 = CARTESIAN_POINT ( 'NONE',  ( 15.90000000000019575, -470.0000000000000000, 15.90000000000000036 ) ) ;
#335 = ORIENTED_EDGE ( 'NONE', *, *, #3875, .T. ) ;
#336 = CARTESIAN_POINT ( 'NONE',  ( -3886.799999999977445, 1865.250000000022510, 604.7999999999999545 ) ) ;
#337 = CC_DESIGN_SECURITY_CLASSIFICATION ( #2547, ( #1156 ) ) ;
#338 = EDGE_CURVE ( 'NONE', #3289, #4523, #3556, .T. ) ;
#339 = APPROVAL_ROLE ( '' ) ;
#340 = VERTEX_POINT ( 'NONE', #4294 ) ;
#341 = ORIENTED_EDGE ( 'NONE', *, *, #2549, .F. ) ;
#342 = DIRECTION ( 'NONE',  ( 1.000000000000000000, 0.000000000000000000, 0.000000000000000000 ) ) ;
#343 = CARTESIAN_POINT ( 'NONE',  ( 0.000000000000000000, 0.000000000000000000, 900.0000000000000000 ) ) ;
#344 = DIRECTION ( 'NONE',  ( -0.000000000000000000, 1.000000000000000000, -0.000000000000000000 ) ) ;
#345 = EDGE_LOOP ( 'NONE', ( #603, #3988, #3846, #2832 ) ) ;
#346 = EDGE_CURVE ( 'NONE', #5531, #4229, #3130, .T. ) ;
#347 = DIRECTION ( 'NONE',  ( 0.000000000000000000, 0.000000000000000000, -1.000000000000000000 ) ) ;
#348 = CARTESIAN_POINT ( 'NONE',  ( -27.99999999999998934, -14.99999999999998579, 27.00000000000000355 ) ) ;
#349 = VERTEX_POINT ( 'NONE', #704 ) ;
#350 = LINE ( 'NONE', #4090, #492 ) ;
#351 = CARTESIAN_POINT ( 'NONE',  ( -3329.999999999977717, 1907.999999999993179, 22.00000000000002132 ) ) ;
#352 = CARTESIAN_POINT ( 'NONE',  ( -3353.999999999976808, 15.00000000002273204, 82.00000000000001421 ) ) ;
#353 = CARTESIAN_POINT ( 'NONE',  ( -3884.099999999977626, 1894.750000000022510, 596.0000000000000000 ) ) ;
#354 = VECTOR ( 'NONE', #5260, 1000.000000000000000 ) ;
#355 = APPROVAL_STATUS ( 'not_yet_approved' ) ;
#356 = CARTESIAN_POINT ( 'NONE',  ( 0.000000000000000000, 1890.000000000077762, 580.0000000000000000 ) ) ;
#357 = DIRECTION ( 'NONE',  ( 1.201540069940645842E-16, 0.000000000000000000, 1.000000000000000000 ) ) ;
#358 = EDGE_CURVE ( 'NONE', #5034, #4138, #4035, .T. ) ;
#359 = FACE_OUTER_BOUND ( 'NONE', #27, .T. ) ;
#360 = AXIS2_PLACEMENT_3D ( 'NONE', #3046, #3133, #1772 ) ;
#361 = PLANE ( 'NONE',  #849 ) ;
#362 = COORDINATED_UNIVERSAL_TIME_OFFSET ( 8, 0, .AHEAD. ) ;
#363 = CARTESIAN_POINT ( 'NONE',  ( 268.4999999999999432, 60.99999999999999289, 0.000000000000000000 ) ) ;
#364 = LINE ( 'NONE', #2687, #3601 ) ;
#365 = CARTESIAN_POINT ( 'NONE',  ( -3894.799999999977445, 2215.250000000022737, 580.0000000000000000 ) ) ;
#366 = ORIENTED_EDGE ( 'NONE', *, *, #2878, .T. ) ;
#367 = APPROVAL_PERSON_ORGANIZATION ( #5069, #3156, #3080 ) ;
#368 = DIRECTION ( 'NONE',  ( 0.000000000000000000, 0.000000000000000000, -1.000000000000000000 ) ) ;
#369 = VECTOR ( 'NONE', #5057, 1000.000000000000000 ) ;
#370 = DIRECTION ( 'NONE',  ( 0.000000000000000000, 0.000000000000000000, 1.000000000000000000 ) ) ;
#371 = AXIS2_PLACEMENT_3D ( 'NONE', #5305, #5727, #2142 ) ;
#372 = EDGE_CURVE ( 'NONE', #2483, #5741, #4106, .T. ) ;
#373 = VERTEX_POINT ( 'NONE', #1600 ) ;
#374 = CARTESIAN_POINT ( 'NONE',  ( 250.4999999999999432, -22.99999999999997868, -461.9999999999999432 ) ) ;
#375 = LINE ( 'NONE', #579, #1483 ) ;
#376 = DATE_TIME_ROLE ( 'creation_date' ) ;
#377 = ADVANCED_FACE ( 'NONE', ( #2350 ), #4703, .T. ) ;
#378 = ORIENTED_EDGE ( 'NONE', *, *, #1593, .F. ) ;
#379 = DIRECTION ( 'NONE',  ( 0.000000000000000000, 1.000000000000000000, 0.000000000000000000 ) ) ;
#380 = SHAPE_REPRESENTATION_RELATIONSHIP ( 'NONE' , 'NONE' ,  #2982, #5507 ) ;
#381 = EDGE_CURVE ( 'NONE', #3634, #349, #3757, .T. ) ;
#382 = CARTESIAN_POINT ( 'NONE',  ( 15.90000000000019575, -468.5000000000000000, 22.39999999999999858 ) ) ;
#383 = LINE ( 'NONE', #3659, #172 ) ;
#384 = CARTESIAN_POINT ( 'NONE',  ( -1.027984282060378280E-13, 500.0000000000235332, 22.00000000000002132 ) ) ;
#385 = PLANE ( 'NONE',  #959 ) ;
#386 = ORIENTED_EDGE ( 'NONE', *, *, #5513, .F. ) ;
#387 = VECTOR ( 'NONE', #1330, 1000.000000000000000 ) ;
#388 = DIRECTION ( 'NONE',  ( -0.000000000000000000, 1.000000000000000000, -0.000000000000000000 ) ) ;
#389 = VECTOR ( 'NONE', #1552, 1000.000000000000000 ) ;
#390 = AXIS2_PLACEMENT_3D ( 'NONE', #65, #5500, #2798 ) ;
#391 = ORIENTED_EDGE ( 'NONE', *, *, #2845, .T. ) ;
#392 = CARTESIAN_POINT ( 'NONE',  ( 297.4999999999999432, 223.0000000000000000, 309.0000000000000568 ) ) ;
#393 = CIRCLE ( 'NONE', #3645, 4.049999999999664979 ) ;
#394 = VERTEX_POINT ( 'NONE', #2502 ) ;
#395 = FACE_BOUND ( 'NONE', #3946, .T. ) ;
#396 = PLANE ( 'NONE',  #3781 ) ;
#397 = DIRECTION ( 'NONE',  ( -1.000000000000000000, -2.558117568260729619E-16, 0.000000000000000000 ) ) ;
#398 = ORIENTED_EDGE ( 'NONE', *, *, #136, .F. ) ;
#399 = APPROVAL_STATUS ( 'not_yet_approved' ) ;
#400 = ORIENTED_EDGE ( 'NONE', *, *, #2689, .T. ) ;
#401 = AXIS2_PLACEMENT_3D ( 'NONE', #3503, #4905, #850 ) ;
#402 = ORIENTED_EDGE ( 'NONE', *, *, #3508, .F. ) ;
#403 = CARTESIAN_POINT ( 'NONE',  ( 33.00000000000019895, -14.99999999999998579, -27.99999999999998934 ) ) ;
#404 = ORIENTED_EDGE ( 'NONE', *, *, #5122, .T. ) ;
#405 = DIRECTION ( 'NONE',  ( -0.000000000000000000, -0.000000000000000000, 1.000000000000000000 ) ) ;
#406 = VECTOR ( 'NONE', #5356, 1000.000000000000000 ) ;
#407 = ORIENTED_EDGE ( 'NONE', *, *, #5805, .T. ) ;
#408 = ORIENTED_EDGE ( 'NONE', *, *, #4022, .T. ) ;
#409 = ORIENTED_EDGE ( 'NONE', *, *, #3183, .T. ) ;
#410 = AXIS2_PLACEMENT_3D ( 'NONE', #5413, #480, #4867 ) ;
#411 = CARTESIAN_POINT ( 'NONE',  ( -3843.999999999977263, 2.273181642920008017E-11, 502.0000000000000000 ) ) ;
#412 = ORIENTED_EDGE ( 'NONE', *, *, #1108, .T. ) ;
#413 = ORIENTED_EDGE ( 'NONE', *, *, #2133, .F. ) ;
#414 = CARTESIAN_POINT ( 'NONE',  ( 33.00000000000019895, 334.9999999999999432, -27.99999999999998934 ) ) ;
#415 = DIRECTION ( 'NONE',  ( 0.000000000000000000, 0.000000000000000000, 1.000000000000000000 ) ) ;
#416 = ORIENTED_EDGE ( 'NONE', *, *, #4056, .F. ) ;
#417 = CARTESIAN_POINT ( 'NONE',  ( -268.5000000000000000, -155.9999999999999432, -480.0000000000000000 ) ) ;
#418 = CC_DESIGN_SECURITY_CLASSIFICATION ( #5645, ( #5346 ) ) ;
#419 = DIRECTION ( 'NONE',  ( 0.000000000000000000, 0.000000000000000000, 1.000000000000000000 ) ) ;
#420 = EDGE_CURVE ( 'NONE', #941, #1362, #2774, .T. ) ;
#421 = APPROVAL_ROLE ( '' ) ;
#422 = CARTESIAN_POINT ( 'NONE',  ( -3869.999999999977263, 2244.750000000022737, 580.0000000000000000 ) ) ;
#423 = EDGE_LOOP ( 'NONE', ( #4542, #632, #2203, #5533, #4967 ) ) ;
#424 = CIRCLE ( 'NONE', #3064, 15.00000000000000000 ) ;
#425 = DIRECTION ( 'NONE',  ( 1.973729821555833740E-16, -1.000000000000000000, 0.000000000000000000 ) ) ;
#426 = ADVANCED_FACE ( 'NONE', ( #2637 ), #4777, .F. ) ;
#427 = PLANE ( 'NONE',  #4180 ) ;
#428 = AXIS2_PLACEMENT_3D ( 'NONE', #4961, #865, #1384 ) ;
#429 = VERTEX_POINT ( 'NONE', #4274 ) ;
#430 = FACE_BOUND ( 'NONE', #1493, .T. ) ;
#431 = PLANE ( 'NONE',  #1545 ) ;
#432 = LINE ( 'NONE', #5793, #2113 ) ;
#433 = DATE_AND_TIME ( #4923, #5066 ) ;
#434 = DIRECTION ( 'NONE',  ( 0.000000000000000000, 0.000000000000000000, -1.000000000000000000 ) ) ;
#435 = DIRECTION ( 'NONE',  ( -0.000000000000000000, -0.000000000000000000, -1.000000000000000000 ) ) ;
#436 = CARTESIAN_POINT ( 'NONE',  ( 15.00000000000019362, 470.0000000000000000, 15.00000000000000000 ) ) ;
#437 = ADVANCED_FACE ( 'NONE', ( #395, #1021 ), #4718, .F. ) ;
#438 = COORDINATED_UNIVERSAL_TIME_OFFSET ( 8, 0, .AHEAD. ) ;
#439 = EDGE_LOOP ( 'NONE', ( #3840, #1742, #4188, #1376 ) ) ;
#440 = DIRECTION ( 'NONE',  ( 0.000000000000000000, -1.000000000000000000, 0.000000000000000000 ) ) ;
#441 = VECTOR ( 'NONE', #1817, 1000.000000000000000 ) ;
#442 = DIRECTION ( 'NONE',  ( -0.000000000000000000, -0.000000000000000000, -1.000000000000000000 ) ) ;
#443 = EDGE_CURVE ( 'NONE', #2684, #4334, #5030, .T. ) ;
#444 = ORIENTED_EDGE ( 'NONE', *, *, #4576, .F. ) ;
#445 = APPROVAL_DATE_TIME ( #5644, #4055 ) ;
#446 = CIRCLE ( 'NONE', #5210, 15.00000000000000000 ) ;
#447 = DIRECTION ( 'NONE',  ( -0.000000000000000000, 1.000000000000000000, -0.000000000000000000 ) ) ;
#448 = ORIENTED_EDGE ( 'NONE', *, *, #1201, .T. ) ;
#449 = PERSON_AND_ORGANIZATION ( #724, #4157 ) ;
#450 = SECURITY_CLASSIFICATION ( '', '', #3520 ) ;
#451 = LINE ( 'NONE', #2891, #165 ) ;
#452 = EDGE_CURVE ( 'NONE', #2446, #1891, #4319, .T. ) ;
#453 = ADVANCED_FACE ( 'NONE', ( #2488 ), #1364, .T. ) ;
#454 = CARTESIAN_POINT ( 'NONE',  ( -3329.999999999977263, 500.0000000000228511, 22.00000000000002132 ) ) ;
#455 = EDGE_LOOP ( 'NONE', ( #1032, #3126, #5502, #902 ) ) ;
#456 = LINE ( 'NONE', #4616, #4243 ) ;
#457 = CIRCLE ( 'NONE', #2975, 20.00000000000018474 ) ;
#458 = CARTESIAN_POINT ( 'NONE',  ( -3329.999999999977717, 1428.000000000077762, 22.00000000000002132 ) ) ;
#459 = ORIENTED_EDGE ( 'NONE', *, *, #1884, .F. ) ;
#460 = EDGE_CURVE ( 'NONE', #3434, #4613, #1719, .T. ) ;
#461 = CARTESIAN_POINT ( 'NONE',  ( 269.5000000000001137, 223.0000000000000000, 279.0000000000000000 ) ) ;
#462 = VECTOR ( 'NONE', #3849, 1000.000000000000000 ) ;
#463 = LINE ( 'NONE', #3498, #2981 ) ;
#464 = ORIENTED_EDGE ( 'NONE', *, *, #4084, .T. ) ;
#465 = DIRECTION ( 'NONE',  ( 0.000000000000000000, 1.000000000000000000, 0.000000000000000000 ) ) ;
#466 = VECTOR ( 'NONE', #796, 1000.000000000000000 ) ;
#467 = ORIENTED_EDGE ( 'NONE', *, *, #5499, .F. ) ;
#468 = VECTOR ( 'NONE', #2257, 1000.000000000000000 ) ;
#469 = AXIS2_PLACEMENT_3D ( 'NONE', #3337, #4208, #5144 ) ;
#470 = DIRECTION ( 'NONE',  ( -1.000000000000000000, 0.000000000000000000, -0.000000000000000000 ) ) ;
#471 = VERTEX_POINT ( 'NONE', #785 ) ;
#472 = VERTEX_POINT ( 'NONE', #5722 ) ;
#473 = ORIENTED_EDGE ( 'NONE', *, *, #1159, .T. ) ;
#474 = DIRECTION ( 'NONE',  ( -1.000000000000000000, -1.027984282060329272E-16, 0.000000000000000000 ) ) ;
#475 = CARTESIAN_POINT ( 'NONE',  ( -3894.799999999977445, 1544.750000000022737, 580.0000000000000000 ) ) ;
#476 = EDGE_CURVE ( 'NONE', #1375, #2851, #2704, .T. ) ;
#477 = AXIS2_PLACEMENT_3D ( 'NONE', #5303, #3158, #434 ) ;
#478 = VERTEX_POINT ( 'NONE', #4373 ) ;
#479 = VERTEX_POINT ( 'NONE', #4410 ) ;
#480 = DIRECTION ( 'NONE',  ( 0.000000000000000000, 1.000000000000000000, -0.000000000000000000 ) ) ;
#481 = ORIENTED_EDGE ( 'NONE', *, *, #4666, .F. ) ;
#482 = ORIENTED_EDGE ( 'NONE', *, *, #895, .F. ) ;
#483 = CC_DESIGN_PERSON_AND_ORGANIZATION_ASSIGNMENT ( #1918, #1643, ( #180 ) ) ;
#484 = CARTESIAN_POINT ( 'NONE',  ( 299.9999999999998295, -184.0000000000000000, 0.000000000000000000 ) ) ;
#485 = EDGE_CURVE ( 'NONE', #2093, #4254, #1503, .T. ) ;
#486 = DIRECTION ( 'NONE',  ( 0.000000000000000000, 0.000000000000000000, 1.000000000000000000 ) ) ;
#487 = ORIENTED_EDGE ( 'NONE', *, *, #4505, .F. ) ;
#488 = ORIENTED_EDGE ( 'NONE', *, *, #3661, .F. ) ;
#489 = PLANE ( 'NONE',  #123 ) ;
#490 = CARTESIAN_POINT ( 'NONE',  ( -3884.099999999977626, 2244.750000000022737, 596.0000000000000000 ) ) ;
#491 = ORIENTED_EDGE ( 'NONE', *, *, #338, .T. ) ;
#492 = VECTOR ( 'NONE', #1406, 1000.000000000000000 ) ;
#493 = EDGE_CURVE ( 'NONE', #3166, #1010, #3828, .T. ) ;
#494 = CARTESIAN_POINT ( 'NONE',  ( -269.4999999999998863, 223.0000000000000000, 279.0000000000000000 ) ) ;
#495 = CARTESIAN_POINT ( 'NONE',  ( 15.00000000000019362, 0.000000000000000000, 0.000000000000000000 ) ) ;
#496 = VECTOR ( 'NONE', #5336, 1000.000000000000000 ) ;
#497 = AXIS2_PLACEMENT_3D ( 'NONE', #5248, #2138, #766 ) ;
#498 = CARTESIAN_POINT ( 'NONE',  ( 5.000000000000000000, 6.123233995736766282E-16, 900.0000000000000000 ) ) ;
#499 = FACE_OUTER_BOUND ( 'NONE', #2799, .T. ) ;
#500 = APPROVAL_PERSON_ORGANIZATION ( #3024, #599, #1238 ) ;
#501 = CARTESIAN_POINT ( 'NONE',  ( 0.000000000000000000, 0.000000000000000000, 30.00000000000000000 ) ) ;
#502 = VECTOR ( 'NONE', #3617, 1000.000000000000000 ) ;
#503 = EDGE_CURVE ( 'NONE', #1506, #1074, #1441, .T. ) ;
#504 = ORIENTED_EDGE ( 'NONE', *, *, #4289, .F. ) ;
#505 = AXIS2_PLACEMENT_3D ( 'NONE', #3341, #2022, #4213 ) ;
#506 = CARTESIAN_POINT ( 'NONE',  ( -3884.099999999977626, 1894.750000000022510, 596.0000000000000000 ) ) ;
#507 = COORDINATED_UNIVERSAL_TIME_OFFSET ( 8, 0, .AHEAD. ) ;
#508 = PLANE ( 'NONE',  #2407 ) ;
#509 = CIRCLE ( 'NONE', #3557, 20.00000000000018474 ) ;
#510 = DIRECTION ( 'NONE',  ( 0.000000000000000000, -1.000000000000000000, 0.000000000000000000 ) ) ;
#511 = EDGE_LOOP ( 'NONE', ( #1734, #1311, #5692, #3737 ) ) ;
#512 = COORDINATED_UNIVERSAL_TIME_OFFSET ( 8, 0, .AHEAD. ) ;
#513 = EDGE_CURVE ( 'NONE', #4190, #2034, #463, .T. ) ;
#514 = FACE_OUTER_BOUND ( 'NONE', #2500, .T. ) ;
#515 = DIRECTION ( 'NONE',  ( -1.000000000000000000, 0.000000000000000000, 0.000000000000000000 ) ) ;
#516 = EDGE_LOOP ( 'NONE', ( #251, #187 ) ) ;
#517 = CARTESIAN_POINT ( 'NONE',  ( 0.000000000000000000, 0.000000000000000000, 900.0000000000000000 ) ) ;
#518 = FACE_OUTER_BOUND ( 'NONE', #2840, .T. ) ;
#519 = ADVANCED_FACE ( 'NONE', ( #1931, #5096 ), #3938, .F. ) ;
#520 = PLANE ( 'NONE',  #2826 ) ;
#521 = ORIENTED_EDGE ( 'NONE', *, *, #834, .F. ) ;
#522 = CC_DESIGN_APPROVAL ( #2958, ( #749 ) ) ;
#523 = VECTOR ( 'NONE', #2625, 1000.000000000000000 ) ;
#524 = EDGE_CURVE ( 'NONE', #238, #3059, #5817, .T. ) ;
#525 = VECTOR ( 'NONE', #2291, 1000.000000000000000 ) ;
#526 = DIRECTION ( 'NONE',  ( 0.000000000000000000, -1.000000000000000000, 0.000000000000000000 ) ) ;
#527 = PLANE ( 'NONE',  #3512 ) ;
#528 = ORIENTED_EDGE ( 'NONE', *, *, #656, .T. ) ;
#529 = CARTESIAN_POINT ( 'NONE',  ( -3843.999999999977263, 15.00000000002273204, 82.00000000000001421 ) ) ;
#530 = VECTOR ( 'NONE', #3431, 1000.000000000000000 ) ;
#531 = ORIENTED_EDGE ( 'NONE', *, *, #2276, .T. ) ;
#532 = FACE_OUTER_BOUND ( 'NONE', #4408, .T. ) ;
#533 = EDGE_CURVE ( 'NONE', #3493, #5825, #1161, .T. ) ;
#534 = DIRECTION ( 'NONE',  ( 0.000000000000000000, 1.000000000000000000, -0.000000000000000000 ) ) ;
#535 = EDGE_LOOP ( 'NONE', ( #1318, #5040, #37, #4403 ) ) ;
#536 = CIRCLE ( 'NONE', #5371, 4.000000000000003553 ) ;
#537 = EDGE_LOOP ( 'NONE', ( #972, #1178, #4594, #1589 ) ) ;
#538 = CARTESIAN_POINT ( 'NONE',  ( 0.000000000000000000, 0.000000000000000000, 0.000000000000000000 ) ) ;
#539 = ORIENTED_EDGE ( 'NONE', *, *, #1531, .T. ) ;
#540 = DIRECTION ( 'NONE',  ( -1.000000000000000000, 0.000000000000000000, 0.000000000000000000 ) ) ;
#541 = ORIENTED_EDGE ( 'NONE', *, *, #857, .F. ) ;
#542 = EDGE_LOOP ( 'NONE', ( #2430, #684, #1818, #868 ) ) ;
#543 = VERTEX_POINT ( 'NONE', #351 ) ;
#544 = AXIS2_PLACEMENT_3D ( 'NONE', #4794, #3933, #4346 ) ;
#545 = PLANE ( 'NONE',  #619 ) ;
#546 = ORIENTED_EDGE ( 'NONE', *, *, #4459, .T. ) ;
#547 = DIRECTION ( 'NONE',  ( 0.000000000000000000, 0.000000000000000000, -1.000000000000000000 ) ) ;
#548 = ORIENTED_EDGE ( 'NONE', *, *, #566, .F. ) ;
#549 = ORIENTED_EDGE ( 'NONE', *, *, #4232, .F. ) ;
#550 = DIRECTION ( 'NONE',  ( 0.000000000000000000, 1.000000000000000000, 0.000000000000000000 ) ) ;
#551 = EDGE_CURVE ( 'NONE', #2662, #4878, #3695, .T. ) ;
#552 = ADVANCED_FACE ( 'NONE', ( #3896 ), #3053, .F. ) ;
#553 = AXIS2_PLACEMENT_3D ( 'NONE', #334, #3516, #790 ) ;
#554 = EDGE_LOOP ( 'NONE', ( #2417, #5478, #3151, #1231 ) ) ;
#555 = CARTESIAN_POINT ( 'NONE',  ( 299.9999999999998295, -184.0000000000000000, 22.00000000000000000 ) ) ;
#556 = CARTESIAN_POINT ( 'NONE',  ( -3843.999999999977263, 15.00000000002273204, 522.0000000000001137 ) ) ;
#557 = ORIENTED_EDGE ( 'NONE', *, *, #4647, .T. ) ;
#558 = LINE ( 'NONE', #1447, #1397 ) ;
#559 = CC_DESIGN_PERSON_AND_ORGANIZATION_ASSIGNMENT ( #1278, #2084, ( #5771 ) ) ;
#560 = EDGE_CURVE ( 'NONE', #3687, #828, #2212, .T. ) ;
#561 = CARTESIAN_POINT ( 'NONE',  ( 15.00000000000019362, 470.0000000000000000, 15.00000000000000000 ) ) ;
#562 = CARTESIAN_POINT ( 'NONE',  ( 1.953311644640028390E-13, 470.0000000000000000, 15.00000000000000000 ) ) ;
#563 = EDGE_LOOP ( 'NONE', ( #1573, #806, #4185, #1319 ) ) ;
#564 = VECTOR ( 'NONE', #706, 1000.000000000000000 ) ;
#565 = CARTESIAN_POINT ( 'NONE',  ( 15.90000000000019575, 468.5000000000000000, 15.90000000000000036 ) ) ;
#566 = EDGE_CURVE ( 'NONE', #1506, #3641, #5665, .T. ) ;
#567 = CARTESIAN_POINT ( 'NONE',  ( 4.000000000000003553, 5.510910596163091528E-16, 900.0000000000000000 ) ) ;
#568 = LINE ( 'NONE', #4614, #5279 ) ;
#569 = LOCAL_TIME ( 20, 46, 49.00000000000000000, #4143 ) ;
#570 = CARTESIAN_POINT ( 'NONE',  ( -3869.999999999976808, 1907.999999999993179, 22.00000000000002132 ) ) ;
#571 = CARTESIAN_POINT ( 'NONE',  ( -250.4999999999998295, 61.00000000000005684, 0.000000000000000000 ) ) ;
#572 = CALENDAR_DATE ( 2026, 1, 6 ) ;
#573 = AXIS2_PLACEMENT_3D ( 'NONE', #697, #3391, #2067 ) ;
#574 = ORIENTED_EDGE ( 'NONE', *, *, #3609, .F. ) ;
#575 = LINE ( 'NONE', #5734, #2128 ) ;
#576 = DIRECTION ( 'NONE',  ( 0.000000000000000000, 0.000000000000000000, 1.000000000000000000 ) ) ;
#577 = ADVANCED_FACE ( 'NONE', ( #316 ), #5383, .F. ) ;
#578 = EDGE_LOOP ( 'NONE', ( #3363, #852, #5036, #4538 ) ) ;
#579 = CARTESIAN_POINT ( 'NONE',  ( -3300.000000000011369, 500.0000000000228511, 557.9999999999998863 ) ) ;
#580 = DATE_AND_TIME ( #2332, #1003 ) ;
#581 = CARTESIAN_POINT ( 'NONE',  ( 0.000000000000000000, 500.0000000000228511, 580.0000000000000000 ) ) ;
#582 = VECTOR ( 'NONE', #3956, 1000.000000000000000 ) ;
#583 = EDGE_CURVE ( 'NONE', #2723, #1195, #890, .T. ) ;
#584 = COORDINATED_UNIVERSAL_TIME_OFFSET ( 8, 0, .AHEAD. ) ;
#585 = CARTESIAN_POINT ( 'NONE',  ( -3353.999999999976808, 100.0000000000227374, 54.99999999999990052 ) ) ;
#586 = LINE ( 'NONE', #4758, #4025 ) ;
#587 = ORIENTED_EDGE ( 'NONE', *, *, #1916, .T. ) ;
#588 = CARTESIAN_POINT ( 'NONE',  ( 297.4999999999999432, 223.0000000000000000, 279.0000000000000000 ) ) ;
#589 = FACE_OUTER_BOUND ( 'NONE', #1120, .T. ) ;
#590 = AXIS2_PLACEMENT_3D ( 'NONE', #205, #3732, #4694 ) ;
#591 = CARTESIAN_POINT ( 'NONE',  ( 0.000000000000000000, 0.000000000000000000, 0.000000000000000000 ) ) ;
#592 = VECTOR ( 'NONE', #550, 1000.000000000000000 ) ;
#593 =( NAMED_UNIT ( * ) PLANE_ANGLE_UNIT ( ) SI_UNIT ( $, .RADIAN. ) );
#594 = VERTEX_POINT ( 'NONE', #5423 ) ;
#595 = DIRECTION ( 'NONE',  ( 0.000000000000000000, 0.000000000000000000, -1.000000000000000000 ) ) ;
#596 = VECTOR ( 'NONE', #4921, 1000.000000000000000 ) ;
#597 = CARTESIAN_POINT ( 'NONE',  ( -3353.999999999976808, 15.00000000002273204, 522.0000000000001137 ) ) ;
#598 = CARTESIAN_POINT ( 'NONE',  ( 1.953311644640028390E-13, 470.0000000000000000, 30.00000000000000000 ) ) ;
#599 = APPROVAL ( #2197, 'UNKNOWN' ) ;
#600 = EDGE_LOOP ( 'NONE', ( #4333, #121, #794, #1807 ) ) ;
#601 = EDGE_CURVE ( 'NONE', #1195, #2446, #4955, .T. ) ;
#602 = LINE ( 'NONE', #2434, #2078 ) ;
#603 = ORIENTED_EDGE ( 'NONE', *, *, #5499, .T. ) ;
#604 = DIRECTION ( 'NONE',  ( -0.000000000000000000, 0.000000000000000000, -1.000000000000000000 ) ) ;
#605 = FACE_OUTER_BOUND ( 'NONE', #2425, .T. ) ;
#606 = DIRECTION ( 'NONE',  ( -0.000000000000000000, -0.000000000000000000, -1.000000000000000000 ) ) ;
#607 = ORIENTED_EDGE ( 'NONE', *, *, #2491, .T. ) ;
#608 = ADVANCED_FACE ( 'NONE', ( #1787 ), #1578, .F. ) ;
#609 = VERTEX_POINT ( 'NONE', #3091 ) ;
#610 = PRODUCT ( '高柜03', '高柜03', '', ( #4178 ) ) ;
#611 = VERTEX_POINT ( 'NONE', #2724 ) ;
#612 = DIRECTION ( 'NONE',  ( 0.000000000000000000, 0.000000000000000000, -1.000000000000000000 ) ) ;
#613 = APPROVAL_STATUS ( 'not_yet_approved' ) ;
#614 = ORIENTED_EDGE ( 'NONE', *, *, #3745, .F. ) ;
#615 = ORIENTED_EDGE ( 'NONE', *, *, #4566, .T. ) ;
#616 = EDGE_LOOP ( 'NONE', ( #5424, #2994, #386, #3920, #1044, #760 ) ) ;
#617 = DIRECTION ( 'NONE',  ( 0.000000000000000000, -1.000000000000000000, 0.000000000000000000 ) ) ;
#618 = DIRECTION ( 'NONE',  ( 0.000000000000000000, 0.000000000000000000, 1.000000000000000000 ) ) ;
#619 = AXIS2_PLACEMENT_3D ( 'NONE', #2827, #3669, #2808 ) ;
#620 = DIRECTION ( 'NONE',  ( 0.000000000000000000, 1.000000000000000000, 0.000000000000000000 ) ) ;
#621 = EDGE_LOOP ( 'NONE', ( #702, #3826 ) ) ;
#622 = VERTEX_POINT ( 'NONE', #1814 ) ;
#623 = CARTESIAN_POINT ( 'NONE',  ( -3869.999999999977263, 1515.250000000022737, 580.0000000000000000 ) ) ;
#624 = DIRECTION ( 'NONE',  ( 0.000000000000000000, 0.000000000000000000, -1.000000000000000000 ) ) ;
#625 = EDGE_CURVE ( 'NONE', #1240, #1102, #250, .T. ) ;
#626 = AXIS2_PLACEMENT_3D ( 'NONE', #5811, #2675, #4061 ) ;
#627 = ORIENTED_EDGE ( 'NONE', *, *, #1959, .T. ) ;
#628 = CYLINDRICAL_SURFACE ( 'NONE', #1858, 6.499999999999999112 ) ;
#629 = CARTESIAN_POINT ( 'NONE',  ( -3899.999999999977263, 443.0000000000228511, 1158.269939277287904 ) ) ;
#630 = CARTESIAN_POINT ( 'NONE',  ( 0.000000000000000000, 0.000000000000000000, 0.000000000000000000 ) ) ;
#631 = CC_DESIGN_DATE_AND_TIME_ASSIGNMENT ( #645, #376, ( #5073 ) ) ;
#632 = ORIENTED_EDGE ( 'NONE', *, *, #635, .F. ) ;
#633 = VECTOR ( 'NONE', #534, 1000.000000000000000 ) ;
#634 = ADVANCED_FACE ( 'NONE', ( #532 ), #489, .T. ) ;
#635 = EDGE_CURVE ( 'NONE', #2723, #941, #1859, .T. ) ;
#636 = CARTESIAN_POINT ( 'NONE',  ( -3329.999999999977717, 2320.000000000022737, 580.0000000000000000 ) ) ;
#637 = CARTESIAN_POINT ( 'NONE',  ( 1.953311644640028390E-13, 470.0000000000000000, 0.000000000000000000 ) ) ;
#638 = CIRCLE ( 'NONE', #3930, 15.00000000000000000 ) ;
#639 = LOCAL_TIME ( 20, 46, 49.00000000000000000, #5431 ) ;
#640 = LINE ( 'NONE', #4851, #1830 ) ;
#641 = EDGE_CURVE ( 'NONE', #471, #394, #4812, .T. ) ;
#642 = DIRECTION ( 'NONE',  ( -1.000000000000000000, 0.000000000000000000, 0.000000000000000000 ) ) ;
#643 = CARTESIAN_POINT ( 'NONE',  ( -3843.999999999977263, 85.00000000002273737, 481.9999999999998295 ) ) ;
#644 = ORIENTED_EDGE ( 'NONE', *, *, #2183, .T. ) ;
#645 = DATE_AND_TIME ( #2046, #2328 ) ;
#646 = LINE ( 'NONE', #1068, #4082 ) ;
#647 =( NAMED_UNIT ( * ) SI_UNIT ( $, .STERADIAN. ) SOLID_ANGLE_UNIT ( ) );
#648 = VERTEX_POINT ( 'NONE', #2645 ) ;
#649 = AXIS2_PLACEMENT_3D ( 'NONE', #4801, #2540, #5699 ) ;
#650 = DIRECTION ( 'NONE',  ( -0.000000000000000000, 0.000000000000000000, 1.000000000000000000 ) ) ;
#651 = FACE_OUTER_BOUND ( 'NONE', #5537, .T. ) ;
#652 = DESIGN_CONTEXT ( 'detailed design', #835, 'design' ) ;
#653 = CARTESIAN_POINT ( 'NONE',  ( -3843.999999999977263, 85.00000000002273737, 54.99999999999990052 ) ) ;
#654 = ORIENTED_EDGE ( 'NONE', *, *, #1992, .T. ) ;
#655 = CARTESIAN_POINT ( 'NONE',  ( 0.000000000000000000, 1410.000000000276486, 22.00000000000002132 ) ) ;
#656 = EDGE_CURVE ( 'NONE', #3059, #238, #3408, .T. ) ;
#657 = FACE_BOUND ( 'NONE', #5403, .T. ) ;
#658 = AXIS2_PLACEMENT_3D ( 'NONE', #5438, #979, #4102 ) ;
#659 = DIRECTION ( 'NONE',  ( -0.000000000000000000, 1.000000000000000000, -0.000000000000000000 ) ) ;
#660 = ORIENTED_EDGE ( 'NONE', *, *, #5805, .F. ) ;
#661 = CARTESIAN_POINT ( 'NONE',  ( -251.4999999999998863, 223.0000000000000000, -261.0000000000000000 ) ) ;
#662 = CIRCLE ( 'NONE', #3978, 4.049999999999664979 ) ;
#663 = CARTESIAN_POINT ( 'NONE',  ( 15.90000000000019575, -468.5000000000000000, 15.90000000000000036 ) ) ;
#664 = ADVANCED_FACE ( 'NONE', ( #5454, #665 ), #3998, .F. ) ;
#665 = FACE_BOUND ( 'NONE', #3301, .T. ) ;
#666 = VERTEX_POINT ( 'NONE', #3613 ) ;
#667 = AXIS2_PLACEMENT_3D ( 'NONE', #4864, #2569, #3984 ) ;
#668 = LINE ( 'NONE', #2552, #4532 ) ;
#669 = ORIENTED_EDGE ( 'NONE', *, *, #1144, .F. ) ;
#670 = EDGE_CURVE ( 'NONE', #238, #3344, #5308, .T. ) ;
#671 = APPLICATION_CONTEXT ( 'configuration controlled 3d designs of mechanical parts and assemblies' ) ;
#672 = VECTOR ( 'NONE', #2584, 1000.000000000000000 ) ;
#673 = DIRECTION ( 'NONE',  ( 1.000000000000000000, 0.000000000000000000, -0.000000000000000000 ) ) ;
#674 = ORIENTED_EDGE ( 'NONE', *, *, #4151, .F. ) ;
#675 = DIRECTION ( 'NONE',  ( 0.000000000000000000, -0.000000000000000000, -1.000000000000000000 ) ) ;
#676 = LINE ( 'NONE', #4635, #1725 ) ;
#677 = ORIENTED_EDGE ( 'NONE', *, *, #820, .F. ) ;
#678 = EDGE_LOOP ( 'NONE', ( #1396, #3651, #5232, #5474 ) ) ;
#679 = CARTESIAN_POINT ( 'NONE',  ( 15.00000000000019362, 365.0000000000000000, 0.000000000000000000 ) ) ;
#680 = EDGE_CURVE ( 'NONE', #4533, #1165, #2206, .T. ) ;
#681 = VERTEX_POINT ( 'NONE', #887 ) ;
#682 = DIRECTION ( 'NONE',  ( -1.000000000000000000, 0.000000000000000000, 0.000000000000000000 ) ) ;
#683 = ORIENTED_EDGE ( 'NONE', *, *, #4891, .T. ) ;
#684 = ORIENTED_EDGE ( 'NONE', *, *, #5278, .F. ) ;
#685 = ORIENTED_EDGE ( 'NONE', *, *, #2032, .F. ) ;
#686 = CARTESIAN_POINT ( 'NONE',  ( -3869.999999999976808, 425.0000000000228511, 512.9999999999998863 ) ) ;
#687 = ORIENTED_EDGE ( 'NONE', *, *, #4964, .F. ) ;
#688 = ORIENTED_EDGE ( 'NONE', *, *, #2168, .T. ) ;
#689 = DIRECTION ( 'NONE',  ( -1.000000000000000000, -0.000000000000000000, -1.137523590804460371E-16 ) ) ;
#690 = APPROVAL_STATUS ( 'not_yet_approved' ) ;
#691 = ORIENTED_EDGE ( 'NONE', *, *, #3855, .T. ) ;
#692 = EDGE_LOOP ( 'NONE', ( #5510, #913, #3610, #1653, #2562, #4912, #644, #4053 ) ) ;
#693 = CARTESIAN_POINT ( 'NONE',  ( -3899.999999999977263, 500.0000000000228511, 530.9999999999998863 ) ) ;
#694 = ADVANCED_FACE ( 'NONE', ( #4527 ), #4386, .T. ) ;
#695 = CARTESIAN_POINT ( 'NONE',  ( -3353.999999999976808, 2.273181642920008017E-11, 474.9999999999998863 ) ) ;
#696 = AXIS2_PLACEMENT_3D ( 'NONE', #2693, #3542, #2263 ) ;
#697 = CARTESIAN_POINT ( 'NONE',  ( -3869.999999999976808, 964.0000000001497256, 1120.299916712929871 ) ) ;
#698 = VERTEX_POINT ( 'NONE', #4491 ) ;
#699 = LINE ( 'NONE', #44, #2666 ) ;
#700 = CARTESIAN_POINT ( 'NONE',  ( -3894.799999999977445, 1515.250000000022737, 596.7999999999999545 ) ) ;
#701 = DIRECTION ( 'NONE',  ( -1.000000000000000000, 0.000000000000000000, 0.000000000000000000 ) ) ;
#702 = ORIENTED_EDGE ( 'NONE', *, *, #3583, .F. ) ;
#703 = CYLINDRICAL_SURFACE ( 'NONE', #2494, 27.00000000000010658 ) ;
#704 = CARTESIAN_POINT ( 'NONE',  ( 268.4999999999999432, 60.99999999999999289, 0.000000000000000000 ) ) ;
#705 = AXIS2_PLACEMENT_3D ( 'NONE', #2882, #3367, #4282 ) ;
#706 = DIRECTION ( 'NONE',  ( -0.000000000000000000, 1.000000000000000000, -0.000000000000000000 ) ) ;
#707 = LINE ( 'NONE', #1842, #633 ) ;
#708 = PERSON_AND_ORGANIZATION_ROLE ( 'creator' ) ;
#709 = COORDINATED_UNIVERSAL_TIME_OFFSET ( 8, 0, .AHEAD. ) ;
#710 = CC_DESIGN_DATE_AND_TIME_ASSIGNMENT ( #2681, #3945, ( #1495 ) ) ;
#711 = EDGE_CURVE ( 'NONE', #755, #917, #1014, .T. ) ;
#712 = APPROVAL_DATE_TIME ( #291, #3156 ) ;
#713 = CARTESIAN_POINT ( 'NONE',  ( 15.90000000000019575, -468.5000000000000000, 9.400000000000002132 ) ) ;
#714 = COORDINATED_UNIVERSAL_TIME_OFFSET ( 8, 0, .AHEAD. ) ;
#715 = CIRCLE ( 'NONE', #2754, 5.000000000000000888 ) ;
#716 = DIRECTION ( 'NONE',  ( 0.000000000000000000, 0.000000000000000000, 1.000000000000000000 ) ) ;
#717 = VERTEX_POINT ( 'NONE', #2667 ) ;
#718 = PERSON_AND_ORGANIZATION ( #724, #4157 ) ;
#719 = AXIS2_PLACEMENT_3D ( 'NONE', #3180, #5558, #948 ) ;
#720 = DIRECTION ( 'NONE',  ( 0.000000000000000000, -1.000000000000000000, 0.000000000000000000 ) ) ;
#721 = LINE ( 'NONE', #1400, #873 ) ;
#722 = DIRECTION ( 'NONE',  ( -1.000000000000000000, 0.000000000000000000, 0.000000000000000000 ) ) ;
#723 = ADVANCED_FACE ( 'NONE', ( #5659 ), #5407, .F. ) ;
#724 = PERSON ( '未指定', '未指定', '未指定', ('未指定'), ('未指定'), ('未指定') ) ;
#725 = DIRECTION ( 'NONE',  ( -1.000000000000000000, -0.000000000000000000, -0.000000000000000000 ) ) ;
#726 = LOCAL_TIME ( 20, 46, 49.00000000000000000, #2132 ) ;
#727 = VECTOR ( 'NONE', #3012, 1000.000000000000000 ) ;
#728 = APPROVAL_STATUS ( 'not_yet_approved' ) ;
#729 = AXIS2_PLACEMENT_3D ( 'NONE', #1262, #3129, #5778 ) ;
#730 = ORIENTED_EDGE ( 'NONE', *, *, #3674, .T. ) ;
#731 = VECTOR ( 'NONE', #5490, 1000.000000000000000 ) ;
#732 = DIRECTION ( 'NONE',  ( 1.973729821555833740E-16, -1.000000000000000000, 0.000000000000000000 ) ) ;
#733 = FACE_OUTER_BOUND ( 'NONE', #1432, .T. ) ;
#734 = DIRECTION ( 'NONE',  ( 0.000000000000000000, 1.000000000000000000, 0.000000000000000000 ) ) ;
#735 = ORIENTED_EDGE ( 'NONE', *, *, #4729, .F. ) ;
#736 = EDGE_CURVE ( 'NONE', #1588, #2730, #4312, .T. ) ;
#737 = LINE ( 'NONE', #97, #3693 ) ;
#738 = ORIENTED_EDGE ( 'NONE', *, *, #1971, .F. ) ;
#739 = AXIS2_PLACEMENT_3D ( 'NONE', #5141, #195, #3316 ) ;
#740 = DIRECTION ( 'NONE',  ( 0.000000000000000000, 0.000000000000000000, -1.000000000000000000 ) ) ;
#741 = VECTOR ( 'NONE', #2055, 1000.000000000000000 ) ;
#742 = CARTESIAN_POINT ( 'NONE',  ( -3329.999999999977263, 500.0000000000228511, 530.9999999999998863 ) ) ;
#743 = VERTEX_POINT ( 'NONE', #2793 ) ;
#744 = FACE_OUTER_BOUND ( 'NONE', #3161, .T. ) ;
#745 = ORIENTED_EDGE ( 'NONE', *, *, #5302, .T. ) ;
#746 = FACE_OUTER_BOUND ( 'NONE', #937, .T. ) ;
#747 = CARTESIAN_POINT ( 'NONE',  ( 33.00000000000019895, -14.99999999999998579, 0.000000000000000000 ) ) ;
#748 = CARTESIAN_POINT ( 'NONE',  ( -3884.099999999977626, 1544.750000000022737, 596.0000000000000000 ) ) ;
#749 = PRODUCT_DEFINITION ( '未知', '', #1639, #1491 ) ;
#750 = ORIENTED_EDGE ( 'NONE', *, *, #3831, .T. ) ;
#751 = EDGE_CURVE ( 'NONE', #4830, #4395, #3198, .T. ) ;
#752 = PERSON_AND_ORGANIZATION_ROLE ( 'creator' ) ;
#753 = VECTOR ( 'NONE', #3010, 1000.000000000000000 ) ;
#754 = ORIENTED_EDGE ( 'NONE', *, *, #1336, .F. ) ;
#755 = VERTEX_POINT ( 'NONE', #4108 ) ;
#756 = ADVANCED_FACE ( 'NONE', ( #4671 ), #3823, .T. ) ;
#757 = CARTESIAN_POINT ( 'NONE',  ( 1.953311644640028390E-13, -470.0000000000000000, 30.00000000000000000 ) ) ;
#758 = PLANE ( 'NONE',  #5363 ) ;
#759 = EDGE_LOOP ( 'NONE', ( #4204, #1746, #2441, #4475 ) ) ;
#760 = ORIENTED_EDGE ( 'NONE', *, *, #4093, .F. ) ;
#761 = DIRECTION ( 'NONE',  ( -0.000000000000000000, 1.000000000000000000, -0.000000000000000000 ) ) ;
#762 = ORIENTED_EDGE ( 'NONE', *, *, #4482, .T. ) ;
#763 = AXIS2_PLACEMENT_3D ( 'NONE', #3145, #4040, #3160 ) ;
#764 = ORIENTED_EDGE ( 'NONE', *, *, #5237, .T. ) ;
#765 = DIRECTION ( 'NONE',  ( 0.000000000000000000, 0.000000000000000000, 1.000000000000000000 ) ) ;
#766 = DIRECTION ( 'NONE',  ( 0.000000000000000000, -0.000000000000000000, 1.000000000000000000 ) ) ;
#767 = PRODUCT ( '高柜03柜体_高柜03柜体', '高柜03柜体_高柜03柜体', '', ( #2123 ) ) ;
#768 = AXIS2_PLACEMENT_3D ( 'NONE', #3090, #3531, #5359 ) ;
#769 = CARTESIAN_POINT ( 'NONE',  ( -3899.999999999977263, 500.0000000000228511, 580.0000000000000000 ) ) ;
#770 = ORIENTED_EDGE ( 'NONE', *, *, #3791, .F. ) ;
#771 = VERTEX_POINT ( 'NONE', #562 ) ;
#772 = DIRECTION ( 'NONE',  ( -1.000000000000000000, 0.000000000000000000, 0.000000000000000000 ) ) ;
#773 = APPLICATION_PROTOCOL_DEFINITION ( 'international standard', 'config_control_design', 1994, #295 ) ;
#774 = PLANE ( 'NONE',  #2019 ) ;
#775 = EDGE_LOOP ( 'NONE', ( #2644, #2923 ) ) ;
#776 = FACE_OUTER_BOUND ( 'NONE', #2712, .T. ) ;
#777 = CARTESIAN_POINT ( 'NONE',  ( 0.000000000000000000, 1907.999999999993179, 580.0000000000000000 ) ) ;
#778 = EDGE_CURVE ( 'NONE', #2013, #1247, #1088, .T. ) ;
#779 = AXIS2_PLACEMENT_3D ( 'NONE', #490, #3639, #1777 ) ;
#780 = CARTESIAN_POINT ( 'NONE',  ( -3869.999999999977263, 1544.750000000022737, 580.0000000000000000 ) ) ;
#781 = ORIENTED_EDGE ( 'NONE', *, *, #4350, .T. ) ;
#782 = LINE ( 'NONE', #1923, #12 ) ;
#783 = PLANE ( 'NONE',  #3184 ) ;
#784 = DIRECTION ( 'NONE',  ( -0.000000000000000000, -1.000000000000000000, -0.000000000000000000 ) ) ;
#785 = CARTESIAN_POINT ( 'NONE',  ( -3884.099999999977626, 1515.250000000022737, 600.0499999999996135 ) ) ;
#786 = CC_DESIGN_DATE_AND_TIME_ASSIGNMENT ( #5368, #5707, ( #180 ) ) ;
#787 = LINE ( 'NONE', #3407, #4427 ) ;
#788 = EDGE_CURVE ( 'NONE', #3434, #836, #2768, .T. ) ;
#789 = DATE_AND_TIME ( #1204, #2392 ) ;
#790 = DIRECTION ( 'NONE',  ( 0.000000000000000000, 0.000000000000000000, 1.000000000000000000 ) ) ;
#791 = LINE ( 'NONE', #3144, #1064 ) ;
#792 = CARTESIAN_POINT ( 'NONE',  ( -3843.999999999977263, 15.00000000002273204, 502.0000000000000000 ) ) ;
#793 = PERSON_AND_ORGANIZATION_ROLE ( 'creator' ) ;
#794 = ORIENTED_EDGE ( 'NONE', *, *, #1315, .T. ) ;
#795 = LOCAL_TIME ( 20, 46, 49.00000000000000000, #3605 ) ;
#796 = DIRECTION ( 'NONE',  ( 0.000000000000000000, 1.000000000000000000, 0.000000000000000000 ) ) ;
#797 = LINE ( 'NONE', #780, #2751 ) ;
#798 = EDGE_CURVE ( 'NONE', #7, #2025, #2343, .T. ) ;
#799 = DIRECTION ( 'NONE',  ( 0.000000000000000000, 0.000000000000000000, 1.000000000000000000 ) ) ;
#800 = ORIENTED_EDGE ( 'NONE', *, *, #1465, .F. ) ;
#801 = DIRECTION ( 'NONE',  ( -0.000000000000000000, -1.000000000000000000, -0.000000000000000000 ) ) ;
#802 = VECTOR ( 'NONE', #3764, 1000.000000000000000 ) ;
#803 = AXIS2_PLACEMENT_3D ( 'NONE', #252, #2951, #3861 ) ;
#804 = CARTESIAN_POINT ( 'NONE',  ( -3884.099999999977626, 2215.250000000022737, 596.0000000000000000 ) ) ;
#805 = FACE_OUTER_BOUND ( 'NONE', #4665, .T. ) ;
#806 = ORIENTED_EDGE ( 'NONE', *, *, #2168, .F. ) ;
#807 = DIRECTION ( 'NONE',  ( 0.000000000000000000, -0.000000000000000000, -1.000000000000000000 ) ) ;
#808 = LINE ( 'NONE', #1844, #731 ) ;
#809 = APPROVAL_STATUS ( 'not_yet_approved' ) ;
#810 = EDGE_CURVE ( 'NONE', #2241, #4307, #5589, .T. ) ;
#811 = VECTOR ( 'NONE', #4981, 1000.000000000000000 ) ;
#812 = AXIS2_PLACEMENT_3D ( 'NONE', #2595, #5755, #799 ) ;
#813 = DIRECTION ( 'NONE',  ( -0.000000000000000000, -0.000000000000000000, -1.000000000000000000 ) ) ;
#814 = ORIENTED_EDGE ( 'NONE', *, *, #4647, .F. ) ;
#815 = DIRECTION ( 'NONE',  ( 0.000000000000000000, -0.000000000000000000, 1.000000000000000000 ) ) ;
#816 = LINE ( 'NONE', #1488, #319 ) ;
#817 = ORIENTED_EDGE ( 'NONE', *, *, #625, .F. ) ;
#818 = VECTOR ( 'NONE', #4802, 1000.000000000000000 ) ;
#819 = CARTESIAN_POINT ( 'NONE',  ( -3899.999999999977263, 500.0000000000228511, 580.0000000000000000 ) ) ;
#820 = EDGE_CURVE ( 'NONE', #1549, #698, #1570, .T. ) ;
#821 = EDGE_LOOP ( 'NONE', ( #1812, #5378 ) ) ;
#822 = AXIS2_PLACEMENT_3D ( 'NONE', #4050, #35, #5053 ) ;
#823 = CYLINDRICAL_SURFACE ( 'NONE', #3229, 8.000000000000007105 ) ;
#824 = VERTEX_POINT ( 'NONE', #131 ) ;
#825 = CARTESIAN_POINT ( 'NONE',  ( -27.99999999999998934, 334.9999999999999432, 22.00000000000000000 ) ) ;
#826 = CARTESIAN_POINT ( 'NONE',  ( 15.00000000000019362, 334.9999999999999432, 15.00000000000000000 ) ) ;
#827 = VECTOR ( 'NONE', #388, 1000.000000000000000 ) ;
#828 = VERTEX_POINT ( 'NONE', #3720 ) ;
#829 = EDGE_LOOP ( 'NONE', ( #4843, #2624, #5643, #5816, #398, #4065, #1795, #2010 ) ) ;
#830 = DIRECTION ( 'NONE',  ( 0.000000000000000000, 0.000000000000000000, 1.000000000000000000 ) ) ;
#831 = ORIENTED_EDGE ( 'NONE', *, *, #4399, .F. ) ;
#832 = ADVANCED_BREP_SHAPE_REPRESENTATION ( '', ( #2369, #3190 ), #290 ) ;
#833 = DIRECTION ( 'NONE',  ( 0.000000000000000000, 0.000000000000000000, 1.000000000000000000 ) ) ;
#834 = EDGE_CURVE ( 'NONE', #3778, #1792, #2481, .T. ) ;
#835 = APPLICATION_CONTEXT ( 'configuration controlled 3d designs of mechanical parts and assemblies' ) ;
#836 = VERTEX_POINT ( 'NONE', #1035 ) ;
#837 = EDGE_LOOP ( 'NONE', ( #3647, #2995, #2780, #2302, #2632 ) ) ;
#838 = DIRECTION ( 'NONE',  ( 0.000000000000000000, -1.000000000000000000, 0.000000000000000000 ) ) ;
#839 = PLANE ( 'NONE',  #2011 ) ;
#840 = DIRECTION ( 'NONE',  ( 0.000000000000000000, 0.000000000000000000, 1.000000000000000000 ) ) ;
#841 = ORIENTED_EDGE ( 'NONE', *, *, #635, .T. ) ;
#842 = ORIENTED_EDGE ( 'NONE', *, *, #2048, .T. ) ;
#843 = EDGE_CURVE ( 'NONE', #3453, #262, #3124, .T. ) ;
#844 = CARTESIAN_POINT ( 'NONE',  ( -3329.999999999977263, -6.572520305780882291E-13, 580.0000000000000000 ) ) ;
#845 = PLANE ( 'NONE',  #884 ) ;
#846 = EDGE_LOOP ( 'NONE', ( #2061, #1301 ) ) ;
#847 = LINE ( 'NONE', #1852, #4761 ) ;
#848 = DIRECTION ( 'NONE',  ( 0.000000000000000000, 0.000000000000000000, 1.000000000000000000 ) ) ;
#849 = AXIS2_PLACEMENT_3D ( 'NONE', #3950, #5796, #1707 ) ;
#850 = DIRECTION ( 'NONE',  ( 1.000000000000000000, 0.000000000000000000, 0.000000000000000000 ) ) ;
#851 = DIRECTION ( 'NONE',  ( 0.000000000000000000, -1.000000000000000000, 0.000000000000000000 ) ) ;
#852 = ORIENTED_EDGE ( 'NONE', *, *, #3609, .T. ) ;
#853 = LINE ( 'NONE', #3906, #564 ) ;
#854 = APPLICATION_PROTOCOL_DEFINITION ( 'international standard', 'config_control_design', 1994, #835 ) ;
#855 = DIRECTION ( 'NONE',  ( -1.000000000000000000, 0.000000000000000000, 0.000000000000000000 ) ) ;
#856 = DIRECTION ( 'NONE',  ( 0.000000000000000000, 1.000000000000000000, 0.000000000000000000 ) ) ;
#857 = EDGE_CURVE ( 'NONE', #717, #34, #4455, .T. ) ;
#858 = LINE ( 'NONE', #5694, #2184 ) ;
#859 = AXIS2_PLACEMENT_3D ( 'NONE', #1365, #3200, #4547 ) ;
#860 = CALENDAR_DATE ( 2026, 1, 6 ) ;
#861 = DIRECTION ( 'NONE',  ( 0.000000000000000000, 0.000000000000000000, 1.000000000000000000 ) ) ;
#862 = PERSON_AND_ORGANIZATION ( #724, #4157 ) ;
#863 = CARTESIAN_POINT ( 'NONE',  ( 268.5000000000000000, -156.0000000000000000, -480.0000000000000000 ) ) ;
#864 = VECTOR ( 'NONE', #4287, 1000.000000000000000 ) ;
#865 = DIRECTION ( 'NONE',  ( 0.000000000000000000, -1.000000000000000000, 0.000000000000000000 ) ) ;
#866 = APPROVAL ( #4811, '未指定' ) ;
#867 = EDGE_CURVE ( 'NONE', #1444, #21, #2065, .T. ) ;
#868 = ORIENTED_EDGE ( 'NONE', *, *, #935, .T. ) ;
#869 = ADVANCED_FACE ( 'NONE', ( #3262, #1997 ), #4601, .F. ) ;
#870 = CARTESIAN_POINT ( 'NONE',  ( 600.0000000000001137, 470.0000000000000000, 30.00000000000000000 ) ) ;
#871 = COORDINATED_UNIVERSAL_TIME_OFFSET ( 8, 0, .AHEAD. ) ;
#872 = DIRECTION ( 'NONE',  ( 0.000000000000000000, 0.000000000000000000, -1.000000000000000000 ) ) ;
#873 = VECTOR ( 'NONE', #2290, 1000.000000000000000 ) ;
#874 = APPROVAL_ROLE ( '' ) ;
#875 = CALENDAR_DATE ( 2026, 1, 6 ) ;
#876 = EDGE_CURVE ( 'NONE', #3303, #4062, #954, .T. ) ;
#877 = FACE_OUTER_BOUND ( 'NONE', #678, .T. ) ;
#878 = DIRECTION ( 'NONE',  ( 1.000000000000000000, 0.000000000000000000, 0.000000000000000000 ) ) ;
#879 = EDGE_LOOP ( 'NONE', ( #1523, #3185, #3630, #3139 ) ) ;
#880 = VECTOR ( 'NONE', #4394, 1000.000000000000000 ) ;
#881 = CARTESIAN_POINT ( 'NONE',  ( -3899.999999999977263, 443.0000000000228511, 540.9999999999998863 ) ) ;
#882 = LINE ( 'NONE', #655, #241 ) ;
#883 = ADVANCED_FACE ( 'NONE', ( #5810 ), #2364, .T. ) ;
#884 = AXIS2_PLACEMENT_3D ( 'NONE', #825, #4371, #1672 ) ;
#885 = DIRECTION ( 'NONE',  ( -0.000000000000000000, 1.000000000000000000, -0.000000000000000000 ) ) ;
#886 = EDGE_LOOP ( 'NONE', ( #5325, #1258, #4248, #5124, #1738, #3616, #413, #4602, #1839, #5087, #3488, #1581 ) ) ;
#887 = CARTESIAN_POINT ( 'NONE',  ( -3353.999999999976808, 15.00000000002273204, 474.9999999999998863 ) ) ;
#888 = FACE_OUTER_BOUND ( 'NONE', #4301, .T. ) ;
#889 = ORIENTED_EDGE ( 'NONE', *, *, #4162, .F. ) ;
#890 = LINE ( 'NONE', #944, #4173 ) ;
#891 = CARTESIAN_POINT ( 'NONE',  ( -3869.999999999976808, 2320.000000000022737, 580.0000000000000000 ) ) ;
#892 = DIRECTION ( 'NONE',  ( 3.947459643111667480E-16, -1.000000000000000000, 0.000000000000000000 ) ) ;
#893 = ORIENTED_EDGE ( 'NONE', *, *, #2401, .F. ) ;
#894 = SECURITY_CLASSIFICATION_LEVEL ( 'unclassified' ) ;
#895 = EDGE_CURVE ( 'NONE', #2025, #1854, #3551, .T. ) ;
#896 = CIRCLE ( 'NONE', #705, 27.00000000000013500 ) ;
#897 = ORIENTED_EDGE ( 'NONE', *, *, #843, .F. ) ;
#898 = AXIS2_PLACEMENT_3D ( 'NONE', #1766, #1358, #4483 ) ;
#899 = LINE ( 'NONE', #5574, #2560 ) ;
#900 = CARTESIAN_POINT ( 'NONE',  ( -3353.999999999976808, 15.00000000002273204, 61.99999999999982947 ) ) ;
#901 = DIRECTION ( 'NONE',  ( -1.244644646440758595E-16, -1.000000000000000000, 0.000000000000000000 ) ) ;
#902 = ORIENTED_EDGE ( 'NONE', *, *, #736, .T. ) ;
#903 = CARTESIAN_POINT ( 'NONE',  ( 33.00000000000019895, 334.9999999999999432, 27.00000000000001066 ) ) ;
#904 = CIRCLE ( 'NONE', #248, 6.499999999999999112 ) ;
#905 = ORIENTED_EDGE ( 'NONE', *, *, #53, .T. ) ;
#906 = EDGE_LOOP ( 'NONE', ( #1768, #2231, #2922, #2857 ) ) ;
#907 = ADVANCED_FACE ( 'NONE', ( #733 ), #3962, .F. ) ;
#908 = EDGE_LOOP ( 'NONE', ( #1236, #409, #2643, #4249, #4654 ) ) ;
#909 = AXIS2_PLACEMENT_3D ( 'NONE', #2859, #2822, #2899 ) ;
#910 = DIRECTION ( 'NONE',  ( 0.000000000000000000, 0.000000000000000000, -1.000000000000000000 ) ) ;
#911 = EDGE_LOOP ( 'NONE', ( #47, #3195 ) ) ;
#912 = ORIENTED_EDGE ( 'NONE', *, *, #5137, .F. ) ;
#913 = ORIENTED_EDGE ( 'NONE', *, *, #2016, .T. ) ;
#914 = CARTESIAN_POINT ( 'NONE',  ( 15.90000000000019575, 468.5000000000000000, 15.90000000000000036 ) ) ;
#915 = CARTESIAN_POINT ( 'NONE',  ( -297.4999999999999432, -223.0000000000000000, 309.0000000000000568 ) ) ;
#916 = ORIENTED_EDGE ( 'NONE', *, *, #5044, .T. ) ;
#917 = VERTEX_POINT ( 'NONE', #5160 ) ;
#918 = CARTESIAN_POINT ( 'NONE',  ( -3886.799999999977445, 1865.250000000022510, 604.7999999999999545 ) ) ;
#919 = EDGE_CURVE ( 'NONE', #1588, #5671, #882, .T. ) ;
#920 = DATE_TIME_ROLE ( 'classification_date' ) ;
#921 = ADVANCED_FACE ( 'NONE', ( #3047, #4590 ), #5079, .T. ) ;
#922 = ORIENTED_EDGE ( 'NONE', *, *, #3655, .F. ) ;
#923 = CARTESIAN_POINT ( 'NONE',  ( 15.90000000000019575, -334.9999999999999432, 15.90000000000000036 ) ) ;
#924 = ORIENTED_EDGE ( 'NONE', *, *, #1049, .F. ) ;
#925 = FACE_OUTER_BOUND ( 'NONE', #190, .T. ) ;
#926 = CARTESIAN_POINT ( 'NONE',  ( -3353.999999999976808, 15.00000000002273204, 502.0000000000000000 ) ) ;
#927 = CIRCLE ( 'NONE', #284, 6.499999999999999112 ) ;
#928 = DATE_AND_TIME ( #4502, #2115 ) ;
#929 = AXIS2_PLACEMENT_3D ( 'NONE', #1009, #4641, #3797 ) ;
#930 = CARTESIAN_POINT ( 'NONE',  ( 15.90000000000019575, 15.00000000000001421, 10.90000000000000036 ) ) ;
#931 = FACE_OUTER_BOUND ( 'NONE', #3427, .T. ) ;
#932 = DATE_AND_TIME ( #860, #639 ) ;
#933 = LINE ( 'NONE', #4019, #221 ) ;
#934 = DIRECTION ( 'NONE',  ( 0.000000000000000000, 1.000000000000000000, 0.000000000000000000 ) ) ;
#935 = EDGE_CURVE ( 'NONE', #2514, #3493, #5022, .T. ) ;
#936 = AXIS2_PLACEMENT_3D ( 'NONE', #2331, #4989, #1099 ) ;
#937 = EDGE_LOOP ( 'NONE', ( #3839, #2931, #4895, #3648 ) ) ;
#938 = LOCAL_TIME ( 20, 46, 49.00000000000000000, #4153 ) ;
#939 = FACE_OUTER_BOUND ( 'NONE', #2237, .T. ) ;
#940 = DIRECTION ( 'NONE',  ( -1.000000000000000000, 0.000000000000000000, 0.000000000000000000 ) ) ;
#941 = VERTEX_POINT ( 'NONE', #679 ) ;
#942 = CARTESIAN_POINT ( 'NONE',  ( -3899.999999999977263, 500.0000000000228511, 557.9999999999998863 ) ) ;
#943 = LOCAL_TIME ( 20, 46, 49.00000000000000000, #512 ) ;
#944 = CARTESIAN_POINT ( 'NONE',  ( 33.00000000000019895, 0.000000000000000000, 0.000000000000000000 ) ) ;
#945 = CC_DESIGN_DATE_AND_TIME_ASSIGNMENT ( #4715, #3001, ( #3499 ) ) ;
#946 = VECTOR ( 'NONE', #1283, 1000.000000000000000 ) ;
#947 = EDGE_CURVE ( 'NONE', #3959, #1362, #5739, .T. ) ;
#948 = DIRECTION ( 'NONE',  ( 0.000000000000000000, 0.000000000000000000, -1.000000000000000000 ) ) ;
#949 = CIRCLE ( 'NONE', #4678, 5.000000000000000888 ) ;
#950 = CARTESIAN_POINT ( 'NONE',  ( -3899.999999999977263, 500.0000000000228511, 530.9999999999998863 ) ) ;
#951 = ORIENTED_EDGE ( 'NONE', *, *, #460, .F. ) ;
#952 = EDGE_CURVE ( 'NONE', #828, #1865, #3626, .T. ) ;
#953 = LINE ( 'NONE', #5787, #880 ) ;
#954 = CIRCLE ( 'NONE', #2303, 27.00000000000013500 ) ;
#955 = VERTEX_POINT ( 'NONE', #1494 ) ;
#956 = VECTOR ( 'NONE', #2529, 1000.000000000000000 ) ;
#957 = EDGE_LOOP ( 'NONE', ( #4165, #3697 ) ) ;
#958 = VECTOR ( 'NONE', #4493, 1000.000000000000000 ) ;
#959 = AXIS2_PLACEMENT_3D ( 'NONE', #5296, #3510, #1263 ) ;
#960 = DIRECTION ( 'NONE',  ( -0.000000000000000000, -0.000000000000000000, -1.000000000000000000 ) ) ;
#961 = DIRECTION ( 'NONE',  ( 1.000000000000000000, 0.000000000000000000, -1.201540069940645842E-16 ) ) ;
#962 = EDGE_LOOP ( 'NONE', ( #1958, #1305 ) ) ;
#963 = VECTOR ( 'NONE', #4127, 1000.000000000000000 ) ;
#964 = VERTEX_POINT ( 'NONE', #2907 ) ;
#965 = CARTESIAN_POINT ( 'NONE',  ( -3884.099999999977626, 1544.750000000022737, 591.9500000000002728 ) ) ;
#966 = CARTESIAN_POINT ( 'NONE',  ( -250.4999999999999432, -22.99999999999997868, -461.9999999999999432 ) ) ;
#967 = EDGE_CURVE ( 'NONE', #1964, #5192, #5514, .T. ) ;
#968 = ADVANCED_FACE ( 'NONE', ( #178 ), #2282, .T. ) ;
#969 = AXIS2_PLACEMENT_3D ( 'NONE', #2267, #4067, #5420 ) ;
#970 = VECTOR ( 'NONE', #4406, 1000.000000000000000 ) ;
#971 = ORIENTED_EDGE ( 'NONE', *, *, #5569, .T. ) ;
#972 = ORIENTED_EDGE ( 'NONE', *, *, #5606, .T. ) ;
#973 = DIRECTION ( 'NONE',  ( 0.000000000000000000, -0.000000000000000000, -1.000000000000000000 ) ) ;
#974 = ORIENTED_EDGE ( 'NONE', *, *, #4584, .F. ) ;
#975 = DIRECTION ( 'NONE',  ( 0.000000000000000000, 1.000000000000000000, -0.000000000000000000 ) ) ;
#976 = VERTEX_POINT ( 'NONE', #4663 ) ;
#977 = ORIENTED_EDGE ( 'NONE', *, *, #112, .F. ) ;
#978 = AXIS2_PLACEMENT_3D ( 'NONE', #3055, #5285, #4412 ) ;
#979 = DIRECTION ( 'NONE',  ( -1.000000000000000000, 0.000000000000000000, 0.000000000000000000 ) ) ;
#980 = EDGE_CURVE ( 'NONE', #2646, #340, #101, .T. ) ;
#981 = CARTESIAN_POINT ( 'NONE',  ( -3877.999999999977263, 1544.750000000022737, 596.7999999999999545 ) ) ;
#982 = ORIENTED_EDGE ( 'NONE', *, *, #5411, .F. ) ;
#983 = DIRECTION ( 'NONE',  ( 0.000000000000000000, 1.000000000000000000, 0.000000000000000000 ) ) ;
#984 = DIRECTION ( 'NONE',  ( 1.000000000000000000, 0.000000000000000000, 0.000000000000000000 ) ) ;
#985 = ORIENTED_EDGE ( 'NONE', *, *, #2618, .T. ) ;
#986 = LINE ( 'NONE', #3438, #5484 ) ;
#987 = EDGE_CURVE ( 'NONE', #2734, #5820, #3483, .T. ) ;
#988 = DIRECTION ( 'NONE',  ( 0.000000000000000000, 0.000000000000000000, 1.000000000000000000 ) ) ;
#989 = DIRECTION ( 'NONE',  ( -0.000000000000000000, 1.000000000000000000, -0.000000000000000000 ) ) ;
#990 = CARTESIAN_POINT ( 'NONE',  ( -3877.999999999977263, 1894.750000000022510, 604.7999999999999545 ) ) ;
#991 = EDGE_LOOP ( 'NONE', ( #3217, #4766, #1452, #1180 ) ) ;
#992 = FACE_OUTER_BOUND ( 'NONE', #1697, .T. ) ;
#993 = DIRECTION ( 'NONE',  ( 0.000000000000000000, -0.000000000000000000, -1.000000000000000000 ) ) ;
#994 = AXIS2_PLACEMENT_3D ( 'NONE', #5182, #2475, #2945 ) ;
#995 = FACE_OUTER_BOUND ( 'NONE', #4772, .T. ) ;
#996 = ADVANCED_FACE ( 'NONE', ( #1781, #1226 ), #3297, .T. ) ;
#997 = APPROVAL_DATE_TIME ( #1410, #1423 ) ;
#998 = AXIS2_PLACEMENT_3D ( 'NONE', #4122, #1393, #4536 ) ;
#999 = DIRECTION ( 'NONE',  ( -0.000000000000000000, 0.000000000000000000, 1.000000000000000000 ) ) ;
#1000 = APPROVAL_PERSON_ORGANIZATION ( #5149, #4158, #3402 ) ;
#1001 = VECTOR ( 'NONE', #225, 1000.000000000000000 ) ;
#1002 = ORIENTED_EDGE ( 'NONE', *, *, #1971, .T. ) ;
#1003 = LOCAL_TIME ( 20, 46, 49.00000000000000000, #1140 ) ;
#1004 = DIRECTION ( 'NONE',  ( 1.000000000000000000, 0.000000000000000000, 0.000000000000000000 ) ) ;
#1005 = FACE_OUTER_BOUND ( 'NONE', #5464, .T. ) ;
#1006 = CARTESIAN_POINT ( 'NONE',  ( -3353.999999999976808, 85.00000000002273737, 474.9999999999998863 ) ) ;
#1007 = CARTESIAN_POINT ( 'NONE',  ( -3353.999999999976808, 2.273181642920008017E-11, 82.00000000000001421 ) ) ;
#1008 = VECTOR ( 'NONE', #4667, 1000.000000000000000 ) ;
#1009 = CARTESIAN_POINT ( 'NONE',  ( 15.90000000000019575, -470.0000000000000000, 15.90000000000000036 ) ) ;
#1010 = VERTEX_POINT ( 'NONE', #4623 ) ;
#1011 = CC_DESIGN_APPROVAL ( #193, ( #3537 ) ) ;
#1012 = LINE ( 'NONE', #5035, #4728 ) ;
#1013 = EDGE_CURVE ( 'NONE', #3641, #3893, #312, .T. ) ;
#1014 = CIRCLE ( 'NONE', #1615, 8.000000000000007105 ) ;
#1015 = CARTESIAN_POINT ( 'NONE',  ( 15.00000000000019362, -365.0000000000000000, 0.000000000000000000 ) ) ;
#1016 = ORIENTED_EDGE ( 'NONE', *, *, #3280, .F. ) ;
#1017 = DIRECTION ( 'NONE',  ( -0.000000000000000000, 1.000000000000000000, -0.000000000000000000 ) ) ;
#1018 = LINE ( 'NONE', #1392, #2771 ) ;
#1019 = VERTEX_POINT ( 'NONE', #1933 ) ;
#1020 = ADVANCED_FACE ( 'NONE', ( #3478 ), #5121, .F. ) ;
#1021 = FACE_OUTER_BOUND ( 'NONE', #5049, .T. ) ;
#1022 = AXIS2_PLACEMENT_3D ( 'NONE', #663, #1151, #5600 ) ;
#1023 = CARTESIAN_POINT ( 'NONE',  ( -3869.999999999976808, 425.0000000000228511, 512.9999999999998863 ) ) ;
#1024 = ORIENTED_EDGE ( 'NONE', *, *, #4046, .F. ) ;
#1025 = LINE ( 'NONE', #207, #2839 ) ;
#1026 = ORIENTED_EDGE ( 'NONE', *, *, #1122, .T. ) ;
#1027 = CARTESIAN_POINT ( 'NONE',  ( 251.5000000000001137, 205.0000000000000284, -261.0000000000000000 ) ) ;
#1028 = LINE ( 'NONE', #1097, #2990 ) ;
#1029 = ORIENTED_EDGE ( 'NONE', *, *, #798, .F. ) ;
#1030 = DIRECTION ( 'NONE',  ( -1.000000000000000000, 0.000000000000000000, -0.000000000000000000 ) ) ;
#1031 = PRODUCT_DEFINITION_SHAPE ( 'NONE', 'NONE',  #5841 ) ;
#1032 = ORIENTED_EDGE ( 'NONE', *, *, #4304, .F. ) ;
#1033 = ORIENTED_EDGE ( 'NONE', *, *, #2145, .F. ) ;
#1034 = EDGE_LOOP ( 'NONE', ( #1940, #4314, #1928, #4612, #4016 ) ) ;
#1035 = CARTESIAN_POINT ( 'NONE',  ( 297.5000000000000568, -223.0000000000000000, 279.0000000000000000 ) ) ;
#1036 = ORIENTED_EDGE ( 'NONE', *, *, #4005, .T. ) ;
#1037 = VERTEX_POINT ( 'NONE', #170 ) ;
#1038 = ORIENTED_EDGE ( 'NONE', *, *, #1108, .F. ) ;
#1039 = EDGE_CURVE ( 'NONE', #5115, #4052, #5376, .T. ) ;
#1040 = AXIS2_PLACEMENT_3D ( 'NONE', #5222, #4330, #5244 ) ;
#1041 = ORIENTED_EDGE ( 'NONE', *, *, #2008, .F. ) ;
#1042 = ORIENTED_EDGE ( 'NONE', *, *, #3432, .T. ) ;
#1043 = CARTESIAN_POINT ( 'NONE',  ( -3353.999999999976808, 15.00000000002273204, 82.00000000000001421 ) ) ;
#1044 = ORIENTED_EDGE ( 'NONE', *, *, #2933, .F. ) ;
#1045 = VERTEX_POINT ( 'NONE', #3872 ) ;
#1046 = CC_DESIGN_PERSON_AND_ORGANIZATION_ASSIGNMENT ( #5078, #752, ( #749 ) ) ;
#1047 = DIRECTION ( 'NONE',  ( 0.000000000000000000, 0.000000000000000000, -1.000000000000000000 ) ) ;
#1048 = ADVANCED_FACE ( 'NONE', ( #2277 ), #3758, .F. ) ;
#1049 = EDGE_CURVE ( 'NONE', #681, #4743, #3041, .T. ) ;
#1050 = CARTESIAN_POINT ( 'NONE',  ( 15.90000000000019575, -15.00000000000001421, 20.90000000000000213 ) ) ;
#1051 = CARTESIAN_POINT ( 'NONE',  ( 0.000000000000000000, 1428.000000000077762, 580.0000000000000000 ) ) ;
#1052 = DIRECTION ( 'NONE',  ( 0.000000000000000000, -0.000000000000000000, -1.000000000000000000 ) ) ;
#1053 = EDGE_LOOP ( 'NONE', ( #2915, #687, #4388, #2367 ) ) ;
#1054 = VECTOR ( 'NONE', #1720, 1000.000000000000000 ) ;
#1055 = DIRECTION ( 'NONE',  ( 1.000000000000000000, -1.162943112386686542E-16, 0.000000000000000000 ) ) ;
#1056 = EDGE_CURVE ( 'NONE', #4473, #5115, #4031, .T. ) ;
#1057 = DIRECTION ( 'NONE',  ( 0.000000000000000000, -1.000000000000000000, 0.000000000000000000 ) ) ;
#1058 = ORIENTED_EDGE ( 'NONE', *, *, #5204, .T. ) ;
#1059 = CIRCLE ( 'NONE', #696, 4.049999999999664979 ) ;
#1060 = FACE_BOUND ( 'NONE', #3787, .T. ) ;
#1061 = APPLICATION_CONTEXT ( 'configuration controlled 3d designs of mechanical parts and assemblies' ) ;
#1062 = DATE_AND_TIME ( #1544, #3387 ) ;
#1063 = AXIS2_PLACEMENT_3D ( 'NONE', #5485, #95, #2816 ) ;
#1064 = VECTOR ( 'NONE', #5385, 1000.000000000000000 ) ;
#1065 = CARTESIAN_POINT ( 'NONE',  ( -27.99999999999998934, -334.9999999999999432, 27.00000000000000355 ) ) ;
#1066 = PLANE ( 'NONE',  #1741 ) ;
#1067 = ORIENTED_EDGE ( 'NONE', *, *, #476, .F. ) ;
#1068 = CARTESIAN_POINT ( 'NONE',  ( 299.9999999999998295, -184.0000000000000000, 22.00000000000000000 ) ) ;
#1069 = LOCAL_TIME ( 20, 46, 49.00000000000000000, #5224 ) ;
#1070 = DIRECTION ( 'NONE',  ( -0.000000000000000000, 1.000000000000000000, -0.000000000000000000 ) ) ;
#1071 = CIRCLE ( 'NONE', #1329, 6.499999999999999112 ) ;
#1072 = EDGE_CURVE ( 'NONE', #94, #175, #3334, .T. ) ;
#1073 = CARTESIAN_POINT ( 'NONE',  ( -3899.999999999977263, 500.0000000000228511, 557.9999999999998863 ) ) ;
#1074 = VERTEX_POINT ( 'NONE', #5264 ) ;
#1075 = PERSON_AND_ORGANIZATION ( #724, #4157 ) ;
#1076 = CARTESIAN_POINT ( 'NONE',  ( 15.90000000000019575, -15.00000000000001421, 10.90000000000000036 ) ) ;
#1077 = LINE ( 'NONE', #1579, #32 ) ;
#1078 = ADVANCED_FACE ( 'NONE', ( #805 ), #3892, .F. ) ;
#1079 = DIRECTION ( 'NONE',  ( 0.000000000000000000, 0.000000000000000000, -1.000000000000000000 ) ) ;
#1080 = AXIS2_PLACEMENT_3D ( 'NONE', #5564, #4196, #1100 ) ;
#1081 = VECTOR ( 'NONE', #2379, 1000.000000000000000 ) ;
#1082 = EDGE_CURVE ( 'NONE', #717, #2368, #3685, .T. ) ;
#1083 = CARTESIAN_POINT ( 'NONE',  ( -3599.999999999977263, 1187.000000000276259, 487.6949316145567650 ) ) ;
#1084 = ORIENTED_EDGE ( 'NONE', *, *, #5292, .T. ) ;
#1085 = CARTESIAN_POINT ( 'NONE',  ( 0.000000000000000000, 2350.000000000022737, 580.0000000000000000 ) ) ;
#1086 = VECTOR ( 'NONE', #3081, 1000.000000000000000 ) ;
#1087 = DIRECTION ( 'NONE',  ( 0.000000000000000000, 0.000000000000000000, -1.000000000000000000 ) ) ;
#1088 = LINE ( 'NONE', #581, #1713 ) ;
#1089 = CARTESIAN_POINT ( 'NONE',  ( 250.4999999999999432, 61.00000000000002842, -461.9999999999999432 ) ) ;
#1090 = DIRECTION ( 'NONE',  ( 0.000000000000000000, -1.000000000000000000, -0.000000000000000000 ) ) ;
#1091 = VERTEX_POINT ( 'NONE', #1185 ) ;
#1092 = EDGE_CURVE ( 'NONE', #60, #4494, #3890, .T. ) ;
#1093 = FACE_OUTER_BOUND ( 'NONE', #5769, .T. ) ;
#1094 = ORIENTED_EDGE ( 'NONE', *, *, #560, .F. ) ;
#1095 = ORIENTED_EDGE ( 'NONE', *, *, #1425, .F. ) ;
#1096 = ORIENTED_EDGE ( 'NONE', *, *, #583, .F. ) ;
#1097 = CARTESIAN_POINT ( 'NONE',  ( -268.5000000000000000, -155.9999999999999432, -480.0000000000000000 ) ) ;
#1098 = ORIENTED_EDGE ( 'NONE', *, *, #269, .F. ) ;
#1099 = DIRECTION ( 'NONE',  ( 0.000000000000000000, 0.000000000000000000, 1.000000000000000000 ) ) ;
#1100 = DIRECTION ( 'NONE',  ( 0.9999931039983585013, 0.000000000000000000, -0.003713752243843448757 ) ) ;
#1101 = LINE ( 'NONE', #5267, #753 ) ;
#1102 = VERTEX_POINT ( 'NONE', #5674 ) ;
#1103 = ORIENTED_EDGE ( 'NONE', *, *, #4756, .F. ) ;
#1104 = VERTEX_POINT ( 'NONE', #4328 ) ;
#1105 = CARTESIAN_POINT ( 'NONE',  ( 15.00000000000019362, -470.0000000000000000, 0.000000000000000000 ) ) ;
#1106 = ADVANCED_FACE ( 'NONE', ( #518 ), #2095, .F. ) ;
#1107 = CARTESIAN_POINT ( 'NONE',  ( 0.000000000000000000, 0.000000000000000000, 22.00000000000000000 ) ) ;
#1108 = EDGE_CURVE ( 'NONE', #1375, #325, #2139, .T. ) ;
#1109 = AXIS2_PLACEMENT_3D ( 'NONE', #4079, #5011, #2315 ) ;
#1110 = ORIENTED_EDGE ( 'NONE', *, *, #680, .T. ) ;
#1111 = DIRECTION ( 'NONE',  ( 0.000000000000000000, -1.000000000000000000, 0.000000000000000000 ) ) ;
#1112 = PLANE ( 'NONE',  #1555 ) ;
#1113 = ORIENTED_EDGE ( 'NONE', *, *, #53, .F. ) ;
#1114 = EDGE_CURVE ( 'NONE', #3448, #3637, #5301, .T. ) ;
#1115 = AXIS2_PLACEMENT_3D ( 'NONE', #4077, #5031, #4095 ) ;
#1116 = ORIENTED_EDGE ( 'NONE', *, *, #2435, .T. ) ;
#1117 = VECTOR ( 'NONE', #3335, 1000.000000000000000 ) ;
#1118 = CARTESIAN_POINT ( 'NONE',  ( -3843.999999999977263, 2.273181642920008017E-11, 109.0000000000001279 ) ) ;
#1119 = CC_DESIGN_PERSON_AND_ORGANIZATION_ASSIGNMENT ( #4568, #4396, ( #3537 ) ) ;
#1120 = EDGE_LOOP ( 'NONE', ( #3029, #2573, #5242, #459 ) ) ;
#1121 = LINE ( 'NONE', #2102, #3449 ) ;
#1122 = EDGE_CURVE ( 'NONE', #4628, #2514, #1706, .T. ) ;
#1123 = CARTESIAN_POINT ( 'NONE',  ( -3869.999999999977263, 1865.250000000022510, 580.0000000000000000 ) ) ;
#1124 = DESIGN_CONTEXT ( 'detailed design', #2960, 'design' ) ;
#1125 = DIRECTION ( 'NONE',  ( 0.000000000000000000, 0.000000000000000000, -1.000000000000000000 ) ) ;
#1126 = LINE ( 'NONE', #127, #4364 ) ;
#1127 = APPROVAL_PERSON_ORGANIZATION ( #4292, #1423, #421 ) ;
#1128 = EDGE_CURVE ( 'NONE', #3834, #2161, #3622, .T. ) ;
#1129 = CARTESIAN_POINT ( 'NONE',  ( -3843.999999999977263, 85.00000000002273737, 522.0000000000001137 ) ) ;
#1130 = DIRECTION ( 'NONE',  ( 0.000000000000000000, 0.000000000000000000, 1.000000000000000000 ) ) ;
#1131 = ADVANCED_FACE ( 'NONE', ( #1845 ), #1222, .T. ) ;
#1132 = PERSON ( 'NAUO-PER5', 'UNSPECIFIED', 'UNSPECIFIED', ('UNSPECIFIED'), ('UNSPECIFIED'), ('UNSPECIFIED') ) ;
#1133 = CALENDAR_DATE ( 2026, 1, 6 ) ;
#1134 = CARTESIAN_POINT ( 'NONE',  ( 33.00000000000019895, -334.9999999999999432, 27.00000000000001066 ) ) ;
#1135 = CYLINDRICAL_SURFACE ( 'NONE', #1139, 5.000000000000000888 ) ;
#1136 = DIRECTION ( 'NONE',  ( -0.000000000000000000, 1.000000000000000000, -0.000000000000000000 ) ) ;
#1137 = PERSON_AND_ORGANIZATION_ROLE ( 'design_owner' ) ;
#1138 = ORIENTED_EDGE ( 'NONE', *, *, #2435, .F. ) ;
#1139 = AXIS2_PLACEMENT_3D ( 'NONE', #302, #344, #3490 ) ;
#1140 = COORDINATED_UNIVERSAL_TIME_OFFSET ( 8, 0, .AHEAD. ) ;
#1141 = DIRECTION ( 'NONE',  ( -0.000000000000000000, 1.000000000000000000, -0.000000000000000000 ) ) ;
#1142 = CIRCLE ( 'NONE', #3249, 5.000000000000000888 ) ;
#1143 = CARTESIAN_POINT ( 'NONE',  ( -3300.000000000011369, 100.0000000000227374, 557.9999999999998863 ) ) ;
#1144 = EDGE_CURVE ( 'NONE', #1010, #5175, #2830, .T. ) ;
#1145 = CIRCLE ( 'NONE', #4781, 5.000000000000000888 ) ;
#1146 = AXIS2_PLACEMENT_3D ( 'NONE', #2779, #999, #4582 ) ;
#1147 = CARTESIAN_POINT ( 'NONE',  ( 15.00000000000019362, 365.0000000000000000, 15.00000000000000000 ) ) ;
#1148 = ORIENTED_EDGE ( 'NONE', *, *, #1201, .F. ) ;
#1149 = DIRECTION ( 'NONE',  ( 0.000000000000000000, -0.000000000000000000, 1.000000000000000000 ) ) ;
#1150 = VECTOR ( 'NONE', #2122, 1000.000000000000000 ) ;
#1151 = DIRECTION ( 'NONE',  ( 0.000000000000000000, -1.000000000000000000, -0.000000000000000000 ) ) ;
#1152 = VECTOR ( 'NONE', #5442, 1000.000000000000000 ) ;
#1153 = CARTESIAN_POINT ( 'NONE',  ( -297.5000000000000568, 223.0000000000000000, 309.0000000000000568 ) ) ;
#1154 = ORIENTED_EDGE ( 'NONE', *, *, #5606, .F. ) ;
#1155 = DIRECTION ( 'NONE',  ( 0.000000000000000000, 1.000000000000000000, 0.000000000000000000 ) ) ;
#1156 = PRODUCT_DEFINITION_FORMATION_WITH_SPECIFIED_SOURCE ( '任何', '', #1176, .NOT_KNOWN. ) ;
#1157 = VECTOR ( 'NONE', #52, 1000.000000000000000 ) ;
#1158 = ORIENTED_EDGE ( 'NONE', *, *, #4380, .T. ) ;
#1159 = EDGE_CURVE ( 'NONE', #1527, #2790, #1635, .T. ) ;
#1160 = APPROVAL_STATUS ( 'not_yet_approved' ) ;
#1161 = LINE ( 'NONE', #2997, #2912 ) ;
#1162 = ORIENTED_EDGE ( 'NONE', *, *, #4771, .T. ) ;
#1163 = ADVANCED_FACE ( 'NONE', ( #2700, #657 ), #3025, .F. ) ;
#1164 = DIRECTION ( 'NONE',  ( -0.000000000000000000, 1.000000000000000000, -0.000000000000000000 ) ) ;
#1165 = VERTEX_POINT ( 'NONE', #268 ) ;
#1166 = DIRECTION ( 'NONE',  ( 0.000000000000000000, -1.000000000000000000, 0.000000000000000000 ) ) ;
#1167 = VECTOR ( 'NONE', #4477, 1000.000000000000000 ) ;
#1168 = CARTESIAN_POINT ( 'NONE',  ( -3353.999999999976808, 15.00000000002273204, 502.0000000000000000 ) ) ;
#1169 = EDGE_CURVE ( 'NONE', #94, #743, #5161, .T. ) ;
#1170 = ORIENTED_EDGE ( 'NONE', *, *, #524, .T. ) ;
#1171 = CIRCLE ( 'NONE', #5412, 6.499999999999999112 ) ;
#1172 = ORIENTED_EDGE ( 'NONE', *, *, #1822, .T. ) ;
#1173 = ORIENTED_EDGE ( 'NONE', *, *, #2476, .T. ) ;
#1174 = ORIENTED_EDGE ( 'NONE', *, *, #1390, .F. ) ;
#1175 = CARTESIAN_POINT ( 'NONE',  ( -3869.999999999976808, 0.000000000000000000, 580.0000000000000000 ) ) ;
#1176 = PRODUCT ( '高柜03定位销_高柜03定位销', '高柜03定位销_高柜03定位销', '', ( #5627 ) ) ;
#1177 = VERTEX_POINT ( 'NONE', #3069 ) ;
#1178 = ORIENTED_EDGE ( 'NONE', *, *, #987, .F. ) ;
#1179 = CARTESIAN_POINT ( 'NONE',  ( -269.4999999999998863, 223.0000000000000000, 279.0000000000000000 ) ) ;
#1180 = ORIENTED_EDGE ( 'NONE', *, *, #2059, .T. ) ;
#1181 = PERSON_AND_ORGANIZATION_ROLE ( 'design_owner' ) ;
#1182 = EDGE_LOOP ( 'NONE', ( #5439, #2846 ) ) ;
#1183 = CARTESIAN_POINT ( 'NONE',  ( -3843.999999999977263, 85.00000000002273737, 529.0000000000001137 ) ) ;
#1184 = CARTESIAN_POINT ( 'NONE',  ( -297.5000000000000568, 223.0000000000000000, 309.0000000000000568 ) ) ;
#1185 = CARTESIAN_POINT ( 'NONE',  ( 33.00000000000019895, 15.00000000000001421, 0.000000000000000000 ) ) ;
#1186 = ORIENTED_EDGE ( 'NONE', *, *, #1939, .T. ) ;
#1187 = FACE_OUTER_BOUND ( 'NONE', #3072, .T. ) ;
#1188 = CARTESIAN_POINT ( 'NONE',  ( 1.873501354054951662E-13, 365.0000000000000000, 27.00000000000000711 ) ) ;
#1189 = ORIENTED_EDGE ( 'NONE', *, *, #2710, .F. ) ;
#1190 = LINE ( 'NONE', #1505, #281 ) ;
#1191 = CARTESIAN_POINT ( 'NONE',  ( 15.00000000000019362, 0.000000000000000000, 0.000000000000000000 ) ) ;
#1192 = ADVANCED_FACE ( 'NONE', ( #2974, #1429, #5089, #1284 ), #385, .T. ) ;
#1193 = DIRECTION ( 'NONE',  ( 0.000000000000000000, 0.000000000000000000, 1.000000000000000000 ) ) ;
#1194 = CARTESIAN_POINT ( 'NONE',  ( 15.00000000000019362, 0.000000000000000000, 0.000000000000000000 ) ) ;
#1195 = VERTEX_POINT ( 'NONE', #5759 ) ;
#1196 = CIRCLE ( 'NONE', #1475, 5.000000000000000888 ) ;
#1197 = APPROVAL_ROLE ( '' ) ;
#1198 = CALENDAR_DATE ( 2026, 1, 6 ) ;
#1199 = CC_DESIGN_PERSON_AND_ORGANIZATION_ASSIGNMENT ( #3024, #4413, ( #3829 ) ) ;
#1200 = CARTESIAN_POINT ( 'NONE',  ( 0.000000000000000000, 0.000000000000000000, -261.0000000000000000 ) ) ;
#1201 = EDGE_CURVE ( 'NONE', #2790, #1527, #5448, .T. ) ;
#1202 = DIRECTION ( 'NONE',  ( -0.000000000000000000, -0.000000000000000000, -1.000000000000000000 ) ) ;
#1203 = FACE_OUTER_BOUND ( 'NONE', #2406, .T. ) ;
#1204 = CALENDAR_DATE ( 2026, 1, 6 ) ;
#1205 = DIRECTION ( 'NONE',  ( -1.000000000000000000, 0.000000000000000000, 0.000000000000000000 ) ) ;
#1206 = VECTOR ( 'NONE', #5345, 1000.000000000000000 ) ;
#1207 = PLANE ( 'NONE',  #1040 ) ;
#1208 = VERTEX_POINT ( 'NONE', #3991 ) ;
#1209 = LOCAL_TIME ( 20, 46, 49.00000000000000000, #2962 ) ;
#1210 = FACE_OUTER_BOUND ( 'NONE', #2410, .T. ) ;
#1211 = DIRECTION ( 'NONE',  ( 0.000000000000000000, 0.000000000000000000, -1.000000000000000000 ) ) ;
#1212 = EDGE_LOOP ( 'NONE', ( #62, #4760, #5528, #4479, #548, #2264, #4888, #4240 ) ) ;
#1213 = DIRECTION ( 'NONE',  ( 0.000000000000000000, 0.000000000000000000, -1.000000000000000000 ) ) ;
#1214 = CALENDAR_DATE ( 2026, 1, 6 ) ;
#1215 = VECTOR ( 'NONE', #1149, 1000.000000000000000 ) ;
#1216 = PERSON_AND_ORGANIZATION_ROLE ( 'design_supplier' ) ;
#1217 = AXIS2_PLACEMENT_3D ( 'NONE', #2185, #3085, #3544 ) ;
#1218 = VERTEX_POINT ( 'NONE', #1708 ) ;
#1219 = DIRECTION ( 'NONE',  ( 0.000000000000000000, -1.000000000000000000, 0.000000000000000000 ) ) ;
#1220 = PLANE ( 'NONE',  #4833 ) ;
#1221 = VECTOR ( 'NONE', #1919, 1000.000000000000000 ) ;
#1222 = PLANE ( 'NONE',  #2791 ) ;
#1223 = ORIENTED_EDGE ( 'NONE', *, *, #66, .T. ) ;
#1224 = EDGE_CURVE ( 'NONE', #1596, #2504, #1497, .T. ) ;
#1225 = LINE ( 'NONE', #2038, #1502 ) ;
#1226 = FACE_OUTER_BOUND ( 'NONE', #1309, .T. ) ;
#1227 = DIRECTION ( 'NONE',  ( 0.000000000000000000, -0.000000000000000000, 1.000000000000000000 ) ) ;
#1228 = ORIENTED_EDGE ( 'NONE', *, *, #4368, .F. ) ;
#1229 = CARTESIAN_POINT ( 'NONE',  ( 1.953311644640028390E-13, -470.0000000000000000, 30.00000000000000000 ) ) ;
#1230 = LINE ( 'NONE', #2824, #3419 ) ;
#1231 = ORIENTED_EDGE ( 'NONE', *, *, #5486, .F. ) ;
#1232 = CIRCLE ( 'NONE', #4737, 8.000000000000007105 ) ;
#1233 = DIRECTION ( 'NONE',  ( 1.244644646440758595E-16, 1.000000000000000000, -0.000000000000000000 ) ) ;
#1234 = CC_DESIGN_PERSON_AND_ORGANIZATION_ASSIGNMENT ( #862, #1745, ( #4962 ) ) ;
#1235 = CARTESIAN_POINT ( 'NONE',  ( -3869.999999999977263, 1865.250000000022510, 596.7999999999999545 ) ) ;
#1236 = ORIENTED_EDGE ( 'NONE', *, *, #2586, .T. ) ;
#1237 = EDGE_CURVE ( 'NONE', #478, #5825, #2477, .T. ) ;
#1238 = APPROVAL_ROLE ( '' ) ;
#1239 = LINE ( 'NONE', #5401, #56 ) ;
#1240 = VERTEX_POINT ( 'NONE', #2617 ) ;
#1241 = ORIENTED_EDGE ( 'NONE', *, *, #5760, .F. ) ;
#1242 = DIRECTION ( 'NONE',  ( 0.000000000000000000, 1.000000000000000000, 0.000000000000000000 ) ) ;
#1243 = CARTESIAN_POINT ( 'NONE',  ( -3884.099999999977626, 1865.250000000022510, 596.0000000000000000 ) ) ;
#1244 = ORIENTED_EDGE ( 'NONE', *, *, #5302, .F. ) ;
#1245 = ORIENTED_EDGE ( 'NONE', *, *, #4244, .T. ) ;
#1246 = DIRECTION ( 'NONE',  ( -0.000000000000000000, -1.000000000000000000, -0.000000000000000000 ) ) ;
#1247 = VERTEX_POINT ( 'NONE', #819 ) ;
#1248 = EDGE_CURVE ( 'NONE', #1451, #543, #3192, .T. ) ;
#1249 = DIRECTION ( 'NONE',  ( 2.055968564120659776E-16, -1.000000000000000000, 0.000000000000000000 ) ) ;
#1250 = ORIENTED_EDGE ( 'NONE', *, *, #4603, .F. ) ;
#1251 = ORIENTED_EDGE ( 'NONE', *, *, #4289, .T. ) ;
#1252 = CARTESIAN_POINT ( 'NONE',  ( -3869.999999999976808, 425.0000000000228511, 512.9999999999998863 ) ) ;
#1253 = CARTESIAN_POINT ( 'NONE',  ( -3843.999999999977263, 85.00000000002273737, 502.0000000000000000 ) ) ;
#1254 = AXIS2_PLACEMENT_3D ( 'NONE', #2172, #3114, #1227 ) ;
#1255 = ORIENTED_EDGE ( 'NONE', *, *, #1404, .T. ) ;
#1256 = CARTESIAN_POINT ( 'NONE',  ( -3869.999999999976808, 964.0000000001497256, 580.0000000000000000 ) ) ;
#1257 = APPROVAL_STATUS ( 'not_yet_approved' ) ;
#1258 = ORIENTED_EDGE ( 'NONE', *, *, #4964, .T. ) ;
#1259 = LINE ( 'NONE', #2685, #2797 ) ;
#1260 = EDGE_CURVE ( 'NONE', #2662, #125, #1361, .T. ) ;
#1261 = AXIS2_PLACEMENT_3D ( 'NONE', #3742, #1498, #5496 ) ;
#1262 = CARTESIAN_POINT ( 'NONE',  ( 15.90000000000019575, 468.5000000000000000, 15.90000000000000036 ) ) ;
#1263 = DIRECTION ( 'NONE',  ( 1.000000000000000000, 0.000000000000000000, 0.000000000000000000 ) ) ;
#1264 = DIRECTION ( 'NONE',  ( 1.000000000000000000, -0.000000000000000000, 0.000000000000000000 ) ) ;
#1265 = AXIS2_PLACEMENT_3D ( 'NONE', #630, #1543, #1485 ) ;
#1266 = LINE ( 'NONE', #4351, #2739 ) ;
#1267 = EDGE_CURVE ( 'NONE', #3344, #1809, #4238, .T. ) ;
#1268 = LOCAL_TIME ( 20, 46, 49.00000000000000000, #5784 ) ;
#1269 = DIRECTION ( 'NONE',  ( 0.000000000000000000, -1.000000000000000000, 0.000000000000000000 ) ) ;
#1270 = PERSON_AND_ORGANIZATION ( #724, #4157 ) ;
#1271 = DIRECTION ( 'NONE',  ( 0.000000000000000000, 0.000000000000000000, -1.000000000000000000 ) ) ;
#1272 = VECTOR ( 'NONE', #1532, 1000.000000000000000 ) ;
#1273 = EDGE_CURVE ( 'NONE', #2662, #1177, #235, .T. ) ;
#1274 = CARTESIAN_POINT ( 'NONE',  ( -250.4999999999999432, -22.99999999999997868, -461.9999999999999432 ) ) ;
#1275 = CARTESIAN_POINT ( 'NONE',  ( -3869.999999999976808, 946.0000000001497256, 580.0000000000000000 ) ) ;
#1276 = ORIENTED_EDGE ( 'NONE', *, *, #4131, .F. ) ;
#1277 = DIRECTION ( 'NONE',  ( 1.000000000000000000, -1.162943112386686542E-16, -0.000000000000000000 ) ) ;
#1278 = PERSON_AND_ORGANIZATION ( #724, #4157 ) ;
#1279 = VECTOR ( 'NONE', #5077, 1000.000000000000000 ) ;
#1280 = DIRECTION ( 'NONE',  ( 0.000000000000000000, 0.000000000000000000, 1.000000000000000000 ) ) ;
#1281 = ADVANCED_FACE ( 'NONE', ( #2898, #5016 ), #427, .F. ) ;
#1282 = AXIS2_PLACEMENT_3D ( 'NONE', #2971, #3879, #2934 ) ;
#1283 = DIRECTION ( 'NONE',  ( -1.000000000000000000, -0.000000000000000000, -1.137523590804460371E-16 ) ) ;
#1284 = FACE_BOUND ( 'NONE', #3513, .T. ) ;
#1285 = DIRECTION ( 'NONE',  ( -1.244644646440758595E-16, -1.000000000000000000, 0.000000000000000000 ) ) ;
#1286 = EDGE_LOOP ( 'NONE', ( #4649, #3377, #1383, #4326 ) ) ;
#1287 = CARTESIAN_POINT ( 'NONE',  ( -3299.999999999977717, 2350.000000000022737, 0.000000000000000000 ) ) ;
#1288 = CARTESIAN_POINT ( 'NONE',  ( -3894.799999999977445, 2244.750000000022737, 596.7999999999999545 ) ) ;
#1289 = FACE_OUTER_BOUND ( 'NONE', #4405, .T. ) ;
#1290 = APPLICATION_PROTOCOL_DEFINITION ( 'international standard', 'config_control_design', 1994, #1509 ) ;
#1291 = EDGE_CURVE ( 'NONE', #1834, #3657, #2622, .T. ) ;
#1292 = VECTOR ( 'NONE', #1401, 1000.000000000000000 ) ;
#1293 = AXIS2_PLACEMENT_3D ( 'NONE', #4137, #5451, #4554 ) ;
#1294 = EDGE_LOOP ( 'NONE', ( #2726, #3824, #4901, #1162, #754 ) ) ;
#1295 = DIRECTION ( 'NONE',  ( -1.000000000000000000, 0.000000000000000000, 1.201540069940645842E-16 ) ) ;
#1296 = VECTOR ( 'NONE', #3209, 1000.000000000000000 ) ;
#1297 = EDGE_LOOP ( 'NONE', ( #280, #3772, #4085, #3189 ) ) ;
#1298 = CARTESIAN_POINT ( 'NONE',  ( 268.4999999999999432, 60.99999999999999289, -480.0000000000000000 ) ) ;
#1299 = LINE ( 'NONE', #3844, #4599 ) ;
#1300 = ADVANCED_FACE ( 'NONE', ( #4664, #4870 ), #3934, .F. ) ;
#1301 = ORIENTED_EDGE ( 'NONE', *, *, #245, .T. ) ;
#1302 = AXIS2_PLACEMENT_3D ( 'NONE', #1869, #15, #3628 ) ;
#1303 = DIRECTION ( 'NONE',  ( 0.000000000000000000, -1.000000000000000000, 0.000000000000000000 ) ) ;
#1304 = LINE ( 'NONE', #3232, #3636 ) ;
#1305 = ORIENTED_EDGE ( 'NONE', *, *, #1082, .T. ) ;
#1306 = VECTOR ( 'NONE', #5580, 1000.000000000000000 ) ;
#1307 = DIRECTION ( 'NONE',  ( 0.000000000000000000, 0.000000000000000000, 1.000000000000000000 ) ) ;
#1308 = DIRECTION ( 'NONE',  ( 0.000000000000000000, -1.000000000000000000, 0.000000000000000000 ) ) ;
#1309 = EDGE_LOOP ( 'NONE', ( #2929, #4358, #4556, #4941, #3569, #2721 ) ) ;
#1310 = EDGE_LOOP ( 'NONE', ( #4975, #2086, #1595, #5396 ) ) ;
#1311 = ORIENTED_EDGE ( 'NONE', *, *, #2959, .F. ) ;
#1312 = ORIENTED_EDGE ( 'NONE', *, *, #1144, .T. ) ;
#1313 = PRODUCT_RELATED_PRODUCT_CATEGORY ( 'detail', '', ( #767 ) ) ;
#1314 = CARTESIAN_POINT ( 'NONE',  ( 15.90000000000019575, -468.5000000000000000, 20.90000000000000213 ) ) ;
#1315 = EDGE_CURVE ( 'NONE', #169, #3146, #457, .T. ) ;
#1316 = PERSON_AND_ORGANIZATION_ROLE ( 'classification_officer' ) ;
#1317 = ADVANCED_FACE ( 'NONE', ( #5733 ), #2409, .T. ) ;
#1318 = ORIENTED_EDGE ( 'NONE', *, *, #4847, .F. ) ;
#1319 = ORIENTED_EDGE ( 'NONE', *, *, #2307, .T. ) ;
#1320 = PLANE ( 'NONE',  #626 ) ;
#1321 = CARTESIAN_POINT ( 'NONE',  ( 15.90000000000019575, 470.0000000000000000, 9.400000000000002132 ) ) ;
#1322 = ORIENTED_EDGE ( 'NONE', *, *, #3583, .T. ) ;
#1323 = AXIS2_PLACEMENT_3D ( 'NONE', #1794, #2235, #2209 ) ;
#1324 = CARTESIAN_POINT ( 'NONE',  ( 15.90000000000019575, 334.9999999999999432, 20.90000000000000213 ) ) ;
#1325 = DIRECTION ( 'NONE',  ( 0.000000000000000000, -0.000000000000000000, 1.000000000000000000 ) ) ;
#1326 = VERTEX_POINT ( 'NONE', #585 ) ;
#1327 = LINE ( 'NONE', #4626, #1674 ) ;
#1328 = DIRECTION ( 'NONE',  ( 0.000000000000000000, -0.000000000000000000, -1.000000000000000000 ) ) ;
#1329 = AXIS2_PLACEMENT_3D ( 'NONE', #3835, #4698, #5571 ) ;
#1330 = DIRECTION ( 'NONE',  ( -2.489289292881517190E-16, 1.000000000000000000, -0.000000000000000000 ) ) ;
#1331 = DIRECTION ( 'NONE',  ( 0.000000000000000000, -1.000000000000000000, 0.000000000000000000 ) ) ;
#1332 = ORIENTED_EDGE ( 'NONE', *, *, #2091, .F. ) ;
#1333 = FACE_OUTER_BOUND ( 'NONE', #563, .T. ) ;
#1334 = DIRECTION ( 'NONE',  ( 0.000000000000000000, -0.000000000000000000, 1.000000000000000000 ) ) ;
#1335 = DIRECTION ( 'NONE',  ( 0.000000000000000000, 0.000000000000000000, -1.000000000000000000 ) ) ;
#1336 = EDGE_CURVE ( 'NONE', #1177, #3974, #4168, .T. ) ;
#1337 = CIRCLE ( 'NONE', #3709, 27.00000000000011369 ) ;
#1338 = AXIS2_PLACEMENT_3D ( 'NONE', #279, #4321, #673 ) ;
#1339 = APPROVAL_DATE_TIME ( #928, #5 ) ;
#1340 = DIRECTION ( 'NONE',  ( 1.000000000000000000, 0.000000000000000000, 0.000000000000000000 ) ) ;
#1341 = ORIENTED_EDGE ( 'NONE', *, *, #4280, .T. ) ;
#1342 = CIRCLE ( 'NONE', #3668, 27.00000000000011369 ) ;
#1343 = ADVANCED_FACE ( 'NONE', ( #4520 ), #4116, .F. ) ;
#1344 = CALENDAR_DATE ( 2026, 1, 6 ) ;
#1345 = CALENDAR_DATE ( 2026, 1, 6 ) ;
#1346 = LINE ( 'NONE', #4476, #19 ) ;
#1347 = PRODUCT_DEFINITION_FORMATION_WITH_SPECIFIED_SOURCE ( '任何', '', #2117, .NOT_KNOWN. ) ;
#1348 = EDGE_CURVE ( 'NONE', #1349, #771, #383, .T. ) ;
#1349 = VERTEX_POINT ( 'NONE', #1428 ) ;
#1350 = LOCAL_TIME ( 20, 46, 49.00000000000000000, #871 ) ;
#1351 = CARTESIAN_POINT ( 'NONE',  ( -3329.999999999977717, 2320.000000000022737, 580.0000000000000000 ) ) ;
#1352 = PLANE ( 'NONE',  #5740 ) ;
#1353 = CYLINDRICAL_SURFACE ( 'NONE', #768, 4.049999999999664979 ) ;
#1354 = ORIENTED_EDGE ( 'NONE', *, *, #788, .T. ) ;
#1355 = DIRECTION ( 'NONE',  ( 0.000000000000000000, 0.000000000000000000, -1.000000000000000000 ) ) ;
#1356 = SHAPE_DEFINITION_REPRESENTATION ( #1968, #2870 ) ;
#1357 = EDGE_CURVE ( 'NONE', #3534, #955, #949, .T. ) ;
#1358 = DIRECTION ( 'NONE',  ( 0.000000000000000000, -1.000000000000000000, 0.000000000000000000 ) ) ;
#1359 = CYLINDRICAL_SURFACE ( 'NONE', #4068, 8.000000000000007105 ) ;
#1360 = VERTEX_POINT ( 'NONE', #1838 ) ;
#1361 = LINE ( 'NONE', #1750, #1563 ) ;
#1362 = VERTEX_POINT ( 'NONE', #4585 ) ;
#1363 = FACE_OUTER_BOUND ( 'NONE', #616, .T. ) ;
#1364 = CYLINDRICAL_SURFACE ( 'NONE', #4100, 5.000000000000000000 ) ;
#1365 = CARTESIAN_POINT ( 'NONE',  ( -3884.099999999977626, 1515.250000000022737, 596.0000000000000000 ) ) ;
#1366 = CARTESIAN_POINT ( 'NONE',  ( -3353.999999999976808, 85.00000000002273737, 529.0000000000001137 ) ) ;
#1367 = EDGE_LOOP ( 'NONE', ( #1517, #2716, #1113, #2498 ) ) ;
#1368 = EDGE_CURVE ( 'NONE', #2719, #3073, #2554, .T. ) ;
#1369 = LINE ( 'NONE', #5754, #466 ) ;
#1370 = ORIENTED_EDGE ( 'NONE', *, *, #820, .T. ) ;
#1371 = AXIS2_PLACEMENT_3D ( 'NONE', #4899, #447, #1280 ) ;
#1372 = LINE ( 'NONE', #2855, #1306 ) ;
#1373 = PLANE ( 'NONE',  #2135 ) ;
#1374 = PLANE ( 'NONE',  #1783 ) ;
#1375 = VERTEX_POINT ( 'NONE', #567 ) ;
#1376 = ORIENTED_EDGE ( 'NONE', *, *, #1450, .F. ) ;
#1377 = EDGE_LOOP ( 'NONE', ( #2918, #5611, #4973, #4966 ) ) ;
#1378 = CC_DESIGN_APPROVAL ( #1562, ( #2998 ) ) ;
#1379 = EDGE_CURVE ( 'NONE', #3710, #2000, #2404, .T. ) ;
#1380 = EDGE_LOOP ( 'NONE', ( #2490, #3931 ) ) ;
#1381 = ORIENTED_EDGE ( 'NONE', *, *, #3452, .F. ) ;
#1382 = CARTESIAN_POINT ( 'NONE',  ( 33.00000000000019895, -14.99999999999998579, 27.00000000000001066 ) ) ;
#1383 = ORIENTED_EDGE ( 'NONE', *, *, #5569, .F. ) ;
#1384 = DIRECTION ( 'NONE',  ( 0.000000000000000000, 0.000000000000000000, -1.000000000000000000 ) ) ;
#1385 = CARTESIAN_POINT ( 'NONE',  ( -3329.999999999977263, 482.0000000000228511, 512.9999999999998863 ) ) ;
#1386 = VERTEX_POINT ( 'NONE', #1408 ) ;
#1387 = VERTEX_POINT ( 'NONE', #3239 ) ;
#1388 = APPROVAL ( #5388, 'UNKNOWN' ) ;
#1389 = DIRECTION ( 'NONE',  ( -1.000000000000000000, 0.000000000000000000, 0.000000000000000000 ) ) ;
#1390 = EDGE_CURVE ( 'NONE', #5546, #247, #5443, .T. ) ;
#1391 = CARTESIAN_POINT ( 'NONE',  ( -3877.999999999977263, 1894.750000000022510, 604.7999999999999545 ) ) ;
#1392 = CARTESIAN_POINT ( 'NONE',  ( -3877.999999999977263, 1515.250000000022737, 604.7999999999999545 ) ) ;
#1393 = DIRECTION ( 'NONE',  ( 1.137523590804460371E-16, 0.000000000000000000, -1.000000000000000000 ) ) ;
#1394 = CARTESIAN_POINT ( 'NONE',  ( -3353.999999999976808, 100.0000000000227374, 529.0000000000001137 ) ) ;
#1395 = AXIS2_PLACEMENT_3D ( 'NONE', #1253, #2621, #1211 ) ;
#1396 = ORIENTED_EDGE ( 'NONE', *, *, #2288, .F. ) ;
#1397 = VECTOR ( 'NONE', #604, 1000.000000000000000 ) ;
#1398 = CARTESIAN_POINT ( 'NONE',  ( 250.4999999999999432, -22.99999999999997868, -461.9999999999999432 ) ) ;
#1399 = ADVANCED_FACE ( 'NONE', ( #3543 ), #3188, .T. ) ;
#1400 = CARTESIAN_POINT ( 'NONE',  ( 1.953311644640028390E-13, -365.0000000000000000, 30.00000000000000000 ) ) ;
#1401 = DIRECTION ( 'NONE',  ( -0.000000000000000000, -0.000000000000000000, 1.000000000000000000 ) ) ;
#1402 = ORIENTED_EDGE ( 'NONE', *, *, #3084, .T. ) ;
#1403 = VECTOR ( 'NONE', #442, 1000.000000000000000 ) ;
#1404 = EDGE_CURVE ( 'NONE', #394, #3905, #2058, .T. ) ;
#1405 = AXIS2_PLACEMENT_3D ( 'NONE', #1569, #3368, #4768 ) ;
#1406 = DIRECTION ( 'NONE',  ( 2.558117568260729619E-16, -1.000000000000000000, -0.000000000000000000 ) ) ;
#1407 = DIRECTION ( 'NONE',  ( -0.000000000000000000, -0.000000000000000000, 1.000000000000000000 ) ) ;
#1408 = CARTESIAN_POINT ( 'NONE',  ( 1.925543058334255875E-13, -365.0000000000000000, 15.00000000000000000 ) ) ;
#1409 = VECTOR ( 'NONE', #265, 1000.000000000000000 ) ;
#1410 = DATE_AND_TIME ( #4852, #220 ) ;
#1411 = DIRECTION ( 'NONE',  ( -0.000000000000000000, -0.000000000000000000, -1.000000000000000000 ) ) ;
#1412 = VECTOR ( 'NONE', #3179, 1000.000000000000000 ) ;
#1413 = DIRECTION ( 'NONE',  ( 0.000000000000000000, -1.000000000000000000, 0.000000000000000000 ) ) ;
#1414 = EDGE_CURVE ( 'NONE', #3424, #543, #2134, .T. ) ;
#1415 = AXIS2_PLACEMENT_3D ( 'NONE', #5626, #2484, #2023 ) ;
#1416 = ADVANCED_FACE ( 'NONE', ( #4658, #651 ), #4629, .F. ) ;
#1417 = DIRECTION ( 'NONE',  ( 0.000000000000000000, 1.000000000000000000, 0.000000000000000000 ) ) ;
#1418 = LOCAL_TIME ( 20, 46, 49.00000000000000000, #507 ) ;
#1419 = FACE_OUTER_BOUND ( 'NONE', #3226, .T. ) ;
#1420 = PLANE ( 'NONE',  #969 ) ;
#1421 = VERTEX_POINT ( 'NONE', #1391 ) ;
#1422 = PERSON_AND_ORGANIZATION ( #724, #4157 ) ;
#1423 = APPROVAL ( #809, '未指定' ) ;
#1424 = VECTOR ( 'NONE', #4387, 1000.000000000000000 ) ;
#1425 = EDGE_CURVE ( 'NONE', #1360, #2928, #1988, .T. ) ;
#1426 = CARTESIAN_POINT ( 'NONE',  ( -3869.999999999976808, 2320.000000000022737, 580.0000000000000000 ) ) ;
#1427 = CARTESIAN_POINT ( 'NONE',  ( -3843.999999999977263, 85.00000000002273737, 502.0000000000000000 ) ) ;
#1428 = CARTESIAN_POINT ( 'NONE',  ( 1.953311644640028390E-13, 470.0000000000000000, 30.00000000000000000 ) ) ;
#1429 = FACE_BOUND ( 'NONE', #2652, .T. ) ;
#1430 = ADVANCED_FACE ( 'NONE', ( #2548 ), #3784, .F. ) ;
#1431 = PLANE ( 'NONE',  #3028 ) ;
#1432 = EDGE_LOOP ( 'NONE', ( #1098, #3264, #1312, #5047 ) ) ;
#1433 = EDGE_CURVE ( 'NONE', #4985, #5700, #3401, .T. ) ;
#1434 = DIRECTION ( 'NONE',  ( 1.000000000000000000, -0.000000000000000000, -0.000000000000000000 ) ) ;
#1435 = LINE ( 'NONE', #3942, #99 ) ;
#1436 = VECTOR ( 'NONE', #4509, 1000.000000000000000 ) ;
#1437 = CARTESIAN_POINT ( 'NONE',  ( -3869.999999999976808, 0.000000000000000000, 22.00000000000002132 ) ) ;
#1438 = ORIENTED_EDGE ( 'NONE', *, *, #2904, .T. ) ;
#1439 = CIRCLE ( 'NONE', #5033, 27.00000000000011369 ) ;
#1440 = VERTEX_POINT ( 'NONE', #5540 ) ;
#1441 = LINE ( 'NONE', #392, #3416 ) ;
#1442 = CARTESIAN_POINT ( 'NONE',  ( 1.925543058334255875E-13, -15.00000000000001421, 15.00000000000000000 ) ) ;
#1443 = CARTESIAN_POINT ( 'NONE',  ( -3353.999999999976808, 85.00000000002273737, 82.00000000000001421 ) ) ;
#1444 = VERTEX_POINT ( 'NONE', #5125 ) ;
#1445 = EDGE_LOOP ( 'NONE', ( #5752, #320, #3216, #5110, #3414, #2497 ) ) ;
#1446 = ADVANCED_FACE ( 'NONE', ( #2201 ), #5653, .T. ) ;
#1447 = CARTESIAN_POINT ( 'NONE',  ( -251.4999999999998295, -205.0000000000000284, 279.0000000000000000 ) ) ;
#1448 = FACE_BOUND ( 'NONE', #621, .T. ) ;
#1449 = DIRECTION ( 'NONE',  ( -0.000000000000000000, -0.000000000000000000, -1.000000000000000000 ) ) ;
#1450 = EDGE_CURVE ( 'NONE', #2368, #4679, #2968, .T. ) ;
#1451 = VERTEX_POINT ( 'NONE', #2913 ) ;
#1452 = ORIENTED_EDGE ( 'NONE', *, *, #1756, .F. ) ;
#1453 = ORIENTED_EDGE ( 'NONE', *, *, #5760, .T. ) ;
#1454 = ORIENTED_EDGE ( 'NONE', *, *, #1039, .T. ) ;
#1455 = ORIENTED_EDGE ( 'NONE', *, *, #3332, .F. ) ;
#1456 = APPROVAL ( #2550, '未指定' ) ;
#1457 = DIRECTION ( 'NONE',  ( 0.000000000000000000, -1.000000000000000000, 0.000000000000000000 ) ) ;
#1458 = ADVANCED_FACE ( 'NONE', ( #1630 ), #199, .T. ) ;
#1459 = EDGE_CURVE ( 'NONE', #5025, #1886, #451, .T. ) ;
#1460 = CARTESIAN_POINT ( 'NONE',  ( -269.4999999999998863, 205.0000000000000284, 279.0000000000000000 ) ) ;
#1461 = CARTESIAN_POINT ( 'NONE',  ( -3353.999999999976808, 2.273181642920008017E-11, 474.9999999999998863 ) ) ;
#1462 = CARTESIAN_POINT ( 'NONE',  ( 268.4999999999999432, 60.99999999999999289, -480.0000000000000000 ) ) ;
#1463 = ORIENTED_EDGE ( 'NONE', *, *, #3661, .T. ) ;
#1464 = CONICAL_SURFACE ( 'NONE', #5065, 4.000000000000003553, 0.7853981633974461696 ) ;
#1465 = EDGE_CURVE ( 'NONE', #175, #4407, #1145, .T. ) ;
#1466 = DIRECTION ( 'NONE',  ( 1.000000000000000000, -0.000000000000000000, 0.000000000000000000 ) ) ;
#1467 = ORIENTED_EDGE ( 'NONE', *, *, #5429, .F. ) ;
#1468 = LINE ( 'NONE', #3422, #4917 ) ;
#1469 = AXIS2_PLACEMENT_3D ( 'NONE', #2682, #885, #4054 ) ;
#1470 = FACE_BOUND ( 'NONE', #2274, .T. ) ;
#1471 = CARTESIAN_POINT ( 'NONE',  ( -3843.999999999977263, 2.273181642920008017E-11, 502.0000000000000000 ) ) ;
#1472 = ORGANIZATION ( 'NAUO-ORG5', 'UNSPECIFIED', 'UNSPECIFIED' ) ;
#1473 = CARTESIAN_POINT ( 'NONE',  ( -300.0000000000001705, -184.0000000000000000, 22.00000000000000000 ) ) ;
#1474 = DIRECTION ( 'NONE',  ( 1.000000000000000000, 1.244644646440758595E-16, -0.000000000000000000 ) ) ;
#1475 = AXIS2_PLACEMENT_3D ( 'NONE', #923, #5416, #3105 ) ;
#1476 = APPROVAL_DATE_TIME ( #3030, #3751 ) ;
#1477 = VECTOR ( 'NONE', #4000, 1000.000000000000000 ) ;
#1478 = CARTESIAN_POINT ( 'NONE',  ( -3899.999999999977263, 500.0000000000228511, 530.9999999999998863 ) ) ;
#1479 = ADVANCED_FACE ( 'NONE', ( #5804 ), #2015, .T. ) ;
#1480 = ORIENTED_EDGE ( 'NONE', *, *, #3385, .F. ) ;
#1481 = APPROVAL_DATE_TIME ( #1980, #866 ) ;
#1482 = DIRECTION ( 'NONE',  ( 0.000000000000000000, 0.000000000000000000, 1.000000000000000000 ) ) ;
#1483 = VECTOR ( 'NONE', #5017, 1000.000000000000000 ) ;
#1484 = CC_DESIGN_PERSON_AND_ORGANIZATION_ASSIGNMENT ( #1912, #2919, ( #1176 ) ) ;
#1485 = DIRECTION ( 'NONE',  ( 1.000000000000000000, 0.000000000000000000, 0.000000000000000000 ) ) ;
#1486 = EDGE_LOOP ( 'NONE', ( #2431, #1778, #5584, #539, #745, #3417 ) ) ;
#1487 = SHAPE_DEFINITION_REPRESENTATION ( #3199, #4909 ) ;
#1488 = CARTESIAN_POINT ( 'NONE',  ( -0.000000000000000000, -334.9999999999999432, 0.000000000000000000 ) ) ;
#1489 = LINE ( 'NONE', #3858, #1776 ) ;
#1490 = DIRECTION ( 'NONE',  ( -0.000000000000000000, -0.000000000000000000, -1.000000000000000000 ) ) ;
#1491 = DESIGN_CONTEXT ( 'detailed design', #295, 'design' ) ;
#1492 = DIRECTION ( 'NONE',  ( 0.000000000000000000, 0.000000000000000000, -1.000000000000000000 ) ) ;
#1493 = EDGE_LOOP ( 'NONE', ( #2709, #3921 ) ) ;
#1494 = CARTESIAN_POINT ( 'NONE',  ( 15.90000000000019575, 468.4999999999999432, 20.90000000000000213 ) ) ;
#1495 = SECURITY_CLASSIFICATION ( '', '', #2654 ) ;
#1496 = EDGE_CURVE ( 'NONE', #34, #4679, #3117, .T. ) ;
#1497 = LINE ( 'NONE', #1733, #3749 ) ;
#1498 = DIRECTION ( 'NONE',  ( 0.000000000000000000, 1.000000000000000000, -0.000000000000000000 ) ) ;
#1499 = ORIENTED_EDGE ( 'NONE', *, *, #2442, .T. ) ;
#1500 = MANIFOLD_SOLID_BREP ( '倒角1', #3852 ) ;
#1501 = CARTESIAN_POINT ( 'NONE',  ( 0.000000000000000000, 0.000000000000000000, 900.0000000000000000 ) ) ;
#1502 = VECTOR ( 'NONE', #1155, 1000.000000000000000 ) ;
#1503 = LINE ( 'NONE', #1716, #2073 ) ;
#1504 = AXIS2_PLACEMENT_3D ( 'NONE', #209, #1111, #1052 ) ;
#1505 = CARTESIAN_POINT ( 'NONE',  ( 0.000000000000000000, 334.9999999999999432, 0.000000000000000000 ) ) ;
#1506 = VERTEX_POINT ( 'NONE', #1938 ) ;
#1507 = CIRCLE ( 'NONE', #2801, 20.00000000000018474 ) ;
#1508 = EDGE_LOOP ( 'NONE', ( #2696, #3147, #2232, #3362 ) ) ;
#1509 = APPLICATION_CONTEXT ( 'configuration controlled 3d designs of mechanical parts and assemblies' ) ;
#1510 = LINE ( 'NONE', #5446, #3421 ) ;
#1511 = EDGE_LOOP ( 'NONE', ( #444, #3502, #691, #4109 ) ) ;
#1512 = ADVANCED_FACE ( 'NONE', ( #5370 ), #1359, .T. ) ;
#1513 = CARTESIAN_POINT ( 'NONE',  ( -3843.999999999977263, 85.00000000002273737, 54.99999999999990052 ) ) ;
#1514 = ORIENTED_EDGE ( 'NONE', *, *, #4910, .F. ) ;
#1515 = EDGE_LOOP ( 'NONE', ( #3132, #140, #4342, #2702 ) ) ;
#1516 = DIRECTION ( 'NONE',  ( 0.000000000000000000, 0.000000000000000000, -1.000000000000000000 ) ) ;
#1517 = ORIENTED_EDGE ( 'NONE', *, *, #5145, .T. ) ;
#1518 = ORIENTED_EDGE ( 'NONE', *, *, #3098, .F. ) ;
#1519 = ORIENTED_EDGE ( 'NONE', *, *, #3708, .F. ) ;
#1520 = EDGE_CURVE ( 'NONE', #5700, #472, #2338, .T. ) ;
#1521 = CARTESIAN_POINT ( 'NONE',  ( -269.4999999999998863, 205.0000000000000284, 261.0000000000000000 ) ) ;
#1522 = AXIS2_PLACEMENT_3D ( 'NONE', #1820, #4535, #1525 ) ;
#1523 = ORIENTED_EDGE ( 'NONE', *, *, #2262, .F. ) ;
#1524 = ORIENTED_EDGE ( 'NONE', *, *, #1379, .F. ) ;
#1525 = DIRECTION ( 'NONE',  ( 0.000000000000000000, 0.000000000000000000, -1.000000000000000000 ) ) ;
#1526 =( NAMED_UNIT ( * ) PLANE_ANGLE_UNIT ( ) SI_UNIT ( $, .RADIAN. ) );
#1527 = VERTEX_POINT ( 'NONE', #1076 ) ;
#1528 = ORIENTED_EDGE ( 'NONE', *, *, #4516, .T. ) ;
#1529 = CC_DESIGN_DATE_AND_TIME_ASSIGNMENT ( #2190, #2487, ( #2057 ) ) ;
#1530 = CARTESIAN_POINT ( 'NONE',  ( -27.99999999999998934, 15.00000000000001421, 27.00000000000000355 ) ) ;
#1531 = EDGE_CURVE ( 'NONE', #5521, #1559, #3746, .T. ) ;
#1532 = DIRECTION ( 'NONE',  ( 0.000000000000000000, -1.000000000000000000, 0.000000000000000000 ) ) ;
#1533 = EDGE_LOOP ( 'NONE', ( #4980, #4126, #842, #5691 ) ) ;
#1534 = CYLINDRICAL_SURFACE ( 'NONE', #553, 5.000000000000000888 ) ;
#1535 = CARTESIAN_POINT ( 'NONE',  ( -3329.999999999977263, -6.572520305780882291E-13, 22.00000000000002132 ) ) ;
#1536 = EDGE_CURVE ( 'NONE', #5472, #5471, #3038, .T. ) ;
#1537 = DIRECTION ( 'NONE',  ( 2.055968564120659776E-16, -1.000000000000000000, 0.000000000000000000 ) ) ;
#1538 = FACE_OUTER_BOUND ( 'NONE', #962, .T. ) ;
#1539 = CARTESIAN_POINT ( 'NONE',  ( -3843.999999999977263, 85.00000000002273737, 474.9999999999998863 ) ) ;
#1540 = ADVANCED_FACE ( 'NONE', ( #1920 ), #5554, .F. ) ;
#1541 = DIRECTION ( 'NONE',  ( -2.489289292881517190E-16, 1.000000000000000000, -0.000000000000000000 ) ) ;
#1542 = VECTOR ( 'NONE', #1164, 1000.000000000000000 ) ;
#1543 = DIRECTION ( 'NONE',  ( 0.000000000000000000, 0.000000000000000000, 1.000000000000000000 ) ) ;
#1544 = CALENDAR_DATE ( 2026, 1, 6 ) ;
#1545 = AXIS2_PLACEMENT_3D ( 'NONE', #3995, #2664, #1307 ) ;
#1546 = LINE ( 'NONE', #3159, #441 ) ;
#1547 = CARTESIAN_POINT ( 'NONE',  ( -3877.999999999977263, 1544.750000000022737, 604.7999999999999545 ) ) ;
#1548 = DIRECTION ( 'NONE',  ( 0.000000000000000000, 0.000000000000000000, 1.000000000000000000 ) ) ;
#1549 = VERTEX_POINT ( 'NONE', #1657 ) ;
#1550 = DIRECTION ( 'NONE',  ( -0.000000000000000000, 1.000000000000000000, -0.000000000000000000 ) ) ;
#1551 = PERSON_AND_ORGANIZATION ( #724, #4157 ) ;
#1552 = DIRECTION ( 'NONE',  ( -0.000000000000000000, -0.000000000000000000, -1.000000000000000000 ) ) ;
#1553 = CIRCLE ( 'NONE', #4263, 5.000000000000000888 ) ;
#1554 = EDGE_CURVE ( 'NONE', #5187, #2684, #4798, .T. ) ;
#1555 = AXIS2_PLACEMENT_3D ( 'NONE', #2031, #2420, #5205 ) ;
#1556 = ORIENTED_EDGE ( 'NONE', *, *, #4056, .T. ) ;
#1557 = DIRECTION ( 'NONE',  ( -0.000000000000000000, -0.000000000000000000, -1.000000000000000000 ) ) ;
#1558 = VECTOR ( 'NONE', #5123, 1000.000000000000000 ) ;
#1559 = VERTEX_POINT ( 'NONE', #742 ) ;
#1560 = CARTESIAN_POINT ( 'NONE',  ( 15.90000000000019575, 365.0000000000000000, 20.90000000000000213 ) ) ;
#1561 = DIRECTION ( 'NONE',  ( 0.000000000000000000, -0.000000000000000000, 1.000000000000000000 ) ) ;
#1562 = APPROVAL ( #613, '未指定' ) ;
#1563 = VECTOR ( 'NONE', #3526, 1000.000000000000000 ) ;
#1564 = EDGE_CURVE ( 'NONE', #1656, #4835, #3331, .T. ) ;
#1565 =( NAMED_UNIT ( * ) PLANE_ANGLE_UNIT ( ) SI_UNIT ( $, .RADIAN. ) );
#1566 = VERTEX_POINT ( 'NONE', #1129 ) ;
#1567 = CYLINDRICAL_SURFACE ( 'NONE', #1868, 20.00000000000018474 ) ;
#1568 = ADVANCED_FACE ( 'NONE', ( #4448 ), #2100, .F. ) ;
#1569 = CARTESIAN_POINT ( 'NONE',  ( 0.000000000000000000, 2320.000000000022737, 580.0000000000000000 ) ) ;
#1570 = LINE ( 'NONE', #1849, #4246 ) ;
#1571 = CARTESIAN_POINT ( 'NONE',  ( -3884.099999999977626, 2215.250000000022737, 596.0000000000000000 ) ) ;
#1572 = DIRECTION ( 'NONE',  ( 0.000000000000000000, -0.000000000000000000, 1.000000000000000000 ) ) ;
#1573 = ORIENTED_EDGE ( 'NONE', *, *, #5122, .F. ) ;
#1574 = EDGE_CURVE ( 'NONE', #2928, #2566, #1489, .T. ) ;
#1575 = FACE_OUTER_BOUND ( 'NONE', #2287, .T. ) ;
#1576 = ORIENTED_EDGE ( 'NONE', *, *, #895, .T. ) ;
#1577 = DIRECTION ( 'NONE',  ( -0.000000000000000000, 1.000000000000000000, 0.000000000000000000 ) ) ;
#1578 = CYLINDRICAL_SURFACE ( 'NONE', #14, 10.00000000000000888 ) ;
#1579 = CARTESIAN_POINT ( 'NONE',  ( -297.5000000000000568, 223.0000000000000000, 309.0000000000000568 ) ) ;
#1580 = ORIENTED_EDGE ( 'NONE', *, *, #1833, .T. ) ;
#1581 = ORIENTED_EDGE ( 'NONE', *, *, #5773, .T. ) ;
#1582 = ORIENTED_EDGE ( 'NONE', *, *, #3385, .T. ) ;
#1583 = AXIS2_PLACEMENT_3D ( 'NONE', #5337, #2638, #2597 ) ;
#1584 = CARTESIAN_POINT ( 'NONE',  ( 33.00000000000019895, 15.00000000000001421, 27.00000000000001066 ) ) ;
#1585 = CLOSED_SHELL ( 'NONE', ( #3257, #1343, #3675, #5176, #4075, #4940, #4750, #3900, #2327, #4089 ) ) ;
#1586 = APPROVAL_ROLE ( '' ) ;
#1587 = LINE ( 'NONE', #5800, #406 ) ;
#1588 = VERTEX_POINT ( 'NONE', #2996 ) ;
#1589 = ORIENTED_EDGE ( 'NONE', *, *, #460, .T. ) ;
#1590 = ORIENTED_EDGE ( 'NONE', *, *, #1260, .T. ) ;
#1591 = PLANE ( 'NONE',  #2836 ) ;
#1592 = CARTESIAN_POINT ( 'NONE',  ( -3329.999999999977263, -6.572520305780882291E-13, 580.0000000000000000 ) ) ;
#1593 = EDGE_CURVE ( 'NONE', #2158, #3068, #5298, .T. ) ;
#1594 = CARTESIAN_POINT ( 'NONE',  ( -3299.999999999976808, 100.0000000000227374, 580.0000000000000000 ) ) ;
#1595 = ORIENTED_EDGE ( 'NONE', *, *, #3929, .T. ) ;
#1596 = VERTEX_POINT ( 'NONE', #5190 ) ;
#1597 = DIRECTION ( 'NONE',  ( -0.000000000000000000, -1.000000000000000000, -0.000000000000000000 ) ) ;
#1598 = ORIENTED_EDGE ( 'NONE', *, *, #1748, .F. ) ;
#1599 = CARTESIAN_POINT ( 'NONE',  ( -3353.999999999976808, 2.273181642920008017E-11, 54.99999999999990052 ) ) ;
#1600 = CARTESIAN_POINT ( 'NONE',  ( 5.000000000000000000, 6.123233995736766282E-16, 0.000000000000000000 ) ) ;
#1601 = ADVANCED_FACE ( 'NONE', ( #877 ), #4723, .T. ) ;
#1602 = AXIS2_PLACEMENT_3D ( 'NONE', #2735, #465, #3191 ) ;
#1603 = CARTESIAN_POINT ( 'NONE',  ( 250.5000000000000000, 61.00000000000002842, 0.000000000000000000 ) ) ;
#1604 = EDGE_LOOP ( 'NONE', ( #448, #473 ) ) ;
#1605 = VECTOR ( 'NONE', #2273, 1000.000000000000000 ) ;
#1606 = PERSON_AND_ORGANIZATION_ROLE ( 'classification_officer' ) ;
#1607 = CC_DESIGN_DATE_AND_TIME_ASSIGNMENT ( #932, #4887, ( #3383 ) ) ;
#1608 = CARTESIAN_POINT ( 'NONE',  ( 1.953311644640028390E-13, -470.0000000000000000, 0.000000000000000000 ) ) ;
#1609 = ORIENTED_EDGE ( 'NONE', *, *, #3831, .F. ) ;
#1610 = LINE ( 'NONE', #4632, #3378 ) ;
#1611 = EDGE_CURVE ( 'NONE', #4687, #5757, #3256, .T. ) ;
#1612 = DIRECTION ( 'NONE',  ( 0.000000000000000000, 0.000000000000000000, -1.000000000000000000 ) ) ;
#1613 = LINE ( 'NONE', #1668, #354 ) ;
#1614 = ORGANIZATION ( 'NAUO-ORG4', 'UNSPECIFIED', 'UNSPECIFIED' ) ;
#1615 = AXIS2_PLACEMENT_3D ( 'NONE', #4015, #2249, #20 ) ;
#1616 = DIRECTION ( 'NONE',  ( 0.000000000000000000, -1.000000000000000000, 0.000000000000000000 ) ) ;
#1617 = PERSON_AND_ORGANIZATION ( #724, #4157 ) ;
#1618 = LOCAL_TIME ( 20, 46, 49.00000000000000000, #4013 ) ;
#1619 = FACE_OUTER_BOUND ( 'NONE', #3060, .T. ) ;
#1620 = PERSON_AND_ORGANIZATION_ROLE ( 'creator' ) ;
#1621 = ORIENTED_EDGE ( 'NONE', *, *, #4684, .T. ) ;
#1622 = DATE_AND_TIME ( #2126, #4863 ) ;
#1623 = LINE ( 'NONE', #2775, #4155 ) ;
#1624 = ADVANCED_FACE ( 'NONE', ( #5508 ), #4160, .T. ) ;
#1625 = CARTESIAN_POINT ( 'NONE',  ( -3353.999999999976808, 85.00000000002273737, 82.00000000000001421 ) ) ;
#1626 = CARTESIAN_POINT ( 'NONE',  ( -3329.999999999977263, -6.572520305780882291E-13, 580.0000000000000000 ) ) ;
#1627 = DIRECTION ( 'NONE',  ( 0.000000000000000000, 1.000000000000000000, -0.000000000000000000 ) ) ;
#1628 = COORDINATED_UNIVERSAL_TIME_OFFSET ( 8, 0, .AHEAD. ) ;
#1629 = EDGE_CURVE ( 'NONE', #2478, #4062, #586, .T. ) ;
#1630 = FACE_OUTER_BOUND ( 'NONE', #1709, .T. ) ;
#1631 = AXIS2_PLACEMENT_3D ( 'NONE', #3169, #2321, #540 ) ;
#1632 = VERTEX_POINT ( 'NONE', #1599 ) ;
#1633 = VECTOR ( 'NONE', #1721, 1000.000000000000000 ) ;
#1634 = DIRECTION ( 'NONE',  ( 0.000000000000000000, 0.000000000000000000, -1.000000000000000000 ) ) ;
#1635 = CIRCLE ( 'NONE', #5703, 5.000000000000000888 ) ;
#1636 = DIRECTION ( 'NONE',  ( -1.000000000000000000, -0.000000000000000000, -0.000000000000000000 ) ) ;
#1637 = ORIENTED_EDGE ( 'NONE', *, *, #1128, .T. ) ;
#1638 = CARTESIAN_POINT ( 'NONE',  ( -3869.999999999976808, 500.0000000000228511, 22.00000000000002132 ) ) ;
#1639 = PRODUCT_DEFINITION_FORMATION_WITH_SPECIFIED_SOURCE ( '任何', '', #2037, .NOT_KNOWN. ) ;
#1640 = CARTESIAN_POINT ( 'NONE',  ( -3869.999999999977263, 1515.250000000022737, 596.7999999999999545 ) ) ;
#1641 = VECTOR ( 'NONE', #5473, 1000.000000000000000 ) ;
#1642 = EDGE_CURVE ( 'NONE', #2158, #4049, #4944, .T. ) ;
#1643 = PERSON_AND_ORGANIZATION_ROLE ( 'classification_officer' ) ;
#1644 = VECTOR ( 'NONE', #5658, 1000.000000000000000 ) ;
#1645 = CARTESIAN_POINT ( 'NONE',  ( -3884.099999999977626, 1865.250000000022510, 596.0000000000000000 ) ) ;
#1646 = ORIENTED_EDGE ( 'NONE', *, *, #3929, .F. ) ;
#1647 = DIRECTION ( 'NONE',  ( 1.973729821555833987E-16, -1.000000000000000000, 0.000000000000000000 ) ) ;
#1648 = FACE_OUTER_BOUND ( 'NONE', #4990, .T. ) ;
#1649 = ORIENTED_EDGE ( 'NONE', *, *, #4729, .T. ) ;
#1650 = LINE ( 'NONE', #4948, #2080 ) ;
#1651 = CARTESIAN_POINT ( 'NONE',  ( -3869.999999999977263, 2244.750000000022737, 580.0000000000000000 ) ) ;
#1652 = EDGE_CURVE ( 'NONE', #2772, #429, #4306, .T. ) ;
#1653 = ORIENTED_EDGE ( 'NONE', *, *, #1039, .F. ) ;
#1654 = CARTESIAN_POINT ( 'NONE',  ( -1.027984282060378280E-13, 500.0000000000235332, 580.0000000000000000 ) ) ;
#1655 = ORIENTED_EDGE ( 'NONE', *, *, #1939, .F. ) ;
#1656 = VERTEX_POINT ( 'NONE', #3477 ) ;
#1657 = CARTESIAN_POINT ( 'NONE',  ( -3869.999999999976808, 1428.000000000077762, 580.0000000000000000 ) ) ;
#1658 = DIRECTION ( 'NONE',  ( 1.000000000000000000, 0.000000000000000000, 0.000000000000000000 ) ) ;
#1659 = ORIENTED_EDGE ( 'NONE', *, *, #3635, .F. ) ;
#1660 = ORIENTED_EDGE ( 'NONE', *, *, #1735, .F. ) ;
#1661 = AXIS2_PLACEMENT_3D ( 'NONE', #4231, #1537, #5620 ) ;
#1662 = DIRECTION ( 'NONE',  ( -1.244644646440758595E-16, 1.000000000000000000, 0.000000000000000000 ) ) ;
#1663 = ORIENTED_EDGE ( 'NONE', *, *, #5369, .F. ) ;
#1664 = CARTESIAN_POINT ( 'NONE',  ( -3843.999999999977263, 15.00000000002273204, 109.0000000000001279 ) ) ;
#1665 = DATE_TIME_ROLE ( 'classification_date' ) ;
#1666 = ORIENTED_EDGE ( 'NONE', *, *, #154, .T. ) ;
#1667 = CARTESIAN_POINT ( 'NONE',  ( -3884.099999999977626, 2215.250000000022737, 596.0000000000000000 ) ) ;
#1668 = CARTESIAN_POINT ( 'NONE',  ( -3869.999999999976808, 425.0000000000228511, 580.0000000000000000 ) ) ;
#1669 = EDGE_CURVE ( 'NONE', #609, #3444, #3884, .T. ) ;
#1670 = ORIENTED_EDGE ( 'NONE', *, *, #73, .F. ) ;
#1671 = DIRECTION ( 'NONE',  ( 0.000000000000000000, 0.000000000000000000, -1.000000000000000000 ) ) ;
#1672 = DIRECTION ( 'NONE',  ( 0.000000000000000000, -0.000000000000000000, 1.000000000000000000 ) ) ;
#1673 = EDGE_LOOP ( 'NONE', ( #5399, #5736, #4341, #3277 ) ) ;
#1674 = VECTOR ( 'NONE', #5061, 1000.000000000000000 ) ;
#1675 = CARTESIAN_POINT ( 'NONE',  ( 0.000000000000000000, 0.000000000000000000, 900.0000000000000000 ) ) ;
#1676 = AXIS2_PLACEMENT_3D ( 'NONE', #538, #5582, #2003 ) ;
#1677 = EDGE_CURVE ( 'NONE', #3641, #5338, #1077, .T. ) ;
#1678 = CARTESIAN_POINT ( 'NONE',  ( -250.4999999999999432, 61.00000000000002842, -461.9999999999999432 ) ) ;
#1679 = PLANE ( 'NONE',  #2676 ) ;
#1680 = EDGE_LOOP ( 'NONE', ( #2029, #1499, #4681, #4672 ) ) ;
#1681 = VECTOR ( 'NONE', #3021, 1000.000000000000000 ) ;
#1682 = PERSON_AND_ORGANIZATION_ROLE ( 'creator' ) ;
#1683 = CC_DESIGN_DATE_AND_TIME_ASSIGNMENT ( #3599, #5350, ( #3829 ) ) ;
#1684 = DIRECTION ( 'NONE',  ( 0.000000000000000000, -1.000000000000000000, 0.000000000000000000 ) ) ;
#1685 = EDGE_CURVE ( 'NONE', #2368, #717, #2272, .T. ) ;
#1686 = PLANE ( 'NONE',  #5753 ) ;
#1687 = LINE ( 'NONE', #4730, #3597 ) ;
#1688 = PLANE ( 'NONE',  #128 ) ;
#1689 = APPROVAL_DATE_TIME ( #789, #599 ) ;
#1690 = LINE ( 'NONE', #4439, #2881 ) ;
#1691 = CARTESIAN_POINT ( 'NONE',  ( -3869.999999999976808, 0.000000000000000000, 580.0000000000000000 ) ) ;
#1692 = VERTEX_POINT ( 'NONE', #3074 ) ;
#1693 = LOCAL_TIME ( 20, 46, 49.00000000000000000, #5357 ) ;
#1694 = AXIS2_PLACEMENT_3D ( 'NONE', #914, #1308, #1328 ) ;
#1695 = DIRECTION ( 'NONE',  ( 0.000000000000000000, 0.000000000000000000, -1.000000000000000000 ) ) ;
#1696 = VECTOR ( 'NONE', #2092, 1000.000000000000000 ) ;
#1697 = EDGE_LOOP ( 'NONE', ( #3288, #2852, #2298, #4746 ) ) ;
#1698 = DIRECTION ( 'NONE',  ( -0.000000000000000000, 1.000000000000000000, -0.000000000000000000 ) ) ;
#1699 = PERSON_AND_ORGANIZATION ( #724, #4157 ) ;
#1700 = CARTESIAN_POINT ( 'NONE',  ( -3894.799999999977445, 1865.250000000022510, 596.7999999999999545 ) ) ;
#1701 = LINE ( 'NONE', #5405, #299 ) ;
#1702 =( REPRESENTATION_RELATIONSHIP ('NONE','NONE', #4855, #4235 ) REPRESENTATION_RELATIONSHIP_WITH_TRANSFORMATION ( #3317 )SHAPE_REPRESENTATION_RELATIONSHIP( ) );
#1703 = EDGE_CURVE ( 'NONE', #1936, #1804, #4519, .T. ) ;
#1704 = AXIS2_PLACEMENT_3D ( 'NONE', #2445, #5562, #1079 ) ;
#1705 = CARTESIAN_POINT ( 'NONE',  ( -3843.999999999977263, 15.00000000002273204, 102.0000000000001990 ) ) ;
#1706 = LINE ( 'NONE', #3411, #4950 ) ;
#1707 = DIRECTION ( 'NONE',  ( 0.000000000000000000, -0.000000000000000000, -1.000000000000000000 ) ) ;
#1708 = CARTESIAN_POINT ( 'NONE',  ( -297.4999999999999432, -223.0000000000000000, 279.0000000000000000 ) ) ;
#1709 = EDGE_LOOP ( 'NONE', ( #2330, #5797, #5268, #3443 ) ) ;
#1710 = EDGE_CURVE ( 'NONE', #3444, #1887, #3614, .T. ) ;
#1711 = VECTOR ( 'NONE', #2448, 1000.000000000000000 ) ;
#1712 = CARTESIAN_POINT ( 'NONE',  ( -3869.999999999977263, 2244.750000000022737, 596.7999999999999545 ) ) ;
#1713 = VECTOR ( 'NONE', #3235, 1000.000000000000000 ) ;
#1714 = DIRECTION ( 'NONE',  ( -0.000000000000000000, -0.000000000000000000, -1.000000000000000000 ) ) ;
#1715 = ORIENTED_EDGE ( 'NONE', *, *, #5618, .F. ) ;
#1716 = CARTESIAN_POINT ( 'NONE',  ( 1.953311644640028390E-13, 365.0000000000000000, 30.00000000000000000 ) ) ;
#1717 = LINE ( 'NONE', #1608, #530 ) ;
#1718 = ORIENTED_EDGE ( 'NONE', *, *, #4576, .T. ) ;
#1719 = LINE ( 'NONE', #5766, #672 ) ;
#1720 = DIRECTION ( 'NONE',  ( -1.201540069940645842E-16, -0.000000000000000000, -1.000000000000000000 ) ) ;
#1721 = DIRECTION ( 'NONE',  ( 0.000000000000000000, 1.000000000000000000, 0.000000000000000000 ) ) ;
#1722 = EDGE_LOOP ( 'NONE', ( #57, #1784, #677, #1041 ) ) ;
#1723 = EDGE_CURVE ( 'NONE', #4395, #4032, #5012, .T. ) ;
#1724 = SECURITY_CLASSIFICATION_LEVEL ( 'unclassified' ) ;
#1725 = VECTOR ( 'NONE', #1047, 1000.000000000000000 ) ;
#1726 = ORIENTED_EDGE ( 'NONE', *, *, #224, .F. ) ;
#1727 = EDGE_LOOP ( 'NONE', ( #2094, #831 ) ) ;
#1728 = CARTESIAN_POINT ( 'NONE',  ( -3843.999999999977263, 15.00000000002273204, 502.0000000000000000 ) ) ;
#1729 = CARTESIAN_POINT ( 'NONE',  ( -3899.999999999977263, 100.0000000000227374, 580.0000000000000000 ) ) ;
#1730 = ORIENTED_EDGE ( 'NONE', *, *, #1872, .T. ) ;
#1731 = VERTEX_POINT ( 'NONE', #4903 ) ;
#1732 = VERTEX_POINT ( 'NONE', #5781 ) ;
#1733 = CARTESIAN_POINT ( 'NONE',  ( -3843.999999999977263, 15.00000000002273204, 61.99999999999982947 ) ) ;
#1734 = ORIENTED_EDGE ( 'NONE', *, *, #4537, .F. ) ;
#1735 = EDGE_CURVE ( 'NONE', #1362, #771, #446, .T. ) ;
#1736 = DIRECTION ( 'NONE',  ( 1.000000000000000000, 0.000000000000000000, 0.000000000000000000 ) ) ;
#1737 = ORIENTED_EDGE ( 'NONE', *, *, #5145, .F. ) ;
#1738 = ORIENTED_EDGE ( 'NONE', *, *, #1574, .T. ) ;
#1739 = CARTESIAN_POINT ( 'NONE',  ( 0.000000000000000000, 453.0000000000229079, 530.9999999999998863 ) ) ;
#1740 = ADVANCED_FACE ( 'NONE', ( #3539 ), #1353, .F. ) ;
#1741 = AXIS2_PLACEMENT_3D ( 'NONE', #1460, #167, #4200 ) ;
#1742 = ORIENTED_EDGE ( 'NONE', *, *, #857, .T. ) ;
#1743 = DIRECTION ( 'NONE',  ( -0.000000000000000000, 1.000000000000000000, -0.000000000000000000 ) ) ;
#1744 = CARTESIAN_POINT ( 'NONE',  ( -3869.999999999977263, 0.000000000000000000, 580.0000000000000000 ) ) ;
#1745 = PERSON_AND_ORGANIZATION_ROLE ( 'creator' ) ;
#1746 = ORIENTED_EDGE ( 'NONE', *, *, #5311, .F. ) ;
#1747 = CYLINDRICAL_SURFACE ( 'NONE', #1973, 5.000000000000000888 ) ;
#1748 = EDGE_CURVE ( 'NONE', #2083, #2158, #160, .T. ) ;
#1749 = DIRECTION ( 'NONE',  ( -0.000000000000000000, -0.000000000000000000, 1.000000000000000000 ) ) ;
#1750 = CARTESIAN_POINT ( 'NONE',  ( 1.953311644640028390E-13, 334.9999999999999432, 30.00000000000000000 ) ) ;
#1751 = ORIENTED_EDGE ( 'NONE', *, *, #2535, .F. ) ;
#1752 = CYLINDRICAL_SURFACE ( 'NONE', #2610, 8.000000000000007105 ) ;
#1753 = ADVANCED_FACE ( 'NONE', ( #2756 ), #4858, .T. ) ;
#1754 = CC_DESIGN_SECURITY_CLASSIFICATION ( #3463, ( #1639 ) ) ;
#1755 = LINE ( 'NONE', #3603, #3664 ) ;
#1756 = EDGE_CURVE ( 'NONE', #3808, #3403, #232, .T. ) ;
#1757 = APPROVAL_DATE_TIME ( #4931, #1388 ) ;
#1758 = CARTESIAN_POINT ( 'NONE',  ( -3894.799999999977445, 1865.250000000022510, 580.0000000000000000 ) ) ;
#1759 = CARTESIAN_POINT ( 'NONE',  ( 0.000000000000000000, 100.0000000000227374, 580.0000000000000000 ) ) ;
#1760 = PERSON_AND_ORGANIZATION_ROLE ( 'design_supplier' ) ;
#1761 = PERSON_AND_ORGANIZATION ( #724, #4157 ) ;
#1762 = PERSON_AND_ORGANIZATION ( #156, #1614 ) ;
#1763 = CARTESIAN_POINT ( 'NONE',  ( -3329.999999999977717, 1410.000000000276486, 580.0000000000000000 ) ) ;
#1764 = VECTOR ( 'NONE', #2151, 1000.000000000000000 ) ;
#1765 = EDGE_CURVE ( 'NONE', #2851, #1731, #4652, .T. ) ;
#1766 = CARTESIAN_POINT ( 'NONE',  ( -3353.999999999976808, 15.00000000002273204, 502.0000000000000000 ) ) ;
#1767 = DIRECTION ( 'NONE',  ( 0.000000000000000000, 0.000000000000000000, 1.000000000000000000 ) ) ;
#1768 = ORIENTED_EDGE ( 'NONE', *, *, #4537, .T. ) ;
#1769 = ADVANCED_FACE ( 'NONE', ( #4303 ), #431, .F. ) ;
#1770 = APPROVAL_DATE_TIME ( #580, #2958 ) ;
#1771 = LINE ( 'NONE', #4069, #4581 ) ;
#1772 = DIRECTION ( 'NONE',  ( 1.000000000000000000, 0.000000000000000000, 0.000000000000000000 ) ) ;
#1773 = CARTESIAN_POINT ( 'NONE',  ( -3884.099999999977626, 2215.250000000022737, 600.0499999999996135 ) ) ;
#1774 = LOCAL_TIME ( 20, 46, 49.00000000000000000, #1628 ) ;
#1775 = DIRECTION ( 'NONE',  ( 0.000000000000000000, 0.000000000000000000, 1.000000000000000000 ) ) ;
#1776 = VECTOR ( 'NONE', #701, 1000.000000000000000 ) ;
#1777 = DIRECTION ( 'NONE',  ( 0.000000000000000000, 0.000000000000000000, 1.000000000000000000 ) ) ;
#1778 = ORIENTED_EDGE ( 'NONE', *, *, #1723, .T. ) ;
#1779 = CARTESIAN_POINT ( 'NONE',  ( -6.450000000000001066, 7.898971854500429678E-16, 0.000000000000000000 ) ) ;
#1780 = LINE ( 'NONE', #4808, #523 ) ;
#1781 = FACE_BOUND ( 'NONE', #3768, .T. ) ;
#1782 = ADVANCED_FACE ( 'NONE', ( #4865, #5647 ), #845, .T. ) ;
#1783 = AXIS2_PLACEMENT_3D ( 'NONE', #461, #11, #901 ) ;
#1784 = ORIENTED_EDGE ( 'NONE', *, *, #5712, .T. ) ;
#1785 = CARTESIAN_POINT ( 'NONE',  ( 600.0000000000001137, 470.0000000000000000, 0.000000000000000000 ) ) ;
#1786 = LINE ( 'NONE', #3242, #3413 ) ;
#1787 = FACE_OUTER_BOUND ( 'NONE', #535, .T. ) ;
#1788 = ORIENTED_EDGE ( 'NONE', *, *, #1685, .F. ) ;
#1789 = AXIS2_PLACEMENT_3D ( 'NONE', #5229, #4762, #2522 ) ;
#1790 = CARTESIAN_POINT ( 'NONE',  ( -3869.999999999976808, 0.000000000000000000, 22.00000000000002132 ) ) ;
#1791 = CIRCLE ( 'NONE', #2536, 27.00000000000013500 ) ;
#1792 = VERTEX_POINT ( 'NONE', #3031 ) ;
#1793 = LINE ( 'NONE', #5832, #1167 ) ;
#1794 = CARTESIAN_POINT ( 'NONE',  ( 0.000000000000000000, 0.000000000000000000, 900.0000000000000000 ) ) ;
#1795 = ORIENTED_EDGE ( 'NONE', *, *, #4350, .F. ) ;
#1796 = VECTOR ( 'NONE', #4030, 1000.000000000000000 ) ;
#1797 = VERTEX_POINT ( 'NONE', #3923 ) ;
#1798 = ORIENTED_EDGE ( 'NONE', *, *, #5750, .T. ) ;
#1799 = DIRECTION ( 'NONE',  ( -0.000000000000000000, -1.000000000000000000, -0.000000000000000000 ) ) ;
#1800 = CARTESIAN_POINT ( 'NONE',  ( 269.5000000000001137, 223.0000000000000000, 279.0000000000000000 ) ) ;
#1801 = CC_DESIGN_PERSON_AND_ORGANIZATION_ASSIGNMENT ( #3525, #793, ( #5346 ) ) ;
#1802 = EDGE_CURVE ( 'NONE', #1792, #1045, #3397, .T. ) ;
#1803 = PERSON_AND_ORGANIZATION_ROLE ( 'classification_officer' ) ;
#1804 = VERTEX_POINT ( 'NONE', #2583 ) ;
#1805 = ORIENTED_EDGE ( 'NONE', *, *, #4271, .F. ) ;
#1806 = DIRECTION ( 'NONE',  ( 1.000000000000000000, 0.000000000000000000, -0.000000000000000000 ) ) ;
#1807 = ORIENTED_EDGE ( 'NONE', *, *, #2069, .F. ) ;
#1808 = CARTESIAN_POINT ( 'NONE',  ( -3843.999999999977263, 15.00000000002273204, 474.9999999999998863 ) ) ;
#1809 = VERTEX_POINT ( 'NONE', #4409 ) ;
#1810 = DIRECTION ( 'NONE',  ( -0.000000000000000000, -0.000000000000000000, -1.000000000000000000 ) ) ;
#1811 = CARTESIAN_POINT ( 'NONE',  ( 15.90000000000019575, -334.9999999999999432, 15.90000000000000036 ) ) ;
#1812 = ORIENTED_EDGE ( 'NONE', *, *, #5113, .T. ) ;
#1813 = EDGE_LOOP ( 'NONE', ( #4080, #574, #391, #2166 ) ) ;
#1814 = CARTESIAN_POINT ( 'NONE',  ( 1.873501354054951662E-13, -365.0000000000000000, 27.00000000000000711 ) ) ;
#1815 = AXIS2_PLACEMENT_3D ( 'NONE', #942, #5377, #1325 ) ;
#1816 = CARTESIAN_POINT ( 'NONE',  ( 297.4999999999999432, 223.0000000000000000, 309.0000000000000568 ) ) ;
#1817 = DIRECTION ( 'NONE',  ( -0.000000000000000000, -0.000000000000000000, -1.000000000000000000 ) ) ;
#1818 = ORIENTED_EDGE ( 'NONE', *, *, #3077, .F. ) ;
#1819 = LINE ( 'NONE', #2178, #2943 ) ;
#1820 = CARTESIAN_POINT ( 'NONE',  ( -3353.999999999976808, 15.00000000002273204, 82.00000000000001421 ) ) ;
#1821 = CARTESIAN_POINT ( 'NONE',  ( 0.000000000000000000, 0.000000000000000000, 0.000000000000000000 ) ) ;
#1822 = EDGE_CURVE ( 'NONE', #1949, #4972, #2821, .T. ) ;
#1823 = EDGE_LOOP ( 'NONE', ( #5114, #735, #2098, #3877, #3859 ) ) ;
#1824 = FACE_OUTER_BOUND ( 'NONE', #537, .T. ) ;
#1825 = AXIS2_PLACEMENT_3D ( 'NONE', #4140, #1457, #5527 ) ;
#1826 = DIRECTION ( 'NONE',  ( 1.000000000000000000, 0.000000000000000000, 0.000000000000000000 ) ) ;
#1827 = LINE ( 'NONE', #1274, #4995 ) ;
#1828 = LOCAL_TIME ( 20, 46, 49.00000000000000000, #2459 ) ;
#1829 = DIRECTION ( 'NONE',  ( 0.000000000000000000, -1.000000000000000000, 0.000000000000000000 ) ) ;
#1830 = VECTOR ( 'NONE', #4915, 1000.000000000000000 ) ;
#1831 = DIRECTION ( 'NONE',  ( -1.244644646440758595E-16, 1.000000000000000000, 0.000000000000000000 ) ) ;
#1832 = APPROVAL ( #399, '未指定' ) ;
#1833 = EDGE_CURVE ( 'NONE', #1559, #3925, #2688, .T. ) ;
#1834 = VERTEX_POINT ( 'NONE', #1773 ) ;
#1835 = CALENDAR_DATE ( 2026, 1, 6 ) ;
#1836 = CARTESIAN_POINT ( 'NONE',  ( -3869.999999999976808, 500.0000000000228511, 530.9999999999998863 ) ) ;
#1837 = CIRCLE ( 'NONE', #3141, 4.049999999999664979 ) ;
#1838 = CARTESIAN_POINT ( 'NONE',  ( -3869.999999999976808, 1544.750000000022737, 580.0000000000000000 ) ) ;
#1839 = ORIENTED_EDGE ( 'NONE', *, *, #4976, .F. ) ;
#1840 = CARTESIAN_POINT ( 'NONE',  ( -3329.999999999977717, 1428.000000000077762, 580.0000000000000000 ) ) ;
#1841 = EDGE_CURVE ( 'NONE', #2566, #1037, #3680, .T. ) ;
#1842 = CARTESIAN_POINT ( 'NONE',  ( -3869.999999999976808, 0.000000000000000000, 22.00000000000002132 ) ) ;
#1843 = VECTOR ( 'NONE', #271, 1000.000000000000000 ) ;
#1844 = CARTESIAN_POINT ( 'NONE',  ( -3869.999999999976808, 0.000000000000000000, 580.0000000000000000 ) ) ;
#1845 = FACE_OUTER_BOUND ( 'NONE', #130, .T. ) ;
#1846 = AXIS2_PLACEMENT_3D ( 'NONE', #5397, #2695, #840 ) ;
#1847 = DIRECTION ( 'NONE',  ( 0.000000000000000000, 1.000000000000000000, 0.000000000000000000 ) ) ;
#1848 = ORIENTED_EDGE ( 'NONE', *, *, #1291, .F. ) ;
#1849 = CARTESIAN_POINT ( 'NONE',  ( -3869.999999999976808, 1428.000000000077762, 580.0000000000000000 ) ) ;
#1850 = LINE ( 'NONE', #3665, #5088 ) ;
#1851 = VECTOR ( 'NONE', #1070, 1000.000000000000000 ) ;
#1852 = CARTESIAN_POINT ( 'NONE',  ( -3353.999999999976808, 15.00000000002273204, 102.0000000000001990 ) ) ;
#1853 = CARTESIAN_POINT ( 'NONE',  ( 0.000000000000000000, 1410.000000000276486, 580.0000000000000000 ) ) ;
#1854 = VERTEX_POINT ( 'NONE', #5422 ) ;
#1855 = EDGE_CURVE ( 'NONE', #2566, #4544, #2892, .T. ) ;
#1856 = LINE ( 'NONE', #1530, #4465 ) ;
#1857 = ORIENTED_EDGE ( 'NONE', *, *, #967, .T. ) ;
#1858 = AXIS2_PLACEMENT_3D ( 'NONE', #565, #1917, #3838 ) ;
#1859 = LINE ( 'NONE', #5343, #3970 ) ;
#1860 = DIRECTION ( 'NONE',  ( 0.000000000000000000, 1.000000000000000000, 0.000000000000000000 ) ) ;
#1861 = UNCERTAINTY_MEASURE_WITH_UNIT (LENGTH_MEASURE( 1.000000000000000082E-05 ), #4708, 'distance_accuracy_value', 'NONE');
#1862 = CARTESIAN_POINT ( 'NONE',  ( -3843.999999999977263, 100.0000000000227374, 474.9999999999998863 ) ) ;
#1863 = ORIENTED_EDGE ( 'NONE', *, *, #1669, .F. ) ;
#1864 = LINE ( 'NONE', #484, #2009 ) ;
#1865 = VERTEX_POINT ( 'NONE', #4522 ) ;
#1866 = DIRECTION ( 'NONE',  ( -0.000000000000000000, 1.000000000000000000, -0.000000000000000000 ) ) ;
#1867 = ORIENTED_EDGE ( 'NONE', *, *, #3255, .T. ) ;
#1868 = AXIS2_PLACEMENT_3D ( 'NONE', #30, #2631, #5449 ) ;
#1869 = CARTESIAN_POINT ( 'NONE',  ( -3884.099999999977626, 1515.250000000022737, 596.0000000000000000 ) ) ;
#1870 = ORIENTED_EDGE ( 'NONE', *, *, #4553, .T. ) ;
#1871 = ADVANCED_FACE ( 'NONE', ( #5225 ), #4088, .T. ) ;
#1872 = EDGE_CURVE ( 'NONE', #4622, #2796, #3741, .T. ) ;
#1874 = FACE_OUTER_BOUND ( 'NONE', #3135, .T. ) ;
#1873 = PRODUCT_DEFINITION_SHAPE ( 'NONE', 'NONE',  #5840 ) ;
#1875 = EDGE_LOOP ( 'NONE', ( #1921, #1943 ) ) ;
#1876 = ORIENTED_EDGE ( 'NONE', *, *, #5732, .T. ) ;
#1877 = CARTESIAN_POINT ( 'NONE',  ( -3869.999999999976808, 500.0000000000228511, 580.0000000000000000 ) ) ;
#1878 = ORIENTED_EDGE ( 'NONE', *, *, #919, .T. ) ;
#1879 = DIRECTION ( 'NONE',  ( 1.973729821555833987E-16, -1.000000000000000000, 0.000000000000000000 ) ) ;
#1880 = PLANE ( 'NONE',  #5487 ) ;
#1881 = ORIENTED_EDGE ( 'NONE', *, *, #2422, .T. ) ;
#1882 = ORIENTED_EDGE ( 'NONE', *, *, #3243, .T. ) ;
#1883 = CARTESIAN_POINT ( 'NONE',  ( -3869.999999999976808, 964.0000000001497256, 22.00000000000000000 ) ) ;
#1884 = EDGE_CURVE ( 'NONE', #4732, #2363, #3811, .T. ) ;
#1885 = CARTESIAN_POINT ( 'NONE',  ( -3894.799999999977445, 2215.250000000022737, 580.0000000000000000 ) ) ;
#1886 = VERTEX_POINT ( 'NONE', #4960 ) ;
#1887 = VERTEX_POINT ( 'NONE', #4942 ) ;
#1888 = DIRECTION ( 'NONE',  ( 0.000000000000000000, 1.000000000000000000, -0.000000000000000000 ) ) ;
#1889 = CARTESIAN_POINT ( 'NONE',  ( -251.4999999999998295, -205.0000000000000284, -261.0000000000000000 ) ) ;
#1890 = AXIS2_PLACEMENT_3D ( 'NONE', #323, #4755, #3436 ) ;
#1891 = VERTEX_POINT ( 'NONE', #3632 ) ;
#1892 = CARTESIAN_POINT ( 'NONE',  ( -3353.999999999976808, 85.00000000002273737, 502.0000000000000000 ) ) ;
#1893 = CARTESIAN_POINT ( 'NONE',  ( -3869.999999999977263, 1865.250000000022510, 596.7999999999999545 ) ) ;
#1894 = ORIENTED_EDGE ( 'NONE', *, *, #4151, .T. ) ;
#1895 = LINE ( 'NONE', #2568, #5348 ) ;
#1896 = AXIS2_PLACEMENT_3D ( 'NONE', #1999, #5603, #3364 ) ;
#1897 = CARTESIAN_POINT ( 'NONE',  ( 0.000000000000000000, 0.000000000000000000, 899.0000000000000000 ) ) ;
#1898 = CARTESIAN_POINT ( 'NONE',  ( -3899.999999999977263, 425.0000000000228511, 557.9999999999998863 ) ) ;
#1899 = FACE_OUTER_BOUND ( 'NONE', #5256, .T. ) ;
#1900 = ADVANCED_FACE ( 'NONE', ( #1005 ), #3153, .T. ) ;
#1901 = DIRECTION ( 'NONE',  ( 0.000000000000000000, 1.000000000000000000, 0.000000000000000000 ) ) ;
#1902 = CARTESIAN_POINT ( 'NONE',  ( -300.0000000000001705, -184.0000000000000000, 22.00000000000000000 ) ) ;
#1903 = AXIS2_PLACEMENT_3D ( 'NONE', #1667, #379, #2127 ) ;
#1904 = ORIENTED_EDGE ( 'NONE', *, *, #2048, .F. ) ;
#1905 = DIRECTION ( 'NONE',  ( 0.000000000000000000, 1.000000000000000000, 0.000000000000000000 ) ) ;
#1906 = DATE_AND_TIME ( #1835, #2462 ) ;
#1907 = COORDINATED_UNIVERSAL_TIME_OFFSET ( 8, 0, .AHEAD. ) ;
#1908 = LINE ( 'NONE', #3450, #5221 ) ;
#1909 = DIRECTION ( 'NONE',  ( -0.000000000000000000, 0.000000000000000000, 1.000000000000000000 ) ) ;
#1910 = CARTESIAN_POINT ( 'NONE',  ( 15.90000000000019575, -334.9999999999999432, 20.90000000000000213 ) ) ;
#1911 = ORIENTED_EDGE ( 'NONE', *, *, #1652, .F. ) ;
#1912 = PERSON_AND_ORGANIZATION ( #724, #4157 ) ;
#1913 = CARTESIAN_POINT ( 'NONE',  ( -3353.999999999976808, 15.00000000002273204, 502.0000000000000000 ) ) ;
#1914 = SECURITY_CLASSIFICATION ( '', '', #2182 ) ;
#1915 = CYLINDRICAL_SURFACE ( 'NONE', #5666, 20.00000000000012790 ) ;
#1916 = EDGE_CURVE ( 'NONE', #1102, #1732, #1771, .T. ) ;
#1917 = DIRECTION ( 'NONE',  ( -0.000000000000000000, 1.000000000000000000, 0.000000000000000000 ) ) ;
#1918 = PERSON_AND_ORGANIZATION ( #724, #4157 ) ;
#1919 = DIRECTION ( 'NONE',  ( 0.000000000000000000, -0.000000000000000000, 1.000000000000000000 ) ) ;
#1920 = FACE_OUTER_BOUND ( 'NONE', #3223, .T. ) ;
#1921 = ORIENTED_EDGE ( 'NONE', *, *, #1114, .F. ) ;
#1922 = AXIS2_PLACEMENT_3D ( 'NONE', #233, #722, #1130 ) ;
#1923 = CARTESIAN_POINT ( 'NONE',  ( -3869.999999999976808, 500.0000000000228511, 580.0000000000000000 ) ) ;
#1924 = LINE ( 'NONE', #2336, #5374 ) ;
#1925 = VECTOR ( 'NONE', #4129, 1000.000000000000000 ) ;
#1926 = ORIENTED_EDGE ( 'NONE', *, *, #3596, .T. ) ;
#1927 = VECTOR ( 'NONE', #689, 1000.000000000000000 ) ;
#1928 = ORIENTED_EDGE ( 'NONE', *, *, #3332, .T. ) ;
#1929 = ADVANCED_FACE ( 'NONE', ( #4021 ), #2269, .F. ) ;
#1930 = CARTESIAN_POINT ( 'NONE',  ( -3329.999999999977717, 1428.000000000077762, 580.0000000000000000 ) ) ;
#1931 = FACE_BOUND ( 'NONE', #4609, .T. ) ;
#1932 = DIRECTION ( 'NONE',  ( -0.000000000000000000, 1.000000000000000000, -0.000000000000000000 ) ) ;
#1933 = CARTESIAN_POINT ( 'NONE',  ( 15.00000000000019362, -15.00000000000001421, 0.000000000000000000 ) ) ;
#1934 = ORIENTED_EDGE ( 'NONE', *, *, #73, .T. ) ;
#1935 = LINE ( 'NONE', #5775, #4957 ) ;
#1936 = VERTEX_POINT ( 'NONE', #1382 ) ;
#1937 = CIRCLE ( 'NONE', #2600, 8.000000000000007105 ) ;
#1938 = CARTESIAN_POINT ( 'NONE',  ( 297.4999999999999432, 223.0000000000000000, 309.0000000000000568 ) ) ;
#1939 = EDGE_CURVE ( 'NONE', #4407, #175, #3880, .T. ) ;
#1940 = ORIENTED_EDGE ( 'NONE', *, *, #4110, .F. ) ;
#1941 = AXIS2_PLACEMENT_3D ( 'NONE', #1007, #617, #3752 ) ;
#1942 = LINE ( 'NONE', #3857, #5324 ) ;
#1943 = ORIENTED_EDGE ( 'NONE', *, *, #2422, .F. ) ;
#1944 = ORIENTED_EDGE ( 'NONE', *, *, #2276, .F. ) ;
#1945 = VERTEX_POINT ( 'NONE', #5440 ) ;
#1946 = DIRECTION ( 'NONE',  ( 1.973729821555833987E-16, -1.000000000000000000, 0.000000000000000000 ) ) ;
#1947 =( NAMED_UNIT ( * ) SI_UNIT ( $, .STERADIAN. ) SOLID_ANGLE_UNIT ( ) );
#1948 = EDGE_LOOP ( 'NONE', ( #3912, #1646 ) ) ;
#1949 = VERTEX_POINT ( 'NONE', #3611 ) ;
#1950 = VERTEX_POINT ( 'NONE', #2248 ) ;
#1951 = CC_DESIGN_SECURITY_CLASSIFICATION ( #5771, ( #1347 ) ) ;
#1952 = DIRECTION ( 'NONE',  ( 0.000000000000000000, 0.000000000000000000, -1.000000000000000000 ) ) ;
#1953 = EDGE_CURVE ( 'NONE', #743, #94, #1142, .T. ) ;
#1954 = DIRECTION ( 'NONE',  ( -1.000000000000000000, 0.000000000000000000, 0.000000000000000000 ) ) ;
#1955 = EDGE_LOOP ( 'NONE', ( #2251, #2375, #1663, #607 ) ) ;
#1956 = DIRECTION ( 'NONE',  ( 1.000000000000000000, 0.000000000000000000, -0.000000000000000000 ) ) ;
#1957 = DIRECTION ( 'NONE',  ( -1.000000000000000000, 0.000000000000000000, 0.000000000000000000 ) ) ;
#1958 = ORIENTED_EDGE ( 'NONE', *, *, #1685, .T. ) ;
#1959 = EDGE_CURVE ( 'NONE', #5326, #2014, #1701, .T. ) ;
#1960 = ADVANCED_FACE ( 'NONE', ( #2400 ), #1915, .T. ) ;
#1961 = VERTEX_POINT ( 'NONE', #18 ) ;
#1962 = CYLINDRICAL_SURFACE ( 'NONE', #5515, 27.00000000000010658 ) ;
#1963 = DIRECTION ( 'NONE',  ( 0.000000000000000000, 0.000000000000000000, 1.000000000000000000 ) ) ;
#1964 = VERTEX_POINT ( 'NONE', #5461 ) ;
#1965 = LINE ( 'NONE', #3916, #1681 ) ;
#1966 = DIRECTION ( 'NONE',  ( 0.000000000000000000, 0.000000000000000000, -1.000000000000000000 ) ) ;
#1967 = CONTEXT_DEPENDENT_SHAPE_REPRESENTATION ( #2608, #2807 ) ;
#1968 = PRODUCT_DEFINITION_SHAPE ( 'NONE', 'NONE',  #3499 ) ;
#1969 = CARTESIAN_POINT ( 'NONE',  ( 0.000000000000000000, 2320.000000000022737, 22.00000000000002132 ) ) ;
#1970 = CARTESIAN_POINT ( 'NONE',  ( -3869.999999999977263, 1894.750000000022510, 580.0000000000000000 ) ) ;
#1971 = EDGE_CURVE ( 'NONE', #1386, #622, #721, .T. ) ;
#1972 = VECTOR ( 'NONE', #240, 1000.000000000000000 ) ;
#1973 = AXIS2_PLACEMENT_3D ( 'NONE', #2384, #4187, #5104 ) ;
#1974 = CARTESIAN_POINT ( 'NONE',  ( -3869.999999999976808, 946.0000000001497256, 22.00000000000000000 ) ) ;
#1975 = ITEM_DEFINED_TRANSFORMATION ( 'NONE', 'NONE', #1080,  #3190 ) ;
#1976 = CYLINDRICAL_SURFACE ( 'NONE', #2528, 6.450000000000001066 ) ;
#1977 = CARTESIAN_POINT ( 'NONE',  ( -269.4999999999998295, -205.0000000000000284, -261.0000000000000000 ) ) ;
#1978 = DIRECTION ( 'NONE',  ( 0.000000000000000000, -1.000000000000000000, 0.000000000000000000 ) ) ;
#1979 = VERTEX_POINT ( 'NONE', #3218 ) ;
#1980 = DATE_AND_TIME ( #3878, #1069 ) ;
#1981 = CARTESIAN_POINT ( 'NONE',  ( -3353.999999999976808, 2.273181642920008017E-11, 82.00000000000001421 ) ) ;
#1982 = CIRCLE ( 'NONE', #2658, 15.00000000000000000 ) ;
#1983 = APPROVAL ( #728, '未指定' ) ;
#1984 = EDGE_CURVE ( 'NONE', #2083, #1804, #1623, .T. ) ;
#1985 =( LENGTH_UNIT ( ) NAMED_UNIT ( * ) SI_UNIT ( .MILLI., .METRE. ) );
#1986 = ORIENTED_EDGE ( 'NONE', *, *, #1520, .F. ) ;
#1987 = DIRECTION ( 'NONE',  ( 0.000000000000000000, -1.000000000000000000, 0.000000000000000000 ) ) ;
#1988 = LINE ( 'NONE', #155, #802 ) ;
#1989 = ADVANCED_FACE ( 'NONE', ( #2196, #1210 ), #545, .F. ) ;
#1990 = DIRECTION ( 'NONE',  ( -0.000000000000000000, 1.000000000000000000, -0.000000000000000000 ) ) ;
#1991 = DIRECTION ( 'NONE',  ( -0.000000000000000000, -0.000000000000000000, -1.000000000000000000 ) ) ;
#1992 = EDGE_CURVE ( 'NONE', #1732, #5319, #2964, .T. ) ;
#1993 = VECTOR ( 'NONE', #761, 1000.000000000000000 ) ;
#1994 = CARTESIAN_POINT ( 'NONE',  ( -297.5000000000000568, 223.0000000000000000, 279.0000000000000000 ) ) ;
#1995 = ORIENTED_EDGE ( 'NONE', *, *, #533, .F. ) ;
#1996 = FACE_OUTER_BOUND ( 'NONE', #5592, .T. ) ;
#1997 = FACE_OUTER_BOUND ( 'NONE', #3429, .T. ) ;
#1998 = AXIS2_PLACEMENT_3D ( 'NONE', #5019, #110, #3252 ) ;
#1999 = CARTESIAN_POINT ( 'NONE',  ( 0.000000000000000000, 0.000000000000000000, -1.500000000000000000 ) ) ;
#2000 = VERTEX_POINT ( 'NONE', #4560 ) ;
#2001 = VECTOR ( 'NONE', #1684, 1000.000000000000000 ) ;
#2002 = ORIENTED_EDGE ( 'NONE', *, *, #4392, .F. ) ;
#2003 = DIRECTION ( 'NONE',  ( 1.000000000000000000, 0.000000000000000000, 0.000000000000000000 ) ) ;
#2004 = VECTOR ( 'NONE', #5470, 1000.000000000000000 ) ;
#2005 = CARTESIAN_POINT ( 'NONE',  ( 0.000000000000000000, 0.000000000000000000, 279.0000000000000000 ) ) ;
#2006 = ORIENTED_EDGE ( 'NONE', *, *, #1092, .F. ) ;
#2007 = DIRECTION ( 'NONE',  ( -0.000000000000000000, 1.000000000000000000, -0.000000000000000000 ) ) ;
#2008 = EDGE_CURVE ( 'NONE', #5335, #1549, #4938, .T. ) ;
#2009 = VECTOR ( 'NONE', #58, 1000.000000000000000 ) ;
#2010 = ORIENTED_EDGE ( 'NONE', *, *, #778, .F. ) ;
#2011 = AXIS2_PLACEMENT_3D ( 'NONE', #343, #3965, #2633 ) ;
#2012 = ORIENTED_EDGE ( 'NONE', *, *, #136, .T. ) ;
#2013 = VERTEX_POINT ( 'NONE', #1877 ) ;
#2014 = VERTEX_POINT ( 'NONE', #5041 ) ;
#2015 = PLANE ( 'NONE',  #1661 ) ;
#2016 = EDGE_CURVE ( 'NONE', #3424, #4268, #2541, .T. ) ;
#2017 = CARTESIAN_POINT ( 'NONE',  ( -27.99999999999998934, -365.0000000000000000, 22.00000000000000000 ) ) ;
#2018 = ADVANCED_FACE ( 'NONE', ( #514 ), #5157, .T. ) ;
#2019 = AXIS2_PLACEMENT_3D ( 'NONE', #5289, #5731, #3447 ) ;
#2020 = VERTEX_POINT ( 'NONE', #109 ) ;
#2021 = ORIENTED_EDGE ( 'NONE', *, *, #2346, .T. ) ;
#2022 = DIRECTION ( 'NONE',  ( 0.000000000000000000, -1.000000000000000000, 0.000000000000000000 ) ) ;
#2023 = DIRECTION ( 'NONE',  ( 0.000000000000000000, 0.000000000000000000, -1.000000000000000000 ) ) ;
#2024 =( NAMED_UNIT ( * ) PLANE_ANGLE_UNIT ( ) SI_UNIT ( $, .RADIAN. ) );
#2025 = VERTEX_POINT ( 'NONE', #2378 ) ;
#2026 = EDGE_CURVE ( 'NONE', #3073, #2719, #25, .T. ) ;
#2027 = DIRECTION ( 'NONE',  ( -0.000000000000000000, -0.000000000000000000, -1.000000000000000000 ) ) ;
#2028 = CARTESIAN_POINT ( 'NONE',  ( 15.90000000000019575, 365.0000000000000000, 15.90000000000000036 ) ) ;
#2029 = ORIENTED_EDGE ( 'NONE', *, *, #5063, .F. ) ;
#2030 = FACE_OUTER_BOUND ( 'NONE', #5827, .T. ) ;
#2031 = CARTESIAN_POINT ( 'NONE',  ( -27.99999999999998934, 334.9999999999999432, 27.00000000000000355 ) ) ;
#2032 = EDGE_CURVE ( 'NONE', #5521, #1208, #375, .T. ) ;
#2033 = CARTESIAN_POINT ( 'NONE',  ( 268.5000000000000000, -156.0000000000000000, -480.0000000000000000 ) ) ;
#2034 = VERTEX_POINT ( 'NONE', #2340 ) ;
#2035 = VECTOR ( 'NONE', #4742, 1000.000000000000000 ) ;
#2036 = DIRECTION ( 'NONE',  ( 1.244644646440758595E-16, -1.000000000000000000, 0.000000000000000000 ) ) ;
#2037 = PRODUCT ( '高柜03抽屉_高柜03抽屉', '高柜03抽屉_高柜03抽屉', '', ( #315 ) ) ;
#2038 = CARTESIAN_POINT ( 'NONE',  ( -3886.799999999977445, 1515.250000000022737, 604.7999999999999545 ) ) ;
#2039 = FACE_OUTER_BOUND ( 'NONE', #5570, .T. ) ;
#2040 = DATE_TIME_ROLE ( 'classification_date' ) ;
#2041 = AXIS2_PLACEMENT_3D ( 'NONE', #3736, #2806, #618 ) ;
#2042 = ADVANCED_BREP_SHAPE_REPRESENTATION ( '', ( #5189, #3190 ), #4574 ) ;
#2043 = DIRECTION ( 'NONE',  ( 0.000000000000000000, 0.000000000000000000, -1.000000000000000000 ) ) ;
#2044 = ADVANCED_FACE ( 'NONE', ( #3253 ), #5365, .T. ) ;
#2045 = DIRECTION ( 'NONE',  ( 0.000000000000000000, 1.000000000000000000, -0.000000000000000000 ) ) ;
#2046 = CALENDAR_DATE ( 2026, 1, 6 ) ;
#2047 = FACE_BOUND ( 'NONE', #4689, .T. ) ;
#2048 = EDGE_CURVE ( 'NONE', #4334, #611, #5799, .T. ) ;
#2049 = AXIS2_PLACEMENT_3D ( 'NONE', #1816, #4968, #3615 ) ;
#2050 = DIRECTION ( 'NONE',  ( 0.000000000000000000, -1.000000000000000000, 0.000000000000000000 ) ) ;
#2051 = ORIENTED_EDGE ( 'NONE', *, *, #2746, .F. ) ;
#2052 = DATE_AND_TIME ( #3251, #158 ) ;
#2053 = CARTESIAN_POINT ( 'NONE',  ( -269.4999999999998863, 223.0000000000000000, -279.0000000000000000 ) ) ;
#2054 = VECTOR ( 'NONE', #5299, 1000.000000000000000 ) ;
#2055 = DIRECTION ( 'NONE',  ( -0.000000000000000000, 1.000000000000000000, -0.000000000000000000 ) ) ;
#2056 = DIRECTION ( 'NONE',  ( 0.000000000000000000, -0.000000000000000000, -1.000000000000000000 ) ) ;
#2057 = PRODUCT_DEFINITION ( '未知', '', #1156, #278 ) ;
#2058 = CIRCLE ( 'NONE', #4902, 4.049999999999664979 ) ;
#2059 = EDGE_CURVE ( 'NONE', #3808, #5319, #2619, .T. ) ;
#2060 = APPROVAL_ROLE ( '' ) ;
#2061 = ORIENTED_EDGE ( 'NONE', *, *, #4816, .T. ) ;
#2062 = PLANE ( 'NONE',  #1338 ) ;
#2063 = CYLINDRICAL_SURFACE ( 'NONE', #1789, 6.499999999999999112 ) ;
#2064 = CARTESIAN_POINT ( 'NONE',  ( -268.4999999999999432, 61.00000000000005684, -480.0000000000000000 ) ) ;
#2065 = LINE ( 'NONE', #2325, #1925 ) ;
#2066 = CARTESIAN_POINT ( 'NONE',  ( -3869.999999999976808, 482.0000000000227374, 557.9999999999998863 ) ) ;
#2067 = DIRECTION ( 'NONE',  ( 0.000000000000000000, -0.000000000000000000, -1.000000000000000000 ) ) ;
#2068 = ORIENTED_EDGE ( 'NONE', *, *, #4170, .T. ) ;
#2069 = EDGE_CURVE ( 'NONE', #5390, #3146, #3532, .T. ) ;
#2070 = VECTOR ( 'NONE', #4006, 1000.000000000000000 ) ;
#2071 = VERTEX_POINT ( 'NONE', #3738 ) ;
#2072 = DIRECTION ( 'NONE',  ( 1.000000000000000000, 2.055968564120659776E-16, 0.000000000000000000 ) ) ;
#2073 = VECTOR ( 'NONE', #2160, 1000.000000000000000 ) ;
#2074 = CARTESIAN_POINT ( 'NONE',  ( -3353.999999999976808, 15.00000000002273204, 82.00000000000001421 ) ) ;
#2075 = ORIENTED_EDGE ( 'NONE', *, *, #3373, .T. ) ;
#2076 = CARTESIAN_POINT ( 'NONE',  ( -3869.999999999976808, 0.000000000000000000, 22.00000000000002132 ) ) ;
#2077 = ADVANCED_FACE ( 'NONE', ( #4859, #5792 ), #520, .F. ) ;
#2078 = VECTOR ( 'NONE', #4727, 1000.000000000000000 ) ;
#2079 = VERTEX_POINT ( 'NONE', #2324 ) ;
#2080 = VECTOR ( 'NONE', #4908, 1000.000000000000000 ) ;
#2081 = AXIS2_PLACEMENT_3D ( 'NONE', #3472, #3919, #5219 ) ;
#2082 = DIRECTION ( 'NONE',  ( 1.000000000000000000, -0.000000000000000000, 0.000000000000000000 ) ) ;
#2083 = VERTEX_POINT ( 'NONE', #1442 ) ;
#2084 = PERSON_AND_ORGANIZATION_ROLE ( 'classification_officer' ) ;
#2085 = LINE ( 'NONE', #5837, #1796 ) ;
#2086 = ORIENTED_EDGE ( 'NONE', *, *, #3039, .T. ) ;
#2087 = ORIENTED_EDGE ( 'NONE', *, *, #3865, .T. ) ;
#2088 = VERTEX_POINT ( 'NONE', #1461 ) ;
#2089 = CARTESIAN_POINT ( 'NONE',  ( 1.953311644640028390E-13, 470.0000000000000000, 15.00000000000000000 ) ) ;
#2090 = DIRECTION ( 'NONE',  ( 1.000000000000000000, 0.000000000000000000, -0.000000000000000000 ) ) ;
#2091 = EDGE_CURVE ( 'NONE', #955, #3534, #715, .T. ) ;
#2092 = DIRECTION ( 'NONE',  ( -0.000000000000000000, 1.000000000000000000, -0.000000000000000000 ) ) ;
#2093 = VERTEX_POINT ( 'NONE', #5097 ) ;
#2094 = ORIENTED_EDGE ( 'NONE', *, *, #2466, .F. ) ;
#2095 = PLANE ( 'NONE',  #3774 ) ;
#2096 = ORIENTED_EDGE ( 'NONE', *, *, #2253, .T. ) ;
#2097 = DIRECTION ( 'NONE',  ( -0.000000000000000000, 1.000000000000000000, -0.000000000000000000 ) ) ;
#2098 = ORIENTED_EDGE ( 'NONE', *, *, #3686, .T. ) ;
#2099 = ORIENTED_EDGE ( 'NONE', *, *, #4073, .T. ) ;
#2100 = PLANE ( 'NONE',  #4296 ) ;
#2101 = AXIS2_PLACEMENT_3D ( 'NONE', #2897, #2465, #1561 ) ;
#2102 = CARTESIAN_POINT ( 'NONE',  ( 33.00000000000019895, -334.9999999999999432, -27.99999999999998934 ) ) ;
#2103 = ORIENTED_EDGE ( 'NONE', *, *, #5794, .F. ) ;
#2104 = VERTEX_POINT ( 'NONE', #2885 ) ;
#2105 = APPLICATION_PROTOCOL_DEFINITION ( 'international standard', 'config_control_design', 1994, #3366 ) ;
#2106 = CC_DESIGN_SECURITY_CLASSIFICATION ( #3829, ( #5839 ) ) ;
#2107 = EDGE_LOOP ( 'NONE', ( #2838, #3282, #2713, #1026 ) ) ;
#2108 = LINE ( 'NONE', #374, #1054 ) ;
#2109 = ADVANCED_FACE ( 'NONE', ( #4149 ), #4014, .F. ) ;
#2110 = EDGE_CURVE ( 'NONE', #1010, #3166, #1071, .T. ) ;
#2111 = CARTESIAN_POINT ( 'NONE',  ( -3877.999999999977263, 1515.250000000022737, 604.7999999999999545 ) ) ;
#2112 = ORIENTED_EDGE ( 'NONE', *, *, #2833, .T. ) ;
#2113 = VECTOR ( 'NONE', #4792, 1000.000000000000000 ) ;
#2114 = DIRECTION ( 'NONE',  ( -0.000000000000000000, -0.000000000000000000, -1.000000000000000000 ) ) ;
#2115 = LOCAL_TIME ( 20, 46, 49.00000000000000000, #714 ) ;
#2116 = CARTESIAN_POINT ( 'NONE',  ( 15.90000000000019575, -468.5000000000000000, 15.90000000000000036 ) ) ;
#2117 = PRODUCT ( '高柜03电器', '高柜03电器', '', ( #2525 ) ) ;
#2118 = LINE ( 'NONE', #1930, #3170 ) ;
#2119 = ORIENTED_EDGE ( 'NONE', *, *, #1531, .F. ) ;
#2120 = DIRECTION ( 'NONE',  ( 0.000000000000000000, -1.000000000000000000, 0.000000000000000000 ) ) ;
#2121 = CIRCLE ( 'NONE', #729, 6.499999999999999112 ) ;
#2122 = DIRECTION ( 'NONE',  ( 0.000000000000000000, 1.000000000000000000, 0.000000000000000000 ) ) ;
#2123 = MECHANICAL_CONTEXT ( 'NONE', #5090, 'mechanical' ) ;
#2124 = VERTEX_POINT ( 'NONE', #191 ) ;
#2125 = AXIS2_PLACEMENT_3D ( 'NONE', #5261, #1166, #4769 ) ;
#2126 = CALENDAR_DATE ( 2026, 1, 6 ) ;
#2127 = DIRECTION ( 'NONE',  ( 0.000000000000000000, 0.000000000000000000, 1.000000000000000000 ) ) ;
#2128 = VECTOR ( 'NONE', #734, 1000.000000000000000 ) ;
#2129 = CARTESIAN_POINT ( 'NONE',  ( 6.450000000000001066, 0.000000000000000000, -1.500000000000000000 ) ) ;
#2130 = ORIENTED_EDGE ( 'NONE', *, *, #4005, .F. ) ;
#2131 = DIRECTION ( 'NONE',  ( 0.000000000000000000, 1.000000000000000000, 0.000000000000000000 ) ) ;
#2132 = COORDINATED_UNIVERSAL_TIME_OFFSET ( 8, 0, .AHEAD. ) ;
#2133 = EDGE_CURVE ( 'NONE', #1854, #4544, #4573, .T. ) ;
#2134 = LINE ( 'NONE', #4072, #305 ) ;
#2135 = AXIS2_PLACEMENT_3D ( 'NONE', #4569, #2428, #973 ) ;
#2136 = PLANE ( 'NONE',  #4462 ) ;
#2137 = DIRECTION ( 'NONE',  ( 1.000000000000000000, 0.000000000000000000, 0.000000000000000000 ) ) ;
#2138 = DIRECTION ( 'NONE',  ( 0.000000000000000000, 1.000000000000000000, 0.000000000000000000 ) ) ;
#2139 = LINE ( 'NONE', #243, #3817 ) ;
#2140 = CARTESIAN_POINT ( 'NONE',  ( 1.953311644640028390E-13, -470.0000000000000000, 15.00000000000000000 ) ) ;
#2141 = VERTEX_POINT ( 'NONE', #1089 ) ;
#2142 = DIRECTION ( 'NONE',  ( 0.000000000000000000, 0.000000000000000000, -1.000000000000000000 ) ) ;
#2143 = CC_DESIGN_APPROVAL ( #1832, ( #450 ) ) ;
#2144 = LINE ( 'NONE', #336, #4453 ) ;
#2145 = EDGE_CURVE ( 'NONE', #1091, #3652, #3392, .T. ) ;
#2146 = APPROVAL_ROLE ( '' ) ;
#2147 = VECTOR ( 'NONE', #5824, 1000.000000000000000 ) ;
#2148 = CLOSED_SHELL ( 'NONE', ( #3728, #2805, #883, #5421, #4497, #5029 ) ) ;
#2149 = LINE ( 'NONE', #1065, #5670 ) ;
#2150 = ORIENTED_EDGE ( 'NONE', *, *, #2914, .F. ) ;
#2151 = DIRECTION ( 'NONE',  ( 0.000000000000000000, 1.000000000000000000, 0.000000000000000000 ) ) ;
#2152 = FACE_OUTER_BOUND ( 'NONE', #846, .T. ) ;
#2153 = DIRECTION ( 'NONE',  ( 0.000000000000000000, 0.000000000000000000, 1.000000000000000000 ) ) ;
#2154 = EDGE_CURVE ( 'NONE', #2211, #4334, #2266, .T. ) ;
#2155 = ORIENTED_EDGE ( 'NONE', *, *, #3243, .F. ) ;
#2156 = CARTESIAN_POINT ( 'NONE',  ( 299.9999999999998295, 184.0000000000000000, 22.00000000000000000 ) ) ;
#2157 = FACE_BOUND ( 'NONE', #1380, .T. ) ;
#2158 = VERTEX_POINT ( 'NONE', #3333 ) ;
#2159 = CARTESIAN_POINT ( 'NONE',  ( -300.0000000000001705, -184.0000000000000000, 22.00000000000000000 ) ) ;
#2160 = DIRECTION ( 'NONE',  ( 0.000000000000000000, -0.000000000000000000, 1.000000000000000000 ) ) ;
#2161 = VERTEX_POINT ( 'NONE', #4661 ) ;
#2162 = DIRECTION ( 'NONE',  ( 0.000000000000000000, 0.000000000000000000, -1.000000000000000000 ) ) ;
#2163 = ORIENTED_EDGE ( 'NONE', *, *, #2455, .F. ) ;
#2164 = APPROVAL_STATUS ( 'not_yet_approved' ) ;
#2165 = ORIENTED_EDGE ( 'NONE', *, *, #2382, .T. ) ;
#2166 = ORIENTED_EDGE ( 'NONE', *, *, #3338, .F. ) ;
#2167 = DIRECTION ( 'NONE',  ( 0.000000000000000000, 1.000000000000000000, 0.000000000000000000 ) ) ;
#2168 = EDGE_CURVE ( 'NONE', #2646, #21, #5721, .T. ) ;
#2169 = AXIS2_PLACEMENT_3D ( 'NONE', #1897, #3278, #3254 ) ;
#2170 = CARTESIAN_POINT ( 'NONE',  ( 1.953311644640028390E-13, 470.0000000000000000, 15.00000000000000000 ) ) ;
#2171 = CARTESIAN_POINT ( 'NONE',  ( 15.90000000000019575, -468.5000000000000000, 10.90000000000000036 ) ) ;
#2172 = CARTESIAN_POINT ( 'NONE',  ( 0.000000000000000000, -22.99999999999997868, 0.000000000000000000 ) ) ;
#2173 = ORIENTED_EDGE ( 'NONE', *, *, #4063, .T. ) ;
#2174 = CIRCLE ( 'NONE', #2349, 8.000000000000007105 ) ;
#2175 = DIRECTION ( 'NONE',  ( 0.000000000000000000, 0.000000000000000000, 1.000000000000000000 ) ) ;
#2176 =( GEOMETRIC_REPRESENTATION_CONTEXT ( 3 ) GLOBAL_UNCERTAINTY_ASSIGNED_CONTEXT ( ( #287 ) ) GLOBAL_UNIT_ASSIGNED_CONTEXT ( ( #5607, #593, #647 ) ) REPRESENTATION_CONTEXT ( 'NONE', 'WORKASPACE' ) );
#2177 = EDGE_CURVE ( 'NONE', #4268, #1451, #2192, .T. ) ;
#2178 = CARTESIAN_POINT ( 'NONE',  ( 251.5000000000000568, -205.0000000000000568, 279.0000000000000000 ) ) ;
#2179 = CARTESIAN_POINT ( 'NONE',  ( -3300.000000000011369, 500.0000000000228511, 530.9999999999998863 ) ) ;
#2180 = ORIENTED_EDGE ( 'NONE', *, *, #5369, .T. ) ;
#2181 = VECTOR ( 'NONE', #203, 1000.000000000000000 ) ;
#2182 = SECURITY_CLASSIFICATION_LEVEL ( 'unclassified' ) ;
#2183 = EDGE_CURVE ( 'NONE', #917, #1165, #4437, .T. ) ;
#2184 = VECTOR ( 'NONE', #2965, 1000.000000000000000 ) ;
#2185 = CARTESIAN_POINT ( 'NONE',  ( 0.000000000000000000, 1890.000000000077762, 580.0000000000000000 ) ) ;
#2186 = CALENDAR_DATE ( 2026, 1, 6 ) ;
#2187 = DIRECTION ( 'NONE',  ( 0.000000000000000000, -1.000000000000000000, 0.000000000000000000 ) ) ;
#2188 = CONTEXT_DEPENDENT_SHAPE_REPRESENTATION ( #5366, #5466 ) ;
#2189 = CARTESIAN_POINT ( 'NONE',  ( -3329.999999999977263, 482.0000000000228511, 512.9999999999998863 ) ) ;
#2190 = DATE_AND_TIME ( #572, #4711 ) ;
#2191 = DIRECTION ( 'NONE',  ( -0.7071067811865460184, 0.000000000000000000, -0.7071067811865489050 ) ) ;
#2192 = LINE ( 'NONE', #1969, #3032 ) ;
#2193 = CARTESIAN_POINT ( 'NONE',  ( -300.0000000000001705, 184.0000000000000000, 22.00000000000000000 ) ) ;
#2194 = ORIENTED_EDGE ( 'NONE', *, *, #5394, .F. ) ;
#2195 = APPROVAL_PERSON_ORGANIZATION ( #3739, #1456, #2467 ) ;
#2196 = FACE_BOUND ( 'NONE', #3578, .T. ) ;
#2197 = APPROVAL_STATUS ( 'not_yet_approved' ) ;
#2198 = EDGE_CURVE ( 'NONE', #125, #4254, #3104, .T. ) ;
#2199 = DIRECTION ( 'NONE',  ( 0.000000000000000000, 1.000000000000000000, -0.000000000000000000 ) ) ;
#2200 = DIRECTION ( 'NONE',  ( 0.000000000000000000, 0.000000000000000000, 1.000000000000000000 ) ) ;
#2201 = FACE_OUTER_BOUND ( 'NONE', #5162, .T. ) ;
#2202 = CARTESIAN_POINT ( 'NONE',  ( -250.4999999999999432, -22.99999999999997868, -461.9999999999999432 ) ) ;
#2203 = ORIENTED_EDGE ( 'NONE', *, *, #4271, .T. ) ;
#2204 = VECTOR ( 'NONE', #2978, 1000.000000000000000 ) ;
#2205 = AXIS2_PLACEMENT_3D ( 'NONE', #1200, #3522, #342 ) ;
#2206 = LINE ( 'NONE', #4033, #2905 ) ;
#2207 = CARTESIAN_POINT ( 'NONE',  ( 15.00000000000019362, 470.0000000000000000, 15.00000000000000000 ) ) ;
#2208 = EDGE_LOOP ( 'NONE', ( #4549, #4047, #5776, #4788 ) ) ;
#2209 = DIRECTION ( 'NONE',  ( -1.000000000000000000, 0.000000000000000000, 0.000000000000000000 ) ) ;
#2210 = CYLINDRICAL_SURFACE ( 'NONE', #4539, 5.000000000000000888 ) ;
#2211 = VERTEX_POINT ( 'NONE', #1143 ) ;
#2212 = LINE ( 'NONE', #1229, #818 ) ;
#2213 = ADVANCED_FACE ( 'NONE', ( #3949 ), #5437, .F. ) ;
#2214 = DIRECTION ( 'NONE',  ( 1.000000000000000000, -2.558117568260729619E-16, 0.000000000000000000 ) ) ;
#2215 = CC_DESIGN_PERSON_AND_ORGANIZATION_ASSIGNMENT ( #3241, #1760, ( #5346 ) ) ;
#2216 = CARTESIAN_POINT ( 'NONE',  ( -3886.799999999977445, 1515.250000000022737, 604.7999999999999545 ) ) ;
#2217 = ORIENTED_EDGE ( 'NONE', *, *, #2833, .F. ) ;
#2218 = EDGE_CURVE ( 'NONE', #1979, #1834, #1837, .T. ) ;
#2219 = LINE ( 'NONE', #1085, #3343 ) ;
#2220 = ORIENTED_EDGE ( 'NONE', *, *, #2535, .T. ) ;
#2221 = VECTOR ( 'NONE', #4211, 1000.000000000000000 ) ;
#2222 = ORIENTED_EDGE ( 'NONE', *, *, #4432, .F. ) ;
#2223 = DIRECTION ( 'NONE',  ( 1.000000000000000000, 0.000000000000000000, 0.000000000000000000 ) ) ;
#2224 = FACE_OUTER_BOUND ( 'NONE', #908, .T. ) ;
#2225 = VERTEX_POINT ( 'NONE', #653 ) ;
#2226 = ORIENTED_EDGE ( 'NONE', *, *, #1916, .F. ) ;
#2227 = ORIENTED_EDGE ( 'NONE', *, *, #2914, .T. ) ;
#2228 = AXIS2_PLACEMENT_3D ( 'NONE', #5226, #2893, #1634 ) ;
#2229 = CARTESIAN_POINT ( 'NONE',  ( -3869.999999999976808, 946.0000000001497256, 22.00000000000000000 ) ) ;
#2230 = ADVANCED_FACE ( 'NONE', ( #1419 ), #5201, .F. ) ;
#2231 = ORIENTED_EDGE ( 'NONE', *, *, #4380, .F. ) ;
#2232 = ORIENTED_EDGE ( 'NONE', *, *, #1013, .T. ) ;
#2233 = DIRECTION ( 'NONE',  ( 1.000000000000000000, 0.000000000000000000, 0.000000000000000000 ) ) ;
#2234 = ORIENTED_EDGE ( 'NONE', *, *, #4252, .T. ) ;
#2235 = DIRECTION ( 'NONE',  ( 0.000000000000000000, 0.000000000000000000, -1.000000000000000000 ) ) ;
#2236 = AXIS2_PLACEMENT_3D ( 'NONE', #4934, #2636, #4484 ) ;
#2237 = EDGE_LOOP ( 'NONE', ( #5170, #5179, #2616, #1805 ) ) ;
#2238 = DIRECTION ( 'NONE',  ( 1.000000000000000000, -0.000000000000000000, -0.000000000000000000 ) ) ;
#2239 = DIRECTION ( 'NONE',  ( 0.000000000000000000, -0.000000000000000000, -1.000000000000000000 ) ) ;
#2240 = DIRECTION ( 'NONE',  ( 0.000000000000000000, -1.000000000000000000, 0.000000000000000000 ) ) ;
#2241 = VERTEX_POINT ( 'NONE', #2495 ) ;
#2242 = ORIENTED_EDGE ( 'NONE', *, *, #2154, .T. ) ;
#2243 = CARTESIAN_POINT ( 'NONE',  ( -3353.999999999976808, 85.00000000002273737, 502.0000000000000000 ) ) ;
#2244 = EDGE_CURVE ( 'NONE', #3403, #1797, #646, .T. ) ;
#2245 = CARTESIAN_POINT ( 'NONE',  ( -3884.099999999977626, 1515.250000000022737, 596.0000000000000000 ) ) ;
#2246 = ORIENTED_EDGE ( 'NONE', *, *, #5292, .F. ) ;
#2247 = LINE ( 'NONE', #3882, #3162 ) ;
#2248 = CARTESIAN_POINT ( 'NONE',  ( -3894.799999999977445, 1894.750000000022510, 596.7999999999999545 ) ) ;
#2249 = DIRECTION ( 'NONE',  ( 0.000000000000000000, 1.000000000000000000, -0.000000000000000000 ) ) ;
#2250 = CC_DESIGN_PERSON_AND_ORGANIZATION_ASSIGNMENT ( #4225, #708, ( #1156 ) ) ;
#2251 = ORIENTED_EDGE ( 'NONE', *, *, #1652, .T. ) ;
#2252 = LINE ( 'NONE', #2858, #4563 ) ;
#2253 = EDGE_CURVE ( 'NONE', #2104, #4473, #2329, .T. ) ;
#2254 = DATE_AND_TIME ( #3457, #5358 ) ;
#2255 = PRODUCT_DEFINITION_SHAPE ( 'NONE', 'NONE',  #5842 ) ;
#2256 = CARTESIAN_POINT ( 'NONE',  ( 0.000000000000000000, 1428.000000000077762, 580.0000000000000000 ) ) ;
#2257 = DIRECTION ( 'NONE',  ( 0.000000000000000000, 1.000000000000000000, -0.000000000000000000 ) ) ;
#2258 = VECTOR ( 'NONE', #1954, 1000.000000000000000 ) ;
#2259 = COORDINATED_UNIVERSAL_TIME_OFFSET ( 8, 0, .AHEAD. ) ;
#2260 = CARTESIAN_POINT ( 'NONE',  ( -0.000000000000000000, -365.0000000000000000, 0.000000000000000000 ) ) ;
#2261 = VECTOR ( 'NONE', #2238, 1000.000000000000000 ) ;
#2262 = EDGE_CURVE ( 'NONE', #2034, #1656, #5360, .T. ) ;
#2263 = DIRECTION ( 'NONE',  ( 0.000000000000000000, 0.000000000000000000, 1.000000000000000000 ) ) ;
#2264 = ORIENTED_EDGE ( 'NONE', *, *, #503, .T. ) ;
#2265 = PERSON_AND_ORGANIZATION ( #724, #4157 ) ;
#2266 = LINE ( 'NONE', #1594, #1001 ) ;
#2267 = CARTESIAN_POINT ( 'NONE',  ( -3299.999999999976808, -1.302661682226841118E-12, 580.0000000000000000 ) ) ;
#2268 = EDGE_LOOP ( 'NONE', ( #2856, #5116, #3567, #4332, #2493 ) ) ;
#2269 = PLANE ( 'NONE',  #1815 ) ;
#2270 = LOCAL_TIME ( 20, 46, 49.00000000000000000, #4655 ) ;
#2271 = DIRECTION ( 'NONE',  ( 0.000000000000000000, 1.000000000000000000, 0.000000000000000000 ) ) ;
#2272 = CIRCLE ( 'NONE', #4593, 6.450000000000001066 ) ;
#2273 = DIRECTION ( 'NONE',  ( 0.000000000000000000, 1.000000000000000000, 0.000000000000000000 ) ) ;
#2274 = EDGE_LOOP ( 'NONE', ( #3718, #2283 ) ) ;
#2275 = CARTESIAN_POINT ( 'NONE',  ( -3877.999999999977263, 2215.250000000022737, 604.7999999999999545 ) ) ;
#2276 = EDGE_CURVE ( 'NONE', #262, #1326, #4227, .T. ) ;
#2277 = FACE_OUTER_BOUND ( 'NONE', #692, .T. ) ;
#2278 = CARTESIAN_POINT ( 'NONE',  ( -3884.099999999977626, 2215.250000000022737, 596.0000000000000000 ) ) ;
#2279 = VERTEX_POINT ( 'NONE', #2111 ) ;
#2280 = CARTESIAN_POINT ( 'NONE',  ( -3886.799999999977445, 1894.750000000022510, 604.7999999999999545 ) ) ;
#2281 = FACE_OUTER_BOUND ( 'NONE', #182, .T. ) ;
#2282 = CYLINDRICAL_SURFACE ( 'NONE', #308, 27.00000000000010658 ) ;
#2283 = ORIENTED_EDGE ( 'NONE', *, *, #213, .F. ) ;
#2284 =( GEOMETRIC_REPRESENTATION_CONTEXT ( 3 ) GLOBAL_UNCERTAINTY_ASSIGNED_CONTEXT ( ( #138 ) ) GLOBAL_UNIT_ASSIGNED_CONTEXT ( ( #2841, #1565, #4239 ) ) REPRESENTATION_CONTEXT ( 'NONE', 'WORKASPACE' ) );
#2285 = CARTESIAN_POINT ( 'NONE',  ( 15.90000000000019575, -334.9999999999999432, 10.90000000000000036 ) ) ;
#2286 = LINE ( 'NONE', #4379, #2564 ) ;
#2287 = EDGE_LOOP ( 'NONE', ( #2426, #491, #889, #5595 ) ) ;
#2288 = EDGE_CURVE ( 'NONE', #2889, #169, #3326, .T. ) ;
#2289 = LINE ( 'NONE', #5621, #4468 ) ;
#2290 = DIRECTION ( 'NONE',  ( 0.000000000000000000, -0.000000000000000000, 1.000000000000000000 ) ) ;
#2291 = DIRECTION ( 'NONE',  ( -0.000000000000000000, -0.000000000000000000, -1.000000000000000000 ) ) ;
#2292 = ORIENTED_EDGE ( 'NONE', *, *, #4496, .T. ) ;
#2293 = CIRCLE ( 'NONE', #1825, 27.00000000000011369 ) ;
#2294 = EDGE_LOOP ( 'NONE', ( #487, #1245, #2748, #2866 ) ) ;
#2295 = PLANE ( 'NONE',  #5014 ) ;
#2296 = EDGE_CURVE ( 'NONE', #5835, #609, #4298, .T. ) ;
#2297 = CIRCLE ( 'NONE', #360, 5.000000000000000000 ) ;
#2298 = ORIENTED_EDGE ( 'NONE', *, *, #3540, .T. ) ;
#2299 = ORIENTED_EDGE ( 'NONE', *, *, #2773, .F. ) ;
#2300 = CARTESIAN_POINT ( 'NONE',  ( 15.90000000000019575, -470.0000000000000000, 10.90000000000000036 ) ) ;
#2301 = CARTESIAN_POINT ( 'NONE',  ( -3329.999999999977717, 1890.000000000077762, 580.0000000000000000 ) ) ;
#2302 = ORIENTED_EDGE ( 'NONE', *, *, #2773, .T. ) ;
#2303 = AXIS2_PLACEMENT_3D ( 'NONE', #2737, #5001, #2755 ) ;
#2304 = EDGE_LOOP ( 'NONE', ( #541, #1788, #5387, #557 ) ) ;
#2305 = EDGE_LOOP ( 'NONE', ( #3676, #162, #5039, #3703 ) ) ;
#2306 = CARTESIAN_POINT ( 'NONE',  ( -297.4999999999999432, -223.0000000000000000, 279.0000000000000000 ) ) ;
#2307 = EDGE_CURVE ( 'NONE', #340, #124, #4712, .T. ) ;
#2308 = AXIS2_PLACEMENT_3D ( 'NONE', #1981, #3287, #2427 ) ;
#2309 = DIRECTION ( 'NONE',  ( -0.000000000000000000, 1.000000000000000000, -0.000000000000000000 ) ) ;
#2310 = CARTESIAN_POINT ( 'NONE',  ( -3353.999999999976808, 85.00000000002273737, 54.99999999999990052 ) ) ;
#2311 = ORIENTED_EDGE ( 'NONE', *, *, #1224, .T. ) ;
#2312 = FACE_OUTER_BOUND ( 'NONE', #4114, .T. ) ;
#2313 = ADVANCED_FACE ( 'NONE', ( #2047, #2464 ), #1688, .T. ) ;
#2314 = DIRECTION ( 'NONE',  ( 0.000000000000000000, 0.000000000000000000, -1.000000000000000000 ) ) ;
#2315 = DIRECTION ( 'NONE',  ( 0.000000000000000000, 0.000000000000000000, -1.000000000000000000 ) ) ;
#2316 = EDGE_CURVE ( 'NONE', #229, #429, #227, .T. ) ;
#2317 = CLOSED_SHELL ( 'NONE', ( #4591, #1740, #5344, #968, #2018, #1399, #3529, #2985, #5587, #80, #1960, #3292, #2862, #4719, #756, #1568, #4551, #4434, #201, #3650, #2925, #4051, #1479, #4344, #26, #1458, #5118, #3131, #1048, #2952, #3868, #4285, #2509, #253, #2371, #4256, #4575, #1192, #2394, #4877, #4924, #5236, #3350, #5529, #166, #5710, #5559, #4467, #4521, #1601, #5829, #43, #869, #3702, #4135, #5683, #1871, #4896, #1300, #2784, #2894, #3845, #3588, #4670, #1989, #107, #5146, #3562, #4449, #996, #1416, #577, #1624, #1131, #4192, #1, #2480, #5480, #4996, #4610, #2752, #1512, #3786, #5209, #2077, #4697, #5054, #1929, #4218, #4911, #4971, #2542, #5086, #377, #3754, #5332, #608, #1106, #1078 ) ) ;
#2318 = LINE ( 'NONE', #1678, #4139 ) ;
#2319 = AXIS2_PLACEMENT_3D ( 'NONE', #4499, #2199, #5351 ) ;
#2320 = CARTESIAN_POINT ( 'NONE',  ( -3869.999999999976808, 482.0000000000227374, 22.00000000000002132 ) ) ;
#2321 = DIRECTION ( 'NONE',  ( 0.000000000000000000, 0.000000000000000000, -1.000000000000000000 ) ) ;
#2322 = VECTOR ( 'NONE', #3832, 1000.000000000000000 ) ;
#2323 = LOCAL_TIME ( 20, 46, 49.00000000000000000, #5565 ) ;
#2324 = CARTESIAN_POINT ( 'NONE',  ( 15.90000000000019575, 468.5000000000000000, 9.400000000000002132 ) ) ;
#2325 = CARTESIAN_POINT ( 'NONE',  ( -3894.799999999977445, 2244.750000000022737, 580.0000000000000000 ) ) ;
#2326 = EDGE_CURVE ( 'NONE', #4972, #3722, #1908, .T. ) ;
#2327 = ADVANCED_FACE ( 'NONE', ( #4515 ), #2596, .F. ) ;
#2328 = LOCAL_TIME ( 20, 46, 49.00000000000000000, #4930 ) ;
#2329 = CIRCLE ( 'NONE', #237, 8.000000000000007105 ) ;
#2330 = ORIENTED_EDGE ( 'NONE', *, *, #1554, .T. ) ;
#2331 = CARTESIAN_POINT ( 'NONE',  ( 15.90000000000019575, -470.0000000000000000, 15.90000000000000036 ) ) ;
#2332 = CALENDAR_DATE ( 2026, 1, 6 ) ;
#2333 = EDGE_CURVE ( 'NONE', #3403, #1240, #575, .T. ) ;
#2334 = DIRECTION ( 'NONE',  ( 1.000000000000000000, 0.000000000000000000, 0.000000000000000000 ) ) ;
#2335 = VECTOR ( 'NONE', #2191, 1000.000000000000114 ) ;
#2336 = CARTESIAN_POINT ( 'NONE',  ( -3884.099999999977626, 1865.250000000022510, 600.0499999999996135 ) ) ;
#2337 = DIRECTION ( 'NONE',  ( -1.000000000000000000, 0.000000000000000000, -0.000000000000000000 ) ) ;
#2338 = LINE ( 'NONE', #1977, #4377 ) ;
#2339 = ADVANCED_FACE ( 'NONE', ( #3181 ), #1135, .F. ) ;
#2340 = CARTESIAN_POINT ( 'NONE',  ( -3894.799999999977445, 1544.750000000022737, 596.7999999999999545 ) ) ;
#2341 = ORIENTED_EDGE ( 'NONE', *, *, #1841, .T. ) ;
#2342 = LINE ( 'NONE', #5253, #387 ) ;
#2343 = LINE ( 'NONE', #1893, #2630 ) ;
#2344 = PLANE ( 'NONE',  #3489 ) ;
#2345 = ORIENTED_EDGE ( 'NONE', *, *, #183, .T. ) ;
#2346 = EDGE_CURVE ( 'NONE', #594, #1360, #797, .T. ) ;
#2347 = LINE ( 'NONE', #2875, #5380 ) ;
#2348 = EDGE_LOOP ( 'NONE', ( #3979, #5414, #1402, #1848 ) ) ;
#2349 = AXIS2_PLACEMENT_3D ( 'NONE', #3818, #5619, #5635 ) ;
#2350 = FACE_OUTER_BOUND ( 'NONE', #2640, .T. ) ;
#2351 = EDGE_LOOP ( 'NONE', ( #2649, #2556 ) ) ;
#2352 = ORIENTED_EDGE ( 'NONE', *, *, #2594, .F. ) ;
#2353 = CARTESIAN_POINT ( 'NONE',  ( -3353.999999999976808, 2.273181642920008017E-11, 502.0000000000000000 ) ) ;
#2354 = FACE_OUTER_BOUND ( 'NONE', #3714, .T. ) ;
#2355 = CC_DESIGN_APPROVAL ( #4158, ( #1156 ) ) ;
#2356 = CARTESIAN_POINT ( 'NONE',  ( -3843.999999999977263, 2.273181642920008017E-11, 54.99999999999990052 ) ) ;
#2357 = ORIENTED_EDGE ( 'NONE', *, *, #3098, .T. ) ;
#2358 = EDGE_CURVE ( 'NONE', #3146, #169, #5290, .T. ) ;
#2359 = VECTOR ( 'NONE', #5717, 1000.000000000000000 ) ;
#2360 = ORIENTED_EDGE ( 'NONE', *, *, #300, .F. ) ;
#2361 = ORIENTED_EDGE ( 'NONE', *, *, #3280, .T. ) ;
#2362 = CARTESIAN_POINT ( 'NONE',  ( 0.000000000000000000, 100.0000000000227374, 0.000000000000000000 ) ) ;
#2363 = VERTEX_POINT ( 'NONE', #3007 ) ;
#2364 = PLANE ( 'NONE',  #4937 ) ;
#2365 = DIRECTION ( 'NONE',  ( -1.162943112386686542E-16, -1.000000000000000000, 0.000000000000000000 ) ) ;
#2366 = ORIENTED_EDGE ( 'NONE', *, *, #4693, .T. ) ;
#2367 = ORIENTED_EDGE ( 'NONE', *, *, #513, .T. ) ;
#2368 = VERTEX_POINT ( 'NONE', #2129 ) ;
#2369 = BREP_WITH_VOIDS ( 'NONE', #1585, ( #5549 ) );
#2370 = CARTESIAN_POINT ( 'NONE',  ( -3353.999999999976808, 85.00000000002273737, 82.00000000000001421 ) ) ;
#2371 = ADVANCED_FACE ( 'NONE', ( #3805 ), #5217, .F. ) ;
#2372 = ORIENTED_EDGE ( 'NONE', *, *, #947, .F. ) ;
#2373 =( NAMED_UNIT ( * ) SI_UNIT ( $, .STERADIAN. ) SOLID_ANGLE_UNIT ( ) );
#2374 = AXIS2_PLACEMENT_3D ( 'NONE', #2028, #1597, #5241 ) ;
#2375 = ORIENTED_EDGE ( 'NONE', *, *, #2316, .F. ) ;
#2376 = LINE ( 'NONE', #4250, #1117 ) ;
#2377 = DIRECTION ( 'NONE',  ( -0.000000000000000000, 1.000000000000000000, -0.000000000000000000 ) ) ;
#2378 = CARTESIAN_POINT ( 'NONE',  ( -3869.999999999977263, 1894.750000000022510, 596.7999999999999545 ) ) ;
#2379 = DIRECTION ( 'NONE',  ( 2.489289292881517190E-16, -1.000000000000000000, 0.000000000000000000 ) ) ;
#2380 = ORIENTED_EDGE ( 'NONE', *, *, #625, .T. ) ;
#2381 = LINE ( 'NONE', #2670, #4634 ) ;
#2382 = EDGE_CURVE ( 'NONE', #3448, #955, #2887, .T. ) ;
#2383 = AXIS2_PLACEMENT_3D ( 'NONE', #1243, #856, #4024 ) ;
#2384 = CARTESIAN_POINT ( 'NONE',  ( 15.90000000000019575, -470.0000000000000000, 15.90000000000000036 ) ) ;
#2385 = CARTESIAN_POINT ( 'NONE',  ( 15.90000000000019575, 334.9999999999999432, 15.90000000000000036 ) ) ;
#2386 = CIRCLE ( 'NONE', #1704, 27.00000000000013500 ) ;
#2387 = COORDINATED_UNIVERSAL_TIME_OFFSET ( 8, 0, .AHEAD. ) ;
#2388 = DIRECTION ( 'NONE',  ( -0.000000000000000000, -0.000000000000000000, -1.000000000000000000 ) ) ;
#2389 = CC_DESIGN_PERSON_AND_ORGANIZATION_ASSIGNMENT ( #2265, #1137, ( #2037 ) ) ;
#2390 = LINE ( 'NONE', #3756, #3022 ) ;
#2391 = PERSON_AND_ORGANIZATION_ROLE ( 'design_owner' ) ;
#2392 = LOCAL_TIME ( 20, 46, 49.00000000000000000, #362 ) ;
#2393 = VECTOR ( 'NONE', #1749, 1000.000000000000000 ) ;
#2394 = ADVANCED_FACE ( 'NONE', ( #5150 ), #758, .F. ) ;
#2395 = CARTESIAN_POINT ( 'NONE',  ( -3353.999999999976808, 85.00000000002273737, 82.00000000000001421 ) ) ;
#2396 = ORIENTED_EDGE ( 'NONE', *, *, #1368, .T. ) ;
#2397 = DIRECTION ( 'NONE',  ( 0.000000000000000000, -1.000000000000000000, 0.000000000000000000 ) ) ;
#2398 = COORDINATED_UNIVERSAL_TIME_OFFSET ( 8, 0, .AHEAD. ) ;
#2399 = CC_DESIGN_SECURITY_CLASSIFICATION ( #4203, ( #5842 ) ) ;
#2400 = FACE_OUTER_BOUND ( 'NONE', #600, .T. ) ;
#2401 = EDGE_CURVE ( 'NONE', #1596, #5034, #509, .T. ) ;
#2402 = ORIENTED_EDGE ( 'NONE', *, *, #641, .T. ) ;
#2403 = DATE_AND_TIME ( #1214, #1774 ) ;
#2404 = LINE ( 'NONE', #1898, #5230 ) ;
#2405 = DIRECTION ( 'NONE',  ( 0.000000000000000000, -1.000000000000000000, 0.000000000000000000 ) ) ;
#2406 = EDGE_LOOP ( 'NONE', ( #1598, #335, #1467, #378 ) ) ;
#2407 = AXIS2_PLACEMENT_3D ( 'NONE', #966, #3320, #76 ) ;
#2408 = DIRECTION ( 'NONE',  ( 0.000000000000000000, -1.000000000000000000, 0.000000000000000000 ) ) ;
#2409 = CYLINDRICAL_SURFACE ( 'NONE', #1063, 15.00000000000000000 ) ;
#2410 = EDGE_LOOP ( 'NONE', ( #4057, #4795 ) ) ;
#2411 = DIRECTION ( 'NONE',  ( -1.000000000000000000, -0.000000000000000000, -1.137523590804460371E-16 ) ) ;
#2412 = CIRCLE ( 'NONE', #5340, 27.00000000000011369 ) ;
#2413 = CARTESIAN_POINT ( 'NONE',  ( 0.000000000000000000, 1890.000000000077762, 22.00000000000002132 ) ) ;
#2414 = VECTOR ( 'NONE', #1991, 1000.000000000000000 ) ;
#2415 = AXIS2_PLACEMENT_3D ( 'NONE', #1626, #3410, #5240 ) ;
#2416 = DIRECTION ( 'NONE',  ( 0.000000000000000000, 0.000000000000000000, 1.000000000000000000 ) ) ;
#2417 = ORIENTED_EDGE ( 'NONE', *, *, #3842, .F. ) ;
#2418 = CYLINDRICAL_SURFACE ( 'NONE', #3527, 5.000000000000000888 ) ;
#2419 = ORIENTED_EDGE ( 'NONE', *, *, #5689, .F. ) ;
#2420 = DIRECTION ( 'NONE',  ( 1.137523590804460371E-16, 0.000000000000000000, -1.000000000000000000 ) ) ;
#2421 = ORIENTED_EDGE ( 'NONE', *, *, #3084, .F. ) ;
#2422 = EDGE_CURVE ( 'NONE', #3637, #3448, #1553, .T. ) ;
#2423 = ORIENTED_EDGE ( 'NONE', *, *, #5266, .F. ) ;
#2424 = ADVANCED_FACE ( 'NONE', ( #939 ), #5372, .T. ) ;
#2425 = EDGE_LOOP ( 'NONE', ( #5768, #4548, #3504, #5102 ) ) ;
#2426 = ORIENTED_EDGE ( 'NONE', *, *, #3500, .T. ) ;
#2427 = DIRECTION ( 'NONE',  ( 0.000000000000000000, 0.000000000000000000, 1.000000000000000000 ) ) ;
#2428 = DIRECTION ( 'NONE',  ( 0.000000000000000000, -1.000000000000000000, 0.000000000000000000 ) ) ;
#2429 =( LENGTH_UNIT ( ) NAMED_UNIT ( * ) SI_UNIT ( .MILLI., .METRE. ) );
#2430 = ORIENTED_EDGE ( 'NONE', *, *, #533, .T. ) ;
#2431 = ORIENTED_EDGE ( 'NONE', *, *, #751, .T. ) ;
#2432 = ORIENTED_EDGE ( 'NONE', *, *, #876, .F. ) ;
#2433 = CC_DESIGN_SECURITY_CLASSIFICATION ( #450, ( #4962 ) ) ;
#2434 = CARTESIAN_POINT ( 'NONE',  ( -3329.999999999977263, 500.0000000000228511, 580.0000000000000000 ) ) ;
#2435 = EDGE_CURVE ( 'NONE', #4825, #471, #4932, .T. ) ;
#2436 = DIRECTION ( 'NONE',  ( 0.000000000000000000, 0.000000000000000000, -1.000000000000000000 ) ) ;
#2437 = CARTESIAN_POINT ( 'NONE',  ( -3869.999999999977263, 2215.250000000022737, 580.0000000000000000 ) ) ;
#2438 = EDGE_LOOP ( 'NONE', ( #3694, #4958, #3779, #3357 ) ) ;
#2439 = CARTESIAN_POINT ( 'NONE',  ( -3886.799999999977445, 2215.250000000022737, 596.7999999999999545 ) ) ;
#2440 = CARTESIAN_POINT ( 'NONE',  ( 0.000000000000000000, 2320.000000000022737, 580.0000000000000000 ) ) ;
#2441 = ORIENTED_EDGE ( 'NONE', *, *, #324, .T. ) ;
#2442 = EDGE_CURVE ( 'NONE', #1386, #4096, #4078, .T. ) ;
#2443 = CARTESIAN_POINT ( 'NONE',  ( 0.000000000000000000, 0.000000000000000000, 0.000000000000000000 ) ) ;
#2444 = DIRECTION ( 'NONE',  ( 0.000000000000000000, -1.000000000000000000, -0.000000000000000000 ) ) ;
#2445 = CARTESIAN_POINT ( 'NONE',  ( -3843.999999999977263, 2.273181642920008017E-11, 502.0000000000000000 ) ) ;
#2446 = VERTEX_POINT ( 'NONE', #903 ) ;
#2447 = FACE_BOUND ( 'NONE', #267, .T. ) ;
#2448 = DIRECTION ( 'NONE',  ( -1.201540069940645842E-16, -0.000000000000000000, -1.000000000000000000 ) ) ;
#2449 =( NAMED_UNIT ( * ) SI_UNIT ( $, .STERADIAN. ) SOLID_ANGLE_UNIT ( ) );
#2450 = AXIS2_PLACEMENT_3D ( 'NONE', #4578, #168, #3234 ) ;
#2451 = CARTESIAN_POINT ( 'NONE',  ( 0.000000000000000000, 0.000000000000000000, 22.00000000000000000 ) ) ;
#2452 = CIRCLE ( 'NONE', #2383, 4.049999999999664979 ) ;
#2453 = ADVANCED_FACE ( 'NONE', ( #3461 ), #1976, .T. ) ;
#2454 = CARTESIAN_POINT ( 'NONE',  ( -3353.999999999976808, 2.273181642920008017E-11, 82.00000000000001421 ) ) ;
#2455 = EDGE_CURVE ( 'NONE', #4032, #5521, #1690, .T. ) ;
#2456 = FACE_OUTER_BOUND ( 'NONE', #2574, .T. ) ;
#2457 = AXIS2_PLACEMENT_3D ( 'NONE', #1892, #4083, #5015 ) ;
#2458 = DIRECTION ( 'NONE',  ( 0.000000000000000000, -0.000000000000000000, 1.000000000000000000 ) ) ;
#2459 = COORDINATED_UNIVERSAL_TIME_OFFSET ( 8, 0, .AHEAD. ) ;
#2460 = CARTESIAN_POINT ( 'NONE',  ( -3299.999999999977717, 2350.000000000022737, 580.0000000000000000 ) ) ;
#2461 = DIRECTION ( 'NONE',  ( 1.000000000000000000, -1.162943112386686542E-16, -0.000000000000000000 ) ) ;
#2462 = LOCAL_TIME ( 20, 46, 49.00000000000000000, #5435 ) ;
#2463 = DIRECTION ( 'NONE',  ( 0.000000000000000000, 1.000000000000000000, 0.000000000000000000 ) ) ;
#2464 = FACE_OUTER_BOUND ( 'NONE', #511, .T. ) ;
#2465 = DIRECTION ( 'NONE',  ( 0.000000000000000000, 1.000000000000000000, 0.000000000000000000 ) ) ;
#2466 = EDGE_CURVE ( 'NONE', #4732, #2079, #2121, .T. ) ;
#2467 = APPROVAL_ROLE ( '' ) ;
#2468 = ORIENTED_EDGE ( 'NONE', *, *, #4847, .T. ) ;
#2469 = PERSON_AND_ORGANIZATION ( #724, #4157 ) ;
#2470 = ADVANCED_BREP_SHAPE_REPRESENTATION ( '', ( #3086, #3190 ), #2585 ) ;
#2471 = DIRECTION ( 'NONE',  ( -1.000000000000000000, -3.947459643111667973E-16, 0.000000000000000000 ) ) ;
#2472 = VECTOR ( 'NONE', #2137, 1000.000000000000000 ) ;
#2473 = CARTESIAN_POINT ( 'NONE',  ( 15.90000000000019575, -365.0000000000000000, 10.90000000000000036 ) ) ;
#2474 = CARTESIAN_POINT ( 'NONE',  ( 1.953311644640028390E-13, 470.0000000000000000, 27.00000000000000711 ) ) ;
#2475 = DIRECTION ( 'NONE',  ( 0.000000000000000000, -1.000000000000000000, 0.000000000000000000 ) ) ;
#2476 = EDGE_CURVE ( 'NONE', #3925, #5531, #3026, .T. ) ;
#2477 = LINE ( 'NONE', #363, #2762 ) ;
#2478 = VERTEX_POINT ( 'NONE', #3969 ) ;
#2479 = LINE ( 'NONE', #5687, #2204 ) ;
#2480 = ADVANCED_FACE ( 'NONE', ( #3735, #294 ), #361, .T. ) ;
#2481 = LINE ( 'NONE', #5511, #1152 ) ;
#2482 = CARTESIAN_POINT ( 'NONE',  ( 251.5000000000001137, 223.0000000000000000, 279.0000000000000000 ) ) ;
#2483 = VERTEX_POINT ( 'NONE', #3524 ) ;
#2484 = DIRECTION ( 'NONE',  ( 0.000000000000000000, -1.000000000000000000, 0.000000000000000000 ) ) ;
#2485 = LINE ( 'NONE', #1763, #1086 ) ;
#2486 = EDGE_LOOP ( 'NONE', ( #5468, #2119, #3501, #730 ) ) ;
#2487 = DATE_TIME_ROLE ( 'creation_date' ) ;
#2488 = FACE_OUTER_BOUND ( 'NONE', #4262, .T. ) ;
#2489 = DIRECTION ( 'NONE',  ( 0.000000000000000000, 0.000000000000000000, 1.000000000000000000 ) ) ;
#2490 = ORIENTED_EDGE ( 'NONE', *, *, #2358, .F. ) ;
#2491 = EDGE_CURVE ( 'NONE', #5685, #2772, #640, .T. ) ;
#2492 = CIRCLE ( 'NONE', #173, 27.00000000000013500 ) ;
#2493 = ORIENTED_EDGE ( 'NONE', *, *, #3798, .T. ) ;
#2494 = AXIS2_PLACEMENT_3D ( 'NONE', #4339, #4806, #4783 ) ;
#2495 = CARTESIAN_POINT ( 'NONE',  ( -3869.999999999977263, 1890.000000000077762, 580.0000000000000000 ) ) ;
#2496 = CYLINDRICAL_SURFACE ( 'NONE', #4136, 27.00000000000013500 ) ;
#2497 = ORIENTED_EDGE ( 'NONE', *, *, #1574, .F. ) ;
#2498 = ORIENTED_EDGE ( 'NONE', *, *, #1703, .T. ) ;
#2499 = ORIENTED_EDGE ( 'NONE', *, *, #485, .T. ) ;
#2500 = EDGE_LOOP ( 'NONE', ( #5661, #366, #4633, #4956 ) ) ;
#2501 = DIRECTION ( 'NONE',  ( 1.033727211010387736E-16, 1.000000000000000000, 0.000000000000000000 ) ) ;
#2502 = CARTESIAN_POINT ( 'NONE',  ( -3884.099999999977626, 1544.750000000022737, 600.0499999999996135 ) ) ;
#2503 = ORIENTED_EDGE ( 'NONE', *, *, #5278, .T. ) ;
#2504 = VERTEX_POINT ( 'NONE', #4872 ) ;
#2505 = CARTESIAN_POINT ( 'NONE',  ( 1.953311644640028390E-13, 470.0000000000000000, 30.00000000000000000 ) ) ;
#2506 = APPROVAL_STATUS ( 'not_yet_approved' ) ;
#2507 = ORIENTED_EDGE ( 'NONE', *, *, #834, .T. ) ;
#2508 = APPROVAL ( #1257, '未指定' ) ;
#2509 = ADVANCED_FACE ( 'NONE', ( #1619 ), #4420, .T. ) ;
#2510 = EDGE_CURVE ( 'NONE', #373, #4257, #2534, .T. ) ;
#2511 = PLANE ( 'NONE',  #4144 ) ;
#2512 = CARTESIAN_POINT ( 'NONE',  ( -3886.799999999977445, 2215.250000000022737, 604.7999999999999545 ) ) ;
#2513 = CARTESIAN_POINT ( 'NONE',  ( -3869.999999999976808, 946.0000000001497256, 1120.299916712929871 ) ) ;
#2514 = VERTEX_POINT ( 'NONE', #2202 ) ;
#2515 = FACE_OUTER_BOUND ( 'NONE', #1722, .T. ) ;
#2516 = CARTESIAN_POINT ( 'NONE',  ( -3869.999999999977263, 2320.000000000022737, 22.00000000000002132 ) ) ;
#2517 = AXIS2_PLACEMENT_3D ( 'NONE', #826, #3899, #370 ) ;
#2518 = DIRECTION ( 'NONE',  ( -0.000000000000000000, -0.000000000000000000, -1.000000000000000000 ) ) ;
#2519 = VERTEX_POINT ( 'NONE', #1275 ) ;
#2520 = FACE_OUTER_BOUND ( 'NONE', #2304, .T. ) ;
#2521 = CARTESIAN_POINT ( 'NONE',  ( 1.953311644640028390E-13, 470.0000000000000000, 30.00000000000000000 ) ) ;
#2522 = DIRECTION ( 'NONE',  ( 0.000000000000000000, 0.000000000000000000, 1.000000000000000000 ) ) ;
#2523 = VERTEX_POINT ( 'NONE', #5462 ) ;
#2524 = FACE_OUTER_BOUND ( 'NONE', #3358, .T. ) ;
#2525 = MECHANICAL_CONTEXT ( 'NONE', #671, 'mechanical' ) ;
#2526 = CALENDAR_DATE ( 2026, 1, 6 ) ;
#2527 = PRODUCT_DEFINITION_SHAPE ( 'NONE', 'NONE',  #3537 ) ;
#2528 = AXIS2_PLACEMENT_3D ( 'NONE', #3106, #405, #2223 ) ;
#2529 = DIRECTION ( 'NONE',  ( -1.000000000000000000, 0.000000000000000000, 0.000000000000000000 ) ) ;
#2530 = DIRECTION ( 'NONE',  ( 0.000000000000000000, 1.000000000000000000, 0.000000000000000000 ) ) ;
#2531 = VECTOR ( 'NONE', #2007, 1000.000000000000000 ) ;
#2532 = DATE_AND_TIME ( #3947, #2818 ) ;
#2533 = PERSON_AND_ORGANIZATION ( #1132, #1472 ) ;
#2534 = CIRCLE ( 'NONE', #2725, 5.000000000000000000 ) ;
#2535 = EDGE_CURVE ( 'NONE', #3778, #349, #3175, .T. ) ;
#2536 = AXIS2_PLACEMENT_3D ( 'NONE', #5133, #2941, #2043 ) ;
#2537 = CARTESIAN_POINT ( 'NONE',  ( -268.4999999999999432, 61.00000000000005684, -480.0000000000000000 ) ) ;
#2538 = ORIENTED_EDGE ( 'NONE', *, *, #4701, .F. ) ;
#2539 = COORDINATED_UNIVERSAL_TIME_OFFSET ( 8, 0, .AHEAD. ) ;
#2540 = DIRECTION ( 'NONE',  ( 0.000000000000000000, -1.000000000000000000, 0.000000000000000000 ) ) ;
#2541 = LINE ( 'NONE', #3272, #4791 ) ;
#2542 = ADVANCED_FACE ( 'NONE', ( #5566 ), #3492, .F. ) ;
#2543 = ORIENTED_EDGE ( 'NONE', *, *, #5075, .F. ) ;
#2544 = CARTESIAN_POINT ( 'NONE',  ( -3843.999999999977263, 15.00000000002273204, 82.00000000000001421 ) ) ;
#2545 = SHAPE_DEFINITION_REPRESENTATION ( #4982, #4855 ) ;
#2546 = DIRECTION ( 'NONE',  ( 0.000000000000000000, 0.000000000000000000, 1.000000000000000000 ) ) ;
#2547 = SECURITY_CLASSIFICATION ( '', '', #4300 ) ;
#2548 = FACE_OUTER_BOUND ( 'NONE', #5295, .T. ) ;
#2549 = EDGE_CURVE ( 'NONE', #3275, #5741, #5284, .T. ) ;
#2550 = APPROVAL_STATUS ( 'not_yet_approved' ) ;
#2551 = ORIENTED_EDGE ( 'NONE', *, *, #5197, .T. ) ;
#2552 = CARTESIAN_POINT ( 'NONE',  ( 1.953311644640028390E-13, 470.0000000000000000, 15.00000000000000000 ) ) ;
#2553 = PLANE ( 'NONE',  #3100 ) ;
#2554 = CIRCLE ( 'NONE', #2680, 5.000000000000000888 ) ;
#2555 = DIRECTION ( 'NONE',  ( 0.000000000000000000, 0.000000000000000000, -1.000000000000000000 ) ) ;
#2556 = ORIENTED_EDGE ( 'NONE', *, *, #2761, .T. ) ;
#2557 = EDGE_CURVE ( 'NONE', #340, #755, #153, .T. ) ;
#2558 = FACE_OUTER_BOUND ( 'NONE', #2588, .T. ) ;
#2559 = CARTESIAN_POINT ( 'NONE',  ( -3843.999999999977263, 15.00000000002273204, 82.00000000000001421 ) ) ;
#2560 = VECTOR ( 'NONE', #2869, 1000.000000000000000 ) ;
#2561 = CARTESIAN_POINT ( 'NONE',  ( 1.953311644640028390E-13, -334.9999999999999432, 30.00000000000000000 ) ) ;
#2562 = ORIENTED_EDGE ( 'NONE', *, *, #1056, .F. ) ;
#2563 = DIRECTION ( 'NONE',  ( 3.947459643111667480E-16, -1.000000000000000000, 0.000000000000000000 ) ) ;
#2564 = VECTOR ( 'NONE', #3484, 1000.000000000000000 ) ;
#2565 = PERSON ( 'NAUO-PER6', 'UNSPECIFIED', 'UNSPECIFIED', ('UNSPECIFIED'), ('UNSPECIFIED'), ('UNSPECIFIED') ) ;
#2566 = VERTEX_POINT ( 'NONE', #1758 ) ;
#2567 = LINE ( 'NONE', #4452, #5105 ) ;
#2568 = CARTESIAN_POINT ( 'NONE',  ( 33.00000000000019895, 15.00000000000001421, -27.99999999999998934 ) ) ;
#2569 = DIRECTION ( 'NONE',  ( -0.000000000000000000, 1.000000000000000000, -0.000000000000000000 ) ) ;
#2570 = ORIENTED_EDGE ( 'NONE', *, *, #2091, .T. ) ;
#2571 = MECHANICAL_CONTEXT ( 'NONE', #1509, 'mechanical' ) ;
#2572 = FACE_OUTER_BOUND ( 'NONE', #4182, .T. ) ;
#2573 = ORIENTED_EDGE ( 'NONE', *, *, #3508, .T. ) ;
#2574 = EDGE_LOOP ( 'NONE', ( #893, #2311, #5402, #4189 ) ) ;
#2575 = CARTESIAN_POINT ( 'NONE',  ( 0.000000000000000000, 0.000000000000000000, -1.500000000000000000 ) ) ;
#2576 = EDGE_CURVE ( 'NONE', #1074, #2734, #791, .T. ) ;
#2577 = ORIENTED_EDGE ( 'NONE', *, *, #1748, .T. ) ;
#2578 = ORIENTED_EDGE ( 'NONE', *, *, #3540, .F. ) ;
#2579 = DIRECTION ( 'NONE',  ( 0.000000000000000000, 0.000000000000000000, 1.000000000000000000 ) ) ;
#2580 = EDGE_LOOP ( 'NONE', ( #2021, #5698, #64, #5697, #4839, #4119 ) ) ;
#2581 = DIRECTION ( 'NONE',  ( -1.000000000000000000, 0.000000000000000000, 0.000000000000000000 ) ) ;
#2582 = ORIENTED_EDGE ( 'NONE', *, *, #3351, .T. ) ;
#2583 = CARTESIAN_POINT ( 'NONE',  ( 1.873501354054951662E-13, -14.99999999999998579, 27.00000000000000711 ) ) ;
#2584 = DIRECTION ( 'NONE',  ( -0.000000000000000000, -0.000000000000000000, -1.000000000000000000 ) ) ;
#2585 =( GEOMETRIC_REPRESENTATION_CONTEXT ( 3 ) GLOBAL_UNCERTAINTY_ASSIGNED_CONTEXT ( ( #1861 ) ) GLOBAL_UNIT_ASSIGNED_CONTEXT ( ( #4708, #1526, #219 ) ) REPRESENTATION_CONTEXT ( 'NONE', 'WORKASPACE' ) );
#2586 = EDGE_CURVE ( 'NONE', #1440, #3559, #4646, .T. ) ;
#2587 = DIRECTION ( 'NONE',  ( -0.000000000000000000, 1.000000000000000000, -0.000000000000000000 ) ) ;
#2588 = EDGE_LOOP ( 'NONE', ( #4543, #4510, #5539, #3420, #1870, #781, #2345, #3581, #1518 ) ) ;
#2589 = DIRECTION ( 'NONE',  ( -0.000000000000000000, 1.000000000000000000, -0.000000000000000000 ) ) ;
#2590 = PERSON_AND_ORGANIZATION_ROLE ( 'design_supplier' ) ;
#2591 = CARTESIAN_POINT ( 'NONE',  ( -3329.999999999977263, 130.0000000000227942, 557.9999999999998863 ) ) ;
#2592 = VERTEX_POINT ( 'NONE', #918 ) ;
#2593 = CIRCLE ( 'NONE', #3258, 4.049999999999664979 ) ;
#2594 = EDGE_CURVE ( 'NONE', #1979, #3847, #1346, .T. ) ;
#2595 = CARTESIAN_POINT ( 'NONE',  ( -3884.099999999977626, 2244.750000000022737, 596.0000000000000000 ) ) ;
#2596 = PLANE ( 'NONE',  #5481 ) ;
#2597 = DIRECTION ( 'NONE',  ( 0.000000000000000000, -0.000000000000000000, 1.000000000000000000 ) ) ;
#2598 = LINE ( 'NONE', #2614, #3167 ) ;
#2599 = CARTESIAN_POINT ( 'NONE',  ( -3869.999999999976808, 1907.999999999993179, 580.0000000000000000 ) ) ;
#2600 = AXIS2_PLACEMENT_3D ( 'NONE', #4431, #3079, #872 ) ;
#2601 = CARTESIAN_POINT ( 'NONE',  ( -3329.999999999977263, 500.0000000000228511, 580.0000000000000000 ) ) ;
#2602 = CARTESIAN_POINT ( 'NONE',  ( 33.00000000000019895, 334.9999999999999432, 27.00000000000001066 ) ) ;
#2603 = LINE ( 'NONE', #1513, #5281 ) ;
#2604 = PERSON_AND_ORGANIZATION ( #724, #4157 ) ;
#2605 = CARTESIAN_POINT ( 'NONE',  ( 268.4999999999999432, 60.99999999999999289, -480.0000000000000000 ) ) ;
#2606 = VECTOR ( 'NONE', #3579, 1000.000000000000000 ) ;
#2607 = CARTESIAN_POINT ( 'NONE',  ( -269.4999999999998863, 205.0000000000000284, -261.0000000000000000 ) ) ;
#2608 =( REPRESENTATION_RELATIONSHIP ('NONE','NONE', #4855, #4909 ) REPRESENTATION_RELATIONSHIP_WITH_TRANSFORMATION ( #1975 )SHAPE_REPRESENTATION_RELATIONSHIP( ) );
#2609 = EDGE_CURVE ( 'NONE', #3853, #2646, #364, .T. ) ;
#2610 = AXIS2_PLACEMENT_3D ( 'NONE', #3804, #2463, #1482 ) ;
#2611 = APPROVAL_PERSON_ORGANIZATION ( #2886, #1832, #3541 ) ;
#2612 = CARTESIAN_POINT ( 'NONE',  ( 33.00000000000019895, -365.0000000000000000, 27.00000000000001066 ) ) ;
#2613 = LINE ( 'NONE', #3782, #5071 ) ;
#2614 = CARTESIAN_POINT ( 'NONE',  ( -3300.000000000011369, 500.0000000000228511, 557.9999999999998863 ) ) ;
#2615 = CARTESIAN_POINT ( 'NONE',  ( 15.90000000000019575, 365.0000000000000000, 15.90000000000000036 ) ) ;
#2616 = ORIENTED_EDGE ( 'NONE', *, *, #452, .T. ) ;
#2617 = CARTESIAN_POINT ( 'NONE',  ( 299.9999999999998295, 184.0000000000000000, 22.00000000000000000 ) ) ;
#2618 = EDGE_CURVE ( 'NONE', #1102, #3808, #4217, .T. ) ;
#2619 = LINE ( 'NONE', #1473, #4372 ) ;
#2620 = DIRECTION ( 'NONE',  ( 1.000000000000000000, 0.000000000000000000, 0.000000000000000000 ) ) ;
#2621 = DIRECTION ( 'NONE',  ( 0.000000000000000000, -1.000000000000000000, 0.000000000000000000 ) ) ;
#2622 = LINE ( 'NONE', #117, #592 ) ;
#2623 = DIRECTION ( 'NONE',  ( -1.000000000000000000, 1.244644646440758595E-16, 0.000000000000000000 ) ) ;
#2624 = ORIENTED_EDGE ( 'NONE', *, *, #5411, .T. ) ;
#2625 = DIRECTION ( 'NONE',  ( -0.000000000000000000, -0.000000000000000000, -1.000000000000000000 ) ) ;
#2626 = CARTESIAN_POINT ( 'NONE',  ( -3329.999999999977717, 1907.999999999993179, 580.0000000000000000 ) ) ;
#2627 = FACE_OUTER_BOUND ( 'NONE', #3259, .T. ) ;
#2628 = EDGE_CURVE ( 'NONE', #5115, #1444, #4784, .T. ) ;
#2629 = APPROVAL_ROLE ( '' ) ;
#2630 = VECTOR ( 'NONE', #983, 1000.000000000000000 ) ;
#2631 = DIRECTION ( 'NONE',  ( -0.000000000000000000, 1.000000000000000000, -0.000000000000000000 ) ) ;
#2632 = ORIENTED_EDGE ( 'NONE', *, *, #3875, .F. ) ;
#2633 = DIRECTION ( 'NONE',  ( 1.000000000000000000, 0.000000000000000000, -0.000000000000000000 ) ) ;
#2634 = LINE ( 'NONE', #2260, #2834 ) ;
#2635 = EDGE_LOOP ( 'NONE', ( #3225, #5109, #2360, #1455 ) ) ;
#2636 = DIRECTION ( 'NONE',  ( -1.000000000000000000, 0.000000000000000000, 0.000000000000000000 ) ) ;
#2637 = FACE_OUTER_BOUND ( 'NONE', #4738, .T. ) ;
#2638 = DIRECTION ( 'NONE',  ( 0.000000000000000000, 1.000000000000000000, 0.000000000000000000 ) ) ;
#2639 = EDGE_CURVE ( 'NONE', #2753, #1451, #5716, .T. ) ;
#2640 = EDGE_LOOP ( 'NONE', ( #4349, #4027, #1524, #3908 ) ) ;
#2641 = PLANE ( 'NONE',  #3856 ) ;
#2642 = VECTOR ( 'NONE', #5457, 1000.000000000000000 ) ;
#2643 = ORIENTED_EDGE ( 'NONE', *, *, #1833, .F. ) ;
#2644 = ORIENTED_EDGE ( 'NONE', *, *, #4684, .F. ) ;
#2645 = CARTESIAN_POINT ( 'NONE',  ( 251.5000000000000568, -205.0000000000000284, 261.0000000000000000 ) ) ;
#2646 = VERTEX_POINT ( 'NONE', #5808 ) ;
#2647 = LINE ( 'NONE', #1790, #3058 ) ;
#2648 = ORIENTED_EDGE ( 'NONE', *, *, #2618, .F. ) ;
#2649 = ORIENTED_EDGE ( 'NONE', *, *, #2746, .T. ) ;
#2650 = AXIS2_PLACEMENT_3D ( 'NONE', #1175, #74, #3705 ) ;
#2651 = DIRECTION ( 'NONE',  ( 0.000000000000000000, -1.000000000000000000, 0.000000000000000000 ) ) ;
#2652 = EDGE_LOOP ( 'NONE', ( #3143, #330, #488, #1857 ) ) ;
#2653 = DIRECTION ( 'NONE',  ( 1.973729821555833987E-16, -1.000000000000000000, 0.000000000000000000 ) ) ;
#2654 = SECURITY_CLASSIFICATION_LEVEL ( 'unclassified' ) ;
#2655 = ORIENTED_EDGE ( 'NONE', *, *, #1072, .T. ) ;
#2656 = CARTESIAN_POINT ( 'NONE',  ( 297.5000000000000568, -223.0000000000000000, 309.0000000000000568 ) ) ;
#2657 = EDGE_CURVE ( 'NONE', #429, #4613, #3318, .T. ) ;
#2658 = AXIS2_PLACEMENT_3D ( 'NONE', #1147, #228, #4272 ) ;
#2659 = DIRECTION ( 'NONE',  ( 0.000000000000000000, -1.000000000000000000, 0.000000000000000000 ) ) ;
#2660 = ADVANCED_FACE ( 'NONE', ( #2745 ), #2706, .F. ) ;
#2661 = ORIENTED_EDGE ( 'NONE', *, *, #1390, .T. ) ;
#2662 = VERTEX_POINT ( 'NONE', #4969 ) ;
#2663 = CARTESIAN_POINT ( 'NONE',  ( 0.000000000000000000, 0.000000000000000000, 261.0000000000000000 ) ) ;
#2664 = DIRECTION ( 'NONE',  ( -1.000000000000000000, 0.000000000000000000, 0.000000000000000000 ) ) ;
#2665 = VERTEX_POINT ( 'NONE', #5831 ) ;
#2666 = VECTOR ( 'NONE', #474, 1000.000000000000000 ) ;
#2667 = CARTESIAN_POINT ( 'NONE',  ( -6.450000000000001066, 7.898971854500429678E-16, -1.500000000000000000 ) ) ;
#2668 = CC_DESIGN_DATE_AND_TIME_ASSIGNMENT ( #1622, #1665, ( #5771 ) ) ;
#2669 = EDGE_CURVE ( 'NONE', #4052, #4268, #3801, .T. ) ;
#2670 = CARTESIAN_POINT ( 'NONE',  ( 15.90000000000019575, -470.0000000000000000, 10.90000000000000036 ) ) ;
#2671 = CARTESIAN_POINT ( 'NONE',  ( -3869.999999999977263, 2244.750000000022737, 580.0000000000000000 ) ) ;
#2672 = DIRECTION ( 'NONE',  ( 0.000000000000000000, -0.000000000000000000, -1.000000000000000000 ) ) ;
#2673 = ORIENTED_EDGE ( 'NONE', *, *, #3635, .T. ) ;
#2674 = LINE ( 'NONE', #769, #5489 ) ;
#2675 = DIRECTION ( 'NONE',  ( 0.000000000000000000, 1.000000000000000000, 0.000000000000000000 ) ) ;
#2676 = AXIS2_PLACEMENT_3D ( 'NONE', #5747, #3037, #5772 ) ;
#2677 = FACE_OUTER_BOUND ( 'NONE', #5459, .T. ) ;
#2678 = CALENDAR_DATE ( 2026, 1, 6 ) ;
#2679 = LOCAL_TIME ( 20, 46, 49.00000000000000000, #438 ) ;
#2680 = AXIS2_PLACEMENT_3D ( 'NONE', #5062, #135, #988 ) ;
#2681 = DATE_AND_TIME ( #2526, #5561 ) ;
#2682 = CARTESIAN_POINT ( 'NONE',  ( -3843.999999999977263, 2.273181642920008017E-11, 82.00000000000001421 ) ) ;
#2683 = VECTOR ( 'NONE', #5136, 1000.000000000000000 ) ;
#2684 = VERTEX_POINT ( 'NONE', #1287 ) ;
#2685 = CARTESIAN_POINT ( 'NONE',  ( 15.90000000000019575, -470.0000000000000000, 10.90000000000000036 ) ) ;
#2686 = DATE_AND_TIME ( #3678, #1209 ) ;
#2687 = CARTESIAN_POINT ( 'NONE',  ( -3894.799999999977445, 2215.250000000022737, 580.0000000000000000 ) ) ;
#2688 = LINE ( 'NONE', #2601, #92 ) ;
#2689 = EDGE_CURVE ( 'NONE', #2000, #5025, #933, .T. ) ;
#2690 = AXIS2_PLACEMENT_3D ( 'NONE', #4154, #3696, #1004 ) ;
#2691 = ORIENTED_EDGE ( 'NONE', *, *, #1855, .F. ) ;
#2692 = CALENDAR_DATE ( 2026, 1, 6 ) ;
#2693 = CARTESIAN_POINT ( 'NONE',  ( -3884.099999999977626, 1865.250000000022510, 596.0000000000000000 ) ) ;
#2694 = VECTOR ( 'NONE', #720, 1000.000000000000000 ) ;
#2695 = DIRECTION ( 'NONE',  ( -0.000000000000000000, -1.000000000000000000, -0.000000000000000000 ) ) ;
#2696 = ORIENTED_EDGE ( 'NONE', *, *, #5649, .T. ) ;
#2697 = LINE ( 'NONE', #1437, #5020 ) ;
#2698 = AXIS2_PLACEMENT_3D ( 'NONE', #3263, #3681, #993 ) ;
#2699 = PLANE ( 'NONE',  #1602 ) ;
#2700 = FACE_OUTER_BOUND ( 'NONE', #3769, .T. ) ;
#2701 = DIRECTION ( 'NONE',  ( -0.000000000000000000, 1.000000000000000000, -0.000000000000000000 ) ) ;
#2702 = ORIENTED_EDGE ( 'NONE', *, *, #4280, .F. ) ;
#2703 = FACE_OUTER_BOUND ( 'NONE', #2908, .T. ) ;
#2704 = CIRCLE ( 'NONE', #3011, 4.000000000000003553 ) ;
#2705 = CARTESIAN_POINT ( 'NONE',  ( -3877.999999999977263, 2215.250000000022737, 604.7999999999999545 ) ) ;
#2706 = PLANE ( 'NONE',  #4640 ) ;
#2707 = CC_DESIGN_APPROVAL ( #3236, ( #3383 ) ) ;
#2708 = DIRECTION ( 'NONE',  ( 0.000000000000000000, 0.000000000000000000, -1.000000000000000000 ) ) ;
#2709 = ORIENTED_EDGE ( 'NONE', *, *, #3359, .T. ) ;
#2710 = EDGE_CURVE ( 'NONE', #3893, #4402, #5000, .T. ) ;
#2711 = LINE ( 'NONE', #3266, #5389 ) ;
#2712 = EDGE_LOOP ( 'NONE', ( #5488, #274, #5339, #4916 ) ) ;
#2713 = ORIENTED_EDGE ( 'NONE', *, *, #3763, .T. ) ;
#2714 = CARTESIAN_POINT ( 'NONE',  ( 250.5000000000000000, -22.99999999999997868, 0.000000000000000000 ) ) ;
#2715 = CARTESIAN_POINT ( 'NONE',  ( -3869.999999999977263, 2215.250000000022737, 596.7999999999999545 ) ) ;
#2716 = ORIENTED_EDGE ( 'NONE', *, *, #4771, .F. ) ;
#2717 = CYLINDRICAL_SURFACE ( 'NONE', #1302, 4.049999999999664979 ) ;
#2718 = ORIENTED_EDGE ( 'NONE', *, *, #1056, .T. ) ;
#2719 = VERTEX_POINT ( 'NONE', #4947 ) ;
#2720 = ORIENTED_EDGE ( 'NONE', *, *, #1802, .F. ) ;
#2721 = ORIENTED_EDGE ( 'NONE', *, *, #4063, .F. ) ;
#2722 = DIRECTION ( 'NONE',  ( 0.000000000000000000, 0.000000000000000000, 1.000000000000000000 ) ) ;
#2723 = VERTEX_POINT ( 'NONE', #4926 ) ;
#2724 = CARTESIAN_POINT ( 'NONE',  ( -3899.999999999977263, 100.0000000000227374, 0.000000000000000000 ) ) ;
#2725 = AXIS2_PLACEMENT_3D ( 'NONE', #591, #2759, #2973 ) ;
#2726 = ORIENTED_EDGE ( 'NONE', *, *, #3045, .T. ) ;
#2727 = ORIENTED_EDGE ( 'NONE', *, *, #3944, .T. ) ;
#2728 = CARTESIAN_POINT ( 'NONE',  ( -269.4999999999998295, -223.0000000000000000, -279.0000000000000000 ) ) ;
#2729 = CARTESIAN_POINT ( 'NONE',  ( -300.0000000000001705, -184.0000000000000000, 0.000000000000000000 ) ) ;
#2730 = VERTEX_POINT ( 'NONE', #4039 ) ;
#2731 = EDGE_CURVE ( 'NONE', #2523, #964, #1546, .T. ) ;
#2732 = AXIS2_PLACEMENT_3D ( 'NONE', #3580, #1334, #1806 ) ;
#2733 = DIRECTION ( 'NONE',  ( 0.000000000000000000, 0.000000000000000000, -1.000000000000000000 ) ) ;
#2734 = VERTEX_POINT ( 'NONE', #1800 ) ;
#2735 = CARTESIAN_POINT ( 'NONE',  ( -27.99999999999998934, 15.00000000000001421, 22.00000000000000000 ) ) ;
#2736 = DIRECTION ( 'NONE',  ( 0.000000000000000000, 0.000000000000000000, 1.000000000000000000 ) ) ;
#2737 = CARTESIAN_POINT ( 'NONE',  ( -3843.999999999977263, 15.00000000002273204, 502.0000000000000000 ) ) ;
#2738 = CC_DESIGN_PERSON_AND_ORGANIZATION_ASSIGNMENT ( #1761, #1606, ( #2547 ) ) ;
#2739 = VECTOR ( 'NONE', #1671, 1000.000000000000000 ) ;
#2740 = EDGE_CURVE ( 'NONE', #1945, #2034, #3874, .T. ) ;
#2741 = DIRECTION ( 'NONE',  ( -0.000000000000000000, 1.000000000000000000, -0.000000000000000000 ) ) ;
#2742 = DIRECTION ( 'NONE',  ( 0.000000000000000000, -1.000000000000000000, 0.000000000000000000 ) ) ;
#2743 = LINE ( 'NONE', #5669, #1972 ) ;
#2744 = PERSON_AND_ORGANIZATION ( #3442, #5282 ) ;
#2745 = FACE_OUTER_BOUND ( 'NONE', #5409, .T. ) ;
#2746 = EDGE_CURVE ( 'NONE', #1692, #2225, #3458, .T. ) ;
#2747 = CARTESIAN_POINT ( 'NONE',  ( 15.90000000000019575, 470.0000000000000000, 15.90000000000000036 ) ) ;
#2748 = ORIENTED_EDGE ( 'NONE', *, *, #876, .T. ) ;
#2749 = CARTESIAN_POINT ( 'NONE',  ( -3869.999999999977263, 1865.250000000022510, 580.0000000000000000 ) ) ;
#2750 = DATE_AND_TIME ( #3671, #5218 ) ;
#2751 = VECTOR ( 'NONE', #4837, 1000.000000000000000 ) ;
#2752 = ADVANCED_FACE ( 'NONE', ( #499 ), #4660, .T. ) ;
#2753 = VERTEX_POINT ( 'NONE', #636 ) ;
#2754 = AXIS2_PLACEMENT_3D ( 'NONE', #5590, #1550, #1516 ) ;
#2755 = DIRECTION ( 'NONE',  ( 0.000000000000000000, 0.000000000000000000, -1.000000000000000000 ) ) ;
#2756 = FACE_OUTER_BOUND ( 'NONE', #2107, .T. ) ;
#2757 = CARTESIAN_POINT ( 'NONE',  ( -3843.999999999977263, 100.0000000000227374, 82.00000000000001421 ) ) ;
#2758 = ORIENTED_EDGE ( 'NONE', *, *, #1379, .T. ) ;
#2759 = DIRECTION ( 'NONE',  ( 0.000000000000000000, 0.000000000000000000, 1.000000000000000000 ) ) ;
#2760 = DIRECTION ( 'NONE',  ( 0.000000000000000000, 0.000000000000000000, 1.000000000000000000 ) ) ;
#2761 = EDGE_CURVE ( 'NONE', #2225, #1692, #1342, .T. ) ;
#2762 = VECTOR ( 'NONE', #1277, 1000.000000000000000 ) ;
#2763 = AXIS2_PLACEMENT_3D ( 'NONE', #3924, #5283, #5745 ) ;
#2764 = CARTESIAN_POINT ( 'NONE',  ( -5.000000000000000000, 0.000000000000000000, 900.0000000000000000 ) ) ;
#2765 = ORIENTED_EDGE ( 'NONE', *, *, #2731, .T. ) ;
#2766 = PLANE ( 'NONE',  #4793 ) ;
#2767 = LINE ( 'NONE', #2957, #5809 ) ;
#2768 = LINE ( 'NONE', #2306, #811 ) ;
#2769 = CARTESIAN_POINT ( 'NONE',  ( -251.4999999999998863, 205.0000000000000284, 261.0000000000000000 ) ) ;
#2770 = EDGE_LOOP ( 'NONE', ( #59, #5450, #4128, #1480 ) ) ;
#2771 = VECTOR ( 'NONE', #5131, 1000.000000000000000 ) ;
#2772 = VERTEX_POINT ( 'NONE', #4598 ) ;
#2773 = EDGE_CURVE ( 'NONE', #3652, #1019, #2390, .T. ) ;
#2774 = LINE ( 'NONE', #1191, #1644 ) ;
#2775 = CARTESIAN_POINT ( 'NONE',  ( 1.953311644640028390E-13, -15.00000000000001421, 30.00000000000000000 ) ) ;
#2776 = DIRECTION ( 'NONE',  ( 0.000000000000000000, 0.000000000000000000, -1.000000000000000000 ) ) ;
#2777 = ORIENTED_EDGE ( 'NONE', *, *, #4459, .F. ) ;
#2778 = EDGE_LOOP ( 'NONE', ( #1944, #897, #1036, #1322 ) ) ;
#2779 = CARTESIAN_POINT ( 'NONE',  ( 0.000000000000000000, 0.000000000000000000, 309.0000000000000568 ) ) ;
#2780 = ORIENTED_EDGE ( 'NONE', *, *, #4805, .F. ) ;
#2781 = EDGE_CURVE ( 'NONE', #3435, #1949, #3384, .T. ) ;
#2782 = CARTESIAN_POINT ( 'NONE',  ( 1.953311644640028390E-13, 15.00000000000001421, 30.00000000000000000 ) ) ;
#2783 = ORIENTED_EDGE ( 'NONE', *, *, #4584, .T. ) ;
#2784 = ADVANCED_FACE ( 'NONE', ( #16 ), #149, .T. ) ;
#2785 = ORIENTED_EDGE ( 'NONE', *, *, #5215, .T. ) ;
#2786 = EDGE_LOOP ( 'NONE', ( #1276, #2423, #3009, #3485 ) ) ;
#2787 = VERTEX_POINT ( 'NONE', #2883 ) ;
#2788 = CARTESIAN_POINT ( 'NONE',  ( -3886.799999999977445, 1894.750000000022510, 596.7999999999999545 ) ) ;
#2789 = EDGE_LOOP ( 'NONE', ( #2366, #546, #1251, #1894, #4353, #5434 ) ) ;
#2790 = VERTEX_POINT ( 'NONE', #1050 ) ;
#2791 = AXIS2_PLACEMENT_3D ( 'NONE', #4770, #1572, #5652 ) ;
#2792 = ORIENTED_EDGE ( 'NONE', *, *, #3157, .F. ) ;
#2793 = CARTESIAN_POINT ( 'NONE',  ( 15.90000000000019575, 15.00000000000001421, 20.90000000000000213 ) ) ;
#2794 = EDGE_CURVE ( 'NONE', #3063, #824, #5563, .T. ) ;
#2795 = DIRECTION ( 'NONE',  ( 0.000000000000000000, 0.000000000000000000, -1.000000000000000000 ) ) ;
#2796 = VERTEX_POINT ( 'NONE', #1910 ) ;
#2797 = VECTOR ( 'NONE', #5408, 1000.000000000000000 ) ;
#2798 = DIRECTION ( 'NONE',  ( 0.000000000000000000, -0.000000000000000000, -1.000000000000000000 ) ) ;
#2799 = EDGE_LOOP ( 'NONE', ( #5551, #307, #122, #3496 ) ) ;
#2800 = CYLINDRICAL_SURFACE ( 'NONE', #1896, 6.450000000000001066 ) ;
#2801 = AXIS2_PLACEMENT_3D ( 'NONE', #5259, #1219, #1271 ) ;
#2802 = DIRECTION ( 'NONE',  ( -0.000000000000000000, 1.000000000000000000, -0.000000000000000000 ) ) ;
#2803 = DIRECTION ( 'NONE',  ( 0.000000000000000000, 0.000000000000000000, 1.000000000000000000 ) ) ;
#2804 = CIRCLE ( 'NONE', #2690, 5.000000000000000000 ) ;
#2805 = ADVANCED_FACE ( 'NONE', ( #995 ), #1066, .T. ) ;
#2806 = DIRECTION ( 'NONE',  ( -0.000000000000000000, 1.000000000000000000, -0.000000000000000000 ) ) ;
#2807 = PRODUCT_DEFINITION_SHAPE ( 'NONE', 'NONE',  #5839 ) ;
#2808 = DIRECTION ( 'NONE',  ( 0.000000000000000000, -0.000000000000000000, -1.000000000000000000 ) ) ;
#2809 = DIRECTION ( 'NONE',  ( 0.000000000000000000, -1.000000000000000000, 0.000000000000000000 ) ) ;
#2810 = CC_DESIGN_APPROVAL ( #599, ( #3829 ) ) ;
#2811 = EDGE_CURVE ( 'NONE', #828, #5629, #1126, .T. ) ;
#2812 = CARTESIAN_POINT ( 'NONE',  ( 0.000000000000000000, 0.000000000000000000, 900.0000000000000000 ) ) ;
#2813 = APPROVAL_DATE_TIME ( #3871, #5688 ) ;
#2814 = CONTEXT_DEPENDENT_SHAPE_REPRESENTATION ( #5774, #1873 ) ;
#2815 = VECTOR ( 'NONE', #249, 1000.000000000000000 ) ;
#2816 = DIRECTION ( 'NONE',  ( 0.000000000000000000, 0.000000000000000000, -1.000000000000000000 ) ) ;
#2817 = ORIENTED_EDGE ( 'NONE', *, *, #5006, .T. ) ;
#2818 = LOCAL_TIME ( 20, 46, 49.00000000000000000, #4018 ) ;
#2819 = AXIS2_PLACEMENT_3D ( 'NONE', #215, #3361, #3821 ) ;
#2820 = DIRECTION ( 'NONE',  ( 0.000000000000000000, 0.000000000000000000, -1.000000000000000000 ) ) ;
#2821 = LINE ( 'NONE', #3048, #582 ) ;
#2822 = DIRECTION ( 'NONE',  ( 0.000000000000000000, 0.000000000000000000, 1.000000000000000000 ) ) ;
#2823 = PERSON_AND_ORGANIZATION ( #724, #4157 ) ;
#2824 = CARTESIAN_POINT ( 'NONE',  ( 15.90000000000019575, -470.0000000000000000, 20.90000000000000213 ) ) ;
#2825 = FACE_OUTER_BOUND ( 'NONE', #2486, .T. ) ;
#2826 = AXIS2_PLACEMENT_3D ( 'NONE', #981, #4107, #3250 ) ;
#2827 = CARTESIAN_POINT ( 'NONE',  ( -3353.999999999976808, 15.00000000002273204, 82.00000000000001421 ) ) ;
#2828 = ORIENTED_EDGE ( 'NONE', *, *, #3620, .T. ) ;
#2829 = VECTOR ( 'NONE', #3445, 1000.000000000000000 ) ;
#2830 = LINE ( 'NONE', #713, #3957 ) ;
#2831 = CARTESIAN_POINT ( 'NONE',  ( 0.000000000000000000, 0.000000000000000000, 530.9999999999998863 ) ) ;
#2832 = ORIENTED_EDGE ( 'NONE', *, *, #5163, .T. ) ;
#2833 = EDGE_CURVE ( 'NONE', #2225, #3439, #2603, .T. ) ;
#2834 = VECTOR ( 'NONE', #4890, 1000.000000000000000 ) ;
#2835 = ADVANCED_FACE ( 'NONE', ( #1203 ), #5493, .T. ) ;
#2836 = AXIS2_PLACEMENT_3D ( 'NONE', #5200, #2963, #2901 ) ;
#2837 = VECTOR ( 'NONE', #4255, 1000.000000000000000 ) ;
#2838 = ORIENTED_EDGE ( 'NONE', *, *, #3077, .T. ) ;
#2839 = VECTOR ( 'NONE', #3348, 1000.000000000000000 ) ;
#2840 = EDGE_LOOP ( 'NONE', ( #982, #5347, #1528, #4002 ) ) ;
#2841 =( LENGTH_UNIT ( ) NAMED_UNIT ( * ) SI_UNIT ( .MILLI., .METRE. ) );
#2842 = FACE_OUTER_BOUND ( 'NONE', #5417, .T. ) ;
#2843 = CC_DESIGN_DATE_AND_TIME_ASSIGNMENT ( #1906, #4744, ( #2547 ) ) ;
#2844 = ORIENTED_EDGE ( 'NONE', *, *, #2657, .F. ) ;
#2845 = EDGE_CURVE ( 'NONE', #1961, #4307, #3523, .T. ) ;
#2846 = ORIENTED_EDGE ( 'NONE', *, *, #1169, .F. ) ;
#2847 = ORIENTED_EDGE ( 'NONE', *, *, #1159, .F. ) ;
#2848 = DIRECTION ( 'NONE',  ( 0.000000000000000000, -0.000000000000000000, 1.000000000000000000 ) ) ;
#2849 = CARTESIAN_POINT ( 'NONE',  ( -3869.999999999976808, 0.000000000000000000, 580.0000000000000000 ) ) ;
#2850 = ORIENTED_EDGE ( 'NONE', *, *, #4252, .F. ) ;
#2851 = VERTEX_POINT ( 'NONE', #3270 ) ;
#2852 = ORIENTED_EDGE ( 'NONE', *, *, #3548, .F. ) ;
#2853 = EDGE_CURVE ( 'NONE', #1891, #4254, #4643, .T. ) ;
#2854 = DIRECTION ( 'NONE',  ( 0.000000000000000000, -0.000000000000000000, 1.000000000000000000 ) ) ;
#2855 = CARTESIAN_POINT ( 'NONE',  ( 15.90000000000019575, -470.0000000000000000, 20.90000000000000213 ) ) ;
#2856 = ORIENTED_EDGE ( 'NONE', *, *, #947, .T. ) ;
#2857 = ORIENTED_EDGE ( 'NONE', *, *, #2244, .T. ) ;
#2858 = CARTESIAN_POINT ( 'NONE',  ( -3300.000000000011369, 443.0000000000228511, 1158.269939277287904 ) ) ;
#2859 = CARTESIAN_POINT ( 'NONE',  ( -3599.999999999977263, 286.0000000000227942, 557.9999999999998863 ) ) ;
#2860 = AXIS2_PLACEMENT_3D ( 'NONE', #3546, #801, #861 ) ;
#2861 = CARTESIAN_POINT ( 'NONE',  ( -3353.999999999976808, 85.00000000002273737, 82.00000000000001421 ) ) ;
#2862 = ADVANCED_FACE ( 'NONE', ( #4074 ), #3240, .T. ) ;
#2863 = CARTESIAN_POINT ( 'NONE',  ( -3877.999999999977263, 1515.250000000022737, 604.7999999999999545 ) ) ;
#2864 = CARTESIAN_POINT ( 'NONE',  ( -3869.999999999977263, 1894.750000000022510, 580.0000000000000000 ) ) ;
#2865 = DIRECTION ( 'NONE',  ( 0.000000000000000000, 1.000000000000000000, 0.000000000000000000 ) ) ;
#2866 = ORIENTED_EDGE ( 'NONE', *, *, #1629, .F. ) ;
#2867 = FACE_OUTER_BOUND ( 'NONE', #2208, .T. ) ;
#2868 = EDGE_CURVE ( 'NONE', #5335, #5153, #2118, .T. ) ;
#2869 = DIRECTION ( 'NONE',  ( 1.244644646440758595E-16, 1.000000000000000000, -0.000000000000000000 ) ) ;
#2870 = SHAPE_REPRESENTATION ( '高柜03电器', ( #3190 ), #290 ) ;
#2871 = EDGE_LOOP ( 'NONE', ( #5718, #1926, #5184, #2578 ) ) ;
#2872 = CYLINDRICAL_SURFACE ( 'NONE', #3409, 27.00000000000013500 ) ;
#2873 = CARTESIAN_POINT ( 'NONE',  ( 15.00000000000019362, 0.000000000000000000, 0.000000000000000000 ) ) ;
#2874 = CARTESIAN_POINT ( 'NONE',  ( -250.4999999999999432, 61.00000000000002842, -461.9999999999999432 ) ) ;
#2875 = CARTESIAN_POINT ( 'NONE',  ( -251.4999999999998863, 205.0000000000000284, 279.0000000000000000 ) ) ;
#2876 = CC_DESIGN_PERSON_AND_ORGANIZATION_ASSIGNMENT ( #3612, #1181, ( #2117 ) ) ;
#2877 = LINE ( 'NONE', #4266, #2531 ) ;
#2878 = EDGE_CURVE ( 'NONE', #5148, #3063, #2877, .T. ) ;
#2879 = APPLICATION_PROTOCOL_DEFINITION ( 'international standard', 'config_control_design', 1994, #1061 ) ;
#2880 = CALENDAR_DATE ( 2026, 1, 6 ) ;
#2881 = VECTOR ( 'NONE', #4026, 1000.000000000000000 ) ;
#2882 = CARTESIAN_POINT ( 'NONE',  ( -3353.999999999976808, 15.00000000002273204, 502.0000000000000000 ) ) ;
#2883 = CARTESIAN_POINT ( 'NONE',  ( 299.9999999999998295, 184.0000000000000000, 0.000000000000000000 ) ) ;
#2884 = EDGE_LOOP ( 'NONE', ( #3082, #3018, #3119, #4193 ) ) ;
#2885 = CARTESIAN_POINT ( 'NONE',  ( -3877.999999999977263, 2244.750000000022737, 604.7999999999999545 ) ) ;
#2886 = PERSON_AND_ORGANIZATION ( #724, #4157 ) ;
#2887 = LINE ( 'NONE', #4820, #1696 ) ;
#2888 = EDGE_CURVE ( 'NONE', #4329, #478, #4707, .T. ) ;
#2889 = VERTEX_POINT ( 'NONE', #3813 ) ;
#2890 = SHAPE_DEFINITION_REPRESENTATION ( #5751, #2982 ) ;
#2891 = CARTESIAN_POINT ( 'NONE',  ( -3329.999999999977263, 130.0000000000227942, 580.0000000000000000 ) ) ;
#2892 = LINE ( 'NONE', #4920, #5080 ) ;
#2893 = DIRECTION ( 'NONE',  ( 0.000000000000000000, -1.000000000000000000, 0.000000000000000000 ) ) ;
#2894 = ADVANCED_FACE ( 'NONE', ( #1060, #5713 ), #2511, .T. ) ;
#2895 = AXIS2_PLACEMENT_3D ( 'NONE', #598, #1956, #5098 ) ;
#2896 = DIRECTION ( 'NONE',  ( -0.000000000000000000, 1.000000000000000000, 0.000000000000000000 ) ) ;
#2897 = CARTESIAN_POINT ( 'NONE',  ( -269.4999999999998295, -205.0000000000000284, 279.0000000000000000 ) ) ;
#2898 = FACE_BOUND ( 'NONE', #1875, .T. ) ;
#2899 = DIRECTION ( 'NONE',  ( 1.000000000000000000, 0.000000000000000000, 0.000000000000000000 ) ) ;
#2900 = ORIENTED_EDGE ( 'NONE', *, *, #4471, .F. ) ;
#2901 = DIRECTION ( 'NONE',  ( 0.000000000000000000, -0.000000000000000000, -1.000000000000000000 ) ) ;
#2902 = CYLINDRICAL_SURFACE ( 'NONE', #667, 27.00000000000010658 ) ;
#2903 = PLANE ( 'NONE',  #4606 ) ;
#2904 = EDGE_CURVE ( 'NONE', #2753, #118, #4504, .T. ) ;
#2905 = VECTOR ( 'NONE', #4904, 1000.000000000000000 ) ;
#2906 = CARTESIAN_POINT ( 'NONE',  ( -3353.999999999976808, 15.00000000002273204, 481.9999999999998295 ) ) ;
#2907 = CARTESIAN_POINT ( 'NONE',  ( -3869.999999999976808, 130.0000000000227658, 22.00000000000002132 ) ) ;
#2908 = EDGE_LOOP ( 'NONE', ( #1986, #1024, #4530, #3701 ) ) ;
#2909 = CYLINDRICAL_SURFACE ( 'NONE', #4720, 4.049999999999664979 ) ;
#2910 = ORIENTED_EDGE ( 'NONE', *, *, #1237, .T. ) ;
#2911 = CARTESIAN_POINT ( 'NONE',  ( 1.953311644640028390E-13, 470.0000000000000000, 30.00000000000000000 ) ) ;
#2912 = VECTOR ( 'NONE', #310, 1000.000000000000000 ) ;
#2913 = CARTESIAN_POINT ( 'NONE',  ( -3329.999999999977717, 2320.000000000022737, 22.00000000000002132 ) ) ;
#2914 = EDGE_CURVE ( 'NONE', #2014, #2211, #2743, .T. ) ;
#2915 = ORIENTED_EDGE ( 'NONE', *, *, #2740, .F. ) ;
#2916 = EDGE_LOOP ( 'NONE', ( #2217, #2051, #2099, #1042 ) ) ;
#2917 = ORIENTED_EDGE ( 'NONE', *, *, #2059, .F. ) ;
#2918 = ORIENTED_EDGE ( 'NONE', *, *, #1224, .F. ) ;
#2919 = PERSON_AND_ORGANIZATION_ROLE ( 'design_owner' ) ;
#2920 = LINE ( 'NONE', #4856, #970 ) ;
#2921 = ORIENTED_EDGE ( 'NONE', *, *, #2177, .F. ) ;
#2922 = ORIENTED_EDGE ( 'NONE', *, *, #2333, .F. ) ;
#2923 = ORIENTED_EDGE ( 'NONE', *, *, #4323, .F. ) ;
#2924 = CC_DESIGN_PERSON_AND_ORGANIZATION_ASSIGNMENT ( #1762, #1316, ( #1914 ) ) ;
#2925 = ADVANCED_FACE ( 'NONE', ( #931 ), #2903, .T. ) ;
#2926 = EDGE_CURVE ( 'NONE', #2013, #2519, #787, .T. ) ;
#2927 = CARTESIAN_POINT ( 'NONE',  ( 33.00000000000019895, 0.000000000000000000, 0.000000000000000000 ) ) ;
#2928 = VERTEX_POINT ( 'NONE', #1123 ) ;
#2929 = ORIENTED_EDGE ( 'NONE', *, *, #2183, .F. ) ;
#2930 = DIRECTION ( 'NONE',  ( 1.244644646440758595E-16, 1.000000000000000000, 0.000000000000000000 ) ) ;
#2931 = ORIENTED_EDGE ( 'NONE', *, *, #3474, .F. ) ;
#2932 = ORIENTED_EDGE ( 'NONE', *, *, #2326, .T. ) ;
#2933 = EDGE_CURVE ( 'NONE', #3342, #4190, #1687, .T. ) ;
#2934 = DIRECTION ( 'NONE',  ( 0.000000000000000000, 0.000000000000000000, 1.000000000000000000 ) ) ;
#2935 = CARTESIAN_POINT ( 'NONE',  ( -3843.999999999977263, 15.00000000002273204, 102.0000000000001990 ) ) ;
#2936 = CARTESIAN_POINT ( 'NONE',  ( -3884.099999999977626, 2244.750000000022737, 600.0499999999996135 ) ) ;
#2937 = EDGE_LOOP ( 'NONE', ( #3322, #4058, #3349, #683 ) ) ;
#2938 = CYLINDRICAL_SURFACE ( 'NONE', #2948, 20.00000000000018474 ) ;
#2939 = APPROVAL_STATUS ( 'not_yet_approved' ) ;
#2940 = AXIS2_PLACEMENT_3D ( 'NONE', #4488, #4979, #2736 ) ;
#2941 = DIRECTION ( 'NONE',  ( 0.000000000000000000, -1.000000000000000000, 0.000000000000000000 ) ) ;
#2942 = ORIENTED_EDGE ( 'NONE', *, *, #3500, .F. ) ;
#2943 = VECTOR ( 'NONE', #3535, 1000.000000000000000 ) ;
#2944 = DIRECTION ( 'NONE',  ( -0.000000000000000000, -0.000000000000000000, -1.000000000000000000 ) ) ;
#2945 = DIRECTION ( 'NONE',  ( 0.000000000000000000, 0.000000000000000000, -1.000000000000000000 ) ) ;
#2946 = EDGE_CURVE ( 'NONE', #5032, #5758, #858, .T. ) ;
#2947 = CIRCLE ( 'NONE', #5216, 8.000000000000007105 ) ;
#2948 = AXIS2_PLACEMENT_3D ( 'NONE', #352, #1698, #415 ) ;
#2949 = APPROVAL_PERSON_ORGANIZATION ( #1762, #4020, #2629 ) ;
#2950 = DIRECTION ( 'NONE',  ( -0.000000000000000000, -0.000000000000000000, -1.000000000000000000 ) ) ;
#2951 = DIRECTION ( 'NONE',  ( 0.000000000000000000, 0.000000000000000000, -1.000000000000000000 ) ) ;
#2952 = ADVANCED_FACE ( 'NONE', ( #2039 ), #2986, .F. ) ;
#2953 = APPROVAL_DATE_TIME ( #2750, #4158 ) ;
#2954 = CONTEXT_DEPENDENT_SHAPE_REPRESENTATION ( #3182, #2255 ) ;
#2955 = DIRECTION ( 'NONE',  ( 0.000000000000000000, 0.000000000000000000, 1.000000000000000000 ) ) ;
#2956 = VECTOR ( 'NONE', #3369, 1000.000000000000000 ) ;
#2957 = CARTESIAN_POINT ( 'NONE',  ( -3329.999999999977263, -6.572520305780882291E-13, 580.0000000000000000 ) ) ;
#2958 = APPROVAL ( #3446, '未指定' ) ;
#2959 = EDGE_CURVE ( 'NONE', #5319, #1797, #218, .T. ) ;
#2960 = APPLICATION_CONTEXT ( 'configuration controlled 3d designs of mechanical parts and assemblies' ) ;
#2961 = ORIENTED_EDGE ( 'NONE', *, *, #1260, .F. ) ;
#2962 = COORDINATED_UNIVERSAL_TIME_OFFSET ( 8, 0, .AHEAD. ) ;
#2963 = DIRECTION ( 'NONE',  ( 0.000000000000000000, -1.000000000000000000, 0.000000000000000000 ) ) ;
#2964 = LINE ( 'NONE', #129, #4444 ) ;
#2965 = DIRECTION ( 'NONE',  ( 0.000000000000000000, 0.000000000000000000, -1.000000000000000000 ) ) ;
#2966 = DIRECTION ( 'NONE',  ( 0.000000000000000000, -1.000000000000000000, -0.000000000000000000 ) ) ;
#2967 = AXIS2_PLACEMENT_3D ( 'NONE', #1759, #851, #2239 ) ;
#2968 = LINE ( 'NONE', #3302, #1008 ) ;
#2969 = CARTESIAN_POINT ( 'NONE',  ( -250.4999999999998863, -22.99999999999997868, 0.000000000000000000 ) ) ;
#2970 = ORIENTED_EDGE ( 'NONE', *, *, #3464, .F. ) ;
#2971 = CARTESIAN_POINT ( 'NONE',  ( 15.00000000000019362, -334.9999999999999432, 15.00000000000000000 ) ) ;
#2972 = VECTOR ( 'NONE', #4592, 1000.000000000000000 ) ;
#2973 = DIRECTION ( 'NONE',  ( 1.000000000000000000, 0.000000000000000000, 0.000000000000000000 ) ) ;
#2974 = FACE_OUTER_BOUND ( 'NONE', #829, .T. ) ;
#2975 = AXIS2_PLACEMENT_3D ( 'NONE', #4565, #510, #5007 ) ;
#2976 = PLANE ( 'NONE',  #3815 ) ;
#2977 = VERTEX_POINT ( 'NONE', #5650 ) ;
#2978 = DIRECTION ( 'NONE',  ( 1.000000000000000000, -0.000000000000000000, -0.000000000000000000 ) ) ;
#2979 = CIRCLE ( 'NONE', #410, 8.000000000000007105 ) ;
#2980 = APPROVAL_ROLE ( '' ) ;
#2981 = VECTOR ( 'NONE', #3977, 1000.000000000000000 ) ;
#2982 = SHAPE_REPRESENTATION ( '高柜03定位销_高柜03定位销', ( #3190 ), #2284 ) ;
#2983 = CARTESIAN_POINT ( 'NONE',  ( -3329.999999999977263, -6.572520305780882291E-13, 580.0000000000000000 ) ) ;
#2984 = EDGE_LOOP ( 'NONE', ( #2299, #1033, #3177, #1582, #4104, #1096, #841, #3428, #2372, #2155, #1514, #3992, #5373, #3585, #1649, #4322 ) ) ;
#2985 = ADVANCED_FACE ( 'NONE', ( #2456 ), #5140, .T. ) ;
#2986 = PLANE ( 'NONE',  #1405 ) ;
#2987 = VECTOR ( 'NONE', #164, 1000.000000000000000 ) ;
#2988 = ORIENTED_EDGE ( 'NONE', *, *, #3686, .F. ) ;
#2989 = CARTESIAN_POINT ( 'NONE',  ( -269.4999999999998295, -223.0000000000000000, 279.0000000000000000 ) ) ;
#2990 = VECTOR ( 'NONE', #1407, 1000.000000000000000 ) ;
#2991 = DIRECTION ( 'NONE',  ( 0.000000000000000000, -0.000000000000000000, 1.000000000000000000 ) ) ;
#2992 = ORIENTED_EDGE ( 'NONE', *, *, #5675, .F. ) ;
#2993 = CARTESIAN_POINT ( 'NONE',  ( -3329.999999999977717, 964.0000000001497256, 1120.299916712929871 ) ) ;
#2994 = ORIENTED_EDGE ( 'NONE', *, *, #41, .F. ) ;
#2995 = ORIENTED_EDGE ( 'NONE', *, *, #1703, .F. ) ;
#2996 = CARTESIAN_POINT ( 'NONE',  ( -3329.999999999977717, 1410.000000000276486, 22.00000000000002132 ) ) ;
#2997 = CARTESIAN_POINT ( 'NONE',  ( -250.4999999999999432, 61.00000000000002842, -461.9999999999999432 ) ) ;
#2998 = PRODUCT_DEFINITION ( '未知', '', #4503, #4221 ) ;
#2999 = EDGE_LOOP ( 'NONE', ( #5381, #3638, #627, #2227 ) ) ;
#3000 = ORIENTED_EDGE ( 'NONE', *, *, #952, .F. ) ;
#3001 = DATE_TIME_ROLE ( 'creation_date' ) ;
#3002 = DESIGN_CONTEXT ( 'detailed design', #5789, 'design' ) ;
#3003 = ORIENTED_EDGE ( 'NONE', *, *, #3393, .F. ) ;
#3004 = CC_DESIGN_APPROVAL ( #1388, ( #5535 ) ) ;
#3005 = EDGE_CURVE ( 'NONE', #157, #5531, #4567, .T. ) ;
#3006 = CARTESIAN_POINT ( 'NONE',  ( -3353.999999999976808, 85.00000000002273737, 474.9999999999998863 ) ) ;
#3007 = CARTESIAN_POINT ( 'NONE',  ( 15.90000000000019575, 470.0000000000000000, 22.39999999999999858 ) ) ;
#3008 = ORIENTED_EDGE ( 'NONE', *, *, #4910, .T. ) ;
#3009 = ORIENTED_EDGE ( 'NONE', *, *, #41, .T. ) ;
#3010 = DIRECTION ( 'NONE',  ( 1.000000000000000000, 0.000000000000000000, 0.000000000000000000 ) ) ;
#3011 = AXIS2_PLACEMENT_3D ( 'NONE', #4426, #3015, #1658 ) ;
#3012 = DIRECTION ( 'NONE',  ( 1.000000000000000000, -0.000000000000000000, -0.000000000000000000 ) ) ;
#3013 = ORIENTED_EDGE ( 'NONE', *, *, #3791, .T. ) ;
#3014 = VECTOR ( 'NONE', #4429, 1000.000000000000000 ) ;
#3015 = DIRECTION ( 'NONE',  ( 0.000000000000000000, 0.000000000000000000, 1.000000000000000000 ) ) ;
#3016 = CARTESIAN_POINT ( 'NONE',  ( -3843.999999999977263, 2.273181642920008017E-11, 109.0000000000001279 ) ) ;
#3017 = CARTESIAN_POINT ( 'NONE',  ( 600.0000000000001137, 470.0000000000000000, 30.00000000000000000 ) ) ;
#3018 = ORIENTED_EDGE ( 'NONE', *, *, #3203, .F. ) ;
#3019 = LINE ( 'NONE', #1785, #4501 ) ;
#3020 = APPROVAL_STATUS ( 'not_yet_approved' ) ;
#3021 = DIRECTION ( 'NONE',  ( -1.000000000000000000, 0.000000000000000000, 0.000000000000000000 ) ) ;
#3022 = VECTOR ( 'NONE', #1030, 1000.000000000000000 ) ;
#3023 = DIRECTION ( 'NONE',  ( 0.000000000000000000, 1.000000000000000000, 0.000000000000000000 ) ) ;
#3024 = PERSON_AND_ORGANIZATION ( #5541, #4216 ) ;
#3025 = PLANE ( 'NONE',  #1583 ) ;
#3026 = LINE ( 'NONE', #384, #4367 ) ;
#3027 = EDGE_CURVE ( 'NONE', #2088, #681, #3939, .T. ) ;
#3028 = AXIS2_PLACEMENT_3D ( 'NONE', #629, #4974, #4673 ) ;
#3029 = ORIENTED_EDGE ( 'NONE', *, *, #2466, .T. ) ;
#3030 = DATE_AND_TIME ( #4012, #1693 ) ;
#3031 = CARTESIAN_POINT ( 'NONE',  ( 268.5000000000000000, -156.0000000000000000, -480.0000000000000000 ) ) ;
#3032 = VECTOR ( 'NONE', #242, 1000.000000000000000 ) ;
#3033 = DIRECTION ( 'NONE',  ( -0.000000000000000000, -0.000000000000000000, -1.000000000000000000 ) ) ;
#3034 = ORIENTED_EDGE ( 'NONE', *, *, #2154, .F. ) ;
#3035 = CARTESIAN_POINT ( 'NONE',  ( -3843.999999999977263, 15.00000000002273204, 502.0000000000000000 ) ) ;
#3036 = CC_DESIGN_APPROVAL ( #3654, ( #2057 ) ) ;
#3037 = DIRECTION ( 'NONE',  ( -1.000000000000000000, 0.000000000000000000, 0.000000000000000000 ) ) ;
#3038 = CIRCLE ( 'NONE', #5583, 27.00000000000011369 ) ;
#3039 = EDGE_CURVE ( 'NONE', #3049, #4740, #5430, .T. ) ;
#3040 = APPROVAL_STATUS ( 'not_yet_approved' ) ;
#3041 = CIRCLE ( 'NONE', #3214, 27.00000000000013500 ) ;
#3042 = DIRECTION ( 'NONE',  ( -1.000000000000000000, -2.055968564120659776E-16, 0.000000000000000000 ) ) ;
#3043 = DIRECTION ( 'NONE',  ( -0.000000000000000000, -1.000000000000000000, -0.000000000000000000 ) ) ;
#3044 = EDGE_LOOP ( 'NONE', ( #5705, #3154, #4800, #2087 ) ) ;
#3045 = EDGE_CURVE ( 'NONE', #1177, #5038, #638, .T. ) ;
#3046 = CARTESIAN_POINT ( 'NONE',  ( 0.000000000000000000, 0.000000000000000000, 899.0000000000000000 ) ) ;
#3047 = FACE_BOUND ( 'NONE', #1604, .T. ) ;
#3048 = CARTESIAN_POINT ( 'NONE',  ( 33.00000000000019895, -365.0000000000000000, -27.99999999999998934 ) ) ;
#3049 = VERTEX_POINT ( 'NONE', #301 ) ;
#3050 = DIRECTION ( 'NONE',  ( -0.000000000000000000, 1.000000000000000000, -0.000000000000000000 ) ) ;
#3051 = LINE ( 'NONE', #5234, #5169 ) ;
#3052 = ORIENTED_EDGE ( 'NONE', *, *, #3157, .T. ) ;
#3053 = CYLINDRICAL_SURFACE ( 'NONE', #3324, 5.000000000000000888 ) ;
#3054 = DIRECTION ( 'NONE',  ( 0.000000000000000000, -1.000000000000000000, 0.000000000000000000 ) ) ;
#3055 = CARTESIAN_POINT ( 'NONE',  ( -27.99999999999998934, -365.0000000000000000, 27.00000000000000355 ) ) ;
#3056 = ORIENTED_EDGE ( 'NONE', *, *, #1169, .T. ) ;
#3057 = APPROVAL_ROLE ( '' ) ;
#3058 = VECTOR ( 'NONE', #3955, 1000.000000000000000 ) ;
#3059 = VERTEX_POINT ( 'NONE', #1183 ) ;
#3060 = EDGE_LOOP ( 'NONE', ( #3295, #2419, #3951, #3573 ) ) ;
#3061 = CARTESIAN_POINT ( 'NONE',  ( -3353.999999999976808, 85.00000000002273737, 522.0000000000001137 ) ) ;
#3062 = EDGE_CURVE ( 'NONE', #5685, #5338, #4290, .T. ) ;
#3063 = VERTEX_POINT ( 'NONE', #4245 ) ;
#3064 = AXIS2_PLACEMENT_3D ( 'NONE', #4, #1799, #3142 ) ;
#3065 = CARTESIAN_POINT ( 'NONE',  ( -3843.999999999977263, 15.00000000002273204, 82.00000000000001421 ) ) ;
#3066 = FACE_OUTER_BOUND ( 'NONE', #4264, .T. ) ;
#3067 = ORIENTED_EDGE ( 'NONE', *, *, #4360, .T. ) ;
#3068 = VERTEX_POINT ( 'NONE', #4836 ) ;
#3069 = CARTESIAN_POINT ( 'NONE',  ( 1.953311644640028390E-13, 15.00000000000001421, 15.00000000000000000 ) ) ;
#3070 = ORIENTED_EDGE ( 'NONE', *, *, #5349, .T. ) ;
#3071 = PLANE ( 'NONE',  #5677 ) ;
#3072 = EDGE_LOOP ( 'NONE', ( #1154, #2844, #1911, #2002 ) ) ;
#3073 = VERTEX_POINT ( 'NONE', #2473 ) ;
#3074 = CARTESIAN_POINT ( 'NONE',  ( -3843.999999999977263, 85.00000000002273737, 109.0000000000001279 ) ) ;
#3075 = DIRECTION ( 'NONE',  ( 0.000000000000000000, 1.000000000000000000, 0.000000000000000000 ) ) ;
#3076 =( GEOMETRIC_REPRESENTATION_CONTEXT ( 3 ) GLOBAL_UNCERTAINTY_ASSIGNED_CONTEXT ( ( #5072 ) ) GLOBAL_UNIT_ASSIGNED_CONTEXT ( ( #2429, #161, #1947 ) ) REPRESENTATION_CONTEXT ( 'NONE', 'WORKASPACE' ) );
#3077 = EDGE_CURVE ( 'NONE', #2514, #4374, #1827, .T. ) ;
#3078 = EDGE_LOOP ( 'NONE', ( #2992, #3571, #2402, #1255 ) ) ;
#3079 = DIRECTION ( 'NONE',  ( 0.000000000000000000, 1.000000000000000000, -0.000000000000000000 ) ) ;
#3080 = APPROVAL_ROLE ( '' ) ;
#3081 = DIRECTION ( 'NONE',  ( -0.000000000000000000, -0.000000000000000000, -1.000000000000000000 ) ) ;
#3082 = ORIENTED_EDGE ( 'NONE', *, *, #3039, .F. ) ;
#3083 = VECTOR ( 'NONE', #63, 1000.000000000000000 ) ;
#3084 = EDGE_CURVE ( 'NONE', #3847, #3657, #3092, .T. ) ;
#3085 = DIRECTION ( 'NONE',  ( 0.000000000000000000, -1.000000000000000000, 0.000000000000000000 ) ) ;
#3086 = MANIFOLD_SOLID_BREP ( '切除-拉伸1', #5556 ) ;
#3087 = ORIENTED_EDGE ( 'NONE', *, *, #3432, .F. ) ;
#3088 = LINE ( 'NONE', #2505, #8 ) ;
#3089 = AXIS2_PLACEMENT_3D ( 'NONE', #1501, #1557, #642 ) ;
#3090 = CARTESIAN_POINT ( 'NONE',  ( -3884.099999999977626, 1865.250000000022510, 596.0000000000000000 ) ) ;
#3091 = CARTESIAN_POINT ( 'NONE',  ( -3869.999999999976808, 482.0000000000227374, 512.9999999999998863 ) ) ;
#3092 = CIRCLE ( 'NONE', #812, 4.049999999999664979 ) ;
#3093 = DATE_AND_TIME ( #5495, #2323 ) ;
#3094 = ADVANCED_FACE ( 'NONE', ( #359 ), #3470, .T. ) ;
#3095 = DIRECTION ( 'NONE',  ( 0.000000000000000000, 0.000000000000000000, 1.000000000000000000 ) ) ;
#3096 = DIRECTION ( 'NONE',  ( 0.000000000000000000, 0.000000000000000000, 1.000000000000000000 ) ) ;
#3097 = PERSON_AND_ORGANIZATION_ROLE ( 'design_owner' ) ;
#3098 = EDGE_CURVE ( 'NONE', #2014, #611, #79, .T. ) ;
#3099 = ORIENTED_EDGE ( 'NONE', *, *, #3966, .F. ) ;
#3100 = AXIS2_PLACEMENT_3D ( 'NONE', #2575, #1335, #3565 ) ;
#3101 = LOCAL_TIME ( 20, 46, 49.00000000000000000, #85 ) ;
#3102 = APPROVAL_DATE_TIME ( #3867, #4320 ) ;
#3103 = CARTESIAN_POINT ( 'NONE',  ( 1.953311644640028390E-13, 470.0000000000000000, 27.00000000000000711 ) ) ;
#3104 = LINE ( 'NONE', #2474, #864 ) ;
#3105 = DIRECTION ( 'NONE',  ( 0.000000000000000000, 0.000000000000000000, 1.000000000000000000 ) ) ;
#3106 = CARTESIAN_POINT ( 'NONE',  ( 0.000000000000000000, 0.000000000000000000, -1.500000000000000000 ) ) ;
#3107 = ORIENTED_EDGE ( 'NONE', *, *, #1348, .T. ) ;
#3108 = DIRECTION ( 'NONE',  ( 0.000000000000000000, 0.000000000000000000, -1.000000000000000000 ) ) ;
#3109 = APPROVAL_DATE_TIME ( #2052, #1456 ) ;
#3110 = VECTOR ( 'NONE', #486, 1000.000000000000000 ) ;
#3111 = CC_DESIGN_PERSON_AND_ORGANIZATION_ASSIGNMENT ( #3245, #4454, ( #3398 ) ) ;
#3112 = DIRECTION ( 'NONE',  ( -0.000000000000000000, 0.000000000000000000, 1.000000000000000000 ) ) ;
#3113 = ADVANCED_FACE ( 'NONE', ( #3795, #5064 ), #1220, .F. ) ;
#3114 = DIRECTION ( 'NONE',  ( 0.000000000000000000, 1.000000000000000000, 0.000000000000000000 ) ) ;
#3115 = CALENDAR_DATE ( 2026, 1, 6 ) ;
#3116 = CARTESIAN_POINT ( 'NONE',  ( 33.00000000000019895, -365.0000000000000000, -27.99999999999998934 ) ) ;
#3117 = CIRCLE ( 'NONE', #3399, 6.450000000000001066 ) ;
#3118 = PLANE ( 'NONE',  #5293 ) ;
#3119 = ORIENTED_EDGE ( 'NONE', *, *, #5779, .T. ) ;
#3120 = CC_DESIGN_APPROVAL ( #1423, ( #5346 ) ) ;
#3121 = CARTESIAN_POINT ( 'NONE',  ( 1.873501354054951662E-13, 334.9999999999999432, 27.00000000000000711 ) ) ;
#3122 = LINE ( 'NONE', #3517, #1633 ) ;
#3123 = EDGE_CURVE ( 'NONE', #2211, #5247, #2598, .T. ) ;
#3124 = CIRCLE ( 'NONE', #3730, 27.00000000000011369 ) ;
#3125 = CARTESIAN_POINT ( 'NONE',  ( -3353.999999999976808, 85.00000000002273737, 82.00000000000001421 ) ) ;
#3126 = ORIENTED_EDGE ( 'NONE', *, *, #967, .F. ) ;
#3127 = LINE ( 'NONE', #82, #1157 ) ;
#3128 = EDGE_LOOP ( 'NONE', ( #504, #1666, #4753, #5538 ) ) ;
#3129 = DIRECTION ( 'NONE',  ( 0.000000000000000000, -1.000000000000000000, 0.000000000000000000 ) ) ;
#3130 = LINE ( 'NONE', #2076, #4464 ) ;
#3131 = ADVANCED_FACE ( 'NONE', ( #2677 ), #1686, .T. ) ;
#3132 = ORIENTED_EDGE ( 'NONE', *, *, #1092, .T. ) ;
#3133 = DIRECTION ( 'NONE',  ( 0.000000000000000000, 0.000000000000000000, -1.000000000000000000 ) ) ;
#3134 = CYLINDRICAL_SURFACE ( 'NONE', #5761, 20.00000000000012790 ) ;
#3135 = EDGE_LOOP ( 'NONE', ( #4675, #5042, #114, #5609 ) ) ;
#3136 = LINE ( 'NONE', #46, #2004 ) ;
#3137 = DIRECTION ( 'NONE',  ( 0.000000000000000000, 0.000000000000000000, 1.000000000000000000 ) ) ;
#3138 = ORIENTED_EDGE ( 'NONE', *, *, #452, .F. ) ;
#3139 = ORIENTED_EDGE ( 'NONE', *, *, #5465, .T. ) ;
#3140 = ORIENTED_EDGE ( 'NONE', *, *, #3062, .F. ) ;
#3141 = AXIS2_PLACEMENT_3D ( 'NONE', #1571, #620, #2416 ) ;
#3142 = DIRECTION ( 'NONE',  ( 0.000000000000000000, 0.000000000000000000, 1.000000000000000000 ) ) ;
#3143 = ORIENTED_EDGE ( 'NONE', *, *, #194, .T. ) ;
#3144 = CARTESIAN_POINT ( 'NONE',  ( -297.5000000000000568, 223.0000000000000000, 279.0000000000000000 ) ) ;
#3145 = CARTESIAN_POINT ( 'NONE',  ( -3899.999999999977263, 453.0000000000229079, 540.9999999999998863 ) ) ;
#3146 = VERTEX_POINT ( 'NONE', #3061 ) ;
#3147 = ORIENTED_EDGE ( 'NONE', *, *, #566, .T. ) ;
#3148 = CARTESIAN_POINT ( 'NONE',  ( -3299.999999999977717, 2350.000000000022737, 580.0000000000000000 ) ) ;
#3149 = ORIENTED_EDGE ( 'NONE', *, *, #5631, .T. ) ;
#3150 = EDGE_CURVE ( 'NONE', #5725, #2483, #5212, .T. ) ;
#3151 = ORIENTED_EDGE ( 'NONE', *, *, #4323, .T. ) ;
#3152 = DIRECTION ( 'NONE',  ( 0.000000000000000000, 1.000000000000000000, 0.000000000000000000 ) ) ;
#3153 = PLANE ( 'NONE',  #5785 ) ;
#3154 = ORIENTED_EDGE ( 'NONE', *, *, #2307, .F. ) ;
#3155 = DIRECTION ( 'NONE',  ( -1.000000000000000000, -0.000000000000000000, -0.000000000000000000 ) ) ;
#3156 = APPROVAL ( #2506, '未指定' ) ;
#3157 = EDGE_CURVE ( 'NONE', #2730, #247, #432, .T. ) ;
#3158 = DIRECTION ( 'NONE',  ( 0.000000000000000000, -1.000000000000000000, 0.000000000000000000 ) ) ;
#3159 = CARTESIAN_POINT ( 'NONE',  ( -3869.999999999976808, 130.0000000000227658, 580.0000000000000000 ) ) ;
#3160 = DIRECTION ( 'NONE',  ( 0.000000000000000000, 0.000000000000000000, 1.000000000000000000 ) ) ;
#3161 = EDGE_LOOP ( 'NONE', ( #4261, #3, #3726, #2921 ) ) ;
#3162 = VECTOR ( 'NONE', #4297, 1000.000000000000000 ) ;
#3163 = PLANE ( 'NONE',  #2732 ) ;
#3164 = EDGE_CURVE ( 'NONE', #1360, #1945, #1965, .T. ) ;
#3165 = PLANE ( 'NONE',  #5632 ) ;
#3166 = VERTEX_POINT ( 'NONE', #382 ) ;
#3167 = VECTOR ( 'NONE', #5312, 1000.000000000000000 ) ;
#3168 = LOCAL_TIME ( 20, 46, 49.00000000000000000, #4782 ) ;
#3169 = CARTESIAN_POINT ( 'NONE',  ( 0.000000000000000000, 0.000000000000000000, 0.000000000000000000 ) ) ;
#3170 = VECTOR ( 'NONE', #1490, 1000.000000000000000 ) ;
#3171 = ADVANCED_FACE ( 'NONE', ( #5557 ), #839, .T. ) ;
#3172 = APPROVAL_DATE_TIME ( #3093, #3236 ) ;
#3173 = AXIS2_PLACEMENT_3D ( 'NONE', #4897, #4853, #3108 ) ;
#3174 = CARTESIAN_POINT ( 'NONE',  ( 15.90000000000019575, 468.5000000000000000, 22.39999999999999858 ) ) ;
#3175 = LINE ( 'NONE', #1298, #2393 ) ;
#3176 = CARTESIAN_POINT ( 'NONE',  ( -3899.999999999977263, 453.0000000000229079, 540.9999999999998863 ) ) ;
#3177 = ORIENTED_EDGE ( 'NONE', *, *, #3228, .T. ) ;
#3178 = PERSON_AND_ORGANIZATION ( #724, #4157 ) ;
#3179 = DIRECTION ( 'NONE',  ( 1.000000000000000000, 0.000000000000000000, 0.000000000000000000 ) ) ;
#3180 = CARTESIAN_POINT ( 'NONE',  ( -3353.999999999976808, 2.273181642920008017E-11, 502.0000000000000000 ) ) ;
#3181 = FACE_OUTER_BOUND ( 'NONE', #4125, .T. ) ;
#3182 =( REPRESENTATION_RELATIONSHIP ('NONE','NONE', #4855, #2870 ) REPRESENTATION_RELATIONSHIP_WITH_TRANSFORMATION ( #5426 )SHAPE_REPRESENTATION_RELATIONSHIP( ) );
#3183 = EDGE_CURVE ( 'NONE', #3559, #3925, #5706, .T. ) ;
#3184 = AXIS2_PLACEMENT_3D ( 'NONE', #1691, #2581, #4385 ) ;
#3185 = ORIENTED_EDGE ( 'NONE', *, *, #513, .F. ) ;
#3186 = DIRECTION ( 'NONE',  ( 0.000000000000000000, 0.000000000000000000, 1.000000000000000000 ) ) ;
#3187 = DIRECTION ( 'NONE',  ( -0.000000000000000000, 0.000000000000000000, 1.000000000000000000 ) ) ;
#3188 = CYLINDRICAL_SURFACE ( 'NONE', #3290, 27.00000000000010658 ) ;
#3189 = ORIENTED_EDGE ( 'NONE', *, *, #5044, .F. ) ;
#3190 = AXIS2_PLACEMENT_3D ( 'NONE', #4260, #1963, #3807 ) ;
#3191 = DIRECTION ( 'NONE',  ( 0.000000000000000000, -0.000000000000000000, 1.000000000000000000 ) ) ;
#3192 = LINE ( 'NONE', #4421, #4094 ) ;
#3193 = EDGE_CURVE ( 'NONE', #3444, #3710, #1613, .T. ) ;
#3194 = DIRECTION ( 'NONE',  ( -0.000000000000000000, 0.000000000000000000, 1.000000000000000000 ) ) ;
#3195 = ORIENTED_EDGE ( 'NONE', *, *, #1267, .F. ) ;
#3196 = CARTESIAN_POINT ( 'NONE',  ( -3329.999999999977263, -6.572520305780882291E-13, 22.00000000000002132 ) ) ;
#3197 = VECTOR ( 'NONE', #3213, 1000.000000000000000 ) ;
#3198 = LINE ( 'NONE', #3670, #4099 ) ;
#3199 = PRODUCT_DEFINITION_SHAPE ( 'NONE', 'NONE',  #5073 ) ;
#3200 = DIRECTION ( 'NONE',  ( 0.000000000000000000, 1.000000000000000000, 0.000000000000000000 ) ) ;
#3201 = DIRECTION ( 'NONE',  ( 0.000000000000000000, 0.000000000000000000, -1.000000000000000000 ) ) ;
#3202 = ORIENTED_EDGE ( 'NONE', *, *, #9, .F. ) ;
#3203 = EDGE_CURVE ( 'NONE', #2665, #3049, #2452, .T. ) ;
#3204 = APPROVAL_ROLE ( '' ) ;
#3205 = LINE ( 'NONE', #2089, #2001 ) ;
#3206 = ORIENTED_EDGE ( 'NONE', *, *, #952, .T. ) ;
#3207 = ADVANCED_FACE ( 'NONE', ( #1538 ), #2553, .T. ) ;
#3208 = CYLINDRICAL_SURFACE ( 'NONE', #3922, 8.000000000000007105 ) ;
#3209 = DIRECTION ( 'NONE',  ( -0.000000000000000000, -0.000000000000000000, -1.000000000000000000 ) ) ;
#3210 = DIRECTION ( 'NONE',  ( 1.000000000000000000, 0.000000000000000000, 0.000000000000000000 ) ) ;
#3211 = ORIENTED_EDGE ( 'NONE', *, *, #4701, .T. ) ;
#3212 = ORIENTED_EDGE ( 'NONE', *, *, #656, .F. ) ;
#3213 = DIRECTION ( 'NONE',  ( -0.000000000000000000, -0.000000000000000000, -1.000000000000000000 ) ) ;
#3214 = AXIS2_PLACEMENT_3D ( 'NONE', #1168, #4796, #2555 ) ;
#3215 = DIRECTION ( 'NONE',  ( 0.000000000000000000, 0.000000000000000000, 1.000000000000000000 ) ) ;
#3216 = ORIENTED_EDGE ( 'NONE', *, *, #3644, .F. ) ;
#3217 = ORIENTED_EDGE ( 'NONE', *, *, #2959, .T. ) ;
#3218 = CARTESIAN_POINT ( 'NONE',  ( -3884.099999999977626, 2215.250000000022737, 591.9500000000002728 ) ) ;
#3219 = ORIENTED_EDGE ( 'NONE', *, *, #1273, .T. ) ;
#3220 = CARTESIAN_POINT ( 'NONE',  ( -251.4999999999998863, 223.0000000000000000, 279.0000000000000000 ) ) ;
#3221 = EDGE_CURVE ( 'NONE', #5175, #254, #927, .T. ) ;
#3222 = ORIENTED_EDGE ( 'NONE', *, *, #2628, .F. ) ;
#3223 = EDGE_LOOP ( 'NONE', ( #5223, #1726, #2720, #3211 ) ) ;
#3224 = CARTESIAN_POINT ( 'NONE',  ( -269.4999999999998295, -223.0000000000000000, 279.0000000000000000 ) ) ;
#3225 = ORIENTED_EDGE ( 'NONE', *, *, #778, .T. ) ;
#3226 = EDGE_LOOP ( 'NONE', ( #2507, #5818, #1934, #5764 ) ) ;
#3227 = DIRECTION ( 'NONE',  ( 0.000000000000000000, 0.000000000000000000, -1.000000000000000000 ) ) ;
#3228 = EDGE_CURVE ( 'NONE', #1091, #5038, #4846, .T. ) ;
#3229 = AXIS2_PLACEMENT_3D ( 'NONE', #3649, #3152, #5479 ) ;
#3230 = VERTEX_POINT ( 'NONE', #3584 ) ;
#3231 = VECTOR ( 'NONE', #4207, 1000.000000000000000 ) ;
#3232 = CARTESIAN_POINT ( 'NONE',  ( -3894.799999999977445, 1894.750000000022510, 580.0000000000000000 ) ) ;
#3233 = ADVANCED_FACE ( 'NONE', ( #3308 ), #54, .F. ) ;
#3234 = DIRECTION ( 'NONE',  ( 0.000000000000000000, 0.000000000000000000, 1.000000000000000000 ) ) ;
#3235 = DIRECTION ( 'NONE',  ( -1.000000000000000000, 0.000000000000000000, 0.000000000000000000 ) ) ;
#3236 = APPROVAL ( #2164, 'UNKNOWN' ) ;
#3237 = FACE_OUTER_BOUND ( 'NONE', #2268, .T. ) ;
#3238 = EDGE_CURVE ( 'NONE', #4402, #836, #4991, .T. ) ;
#3239 = CARTESIAN_POINT ( 'NONE',  ( -3353.999999999976808, 100.0000000000227374, 109.0000000000001279 ) ) ;
#3240 = CYLINDRICAL_SURFACE ( 'NONE', #5056, 27.00000000000013500 ) ;
#3241 = PERSON_AND_ORGANIZATION ( #724, #4157 ) ;
#3242 = CARTESIAN_POINT ( 'NONE',  ( -3869.999999999977263, 1515.250000000022737, 580.0000000000000000 ) ) ;
#3243 = EDGE_CURVE ( 'NONE', #1865, #3959, #3019, .T. ) ;
#3244 = DIRECTION ( 'NONE',  ( 0.000000000000000000, 0.000000000000000000, -1.000000000000000000 ) ) ;
#3245 = PERSON_AND_ORGANIZATION ( #724, #4157 ) ;
#3246 = VECTOR ( 'NONE', #321, 1000.000000000000000 ) ;
#3247 = CARTESIAN_POINT ( 'NONE',  ( -3353.999999999976808, 100.0000000000227374, 502.0000000000000000 ) ) ;
#3248 = VERTEX_POINT ( 'NONE', #1321 ) ;
#3249 = AXIS2_PLACEMENT_3D ( 'NONE', #3590, #4999, #3137 ) ;
#3250 = DIRECTION ( 'NONE',  ( 0.000000000000000000, -0.000000000000000000, -1.000000000000000000 ) ) ;
#3251 = CALENDAR_DATE ( 2026, 1, 6 ) ;
#3252 = DIRECTION ( 'NONE',  ( 0.000000000000000000, 0.000000000000000000, 1.000000000000000000 ) ) ;
#3253 = FACE_OUTER_BOUND ( 'NONE', #1680, .T. ) ;
#3254 = DIRECTION ( 'NONE',  ( 1.000000000000000000, 0.000000000000000000, 0.000000000000000000 ) ) ;
#3255 = EDGE_CURVE ( 'NONE', #2889, #5390, #214, .T. ) ;
#3256 = CIRCLE ( 'NONE', #649, 20.00000000000018474 ) ;
#3257 = ADVANCED_FACE ( 'NONE', ( #1824 ), #1374, .F. ) ;
#3258 = AXIS2_PLACEMENT_3D ( 'NONE', #506, #4038, #5469 ) ;
#3259 = EDGE_LOOP ( 'NONE', ( #5046, #4906, #3412, #4398 ) ) ;
#3260 = DIRECTION ( 'NONE',  ( 0.000000000000000000, 0.000000000000000000, -1.000000000000000000 ) ) ;
#3261 = LINE ( 'NONE', #2607, #5586 ) ;
#3262 = FACE_BOUND ( 'NONE', #4194, .T. ) ;
#3263 = CARTESIAN_POINT ( 'NONE',  ( -3843.999999999977263, 2.273181642920008017E-11, 502.0000000000000000 ) ) ;
#3264 = ORIENTED_EDGE ( 'NONE', *, *, #493, .T. ) ;
#3265 = CC_DESIGN_APPROVAL ( #866, ( #1639 ) ) ;
#3266 = CARTESIAN_POINT ( 'NONE',  ( 33.00000000000019895, -14.99999999999998579, -27.99999999999998934 ) ) ;
#3267 = VECTOR ( 'NONE', #2082, 1000.000000000000000 ) ;
#3268 = VERTEX_POINT ( 'NONE', #4933 ) ;
#3269 = EDGE_CURVE ( 'NONE', #4741, #5335, #1755, .T. ) ;
#3270 = CARTESIAN_POINT ( 'NONE',  ( -4.000000000000003553, 0.000000000000000000, 900.0000000000000000 ) ) ;
#3271 = VECTOR ( 'NONE', #5682, 1000.000000000000000 ) ;
#3272 = CARTESIAN_POINT ( 'NONE',  ( -3869.999999999976808, 0.000000000000000000, 22.00000000000002132 ) ) ;
#3273 = CARTESIAN_POINT ( 'NONE',  ( -6.450000000000001066, 7.898971854500429678E-16, -1.500000000000000000 ) ) ;
#3274 = UNCERTAINTY_MEASURE_WITH_UNIT (LENGTH_MEASURE( 1.000000000000000082E-05 ), #3792, 'distance_accuracy_value', 'NONE');
#3275 = VERTEX_POINT ( 'NONE', #4064 ) ;
#3276 = CYLINDRICAL_SURFACE ( 'NONE', #822, 4.049999999999664979 ) ;
#3277 = ORIENTED_EDGE ( 'NONE', *, *, #798, .T. ) ;
#3278 = DIRECTION ( 'NONE',  ( 0.000000000000000000, 0.000000000000000000, -1.000000000000000000 ) ) ;
#3279 = LINE ( 'NONE', #4774, #4251 ) ;
#3280 = EDGE_CURVE ( 'NONE', #2796, #4622, #1196, .T. ) ;
#3281 = DIRECTION ( 'NONE',  ( -0.000000000000000000, 1.000000000000000000, -0.000000000000000000 ) ) ;
#3282 = ORIENTED_EDGE ( 'NONE', *, *, #5475, .T. ) ;
#3283 = VECTOR ( 'NONE', #5654, 1000.000000000000000 ) ;
#3284 = ORIENTED_EDGE ( 'NONE', *, *, #5724, .F. ) ;
#3285 = ORIENTED_EDGE ( 'NONE', *, *, #1984, .F. ) ;
#3286 = ORIENTED_EDGE ( 'NONE', *, *, #3373, .F. ) ;
#3287 = DIRECTION ( 'NONE',  ( -0.000000000000000000, 1.000000000000000000, -0.000000000000000000 ) ) ;
#3288 = ORIENTED_EDGE ( 'NONE', *, *, #3596, .F. ) ;
#3289 = VERTEX_POINT ( 'NONE', #4458 ) ;
#3290 = AXIS2_PLACEMENT_3D ( 'NONE', #2370, #3281, #3725 ) ;
#3291 = DIRECTION ( 'NONE',  ( 0.000000000000000000, -1.000000000000000000, 0.000000000000000000 ) ) ;
#3292 = ADVANCED_FACE ( 'NONE', ( #1899 ), #2872, .T. ) ;
#3293 = DIRECTION ( 'NONE',  ( 0.000000000000000000, -1.000000000000000000, 0.000000000000000000 ) ) ;
#3294 = DIRECTION ( 'NONE',  ( -0.000000000000000000, -0.000000000000000000, -1.000000000000000000 ) ) ;
#3295 = ORIENTED_EDGE ( 'NONE', *, *, #2845, .F. ) ;
#3296 = EDGE_LOOP ( 'NONE', ( #103, #4618, #1463, #4259 ) ) ;
#3297 = PLANE ( 'NONE',  #1504 ) ;
#3298 = EDGE_CURVE ( 'NONE', #3049, #2665, #1059, .T. ) ;
#3299 = AXIS2_PLACEMENT_3D ( 'NONE', #1902, #3662, #3260 ) ;
#3300 = CARTESIAN_POINT ( 'NONE',  ( 251.5000000000001137, 223.0000000000000000, -261.0000000000000000 ) ) ;
#3301 = EDGE_LOOP ( 'NONE', ( #1332, #4699 ) ) ;
#3302 = CARTESIAN_POINT ( 'NONE',  ( 6.450000000000001066, 0.000000000000000000, -1.500000000000000000 ) ) ;
#3303 = VERTEX_POINT ( 'NONE', #1808 ) ;
#3304 = FACE_OUTER_BOUND ( 'NONE', #4470, .T. ) ;
#3305 = CC_DESIGN_PERSON_AND_ORGANIZATION_ASSIGNMENT ( #5154, #3425, ( #2998 ) ) ;
#3306 = APPLICATION_PROTOCOL_DEFINITION ( 'international standard', 'config_control_design', 1994, #5544 ) ;
#3307 = DIRECTION ( 'NONE',  ( 1.000000000000000000, 0.000000000000000000, 0.000000000000000000 ) ) ;
#3308 = FACE_OUTER_BOUND ( 'NONE', #542, .T. ) ;
#3309 = CARTESIAN_POINT ( 'NONE',  ( -3843.999999999977263, 85.00000000002273737, 82.00000000000001421 ) ) ;
#3310 = COORDINATED_UNIVERSAL_TIME_OFFSET ( 8, 0, .AHEAD. ) ;
#3311 = CARTESIAN_POINT ( 'NONE',  ( -3877.999999999977263, 2244.750000000022737, 596.7999999999999545 ) ) ;
#3312 = DIRECTION ( 'NONE',  ( 0.000000000000000000, -0.000000000000000000, 1.000000000000000000 ) ) ;
#3313 = CC_DESIGN_DATE_AND_TIME_ASSIGNMENT ( #4775, #920, ( #5535 ) ) ;
#3314 = EDGE_CURVE ( 'NONE', #917, #4473, #4359, .T. ) ;
#3315 = VECTOR ( 'NONE', #732, 1000.000000000000000 ) ;
#3316 = DIRECTION ( 'NONE',  ( 0.000000000000000000, 0.000000000000000000, 1.000000000000000000 ) ) ;
#3317 = ITEM_DEFINED_TRANSFORMATION ( 'NONE', 'NONE', #5522,  #3190 ) ;
#3318 = LINE ( 'NONE', #2728, #3941 ) ;
#3319 = DIRECTION ( 'NONE',  ( -1.000000000000000000, -0.000000000000000000, -0.000000000000000000 ) ) ;
#3320 = DIRECTION ( 'NONE',  ( 0.000000000000000000, 0.000000000000000000, -1.000000000000000000 ) ) ;
#3321 = ADVANCED_FACE ( 'NONE', ( #3864 ), #3165, .F. ) ;
#3322 = ORIENTED_EDGE ( 'NONE', *, *, #3027, .F. ) ;
#3323 = CALENDAR_DATE ( 2026, 1, 6 ) ;
#3324 = AXIS2_PLACEMENT_3D ( 'NONE', #4355, #3050, #2175 ) ;
#3325 = DIRECTION ( 'NONE',  ( 0.000000000000000000, 0.000000000000000000, -1.000000000000000000 ) ) ;
#3326 = LINE ( 'NONE', #2906, #2956 ) ;
#3327 = DIRECTION ( 'NONE',  ( 1.000000000000000000, 0.000000000000000000, 0.000000000000000000 ) ) ;
#3328 = VERTEX_POINT ( 'NONE', #2280 ) ;
#3329 = DATE_AND_TIME ( #5726, #2270 ) ;
#3330 = CARTESIAN_POINT ( 'NONE',  ( 268.5000000000000000, -156.0000000000000000, -480.0000000000000000 ) ) ;
#3331 = LINE ( 'NONE', #4352, #727 ) ;
#3332 = EDGE_CURVE ( 'NONE', #2013, #157, #782, .T. ) ;
#3333 = CARTESIAN_POINT ( 'NONE',  ( 1.953311644640028390E-13, -334.9999999999999432, 15.00000000000000000 ) ) ;
#3334 = LINE ( 'NONE', #286, #1993 ) ;
#3335 = DIRECTION ( 'NONE',  ( -0.000000000000000000, -0.000000000000000000, -1.000000000000000000 ) ) ;
#3336 = ORIENTED_EDGE ( 'NONE', *, *, #5675, .T. ) ;
#3337 = CARTESIAN_POINT ( 'NONE',  ( -300.0000000000001705, 184.0000000000000000, 22.00000000000000000 ) ) ;
#3338 = EDGE_CURVE ( 'NONE', #698, #4307, #707, .T. ) ;
#3339 = CYLINDRICAL_SURFACE ( 'NONE', #1115, 27.00000000000013500 ) ;
#3340 = VECTOR ( 'NONE', #4270, 1000.000000000000000 ) ;
#3341 = CARTESIAN_POINT ( 'NONE',  ( -3353.999999999976808, 2.273181642920008017E-11, 82.00000000000001421 ) ) ;
#3342 = VERTEX_POINT ( 'NONE', #5067 ) ;
#3343 = VECTOR ( 'NONE', #5547, 1000.000000000000000 ) ;
#3344 = VERTEX_POINT ( 'NONE', #1862 ) ;
#3345 = CARTESIAN_POINT ( 'NONE',  ( -3599.999999999977717, 723.0000000000227374, 533.0699593373525431 ) ) ;
#3346 = FACE_OUTER_BOUND ( 'NONE', #5310, .T. ) ;
#3347 = PRODUCT_RELATED_PRODUCT_CATEGORY ( 'detail', '', ( #3398 ) ) ;
#3348 = DIRECTION ( 'NONE',  ( -1.000000000000000000, 1.033727211010387736E-16, 0.000000000000000000 ) ) ;
#3349 = ORIENTED_EDGE ( 'NONE', *, *, #3966, .T. ) ;
#3350 = ADVANCED_FACE ( 'NONE', ( #1470, #4210 ), #5520, .T. ) ;
#3351 = EDGE_CURVE ( 'NONE', #1421, #2025, #2947, .T. ) ;
#3352 = FACE_BOUND ( 'NONE', #1182, .T. ) ;
#3353 = ORIENTED_EDGE ( 'NONE', *, *, #1433, .T. ) ;
#3354 = CARTESIAN_POINT ( 'NONE',  ( -250.4999999999999432, -22.99999999999997868, -461.9999999999999432 ) ) ;
#3355 = CARTESIAN_POINT ( 'NONE',  ( 251.5000000000001137, 223.0000000000000000, 261.0000000000000000 ) ) ;
#3356 = ORIENTED_EDGE ( 'NONE', *, *, #1953, .T. ) ;
#3357 = ORIENTED_EDGE ( 'NONE', *, *, #2476, .F. ) ;
#3358 = EDGE_LOOP ( 'NONE', ( #654, #2917, #2648, #587 ) ) ;
#3359 = EDGE_CURVE ( 'NONE', #2363, #3248, #3454, .T. ) ;
#3360 = CARTESIAN_POINT ( 'NONE',  ( 0.000000000000000000, 2350.000000000022737, 580.0000000000000000 ) ) ;
#3361 = DIRECTION ( 'NONE',  ( 0.000000000000000000, -1.000000000000000000, 0.000000000000000000 ) ) ;
#3362 = ORIENTED_EDGE ( 'NONE', *, *, #2710, .T. ) ;
#3363 = ORIENTED_EDGE ( 'NONE', *, *, #5689, .T. ) ;
#3364 = DIRECTION ( 'NONE',  ( 1.000000000000000000, 0.000000000000000000, 0.000000000000000000 ) ) ;
#3365 = DIRECTION ( 'NONE',  ( 1.000000000000000000, 0.000000000000000000, 0.000000000000000000 ) ) ;
#3366 = APPLICATION_CONTEXT ( 'configuration controlled 3d designs of mechanical parts and assemblies' ) ;
#3367 = DIRECTION ( 'NONE',  ( 0.000000000000000000, -1.000000000000000000, 0.000000000000000000 ) ) ;
#3368 = DIRECTION ( 'NONE',  ( 0.000000000000000000, 1.000000000000000000, 0.000000000000000000 ) ) ;
#3369 = DIRECTION ( 'NONE',  ( -0.000000000000000000, 1.000000000000000000, -0.000000000000000000 ) ) ;
#3370 = DIRECTION ( 'NONE',  ( 0.000000000000000000, 1.000000000000000000, -0.000000000000000000 ) ) ;
#3371 = EDGE_LOOP ( 'NONE', ( #5120, #4605 ) ) ;
#3372 = FACE_OUTER_BOUND ( 'NONE', #1486, .T. ) ;
#3373 = EDGE_CURVE ( 'NONE', #1218, #229, #568, .T. ) ;
#3374 = AXIS2_PLACEMENT_3D ( 'NONE', #1462, #2365, #1055 ) ;
#3375 = DIRECTION ( 'NONE',  ( -0.000000000000000000, -0.000000000000000000, -1.000000000000000000 ) ) ;
#3376 = DIRECTION ( 'NONE',  ( 0.000000000000000000, -0.000000000000000000, -1.000000000000000000 ) ) ;
#3377 = ORIENTED_EDGE ( 'NONE', *, *, #1248, .T. ) ;
#3378 = VECTOR ( 'NONE', #1946, 1000.000000000000000 ) ;
#3379 = DIRECTION ( 'NONE',  ( 0.000000000000000000, 1.000000000000000000, -0.000000000000000000 ) ) ;
#3380 = ADVANCED_FACE ( 'NONE', ( #4141 ), #139, .T. ) ;
#3381 = CARTESIAN_POINT ( 'NONE',  ( -3869.999999999976808, 425.0000000000228511, 557.9999999999998863 ) ) ;
#3382 = CARTESIAN_POINT ( 'NONE',  ( -3869.999999999976808, 946.0000000001497256, 580.0000000000000000 ) ) ;
#3383 = SECURITY_CLASSIFICATION ( '', '', #1724 ) ;
#3384 = LINE ( 'NONE', #5509, #4779 ) ;
#3385 = EDGE_CURVE ( 'NONE', #5038, #4878, #288, .T. ) ;
#3386 = APPLICATION_CONTEXT ( 'configuration controlled 3d designs of mechanical parts and assemblies' ) ;
#3387 = LOCAL_TIME ( 20, 46, 49.00000000000000000, #2259 ) ;
#3388 = PLANE ( 'NONE',  #326 ) ;
#3389 = DIRECTION ( 'NONE',  ( 0.000000000000000000, -1.000000000000000000, 0.000000000000000000 ) ) ;
#3390 = COORDINATED_UNIVERSAL_TIME_OFFSET ( 8, 0, .AHEAD. ) ;
#3391 = DIRECTION ( 'NONE',  ( 0.000000000000000000, -1.000000000000000000, 0.000000000000000000 ) ) ;
#3392 = LINE ( 'NONE', #2927, #1272 ) ;
#3393 = EDGE_CURVE ( 'NONE', #4257, #373, #2804, .T. ) ;
#3394 = ORIENTED_EDGE ( 'NONE', *, *, #5273, .F. ) ;
#3395 = CALENDAR_DATE ( 2026, 1, 6 ) ;
#3396 = DIRECTION ( 'NONE',  ( 0.000000000000000000, -1.000000000000000000, 0.000000000000000000 ) ) ;
#3397 = LINE ( 'NONE', #863, #2054 ) ;
#3398 = PRODUCT ( '高柜03柜门_高柜03柜门', '高柜03柜门_高柜03柜门', '', ( #2571 ) ) ;
#3399 = AXIS2_PLACEMENT_3D ( 'NONE', #2443, #624, #4253 ) ;
#3400 = CARTESIAN_POINT ( 'NONE',  ( -269.4999999999998295, -205.0000000000000284, 261.0000000000000000 ) ) ;
#3401 = LINE ( 'NONE', #661, #4586 ) ;
#3402 = APPROVAL_ROLE ( '' ) ;
#3403 = VERTEX_POINT ( 'NONE', #555 ) ;
#3404 = DIRECTION ( 'NONE',  ( 1.000000000000000000, 0.000000000000000000, -0.000000000000000000 ) ) ;
#3405 = LINE ( 'NONE', #1118, #2829 ) ;
#3406 = ADVANCED_FACE ( 'NONE', ( #2524 ), #4588, .F. ) ;
#3407 = CARTESIAN_POINT ( 'NONE',  ( -3869.999999999976808, 0.000000000000000000, 580.0000000000000000 ) ) ;
#3408 = CIRCLE ( 'NONE', #428, 27.00000000000013500 ) ;
#3409 = AXIS2_PLACEMENT_3D ( 'NONE', #2243, #4438, #5352 ) ;
#3410 = DIRECTION ( 'NONE',  ( 1.000000000000000000, 1.973729821555833987E-16, -0.000000000000000000 ) ) ;
#3411 = CARTESIAN_POINT ( 'NONE',  ( -250.4999999999999432, -22.99999999999997868, -461.9999999999999432 ) ) ;
#3412 = ORIENTED_EDGE ( 'NONE', *, *, #5833, .T. ) ;
#3413 = VECTOR ( 'NONE', #1411, 1000.000000000000000 ) ;
#3414 = ORIENTED_EDGE ( 'NONE', *, *, #1841, .F. ) ;
#3415 = DIRECTION ( 'NONE',  ( 0.000000000000000000, -0.000000000000000000, 1.000000000000000000 ) ) ;
#3416 = VECTOR ( 'NONE', #3033, 1000.000000000000000 ) ;
#3417 = ORIENTED_EDGE ( 'NONE', *, *, #300, .T. ) ;
#3418 = CC_DESIGN_PERSON_AND_ORGANIZATION_ASSIGNMENT ( #4572, #3097, ( #767 ) ) ;
#3419 = VECTOR ( 'NONE', #3810, 1000.000000000000000 ) ;
#3420 = ORIENTED_EDGE ( 'NONE', *, *, #751, .F. ) ;
#3421 = VECTOR ( 'NONE', #5126, 1000.000000000000000 ) ;
#3422 = CARTESIAN_POINT ( 'NONE',  ( 0.000000000000000000, 1410.000000000276486, 580.0000000000000000 ) ) ;
#3423 = CARTESIAN_POINT ( 'NONE',  ( -3353.999999999976808, 15.00000000002273204, 109.0000000000001279 ) ) ;
#3424 = VERTEX_POINT ( 'NONE', #570 ) ;
#3425 = PERSON_AND_ORGANIZATION_ROLE ( 'creator' ) ;
#3426 = CIRCLE ( 'NONE', #5795, 27.00000000000011369 ) ;
#3427 = EDGE_LOOP ( 'NONE', ( #5250, #2792, #3917, #1878 ) ) ;
#3428 = ORIENTED_EDGE ( 'NONE', *, *, #420, .T. ) ;
#3429 = EDGE_LOOP ( 'NONE', ( #4152, #924 ) ) ;
#3430 = CC_DESIGN_PERSON_AND_ORGANIZATION_ASSIGNMENT ( #152, #4848, ( #1495 ) ) ;
#3431 = DIRECTION ( 'NONE',  ( 1.000000000000000000, 0.000000000000000000, 0.000000000000000000 ) ) ;
#3432 = EDGE_CURVE ( 'NONE', #666, #3439, #4070, .T. ) ;
#3433 = DIRECTION ( 'NONE',  ( 1.000000000000000000, 2.489289292881517190E-16, -0.000000000000000000 ) ) ;
#3434 = VERTEX_POINT ( 'NONE', #5476 ) ;
#3435 = VERTEX_POINT ( 'NONE', #4097 ) ;
#3436 = DIRECTION ( 'NONE',  ( -1.000000000000000000, 0.000000000000000000, 0.000000000000000000 ) ) ;
#3437 = ORIENTED_EDGE ( 'NONE', *, *, #5813, .T. ) ;
#3438 = CARTESIAN_POINT ( 'NONE',  ( 33.00000000000019895, 365.0000000000000000, -27.99999999999998934 ) ) ;
#3439 = VERTEX_POINT ( 'NONE', #3715 ) ;
#3440 = AXIS2_PLACEMENT_3D ( 'NONE', #3707, #961, #3653 ) ;
#3441 = ADVANCED_FACE ( 'NONE', ( #4636 ), #2766, .F. ) ;
#3442 = PERSON ( 'NAUO-PER1', 'UNSPECIFIED', 'UNSPECIFIED', ('UNSPECIFIED'), ('UNSPECIFIED'), ('UNSPECIFIED') ) ;
#3443 = ORIENTED_EDGE ( 'NONE', *, *, #4764, .T. ) ;
#3444 = VERTEX_POINT ( 'NONE', #1023 ) ;
#3445 = DIRECTION ( 'NONE',  ( -0.000000000000000000, 1.000000000000000000, -0.000000000000000000 ) ) ;
#3446 = APPROVAL_STATUS ( 'not_yet_approved' ) ;
#3447 = DIRECTION ( 'NONE',  ( 1.000000000000000000, 0.000000000000000000, 0.000000000000000000 ) ) ;
#3448 = VERTEX_POINT ( 'NONE', #1560 ) ;
#3449 = VECTOR ( 'NONE', #1193, 1000.000000000000000 ) ;
#3450 = CARTESIAN_POINT ( 'NONE',  ( 33.00000000000019895, -365.0000000000000000, 27.00000000000001066 ) ) ;
#3451 = DIRECTION ( 'NONE',  ( -0.000000000000000000, -0.000000000000000000, -1.000000000000000000 ) ) ;
#3452 = EDGE_CURVE ( 'NONE', #3328, #1421, #5135, .T. ) ;
#3453 = VERTEX_POINT ( 'NONE', #217 ) ;
#3454 = CIRCLE ( 'NONE', #4498, 6.499999999999999112 ) ;
#3455 = AXIS2_PLACEMENT_3D ( 'NONE', #2983, #3468, #4790 ) ;
#3456 = CARTESIAN_POINT ( 'NONE',  ( -5.000000000000000000, 0.000000000000000000, 0.000000000000000000 ) ) ;
#3457 = CALENDAR_DATE ( 2026, 1, 6 ) ;
#3458 = CIRCLE ( 'NONE', #4037, 27.00000000000011369 ) ;
#3459 = PERSON_AND_ORGANIZATION ( #724, #4157 ) ;
#3460 = CARTESIAN_POINT ( 'NONE',  ( -27.99999999999998934, -365.0000000000000000, 27.00000000000000355 ) ) ;
#3461 = FACE_OUTER_BOUND ( 'NONE', #439, .T. ) ;
#3462 = DIRECTION ( 'NONE',  ( 0.000000000000000000, 1.000000000000000000, 0.000000000000000000 ) ) ;
#3463 = SECURITY_CLASSIFICATION ( '', '', #3850 ) ;
#3464 = EDGE_CURVE ( 'NONE', #836, #1074, #145, .T. ) ;
#3465 = APPROVAL_ROLE ( '' ) ;
#3466 = ORIENTED_EDGE ( 'NONE', *, *, #2761, .F. ) ;
#3467 = LOCAL_TIME ( 20, 46, 49.00000000000000000, #2539 ) ;
#3468 = DIRECTION ( 'NONE',  ( 1.000000000000000000, 1.973729821555833987E-16, -0.000000000000000000 ) ) ;
#3469 = VECTOR ( 'NONE', #5159, 1000.000000000000000 ) ;
#3470 = PLANE ( 'NONE',  #5834 ) ;
#3471 = ORIENTED_EDGE ( 'NONE', *, *, #4869, .F. ) ;
#3472 = CARTESIAN_POINT ( 'NONE',  ( 15.90000000000019575, -468.5000000000000000, 15.90000000000000036 ) ) ;
#3473 = APPROVAL_DATE_TIME ( #4797, #3716 ) ;
#3474 = EDGE_CURVE ( 'NONE', #2478, #976, #2386, .T. ) ;
#3475 = VECTOR ( 'NONE', #2620, 1000.000000000000000 ) ;
#3476 = EDGE_LOOP ( 'NONE', ( #528, #1170 ) ) ;
#3477 = CARTESIAN_POINT ( 'NONE',  ( -3886.799999999977445, 1544.750000000022737, 604.7999999999999545 ) ) ;
#3478 = FACE_OUTER_BOUND ( 'NONE', #5099, .T. ) ;
#3479 = CARTESIAN_POINT ( 'NONE',  ( -300.0000000000001705, -184.0000000000000000, 22.00000000000000000 ) ) ;
#3480 = ORIENTED_EDGE ( 'NONE', *, *, #372, .T. ) ;
#3481 = VECTOR ( 'NONE', #5009, 1000.000000000000000 ) ;
#3482 = APPROVAL_ROLE ( '' ) ;
#3483 = LINE ( 'NONE', #5591, #3340 ) ;
#3484 = DIRECTION ( 'NONE',  ( -0.000000000000000000, 1.000000000000000000, -0.000000000000000000 ) ) ;
#3485 = ORIENTED_EDGE ( 'NONE', *, *, #9, .T. ) ;
#3486 = EDGE_CURVE ( 'NONE', #5471, #5472, #1337, .T. ) ;
#3487 = VECTOR ( 'NONE', #4814, 1000.000000000000000 ) ;
#3488 = ORIENTED_EDGE ( 'NONE', *, *, #2008, .T. ) ;
#3489 = AXIS2_PLACEMENT_3D ( 'NONE', #2831, #150, #984 ) ;
#3490 = DIRECTION ( 'NONE',  ( 0.000000000000000000, 0.000000000000000000, 1.000000000000000000 ) ) ;
#3491 = FACE_OUTER_BOUND ( 'NONE', #5828, .T. ) ;
#3492 = PLANE ( 'NONE',  #2650 ) ;
#3493 = VERTEX_POINT ( 'NONE', #2874 ) ;
#3494 = CARTESIAN_POINT ( 'NONE',  ( -300.0000000000001705, -184.0000000000000000, 22.00000000000000000 ) ) ;
#3495 = FACE_OUTER_BOUND ( 'NONE', #3371, .T. ) ;
#3496 = ORIENTED_EDGE ( 'NONE', *, *, #5266, .T. ) ;
#3497 = DIRECTION ( 'NONE',  ( -1.000000000000000000, 0.000000000000000000, 0.000000000000000000 ) ) ;
#3498 = CARTESIAN_POINT ( 'NONE',  ( -3894.799999999977445, 1515.250000000022737, 596.7999999999999545 ) ) ;
#3499 = PRODUCT_DEFINITION ( '未知', '', #1347, #1124 ) ;
#3500 = EDGE_CURVE ( 'NONE', #5247, #3289, #2252, .T. ) ;
#3501 = ORIENTED_EDGE ( 'NONE', *, *, #2032, .T. ) ;
#3502 = ORIENTED_EDGE ( 'NONE', *, *, #1459, .T. ) ;
#3503 = CARTESIAN_POINT ( 'NONE',  ( 0.000000000000000000, 0.000000000000000000, 512.9999999999998863 ) ) ;
#3504 = ORIENTED_EDGE ( 'NONE', *, *, #1122, .F. ) ;
#3505 = PERSON_AND_ORGANIZATION_ROLE ( 'classification_officer' ) ;
#3506 = ORIENTED_EDGE ( 'NONE', *, *, #2576, .F. ) ;
#3507 = ORIENTED_EDGE ( 'NONE', *, *, #3221, .F. ) ;
#3508 = EDGE_CURVE ( 'NONE', #2079, #3248, #4284, .T. ) ;
#3509 = DIRECTION ( 'NONE',  ( -0.000000000000000000, -1.000000000000000000, -0.000000000000000000 ) ) ;
#3510 = DIRECTION ( 'NONE',  ( -0.000000000000000000, 0.000000000000000000, 1.000000000000000000 ) ) ;
#3511 = EDGE_LOOP ( 'NONE', ( #1244, #1580, #1173, #4886 ) ) ;
#3512 = AXIS2_PLACEMENT_3D ( 'NONE', #2017, #272, #5191 ) ;
#3513 = EDGE_LOOP ( 'NONE', ( #3222, #1454, #4317, #1438, #5830, #1110, #2173, #2785 ) ) ;
#3514 = LINE ( 'NONE', #2705, #1605 ) ;
#3515 = CARTESIAN_POINT ( 'NONE',  ( -297.5000000000000568, 223.0000000000000000, 309.0000000000000568 ) ) ;
#3516 = DIRECTION ( 'NONE',  ( -0.000000000000000000, 1.000000000000000000, -0.000000000000000000 ) ) ;
#3517 = CARTESIAN_POINT ( 'NONE',  ( -3884.099999999977626, 1515.250000000022737, 591.9500000000002728 ) ) ;
#3518 = ORIENTED_EDGE ( 'NONE', *, *, #2669, .T. ) ;
#3519 = FACE_OUTER_BOUND ( 'NONE', #1955, .T. ) ;
#3520 = SECURITY_CLASSIFICATION_LEVEL ( 'unclassified' ) ;
#3521 = AXIS2_PLACEMENT_3D ( 'NONE', #3848, #5639, #1213 ) ;
#3522 = DIRECTION ( 'NONE',  ( -0.000000000000000000, 0.000000000000000000, 1.000000000000000000 ) ) ;
#3523 = LINE ( 'NONE', #2413, #2258 ) ;
#3524 = CARTESIAN_POINT ( 'NONE',  ( -3353.999999999976808, 100.0000000000227374, 474.9999999999998863 ) ) ;
#3525 = PERSON_AND_ORGANIZATION ( #724, #4157 ) ;
#3526 = DIRECTION ( 'NONE',  ( 0.000000000000000000, -0.000000000000000000, 1.000000000000000000 ) ) ;
#3527 = AXIS2_PLACEMENT_3D ( 'NONE', #104, #2377, #2803 ) ;
#3528 = DIRECTION ( 'NONE',  ( 0.000000000000000000, 0.000000000000000000, 1.000000000000000000 ) ) ;
#3529 = ADVANCED_FACE ( 'NONE', ( #4003 ), #1962, .T. ) ;
#3530 = COORDINATED_UNIVERSAL_TIME_OFFSET ( 8, 0, .AHEAD. ) ;
#3531 = DIRECTION ( 'NONE',  ( 0.000000000000000000, 1.000000000000000000, 0.000000000000000000 ) ) ;
#3532 = LINE ( 'NONE', #597, #369 ) ;
#3533 = DIRECTION ( 'NONE',  ( -0.000000000000000000, -0.000000000000000000, -1.000000000000000000 ) ) ;
#3534 = VERTEX_POINT ( 'NONE', #5623 ) ;
#3535 = DIRECTION ( 'NONE',  ( 0.000000000000000000, 0.000000000000000000, -1.000000000000000000 ) ) ;
#3536 = PERSON_AND_ORGANIZATION ( #724, #4157 ) ;
#3537 = PRODUCT_DEFINITION ( '未知', '', #5346, #652 ) ;
#3538 = CARTESIAN_POINT ( 'NONE',  ( 33.00000000000019895, -14.99999999999998579, 27.00000000000001066 ) ) ;
#3539 = FACE_OUTER_BOUND ( 'NONE', #1310, .T. ) ;
#3540 = EDGE_CURVE ( 'NONE', #2124, #5471, #5060, .T. ) ;
#3541 = APPROVAL_ROLE ( '' ) ;
#3542 = DIRECTION ( 'NONE',  ( 0.000000000000000000, 1.000000000000000000, 0.000000000000000000 ) ) ;
#3543 = FACE_OUTER_BOUND ( 'NONE', #5051, .T. ) ;
#3544 = DIRECTION ( 'NONE',  ( 0.000000000000000000, -0.000000000000000000, -1.000000000000000000 ) ) ;
#3545 = ADVANCED_FACE ( 'NONE', ( #2520 ), #2800, .T. ) ;
#3546 = CARTESIAN_POINT ( 'NONE',  ( 15.90000000000019575, -15.00000000000001421, 15.90000000000000036 ) ) ;
#3547 = ORIENTED_EDGE ( 'NONE', *, *, #224, .T. ) ;
#3548 = EDGE_CURVE ( 'NONE', #2124, #1632, #5701, .T. ) ;
#3549 = VECTOR ( 'NONE', #3365, 1000.000000000000000 ) ;
#3550 = DIRECTION ( 'NONE',  ( 0.000000000000000000, 0.000000000000000000, -1.000000000000000000 ) ) ;
#3551 = LINE ( 'NONE', #1970, #389 ) ;
#3552 = ORIENTED_EDGE ( 'NONE', *, *, #2442, .F. ) ;
#3553 = CARTESIAN_POINT ( 'NONE',  ( -3884.099999999977626, 1515.250000000022737, 600.0499999999996135 ) ) ;
#3554 = CYLINDRICAL_SURFACE ( 'NONE', #4234, 4.049999999999664979 ) ;
#3555 = ORIENTED_EDGE ( 'NONE', *, *, #2326, .F. ) ;
#3556 = LINE ( 'NONE', #4309, #3271 ) ;
#3557 = AXIS2_PLACEMENT_3D ( 'NONE', #3065, #2659, #5315 ) ;
#3558 = CARTESIAN_POINT ( 'NONE',  ( -3329.999999999977717, 946.0000000001497256, 1120.299916712929871 ) ) ;
#3559 = VERTEX_POINT ( 'NONE', #4705 ) ;
#3560 =( REPRESENTATION_RELATIONSHIP ('NONE','NONE', #4855, #4809 ) REPRESENTATION_RELATIONSHIP_WITH_TRANSFORMATION ( #4362 )SHAPE_REPRESENTATION_RELATIONSHIP( ) );
#3561 = ORIENTED_EDGE ( 'NONE', *, *, #5382, .F. ) ;
#3562 = ADVANCED_FACE ( 'NONE', ( #1333 ), #1752, .T. ) ;
#3563 = LINE ( 'NONE', #1744, #468 ) ;
#3564 = PLANE ( 'NONE',  #4648 ) ;
#3565 = DIRECTION ( 'NONE',  ( -1.000000000000000000, 0.000000000000000000, -0.000000000000000000 ) ) ;
#3566 = EDGE_CURVE ( 'NONE', #2977, #2684, #3860, .T. ) ;
#3567 = ORIENTED_EDGE ( 'NONE', *, *, #1348, .F. ) ;
#3568 = AXIS2_PLACEMENT_3D ( 'NONE', #365, #4425, #3528 ) ;
#3569 = ORIENTED_EDGE ( 'NONE', *, *, #2609, .F. ) ;
#3570 = ORIENTED_EDGE ( 'NONE', *, *, #4206, .T. ) ;
#3571 = ORIENTED_EDGE ( 'NONE', *, *, #3915, .F. ) ;
#3572 = DIRECTION ( 'NONE',  ( -1.973729821555833987E-16, 1.000000000000000000, 0.000000000000000000 ) ) ;
#3573 = ORIENTED_EDGE ( 'NONE', *, *, #810, .T. ) ;
#3574 = ORIENTED_EDGE ( 'NONE', *, *, #4566, .F. ) ;
#3575 = CC_DESIGN_APPROVAL ( #4055, ( #5771 ) ) ;
#3576 = EDGE_CURVE ( 'NONE', #1195, #4878, #1190, .T. ) ;
#3577 = CARTESIAN_POINT ( 'NONE',  ( 600.0000000000001137, 470.0000000000000000, 0.000000000000000000 ) ) ;
#3578 = EDGE_LOOP ( 'NONE', ( #5193, #4197 ) ) ;
#3579 = DIRECTION ( 'NONE',  ( -0.000000000000000000, -0.000000000000000000, -1.000000000000000000 ) ) ;
#3580 = CARTESIAN_POINT ( 'NONE',  ( -3877.999999999977263, 2215.250000000022737, 604.7999999999999545 ) ) ;
#3581 = ORIENTED_EDGE ( 'NONE', *, *, #4953, .F. ) ;
#3582 = CIRCLE ( 'NONE', #779, 4.049999999999664979 ) ;
#3583 = EDGE_CURVE ( 'NONE', #1387, #1326, #75, .T. ) ;
#3584 = CARTESIAN_POINT ( 'NONE',  ( -3329.999999999977263, 482.0000000000228511, 22.00000000000002132 ) ) ;
#3585 = ORIENTED_EDGE ( 'NONE', *, *, #2781, .F. ) ;
#3586 = CIRCLE ( 'NONE', #5333, 20.00000000000018474 ) ;
#3587 = DIRECTION ( 'NONE',  ( 1.000000000000000000, 1.973729821555833987E-16, -0.000000000000000000 ) ) ;
#3588 = ADVANCED_FACE ( 'NONE', ( #992 ), #5552, .T. ) ;
#3589 = AXIS2_PLACEMENT_3D ( 'NONE', #4838, #3043, #2153 ) ;
#3590 = CARTESIAN_POINT ( 'NONE',  ( 15.90000000000019575, 15.00000000000001421, 15.90000000000000036 ) ) ;
#3591 = DIRECTION ( 'NONE',  ( 0.000000000000000000, -1.000000000000000000, 0.000000000000000000 ) ) ;
#3592 = VECTOR ( 'NONE', #2050, 1000.000000000000000 ) ;
#3593 = DATE_AND_TIME ( #2678, #3168 ) ;
#3594 = CARTESIAN_POINT ( 'NONE',  ( 1.873501354054951662E-13, 15.00000000000001421, 27.00000000000000711 ) ) ;
#3595 = CARTESIAN_POINT ( 'NONE',  ( -300.0000000000001705, -184.0000000000000000, 22.00000000000000000 ) ) ;
#3596 = EDGE_CURVE ( 'NONE', #1632, #5472, #853, .T. ) ;
#3597 = VECTOR ( 'NONE', #3796, 1000.000000000000000 ) ;
#3598 = AXIS2_PLACEMENT_3D ( 'NONE', #4500, #1295, #4914 ) ;
#3599 = DATE_AND_TIME ( #2880, #5354 ) ;
#3600 = DIRECTION ( 'NONE',  ( 1.000000000000000000, 1.027984282060329272E-16, 0.000000000000000000 ) ) ;
#3601 = VECTOR ( 'NONE', #4907, 1000.000000000000000 ) ;
#3602 = MANIFOLD_SOLID_BREP ( '凸台-拉伸14', #2317 ) ;
#3603 = CARTESIAN_POINT ( 'NONE',  ( -3329.999999999977263, -6.572520305780882291E-13, 580.0000000000000000 ) ) ;
#3604 = EDGE_LOOP ( 'NONE', ( #3087, #416 ) ) ;
#3605 = COORDINATED_UNIVERSAL_TIME_OFFSET ( 8, 0, .AHEAD. ) ;
#3606 = VECTOR ( 'NONE', #4507, 1000.000000000000000 ) ;
#3607 = AXIS2_PLACEMENT_3D ( 'NONE', #3907, #397, #4356 ) ;
#3608 = CARTESIAN_POINT ( 'NONE',  ( 269.5000000000000568, -223.0000000000000000, -279.0000000000000000 ) ) ;
#3609 = EDGE_CURVE ( 'NONE', #1961, #5153, #1610, .T. ) ;
#3610 = ORIENTED_EDGE ( 'NONE', *, *, #2669, .F. ) ;
#3611 = CARTESIAN_POINT ( 'NONE',  ( 33.00000000000019895, -365.0000000000000000, 0.000000000000000000 ) ) ;
#3612 = PERSON_AND_ORGANIZATION ( #724, #4157 ) ;
#3613 = CARTESIAN_POINT ( 'NONE',  ( -3843.999999999977263, 100.0000000000227374, 109.0000000000001279 ) ) ;
#3614 = LINE ( 'NONE', #1252, #3475 ) ;
#3615 = DIRECTION ( 'NONE',  ( 2.489289292881517190E-16, -1.000000000000000000, 0.000000000000000000 ) ) ;
#3616 = ORIENTED_EDGE ( 'NONE', *, *, #1855, .T. ) ;
#3617 = DIRECTION ( 'NONE',  ( -0.000000000000000000, -1.000000000000000000, -0.000000000000000000 ) ) ;
#3618 = CC_DESIGN_APPROVAL ( #5, ( #1495 ) ) ;
#3619 = DIRECTION ( 'NONE',  ( 0.000000000000000000, 1.000000000000000000, -0.000000000000000000 ) ) ;
#3620 = EDGE_CURVE ( 'NONE', #5034, #1596, #4423, .T. ) ;
#3621 = APPROVAL_STATUS ( 'not_yet_approved' ) ;
#3622 = CIRCLE ( 'NONE', #994, 27.00000000000011369 ) ;
#3623 = ADVANCED_FACE ( 'NONE', ( #430, #3237 ), #4759, .F. ) ;
#3624 = ORIENTED_EDGE ( 'NONE', *, *, #1765, .F. ) ;
#3625 = LINE ( 'NONE', #276, #1927 ) ;
#3626 = LINE ( 'NONE', #4226, #2414 ) ;
#3627 = ORIENTED_EDGE ( 'NONE', *, *, #3915, .T. ) ;
#3628 = DIRECTION ( 'NONE',  ( 0.000000000000000000, 0.000000000000000000, 1.000000000000000000 ) ) ;
#3629 = FACE_OUTER_BOUND ( 'NONE', #3706, .T. ) ;
#3630 = ORIENTED_EDGE ( 'NONE', *, *, #5183, .T. ) ;
#3631 = CYLINDRICAL_SURFACE ( 'NONE', #4212, 15.00000000000000000 ) ;
#3632 = CARTESIAN_POINT ( 'NONE',  ( 33.00000000000019895, 365.0000000000000000, 27.00000000000001066 ) ) ;
#3633 = DIRECTION ( 'NONE',  ( -1.000000000000000000, 0.000000000000000000, 0.000000000000000000 ) ) ;
#3634 = VERTEX_POINT ( 'NONE', #1603 ) ;
#3635 = EDGE_CURVE ( 'NONE', #3275, #5725, #4205, .T. ) ;
#3636 = VECTOR ( 'NONE', #3215, 1000.000000000000000 ) ;
#3637 = VERTEX_POINT ( 'NONE', #5704 ) ;
#3638 = ORIENTED_EDGE ( 'NONE', *, *, #4625, .T. ) ;
#3639 = DIRECTION ( 'NONE',  ( 0.000000000000000000, 1.000000000000000000, 0.000000000000000000 ) ) ;
#3640 = CARTESIAN_POINT ( 'NONE',  ( -3329.999999999977263, -6.572520305780882291E-13, 580.0000000000000000 ) ) ;
#3641 = VERTEX_POINT ( 'NONE', #1153 ) ;
#3642 = ORIENTED_EDGE ( 'NONE', *, *, #3150, .F. ) ;
#3643 = DIRECTION ( 'NONE',  ( -0.000000000000000000, 1.000000000000000000, -0.000000000000000000 ) ) ;
#3644 = EDGE_CURVE ( 'NONE', #2592, #5663, #2247, .T. ) ;
#3645 = AXIS2_PLACEMENT_3D ( 'NONE', #748, #5641, #234 ) ;
#3646 = CARTESIAN_POINT ( 'NONE',  ( 269.5000000000001137, 223.0000000000000000, -279.0000000000000000 ) ) ;
#3647 = ORIENTED_EDGE ( 'NONE', *, *, #1984, .T. ) ;
#3648 = ORIENTED_EDGE ( 'NONE', *, *, #4840, .T. ) ;
#3649 = CARTESIAN_POINT ( 'NONE',  ( -3877.999999999977263, 1515.250000000022737, 596.7999999999999545 ) ) ;
#3650 = ADVANCED_FACE ( 'NONE', ( #4354 ), #2976, .T. ) ;
#3651 = ORIENTED_EDGE ( 'NONE', *, *, #260, .F. ) ;
#3652 = VERTEX_POINT ( 'NONE', #747 ) ;
#3653 = DIRECTION ( 'NONE',  ( -1.201540069940645842E-16, 0.000000000000000000, -1.000000000000000000 ) ) ;
#3654 = APPROVAL ( #4281, '未指定' ) ;
#3655 = EDGE_CURVE ( 'NONE', #4972, #622, #3723, .T. ) ;
#3656 = CARTESIAN_POINT ( 'NONE',  ( -3843.999999999977263, 2.273181642920008017E-11, 502.0000000000000000 ) ) ;
#3657 = VERTEX_POINT ( 'NONE', #2936 ) ;
#3658 = VECTOR ( 'NONE', #682, 1000.000000000000000 ) ;
#3659 = CARTESIAN_POINT ( 'NONE',  ( 1.953311644640028390E-13, 470.0000000000000000, 30.00000000000000000 ) ) ;
#3660 = CARTESIAN_POINT ( 'NONE',  ( -3353.999999999976808, 15.00000000002273204, 522.0000000000001137 ) ) ;
#3661 = EDGE_CURVE ( 'NONE', #1964, #4695, #1468, .T. ) ;
#3662 = DIRECTION ( 'NONE',  ( 1.000000000000000000, 0.000000000000000000, 0.000000000000000000 ) ) ;
#3663 = ORIENTED_EDGE ( 'NONE', *, *, #3724, .T. ) ;
#3664 = VECTOR ( 'NONE', #425, 1000.000000000000000 ) ;
#3665 = CARTESIAN_POINT ( 'NONE',  ( -3869.999999999976808, 0.000000000000000000, 557.9999999999998863 ) ) ;
#3666 = FACE_OUTER_BOUND ( 'NONE', #578, .T. ) ;
#3667 = PERSON_AND_ORGANIZATION ( #724, #4157 ) ;
#3668 = AXIS2_PLACEMENT_3D ( 'NONE', #3309, #3777, #1087 ) ;
#3669 = DIRECTION ( 'NONE',  ( 0.000000000000000000, -1.000000000000000000, 0.000000000000000000 ) ) ;
#3670 = CARTESIAN_POINT ( 'NONE',  ( -3899.999999999977263, 500.0000000000228511, 530.9999999999998863 ) ) ;
#3671 = CALENDAR_DATE ( 2026, 1, 6 ) ;
#3672 = VECTOR ( 'NONE', #5651, 1000.000000000000000 ) ;
#3673 = CARTESIAN_POINT ( 'NONE',  ( -3869.999999999976808, 964.0000000001497256, 1120.299916712929871 ) ) ;
#3674 = EDGE_CURVE ( 'NONE', #1208, #1104, #2674, .T. ) ;
#3675 = ADVANCED_FACE ( 'NONE', ( #3519 ), #5211, .F. ) ;
#3676 = ORIENTED_EDGE ( 'NONE', *, *, #3464, .T. ) ;
#3677 = DIRECTION ( 'NONE',  ( 0.000000000000000000, 1.000000000000000000, 0.000000000000000000 ) ) ;
#3678 = CALENDAR_DATE ( 2026, 1, 6 ) ;
#3679 = DIRECTION ( 'NONE',  ( -1.000000000000000000, 0.000000000000000000, -0.000000000000000000 ) ) ;
#3680 = LINE ( 'NONE', #5765, #3110 ) ;
#3681 = DIRECTION ( 'NONE',  ( 0.000000000000000000, -1.000000000000000000, 0.000000000000000000 ) ) ;
#3682 = SHAPE_REPRESENTATION_RELATIONSHIP ( 'NONE' , 'NONE' ,  #4909, #2042 ) ;
#3683 = CC_DESIGN_SECURITY_CLASSIFICATION ( #180, ( #4503 ) ) ;
#3684 = DIRECTION ( 'NONE',  ( 0.000000000000000000, 1.000000000000000000, 0.000000000000000000 ) ) ;
#3685 = CIRCLE ( 'NONE', #1890, 6.450000000000001066 ) ;
#3686 = EDGE_CURVE ( 'NONE', #3435, #3722, #1121, .T. ) ;
#3687 = VERTEX_POINT ( 'NONE', #4313 ) ;
#3688 = VECTOR ( 'NONE', #192, 1000.000000000000000 ) ;
#3689 = CARTESIAN_POINT ( 'NONE',  ( -3843.999999999977263, 15.00000000002273204, 529.0000000000001137 ) ) ;
#3690 = ORIENTED_EDGE ( 'NONE', *, *, #560, .T. ) ;
#3691 = EDGE_CURVE ( 'NONE', #5629, #1349, #3088, .T. ) ;
#3692 = DIRECTION ( 'NONE',  ( 0.000000000000000000, -0.000000000000000000, -1.000000000000000000 ) ) ;
#3693 = VECTOR ( 'NONE', #989, 1000.000000000000000 ) ;
#3694 = ORIENTED_EDGE ( 'NONE', *, *, #3183, .F. ) ;
#3695 = CIRCLE ( 'NONE', #2517, 15.00000000000000000 ) ;
#3696 = DIRECTION ( 'NONE',  ( 0.000000000000000000, 0.000000000000000000, 1.000000000000000000 ) ) ;
#3697 = ORIENTED_EDGE ( 'NONE', *, *, #3298, .T. ) ;
#3698 = ORIENTED_EDGE ( 'NONE', *, *, #493, .F. ) ;
#3699 = CARTESIAN_POINT ( 'NONE',  ( -269.4999999999998863, 223.0000000000000000, 279.0000000000000000 ) ) ;
#3700 = CIRCLE ( 'NONE', #5050, 20.00000000000018474 ) ;
#3701 = ORIENTED_EDGE ( 'NONE', *, *, #3780, .T. ) ;
#3702 = ADVANCED_FACE ( 'NONE', ( #5630 ), #703, .T. ) ;
#3703 = ORIENTED_EDGE ( 'NONE', *, *, #3238, .T. ) ;
#3704 = EDGE_LOOP ( 'NONE', ( #1067, #412, #3975, #3624 ) ) ;
#3705 = DIRECTION ( 'NONE',  ( 0.000000000000000000, 0.000000000000000000, 1.000000000000000000 ) ) ;
#3706 = EDGE_LOOP ( 'NONE', ( #4829, #762, #5092, #4111 ) ) ;
#3707 = CARTESIAN_POINT ( 'NONE',  ( 250.4999999999999432, -22.99999999999997868, -461.9999999999999432 ) ) ;
#3708 = EDGE_CURVE ( 'NONE', #1091, #5680, #1895, .T. ) ;
#3709 = AXIS2_PLACEMENT_3D ( 'NONE', #1043, #2408, #612 ) ;
#3710 = VERTEX_POINT ( 'NONE', #3381 ) ;
#3711 = EDGE_LOOP ( 'NONE', ( #259, #3013, #3761, #4587 ) ) ;
#3712 = CARTESIAN_POINT ( 'NONE',  ( 15.90000000000019575, 468.4999999999999432, 15.90000000000000036 ) ) ;
#3713 = ORIENTED_EDGE ( 'NONE', *, *, #3150, .T. ) ;
#3714 = EDGE_LOOP ( 'NONE', ( #4685, #3794, #4177, #3964 ) ) ;
#3715 = CARTESIAN_POINT ( 'NONE',  ( -3843.999999999977263, 100.0000000000227374, 54.99999999999990052 ) ) ;
#3716 = APPROVAL ( #3885, '未指定' ) ;
#3717 = DIRECTION ( 'NONE',  ( 0.000000000000000000, -1.000000000000000000, 0.000000000000000000 ) ) ;
#3718 = ORIENTED_EDGE ( 'NONE', *, *, #3755, .F. ) ;
#3719 = CIRCLE ( 'NONE', #2763, 5.000000000000000888 ) ;
#3720 = CARTESIAN_POINT ( 'NONE',  ( 600.0000000000001137, -470.0000000000000000, 30.00000000000000000 ) ) ;
#3721 = CC_DESIGN_PERSON_AND_ORGANIZATION_ASSIGNMENT ( #2744, #5286, ( #3383 ) ) ;
#3722 = VERTEX_POINT ( 'NONE', #1134 ) ;
#3723 = LINE ( 'NONE', #3460, #2035 ) ;
#3724 = EDGE_CURVE ( 'NONE', #3836, #4898, #4495, .T. ) ;
#3725 = DIRECTION ( 'NONE',  ( 0.000000000000000000, 0.000000000000000000, 1.000000000000000000 ) ) ;
#3726 = ORIENTED_EDGE ( 'NONE', *, *, #1248, .F. ) ;
#3727 = LINE ( 'NONE', #2911, #3592 ) ;
#3728 = ADVANCED_FACE ( 'NONE', ( #776 ), #4721, .T. ) ;
#3729 = COORDINATED_UNIVERSAL_TIME_OFFSET ( 8, 0, .AHEAD. ) ;
#3730 = AXIS2_PLACEMENT_3D ( 'NONE', #1443, #4580, #2776 ) ;
#3731 = DIRECTION ( 'NONE',  ( 1.000000000000000000, 0.000000000000000000, 0.000000000000000000 ) ) ;
#3732 = DIRECTION ( 'NONE',  ( 0.000000000000000000, -1.000000000000000000, 0.000000000000000000 ) ) ;
#3733 = PERSON_AND_ORGANIZATION ( #724, #4157 ) ;
#3734 = PERSON_AND_ORGANIZATION ( #2565, #13 ) ;
#3735 = FACE_BOUND ( 'NONE', #957, .T. ) ;
#3736 = CARTESIAN_POINT ( 'NONE',  ( -3353.999999999976808, 85.00000000002273737, 82.00000000000001421 ) ) ;
#3737 = ORIENTED_EDGE ( 'NONE', *, *, #66, .F. ) ;
#3738 = CARTESIAN_POINT ( 'NONE',  ( -3884.099999999977626, 1894.750000000022510, 600.0499999999996135 ) ) ;
#3739 = PERSON_AND_ORGANIZATION ( #724, #4157 ) ;
#3740 = CARTESIAN_POINT ( 'NONE',  ( -297.5000000000000568, 223.0000000000000000, 309.0000000000000568 ) ) ;
#3741 = CIRCLE ( 'NONE', #273, 5.000000000000000888 ) ;
#3742 = CARTESIAN_POINT ( 'NONE',  ( -3886.799999999977445, 1865.250000000022510, 596.7999999999999545 ) ) ;
#3743 = EDGE_LOOP ( 'NONE', ( #2361, #4222, #1148, #4121 ) ) ;
#3744 = APPROVAL_DATE_TIME ( #4943, #1983 ) ;
#3745 = EDGE_CURVE ( 'NONE', #2504, #4138, #3586, .T. ) ;
#3746 = LINE ( 'NONE', #1478, #5728 ) ;
#3747 = EDGE_LOOP ( 'NONE', ( #402, #4417, #5415, #1228 ) ) ;
#3748 = CARTESIAN_POINT ( 'NONE',  ( -3843.999999999977263, 2.273181642920008017E-11, 82.00000000000001421 ) ) ;
#3749 = VECTOR ( 'NONE', #4404, 1000.000000000000000 ) ;
#3750 = ORIENTED_EDGE ( 'NONE', *, *, #260, .T. ) ;
#3751 = APPROVAL ( #5729, '未指定' ) ;
#3752 = DIRECTION ( 'NONE',  ( 0.000000000000000000, -0.000000000000000000, -1.000000000000000000 ) ) ;
#3753 = CIRCLE ( 'NONE', #2319, 8.000000000000007105 ) ;
#3754 = ADVANCED_FACE ( 'NONE', ( #3304 ), #4450, .F. ) ;
#3755 = EDGE_CURVE ( 'NONE', #1566, #202, #141, .T. ) ;
#3756 = CARTESIAN_POINT ( 'NONE',  ( -0.000000000000000000, -14.99999999999998579, 0.000000000000000000 ) ) ;
#3757 = LINE ( 'NONE', #5208, #5245 ) ;
#3758 = PLANE ( 'NONE',  #3994 ) ;
#3759 = VERTEX_POINT ( 'NONE', #3982 ) ;
#3760 = FACE_OUTER_BOUND ( 'NONE', #5602, .T. ) ;
#3761 = ORIENTED_EDGE ( 'NONE', *, *, #1357, .T. ) ;
#3762 = FACE_OUTER_BOUND ( 'NONE', #4819, .T. ) ;
#3763 = EDGE_CURVE ( 'NONE', #479, #4628, #2108, .T. ) ;
#3764 = DIRECTION ( 'NONE',  ( 0.000000000000000000, 1.000000000000000000, -0.000000000000000000 ) ) ;
#3765 = ORIENTED_EDGE ( 'NONE', *, *, #3393, .T. ) ;
#3766 = DIRECTION ( 'NONE',  ( 1.000000000000000000, 1.973729821555833987E-16, -0.000000000000000000 ) ) ;
#3767 = LINE ( 'NONE', #5762, #5819 ) ;
#3768 = EDGE_LOOP ( 'NONE', ( #2817, #4169 ) ) ;
#3769 = EDGE_LOOP ( 'NONE', ( #4348, #3698 ) ) ;
#3770 = CARTESIAN_POINT ( 'NONE',  ( -3353.999999999976808, 100.0000000000227374, 82.00000000000001421 ) ) ;
#3771 = DIRECTION ( 'NONE',  ( 0.000000000000000000, 0.000000000000000000, 1.000000000000000000 ) ) ;
#3772 = ORIENTED_EDGE ( 'NONE', *, *, #670, .T. ) ;
#3773 = ORIENTED_EDGE ( 'NONE', *, *, #3123, .F. ) ;
#3774 = AXIS2_PLACEMENT_3D ( 'NONE', #2513, #5696, #2991 ) ;
#3775 = ORIENTED_EDGE ( 'NONE', *, *, #1765, .T. ) ;
#3776 = CARTESIAN_POINT ( 'NONE',  ( -3329.999999999977717, 1890.000000000077762, 580.0000000000000000 ) ) ;
#3777 = DIRECTION ( 'NONE',  ( 0.000000000000000000, -1.000000000000000000, 0.000000000000000000 ) ) ;
#3778 = VERTEX_POINT ( 'NONE', #2605 ) ;
#3779 = ORIENTED_EDGE ( 'NONE', *, *, #346, .F. ) ;
#3780 = EDGE_CURVE ( 'NONE', #648, #472, #1819, .T. ) ;
#3781 = AXIS2_PLACEMENT_3D ( 'NONE', #5767, #5806, #3095 ) ;
#3782 = CARTESIAN_POINT ( 'NONE',  ( -3843.999999999977263, 2.273181642920008017E-11, 474.9999999999998863 ) ) ;
#3783 = ORIENTED_EDGE ( 'NONE', *, *, #843, .T. ) ;
#3784 = PLANE ( 'NONE',  #469 ) ;
#3785 = PLANE ( 'NONE',  #4704 ) ;
#3786 = ADVANCED_FACE ( 'NONE', ( #4702 ), #396, .T. ) ;
#3787 = EDGE_LOOP ( 'NONE', ( #266, #4391 ) ) ;
#3788 = CIRCLE ( 'NONE', #2169, 5.000000000000000000 ) ;
#3789 = CARTESIAN_POINT ( 'NONE',  ( -3353.999999999976808, 15.00000000002273204, 102.0000000000001990 ) ) ;
#3790 = APPROVAL ( #261, '未指定' ) ;
#3791 = EDGE_CURVE ( 'NONE', #3637, #3534, #2381, .T. ) ;
#3792 =( LENGTH_UNIT ( ) NAMED_UNIT ( * ) SI_UNIT ( .MILLI., .METRE. ) );
#3793 = CARTESIAN_POINT ( 'NONE',  ( -3299.999999999976808, 453.0000000000229079, 540.9999999999998863 ) ) ;
#3794 = ORIENTED_EDGE ( 'NONE', *, *, #3865, .F. ) ;
#3795 = FACE_BOUND ( 'NONE', #3841, .T. ) ;
#3796 = DIRECTION ( 'NONE',  ( 0.000000000000000000, 0.000000000000000000, 1.000000000000000000 ) ) ;
#3797 = DIRECTION ( 'NONE',  ( 0.000000000000000000, 0.000000000000000000, 1.000000000000000000 ) ) ;
#3798 = EDGE_CURVE ( 'NONE', #5629, #3959, #5418, .T. ) ;
#3799 = VECTOR ( 'NONE', #4345, 1000.000000000000000 ) ;
#3800 = DIRECTION ( 'NONE',  ( 0.000000000000000000, -1.000000000000000000, 0.000000000000000000 ) ) ;
#3801 = LINE ( 'NONE', #891, #2606 ) ;
#3802 = DIRECTION ( 'NONE',  ( 0.000000000000000000, 0.000000000000000000, 1.000000000000000000 ) ) ;
#3803 = CALENDAR_DATE ( 2026, 1, 6 ) ;
#3804 = CARTESIAN_POINT ( 'NONE',  ( -3886.799999999977445, 2215.250000000022737, 596.7999999999999545 ) ) ;
#3805 = FACE_OUTER_BOUND ( 'NONE', #1286, .T. ) ;
#3806 = DIRECTION ( 'NONE',  ( 0.000000000000000000, -0.000000000000000000, -1.000000000000000000 ) ) ;
#3807 = DIRECTION ( 'NONE',  ( 1.000000000000000000, 0.000000000000000000, 0.000000000000000000 ) ) ;
#3808 = VERTEX_POINT ( 'NONE', #3479 ) ;
#3809 = SHAPE_DEFINITION_REPRESENTATION ( #2527, #4235 ) ;
#3810 = DIRECTION ( 'NONE',  ( -0.000000000000000000, 1.000000000000000000, -0.000000000000000000 ) ) ;
#3811 = LINE ( 'NONE', #3174, #3606 ) ;
#3812 = ADVANCED_FACE ( 'NONE', ( #5780 ), #1534, .F. ) ;
#3813 = CARTESIAN_POINT ( 'NONE',  ( -3353.999999999976808, 15.00000000002273204, 481.9999999999998295 ) ) ;
#3814 = EDGE_CURVE ( 'NONE', #2141, #3493, #2318, .T. ) ;
#3815 = AXIS2_PLACEMENT_3D ( 'NONE', #293, #2955, #5252 ) ;
#3816 = CARTESIAN_POINT ( 'NONE',  ( -27.99999999999998934, -14.99999999999998579, 22.00000000000000000 ) ) ;
#3817 = VECTOR ( 'NONE', #5715, 1000.000000000000114 ) ;
#3818 = CARTESIAN_POINT ( 'NONE',  ( -3877.999999999977263, 1544.750000000022737, 596.7999999999999545 ) ) ;
#3819 = ORIENTED_EDGE ( 'NONE', *, *, #2177, .T. ) ;
#3820 = LINE ( 'NONE', #2749, #2972 ) ;
#3821 = DIRECTION ( 'NONE',  ( 0.000000000000000000, 0.000000000000000000, -1.000000000000000000 ) ) ;
#3822 = AXIS2_PLACEMENT_3D ( 'NONE', #5628, #2489, #3404 ) ;
#3823 = CYLINDRICAL_SURFACE ( 'NONE', #1998, 27.00000000000013500 ) ;
#3824 = ORIENTED_EDGE ( 'NONE', *, *, #3228, .F. ) ;
#3825 = LINE ( 'NONE', #1194, #5815 ) ;
#3826 = ORIENTED_EDGE ( 'NONE', *, *, #5631, .F. ) ;
#3827 = APPLICATION_PROTOCOL_DEFINITION ( 'international standard', 'config_control_design', 1994, #3386 ) ;
#3828 = CIRCLE ( 'NONE', #4631, 6.499999999999999112 ) ;
#3829 = SECURITY_CLASSIFICATION ( '', '', #3928 ) ;
#3830 = CLOSED_SHELL ( 'NONE', ( #2339, #5501, #311, #3812, #2213, #5391, #1020, #3321, #2835, #1317, #2109, #2044, #552, #3113, #426, #3623, #1900, #137, #4036, #5648, #634, #282, #519, #1163, #907, #664, #4105, #4161, #2424, #1782, #1281, #4778, #3380, #3094, #921, #4637 ) ) ;
#3831 = EDGE_CURVE ( 'NONE', #4494, #60, #3719, .T. ) ;
#3832 = DIRECTION ( 'NONE',  ( 1.000000000000000000, 0.000000000000000000, 0.000000000000000000 ) ) ;
#3833 = FACE_OUTER_BOUND ( 'NONE', #5276, .T. ) ;
#3834 = VERTEX_POINT ( 'NONE', #3016 ) ;
#3835 = CARTESIAN_POINT ( 'NONE',  ( 15.90000000000019575, -468.5000000000000000, 15.90000000000000036 ) ) ;
#3836 = VERTEX_POINT ( 'NONE', #2140 ) ;
#3837 = ORIENTED_EDGE ( 'NONE', *, *, #5311, .T. ) ;
#3838 = DIRECTION ( 'NONE',  ( 0.000000000000000000, 0.000000000000000000, 1.000000000000000000 ) ) ;
#3839 = ORIENTED_EDGE ( 'NONE', *, *, #4244, .F. ) ;
#3840 = ORIENTED_EDGE ( 'NONE', *, *, #1082, .F. ) ;
#3841 = EDGE_LOOP ( 'NONE', ( #189, #1058 ) ) ;
#3842 = EDGE_CURVE ( 'NONE', #2161, #3834, #4700, .T. ) ;
#3843 = DIRECTION ( 'NONE',  ( -1.000000000000000000, 1.033727211010387736E-16, 0.000000000000000000 ) ) ;
#3844 = CARTESIAN_POINT ( 'NONE',  ( -251.4999999999998863, 223.0000000000000000, 261.0000000000000000 ) ) ;
#3845 = ADVANCED_FACE ( 'NONE', ( #2867 ), #2938, .T. ) ;
#3846 = ORIENTED_EDGE ( 'NONE', *, *, #3763, .F. ) ;
#3847 = VERTEX_POINT ( 'NONE', #4983 ) ;
#3848 = CARTESIAN_POINT ( 'NONE',  ( -3353.999999999976808, 85.00000000002273737, 502.0000000000000000 ) ) ;
#3849 = DIRECTION ( 'NONE',  ( 1.000000000000000000, -0.000000000000000000, 0.000000000000000000 ) ) ;
#3850 = SECURITY_CLASSIFICATION_LEVEL ( 'unclassified' ) ;
#3851 = AXIS2_PLACEMENT_3D ( 'NONE', #2245, #4401, #1767 ) ;
#3852 = CLOSED_SHELL ( 'NONE', ( #694, #2453, #453, #1446, #3171, #3545, #3207, #437, #4023 ) ) ;
#3853 = VERTEX_POINT ( 'NONE', #4511 ) ;
#3854 = LINE ( 'NONE', #3300, #5342 ) ;
#3855 = EDGE_CURVE ( 'NONE', #1886, #964, #699, .T. ) ;
#3856 = AXIS2_PLACEMENT_3D ( 'NONE', #3993, #1303, #4445 ) ;
#3857 = CARTESIAN_POINT ( 'NONE',  ( -269.4999999999998863, 223.0000000000000000, -279.0000000000000000 ) ) ;
#3858 = CARTESIAN_POINT ( 'NONE',  ( -3869.999999999977263, 1865.250000000022510, 580.0000000000000000 ) ) ;
#3859 = ORIENTED_EDGE ( 'NONE', *, *, #1642, .F. ) ;
#3860 = LINE ( 'NONE', #159, #4767 ) ;
#3861 = DIRECTION ( 'NONE',  ( -1.000000000000000000, 0.000000000000000000, -0.000000000000000000 ) ) ;
#3862 = DIRECTION ( 'NONE',  ( 0.000000000000000000, -1.000000000000000000, 0.000000000000000000 ) ) ;
#3863 = CC_DESIGN_APPROVAL ( #3156, ( #2547 ) ) ;
#3864 = FACE_OUTER_BOUND ( 'NONE', #2984, .T. ) ;
#3865 = EDGE_CURVE ( 'NONE', #755, #2104, #3514, .T. ) ;
#3866 = APPROVAL_ROLE ( '' ) ;
#3867 = DATE_AND_TIME ( #1345, #5708 ) ;
#3868 = ADVANCED_FACE ( 'NONE', ( #2515 ), #3118, .F. ) ;
#3869 = DIRECTION ( 'NONE',  ( -0.000000000000000000, 1.000000000000000000, -0.000000000000000000 ) ) ;
#3870 = DIRECTION ( 'NONE',  ( 0.000000000000000000, 0.000000000000000000, -1.000000000000000000 ) ) ;
#3871 = DATE_AND_TIME ( #3803, #3101 ) ;
#3872 = CARTESIAN_POINT ( 'NONE',  ( -268.5000000000000000, -155.9999999999999432, -480.0000000000000000 ) ) ;
#3873 = CONTEXT_DEPENDENT_SHAPE_REPRESENTATION ( #3560, #1031 ) ;
#3874 = LINE ( 'NONE', #475, #2683 ) ;
#3875 = EDGE_CURVE ( 'NONE', #2083, #1019, #424, .T. ) ;
#3876 = CARTESIAN_POINT ( 'NONE',  ( -3899.999999999977263, 0.000000000000000000, 580.0000000000000000 ) ) ;
#3877 = ORIENTED_EDGE ( 'NONE', *, *, #4756, .T. ) ;
#3878 = CALENDAR_DATE ( 2026, 1, 6 ) ;
#3879 = DIRECTION ( 'NONE',  ( -0.000000000000000000, -1.000000000000000000, -0.000000000000000000 ) ) ;
#3880 = CIRCLE ( 'NONE', #2940, 5.000000000000000888 ) ;
#3881 = EDGE_LOOP ( 'NONE', ( #3394, #750, #1341, #4481 ) ) ;
#3882 = CARTESIAN_POINT ( 'NONE',  ( -3877.999999999977263, 1865.250000000022510, 604.7999999999999545 ) ) ;
#3883 = COORDINATED_UNIVERSAL_TIME_OFFSET ( 8, 0, .AHEAD. ) ;
#3884 = LINE ( 'NONE', #5656, #2694 ) ;
#3885 = APPROVAL_STATUS ( 'not_yet_approved' ) ;
#3886 = ORIENTED_EDGE ( 'NONE', *, *, #5486, .T. ) ;
#3887 = DIRECTION ( 'NONE',  ( 0.000000000000000000, 0.000000000000000000, 1.000000000000000000 ) ) ;
#3888 = LINE ( 'NONE', #5013, #5306 ) ;
#3889 = DIRECTION ( 'NONE',  ( 0.000000000000000000, 0.000000000000000000, 1.000000000000000000 ) ) ;
#3890 = CIRCLE ( 'NONE', #2081, 5.000000000000000888 ) ;
#3891 = CARTESIAN_POINT ( 'NONE',  ( 0.000000000000000000, 0.000000000000000000, 0.000000000000000000 ) ) ;
#3892 = PLANE ( 'NONE',  #573 ) ;
#3893 = VERTEX_POINT ( 'NONE', #915 ) ;
#3894 = LINE ( 'NONE', #3382, #3267 ) ;
#3895 = CARTESIAN_POINT ( 'NONE',  ( -3299.999999999976808, 100.0000000000227374, 0.000000000000000000 ) ) ;
#3896 = FACE_OUTER_BOUND ( 'NONE', #3881, .T. ) ;
#3897 = DIRECTION ( 'NONE',  ( -1.000000000000000000, 0.000000000000000000, 0.000000000000000000 ) ) ;
#3898 = ORIENTED_EDGE ( 'NONE', *, *, #3338, .T. ) ;
#3899 = DIRECTION ( 'NONE',  ( -0.000000000000000000, -1.000000000000000000, -0.000000000000000000 ) ) ;
#3900 = ADVANCED_FACE ( 'NONE', ( #5052 ), #22, .F. ) ;
#3901 = CC_DESIGN_DATE_AND_TIME_ASSIGNMENT ( #2403, #4361, ( #2998 ) ) ;
#3902 = LINE ( 'NONE', #3963, #49 ) ;
#3903 = ORIENTED_EDGE ( 'NONE', *, *, #3989, .F. ) ;
#3904 = EDGE_CURVE ( 'NONE', #3657, #3847, #3582, .T. ) ;
#3905 = VERTEX_POINT ( 'NONE', #965 ) ;
#3906 = CARTESIAN_POINT ( 'NONE',  ( -3353.999999999976808, 2.273181642920008017E-11, 54.99999999999990052 ) ) ;
#3907 = CARTESIAN_POINT ( 'NONE',  ( 268.5000000000000000, -156.0000000000000000, -480.0000000000000000 ) ) ;
#3908 = ORIENTED_EDGE ( 'NONE', *, *, #3193, .F. ) ;
#3909 = PERSON_AND_ORGANIZATION_ROLE ( 'design_supplier' ) ;
#3910 = LINE ( 'NONE', #4558, #2642 ) ;
#3911 = VERTEX_POINT ( 'NONE', #1385 ) ;
#3912 = ORIENTED_EDGE ( 'NONE', *, *, #5536, .F. ) ;
#3913 = CC_DESIGN_SECURITY_CLASSIFICATION ( #1914, ( #5841 ) ) ;
#3914 = PLANE ( 'NONE',  #4841 ) ;
#3915 = EDGE_CURVE ( 'NONE', #471, #4825, #4913, .T. ) ;
#3916 = CARTESIAN_POINT ( 'NONE',  ( -3869.999999999977263, 1544.750000000022737, 580.0000000000000000 ) ) ;
#3917 = ORIENTED_EDGE ( 'NONE', *, *, #736, .F. ) ;
#3918 = ORIENTED_EDGE ( 'NONE', *, *, #3798, .F. ) ;
#3919 = DIRECTION ( 'NONE',  ( -0.000000000000000000, -1.000000000000000000, -0.000000000000000000 ) ) ;
#3920 = ORIENTED_EDGE ( 'NONE', *, *, #5183, .F. ) ;
#3921 = ORIENTED_EDGE ( 'NONE', *, *, #4368, .T. ) ;
#3922 = AXIS2_PLACEMENT_3D ( 'NONE', #4885, #4060, #419 ) ;
#3923 = CARTESIAN_POINT ( 'NONE',  ( 299.9999999999998295, -184.0000000000000000, 0.000000000000000000 ) ) ;
#3924 = CARTESIAN_POINT ( 'NONE',  ( 15.90000000000019575, -468.5000000000000000, 15.90000000000000036 ) ) ;
#3925 = VERTEX_POINT ( 'NONE', #454 ) ;
#3926 = VERTEX_POINT ( 'NONE', #4017 ) ;
#3927 = CARTESIAN_POINT ( 'NONE',  ( -3869.999999999976808, 1410.000000000276486, 22.00000000000002132 ) ) ;
#3928 = SECURITY_CLASSIFICATION_LEVEL ( 'unclassified' ) ;
#3929 = EDGE_CURVE ( 'NONE', #4740, #2071, #2593, .T. ) ;
#3930 = AXIS2_PLACEMENT_3D ( 'NONE', #5613, #3509, #4400 ) ;
#3931 = ORIENTED_EDGE ( 'NONE', *, *, #1315, .F. ) ;
#3932 = LINE ( 'NONE', #5045, #4418 ) ;
#3933 = DIRECTION ( 'NONE',  ( 0.000000000000000000, 1.000000000000000000, -0.000000000000000000 ) ) ;
#3934 = PLANE ( 'NONE',  #5822 ) ;
#3935 = EDGE_CURVE ( 'NONE', #5546, #4695, #275, .T. ) ;
#3936 = ORIENTED_EDGE ( 'NONE', *, *, #231, .T. ) ;
#3937 = VECTOR ( 'NONE', #1434, 1000.000000000000000 ) ;
#3938 = PLANE ( 'NONE',  #497 ) ;
#3939 = LINE ( 'NONE', #695, #1542 ) ;
#3940 = DATE_AND_TIME ( #4506, #1828 ) ;
#3941 = VECTOR ( 'NONE', #45, 1000.000000000000000 ) ;
#3942 = CARTESIAN_POINT ( 'NONE',  ( 269.5000000000001137, 223.0000000000000000, -279.0000000000000000 ) ) ;
#3943 = CC_DESIGN_PERSON_AND_ORGANIZATION_ASSIGNMENT ( #3536, #5255, ( #1639 ) ) ;
#3944 = EDGE_CURVE ( 'NONE', #349, #2020, #350, .T. ) ;
#3945 = DATE_TIME_ROLE ( 'classification_date' ) ;
#3946 = EDGE_LOOP ( 'NONE', ( #3003, #4209 ) ) ;
#3947 = CALENDAR_DATE ( 2026, 1, 6 ) ;
#3948 = CARTESIAN_POINT ( 'NONE',  ( 251.5000000000001137, 205.0000000000000284, 261.0000000000000000 ) ) ;
#3949 = FACE_OUTER_BOUND ( 'NONE', #1515, .T. ) ;
#3950 = CARTESIAN_POINT ( 'NONE',  ( -3877.999999999977263, 1865.250000000022510, 596.7999999999999545 ) ) ;
#3951 = ORIENTED_EDGE ( 'NONE', *, *, #4976, .T. ) ;
#3952 = APPROVAL_PERSON_ORGANIZATION ( #2823, #3716, #2060 ) ;
#3953 = EDGE_CURVE ( 'NONE', #5341, #824, #847, .T. ) ;
#3954 = VECTOR ( 'NONE', #1264, 1000.000000000000000 ) ;
#3955 = DIRECTION ( 'NONE',  ( 0.000000000000000000, 1.000000000000000000, -0.000000000000000000 ) ) ;
#3956 = DIRECTION ( 'NONE',  ( 0.000000000000000000, 0.000000000000000000, 1.000000000000000000 ) ) ;
#3957 = VECTOR ( 'NONE', #2966, 1000.000000000000000 ) ;
#3958 = AXIS2_PLACEMENT_3D ( 'NONE', #4186, #1932, #4164 ) ;
#3959 = VERTEX_POINT ( 'NONE', #3577 ) ;
#3960 = DIRECTION ( 'NONE',  ( 0.000000000000000000, 1.000000000000000000, 0.000000000000000000 ) ) ;
#3961 = LINE ( 'NONE', #2301, #3197 ) ;
#3962 = CYLINDRICAL_SURFACE ( 'NONE', #5127, 6.499999999999999112 ) ;
#3963 = CARTESIAN_POINT ( 'NONE',  ( 250.4999999999999432, -22.99999999999997868, -461.9999999999999432 ) ) ;
#3964 = ORIENTED_EDGE ( 'NONE', *, *, #3314, .T. ) ;
#3965 = DIRECTION ( 'NONE',  ( 0.000000000000000000, 0.000000000000000000, 1.000000000000000000 ) ) ;
#3966 = EDGE_CURVE ( 'NONE', #5545, #4743, #4557, .T. ) ;
#3967 = FACE_OUTER_BOUND ( 'NONE', #1511, .T. ) ;
#3968 = ORIENTED_EDGE ( 'NONE', *, *, #3193, .T. ) ;
#3969 = CARTESIAN_POINT ( 'NONE',  ( -3843.999999999977263, 2.273181642920008017E-11, 529.0000000000001137 ) ) ;
#3970 = VECTOR ( 'NONE', #470, 1000.000000000000000 ) ;
#3971 = ORIENTED_EDGE ( 'NONE', *, *, #1756, .T. ) ;
#3972 = PLANE ( 'NONE',  #4871 ) ;
#3973 = VECTOR ( 'NONE', #1736, 1000.000000000000000 ) ;
#3974 = VERTEX_POINT ( 'NONE', #3594 ) ;
#3975 = ORIENTED_EDGE ( 'NONE', *, *, #4084, .F. ) ;
#3976 = CARTESIAN_POINT ( 'NONE',  ( -4.000000000000003553, 0.000000000000000000, 900.0000000000000000 ) ) ;
#3977 = DIRECTION ( 'NONE',  ( 0.000000000000000000, 1.000000000000000000, 0.000000000000000000 ) ) ;
#3978 = AXIS2_PLACEMENT_3D ( 'NONE', #353, #3462, #833 ) ;
#3979 = ORIENTED_EDGE ( 'NONE', *, *, #2218, .F. ) ;
#3980 = EDGE_CURVE ( 'NONE', #1037, #2592, #4986, .T. ) ;
#3981 = ORIENTED_EDGE ( 'NONE', *, *, #2401, .T. ) ;
#3982 = CARTESIAN_POINT ( 'NONE',  ( -268.5000000000000000, -155.9999999999999432, 0.000000000000000000 ) ) ;
#3983 = EDGE_LOOP ( 'NONE', ( #660, #1715, #5406, #4710 ) ) ;
#3984 = DIRECTION ( 'NONE',  ( 0.000000000000000000, 0.000000000000000000, 1.000000000000000000 ) ) ;
#3985 = CARTESIAN_POINT ( 'NONE',  ( -3353.999999999976808, 2.273181642920008017E-11, 502.0000000000000000 ) ) ;
#3986 = DATE_TIME_ROLE ( 'classification_date' ) ;
#3987 = ORIENTED_EDGE ( 'NONE', *, *, #2657, .T. ) ;
#3988 = ORIENTED_EDGE ( 'NONE', *, *, #4987, .F. ) ;
#3989 = EDGE_CURVE ( 'NONE', #4622, #1527, #1259, .T. ) ;
#3990 = CARTESIAN_POINT ( 'NONE',  ( 15.90000000000019575, -470.0000000000000000, 15.90000000000000036 ) ) ;
#3991 = CARTESIAN_POINT ( 'NONE',  ( -3300.000000000011369, 500.0000000000228511, 580.0000000000000000 ) ) ;
#3992 = ORIENTED_EDGE ( 'NONE', *, *, #146, .T. ) ;
#3993 = CARTESIAN_POINT ( 'NONE',  ( -3353.999999999976808, 85.00000000002273737, 502.0000000000000000 ) ) ;
#3994 = AXIS2_PLACEMENT_3D ( 'NONE', #4347, #1205, #5633 ) ;
#3995 = CARTESIAN_POINT ( 'NONE',  ( 299.9999999999998295, -184.0000000000000000, 22.00000000000000000 ) ) ;
#3996 = EDGE_LOOP ( 'NONE', ( #332, #4175, #3507, #669 ) ) ;
#3997 = VECTOR ( 'NONE', #3375, 1000.000000000000000 ) ;
#3998 = PLANE ( 'NONE',  #1694 ) ;
#3999 = DIRECTION ( 'NONE',  ( -0.000000000000000000, -1.000000000000000000, -0.000000000000000000 ) ) ;
#4000 = DIRECTION ( 'NONE',  ( -0.000000000000000000, -0.000000000000000000, -1.000000000000000000 ) ) ;
#4001 = DIRECTION ( 'NONE',  ( -0.000000000000000000, 1.000000000000000000, -0.000000000000000000 ) ) ;
#4002 = ORIENTED_EDGE ( 'NONE', *, *, #2586, .F. ) ;
#4003 = FACE_OUTER_BOUND ( 'NONE', #554, .T. ) ;
#4004 = DATE_TIME_ROLE ( 'classification_date' ) ;
#4005 = EDGE_CURVE ( 'NONE', #3453, #1387, #1327, .T. ) ;
#4006 = DIRECTION ( 'NONE',  ( -0.000000000000000000, 1.000000000000000000, -0.000000000000000000 ) ) ;
#4007 = DIRECTION ( 'NONE',  ( -0.000000000000000000, 1.000000000000000000, -0.000000000000000000 ) ) ;
#4008 = VECTOR ( 'NONE', #3643, 1000.000000000000000 ) ;
#4009 = DIRECTION ( 'NONE',  ( 1.027984282060329272E-16, -1.000000000000000000, 0.000000000000000000 ) ) ;
#4010 = ADVANCED_FACE ( 'NONE', ( #71 ), #4132, .F. ) ;
#4011 = AXIS2_PLACEMENT_3D ( 'NONE', #792, #2589, #2546 ) ;
#4012 = CALENDAR_DATE ( 2026, 1, 6 ) ;
#4013 = COORDINATED_UNIVERSAL_TIME_OFFSET ( 8, 0, .AHEAD. ) ;
#4014 = CYLINDRICAL_SURFACE ( 'NONE', #929, 5.000000000000000888 ) ;
#4015 = CARTESIAN_POINT ( 'NONE',  ( -3877.999999999977263, 2215.250000000022737, 596.7999999999999545 ) ) ;
#4016 = ORIENTED_EDGE ( 'NONE', *, *, #346, .T. ) ;
#4017 = CARTESIAN_POINT ( 'NONE',  ( -251.4999999999998295, -205.0000000000000284, 261.0000000000000000 ) ) ;
#4018 = COORDINATED_UNIVERSAL_TIME_OFFSET ( 8, 0, .AHEAD. ) ;
#4019 = CARTESIAN_POINT ( 'NONE',  ( -3329.999999999977263, -6.572520305780882291E-13, 557.9999999999998863 ) ) ;
#4020 = APPROVAL ( #5330, 'UNKNOWN' ) ;
#4021 = FACE_OUTER_BOUND ( 'NONE', #2635, .T. ) ;
#4022 = EDGE_CURVE ( 'NONE', #472, #5758, #3854, .T. ) ;
#4023 = ADVANCED_FACE ( 'NONE', ( #2312 ), #1464, .T. ) ;
#4024 = DIRECTION ( 'NONE',  ( 0.000000000000000000, 0.000000000000000000, 1.000000000000000000 ) ) ;
#4025 = VECTOR ( 'NONE', #4716, 1000.000000000000000 ) ;
#4026 = DIRECTION ( 'NONE',  ( -0.000000000000000000, 1.000000000000000000, -0.000000000000000000 ) ) ;
#4027 = ORIENTED_EDGE ( 'NONE', *, *, #4693, .F. ) ;
#4028 = AXIS2_PLACEMENT_3D ( 'NONE', #1913, #5058, #4166 ) ;
#4029 = CYLINDRICAL_SURFACE ( 'NONE', #4011, 20.00000000000012790 ) ;
#4030 = DIRECTION ( 'NONE',  ( 1.000000000000000000, -1.162943112386686542E-16, -0.000000000000000000 ) ) ;
#4031 = LINE ( 'NONE', #1651, #5239 ) ;
#4032 = VERTEX_POINT ( 'NONE', #5081 ) ;
#4033 = CARTESIAN_POINT ( 'NONE',  ( -3869.999999999976808, 0.000000000000000000, 580.0000000000000000 ) ) ;
#4034 = LINE ( 'NONE', #1885, #177 ) ;
#4035 = LINE ( 'NONE', #2935, #741 ) ;
#4036 = ADVANCED_FACE ( 'NONE', ( #4134 ), #1747, .F. ) ;
#4037 = AXIS2_PLACEMENT_3D ( 'NONE', #4142, #4638, #2436 ) ;
#4038 = DIRECTION ( 'NONE',  ( 0.000000000000000000, 1.000000000000000000, 0.000000000000000000 ) ) ;
#4039 = CARTESIAN_POINT ( 'NONE',  ( -3329.999999999977263, 964.0000000001497256, 22.00000000000002132 ) ) ;
#4040 = DIRECTION ( 'NONE',  ( 1.000000000000000000, -0.000000000000000000, -0.000000000000000000 ) ) ;
#4041 = ORIENTED_EDGE ( 'NONE', *, *, #420, .F. ) ;
#4042 = FACE_OUTER_BOUND ( 'NONE', #55, .T. ) ;
#4043 = ORIENTED_EDGE ( 'NONE', *, *, #5732, .F. ) ;
#4044 = LINE ( 'NONE', #3538, #958 ) ;
#4045 = DIRECTION ( 'NONE',  ( 0.000000000000000000, -1.000000000000000000, 0.000000000000000000 ) ) ;
#4046 = EDGE_CURVE ( 'NONE', #3926, #5700, #558, .T. ) ;
#4047 = ORIENTED_EDGE ( 'NONE', *, *, #5331, .F. ) ;
#4048 = ORIENTED_EDGE ( 'NONE', *, *, #5063, .T. ) ;
#4049 = VERTEX_POINT ( 'NONE', #132 ) ;
#4050 = CARTESIAN_POINT ( 'NONE',  ( -3884.099999999977626, 1515.250000000022737, 596.0000000000000000 ) ) ;
#4051 = ADVANCED_FACE ( 'NONE', ( #3372 ), #2344, .T. ) ;
#4052 = VERTEX_POINT ( 'NONE', #1426 ) ;
#4053 = ORIENTED_EDGE ( 'NONE', *, *, #680, .F. ) ;
#4054 = DIRECTION ( 'NONE',  ( 0.000000000000000000, 0.000000000000000000, 1.000000000000000000 ) ) ;
#4055 = APPROVAL ( #690, '未指定' ) ;
#4056 = EDGE_CURVE ( 'NONE', #3439, #666, #4277, .T. ) ;
#4057 = ORIENTED_EDGE ( 'NONE', *, *, #3486, .F. ) ;
#4058 = ORIENTED_EDGE ( 'NONE', *, *, #4816, .F. ) ;
#4059 = DIRECTION ( 'NONE',  ( 2.558117568260729619E-16, 1.000000000000000000, 0.000000000000000000 ) ) ;
#4060 = DIRECTION ( 'NONE',  ( 0.000000000000000000, 1.000000000000000000, 0.000000000000000000 ) ) ;
#4061 = DIRECTION ( 'NONE',  ( 0.000000000000000000, -0.000000000000000000, 1.000000000000000000 ) ) ;
#4062 = VERTEX_POINT ( 'NONE', #3689 ) ;
#4063 = EDGE_CURVE ( 'NONE', #1165, #3853, #211, .T. ) ;
#4064 = CARTESIAN_POINT ( 'NONE',  ( -3353.999999999976808, 85.00000000002273737, 529.0000000000001137 ) ) ;
#4065 = ORIENTED_EDGE ( 'NONE', *, *, #4764, .F. ) ;
#4066 = FACE_OUTER_BOUND ( 'NONE', #3747, .T. ) ;
#4067 = DIRECTION ( 'NONE',  ( 1.000000000000000000, 3.947459643111667973E-16, -0.000000000000000000 ) ) ;
#4068 = AXIS2_PLACEMENT_3D ( 'NONE', #5598, #5106, #5164 ) ;
#4069 = CARTESIAN_POINT ( 'NONE',  ( -300.0000000000001705, 184.0000000000000000, 22.00000000000000000 ) ) ;
#4070 = CIRCLE ( 'NONE', #1109, 27.00000000000011369 ) ;
#4071 = DIRECTION ( 'NONE',  ( 0.000000000000000000, 0.000000000000000000, 1.000000000000000000 ) ) ;
#4072 = CARTESIAN_POINT ( 'NONE',  ( 0.000000000000000000, 1907.999999999993179, 22.00000000000002132 ) ) ;
#4073 = EDGE_CURVE ( 'NONE', #1692, #666, #3932, .T. ) ;
#4074 = FACE_OUTER_BOUND ( 'NONE', #2294, .T. ) ;
#4075 = ADVANCED_FACE ( 'NONE', ( #1187 ), #1880, .F. ) ;
#4076 = APPROVAL_PERSON_ORGANIZATION ( #2744, #3236, #4832 ) ;
#4077 = CARTESIAN_POINT ( 'NONE',  ( -3843.999999999977263, 85.00000000002273737, 502.0000000000000000 ) ) ;
#4078 = CIRCLE ( 'NONE', #1846, 15.00000000000000000 ) ;
#4079 = CARTESIAN_POINT ( 'NONE',  ( -3843.999999999977263, 100.0000000000227374, 82.00000000000001421 ) ) ;
#4080 = ORIENTED_EDGE ( 'NONE', *, *, #5712, .F. ) ;
#4081 = DATE_AND_TIME ( #5288, #2679 ) ;
#4082 = VECTOR ( 'NONE', #2027, 1000.000000000000000 ) ;
#4083 = DIRECTION ( 'NONE',  ( 0.000000000000000000, -1.000000000000000000, 0.000000000000000000 ) ) ;
#4084 = EDGE_CURVE ( 'NONE', #1731, #325, #3788, .T. ) ;
#4085 = ORIENTED_EDGE ( 'NONE', *, *, #1267, .T. ) ;
#4086 = SHAPE_REPRESENTATION_RELATIONSHIP ( 'NONE' , 'NONE' ,  #2870, #832 ) ;
#4087 = DIRECTION ( 'NONE',  ( -0.000000000000000000, -0.000000000000000000, -1.000000000000000000 ) ) ;
#4088 = CYLINDRICAL_SURFACE ( 'NONE', #1469, 27.00000000000010658 ) ;
#4089 = ADVANCED_FACE ( 'NONE', ( #5277 ), #4564, .T. ) ;
#4090 = CARTESIAN_POINT ( 'NONE',  ( 268.5000000000000000, -156.0000000000000000, -0.000000000000000000 ) ) ;
#4091 = EDGE_LOOP ( 'NONE', ( #5328, #674, #3070, #3284 ) ) ;
#4092 = CYLINDRICAL_SURFACE ( 'NONE', #5112, 27.00000000000013500 ) ;
#4093 = EDGE_CURVE ( 'NONE', #3268, #3342, #4844, .T. ) ;
#4094 = VECTOR ( 'NONE', #4441, 1000.000000000000000 ) ;
#4095 = DIRECTION ( 'NONE',  ( 0.000000000000000000, 0.000000000000000000, 1.000000000000000000 ) ) ;
#4096 = VERTEX_POINT ( 'NONE', #1015 ) ;
#4097 = CARTESIAN_POINT ( 'NONE',  ( 33.00000000000019895, -334.9999999999999432, 0.000000000000000000 ) ) ;
#4098 = CIRCLE ( 'NONE', #371, 27.00000000000011369 ) ;
#4099 = VECTOR ( 'NONE', #2809, 1000.000000000000000 ) ;
#4100 = AXIS2_PLACEMENT_3D ( 'NONE', #1675, #3533, #4828 ) ;
#4101 = EDGE_LOOP ( 'NONE', ( #2828, #3981 ) ) ;
#4102 = DIRECTION ( 'NONE',  ( 0.000000000000000000, 0.000000000000000000, 1.000000000000000000 ) ) ;
#4103 = VECTOR ( 'NONE', #1141, 1000.000000000000000 ) ;
#4104 = ORIENTED_EDGE ( 'NONE', *, *, #3576, .F. ) ;
#4105 = ADVANCED_FACE ( 'NONE', ( #4066 ), #628, .F. ) ;
#4106 = CIRCLE ( 'NONE', #2228, 27.00000000000013500 ) ;
#4107 = DIRECTION ( 'NONE',  ( 0.000000000000000000, -1.000000000000000000, 0.000000000000000000 ) ) ;
#4108 = CARTESIAN_POINT ( 'NONE',  ( -3877.999999999977263, 2215.250000000022737, 604.7999999999999545 ) ) ;
#4109 = ORIENTED_EDGE ( 'NONE', *, *, #2731, .F. ) ;
#4110 = EDGE_CURVE ( 'NONE', #2519, #4229, #2376, .T. ) ;
#4111 = ORIENTED_EDGE ( 'NONE', *, *, #5833, .F. ) ;
#4112 = AXIS2_PLACEMENT_3D ( 'NONE', #5327, #3999, #830 ) ;
#4113 = CARTESIAN_POINT ( 'NONE',  ( -3869.999999999977263, 2215.250000000022737, 580.0000000000000000 ) ) ;
#4114 = EDGE_LOOP ( 'NONE', ( #1038, #4117, #3775, #4734 ) ) ;
#4115 = CARTESIAN_POINT ( 'NONE',  ( -3353.999999999976808, 85.00000000002273737, 481.9999999999998295 ) ) ;
#4116 = PLANE ( 'NONE',  #390 ) ;
#4117 = ORIENTED_EDGE ( 'NONE', *, *, #4546, .F. ) ;
#4118 = FACE_OUTER_BOUND ( 'NONE', #210, .T. ) ;
#4119 = ORIENTED_EDGE ( 'NONE', *, *, #4131, .T. ) ;
#4120 = EDGE_LOOP ( 'NONE', ( #2673, #2783 ) ) ;
#4121 = ORIENTED_EDGE ( 'NONE', *, *, #231, .F. ) ;
#4122 = CARTESIAN_POINT ( 'NONE',  ( -27.99999999999998934, -14.99999999999998579, 27.00000000000000355 ) ) ;
#4123 = AXIS2_PLACEMENT_3D ( 'NONE', #1728, #440, #4436 ) ;
#4124 = PLANE ( 'NONE',  #2698 ) ;
#4125 = EDGE_LOOP ( 'NONE', ( #3356, #2655, #1655, #4978 ) ) ;
#4126 = ORIENTED_EDGE ( 'NONE', *, *, #443, .T. ) ;
#4127 = DIRECTION ( 'NONE',  ( -1.000000000000000000, -1.027984282060329272E-16, 0.000000000000000000 ) ) ;
#4128 = ORIENTED_EDGE ( 'NONE', *, *, #551, .T. ) ;
#4129 = DIRECTION ( 'NONE',  ( 0.000000000000000000, 0.000000000000000000, 1.000000000000000000 ) ) ;
#4130 = CC_DESIGN_DATE_AND_TIME_ASSIGNMENT ( #3593, #4004, ( #1914 ) ) ;
#4131 = EDGE_CURVE ( 'NONE', #4835, #594, #2174, .T. ) ;
#4132 = PLANE ( 'NONE',  #3374 ) ;
#4133 = ORIENTED_EDGE ( 'NONE', *, *, #171, .T. ) ;
#4134 = FACE_OUTER_BOUND ( 'NONE', #5186, .T. ) ;
#4135 = ADVANCED_FACE ( 'NONE', ( #2447, #5777 ), #174, .T. ) ;
#4136 = AXIS2_PLACEMENT_3D ( 'NONE', #3985, #4001, #3096 ) ;
#4137 = CARTESIAN_POINT ( 'NONE',  ( -3843.999999999977263, 85.00000000002273737, 502.0000000000000000 ) ) ;
#4138 = VERTEX_POINT ( 'NONE', #4713 ) ;
#4139 = VECTOR ( 'NONE', #4831, 1000.000000000000000 ) ;
#4140 = CARTESIAN_POINT ( 'NONE',  ( -3843.999999999977263, 15.00000000002273204, 82.00000000000001421 ) ) ;
#4141 = FACE_OUTER_BOUND ( 'NONE', #1367, .T. ) ;
#4142 = CARTESIAN_POINT ( 'NONE',  ( -3843.999999999977263, 85.00000000002273737, 82.00000000000001421 ) ) ;
#4143 = COORDINATED_UNIVERSAL_TIME_OFFSET ( 8, 0, .AHEAD. ) ;
#4144 = AXIS2_PLACEMENT_3D ( 'NONE', #1625, #3389, #675 ) ;
#4145 = CARTESIAN_POINT ( 'NONE',  ( -3869.999999999976808, 1890.000000000077762, 580.0000000000000000 ) ) ;
#4146 = DIRECTION ( 'NONE',  ( -1.000000000000000000, 0.000000000000000000, 0.000000000000000000 ) ) ;
#4147 = APPROVAL_PERSON_ORGANIZATION ( #5004, #5688, #3482 ) ;
#4148 = ORGANIZATION ( 'NAUO-ORG3', 'UNSPECIFIED', 'UNSPECIFIED' ) ;
#4149 = FACE_OUTER_BOUND ( 'NONE', #5836, .T. ) ;
#4150 = DIRECTION ( 'NONE',  ( 0.000000000000000000, 0.000000000000000000, -1.000000000000000000 ) ) ;
#4151 = EDGE_CURVE ( 'NONE', #3230, #1886, #5625, .T. ) ;
#4152 = ORIENTED_EDGE ( 'NONE', *, *, #4891, .F. ) ;
#4153 = COORDINATED_UNIVERSAL_TIME_OFFSET ( 8, 0, .AHEAD. ) ;
#4154 = CARTESIAN_POINT ( 'NONE',  ( 0.000000000000000000, 0.000000000000000000, 0.000000000000000000 ) ) ;
#4155 = VECTOR ( 'NONE', #2848, 1000.000000000000000 ) ;
#4156 = CARTESIAN_POINT ( 'NONE',  ( -3869.999999999977263, 1515.250000000022737, 596.7999999999999545 ) ) ;
#4157 = ORGANIZATION ( '未指定', '未指定', '' ) ;
#4158 = APPROVAL ( #2939, '未指定' ) ;
#4159 = CARTESIAN_POINT ( 'NONE',  ( -3353.999999999976808, 15.00000000002273204, 529.0000000000001137 ) ) ;
#4160 = CYLINDRICAL_SURFACE ( 'NONE', #5404, 8.000000000000007105 ) ;
#4161 = ADVANCED_FACE ( 'NONE', ( #2030 ), #1112, .T. ) ;
#4162 = EDGE_CURVE ( 'NONE', #5326, #4523, #5203, .T. ) ;
#4163 = DIRECTION ( 'NONE',  ( 0.000000000000000000, 0.000000000000000000, -1.000000000000000000 ) ) ;
#4164 = DIRECTION ( 'NONE',  ( 0.000000000000000000, 0.000000000000000000, 1.000000000000000000 ) ) ;
#4165 = ORIENTED_EDGE ( 'NONE', *, *, #3203, .T. ) ;
#4166 = DIRECTION ( 'NONE',  ( 0.000000000000000000, -0.000000000000000000, -1.000000000000000000 ) ) ;
#4167 = CIRCLE ( 'NONE', #4918, 8.000000000000007105 ) ;
#4168 = LINE ( 'NONE', #2782, #1221 ) ;
#4169 = ORIENTED_EDGE ( 'NONE', *, *, #2218, .T. ) ;
#4170 = EDGE_CURVE ( 'NONE', #3434, #2734, #899, .T. ) ;
#4171 = VECTOR ( 'NONE', #5791, 1000.000000000000000 ) ;
#4172 = EDGE_LOOP ( 'NONE', ( #5262, #3663, #3008, #3000, #1094 ) ) ;
#4173 = VECTOR ( 'NONE', #3591, 1000.000000000000000 ) ;
#4174 = DIRECTION ( 'NONE',  ( -1.000000000000000000, 0.000000000000000000, -0.000000000000000000 ) ) ;
#4175 = ORIENTED_EDGE ( 'NONE', *, *, #269, .T. ) ;
#4176 = CIRCLE ( 'NONE', #1903, 4.049999999999664979 ) ;
#4177 = ORIENTED_EDGE ( 'NONE', *, *, #711, .T. ) ;
#4178 = MECHANICAL_CONTEXT ( 'NONE', #1061, 'mechanical' ) ;
#4179 = LINE ( 'NONE', #4984, #5597 ) ;
#4180 = AXIS2_PLACEMENT_3D ( 'NONE', #4366, #2131, #5735 ) ;
#4181 = DIRECTION ( 'NONE',  ( -0.000000000000000000, 1.000000000000000000, -0.000000000000000000 ) ) ;
#4182 = EDGE_LOOP ( 'NONE', ( #1138, #3336, #5679, #4977 ) ) ;
#4183 = DIRECTION ( 'NONE',  ( 0.000000000000000000, 0.000000000000000000, 1.000000000000000000 ) ) ;
#4184 = ORIENTED_EDGE ( 'NONE', *, *, #2346, .F. ) ;
#4185 = ORIENTED_EDGE ( 'NONE', *, *, #980, .T. ) ;
#4186 = CARTESIAN_POINT ( 'NONE',  ( -3353.999999999976808, 15.00000000002273204, 82.00000000000001421 ) ) ;
#4187 = DIRECTION ( 'NONE',  ( -0.000000000000000000, 1.000000000000000000, -0.000000000000000000 ) ) ;
#4188 = ORIENTED_EDGE ( 'NONE', *, *, #1496, .T. ) ;
#4189 = ORIENTED_EDGE ( 'NONE', *, *, #358, .F. ) ;
#4190 = VERTEX_POINT ( 'NONE', #700 ) ;
#4191 = DIRECTION ( 'NONE',  ( 0.000000000000000000, 1.000000000000000000, 0.000000000000000000 ) ) ;
#4192 = ADVANCED_FACE ( 'NONE', ( #42 ), #4381, .T. ) ;
#4193 = ORIENTED_EDGE ( 'NONE', *, *, #5536, .T. ) ;
#4194 = EDGE_LOOP ( 'NONE', ( #3750, #1867 ) ) ;
#4195 = EDGE_CURVE ( 'NONE', #648, #5032, #36, .T. ) ;
#4196 = DIRECTION ( 'NONE',  ( 0.003713752243843448757, 0.000000000000000000, 0.9999931039983585013 ) ) ;
#4197 = ORIENTED_EDGE ( 'NONE', *, *, #5084, .T. ) ;
#4198 = ORIENTED_EDGE ( 'NONE', *, *, #551, .F. ) ;
#4199 = CARTESIAN_POINT ( 'NONE',  ( -3843.999999999977263, 15.00000000002273204, 481.9999999999998295 ) ) ;
#4200 = DIRECTION ( 'NONE',  ( 0.000000000000000000, -0.000000000000000000, -1.000000000000000000 ) ) ;
#4201 = DIRECTION ( 'NONE',  ( 0.000000000000000000, 1.000000000000000000, -0.000000000000000000 ) ) ;
#4202 = DIRECTION ( 'NONE',  ( -0.000000000000000000, 1.000000000000000000, -0.000000000000000000 ) ) ;
#4203 = SECURITY_CLASSIFICATION ( '', '', #894 ) ;
#4204 = ORIENTED_EDGE ( 'NONE', *, *, #1433, .F. ) ;
#4205 = CIRCLE ( 'NONE', #3521, 27.00000000000013500 ) ;
#4206 = EDGE_CURVE ( 'NONE', #5338, #1218, #5505, .T. ) ;
#4207 = DIRECTION ( 'NONE',  ( 1.973729821555833987E-16, -1.000000000000000000, 0.000000000000000000 ) ) ;
#4208 = DIRECTION ( 'NONE',  ( 0.000000000000000000, -1.000000000000000000, 0.000000000000000000 ) ) ;
#4209 = ORIENTED_EDGE ( 'NONE', *, *, #2510, .F. ) ;
#4210 = FACE_OUTER_BOUND ( 'NONE', #3476, .T. ) ;
#4211 = DIRECTION ( 'NONE',  ( -1.000000000000000000, 0.000000000000000000, 0.000000000000000000 ) ) ;
#4212 = AXIS2_PLACEMENT_3D ( 'NONE', #436, #1331, #5788 ) ;
#4213 = DIRECTION ( 'NONE',  ( 0.000000000000000000, 0.000000000000000000, -1.000000000000000000 ) ) ;
#4214 = VECTOR ( 'NONE', #4751, 1000.000000000000000 ) ;
#4215 =( NAMED_UNIT ( * ) PLANE_ANGLE_UNIT ( ) SI_UNIT ( $, .RADIAN. ) );
#4216 = ORGANIZATION ( 'NAUO-ORG2', 'UNSPECIFIED', 'UNSPECIFIED' ) ;
#4217 = LINE ( 'NONE', #3595, #502 ) ;
#4218 = ADVANCED_FACE ( 'NONE', ( #2825 ), #4291, .F. ) ;
#4219 = DIRECTION ( 'NONE',  ( 0.000000000000000000, -1.000000000000000000, 0.000000000000000000 ) ) ;
#4220 = EDGE_CURVE ( 'NONE', #4052, #2753, #5433, .T. ) ;
#4221 = DESIGN_CONTEXT ( 'detailed design', #5544, 'design' ) ;
#4222 = ORIENTED_EDGE ( 'NONE', *, *, #3989, .T. ) ;
#4223 = AXIS2_PLACEMENT_3D ( 'NONE', #4411, #2651, #5786 ) ;
#4224 = DIRECTION ( 'NONE',  ( -0.000000000000000000, 1.000000000000000000, -0.000000000000000000 ) ) ;
#4225 = PERSON_AND_ORGANIZATION ( #724, #4157 ) ;
#4226 = CARTESIAN_POINT ( 'NONE',  ( 600.0000000000001137, -470.0000000000000000, 30.00000000000000000 ) ) ;
#4227 = LINE ( 'NONE', #5695, #5498 ) ;
#4228 = DIRECTION ( 'NONE',  ( 0.000000000000000000, -0.000000000000000000, -1.000000000000000000 ) ) ;
#4229 = VERTEX_POINT ( 'NONE', #1974 ) ;
#4230 = PERSON_AND_ORGANIZATION ( #724, #4157 ) ;
#4231 = CARTESIAN_POINT ( 'NONE',  ( -9.909768479062064792E-14, 482.0000000000235332, 580.0000000000000000 ) ) ;
#4232 = EDGE_CURVE ( 'NONE', #2093, #941, #1982, .T. ) ;
#4233 = VECTOR ( 'NONE', #5048, 1000.000000000000000 ) ;
#4234 = AXIS2_PLACEMENT_3D ( 'NONE', #2278, #3677, #3186 ) ;
#4235 = SHAPE_REPRESENTATION ( '高柜03柜体_高柜03柜体', ( #3190 ), #2176 ) ;
#4236 = DIRECTION ( 'NONE',  ( 0.000000000000000000, 0.000000000000000000, 1.000000000000000000 ) ) ;
#4237 = SHAPE_REPRESENTATION_RELATIONSHIP ( 'NONE' , 'NONE' ,  #4809, #2470 ) ;
#4238 = CIRCLE ( 'NONE', #3173, 27.00000000000013500 ) ;
#4239 =( NAMED_UNIT ( * ) SI_UNIT ( $, .STERADIAN. ) SOLID_ANGLE_UNIT ( ) );
#4240 = ORIENTED_EDGE ( 'NONE', *, *, #987, .T. ) ;
#4241 = CC_DESIGN_PERSON_AND_ORGANIZATION_ASSIGNMENT ( #1617, #2590, ( #4962 ) ) ;
#4242 = DIRECTION ( 'NONE',  ( 0.000000000000000000, 1.000000000000000000, 0.000000000000000000 ) ) ;
#4243 = VECTOR ( 'NONE', #1905, 1000.000000000000000 ) ;
#4244 = EDGE_CURVE ( 'NONE', #976, #3303, #2613, .T. ) ;
#4245 = CARTESIAN_POINT ( 'NONE',  ( -3353.999999999976808, 85.00000000002273737, 61.99999999999982947 ) ) ;
#4246 = VECTOR ( 'NONE', #4087, 1000.000000000000000 ) ;
#4247 = CARTESIAN_POINT ( 'NONE',  ( 15.90000000000019575, -468.5000000000000000, 15.90000000000000036 ) ) ;
#4248 = ORIENTED_EDGE ( 'NONE', *, *, #3164, .F. ) ;
#4249 = ORIENTED_EDGE ( 'NONE', *, *, #4882, .F. ) ;
#4250 = CARTESIAN_POINT ( 'NONE',  ( -3869.999999999976808, 946.0000000001497256, 1120.299916712929871 ) ) ;
#4251 = VECTOR ( 'NONE', #2097, 1000.000000000000000 ) ;
#4252 = EDGE_CURVE ( 'NONE', #1349, #3687, #3727, .T. ) ;
#4253 = DIRECTION ( 'NONE',  ( -1.000000000000000000, 0.000000000000000000, 0.000000000000000000 ) ) ;
#4254 = VERTEX_POINT ( 'NONE', #1188 ) ;
#4255 = DIRECTION ( 'NONE',  ( -1.000000000000000000, -0.000000000000000000, -0.000000000000000000 ) ) ;
#4256 = ADVANCED_FACE ( 'NONE', ( #3666 ), #1207, .F. ) ;
#4257 = VERTEX_POINT ( 'NONE', #3456 ) ;
#4258 = DIRECTION ( 'NONE',  ( 1.973729821555833740E-16, -1.000000000000000000, 0.000000000000000000 ) ) ;
#4259 = ORIENTED_EDGE ( 'NONE', *, *, #4997, .T. ) ;
#4260 = CARTESIAN_POINT ( 'NONE',  ( 0.000000000000000000, 0.000000000000000000, 0.000000000000000000 ) ) ;
#4261 = ORIENTED_EDGE ( 'NONE', *, *, #2016, .F. ) ;
#4262 = EDGE_LOOP ( 'NONE', ( #464, #5743, #4935, #2246 ) ) ;
#4263 = AXIS2_PLACEMENT_3D ( 'NONE', #2615, #784, #4893 ) ;
#4264 = EDGE_LOOP ( 'NONE', ( #4577, #5615, #5323, #688 ) ) ;
#4265 = DIRECTION ( 'NONE',  ( 1.000000000000000000, 0.000000000000000000, 0.000000000000000000 ) ) ;
#4266 = CARTESIAN_POINT ( 'NONE',  ( -3353.999999999976808, 15.00000000002273204, 61.99999999999982947 ) ) ;
#4267 = CARTESIAN_POINT ( 'NONE',  ( 0.000000000000000000, 0.000000000000000000, -480.0000000000000000 ) ) ;
#4268 = VERTEX_POINT ( 'NONE', #2516 ) ;
#4269 = ORIENTED_EDGE ( 'NONE', *, *, #1872, .F. ) ;
#4270 = DIRECTION ( 'NONE',  ( -0.000000000000000000, -0.000000000000000000, -1.000000000000000000 ) ) ;
#4271 = EDGE_CURVE ( 'NONE', #2723, #1891, #986, .T. ) ;
#4272 = DIRECTION ( 'NONE',  ( 0.000000000000000000, 0.000000000000000000, 1.000000000000000000 ) ) ;
#4273 = EDGE_LOOP ( 'NONE', ( #1186, #5287 ) ) ;
#4274 = CARTESIAN_POINT ( 'NONE',  ( -269.4999999999998295, -223.0000000000000000, -279.0000000000000000 ) ) ;
#4275 = DIRECTION ( 'NONE',  ( 0.000000000000000000, 0.000000000000000000, 1.000000000000000000 ) ) ;
#4276 = ORIENTED_EDGE ( 'NONE', *, *, #4505, .T. ) ;
#4277 = CIRCLE ( 'NONE', #5185, 27.00000000000011369 ) ;
#4278 = CARTESIAN_POINT ( 'NONE',  ( -3353.999999999976808, 15.00000000002273204, 54.99999999999990052 ) ) ;
#4279 = AXIS2_PLACEMENT_3D ( 'NONE', #3035, #1269, #807 ) ;
#4280 = EDGE_CURVE ( 'NONE', #60, #2719, #3279, .T. ) ;
#4281 = APPROVAL_STATUS ( 'not_yet_approved' ) ;
#4282 = DIRECTION ( 'NONE',  ( 0.000000000000000000, 0.000000000000000000, -1.000000000000000000 ) ) ;
#4283 = ORIENTED_EDGE ( 'NONE', *, *, #1404, .F. ) ;
#4284 = LINE ( 'NONE', #5128, #5207 ) ;
#4285 = ADVANCED_FACE ( 'NONE', ( #925 ), #783, .F. ) ;
#4286 = DIRECTION ( 'NONE',  ( 0.000000000000000000, 0.000000000000000000, 1.000000000000000000 ) ) ;
#4287 = DIRECTION ( 'NONE',  ( 0.000000000000000000, 1.000000000000000000, 0.000000000000000000 ) ) ;
#4288 = DIRECTION ( 'NONE',  ( -1.000000000000000000, -0.000000000000000000, -0.000000000000000000 ) ) ;
#4289 = EDGE_CURVE ( 'NONE', #3911, #3230, #1266, .T. ) ;
#4290 = LINE ( 'NONE', #4419, #3799 ) ;
#4291 = PLANE ( 'NONE',  #5596 ) ;
#4292 = PERSON_AND_ORGANIZATION ( #724, #4157 ) ;
#4293 = CARTESIAN_POINT ( 'NONE',  ( -3877.999999999977263, 1865.250000000022510, 596.7999999999999545 ) ) ;
#4294 = CARTESIAN_POINT ( 'NONE',  ( -3886.799999999977445, 2215.250000000022737, 604.7999999999999545 ) ) ;
#4295 = APPROVAL_PERSON_ORGANIZATION ( #151, #3751, #339 ) ;
#4296 = AXIS2_PLACEMENT_3D ( 'NONE', #331, #3897, #5720 ) ;
#4297 = DIRECTION ( 'NONE',  ( 1.000000000000000000, -0.000000000000000000, -0.000000000000000000 ) ) ;
#4298 = LINE ( 'NONE', #2066, #3246 ) ;
#4299 = CARTESIAN_POINT ( 'NONE',  ( 250.4999999999999432, 61.00000000000002842, -461.9999999999999432 ) ) ;
#4300 = SECURITY_CLASSIFICATION_LEVEL ( 'unclassified' ) ;
#4301 = EDGE_LOOP ( 'NONE', ( #1576, #4748, #615, #407, #4627, #2582 ) ) ;
#4302 = APPROVAL_PERSON_ORGANIZATION ( #4650, #2958, #1197 ) ;
#4303 = FACE_OUTER_BOUND ( 'NONE', #906, .T. ) ;
#4304 = EDGE_CURVE ( 'NONE', #5192, #2730, #4608, .T. ) ;
#4305 = LOCAL_TIME ( 20, 46, 49.00000000000000000, #584 ) ;
#4306 = LINE ( 'NONE', #2053, #1843 ) ;
#4307 = VERTEX_POINT ( 'NONE', #327 ) ;
#4308 = LINE ( 'NONE', #1700, #1150 ) ;
#4309 = CARTESIAN_POINT ( 'NONE',  ( -3899.999999999977263, 443.0000000000228511, 540.9999999999998863 ) ) ;
#4310 = ADVANCED_FACE ( 'NONE', ( #4472 ), #4799, .F. ) ;
#4311 = AXIS2_PLACEMENT_3D ( 'NONE', #3345, #3771, #142 ) ;
#4312 = LINE ( 'NONE', #3196, #4731 ) ;
#4313 = CARTESIAN_POINT ( 'NONE',  ( 1.953311644640028390E-13, -470.0000000000000000, 30.00000000000000000 ) ) ;
#4314 = ORIENTED_EDGE ( 'NONE', *, *, #2926, .F. ) ;
#4315 = DIRECTION ( 'NONE',  ( 0.000000000000000000, -1.000000000000000000, 0.000000000000000000 ) ) ;
#4316 = LINE ( 'NONE', #3400, #462 ) ;
#4317 = ORIENTED_EDGE ( 'NONE', *, *, #4220, .T. ) ;
#4318 = APPROVAL_ROLE ( '' ) ;
#4319 = LINE ( 'NONE', #2602, #4736 ) ;
#4320 = APPROVAL ( #3621, 'UNKNOWN' ) ;
#4321 = DIRECTION ( 'NONE',  ( 0.000000000000000000, 0.000000000000000000, 1.000000000000000000 ) ) ;
#4322 = ORIENTED_EDGE ( 'NONE', *, *, #5429, .T. ) ;
#4323 = EDGE_CURVE ( 'NONE', #5314, #5516, #3426, .T. ) ;
#4324 = CARTESIAN_POINT ( 'NONE',  ( -3884.099999999977626, 1865.250000000022510, 591.9500000000002728 ) ) ;
#4325 = CIRCLE ( 'NONE', #5560, 10.00000000000000888 ) ;
#4326 = ORIENTED_EDGE ( 'NONE', *, *, #2904, .F. ) ;
#4327 = FACE_BOUND ( 'NONE', #4478, .T. ) ;
#4328 = CARTESIAN_POINT ( 'NONE',  ( -3329.999999999977263, 500.0000000000228511, 580.0000000000000000 ) ) ;
#4329 = VERTEX_POINT ( 'NONE', #2537 ) ;
#4330 = DIRECTION ( 'NONE',  ( 1.000000000000000000, 1.973729821555833987E-16, -0.000000000000000000 ) ) ;
#4331 = CYLINDRICAL_SURFACE ( 'NONE', #1371, 27.00000000000013500 ) ;
#4332 = ORIENTED_EDGE ( 'NONE', *, *, #3691, .F. ) ;
#4333 = ORIENTED_EDGE ( 'NONE', *, *, #3255, .F. ) ;
#4334 = VERTEX_POINT ( 'NONE', #3895 ) ;
#4335 = DIRECTION ( 'NONE',  ( -0.000000000000000000, 1.000000000000000000, -0.000000000000000000 ) ) ;
#4336 = CARTESIAN_POINT ( 'NONE',  ( -3899.999999999977263, 500.0000000000228511, 530.9999999999998863 ) ) ;
#4337 = ORIENTED_EDGE ( 'NONE', *, *, #2639, .F. ) ;
#4338 = ORIENTED_EDGE ( 'NONE', *, *, #4220, .F. ) ;
#4339 = CARTESIAN_POINT ( 'NONE',  ( -3843.999999999977263, 85.00000000002273737, 82.00000000000001421 ) ) ;
#4340 = DATE_TIME_ROLE ( 'creation_date' ) ;
#4341 = ORIENTED_EDGE ( 'NONE', *, *, #77, .T. ) ;
#4342 = ORIENTED_EDGE ( 'NONE', *, *, #1368, .F. ) ;
#4343 = DIRECTION ( 'NONE',  ( -0.000000000000000000, 1.000000000000000000, -0.000000000000000000 ) ) ;
#4344 = ADVANCED_FACE ( 'NONE', ( #5826 ), #2136, .F. ) ;
#4345 = DIRECTION ( 'NONE',  ( -1.000000000000000000, -0.000000000000000000, -0.000000000000000000 ) ) ;
#4346 = DIRECTION ( 'NONE',  ( 0.000000000000000000, 0.000000000000000000, -1.000000000000000000 ) ) ;
#4347 = CARTESIAN_POINT ( 'NONE',  ( -3869.999999999976808, 0.000000000000000000, 580.0000000000000000 ) ) ;
#4348 = ORIENTED_EDGE ( 'NONE', *, *, #2110, .F. ) ;
#4349 = ORIENTED_EDGE ( 'NONE', *, *, #1710, .T. ) ;
#4350 = EDGE_CURVE ( 'NONE', #1247, #5678, #119, .T. ) ;
#4351 = CARTESIAN_POINT ( 'NONE',  ( -3329.999999999977263, 482.0000000000228511, 22.00000000000002132 ) ) ;
#4352 = CARTESIAN_POINT ( 'NONE',  ( -3877.999999999977263, 1544.750000000022737, 604.7999999999999545 ) ) ;
#4353 = ORIENTED_EDGE ( 'NONE', *, *, #1459, .F. ) ;
#4354 = FACE_OUTER_BOUND ( 'NONE', #2438, .T. ) ;
#4355 = CARTESIAN_POINT ( 'NONE',  ( 15.90000000000019575, -470.0000000000000000, 15.90000000000000036 ) ) ;
#4356 = DIRECTION ( 'NONE',  ( 2.558117568260729619E-16, -1.000000000000000000, 0.000000000000000000 ) ) ;
#4357 = CC_DESIGN_APPROVAL ( #3751, ( #5073 ) ) ;
#4358 = ORIENTED_EDGE ( 'NONE', *, *, #711, .F. ) ;
#4359 = LINE ( 'NONE', #2715, #5353 ) ;
#4360 = EDGE_CURVE ( 'NONE', #4533, #118, #1101, .T. ) ;
#4361 = DATE_TIME_ROLE ( 'creation_date' ) ;
#4362 = ITEM_DEFINED_TRANSFORMATION ( 'NONE', 'NONE', #909,  #3190 ) ;
#4363 = CARTESIAN_POINT ( 'NONE',  ( -251.4999999999998863, 205.0000000000000284, -261.0000000000000000 ) ) ;
#4364 = VECTOR ( 'NONE', #1990, 1000.000000000000000 ) ;
#4365 = COORDINATED_UNIVERSAL_TIME_OFFSET ( 8, 0, .AHEAD. ) ;
#4366 = CARTESIAN_POINT ( 'NONE',  ( -27.99999999999998934, 365.0000000000000000, 22.00000000000000000 ) ) ;
#4367 = VECTOR ( 'NONE', #3042, 1000.000000000000000 ) ;
#4368 = EDGE_CURVE ( 'NONE', #3248, #2363, #1171, .T. ) ;
#4369 = EDGE_LOOP ( 'NONE', ( #3627, #1116 ) ) ;
#4370 = CALENDAR_DATE ( 2026, 1, 6 ) ;
#4371 = DIRECTION ( 'NONE',  ( 0.000000000000000000, 1.000000000000000000, 0.000000000000000000 ) ) ;
#4372 = VECTOR ( 'NONE', #3294, 1000.000000000000000 ) ;
#4373 = CARTESIAN_POINT ( 'NONE',  ( -268.4999999999999432, 61.00000000000005684, 0.000000000000000000 ) ) ;
#4374 = VERTEX_POINT ( 'NONE', #2969 ) ;
#4375 = AXIS2_PLACEMENT_3D ( 'NONE', #5246, #4335, #765 ) ;
#4376 = PERSON_AND_ORGANIZATION ( #724, #4157 ) ;
#4377 = VECTOR ( 'NONE', #5578, 1000.000000000000000 ) ;
#4378 = APPLICATION_PROTOCOL_DEFINITION ( 'international standard', 'config_control_design', 1994, #5090 ) ;
#4379 = CARTESIAN_POINT ( 'NONE',  ( -3843.999999999977263, 85.00000000002273737, 529.0000000000001137 ) ) ;
#4380 = EDGE_CURVE ( 'NONE', #1240, #2787, #5398, .T. ) ;
#4381 = CYLINDRICAL_SURFACE ( 'NONE', #739, 8.000000000000007105 ) ;
#4382 = CARTESIAN_POINT ( 'NONE',  ( 15.90000000000019575, -15.00000000000001421, 15.90000000000000036 ) ) ;
#4383 = ORIENTED_EDGE ( 'NONE', *, *, #4414, .T. ) ;
#4384 = FACE_OUTER_BOUND ( 'NONE', #4745, .T. ) ;
#4385 = DIRECTION ( 'NONE',  ( 0.000000000000000000, 0.000000000000000000, 1.000000000000000000 ) ) ;
#4386 = CONICAL_SURFACE ( 'NONE', #1323, 4.000000000000003553, 0.7853981633974461696 ) ;
#4387 = DIRECTION ( 'NONE',  ( 0.000000000000000000, -1.000000000000000000, 0.000000000000000000 ) ) ;
#4388 = ORIENTED_EDGE ( 'NONE', *, *, #2933, .T. ) ;
#4389 = CC_DESIGN_APPROVAL ( #3790, ( #3499 ) ) ;
#4390 = FACE_OUTER_BOUND ( 'NONE', #2999, .T. ) ;
#4391 = ORIENTED_EDGE ( 'NONE', *, *, #2794, .F. ) ;
#4392 = EDGE_CURVE ( 'NONE', #5820, #2772, #1942, .T. ) ;
#4393 = FACE_BOUND ( 'NONE', #3604, .T. ) ;
#4394 = DIRECTION ( 'NONE',  ( 1.000000000000000000, -0.000000000000000000, -0.000000000000000000 ) ) ;
#4395 = VERTEX_POINT ( 'NONE', #4842 ) ;
#4396 = PERSON_AND_ORGANIZATION_ROLE ( 'creator' ) ;
#4397 = LINE ( 'NONE', #3330, #2987 ) ;
#4398 = ORIENTED_EDGE ( 'NONE', *, *, #3755, .T. ) ;
#4399 = EDGE_CURVE ( 'NONE', #2079, #4732, #904, .T. ) ;
#4400 = DIRECTION ( 'NONE',  ( 0.000000000000000000, 0.000000000000000000, 1.000000000000000000 ) ) ;
#4401 = DIRECTION ( 'NONE',  ( 0.000000000000000000, 1.000000000000000000, 0.000000000000000000 ) ) ;
#4402 = VERTEX_POINT ( 'NONE', #270 ) ;
#4403 = ORIENTED_EDGE ( 'NONE', *, *, #338, .F. ) ;
#4404 = DIRECTION ( 'NONE',  ( -0.000000000000000000, 1.000000000000000000, -0.000000000000000000 ) ) ;
#4405 = EDGE_LOOP ( 'NONE', ( #5181, #4276 ) ) ;
#4406 = DIRECTION ( 'NONE',  ( 2.558117568260729619E-16, 1.000000000000000000, 0.000000000000000000 ) ) ;
#4407 = VERTEX_POINT ( 'NONE', #1324 ) ;
#4408 = EDGE_LOOP ( 'NONE', ( #5676, #1172, #2932, #2988 ) ) ;
#4409 = CARTESIAN_POINT ( 'NONE',  ( -3843.999999999977263, 100.0000000000227374, 529.0000000000001137 ) ) ;
#4410 = CARTESIAN_POINT ( 'NONE',  ( 250.5000000000000000, -22.99999999999997868, 0.000000000000000000 ) ) ;
#4411 = CARTESIAN_POINT ( 'NONE',  ( -3843.999999999977263, 85.00000000002273737, 502.0000000000000000 ) ) ;
#4412 = DIRECTION ( 'NONE',  ( -1.000000000000000000, 0.000000000000000000, -1.137523590804460371E-16 ) ) ;
#4413 = PERSON_AND_ORGANIZATION_ROLE ( 'classification_officer' ) ;
#4414 = EDGE_CURVE ( 'NONE', #325, #1731, #2297, .T. ) ;
#4415 = AXIS2_PLACEMENT_3D ( 'NONE', #1179, #5194, #1662 ) ;
#4416 = DIRECTION ( 'NONE',  ( 0.000000000000000000, 1.000000000000000000, -0.000000000000000000 ) ) ;
#4417 = ORIENTED_EDGE ( 'NONE', *, *, #4399, .T. ) ;
#4418 = VECTOR ( 'NONE', #4607, 1000.000000000000000 ) ;
#4419 = CARTESIAN_POINT ( 'NONE',  ( -297.5000000000000568, 223.0000000000000000, 279.0000000000000000 ) ) ;
#4420 = PLANE ( 'NONE',  #1217 ) ;
#4421 = CARTESIAN_POINT ( 'NONE',  ( -3329.999999999977263, -6.572520305780882291E-13, 22.00000000000002132 ) ) ;
#4422 = ORIENTED_EDGE ( 'NONE', *, *, #2145, .T. ) ;
#4423 = CIRCLE ( 'NONE', #5103, 20.00000000000018474 ) ;
#4424 = AXIS2_PLACEMENT_3D ( 'NONE', #4620, #1909, #3307 ) ;
#4425 = DIRECTION ( 'NONE',  ( -1.000000000000000000, 0.000000000000000000, 0.000000000000000000 ) ) ;
#4426 = CARTESIAN_POINT ( 'NONE',  ( 0.000000000000000000, 0.000000000000000000, 900.0000000000000000 ) ) ;
#4427 = VECTOR ( 'NONE', #2045, 1000.000000000000000 ) ;
#4428 = DATE_AND_TIME ( #2186, #1268 ) ;
#4429 = DIRECTION ( 'NONE',  ( -0.000000000000000000, -0.000000000000000000, -1.000000000000000000 ) ) ;
#4430 = CC_DESIGN_SECURITY_CLASSIFICATION ( #3383, ( #5838 ) ) ;
#4431 = CARTESIAN_POINT ( 'NONE',  ( -3877.999999999977263, 1515.250000000022737, 596.7999999999999545 ) ) ;
#4432 = EDGE_CURVE ( 'NONE', #3759, #478, #2920, .T. ) ;
#4433 = APPLICATION_PROTOCOL_DEFINITION ( 'international standard', 'config_control_design', 1994, #5789 ) ;
#4434 = ADVANCED_FACE ( 'NONE', ( #2224 ), #3071, .F. ) ;
#4435 = LOCAL_TIME ( 20, 46, 49.00000000000000000, #4857 ) ;
#4436 = DIRECTION ( 'NONE',  ( 0.000000000000000000, 0.000000000000000000, -1.000000000000000000 ) ) ;
#4437 = LINE ( 'NONE', #2437, #5640 ) ;
#4438 = DIRECTION ( 'NONE',  ( -0.000000000000000000, 1.000000000000000000, -0.000000000000000000 ) ) ;
#4439 = CARTESIAN_POINT ( 'NONE',  ( -3300.000000000011369, 500.0000000000228511, 530.9999999999998863 ) ) ;
#4440 = ORIENTED_EDGE ( 'NONE', *, *, #2549, .T. ) ;
#4441 = DIRECTION ( 'NONE',  ( 1.973729821555833987E-16, -1.000000000000000000, 0.000000000000000000 ) ) ;
#4442 = COORDINATED_UNIVERSAL_TIME_OFFSET ( 8, 0, .AHEAD. ) ;
#4443 = AXIS2_PLACEMENT_3D ( 'NONE', #3656, #200, #4071 ) ;
#4444 = VECTOR ( 'NONE', #4600, 1000.000000000000000 ) ;
#4445 = DIRECTION ( 'NONE',  ( 0.000000000000000000, -0.000000000000000000, -1.000000000000000000 ) ) ;
#4446 = CARTESIAN_POINT ( 'NONE',  ( 0.000000000000000000, 0.000000000000000000, -1.500000000000000000 ) ) ;
#4447 = DIRECTION ( 'NONE',  ( 0.000000000000000000, 0.000000000000000000, 1.000000000000000000 ) ) ;
#4448 = FACE_OUTER_BOUND ( 'NONE', #1034, .T. ) ;
#4449 = ADVANCED_FACE ( 'NONE', ( #3066 ), #4919, .T. ) ;
#4450 = PLANE ( 'NONE',  #401 ) ;
#4451 = ORIENTED_EDGE ( 'NONE', *, *, #443, .F. ) ;
#4452 = CARTESIAN_POINT ( 'NONE',  ( 1.953311644640028390E-13, -470.0000000000000000, 30.00000000000000000 ) ) ;
#4453 = VECTOR ( 'NONE', #5329, 1000.000000000000000 ) ;
#4454 = PERSON_AND_ORGANIZATION_ROLE ( 'design_owner' ) ;
#4455 = LINE ( 'NONE', #3273, #1292 ) ;
#4456 = CARTESIAN_POINT ( 'NONE',  ( -3899.999999999977263, 0.000000000000000000, 580.0000000000000000 ) ) ;
#4457 = ORIENTED_EDGE ( 'NONE', *, *, #1669, .T. ) ;
#4458 = CARTESIAN_POINT ( 'NONE',  ( -3300.000000000011369, 443.0000000000228511, 540.9999999999998863 ) ) ;
#4459 = EDGE_CURVE ( 'NONE', #1887, #3911, #5608, .T. ) ;
#4460 = LINE ( 'NONE', #3103, #4171 ) ;
#4461 = ORIENTED_EDGE ( 'NONE', *, *, #3842, .T. ) ;
#4462 = AXIS2_PLACEMENT_3D ( 'NONE', #1654, #1249, #2072 ) ;
#4463 = DIRECTION ( 'NONE',  ( -0.000000000000000000, 0.000000000000000000, 1.000000000000000000 ) ) ;
#4464 = VECTOR ( 'NONE', #3379, 1000.000000000000000 ) ;
#4465 = VECTOR ( 'NONE', #5492, 1000.000000000000000 ) ;
#4466 = ORIENTED_EDGE ( 'NONE', *, *, #867, .T. ) ;
#4467 = ADVANCED_FACE ( 'NONE', ( #4118 ), #4331, .T. ) ;
#4468 = VECTOR ( 'NONE', #2444, 1000.000000000000000 ) ;
#4469 = PRODUCT_RELATED_PRODUCT_CATEGORY ( 'detail', '', ( #1176 ) ) ;
#4470 = EDGE_LOOP ( 'NONE', ( #1863, #5362, #2777, #5542 ) ) ;
#4471 = EDGE_CURVE ( 'NONE', #4329, #3778, #2085, .T. ) ;
#4472 = FACE_OUTER_BOUND ( 'NONE', #991, .T. ) ;
#4473 = VERTEX_POINT ( 'NONE', #1712 ) ;
#4474 = DIRECTION ( 'NONE',  ( 0.000000000000000000, -1.000000000000000000, 0.000000000000000000 ) ) ;
#4475 = ORIENTED_EDGE ( 'NONE', *, *, #4046, .T. ) ;
#4476 = CARTESIAN_POINT ( 'NONE',  ( -3884.099999999977626, 2215.250000000022737, 591.9500000000002728 ) ) ;
#4477 = DIRECTION ( 'NONE',  ( 2.558117568260729619E-16, 1.000000000000000000, 0.000000000000000000 ) ) ;
#4478 = EDGE_LOOP ( 'NONE', ( #481, #5129 ) ) ;
#4479 = ORIENTED_EDGE ( 'NONE', *, *, #1677, .F. ) ;
#4480 = CARTESIAN_POINT ( 'NONE',  ( 15.90000000000019575, -470.0000000000000000, 9.400000000000002132 ) ) ;
#4481 = ORIENTED_EDGE ( 'NONE', *, *, #2026, .F. ) ;
#4482 = EDGE_CURVE ( 'NONE', #4687, #202, #1587, .T. ) ;
#4483 = DIRECTION ( 'NONE',  ( 0.000000000000000000, 0.000000000000000000, -1.000000000000000000 ) ) ;
#4484 = DIRECTION ( 'NONE',  ( 0.000000000000000000, 0.000000000000000000, 1.000000000000000000 ) ) ;
#4485 = ORIENTED_EDGE ( 'NONE', *, *, #3644, .T. ) ;
#4486 = CARTESIAN_POINT ( 'NONE',  ( 15.90000000000019575, 468.5000000000000000, 15.90000000000000036 ) ) ;
#4487 = AXIS2_PLACEMENT_3D ( 'NONE', #3360, #4191, #2854 ) ;
#4488 = CARTESIAN_POINT ( 'NONE',  ( 15.90000000000019575, 334.9999999999999432, 15.90000000000000036 ) ) ;
#4489 = ORIENTED_EDGE ( 'NONE', *, *, #670, .F. ) ;
#4490 = ORIENTED_EDGE ( 'NONE', *, *, #5444, .T. ) ;
#4491 = CARTESIAN_POINT ( 'NONE',  ( -3869.999999999976808, 1428.000000000077762, 22.00000000000002132 ) ) ;
#4492 = CARTESIAN_POINT ( 'NONE',  ( -297.4999999999999432, -223.0000000000000000, 309.0000000000000568 ) ) ;
#4493 = DIRECTION ( 'NONE',  ( 0.000000000000000000, 1.000000000000000000, 0.000000000000000000 ) ) ;
#4494 = VERTEX_POINT ( 'NONE', #2171 ) ;
#4495 = CIRCLE ( 'NONE', #4112, 15.00000000000000000 ) ;
#4496 = EDGE_CURVE ( 'NONE', #247, #5671, #2647, .T. ) ;
#4497 = ADVANCED_FACE ( 'NONE', ( #1874 ), #3972, .F. ) ;
#4498 = AXIS2_PLACEMENT_3D ( 'NONE', #2747, #1413, #3244 ) ;
#4499 = CARTESIAN_POINT ( 'NONE',  ( -3886.799999999977445, 2244.750000000022737, 596.7999999999999545 ) ) ;
#4500 = CARTESIAN_POINT ( 'NONE',  ( -250.4999999999999432, -22.99999999999997868, -461.9999999999999432 ) ) ;
#4501 = VECTOR ( 'NONE', #4007, 1000.000000000000000 ) ;
#4502 = CALENDAR_DATE ( 2026, 1, 6 ) ;
#4503 = PRODUCT_DEFINITION_FORMATION_WITH_SPECIFIED_SOURCE ( '任何', '', #610, .NOT_KNOWN. ) ;
#4504 = LINE ( 'NONE', #1592, #3315 ) ;
#4505 = EDGE_CURVE ( 'NONE', #976, #2478, #2492, .T. ) ;
#4506 = CALENDAR_DATE ( 2026, 1, 6 ) ;
#4507 = DIRECTION ( 'NONE',  ( -0.000000000000000000, 1.000000000000000000, 0.000000000000000000 ) ) ;
#4508 = VECTOR ( 'NONE', #435, 1000.000000000000000 ) ;
#4509 = DIRECTION ( 'NONE',  ( 0.000000000000000000, 1.000000000000000000, 0.000000000000000000 ) ) ;
#4510 = ORIENTED_EDGE ( 'NONE', *, *, #4162, .T. ) ;
#4511 = CARTESIAN_POINT ( 'NONE',  ( -3894.799999999977445, 2215.250000000022737, 580.0000000000000000 ) ) ;
#4512 = APPROVAL_PERSON_ORGANIZATION ( #230, #5803, #2980 ) ;
#4513 = CC_DESIGN_APPROVAL ( #4320, ( #4203 ) ) ;
#4514 = CARTESIAN_POINT ( 'NONE',  ( -3299.999999999976808, -1.302661682226841118E-12, 580.0000000000000000 ) ) ;
#4515 = FACE_OUTER_BOUND ( 'NONE', #5616, .T. ) ;
#4516 = EDGE_CURVE ( 'NONE', #4229, #3559, #328, .T. ) ;
#4517 = ORIENTED_EDGE ( 'NONE', *, *, #1822, .F. ) ;
#4518 = CARTESIAN_POINT ( 'NONE',  ( -3843.999999999977263, 15.00000000002273204, 54.99999999999990052 ) ) ;
#4519 = LINE ( 'NONE', #348, #946 ) ;
#4520 = FACE_OUTER_BOUND ( 'NONE', #1212, .T. ) ;
#4521 = ADVANCED_FACE ( 'NONE', ( #2157, #188 ), #2641, .T. ) ;
#4522 = CARTESIAN_POINT ( 'NONE',  ( 600.0000000000001137, -470.0000000000000000, 0.000000000000000000 ) ) ;
#4523 = VERTEX_POINT ( 'NONE', #881 ) ;
#4524 = DIRECTION ( 'NONE',  ( -1.000000000000000000, 0.000000000000000000, 0.000000000000000000 ) ) ;
#4525 = FACE_OUTER_BOUND ( 'NONE', #3743, .T. ) ;
#4526 = EDGE_CURVE ( 'NONE', #5663, #1421, #3767, .T. ) ;
#4527 = FACE_OUTER_BOUND ( 'NONE', #3704, .T. ) ;
#4528 = AXIS2_PLACEMENT_3D ( 'NONE', #2521, #3862, #2056 ) ;
#4529 = CARTESIAN_POINT ( 'NONE',  ( 15.90000000000019575, 334.9999999999999432, 10.90000000000000036 ) ) ;
#4530 = ORIENTED_EDGE ( 'NONE', *, *, #5452, .T. ) ;
#4531 = DIRECTION ( 'NONE',  ( 1.000000000000000000, 0.000000000000000000, 0.000000000000000000 ) ) ;
#4532 = VECTOR ( 'NONE', #838, 1000.000000000000000 ) ;
#4533 = VERTEX_POINT ( 'NONE', #2599 ) ;
#4534 = FACE_BOUND ( 'NONE', #911, .T. ) ;
#4535 = DIRECTION ( 'NONE',  ( 0.000000000000000000, -1.000000000000000000, 0.000000000000000000 ) ) ;
#4536 = DIRECTION ( 'NONE',  ( -1.000000000000000000, 0.000000000000000000, -1.137523590804460371E-16 ) ) ;
#4537 = EDGE_CURVE ( 'NONE', #1797, #2787, #1864, .T. ) ;
#4538 = ORIENTED_EDGE ( 'NONE', *, *, #3269, .F. ) ;
#4539 = AXIS2_PLACEMENT_3D ( 'NONE', #4691, #5604, #4706 ) ;
#4540 = EDGE_LOOP ( 'NONE', ( #2910, #1995, #4826, #467, #329, #1751, #2900, #5269 ) ) ;
#4541 = PLANE ( 'NONE',  #658 ) ;
#4542 = ORIENTED_EDGE ( 'NONE', *, *, #4232, .T. ) ;
#4543 = ORIENTED_EDGE ( 'NONE', *, *, #1959, .F. ) ;
#4544 = VERTEX_POINT ( 'NONE', #5375 ) ;
#4545 = CC_DESIGN_APPROVAL ( #5803, ( #1347 ) ) ;
#4546 = EDGE_CURVE ( 'NONE', #2851, #1375, #536, .T. ) ;
#4547 = DIRECTION ( 'NONE',  ( 0.000000000000000000, 0.000000000000000000, 1.000000000000000000 ) ) ;
#4548 = ORIENTED_EDGE ( 'NONE', *, *, #935, .F. ) ;
#4549 = ORIENTED_EDGE ( 'NONE', *, *, #2878, .F. ) ;
#4550 = CARTESIAN_POINT ( 'NONE',  ( 15.90000000000019575, -470.0000000000000000, 22.39999999999999858 ) ) ;
#4551 = ADVANCED_FACE ( 'NONE', ( #3833 ), #4541, .F. ) ;
#4552 = CARTESIAN_POINT ( 'NONE',  ( -3300.000000000011369, 443.0000000000228511, 557.9999999999998863 ) ) ;
#4553 = EDGE_CURVE ( 'NONE', #4830, #1247, #3910, .T. ) ;
#4554 = DIRECTION ( 'NONE',  ( 0.000000000000000000, -0.000000000000000000, -1.000000000000000000 ) ) ;
#4555 = CARTESIAN_POINT ( 'NONE',  ( -3843.999999999977263, 15.00000000002273204, 522.0000000000001137 ) ) ;
#4556 = ORIENTED_EDGE ( 'NONE', *, *, #2557, .F. ) ;
#4557 = LINE ( 'NONE', #5003, #5130 ) ;
#4558 = CARTESIAN_POINT ( 'NONE',  ( -3899.999999999977263, 500.0000000000228511, 557.9999999999998863 ) ) ;
#4559 = AXIS2_PLACEMENT_3D ( 'NONE', #4267, #5139, #5180 ) ;
#4560 = CARTESIAN_POINT ( 'NONE',  ( -3329.999999999977263, 425.0000000000228511, 557.9999999999998863 ) ) ;
#4561 = UNCERTAINTY_MEASURE_WITH_UNIT (LENGTH_MEASURE( 1.000000000000000082E-05 ), #1985, 'distance_accuracy_value', 'NONE');
#4562 = ORIENTED_EDGE ( 'NONE', *, *, #2811, .F. ) ;
#4563 = VECTOR ( 'NONE', #2388, 1000.000000000000000 ) ;
#4564 = PLANE ( 'NONE',  #1146 ) ;
#4565 = CARTESIAN_POINT ( 'NONE',  ( -3353.999999999976808, 85.00000000002273737, 502.0000000000000000 ) ) ;
#4566 = EDGE_CURVE ( 'NONE', #4544, #1950, #1304, .T. ) ;
#4567 = LINE ( 'NONE', #5238, #4214 ) ;
#4568 = PERSON_AND_ORGANIZATION ( #724, #4157 ) ;
#4569 = CARTESIAN_POINT ( 'NONE',  ( -3877.999999999977263, 1515.250000000022737, 596.7999999999999545 ) ) ;
#4570 = CARTESIAN_POINT ( 'NONE',  ( -3877.999999999977263, 1894.750000000022510, 596.7999999999999545 ) ) ;
#4571 = DIRECTION ( 'NONE',  ( 0.000000000000000000, 1.000000000000000000, 0.000000000000000000 ) ) ;
#4572 = PERSON_AND_ORGANIZATION ( #724, #4157 ) ;
#4573 = LINE ( 'NONE', #2864, #3672 ) ;
#4574 =( GEOMETRIC_REPRESENTATION_CONTEXT ( 3 ) GLOBAL_UNCERTAINTY_ASSIGNED_CONTEXT ( ( #4561 ) ) GLOBAL_UNIT_ASSIGNED_CONTEXT ( ( #1985, #4215, #2449 ) ) REPRESENTATION_CONTEXT ( 'NONE', 'WORKASPACE' ) );
#4575 = ADVANCED_FACE ( 'NONE', ( #113 ), #1420, .T. ) ;
#4576 = EDGE_CURVE ( 'NONE', #5025, #2523, #4739, .T. ) ;
#4577 = ORIENTED_EDGE ( 'NONE', *, *, #867, .F. ) ;
#4578 = CARTESIAN_POINT ( 'NONE',  ( 15.90000000000019575, -365.0000000000000000, 15.90000000000000036 ) ) ;
#4579 = PERSON_AND_ORGANIZATION ( #724, #4157 ) ;
#4580 = DIRECTION ( 'NONE',  ( 0.000000000000000000, -1.000000000000000000, 0.000000000000000000 ) ) ;
#4581 = VECTOR ( 'NONE', #960, 1000.000000000000000 ) ;
#4582 = DIRECTION ( 'NONE',  ( 1.000000000000000000, 0.000000000000000000, 0.000000000000000000 ) ) ;
#4583 = SHAPE_REPRESENTATION_RELATIONSHIP ( 'NONE' , 'NONE' ,  #4235, #5002 ) ;
#4584 = EDGE_CURVE ( 'NONE', #5725, #3275, #5318, .T. ) ;
#4585 = CARTESIAN_POINT ( 'NONE',  ( 15.00000000000019362, 470.0000000000000000, 0.000000000000000000 ) ) ;
#4586 = VECTOR ( 'NONE', #212, 1000.000000000000000 ) ;
#4587 = ORIENTED_EDGE ( 'NONE', *, *, #2382, .F. ) ;
#4588 = PLANE ( 'NONE',  #3299 ) ;
#4589 = FACE_BOUND ( 'NONE', #821, .T. ) ;
#4590 = FACE_OUTER_BOUND ( 'NONE', #837, .T. ) ;
#4591 = ADVANCED_FACE ( 'NONE', ( #2572 ), #2717, .F. ) ;
#4592 = DIRECTION ( 'NONE',  ( -0.000000000000000000, -0.000000000000000000, -1.000000000000000000 ) ) ;
#4593 = AXIS2_PLACEMENT_3D ( 'NONE', #4446, #368, #3497 ) ;
#4594 = ORIENTED_EDGE ( 'NONE', *, *, #4170, .F. ) ;
#4595 = CARTESIAN_POINT ( 'NONE',  ( 6.450000000000001066, 0.000000000000000000, 0.000000000000000000 ) ) ;
#4596 = CIRCLE ( 'NONE', #1522, 20.00000000000018474 ) ;
#4597 = ORIENTED_EDGE ( 'NONE', *, *, #5593, .T. ) ;
#4598 = CARTESIAN_POINT ( 'NONE',  ( -269.4999999999998863, 223.0000000000000000, -279.0000000000000000 ) ) ;
#4599 = VECTOR ( 'NONE', #2036, 1000.000000000000000 ) ;
#4600 = DIRECTION ( 'NONE',  ( -0.000000000000000000, -1.000000000000000000, -0.000000000000000000 ) ) ;
#4601 = PLANE ( 'NONE',  #4028 ) ;
#4602 = ORIENTED_EDGE ( 'NONE', *, *, #93, .F. ) ;
#4603 = EDGE_CURVE ( 'NONE', #325, #373, #5108, .T. ) ;
#4604 = CIRCLE ( 'NONE', #5147, 27.00000000000013500 ) ;
#4605 = ORIENTED_EDGE ( 'NONE', *, *, #5158, .T. ) ;
#4606 = AXIS2_PLACEMENT_3D ( 'NONE', #1107, #4286, #2090 ) ;
#4607 = DIRECTION ( 'NONE',  ( -0.000000000000000000, 1.000000000000000000, -0.000000000000000000 ) ) ;
#4608 = LINE ( 'NONE', #2993, #5579 ) ;
#4609 = EDGE_LOOP ( 'NONE', ( #1016, #4269 ) ) ;
#4610 = ADVANCED_FACE ( 'NONE', ( #4824 ), #823, .T. ) ;
#4611 = EDGE_LOOP ( 'NONE', ( #3466, #2112, #1556, #5334 ) ) ;
#4612 = ORIENTED_EDGE ( 'NONE', *, *, #3005, .T. ) ;
#4613 = VERTEX_POINT ( 'NONE', #3608 ) ;
#4614 = CARTESIAN_POINT ( 'NONE',  ( -297.4999999999999432, -223.0000000000000000, 279.0000000000000000 ) ) ;
#4615 = AXIS2_PLACEMENT_3D ( 'NONE', #84, #3717, #4992 ) ;
#4616 = CARTESIAN_POINT ( 'NONE',  ( 1.953311644640028390E-13, 470.0000000000000000, 27.00000000000000711 ) ) ;
#4617 = ORIENTED_EDGE ( 'NONE', *, *, #3691, .T. ) ;
#4618 = ORIENTED_EDGE ( 'NONE', *, *, #5100, .F. ) ;
#4619 = ORIENTED_EDGE ( 'NONE', *, *, #3655, .T. ) ;
#4620 = CARTESIAN_POINT ( 'NONE',  ( 0.000000000000000000, 0.000000000000000000, 279.0000000000000000 ) ) ;
#4621 = CARTESIAN_POINT ( 'NONE',  ( -27.99999999999998934, 365.0000000000000000, 27.00000000000000355 ) ) ;
#4622 = VERTEX_POINT ( 'NONE', #2285 ) ;
#4623 = CARTESIAN_POINT ( 'NONE',  ( 15.90000000000019575, -468.5000000000000000, 9.400000000000002132 ) ) ;
#4624 = CC_DESIGN_PERSON_AND_ORGANIZATION_ASSIGNMENT ( #2533, #4949, ( #4203 ) ) ;
#4625 = EDGE_CURVE ( 'NONE', #5247, #5326, #1239, .T. ) ;
#4626 = CARTESIAN_POINT ( 'NONE',  ( -3353.999999999976808, 85.00000000002273737, 109.0000000000001279 ) ) ;
#4627 = ORIENTED_EDGE ( 'NONE', *, *, #3452, .T. ) ;
#4628 = VERTEX_POINT ( 'NONE', #1398 ) ;
#4629 = PLANE ( 'NONE',  #5091 ) ;
#4630 = PERSON ( 'NAUO-PER3', 'UNSPECIFIED', 'UNSPECIFIED', ('UNSPECIFIED'), ('UNSPECIFIED'), ('UNSPECIFIED') ) ;
#4631 = AXIS2_PLACEMENT_3D ( 'NONE', #2116, #3075, #848 ) ;
#4632 = CARTESIAN_POINT ( 'NONE',  ( -3329.999999999977263, -6.572520305780882291E-13, 22.00000000000002132 ) ) ;
#4633 = ORIENTED_EDGE ( 'NONE', *, *, #2794, .T. ) ;
#4634 = VECTOR ( 'NONE', #2587, 1000.000000000000000 ) ;
#4635 = CARTESIAN_POINT ( 'NONE',  ( -3329.999999999977263, 425.0000000000228511, 580.0000000000000000 ) ) ;
#4636 = FACE_OUTER_BOUND ( 'NONE', #5263, .T. ) ;
#4637 = ADVANCED_FACE ( 'NONE', ( #3352, #4680 ), #2699, .F. ) ;
#4638 = DIRECTION ( 'NONE',  ( 0.000000000000000000, -1.000000000000000000, 0.000000000000000000 ) ) ;
#4639 = APPROVAL_PERSON_ORGANIZATION ( #152, #5, #874 ) ;
#4640 = AXIS2_PLACEMENT_3D ( 'NONE', #417, #2214, #4059 ) ;
#4641 = DIRECTION ( 'NONE',  ( -0.000000000000000000, 1.000000000000000000, -0.000000000000000000 ) ) ;
#4642 = DIRECTION ( 'NONE',  ( 0.000000000000000000, 0.000000000000000000, 1.000000000000000000 ) ) ;
#4643 = LINE ( 'NONE', #4621, #5783 ) ;
#4644 = DIRECTION ( 'NONE',  ( 1.244644646440758595E-16, 1.000000000000000000, 0.000000000000000000 ) ) ;
#4645 = DATE_AND_TIME ( #4780, #17 ) ;
#4646 = LINE ( 'NONE', #3558, #1477 ) ;
#4647 = EDGE_CURVE ( 'NONE', #4679, #34, #5178, .T. ) ;
#4648 = AXIS2_PLACEMENT_3D ( 'NONE', #4456, #855, #28 ) ;
#4649 = ORIENTED_EDGE ( 'NONE', *, *, #2639, .T. ) ;
#4650 = PERSON_AND_ORGANIZATION ( #724, #4157 ) ;
#4651 = CARTESIAN_POINT ( 'NONE',  ( -3899.999999999977263, 2350.000000000022737, 580.0000000000000000 ) ) ;
#4652 = LINE ( 'NONE', #3976, #2335 ) ;
#4653 = APPROVAL_ROLE ( '' ) ;
#4654 = ORIENTED_EDGE ( 'NONE', *, *, #5494, .F. ) ;
#4655 = COORDINATED_UNIVERSAL_TIME_OFFSET ( 8, 0, .AHEAD. ) ;
#4656 = CC_DESIGN_PERSON_AND_ORGANIZATION_ASSIGNMENT ( #1270, #1682, ( #5073 ) ) ;
#4657 = DIRECTION ( 'NONE',  ( 0.000000000000000000, 0.000000000000000000, 1.000000000000000000 ) ) ;
#4658 = FACE_BOUND ( 'NONE', #5748, .T. ) ;
#4659 = EDGE_CURVE ( 'NONE', #824, #3063, #5467, .T. ) ;
#4660 = PLANE ( 'NONE',  #5173 ) ;
#4661 = CARTESIAN_POINT ( 'NONE',  ( -3843.999999999977263, 2.273181642920008017E-11, 54.99999999999990052 ) ) ;
#4662 = ORIENTED_EDGE ( 'NONE', *, *, #2198, .T. ) ;
#4663 = CARTESIAN_POINT ( 'NONE',  ( -3843.999999999977263, 2.273181642920008017E-11, 474.9999999999998863 ) ) ;
#4664 = FACE_BOUND ( 'NONE', #4101, .T. ) ;
#4665 = EDGE_LOOP ( 'NONE', ( #4946, #296, #3052, #1174 ) ) ;
#4666 = EDGE_CURVE ( 'NONE', #5741, #2483, #4604, .T. ) ;
#4667 = DIRECTION ( 'NONE',  ( -0.000000000000000000, -0.000000000000000000, 1.000000000000000000 ) ) ;
#4668 = LINE ( 'NONE', #2764, #1296 ) ;
#4669 = DIRECTION ( 'NONE',  ( -1.973729821555833987E-16, 1.000000000000000000, 0.000000000000000000 ) ) ;
#4670 = ADVANCED_FACE ( 'NONE', ( #3495 ), #5074, .T. ) ;
#4671 = FACE_OUTER_BOUND ( 'NONE', #1297, .T. ) ;
#4672 = ORIENTED_EDGE ( 'NONE', *, *, #3724, .F. ) ;
#4673 = DIRECTION ( 'NONE',  ( 0.000000000000000000, -0.000000000000000000, -1.000000000000000000 ) ) ;
#4674 = LINE ( 'NONE', #5709, #3487 ) ;
#4675 = ORIENTED_EDGE ( 'NONE', *, *, #4195, .F. ) ;
#4676 = DIRECTION ( 'NONE',  ( 1.000000000000000000, 0.000000000000000000, 0.000000000000000000 ) ) ;
#4677 = LINE ( 'NONE', #2873, #322 ) ;
#4678 = AXIS2_PLACEMENT_3D ( 'NONE', #3712, #1017, #4150 ) ;
#4679 = VERTEX_POINT ( 'NONE', #4595 ) ;
#4680 = FACE_OUTER_BOUND ( 'NONE', #1294, .T. ) ;
#4681 = ORIENTED_EDGE ( 'NONE', *, *, #146, .F. ) ;
#4682 = CARTESIAN_POINT ( 'NONE',  ( -3894.799999999977445, 2215.250000000022737, 596.7999999999999545 ) ) ;
#4683 = DIRECTION ( 'NONE',  ( -1.000000000000000000, 0.000000000000000000, 0.000000000000000000 ) ) ;
#4684 = EDGE_CURVE ( 'NONE', #5516, #5314, #2293, .T. ) ;
#4685 = ORIENTED_EDGE ( 'NONE', *, *, #2253, .F. ) ;
#4686 = EDGE_LOOP ( 'NONE', ( #4283, #2194 ) ) ;
#4687 = VERTEX_POINT ( 'NONE', #4199 ) ;
#4688 = DIRECTION ( 'NONE',  ( -0.000000000000000000, -1.000000000000000000, -0.000000000000000000 ) ) ;
#4689 = EDGE_LOOP ( 'NONE', ( #196, #69, #5028, #5254, #2503, #4860, #2222, #5188 ) ) ;
#4690 = CARTESIAN_POINT ( 'NONE',  ( -3353.999999999976808, 2.273181642920008017E-11, 109.0000000000001279 ) ) ;
#4691 = CARTESIAN_POINT ( 'NONE',  ( 15.90000000000019575, -470.0000000000000000, 15.90000000000000036 ) ) ;
#4692 = CC_DESIGN_PERSON_AND_ORGANIZATION_ASSIGNMENT ( #4376, #277, ( #3499 ) ) ;
#4693 = EDGE_CURVE ( 'NONE', #2000, #1887, #676, .T. ) ;
#4694 = DIRECTION ( 'NONE',  ( -0.9707755440873244712, 0.000000000000000000, 0.2399892560135961361 ) ) ;
#4695 = VERTEX_POINT ( 'NONE', #5037 ) ;
#4696 = ORIENTED_EDGE ( 'NONE', *, *, #1677, .T. ) ;
#4697 = ADVANCED_FACE ( 'NONE', ( #5601 ), #3276, .F. ) ;
#4698 = DIRECTION ( 'NONE',  ( 0.000000000000000000, 1.000000000000000000, 0.000000000000000000 ) ) ;
#4699 = ORIENTED_EDGE ( 'NONE', *, *, #1357, .F. ) ;
#4700 = CIRCLE ( 'NONE', #477, 27.00000000000011369 ) ;
#4701 = EDGE_CURVE ( 'NONE', #1792, #2020, #4397, .T. ) ;
#4702 = FACE_OUTER_BOUND ( 'NONE', #1053, .T. ) ;
#4703 = PLANE ( 'NONE',  #5355 ) ;
#4704 = AXIS2_PLACEMENT_3D ( 'NONE', #3640, #3766, #4669 ) ;
#4705 = CARTESIAN_POINT ( 'NONE',  ( -3329.999999999977717, 946.0000000001497256, 22.00000000000000000 ) ) ;
#4706 = DIRECTION ( 'NONE',  ( 0.000000000000000000, 0.000000000000000000, 1.000000000000000000 ) ) ;
#4707 = LINE ( 'NONE', #2064, #1409 ) ;
#4708 =( LENGTH_UNIT ( ) NAMED_UNIT ( * ) SI_UNIT ( .MILLI., .METRE. ) );
#4709 = COORDINATED_UNIVERSAL_TIME_OFFSET ( 8, 0, .AHEAD. ) ;
#4710 = ORIENTED_EDGE ( 'NONE', *, *, #5555, .T. ) ;
#4711 = LOCAL_TIME ( 20, 46, 49.00000000000000000, #3390 ) ;
#4712 = LINE ( 'NONE', #2512, #1764 ) ;
#4713 = CARTESIAN_POINT ( 'NONE',  ( -3843.999999999977263, 85.00000000002273737, 102.0000000000001990 ) ) ;
#4714 = ORIENTED_EDGE ( 'NONE', *, *, #1291, .T. ) ;
#4715 = DATE_AND_TIME ( #4370, #938 ) ;
#4716 = DIRECTION ( 'NONE',  ( -0.000000000000000000, 1.000000000000000000, -0.000000000000000000 ) ) ;
#4717 = VECTOR ( 'NONE', #5550, 1000.000000000000000 ) ;
#4718 = PLANE ( 'NONE',  #803 ) ;
#4719 = ADVANCED_FACE ( 'NONE', ( #3629 ), #3134, .T. ) ;
#4720 = AXIS2_PLACEMENT_3D ( 'NONE', #1645, #1242, #3887 ) ;
#4721 = PLANE ( 'NONE',  #5023 ) ;
#4722 = PLANE ( 'NONE',  #72 ) ;
#4723 = CYLINDRICAL_SURFACE ( 'NONE', #4375, 20.00000000000012790 ) ;
#4724 = SECURITY_CLASSIFICATION_LEVEL ( 'unclassified' ) ;
#4725 = ORIENTED_EDGE ( 'NONE', *, *, #1072, .F. ) ;
#4726 = CC_DESIGN_APPROVAL ( #2508, ( #5645 ) ) ;
#4727 = DIRECTION ( 'NONE',  ( -0.000000000000000000, -0.000000000000000000, -1.000000000000000000 ) ) ;
#4728 = VECTOR ( 'NONE', #5455, 1000.000000000000000 ) ;
#4729 = EDGE_CURVE ( 'NONE', #3435, #3068, #816, .T. ) ;
#4730 = CARTESIAN_POINT ( 'NONE',  ( -3894.799999999977445, 1515.250000000022737, 580.0000000000000000 ) ) ;
#4731 = VECTOR ( 'NONE', #1879, 1000.000000000000000 ) ;
#4732 = VERTEX_POINT ( 'NONE', #5117 ) ;
#4733 = CIRCLE ( 'NONE', #1415, 20.00000000000018474 ) ;
#4734 = ORIENTED_EDGE ( 'NONE', *, *, #4414, .F. ) ;
#4735 = CARTESIAN_POINT ( 'NONE',  ( -3843.999999999977263, 85.00000000002273737, 82.00000000000001421 ) ) ;
#4736 = VECTOR ( 'NONE', #5322, 1000.000000000000000 ) ;
#4737 = AXIS2_PLACEMENT_3D ( 'NONE', #6, #3619, #2708 ) ;
#4738 = EDGE_LOOP ( 'NONE', ( #1882, #3918, #4562, #3206 ) ) ;
#4739 = LINE ( 'NONE', #4994, #963 ) ;
#4740 = VERTEX_POINT ( 'NONE', #5093 ) ;
#4741 = VERTEX_POINT ( 'NONE', #3776 ) ;
#4742 = DIRECTION ( 'NONE',  ( -1.000000000000000000, -0.000000000000000000, -1.137523590804460371E-16 ) ) ;
#4743 = VERTEX_POINT ( 'NONE', #4159 ) ;
#4744 = DATE_TIME_ROLE ( 'classification_date' ) ;
#4745 = EDGE_LOOP ( 'NONE', ( #5518, #2432 ) ) ;
#4746 = ORIENTED_EDGE ( 'NONE', *, *, #3486, .T. ) ;
#4747 = AXIS2_PLACEMENT_3D ( 'NONE', #5095, #5530, #1966 ) ;
#4748 = ORIENTED_EDGE ( 'NONE', *, *, #2133, .T. ) ;
#4749 = PLANE ( 'NONE',  #100 ) ;
#4750 = ADVANCED_FACE ( 'NONE', ( #5313 ), #5568, .F. ) ;
#4751 = DIRECTION ( 'NONE',  ( -0.000000000000000000, -0.000000000000000000, -1.000000000000000000 ) ) ;
#4752 = DIRECTION ( 'NONE',  ( -0.000000000000000000, 1.000000000000000000, -0.000000000000000000 ) ) ;
#4753 = ORIENTED_EDGE ( 'NONE', *, *, #2296, .F. ) ;
#4754 = ORIENTED_EDGE ( 'NONE', *, *, #1414, .F. ) ;
#4755 = DIRECTION ( 'NONE',  ( 0.000000000000000000, 0.000000000000000000, -1.000000000000000000 ) ) ;
#4756 = EDGE_CURVE ( 'NONE', #3722, #4049, #2149, .T. ) ;
#4757 = DIRECTION ( 'NONE',  ( -1.000000000000000000, -0.000000000000000000, -0.000000000000000000 ) ) ;
#4758 = CARTESIAN_POINT ( 'NONE',  ( -3843.999999999977263, 2.273181642920008017E-11, 529.0000000000001137 ) ) ;
#4759 = PLANE ( 'NONE',  #4528 ) ;
#4760 = ORIENTED_EDGE ( 'NONE', *, *, #2491, .F. ) ;
#4761 = VECTOR ( 'NONE', #2309, 1000.000000000000000 ) ;
#4762 = DIRECTION ( 'NONE',  ( -0.000000000000000000, 1.000000000000000000, 0.000000000000000000 ) ) ;
#4763 = CC_DESIGN_PERSON_AND_ORGANIZATION_ASSIGNMENT ( #2469, #1216, ( #1347 ) ) ;
#4764 = EDGE_CURVE ( 'NONE', #5678, #5187, #2219, .T. ) ;
#4765 = PERSON_AND_ORGANIZATION_ROLE ( 'creator' ) ;
#4766 = ORIENTED_EDGE ( 'NONE', *, *, #2244, .F. ) ;
#4767 = VECTOR ( 'NONE', #3731, 1000.000000000000000 ) ;
#4768 = DIRECTION ( 'NONE',  ( 0.000000000000000000, -0.000000000000000000, 1.000000000000000000 ) ) ;
#4769 = DIRECTION ( 'NONE',  ( 0.000000000000000000, 0.000000000000000000, -1.000000000000000000 ) ) ;
#4770 = CARTESIAN_POINT ( 'NONE',  ( -3877.999999999977263, 1865.250000000022510, 604.7999999999999545 ) ) ;
#4771 = EDGE_CURVE ( 'NONE', #5680, #3974, #1856, .T. ) ;
#4772 = EDGE_LOOP ( 'NONE', ( #5812, #50, #4133, #3837 ) ) ;
#4773 = VECTOR ( 'NONE', #1541, 1000.000000000000000 ) ;
#4774 = CARTESIAN_POINT ( 'NONE',  ( 15.90000000000019575, -470.0000000000000000, 20.90000000000000213 ) ) ;
#4775 = DATE_AND_TIME ( #5220, #569 ) ;
#4776 = DIRECTION ( 'NONE',  ( 0.000000000000000000, 1.000000000000000000, 0.000000000000000000 ) ) ;
#4777 = PLANE ( 'NONE',  #1922 ) ;
#4778 = ADVANCED_FACE ( 'NONE', ( #1093 ), #2418, .F. ) ;
#4779 = VECTOR ( 'NONE', #3293, 1000.000000000000000 ) ;
#4780 = CALENDAR_DATE ( 2026, 1, 6 ) ;
#4781 = AXIS2_PLACEMENT_3D ( 'NONE', #2385, #4688, #3802 ) ;
#4782 = COORDINATED_UNIVERSAL_TIME_OFFSET ( 8, 0, .AHEAD. ) ;
#4783 = DIRECTION ( 'NONE',  ( 0.000000000000000000, 0.000000000000000000, 1.000000000000000000 ) ) ;
#4784 = LINE ( 'NONE', #2671, #1206 ) ;
#4785 = CARTESIAN_POINT ( 'NONE',  ( -3353.999999999976808, 2.273181642920008017E-11, 529.0000000000001137 ) ) ;
#4786 = APPLICATION_PROTOCOL_DEFINITION ( 'international standard', 'config_control_design', 1994, #671 ) ;
#4787 = PRODUCT_DEFINITION_SHAPE ( 'NONE', 'NONE',  #5838 ) ;
#4788 = ORIENTED_EDGE ( 'NONE', *, *, #4659, .T. ) ;
#4789 = APPROVAL_PERSON_ORGANIZATION ( #3178, #866, #3465 ) ;
#4790 = DIRECTION ( 'NONE',  ( -1.973729821555833987E-16, 1.000000000000000000, 0.000000000000000000 ) ) ;
#4791 = VECTOR ( 'NONE', #90, 1000.000000000000000 ) ;
#4792 = DIRECTION ( 'NONE',  ( -1.000000000000000000, -0.000000000000000000, -0.000000000000000000 ) ) ;
#4793 = AXIS2_PLACEMENT_3D ( 'NONE', #83, #3227, #3679 ) ;
#4794 = CARTESIAN_POINT ( 'NONE',  ( -3886.799999999977445, 1544.750000000022737, 596.7999999999999545 ) ) ;
#4795 = ORIENTED_EDGE ( 'NONE', *, *, #1536, .F. ) ;
#4796 = DIRECTION ( 'NONE',  ( 0.000000000000000000, -1.000000000000000000, 0.000000000000000000 ) ) ;
#4797 = DATE_AND_TIME ( #3115, #4305 ) ;
#4798 = LINE ( 'NONE', #2460, #5085 ) ;
#4799 = PLANE ( 'NONE',  #67 ) ;
#4800 = ORIENTED_EDGE ( 'NONE', *, *, #2557, .T. ) ;
#4801 = CARTESIAN_POINT ( 'NONE',  ( -3843.999999999977263, 15.00000000002273204, 502.0000000000000000 ) ) ;
#4802 = DIRECTION ( 'NONE',  ( 1.000000000000000000, 0.000000000000000000, 0.000000000000000000 ) ) ;
#4803 = CC_DESIGN_APPROVAL ( #3716, ( #4503 ) ) ;
#4804 = VECTOR ( 'NONE', #1627, 1000.000000000000000 ) ;
#4805 = EDGE_CURVE ( 'NONE', #3652, #1936, #2711, .T. ) ;
#4806 = DIRECTION ( 'NONE',  ( -0.000000000000000000, 1.000000000000000000, -0.000000000000000000 ) ) ;
#4807 = ORIENTED_EDGE ( 'NONE', *, *, #2296, .T. ) ;
#4808 = CARTESIAN_POINT ( 'NONE',  ( -3329.999999999977717, 1907.999999999993179, 580.0000000000000000 ) ) ;
#4809 = SHAPE_REPRESENTATION ( '高柜03抽屉_高柜03抽屉', ( #3190 ), #2585 ) ;
#4810 = FACE_OUTER_BOUND ( 'NONE', #120, .T. ) ;
#4811 = APPROVAL_STATUS ( 'not_yet_approved' ) ;
#4812 = LINE ( 'NONE', #3553, #1436 ) ;
#4813 = CC_DESIGN_PERSON_AND_ORGANIZATION_ASSIGNMENT ( #3734, #1803, ( #5535 ) ) ;
#4814 = DIRECTION ( 'NONE',  ( -0.000000000000000000, -0.000000000000000000, -1.000000000000000000 ) ) ;
#4815 = EDGE_LOOP ( 'NONE', ( #2396, #5257 ) ) ;
#4816 = EDGE_CURVE ( 'NONE', #5545, #2088, #5458, .T. ) ;
#4817 = DIRECTION ( 'NONE',  ( 0.000000000000000000, -0.000000000000000000, 1.000000000000000000 ) ) ;
#4818 = LINE ( 'NONE', #356, #956 ) ;
#4819 = EDGE_LOOP ( 'NONE', ( #549, #2543, #1660, #4041 ) ) ;
#4820 = CARTESIAN_POINT ( 'NONE',  ( 15.90000000000019575, -470.0000000000000000, 20.90000000000000213 ) ) ;
#4821 = CYLINDRICAL_SURFACE ( 'NONE', #4443, 27.00000000000013500 ) ;
#4822 = ORIENTED_EDGE ( 'NONE', *, *, #788, .F. ) ;
#4823 = CARTESIAN_POINT ( 'NONE',  ( 15.90000000000019575, 470.0000000000000000, 15.90000000000000036 ) ) ;
#4824 = FACE_OUTER_BOUND ( 'NONE', #2786, .T. ) ;
#4825 = VERTEX_POINT ( 'NONE', #144 ) ;
#4826 = ORIENTED_EDGE ( 'NONE', *, *, #3814, .F. ) ;
#4827 = AXIS2_PLACEMENT_3D ( 'NONE', #804, #2271, #38 ) ;
#4828 = DIRECTION ( 'NONE',  ( -1.000000000000000000, 0.000000000000000000, 0.000000000000000000 ) ) ;
#4829 = ORIENTED_EDGE ( 'NONE', *, *, #1611, .F. ) ;
#4830 = VERTEX_POINT ( 'NONE', #693 ) ;
#4831 = DIRECTION ( 'NONE',  ( -1.000000000000000000, -0.000000000000000000, -0.000000000000000000 ) ) ;
#4832 = APPROVAL_ROLE ( '' ) ;
#4833 = AXIS2_PLACEMENT_3D ( 'NONE', #757, #2167, #815 ) ;
#4834 = EDGE_LOOP ( 'NONE', ( #1590, #106, #206, #133, #4198 ) ) ;
#4835 = VERTEX_POINT ( 'NONE', #1547 ) ;
#4836 = CARTESIAN_POINT ( 'NONE',  ( 15.00000000000019362, -334.9999999999999432, 0.000000000000000000 ) ) ;
#4837 = DIRECTION ( 'NONE',  ( -0.000000000000000000, -0.000000000000000000, -1.000000000000000000 ) ) ;
#4838 = CARTESIAN_POINT ( 'NONE',  ( 15.90000000000019575, 15.00000000000001421, 15.90000000000000036 ) ) ;
#4839 = ORIENTED_EDGE ( 'NONE', *, *, #1564, .T. ) ;
#4840 = EDGE_CURVE ( 'NONE', #4062, #3303, #1791, .T. ) ;
#4841 = AXIS2_PLACEMENT_3D ( 'NONE', #5309, #4009, #3600 ) ;
#4842 = CARTESIAN_POINT ( 'NONE',  ( -3899.999999999977263, 453.0000000000229079, 530.9999999999998863 ) ) ;
#4843 = ORIENTED_EDGE ( 'NONE', *, *, #2926, .T. ) ;
#4844 = LINE ( 'NONE', #623, #3658 ) ;
#4845 = CC_DESIGN_PERSON_AND_ORGANIZATION_ASSIGNMENT ( #297, #3909, ( #1639 ) ) ;
#4846 = LINE ( 'NONE', #5814, #4922 ) ;
#4847 = EDGE_CURVE ( 'NONE', #4032, #3289, #4325, .T. ) ;
#4848 = PERSON_AND_ORGANIZATION_ROLE ( 'classification_officer' ) ;
#4849 = CARTESIAN_POINT ( 'NONE',  ( 15.00000000000019362, 15.00000000000001421, 0.000000000000000000 ) ) ;
#4850 = VECTOR ( 'NONE', #2530, 1000.000000000000000 ) ;
#4851 = CARTESIAN_POINT ( 'NONE',  ( -269.4999999999998863, 223.0000000000000000, 279.0000000000000000 ) ) ;
#4852 = CALENDAR_DATE ( 2026, 1, 6 ) ;
#4853 = DIRECTION ( 'NONE',  ( 0.000000000000000000, -1.000000000000000000, 0.000000000000000000 ) ) ;
#4854 = EDGE_CURVE ( 'NONE', #743, #4407, #1230, .T. ) ;
#4855 = SHAPE_REPRESENTATION ( '高柜03', ( #1676, #5522, #1080, #590, #909, #5605, #4311 ), #3076 ) ;
#4856 = CARTESIAN_POINT ( 'NONE',  ( -268.5000000000000000, -155.9999999999999432, 0.000000000000000000 ) ) ;
#4857 = COORDINATED_UNIVERSAL_TIME_OFFSET ( 8, 0, .AHEAD. ) ;
#4858 = PLANE ( 'NONE',  #1254 ) ;
#4859 = FACE_BOUND ( 'NONE', #4686, .T. ) ;
#4860 = ORIENTED_EDGE ( 'NONE', *, *, #1237, .F. ) ;
#4861 = AXIS2_PLACEMENT_3D ( 'NONE', #561, #2397, #1492 ) ;
#4862 = CARTESIAN_POINT ( 'NONE',  ( -3843.999999999977263, 85.00000000002273737, 82.00000000000001421 ) ) ;
#4863 = LOCAL_TIME ( 20, 46, 49.00000000000000000, #2398 ) ;
#4864 = CARTESIAN_POINT ( 'NONE',  ( -3843.999999999977263, 85.00000000002273737, 82.00000000000001421 ) ) ;
#4865 = FACE_BOUND ( 'NONE', #4273, .T. ) ;
#4866 = PERSON_AND_ORGANIZATION_ROLE ( 'classification_officer' ) ;
#4867 = DIRECTION ( 'NONE',  ( 0.000000000000000000, 0.000000000000000000, -1.000000000000000000 ) ) ;
#4868 = DIRECTION ( 'NONE',  ( 0.000000000000000000, 1.000000000000000000, 0.000000000000000000 ) ) ;
#4869 = EDGE_CURVE ( 'NONE', #2161, #5314, #5523, .T. ) ;
#4870 = FACE_OUTER_BOUND ( 'NONE', #775, .T. ) ;
#4871 = AXIS2_PLACEMENT_3D ( 'NONE', #2663, #3112, #1340 ) ;
#4872 = CARTESIAN_POINT ( 'NONE',  ( -3843.999999999977263, 85.00000000002273737, 61.99999999999982947 ) ) ;
#4873 = EDGE_LOOP ( 'NONE', ( #3140, #2180, #3286, #4900 ) ) ;
#4874 = FACE_OUTER_BOUND ( 'NONE', #2937, .T. ) ;
#4875 = DIRECTION ( 'NONE',  ( 0.000000000000000000, -1.000000000000000000, 0.000000000000000000 ) ) ;
#4876 = VECTOR ( 'NONE', #5534, 1000.000000000000000 ) ;
#4877 = ADVANCED_FACE ( 'NONE', ( #5249 ), #4749, .T. ) ;
#4878 = VERTEX_POINT ( 'NONE', #5174 ) ;
#4879 = CC_DESIGN_DATE_AND_TIME_ASSIGNMENT ( #4936, #2040, ( #3463 ) ) ;
#4880 = CIRCLE ( 'NONE', #4123, 20.00000000000018474 ) ;
#4881 = ORIENTED_EDGE ( 'NONE', *, *, #1496, .F. ) ;
#4882 = EDGE_CURVE ( 'NONE', #1104, #1559, #602, .T. ) ;
#4883 = FACE_OUTER_BOUND ( 'NONE', #3996, .T. ) ;
#4884 = DIRECTION ( 'NONE',  ( 0.000000000000000000, 1.000000000000000000, 0.000000000000000000 ) ) ;
#4885 = CARTESIAN_POINT ( 'NONE',  ( -3877.999999999977263, 2215.250000000022737, 596.7999999999999545 ) ) ;
#4886 = ORIENTED_EDGE ( 'NONE', *, *, #3005, .F. ) ;
#4887 = DATE_TIME_ROLE ( 'classification_date' ) ;
#4888 = ORIENTED_EDGE ( 'NONE', *, *, #2576, .T. ) ;
#4889 = CIRCLE ( 'NONE', #719, 27.00000000000013500 ) ;
#4890 = DIRECTION ( 'NONE',  ( -1.000000000000000000, 0.000000000000000000, -0.000000000000000000 ) ) ;
#4891 = EDGE_CURVE ( 'NONE', #4743, #681, #896, .T. ) ;
#4892 = ORIENTED_EDGE ( 'NONE', *, *, #5006, .F. ) ;
#4893 = DIRECTION ( 'NONE',  ( 0.000000000000000000, 0.000000000000000000, 1.000000000000000000 ) ) ;
#4894 = ORIENTED_EDGE ( 'NONE', *, *, #3935, .F. ) ;
#4895 = ORIENTED_EDGE ( 'NONE', *, *, #1629, .T. ) ;
#4896 = ADVANCED_FACE ( 'NONE', ( #4042 ), #1591, .T. ) ;
#4897 = CARTESIAN_POINT ( 'NONE',  ( -3843.999999999977263, 100.0000000000227374, 502.0000000000000000 ) ) ;
#4898 = VERTEX_POINT ( 'NONE', #1105 ) ;
#4899 = CARTESIAN_POINT ( 'NONE',  ( -3353.999999999976808, 85.00000000002273737, 502.0000000000000000 ) ) ;
#4900 = ORIENTED_EDGE ( 'NONE', *, *, #4206, .F. ) ;
#4901 = ORIENTED_EDGE ( 'NONE', *, *, #3708, .T. ) ;
#4902 = AXIS2_PLACEMENT_3D ( 'NONE', #78, #5026, #2760 ) ;
#4903 = CARTESIAN_POINT ( 'NONE',  ( -5.000000000000000000, 0.000000000000000000, 899.0000000000000000 ) ) ;
#4904 = DIRECTION ( 'NONE',  ( 0.000000000000000000, 1.000000000000000000, -0.000000000000000000 ) ) ;
#4905 = DIRECTION ( 'NONE',  ( -0.000000000000000000, 0.000000000000000000, 1.000000000000000000 ) ) ;
#4906 = ORIENTED_EDGE ( 'NONE', *, *, #5113, .F. ) ;
#4907 = DIRECTION ( 'NONE',  ( 0.000000000000000000, 0.000000000000000000, 1.000000000000000000 ) ) ;
#4908 = DIRECTION ( 'NONE',  ( -1.000000000000000000, -0.000000000000000000, -0.000000000000000000 ) ) ;
#4909 = SHAPE_REPRESENTATION ( '高柜03柜门_高柜03柜门', ( #3190 ), #4574 ) ;
#4910 = EDGE_CURVE ( 'NONE', #4898, #1865, #1717, .T. ) ;
#4911 = ADVANCED_FACE ( 'NONE', ( #181 ), #5667, .T. ) ;
#4912 = ORIENTED_EDGE ( 'NONE', *, *, #3314, .F. ) ;
#4913 = CIRCLE ( 'NONE', #859, 4.049999999999664979 ) ;
#4914 = DIRECTION ( 'NONE',  ( 1.201540069940645842E-16, 0.000000000000000000, 1.000000000000000000 ) ) ;
#4915 = DIRECTION ( 'NONE',  ( -0.000000000000000000, -0.000000000000000000, -1.000000000000000000 ) ) ;
#4916 = ORIENTED_EDGE ( 'NONE', *, *, #2946, .T. ) ;
#4917 = VECTOR ( 'NONE', #256, 1000.000000000000000 ) ;
#4918 = AXIS2_PLACEMENT_3D ( 'NONE', #2788, #975, #2733 ) ;
#4919 = PLANE ( 'NONE',  #3568 ) ;
#4920 = CARTESIAN_POINT ( 'NONE',  ( -3894.799999999977445, 1865.250000000022510, 580.0000000000000000 ) ) ;
#4921 = DIRECTION ( 'NONE',  ( 0.000000000000000000, 0.000000000000000000, 1.000000000000000000 ) ) ;
#4922 = VECTOR ( 'NONE', #5395, 1000.000000000000000 ) ;
#4923 = CALENDAR_DATE ( 2026, 1, 6 ) ;
#4924 = ADVANCED_FACE ( 'NONE', ( #744 ), #2062, .T. ) ;
#4925 = CARTESIAN_POINT ( 'NONE',  ( -3869.999999999976808, 0.000000000000000000, 580.0000000000000000 ) ) ;
#4926 = CARTESIAN_POINT ( 'NONE',  ( 33.00000000000019895, 365.0000000000000000, 0.000000000000000000 ) ) ;
#4927 = CC_DESIGN_DATE_AND_TIME_ASSIGNMENT ( #4428, #5749, ( #3537 ) ) ;
#4928 = DIRECTION ( 'NONE',  ( 0.000000000000000000, -1.000000000000000000, 0.000000000000000000 ) ) ;
#4929 = EDGE_CURVE ( 'NONE', #2020, #3759, #1025, .T. ) ;
#4930 = COORDINATED_UNIVERSAL_TIME_OFFSET ( 8, 0, .AHEAD. ) ;
#4931 = DATE_AND_TIME ( #1198, #1618 ) ;
#4932 = CIRCLE ( 'NONE', #3851, 4.049999999999664979 ) ;
#4933 = CARTESIAN_POINT ( 'NONE',  ( -3869.999999999977263, 1515.250000000022737, 580.0000000000000000 ) ) ;
#4934 = CARTESIAN_POINT ( 'NONE',  ( 33.00000000000019895, 334.9999999999999432, -27.99999999999998934 ) ) ;
#4935 = ORIENTED_EDGE ( 'NONE', *, *, #2510, .T. ) ;
#4936 = DATE_AND_TIME ( #3395, #1350 ) ;
#4937 = AXIS2_PLACEMENT_3D ( 'NONE', #3220, #1474, #1831 ) ;
#4938 = LINE ( 'NONE', #1051, #4717 ) ;
#4939 = DIRECTION ( 'NONE',  ( 0.000000000000000000, -1.000000000000000000, 0.000000000000000000 ) ) ;
#4940 = ADVANCED_FACE ( 'NONE', ( #1648 ), #3388, .F. ) ;
#4941 = ORIENTED_EDGE ( 'NONE', *, *, #980, .F. ) ;
#4942 = CARTESIAN_POINT ( 'NONE',  ( -3329.999999999977263, 425.0000000000228511, 512.9999999999998863 ) ) ;
#4943 = DATE_AND_TIME ( #2692, #304 ) ;
#4944 = LINE ( 'NONE', #2561, #1215 ) ;
#4945 = AXIS2_PLACEMENT_3D ( 'NONE', #5614, #4224, #5119 ) ;
#4946 = ORIENTED_EDGE ( 'NONE', *, *, #194, .F. ) ;
#4947 = CARTESIAN_POINT ( 'NONE',  ( 15.90000000000019575, -365.0000000000000000, 20.90000000000000213 ) ) ;
#4948 = CARTESIAN_POINT ( 'NONE',  ( -300.0000000000001705, 184.0000000000000000, 0.000000000000000000 ) ) ;
#4949 = PERSON_AND_ORGANIZATION_ROLE ( 'classification_officer' ) ;
#4950 = VECTOR ( 'NONE', #4288, 1000.000000000000000 ) ;
#4951 = CARTESIAN_POINT ( 'NONE',  ( -3329.999999999977717, 964.0000000001497256, 580.0000000000000000 ) ) ;
#4952 = EDGE_LOOP ( 'NONE', ( #3471, #5317, #3886, #1621 ) ) ;
#4953 = EDGE_CURVE ( 'NONE', #611, #2977, #3051, .T. ) ;
#4954 = LINE ( 'NONE', #5195, #3549 ) ;
#4955 = LINE ( 'NONE', #414, #596 ) ;
#4956 = ORIENTED_EDGE ( 'NONE', *, *, #3953, .F. ) ;
#4957 = VECTOR ( 'NONE', #813, 1000.000000000000000 ) ;
#4958 = ORIENTED_EDGE ( 'NONE', *, *, #4516, .F. ) ;
#4959 = FACE_OUTER_BOUND ( 'NONE', #455, .T. ) ;
#4960 = CARTESIAN_POINT ( 'NONE',  ( -3329.999999999977263, 130.0000000000227942, 22.00000000000002132 ) ) ;
#4961 = CARTESIAN_POINT ( 'NONE',  ( -3843.999999999977263, 85.00000000002273737, 502.0000000000000000 ) ) ;
#4962 = PRODUCT_DEFINITION_FORMATION_WITH_SPECIFIED_SOURCE ( '任何', '', #3398, .NOT_KNOWN. ) ;
#4963 = ORIENTED_EDGE ( 'NONE', *, *, #5137, .T. ) ;
#4964 = EDGE_CURVE ( 'NONE', #3342, #1945, #1369, .T. ) ;
#4965 = VECTOR ( 'NONE', #1810, 1000.000000000000000 ) ;
#4966 = ORIENTED_EDGE ( 'NONE', *, *, #5382, .T. ) ;
#4967 = ORIENTED_EDGE ( 'NONE', *, *, #485, .F. ) ;
#4968 = DIRECTION ( 'NONE',  ( -1.000000000000000000, -2.489289292881517190E-16, 0.000000000000000000 ) ) ;
#4969 = CARTESIAN_POINT ( 'NONE',  ( 1.925543058334255875E-13, 334.9999999999999432, 15.00000000000000000 ) ) ;
#4970 = DIRECTION ( 'NONE',  ( -0.000000000000000000, -0.000000000000000000, -1.000000000000000000 ) ) ;
#4971 = ADVANCED_FACE ( 'NONE', ( #5101 ), #5693, .F. ) ;
#4972 = VERTEX_POINT ( 'NONE', #2612 ) ;
#4973 = ORIENTED_EDGE ( 'NONE', *, *, #358, .T. ) ;
#4974 = DIRECTION ( 'NONE',  ( 0.000000000000000000, -1.000000000000000000, 0.000000000000000000 ) ) ;
#4975 = ORIENTED_EDGE ( 'NONE', *, *, #3298, .F. ) ;
#4976 = EDGE_CURVE ( 'NONE', #4741, #2241, #4818, .T. ) ;
#4977 = ORIENTED_EDGE ( 'NONE', *, *, #641, .F. ) ;
#4978 = ORIENTED_EDGE ( 'NONE', *, *, #4854, .F. ) ;
#4979 = DIRECTION ( 'NONE',  ( -0.000000000000000000, -1.000000000000000000, -0.000000000000000000 ) ) ;
#4980 = ORIENTED_EDGE ( 'NONE', *, *, #3566, .T. ) ;
#4981 = DIRECTION ( 'NONE',  ( 1.000000000000000000, 0.000000000000000000, 0.000000000000000000 ) ) ;
#4982 = PRODUCT_DEFINITION_SHAPE ( 'NONE', 'NONE',  #2998 ) ;
#4983 = CARTESIAN_POINT ( 'NONE',  ( -3884.099999999977626, 2244.750000000022737, 591.9500000000002728 ) ) ;
#4984 = CARTESIAN_POINT ( 'NONE',  ( -3869.999999999976808, 964.0000000001497256, 580.0000000000000000 ) ) ;
#4985 = VERTEX_POINT ( 'NONE', #4363 ) ;
#4986 = CIRCLE ( 'NONE', #1261, 8.000000000000007105 ) ;
#4987 = EDGE_CURVE ( 'NONE', #4628, #2141, #3902, .T. ) ;
#4988 = AXIS2_PLACEMENT_3D ( 'NONE', #4735, #3800, #4228 ) ;
#4989 = DIRECTION ( 'NONE',  ( 0.000000000000000000, 1.000000000000000000, 0.000000000000000000 ) ) ;
#4990 = EDGE_LOOP ( 'NONE', ( #4822, #2068, #3506, #2970 ) ) ;
#4991 = LINE ( 'NONE', #2656, #1403 ) ;
#4992 = DIRECTION ( 'NONE',  ( 0.000000000000000000, 0.000000000000000000, -1.000000000000000000 ) ) ;
#4993 = CC_DESIGN_APPROVAL ( #1983, ( #180 ) ) ;
#4994 = CARTESIAN_POINT ( 'NONE',  ( -1.336379566678666102E-14, 130.0000000000231637, 557.9999999999998863 ) ) ;
#4995 = VECTOR ( 'NONE', #357, 1000.000000000000000 ) ;
#4996 = ADVANCED_FACE ( 'NONE', ( #5594 ), #2909, .F. ) ;
#4997 = EDGE_CURVE ( 'NONE', #4695, #5671, #4674, .T. ) ;
#4998 = CONTEXT_DEPENDENT_SHAPE_REPRESENTATION ( #1702, #4787 ) ;
#4999 = DIRECTION ( 'NONE',  ( -0.000000000000000000, -1.000000000000000000, -0.000000000000000000 ) ) ;
#5000 = LINE ( 'NONE', #4492, #1412 ) ;
#5001 = DIRECTION ( 'NONE',  ( 0.000000000000000000, -1.000000000000000000, 0.000000000000000000 ) ) ;
#5002 = ADVANCED_BREP_SHAPE_REPRESENTATION ( '', ( #3602, #3190 ), #2176 ) ;
#5003 = CARTESIAN_POINT ( 'NONE',  ( -3353.999999999976808, 2.273181642920008017E-11, 529.0000000000001137 ) ) ;
#5004 = PERSON_AND_ORGANIZATION ( #724, #4157 ) ;
#5005 = DIRECTION ( 'NONE',  ( 0.000000000000000000, -0.000000000000000000, -1.000000000000000000 ) ) ;
#5006 = EDGE_CURVE ( 'NONE', #1834, #1979, #4176, .T. ) ;
#5007 = DIRECTION ( 'NONE',  ( 0.000000000000000000, 0.000000000000000000, -1.000000000000000000 ) ) ;
#5008 = ORIENTED_EDGE ( 'NONE', *, *, #2628, .T. ) ;
#5009 = DIRECTION ( 'NONE',  ( -1.000000000000000000, -0.000000000000000000, -0.000000000000000000 ) ) ;
#5010 = APPROVAL_PERSON_ORGANIZATION ( #1422, #1562, #4653 ) ;
#5011 = DIRECTION ( 'NONE',  ( 0.000000000000000000, -1.000000000000000000, 0.000000000000000000 ) ) ;
#5012 = LINE ( 'NONE', #1739, #3954 ) ;
#5013 = CARTESIAN_POINT ( 'NONE',  ( 0.000000000000000000, 1428.000000000077762, 22.00000000000002132 ) ) ;
#5014 = AXIS2_PLACEMENT_3D ( 'NONE', #1853, #1978, #5005 ) ;
#5015 = DIRECTION ( 'NONE',  ( 0.000000000000000000, 0.000000000000000000, -1.000000000000000000 ) ) ;
#5016 = FACE_OUTER_BOUND ( 'NONE', #423, .T. ) ;
#5017 = DIRECTION ( 'NONE',  ( -0.000000000000000000, -0.000000000000000000, 1.000000000000000000 ) ) ;
#5018 = ORIENTED_EDGE ( 'NONE', *, *, #4805, .T. ) ;
#5019 = CARTESIAN_POINT ( 'NONE',  ( -3843.999999999977263, 85.00000000002273737, 502.0000000000000000 ) ) ;
#5020 = VECTOR ( 'NONE', #102, 1000.000000000000000 ) ;
#5021 = EDGE_CURVE ( 'NONE', #4533, #3424, #1935, .T. ) ;
#5022 = LINE ( 'NONE', #3354, #1851 ) ;
#5023 = AXIS2_PLACEMENT_3D ( 'NONE', #2482, #2623, #1285 ) ;
#5024 = CARTESIAN_POINT ( 'NONE',  ( 0.000000000000000000, 0.000000000000000000, -279.0000000000000000 ) ) ;
#5025 = VERTEX_POINT ( 'NONE', #2591 ) ;
#5026 = DIRECTION ( 'NONE',  ( 0.000000000000000000, 1.000000000000000000, 0.000000000000000000 ) ) ;
#5027 = CIRCLE ( 'NONE', #936, 6.499999999999999112 ) ;
#5028 = ORIENTED_EDGE ( 'NONE', *, *, #5163, .F. ) ;
#5029 = ADVANCED_FACE ( 'NONE', ( #3760 ), #5275, .T. ) ;
#5030 = LINE ( 'NONE', #5782, #108 ) ;
#5031 = DIRECTION ( 'NONE',  ( -0.000000000000000000, 1.000000000000000000, -0.000000000000000000 ) ) ;
#5032 = VERTEX_POINT ( 'NONE', #3948 ) ;
#5033 = AXIS2_PLACEMENT_3D ( 'NONE', #3125, #4045, #1355 ) ;
#5034 = VERTEX_POINT ( 'NONE', #1705 ) ;
#5035 = CARTESIAN_POINT ( 'NONE',  ( -297.4999999999999432, -223.0000000000000000, 309.0000000000000568 ) ) ;
#5036 = ORIENTED_EDGE ( 'NONE', *, *, #2868, .F. ) ;
#5037 = CARTESIAN_POINT ( 'NONE',  ( -3869.999999999976808, 1410.000000000276486, 580.0000000000000000 ) ) ;
#5038 = VERTEX_POINT ( 'NONE', #4849 ) ;
#5039 = ORIENTED_EDGE ( 'NONE', *, *, #5649, .F. ) ;
#5040 = ORIENTED_EDGE ( 'NONE', *, *, #1723, .F. ) ;
#5041 = CARTESIAN_POINT ( 'NONE',  ( -3899.999999999977263, 100.0000000000227374, 557.9999999999998863 ) ) ;
#5042 = ORIENTED_EDGE ( 'NONE', *, *, #5452, .F. ) ;
#5043 = CC_DESIGN_PERSON_AND_ORGANIZATION_ASSIGNMENT ( #3459, #4866, ( #5645 ) ) ;
#5044 = EDGE_CURVE ( 'NONE', #3059, #1809, #2286, .T. ) ;
#5045 = CARTESIAN_POINT ( 'NONE',  ( -3843.999999999977263, 85.00000000002273737, 109.0000000000001279 ) ) ;
#5046 = ORIENTED_EDGE ( 'NONE', *, *, #4482, .F. ) ;
#5047 = ORIENTED_EDGE ( 'NONE', *, *, #5204, .F. ) ;
#5048 = DIRECTION ( 'NONE',  ( -0.000000000000000000, -0.000000000000000000, -1.000000000000000000 ) ) ;
#5049 = EDGE_LOOP ( 'NONE', ( #814, #4881 ) ) ;
#5050 = AXIS2_PLACEMENT_3D ( 'NONE', #1427, #2405, #3201 ) ;
#5051 = EDGE_LOOP ( 'NONE', ( #912, #531, #3149, #2130 ) ) ;
#5052 = FACE_OUTER_BOUND ( 'NONE', #2305, .T. ) ;
#5053 = DIRECTION ( 'NONE',  ( 0.000000000000000000, 0.000000000000000000, 1.000000000000000000 ) ) ;
#5054 = ADVANCED_FACE ( 'NONE', ( #4390, #5742 ), #774, .T. ) ;
#5055 = DIRECTION ( 'NONE',  ( -1.000000000000000000, -0.000000000000000000, -1.137523590804460371E-16 ) ) ;
#5056 = AXIS2_PLACEMENT_3D ( 'NONE', #1471, #147, #4183 ) ;
#5057 = DIRECTION ( 'NONE',  ( -0.000000000000000000, 1.000000000000000000, -0.000000000000000000 ) ) ;
#5058 = DIRECTION ( 'NONE',  ( 0.000000000000000000, -1.000000000000000000, 0.000000000000000000 ) ) ;
#5059 = ORIENTED_EDGE ( 'NONE', *, *, #4666, .T. ) ;
#5060 = LINE ( 'NONE', #4690, #2181 ) ;
#5061 = DIRECTION ( 'NONE',  ( -0.000000000000000000, 1.000000000000000000, -0.000000000000000000 ) ) ;
#5062 = CARTESIAN_POINT ( 'NONE',  ( 15.90000000000019575, -365.0000000000000000, 15.90000000000000036 ) ) ;
#5063 = EDGE_CURVE ( 'NONE', #1386, #3836, #668, .T. ) ;
#5064 = FACE_OUTER_BOUND ( 'NONE', #4172, .T. ) ;
#5065 = AXIS2_PLACEMENT_3D ( 'NONE', #2812, #2795, #1957 ) ;
#5066 = LOCAL_TIME ( 20, 46, 49.00000000000000000, #2387 ) ;
#5067 = CARTESIAN_POINT ( 'NONE',  ( -3894.799999999977445, 1515.250000000022737, 580.0000000000000000 ) ) ;
#5068 = DIRECTION ( 'NONE',  ( 0.000000000000000000, 0.000000000000000000, 1.000000000000000000 ) ) ;
#5069 = PERSON_AND_ORGANIZATION ( #724, #4157 ) ;
#5070 = APPROVAL_DATE_TIME ( #2254, #4020 ) ;
#5071 = VECTOR ( 'NONE', #659, 1000.000000000000000 ) ;
#5072 = UNCERTAINTY_MEASURE_WITH_UNIT (LENGTH_MEASURE( 1.000000000000000082E-05 ), #2429, 'distance_accuracy_value', 'NONE');
#5073 = PRODUCT_DEFINITION ( '未知', '', #4962, #3002 ) ;
#5074 = PLANE ( 'NONE',  #1941 ) ;
#5075 = EDGE_CURVE ( 'NONE', #771, #2093, #3205, .T. ) ;
#5076 = ORIENTED_EDGE ( 'NONE', *, *, #5577, .T. ) ;
#5077 = DIRECTION ( 'NONE',  ( -1.000000000000000000, 0.000000000000000000, 0.000000000000000000 ) ) ;
#5078 = PERSON_AND_ORGANIZATION ( #724, #4157 ) ;
#5079 = PLANE ( 'NONE',  #5543 ) ;
#5080 = VECTOR ( 'NONE', #1847, 1000.000000000000000 ) ;
#5081 = CARTESIAN_POINT ( 'NONE',  ( -3300.000000000011369, 453.0000000000229079, 530.9999999999998863 ) ) ;
#5082 = ORIENTED_EDGE ( 'NONE', *, *, #1554, .F. ) ;
#5083 = APPROVAL_PERSON_ORGANIZATION ( #4230, #1983, #3866 ) ;
#5084 = EDGE_CURVE ( 'NONE', #5148, #5341, #1507, .T. ) ;
#5085 = VECTOR ( 'NONE', #2518, 1000.000000000000000 ) ;
#5086 = ADVANCED_FACE ( 'NONE', ( #3967 ), #3914, .F. ) ;
#5087 = ORIENTED_EDGE ( 'NONE', *, *, #3269, .T. ) ;
#5088 = VECTOR ( 'NONE', #4571, 1000.000000000000000 ) ;
#5089 = FACE_BOUND ( 'NONE', #886, .T. ) ;
#5090 = APPLICATION_CONTEXT ( 'configuration controlled 3d designs of mechanical parts and assemblies' ) ;
#5091 = AXIS2_PLACEMENT_3D ( 'NONE', #176, #1057, #3376 ) ;
#5092 = ORIENTED_EDGE ( 'NONE', *, *, #213, .T. ) ;
#5093 = CARTESIAN_POINT ( 'NONE',  ( -3884.099999999977626, 1894.750000000022510, 591.9500000000002728 ) ) ;
#5094 = LINE ( 'NONE', #2300, #5737 ) ;
#5095 = CARTESIAN_POINT ( 'NONE',  ( 15.00000000000019362, 470.0000000000000000, 15.00000000000000000 ) ) ;
#5096 = FACE_OUTER_BOUND ( 'NONE', #1823, .T. ) ;
#5097 = CARTESIAN_POINT ( 'NONE',  ( 1.953311644640028390E-13, 365.0000000000000000, 15.00000000000000000 ) ) ;
#5098 = DIRECTION ( 'NONE',  ( -0.000000000000000000, 0.000000000000000000, -1.000000000000000000 ) ) ;
#5099 = EDGE_LOOP ( 'NONE', ( #3285, #2577, #303, #2103, #738, #4048, #977, #2850, #3107, #313, #2499, #5524, #2961, #3219, #5320, #1737 ) ) ;
#5100 = EDGE_CURVE ( 'NONE', #1964, #1588, #2485, .T. ) ;
#5101 = FACE_OUTER_BOUND ( 'NONE', #2789, .T. ) ;
#5102 = ORIENTED_EDGE ( 'NONE', *, *, #4987, .T. ) ;
#5103 = AXIS2_PLACEMENT_3D ( 'NONE', #2544, #2120, #5660 ) ;
#5104 = DIRECTION ( 'NONE',  ( 0.000000000000000000, 0.000000000000000000, 1.000000000000000000 ) ) ;
#5105 = VECTOR ( 'NONE', #4970, 1000.000000000000000 ) ;
#5106 = DIRECTION ( 'NONE',  ( 0.000000000000000000, 1.000000000000000000, 0.000000000000000000 ) ) ;
#5107 = ORIENTED_EDGE ( 'NONE', *, *, #2316, .T. ) ;
#5108 = LINE ( 'NONE', #498, #4965 ) ;
#5109 = ORIENTED_EDGE ( 'NONE', *, *, #4553, .F. ) ;
#5110 = ORIENTED_EDGE ( 'NONE', *, *, #3980, .F. ) ;
#5111 = DIRECTION ( 'NONE',  ( 0.000000000000000000, -1.000000000000000000, 0.000000000000000000 ) ) ;
#5112 = AXIS2_PLACEMENT_3D ( 'NONE', #2353, #1866, #5068 ) ;
#5113 = EDGE_CURVE ( 'NONE', #5757, #4687, #4880, .T. ) ;
#5114 = ORIENTED_EDGE ( 'NONE', *, *, #1593, .T. ) ;
#5115 = VERTEX_POINT ( 'NONE', #422 ) ;
#5116 = ORIENTED_EDGE ( 'NONE', *, *, #1735, .T. ) ;
#5117 = CARTESIAN_POINT ( 'NONE',  ( 15.90000000000019575, 468.5000000000000000, 22.39999999999999858 ) ) ;
#5118 = ADVANCED_FACE ( 'NONE', ( #2558 ), #3564, .T. ) ;
#5119 = DIRECTION ( 'NONE',  ( 0.000000000000000000, 0.000000000000000000, 1.000000000000000000 ) ) ;
#5120 = ORIENTED_EDGE ( 'NONE', *, *, #3548, .T. ) ;
#5121 = PLANE ( 'NONE',  #2895 ) ;
#5122 = EDGE_CURVE ( 'NONE', #21, #124, #3753, .T. ) ;
#5123 = DIRECTION ( 'NONE',  ( 2.489289292881517190E-16, -1.000000000000000000, 0.000000000000000000 ) ) ;
#5124 = ORIENTED_EDGE ( 'NONE', *, *, #1425, .T. ) ;
#5125 = CARTESIAN_POINT ( 'NONE',  ( -3894.799999999977445, 2244.750000000022737, 580.0000000000000000 ) ) ;
#5126 = DIRECTION ( 'NONE',  ( -1.000000000000000000, -2.055968564120661748E-16, -0.000000000000000000 ) ) ;
#5127 = AXIS2_PLACEMENT_3D ( 'NONE', #4247, #1090, #5617 ) ;
#5128 = CARTESIAN_POINT ( 'NONE',  ( 15.90000000000019575, 468.5000000000000000, 9.400000000000002132 ) ) ;
#5129 = ORIENTED_EDGE ( 'NONE', *, *, #372, .F. ) ;
#5130 = VECTOR ( 'NONE', #5384, 1000.000000000000000 ) ;
#5131 = DIRECTION ( 'NONE',  ( 0.000000000000000000, 1.000000000000000000, 0.000000000000000000 ) ) ;
#5132 = DIRECTION ( 'NONE',  ( 0.000000000000000000, 0.000000000000000000, 1.000000000000000000 ) ) ;
#5133 = CARTESIAN_POINT ( 'NONE',  ( -3843.999999999977263, 15.00000000002273204, 502.0000000000000000 ) ) ;
#5134 = ORIENTED_EDGE ( 'NONE', *, *, #5021, .F. ) ;
#5135 = LINE ( 'NONE', #990, #3937 ) ;
#5136 = DIRECTION ( 'NONE',  ( 0.000000000000000000, 0.000000000000000000, 1.000000000000000000 ) ) ;
#5137 = EDGE_CURVE ( 'NONE', #262, #3453, #1439, .T. ) ;
#5138 = AXIS2_PLACEMENT_3D ( 'NONE', #3770, #5111, #3325 ) ;
#5139 = DIRECTION ( 'NONE',  ( 0.000000000000000000, 0.000000000000000000, 1.000000000000000000 ) ) ;
#5140 = CYLINDRICAL_SURFACE ( 'NONE', #5445, 20.00000000000018474 ) ;
#5141 = CARTESIAN_POINT ( 'NONE',  ( -3886.799999999977445, 1865.250000000022510, 596.7999999999999545 ) ) ;
#5142 = APPROVAL_PERSON_ORGANIZATION ( #2604, #193, #3057 ) ;
#5143 = VECTOR ( 'NONE', #1743, 1000.000000000000000 ) ;
#5144 = DIRECTION ( 'NONE',  ( 0.000000000000000000, -0.000000000000000000, -1.000000000000000000 ) ) ;
#5145 = EDGE_CURVE ( 'NONE', #1804, #3974, #4460, .T. ) ;
#5146 = ADVANCED_FACE ( 'NONE', ( #5243 ), #3163, .T. ) ;
#5147 = AXIS2_PLACEMENT_3D ( 'NONE', #3247, #186, #1952 ) ;
#5148 = VERTEX_POINT ( 'NONE', #900 ) ;
#5149 = PERSON_AND_ORGANIZATION ( #724, #4157 ) ;
#5150 = FACE_OUTER_BOUND ( 'NONE', #1533, .T. ) ;
#5151 = PLANE ( 'NONE',  #2101 ) ;
#5152 = APPLICATION_CONTEXT ( 'configuration controlled 3d designs of mechanical parts and assemblies' ) ;
#5153 = VERTEX_POINT ( 'NONE', #458 ) ;
#5154 = PERSON_AND_ORGANIZATION ( #724, #4157 ) ;
#5155 = CC_DESIGN_PERSON_AND_ORGANIZATION_ASSIGNMENT ( #5497, #5198, ( #2057 ) ) ;
#5156 = CARTESIAN_POINT ( 'NONE',  ( -3353.999999999976808, 2.273181642920008017E-11, 502.0000000000000000 ) ) ;
#5157 = CYLINDRICAL_SURFACE ( 'NONE', #3958, 20.00000000000018474 ) ;
#5158 = EDGE_CURVE ( 'NONE', #1632, #2124, #2412, .T. ) ;
#5159 = DIRECTION ( 'NONE',  ( 0.000000000000000000, 1.000000000000000000, 0.000000000000000000 ) ) ;
#5160 = CARTESIAN_POINT ( 'NONE',  ( -3869.999999999977263, 2215.250000000022737, 596.7999999999999545 ) ) ;
#5161 = CIRCLE ( 'NONE', #3589, 5.000000000000000888 ) ;
#5162 = EDGE_LOOP ( 'NONE', ( #1250, #4383, #1084, #3765 ) ) ;
#5163 = EDGE_CURVE ( 'NONE', #479, #3634, #246, .T. ) ;
#5164 = DIRECTION ( 'NONE',  ( 0.000000000000000000, 0.000000000000000000, 1.000000000000000000 ) ) ;
#5165 = FACE_OUTER_BOUND ( 'NONE', #5599, .T. ) ;
#5166 = DIRECTION ( 'NONE',  ( 0.000000000000000000, -0.000000000000000000, -1.000000000000000000 ) ) ;
#5167 = DIRECTION ( 'NONE',  ( -0.000000000000000000, 1.000000000000000000, -0.000000000000000000 ) ) ;
#5168 = ORIENTED_EDGE ( 'NONE', *, *, #5555, .F. ) ;
#5169 = VECTOR ( 'NONE', #4416, 1000.000000000000000 ) ;
#5170 = ORIENTED_EDGE ( 'NONE', *, *, #583, .T. ) ;
#5171 = PERSON_AND_ORGANIZATION_ROLE ( 'classification_officer' ) ;
#5172 = LINE ( 'NONE', #4336, #2837 ) ;
#5173 = AXIS2_PLACEMENT_3D ( 'NONE', #2863, #5588, #208 ) ;
#5174 = CARTESIAN_POINT ( 'NONE',  ( 15.00000000000019362, 334.9999999999999432, 0.000000000000000000 ) ) ;
#5175 = VERTEX_POINT ( 'NONE', #4480 ) ;
#5176 = ADVANCED_FACE ( 'NONE', ( #2281 ), #1320, .F. ) ;
#5177 = CARTESIAN_POINT ( 'NONE',  ( -300.0000000000001705, -184.0000000000000000, 0.000000000000000000 ) ) ;
#5178 = CIRCLE ( 'NONE', #1631, 6.450000000000001066 ) ;
#5179 = ORIENTED_EDGE ( 'NONE', *, *, #601, .T. ) ;
#5180 = DIRECTION ( 'NONE',  ( 1.000000000000000000, 0.000000000000000000, -0.000000000000000000 ) ) ;
#5181 = ORIENTED_EDGE ( 'NONE', *, *, #3474, .T. ) ;
#5182 = CARTESIAN_POINT ( 'NONE',  ( -3843.999999999977263, 2.273181642920008017E-11, 82.00000000000001421 ) ) ;
#5183 = EDGE_CURVE ( 'NONE', #4190, #98, #2979, .T. ) ;
#5184 = ORIENTED_EDGE ( 'NONE', *, *, #1536, .T. ) ;
#5185 = AXIS2_PLACEMENT_3D ( 'NONE', #2757, #526, #547 ) ;
#5186 = EDGE_LOOP ( 'NONE', ( #770, #1881, #2165, #2570 ) ) ;
#5187 = VERTEX_POINT ( 'NONE', #3148 ) ;
#5188 = ORIENTED_EDGE ( 'NONE', *, *, #4929, .F. ) ;
#5189 = MANIFOLD_SOLID_BREP ( '阵列(线性)3', #3830 ) ;
#5190 = CARTESIAN_POINT ( 'NONE',  ( -3843.999999999977263, 15.00000000002273204, 61.99999999999982947 ) ) ;
#5191 = DIRECTION ( 'NONE',  ( 0.000000000000000000, -0.000000000000000000, 1.000000000000000000 ) ) ;
#5192 = VERTEX_POINT ( 'NONE', #4951 ) ;
#5193 = ORIENTED_EDGE ( 'NONE', *, *, #5331, .T. ) ;
#5194 = DIRECTION ( 'NONE',  ( 1.000000000000000000, 1.244644646440758595E-16, -0.000000000000000000 ) ) ;
#5195 = CARTESIAN_POINT ( 'NONE',  ( -250.4999999999998863, -22.99999999999997868, 0.000000000000000000 ) ) ;
#5196 = PRODUCT_RELATED_PRODUCT_CATEGORY ( 'detail', '', ( #2117 ) ) ;
#5197 = EDGE_CURVE ( 'NONE', #1949, #4096, #2634, .T. ) ;
#5198 = PERSON_AND_ORGANIZATION_ROLE ( 'creator' ) ;
#5199 = EDGE_LOOP ( 'NONE', ( #2352, #4892, #4714, #5456 ) ) ;
#5200 = CARTESIAN_POINT ( 'NONE',  ( -3843.999999999977263, 2.273181642920008017E-11, 82.00000000000001421 ) ) ;
#5201 = PLANE ( 'NONE',  #4559 ) ;
#5202 = ORIENTED_EDGE ( 'NONE', *, *, #4526, .T. ) ;
#5203 = LINE ( 'NONE', #5553, #3997 ) ;
#5204 = EDGE_CURVE ( 'NONE', #254, #5175, #5027, .T. ) ;
#5205 = DIRECTION ( 'NONE',  ( -1.000000000000000000, 0.000000000000000000, -1.137523590804460371E-16 ) ) ;
#5206 = ORIENTED_EDGE ( 'NONE', *, *, #4432, .T. ) ;
#5207 = VECTOR ( 'NONE', #2896, 1000.000000000000000 ) ;
#5208 = CARTESIAN_POINT ( 'NONE',  ( 268.4999999999999432, 60.99999999999999289, 0.000000000000000000 ) ) ;
#5209 = ADVANCED_FACE ( 'NONE', ( #5662, #1363 ), #1373, .T. ) ;
#5210 = AXIS2_PLACEMENT_3D ( 'NONE', #2207, #5823, #1695 ) ;
#5211 = PLANE ( 'NONE',  #4415 ) ;
#5212 = LINE ( 'NONE', #3006, #496 ) ;
#5213 = PERSON_AND_ORGANIZATION_ROLE ( 'design_supplier' ) ;
#5214 = APPROVAL_PERSON_ORGANIZATION ( #3734, #1388, #3204 ) ;
#5215 = EDGE_CURVE ( 'NONE', #3853, #1444, #4034, .T. ) ;
#5216 = AXIS2_PLACEMENT_3D ( 'NONE', #4570, #1888, #2820 ) ;
#5217 = PLANE ( 'NONE',  #2415 ) ;
#5218 = LOCAL_TIME ( 20, 46, 49.00000000000000000, #3530 ) ;
#5219 = DIRECTION ( 'NONE',  ( 0.000000000000000000, 0.000000000000000000, 1.000000000000000000 ) ) ;
#5220 = CALENDAR_DATE ( 2026, 1, 6 ) ;
#5221 = VECTOR ( 'NONE', #3023, 1000.000000000000000 ) ;
#5222 = CARTESIAN_POINT ( 'NONE',  ( -3329.999999999977263, -6.572520305780882291E-13, 580.0000000000000000 ) ) ;
#5223 = ORIENTED_EDGE ( 'NONE', *, *, #4929, .T. ) ;
#5224 = COORDINATED_UNIVERSAL_TIME_OFFSET ( 8, 0, .AHEAD. ) ;
#5225 = FACE_OUTER_BOUND ( 'NONE', #4952, .T. ) ;
#5226 = CARTESIAN_POINT ( 'NONE',  ( -3353.999999999976808, 100.0000000000227374, 502.0000000000000000 ) ) ;
#5227 = CC_DESIGN_PERSON_AND_ORGANIZATION_ASSIGNMENT ( #1699, #2391, ( #610 ) ) ;
#5228 = PERSON_AND_ORGANIZATION ( #724, #4157 ) ;
#5229 = CARTESIAN_POINT ( 'NONE',  ( 15.90000000000019575, 468.5000000000000000, 15.90000000000000036 ) ) ;
#5230 = VECTOR ( 'NONE', #1466, 1000.000000000000000 ) ;
#5231 = SECURITY_CLASSIFICATION_LEVEL ( 'unclassified' ) ;
#5232 = ORIENTED_EDGE ( 'NONE', *, *, #2069, .T. ) ;
#5233 = CC_DESIGN_DATE_AND_TIME_ASSIGNMENT ( #433, #5447, ( #4203 ) ) ;
#5234 = CARTESIAN_POINT ( 'NONE',  ( -3899.999999999977263, 0.000000000000000000, 0.000000000000000000 ) ) ;
#5235 = LINE ( 'NONE', #4299, #1711 ) ;
#5236 = ADVANCED_FACE ( 'NONE', ( #4810 ), #3339, .T. ) ;
#5237 = EDGE_CURVE ( 'NONE', #5684, #3268, #1786, .T. ) ;
#5238 = CARTESIAN_POINT ( 'NONE',  ( -3869.999999999976808, 500.0000000000228511, 580.0000000000000000 ) ) ;
#5239 = VECTOR ( 'NONE', #3451, 1000.000000000000000 ) ;
#5240 = DIRECTION ( 'NONE',  ( -1.973729821555833987E-16, 1.000000000000000000, 0.000000000000000000 ) ) ;
#5241 = DIRECTION ( 'NONE',  ( 0.000000000000000000, 0.000000000000000000, 1.000000000000000000 ) ) ;
#5242 = ORIENTED_EDGE ( 'NONE', *, *, #3359, .F. ) ;
#5243 = FACE_OUTER_BOUND ( 'NONE', #3044, .T. ) ;
#5244 = DIRECTION ( 'NONE',  ( -1.973729821555833987E-16, 1.000000000000000000, 0.000000000000000000 ) ) ;
#5245 = VECTOR ( 'NONE', #2461, 1000.000000000000000 ) ;
#5246 = CARTESIAN_POINT ( 'NONE',  ( -3353.999999999976808, 15.00000000002273204, 502.0000000000000000 ) ) ;
#5247 = VERTEX_POINT ( 'NONE', #4552 ) ;
#5248 = CARTESIAN_POINT ( 'NONE',  ( -27.99999999999998934, -334.9999999999999432, 22.00000000000000000 ) ) ;
#5249 = FACE_OUTER_BOUND ( 'NONE', #1813, .T. ) ;
#5250 = ORIENTED_EDGE ( 'NONE', *, *, #4496, .F. ) ;
#5251 = FACE_OUTER_BOUND ( 'NONE', #3296, .T. ) ;
#5252 = DIRECTION ( 'NONE',  ( 1.000000000000000000, 0.000000000000000000, -0.000000000000000000 ) ) ;
#5253 = CARTESIAN_POINT ( 'NONE',  ( 297.4999999999999432, 223.0000000000000000, 309.0000000000000568 ) ) ;
#5254 = ORIENTED_EDGE ( 'NONE', *, *, #5475, .F. ) ;
#5255 = PERSON_AND_ORGANIZATION_ROLE ( 'creator' ) ;
#5256 = EDGE_LOOP ( 'NONE', ( #974, #3713, #3480, #341 ) ) ;
#5257 = ORIENTED_EDGE ( 'NONE', *, *, #2026, .T. ) ;
#5258 = AXIS2_PLACEMENT_3D ( 'NONE', #2395, #4219, #4163 ) ;
#5259 = CARTESIAN_POINT ( 'NONE',  ( -3353.999999999976808, 15.00000000002273204, 82.00000000000001421 ) ) ;
#5260 = DIRECTION ( 'NONE',  ( 0.000000000000000000, 0.000000000000000000, 1.000000000000000000 ) ) ;
#5261 = CARTESIAN_POINT ( 'NONE',  ( -3353.999999999976808, 85.00000000002273737, 502.0000000000000000 ) ) ;
#5262 = ORIENTED_EDGE ( 'NONE', *, *, #112, .T. ) ;
#5263 = EDGE_LOOP ( 'NONE', ( #264, #2380, #985, #3971 ) ) ;
#5264 = CARTESIAN_POINT ( 'NONE',  ( 297.4999999999999432, 223.0000000000000000, 279.0000000000000000 ) ) ;
#5265 = ORIENTED_EDGE ( 'NONE', *, *, #3904, .F. ) ;
#5266 = EDGE_CURVE ( 'NONE', #2279, #4835, #1018, .T. ) ;
#5267 = CARTESIAN_POINT ( 'NONE',  ( 0.000000000000000000, 1907.999999999993179, 580.0000000000000000 ) ) ;
#5268 = ORIENTED_EDGE ( 'NONE', *, *, #183, .F. ) ;
#5269 = ORIENTED_EDGE ( 'NONE', *, *, #2888, .T. ) ;
#5270 = ORIENTED_EDGE ( 'NONE', *, *, #93, .T. ) ;
#5271 = PLANE ( 'NONE',  #3607 ) ;
#5272 = CC_DESIGN_PERSON_AND_ORGANIZATION_ASSIGNMENT ( #3733, #3505, ( #450 ) ) ;
#5273 = EDGE_CURVE ( 'NONE', #4494, #3073, #5094, .T. ) ;
#5274 = SECURITY_CLASSIFICATION_LEVEL ( 'unclassified' ) ;
#5275 = PLANE ( 'NONE',  #2205 ) ;
#5276 = EDGE_LOOP ( 'NONE', ( #2661, #2292, #5807, #4894 ) ) ;
#5277 = FACE_OUTER_BOUND ( 'NONE', #1508, .T. ) ;
#5278 = EDGE_CURVE ( 'NONE', #4374, #5825, #737, .T. ) ;
#5279 = VECTOR ( 'NONE', #3210, 1000.000000000000000 ) ;
#5280 = DIRECTION ( 'NONE',  ( 0.000000000000000000, -1.000000000000000000, 0.000000000000000000 ) ) ;
#5281 = VECTOR ( 'NONE', #5548, 1000.000000000000000 ) ;
#5282 = ORGANIZATION ( 'NAUO-ORG1', 'UNSPECIFIED', 'UNSPECIFIED' ) ;
#5283 = DIRECTION ( 'NONE',  ( -0.000000000000000000, -1.000000000000000000, -0.000000000000000000 ) ) ;
#5284 = LINE ( 'NONE', #1366, #5143 ) ;
#5285 = DIRECTION ( 'NONE',  ( 1.137523590804460371E-16, 0.000000000000000000, -1.000000000000000000 ) ) ;
#5286 = PERSON_AND_ORGANIZATION_ROLE ( 'classification_officer' ) ;
#5287 = ORIENTED_EDGE ( 'NONE', *, *, #1465, .T. ) ;
#5288 = CALENDAR_DATE ( 2026, 1, 6 ) ;
#5289 = CARTESIAN_POINT ( 'NONE',  ( 0.000000000000000000, 0.000000000000000000, 557.9999999999998863 ) ) ;
#5290 = CIRCLE ( 'NONE', #2125, 20.00000000000018474 ) ;
#5291 = CARTESIAN_POINT ( 'NONE',  ( -3877.999999999977263, 1865.250000000022510, 604.7999999999999545 ) ) ;
#5292 = EDGE_CURVE ( 'NONE', #1731, #4257, #4668, .T. ) ;
#5293 = AXIS2_PLACEMENT_3D ( 'NONE', #2256, #4474, #5427 ) ;
#5294 = CARTESIAN_POINT ( 'NONE',  ( 0.000000000000000000, 0.000000000000000000, 0.000000000000000000 ) ) ;
#5295 = EDGE_LOOP ( 'NONE', ( #1223, #2226, #817, #1158 ) ) ;
#5296 = CARTESIAN_POINT ( 'NONE',  ( 0.000000000000000000, 0.000000000000000000, 580.0000000000000000 ) ) ;
#5297 = SHAPE_DEFINITION_REPRESENTATION ( #5361, #4809 ) ;
#5298 = CIRCLE ( 'NONE', #1282, 15.00000000000000000 ) ;
#5299 = DIRECTION ( 'NONE',  ( -1.000000000000000000, 1.033727211010387736E-16, 0.000000000000000000 ) ) ;
#5300 = PRODUCT_RELATED_PRODUCT_CATEGORY ( 'detail', '', ( #610 ) ) ;
#5301 = CIRCLE ( 'NONE', #2374, 5.000000000000000888 ) ;
#5302 = EDGE_CURVE ( 'NONE', #1559, #157, #40, .T. ) ;
#5303 = CARTESIAN_POINT ( 'NONE',  ( -3843.999999999977263, 2.273181642920008017E-11, 82.00000000000001421 ) ) ;
#5304 = ORIENTED_EDGE ( 'NONE', *, *, #2888, .F. ) ;
#5305 = CARTESIAN_POINT ( 'NONE',  ( -3353.999999999976808, 100.0000000000227374, 82.00000000000001421 ) ) ;
#5306 = VECTOR ( 'NONE', #515, 1000.000000000000000 ) ;
#5307 = DATE_TIME_ROLE ( 'classification_date' ) ;
#5308 = LINE ( 'NONE', #5802, #2147 ) ;
#5309 = CARTESIAN_POINT ( 'NONE',  ( -1.336379566678666102E-14, 130.0000000000231637, 580.0000000000000000 ) ) ;
#5310 = EDGE_LOOP ( 'NONE', ( #3034, #2150, #2357, #1904 ) ) ;
#5311 = EDGE_CURVE ( 'NONE', #5686, #4985, #2347, .T. ) ;
#5312 = DIRECTION ( 'NONE',  ( -0.000000000000000000, 1.000000000000000000, -0.000000000000000000 ) ) ;
#5313 = FACE_OUTER_BOUND ( 'NONE', #4873, .T. ) ;
#5314 = VERTEX_POINT ( 'NONE', #4518 ) ;
#5315 = DIRECTION ( 'NONE',  ( 0.000000000000000000, 0.000000000000000000, -1.000000000000000000 ) ) ;
#5316 = VECTOR ( 'NONE', #3155, 1000.000000000000000 ) ;
#5317 = ORIENTED_EDGE ( 'NONE', *, *, #1128, .F. ) ;
#5318 = CIRCLE ( 'NONE', #2457, 27.00000000000013500 ) ;
#5319 = VERTEX_POINT ( 'NONE', #2729 ) ;
#5320 = ORIENTED_EDGE ( 'NONE', *, *, #1336, .T. ) ;
#5321 = CARTESIAN_POINT ( 'NONE',  ( 1.953311644640028390E-13, 470.0000000000000000, 15.00000000000000000 ) ) ;
#5322 = DIRECTION ( 'NONE',  ( 0.000000000000000000, 1.000000000000000000, 0.000000000000000000 ) ) ;
#5323 = ORIENTED_EDGE ( 'NONE', *, *, #2609, .T. ) ;
#5324 = VECTOR ( 'NONE', #4757, 1000.000000000000000 ) ;
#5325 = ORIENTED_EDGE ( 'NONE', *, *, #4093, .T. ) ;
#5326 = VERTEX_POINT ( 'NONE', #204 ) ;
#5327 = CARTESIAN_POINT ( 'NONE',  ( 15.00000000000019362, -470.0000000000000000, 15.00000000000000000 ) ) ;
#5328 = ORIENTED_EDGE ( 'NONE', *, *, #3855, .F. ) ;
#5329 = DIRECTION ( 'NONE',  ( 0.000000000000000000, 1.000000000000000000, 0.000000000000000000 ) ) ;
#5330 = APPROVAL_STATUS ( 'not_yet_approved' ) ;
#5331 = EDGE_CURVE ( 'NONE', #5341, #5148, #4596, .T. ) ;
#5332 = ADVANCED_FACE ( 'NONE', ( #1575 ), #1431, .F. ) ;
#5333 = AXIS2_PLACEMENT_3D ( 'NONE', #4862, #3054, #2162 ) ;
#5334 = ORIENTED_EDGE ( 'NONE', *, *, #4073, .F. ) ;
#5335 = VERTEX_POINT ( 'NONE', #1840 ) ;
#5336 = DIRECTION ( 'NONE',  ( -0.000000000000000000, 1.000000000000000000, -0.000000000000000000 ) ) ;
#5337 = CARTESIAN_POINT ( 'NONE',  ( 15.90000000000019575, -468.5000000000000000, 15.90000000000000036 ) ) ;
#5338 = VERTEX_POINT ( 'NONE', #5432 ) ;
#5339 = ORIENTED_EDGE ( 'NONE', *, *, #4195, .T. ) ;
#5340 = AXIS2_PLACEMENT_3D ( 'NONE', #5367, #2240, #5393 ) ;
#5341 = VERTEX_POINT ( 'NONE', #3789 ) ;
#5342 = VECTOR ( 'NONE', #4644, 1000.000000000000000 ) ;
#5343 = CARTESIAN_POINT ( 'NONE',  ( 0.000000000000000000, 365.0000000000000000, 0.000000000000000000 ) ) ;
#5344 = ADVANCED_FACE ( 'NONE', ( #105 ), #3554, .F. ) ;
#5345 = DIRECTION ( 'NONE',  ( -1.000000000000000000, 0.000000000000000000, 0.000000000000000000 ) ) ;
#5346 = PRODUCT_DEFINITION_FORMATION_WITH_SPECIFIED_SOURCE ( '任何', '', #767, .NOT_KNOWN. ) ;
#5347 = ORIENTED_EDGE ( 'NONE', *, *, #4110, .T. ) ;
#5348 = VECTOR ( 'NONE', #4275, 1000.000000000000000 ) ;
#5349 = EDGE_CURVE ( 'NONE', #3230, #5835, #3127, .T. ) ;
#5350 = DATE_TIME_ROLE ( 'classification_date' ) ;
#5351 = DIRECTION ( 'NONE',  ( 0.000000000000000000, 0.000000000000000000, -1.000000000000000000 ) ) ;
#5352 = DIRECTION ( 'NONE',  ( 0.000000000000000000, 0.000000000000000000, 1.000000000000000000 ) ) ;
#5353 = VECTOR ( 'NONE', #934, 1000.000000000000000 ) ;
#5354 = LOCAL_TIME ( 20, 46, 49.00000000000000000, #709 ) ;
#5355 = AXIS2_PLACEMENT_3D ( 'NONE', #686, #1616, #5166 ) ;
#5356 = DIRECTION ( 'NONE',  ( -0.000000000000000000, 1.000000000000000000, -0.000000000000000000 ) ) ;
#5357 = COORDINATED_UNIVERSAL_TIME_OFFSET ( 8, 0, .AHEAD. ) ;
#5358 = LOCAL_TIME ( 20, 46, 49.00000000000000000, #1907 ) ;
#5359 = DIRECTION ( 'NONE',  ( 0.000000000000000000, 0.000000000000000000, 1.000000000000000000 ) ) ;
#5360 = CIRCLE ( 'NONE', #544, 8.000000000000007105 ) ;
#5361 = PRODUCT_DEFINITION_SHAPE ( 'NONE', 'NONE',  #749 ) ;
#5362 = ORIENTED_EDGE ( 'NONE', *, *, #154, .F. ) ;
#5363 = AXIS2_PLACEMENT_3D ( 'NONE', #3891, #4463, #878 ) ;
#5364 = APPROVAL_PERSON_ORGANIZATION ( #718, #3654, #1586 ) ;
#5365 = CYLINDRICAL_SURFACE ( 'NONE', #4861, 15.00000000000000000 ) ;
#5366 =( REPRESENTATION_RELATIONSHIP ('NONE','NONE', #4855, #2870 ) REPRESENTATION_RELATIONSHIP_WITH_TRANSFORMATION ( #292 )SHAPE_REPRESENTATION_RELATIONSHIP( ) );
#5367 = CARTESIAN_POINT ( 'NONE',  ( -3353.999999999976808, 2.273181642920008017E-11, 82.00000000000001421 ) ) ;
#5368 = DATE_AND_TIME ( #5441, #726 ) ;
#5369 = EDGE_CURVE ( 'NONE', #5685, #229, #5517, .T. ) ;
#5370 = FACE_OUTER_BOUND ( 'NONE', #879, .T. ) ;
#5371 = AXIS2_PLACEMENT_3D ( 'NONE', #517, #88, #1826 ) ;
#5372 = PLANE ( 'NONE',  #2236 ) ;
#5373 = ORIENTED_EDGE ( 'NONE', *, *, #5197, .F. ) ;
#5374 = VECTOR ( 'NONE', #1417, 1000.000000000000000 ) ;
#5375 = CARTESIAN_POINT ( 'NONE',  ( -3894.799999999977445, 1894.750000000022510, 580.0000000000000000 ) ) ;
#5376 = LINE ( 'NONE', #2849, #4804 ) ;
#5377 = DIRECTION ( 'NONE',  ( -0.000000000000000000, 1.000000000000000000, 0.000000000000000000 ) ) ;
#5378 = ORIENTED_EDGE ( 'NONE', *, *, #1611, .T. ) ;
#5379 = CC_DESIGN_APPROVAL ( #1456, ( #3463 ) ) ;
#5380 = VECTOR ( 'NONE', #2314, 1000.000000000000000 ) ;
#5381 = ORIENTED_EDGE ( 'NONE', *, *, #3123, .T. ) ;
#5382 = EDGE_CURVE ( 'NONE', #4138, #2504, #4733, .T. ) ;
#5383 = CYLINDRICAL_SURFACE ( 'NONE', #4827, 4.049999999999664979 ) ;
#5384 = DIRECTION ( 'NONE',  ( -0.000000000000000000, 1.000000000000000000, -0.000000000000000000 ) ) ;
#5385 = DIRECTION ( 'NONE',  ( -1.000000000000000000, -0.000000000000000000, -0.000000000000000000 ) ) ;
#5386 = CARTESIAN_POINT ( 'NONE',  ( -3353.999999999976808, 2.273181642920008017E-11, 502.0000000000000000 ) ) ;
#5387 = ORIENTED_EDGE ( 'NONE', *, *, #1450, .T. ) ;
#5388 = APPROVAL_STATUS ( 'not_yet_approved' ) ;
#5389 = VECTOR ( 'NONE', #576, 1000.000000000000000 ) ;
#5390 = VERTEX_POINT ( 'NONE', #3660 ) ;
#5391 = ADVANCED_FACE ( 'NONE', ( #4525 ), #2210, .F. ) ;
#5392 = LINE ( 'NONE', #1521, #2221 ) ;
#5393 = DIRECTION ( 'NONE',  ( 0.000000000000000000, 0.000000000000000000, -1.000000000000000000 ) ) ;
#5394 = EDGE_CURVE ( 'NONE', #3905, #394, #393, .T. ) ;
#5395 = DIRECTION ( 'NONE',  ( -1.000000000000000000, 0.000000000000000000, -0.000000000000000000 ) ) ;
#5396 = ORIENTED_EDGE ( 'NONE', *, *, #5779, .F. ) ;
#5397 = CARTESIAN_POINT ( 'NONE',  ( 15.00000000000019362, -365.0000000000000000, 15.00000000000000000 ) ) ;
#5398 = LINE ( 'NONE', #2156, #3283 ) ;
#5399 = ORIENTED_EDGE ( 'NONE', *, *, #3351, .F. ) ;
#5400 = ORIENTED_EDGE ( 'NONE', *, *, #1520, .T. ) ;
#5401 = CARTESIAN_POINT ( 'NONE',  ( -3899.999999999977263, 443.0000000000228511, 557.9999999999998863 ) ) ;
#5402 = ORIENTED_EDGE ( 'NONE', *, *, #3745, .T. ) ;
#5403 = EDGE_LOOP ( 'NONE', ( #2006, #1609 ) ) ;
#5404 = AXIS2_PLACEMENT_3D ( 'NONE', #4293, #4776, #309 ) ;
#5405 = CARTESIAN_POINT ( 'NONE',  ( -3899.999999999977263, 500.0000000000228511, 557.9999999999998863 ) ) ;
#5406 = ORIENTED_EDGE ( 'NONE', *, *, #3980, .T. ) ;
#5407 = PLANE ( 'NONE',  #3440 ) ;
#5408 = DIRECTION ( 'NONE',  ( -0.000000000000000000, 1.000000000000000000, -0.000000000000000000 ) ) ;
#5409 = EDGE_LOOP ( 'NONE', ( #5206, #5304, #1670, #3547 ) ) ;
#5410 = CARTESIAN_POINT ( 'NONE',  ( -3886.799999999977445, 2244.750000000022737, 604.7999999999999545 ) ) ;
#5411 = EDGE_CURVE ( 'NONE', #2519, #1440, #3894, .T. ) ;
#5412 = AXIS2_PLACEMENT_3D ( 'NONE', #4823, #5738, #347 ) ;
#5413 = CARTESIAN_POINT ( 'NONE',  ( -3886.799999999977445, 1515.250000000022737, 596.7999999999999545 ) ) ;
#5414 = ORIENTED_EDGE ( 'NONE', *, *, #2594, .T. ) ;
#5415 = ORIENTED_EDGE ( 'NONE', *, *, #1884, .T. ) ;
#5416 = DIRECTION ( 'NONE',  ( -0.000000000000000000, -1.000000000000000000, -0.000000000000000000 ) ) ;
#5417 = EDGE_LOOP ( 'NONE', ( #5610, #70, #89, #3099 ) ) ;
#5418 = LINE ( 'NONE', #870, #3014 ) ;
#5419 = CC_DESIGN_PERSON_AND_ORGANIZATION_ASSIGNMENT ( #5228, #1620, ( #4503 ) ) ;
#5420 = DIRECTION ( 'NONE',  ( -3.947459643111667973E-16, 1.000000000000000000, 0.000000000000000000 ) ) ;
#5421 = ADVANCED_FACE ( 'NONE', ( #2703 ), #5151, .T. ) ;
#5422 = CARTESIAN_POINT ( 'NONE',  ( -3869.999999999977263, 1894.750000000022510, 580.0000000000000000 ) ) ;
#5423 = CARTESIAN_POINT ( 'NONE',  ( -3869.999999999977263, 1544.750000000022737, 596.7999999999999545 ) ) ;
#5424 = ORIENTED_EDGE ( 'NONE', *, *, #5237, .F. ) ;
#5425 = VECTOR ( 'NONE', #1647, 1000.000000000000000 ) ;
#5426 = ITEM_DEFINED_TRANSFORMATION ( 'NONE', 'NONE', #5605,  #3190 ) ;
#5427 = DIRECTION ( 'NONE',  ( 0.000000000000000000, -0.000000000000000000, -1.000000000000000000 ) ) ;
#5428 = CC_DESIGN_APPROVAL ( #4020, ( #1914 ) ) ;
#5429 = EDGE_CURVE ( 'NONE', #3068, #1019, #3825, .T. ) ;
#5430 = LINE ( 'NONE', #4324, #4850 ) ;
#5431 = COORDINATED_UNIVERSAL_TIME_OFFSET ( 8, 0, .AHEAD. ) ;
#5432 = CARTESIAN_POINT ( 'NONE',  ( -297.5000000000000568, 223.0000000000000000, 279.0000000000000000 ) ) ;
#5433 = LINE ( 'NONE', #2440, #2815 ) ;
#5434 = ORIENTED_EDGE ( 'NONE', *, *, #2689, .F. ) ;
#5435 = COORDINATED_UNIVERSAL_TIME_OFFSET ( 8, 0, .AHEAD. ) ;
#5436 = AXIS2_PLACEMENT_3D ( 'NONE', #2439, #3370, #1125 ) ;
#5437 = CYLINDRICAL_SURFACE ( 'NONE', #4945, 5.000000000000000888 ) ;
#5438 = CARTESIAN_POINT ( 'NONE',  ( -3869.999999999976808, 0.000000000000000000, 580.0000000000000000 ) ) ;
#5439 = ORIENTED_EDGE ( 'NONE', *, *, #1953, .F. ) ;
#5440 = CARTESIAN_POINT ( 'NONE',  ( -3894.799999999977445, 1544.750000000022737, 580.0000000000000000 ) ) ;
#5441 = CALENDAR_DATE ( 2026, 1, 6 ) ;
#5442 = DIRECTION ( 'NONE',  ( 2.558117568260729619E-16, -1.000000000000000000, -0.000000000000000000 ) ) ;
#5443 = LINE ( 'NONE', #3673, #4233 ) ;
#5444 = EDGE_CURVE ( 'NONE', #2446, #125, #3625, .T. ) ;
#5445 = AXIS2_PLACEMENT_3D ( 'NONE', #283, #3869, #1548 ) ;
#5446 = CARTESIAN_POINT ( 'NONE',  ( -3869.999999999976808, 482.0000000000227374, 512.9999999999998863 ) ) ;
#5447 = DATE_TIME_ROLE ( 'classification_date' ) ;
#5448 = CIRCLE ( 'NONE', #2860, 5.000000000000000888 ) ;
#5449 = DIRECTION ( 'NONE',  ( 0.000000000000000000, 0.000000000000000000, 1.000000000000000000 ) ) ;
#5450 = ORIENTED_EDGE ( 'NONE', *, *, #1273, .F. ) ;
#5451 = DIRECTION ( 'NONE',  ( 0.000000000000000000, -1.000000000000000000, 0.000000000000000000 ) ) ;
#5452 = EDGE_CURVE ( 'NONE', #3926, #648, #4316, .T. ) ;
#5453 = CIRCLE ( 'NONE', #4615, 27.00000000000013500 ) ;
#5454 = FACE_OUTER_BOUND ( 'NONE', #1727, .T. ) ;
#5455 = DIRECTION ( 'NONE',  ( -0.000000000000000000, -0.000000000000000000, -1.000000000000000000 ) ) ;
#5456 = ORIENTED_EDGE ( 'NONE', *, *, #3904, .T. ) ;
#5457 = DIRECTION ( 'NONE',  ( -0.000000000000000000, -0.000000000000000000, 1.000000000000000000 ) ) ;
#5458 = CIRCLE ( 'NONE', #216, 27.00000000000013500 ) ;
#5459 = EDGE_LOOP ( 'NONE', ( #4754, #5134, #3067, #971 ) ) ;
#5460 = CYLINDRICAL_SURFACE ( 'NONE', #1022, 6.499999999999999112 ) ;
#5461 = CARTESIAN_POINT ( 'NONE',  ( -3329.999999999977717, 1410.000000000276486, 580.0000000000000000 ) ) ;
#5462 = CARTESIAN_POINT ( 'NONE',  ( -3869.999999999976808, 130.0000000000227658, 557.9999999999998863 ) ) ;
#5463 = CC_DESIGN_PERSON_AND_ORGANIZATION_ASSIGNMENT ( #1551, #5213, ( #1156 ) ) ;
#5464 = EDGE_LOOP ( 'NONE', ( #2234, #3690, #5575, #4617 ) ) ;
#5465 = EDGE_CURVE ( 'NONE', #98, #1656, #1225, .T. ) ;
#5467 = CIRCLE ( 'NONE', #33, 20.00000000000018474 ) ;
#5466 = PRODUCT_DEFINITION_SHAPE ( 'NONE', 'NONE',  #5843 ) ;
#5468 = ORIENTED_EDGE ( 'NONE', *, *, #4882, .T. ) ;
#5469 = DIRECTION ( 'NONE',  ( 0.000000000000000000, 0.000000000000000000, 1.000000000000000000 ) ) ;
#5470 = DIRECTION ( 'NONE',  ( -0.000000000000000000, -0.000000000000000000, -1.000000000000000000 ) ) ;
#5471 = VERTEX_POINT ( 'NONE', #3423 ) ;
#5472 = VERTEX_POINT ( 'NONE', #4278 ) ;
#5473 = DIRECTION ( 'NONE',  ( 1.244644646440758595E-16, -1.000000000000000000, 0.000000000000000000 ) ) ;
#5474 = ORIENTED_EDGE ( 'NONE', *, *, #2358, .T. ) ;
#5475 = EDGE_CURVE ( 'NONE', #4374, #479, #4954, .T. ) ;
#5476 = CARTESIAN_POINT ( 'NONE',  ( 269.5000000000000568, -223.0000000000000000, 279.0000000000000000 ) ) ;
#5477 = EDGE_LOOP ( 'NONE', ( #1876, #2758, #400, #1718 ) ) ;
#5478 = ORIENTED_EDGE ( 'NONE', *, *, #4869, .T. ) ;
#5479 = DIRECTION ( 'NONE',  ( 0.000000000000000000, 0.000000000000000000, 1.000000000000000000 ) ) ;
#5480 = ADVANCED_FACE ( 'NONE', ( #314, #888 ), #4722, .F. ) ;
#5481 = AXIS2_PLACEMENT_3D ( 'NONE', #1184, #3433, #5756 ) ;
#5482 = DIRECTION ( 'NONE',  ( 1.000000000000000000, 0.000000000000000000, 0.000000000000000000 ) ) ;
#5483 = ORIENTED_EDGE ( 'NONE', *, *, #5724, .T. ) ;
#5484 = VECTOR ( 'NONE', #716, 1000.000000000000000 ) ;
#5485 = CARTESIAN_POINT ( 'NONE',  ( 15.00000000000019362, 470.0000000000000000, 15.00000000000000000 ) ) ;
#5486 = EDGE_CURVE ( 'NONE', #3834, #5516, #3405, .T. ) ;
#5487 = AXIS2_PLACEMENT_3D ( 'NONE', #5024, #115, #5482 ) ;
#5488 = ORIENTED_EDGE ( 'NONE', *, *, #4022, .F. ) ;
#5489 = VECTOR ( 'NONE', #725, 1000.000000000000000 ) ;
#5490 = DIRECTION ( 'NONE',  ( 0.000000000000000000, 1.000000000000000000, -0.000000000000000000 ) ) ;
#5491 = CC_DESIGN_DATE_AND_TIME_ASSIGNMENT ( #5798, #4340, ( #749 ) ) ;
#5492 = DIRECTION ( 'NONE',  ( -1.000000000000000000, -0.000000000000000000, -1.137523590804460371E-16 ) ) ;
#5493 = CYLINDRICAL_SURFACE ( 'NONE', #4747, 15.00000000000000000 ) ;
#5494 = EDGE_CURVE ( 'NONE', #1440, #1104, #2767, .T. ) ;
#5495 = CALENDAR_DATE ( 2026, 1, 6 ) ;
#5496 = DIRECTION ( 'NONE',  ( 0.000000000000000000, 0.000000000000000000, -1.000000000000000000 ) ) ;
#5497 = PERSON_AND_ORGANIZATION ( #724, #4157 ) ;
#5498 = VECTOR ( 'NONE', #4752, 1000.000000000000000 ) ;
#5499 = EDGE_CURVE ( 'NONE', #3634, #2141, #5235, .T. ) ;
#5500 = DIRECTION ( 'NONE',  ( 0.000000000000000000, -1.000000000000000000, 0.000000000000000000 ) ) ;
#5501 = ADVANCED_FACE ( 'NONE', ( #589 ), #2063, .F. ) ;
#5502 = ORIENTED_EDGE ( 'NONE', *, *, #5100, .T. ) ;
#5503 = PERSON_AND_ORGANIZATION ( #724, #4157 ) ;
#5504 = DIRECTION ( 'NONE',  ( -0.000000000000000000, -0.000000000000000000, -1.000000000000000000 ) ) ;
#5505 = LINE ( 'NONE', #1994, #1558 ) ;
#5506 = DATE_AND_TIME ( #875, #943 ) ;
#5507 = ADVANCED_BREP_SHAPE_REPRESENTATION ( '', ( #1500, #3190 ), #2284 ) ;
#5508 = FACE_OUTER_BOUND ( 'NONE', #1673, .T. ) ;
#5509 = CARTESIAN_POINT ( 'NONE',  ( 33.00000000000019895, 0.000000000000000000, 0.000000000000000000 ) ) ;
#5510 = ORIENTED_EDGE ( 'NONE', *, *, #5021, .T. ) ;
#5511 = CARTESIAN_POINT ( 'NONE',  ( 268.5000000000000000, -156.0000000000000000, -480.0000000000000000 ) ) ;
#5512 = LINE ( 'NONE', #4555, #5801 ) ;
#5513 = EDGE_CURVE ( 'NONE', #98, #2279, #2479, .T. ) ;
#5514 = LINE ( 'NONE', #5573, #4876 ) ;
#5515 = AXIS2_PLACEMENT_3D ( 'NONE', #3748, #5167, #4236 ) ;
#5516 = VERTEX_POINT ( 'NONE', #1664 ) ;
#5517 = LINE ( 'NONE', #494, #1641 ) ;
#5518 = ORIENTED_EDGE ( 'NONE', *, *, #4840, .F. ) ;
#5519 = VECTOR ( 'NONE', #5702, 1000.000000000000000 ) ;
#5520 = PLANE ( 'NONE',  #1293 ) ;
#5521 = VERTEX_POINT ( 'NONE', #2179 ) ;
#5522 = AXIS2_PLACEMENT_3D ( 'NONE', #184, #5525, #4676 ) ;
#5523 = LINE ( 'NONE', #2356, #4103 ) ;
#5524 = ORIENTED_EDGE ( 'NONE', *, *, #2198, .F. ) ;
#5525 = DIRECTION ( 'NONE',  ( 0.000000000000000000, 0.000000000000000000, 1.000000000000000000 ) ) ;
#5526 = LINE ( 'NONE', #1640, #5744 ) ;
#5527 = DIRECTION ( 'NONE',  ( 0.000000000000000000, 0.000000000000000000, -1.000000000000000000 ) ) ;
#5528 = ORIENTED_EDGE ( 'NONE', *, *, #3062, .T. ) ;
#5529 = ADVANCED_FACE ( 'NONE', ( #2627 ), #4029, .T. ) ;
#5530 = DIRECTION ( 'NONE',  ( 0.000000000000000000, -1.000000000000000000, 0.000000000000000000 ) ) ;
#5531 = VERTEX_POINT ( 'NONE', #1638 ) ;
#5532 = EDGE_LOOP ( 'NONE', ( #1002, #922, #4517, #2551, #3552 ) ) ;
#5533 = ORIENTED_EDGE ( 'NONE', *, *, #2853, .T. ) ;
#5534 = DIRECTION ( 'NONE',  ( 1.973729821555833740E-16, -1.000000000000000000, 0.000000000000000000 ) ) ;
#5535 = SECURITY_CLASSIFICATION ( '', '', #48 ) ;
#5536 = EDGE_CURVE ( 'NONE', #2071, #4740, #662, .T. ) ;
#5537 = EDGE_LOOP ( 'NONE', ( #2718, #5008, #4466, #404, #5076, #2096 ) ) ;
#5538 = ORIENTED_EDGE ( 'NONE', *, *, #5349, .F. ) ;
#5539 = ORIENTED_EDGE ( 'NONE', *, *, #31, .T. ) ;
#5540 = CARTESIAN_POINT ( 'NONE',  ( -3329.999999999977717, 946.0000000001497256, 580.0000000000000000 ) ) ;
#5541 = PERSON ( 'NAUO-PER2', 'UNSPECIFIED', 'UNSPECIFIED', ('UNSPECIFIED'), ('UNSPECIFIED'), ('UNSPECIFIED') ) ;
#5542 = ORIENTED_EDGE ( 'NONE', *, *, #1710, .F. ) ;
#5543 = AXIS2_PLACEMENT_3D ( 'NONE', #3816, #2865, #3312 ) ;
#5544 = APPLICATION_CONTEXT ( 'configuration controlled 3d designs of mechanical parts and assemblies' ) ;
#5545 = VERTEX_POINT ( 'NONE', #4785 ) ;
#5546 = VERTEX_POINT ( 'NONE', #1256 ) ;
#5547 = DIRECTION ( 'NONE',  ( 1.000000000000000000, 0.000000000000000000, 0.000000000000000000 ) ) ;
#5548 = DIRECTION ( 'NONE',  ( -0.000000000000000000, 1.000000000000000000, -0.000000000000000000 ) ) ;
#5549 = ORIENTED_CLOSED_SHELL ( 'NONE', *, #2148, .F. );
#5550 = DIRECTION ( 'NONE',  ( -1.000000000000000000, 0.000000000000000000, 0.000000000000000000 ) ) ;
#5551 = ORIENTED_EDGE ( 'NONE', *, *, #1564, .F. ) ;
#5552 = CYLINDRICAL_SURFACE ( 'NONE', #2308, 27.00000000000010658 ) ;
#5553 = CARTESIAN_POINT ( 'NONE',  ( -3899.999999999977263, 443.0000000000228511, 1158.269939277287904 ) ) ;
#5554 = PLANE ( 'NONE',  #86 ) ;
#5555 = EDGE_CURVE ( 'NONE', #2592, #3328, #2144, .T. ) ;
#5556 = CLOSED_SHELL ( 'NONE', ( #1769, #1430, #3406, #4310, #3441, #2313, #5622, #1540, #2660, #4010, #2230, #3233, #223, #723, #1753 ) ) ;
#5557 = FACE_OUTER_BOUND ( 'NONE', #516, .T. ) ;
#5558 = DIRECTION ( 'NONE',  ( 0.000000000000000000, -1.000000000000000000, 0.000000000000000000 ) ) ;
#5559 = ADVANCED_FACE ( 'NONE', ( #4589, #4384 ), #5746, .F. ) ;
#5560 = AXIS2_PLACEMENT_3D ( 'NONE', #3793, #2471, #4242 ) ;
#5561 = LOCAL_TIME ( 20, 46, 49.00000000000000000, #3729 ) ;
#5562 = DIRECTION ( 'NONE',  ( 0.000000000000000000, -1.000000000000000000, 0.000000000000000000 ) ) ;
#5563 = CIRCLE ( 'NONE', #5258, 20.00000000000018474 ) ;
#5564 = CARTESIAN_POINT ( 'NONE',  ( -3900.058939014229964, 1880.000000000024329, 580.1591583071044624 ) ) ;
#5565 = COORDINATED_UNIVERSAL_TIME_OFFSET ( 8, 0, .AHEAD. ) ;
#5566 = FACE_OUTER_BOUND ( 'NONE', #5668, .T. ) ;
#5567 = CC_DESIGN_DATE_AND_TIME_ASSIGNMENT ( #4081, #5307, ( #450 ) ) ;
#5568 = PLANE ( 'NONE',  #4424 ) ;
#5569 = EDGE_CURVE ( 'NONE', #118, #543, #1780, .T. ) ;
#5570 = EDGE_LOOP ( 'NONE', ( #3518, #3819, #4337, #4338 ) ) ;
#5571 = DIRECTION ( 'NONE',  ( 0.000000000000000000, 0.000000000000000000, 1.000000000000000000 ) ) ;
#5572 = CALENDAR_DATE ( 2026, 1, 6 ) ;
#5573 = CARTESIAN_POINT ( 'NONE',  ( -3329.999999999977263, -6.572520305780882291E-13, 580.0000000000000000 ) ) ;
#5574 = CARTESIAN_POINT ( 'NONE',  ( 269.5000000000001137, 223.0000000000000000, 279.0000000000000000 ) ) ;
#5575 = ORIENTED_EDGE ( 'NONE', *, *, #2811, .T. ) ;
#5576 = APPROVAL_DATE_TIME ( #3329, #3790 ) ;
#5577 = EDGE_CURVE ( 'NONE', #124, #2104, #953, .T. ) ;
#5578 = DIRECTION ( 'NONE',  ( 1.000000000000000000, -0.000000000000000000, 0.000000000000000000 ) ) ;
#5579 = VECTOR ( 'NONE', #2114, 1000.000000000000000 ) ;
#5580 = DIRECTION ( 'NONE',  ( -0.000000000000000000, 1.000000000000000000, -0.000000000000000000 ) ) ;
#5581 = VECTOR ( 'NONE', #2930, 1000.000000000000000 ) ;
#5582 = DIRECTION ( 'NONE',  ( 0.000000000000000000, 0.000000000000000000, 1.000000000000000000 ) ) ;
#5583 = AXIS2_PLACEMENT_3D ( 'NONE', #2074, #3396, #5681 ) ;
#5584 = ORIENTED_EDGE ( 'NONE', *, *, #2455, .T. ) ;
#5585 = DIRECTION ( 'NONE',  ( 0.000000000000000000, 0.000000000000000000, -1.000000000000000000 ) ) ;
#5586 = VECTOR ( 'NONE', #772, 1000.000000000000000 ) ;
#5587 = ADVANCED_FACE ( 'NONE', ( #5657 ), #2902, .T. ) ;
#5588 = DIRECTION ( 'NONE',  ( 0.000000000000000000, -0.000000000000000000, 1.000000000000000000 ) ) ;
#5589 = LINE ( 'NONE', #4145, #525 ) ;
#5590 = CARTESIAN_POINT ( 'NONE',  ( 15.90000000000019575, 468.4999999999999432, 15.90000000000000036 ) ) ;
#5591 = CARTESIAN_POINT ( 'NONE',  ( 269.5000000000001137, 223.0000000000000000, 279.0000000000000000 ) ) ;
#5592 = EDGE_LOOP ( 'NONE', ( #5655, #1103, #3555, #4619 ) ) ;
#5593 = EDGE_CURVE ( 'NONE', #5758, #4985, #3261, .T. ) ;
#5594 = FACE_OUTER_BOUND ( 'NONE', #2884, .T. ) ;
#5595 = ORIENTED_EDGE ( 'NONE', *, *, #4625, .F. ) ;
#5596 = AXIS2_PLACEMENT_3D ( 'NONE', #1073, #1577, #2458 ) ;
#5597 = VECTOR ( 'NONE', #1389, 1000.000000000000000 ) ;
#5598 = CARTESIAN_POINT ( 'NONE',  ( -3886.799999999977445, 1515.250000000022737, 596.7999999999999545 ) ) ;
#5599 = EDGE_LOOP ( 'NONE', ( #2727, #2538, #521, #2220 ) ) ;
#5600 = DIRECTION ( 'NONE',  ( 0.000000000000000000, 0.000000000000000000, -1.000000000000000000 ) ) ;
#5601 = FACE_OUTER_BOUND ( 'NONE', #3078, .T. ) ;
#5602 = EDGE_LOOP ( 'NONE', ( #408, #4597, #3353, #5400 ) ) ;
#5603 = DIRECTION ( 'NONE',  ( -0.000000000000000000, -0.000000000000000000, 1.000000000000000000 ) ) ;
#5604 = DIRECTION ( 'NONE',  ( -0.000000000000000000, 1.000000000000000000, -0.000000000000000000 ) ) ;
#5605 = AXIS2_PLACEMENT_3D ( 'NONE', #1083, #5132, #3327 ) ;
#5606 = EDGE_CURVE ( 'NONE', #4613, #5820, #1435, .T. ) ;
#5607 =( LENGTH_UNIT ( ) NAMED_UNIT ( * ) SI_UNIT ( .MILLI., .METRE. ) );
#5608 = LINE ( 'NONE', #2189, #827 ) ;
#5609 = ORIENTED_EDGE ( 'NONE', *, *, #171, .F. ) ;
#5610 = ORIENTED_EDGE ( 'NONE', *, *, #245, .F. ) ;
#5611 = ORIENTED_EDGE ( 'NONE', *, *, #3620, .F. ) ;
#5612 = DIRECTION ( 'NONE',  ( 0.000000000000000000, 0.000000000000000000, 1.000000000000000000 ) ) ;
#5613 = CARTESIAN_POINT ( 'NONE',  ( 15.00000000000019362, 15.00000000000001421, 15.00000000000000000 ) ) ;
#5614 = CARTESIAN_POINT ( 'NONE',  ( 15.90000000000019575, -470.0000000000000000, 15.90000000000000036 ) ) ;
#5615 = ORIENTED_EDGE ( 'NONE', *, *, #5215, .F. ) ;
#5616 = EDGE_LOOP ( 'NONE', ( #3570, #1241, #317, #4696 ) ) ;
#5617 = DIRECTION ( 'NONE',  ( 0.000000000000000000, 0.000000000000000000, -1.000000000000000000 ) ) ;
#5618 = EDGE_CURVE ( 'NONE', #1037, #1950, #4308, .T. ) ;
#5619 = DIRECTION ( 'NONE',  ( 0.000000000000000000, 1.000000000000000000, -0.000000000000000000 ) ) ;
#5620 = DIRECTION ( 'NONE',  ( 1.000000000000000000, 2.055968564120659776E-16, 0.000000000000000000 ) ) ;
#5621 = CARTESIAN_POINT ( 'NONE',  ( 15.90000000000019575, -468.5000000000000000, 22.39999999999999858 ) ) ;
#5622 = ADVANCED_FACE ( 'NONE', ( #5165 ), #5271, .F. ) ;
#5623 = CARTESIAN_POINT ( 'NONE',  ( 15.90000000000019575, 468.4999999999999432, 10.90000000000000036 ) ) ;
#5624 = ORIENTED_EDGE ( 'NONE', *, *, #810, .F. ) ;
#5625 = LINE ( 'NONE', #1535, #3231 ) ;
#5626 = CARTESIAN_POINT ( 'NONE',  ( -3843.999999999977263, 85.00000000002273737, 82.00000000000001421 ) ) ;
#5627 = MECHANICAL_CONTEXT ( 'NONE', #5152, 'mechanical' ) ;
#5628 = CARTESIAN_POINT ( 'NONE',  ( 0.000000000000000000, 0.000000000000000000, 22.00000000000000000 ) ) ;
#5629 = VERTEX_POINT ( 'NONE', #3017 ) ;
#5630 = FACE_OUTER_BOUND ( 'NONE', #2916, .T. ) ;
#5631 = EDGE_CURVE ( 'NONE', #1326, #1387, #4098, .T. ) ;
#5632 = AXIS2_PLACEMENT_3D ( 'NONE', #1821, #3187, #2334 ) ;
#5633 = DIRECTION ( 'NONE',  ( 0.000000000000000000, 0.000000000000000000, 1.000000000000000000 ) ) ;
#5634 = VECTOR ( 'NONE', #1202, 1000.000000000000000 ) ;
#5635 = DIRECTION ( 'NONE',  ( 0.000000000000000000, 0.000000000000000000, -1.000000000000000000 ) ) ;
#5636 = APPROVAL_PERSON_ORGANIZATION ( #3667, #2508, #2146 ) ;
#5637 = CARTESIAN_POINT ( 'NONE',  ( 5.000000000000000000, 6.123233995736766282E-16, 899.0000000000000000 ) ) ;
#5638 = APPROVAL_DATE_TIME ( #2532, #3654 ) ;
#5639 = DIRECTION ( 'NONE',  ( 0.000000000000000000, -1.000000000000000000, 0.000000000000000000 ) ) ;
#5640 = VECTOR ( 'NONE', #2944, 1000.000000000000000 ) ;
#5641 = DIRECTION ( 'NONE',  ( 0.000000000000000000, 1.000000000000000000, 0.000000000000000000 ) ) ;
#5642 = APPLICATION_PROTOCOL_DEFINITION ( 'international standard', 'config_control_design', 1994, #5152 ) ;
#5643 = ORIENTED_EDGE ( 'NONE', *, *, #5494, .T. ) ;
#5644 = DATE_AND_TIME ( #3323, #3467 ) ;
#5645 = SECURITY_CLASSIFICATION ( '', '', #5274 ) ;
#5646 = DIRECTION ( 'NONE',  ( 1.000000000000000000, 0.000000000000000000, -0.000000000000000000 ) ) ;
#5647 = FACE_OUTER_BOUND ( 'NONE', #4834, .T. ) ;
#5648 = ADVANCED_FACE ( 'NONE', ( #1996 ), #5770, .T. ) ;
#5649 = EDGE_CURVE ( 'NONE', #4402, #1506, #2342, .T. ) ;
#5650 = CARTESIAN_POINT ( 'NONE',  ( -3899.999999999977263, 2350.000000000022737, 0.000000000000000000 ) ) ;
#5651 = DIRECTION ( 'NONE',  ( -1.000000000000000000, 0.000000000000000000, 0.000000000000000000 ) ) ;
#5652 = DIRECTION ( 'NONE',  ( 1.000000000000000000, 0.000000000000000000, -0.000000000000000000 ) ) ;
#5653 = CYLINDRICAL_SURFACE ( 'NONE', #3089, 5.000000000000000000 ) ;
#5654 = DIRECTION ( 'NONE',  ( -0.000000000000000000, -0.000000000000000000, -1.000000000000000000 ) ) ;
#5655 = ORIENTED_EDGE ( 'NONE', *, *, #5794, .T. ) ;
#5656 = CARTESIAN_POINT ( 'NONE',  ( -3869.999999999976808, 482.0000000000227374, 512.9999999999998863 ) ) ;
#5657 = FACE_OUTER_BOUND ( 'NONE', #4611, .T. ) ;
#5658 = DIRECTION ( 'NONE',  ( -0.000000000000000000, 1.000000000000000000, -0.000000000000000000 ) ) ;
#5659 = FACE_OUTER_BOUND ( 'NONE', #345, .T. ) ;
#5660 = DIRECTION ( 'NONE',  ( 0.000000000000000000, 0.000000000000000000, -1.000000000000000000 ) ) ;
#5661 = ORIENTED_EDGE ( 'NONE', *, *, #5084, .F. ) ;
#5662 = FACE_BOUND ( 'NONE', #4369, .T. ) ;
#5663 = VERTEX_POINT ( 'NONE', #5291 ) ;
#5664 = APPLICATION_PROTOCOL_DEFINITION ( 'international standard', 'config_control_design', 1994, #2960 ) ;
#5665 = LINE ( 'NONE', #3515, #5519 ) ;
#5666 = AXIS2_PLACEMENT_3D ( 'NONE', #926, #2701, #61 ) ;
#5667 = PLANE ( 'NONE',  #3822 ) ;
#5668 = EDGE_LOOP ( 'NONE', ( #4457, #3968, #4043, #2765, #5483, #4807 ) ) ;
#5669 = CARTESIAN_POINT ( 'NONE',  ( -3899.999999999977263, 100.0000000000227374, 557.9999999999998863 ) ) ;
#5670 = VECTOR ( 'NONE', #2411, 1000.000000000000000 ) ;
#5671 = VERTEX_POINT ( 'NONE', #3927 ) ;
#5672 = DIRECTION ( 'NONE',  ( -1.000000000000000000, 0.000000000000000000, -0.000000000000000000 ) ) ;
#5673 = FACE_BOUND ( 'NONE', #4815, .T. ) ;
#5674 = CARTESIAN_POINT ( 'NONE',  ( -300.0000000000001705, 184.0000000000000000, 22.00000000000000000 ) ) ;
#5675 = EDGE_CURVE ( 'NONE', #4825, #3905, #3122, .T. ) ;
#5676 = ORIENTED_EDGE ( 'NONE', *, *, #2781, .T. ) ;
#5677 = AXIS2_PLACEMENT_3D ( 'NONE', #844, #3587, #3572 ) ;
#5678 = VERTEX_POINT ( 'NONE', #4651 ) ;
#5679 = ORIENTED_EDGE ( 'NONE', *, *, #5394, .T. ) ;
#5680 = VERTEX_POINT ( 'NONE', #1584 ) ;
#5681 = DIRECTION ( 'NONE',  ( 0.000000000000000000, 0.000000000000000000, -1.000000000000000000 ) ) ;
#5682 = DIRECTION ( 'NONE',  ( -1.000000000000000000, 0.000000000000000000, 0.000000000000000000 ) ) ;
#5683 = ADVANCED_FACE ( 'NONE', ( #239 ), #1567, .T. ) ;
#5684 = VERTEX_POINT ( 'NONE', #4156 ) ;
#5685 = VERTEX_POINT ( 'NONE', #3699 ) ;
#5686 = VERTEX_POINT ( 'NONE', #2769 ) ;
#5687 = CARTESIAN_POINT ( 'NONE',  ( -3877.999999999977263, 1515.250000000022737, 604.7999999999999545 ) ) ;
#5688 = APPROVAL ( #3020, '未指定' ) ;
#5689 = EDGE_CURVE ( 'NONE', #4741, #1961, #3961, .T. ) ;
#5690 = APPROVAL_ROLE ( '' ) ;
#5691 = ORIENTED_EDGE ( 'NONE', *, *, #4953, .T. ) ;
#5692 = ORIENTED_EDGE ( 'NONE', *, *, #1992, .F. ) ;
#5693 = PLANE ( 'NONE',  #3455 ) ;
#5694 = CARTESIAN_POINT ( 'NONE',  ( 251.5000000000001137, 205.0000000000000284, 279.0000000000000000 ) ) ;
#5695 = CARTESIAN_POINT ( 'NONE',  ( -3353.999999999976808, 85.00000000002273737, 54.99999999999990052 ) ) ;
#5696 = DIRECTION ( 'NONE',  ( 0.000000000000000000, 1.000000000000000000, 0.000000000000000000 ) ) ;
#5697 = ORIENTED_EDGE ( 'NONE', *, *, #2262, .T. ) ;
#5698 = ORIENTED_EDGE ( 'NONE', *, *, #3164, .T. ) ;
#5699 = DIRECTION ( 'NONE',  ( 0.000000000000000000, 0.000000000000000000, -1.000000000000000000 ) ) ;
#5700 = VERTEX_POINT ( 'NONE', #1889 ) ;
#5701 = CIRCLE ( 'NONE', #505, 27.00000000000011369 ) ;
#5702 = DIRECTION ( 'NONE',  ( -1.000000000000000000, -0.000000000000000000, -0.000000000000000000 ) ) ;
#5703 = AXIS2_PLACEMENT_3D ( 'NONE', #4382, #1246, #2579 ) ;
#5704 = CARTESIAN_POINT ( 'NONE',  ( 15.90000000000019575, 365.0000000000000000, 10.90000000000000036 ) ) ;
#5705 = ORIENTED_EDGE ( 'NONE', *, *, #5577, .F. ) ;
#5706 = LINE ( 'NONE', #318, #5425 ) ;
#5707 = DATE_TIME_ROLE ( 'classification_date' ) ;
#5708 = LOCAL_TIME ( 20, 46, 49.00000000000000000, #3310 ) ;
#5709 = CARTESIAN_POINT ( 'NONE',  ( -3869.999999999976808, 1410.000000000276486, 580.0000000000000000 ) ) ;
#5710 = ADVANCED_FACE ( 'NONE', ( #1289 ), #4124, .T. ) ;
#5711 = DIRECTION ( 'NONE',  ( -1.000000000000000000, 0.000000000000000000, 0.000000000000000000 ) ) ;
#5712 = EDGE_CURVE ( 'NONE', #5153, #698, #3888, .T. ) ;
#5713 = FACE_OUTER_BOUND ( 'NONE', #263, .T. ) ;
#5714 = APPROVAL_DATE_TIME ( #3940, #2508 ) ;
#5715 = DIRECTION ( 'NONE',  ( 0.7071067811865460184, 8.659560562354913137E-17, -0.7071067811865489050 ) ) ;
#5716 = LINE ( 'NONE', #1351, #4508 ) ;
#5717 = DIRECTION ( 'NONE',  ( 0.000000000000000000, 1.000000000000000000, -0.000000000000000000 ) ) ;
#5718 = ORIENTED_EDGE ( 'NONE', *, *, #5158, .F. ) ;
#5719 = APPROVAL_DATE_TIME ( #2686, #5803 ) ;
#5720 = DIRECTION ( 'NONE',  ( 0.000000000000000000, 0.000000000000000000, 1.000000000000000000 ) ) ;
#5721 = LINE ( 'NONE', #4682, #3469 ) ;
#5722 = CARTESIAN_POINT ( 'NONE',  ( 251.5000000000000568, -205.0000000000000284, -261.0000000000000000 ) ) ;
#5723 = CC_DESIGN_PERSON_AND_ORGANIZATION_ASSIGNMENT ( #449, #236, ( #4503 ) ) ;
#5724 = EDGE_CURVE ( 'NONE', #964, #5835, #2697, .T. ) ;
#5725 = VERTEX_POINT ( 'NONE', #1006 ) ;
#5726 = CALENDAR_DATE ( 2026, 1, 6 ) ;
#5727 = DIRECTION ( 'NONE',  ( 0.000000000000000000, -1.000000000000000000, 0.000000000000000000 ) ) ;
#5728 = VECTOR ( 'NONE', #3319, 1000.000000000000000 ) ;
#5729 = APPROVAL_STATUS ( 'not_yet_approved' ) ;
#5730 = CC_DESIGN_DATE_AND_TIME_ASSIGNMENT ( #1062, #3986, ( #5645 ) ) ;
#5731 = DIRECTION ( 'NONE',  ( -0.000000000000000000, 0.000000000000000000, 1.000000000000000000 ) ) ;
#5732 = EDGE_CURVE ( 'NONE', #2523, #3710, #1850, .T. ) ;
#5733 = FACE_OUTER_BOUND ( 'NONE', #2770, .T. ) ;
#5734 = CARTESIAN_POINT ( 'NONE',  ( 299.9999999999998295, -184.0000000000000000, 22.00000000000000000 ) ) ;
#5735 = DIRECTION ( 'NONE',  ( 0.000000000000000000, -0.000000000000000000, 1.000000000000000000 ) ) ;
#5736 = ORIENTED_EDGE ( 'NONE', *, *, #4526, .F. ) ;
#5737 = VECTOR ( 'NONE', #68, 1000.000000000000000 ) ;
#5738 = DIRECTION ( 'NONE',  ( 0.000000000000000000, -1.000000000000000000, 0.000000000000000000 ) ) ;
#5739 = LINE ( 'NONE', #637, #3688 ) ;
#5740 = AXIS2_PLACEMENT_3D ( 'NONE', #5386, #4928, #2672 ) ;
#5741 = VERTEX_POINT ( 'NONE', #1394 ) ;
#5742 = FACE_BOUND ( 'NONE', #5477, .T. ) ;
#5743 = ORIENTED_EDGE ( 'NONE', *, *, #4603, .T. ) ;
#5744 = VECTOR ( 'NONE', #3960, 1000.000000000000000 ) ;
#5745 = DIRECTION ( 'NONE',  ( 0.000000000000000000, 0.000000000000000000, 1.000000000000000000 ) ) ;
#5746 = PLANE ( 'NONE',  #4279 ) ;
#5747 = CARTESIAN_POINT ( 'NONE',  ( -3894.799999999977445, 1865.250000000022510, 580.0000000000000000 ) ) ;
#5748 = EDGE_LOOP ( 'NONE', ( #5265, #2421 ) ) ;
#5749 = DATE_TIME_ROLE ( 'creation_date' ) ;
#5750 = EDGE_CURVE ( 'NONE', #1809, #3344, #5453, .T. ) ;
#5751 = PRODUCT_DEFINITION_SHAPE ( 'NONE', 'NONE',  #2057 ) ;
#5752 = ORIENTED_EDGE ( 'NONE', *, *, #5813, .F. ) ;
#5753 = AXIS2_PLACEMENT_3D ( 'NONE', #777, #4868, #4817 ) ;
#5754 = CARTESIAN_POINT ( 'NONE',  ( -3894.799999999977445, 1515.250000000022737, 580.0000000000000000 ) ) ;
#5755 = DIRECTION ( 'NONE',  ( 0.000000000000000000, 1.000000000000000000, 0.000000000000000000 ) ) ;
#5756 = DIRECTION ( 'NONE',  ( -2.489289292881517190E-16, 1.000000000000000000, 0.000000000000000000 ) ) ;
#5757 = VERTEX_POINT ( 'NONE', #556 ) ;
#5758 = VERTEX_POINT ( 'NONE', #1027 ) ;
#5759 = CARTESIAN_POINT ( 'NONE',  ( 33.00000000000019895, 334.9999999999999432, 0.000000000000000000 ) ) ;
#5760 = EDGE_CURVE ( 'NONE', #3893, #1218, #1012, .T. ) ;
#5761 = AXIS2_PLACEMENT_3D ( 'NONE', #126, #4181, #4657 ) ;
#5762 = CARTESIAN_POINT ( 'NONE',  ( -3877.999999999977263, 1865.250000000022510, 604.7999999999999545 ) ) ;
#5763 = ORIENTED_EDGE ( 'NONE', *, *, #4854, .T. ) ;
#5764 = ORIENTED_EDGE ( 'NONE', *, *, #4471, .T. ) ;
#5765 = CARTESIAN_POINT ( 'NONE',  ( -3894.799999999977445, 1865.250000000022510, 580.0000000000000000 ) ) ;
#5766 = CARTESIAN_POINT ( 'NONE',  ( 269.5000000000000568, -223.0000000000000000, 279.0000000000000000 ) ) ;
#5767 = CARTESIAN_POINT ( 'NONE',  ( -3894.799999999977445, 1515.250000000022737, 580.0000000000000000 ) ) ;
#5768 = ORIENTED_EDGE ( 'NONE', *, *, #3814, .T. ) ;
#5769 = EDGE_LOOP ( 'NONE', ( #4725, #3056, #5763, #800 ) ) ;
#5770 = PLANE ( 'NONE',  #978 ) ;
#5771 = SECURITY_CLASSIFICATION ( '', '', #4724 ) ;
#5772 = DIRECTION ( 'NONE',  ( 0.000000000000000000, 0.000000000000000000, 1.000000000000000000 ) ) ;
#5773 = EDGE_CURVE ( 'NONE', #1549, #3268, #808, .T. ) ;
#5774 =( REPRESENTATION_RELATIONSHIP ('NONE','NONE', #4855, #2982 ) REPRESENTATION_RELATIONSHIP_WITH_TRANSFORMATION ( #148 )SHAPE_REPRESENTATION_RELATIONSHIP( ) );
#5775 = CARTESIAN_POINT ( 'NONE',  ( -3869.999999999976808, 1907.999999999993179, 580.0000000000000000 ) ) ;
#5776 = ORIENTED_EDGE ( 'NONE', *, *, #3953, .T. ) ;
#5777 = FACE_OUTER_BOUND ( 'NONE', #2351, .T. ) ;
#5778 = DIRECTION ( 'NONE',  ( 0.000000000000000000, 0.000000000000000000, -1.000000000000000000 ) ) ;
#5779 = EDGE_CURVE ( 'NONE', #2665, #2071, #1924, .T. ) ;
#5780 = FACE_OUTER_BOUND ( 'NONE', #3711, .T. ) ;
#5781 = CARTESIAN_POINT ( 'NONE',  ( -300.0000000000001705, 184.0000000000000000, 0.000000000000000000 ) ) ;
#5782 = CARTESIAN_POINT ( 'NONE',  ( -3299.999999999976808, -1.302661682226841118E-12, 0.000000000000000000 ) ) ;
#5783 = VECTOR ( 'NONE', #5055, 1000.000000000000000 ) ;
#5784 = COORDINATED_UNIVERSAL_TIME_OFFSET ( 8, 0, .AHEAD. ) ;
#5785 = AXIS2_PLACEMENT_3D ( 'NONE', #501, #3194, #2233 ) ;
#5786 = DIRECTION ( 'NONE',  ( 0.000000000000000000, 0.000000000000000000, -1.000000000000000000 ) ) ;
#5787 = CARTESIAN_POINT ( 'NONE',  ( -3877.999999999977263, 2244.750000000022737, 604.7999999999999545 ) ) ;
#5788 = DIRECTION ( 'NONE',  ( 0.000000000000000000, 0.000000000000000000, -1.000000000000000000 ) ) ;
#5789 = APPLICATION_CONTEXT ( 'configuration controlled 3d designs of mechanical parts and assemblies' ) ;
#5790 = APPROVAL_DATE_TIME ( #226, #1832 ) ;
#5791 = DIRECTION ( 'NONE',  ( 0.000000000000000000, 1.000000000000000000, 0.000000000000000000 ) ) ;
#5792 = FACE_OUTER_BOUND ( 'NONE', #2580, .T. ) ;
#5793 = CARTESIAN_POINT ( 'NONE',  ( -3869.999999999976808, 964.0000000001497256, 22.00000000000000000 ) ) ;
#5794 = EDGE_CURVE ( 'NONE', #622, #4049, #456, .T. ) ;
#5795 = AXIS2_PLACEMENT_3D ( 'NONE', #2559, #5280, #740 ) ;
#5796 = DIRECTION ( 'NONE',  ( 0.000000000000000000, -1.000000000000000000, 0.000000000000000000 ) ) ;
#5797 = ORIENTED_EDGE ( 'NONE', *, *, #3566, .F. ) ;
#5798 = DATE_AND_TIME ( #5572, #795 ) ;
#5799 = LINE ( 'NONE', #2362, #1279 ) ;
#5800 = CARTESIAN_POINT ( 'NONE',  ( -3843.999999999977263, 15.00000000002273204, 481.9999999999998295 ) ) ;
#5801 = VECTOR ( 'NONE', #2802, 1000.000000000000000 ) ;
#5802 = CARTESIAN_POINT ( 'NONE',  ( -3843.999999999977263, 85.00000000002273737, 474.9999999999998863 ) ) ;
#5803 = APPROVAL ( #1160, '未指定' ) ;
#5804 = FACE_OUTER_BOUND ( 'NONE', #3128, .T. ) ;
#5805 = EDGE_CURVE ( 'NONE', #1950, #3328, #4167, .T. ) ;
#5806 = DIRECTION ( 'NONE',  ( -1.000000000000000000, 0.000000000000000000, 0.000000000000000000 ) ) ;
#5807 = ORIENTED_EDGE ( 'NONE', *, *, #4997, .F. ) ;
#5808 = CARTESIAN_POINT ( 'NONE',  ( -3894.799999999977445, 2215.250000000022737, 596.7999999999999545 ) ) ;
#5809 = VECTOR ( 'NONE', #4258, 1000.000000000000000 ) ;
#5810 = FACE_OUTER_BOUND ( 'NONE', #759, .T. ) ;
#5811 = CARTESIAN_POINT ( 'NONE',  ( -269.4999999999998295, -223.0000000000000000, 279.0000000000000000 ) ) ;
#5812 = ORIENTED_EDGE ( 'NONE', *, *, #5593, .F. ) ;
#5813 = EDGE_CURVE ( 'NONE', #7, #2928, #3820, .T. ) ;
#5814 = CARTESIAN_POINT ( 'NONE',  ( 0.000000000000000000, 15.00000000000001421, 0.000000000000000000 ) ) ;
#5815 = VECTOR ( 'NONE', #1136, 1000.000000000000000 ) ;
#5816 = ORIENTED_EDGE ( 'NONE', *, *, #3674, .F. ) ;
#5817 = CIRCLE ( 'NONE', #1395, 27.00000000000013500 ) ;
#5818 = ORIENTED_EDGE ( 'NONE', *, *, #1802, .T. ) ;
#5819 = VECTOR ( 'NONE', #3684, 1000.000000000000000 ) ;
#5820 = VERTEX_POINT ( 'NONE', #3646 ) ;
#5821 = CIRCLE ( 'NONE', #2819, 20.00000000000018474 ) ;
#5822 = AXIS2_PLACEMENT_3D ( 'NONE', #529, #2742, #3692 ) ;
#5823 = DIRECTION ( 'NONE',  ( -0.000000000000000000, 1.000000000000000000, -0.000000000000000000 ) ) ;
#5824 = DIRECTION ( 'NONE',  ( -0.000000000000000000, 1.000000000000000000, -0.000000000000000000 ) ) ;
#5825 = VERTEX_POINT ( 'NONE', #571 ) ;
#5826 = FACE_OUTER_BOUND ( 'NONE', #3511, .T. ) ;
#5827 = EDGE_LOOP ( 'NONE', ( #4662, #244, #3138, #4490 ) ) ;
#5828 = EDGE_LOOP ( 'NONE', ( #3574, #2691, #2341, #179 ) ) ;
#5829 = ADVANCED_FACE ( 'NONE', ( #4874 ), #4092, .T. ) ;
#5830 = ORIENTED_EDGE ( 'NONE', *, *, #4360, .F. ) ;
#5831 = CARTESIAN_POINT ( 'NONE',  ( -3884.099999999977626, 1865.250000000022510, 600.0499999999996135 ) ) ;
#5832 = CARTESIAN_POINT ( 'NONE',  ( -268.5000000000000000, -155.9999999999999432, -480.0000000000000000 ) ) ;
#5833 = EDGE_CURVE ( 'NONE', #5757, #1566, #5512, .T. ) ;
#5834 = AXIS2_PLACEMENT_3D ( 'NONE', #403, #5711, #3889 ) ;
#5835 = VERTEX_POINT ( 'NONE', #2320 ) ;
#5836 = EDGE_LOOP ( 'NONE', ( #3903, #1730, #3936, #2847 ) ) ;
#5837 = CARTESIAN_POINT ( 'NONE',  ( 268.4999999999999432, 60.99999999999999289, -480.0000000000000000 ) ) ;
#5838 = NEXT_ASSEMBLY_USAGE_OCCURRENCE ( 'NAUO1', ' ', ' ', #2998, #3537, $ ) ;
#5839 = NEXT_ASSEMBLY_USAGE_OCCURRENCE ( 'NAUO2', ' ', ' ', #2998, #5073, $ ) ;
#5840 = NEXT_ASSEMBLY_USAGE_OCCURRENCE ( 'NAUO3', ' ', ' ', #2998, #2057, $ ) ;
#5841 = NEXT_ASSEMBLY_USAGE_OCCURRENCE ( 'NAUO4', ' ', ' ', #2998, #749, $ ) ;
#5842 = NEXT_ASSEMBLY_USAGE_OCCURRENCE ( 'NAUO5', ' ', ' ', #2998, #3499, $ ) ;
#5843 = NEXT_ASSEMBLY_USAGE_OCCURRENCE ( 'NAUO6', ' ', ' ', #2998, #3499, $ ) ;
ENDSEC;
END-ISO-10303-21;
