ISO-10303-21;
HEADER;
FILE_DESCRIPTION (( 'STEP AP203' ),
    '1' );
FILE_NAME ('高柜05.STEP',
    '2026-05-27T02:04:45',
    ( 'Windows 用户' ),
    ( 'Microsoft' ),
    'SwSTEP 2.0',
    'SolidWorks 2018',
    '' );
FILE_SCHEMA (( 'CONFIG_CONTROL_DESIGN' ));
ENDSEC;

DATA;
#1 = VECTOR ( 'NONE', #1499, 1000.000000000000000 ) ;
#2 = DIRECTION ( 'NONE',  ( -1.000000000000000000, -0.000000000000000000, -0.000000000000000000 ) ) ;
#3 = ORIENTED_EDGE ( 'NONE', *, *, #4758, .T. ) ;
#4 = ORIENTED_EDGE ( 'NONE', *, *, #6, .F. ) ;
#5 = CC_DESIGN_DATE_AND_TIME_ASSIGNMENT ( #2145, #4634, ( #3091 ) ) ;
#6 = EDGE_CURVE ( 'NONE', #3913, #273, #807, .T. ) ;
#7 = ORIENTED_EDGE ( 'NONE', *, *, #4698, .T. ) ;
#8 = CARTESIAN_POINT ( 'NONE',  ( -3329.999999999977263, 130.0000000000222826, 580.0000000000000000 ) ) ;
#9 = VECTOR ( 'NONE', #3420, 1000.000000000000000 ) ;
#10 = EDGE_LOOP ( 'NONE', ( #3197, #3189, #5418, #3671 ) ) ;
#11 = EDGE_CURVE ( 'NONE', #2043, #4204, #4650, .T. ) ;
#12 = VECTOR ( 'NONE', #4348, 1000.000000000000000 ) ;
#13 = ADVANCED_FACE ( 'NONE', ( #604 ), #3231, .F. ) ;
#14 = ORIENTED_EDGE ( 'NONE', *, *, #1795, .F. ) ;
#15 = LINE ( 'NONE', #1648, #3731 ) ;
#16 = DIRECTION ( 'NONE',  ( -3.947459643111667973E-16, 1.000000000000000000, 0.000000000000000000 ) ) ;
#17 = EDGE_CURVE ( 'NONE', #5383, #4413, #2361, .T. ) ;
#18 = AXIS2_PLACEMENT_3D ( 'NONE', #3728, #2859, #5414 ) ;
#19 = ORIENTED_EDGE ( 'NONE', *, *, #4720, .F. ) ;
#20 = LINE ( 'NONE', #1380, #511 ) ;
#21 = DIRECTION ( 'NONE',  ( 0.000000000000000000, 1.000000000000000000, 0.000000000000000000 ) ) ;
#22 = VERTEX_POINT ( 'NONE', #3180 ) ;
#23 = CARTESIAN_POINT ( 'NONE',  ( 1.700029006457270953E-13, 1015.000000000000114, 15.00000000000000000 ) ) ;
#24 = AXIS2_PLACEMENT_3D ( 'NONE', #5274, #1411, #1446 ) ;
#25 = LINE ( 'NONE', #2718, #1459 ) ;
#26 = ORIENTED_EDGE ( 'NONE', *, *, #3529, .F. ) ;
#27 = DIRECTION ( 'NONE',  ( -0.000000000000000000, -0.000000000000000000, -1.000000000000000000 ) ) ;
#28 = CARTESIAN_POINT ( 'NONE',  ( 1.708382284810557841E-13, 1125.000000000000000, 3.000000000000002665 ) ) ;
#29 = FACE_OUTER_BOUND ( 'NONE', #405, .T. ) ;
#30 = AXIS2_PLACEMENT_3D ( 'NONE', #2150, #5282, #4291 ) ;
#31 = CARTESIAN_POINT ( 'NONE',  ( -3313.199999999977990, 1010.250000000019895, 604.7999999999999545 ) ) ;
#32 = ORIENTED_EDGE ( 'NONE', *, *, #932, .F. ) ;
#33 = EDGE_CURVE ( 'NONE', #5202, #1295, #3904, .T. ) ;
#34 = DIRECTION ( 'NONE',  ( 0.000000000000000000, 0.000000000000000000, 1.000000000000000000 ) ) ;
#35 = FACE_OUTER_BOUND ( 'NONE', #3921, .T. ) ;
#36 = LINE ( 'NONE', #5275, #4498 ) ;
#37 = DIRECTION ( 'NONE',  ( 0.000000000000000000, 0.000000000000000000, 1.000000000000000000 ) ) ;
#38 = CALENDAR_DATE ( 2026, 27, 5 ) ;
#39 = ADVANCED_FACE ( 'NONE', ( #666 ), #4932, .T. ) ;
#40 = ORIENTED_EDGE ( 'NONE', *, *, #1439, .F. ) ;
#41 = VECTOR ( 'NONE', #5077, 1000.000000000000000 ) ;
#42 = CARTESIAN_POINT ( 'NONE',  ( -3315.899999999977808, 1010.250000000019895, 601.0500000000001819 ) ) ;
#43 = CARTESIAN_POINT ( 'NONE',  ( -3305.199999999977990, 2210.250000000020009, 580.0000000000000000 ) ) ;
#44 = LINE ( 'NONE', #1419, #234 ) ;
#45 = EDGE_CURVE ( 'NONE', #5293, #2698, #2080, .T. ) ;
#46 = PERSON_AND_ORGANIZATION ( #682, #186 ) ;
#47 = DIRECTION ( 'NONE',  ( 0.000000000000000000, 0.000000000000000000, 1.000000000000000000 ) ) ;
#48 = ORIENTED_EDGE ( 'NONE', *, *, #2330, .T. ) ;
#49 = VECTOR ( 'NONE', #2398, 1000.000000000000000 ) ;
#50 = CARTESIAN_POINT ( 'NONE',  ( -3315.899999999977808, 1010.250000000019895, 596.0000000000000000 ) ) ;
#51 = DIRECTION ( 'NONE',  ( 0.000000000000000000, 0.000000000000000000, -1.000000000000000000 ) ) ;
#52 = EDGE_CURVE ( 'NONE', #1919, #1015, #953, .T. ) ;
#53 = DIRECTION ( 'NONE',  ( -0.000000000000000000, 0.000000000000000000, 1.000000000000000000 ) ) ;
#54 = EDGE_CURVE ( 'NONE', #1019, #4109, #5051, .T. ) ;
#55 = ORIENTED_EDGE ( 'NONE', *, *, #3130, .F. ) ;
#56 = ORIENTED_EDGE ( 'NONE', *, *, #2240, .F. ) ;
#57 = EDGE_LOOP ( 'NONE', ( #3477, #493 ) ) ;
#58 = CARTESIAN_POINT ( 'NONE',  ( -3315.899999999977808, 210.2500000000200657, 596.0000000000000000 ) ) ;
#59 = ORIENTED_EDGE ( 'NONE', *, *, #5337, .T. ) ;
#60 = CIRCLE ( 'NONE', #1029, 5.000000000000000888 ) ;
#61 = ORIENTED_EDGE ( 'NONE', *, *, #596, .F. ) ;
#62 = AXIS2_PLACEMENT_3D ( 'NONE', #3251, #3468, #5457 ) ;
#63 = CARTESIAN_POINT ( 'NONE',  ( -3329.999999999977717, 1839.750000000020236, 580.0000000000000000 ) ) ;
#64 = CARTESIAN_POINT ( 'NONE',  ( -3843.999999999977263, 100.0000000000198526, 82.00000000000001421 ) ) ;
#65 = ADVANCED_FACE ( 'NONE', ( #4098 ), #1816, .T. ) ;
#66 = ORIENTED_EDGE ( 'NONE', *, *, #1219, .T. ) ;
#67 = VECTOR ( 'NONE', #4448, 1000.000000000000000 ) ;
#68 = ORIENTED_EDGE ( 'NONE', *, *, #3493, .T. ) ;
#69 = CARTESIAN_POINT ( 'NONE',  ( 33.00000000000018474, 585.0000000000001137, 3.000000000000007105 ) ) ;
#70 = AXIS2_PLACEMENT_3D ( 'NONE', #3381, #1221, #298 ) ;
#71 = ADVANCED_FACE ( 'NONE', ( #464, #2967 ), #1519, .T. ) ;
#72 = VERTEX_POINT ( 'NONE', #1126 ) ;
#73 = CARTESIAN_POINT ( 'NONE',  ( -3313.199999999977990, 1410.250000000020009, 596.7999999999999545 ) ) ;
#74 = ORIENTED_EDGE ( 'NONE', *, *, #4691, .F. ) ;
#75 = PLANE ( 'NONE',  #2603 ) ;
#76 = ORIENTED_EDGE ( 'NONE', *, *, #3068, .T. ) ;
#77 = CARTESIAN_POINT ( 'NONE',  ( 1.708382284810557841E-13, 1125.000000000000000, 3.000000000000002665 ) ) ;
#78 = CC_DESIGN_APPROVAL ( #965, ( #667 ) ) ;
#79 = VECTOR ( 'NONE', #3972, 1000.000000000000000 ) ;
#80 = EDGE_CURVE ( 'NONE', #4564, #1443, #1620, .T. ) ;
#81 = CARTESIAN_POINT ( 'NONE',  ( -3329.999999999977263, 1810.250000000020009, 596.7999999999999545 ) ) ;
#82 = EDGE_LOOP ( 'NONE', ( #1233, #188, #111, #141, #5595, #4122 ) ) ;
#83 = DIRECTION ( 'NONE',  ( 0.000000000000000000, -1.000000000000000000, 0.000000000000000000 ) ) ;
#84 = DIRECTION ( 'NONE',  ( -1.973729821555833987E-16, 1.000000000000000000, 0.000000000000000000 ) ) ;
#85 = ORIENTED_EDGE ( 'NONE', *, *, #3339, .T. ) ;
#86 = EDGE_CURVE ( 'NONE', #3146, #2199, #3976, .T. ) ;
#87 = LINE ( 'NONE', #2059, #3073 ) ;
#88 = ORIENTED_EDGE ( 'NONE', *, *, #4464, .T. ) ;
#89 = DIRECTION ( 'NONE',  ( 0.000000000000000000, 0.000000000000000000, 1.000000000000000000 ) ) ;
#90 = FACE_OUTER_BOUND ( 'NONE', #201, .T. ) ;
#91 = AXIS2_PLACEMENT_3D ( 'NONE', #2629, #3217, #3701 ) ;
#92 = DIRECTION ( 'NONE',  ( 0.000000000000000000, 1.000000000000000000, 0.000000000000000000 ) ) ;
#93 = ORIENTED_EDGE ( 'NONE', *, *, #4861, .F. ) ;
#94 = FACE_BOUND ( 'NONE', #1369, .T. ) ;
#95 = CARTESIAN_POINT ( 'NONE',  ( 15.00000000000016875, 585.0000000000001137, 30.00000000000000000 ) ) ;
#96 = DIRECTION ( 'NONE',  ( -1.000000000000000000, 0.000000000000000000, -0.000000000000000000 ) ) ;
#97 = DIRECTION ( 'NONE',  ( 0.000000000000000000, 0.000000000000000000, 1.000000000000000000 ) ) ;
#98 = DIRECTION ( 'NONE',  ( 1.973729821555833987E-16, -1.000000000000000000, 0.000000000000000000 ) ) ;
#99 = VERTEX_POINT ( 'NONE', #4143 ) ;
#100 = VECTOR ( 'NONE', #1146, 1000.000000000000000 ) ;
#101 = PERSON_AND_ORGANIZATION ( #4781, #4293 ) ;
#102 = DIRECTION ( 'NONE',  ( -1.248475228922698363E-16, 0.000000000000000000, 1.000000000000000000 ) ) ;
#103 = ORIENTED_EDGE ( 'NONE', *, *, #3560, .T. ) ;
#104 = CIRCLE ( 'NONE', #1014, 6.500000000000000888 ) ;
#105 = DIRECTION ( 'NONE',  ( -0.000000000000000000, 1.000000000000000000, -0.000000000000000000 ) ) ;
#106 = CIRCLE ( 'NONE', #714, 5.050000000000220979 ) ;
#107 = CC_DESIGN_PERSON_AND_ORGANIZATION_ASSIGNMENT ( #587, #2106, ( #1065 ) ) ;
#108 = CC_DESIGN_PERSON_AND_ORGANIZATION_ASSIGNMENT ( #3617, #286, ( #4551 ) ) ;
#109 = CALENDAR_DATE ( 2026, 27, 5 ) ;
#110 = EDGE_CURVE ( 'NONE', #99, #5446, #5527, .T. ) ;
#111 = ORIENTED_EDGE ( 'NONE', *, *, #4800, .T. ) ;
#112 = DIRECTION ( 'NONE',  ( 1.000000000000000000, 0.000000000000000000, -0.000000000000000000 ) ) ;
#113 = CYLINDRICAL_SURFACE ( 'NONE', #3494, 5.050000000000220979 ) ;
#114 = DIRECTION ( 'NONE',  ( 0.000000000000000000, 1.000000000000000000, 0.000000000000000000 ) ) ;
#115 = VERTEX_POINT ( 'NONE', #1945 ) ;
#116 = CARTESIAN_POINT ( 'NONE',  ( 15.90000000000017089, 1123.500000000000000, 15.90000000000000036 ) ) ;
#117 = ORIENTED_EDGE ( 'NONE', *, *, #1764, .T. ) ;
#118 = EDGE_CURVE ( 'NONE', #3128, #2634, #4512, .T. ) ;
#119 = DIRECTION ( 'NONE',  ( -0.000000000000000000, -0.000000000000000000, -1.000000000000000000 ) ) ;
#120 = CARTESIAN_POINT ( 'NONE',  ( -3329.999999999977263, -6.572520305780882291E-13, 22.00000000000002132 ) ) ;
#121 = VECTOR ( 'NONE', #395, 1000.000000000000000 ) ;
#122 = ORIENTED_EDGE ( 'NONE', *, *, #110, .T. ) ;
#123 = CARTESIAN_POINT ( 'NONE',  ( 15.90000000000017089, 985.0000000000003411, 10.90000000000000036 ) ) ;
#124 = DIRECTION ( 'NONE',  ( 0.000000000000000000, 1.000000000000000000, 0.000000000000000000 ) ) ;
#125 = EDGE_CURVE ( 'NONE', #2504, #3770, #2830, .T. ) ;
#126 = DIRECTION ( 'NONE',  ( 0.000000000000000000, 0.000000000000000000, 1.000000000000000000 ) ) ;
#127 = AXIS2_PLACEMENT_3D ( 'NONE', #1056, #1496, #5385 ) ;
#128 = CYLINDRICAL_SURFACE ( 'NONE', #852, 15.00000000000000000 ) ;
#129 = DIRECTION ( 'NONE',  ( -1.000000000000000000, 0.000000000000000000, 0.000000000000000000 ) ) ;
#130 = ORIENTED_EDGE ( 'NONE', *, *, #150, .T. ) ;
#131 = DIRECTION ( 'NONE',  ( 0.000000000000000000, 0.000000000000000000, -1.000000000000000000 ) ) ;
#132 = DIRECTION ( 'NONE',  ( 0.000000000000000000, 0.000000000000000000, 1.000000000000000000 ) ) ;
#133 = EDGE_CURVE ( 'NONE', #4990, #4829, #1213, .T. ) ;
#134 = LINE ( 'NONE', #4777, #2916 ) ;
#135 = EDGE_LOOP ( 'NONE', ( #2079, #5324, #3708, #1136 ) ) ;
#136 = AXIS2_PLACEMENT_3D ( 'NONE', #4867, #3144, #5310 ) ;
#137 = CARTESIAN_POINT ( 'NONE',  ( 15.90000000000017089, -214.9999999999999716, 10.90000000000000036 ) ) ;
#138 = ORIENTED_EDGE ( 'NONE', *, *, #3511, .F. ) ;
#139 = DIRECTION ( 'NONE',  ( -1.000000000000000000, 0.000000000000000000, -0.000000000000000000 ) ) ;
#140 = DIRECTION ( 'NONE',  ( 1.000000000000000000, 0.000000000000000000, -0.000000000000000000 ) ) ;
#141 = ORIENTED_EDGE ( 'NONE', *, *, #4379, .T. ) ;
#142 = LINE ( 'NONE', #3809, #692 ) ;
#143 = CARTESIAN_POINT ( 'NONE',  ( 33.00000000000017764, -585.0000000000000000, 30.00000000000000000 ) ) ;
#144 = AXIS2_PLACEMENT_3D ( 'NONE', #4563, #1571, #3654 ) ;
#145 = ORIENTED_EDGE ( 'NONE', *, *, #749, .T. ) ;
#146 = FACE_OUTER_BOUND ( 'NONE', #3532, .T. ) ;
#147 = CARTESIAN_POINT ( 'NONE',  ( 15.90000000000017089, 1123.500000000000000, 15.90000000000000036 ) ) ;
#148 = DIRECTION ( 'NONE',  ( -0.000000000000000000, -1.000000000000000000, -0.000000000000000000 ) ) ;
#149 = ORIENTED_EDGE ( 'NONE', *, *, #4710, .T. ) ;
#150 = EDGE_CURVE ( 'NONE', #3595, #4479, #1484, .T. ) ;
#151 = VECTOR ( 'NONE', #5290, 1000.000000000000114 ) ;
#152 = CARTESIAN_POINT ( 'NONE',  ( -3321.999999999977717, 1810.250000000020009, 604.7999999999997272 ) ) ;
#153 = ORIENTED_EDGE ( 'NONE', *, *, #3266, .F. ) ;
#154 = DIRECTION ( 'NONE',  ( 0.000000000000000000, 1.000000000000000000, 0.000000000000000000 ) ) ;
#155 = CYLINDRICAL_SURFACE ( 'NONE', #2971, 5.000000000000000888 ) ;
#156 = EDGE_CURVE ( 'NONE', #3158, #613, #4787, .T. ) ;
#157 = ORIENTED_EDGE ( 'NONE', *, *, #5478, .T. ) ;
#158 = CARTESIAN_POINT ( 'NONE',  ( -3315.899999999977808, 1439.750000000020009, 590.9499999999997044 ) ) ;
#159 = FACE_OUTER_BOUND ( 'NONE', #3856, .T. ) ;
#160 = CARTESIAN_POINT ( 'NONE',  ( 15.90000000000017089, 1015.000000000000114, 10.90000000000000036 ) ) ;
#161 = EDGE_CURVE ( 'NONE', #4391, #4990, #182, .T. ) ;
#162 = ORIENTED_EDGE ( 'NONE', *, *, #3666, .T. ) ;
#163 = CARTESIAN_POINT ( 'NONE',  ( 15.00000000000016875, 1125.000000000000000, 15.00000000000000000 ) ) ;
#164 = AXIS2_PLACEMENT_3D ( 'NONE', #195, #4521, #247 ) ;
#165 = DIRECTION ( 'NONE',  ( 0.7071067811865460184, 8.659560562354913137E-17, -0.7071067811865489050 ) ) ;
#166 = LINE ( 'NONE', #225, #4701 ) ;
#167 = ORIENTED_EDGE ( 'NONE', *, *, #5287, .F. ) ;
#168 = CIRCLE ( 'NONE', #4393, 5.050000000000220979 ) ;
#169 = DIRECTION ( 'NONE',  ( 0.000000000000000000, -0.000000000000000000, 1.000000000000000000 ) ) ;
#170 = VECTOR ( 'NONE', #269, 1000.000000000000000 ) ;
#171 = CARTESIAN_POINT ( 'NONE',  ( 15.90000000000017089, -1125.000000000000000, 15.90000000000000036 ) ) ;
#172 = CALENDAR_DATE ( 2026, 27, 5 ) ;
#173 = DIRECTION ( 'NONE',  ( -0.000000000000000000, -1.000000000000000000, -0.000000000000000000 ) ) ;
#174 = AXIS2_PLACEMENT_3D ( 'NONE', #554, #2224, #2185 ) ;
#175 = EDGE_LOOP ( 'NONE', ( #5574, #32, #4174, #886 ) ) ;
#176 = FACE_OUTER_BOUND ( 'NONE', #551, .T. ) ;
#177 = VECTOR ( 'NONE', #940, 1000.000000000000000 ) ;
#178 = PLANE ( 'NONE',  #5352 ) ;
#179 = PLANE ( 'NONE',  #4924 ) ;
#180 = COORDINATED_UNIVERSAL_TIME_OFFSET ( 8, 0, .AHEAD. ) ;
#181 = EDGE_LOOP ( 'NONE', ( #26, #55, #2659, #1119, #4636, #504 ) ) ;
#182 = LINE ( 'NONE', #3301, #531 ) ;
#183 = CC_DESIGN_DATE_AND_TIME_ASSIGNMENT ( #3900, #2084, ( #2615 ) ) ;
#184 = EDGE_CURVE ( 'NONE', #1374, #1475, #2692, .T. ) ;
#185 = CARTESIAN_POINT ( 'NONE',  ( 1.708382284810557841E-13, 1125.000000000000000, 15.00000000000000000 ) ) ;
#186 = ORGANIZATION ( '未指定', '未指定', '' ) ;
#187 = DIRECTION ( 'NONE',  ( 0.000000000000000000, 1.000000000000000000, 0.000000000000000000 ) ) ;
#188 = ORIENTED_EDGE ( 'NONE', *, *, #3266, .T. ) ;
#189 = VERTEX_POINT ( 'NONE', #4534 ) ;
#190 = DIRECTION ( 'NONE',  ( -2.523234146875355998E-16, 0.000000000000000000, 1.000000000000000000 ) ) ;
#191 = DIRECTION ( 'NONE',  ( 1.000000000000000000, -0.000000000000000000, -0.000000000000000000 ) ) ;
#192 = MANIFOLD_SOLID_BREP ( '阵列(线性)4', #1223 ) ;
#193 = EDGE_CURVE ( 'NONE', #3309, #2115, #2480, .T. ) ;
#194 = ORIENTED_EDGE ( 'NONE', *, *, #642, .F. ) ;
#195 = CARTESIAN_POINT ( 'NONE',  ( -3843.999999999977263, 85.00000000001985256, 502.0000000000000000 ) ) ;
#196 = LINE ( 'NONE', #756, #1558 ) ;
#197 = APPLICATION_CONTEXT ( 'configuration controlled 3d designs of mechanical parts and assemblies' ) ;
#198 = ORIENTED_EDGE ( 'NONE', *, *, #1117, .F. ) ;
#199 = CARTESIAN_POINT ( 'NONE',  ( 15.90000000000017089, 615.0000000000002274, 20.90000000000000213 ) ) ;
#200 = LINE ( 'NONE', #4427, #3509 ) ;
#201 = EDGE_LOOP ( 'NONE', ( #281, #3834, #1865, #3120 ) ) ;
#202 = CARTESIAN_POINT ( 'NONE',  ( -3843.999999999977263, 15.00000000001984546, 502.0000000000000000 ) ) ;
#203 = AXIS2_PLACEMENT_3D ( 'NONE', #1757, #3444, #465 ) ;
#204 = LINE ( 'NONE', #533, #908 ) ;
#205 = VERTEX_POINT ( 'NONE', #3804 ) ;
#206 = CARTESIAN_POINT ( 'NONE',  ( -3321.999999999977717, 610.2500000000200089, 604.7999999999997272 ) ) ;
#207 = VERTEX_POINT ( 'NONE', #2821 ) ;
#208 = AXIS2_PLACEMENT_3D ( 'NONE', #5004, #1602, #2021 ) ;
#209 = CARTESIAN_POINT ( 'NONE',  ( 1.734723475976807094E-13, -214.9999999999999432, 3.000000000000003109 ) ) ;
#210 = ORIENTED_EDGE ( 'NONE', *, *, #3028, .F. ) ;
#211 = CARTESIAN_POINT ( 'NONE',  ( -3329.999999999977717, 210.2500000000200657, 580.0000000000000000 ) ) ;
#212 = PLANE ( 'NONE',  #576 ) ;
#213 = CYLINDRICAL_SURFACE ( 'NONE', #4707, 7.999999999999785061 ) ;
#214 = APPROVAL_ROLE ( '' ) ;
#215 = CARTESIAN_POINT ( 'NONE',  ( 0.000000000000000000, -585.0000000000000000, 30.00000000000000000 ) ) ;
#216 = EDGE_LOOP ( 'NONE', ( #4502, #5473, #219, #4135, #632, #4732, #3055, #2152, #3908, #2019, #3230, #1712, #3487, #341, #7, #2285, #1026, #3122, #1951, #3854, #3665, #4288, #5382, #538, #4382, #227, #5558, #1003 ) ) ;
#217 = FACE_OUTER_BOUND ( 'NONE', #2738, .T. ) ;
#218 = EDGE_CURVE ( 'NONE', #1958, #4730, #1686, .T. ) ;
#219 = ORIENTED_EDGE ( 'NONE', *, *, #218, .T. ) ;
#220 = DIRECTION ( 'NONE',  ( 0.000000000000000000, -1.000000000000000000, 0.000000000000000000 ) ) ;
#221 = ORIENTED_EDGE ( 'NONE', *, *, #1174, .T. ) ;
#222 = EDGE_CURVE ( 'NONE', #4583, #3500, #1076, .T. ) ;
#223 = VECTOR ( 'NONE', #3196, 1000.000000000000000 ) ;
#224 = DIRECTION ( 'NONE',  ( 0.000000000000000000, 1.000000000000000000, 0.000000000000000000 ) ) ;
#225 = CARTESIAN_POINT ( 'NONE',  ( -3329.999999999977263, 1010.250000000019895, 596.7999999999999545 ) ) ;
#226 = APPLICATION_CONTEXT ( 'configuration controlled 3d designs of mechanical parts and assemblies' ) ;
#227 = ORIENTED_EDGE ( 'NONE', *, *, #864, .T. ) ;
#228 = LINE ( 'NONE', #1329, #5505 ) ;
#229 = EDGE_CURVE ( 'NONE', #4995, #2634, #887, .T. ) ;
#230 = AXIS2_PLACEMENT_3D ( 'NONE', #1256, #759, #1175 ) ;
#231 = DIRECTION ( 'NONE',  ( 0.000000000000000000, 0.000000000000000000, -1.000000000000000000 ) ) ;
#232 = ADVANCED_FACE ( 'NONE', ( #4983 ), #762, .T. ) ;
#233 = ORIENTED_EDGE ( 'NONE', *, *, #301, .F. ) ;
#234 = VECTOR ( 'NONE', #5264, 1000.000000000000000 ) ;
#235 = CARTESIAN_POINT ( 'NONE',  ( -3313.199999999977990, 2210.250000000020009, 604.7999999999999545 ) ) ;
#236 = CYLINDRICAL_SURFACE ( 'NONE', #5234, 27.00000000000010658 ) ;
#237 = LOCAL_TIME ( 10, 4, 45.00000000000000000, #1403 ) ;
#238 = ORIENTED_EDGE ( 'NONE', *, *, #1831, .F. ) ;
#239 = CYLINDRICAL_SURFACE ( 'NONE', #4103, 5.050000000000220979 ) ;
#240 = DIRECTION ( 'NONE',  ( 1.000000000000000000, 0.000000000000000000, -0.000000000000000000 ) ) ;
#241 = LINE ( 'NONE', #3912, #5311 ) ;
#242 = LOCAL_TIME ( 10, 4, 45.00000000000000000, #3029 ) ;
#243 = DIRECTION ( 'NONE',  ( 0.000000000000000000, 0.000000000000000000, -1.000000000000000000 ) ) ;
#244 = EDGE_LOOP ( 'NONE', ( #2265, #4552, #5059, #3335 ) ) ;
#245 = DIRECTION ( 'NONE',  ( -0.000000000000000000, -0.000000000000000000, -1.000000000000000000 ) ) ;
#246 = FACE_OUTER_BOUND ( 'NONE', #82, .T. ) ;
#247 = DIRECTION ( 'NONE',  ( 0.000000000000000000, 0.000000000000000000, -1.000000000000000000 ) ) ;
#248 = DIRECTION ( 'NONE',  ( -0.9712699884670148442, 0.000000000000000000, -0.2379802712480276194 ) ) ;
#249 = CARTESIAN_POINT ( 'NONE',  ( -3353.999999999976808, 85.00000000001949729, 502.0000000000000000 ) ) ;
#250 = ORIENTED_EDGE ( 'NONE', *, *, #118, .F. ) ;
#251 = ORIENTED_EDGE ( 'NONE', *, *, #3992, .F. ) ;
#252 = DIRECTION ( 'NONE',  ( 0.000000000000000000, 0.000000000000000000, -1.000000000000000000 ) ) ;
#253 = CARTESIAN_POINT ( 'NONE',  ( 0.000000000000000000, 130.0000000000222826, 22.00000000000002132 ) ) ;
#254 = CARTESIAN_POINT ( 'NONE',  ( -3305.199999999977990, 1039.750000000020009, 580.0000000000000000 ) ) ;
#255 = VERTEX_POINT ( 'NONE', #5508 ) ;
#256 = LINE ( 'NONE', #3983, #818 ) ;
#257 = ORIENTED_EDGE ( 'NONE', *, *, #900, .T. ) ;
#258 = EDGE_CURVE ( 'NONE', #3795, #3847, #1339, .T. ) ;
#259 = DIRECTION ( 'NONE',  ( 0.000000000000000000, -0.000000000000000000, 1.000000000000000000 ) ) ;
#260 = CARTESIAN_POINT ( 'NONE',  ( -3321.999999999977717, 1010.250000000019895, 596.7999999999999545 ) ) ;
#261 = DIRECTION ( 'NONE',  ( -2.523234146875355998E-16, 0.000000000000000000, 1.000000000000000000 ) ) ;
#262 = EDGE_LOOP ( 'NONE', ( #4239, #2447, #2973, #4613 ) ) ;
#263 = FACE_BOUND ( 'NONE', #3815, .T. ) ;
#264 = DIRECTION ( 'NONE',  ( 0.000000000000000000, 1.000000000000000000, 0.000000000000000000 ) ) ;
#265 = CARTESIAN_POINT ( 'NONE',  ( -33.00000000000001421, -615.0000000000000000, 2.999999999999998668 ) ) ;
#266 = EDGE_CURVE ( 'NONE', #115, #3564, #4645, .T. ) ;
#267 = EDGE_CURVE ( 'NONE', #4117, #545, #2416, .T. ) ;
#268 = DIRECTION ( 'NONE',  ( 0.6814425758456718052, 0.000000000000000000, 0.7318715842446785746 ) ) ;
#269 = DIRECTION ( 'NONE',  ( 0.000000000000000000, -0.000000000000000000, 1.000000000000000000 ) ) ;
#270 = FACE_OUTER_BOUND ( 'NONE', #2496, .T. ) ;
#271 = VERTEX_POINT ( 'NONE', #378 ) ;
#272 = ADVANCED_FACE ( 'NONE', ( #882 ), #296, .T. ) ;
#273 = VERTEX_POINT ( 'NONE', #3398 ) ;
#274 = PLANE ( 'NONE',  #2174 ) ;
#275 = DIRECTION ( 'NONE',  ( 0.000000000000000000, 0.000000000000000000, 1.000000000000000000 ) ) ;
#276 = CARTESIAN_POINT ( 'NONE',  ( -3843.999999999977263, 85.00000000001985256, 502.0000000000000000 ) ) ;
#277 = VERTEX_POINT ( 'NONE', #4217 ) ;
#278 = AXIS2_PLACEMENT_3D ( 'NONE', #3126, #4417, #4219 ) ;
#279 = CYLINDRICAL_SURFACE ( 'NONE', #5314, 5.050000000000220979 ) ;
#280 = CARTESIAN_POINT ( 'NONE',  ( -3329.999999999977263, -6.572520305780882291E-13, 580.0000000000000000 ) ) ;
#281 = ORIENTED_EDGE ( 'NONE', *, *, #5254, .F. ) ;
#282 = CIRCLE ( 'NONE', #3791, 15.00000000000000000 ) ;
#283 = AXIS2_PLACEMENT_3D ( 'NONE', #3066, #2259, #4799 ) ;
#284 = DIRECTION ( 'NONE',  ( -0.000000000000000000, -1.000000000000000000, -0.000000000000000000 ) ) ;
#285 = VERTEX_POINT ( 'NONE', #4184 ) ;
#286 = PERSON_AND_ORGANIZATION_ROLE ( 'design_owner' ) ;
#287 = DIRECTION ( 'NONE',  ( -0.000000000000000000, 1.000000000000000000, -0.000000000000000000 ) ) ;
#288 = FACE_OUTER_BOUND ( 'NONE', #2640, .T. ) ;
#289 = DIRECTION ( 'NONE',  ( -0.000000000000000000, 1.000000000000000000, -0.000000000000000000 ) ) ;
#290 = CC_DESIGN_PERSON_AND_ORGANIZATION_ASSIGNMENT ( #2825, #3259, ( #1684 ) ) ;
#291 = ORIENTED_EDGE ( 'NONE', *, *, #2104, .F. ) ;
#292 = DIRECTION ( 'NONE',  ( 0.000000000000000000, -1.000000000000000000, 0.000000000000000000 ) ) ;
#293 = EDGE_CURVE ( 'NONE', #2815, #1698, #1875, .T. ) ;
#294 = LINE ( 'NONE', #4497, #3734 ) ;
#295 = ORIENTED_EDGE ( 'NONE', *, *, #3812, .T. ) ;
#296 = PLANE ( 'NONE',  #5194 ) ;
#297 = LINE ( 'NONE', #2580, #4763 ) ;
#298 = DIRECTION ( 'NONE',  ( 0.000000000000000000, -0.000000000000000000, -1.000000000000000000 ) ) ;
#299 = ADVANCED_FACE ( 'NONE', ( #5045, #1476 ), #2053, .F. ) ;
#300 = DIRECTION ( 'NONE',  ( 0.000000000000000000, 0.000000000000000000, -1.000000000000000000 ) ) ;
#301 = EDGE_CURVE ( 'NONE', #926, #4988, #3621, .T. ) ;
#302 = EDGE_LOOP ( 'NONE', ( #3975, #1834 ) ) ;
#303 = DIRECTION ( 'NONE',  ( 0.000000000000000000, -0.000000000000000000, -1.000000000000000000 ) ) ;
#304 = CARTESIAN_POINT ( 'NONE',  ( 600.0000000000002274, -1125.000000000000000, 30.00000000000000000 ) ) ;
#305 = VECTOR ( 'NONE', #1524, 1000.000000000000000 ) ;
#306 = COORDINATED_UNIVERSAL_TIME_OFFSET ( 8, 0, .AHEAD. ) ;
#307 = APPROVAL_STATUS ( 'not_yet_approved' ) ;
#308 = ORIENTED_EDGE ( 'NONE', *, *, #5193, .T. ) ;
#309 = EDGE_CURVE ( 'NONE', #5050, #910, #1142, .T. ) ;
#310 = VECTOR ( 'NONE', #4256, 1000.000000000000000 ) ;
#311 = AXIS2_PLACEMENT_3D ( 'NONE', #1667, #798, #5487 ) ;
#312 = LINE ( 'NONE', #2557, #1869 ) ;
#313 = DIRECTION ( 'NONE',  ( 0.000000000000000000, 0.000000000000000000, 1.000000000000000000 ) ) ;
#314 = CARTESIAN_POINT ( 'NONE',  ( -3843.999999999977263, 85.00000000001985256, 61.99999999999982947 ) ) ;
#315 = COORDINATED_UNIVERSAL_TIME_OFFSET ( 8, 0, .AHEAD. ) ;
#316 = ORIENTED_EDGE ( 'NONE', *, *, #54, .T. ) ;
#317 = FACE_BOUND ( 'NONE', #4662, .T. ) ;
#318 = EDGE_CURVE ( 'NONE', #5410, #2984, #4302, .T. ) ;
#319 = LOCAL_TIME ( 10, 4, 45.00000000000000000, #1479 ) ;
#320 = AXIS2_PLACEMENT_3D ( 'NONE', #4789, #2274, #3163 ) ;
#321 = CARTESIAN_POINT ( 'NONE',  ( -3843.999999999977263, 15.00000000001984546, 82.00000000000001421 ) ) ;
#322 = DIRECTION ( 'NONE',  ( 0.000000000000000000, 0.000000000000000000, 1.000000000000000000 ) ) ;
#323 = ORIENTED_EDGE ( 'NONE', *, *, #4876, .T. ) ;
#324 = VECTOR ( 'NONE', #259, 1000.000000000000000 ) ;
#325 = CARTESIAN_POINT ( 'NONE',  ( -3843.999999999977263, 100.0000000000198526, 529.0000000000001137 ) ) ;
#326 = ORIENTED_EDGE ( 'NONE', *, *, #5388, .F. ) ;
#327 = PERSON_AND_ORGANIZATION_ROLE ( 'classification_officer' ) ;
#328 = ORIENTED_EDGE ( 'NONE', *, *, #4057, .F. ) ;
#329 = EDGE_CURVE ( 'NONE', #4520, #1105, #2474, .T. ) ;
#330 = ADVANCED_FACE ( 'NONE', ( #176 ), #2262, .F. ) ;
#331 = ORIENTED_EDGE ( 'NONE', *, *, #3843, .T. ) ;
#332 = CARTESIAN_POINT ( 'NONE',  ( -3353.999999999976808, 15.00000000001948308, 61.99999999999982947 ) ) ;
#333 = VERTEX_POINT ( 'NONE', #2668 ) ;
#334 = FACE_OUTER_BOUND ( 'NONE', #3437, .T. ) ;
#335 = CARTESIAN_POINT ( 'NONE',  ( -3329.999999999977263, 1010.250000000019895, 596.7999999999999545 ) ) ;
#336 = ORIENTED_EDGE ( 'NONE', *, *, #1077, .F. ) ;
#337 = EDGE_CURVE ( 'NONE', #1438, #4942, #731, .T. ) ;
#338 = ORIENTED_EDGE ( 'NONE', *, *, #2254, .T. ) ;
#339 = FACE_OUTER_BOUND ( 'NONE', #2918, .T. ) ;
#340 = EDGE_LOOP ( 'NONE', ( #2229, #4031 ) ) ;
#341 = ORIENTED_EDGE ( 'NONE', *, *, #184, .T. ) ;
#342 = CARTESIAN_POINT ( 'NONE',  ( 15.00000000000016875, -1125.000000000000000, 30.00000000000000000 ) ) ;
#343 = CARTESIAN_POINT ( 'NONE',  ( -3353.999999999976808, 85.00000000001949729, 82.00000000000001421 ) ) ;
#344 = CARTESIAN_POINT ( 'NONE',  ( 15.00000000000016875, -615.0000000000000000, 30.00000000000000000 ) ) ;
#345 = VECTOR ( 'NONE', #2993, 1000.000000000000000 ) ;
#346 = CARTESIAN_POINT ( 'NONE',  ( 0.000000000000000000, 0.000000000000000000, 1000.000000000000000 ) ) ;
#347 = EDGE_LOOP ( 'NONE', ( #2298, #1903, #117, #3882 ) ) ;
#348 = DIRECTION ( 'NONE',  ( 0.000000000000000000, 0.000000000000000000, 1.000000000000000000 ) ) ;
#349 = EDGE_CURVE ( 'NONE', #2087, #2051, #4225, .T. ) ;
#350 = EDGE_CURVE ( 'NONE', #1192, #978, #5183, .T. ) ;
#351 = CLOSED_SHELL ( 'NONE', ( #5597, #5134, #4604, #1129, #39, #3831, #3356, #2650, #3057 ) ) ;
#352 = APPROVAL_STATUS ( 'not_yet_approved' ) ;
#353 = ORIENTED_EDGE ( 'NONE', *, *, #2838, .T. ) ;
#354 = DIRECTION ( 'NONE',  ( 0.000000000000000000, 1.000000000000000000, -0.000000000000000000 ) ) ;
#355 = DIRECTION ( 'NONE',  ( 0.000000000000000000, -0.000000000000000000, -1.000000000000000000 ) ) ;
#356 = CIRCLE ( 'NONE', #4553, 5.000000000000000888 ) ;
#357 = CARTESIAN_POINT ( 'NONE',  ( 1.708382284810557841E-13, 1125.000000000000000, 0.000000000000000000 ) ) ;
#358 = AXIS2_PLACEMENT_3D ( 'NONE', #2540, #372, #4697 ) ;
#359 = ORIENTED_EDGE ( 'NONE', *, *, #1287, .F. ) ;
#360 = LINE ( 'NONE', #2266, #1111 ) ;
#361 = DIRECTION ( 'NONE',  ( 0.000000000000000000, -1.000000000000000000, 0.000000000000000000 ) ) ;
#362 = ADVANCED_FACE ( 'NONE', ( #5590 ), #4033, .F. ) ;
#363 = CARTESIAN_POINT ( 'NONE',  ( -3321.999999999977717, 210.2500000000200657, 604.7999999999997272 ) ) ;
#364 = AXIS2_PLACEMENT_3D ( 'NONE', #2099, #2155, #5554 ) ;
#365 = DIRECTION ( 'NONE',  ( -0.000000000000000000, -0.000000000000000000, -1.000000000000000000 ) ) ;
#366 = PERSON_AND_ORGANIZATION_ROLE ( 'creator' ) ;
#367 = CARTESIAN_POINT ( 'NONE',  ( 33.00000000000017764, 985.0000000000001137, 30.00000000000000000 ) ) ;
#368 = EDGE_LOOP ( 'NONE', ( #4278, #721, #3525, #5127 ) ) ;
#369 = LINE ( 'NONE', #1603, #2526 ) ;
#370 = CARTESIAN_POINT ( 'NONE',  ( 1.708382284810557841E-13, -185.0000000000000568, 30.00000000000000000 ) ) ;
#371 = CC_DESIGN_SECURITY_CLASSIFICATION ( #1065, ( #5606 ) ) ;
#372 = DIRECTION ( 'NONE',  ( 0.000000000000000000, 0.000000000000000000, 1.000000000000000000 ) ) ;
#373 = ORIENTED_EDGE ( 'NONE', *, *, #2854, .F. ) ;
#374 = EDGE_CURVE ( 'NONE', #2011, #1794, #5316, .T. ) ;
#375 = DIRECTION ( 'NONE',  ( 0.000000000000000000, 0.000000000000000000, 1.000000000000000000 ) ) ;
#376 = LINE ( 'NONE', #28, #4966 ) ;
#377 = ORIENTED_EDGE ( 'NONE', *, *, #4905, .T. ) ;
#378 = CARTESIAN_POINT ( 'NONE',  ( -3353.999999999976808, 100.0000000000194831, 54.99999999999990052 ) ) ;
#379 = DIRECTION ( 'NONE',  ( -0.000000000000000000, 1.000000000000000000, -0.000000000000000000 ) ) ;
#380 = VECTOR ( 'NONE', #98, 1000.000000000000000 ) ;
#381 = LINE ( 'NONE', #4741, #3483 ) ;
#382 = EDGE_CURVE ( 'NONE', #5125, #3874, #5520, .T. ) ;
#383 = CALENDAR_DATE ( 2026, 27, 5 ) ;
#384 = ADVANCED_FACE ( 'NONE', ( #3290 ), #1785, .T. ) ;
#385 = ORIENTED_EDGE ( 'NONE', *, *, #1536, .T. ) ;
#386 = CARTESIAN_POINT ( 'NONE',  ( 1.734723475976807094E-13, 585.0000000000001137, 3.000000000000003109 ) ) ;
#387 = CIRCLE ( 'NONE', #2263, 5.000000000000000000 ) ;
#388 = CARTESIAN_POINT ( 'NONE',  ( -3899.999999999977263, 2350.000000000022737, 580.0000000000000000 ) ) ;
#389 = LINE ( 'NONE', #1973, #170 ) ;
#390 = CARTESIAN_POINT ( 'NONE',  ( 15.90000000000017089, -1125.000000000000000, 10.90000000000000036 ) ) ;
#391 = ADVANCED_FACE ( 'NONE', ( #1937 ), #1206, .F. ) ;
#392 = AXIS2_PLACEMENT_3D ( 'NONE', #3012, #2137, #1749 ) ;
#393 = ORIENTED_EDGE ( 'NONE', *, *, #3493, .F. ) ;
#394 = VECTOR ( 'NONE', #4240, 1000.000000000000000 ) ;
#395 = DIRECTION ( 'NONE',  ( -0.000000000000000000, 1.000000000000000000, -0.000000000000000000 ) ) ;
#396 = DIRECTION ( 'NONE',  ( 0.000000000000000000, 0.000000000000000000, -1.000000000000000000 ) ) ;
#397 = DIRECTION ( 'NONE',  ( 0.000000000000000000, 1.000000000000000000, 0.000000000000000000 ) ) ;
#398 = EDGE_LOOP ( 'NONE', ( #3239, #4138, #2991, #4423 ) ) ;
#399 = ORIENTED_EDGE ( 'NONE', *, *, #675, .T. ) ;
#400 = AXIS2_PLACEMENT_3D ( 'NONE', #2849, #3697, #243 ) ;
#401 = DIRECTION ( 'NONE',  ( 0.000000000000000000, 1.000000000000000000, 0.000000000000000000 ) ) ;
#402 = ORIENTED_EDGE ( 'NONE', *, *, #2694, .F. ) ;
#403 = ORIENTED_EDGE ( 'NONE', *, *, #451, .F. ) ;
#404 = VECTOR ( 'NONE', #3555, 1000.000000000000000 ) ;
#405 = EDGE_LOOP ( 'NONE', ( #5469, #1734, #2775, #3823 ) ) ;
#406 = DIRECTION ( 'NONE',  ( 0.000000000000000000, 1.000000000000000000, 0.000000000000000000 ) ) ;
#407 = CARTESIAN_POINT ( 'NONE',  ( -3321.999999999977717, 610.2500000000200089, 596.7999999999999545 ) ) ;
#408 = CC_DESIGN_APPROVAL ( #1387, ( #1065 ) ) ;
#409 = PRODUCT_DEFINITION ( '未知', '', #5217, #5531 ) ;
#410 = ORIENTED_EDGE ( 'NONE', *, *, #4906, .F. ) ;
#411 = EDGE_CURVE ( 'NONE', #1192, #2684, #4504, .T. ) ;
#412 = CARTESIAN_POINT ( 'NONE',  ( 33.00000000000017764, 0.000000000000000000, 30.00000000000000000 ) ) ;
#413 = CARTESIAN_POINT ( 'NONE',  ( -3321.999999999977717, 1010.250000000019895, 604.7999999999997272 ) ) ;
#414 = ADVANCED_FACE ( 'NONE', ( #1280 ), #4365, .F. ) ;
#415 = FACE_OUTER_BOUND ( 'NONE', #3633, .T. ) ;
#416 = DIRECTION ( 'NONE',  ( 0.000000000000000000, -0.000000000000000000, -1.000000000000000000 ) ) ;
#417 = ORIENTED_EDGE ( 'NONE', *, *, #1117, .T. ) ;
#418 = ORIENTED_EDGE ( 'NONE', *, *, #1294, .F. ) ;
#419 = EDGE_CURVE ( 'NONE', #1777, #189, #3222, .T. ) ;
#420 = CARTESIAN_POINT ( 'NONE',  ( -3329.999999999977263, 1410.250000000020009, 596.7999999999999545 ) ) ;
#421 = ADVANCED_FACE ( 'NONE', ( #2205, #5377 ), #4801, .T. ) ;
#422 = DIRECTION ( 'NONE',  ( 0.000000000000000000, 0.000000000000000000, 1.000000000000000000 ) ) ;
#423 = VERTEX_POINT ( 'NONE', #3827 ) ;
#424 = VECTOR ( 'NONE', #540, 1000.000000000000000 ) ;
#425 = DIRECTION ( 'NONE',  ( 0.000000000000000000, 0.000000000000000000, 1.000000000000000000 ) ) ;
#426 = ORIENTED_EDGE ( 'NONE', *, *, #3338, .F. ) ;
#427 = AXIS2_PLACEMENT_3D ( 'NONE', #3607, #287, #752 ) ;
#428 = FACE_OUTER_BOUND ( 'NONE', #5160, .T. ) ;
#429 = DIRECTION ( 'NONE',  ( 0.000000000000000000, 0.000000000000000000, 1.000000000000000000 ) ) ;
#430 = ORIENTED_EDGE ( 'NONE', *, *, #3304, .F. ) ;
#431 = CARTESIAN_POINT ( 'NONE',  ( 33.00000000000018474, 585.0000000000001137, 3.000000000000007105 ) ) ;
#432 = EDGE_CURVE ( 'NONE', #2684, #2043, #2073, .T. ) ;
#433 = CYLINDRICAL_SURFACE ( 'NONE', #3211, 20.00000000000012790 ) ;
#434 = DIRECTION ( 'NONE',  ( 0.000000000000000000, -1.000000000000000000, 0.000000000000000000 ) ) ;
#435 = AXIS2_PLACEMENT_3D ( 'NONE', #1523, #1914, #4936 ) ;
#436 = EDGE_LOOP ( 'NONE', ( #1952, #2377 ) ) ;
#437 = LINE ( 'NONE', #3215, #223 ) ;
#438 = DIRECTION ( 'NONE',  ( 0.000000000000000000, -1.000000000000000000, 0.000000000000000000 ) ) ;
#439 = ADVANCED_FACE ( 'NONE', ( #599, #246 ), #1063, .F. ) ;
#440 = AXIS2_PLACEMENT_3D ( 'NONE', #4993, #4585, #1082 ) ;
#441 = ORIENTED_EDGE ( 'NONE', *, *, #4351, .T. ) ;
#442 = PLANE ( 'NONE',  #5279 ) ;
#443 = VECTOR ( 'NONE', #1778, 1000.000000000000000 ) ;
#444 = CARTESIAN_POINT ( 'NONE',  ( -3843.999999999977263, 15.00000000001984546, 474.9999999999998863 ) ) ;
#445 = ORIENTED_EDGE ( 'NONE', *, *, #708, .T. ) ;
#446 = ADVANCED_FACE ( 'NONE', ( #1413 ), #113, .F. ) ;
#447 = CIRCLE ( 'NONE', #392, 27.00000000000011369 ) ;
#448 = CARTESIAN_POINT ( 'NONE',  ( 15.00000000000016875, 0.000000000000000000, 15.00000000000000000 ) ) ;
#449 = DIRECTION ( 'NONE',  ( 0.000000000000000000, 1.000000000000000000, 0.000000000000000000 ) ) ;
#450 = CONTEXT_DEPENDENT_SHAPE_REPRESENTATION ( #2904, #1560 ) ;
#451 = EDGE_CURVE ( 'NONE', #1581, #4524, #2895, .T. ) ;
#452 = DIRECTION ( 'NONE',  ( 0.000000000000000000, 0.000000000000000000, -1.000000000000000000 ) ) ;
#453 = EDGE_LOOP ( 'NONE', ( #1165, #4796 ) ) ;
#454 = LINE ( 'NONE', #235, #3026 ) ;
#455 = FACE_BOUND ( 'NONE', #4305, .T. ) ;
#456 = COORDINATED_UNIVERSAL_TIME_OFFSET ( 8, 0, .AHEAD. ) ;
#457 = ORIENTED_EDGE ( 'NONE', *, *, #842, .F. ) ;
#458 = EDGE_CURVE ( 'NONE', #826, #1943, #3159, .T. ) ;
#459 = FACE_OUTER_BOUND ( 'NONE', #3109, .T. ) ;
#460 = AXIS2_PLACEMENT_3D ( 'NONE', #5270, #3506, #3121 ) ;
#461 = APPROVAL_DATE_TIME ( #4849, #1461 ) ;
#462 = CARTESIAN_POINT ( 'NONE',  ( -3313.199999999977990, 2210.250000000020009, 596.7999999999999545 ) ) ;
#463 = ORIENTED_EDGE ( 'NONE', *, *, #1699, .T. ) ;
#464 = FACE_BOUND ( 'NONE', #2016, .T. ) ;
#465 = DIRECTION ( 'NONE',  ( 0.000000000000000000, 0.000000000000000000, -1.000000000000000000 ) ) ;
#466 = EDGE_CURVE ( 'NONE', #2199, #3146, #4437, .T. ) ;
#467 = AXIS2_PLACEMENT_3D ( 'NONE', #2677, #1006, #1397 ) ;
#468 = CARTESIAN_POINT ( 'NONE',  ( 0.000000000000000000, 0.000000000000000000, -1.500000000000000000 ) ) ;
#469 = ORIENTED_EDGE ( 'NONE', *, *, #4128, .F. ) ;
#470 = LINE ( 'NONE', #3145, #3907 ) ;
#471 = DIRECTION ( 'NONE',  ( 0.000000000000000000, 1.000000000000000000, 0.000000000000000000 ) ) ;
#472 = VERTEX_POINT ( 'NONE', #2800 ) ;
#473 = PLANE ( 'NONE',  #537 ) ;
#474 = FACE_OUTER_BOUND ( 'NONE', #1217, .T. ) ;
#475 = ORIENTED_EDGE ( 'NONE', *, *, #4493, .T. ) ;
#476 = AXIS2_PLACEMENT_3D ( 'NONE', #1801, #4806, #3051 ) ;
#477 = ADVANCED_FACE ( 'NONE', ( #1751 ), #5453, .T. ) ;
#478 = CARTESIAN_POINT ( 'NONE',  ( -3843.999999999977263, 100.0000000000198526, 502.0000000000000000 ) ) ;
#479 = EDGE_CURVE ( 'NONE', #4224, #4520, #4782, .T. ) ;
#480 = VECTOR ( 'NONE', #5413, 1000.000000000000000 ) ;
#481 = DIRECTION ( 'NONE',  ( 1.000000000000000000, 0.000000000000000000, -0.000000000000000000 ) ) ;
#482 = ORIENTED_EDGE ( 'NONE', *, *, #2187, .T. ) ;
#483 = CARTESIAN_POINT ( 'NONE',  ( -3353.999999999976808, 85.00000000001949729, 522.0000000000001137 ) ) ;
#484 = ORIENTED_EDGE ( 'NONE', *, *, #2065, .T. ) ;
#485 = DIRECTION ( 'NONE',  ( 0.000000000000000000, 1.000000000000000000, 0.000000000000000000 ) ) ;
#486 = APPROVAL ( #1115, '未指定' ) ;
#487 = EDGE_CURVE ( 'NONE', #4204, #5003, #1614, .T. ) ;
#488 = FACE_OUTER_BOUND ( 'NONE', #4062, .T. ) ;
#489 = ORIENTED_EDGE ( 'NONE', *, *, #2845, .F. ) ;
#490 = PLANE ( 'NONE',  #3503 ) ;
#491 = ORIENTED_EDGE ( 'NONE', *, *, #4392, .F. ) ;
#492 = CARTESIAN_POINT ( 'NONE',  ( -3315.899999999977808, 1810.250000000020009, 601.0500000000001819 ) ) ;
#493 = ORIENTED_EDGE ( 'NONE', *, *, #1473, .T. ) ;
#494 = EDGE_CURVE ( 'NONE', #3004, #1434, #2280, .T. ) ;
#495 = CIRCLE ( 'NONE', #4951, 27.00000000000013500 ) ;
#496 = CARTESIAN_POINT ( 'NONE',  ( -3315.899999999977808, 1010.250000000019895, 596.0000000000000000 ) ) ;
#497 = EDGE_LOOP ( 'NONE', ( #2751, #4537, #2092, #5331 ) ) ;
#498 = ADVANCED_FACE ( 'NONE', ( #2759 ), #3756, .F. ) ;
#499 = VECTOR ( 'NONE', #4896, 1000.000000000000000 ) ;
#500 = DIRECTION ( 'NONE',  ( 0.000000000000000000, 0.000000000000000000, 1.000000000000000000 ) ) ;
#501 = PLANE ( 'NONE',  #3530 ) ;
#502 = AXIS2_PLACEMENT_3D ( 'NONE', #4811, #1318, #37 ) ;
#503 = CARTESIAN_POINT ( 'NONE',  ( -3315.899999999977808, 1810.250000000020009, 590.9499999999997044 ) ) ;
#504 = ORIENTED_EDGE ( 'NONE', *, *, #2231, .F. ) ;
#505 = ADVANCED_FACE ( 'NONE', ( #459 ), #2619, .T. ) ;
#506 = DIRECTION ( 'NONE',  ( 1.000000000000000000, 0.000000000000000000, 0.000000000000000000 ) ) ;
#507 = DIRECTION ( 'NONE',  ( -0.000000000000000000, 1.000000000000000000, -0.000000000000000000 ) ) ;
#508 = ORIENTED_EDGE ( 'NONE', *, *, #5321, .F. ) ;
#509 = CARTESIAN_POINT ( 'NONE',  ( -3353.999999999976808, 100.0000000000194831, 502.0000000000000000 ) ) ;
#510 = AXIS2_PLACEMENT_3D ( 'NONE', #1641, #2925, #3719 ) ;
#511 = VECTOR ( 'NONE', #2731, 1000.000000000000000 ) ;
#512 = ORIENTED_EDGE ( 'NONE', *, *, #3780, .F. ) ;
#513 = FACE_OUTER_BOUND ( 'NONE', #3265, .T. ) ;
#514 = AXIS2_PLACEMENT_3D ( 'NONE', #3740, #5484, #2890 ) ;
#515 = DIRECTION ( 'NONE',  ( -0.000000000000000000, 1.000000000000000000, -0.000000000000000000 ) ) ;
#516 = EDGE_LOOP ( 'NONE', ( #2588, #1283 ) ) ;
#517 = EDGE_CURVE ( 'NONE', #3300, #2199, #3431, .T. ) ;
#518 = DIRECTION ( 'NONE',  ( 0.000000000000000000, 0.000000000000000000, 1.000000000000000000 ) ) ;
#519 = LINE ( 'NONE', #2663, #5243 ) ;
#520 = FACE_OUTER_BOUND ( 'NONE', #57, .T. ) ;
#521 = DIRECTION ( 'NONE',  ( 0.000000000000000000, -0.000000000000000000, -1.000000000000000000 ) ) ;
#522 = CALENDAR_DATE ( 2026, 27, 5 ) ;
#523 = VERTEX_POINT ( 'NONE', #5338 ) ;
#524 = CIRCLE ( 'NONE', #3038, 5.050000000000220979 ) ;
#525 = VECTOR ( 'NONE', #5159, 1000.000000000000000 ) ;
#526 = EDGE_CURVE ( 'NONE', #5339, #3441, #3424, .T. ) ;
#527 = PERSON_AND_ORGANIZATION ( #682, #186 ) ;
#528 = CARTESIAN_POINT ( 'NONE',  ( -3353.999999999976808, 15.00000000001948308, 102.0000000000001990 ) ) ;
#529 = CARTESIAN_POINT ( 'NONE',  ( 15.90000000000017089, 1125.000000000000000, 15.90000000000000036 ) ) ;
#530 = ORIENTED_EDGE ( 'NONE', *, *, #3736, .F. ) ;
#531 = VECTOR ( 'NONE', #5435, 1000.000000000000000 ) ;
#532 = CARTESIAN_POINT ( 'NONE',  ( -3843.999999999977263, 1.984523656517467316E-11, 82.00000000000001421 ) ) ;
#533 = CARTESIAN_POINT ( 'NONE',  ( -3329.999999999977717, 1923.000000000028649, 580.0000000000000000 ) ) ;
#534 = ADVANCED_FACE ( 'NONE', ( #723, #4027 ), #3579, .F. ) ;
#535 = EDGE_CURVE ( 'NONE', #2841, #4147, #1334, .T. ) ;
#536 = DIRECTION ( 'NONE',  ( -0.000000000000000000, 1.000000000000000000, -0.000000000000000000 ) ) ;
#537 = AXIS2_PLACEMENT_3D ( 'NONE', #3480, #1344, #1728 ) ;
#538 = ORIENTED_EDGE ( 'NONE', *, *, #80, .F. ) ;
#539 = EDGE_LOOP ( 'NONE', ( #2691, #707, #684, #1824 ) ) ;
#540 = DIRECTION ( 'NONE',  ( -1.000000000000000000, 7.401486830834375293E-16, 0.000000000000000000 ) ) ;
#541 = ORIENTED_EDGE ( 'NONE', *, *, #2366, .F. ) ;
#542 = EDGE_LOOP ( 'NONE', ( #469, #3185, #1797, #3406 ) ) ;
#543 = LINE ( 'NONE', #4871, #2704 ) ;
#544 = EDGE_CURVE ( 'NONE', #1166, #3164, #387, .T. ) ;
#545 = VERTEX_POINT ( 'NONE', #160 ) ;
#546 = AXIS2_PLACEMENT_3D ( 'NONE', #407, #1228, #3810 ) ;
#547 = CARTESIAN_POINT ( 'NONE',  ( 0.000000000000000000, -1014.999999999999886, 30.00000000000000000 ) ) ;
#548 = EDGE_LOOP ( 'NONE', ( #4295, #1955, #4475, #2439, #4941 ) ) ;
#549 = FACE_BOUND ( 'NONE', #3350, .T. ) ;
#550 = CARTESIAN_POINT ( 'NONE',  ( -3313.199999999977990, 210.2500000000200657, 604.7999999999999545 ) ) ;
#551 = EDGE_LOOP ( 'NONE', ( #1576, #5195, #1033, #2486 ) ) ;
#552 = DIRECTION ( 'NONE',  ( 0.000000000000000000, 1.000000000000000000, -0.000000000000000000 ) ) ;
#553 = FACE_BOUND ( 'NONE', #5176, .T. ) ;
#554 = CARTESIAN_POINT ( 'NONE',  ( 15.90000000000017089, -1125.000000000000000, 15.90000000000000036 ) ) ;
#555 = ORIENTED_EDGE ( 'NONE', *, *, #3803, .T. ) ;
#556 = CARTESIAN_POINT ( 'NONE',  ( -3843.999999999977263, 15.00000000001984546, 522.0000000000001137 ) ) ;
#557 = VERTEX_POINT ( 'NONE', #3188 ) ;
#558 = CARTESIAN_POINT ( 'NONE',  ( -3299.999999999977263, -1.302661682226841118E-12, 580.0000000000000000 ) ) ;
#559 = EDGE_LOOP ( 'NONE', ( #5583, #2543, #1530, #4403 ) ) ;
#560 = DIRECTION ( 'NONE',  ( 0.000000000000000000, 0.000000000000000000, 1.000000000000000000 ) ) ;
#561 = VECTOR ( 'NONE', #5095, 1000.000000000000000 ) ;
#562 = EDGE_CURVE ( 'NONE', #3738, #5594, #5038, .T. ) ;
#563 = CARTESIAN_POINT ( 'NONE',  ( 33.00000000000017764, 0.000000000000000000, 30.00000000000000000 ) ) ;
#564 = ORIENTED_EDGE ( 'NONE', *, *, #349, .T. ) ;
#565 = LINE ( 'NONE', #3551, #1910 ) ;
#566 = DIRECTION ( 'NONE',  ( -0.000000000000000000, 1.000000000000000000, -0.000000000000000000 ) ) ;
#567 = DIRECTION ( 'NONE',  ( 0.000000000000000000, 1.000000000000000000, 0.000000000000000000 ) ) ;
#568 = EDGE_CURVE ( 'NONE', #5588, #5129, #5178, .T. ) ;
#569 = ORIENTED_EDGE ( 'NONE', *, *, #374, .F. ) ;
#570 = AXIS2_PLACEMENT_3D ( 'NONE', #73, #3104, #2547 ) ;
#571 = DIRECTION ( 'NONE',  ( 1.000000000000000000, 0.000000000000000000, 0.000000000000000000 ) ) ;
#572 = FACE_BOUND ( 'NONE', #3537, .T. ) ;
#573 = EDGE_LOOP ( 'NONE', ( #1263, #634, #2886, #1909, #2562, #1345, #3415, #4436, #1243, #621, #162, #3508, #2381, #4742, #5198, #1333, #835, #3662, #5567, #1505, #4394, #737, #3674, #1036, #764, #1218, #130, #1755 ) ) ;
#574 = DIRECTION ( 'NONE',  ( -0.000000000000000000, 1.000000000000000000, -0.000000000000000000 ) ) ;
#575 = FACE_OUTER_BOUND ( 'NONE', #2977, .T. ) ;
#576 = AXIS2_PLACEMENT_3D ( 'NONE', #5407, #656, #3257 ) ;
#577 = CARTESIAN_POINT ( 'NONE',  ( -3315.899999999977808, 610.2500000000200089, 596.0000000000000000 ) ) ;
#578 = ORIENTED_EDGE ( 'NONE', *, *, #2261, .T. ) ;
#579 = VECTOR ( 'NONE', #3061, 1000.000000000000000 ) ;
#580 = CARTESIAN_POINT ( 'NONE',  ( 1.708382284810557841E-13, 215.0000000000001990, 30.00000000000000000 ) ) ;
#581 = DIRECTION ( 'NONE',  ( 1.000000000000000000, -0.000000000000000000, -0.000000000000000000 ) ) ;
#582 = CARTESIAN_POINT ( 'NONE',  ( -3313.199999999977990, 210.2500000000200657, 596.7999999999999545 ) ) ;
#583 = DIRECTION ( 'NONE',  ( 0.000000000000000000, -1.000000000000000000, 0.000000000000000000 ) ) ;
#584 = AXIS2_PLACEMENT_3D ( 'NONE', #147, #3618, #595 ) ;
#585 = EDGE_LOOP ( 'NONE', ( #2990, #4408, #5562, #4485, #969 ) ) ;
#586 = VECTOR ( 'NONE', #4923, 1000.000000000000000 ) ;
#587 = PERSON_AND_ORGANIZATION ( #1201, #3092 ) ;
#588 = DIRECTION ( 'NONE',  ( -1.000000000000000000, 0.000000000000000000, 0.000000000000000000 ) ) ;
#589 = CARTESIAN_POINT ( 'NONE',  ( 15.00000000000016875, -985.0000000000000000, 30.00000000000000000 ) ) ;
#590 = ORIENTED_EDGE ( 'NONE', *, *, #5478, .F. ) ;
#591 = CIRCLE ( 'NONE', #834, 5.000000000000000888 ) ;
#592 = VECTOR ( 'NONE', #4137, 1000.000000000000000 ) ;
#593 = CC_DESIGN_SECURITY_CLASSIFICATION ( #1684, ( #5217 ) ) ;
#594 = APPROVAL_DATE_TIME ( #1748, #1850 ) ;
#595 = DIRECTION ( 'NONE',  ( 0.000000000000000000, 0.000000000000000000, 1.000000000000000000 ) ) ;
#596 = EDGE_CURVE ( 'NONE', #3465, #2204, #1810, .T. ) ;
#597 = DIRECTION ( 'NONE',  ( 0.000000000000000000, 0.000000000000000000, 1.000000000000000000 ) ) ;
#598 = ORIENTED_EDGE ( 'NONE', *, *, #3501, .F. ) ;
#599 = FACE_BOUND ( 'NONE', #4908, .T. ) ;
#600 = APPROVAL_DATE_TIME ( #4369, #2030 ) ;
#601 = CARTESIAN_POINT ( 'NONE',  ( -3843.999999999977263, 15.00000000001984546, 481.9999999999998295 ) ) ;
#602 = ORIENTED_EDGE ( 'NONE', *, *, #5031, .T. ) ;
#603 = PLANE ( 'NONE',  #1518 ) ;
#604 = FACE_OUTER_BOUND ( 'NONE', #2297, .T. ) ;
#605 = EDGE_CURVE ( 'NONE', #1634, #4995, #454, .T. ) ;
#606 = ORIENTED_EDGE ( 'NONE', *, *, #494, .F. ) ;
#607 = ORIENTED_EDGE ( 'NONE', *, *, #4285, .T. ) ;
#608 = DIRECTION ( 'NONE',  ( 0.000000000000000000, 1.000000000000000000, 0.000000000000000000 ) ) ;
#609 = CARTESIAN_POINT ( 'NONE',  ( -3843.999999999977263, 15.00000000001984546, 82.00000000000001421 ) ) ;
#610 = EDGE_CURVE ( 'NONE', #4014, #1815, #524, .T. ) ;
#611 = CARTESIAN_POINT ( 'NONE',  ( -33.00000000000001421, -184.9999999999999432, 2.999999999999998668 ) ) ;
#612 = AXIS2_PLACEMENT_3D ( 'NONE', #2093, #822, #2502 ) ;
#613 = VERTEX_POINT ( 'NONE', #4530 ) ;
#614 = LINE ( 'NONE', #3707, #2163 ) ;
#615 = VERTEX_POINT ( 'NONE', #685 ) ;
#616 = DIRECTION ( 'NONE',  ( 0.000000000000000000, 1.000000000000000000, 0.000000000000000000 ) ) ;
#617 = CARTESIAN_POINT ( 'NONE',  ( -3353.999999999976808, 15.00000000001948308, 82.00000000000001421 ) ) ;
#618 = CIRCLE ( 'NONE', #2760, 15.00000000000000000 ) ;
#619 = ADVANCED_FACE ( 'NONE', ( #5110, #1275 ), #3673, .F. ) ;
#620 = ORIENTED_EDGE ( 'NONE', *, *, #1825, .F. ) ;
#621 = ORIENTED_EDGE ( 'NONE', *, *, #411, .F. ) ;
#622 = CARTESIAN_POINT ( 'NONE',  ( 1.734723475976807094E-13, 185.0000000000001990, 3.000000000000003109 ) ) ;
#623 = DIRECTION ( 'NONE',  ( -1.000000000000000000, 0.000000000000000000, 0.000000000000000000 ) ) ;
#624 = LINE ( 'NONE', #1368, #3925 ) ;
#625 = VERTEX_POINT ( 'NONE', #1593 ) ;
#626 = ORIENTED_EDGE ( 'NONE', *, *, #156, .F. ) ;
#627 = DIRECTION ( 'NONE',  ( 0.000000000000000000, 0.000000000000000000, 1.000000000000000000 ) ) ;
#628 =( GEOMETRIC_REPRESENTATION_CONTEXT ( 3 ) GLOBAL_UNCERTAINTY_ASSIGNED_CONTEXT ( ( #1892 ) ) GLOBAL_UNIT_ASSIGNED_CONTEXT ( ( #693, #1988, #1972 ) ) REPRESENTATION_CONTEXT ( 'NONE', 'WORKASPACE' ) );
#629 = CARTESIAN_POINT ( 'NONE',  ( -3329.999999999977717, 239.7500000000200657, 580.0000000000000000 ) ) ;
#630 = EDGE_CURVE ( 'NONE', #4364, #1923, #2612, .T. ) ;
#631 = DIRECTION ( 'NONE',  ( -0.000000000000000000, 1.000000000000000000, -0.000000000000000000 ) ) ;
#632 = ORIENTED_EDGE ( 'NONE', *, *, #4830, .T. ) ;
#633 = LINE ( 'NONE', #1340, #12 ) ;
#634 = ORIENTED_EDGE ( 'NONE', *, *, #3383, .F. ) ;
#635 = EDGE_CURVE ( 'NONE', #1794, #1595, #3152, .T. ) ;
#636 = CIRCLE ( 'NONE', #2052, 27.00000000000011369 ) ;
#637 = CARTESIAN_POINT ( 'NONE',  ( -3313.199999999977990, 210.2500000000200657, 604.7999999999999545 ) ) ;
#638 = ORIENTED_EDGE ( 'NONE', *, *, #266, .T. ) ;
#639 = DIRECTION ( 'NONE',  ( 0.000000000000000000, 0.000000000000000000, 1.000000000000000000 ) ) ;
#640 = APPLICATION_PROTOCOL_DEFINITION ( 'international standard', 'config_control_design', 1994, #4119 ) ;
#641 = CARTESIAN_POINT ( 'NONE',  ( 15.90000000000017089, 1123.500000000000000, 22.40000000000000213 ) ) ;
#642 = EDGE_CURVE ( 'NONE', #4587, #2378, #4909, .T. ) ;
#643 = EDGE_CURVE ( 'NONE', #615, #5284, #1137, .T. ) ;
#644 = CARTESIAN_POINT ( 'NONE',  ( -3353.999999999976808, 1.948267935869552048E-11, 54.99999999999990052 ) ) ;
#645 = ORIENTED_EDGE ( 'NONE', *, *, #4170, .T. ) ;
#646 = EDGE_LOOP ( 'NONE', ( #2135, #2472 ) ) ;
#647 = AXIS2_PLACEMENT_3D ( 'NONE', #4622, #1651, #4235 ) ;
#648 = CARTESIAN_POINT ( 'NONE',  ( 1.708382284810557841E-13, 985.0000000000001137, 30.00000000000000000 ) ) ;
#649 = LINE ( 'NONE', #5536, #1668 ) ;
#650 = DIRECTION ( 'NONE',  ( 0.000000000000000000, 1.000000000000000000, 0.000000000000000000 ) ) ;
#651 = EDGE_LOOP ( 'NONE', ( #931, #5494, #2194, #1915 ) ) ;
#652 = LINE ( 'NONE', #3413, #4367 ) ;
#653 = CARTESIAN_POINT ( 'NONE',  ( -3843.999999999977263, 15.00000000001984546, 502.0000000000000000 ) ) ;
#654 = CARTESIAN_POINT ( 'NONE',  ( -33.00000000000001421, -615.0000000000000000, 2.999999999999998668 ) ) ;
#655 = VECTOR ( 'NONE', #1449, 1000.000000000000000 ) ;
#656 = DIRECTION ( 'NONE',  ( 0.000000000000000000, 1.000000000000000000, 0.000000000000000000 ) ) ;
#657 = DATE_AND_TIME ( #1806, #2139 ) ;
#658 = DIRECTION ( 'NONE',  ( 1.000000000000000000, 0.000000000000000000, 0.000000000000000000 ) ) ;
#659 = CARTESIAN_POINT ( 'NONE',  ( -3315.899999999977808, 639.7500000000200089, 601.0500000000001819 ) ) ;
#660 = AXIS2_PLACEMENT_3D ( 'NONE', #3865, #1671, #1297 ) ;
#661 = ORIENTED_EDGE ( 'NONE', *, *, #17, .F. ) ;
#662 = FACE_OUTER_BOUND ( 'NONE', #5532, .T. ) ;
#663 = CARTESIAN_POINT ( 'NONE',  ( -3843.999999999977263, 1.984523656517467316E-11, 502.0000000000000000 ) ) ;
#664 = PERSON_AND_ORGANIZATION ( #682, #186 ) ;
#665 = EDGE_LOOP ( 'NONE', ( #76, #399 ) ) ;
#666 = FACE_OUTER_BOUND ( 'NONE', #4329, .T. ) ;
#667 = PRODUCT_DEFINITION_FORMATION_WITH_SPECIFIED_SOURCE ( '任何', '', #4551, .NOT_KNOWN. ) ;
#668 = EDGE_CURVE ( 'NONE', #273, #2293, #1866, .T. ) ;
#669 = APPROVAL_DATE_TIME ( #3103, #3761 ) ;
#670 = DIRECTION ( 'NONE',  ( 0.000000000000000000, 0.000000000000000000, -1.000000000000000000 ) ) ;
#671 = DIRECTION ( 'NONE',  ( 0.000000000000000000, 1.000000000000000000, 0.000000000000000000 ) ) ;
#672 = ORIENTED_EDGE ( 'NONE', *, *, #3930, .T. ) ;
#673 = ORIENTED_EDGE ( 'NONE', *, *, #2685, .T. ) ;
#674 = CARTESIAN_POINT ( 'NONE',  ( -3315.899999999977808, 2210.250000000020009, 590.9499999999997044 ) ) ;
#675 = EDGE_CURVE ( 'NONE', #3379, #4446, #5584, .T. ) ;
#676 = EDGE_CURVE ( 'NONE', #4494, #5302, #4976, .T. ) ;
#677 = EDGE_LOOP ( 'NONE', ( #3613, #3567, #85, #308 ) ) ;
#678 = LINE ( 'NONE', #715, #5601 ) ;
#679 = PERSON_AND_ORGANIZATION_ROLE ( 'creator' ) ;
#680 = ORIENTED_EDGE ( 'NONE', *, *, #1545, .F. ) ;
#681 = DIRECTION ( 'NONE',  ( 1.973729821555833740E-16, -1.000000000000000000, 0.000000000000000000 ) ) ;
#682 = PERSON ( '未指定', '未指定', '未指定', ('未指定'), ('未指定'), ('未指定') ) ;
#683 = DIRECTION ( 'NONE',  ( -1.000000000000000000, 0.000000000000000000, 0.000000000000000000 ) ) ;
#684 = ORIENTED_EDGE ( 'NONE', *, *, #3311, .F. ) ;
#685 = CARTESIAN_POINT ( 'NONE',  ( -3305.199999999977990, 2210.250000000020009, 580.0000000000000000 ) ) ;
#686 = AXIS2_PLACEMENT_3D ( 'NONE', #3462, #3954, #1805 ) ;
#687 = LINE ( 'NONE', #5492, #2989 ) ;
#688 = VERTEX_POINT ( 'NONE', #5504 ) ;
#689 = DIRECTION ( 'NONE',  ( 0.000000000000000000, 0.000000000000000000, 1.000000000000000000 ) ) ;
#690 = ORIENTED_EDGE ( 'NONE', *, *, #2391, .F. ) ;
#691 = CARTESIAN_POINT ( 'NONE',  ( -3353.999999999976808, 15.00000000001948308, 502.0000000000000000 ) ) ;
#692 = VECTOR ( 'NONE', #854, 1000.000000000000000 ) ;
#693 =( LENGTH_UNIT ( ) NAMED_UNIT ( * ) SI_UNIT ( .MILLI., .METRE. ) );
#694 = DIRECTION ( 'NONE',  ( -2.523234146875356491E-16, 0.000000000000000000, 1.000000000000000000 ) ) ;
#695 = ORIENTED_EDGE ( 'NONE', *, *, #2667, .F. ) ;
#696 = APPROVAL ( #3324, 'UNKNOWN' ) ;
#697 = CC_DESIGN_DATE_AND_TIME_ASSIGNMENT ( #2010, #4208, ( #1171 ) ) ;
#698 = VECTOR ( 'NONE', #190, 1000.000000000000000 ) ;
#699 = DIRECTION ( 'NONE',  ( -0.000000000000000000, -1.000000000000000000, -0.000000000000000000 ) ) ;
#700 = ADVANCED_FACE ( 'NONE', ( #5309 ), #239, .F. ) ;
#701 = EDGE_CURVE ( 'NONE', #4384, #3250, #2686, .T. ) ;
#702 = CARTESIAN_POINT ( 'NONE',  ( 0.000000000000000000, 0.000000000000000000, 0.000000000000000000 ) ) ;
#703 = EDGE_LOOP ( 'NONE', ( #3374, #3452 ) ) ;
#704 = FACE_OUTER_BOUND ( 'NONE', #262, .T. ) ;
#705 = DIRECTION ( 'NONE',  ( 0.000000000000000000, 0.000000000000000000, 1.000000000000000000 ) ) ;
#706 = CARTESIAN_POINT ( 'NONE',  ( 15.90000000000017089, 585.0000000000000000, 15.90000000000000036 ) ) ;
#707 = ORIENTED_EDGE ( 'NONE', *, *, #2768, .F. ) ;
#708 = EDGE_CURVE ( 'NONE', #3714, #4524, #800, .T. ) ;
#709 = VECTOR ( 'NONE', #5157, 1000.000000000000000 ) ;
#710 = CARTESIAN_POINT ( 'NONE',  ( -28.00000000000001421, -615.0000000000000000, 53.00000000000000711 ) ) ;
#711 =( LENGTH_UNIT ( ) NAMED_UNIT ( * ) SI_UNIT ( .MILLI., .METRE. ) );
#712 = VERTEX_POINT ( 'NONE', #2914 ) ;
#713 = CYLINDRICAL_SURFACE ( 'NONE', #467, 5.000000000000000888 ) ;
#714 = AXIS2_PLACEMENT_3D ( 'NONE', #4248, #1285, #814 ) ;
#715 = CARTESIAN_POINT ( 'NONE',  ( 15.90000000000017089, -1125.000000000000000, 10.90000000000000036 ) ) ;
#716 = CARTESIAN_POINT ( 'NONE',  ( -3353.999999999976808, 1.948267935869552048E-11, 82.00000000000001421 ) ) ;
#717 = ORIENTED_EDGE ( 'NONE', *, *, #218, .F. ) ;
#718 = FACE_OUTER_BOUND ( 'NONE', #3578, .T. ) ;
#719 = COORDINATED_UNIVERSAL_TIME_OFFSET ( 8, 0, .AHEAD. ) ;
#720 = AXIS2_PLACEMENT_3D ( 'NONE', #691, #3289, #1167 ) ;
#721 = ORIENTED_EDGE ( 'NONE', *, *, #4085, .T. ) ;
#722 = DIRECTION ( 'NONE',  ( 1.973729821555833740E-16, -1.000000000000000000, 0.000000000000000000 ) ) ;
#723 = FACE_OUTER_BOUND ( 'NONE', #5466, .T. ) ;
#724 = CARTESIAN_POINT ( 'NONE',  ( 15.90000000000017089, -1014.999999999999886, 20.90000000000000213 ) ) ;
#725 = VECTOR ( 'NONE', #3341, 1000.000000000000000 ) ;
#726 = PERSON_AND_ORGANIZATION ( #682, #186 ) ;
#727 = ADVANCED_FACE ( 'NONE', ( #3888 ), #4429, .T. ) ;
#728 = CARTESIAN_POINT ( 'NONE',  ( -3843.999999999977263, 15.00000000001984546, 61.99999999999982947 ) ) ;
#729 = ORIENTED_EDGE ( 'NONE', *, *, #3375, .F. ) ;
#730 = CARTESIAN_POINT ( 'NONE',  ( -3315.899999999977808, 210.2500000000200657, 601.0500000000001819 ) ) ;
#731 = CIRCLE ( 'NONE', #5008, 6.500000000000002665 ) ;
#732 = APPROVAL_STATUS ( 'not_yet_approved' ) ;
#733 = AXIS2_PLACEMENT_3D ( 'NONE', #1158, #771, #4194 ) ;
#734 = CALENDAR_DATE ( 2026, 27, 5 ) ;
#735 = ADVANCED_FACE ( 'NONE', ( #2752 ), #3284, .T. ) ;
#736 = EDGE_LOOP ( 'NONE', ( #4527, #1279 ) ) ;
#737 = ORIENTED_EDGE ( 'NONE', *, *, #2303, .T. ) ;
#738 = DIRECTION ( 'NONE',  ( -1.000000000000000000, 0.000000000000000000, -2.523234146875356491E-16 ) ) ;
#739 = CARTESIAN_POINT ( 'NONE',  ( -3899.999999999977263, 0.000000000000000000, 580.0000000000000000 ) ) ;
#740 = VECTOR ( 'NONE', #623, 1000.000000000000000 ) ;
#741 = EDGE_LOOP ( 'NONE', ( #4916, #903, #4216, #4301 ) ) ;
#742 = EDGE_CURVE ( 'NONE', #3677, #2011, #2141, .T. ) ;
#743 = CARTESIAN_POINT ( 'NONE',  ( -3313.199999999977990, 610.2500000000200089, 604.7999999999999545 ) ) ;
#744 = DIRECTION ( 'NONE',  ( 0.000000000000000000, 0.000000000000000000, 1.000000000000000000 ) ) ;
#745 = ORIENTED_EDGE ( 'NONE', *, *, #2465, .F. ) ;
#746 = LINE ( 'NONE', #1028, #4929 ) ;
#747 = ORIENTED_EDGE ( 'NONE', *, *, #2261, .F. ) ;
#748 = CARTESIAN_POINT ( 'NONE',  ( -3305.199999999977990, 1010.250000000019895, 580.0000000000000000 ) ) ;
#749 = EDGE_CURVE ( 'NONE', #2696, #5280, #2001, .T. ) ;
#750 = AXIS2_PLACEMENT_3D ( 'NONE', #5036, #4665, #5113 ) ;
#751 = APPROVAL_STATUS ( 'not_yet_approved' ) ;
#752 = DIRECTION ( 'NONE',  ( 0.000000000000000000, 0.000000000000000000, 1.000000000000000000 ) ) ;
#753 = CIRCLE ( 'NONE', #2101, 5.050000000000220979 ) ;
#754 = ORIENTED_EDGE ( 'NONE', *, *, #1463, .T. ) ;
#755 = ORIENTED_EDGE ( 'NONE', *, *, #3931, .T. ) ;
#756 = CARTESIAN_POINT ( 'NONE',  ( -3305.199999999977990, 2210.250000000020009, 580.0000000000000000 ) ) ;
#757 = EDGE_CURVE ( 'NONE', #1613, #4757, #3550, .T. ) ;
#758 = VECTOR ( 'NONE', #3030, 1000.000000000000000 ) ;
#759 = DIRECTION ( 'NONE',  ( 0.000000000000000000, 1.000000000000000000, 0.000000000000000000 ) ) ;
#760 = ORIENTED_EDGE ( 'NONE', *, *, #4128, .T. ) ;
#761 = ORIENTED_EDGE ( 'NONE', *, *, #2923, .F. ) ;
#762 = PLANE ( 'NONE',  #2082 ) ;
#763 = ADVANCED_FACE ( 'NONE', ( #4774, #1609 ), #5108, .T. ) ;
#764 = ORIENTED_EDGE ( 'NONE', *, *, #948, .F. ) ;
#765 = VECTOR ( 'NONE', #4866, 1000.000000000000000 ) ;
#766 = AXIS2_PLACEMENT_3D ( 'NONE', #4724, #5153, #2585 ) ;
#767 = CARTESIAN_POINT ( 'NONE',  ( 15.90000000000017089, -184.9999999999999432, 10.90000000000000036 ) ) ;
#768 = ORIENTED_EDGE ( 'NONE', *, *, #1391, .F. ) ;
#769 = PLANE ( 'NONE',  #5525 ) ;
#770 = DIRECTION ( 'NONE',  ( 1.000000000000000000, 0.000000000000000000, 1.248475228922698363E-16 ) ) ;
#771 = DIRECTION ( 'NONE',  ( 0.000000000000000000, -1.000000000000000000, 0.000000000000000000 ) ) ;
#772 = PRODUCT_RELATED_PRODUCT_CATEGORY ( 'detail', '', ( #3777 ) ) ;
#773 = ORIENTED_EDGE ( 'NONE', *, *, #1043, .T. ) ;
#774 = CARTESIAN_POINT ( 'NONE',  ( -33.00000000000001421, 185.0000000000001990, 2.999999999999998668 ) ) ;
#775 = EDGE_CURVE ( 'NONE', #5067, #2994, #3969, .T. ) ;
#776 = VECTOR ( 'NONE', #3869, 1000.000000000000000 ) ;
#777 = CARTESIAN_POINT ( 'NONE',  ( 0.000000000000000000, 0.000000000000000000, 0.000000000000000000 ) ) ;
#778 = ORIENTED_EDGE ( 'NONE', *, *, #3383, .T. ) ;
#779 = DIRECTION ( 'NONE',  ( 1.000000000000000000, 0.000000000000000000, -0.000000000000000000 ) ) ;
#780 = LINE ( 'NONE', #4439, #3474 ) ;
#781 = CARTESIAN_POINT ( 'NONE',  ( -3313.199999999977990, 2210.250000000020009, 596.7999999999999545 ) ) ;
#782 = DIRECTION ( 'NONE',  ( -0.000000000000000000, -0.000000000000000000, -1.000000000000000000 ) ) ;
#783 = EDGE_CURVE ( 'NONE', #3642, #3438, #4155, .T. ) ;
#784 = ORIENTED_EDGE ( 'NONE', *, *, #1759, .T. ) ;
#785 = DIRECTION ( 'NONE',  ( 0.000000000000000000, 0.000000000000000000, 1.000000000000000000 ) ) ;
#786 = CARTESIAN_POINT ( 'NONE',  ( 0.000000000000000000, 0.000000000000000000, 0.000000000000000000 ) ) ;
#787 = VECTOR ( 'NONE', #805, 1000.000000000000000 ) ;
#788 = APPROVAL_ROLE ( '' ) ;
#789 = CARTESIAN_POINT ( 'NONE',  ( -3315.899999999977808, 1810.250000000020009, 601.0500000000001819 ) ) ;
#790 = ORIENTED_EDGE ( 'NONE', *, *, #5107, .F. ) ;
#792 = ADVANCED_FACE ( 'NONE', ( #2822 ), #4296, .F. ) ;
#791 = FACE_BOUND ( 'NONE', #2900, .T. ) ;
#793 = AXIS2_PLACEMENT_3D ( 'NONE', #2823, #4535, #1108 ) ;
#794 = VECTOR ( 'NONE', #261, 1000.000000000000000 ) ;
#795 = DIRECTION ( 'NONE',  ( 0.000000000000000000, -1.000000000000000000, 0.000000000000000000 ) ) ;
#796 = DIRECTION ( 'NONE',  ( 0.000000000000000000, -1.000000000000000000, 0.000000000000000000 ) ) ;
#797 = DATE_AND_TIME ( #4844, #3148 ) ;
#798 = DIRECTION ( 'NONE',  ( -0.000000000000000000, 1.000000000000000000, -0.000000000000000000 ) ) ;
#799 = ORIENTED_EDGE ( 'NONE', *, *, #2435, .T. ) ;
#800 = CIRCLE ( 'NONE', #3706, 5.000000000000000888 ) ;
#801 = VECTOR ( 'NONE', #2757, 1000.000000000000000 ) ;
#802 = DATE_AND_TIME ( #4647, #1211 ) ;
#803 = DIRECTION ( 'NONE',  ( 0.000000000000000000, 0.000000000000000000, 1.000000000000000000 ) ) ;
#804 = DIRECTION ( 'NONE',  ( 0.000000000000000000, 1.000000000000000000, -0.000000000000000000 ) ) ;
#805 = DIRECTION ( 'NONE',  ( -0.000000000000000000, 1.000000000000000000, -0.000000000000000000 ) ) ;
#806 = VERTEX_POINT ( 'NONE', #2071 ) ;
#807 = LINE ( 'NONE', #2267, #4372 ) ;
#808 = COORDINATED_UNIVERSAL_TIME_OFFSET ( 8, 0, .AHEAD. ) ;
#809 = CARTESIAN_POINT ( 'NONE',  ( -3315.899999999977808, 1010.250000000019895, 590.9499999999997044 ) ) ;
#810 = CARTESIAN_POINT ( 'NONE',  ( 6.450000000000001066, 0.000000000000000000, -1.500000000000000000 ) ) ;
#811 = ORIENTED_EDGE ( 'NONE', *, *, #479, .F. ) ;
#812 = APPROVAL_ROLE ( '' ) ;
#813 = ORIENTED_EDGE ( 'NONE', *, *, #2587, .T. ) ;
#814 = DIRECTION ( 'NONE',  ( 0.000000000000000000, 0.000000000000000000, 1.000000000000000000 ) ) ;
#815 = AXIS2_PLACEMENT_3D ( 'NONE', #4252, #3433, #5561 ) ;
#816 = EDGE_CURVE ( 'NONE', #1295, #5202, #2960, .T. ) ;
#817 = DIRECTION ( 'NONE',  ( 0.000000000000000000, 1.000000000000000000, 0.000000000000000000 ) ) ;
#818 = VECTOR ( 'NONE', #2578, 1000.000000000000000 ) ;
#819 = DIRECTION ( 'NONE',  ( 0.000000000000000000, 1.000000000000000000, 0.000000000000000000 ) ) ;
#820 = ADVANCED_FACE ( 'NONE', ( #2887 ), #1746, .T. ) ;
#821 = ORIENTED_EDGE ( 'NONE', *, *, #2988, .T. ) ;
#822 = DIRECTION ( 'NONE',  ( -0.000000000000000000, 1.000000000000000000, -0.000000000000000000 ) ) ;
#823 = EDGE_CURVE ( 'NONE', #3377, #1052, #104, .T. ) ;
#824 = ORIENTED_EDGE ( 'NONE', *, *, #2452, .F. ) ;
#825 = FACE_BOUND ( 'NONE', #4002, .T. ) ;
#826 = VERTEX_POINT ( 'NONE', #5565 ) ;
#827 = DIRECTION ( 'NONE',  ( 0.000000000000000000, 0.000000000000000000, 1.000000000000000000 ) ) ;
#828 = DIRECTION ( 'NONE',  ( 1.973729821555833987E-16, -1.000000000000000000, 0.000000000000000000 ) ) ;
#829 = DIRECTION ( 'NONE',  ( -0.000000000000000000, -1.000000000000000000, -0.000000000000000000 ) ) ;
#830 = DIRECTION ( 'NONE',  ( 0.000000000000000000, 1.000000000000000000, 0.000000000000000000 ) ) ;
#831 = ORIENTED_EDGE ( 'NONE', *, *, #2733, .F. ) ;
#832 = DIRECTION ( 'NONE',  ( 1.000000000000000000, 0.000000000000000000, 0.000000000000000000 ) ) ;
#833 = EDGE_CURVE ( 'NONE', #4364, #4043, #591, .T. ) ;
#834 = AXIS2_PLACEMENT_3D ( 'NONE', #865, #3901, #47 ) ;
#835 = ORIENTED_EDGE ( 'NONE', *, *, #193, .F. ) ;
#836 = CARTESIAN_POINT ( 'NONE',  ( 15.90000000000017089, -985.0000000000000000, 15.90000000000000036 ) ) ;
#837 = ORIENTED_EDGE ( 'NONE', *, *, #2465, .T. ) ;
#838 = CARTESIAN_POINT ( 'NONE',  ( -3315.899999999977808, 2239.750000000020009, 596.0000000000000000 ) ) ;
#839 = CARTESIAN_POINT ( 'NONE',  ( -3305.199999999977990, 210.2500000000200657, 580.0000000000000000 ) ) ;
#840 = FACE_BOUND ( 'NONE', #2879, .T. ) ;
#841 = DIRECTION ( 'NONE',  ( 0.000000000000000000, 0.000000000000000000, 1.000000000000000000 ) ) ;
#842 = EDGE_CURVE ( 'NONE', #4820, #4440, #3614, .T. ) ;
#843 = CARTESIAN_POINT ( 'NONE',  ( 15.90000000000017089, 615.0000000000002274, 10.90000000000000036 ) ) ;
#844 = AXIS2_PLACEMENT_3D ( 'NONE', #5593, #3014, #895 ) ;
#845 = ORIENTED_EDGE ( 'NONE', *, *, #11, .F. ) ;
#846 = LINE ( 'NONE', #1131, #1977 ) ;
#847 = DIRECTION ( 'NONE',  ( -0.000000000000000000, 1.000000000000000000, -0.000000000000000000 ) ) ;
#848 = PLANE ( 'NONE',  #1817 ) ;
#849 = CARTESIAN_POINT ( 'NONE',  ( -3353.999999999976808, 85.00000000001949729, 502.0000000000000000 ) ) ;
#850 = VERTEX_POINT ( 'NONE', #843 ) ;
#851 = ADVANCED_FACE ( 'NONE', ( #2468 ), #2623, .T. ) ;
#852 = AXIS2_PLACEMENT_3D ( 'NONE', #3134, #3596, #2305 ) ;
#853 = FACE_OUTER_BOUND ( 'NONE', #4644, .T. ) ;
#854 = DIRECTION ( 'NONE',  ( -0.000000000000000000, -0.000000000000000000, -1.000000000000000000 ) ) ;
#855 = DIRECTION ( 'NONE',  ( 0.000000000000000000, 1.000000000000000000, 0.000000000000000000 ) ) ;
#856 = APPROVAL_STATUS ( 'not_yet_approved' ) ;
#857 = EDGE_LOOP ( 'NONE', ( #784, #2164, #5121, #5544 ) ) ;
#858 = CYLINDRICAL_SURFACE ( 'NONE', #2383, 5.000000000000000888 ) ;
#859 = ADVANCED_FACE ( 'NONE', ( #5248 ), #473, .T. ) ;
#860 = CARTESIAN_POINT ( 'NONE',  ( -3321.999999999977717, 1439.750000000020009, 596.7999999999999545 ) ) ;
#861 = CARTESIAN_POINT ( 'NONE',  ( 15.00000000000016875, -1125.000000000000000, 30.00000000000000000 ) ) ;
#862 = CARTESIAN_POINT ( 'NONE',  ( -3313.199999999977990, 1810.250000000020009, 596.7999999999999545 ) ) ;
#863 = ORIENTED_EDGE ( 'NONE', *, *, #4751, .F. ) ;
#864 = EDGE_CURVE ( 'NONE', #5280, #3795, #1538, .T. ) ;
#865 = CARTESIAN_POINT ( 'NONE',  ( 15.90000000000017089, -1123.500000000000000, 15.90000000000000036 ) ) ;
#866 = VECTOR ( 'NONE', #4661, 1000.000000000000000 ) ;
#867 = EDGE_LOOP ( 'NONE', ( #1974, #1964, #2369, #3638, #5604 ) ) ;
#868 = DIRECTION ( 'NONE',  ( 0.000000000000000000, 1.000000000000000000, 0.000000000000000000 ) ) ;
#869 = LINE ( 'NONE', #5078, #2818 ) ;
#870 = EDGE_CURVE ( 'NONE', #1501, #4982, #3684, .T. ) ;
#871 = AXIS2_PLACEMENT_3D ( 'NONE', #4261, #2206, #4375 ) ;
#872 = COORDINATED_UNIVERSAL_TIME_OFFSET ( 8, 0, .AHEAD. ) ;
#873 = CARTESIAN_POINT ( 'NONE',  ( -3843.999999999977263, 85.00000000001985256, 54.99999999999990052 ) ) ;
#874 = VERTEX_POINT ( 'NONE', #1325 ) ;
#875 = DIRECTION ( 'NONE',  ( 0.000000000000000000, 0.000000000000000000, 1.000000000000000000 ) ) ;
#876 = VECTOR ( 'NONE', #1612, 1000.000000000000000 ) ;
#877 = FACE_OUTER_BOUND ( 'NONE', #10, .T. ) ;
#878 = SECURITY_CLASSIFICATION_LEVEL ( 'unclassified' ) ;
#879 = DIRECTION ( 'NONE',  ( 0.000000000000000000, 0.000000000000000000, -1.000000000000000000 ) ) ;
#880 = APPROVAL_PERSON_ORGANIZATION ( #1202, #3123, #2044 ) ;
#881 = ORIENTED_EDGE ( 'NONE', *, *, #3992, .T. ) ;
#882 = FACE_OUTER_BOUND ( 'NONE', #3520, .T. ) ;
#883 = CARTESIAN_POINT ( 'NONE',  ( -3305.199999999977990, 2239.750000000020009, 580.0000000000000000 ) ) ;
#884 = CARTESIAN_POINT ( 'NONE',  ( -3353.999999999976808, 15.00000000001948131, 502.0000000000000000 ) ) ;
#885 = PERSON_AND_ORGANIZATION ( #682, #186 ) ;
#886 = ORIENTED_EDGE ( 'NONE', *, *, #2366, .T. ) ;
#887 = LINE ( 'NONE', #1220, #4717 ) ;
#888 = AXIS2_PLACEMENT_3D ( 'NONE', #4281, #438, #1710 ) ;
#889 = CARTESIAN_POINT ( 'NONE',  ( -3329.999999999977717, 1923.000000000028649, 580.0000000000000000 ) ) ;
#890 = ADVANCED_FACE ( 'NONE', ( #1469, #1407 ), #5603, .F. ) ;
#891 = ORIENTED_EDGE ( 'NONE', *, *, #2154, .T. ) ;
#892 = CIRCLE ( 'NONE', #1314, 20.00000000000018474 ) ;
#893 = EDGE_LOOP ( 'NONE', ( #5537, #3244, #4455, #1147 ) ) ;
#894 = DIRECTION ( 'NONE',  ( 0.000000000000000000, 0.000000000000000000, -1.000000000000000000 ) ) ;
#895 = DIRECTION ( 'NONE',  ( 0.000000000000000000, 0.000000000000000000, -1.000000000000000000 ) ) ;
#896 = DIRECTION ( 'NONE',  ( 1.973729821555833740E-16, -1.000000000000000000, 0.000000000000000000 ) ) ;
#897 = CC_DESIGN_PERSON_AND_ORGANIZATION_ASSIGNMENT ( #3098, #5120, ( #3777 ) ) ;
#898 = ORIENTED_EDGE ( 'NONE', *, *, #5076, .T. ) ;
#899 = VECTOR ( 'NONE', #4907, 1000.000000000000000 ) ;
#900 = EDGE_CURVE ( 'NONE', #2204, #3465, #1342, .T. ) ;
#901 = DIRECTION ( 'NONE',  ( -0.000000000000000000, -1.000000000000000000, -0.000000000000000000 ) ) ;
#902 = LINE ( 'NONE', #2344, #67 ) ;
#903 = ORIENTED_EDGE ( 'NONE', *, *, #3062, .T. ) ;
#904 = DIRECTION ( 'NONE',  ( 2.643388153869414414E-14, 0.000000000000000000, 1.000000000000000000 ) ) ;
#905 = ORIENTED_EDGE ( 'NONE', *, *, #5118, .T. ) ;
#906 = ORIENTED_EDGE ( 'NONE', *, *, #517, .F. ) ;
#907 = EDGE_CURVE ( 'NONE', #5129, #4529, #652, .T. ) ;
#908 = VECTOR ( 'NONE', #27, 1000.000000000000000 ) ;
#909 = CARTESIAN_POINT ( 'NONE',  ( 1.708382284810557841E-13, 1125.000000000000000, 15.00000000000000000 ) ) ;
#910 = VERTEX_POINT ( 'NONE', #23 ) ;
#911 = VECTOR ( 'NONE', #2902, 1000.000000000000000 ) ;
#912 = ADVANCED_FACE ( 'NONE', ( #791, #4506, #4841, #3816, #4637 ), #4334, .T. ) ;
#913 = CARTESIAN_POINT ( 'NONE',  ( 33.00000000000017764, 185.0000000000001990, 30.00000000000000000 ) ) ;
#914 = CARTESIAN_POINT ( 'NONE',  ( -3313.199999999977990, 1039.750000000020009, 604.7999999999999545 ) ) ;
#915 = EDGE_CURVE ( 'NONE', #2239, #4767, #2200, .T. ) ;
#916 = ORIENTED_EDGE ( 'NONE', *, *, #2440, .F. ) ;
#917 = APPROVAL_ROLE ( '' ) ;
#918 = LINE ( 'NONE', #1021, #1650 ) ;
#919 = ADVANCED_FACE ( 'NONE', ( #3678 ), #4721, .F. ) ;
#920 = DIRECTION ( 'NONE',  ( 0.000000000000000000, -0.000000000000000000, -1.000000000000000000 ) ) ;
#921 = ORIENTED_EDGE ( 'NONE', *, *, #267, .T. ) ;
#922 = DIRECTION ( 'NONE',  ( -0.000000000000000000, -0.000000000000000000, -1.000000000000000000 ) ) ;
#923 = EDGE_CURVE ( 'NONE', #3441, #613, #2066, .T. ) ;
#924 = LINE ( 'NONE', #4718, #4682 ) ;
#925 = AXIS2_PLACEMENT_3D ( 'NONE', #1897, #1073, #5404 ) ;
#926 = VERTEX_POINT ( 'NONE', #2601 ) ;
#927 = CYLINDRICAL_SURFACE ( 'NONE', #2862, 5.050000000000220979 ) ;
#928 = DIRECTION ( 'NONE',  ( 1.000000000000000000, 0.000000000000000000, 1.248475228922698363E-16 ) ) ;
#929 = CARTESIAN_POINT ( 'NONE',  ( -3321.999999999977717, 1010.250000000019895, 596.7999999999999545 ) ) ;
#930 = AXIS2_PLACEMENT_3D ( 'NONE', #716, #2433, #275 ) ;
#931 = ORIENTED_EDGE ( 'NONE', *, *, #2113, .T. ) ;
#932 = EDGE_CURVE ( 'NONE', #4999, #4767, #4218, .T. ) ;
#933 = DIRECTION ( 'NONE',  ( 1.000000000000000000, -0.000000000000000000, -0.000000000000000000 ) ) ;
#934 = FACE_OUTER_BOUND ( 'NONE', #2705, .T. ) ;
#935 = ORIENTED_EDGE ( 'NONE', *, *, #2727, .F. ) ;
#936 = LINE ( 'NONE', #357, #5367 ) ;
#937 = CARTESIAN_POINT ( 'NONE',  ( -3329.999999999977717, 210.2500000000200657, 580.0000000000000000 ) ) ;
#938 = ADVANCED_FACE ( 'NONE', ( #1929 ), #2719, .T. ) ;
#939 = EDGE_CURVE ( 'NONE', #2051, #3099, #3482, .T. ) ;
#940 = DIRECTION ( 'NONE',  ( -0.000000000000000000, -0.000000000000000000, -1.000000000000000000 ) ) ;
#941 = ORIENTED_EDGE ( 'NONE', *, *, #33, .F. ) ;
#942 = VECTOR ( 'NONE', #4957, 1000.000000000000000 ) ;
#943 = LINE ( 'NONE', #3587, #2348 ) ;
#944 = DATE_AND_TIME ( #3218, #5515 ) ;
#945 = ADVANCED_FACE ( 'NONE', ( #1062 ), #3223, .T. ) ;
#946 = ORIENTED_EDGE ( 'NONE', *, *, #4207, .F. ) ;
#947 = VECTOR ( 'NONE', #105, 1000.000000000000000 ) ;
#948 = EDGE_CURVE ( 'NONE', #1019, #3764, #3352, .T. ) ;
#949 = CIRCLE ( 'NONE', #2855, 5.050000000000220979 ) ;
#950 = DIRECTION ( 'NONE',  ( 0.000000000000000000, -0.000000000000000000, -1.000000000000000000 ) ) ;
#951 = CARTESIAN_POINT ( 'NONE',  ( 15.90000000000017089, -1125.000000000000000, 10.90000000000000036 ) ) ;
#952 = ORIENTED_EDGE ( 'NONE', *, *, #676, .F. ) ;
#953 = CIRCLE ( 'NONE', #5084, 20.00000000000018474 ) ;
#954 = VERTEX_POINT ( 'NONE', #492 ) ;
#955 = ORIENTED_EDGE ( 'NONE', *, *, #5447, .T. ) ;
#956 = DIRECTION ( 'NONE',  ( 0.000000000000000000, 0.000000000000000000, 1.000000000000000000 ) ) ;
#957 = ORIENTED_EDGE ( 'NONE', *, *, #4937, .F. ) ;
#958 = VECTOR ( 'NONE', #2699, 1000.000000000000000 ) ;
#959 = EDGE_LOOP ( 'NONE', ( #3996, #1170, #3305, #3385 ) ) ;
#960 = DIRECTION ( 'NONE',  ( 0.000000000000000000, 0.000000000000000000, 1.000000000000000000 ) ) ;
#961 = DIRECTION ( 'NONE',  ( 0.000000000000000000, 0.000000000000000000, -1.000000000000000000 ) ) ;
#962 = CIRCLE ( 'NONE', #5495, 4.000000000000003553 ) ;
#963 = ORIENTED_EDGE ( 'NONE', *, *, #4419, .F. ) ;
#964 = DIRECTION ( 'NONE',  ( 0.000000000000000000, 1.000000000000000000, 0.000000000000000000 ) ) ;
#965 = APPROVAL ( #5085, '未指定' ) ;
#966 = EDGE_CURVE ( 'NONE', #826, #285, #44, .T. ) ;
#967 = VECTOR ( 'NONE', #379, 1000.000000000000000 ) ;
#968 = ADVANCED_FACE ( 'NONE', ( #1672 ), #5283, .T. ) ;
#969 = ORIENTED_EDGE ( 'NONE', *, *, #54, .F. ) ;
#970 = PLANE ( 'NONE',  #4183 ) ;
#971 = CARTESIAN_POINT ( 'NONE',  ( 15.90000000000017089, -1125.000000000000000, 15.90000000000000036 ) ) ;
#972 = DIRECTION ( 'NONE',  ( -0.000000000000000000, 1.000000000000000000, -0.000000000000000000 ) ) ;
#973 = ORIENTED_EDGE ( 'NONE', *, *, #4505, .F. ) ;
#974 = EDGE_CURVE ( 'NONE', #205, #1422, #2074, .T. ) ;
#975 = EDGE_CURVE ( 'NONE', #3274, #4790, #1071, .T. ) ;
#976 = VECTOR ( 'NONE', #2552, 1000.000000000000000 ) ;
#977 = DIRECTION ( 'NONE',  ( -0.000000000000000000, 1.000000000000000000, -0.000000000000000000 ) ) ;
#978 = VERTEX_POINT ( 'NONE', #4819 ) ;
#979 = LINE ( 'NONE', #563, #765 ) ;
#980 = CARTESIAN_POINT ( 'NONE',  ( -3321.999999999977717, 1410.250000000020009, 604.7999999999997272 ) ) ;
#981 = DIRECTION ( 'NONE',  ( -0.000000000000000000, 1.000000000000000000, -0.000000000000000000 ) ) ;
#982 = AXIS2_PLACEMENT_3D ( 'NONE', #2161, #4766, #879 ) ;
#983 = EDGE_LOOP ( 'NONE', ( #2786, #3863 ) ) ;
#984 = DIRECTION ( 'NONE',  ( 1.000000000000000000, -0.000000000000000000, -0.000000000000000000 ) ) ;
#985 = VERTEX_POINT ( 'NONE', #4872 ) ;
#986 = CARTESIAN_POINT ( 'NONE',  ( -3315.899999999977808, 239.7500000000200657, 601.0500000000001819 ) ) ;
#987 = CARTESIAN_POINT ( 'NONE',  ( 1.708382284810557841E-13, -1014.999999999999659, 30.00000000000000000 ) ) ;
#988 = AXIS2_PLACEMENT_3D ( 'NONE', #4433, #1853, #597 ) ;
#989 = FACE_OUTER_BOUND ( 'NONE', #3932, .T. ) ;
#990 = DIRECTION ( 'NONE',  ( 0.000000000000000000, -0.000000000000000000, -1.000000000000000000 ) ) ;
#991 = ORIENTED_EDGE ( 'NONE', *, *, #2535, .F. ) ;
#992 = CARTESIAN_POINT ( 'NONE',  ( -3869.999999999976808, 1904.999999999999545, 580.0000000000000000 ) ) ;
#993 = LINE ( 'NONE', #43, #5436 ) ;
#994 = DIRECTION ( 'NONE',  ( -0.000000000000000000, 1.000000000000000000, -0.000000000000000000 ) ) ;
#995 = SECURITY_CLASSIFICATION ( '', '', #2124 ) ;
#996 = CC_DESIGN_APPROVAL ( #2030, ( #1758 ) ) ;
#997 = ORIENTED_EDGE ( 'NONE', *, *, #4681, .F. ) ;
#998 = EDGE_CURVE ( 'NONE', #1501, #954, #949, .T. ) ;
#999 = CARTESIAN_POINT ( 'NONE',  ( -3353.999999999976808, 15.00000000001948308, 481.9999999999998295 ) ) ;
#1000 = VECTOR ( 'NONE', #2921, 1000.000000000000000 ) ;
#1001 = DIRECTION ( 'NONE',  ( 1.000000000000000000, 0.000000000000000000, 0.000000000000000000 ) ) ;
#1002 = COORDINATED_UNIVERSAL_TIME_OFFSET ( 8, 0, .AHEAD. ) ;
#1003 = ORIENTED_EDGE ( 'NONE', *, *, #1180, .F. ) ;
#1004 = VECTOR ( 'NONE', #1978, 1000.000000000000000 ) ;
#1005 = DIRECTION ( 'NONE',  ( 0.000000000000000000, 1.000000000000000000, -0.000000000000000000 ) ) ;
#1006 = DIRECTION ( 'NONE',  ( -0.000000000000000000, 1.000000000000000000, -0.000000000000000000 ) ) ;
#1007 = CYLINDRICAL_SURFACE ( 'NONE', #1975, 5.000000000000000888 ) ;
#1008 = EDGE_CURVE ( 'NONE', #285, #2929, #4703, .T. ) ;
#1009 = APPROVAL_DATE_TIME ( #944, #1357 ) ;
#1010 = PLANE ( 'NONE',  #4303 ) ;
#1011 = DIRECTION ( 'NONE',  ( 0.000000000000000000, 0.000000000000000000, 1.000000000000000000 ) ) ;
#1012 = EDGE_LOOP ( 'NONE', ( #2345, #2631 ) ) ;
#1013 = VECTOR ( 'NONE', #5229, 1000.000000000000000 ) ;
#1014 = AXIS2_PLACEMENT_3D ( 'NONE', #1763, #5188, #3922 ) ;
#1015 = VERTEX_POINT ( 'NONE', #4001 ) ;
#1016 = DIRECTION ( 'NONE',  ( -0.000000000000000000, 1.000000000000000000, -0.000000000000000000 ) ) ;
#1017 = DIRECTION ( 'NONE',  ( 0.000000000000000000, 1.000000000000000000, 0.000000000000000000 ) ) ;
#1018 = EDGE_CURVE ( 'NONE', #3695, #3845, #5510, .T. ) ;
#1019 = VERTEX_POINT ( 'NONE', #3534 ) ;
#1020 = AXIS2_PLACEMENT_3D ( 'NONE', #3403, #5519, #4653 ) ;
#1021 = CARTESIAN_POINT ( 'NONE',  ( 33.00000000000017764, 0.000000000000000000, 30.00000000000000000 ) ) ;
#1022 = DIRECTION ( 'NONE',  ( 1.000000000000000000, 0.000000000000000000, 1.248475228922698363E-16 ) ) ;
#1023 = VERTEX_POINT ( 'NONE', #4442 ) ;
#1024 = VECTOR ( 'NONE', #4034, 1000.000000000000000 ) ;
#1025 = DIRECTION ( 'NONE',  ( 0.000000000000000000, 0.000000000000000000, -1.000000000000000000 ) ) ;
#1026 = ORIENTED_EDGE ( 'NONE', *, *, #5294, .T. ) ;
#1027 = DIRECTION ( 'NONE',  ( -1.000000000000000000, 0.000000000000000000, 0.000000000000000000 ) ) ;
#1028 = CARTESIAN_POINT ( 'NONE',  ( 7.401486830835844428E-14, 100.0000000000198526, 0.000000000000000000 ) ) ;
#1029 = AXIS2_PLACEMENT_3D ( 'NONE', #3859, #3877, #1741 ) ;
#1030 = CIRCLE ( 'NONE', #4629, 5.050000000000220979 ) ;
#1031 = DIRECTION ( 'NONE',  ( 0.000000000000000000, 1.000000000000000000, 0.000000000000000000 ) ) ;
#1032 = ORIENTED_EDGE ( 'NONE', *, *, #3666, .F. ) ;
#1033 = ORIENTED_EDGE ( 'NONE', *, *, #3548, .T. ) ;
#1034 = DIRECTION ( 'NONE',  ( -0.000000000000000000, 1.000000000000000000, -0.000000000000000000 ) ) ;
#1035 = CARTESIAN_POINT ( 'NONE',  ( -3315.899999999977808, 1410.250000000020009, 590.9499999999997044 ) ) ;
#1036 = ORIENTED_EDGE ( 'NONE', *, *, #2626, .T. ) ;
#1037 = LINE ( 'NONE', #2247, #1577 ) ;
#1038 = EDGE_CURVE ( 'NONE', #5003, #1443, #5100, .T. ) ;
#1039 = CARTESIAN_POINT ( 'NONE',  ( 1.734723475976807094E-13, -985.0000000000000000, 3.000000000000003109 ) ) ;
#1040 = ORIENTED_EDGE ( 'NONE', *, *, #1764, .F. ) ;
#1041 = VECTOR ( 'NONE', #2597, 1000.000000000000000 ) ;
#1042 = DIRECTION ( 'NONE',  ( -0.000000000000000000, 1.000000000000000000, 0.000000000000000000 ) ) ;
#1043 = EDGE_CURVE ( 'NONE', #5293, #2051, #2536, .T. ) ;
#1044 = ORIENTED_EDGE ( 'NONE', *, *, #3407, .F. ) ;
#1045 = AXIS2_PLACEMENT_3D ( 'NONE', #2308, #3562, #3637 ) ;
#1046 = CARTESIAN_POINT ( 'NONE',  ( 15.90000000000017089, -615.0000000000000000, 20.90000000000000213 ) ) ;
#1047 = LINE ( 'NONE', #370, #3597 ) ;
#1048 = DIRECTION ( 'NONE',  ( 0.000000000000000000, 0.000000000000000000, 1.000000000000000000 ) ) ;
#1049 = DIRECTION ( 'NONE',  ( 1.000000000000000000, 0.000000000000000000, 1.248475228922698363E-16 ) ) ;
#1050 = VERTEX_POINT ( 'NONE', #2219 ) ;
#1051 = AXIS2_PLACEMENT_3D ( 'NONE', #2911, #2934, #1253 ) ;
#1052 = VERTEX_POINT ( 'NONE', #3573 ) ;
#1053 = CIRCLE ( 'NONE', #4882, 5.000000000000000888 ) ;
#1054 = DIRECTION ( 'NONE',  ( 0.000000000000000000, -0.000000000000000000, -1.000000000000000000 ) ) ;
#1055 = CARTESIAN_POINT ( 'NONE',  ( -3305.199999999977990, 1410.250000000020009, 580.0000000000000000 ) ) ;
#1056 = CARTESIAN_POINT ( 'NONE',  ( -3313.199999999977990, 1839.750000000020236, 596.7999999999999545 ) ) ;
#1057 = ORIENTED_EDGE ( 'NONE', *, *, #125, .T. ) ;
#1058 = CYLINDRICAL_SURFACE ( 'NONE', #4657, 27.00000000000013500 ) ;
#1059 = DIRECTION ( 'NONE',  ( 0.000000000000000000, 1.000000000000000000, 0.000000000000000000 ) ) ;
#1060 = DIRECTION ( 'NONE',  ( -2.523234146875356491E-16, 0.000000000000000000, 1.000000000000000000 ) ) ;
#1061 = ORIENTED_EDGE ( 'NONE', *, *, #5581, .T. ) ;
#1062 = FACE_OUTER_BOUND ( 'NONE', #4265, .T. ) ;
#1063 = PLANE ( 'NONE',  #1331 ) ;
#1064 = LINE ( 'NONE', #2270, #655 ) ;
#1065 = SECURITY_CLASSIFICATION ( '', '', #4620 ) ;
#1066 = EDGE_CURVE ( 'NONE', #4829, #22, #4226, .T. ) ;
#1067 = DATE_AND_TIME ( #4492, #1467 ) ;
#1068 = ORIENTED_EDGE ( 'NONE', *, *, #5269, .F. ) ;
#1069 = CARTESIAN_POINT ( 'NONE',  ( -3353.999999999976808, 85.00000000001949729, 82.00000000000001421 ) ) ;
#1070 = VECTOR ( 'NONE', #536, 1000.000000000000000 ) ;
#1071 = LINE ( 'NONE', #4851, #2955 ) ;
#1072 = COORDINATED_UNIVERSAL_TIME_OFFSET ( 8, 0, .AHEAD. ) ;
#1073 = DIRECTION ( 'NONE',  ( 0.000000000000000000, 1.000000000000000000, 0.000000000000000000 ) ) ;
#1074 = ORIENTED_EDGE ( 'NONE', *, *, #4316, .T. ) ;
#1075 = CARTESIAN_POINT ( 'NONE',  ( -3313.199999999977990, 239.7500000000200657, 604.7999999999999545 ) ) ;
#1076 = LINE ( 'NONE', #5399, #394 ) ;
#1077 = EDGE_CURVE ( 'NONE', #3099, #3766, #519, .T. ) ;
#1078 =( NAMED_UNIT ( * ) SI_UNIT ( $, .STERADIAN. ) SOLID_ANGLE_UNIT ( ) );
#1079 = CARTESIAN_POINT ( 'NONE',  ( 0.000000000000000000, 0.000000000000000000, 1000.000000000000000 ) ) ;
#1080 = ORIENTED_EDGE ( 'NONE', *, *, #4835, .T. ) ;
#1081 = EDGE_LOOP ( 'NONE', ( #1204, #4601, #1638, #3852 ) ) ;
#1082 = DIRECTION ( 'NONE',  ( 0.000000000000000000, 0.000000000000000000, 1.000000000000000000 ) ) ;
#1083 = DIRECTION ( 'NONE',  ( 0.000000000000000000, 0.000000000000000000, 1.000000000000000000 ) ) ;
#1084 = DIRECTION ( 'NONE',  ( 1.000000000000000000, 0.000000000000000000, 0.000000000000000000 ) ) ;
#1085 = AXIS2_PLACEMENT_3D ( 'NONE', #836, #2125, #5098 ) ;
#1086 = ORIENTED_EDGE ( 'NONE', *, *, #4386, .F. ) ;
#1087 = LINE ( 'NONE', #412, #3568 ) ;
#1088 = VERTEX_POINT ( 'NONE', #5409 ) ;
#1089 = DIRECTION ( 'NONE',  ( 0.000000000000000000, 1.000000000000000000, 0.000000000000000000 ) ) ;
#1090 = VERTEX_POINT ( 'NONE', #5240 ) ;
#1091 = LINE ( 'NONE', #253, #5471 ) ;
#1092 = ORIENTED_EDGE ( 'NONE', *, *, #749, .F. ) ;
#1093 = AXIS2_PLACEMENT_3D ( 'NONE', #3585, #964, #518 ) ;
#1094 = DIRECTION ( 'NONE',  ( -0.000000000000000000, 1.000000000000000000, -0.000000000000000000 ) ) ;
#1095 = DIRECTION ( 'NONE',  ( -0.000000000000000000, 1.000000000000000000, -0.000000000000000000 ) ) ;
#1096 = CARTESIAN_POINT ( 'NONE',  ( -3315.899999999977808, 2348.500000000022737, 596.0000000000000000 ) ) ;
#1097 = CARTESIAN_POINT ( 'NONE',  ( -3315.899999999977808, 2210.250000000020009, 596.0000000000000000 ) ) ;
#1098 = CIRCLE ( 'NONE', #364, 27.00000000000013500 ) ;
#1099 = ORIENTED_EDGE ( 'NONE', *, *, #1143, .F. ) ;
#1100 = EDGE_LOOP ( 'NONE', ( #1936, #3395 ) ) ;
#1101 = CARTESIAN_POINT ( 'NONE',  ( 0.000000000000000000, 0.000000000000000000, -1.500000000000000000 ) ) ;
#1102 = AXIS2_PLACEMENT_3D ( 'NONE', #1135, #5424, #4523 ) ;
#1103 = EDGE_CURVE ( 'NONE', #5125, #5210, #3088, .T. ) ;
#1104 = CARTESIAN_POINT ( 'NONE',  ( 15.90000000000017089, -1125.000000000000000, 20.90000000000000213 ) ) ;
#1105 = VERTEX_POINT ( 'NONE', #659 ) ;
#1106 = FACE_OUTER_BOUND ( 'NONE', #4444, .T. ) ;
#1107 = DIRECTION ( 'NONE',  ( 1.000000000000000000, 0.000000000000000000, 1.248475228922698363E-16 ) ) ;
#1108 = DIRECTION ( 'NONE',  ( 0.000000000000000000, 0.000000000000000000, 1.000000000000000000 ) ) ;
#1109 = VERTEX_POINT ( 'NONE', #2735 ) ;
#1110 = EDGE_CURVE ( 'NONE', #1678, #4204, #5372, .T. ) ;
#1111 = VECTOR ( 'NONE', #1872, 1000.000000000000000 ) ;
#1112 = PLANE ( 'NONE',  #2454 ) ;
#1113 = EDGE_LOOP ( 'NONE', ( #3358, #3133, #2848, #2089 ) ) ;
#1114 = CARTESIAN_POINT ( 'NONE',  ( -3315.899999999977808, 1410.250000000020009, 596.0000000000000000 ) ) ;
#1115 = APPROVAL_STATUS ( 'not_yet_approved' ) ;
#1116 = PRODUCT ( '高柜02柜门_高柜02柜门', '高柜02柜门_高柜02柜门', '', ( #1184 ) ) ;
#1117 = EDGE_CURVE ( 'NONE', #3158, #2328, #1803, .T. ) ;
#1118 = AXIS2_PLACEMENT_3D ( 'NONE', #2776, #583, #2796 ) ;
#1119 = ORIENTED_EDGE ( 'NONE', *, *, #4493, .F. ) ;
#1120 = DIRECTION ( 'NONE',  ( 0.000000000000000000, -1.000000000000000000, 0.000000000000000000 ) ) ;
#1121 = VECTOR ( 'NONE', #4921, 1000.000000000000000 ) ;
#1122 = CARTESIAN_POINT ( 'NONE',  ( -3305.199999999977990, 2210.250000000020009, 580.0000000000000000 ) ) ;
#1123 = EDGE_CURVE ( 'NONE', #3377, #3845, #2816, .T. ) ;
#1124 = EDGE_LOOP ( 'NONE', ( #3557, #2524, #5538, #1895, #198, #4178 ) ) ;
#1125 = AXIS2_PLACEMENT_3D ( 'NONE', #3116, #4832, #1858 ) ;
#1126 = CARTESIAN_POINT ( 'NONE',  ( -3299.999999999978172, 2350.000000000022283, 0.000000000000000000 ) ) ;
#1127 = LINE ( 'NONE', #3741, #866 ) ;
#1128 = DIRECTION ( 'NONE',  ( 0.000000000000000000, 0.000000000000000000, -1.000000000000000000 ) ) ;
#1129 = ADVANCED_FACE ( 'NONE', ( #1531 ), #1207, .T. ) ;
#1130 = ORIENTED_EDGE ( 'NONE', *, *, #3631, .T. ) ;
#1131 = CARTESIAN_POINT ( 'NONE',  ( -3329.999999999977263, 610.2500000000200089, 596.7999999999999545 ) ) ;
#1132 = FACE_BOUND ( 'NONE', #3718, .T. ) ;
#1133 = DIRECTION ( 'NONE',  ( -2.523234146875355998E-16, 0.000000000000000000, 1.000000000000000000 ) ) ;
#1134 = DATE_AND_TIME ( #522, #1997 ) ;
#1135 = CARTESIAN_POINT ( 'NONE',  ( 0.000000000000000000, 0.000000000000000000, 0.000000000000000000 ) ) ;
#1136 = ORIENTED_EDGE ( 'NONE', *, *, #526, .T. ) ;
#1137 = LINE ( 'NONE', #1122, #3748 ) ;
#1138 = LINE ( 'NONE', #3891, #2004 ) ;
#1139 = DIRECTION ( 'NONE',  ( 0.000000000000000000, 0.000000000000000000, 1.000000000000000000 ) ) ;
#1140 = DIRECTION ( 'NONE',  ( 0.000000000000000000, 0.000000000000000000, 1.000000000000000000 ) ) ;
#1141 = ORIENTED_EDGE ( 'NONE', *, *, #419, .F. ) ;
#1142 = LINE ( 'NONE', #3767, #41 ) ;
#1143 = EDGE_CURVE ( 'NONE', #850, #4949, #3489, .T. ) ;
#1144 = DIRECTION ( 'NONE',  ( 0.000000000000000000, -1.000000000000000000, 0.000000000000000000 ) ) ;
#1145 = DIRECTION ( 'NONE',  ( 0.000000000000000000, 1.000000000000000000, 0.000000000000000000 ) ) ;
#1146 = DIRECTION ( 'NONE',  ( 1.000000000000000000, 0.000000000000000000, 1.248475228922698363E-16 ) ) ;
#1147 = ORIENTED_EDGE ( 'NONE', *, *, #2294, .T. ) ;
#1148 = ORIENTED_EDGE ( 'NONE', *, *, #1038, .F. ) ;
#1149 = CARTESIAN_POINT ( 'NONE',  ( -3843.999999999977263, 85.00000000001985256, 82.00000000000001421 ) ) ;
#1150 = EDGE_CURVE ( 'NONE', #5526, #5458, #2679, .T. ) ;
#1151 = AXIS2_PLACEMENT_3D ( 'NONE', #3255, #3661, #3716 ) ;
#1152 = ORIENTED_EDGE ( 'NONE', *, *, #2121, .F. ) ;
#1153 = FACE_OUTER_BOUND ( 'NONE', #5315, .T. ) ;
#1154 = DIRECTION ( 'NONE',  ( 1.000000000000000000, 0.000000000000000000, 0.000000000000000000 ) ) ;
#1155 = ORIENTED_EDGE ( 'NONE', *, *, #5337, .F. ) ;
#1156 = CARTESIAN_POINT ( 'NONE',  ( -3329.999999999977263, -6.572520305780882291E-13, 580.0000000000000000 ) ) ;
#1157 = PRODUCT ( '高柜05', '高柜05', '', ( #3649 ) ) ;
#1158 = CARTESIAN_POINT ( 'NONE',  ( -3353.999999999976808, 1.948267935869552048E-11, 82.00000000000001421 ) ) ;
#1159 = CYLINDRICAL_SURFACE ( 'NONE', #440, 8.000000000000007105 ) ;
#1160 = ORIENTED_EDGE ( 'NONE', *, *, #907, .T. ) ;
#1161 = CIRCLE ( 'NONE', #3797, 5.050000000000220979 ) ;
#1162 = VERTEX_POINT ( 'NONE', #1882 ) ;
#1163 = CARTESIAN_POINT ( 'NONE',  ( 5.000000000000000000, 6.123233995736766282E-16, 999.0000000000000000 ) ) ;
#1164 = DIRECTION ( 'NONE',  ( 0.000000000000000000, 0.000000000000000000, 1.000000000000000000 ) ) ;
#1165 = ORIENTED_EDGE ( 'NONE', *, *, #2854, .T. ) ;
#1166 = VERTEX_POINT ( 'NONE', #1901 ) ;
#1167 = DIRECTION ( 'NONE',  ( 0.000000000000000000, 0.000000000000000000, -1.000000000000000000 ) ) ;
#1168 = LINE ( 'NONE', #748, #911 ) ;
#1169 = PERSON_AND_ORGANIZATION_ROLE ( 'creator' ) ;
#1170 = ORIENTED_EDGE ( 'NONE', *, *, #4651, .F. ) ;
#1171 = PRODUCT_DEFINITION ( '未知', '', #1758, #2269 ) ;
#1172 = FACE_OUTER_BOUND ( 'NONE', #5507, .T. ) ;
#1173 = CARTESIAN_POINT ( 'NONE',  ( -3313.199999999977990, 1410.250000000020009, 604.7999999999999545 ) ) ;
#1174 = EDGE_CURVE ( 'NONE', #2926, #1642, #168, .T. ) ;
#1175 = DIRECTION ( 'NONE',  ( 0.000000000000000000, -0.000000000000000000, 1.000000000000000000 ) ) ;
#1176 = ORIENTED_EDGE ( 'NONE', *, *, #5439, .T. ) ;
#1177 = FACE_BOUND ( 'NONE', #703, .T. ) ;
#1178 = DIRECTION ( 'NONE',  ( 1.000000000000000000, 0.000000000000000000, -0.000000000000000000 ) ) ;
#1179 = CARTESIAN_POINT ( 'NONE',  ( 0.000000000000000000, -985.0000000000000000, 30.00000000000000000 ) ) ;
#1180 = EDGE_CURVE ( 'NONE', #4945, #3847, #2354, .T. ) ;
#1181 = FACE_BOUND ( 'NONE', #2864, .T. ) ;
#1182 = DIRECTION ( 'NONE',  ( 0.000000000000000000, 0.000000000000000000, 1.000000000000000000 ) ) ;
#1183 = DIRECTION ( 'NONE',  ( 1.000000000000000000, 0.000000000000000000, 1.248475228922698363E-16 ) ) ;
#1184 = MECHANICAL_CONTEXT ( 'NONE', #2795, 'mechanical' ) ;
#1185 = ORIENTED_EDGE ( 'NONE', *, *, #2475, .F. ) ;
#1186 = FACE_OUTER_BOUND ( 'NONE', #4808, .T. ) ;
#1187 = EDGE_CURVE ( 'NONE', #189, #5588, #2207, .T. ) ;
#1188 = ADVANCED_FACE ( 'NONE', ( #4495 ), #3213, .F. ) ;
#1189 = AXIS2_PLACEMENT_3D ( 'NONE', #5149, #3007, #416 ) ;
#1190 = DIRECTION ( 'NONE',  ( -0.000000000000000000, 1.000000000000000000, -0.000000000000000000 ) ) ;
#1191 = DIRECTION ( 'NONE',  ( 0.000000000000000000, 1.000000000000000000, -0.000000000000000000 ) ) ;
#1192 = VERTEX_POINT ( 'NONE', #1526 ) ;
#1193 = DIRECTION ( 'NONE',  ( 0.000000000000000000, -1.000000000000000000, -0.000000000000000000 ) ) ;
#1194 = CIRCLE ( 'NONE', #358, 5.000000000000000000 ) ;
#1195 = AXIS2_PLACEMENT_3D ( 'NONE', #163, #2331, #5342 ) ;
#1196 = VERTEX_POINT ( 'NONE', #4542 ) ;
#1197 = CARTESIAN_POINT ( 'NONE',  ( 15.90000000000017089, 215.0000000000003126, 15.90000000000000036 ) ) ;
#1198 = VECTOR ( 'NONE', #3168, 1000.000000000000000 ) ;
#1199 = CARTESIAN_POINT ( 'NONE',  ( 33.00000000000018474, -585.0000000000000000, 3.000000000000007105 ) ) ;
#1200 = CIRCLE ( 'NONE', #4330, 7.999999999999785061 ) ;
#1201 = PERSON ( 'NAUO-PER1', 'UNSPECIFIED', 'UNSPECIFIED', ('UNSPECIFIED'), ('UNSPECIFIED'), ('UNSPECIFIED') ) ;
#1202 = PERSON_AND_ORGANIZATION ( #682, #186 ) ;
#1203 = CONTEXT_DEPENDENT_SHAPE_REPRESENTATION ( #5140, #3001 ) ;
#1204 = ORIENTED_EDGE ( 'NONE', *, *, #1574, .F. ) ;
#1205 = DIRECTION ( 'NONE',  ( 0.000000000000000000, 0.000000000000000000, -1.000000000000000000 ) ) ;
#1206 = CYLINDRICAL_SURFACE ( 'NONE', #4324, 5.050000000000220979 ) ;
#1207 = CYLINDRICAL_SURFACE ( 'NONE', #3782, 5.000000000000000000 ) ;
#1208 = DATE_TIME_ROLE ( 'classification_date' ) ;
#1209 = DIRECTION ( 'NONE',  ( 0.000000000000000000, 1.000000000000000000, 0.000000000000000000 ) ) ;
#1210 = AXIS2_PLACEMENT_3D ( 'NONE', #2323, #608, #1907 ) ;
#1211 = LOCAL_TIME ( 10, 4, 45.00000000000000000, #180 ) ;
#1212 = EDGE_CURVE ( 'NONE', #806, #3867, #3343, .T. ) ;
#1213 = LINE ( 'NONE', #5000, #1346 ) ;
#1214 = DIRECTION ( 'NONE',  ( -0.000000000000000000, -0.000000000000000000, -1.000000000000000000 ) ) ;
#1215 = CARTESIAN_POINT ( 'NONE',  ( 15.90000000000017089, -1125.000000000000000, 10.90000000000000036 ) ) ;
#1216 = DIRECTION ( 'NONE',  ( 0.000000000000000000, 0.000000000000000000, -1.000000000000000000 ) ) ;
#1217 = EDGE_LOOP ( 'NONE', ( #2940, #1148, #4018, #426 ) ) ;
#1218 = ORIENTED_EDGE ( 'NONE', *, *, #5547, .F. ) ;
#1219 = EDGE_CURVE ( 'NONE', #3288, #926, #4359, .T. ) ;
#1220 = CARTESIAN_POINT ( 'NONE',  ( -3313.199999999977990, 2210.250000000020009, 604.7999999999999545 ) ) ;
#1221 = DIRECTION ( 'NONE',  ( 0.000000000000000000, -1.000000000000000000, 0.000000000000000000 ) ) ;
#1222 = ADVANCED_FACE ( 'NONE', ( #35 ), #3685, .T. ) ;
#1223 = CLOSED_SHELL ( 'NONE', ( #1188, #1731, #4666, #391, #1697, #446, #1303, #1807, #4314, #65, #1322, #3949, #2250, #3270, #2002, #5592, #477, #1222, #912, #3114, #3866, #2086, #5420, #3275, #5058, #3689, #919, #2028, #4321, #384, #2147, #330, #2657, #1352, #2189, #5222, #3303, #5144, #1725, #3918, #1273, #1994, #2118, #820, #1760, #3749, #735, #3490, #4752, #505, #5021, #299, #1702, #4347, #2589, #4813, #4263, #1967, #3411, #5106, #5571, #5001, #3083, #2595, #3958, #3522, #2537, #3781, #4116, #4611, #3724, #700, #2628, #4771, #232, #945, #2478, #890, #2170, #851, #3636, #4201, #4368, #421, #3927, #4282, #3893, #4254, #272, #2999, #4229, #5227, #3077, #4628, #5511, #5563, #3023, #4400, #439, #5087 ) ) ;
#1224 = EDGE_LOOP ( 'NONE', ( #61, #4327 ) ) ;
#1225 = CIRCLE ( 'NONE', #1424, 5.050000000000220979 ) ;
#1226 = ORIENTED_EDGE ( 'NONE', *, *, #5514, .F. ) ;
#1227 = CARTESIAN_POINT ( 'NONE',  ( -3843.999999999977263, 85.00000000001985256, 502.0000000000000000 ) ) ;
#1228 = DIRECTION ( 'NONE',  ( 0.000000000000000000, 1.000000000000000000, 0.000000000000000000 ) ) ;
#1229 = AXIS2_PLACEMENT_3D ( 'NONE', #1874, #1448, #112 ) ;
#1230 = PERSON_AND_ORGANIZATION_ROLE ( 'classification_officer' ) ;
#1231 = CARTESIAN_POINT ( 'NONE',  ( 15.00000000000016875, -184.9999999999999432, 30.00000000000000000 ) ) ;
#1232 = FACE_OUTER_BOUND ( 'NONE', #2172, .T. ) ;
#1233 = ORIENTED_EDGE ( 'NONE', *, *, #4004, .T. ) ;
#1234 = CARTESIAN_POINT ( 'NONE',  ( -3353.999999999976808, 85.00000000001949729, 82.00000000000001421 ) ) ;
#1235 = CARTESIAN_POINT ( 'NONE',  ( 15.90000000000017089, -1125.000000000000000, 15.90000000000000036 ) ) ;
#1236 = CARTESIAN_POINT ( 'NONE',  ( -3315.899999999977808, 1039.750000000020009, 596.0000000000000000 ) ) ;
#1237 = FACE_OUTER_BOUND ( 'NONE', #1012, .T. ) ;
#1238 = ORIENTED_EDGE ( 'NONE', *, *, #161, .T. ) ;
#1239 = AXIS2_PLACEMENT_3D ( 'NONE', #884, #5206, #3878 ) ;
#1240 = ORIENTED_EDGE ( 'NONE', *, *, #1932, .F. ) ;
#1241 = DIRECTION ( 'NONE',  ( 0.000000000000000000, 0.000000000000000000, -1.000000000000000000 ) ) ;
#1242 = CARTESIAN_POINT ( 'NONE',  ( -3353.999999999976808, 85.00000000001949729, 54.99999999999990052 ) ) ;
#1243 = ORIENTED_EDGE ( 'NONE', *, *, #5031, .F. ) ;
#1244 = CIRCLE ( 'NONE', #2491, 5.050000000000220979 ) ;
#1245 = AXIS2_PLACEMENT_3D ( 'NONE', #343, #361, #3355 ) ;
#1246 = DIRECTION ( 'NONE',  ( 0.000000000000000000, 1.000000000000000000, 0.000000000000000000 ) ) ;
#1247 = VERTEX_POINT ( 'NONE', #4559 ) ;
#1248 = DATE_TIME_ROLE ( 'classification_date' ) ;
#1249 = CARTESIAN_POINT ( 'NONE',  ( 15.90000000000017089, -1123.500000000000000, 22.40000000000000213 ) ) ;
#1250 = LINE ( 'NONE', #3993, #499 ) ;
#1251 = SECURITY_CLASSIFICATION ( '', '', #2476 ) ;
#1252 = ORIENTED_EDGE ( 'NONE', *, *, #2337, .F. ) ;
#1253 = DIRECTION ( 'NONE',  ( 0.000000000000000000, 0.000000000000000000, 1.000000000000000000 ) ) ;
#1254 = EDGE_CURVE ( 'NONE', #4117, #277, #5250, .T. ) ;
#1255 = CIRCLE ( 'NONE', #3254, 5.000000000000000888 ) ;
#1256 = CARTESIAN_POINT ( 'NONE',  ( -28.00000000000001421, -1014.999999999999886, 53.00000000000000711 ) ) ;
#1257 = ORIENTED_EDGE ( 'NONE', *, *, #5164, .F. ) ;
#1258 = CARTESIAN_POINT ( 'NONE',  ( 15.90000000000017089, -1125.000000000000000, 15.90000000000000036 ) ) ;
#1259 = VECTOR ( 'NONE', #1585, 1000.000000000000000 ) ;
#1260 = DIRECTION ( 'NONE',  ( 2.643388153869414414E-14, 0.000000000000000000, 1.000000000000000000 ) ) ;
#1261 = EDGE_CURVE ( 'NONE', #3542, #5477, #3890, .T. ) ;
#1262 = AXIS2_PLACEMENT_3D ( 'NONE', #4549, #5417, #705 ) ;
#1263 = ORIENTED_EDGE ( 'NONE', *, *, #4963, .F. ) ;
#1264 = DIRECTION ( 'NONE',  ( 0.000000000000000000, 0.000000000000000000, -1.000000000000000000 ) ) ;
#1265 = DIRECTION ( 'NONE',  ( 0.000000000000000000, 0.000000000000000000, 1.000000000000000000 ) ) ;
#1266 = LINE ( 'NONE', #4480, #2951 ) ;
#1267 =( REPRESENTATION_RELATIONSHIP ('NONE','NONE', #5039, #3195 ) REPRESENTATION_RELATIONSHIP_WITH_TRANSFORMATION ( #2271 )SHAPE_REPRESENTATION_RELATIONSHIP( ) );
#1268 = EDGE_LOOP ( 'NONE', ( #2249, #1551, #3802, #1240 ) ) ;
#1269 = AXIS2_PLACEMENT_3D ( 'NONE', #3067, #2646, #5192 ) ;
#1270 = LINE ( 'NONE', #5002, #1000 ) ;
#1271 = CARTESIAN_POINT ( 'NONE',  ( 1.708382284810557841E-13, -1125.000000000000000, 30.00000000000000000 ) ) ;
#1272 = ITEM_DEFINED_TRANSFORMATION ( 'NONE', 'NONE', #2724,  #1102 ) ;
#1273 = ADVANCED_FACE ( 'NONE', ( #4713 ), #2410, .T. ) ;
#1274 = ORIENTED_EDGE ( 'NONE', *, *, #3803, .F. ) ;
#1275 = FACE_OUTER_BOUND ( 'NONE', #2503, .T. ) ;
#1276 = LINE ( 'NONE', #789, #3553 ) ;
#1277 = AXIS2_PLACEMENT_3D ( 'NONE', #1234, #4251, #1687 ) ;
#1278 = ADVANCED_FACE ( 'NONE', ( #662 ), #1007, .F. ) ;
#1279 = ORIENTED_EDGE ( 'NONE', *, *, #701, .F. ) ;
#1280 = FACE_OUTER_BOUND ( 'NONE', #2670, .T. ) ;
#1281 = DIRECTION ( 'NONE',  ( 0.000000000000000000, -0.000000000000000000, 1.000000000000000000 ) ) ;
#1282 = ORIENTED_EDGE ( 'NONE', *, *, #5470, .T. ) ;
#1283 = ORIENTED_EDGE ( 'NONE', *, *, #301, .T. ) ;
#1284 = CC_DESIGN_APPROVAL ( #3581, ( #995 ) ) ;
#1285 = DIRECTION ( 'NONE',  ( 0.000000000000000000, 1.000000000000000000, 0.000000000000000000 ) ) ;
#1286 = PRODUCT_DEFINITION ( '未知', '', #667, #2095 ) ;
#1287 = EDGE_CURVE ( 'NONE', #3738, #4489, #1540, .T. ) ;
#1288 = PRODUCT_DEFINITION_SHAPE ( 'NONE', 'NONE',  #409 ) ;
#1289 = DIRECTION ( 'NONE',  ( 0.000000000000000000, -0.000000000000000000, 1.000000000000000000 ) ) ;
#1290 = ORIENTED_EDGE ( 'NONE', *, *, #4456, .T. ) ;
#1291 = CIRCLE ( 'NONE', #30, 27.00000000000011369 ) ;
#1292 = ORIENTED_EDGE ( 'NONE', *, *, #5048, .T. ) ;
#1293 = CARTESIAN_POINT ( 'NONE',  ( -3313.199999999977990, 1439.750000000020009, 596.7999999999999545 ) ) ;
#1294 = EDGE_CURVE ( 'NONE', #4230, #205, #389, .T. ) ;
#1295 = VERTEX_POINT ( 'NONE', #4153 ) ;
#1296 = VERTEX_POINT ( 'NONE', #3704 ) ;
#1297 = DIRECTION ( 'NONE',  ( 0.000000000000000000, 0.000000000000000000, -1.000000000000000000 ) ) ;
#1298 = ADVANCED_FACE ( 'NONE', ( #4573 ), #1549, .T. ) ;
#1299 = LINE ( 'NONE', #2837, #2097 ) ;
#1300 = DIRECTION ( 'NONE',  ( -0.000000000000000000, 1.000000000000000000, -0.000000000000000000 ) ) ;
#1301 = ORIENTED_EDGE ( 'NONE', *, *, #2510, .F. ) ;
#1302 = ORIENTED_EDGE ( 'NONE', *, *, #2182, .T. ) ;
#1303 = ADVANCED_FACE ( 'NONE', ( #4848 ), #4911, .T. ) ;
#1304 = EDGE_LOOP ( 'NONE', ( #3313, #1896 ) ) ;
#1305 = LINE ( 'NONE', #1659, #9 ) ;
#1306 = CARTESIAN_POINT ( 'NONE',  ( -3305.199999999977990, 639.7500000000200089, 580.0000000000000000 ) ) ;
#1307 = AXIS2_PLACEMENT_3D ( 'NONE', #2980, #855, #3336 ) ;
#1308 = ORIENTED_EDGE ( 'NONE', *, *, #1219, .F. ) ;
#1309 = LINE ( 'NONE', #2716, #3463 ) ;
#1310 = CARTESIAN_POINT ( 'NONE',  ( 0.000000000000000000, 1904.999999999999545, 580.0000000000000000 ) ) ;
#1311 = DIRECTION ( 'NONE',  ( 0.000000000000000000, -1.000000000000000000, 0.000000000000000000 ) ) ;
#1312 = ADVANCED_BREP_SHAPE_REPRESENTATION ( '', ( #4310, #1102 ), #2063 ) ;
#1313 = EDGE_LOOP ( 'NONE', ( #602, #4104, #3683, #845, #5296 ) ) ;
#1314 = AXIS2_PLACEMENT_3D ( 'NONE', #1916, #4886, #3628 ) ;
#1315 = VECTOR ( 'NONE', #4735, 1000.000000000000000 ) ;
#1316 = CARTESIAN_POINT ( 'NONE',  ( 15.90000000000017089, 1015.000000000000114, 20.90000000000000213 ) ) ;
#1317 = DIRECTION ( 'NONE',  ( -0.000000000000000000, -1.000000000000000000, -0.000000000000000000 ) ) ;
#1318 = DIRECTION ( 'NONE',  ( 0.000000000000000000, 1.000000000000000000, 0.000000000000000000 ) ) ;
#1319 = LINE ( 'NONE', #4463, #1985 ) ;
#1320 = CARTESIAN_POINT ( 'NONE',  ( -3869.999999999976808, 2320.000000000022283, 580.0000000000000000 ) ) ;
#1321 = CARTESIAN_POINT ( 'NONE',  ( -3899.999999999977263, 100.0000000000227374, 580.0000000000000000 ) ) ;
#1322 = ADVANCED_FACE ( 'NONE', ( #1681 ), #3751, .T. ) ;
#1323 = EDGE_LOOP ( 'NONE', ( #4452, #3292, #1468, #2604, #1860, #1590 ) ) ;
#1324 = EDGE_CURVE ( 'NONE', #1105, #4520, #106, .T. ) ;
#1325 = CARTESIAN_POINT ( 'NONE',  ( 33.00000000000018474, -585.0000000000000000, 3.000000000000007105 ) ) ;
#1326 = LINE ( 'NONE', #1173, #4420 ) ;
#1327 = ORIENTED_EDGE ( 'NONE', *, *, #2446, .T. ) ;
#1328 = DIRECTION ( 'NONE',  ( 0.000000000000000000, 0.000000000000000000, 1.000000000000000000 ) ) ;
#1329 = CARTESIAN_POINT ( 'NONE',  ( 0.000000000000000000, 1015.000000000000114, 30.00000000000000000 ) ) ;
#1330 = LINE ( 'NONE', #4065, #586 ) ;
#1331 = AXIS2_PLACEMENT_3D ( 'NONE', #1426, #4054, #4071 ) ;
#1332 = CARTESIAN_POINT ( 'NONE',  ( -3315.899999999977808, 610.2500000000200089, 590.9499999999997044 ) ) ;
#1333 = ORIENTED_EDGE ( 'NONE', *, *, #2702, .T. ) ;
#1334 = CIRCLE ( 'NONE', #1482, 27.00000000000013500 ) ;
#1335 = LINE ( 'NONE', #2213, #3147 ) ;
#1336 = EDGE_CURVE ( 'NONE', #4230, #874, #2545, .T. ) ;
#1337 = COORDINATED_UNIVERSAL_TIME_OFFSET ( 8, 0, .AHEAD. ) ;
#1338 = ORIENTED_EDGE ( 'NONE', *, *, #1615, .F. ) ;
#1339 = LINE ( 'NONE', #2467, #3034 ) ;
#1340 = CARTESIAN_POINT ( 'NONE',  ( -3353.999999999976808, 1.948267935869552048E-11, 529.0000000000001137 ) ) ;
#1341 = CARTESIAN_POINT ( 'NONE',  ( 15.00000000000016875, 0.000000000000000000, 15.00000000000000000 ) ) ;
#1342 = CIRCLE ( 'NONE', #5158, 27.00000000000011369 ) ;
#1343 = CALENDAR_DATE ( 2026, 27, 5 ) ;
#1344 = DIRECTION ( 'NONE',  ( -1.000000000000000000, 0.000000000000000000, -2.523234146875356491E-16 ) ) ;
#1345 = ORIENTED_EDGE ( 'NONE', *, *, #5048, .F. ) ;
#1346 = VECTOR ( 'NONE', #5455, 1000.000000000000000 ) ;
#1347 = AXIS2_PLACEMENT_3D ( 'NONE', #50, #4373, #1328 ) ;
#1348 = DIRECTION ( 'NONE',  ( 0.000000000000000000, 1.000000000000000000, 0.000000000000000000 ) ) ;
#1349 = DIRECTION ( 'NONE',  ( -0.000000000000000000, 1.000000000000000000, -0.000000000000000000 ) ) ;
#1350 = CARTESIAN_POINT ( 'NONE',  ( -3315.899999999977808, 1410.250000000020009, 596.0000000000000000 ) ) ;
#1351 = ORIENTED_EDGE ( 'NONE', *, *, #1893, .F. ) ;
#1352 = ADVANCED_FACE ( 'NONE', ( #2962 ), #769, .T. ) ;
#1353 = EDGE_LOOP ( 'NONE', ( #811, #1898, #4853, #1819 ) ) ;
#1354 = CARTESIAN_POINT ( 'NONE',  ( 7.401486830835844428E-14, 100.0000000000198526, 580.0000000000000000 ) ) ;
#1355 = EDGE_LOOP ( 'NONE', ( #4961, #3052 ) ) ;
#1356 = CARTESIAN_POINT ( 'NONE',  ( 33.00000000000017764, 215.0000000000001990, 30.00000000000000000 ) ) ;
#1357 = APPROVAL ( #352, '未指定' ) ;
#1358 = ORIENTED_EDGE ( 'NONE', *, *, #1623, .F. ) ;
#1359 = LINE ( 'NONE', #2706, #899 ) ;
#1360 = ORIENTED_EDGE ( 'NONE', *, *, #4868, .F. ) ;
#1361 = EDGE_CURVE ( 'NONE', #3987, #4942, #5585, .T. ) ;
#1362 = CARTESIAN_POINT ( 'NONE',  ( 15.00000000000016875, 985.0000000000001137, 15.00000000000000000 ) ) ;
#1363 = DIRECTION ( 'NONE',  ( 0.000000000000000000, -0.000000000000000000, -1.000000000000000000 ) ) ;
#1364 = ORIENTED_EDGE ( 'NONE', *, *, #1123, .T. ) ;
#1365 = EDGE_LOOP ( 'NONE', ( #4754, #3013, #4459, #5600 ) ) ;
#1366 = EDGE_CURVE ( 'NONE', #1880, #5020, #5450, .T. ) ;
#1367 = CIRCLE ( 'NONE', #4526, 5.000000000000000888 ) ;
#1368 = CARTESIAN_POINT ( 'NONE',  ( 33.00000000000018474, -1014.999999999999886, 3.000000000000007105 ) ) ;
#1369 = EDGE_LOOP ( 'NONE', ( #607, #3700 ) ) ;
#1370 = DIRECTION ( 'NONE',  ( 0.000000000000000000, 0.000000000000000000, 1.000000000000000000 ) ) ;
#1371 = ORIENTED_EDGE ( 'NONE', *, *, #156, .T. ) ;
#1372 = DIRECTION ( 'NONE',  ( 0.000000000000000000, 0.000000000000000000, -1.000000000000000000 ) ) ;
#1373 = DIRECTION ( 'NONE',  ( -2.523234146875355998E-16, 0.000000000000000000, 1.000000000000000000 ) ) ;
#1374 = VERTEX_POINT ( 'NONE', #367 ) ;
#1375 = AXIS2_PLACEMENT_3D ( 'NONE', #2592, #1737, #2178 ) ;
#1376 = DIRECTION ( 'NONE',  ( 0.000000000000000000, 1.000000000000000000, 0.000000000000000000 ) ) ;
#1377 = FACE_BOUND ( 'NONE', #5423, .T. ) ;
#1378 = CARTESIAN_POINT ( 'NONE',  ( 1.700029006457270953E-13, 585.0000000000001137, 15.00000000000000000 ) ) ;
#1379 = ORIENTED_EDGE ( 'NONE', *, *, #3192, .T. ) ;
#1380 = CARTESIAN_POINT ( 'NONE',  ( -3313.199999999977990, 1410.250000000020009, 604.7999999999999545 ) ) ;
#1381 = FACE_OUTER_BOUND ( 'NONE', #559, .T. ) ;
#1382 = AXIS2_PLACEMENT_3D ( 'NONE', #2234, #2676, #1857 ) ;
#1383 = ORIENTED_EDGE ( 'NONE', *, *, #610, .T. ) ;
#1384 = FACE_OUTER_BOUND ( 'NONE', #1750, .T. ) ;
#1385 = CARTESIAN_POINT ( 'NONE',  ( -3305.199999999977990, 210.2500000000200657, 580.0000000000000000 ) ) ;
#1386 = DIRECTION ( 'NONE',  ( 0.000000000000000000, 0.000000000000000000, 1.000000000000000000 ) ) ;
#1387 = APPROVAL ( #307, 'UNKNOWN' ) ;
#1388 = AXIS2_PLACEMENT_3D ( 'NONE', #1101, #2411, #3686 ) ;
#1389 = ORIENTED_EDGE ( 'NONE', *, *, #2370, .F. ) ;
#1390 = CARTESIAN_POINT ( 'NONE',  ( 33.00000000000018474, -1014.999999999999886, 3.000000000000007105 ) ) ;
#1391 = EDGE_CURVE ( 'NONE', #3564, #5293, #5111, .T. ) ;
#1392 = CARTESIAN_POINT ( 'NONE',  ( -3353.999999999976808, 15.00000000001948308, 502.0000000000000000 ) ) ;
#1393 = LINE ( 'NONE', #2770, #2672 ) ;
#1394 = ORIENTED_EDGE ( 'NONE', *, *, #2810, .F. ) ;
#1395 = CIRCLE ( 'NONE', #1837, 15.00000000000000000 ) ;
#1396 = DIRECTION ( 'NONE',  ( -0.000000000000000000, 1.000000000000000000, 0.000000000000000000 ) ) ;
#1397 = DIRECTION ( 'NONE',  ( 0.000000000000000000, 0.000000000000000000, 1.000000000000000000 ) ) ;
#1398 = EDGE_CURVE ( 'NONE', #545, #3570, #2613, .T. ) ;
#1399 = DIRECTION ( 'NONE',  ( 0.000000000000000000, 0.000000000000000000, -1.000000000000000000 ) ) ;
#1400 = ORIENTED_EDGE ( 'NONE', *, *, #4236, .T. ) ;
#1401 = VECTOR ( 'NONE', #552, 1000.000000000000000 ) ;
#1402 = VECTOR ( 'NONE', #1520, 1000.000000000000000 ) ;
#1403 = COORDINATED_UNIVERSAL_TIME_OFFSET ( 8, 0, .AHEAD. ) ;
#1404 = CARTESIAN_POINT ( 'NONE',  ( -3869.999999999976808, 1904.999999999999545, 580.0000000000000000 ) ) ;
#1405 = ORIENTED_EDGE ( 'NONE', *, *, #4608, .F. ) ;
#1406 = EDGE_CURVE ( 'NONE', #954, #207, #1276, .T. ) ;
#1407 = FACE_OUTER_BOUND ( 'NONE', #3924, .T. ) ;
#1408 = FACE_OUTER_BOUND ( 'NONE', #5602, .T. ) ;
#1409 = CALENDAR_DATE ( 2026, 27, 5 ) ;
#1410 = CARTESIAN_POINT ( 'NONE',  ( 15.90000000000017089, 985.0000000000003411, 15.90000000000000036 ) ) ;
#1411 = DIRECTION ( 'NONE',  ( 0.000000000000000000, -1.000000000000000000, 0.000000000000000000 ) ) ;
#1412 = ORIENTED_EDGE ( 'NONE', *, *, #4975, .T. ) ;
#1413 = FACE_OUTER_BOUND ( 'NONE', #2026, .T. ) ;
#1414 = DIRECTION ( 'NONE',  ( 0.000000000000000000, -1.000000000000000000, 0.000000000000000000 ) ) ;
#1415 = DIRECTION ( 'NONE',  ( -1.000000000000000000, 0.000000000000000000, -0.000000000000000000 ) ) ;
#1416 = ORIENTED_EDGE ( 'NONE', *, *, #2403, .F. ) ;
#1417 = ORIENTED_EDGE ( 'NONE', *, *, #5300, .F. ) ;
#1418 = DIRECTION ( 'NONE',  ( 0.000000000000000000, 0.000000000000000000, 1.000000000000000000 ) ) ;
#1419 = CARTESIAN_POINT ( 'NONE',  ( -3353.999999999976808, 85.00000000001949729, 529.0000000000001137 ) ) ;
#1420 = EDGE_LOOP ( 'NONE', ( #1946, #5308, #5498, #4669 ) ) ;
#1421 = VECTOR ( 'NONE', #4273, 1000.000000000000000 ) ;
#1422 = VERTEX_POINT ( 'NONE', #2964 ) ;
#1423 = DIRECTION ( 'NONE',  ( 0.000000000000000000, 0.000000000000000000, 1.000000000000000000 ) ) ;
#1424 = AXIS2_PLACEMENT_3D ( 'NONE', #5162, #3819, #429 ) ;
#1425 = DIRECTION ( 'NONE',  ( -1.000000000000000000, 0.000000000000000000, 0.000000000000000000 ) ) ;
#1426 = CARTESIAN_POINT ( 'NONE',  ( -3313.199999999977990, 239.7500000000200657, 596.7999999999999545 ) ) ;
#1427 = ORIENTED_EDGE ( 'NONE', *, *, #2187, .F. ) ;
#1428 = FACE_OUTER_BOUND ( 'NONE', #2555, .T. ) ;
#1429 = DIRECTION ( 'NONE',  ( 0.000000000000000000, 1.000000000000000000, 0.000000000000000000 ) ) ;
#1430 = CARTESIAN_POINT ( 'NONE',  ( -3353.999999999976808, 15.00000000001948131, 82.00000000000001421 ) ) ;
#1431 = DIRECTION ( 'NONE',  ( 0.000000000000000000, 1.000000000000000000, 0.000000000000000000 ) ) ;
#1432 = EDGE_CURVE ( 'NONE', #3510, #5260, #3970, .T. ) ;
#1433 = VECTOR ( 'NONE', #1031, 1000.000000000000000 ) ;
#1434 = VERTEX_POINT ( 'NONE', #1661 ) ;
#1435 = CARTESIAN_POINT ( 'NONE',  ( 1.700029006457270953E-13, -1014.999999999999886, 15.00000000000000000 ) ) ;
#1436 = DIRECTION ( 'NONE',  ( 0.000000000000000000, -0.000000000000000000, 1.000000000000000000 ) ) ;
#1437 = DIRECTION ( 'NONE',  ( 1.000000000000000000, 0.000000000000000000, 1.248475228922698363E-16 ) ) ;
#1438 = VERTEX_POINT ( 'NONE', #1683 ) ;
#1439 = EDGE_CURVE ( 'NONE', #4043, #4364, #3426, .T. ) ;
#1440 = VECTOR ( 'NONE', #264, 1000.000000000000000 ) ;
#1441 = CARTESIAN_POINT ( 'NONE',  ( -3313.199999999977990, 2210.250000000020009, 604.7999999999999545 ) ) ;
#1442 = CARTESIAN_POINT ( 'NONE',  ( -3313.199999999977990, 1410.250000000020009, 596.7999999999999545 ) ) ;
#1443 = VERTEX_POINT ( 'NONE', #1231 ) ;
#1444 = CIRCLE ( 'NONE', #1382, 5.000000000000000888 ) ;
#1445 = CARTESIAN_POINT ( 'NONE',  ( -3869.999999999976808, 0.000000000000000000, 580.0000000000000000 ) ) ;
#1446 = DIRECTION ( 'NONE',  ( 0.000000000000000000, 0.000000000000000000, -1.000000000000000000 ) ) ;
#1447 = AXIS2_PLACEMENT_3D ( 'NONE', #4515, #220, #4985 ) ;
#1448 = DIRECTION ( 'NONE',  ( 0.000000000000000000, 0.000000000000000000, 1.000000000000000000 ) ) ;
#1449 = DIRECTION ( 'NONE',  ( -0.000000000000000000, 1.000000000000000000, -0.000000000000000000 ) ) ;
#1450 = ORIENTED_EDGE ( 'NONE', *, *, #4931, .T. ) ;
#1451 = CARTESIAN_POINT ( 'NONE',  ( 1.734723475976807094E-13, 615.0000000000001137, 3.000000000000003109 ) ) ;
#1452 = ORIENTED_EDGE ( 'NONE', *, *, #3161, .T. ) ;
#1453 = PLANE ( 'NONE',  #2944 ) ;
#1454 = AXIS2_PLACEMENT_3D ( 'NONE', #3933, #5199, #1372 ) ;
#1455 = VECTOR ( 'NONE', #2252, 1000.000000000000000 ) ;
#1456 = DIRECTION ( 'NONE',  ( -0.000000000000000000, -0.000000000000000000, -1.000000000000000000 ) ) ;
#1457 = ORIENTED_EDGE ( 'NONE', *, *, #1652, .F. ) ;
#1458 = DIRECTION ( 'NONE',  ( 0.000000000000000000, 0.000000000000000000, 1.000000000000000000 ) ) ;
#1459 = VECTOR ( 'NONE', #2296, 1000.000000000000000 ) ;
#1460 = CARTESIAN_POINT ( 'NONE',  ( 15.90000000000017089, -1125.000000000000000, 15.90000000000000036 ) ) ;
#1461 = APPROVAL ( #732, '未指定' ) ;
#1462 = ORIENTED_EDGE ( 'NONE', *, *, #4617, .T. ) ;
#1463 = EDGE_CURVE ( 'NONE', #3608, #3288, #2276, .T. ) ;
#1464 = DIRECTION ( 'NONE',  ( -0.000000000000000000, -1.000000000000000000, -0.000000000000000000 ) ) ;
#1465 = CYLINDRICAL_SURFACE ( 'NONE', #5598, 27.00000000000013500 ) ;
#1466 = CARTESIAN_POINT ( 'NONE',  ( 15.00000000000016875, -615.0000000000000000, 15.00000000000000000 ) ) ;
#1467 = LOCAL_TIME ( 10, 4, 45.00000000000000000, #3610 ) ;
#1468 = ORIENTED_EDGE ( 'NONE', *, *, #2652, .T. ) ;
#1469 = FACE_BOUND ( 'NONE', #4675, .T. ) ;
#1470 = CARTESIAN_POINT ( 'NONE',  ( -3329.999999999977263, -6.572520305780882291E-13, 580.0000000000000000 ) ) ;
#1471 = CARTESIAN_POINT ( 'NONE',  ( -3869.999999999976808, 1923.000000000028649, 580.0000000000000000 ) ) ;
#1472 = VECTOR ( 'NONE', #5122, 1000.000000000000000 ) ;
#1473 = EDGE_CURVE ( 'NONE', #5452, #5069, #2824, .T. ) ;
#1474 = APPROVAL_DATE_TIME ( #2202, #2533 ) ;
#1475 = VERTEX_POINT ( 'NONE', #2943 ) ;
#1476 = FACE_OUTER_BOUND ( 'NONE', #1224, .T. ) ;
#1477 = CARTESIAN_POINT ( 'NONE',  ( 1.708382284810557841E-13, -615.0000000000000000, 30.00000000000000000 ) ) ;
#1478 = CARTESIAN_POINT ( 'NONE',  ( -3313.199999999977990, 210.2500000000200657, 604.7999999999999545 ) ) ;
#1479 = COORDINATED_UNIVERSAL_TIME_OFFSET ( 8, 0, .AHEAD. ) ;
#1480 = EDGE_CURVE ( 'NONE', #2462, #1698, #312, .T. ) ;
#1481 = CARTESIAN_POINT ( 'NONE',  ( -3305.199999999977990, 610.2500000000200089, 580.0000000000000000 ) ) ;
#1482 = AXIS2_PLACEMENT_3D ( 'NONE', #2839, #4141, #4981 ) ;
#1483 = ORIENTED_EDGE ( 'NONE', *, *, #5503, .F. ) ;
#1484 = LINE ( 'NONE', #3693, #324 ) ;
#1485 = CARTESIAN_POINT ( 'NONE',  ( 6.450000000000001066, 0.000000000000000000, -1.500000000000000000 ) ) ;
#1486 = DIRECTION ( 'NONE',  ( 0.000000000000000000, 0.000000000000000000, 1.000000000000000000 ) ) ;
#1487 = ADVANCED_BREP_SHAPE_REPRESENTATION ( '', ( #4812, #1102 ), #628 ) ;
#1488 = ORIENTED_EDGE ( 'NONE', *, *, #45, .F. ) ;
#1489 = ORIENTED_EDGE ( 'NONE', *, *, #458, .F. ) ;
#1490 = AXIS2_PLACEMENT_3D ( 'NONE', #4118, #5421, #2358 ) ;
#1491 = VERTEX_POINT ( 'NONE', #1773 ) ;
#1492 = ORIENTED_EDGE ( 'NONE', *, *, #258, .F. ) ;
#1493 = FACE_OUTER_BOUND ( 'NONE', #867, .T. ) ;
#1494 = DIRECTION ( 'NONE',  ( 0.000000000000000000, 1.000000000000000000, -0.000000000000000000 ) ) ;
#1495 = ORIENTED_EDGE ( 'NONE', *, *, #2221, .T. ) ;
#1496 = DIRECTION ( 'NONE',  ( 0.000000000000000000, 1.000000000000000000, -0.000000000000000000 ) ) ;
#1497 = AXIS2_PLACEMENT_3D ( 'NONE', #663, #2857, #2814 ) ;
#1498 = LINE ( 'NONE', #3577, #1 ) ;
#1499 = DIRECTION ( 'NONE',  ( 3.947459643111667480E-16, -1.000000000000000000, 0.000000000000000000 ) ) ;
#1500 = EDGE_LOOP ( 'NONE', ( #1619, #2168, #2029, #2812, #3177 ) ) ;
#1501 = VERTEX_POINT ( 'NONE', #503 ) ;
#1502 = EDGE_CURVE ( 'NONE', #625, #4587, #5179, .T. ) ;
#1503 = ORIENTED_EDGE ( 'NONE', *, *, #3966, .T. ) ;
#1504 = FACE_OUTER_BOUND ( 'NONE', #5415, .T. ) ;
#1505 = ORIENTED_EDGE ( 'NONE', *, *, #4674, .T. ) ;
#1506 = ORIENTED_EDGE ( 'NONE', *, *, #3560, .F. ) ;
#1507 = EDGE_CURVE ( 'NONE', #3645, #255, #2142, .T. ) ;
#1508 = DIRECTION ( 'NONE',  ( 1.000000000000000000, 0.000000000000000000, 0.000000000000000000 ) ) ;
#1509 = ORIENTED_EDGE ( 'NONE', *, *, #5269, .T. ) ;
#1510 = CARTESIAN_POINT ( 'NONE',  ( -3843.999999999977263, 15.00000000001984546, 54.99999999999990052 ) ) ;
#1511 = FACE_OUTER_BOUND ( 'NONE', #677, .T. ) ;
#1512 = APPLICATION_PROTOCOL_DEFINITION ( 'international standard', 'config_control_design', 1994, #226 ) ;
#1513 = DIRECTION ( 'NONE',  ( 0.000000000000000000, 0.000000000000000000, 1.000000000000000000 ) ) ;
#1514 = ORIENTED_EDGE ( 'NONE', *, *, #4937, .T. ) ;
#1515 = AXIS2_PLACEMENT_3D ( 'NONE', #3233, #2417, #670 ) ;
#1516 = CIRCLE ( 'NONE', #1195, 15.00000000000000000 ) ;
#1517 = ORIENTED_EDGE ( 'NONE', *, *, #2330, .F. ) ;
#1518 = AXIS2_PLACEMENT_3D ( 'NONE', #2336, #2754, #2809 ) ;
#1519 = PLANE ( 'NONE',  #1151 ) ;
#1520 = DIRECTION ( 'NONE',  ( -2.523234146875355998E-16, 0.000000000000000000, 1.000000000000000000 ) ) ;
#1521 = EDGE_LOOP ( 'NONE', ( #2649, #1873, #1723, #1701 ) ) ;
#1522 = LINE ( 'NONE', #1075, #4554 ) ;
#1523 = CARTESIAN_POINT ( 'NONE',  ( 15.90000000000017089, -585.0000000000000000, 15.90000000000000036 ) ) ;
#1524 = DIRECTION ( 'NONE',  ( -1.000000000000000000, 0.000000000000000000, 0.000000000000000000 ) ) ;
#1525 = CARTESIAN_POINT ( 'NONE',  ( -3296.672920870509188, 1225.000000000021600, 584.3406934962173409 ) ) ;
#1526 = CARTESIAN_POINT ( 'NONE',  ( 1.734723475976807094E-13, 215.0000000000001990, 3.000000000000003109 ) ) ;
#1527 = VERTEX_POINT ( 'NONE', #5596 ) ;
#1528 = LINE ( 'NONE', #3032, #2342 ) ;
#1529 = DIRECTION ( 'NONE',  ( 0.000000000000000000, -1.000000000000000000, 0.000000000000000000 ) ) ;
#1530 = ORIENTED_EDGE ( 'NONE', *, *, #5276, .T. ) ;
#1531 = FACE_OUTER_BOUND ( 'NONE', #893, .T. ) ;
#1532 = DIRECTION ( 'NONE',  ( 0.000000000000000000, 1.000000000000000000, -0.000000000000000000 ) ) ;
#1533 = FACE_BOUND ( 'NONE', #1100, .T. ) ;
#1534 = CC_DESIGN_PERSON_AND_ORGANIZATION_ASSIGNMENT ( #4575, #1169, ( #1286 ) ) ;
#1535 = CONTEXT_DEPENDENT_SHAPE_REPRESENTATION ( #1267, #2915 ) ;
#1536 = EDGE_CURVE ( 'NONE', #4942, #1438, #3027, .T. ) ;
#1537 = EDGE_LOOP ( 'NONE', ( #4656, #4699, #3923, #4804 ) ) ;
#1538 = LINE ( 'NONE', #5167, #4846 ) ;
#1539 = DIRECTION ( 'NONE',  ( -1.248475228922698363E-16, 0.000000000000000000, 1.000000000000000000 ) ) ;
#1540 = LINE ( 'NONE', #1156, #4028 ) ;
#1541 = CALENDAR_DATE ( 2026, 27, 5 ) ;
#1542 = DIRECTION ( 'NONE',  ( 0.000000000000000000, 0.000000000000000000, -1.000000000000000000 ) ) ;
#1543 = VERTEX_POINT ( 'NONE', #3090 ) ;
#1544 = DIRECTION ( 'NONE',  ( 1.000000000000000000, 0.000000000000000000, 1.248475228922698363E-16 ) ) ;
#1545 = EDGE_CURVE ( 'NONE', #3913, #4466, #3825, .T. ) ;
#1546 = VECTOR ( 'NONE', #1597, 1000.000000000000000 ) ;
#1547 = AXIS2_PLACEMENT_3D ( 'NONE', #4129, #2000, #1925 ) ;
#1548 = DIRECTION ( 'NONE',  ( -0.000000000000000000, 1.000000000000000000, -0.000000000000000000 ) ) ;
#1549 = PLANE ( 'NONE',  #3598 ) ;
#1550 = SHAPE_REPRESENTATION_RELATIONSHIP ( 'NONE' , 'NONE' ,  #3195, #1312 ) ;
#1551 = ORIENTED_EDGE ( 'NONE', *, *, #1143, .T. ) ;
#1552 = EDGE_LOOP ( 'NONE', ( #2362, #1707, #2162, #1563 ) ) ;
#1553 = CARTESIAN_POINT ( 'NONE',  ( 1.700029006457270953E-13, 185.0000000000001990, 15.00000000000000000 ) ) ;
#1554 = DIRECTION ( 'NONE',  ( -0.000000000000000000, 1.000000000000000000, -0.000000000000000000 ) ) ;
#1555 = AXIS2_PLACEMENT_3D ( 'NONE', #929, #3928, #2338 ) ;
#1556 = ORIENTED_EDGE ( 'NONE', *, *, #4581, .F. ) ;
#1557 = EDGE_LOOP ( 'NONE', ( #4568, #2577, #1928, #4933 ) ) ;
#1558 = VECTOR ( 'NONE', #5088, 1000.000000000000000 ) ;
#1559 = ORIENTED_EDGE ( 'NONE', *, *, #2838, .F. ) ;
#1560 = PRODUCT_DEFINITION_SHAPE ( 'NONE', 'NONE',  #5606 ) ;
#1561 = ADVANCED_FACE ( 'NONE', ( #2688, #1408 ), #3475, .F. ) ;
#1562 = CARTESIAN_POINT ( 'NONE',  ( -3329.999999999977263, 2210.250000000020009, 596.7999999999999545 ) ) ;
#1563 = ORIENTED_EDGE ( 'NONE', *, *, #3450, .F. ) ;
#1564 = EDGE_LOOP ( 'NONE', ( #799, #2083 ) ) ;
#1565 = CARTESIAN_POINT ( 'NONE',  ( 1.708382284810557841E-13, 1125.000000000000000, 15.00000000000000000 ) ) ;
#1566 = CARTESIAN_POINT ( 'NONE',  ( 0.000000000000000000, 0.000000000000000000, 0.000000000000000000 ) ) ;
#1567 = LINE ( 'NONE', #1310, #345 ) ;
#1568 = EDGE_LOOP ( 'NONE', ( #2408, #1489, #1692, #1766 ) ) ;
#1569 = EDGE_LOOP ( 'NONE', ( #590, #5139, #3963, #2153 ) ) ;
#1570 = SECURITY_CLASSIFICATION ( '', '', #878 ) ;
#1571 = DIRECTION ( 'NONE',  ( 0.000000000000000000, 1.000000000000000000, 0.000000000000000000 ) ) ;
#1572 = AXIS2_PLACEMENT_3D ( 'NONE', #5023, #5444, #1154 ) ;
#1573 = DIRECTION ( 'NONE',  ( -0.000000000000000000, 1.000000000000000000, -0.000000000000000000 ) ) ;
#1574 = EDGE_CURVE ( 'NONE', #3759, #255, #2889, .T. ) ;
#1575 = CARTESIAN_POINT ( 'NONE',  ( -3843.999999999977263, 15.00000000001984546, 82.00000000000001421 ) ) ;
#1576 = ORIENTED_EDGE ( 'NONE', *, *, #5041, .T. ) ;
#1577 = VECTOR ( 'NONE', #515, 1000.000000000000000 ) ;
#1578 = CARTESIAN_POINT ( 'NONE',  ( -3329.999999999977263, -6.572520305780882291E-13, 580.0000000000000000 ) ) ;
#1579 = CARTESIAN_POINT ( 'NONE',  ( -3321.999999999977717, 239.7500000000200657, 596.7999999999999545 ) ) ;
#1580 = CARTESIAN_POINT ( 'NONE',  ( -3353.999999999976808, 85.00000000001949729, 474.9999999999998863 ) ) ;
#1581 = VERTEX_POINT ( 'NONE', #2576 ) ;
#1582 = EDGE_CURVE ( 'NONE', #2367, #3441, #4430, .T. ) ;
#1583 = CYLINDRICAL_SURFACE ( 'NONE', #3902, 8.000000000000007105 ) ;
#1584 = DIRECTION ( 'NONE',  ( 0.000000000000000000, -1.000000000000000000, 0.000000000000000000 ) ) ;
#1585 = DIRECTION ( 'NONE',  ( -0.000000000000000000, 1.000000000000000000, -0.000000000000000000 ) ) ;
#1586 = ORIENTED_EDGE ( 'NONE', *, *, #5439, .F. ) ;
#1587 = CIRCLE ( 'NONE', #1093, 6.500000000000002665 ) ;
#1588 = AXIS2_PLACEMENT_3D ( 'NONE', #69, #3079, #1814 ) ;
#1589 = DIRECTION ( 'NONE',  ( 0.000000000000000000, -1.000000000000000000, 0.000000000000000000 ) ) ;
#1590 = ORIENTED_EDGE ( 'NONE', *, *, #1502, .T. ) ;
#1591 = DIRECTION ( 'NONE',  ( -1.000000000000000000, 0.000000000000000000, -2.523234146875356491E-16 ) ) ;
#1592 = CIRCLE ( 'NONE', #2564, 27.00000000000011369 ) ;
#1593 = CARTESIAN_POINT ( 'NONE',  ( -3313.199999999977990, 1039.750000000020009, 604.7999999999999545 ) ) ;
#1594 = EDGE_CURVE ( 'NONE', #3980, #4829, #1138, .T. ) ;
#1595 = VERTEX_POINT ( 'NONE', #4827 ) ;
#1596 = AXIS2_PLACEMENT_3D ( 'NONE', #2493, #2553, #1679 ) ;
#1597 = DIRECTION ( 'NONE',  ( 0.000000000000000000, -0.000000000000000000, 1.000000000000000000 ) ) ;
#1598 = FACE_OUTER_BOUND ( 'NONE', #347, .T. ) ;
#1599 = DIRECTION ( 'NONE',  ( 0.000000000000000000, 0.000000000000000000, 1.000000000000000000 ) ) ;
#1600 = DIRECTION ( 'NONE',  ( 1.000000000000000000, -7.401486830834387126E-16, 0.000000000000000000 ) ) ;
#1601 = ORIENTED_EDGE ( 'NONE', *, *, #4198, .F. ) ;
#1602 = DIRECTION ( 'NONE',  ( 1.000000000000000000, 0.000000000000000000, 0.000000000000000000 ) ) ;
#1603 = CARTESIAN_POINT ( 'NONE',  ( -3353.999999999976808, 15.00000000001948308, 61.99999999999982947 ) ) ;
#1604 = CYLINDRICAL_SURFACE ( 'NONE', #2893, 5.000000000000000888 ) ;
#1605 = ITEM_DEFINED_TRANSFORMATION ( 'NONE', 'NONE', #1990,  #1102 ) ;
#1606 = APPROVAL_ROLE ( '' ) ;
#1607 = DIRECTION ( 'NONE',  ( 0.000000000000000000, 0.000000000000000000, 1.000000000000000000 ) ) ;
#1608 = ORIENTED_EDGE ( 'NONE', *, *, #4503, .T. ) ;
#1609 = FACE_OUTER_BOUND ( 'NONE', #585, .T. ) ;
#1610 = CARTESIAN_POINT ( 'NONE',  ( -3299.999999999977263, 100.0000000000222968, 580.0000000000000000 ) ) ;
#1611 = PERSON_AND_ORGANIZATION ( #682, #186 ) ;
#1612 = DIRECTION ( 'NONE',  ( -2.523234146875355998E-16, 0.000000000000000000, 1.000000000000000000 ) ) ;
#1613 = VERTEX_POINT ( 'NONE', #3016 ) ;
#1614 = LINE ( 'NONE', #2284, #4917 ) ;
#1615 = EDGE_CURVE ( 'NONE', #3300, #3166, #3616, .T. ) ;
#1616 = APPROVAL_PERSON_ORGANIZATION ( #2477, #2144, #4191 ) ;
#1617 = DIRECTION ( 'NONE',  ( 0.000000000000000000, -1.000000000000000000, 0.000000000000000000 ) ) ;
#1618 = DIRECTION ( 'NONE',  ( 0.000000000000000000, 0.000000000000000000, -1.000000000000000000 ) ) ;
#1619 = ORIENTED_EDGE ( 'NONE', *, *, #3093, .T. ) ;
#1620 = LINE ( 'NONE', #4591, #49 ) ;
#1621 = CARTESIAN_POINT ( 'NONE',  ( -3843.999999999977263, 85.00000000001985256, 109.0000000000001279 ) ) ;
#1622 = DIRECTION ( 'NONE',  ( 0.000000000000000000, 0.000000000000000000, -1.000000000000000000 ) ) ;
#1623 = EDGE_CURVE ( 'NONE', #2945, #2953, #4093, .T. ) ;
#1624 = AXIS2_PLACEMENT_3D ( 'NONE', #3153, #3174, #1848 ) ;
#1625 = EDGE_LOOP ( 'NONE', ( #1152, #3212 ) ) ;
#1626 = APPLICATION_CONTEXT ( 'configuration controlled 3d designs of mechanical parts and assemblies' ) ;
#1627 = EDGE_LOOP ( 'NONE', ( #56, #4922, #2291, #5403 ) ) ;
#1628 = DIRECTION ( 'NONE',  ( 0.000000000000000000, -0.000000000000000000, -1.000000000000000000 ) ) ;
#1629 = FACE_OUTER_BOUND ( 'NONE', #2211, .T. ) ;
#1630 = ORIENTED_EDGE ( 'NONE', *, *, #1693, .T. ) ;
#1631 = DIRECTION ( 'NONE',  ( -1.000000000000000000, 0.000000000000000000, 0.000000000000000000 ) ) ;
#1632 = CYLINDRICAL_SURFACE ( 'NONE', #930, 27.00000000000010658 ) ;
#1633 = EDGE_LOOP ( 'NONE', ( #3956, #2853, #1364, #5489 ) ) ;
#1634 = VERTEX_POINT ( 'NONE', #2614 ) ;
#1635 = DIRECTION ( 'NONE',  ( 0.000000000000000000, -0.000000000000000000, -1.000000000000000000 ) ) ;
#1636 = PLANE ( 'NONE',  #1245 ) ;
#1637 = CARTESIAN_POINT ( 'NONE',  ( 15.90000000000017089, 615.0000000000002274, 15.90000000000000036 ) ) ;
#1638 = ORIENTED_EDGE ( 'NONE', *, *, #3523, .T. ) ;
#1639 = AXIS2_PLACEMENT_3D ( 'NONE', #2209, #1768, #3526 ) ;
#1640 = LINE ( 'NONE', #909, #4667 ) ;
#1641 = CARTESIAN_POINT ( 'NONE',  ( -3843.999999999977263, 15.00000000001984546, 502.0000000000000000 ) ) ;
#1642 = VERTEX_POINT ( 'NONE', #2193 ) ;
#1643 = CARTESIAN_POINT ( 'NONE',  ( -28.00000000000001421, 185.0000000000001990, 53.00000000000000711 ) ) ;
#1644 = ORIENTED_EDGE ( 'NONE', *, *, #1043, .F. ) ;
#1645 = PERSON_AND_ORGANIZATION_ROLE ( 'design_supplier' ) ;
#1646 = DIRECTION ( 'NONE',  ( -0.000000000000000000, -0.000000000000000000, -1.000000000000000000 ) ) ;
#1647 = VERTEX_POINT ( 'NONE', #444 ) ;
#1648 = CARTESIAN_POINT ( 'NONE',  ( -3353.999999999976808, 85.00000000001949729, 109.0000000000001279 ) ) ;
#1649 = CC_DESIGN_PERSON_AND_ORGANIZATION_ASSIGNMENT ( #2892, #4671, ( #3990 ) ) ;
#1650 = VECTOR ( 'NONE', #4461, 1000.000000000000000 ) ;
#1651 = DIRECTION ( 'NONE',  ( 0.000000000000000000, 1.000000000000000000, -0.000000000000000000 ) ) ;
#1652 = EDGE_CURVE ( 'NONE', #4267, #1878, #241, .T. ) ;
#1653 = CARTESIAN_POINT ( 'NONE',  ( 15.00000000000016875, 0.000000000000000000, 15.00000000000000000 ) ) ;
#1654 = ORIENTED_EDGE ( 'NONE', *, *, #1998, .F. ) ;
#1655 = DIRECTION ( 'NONE',  ( -0.000000000000000000, -1.000000000000000000, -0.000000000000000000 ) ) ;
#1656 = ORIENTED_EDGE ( 'NONE', *, *, #2008, .T. ) ;
#1657 = EDGE_CURVE ( 'NONE', #2874, #3274, #1747, .T. ) ;
#1658 = CIRCLE ( 'NONE', #4112, 8.000000000000007105 ) ;
#1659 = CARTESIAN_POINT ( 'NONE',  ( 1.708382284810557841E-13, 1125.000000000000000, 30.00000000000000000 ) ) ;
#1660 = PERSON_AND_ORGANIZATION_ROLE ( 'design_supplier' ) ;
#1661 = CARTESIAN_POINT ( 'NONE',  ( 33.00000000000018474, -184.9999999999999432, 3.000000000000007105 ) ) ;
#1662 = ORIENTED_EDGE ( 'NONE', *, *, #4617, .F. ) ;
#1663 = VECTOR ( 'NONE', #1022, 1000.000000000000000 ) ;
#1664 = AXIS2_PLACEMENT_3D ( 'NONE', #2469, #2878, #300 ) ;
#1665 = DIRECTION ( 'NONE',  ( 0.000000000000000000, -1.000000000000000000, 0.000000000000000000 ) ) ;
#1666 = VERTEX_POINT ( 'NONE', #4362 ) ;
#1667 = CARTESIAN_POINT ( 'NONE',  ( -3843.999999999977263, 85.00000000001985256, 82.00000000000001421 ) ) ;
#1668 = VECTOR ( 'NONE', #5154, 1000.000000000000000 ) ;
#1669 = AXIS2_PLACEMENT_3D ( 'NONE', #2068, #5548, #770 ) ;
#1670 = ORIENTED_EDGE ( 'NONE', *, *, #4345, .F. ) ;
#1671 = DIRECTION ( 'NONE',  ( 0.000000000000000000, -1.000000000000000000, 0.000000000000000000 ) ) ;
#1673 = ADVANCED_FACE ( 'NONE', ( #455, #2470 ), #3497, .F. ) ;
#1672 = FACE_OUTER_BOUND ( 'NONE', #651, .T. ) ;
#1674 = PLANE ( 'NONE',  #4041 ) ;
#1675 = LINE ( 'NONE', #1179, #1996 ) ;
#1676 = APPROVAL_DATE_TIME ( #1134, #1387 ) ;
#1677 = CARTESIAN_POINT ( 'NONE',  ( 0.000000000000000000, 0.000000000000000000, 999.0000000000000000 ) ) ;
#1678 = VERTEX_POINT ( 'NONE', #1356 ) ;
#1679 = DIRECTION ( 'NONE',  ( 0.000000000000000000, 0.000000000000000000, 1.000000000000000000 ) ) ;
#1680 = VECTOR ( 'NONE', #2413, 1000.000000000000000 ) ;
#1681 = FACE_OUTER_BOUND ( 'NONE', #1569, .T. ) ;
#1682 = APPROVAL_ROLE ( '' ) ;
#1683 = CARTESIAN_POINT ( 'NONE',  ( 15.90000000000017089, -1125.000000000000000, 9.400000000000000355 ) ) ;
#1684 = SECURITY_CLASSIFICATION ( '', '', #2831 ) ;
#1685 = EDGE_CURVE ( 'NONE', #5129, #3461, #1335, .T. ) ;
#1686 = LINE ( 'NONE', #342, #2012 ) ;
#1687 = DIRECTION ( 'NONE',  ( 0.000000000000000000, 0.000000000000000000, -1.000000000000000000 ) ) ;
#1688 = CARTESIAN_POINT ( 'NONE',  ( -3329.999999999977263, 130.0000000000222826, 580.0000000000000000 ) ) ;
#1689 = PLANE ( 'NONE',  #4814 ) ;
#1690 = CARTESIAN_POINT ( 'NONE',  ( 15.90000000000017089, -1123.500000000000000, 15.90000000000000036 ) ) ;
#1691 = ORIENTED_EDGE ( 'NONE', *, *, #2039, .F. ) ;
#1692 = ORIENTED_EDGE ( 'NONE', *, *, #966, .T. ) ;
#1693 = EDGE_CURVE ( 'NONE', #1958, #5005, #5579, .T. ) ;
#1694 = DIRECTION ( 'NONE',  ( 0.000000000000000000, 1.000000000000000000, 0.000000000000000000 ) ) ;
#1695 = ORIENTED_EDGE ( 'NONE', *, *, #5082, .F. ) ;
#1696 = VECTOR ( 'NONE', #1703, 1000.000000000000000 ) ;
#1697 = ADVANCED_FACE ( 'NONE', ( #3281 ), #4705, .F. ) ;
#1698 = VERTEX_POINT ( 'NONE', #1838 ) ;
#1699 = EDGE_CURVE ( 'NONE', #5050, #3309, #5513, .T. ) ;
#1700 = CYLINDRICAL_SURFACE ( 'NONE', #1388, 6.450000000000001066 ) ;
#1701 = ORIENTED_EDGE ( 'NONE', *, *, #5398, .F. ) ;
#1702 = ADVANCED_FACE ( 'NONE', ( #5306 ), #236, .T. ) ;
#1703 = DIRECTION ( 'NONE',  ( -0.000000000000000000, 1.000000000000000000, -0.000000000000000000 ) ) ;
#1704 = CARTESIAN_POINT ( 'NONE',  ( 15.90000000000017089, -1125.000000000000000, 10.90000000000000036 ) ) ;
#1705 = VECTOR ( 'NONE', #129, 1000.000000000000000 ) ;
#1706 = DIRECTION ( 'NONE',  ( 1.000000000000000000, -7.401486830834375293E-16, 0.000000000000000000 ) ) ;
#1707 = ORIENTED_EDGE ( 'NONE', *, *, #3484, .F. ) ;
#1708 = AXIS2_PLACEMENT_3D ( 'NONE', #3434, #3466, #4791 ) ;
#1709 = ORIENTED_EDGE ( 'NONE', *, *, #907, .F. ) ;
#1710 = DIRECTION ( 'NONE',  ( 0.000000000000000000, 0.000000000000000000, -1.000000000000000000 ) ) ;
#1711 = DIRECTION ( 'NONE',  ( 0.000000000000000000, 0.000000000000000000, 1.000000000000000000 ) ) ;
#1712 = ORIENTED_EDGE ( 'NONE', *, *, #2154, .F. ) ;
#1713 = LINE ( 'NONE', #3541, #79 ) ;
#1714 = AXIS2_PLACEMENT_3D ( 'NONE', #1566, #3291, #658 ) ;
#1715 = DIRECTION ( 'NONE',  ( -0.000000000000000000, -1.000000000000000000, -0.000000000000000000 ) ) ;
#1716 = DIRECTION ( 'NONE',  ( -0.000000000000000000, 1.000000000000000000, -0.000000000000000000 ) ) ;
#1717 = ORIENTED_EDGE ( 'NONE', *, *, #4758, .F. ) ;
#1718 = PERSON_AND_ORGANIZATION_ROLE ( 'classification_officer' ) ;
#1719 = CARTESIAN_POINT ( 'NONE',  ( -3843.999999999977263, 15.00000000001984546, 82.00000000000001421 ) ) ;
#1720 = LINE ( 'NONE', #3531, #2040 ) ;
#1721 = CARTESIAN_POINT ( 'NONE',  ( 33.00000000000018474, 985.0000000000001137, 3.000000000000007105 ) ) ;
#1722 = CARTESIAN_POINT ( 'NONE',  ( -3315.899999999977808, 2239.750000000020009, 601.0500000000001819 ) ) ;
#1723 = ORIENTED_EDGE ( 'NONE', *, *, #337, .F. ) ;
#1724 = CARTESIAN_POINT ( 'NONE',  ( -3299.999999999978172, 2350.000000000022283, 580.0000000000000000 ) ) ;
#1725 = ADVANCED_FACE ( 'NONE', ( #520 ), #4474, .T. ) ;
#1726 = EDGE_CURVE ( 'NONE', #1196, #3759, #943, .T. ) ;
#1727 = LINE ( 'NONE', #5138, #5225 ) ;
#1728 = DIRECTION ( 'NONE',  ( -2.523234146875356491E-16, 0.000000000000000000, 1.000000000000000000 ) ) ;
#1729 = EDGE_LOOP ( 'NONE', ( #1274, #1040, #2982, #3455 ) ) ;
#1730 = VECTOR ( 'NONE', #245, 1000.000000000000000 ) ;
#1731 = ADVANCED_FACE ( 'NONE', ( #3216 ), #5101, .F. ) ;
#1732 = DIRECTION ( 'NONE',  ( -0.000000000000000000, -1.000000000000000000, -0.000000000000000000 ) ) ;
#1733 = EDGE_CURVE ( 'NONE', #3086, #4413, #2138, .T. ) ;
#1734 = ORIENTED_EDGE ( 'NONE', *, *, #4642, .F. ) ;
#1735 = FACE_OUTER_BOUND ( 'NONE', #1081, .T. ) ;
#1736 = APPROVAL_STATUS ( 'not_yet_approved' ) ;
#1737 = DIRECTION ( 'NONE',  ( -0.000000000000000000, -1.000000000000000000, -0.000000000000000000 ) ) ;
#1738 = ORIENTED_EDGE ( 'NONE', *, *, #4800, .F. ) ;
#1739 = CIRCLE ( 'NONE', #4624, 27.00000000000013500 ) ;
#1740 = CARTESIAN_POINT ( 'NONE',  ( -3353.999999999976808, 85.00000000001949729, 502.0000000000000000 ) ) ;
#1741 = DIRECTION ( 'NONE',  ( 0.000000000000000000, 0.000000000000000000, 1.000000000000000000 ) ) ;
#1742 = DIRECTION ( 'NONE',  ( 0.000000000000000000, 1.000000000000000000, 0.000000000000000000 ) ) ;
#1743 = CALENDAR_DATE ( 2026, 27, 5 ) ;
#1744 = DIRECTION ( 'NONE',  ( -0.000000000000000000, -0.000000000000000000, -1.000000000000000000 ) ) ;
#1745 = ORIENTED_EDGE ( 'NONE', *, *, #293, .F. ) ;
#1746 = CYLINDRICAL_SURFACE ( 'NONE', #612, 27.00000000000013500 ) ;
#1747 = CIRCLE ( 'NONE', #502, 5.050000000000220979 ) ;
#1748 = DATE_AND_TIME ( #4029, #4776 ) ;
#1749 = DIRECTION ( 'NONE',  ( 0.000000000000000000, 0.000000000000000000, -1.000000000000000000 ) ) ;
#1750 = EDGE_LOOP ( 'NONE', ( #4935, #1057, #891, #295, #2006 ) ) ;
#1751 = FACE_OUTER_BOUND ( 'NONE', #5273, .T. ) ;
#1752 = PERSON_AND_ORGANIZATION ( #682, #186 ) ;
#1753 = CARTESIAN_POINT ( 'NONE',  ( -3305.199999999977990, 1839.750000000020236, 580.0000000000000000 ) ) ;
#1754 = CARTESIAN_POINT ( 'NONE',  ( 15.90000000000017089, 185.0000000000002842, 15.90000000000000036 ) ) ;
#1755 = ORIENTED_EDGE ( 'NONE', *, *, #3881, .T. ) ;
#1756 = ORIENTED_EDGE ( 'NONE', *, *, #5553, .F. ) ;
#1757 = CARTESIAN_POINT ( 'NONE',  ( -3353.999999999976808, 15.00000000001948308, 502.0000000000000000 ) ) ;
#1758 = PRODUCT_DEFINITION_FORMATION_WITH_SPECIFIED_SOURCE ( '任何', '', #3777, .NOT_KNOWN. ) ;
#1759 = EDGE_CURVE ( 'NONE', #5360, #5020, #1064, .T. ) ;
#1760 = ADVANCED_FACE ( 'NONE', ( #4088 ), #4898, .T. ) ;
#1761 = VERTEX_POINT ( 'NONE', #2693 ) ;
#1762 = EDGE_LOOP ( 'NONE', ( #2220, #5475 ) ) ;
#1763 = CARTESIAN_POINT ( 'NONE',  ( 15.90000000000017089, 1123.500000000000000, 15.90000000000000036 ) ) ;
#1764 = EDGE_CURVE ( 'NONE', #2043, #978, #2268, .T. ) ;
#1765 = CIRCLE ( 'NONE', #4960, 5.000000000000000888 ) ;
#1766 = ORIENTED_EDGE ( 'NONE', *, *, #1008, .T. ) ;
#1767 = CIRCLE ( 'NONE', #3507, 27.00000000000011369 ) ;
#1768 = DIRECTION ( 'NONE',  ( 0.000000000000000000, -1.000000000000000000, 0.000000000000000000 ) ) ;
#1769 = ORIENTED_EDGE ( 'NONE', *, *, #1287, .T. ) ;
#1770 = ORIENTED_EDGE ( 'NONE', *, *, #3875, .F. ) ;
#1771 = DIRECTION ( 'NONE',  ( -0.000000000000000000, -1.000000000000000000, -0.000000000000000000 ) ) ;
#1772 = EDGE_CURVE ( 'NONE', #3867, #2372, #36, .T. ) ;
#1773 = CARTESIAN_POINT ( 'NONE',  ( -3305.199999999977990, 2210.250000000020009, 596.7999999999999545 ) ) ;
#1774 = LINE ( 'NONE', #2645, #2644 ) ;
#1775 = ORIENTED_EDGE ( 'NONE', *, *, #4000, .F. ) ;
#1776 = DIRECTION ( 'NONE',  ( 1.000000000000000000, -7.401486830834387126E-16, 0.000000000000000000 ) ) ;
#1777 = VERTEX_POINT ( 'NONE', #2713 ) ;
#1778 = DIRECTION ( 'NONE',  ( -0.000000000000000000, -0.000000000000000000, -1.000000000000000000 ) ) ;
#1779 = ADVANCED_FACE ( 'NONE', ( #2067 ), #4863, .F. ) ;
#1780 = AXIS2_PLACEMENT_3D ( 'NONE', #1948, #4970, #2335 ) ;
#1781 = ORIENTED_EDGE ( 'NONE', *, *, #974, .F. ) ;
#1782 = CIRCLE ( 'NONE', #400, 8.000000000000007105 ) ;
#1783 = DIRECTION ( 'NONE',  ( 1.000000000000000000, 0.000000000000000000, 0.000000000000000000 ) ) ;
#1784 = ADVANCED_FACE ( 'NONE', ( #4566 ), #5378, .T. ) ;
#1785 = PLANE ( 'NONE',  #871 ) ;
#1786 = ORIENTED_EDGE ( 'NONE', *, *, #5431, .T. ) ;
#1787 = CC_DESIGN_PERSON_AND_ORGANIZATION_ASSIGNMENT ( #101, #3427, ( #3404 ) ) ;
#1788 = AXIS2_PLACEMENT_3D ( 'NONE', #4406, #5599, #84 ) ;
#1789 = CIRCLE ( 'NONE', #4075, 5.050000000000220979 ) ;
#1790 = EDGE_CURVE ( 'NONE', #2293, #4578, #4150, .T. ) ;
#1791 = ORIENTED_EDGE ( 'NONE', *, *, #668, .T. ) ;
#1792 = VECTOR ( 'NONE', #933, 1000.000000000000000 ) ;
#1793 = DIRECTION ( 'NONE',  ( 0.000000000000000000, -1.000000000000000000, 0.000000000000000000 ) ) ;
#1794 = VERTEX_POINT ( 'NONE', #2385 ) ;
#1795 = EDGE_CURVE ( 'NONE', #2363, #5137, #5373, .T. ) ;
#1796 = CIRCLE ( 'NONE', #4590, 15.00000000000000000 ) ;
#1797 = ORIENTED_EDGE ( 'NONE', *, *, #3529, .T. ) ;
#1798 = VECTOR ( 'NONE', #1349, 1000.000000000000000 ) ;
#1799 = EDGE_CURVE ( 'NONE', #4224, #2451, #4220, .T. ) ;
#1800 = EDGE_CURVE ( 'NONE', #2575, #1613, #1200, .T. ) ;
#1801 = CARTESIAN_POINT ( 'NONE',  ( -3313.199999999977990, 610.2500000000200089, 596.7999999999999545 ) ) ;
#1802 = EDGE_LOOP ( 'NONE', ( #997, #3058, #475, #2244 ) ) ;
#1803 = LINE ( 'NONE', #2319, #4086 ) ;
#1804 = VECTOR ( 'NONE', #650, 1000.000000000000000 ) ;
#1805 = DIRECTION ( 'NONE',  ( 0.000000000000000000, 0.000000000000000000, 1.000000000000000000 ) ) ;
#1806 = CALENDAR_DATE ( 2026, 27, 5 ) ;
#1807 = ADVANCED_FACE ( 'NONE', ( #2538 ), #4424, .T. ) ;
#1808 = AXIS2_PLACEMENT_3D ( 'NONE', #1879, #4903, #3605 ) ;
#1809 = ORIENTED_EDGE ( 'NONE', *, *, #562, .F. ) ;
#1810 = CIRCLE ( 'NONE', #1868, 27.00000000000011369 ) ;
#1811 = CARTESIAN_POINT ( 'NONE',  ( 15.00000000000016875, -1014.999999999999886, 30.00000000000000000 ) ) ;
#1812 = DIRECTION ( 'NONE',  ( 0.000000000000000000, 0.000000000000000000, -1.000000000000000000 ) ) ;
#1813 = PERSON_AND_ORGANIZATION ( #682, #186 ) ;
#1814 = DIRECTION ( 'NONE',  ( -2.523234146875356491E-16, 0.000000000000000000, 1.000000000000000000 ) ) ;
#1815 = VERTEX_POINT ( 'NONE', #1927 ) ;
#1816 = CYLINDRICAL_SURFACE ( 'NONE', #1262, 27.00000000000010658 ) ;
#1817 = AXIS2_PLACEMENT_3D ( 'NONE', #3399, #2117, #4299 ) ;
#1818 = PLANE ( 'NONE',  #283 ) ;
#1819 = ORIENTED_EDGE ( 'NONE', *, *, #1324, .T. ) ;
#1820 = ORIENTED_EDGE ( 'NONE', *, *, #4931, .F. ) ;
#1821 = ORIENTED_EDGE ( 'NONE', *, *, #5219, .T. ) ;
#1822 = APPROVAL ( #4247, '未指定' ) ;
#1823 = ORIENTED_EDGE ( 'NONE', *, *, #842, .T. ) ;
#1824 = ORIENTED_EDGE ( 'NONE', *, *, #4674, .F. ) ;
#1825 = EDGE_CURVE ( 'NONE', #5594, #4693, #5442, .T. ) ;
#1826 = DIRECTION ( 'NONE',  ( 0.000000000000000000, 0.000000000000000000, 1.000000000000000000 ) ) ;
#1827 = DIRECTION ( 'NONE',  ( 0.000000000000000000, 0.000000000000000000, 1.000000000000000000 ) ) ;
#1828 = FACE_OUTER_BOUND ( 'NONE', #3293, .T. ) ;
#1829 = DIRECTION ( 'NONE',  ( 0.000000000000000000, -0.000000000000000000, 1.000000000000000000 ) ) ;
#1830 = EDGE_CURVE ( 'NONE', #1491, #985, #3680, .T. ) ;
#1831 = EDGE_CURVE ( 'NONE', #2466, #3368, #2201, .T. ) ;
#1832 = CIRCLE ( 'NONE', #2682, 8.000000000000007105 ) ;
#1833 = DIRECTION ( 'NONE',  ( 0.000000000000000000, 0.000000000000000000, -1.000000000000000000 ) ) ;
#1834 = ORIENTED_EDGE ( 'NONE', *, *, #3799, .F. ) ;
#1835 = CARTESIAN_POINT ( 'NONE',  ( 1.708382284810557841E-13, 1125.000000000000000, 3.000000000000002665 ) ) ;
#1836 = ORIENTED_EDGE ( 'NONE', *, *, #3261, .T. ) ;
#1837 = AXIS2_PLACEMENT_3D ( 'NONE', #4955, #2374, #3273 ) ;
#1838 = CARTESIAN_POINT ( 'NONE',  ( -3321.999999999977717, 1039.750000000020009, 604.7999999999997272 ) ) ;
#1839 = CIRCLE ( 'NONE', #4260, 5.000000000000000000 ) ;
#1840 = DIRECTION ( 'NONE',  ( 1.000000000000000000, 0.000000000000000000, 0.000000000000000000 ) ) ;
#1841 = ORIENTED_EDGE ( 'NONE', *, *, #1391, .T. ) ;
#1842 = CARTESIAN_POINT ( 'NONE',  ( 1.708382284810557841E-13, 1125.000000000000000, 15.00000000000000000 ) ) ;
#1843 = LINE ( 'NONE', #2790, #698 ) ;
#1844 = CARTESIAN_POINT ( 'NONE',  ( 0.000000000000000000, 0.000000000000000000, 1000.000000000000000 ) ) ;
#1845 = AXIS2_PLACEMENT_3D ( 'NONE', #860, #354, #2481 ) ;
#1846 = ORIENTED_EDGE ( 'NONE', *, *, #3790, .F. ) ;
#1847 = CARTESIAN_POINT ( 'NONE',  ( -6.450000000000001066, 7.898971854500429678E-16, -1.500000000000000000 ) ) ;
#1848 = DIRECTION ( 'NONE',  ( 0.000000000000000000, 0.000000000000000000, -1.000000000000000000 ) ) ;
#1849 = APPROVAL ( #856, 'UNKNOWN' ) ;
#1850 = APPROVAL ( #3796, '未指定' ) ;
#1851 = ORIENTED_EDGE ( 'NONE', *, *, #2294, .F. ) ;
#1852 = EDGE_CURVE ( 'NONE', #3368, #1196, #3344, .T. ) ;
#1853 = DIRECTION ( 'NONE',  ( -0.000000000000000000, 1.000000000000000000, -0.000000000000000000 ) ) ;
#1854 = CYLINDRICAL_SURFACE ( 'NONE', #2094, 6.500000000000002665 ) ;
#1855 = ORIENTED_EDGE ( 'NONE', *, *, #643, .F. ) ;
#1856 = FACE_OUTER_BOUND ( 'NONE', #3835, .T. ) ;
#1857 = DIRECTION ( 'NONE',  ( 0.000000000000000000, 0.000000000000000000, 1.000000000000000000 ) ) ;
#1858 = DIRECTION ( 'NONE',  ( 0.000000000000000000, -0.000000000000000000, 1.000000000000000000 ) ) ;
#1859 = EDGE_CURVE ( 'NONE', #850, #5116, #3020, .T. ) ;
#1860 = ORIENTED_EDGE ( 'NONE', *, *, #3135, .T. ) ;
#1861 = FACE_OUTER_BOUND ( 'NONE', #5145, .T. ) ;
#1862 = LOCAL_TIME ( 10, 4, 45.00000000000000000, #1002 ) ;
#1863 = CARTESIAN_POINT ( 'NONE',  ( -3305.199999999977990, 210.2500000000200657, 580.0000000000000000 ) ) ;
#1864 = CARTESIAN_POINT ( 'NONE',  ( 0.000000000000000000, 0.000000000000000000, 1000.000000000000000 ) ) ;
#1865 = ORIENTED_EDGE ( 'NONE', *, *, #451, .T. ) ;
#1866 = CIRCLE ( 'NONE', #5049, 7.999999999999785061 ) ;
#1867 = CARTESIAN_POINT ( 'NONE',  ( 15.90000000000017089, -1123.500000000000000, 15.90000000000000036 ) ) ;
#1868 = AXIS2_PLACEMENT_3D ( 'NONE', #1575, #5392, #4605 ) ;
#1869 = VECTOR ( 'NONE', #2655, 1000.000000000000000 ) ;
#1870 = CALENDAR_DATE ( 2026, 27, 5 ) ;
#1871 = DIRECTION ( 'NONE',  ( 0.000000000000000000, 0.000000000000000000, 1.000000000000000000 ) ) ;
#1872 = DIRECTION ( 'NONE',  ( -2.523234146875355998E-16, 0.000000000000000000, 1.000000000000000000 ) ) ;
#1873 = ORIENTED_EDGE ( 'NONE', *, *, #1361, .T. ) ;
#1874 = CARTESIAN_POINT ( 'NONE',  ( 0.000000000000000000, 0.000000000000000000, 1000.000000000000000 ) ) ;
#1875 = CIRCLE ( 'NONE', #5479, 7.999999999999785061 ) ;
#1876 = LOCAL_TIME ( 10, 4, 45.00000000000000000, #1940 ) ;
#1877 = AXIS2_PLACEMENT_3D ( 'NONE', #3861, #5185, #4292 ) ;
#1878 = VERTEX_POINT ( 'NONE', #3357 ) ;
#1879 = CARTESIAN_POINT ( 'NONE',  ( -3315.899999999977808, 1839.750000000020236, 596.0000000000000000 ) ) ;
#1880 = VERTEX_POINT ( 'NONE', #3334 ) ;
#1881 = CARTESIAN_POINT ( 'NONE',  ( 15.90000000000017089, -985.0000000000000000, 15.90000000000000036 ) ) ;
#1882 = CARTESIAN_POINT ( 'NONE',  ( 15.00000000000016875, 1015.000000000000114, 30.00000000000000000 ) ) ;
#1883 = ORIENTED_EDGE ( 'NONE', *, *, #2159, .F. ) ;
#1884 = VERTEX_POINT ( 'NONE', #5438 ) ;
#1885 = CARTESIAN_POINT ( 'NONE',  ( 15.00000000000016875, 185.0000000000001990, 30.00000000000000000 ) ) ;
#1886 = AXIS2_PLACEMENT_3D ( 'NONE', #2498, #3370, #5549 ) ;
#1887 = CARTESIAN_POINT ( 'NONE',  ( 33.00000000000018474, 185.0000000000001990, 3.000000000000007105 ) ) ;
#1888 = CARTESIAN_POINT ( 'NONE',  ( -3315.899999999977808, 2210.250000000020009, 596.0000000000000000 ) ) ;
#1889 = ORIENTED_EDGE ( 'NONE', *, *, #1966, .T. ) ;
#1890 = LINE ( 'NONE', #1863, #4733 ) ;
#1891 = CARTESIAN_POINT ( 'NONE',  ( 1.734723475976807094E-13, 985.0000000000001137, 3.000000000000003109 ) ) ;
#1892 = UNCERTAINTY_MEASURE_WITH_UNIT (LENGTH_MEASURE( 1.000000000000000082E-05 ), #693, 'distance_accuracy_value', 'NONE');
#1893 = EDGE_CURVE ( 'NONE', #3692, #1923, #4290, .T. ) ;
#1894 = CIRCLE ( 'NONE', #2458, 6.500000000000000888 ) ;
#1895 = ORIENTED_EDGE ( 'NONE', *, *, #2146, .F. ) ;
#1896 = ORIENTED_EDGE ( 'NONE', *, *, #5143, .F. ) ;
#1897 = CARTESIAN_POINT ( 'NONE',  ( 15.00000000000016875, 0.000000000000000000, 15.00000000000000000 ) ) ;
#1898 = ORIENTED_EDGE ( 'NONE', *, *, #3331, .F. ) ;
#1899 = CARTESIAN_POINT ( 'NONE',  ( -3329.999999999977263, 1039.750000000020009, 596.7999999999999545 ) ) ;
#1900 = DIRECTION ( 'NONE',  ( 0.000000000000000000, 0.000000000000000000, 1.000000000000000000 ) ) ;
#1901 = CARTESIAN_POINT ( 'NONE',  ( 5.000000000000000000, 6.123233995736766282E-16, 0.000000000000000000 ) ) ;
#1902 = LINE ( 'NONE', #3547, #758 ) ;
#1903 = ORIENTED_EDGE ( 'NONE', *, *, #432, .T. ) ;
#1904 = EDGE_CURVE ( 'NONE', #4413, #1166, #3545, .T. ) ;
#1905 = EDGE_CURVE ( 'NONE', #2239, #2072, #869, .T. ) ;
#1906 = EDGE_LOOP ( 'NONE', ( #778, #2758, #3203, #2098 ) ) ;
#1907 = DIRECTION ( 'NONE',  ( 0.000000000000000000, 0.000000000000000000, 1.000000000000000000 ) ) ;
#1908 = DIRECTION ( 'NONE',  ( -1.000000000000000000, 0.000000000000000000, -0.000000000000000000 ) ) ;
#1909 = ORIENTED_EDGE ( 'NONE', *, *, #974, .T. ) ;
#1910 = VECTOR ( 'NONE', #114, 1000.000000000000000 ) ;
#1911 = AXIS2_PLACEMENT_3D ( 'NONE', #710, #4616, #5459 ) ;
#1912 = EDGE_LOOP ( 'NONE', ( #3172, #93 ) ) ;
#1913 = CARTESIAN_POINT ( 'NONE',  ( 15.00000000000016875, -214.9999999999999432, 30.00000000000000000 ) ) ;
#1914 = DIRECTION ( 'NONE',  ( -0.000000000000000000, -1.000000000000000000, -0.000000000000000000 ) ) ;
#1915 = ORIENTED_EDGE ( 'NONE', *, *, #4039, .F. ) ;
#1916 = CARTESIAN_POINT ( 'NONE',  ( -3843.999999999977263, 15.00000000001984546, 82.00000000000001421 ) ) ;
#1917 = FACE_OUTER_BOUND ( 'NONE', #1313, .T. ) ;
#1918 = CARTESIAN_POINT ( 'NONE',  ( -3313.199999999977990, 639.7500000000200089, 604.7999999999999545 ) ) ;
#1919 = VERTEX_POINT ( 'NONE', #4145 ) ;
#1920 = LINE ( 'NONE', #4213, #2133 ) ;
#1921 = CARTESIAN_POINT ( 'NONE',  ( 15.90000000000017089, -1125.000000000000000, 20.90000000000000213 ) ) ;
#1922 = PRODUCT_DEFINITION_FORMATION_WITH_SPECIFIED_SOURCE ( '任何', '', #1116, .NOT_KNOWN. ) ;
#1923 = VERTEX_POINT ( 'NONE', #724 ) ;
#1924 = EDGE_CURVE ( 'NONE', #874, #4945, #2402, .T. ) ;
#1925 = DIRECTION ( 'NONE',  ( 0.000000000000000000, 0.000000000000000000, 1.000000000000000000 ) ) ;
#1926 = LINE ( 'NONE', #2987, #3332 ) ;
#1927 = CARTESIAN_POINT ( 'NONE',  ( -3315.899999999977808, 1039.750000000020009, 590.9499999999997044 ) ) ;
#1928 = ORIENTED_EDGE ( 'NONE', *, *, #4881, .F. ) ;
#1929 = FACE_OUTER_BOUND ( 'NONE', #2514, .T. ) ;
#1930 = DIRECTION ( 'NONE',  ( 1.000000000000000000, 0.000000000000000000, -0.000000000000000000 ) ) ;
#1931 = VECTOR ( 'NONE', #782, 1000.000000000000000 ) ;
#1932 = EDGE_CURVE ( 'NONE', #5116, #4326, #1270, .T. ) ;
#1933 = LOCAL_TIME ( 10, 4, 45.00000000000000000, #306 ) ;
#1934 = APPROVAL_ROLE ( '' ) ;
#1935 = CARTESIAN_POINT ( 'NONE',  ( 15.90000000000017089, -1125.000000000000000, 10.90000000000000036 ) ) ;
#1936 = ORIENTED_EDGE ( 'NONE', *, *, #86, .F. ) ;
#1937 = FACE_OUTER_BOUND ( 'NONE', #4026, .T. ) ;
#1938 = VECTOR ( 'NONE', #2340, 1000.000000000000000 ) ;
#1939 = CARTESIAN_POINT ( 'NONE',  ( -3305.199999999977990, 2239.750000000020009, 580.0000000000000000 ) ) ;
#1940 = COORDINATED_UNIVERSAL_TIME_OFFSET ( 8, 0, .AHEAD. ) ;
#1941 = DIRECTION ( 'NONE',  ( -0.000000000000000000, 1.000000000000000000, -0.000000000000000000 ) ) ;
#1942 = ORIENTED_EDGE ( 'NONE', *, *, #4793, .F. ) ;
#1943 = VERTEX_POINT ( 'NONE', #1580 ) ;
#1944 = PERSON_AND_ORGANIZATION ( #682, #186 ) ;
#1945 = CARTESIAN_POINT ( 'NONE',  ( -3869.999999999976808, 1923.000000000028649, 580.0000000000000000 ) ) ;
#1946 = ORIENTED_EDGE ( 'NONE', *, *, #2500, .T. ) ;
#1947 = VERTEX_POINT ( 'NONE', #2419 ) ;
#1948 = CARTESIAN_POINT ( 'NONE',  ( -3321.999999999977717, 2210.250000000020009, 596.7999999999999545 ) ) ;
#1949 = EDGE_CURVE ( 'NONE', #3595, #1109, #4843, .T. ) ;
#1950 = CARTESIAN_POINT ( 'NONE',  ( -3329.999999999977263, 1810.250000000020009, 596.7999999999999545 ) ) ;
#1951 = ORIENTED_EDGE ( 'NONE', *, *, #4642, .T. ) ;
#1952 = ORIENTED_EDGE ( 'NONE', *, *, #1657, .T. ) ;
#1953 = LINE ( 'NONE', #4309, #2015 ) ;
#1954 = APPLICATION_CONTEXT ( 'configuration controlled 3d designs of mechanical parts and assemblies' ) ;
#1955 = ORIENTED_EDGE ( 'NONE', *, *, #3523, .F. ) ;
#1956 = PLANE ( 'NONE',  #5252 ) ;
#1957 = CC_DESIGN_APPROVAL ( #486, ( #1684 ) ) ;
#1958 = VERTEX_POINT ( 'NONE', #344 ) ;
#1959 = DIRECTION ( 'NONE',  ( -1.000000000000000000, 0.000000000000000000, 0.000000000000000000 ) ) ;
#1960 = ORIENTED_EDGE ( 'NONE', *, *, #1924, .T. ) ;
#1961 = EDGE_CURVE ( 'NONE', #4147, #2841, #3089, .T. ) ;
#1962 = DIRECTION ( 'NONE',  ( 0.000000000000000000, 0.000000000000000000, -1.000000000000000000 ) ) ;
#1963 = CIRCLE ( 'NONE', #4146, 5.050000000000220979 ) ;
#1964 = ORIENTED_EDGE ( 'NONE', *, *, #1852, .T. ) ;
#1965 = EDGE_LOOP ( 'NONE', ( #1654, #1492, #482, #1781 ) ) ;
#1966 = EDGE_CURVE ( 'NONE', #4670, #4730, #1675, .T. ) ;
#1967 = ADVANCED_FACE ( 'NONE', ( #1132, #3965 ), #2438, .F. ) ;
#1968 = DIRECTION ( 'NONE',  ( 0.000000000000000000, -1.000000000000000000, 0.000000000000000000 ) ) ;
#1969 = ORIENTED_EDGE ( 'NONE', *, *, #5406, .F. ) ;
#1970 = DIRECTION ( 'NONE',  ( 0.000000000000000000, 1.000000000000000000, 0.000000000000000000 ) ) ;
#1971 = CYLINDRICAL_SURFACE ( 'NONE', #3574, 6.450000000000001066 ) ;
#1972 =( NAMED_UNIT ( * ) SI_UNIT ( $, .STERADIAN. ) SOLID_ANGLE_UNIT ( ) );
#1973 = CARTESIAN_POINT ( 'NONE',  ( 1.708382284810557841E-13, -585.0000000000000000, 30.00000000000000000 ) ) ;
#1974 = ORIENTED_EDGE ( 'NONE', *, *, #4039, .T. ) ;
#1975 = AXIS2_PLACEMENT_3D ( 'NONE', #2906, #2885, #1607 ) ;
#1976 = DIRECTION ( 'NONE',  ( 0.000000000000000000, 1.000000000000000000, -0.000000000000000000 ) ) ;
#1977 = VECTOR ( 'NONE', #224, 1000.000000000000000 ) ;
#1978 = DIRECTION ( 'NONE',  ( -0.000000000000000000, -0.000000000000000000, -1.000000000000000000 ) ) ;
#1979 = ORIENTED_EDGE ( 'NONE', *, *, #3019, .F. ) ;
#1980 = EDGE_CURVE ( 'NONE', #1443, #3049, #3817, .T. ) ;
#1981 = CYLINDRICAL_SURFACE ( 'NONE', #546, 7.999999999999785061 ) ;
#1982 = DIRECTION ( 'NONE',  ( -0.000000000000000000, -1.000000000000000000, -0.000000000000000000 ) ) ;
#1983 = CARTESIAN_POINT ( 'NONE',  ( 5.000000000000000000, 6.123233995736766282E-16, 1000.000000000000000 ) ) ;
#1984 = ORIENTED_EDGE ( 'NONE', *, *, #4793, .T. ) ;
#1985 = VECTOR ( 'NONE', #2360, 1000.000000000000000 ) ;
#1986 = CARTESIAN_POINT ( 'NONE',  ( -3353.999999999976808, 15.00000000001948131, 54.99999999999990052 ) ) ;
#1987 = CARTESIAN_POINT ( 'NONE',  ( -3321.999999999977717, 1439.750000000020009, 604.7999999999997272 ) ) ;
#1988 =( NAMED_UNIT ( * ) PLANE_ANGLE_UNIT ( ) SI_UNIT ( $, .RADIAN. ) );
#1989 = CARTESIAN_POINT ( 'NONE',  ( 15.90000000000017089, -1125.000000000000000, 20.90000000000000213 ) ) ;
#1990 = AXIS2_PLACEMENT_3D ( 'NONE', #4580, #2445, #4973 ) ;
#1991 = EDGE_LOOP ( 'NONE', ( #5236, #2103 ) ) ;
#1992 = LINE ( 'NONE', #1704, #2054 ) ;
#1993 = CARTESIAN_POINT ( 'NONE',  ( -3843.999999999977263, 1.984523656517467316E-11, 109.0000000000001279 ) ) ;
#1994 = ADVANCED_FACE ( 'NONE', ( #1533, #1861 ), #2898, .T. ) ;
#1995 = ORIENTED_EDGE ( 'NONE', *, *, #1212, .F. ) ;
#1996 = VECTOR ( 'NONE', #3732, 1000.000000000000000 ) ;
#1997 = LOCAL_TIME ( 10, 4, 45.00000000000000000, #5245 ) ;
#1998 = EDGE_CURVE ( 'NONE', #3847, #205, #3419, .T. ) ;
#1999 = ORIENTED_EDGE ( 'NONE', *, *, #3245, .F. ) ;
#2000 = DIRECTION ( 'NONE',  ( 0.000000000000000000, 1.000000000000000000, 0.000000000000000000 ) ) ;
#2002 = ADVANCED_FACE ( 'NONE', ( #4361 ), #1058, .T. ) ;
#2001 = LINE ( 'NONE', #4179, #876 ) ;
#2003 = DIRECTION ( 'NONE',  ( 0.000000000000000000, -0.000000000000000000, -1.000000000000000000 ) ) ;
#2004 = VECTOR ( 'NONE', #3872, 1000.000000000000000 ) ;
#2005 = DIRECTION ( 'NONE',  ( -0.000000000000000000, 1.000000000000000000, -0.000000000000000000 ) ) ;
#2006 = ORIENTED_EDGE ( 'NONE', *, *, #309, .F. ) ;
#2007 = VECTOR ( 'NONE', #4823, 1000.000000000000000 ) ;
#2008 = EDGE_CURVE ( 'NONE', #3500, #1761, #381, .T. ) ;
#2009 = DIRECTION ( 'NONE',  ( 0.000000000000000000, -1.000000000000000000, 0.000000000000000000 ) ) ;
#2010 = DATE_AND_TIME ( #1343, #4304 ) ;
#2011 = VERTEX_POINT ( 'NONE', #2156 ) ;
#2012 = VECTOR ( 'NONE', #1617, 1000.000000000000000 ) ;
#2013 = CARTESIAN_POINT ( 'NONE',  ( 15.90000000000017089, 215.0000000000003126, 10.90000000000000036 ) ) ;
#2014 = VERTEX_POINT ( 'NONE', #2078 ) ;
#2015 = VECTOR ( 'NONE', #972, 1000.000000000000000 ) ;
#2016 = EDGE_LOOP ( 'NONE', ( #3151, #445 ) ) ;
#2017 = DIRECTION ( 'NONE',  ( 0.000000000000000000, 1.000000000000000000, -0.000000000000000000 ) ) ;
#2018 = DIRECTION ( 'NONE',  ( 0.000000000000000000, -1.000000000000000000, 0.000000000000000000 ) ) ;
#2019 = ORIENTED_EDGE ( 'NONE', *, *, #2803, .T. ) ;
#2020 = ORIENTED_EDGE ( 'NONE', *, *, #3318, .T. ) ;
#2021 = DIRECTION ( 'NONE',  ( 0.000000000000000000, 0.000000000000000000, -1.000000000000000000 ) ) ;
#2022 = CARTESIAN_POINT ( 'NONE',  ( -3315.899999999977808, 1410.250000000020009, 601.0500000000001819 ) ) ;
#2023 = DATE_TIME_ROLE ( 'classification_date' ) ;
#2024 = CARTESIAN_POINT ( 'NONE',  ( 0.000000000000000000, 130.0000000000222826, 580.0000000000000000 ) ) ;
#2025 = LINE ( 'NONE', #2666, #4528 ) ;
#2026 = EDGE_LOOP ( 'NONE', ( #5208, #5079, #122, #2148 ) ) ;
#2027 = ORIENTED_EDGE ( 'NONE', *, *, #676, .T. ) ;
#2028 = ADVANCED_FACE ( 'NONE', ( #3744 ), #5605, .F. ) ;
#2029 = ORIENTED_EDGE ( 'NONE', *, *, #4323, .F. ) ;
#2030 = APPROVAL ( #2963, '未指定' ) ;
#2031 = CARTESIAN_POINT ( 'NONE',  ( 15.90000000000017089, -214.9999999999999716, 15.90000000000000036 ) ) ;
#2032 = EDGE_CURVE ( 'NONE', #1088, #271, #447, .T. ) ;
#2033 = CYLINDRICAL_SURFACE ( 'NONE', #3650, 7.999999999999785061 ) ;
#2034 = DIRECTION ( 'NONE',  ( 0.000000000000000000, 0.000000000000000000, -1.000000000000000000 ) ) ;
#2035 = ORIENTED_EDGE ( 'NONE', *, *, #701, .T. ) ;
#2036 = LINE ( 'NONE', #2591, #4399 ) ;
#2037 = DIRECTION ( 'NONE',  ( -0.000000000000000000, -0.000000000000000000, -1.000000000000000000 ) ) ;
#2038 = VERTEX_POINT ( 'NONE', #5092 ) ;
#2039 = EDGE_CURVE ( 'NONE', #1613, #3253, #5237, .T. ) ;
#2040 = VECTOR ( 'NONE', #984, 1000.000000000000000 ) ;
#2041 = DIRECTION ( 'NONE',  ( 7.401486830834387126E-16, 1.000000000000000000, -0.000000000000000000 ) ) ;
#2042 = DIRECTION ( 'NONE',  ( -0.000000000000000000, -0.000000000000000000, -1.000000000000000000 ) ) ;
#2043 = VERTEX_POINT ( 'NONE', #3418 ) ;
#2044 = APPROVAL_ROLE ( '' ) ;
#2045 = CIRCLE ( 'NONE', #1845, 7.999999999999785061 ) ;
#2046 = EDGE_CURVE ( 'NONE', #1678, #1050, #1528, .T. ) ;
#2047 = AXIS2_PLACEMENT_3D ( 'NONE', #2198, #4277, #1706 ) ;
#2048 = DIRECTION ( 'NONE',  ( 0.000000000000000000, 0.000000000000000000, -1.000000000000000000 ) ) ;
#2049 = ORIENTED_EDGE ( 'NONE', *, *, #3881, .F. ) ;
#2050 = DIRECTION ( 'NONE',  ( 0.000000000000000000, 1.000000000000000000, 0.000000000000000000 ) ) ;
#2051 = VERTEX_POINT ( 'NONE', #4264 ) ;
#2052 = AXIS2_PLACEMENT_3D ( 'NONE', #1430, #5322, #2671 ) ;
#2053 = PLANE ( 'NONE',  #2882 ) ;
#2054 = VECTOR ( 'NONE', #4333, 1000.000000000000000 ) ;
#2055 = CARTESIAN_POINT ( 'NONE',  ( -3313.199999999977990, 210.2500000000200657, 596.7999999999999545 ) ) ;
#2056 = PERSON ( 'NAUO-PER4', 'UNSPECIFIED', 'UNSPECIFIED', ('UNSPECIFIED'), ('UNSPECIFIED'), ('UNSPECIFIED') ) ;
#2057 = VERTEX_POINT ( 'NONE', #2119 ) ;
#2058 = CARTESIAN_POINT ( 'NONE',  ( -3313.199999999977990, 1039.750000000020009, 596.7999999999999545 ) ) ;
#2059 = CARTESIAN_POINT ( 'NONE',  ( -3353.999999999976808, 1.948267935869552048E-11, 474.9999999999998863 ) ) ;
#2060 = VECTOR ( 'NONE', #3820, 1000.000000000000000 ) ;
#2061 = APPROVAL_STATUS ( 'not_yet_approved' ) ;
#2062 = CC_DESIGN_APPROVAL ( #696, ( #3404 ) ) ;
#2063 =( GEOMETRIC_REPRESENTATION_CONTEXT ( 3 ) GLOBAL_UNCERTAINTY_ASSIGNED_CONTEXT ( ( #3793 ) ) GLOBAL_UNIT_ASSIGNED_CONTEXT ( ( #3243, #2850, #1078 ) ) REPRESENTATION_CONTEXT ( 'NONE', 'WORKASPACE' ) );
#2064 = ORIENTED_EDGE ( 'NONE', *, *, #5503, .T. ) ;
#2065 = EDGE_CURVE ( 'NONE', #2014, #2372, #5033, .T. ) ;
#2066 = LINE ( 'NONE', #1306, #2401 ) ;
#2067 = FACE_OUTER_BOUND ( 'NONE', #573, .T. ) ;
#2068 = CARTESIAN_POINT ( 'NONE',  ( -33.00000000000001421, -1014.999999999999886, 2.999999999999998668 ) ) ;
#2069 = CARTESIAN_POINT ( 'NONE',  ( -3315.899999999977808, 1010.250000000019895, 590.9499999999997044 ) ) ;
#2070 = COORDINATED_UNIVERSAL_TIME_OFFSET ( 8, 0, .AHEAD. ) ;
#2071 = CARTESIAN_POINT ( 'NONE',  ( -3843.999999999977263, 15.00000000001984546, 102.0000000000001990 ) ) ;
#2072 = VERTEX_POINT ( 'NONE', #3440 ) ;
#2073 = LINE ( 'NONE', #2742, #3095 ) ;
#2074 = LINE ( 'NONE', #4422, #5521 ) ;
#2075 = EDGE_CURVE ( 'NONE', #4529, #4440, #649, .T. ) ;
#2076 = DATE_AND_TIME ( #3971, #4036 ) ;
#2077 = CARTESIAN_POINT ( 'NONE',  ( -3843.999999999977263, 85.00000000001985256, 529.0000000000001137 ) ) ;
#2078 = CARTESIAN_POINT ( 'NONE',  ( -3843.999999999977263, 85.00000000001985256, 102.0000000000001990 ) ) ;
#2079 = ORIENTED_EDGE ( 'NONE', *, *, #1582, .F. ) ;
#2080 = LINE ( 'NONE', #1578, #2625 ) ;
#2081 = EDGE_CURVE ( 'NONE', #1023, #1880, #2464, .T. ) ;
#2082 = AXIS2_PLACEMENT_3D ( 'NONE', #4167, #2896, #779 ) ;
#2083 = ORIENTED_EDGE ( 'NONE', *, *, #1018, .T. ) ;
#2084 = DATE_TIME_ROLE ( 'classification_date' ) ;
#2085 = ORIENTED_EDGE ( 'NONE', *, *, #1932, .T. ) ;
#2086 = ADVANCED_FACE ( 'NONE', ( #513 ), #1674, .T. ) ;
#2087 = VERTEX_POINT ( 'NONE', #2527 ) ;
#2088 = CARTESIAN_POINT ( 'NONE',  ( -3305.199999999977990, 2239.750000000020009, 580.0000000000000000 ) ) ;
#2089 = ORIENTED_EDGE ( 'NONE', *, *, #630, .F. ) ;
#2090 = LINE ( 'NONE', #1215, #2368 ) ;
#2091 = CARTESIAN_POINT ( 'NONE',  ( -3305.199999999977990, 1410.250000000020009, 580.0000000000000000 ) ) ;
#2092 = ORIENTED_EDGE ( 'NONE', *, *, #783, .F. ) ;
#2093 = CARTESIAN_POINT ( 'NONE',  ( -3353.999999999976808, 1.948267935869552048E-11, 502.0000000000000000 ) ) ;
#2094 = AXIS2_PLACEMENT_3D ( 'NONE', #116, #3238, #3165 ) ;
#2095 = DESIGN_CONTEXT ( 'detailed design', #3737, 'design' ) ;
#2096 = ORIENTED_EDGE ( 'NONE', *, *, #5219, .F. ) ;
#2097 = VECTOR ( 'NONE', #1959, 1000.000000000000000 ) ;
#2098 = ORIENTED_EDGE ( 'NONE', *, *, #1336, .F. ) ;
#2099 = CARTESIAN_POINT ( 'NONE',  ( -3353.999999999976808, 15.00000000001948131, 502.0000000000000000 ) ) ;
#2100 = CARTESIAN_POINT ( 'NONE',  ( 0.000000000000000000, 1904.999999999999545, 580.0000000000000000 ) ) ;
#2101 = AXIS2_PLACEMENT_3D ( 'NONE', #5370, #3204, #3173 ) ;
#2102 = FACE_BOUND ( 'NONE', #1355, .T. ) ;
#2103 = ORIENTED_EDGE ( 'NONE', *, *, #1961, .T. ) ;
#2104 = EDGE_CURVE ( 'NONE', #2420, #271, #2675, .T. ) ;
#2105 = ORIENTED_EDGE ( 'NONE', *, *, #3198, .T. ) ;
#2106 = PERSON_AND_ORGANIZATION_ROLE ( 'classification_officer' ) ;
#2107 = CARTESIAN_POINT ( 'NONE',  ( 0.000000000000000000, 0.000000000000000000, 22.00000000000000000 ) ) ;
#2108 = ORIENTED_EDGE ( 'NONE', *, *, #3966, .F. ) ;
#2109 = DIRECTION ( 'NONE',  ( -1.000000000000000000, 0.000000000000000000, -0.000000000000000000 ) ) ;
#2110 = LINE ( 'NONE', #1753, #2579 ) ;
#2111 = CARTESIAN_POINT ( 'NONE',  ( -3305.199999999977990, 639.7500000000200089, 596.7999999999999545 ) ) ;
#2112 = ADVANCED_FACE ( 'NONE', ( #29 ), #4768, .T. ) ;
#2113 = EDGE_CURVE ( 'NONE', #3645, #3008, #376, .T. ) ;
#2114 = DIRECTION ( 'NONE',  ( 0.000000000000000000, -1.000000000000000000, 0.000000000000000000 ) ) ;
#2115 = VERTEX_POINT ( 'NONE', #5228 ) ;
#2116 = CARTESIAN_POINT ( 'NONE',  ( 0.000000000000000000, 0.000000000000000000, 0.000000000000000000 ) ) ;
#2117 = DIRECTION ( 'NONE',  ( 0.000000000000000000, 1.000000000000000000, 0.000000000000000000 ) ) ;
#2118 = ADVANCED_FACE ( 'NONE', ( #4839 ), #3084, .T. ) ;
#2119 = CARTESIAN_POINT ( 'NONE',  ( -3305.199999999977990, 1010.250000000019895, 580.0000000000000000 ) ) ;
#2120 = EDGE_LOOP ( 'NONE', ( #1358, #3644, #4274, #1483 ) ) ;
#2121 = EDGE_CURVE ( 'NONE', #2984, #5389, #1739, .T. ) ;
#2122 = VECTOR ( 'NONE', #3512, 1000.000000000000000 ) ;
#2123 = CARTESIAN_POINT ( 'NONE',  ( 0.000000000000000000, 0.000000000000000000, 1000.000000000000000 ) ) ;
#2124 = SECURITY_CLASSIFICATION_LEVEL ( 'unclassified' ) ;
#2125 = DIRECTION ( 'NONE',  ( -0.000000000000000000, -1.000000000000000000, -0.000000000000000000 ) ) ;
#2126 = EDGE_LOOP ( 'NONE', ( #4063, #4090 ) ) ;
#2127 = LINE ( 'NONE', #3647, #3010 ) ;
#2128 = AXIS2_PLACEMENT_3D ( 'NONE', #5323, #5307, #2728 ) ;
#2129 = CARTESIAN_POINT ( 'NONE',  ( 4.000000000000003553, 5.510910596163091528E-16, 1000.000000000000000 ) ) ;
#2130 = CARTESIAN_POINT ( 'NONE',  ( -3315.899999999977808, 610.2500000000200089, 601.0500000000001819 ) ) ;
#2131 = ORIENTED_EDGE ( 'NONE', *, *, #3799, .T. ) ;
#2132 = DIRECTION ( 'NONE',  ( -1.000000000000000000, 0.000000000000000000, -0.000000000000000000 ) ) ;
#2133 = VECTOR ( 'NONE', #2521, 1000.000000000000000 ) ;
#2134 = AXIS2_PLACEMENT_3D ( 'NONE', #448, #21, #2658 ) ;
#2135 = ORIENTED_EDGE ( 'NONE', *, *, #3501, .T. ) ;
#2136 = CARTESIAN_POINT ( 'NONE',  ( -3329.999999999977717, 1904.999999999999545, 580.0000000000000000 ) ) ;
#2137 = DIRECTION ( 'NONE',  ( 0.000000000000000000, -1.000000000000000000, 0.000000000000000000 ) ) ;
#2138 = CIRCLE ( 'NONE', #4435, 5.000000000000000000 ) ;
#2139 = LOCAL_TIME ( 10, 4, 45.00000000000000000, #2958 ) ;
#2140 = VERTEX_POINT ( 'NONE', #3905 ) ;
#2141 = CIRCLE ( 'NONE', #4471, 20.00000000000018474 ) ;
#2142 = LINE ( 'NONE', #5201, #4978 ) ;
#2143 = DIRECTION ( 'NONE',  ( 0.000000000000000000, -1.000000000000000000, 0.000000000000000000 ) ) ;
#2144 = APPROVAL ( #751, '未指定' ) ;
#2145 = DATE_AND_TIME ( #38, #4363 ) ;
#2146 = EDGE_CURVE ( 'NONE', #2328, #2462, #4022, .T. ) ;
#2147 = ADVANCED_FACE ( 'NONE', ( #3675, #5096, #3811 ), #3472, .T. ) ;
#2148 = ORIENTED_EDGE ( 'NONE', *, *, #3899, .F. ) ;
#2149 = VECTOR ( 'NONE', #5355, 1000.000000000000000 ) ;
#2150 = CARTESIAN_POINT ( 'NONE',  ( -3843.999999999977263, 100.0000000000198526, 82.00000000000001421 ) ) ;
#2151 = DIRECTION ( 'NONE',  ( 0.000000000000000000, 0.000000000000000000, 1.000000000000000000 ) ) ;
#2152 = ORIENTED_EDGE ( 'NONE', *, *, #4967, .T. ) ;
#2153 = ORIENTED_EDGE ( 'NONE', *, *, #2321, .F. ) ;
#2154 = EDGE_CURVE ( 'NONE', #3770, #1162, #228, .T. ) ;
#2155 = DIRECTION ( 'NONE',  ( 0.000000000000000000, -1.000000000000000000, 0.000000000000000000 ) ) ;
#2156 = CARTESIAN_POINT ( 'NONE',  ( -3843.999999999977263, 15.00000000001984546, 522.0000000000001137 ) ) ;
#2157 = LINE ( 'NONE', #3838, #404 ) ;
#2158 = ORIENTED_EDGE ( 'NONE', *, *, #6, .T. ) ;
#2159 = EDGE_CURVE ( 'NONE', #4489, #115, #1330, .T. ) ;
#2160 = AXIS2_PLACEMENT_3D ( 'NONE', #249, #5445, #2427 ) ;
#2161 = CARTESIAN_POINT ( 'NONE',  ( -3313.199999999977990, 1039.750000000020009, 596.7999999999999545 ) ) ;
#2162 = ORIENTED_EDGE ( 'NONE', *, *, #3414, .T. ) ;
#2163 = VECTOR ( 'NONE', #4083, 1000.000000000000000 ) ;
#2164 = ORIENTED_EDGE ( 'NONE', *, *, #1366, .F. ) ;
#2165 = CARTESIAN_POINT ( 'NONE',  ( 15.90000000000017089, -1125.000000000000000, 20.90000000000000213 ) ) ;
#2166 = EDGE_LOOP ( 'NONE', ( #291, #4123, #4142, #3903 ) ) ;
#2167 = AXIS2_PLACEMENT_3D ( 'NONE', #2753, #1005, #3589 ) ;
#2168 = ORIENTED_EDGE ( 'NONE', *, *, #4900, .F. ) ;
#2169 = CARTESIAN_POINT ( 'NONE',  ( -3313.199999999977990, 1810.250000000020009, 596.7999999999999545 ) ) ;
#2170 = ADVANCED_FACE ( 'NONE', ( #3959 ), #2399, .F. ) ;
#2171 = DIRECTION ( 'NONE',  ( 0.000000000000000000, -1.000000000000000000, 0.000000000000000000 ) ) ;
#2172 = EDGE_LOOP ( 'NONE', ( #4044, #2096, #4193, #4680 ) ) ;
#2173 = FACE_OUTER_BOUND ( 'NONE', #1802, .T. ) ;
#2174 = AXIS2_PLACEMENT_3D ( 'NONE', #3295, #738, #3726 ) ;
#2175 = DIRECTION ( 'NONE',  ( -0.000000000000000000, -1.000000000000000000, -0.000000000000000000 ) ) ;
#2176 = DIRECTION ( 'NONE',  ( 0.000000000000000000, -1.000000000000000000, 0.000000000000000000 ) ) ;
#2177 = ORIENTED_EDGE ( 'NONE', *, *, #610, .F. ) ;
#2178 = DIRECTION ( 'NONE',  ( 0.000000000000000000, 0.000000000000000000, 1.000000000000000000 ) ) ;
#2179 = LINE ( 'NONE', #937, #5080 ) ;
#2180 = DIRECTION ( 'NONE',  ( 0.000000000000000000, -0.000000000000000000, 1.000000000000000000 ) ) ;
#2181 = EDGE_LOOP ( 'NONE', ( #4249, #508 ) ) ;
#2182 = EDGE_CURVE ( 'NONE', #1595, #1794, #4904, .T. ) ;
#2183 = CIRCLE ( 'NONE', #2238, 5.050000000000220979 ) ;
#2184 = EDGE_LOOP ( 'NONE', ( #4068, #898, #4807, #3619, #2423, #4516 ) ) ;
#2185 = DIRECTION ( 'NONE',  ( 0.000000000000000000, 0.000000000000000000, 1.000000000000000000 ) ) ;
#2186 = DIRECTION ( 'NONE',  ( 0.000000000000000000, 1.000000000000000000, 0.000000000000000000 ) ) ;
#2187 = EDGE_CURVE ( 'NONE', #3795, #1422, #1395, .T. ) ;
#2188 = EDGE_CURVE ( 'NONE', #1434, #4564, #1266, .T. ) ;
#2189 = ADVANCED_FACE ( 'NONE', ( #2607 ), #1465, .T. ) ;
#2190 = ORIENTED_EDGE ( 'NONE', *, *, #1439, .T. ) ;
#2191 = CARTESIAN_POINT ( 'NONE',  ( 1.734723475976807094E-13, -585.0000000000000000, 3.000000000000003109 ) ) ;
#2192 = LINE ( 'NONE', #739, #3603 ) ;
#2193 = CARTESIAN_POINT ( 'NONE',  ( -3315.899999999977808, 2210.250000000020009, 601.0500000000001819 ) ) ;
#2194 = ORIENTED_EDGE ( 'NONE', *, *, #1831, .T. ) ;
#2195 = ADVANCED_FACE ( 'NONE', ( #2881 ), #2746, .F. ) ;
#2196 = LINE ( 'NONE', #4539, #4561 ) ;
#2197 = DIRECTION ( 'NONE',  ( -1.248475228922698363E-16, 0.000000000000000000, 1.000000000000000000 ) ) ;
#2198 = CARTESIAN_POINT ( 'NONE',  ( 7.401486830835844428E-14, 100.0000000000198526, 580.0000000000000000 ) ) ;
#2199 = VERTEX_POINT ( 'NONE', #3648 ) ;
#2200 = LINE ( 'NONE', #4317, #3544 ) ;
#2201 = LINE ( 'NONE', #2788, #4971 ) ;
#2202 = DATE_AND_TIME ( #3554, #3752 ) ;
#2203 = AXIS2_PLACEMENT_3D ( 'NONE', #2242, #3102, #1833 ) ;
#2204 = VERTEX_POINT ( 'NONE', #1510 ) ;
#2205 = FACE_BOUND ( 'NONE', #2783, .T. ) ;
#2206 = DIRECTION ( 'NONE',  ( -1.000000000000000000, 0.000000000000000000, 0.000000000000000000 ) ) ;
#2207 = LINE ( 'NONE', #4049, #2346 ) ;
#2208 = COORDINATED_UNIVERSAL_TIME_OFFSET ( 8, 0, .AHEAD. ) ;
#2209 = CARTESIAN_POINT ( 'NONE',  ( -3353.999999999976808, 85.00000000001949729, 82.00000000000001421 ) ) ;
#2210 = CARTESIAN_POINT ( 'NONE',  ( -5.000000000000000000, 0.000000000000000000, 999.0000000000000000 ) ) ;
#2211 = EDGE_LOOP ( 'NONE', ( #4089, #530, #4046, #3327 ) ) ;
#2212 = VECTOR ( 'NONE', #4948, 1000.000000000000000 ) ;
#2213 = CARTESIAN_POINT ( 'NONE',  ( -3329.999999999977263, -6.572520305780882291E-13, 580.0000000000000000 ) ) ;
#2214 = CC_DESIGN_PERSON_AND_ORGANIZATION_ASSIGNMENT ( #3286, #2927, ( #1922 ) ) ;
#2215 = EDGE_CURVE ( 'NONE', #2328, #2815, #166, .T. ) ;
#2216 = ORIENTED_EDGE ( 'NONE', *, *, #2355, .T. ) ;
#2217 = ADVANCED_FACE ( 'NONE', ( #94, #2813 ), #212, .T. ) ;
#2218 = ORIENTED_EDGE ( 'NONE', *, *, #923, .T. ) ;
#2219 = CARTESIAN_POINT ( 'NONE',  ( 15.00000000000016875, 215.0000000000003126, 30.00000000000000000 ) ) ;
#2220 = ORIENTED_EDGE ( 'NONE', *, *, #4581, .T. ) ;
#2221 = EDGE_CURVE ( 'NONE', #3677, #1595, #3884, .T. ) ;
#2222 = EDGE_LOOP ( 'NONE', ( #4560, #2744 ) ) ;
#2223 = CIRCLE ( 'NONE', #1886, 27.00000000000011369 ) ;
#2224 = DIRECTION ( 'NONE',  ( -0.000000000000000000, 1.000000000000000000, -0.000000000000000000 ) ) ;
#2225 = ADVANCED_FACE ( 'NONE', ( #3337 ), #1604, .F. ) ;
#2226 = CARTESIAN_POINT ( 'NONE',  ( 15.90000000000017089, -1123.500000000000000, 15.90000000000000036 ) ) ;
#2227 = LINE ( 'NONE', #2891, #5334 ) ;
#2228 = DIRECTION ( 'NONE',  ( 0.000000000000000000, 1.000000000000000000, 0.000000000000000000 ) ) ;
#2229 = ORIENTED_EDGE ( 'NONE', *, *, #1463, .F. ) ;
#2230 = CARTESIAN_POINT ( 'NONE',  ( -3313.199999999977990, 639.7500000000200089, 604.7999999999999545 ) ) ;
#2231 = EDGE_CURVE ( 'NONE', #4267, #4746, #3540, .T. ) ;
#2232 = AXIS2_PLACEMENT_3D ( 'NONE', #1637, #5512, #1164 ) ;
#2233 = VERTEX_POINT ( 'NONE', #4972 ) ;
#2234 = CARTESIAN_POINT ( 'NONE',  ( 15.90000000000017089, -184.9999999999999432, 15.90000000000000036 ) ) ;
#2235 = ORIENTED_EDGE ( 'NONE', *, *, #4198, .T. ) ;
#2236 = DIRECTION ( 'NONE',  ( 0.000000000000000000, -1.000000000000000000, 0.000000000000000000 ) ) ;
#2237 = DIRECTION ( 'NONE',  ( 0.000000000000000000, 1.000000000000000000, 0.000000000000000000 ) ) ;
#2238 = AXIS2_PLACEMENT_3D ( 'NONE', #838, #817, #3784 ) ;
#2239 = VERTEX_POINT ( 'NONE', #388 ) ;
#2240 = EDGE_CURVE ( 'NONE', #2926, #99, #2196, .T. ) ;
#2241 = FACE_OUTER_BOUND ( 'NONE', #135, .T. ) ;
#2242 = CARTESIAN_POINT ( 'NONE',  ( -3321.999999999977717, 1839.750000000020236, 596.7999999999999545 ) ) ;
#2243 = DIRECTION ( 'NONE',  ( 0.000000000000000000, -1.000000000000000000, 0.000000000000000000 ) ) ;
#2244 = ORIENTED_EDGE ( 'NONE', *, *, #2661, .T. ) ;
#2245 = CC_DESIGN_DATE_AND_TIME_ASSIGNMENT ( #4221, #5522, ( #3990 ) ) ;
#2246 = LINE ( 'NONE', #185, #5353 ) ;
#2247 = CARTESIAN_POINT ( 'NONE',  ( -3843.999999999977263, 1.984523656517467316E-11, 54.99999999999990052 ) ) ;
#2248 = EDGE_CURVE ( 'NONE', #5003, #4836, #4633, .T. ) ;
#2249 = ORIENTED_EDGE ( 'NONE', *, *, #5406, .T. ) ;
#2250 = ADVANCED_FACE ( 'NONE', ( #3609 ), #4355, .T. ) ;
#2251 = DIRECTION ( 'NONE',  ( -1.973729821555833987E-16, 1.000000000000000000, 0.000000000000000000 ) ) ;
#2252 = DIRECTION ( 'NONE',  ( -0.000000000000000000, 1.000000000000000000, -0.000000000000000000 ) ) ;
#2253 = ORIENTED_EDGE ( 'NONE', *, *, #329, .F. ) ;
#2254 = EDGE_CURVE ( 'NONE', #1815, #4014, #3479, .T. ) ;
#2255 = CARTESIAN_POINT ( 'NONE',  ( -3329.999999999977263, -6.572520305780882291E-13, 580.0000000000000000 ) ) ;
#2256 = DIRECTION ( 'NONE',  ( -1.000000000000000000, 0.000000000000000000, 0.000000000000000000 ) ) ;
#2257 = CIRCLE ( 'NONE', #720, 20.00000000000018474 ) ;
#2258 = DIRECTION ( 'NONE',  ( -1.000000000000000000, 7.401486830834375293E-16, 0.000000000000000000 ) ) ;
#2259 = DIRECTION ( 'NONE',  ( -0.000000000000000000, 0.000000000000000000, 1.000000000000000000 ) ) ;
#2260 = LINE ( 'NONE', #1842, #1455 ) ;
#2261 = EDGE_CURVE ( 'NONE', #4888, #4820, #3209, .T. ) ;
#2262 = PLANE ( 'NONE',  #3849 ) ;
#2263 = AXIS2_PLACEMENT_3D ( 'NONE', #702, #3711, #1084 ) ;
#2264 = DIRECTION ( 'NONE',  ( 0.000000000000000000, 1.000000000000000000, 0.000000000000000000 ) ) ;
#2265 = ORIENTED_EDGE ( 'NONE', *, *, #3931, .F. ) ;
#2266 = CARTESIAN_POINT ( 'NONE',  ( 33.00000000000018474, -985.0000000000000000, 3.000000000000007105 ) ) ;
#2267 = CARTESIAN_POINT ( 'NONE',  ( -3329.999999999977717, 610.2500000000200089, 580.0000000000000000 ) ) ;
#2268 = LINE ( 'NONE', #4398, #4639 ) ;
#2269 = DESIGN_CONTEXT ( 'detailed design', #4227, 'design' ) ;
#2270 = CARTESIAN_POINT ( 'NONE',  ( 600.0000000000002274, 1125.000000000000000, 0.000000000000000000 ) ) ;
#2271 = ITEM_DEFINED_TRANSFORMATION ( 'NONE', 'NONE', #4158,  #1102 ) ;
#2272 = EDGE_LOOP ( 'NONE', ( #3929, #251, #2766, #3652 ) ) ;
#2273 = VECTOR ( 'NONE', #1941, 1000.000000000000000 ) ;
#2274 = DIRECTION ( 'NONE',  ( 0.000000000000000000, 1.000000000000000000, 0.000000000000000000 ) ) ;
#2275 = DIRECTION ( 'NONE',  ( 0.000000000000000000, 1.000000000000000000, 0.000000000000000000 ) ) ;
#2276 = CIRCLE ( 'NONE', #1085, 5.000000000000000888 ) ;
#2277 = PERSON_AND_ORGANIZATION ( #682, #186 ) ;
#2278 = CARTESIAN_POINT ( 'NONE',  ( -3315.899999999977808, 210.2500000000200657, 601.0500000000001819 ) ) ;
#2279 = EDGE_LOOP ( 'NONE', ( #2781, #88, #1417, #1942, #68, #881, #1738, #680, #2158, #3906, #3283, #626, #417, #4773, #3320, #3236, #1160, #3240, #457, #1586, #813, #1130, #3118, #4060 ) ) ;
#2280 = LINE ( 'NONE', #611, #3896 ) ;
#2281 = DIRECTION ( 'NONE',  ( 0.000000000000000000, 1.000000000000000000, 0.000000000000000000 ) ) ;
#2282 = AXIS2_PLACEMENT_3D ( 'NONE', #1525, #248, #5384 ) ;
#2283 = CARTESIAN_POINT ( 'NONE',  ( -3315.899999999977808, 210.2500000000200657, 590.9499999999997044 ) ) ;
#2284 = CARTESIAN_POINT ( 'NONE',  ( 0.000000000000000000, 185.0000000000001990, 30.00000000000000000 ) ) ;
#2285 = ORIENTED_EDGE ( 'NONE', *, *, #1726, .F. ) ;
#2286 = ORIENTED_EDGE ( 'NONE', *, *, #3135, .F. ) ;
#2287 = CARTESIAN_POINT ( 'NONE',  ( -3305.199999999977990, 1010.250000000019895, 580.0000000000000000 ) ) ;
#2288 = DIRECTION ( 'NONE',  ( 3.947459643111667480E-16, -1.000000000000000000, 0.000000000000000000 ) ) ;
#2289 = DIRECTION ( 'NONE',  ( 2.643388153869414414E-14, 0.000000000000000000, 1.000000000000000000 ) ) ;
#2290 = CARTESIAN_POINT ( 'NONE',  ( -3315.899999999977808, 1810.250000000020009, 596.0000000000000000 ) ) ;
#2291 = ORIENTED_EDGE ( 'NONE', *, *, #3899, .T. ) ;
#2292 = VECTOR ( 'NONE', #5124, 1000.000000000000000 ) ;
#2293 = VERTEX_POINT ( 'NONE', #5089 ) ;
#2294 = EDGE_CURVE ( 'NONE', #3164, #1166, #1194, .T. ) ;
#2295 = CARTESIAN_POINT ( 'NONE',  ( 15.90000000000017089, 1123.500000000000000, 9.400000000000000355 ) ) ;
#2296 = DIRECTION ( 'NONE',  ( 2.643388153869414414E-14, 0.000000000000000000, 1.000000000000000000 ) ) ;
#2297 = EDGE_LOOP ( 'NONE', ( #754, #66, #210, #326 ) ) ;
#2298 = ORIENTED_EDGE ( 'NONE', *, *, #411, .T. ) ;
#2299 = LINE ( 'NONE', #1939, #2709 ) ;
#2300 = DIRECTION ( 'NONE',  ( 0.000000000000000000, -1.000000000000000000, 0.000000000000000000 ) ) ;
#2301 = ORIENTED_EDGE ( 'NONE', *, *, #4242, .F. ) ;
#2302 = CARTESIAN_POINT ( 'NONE',  ( 15.00000000000016875, -1125.000000000000000, 30.00000000000000000 ) ) ;
#2303 = EDGE_CURVE ( 'NONE', #2333, #2763, #936, .T. ) ;
#2304 = AXIS2_PLACEMENT_3D ( 'NONE', #4042, #2765, #1486 ) ;
#2305 = DIRECTION ( 'NONE',  ( 0.000000000000000000, 0.000000000000000000, 1.000000000000000000 ) ) ;
#2306 = DIRECTION ( 'NONE',  ( 1.000000000000000000, 0.000000000000000000, 0.000000000000000000 ) ) ;
#2307 = ORIENTED_EDGE ( 'NONE', *, *, #3124, .T. ) ;
#2308 = CARTESIAN_POINT ( 'NONE',  ( -3353.999999999976808, 85.00000000001949729, 502.0000000000000000 ) ) ;
#2309 = DIRECTION ( 'NONE',  ( 0.000000000000000000, 0.000000000000000000, 1.000000000000000000 ) ) ;
#2310 = CARTESIAN_POINT ( 'NONE',  ( 0.000000000000000000, 130.0000000000222826, 580.0000000000000000 ) ) ;
#2311 = ORIENTED_EDGE ( 'NONE', *, *, #544, .T. ) ;
#2312 = AXIS2_PLACEMENT_3D ( 'NONE', #4491, #671, #689 ) ;
#2313 = DIRECTION ( 'NONE',  ( 0.000000000000000000, 0.000000000000000000, 1.000000000000000000 ) ) ;
#2314 = UNCERTAINTY_MEASURE_WITH_UNIT (LENGTH_MEASURE( 1.000000000000000082E-05 ), #711, 'distance_accuracy_value', 'NONE');
#2315 = VECTOR ( 'NONE', #3322, 1000.000000000000000 ) ;
#2316 = CARTESIAN_POINT ( 'NONE',  ( 15.90000000000017089, -985.0000000000000000, 20.90000000000000213 ) ) ;
#2317 = ORIENTED_EDGE ( 'NONE', *, *, #3298, .F. ) ;
#2318 = VECTOR ( 'NONE', #3516, 1000.000000000000000 ) ;
#2319 = CARTESIAN_POINT ( 'NONE',  ( -3329.999999999977717, 1010.250000000019895, 580.0000000000000000 ) ) ;
#2320 = AXIS2_PLACEMENT_3D ( 'NONE', #1579, #804, #2877 ) ;
#2321 = EDGE_CURVE ( 'NONE', #806, #2014, #1926, .T. ) ;
#2322 = ORIENTED_EDGE ( 'NONE', *, *, #4136, .F. ) ;
#2323 = CARTESIAN_POINT ( 'NONE',  ( -3321.999999999977717, 2210.250000000020009, 596.7999999999999545 ) ) ;
#2324 = CYLINDRICAL_SURFACE ( 'NONE', #3945, 5.050000000000220979 ) ;
#2325 = DIRECTION ( 'NONE',  ( 0.000000000000000000, 0.000000000000000000, 1.000000000000000000 ) ) ;
#2326 = DIRECTION ( 'NONE',  ( 0.000000000000000000, -0.000000000000000000, 1.000000000000000000 ) ) ;
#2327 = CC_DESIGN_PERSON_AND_ORGANIZATION_ASSIGNMENT ( #3758, #1660, ( #1758 ) ) ;
#2328 = VERTEX_POINT ( 'NONE', #335 ) ;
#2329 = DIRECTION ( 'NONE',  ( -1.000000000000000000, 0.000000000000000000, -0.000000000000000000 ) ) ;
#2330 = EDGE_CURVE ( 'NONE', #1777, #333, #1326, .T. ) ;
#2331 = DIRECTION ( 'NONE',  ( -0.000000000000000000, 1.000000000000000000, -0.000000000000000000 ) ) ;
#2332 = VECTOR ( 'NONE', #3664, 1000.000000000000000 ) ;
#2333 = VERTEX_POINT ( 'NONE', #5104 ) ;
#2334 = FACE_BOUND ( 'NONE', #646, .T. ) ;
#2335 = DIRECTION ( 'NONE',  ( 0.000000000000000000, 0.000000000000000000, -1.000000000000000000 ) ) ;
#2336 = CARTESIAN_POINT ( 'NONE',  ( 0.000000000000000000, 0.000000000000000000, 22.00000000000000000 ) ) ;
#2337 = EDGE_CURVE ( 'NONE', #4693, #3128, #2876, .T. ) ;
#2338 = DIRECTION ( 'NONE',  ( 0.000000000000000000, 0.000000000000000000, -1.000000000000000000 ) ) ;
#2339 = DIRECTION ( 'NONE',  ( 0.000000000000000000, 1.000000000000000000, -0.000000000000000000 ) ) ;
#2340 = DIRECTION ( 'NONE',  ( -0.000000000000000000, 1.000000000000000000, -0.000000000000000000 ) ) ;
#2341 = ORIENTED_EDGE ( 'NONE', *, *, #915, .F. ) ;
#2342 = VECTOR ( 'NONE', #4704, 1000.000000000000000 ) ;
#2343 = DIRECTION ( 'NONE',  ( 0.000000000000000000, 0.000000000000000000, -1.000000000000000000 ) ) ;
#2344 = CARTESIAN_POINT ( 'NONE',  ( -33.00000000000001421, -214.9999999999999432, 2.999999999999998668 ) ) ;
#2345 = ORIENTED_EDGE ( 'NONE', *, *, #3457, .T. ) ;
#2346 = VECTOR ( 'NONE', #4080, 1000.000000000000000 ) ;
#2347 = AXIS2_PLACEMENT_3D ( 'NONE', #1690, #1193, #1216 ) ;
#2348 = VECTOR ( 'NONE', #4023, 1000.000000000000000 ) ;
#2349 = PERSON_AND_ORGANIZATION ( #682, #186 ) ;
#2350 = CARTESIAN_POINT ( 'NONE',  ( -3315.899999999977808, 610.2500000000200089, 596.0000000000000000 ) ) ;
#2351 = ORIENTED_EDGE ( 'NONE', *, *, #1790, .F. ) ;
#2352 = VECTOR ( 'NONE', #2687, 1000.000000000000000 ) ;
#2353 = CARTESIAN_POINT ( 'NONE',  ( -33.00000000000001421, 985.0000000000001137, 2.999999999999998668 ) ) ;
#2354 = LINE ( 'NONE', #215, #1198 ) ;
#2355 = EDGE_CURVE ( 'NONE', #5067, #4384, #1127, .T. ) ;
#2356 = LOCAL_TIME ( 10, 4, 45.00000000000000000, #4509 ) ;
#2357 = AXIS2_PLACEMENT_3D ( 'NONE', #2441, #2041, #5062 ) ;
#2358 = DIRECTION ( 'NONE',  ( 0.000000000000000000, 0.000000000000000000, -1.000000000000000000 ) ) ;
#2359 = ORIENTED_EDGE ( 'NONE', *, *, #4136, .T. ) ;
#2360 = DIRECTION ( 'NONE',  ( -1.000000000000000000, -0.000000000000000000, -0.000000000000000000 ) ) ;
#2361 = LINE ( 'NONE', #4880, #3760 ) ;
#2362 = ORIENTED_EDGE ( 'NONE', *, *, #125, .F. ) ;
#2363 = VERTEX_POINT ( 'NONE', #3346 ) ;
#2364 = DIRECTION ( 'NONE',  ( 0.000000000000000000, 0.000000000000000000, 1.000000000000000000 ) ) ;
#2365 = AXIS2_PLACEMENT_3D ( 'NONE', #4959, #1529, #252 ) ;
#2366 = EDGE_CURVE ( 'NONE', #2038, #2239, #2192, .T. ) ;
#2367 = VERTEX_POINT ( 'NONE', #2111 ) ;
#2368 = VECTOR ( 'NONE', #4212, 1000.000000000000000 ) ;
#2369 = ORIENTED_EDGE ( 'NONE', *, *, #1726, .T. ) ;
#2370 = EDGE_CURVE ( 'NONE', #4524, #3714, #1053, .T. ) ;
#2371 = ORIENTED_EDGE ( 'NONE', *, *, #4720, .T. ) ;
#2372 = VERTEX_POINT ( 'NONE', #314 ) ;
#2373 = DIRECTION ( 'NONE',  ( -0.000000000000000000, -0.000000000000000000, 1.000000000000000000 ) ) ;
#2374 = DIRECTION ( 'NONE',  ( -0.000000000000000000, -1.000000000000000000, -0.000000000000000000 ) ) ;
#2375 = APPROVAL_STATUS ( 'not_yet_approved' ) ;
#2376 = CYLINDRICAL_SURFACE ( 'NONE', #1347, 5.050000000000220979 ) ;
#2377 = ORIENTED_EDGE ( 'NONE', *, *, #2923, .T. ) ;
#2378 = VERTEX_POINT ( 'NONE', #5530 ) ;
#2379 = DIRECTION ( 'NONE',  ( -0.000000000000000000, 1.000000000000000000, -0.000000000000000000 ) ) ;
#2380 = DIRECTION ( 'NONE',  ( -1.000000000000000000, 0.000000000000000000, 0.000000000000000000 ) ) ;
#2381 = ORIENTED_EDGE ( 'NONE', *, *, #3093, .F. ) ;
#2382 = FACE_OUTER_BOUND ( 'NONE', #1323, .T. ) ;
#2383 = AXIS2_PLACEMENT_3D ( 'NONE', #971, #507, #3981 ) ;
#2384 = CARTESIAN_POINT ( 'NONE',  ( 0.000000000000000000, 985.0000000000001137, 30.00000000000000000 ) ) ;
#2385 = CARTESIAN_POINT ( 'NONE',  ( -3843.999999999977263, 85.00000000001985256, 522.0000000000001137 ) ) ;
#2386 = ORIENTED_EDGE ( 'NONE', *, *, #1324, .F. ) ;
#2387 = LINE ( 'NONE', #4021, #151 ) ;
#2388 = CARTESIAN_POINT ( 'NONE',  ( -3329.999999999977717, 2210.250000000020009, 580.0000000000000000 ) ) ;
#2389 = ORIENTED_EDGE ( 'NONE', *, *, #3210, .F. ) ;
#2390 = CARTESIAN_POINT ( 'NONE',  ( -3843.999999999977263, 85.00000000001985256, 502.0000000000000000 ) ) ;
#2391 = EDGE_CURVE ( 'NONE', #5588, #4888, #5026, .T. ) ;
#2392 = DIRECTION ( 'NONE',  ( 0.000000000000000000, -0.000000000000000000, 1.000000000000000000 ) ) ;
#2393 = EDGE_LOOP ( 'NONE', ( #3778, #5278, #2341, #4470 ) ) ;
#2394 = CARTESIAN_POINT ( 'NONE',  ( 15.90000000000017089, 1123.500000000000000, 15.90000000000000036 ) ) ;
#2395 = ADVANCED_FACE ( 'NONE', ( #2460 ), #5303, .F. ) ;
#2396 = CIRCLE ( 'NONE', #1808, 5.050000000000220979 ) ;
#2397 = EDGE_CURVE ( 'NONE', #1943, #2929, #1920, .T. ) ;
#2398 = DIRECTION ( 'NONE',  ( -1.000000000000000000, 0.000000000000000000, -0.000000000000000000 ) ) ;
#2399 = CYLINDRICAL_SURFACE ( 'NONE', #2414, 5.050000000000220979 ) ;
#2400 = ORIENTED_EDGE ( 'NONE', *, *, #3456, .F. ) ;
#2401 = VECTOR ( 'NONE', #3435, 1000.000000000000000 ) ;
#2402 = LINE ( 'NONE', #1199, #794 ) ;
#2403 = EDGE_CURVE ( 'NONE', #2420, #1090, #5576, .T. ) ;
#2404 = AXIS2_PLACEMENT_3D ( 'NONE', #3380, #5057, #803 ) ;
#2405 = APPROVAL_PERSON_ORGANIZATION ( #5443, #3581, #917 ) ;
#2406 = APPROVAL_ROLE ( '' ) ;
#2407 = DIRECTION ( 'NONE',  ( -1.000000000000000000, 0.000000000000000000, -2.523234146875356491E-16 ) ) ;
#2408 = ORIENTED_EDGE ( 'NONE', *, *, #2397, .F. ) ;
#2409 = VECTOR ( 'NONE', #2380, 1000.000000000000000 ) ;
#2410 = CYLINDRICAL_SURFACE ( 'NONE', #2160, 27.00000000000013500 ) ;
#2411 = DIRECTION ( 'NONE',  ( -0.000000000000000000, -0.000000000000000000, 1.000000000000000000 ) ) ;
#2412 = DATE_AND_TIME ( #1870, #3155 ) ;
#2413 = DIRECTION ( 'NONE',  ( 2.643388153869414414E-14, 0.000000000000000000, 1.000000000000000000 ) ) ;
#2414 = AXIS2_PLACEMENT_3D ( 'NONE', #1114, #1970, #639 ) ;
#2415 = EDGE_LOOP ( 'NONE', ( #1462, #3729, #489, #1883 ) ) ;
#2416 = CIRCLE ( 'NONE', #750, 5.000000000000000888 ) ;
#2417 = DIRECTION ( 'NONE',  ( 0.000000000000000000, -1.000000000000000000, 0.000000000000000000 ) ) ;
#2418 = DIRECTION ( 'NONE',  ( 0.000000000000000000, -1.000000000000000000, 0.000000000000000000 ) ) ;
#2419 = CARTESIAN_POINT ( 'NONE',  ( 1.708382284810557841E-13, 1125.000000000000000, 15.00000000000000000 ) ) ;
#2420 = VERTEX_POINT ( 'NONE', #3393 ) ;
#2421 = EDGE_LOOP ( 'NONE', ( #167, #2190, #4320, #1351 ) ) ;
#2422 = CARTESIAN_POINT ( 'NONE',  ( -3315.899999999977808, 2210.250000000020009, 601.0500000000001819 ) ) ;
#2423 = ORIENTED_EDGE ( 'NONE', *, *, #118, .T. ) ;
#2424 = LINE ( 'NONE', #1688, #2560 ) ;
#2425 =( NAMED_UNIT ( * ) SI_UNIT ( $, .STERADIAN. ) SOLID_ANGLE_UNIT ( ) );
#2426 = ORIENTED_EDGE ( 'NONE', *, *, #1254, .F. ) ;
#2427 = DIRECTION ( 'NONE',  ( 0.000000000000000000, 0.000000000000000000, 1.000000000000000000 ) ) ;
#2428 = ADVANCED_FACE ( 'NONE', ( #1598 ), #1689, .T. ) ;
#2429 = ORIENTED_EDGE ( 'NONE', *, *, #3311, .T. ) ;
#2430 = CARTESIAN_POINT ( 'NONE',  ( -28.00000000000001421, 615.0000000000001137, 53.00000000000000711 ) ) ;
#2431 = CC_DESIGN_APPROVAL ( #1850, ( #1286 ) ) ;
#2432 = ORIENTED_EDGE ( 'NONE', *, *, #3592, .F. ) ;
#2433 = DIRECTION ( 'NONE',  ( -0.000000000000000000, 1.000000000000000000, -0.000000000000000000 ) ) ;
#2434 = ORIENTED_EDGE ( 'NONE', *, *, #3363, .F. ) ;
#2435 = EDGE_CURVE ( 'NONE', #3845, #3695, #3880, .T. ) ;
#2436 = ORIENTED_EDGE ( 'NONE', *, *, #3318, .F. ) ;
#2437 = DIRECTION ( 'NONE',  ( -2.523234146875355998E-16, 0.000000000000000000, 1.000000000000000000 ) ) ;
#2438 = PLANE ( 'NONE',  #4946 ) ;
#2439 = ORIENTED_EDGE ( 'NONE', *, *, #3414, .F. ) ;
#2440 = EDGE_CURVE ( 'NONE', #3510, #4014, #4350, .T. ) ;
#2441 = CARTESIAN_POINT ( 'NONE',  ( 1.739349405246095880E-12, 2350.000000000020009, 580.0000000000000000 ) ) ;
#2442 = ORIENTED_EDGE ( 'NONE', *, *, #939, .T. ) ;
#2443 = CARTESIAN_POINT ( 'NONE',  ( -3315.899999999977808, 210.2500000000200657, 590.9499999999997044 ) ) ;
#2444 = LINE ( 'NONE', #1565, #2315 ) ;
#2445 = DIRECTION ( 'NONE',  ( 0.000000000000000000, 0.000000000000000000, 1.000000000000000000 ) ) ;
#2446 = EDGE_CURVE ( 'NONE', #1296, #22, #5499, .T. ) ;
#2447 = ORIENTED_EDGE ( 'NONE', *, *, #4094, .F. ) ;
#2448 = AXIS2_PLACEMENT_3D ( 'NONE', #1719, #4672, #3428 ) ;
#2449 = DIRECTION ( 'NONE',  ( -0.000000000000000000, -0.000000000000000000, -1.000000000000000000 ) ) ;
#2450 = VECTOR ( 'NONE', #5327, 1000.000000000000000 ) ;
#2451 = VERTEX_POINT ( 'NONE', #2130 ) ;
#2452 = EDGE_CURVE ( 'NONE', #2072, #72, #4076, .T. ) ;
#2453 = LINE ( 'NONE', #3837, #1315 ) ;
#2454 = AXIS2_PLACEMENT_3D ( 'NONE', #3646, #1968, #1054 ) ;
#2455 = CARTESIAN_POINT ( 'NONE',  ( -3329.999999999977263, 1439.750000000020009, 596.7999999999999545 ) ) ;
#2456 = FACE_BOUND ( 'NONE', #516, .T. ) ;
#2457 = SECURITY_CLASSIFICATION_LEVEL ( 'unclassified' ) ;
#2458 = AXIS2_PLACEMENT_3D ( 'NONE', #4125, #292, #3249 ) ;
#2459 = VERTEX_POINT ( 'NONE', #3841 ) ;
#2460 = FACE_OUTER_BOUND ( 'NONE', #4654, .T. ) ;
#2461 = DIRECTION ( 'NONE',  ( 0.000000000000000000, 0.000000000000000000, 1.000000000000000000 ) ) ;
#2462 = VERTEX_POINT ( 'NONE', #413 ) ;
#2463 = DIRECTION ( 'NONE',  ( 1.000000000000000000, -0.000000000000000000, -0.000000000000000000 ) ) ;
#2464 = LINE ( 'NONE', #2956, #787 ) ;
#2465 = EDGE_CURVE ( 'NONE', #615, #3738, #993, .T. ) ;
#2466 = VERTEX_POINT ( 'NONE', #431 ) ;
#2467 = CARTESIAN_POINT ( 'NONE',  ( 15.00000000000016875, -1125.000000000000000, 30.00000000000000000 ) ) ;
#2468 = FACE_OUTER_BOUND ( 'NONE', #4371, .T. ) ;
#2469 = CARTESIAN_POINT ( 'NONE',  ( -3353.999999999976808, 1.948267935869552048E-11, 502.0000000000000000 ) ) ;
#2470 = FACE_OUTER_BOUND ( 'NONE', #3390, .T. ) ;
#2471 = PERSON_AND_ORGANIZATION ( #682, #186 ) ;
#2472 = ORIENTED_EDGE ( 'NONE', *, *, #4242, .T. ) ;
#2473 = EDGE_CURVE ( 'NONE', #4238, #3987, #4284, .T. ) ;
#2474 = CIRCLE ( 'NONE', #2703, 5.050000000000220979 ) ;
#2475 = EDGE_CURVE ( 'NONE', #5216, #688, #1992, .T. ) ;
#2476 = SECURITY_CLASSIFICATION_LEVEL ( 'unclassified' ) ;
#2477 = PERSON_AND_ORGANIZATION ( #682, #186 ) ;
#2478 = ADVANCED_FACE ( 'NONE', ( #3015, #4901 ), #2599, .T. ) ;
#2479 = VERTEX_POINT ( 'NONE', #4719 ) ;
#2480 = LINE ( 'NONE', #648, #1546 ) ;
#2481 = DIRECTION ( 'NONE',  ( 0.000000000000000000, 0.000000000000000000, -1.000000000000000000 ) ) ;
#2482 = SHAPE_DEFINITION_REPRESENTATION ( #4815, #3469 ) ;
#2483 = CARTESIAN_POINT ( 'NONE',  ( -3329.999999999977717, 1439.750000000020009, 580.0000000000000000 ) ) ;
#2484 = AXIS2_PLACEMENT_3D ( 'NONE', #786, #4690, #832 ) ;
#2485 = EDGE_LOOP ( 'NONE', ( #4865, #3082, #4824, #4006, #393, #1360 ) ) ;
#2486 = ORIENTED_EDGE ( 'NONE', *, *, #4727, .T. ) ;
#2487 = EDGE_LOOP ( 'NONE', ( #941, #353, #2905, #1155 ) ) ;
#2488 = ORIENTED_EDGE ( 'NONE', *, *, #1536, .F. ) ;
#2489 = LINE ( 'NONE', #5529, #4770 ) ;
#2490 = ORIENTED_EDGE ( 'NONE', *, *, #5082, .T. ) ;
#2491 = AXIS2_PLACEMENT_3D ( 'NONE', #3951, #4325, #4395 ) ;
#2492 = DIRECTION ( 'NONE',  ( 0.000000000000000000, 1.000000000000000000, -0.000000000000000000 ) ) ;
#2493 = CARTESIAN_POINT ( 'NONE',  ( 15.90000000000017089, -615.0000000000000000, 15.90000000000000036 ) ) ;
#2494 = APPLICATION_PROTOCOL_DEFINITION ( 'international standard', 'config_control_design', 1994, #1626 ) ;
#2495 = ORIENTED_EDGE ( 'NONE', *, *, #1545, .T. ) ;
#2496 = EDGE_LOOP ( 'NONE', ( #1308, #4795, #4925, #233 ) ) ;
#2497 = EDGE_LOOP ( 'NONE', ( #3481, #4899, #3111, #4728 ) ) ;
#2498 = CARTESIAN_POINT ( 'NONE',  ( -3843.999999999977263, 1.984523656517467316E-11, 82.00000000000001421 ) ) ;
#2499 = CC_DESIGN_PERSON_AND_ORGANIZATION_ASSIGNMENT ( #2622, #1230, ( #2615 ) ) ;
#2500 = EDGE_CURVE ( 'NONE', #2038, #4999, #3739, .T. ) ;
#2501 = LINE ( 'NONE', #3439, #967 ) ;
#2502 = DIRECTION ( 'NONE',  ( 0.000000000000000000, 0.000000000000000000, 1.000000000000000000 ) ) ;
#2503 = EDGE_LOOP ( 'NONE', ( #1775, #2429, #3915, #2771, #2549 ) ) ;
#2504 = VERTEX_POINT ( 'NONE', #5163 ) ;
#2505 = CARTESIAN_POINT ( 'NONE',  ( -3321.999999999977717, 1039.750000000020009, 596.7999999999999545 ) ) ;
#2506 = PLANE ( 'NONE',  #2901 ) ;
#2507 = ADVANCED_FACE ( 'NONE', ( #1735 ), #2740, .T. ) ;
#2508 = CARTESIAN_POINT ( 'NONE',  ( 15.00000000000016875, -585.0000000000000000, 15.00000000000000000 ) ) ;
#2509 = ORIENTED_EDGE ( 'NONE', *, *, #3237, .F. ) ;
#2510 = EDGE_CURVE ( 'NONE', #423, #5502, #3205, .T. ) ;
#2511 = LINE ( 'NONE', #2422, #1440 ) ;
#2512 = DIRECTION ( 'NONE',  ( 0.000000000000000000, 1.000000000000000000, 0.000000000000000000 ) ) ;
#2513 = CARTESIAN_POINT ( 'NONE',  ( -3315.899999999977808, 1810.250000000020009, 596.0000000000000000 ) ) ;
#2514 = EDGE_LOOP ( 'NONE', ( #4428, #238, #4722, #2732 ) ) ;
#2515 = PERSON_AND_ORGANIZATION_ROLE ( 'classification_officer' ) ;
#2516 = DIRECTION ( 'NONE',  ( 0.000000000000000000, -1.000000000000000000, -0.000000000000000000 ) ) ;
#2517 = AXIS2_PLACEMENT_3D ( 'NONE', #4307, #1017, #3601 ) ;
#2518 = CARTESIAN_POINT ( 'NONE',  ( -3305.199999999977990, 2210.250000000020009, 580.0000000000000000 ) ) ;
#2519 = CARTESIAN_POINT ( 'NONE',  ( -3329.999999999977717, 2320.000000000022283, 580.0000000000000000 ) ) ;
#2520 = ORIENTED_EDGE ( 'NONE', *, *, #5431, .F. ) ;
#2521 = DIRECTION ( 'NONE',  ( -0.000000000000000000, 1.000000000000000000, -0.000000000000000000 ) ) ;
#2522 = LINE ( 'NONE', #914, #1792 ) ;
#2523 = DIRECTION ( 'NONE',  ( -1.000000000000000000, 0.000000000000000000, 0.000000000000000000 ) ) ;
#2524 = ORIENTED_EDGE ( 'NONE', *, *, #3762, .F. ) ;
#2525 = AXIS2_PLACEMENT_3D ( 'NONE', #2058, #5517, #303 ) ;
#2526 = VECTOR ( 'NONE', #4596, 1000.000000000000000 ) ;
#2527 = CARTESIAN_POINT ( 'NONE',  ( -3869.999999999976808, 2320.000000000022283, 22.00000000000002132 ) ) ;
#2528 = ADVANCED_FACE ( 'NONE', ( #2602, #1856 ), #4275, .F. ) ;
#2529 = ORIENTED_EDGE ( 'NONE', *, *, #4161, .F. ) ;
#2530 = CARTESIAN_POINT ( 'NONE',  ( -3305.199999999977990, 210.2500000000200657, 596.7999999999999545 ) ) ;
#2531 = CARTESIAN_POINT ( 'NONE',  ( 1.734723475976807094E-13, -184.9999999999999432, 3.000000000000003109 ) ) ;
#2532 = VECTOR ( 'NONE', #1548, 1000.000000000000000 ) ;
#2533 = APPROVAL ( #2061, '未指定' ) ;
#2534 = ORIENTED_EDGE ( 'NONE', *, *, #3478, .F. ) ;
#2535 = EDGE_CURVE ( 'NONE', #5083, #625, #297, .T. ) ;
#2537 = ADVANCED_FACE ( 'NONE', ( #159 ), #4626, .T. ) ;
#2536 = LINE ( 'NONE', #4407, #177 ) ;
#2538 = FACE_OUTER_BOUND ( 'NONE', #2487, .T. ) ;
#2539 = CARTESIAN_POINT ( 'NONE',  ( 15.90000000000017089, 185.0000000000002842, 10.90000000000000036 ) ) ;
#2540 = CARTESIAN_POINT ( 'NONE',  ( 0.000000000000000000, 0.000000000000000000, 0.000000000000000000 ) ) ;
#2541 = DATE_AND_TIME ( #383, #237 ) ;
#2542 = CARTESIAN_POINT ( 'NONE',  ( -3315.899999999977808, 1810.250000000020009, 596.0000000000000000 ) ) ;
#2543 = ORIENTED_EDGE ( 'NONE', *, *, #1830, .F. ) ;
#2544 = VECTOR ( 'NONE', #397, 1000.000000000000000 ) ;
#2545 = LINE ( 'NONE', #5577, #525 ) ;
#2546 = EDGE_CURVE ( 'NONE', #3640, #5336, #780, .T. ) ;
#2547 = DIRECTION ( 'NONE',  ( 0.000000000000000000, 0.000000000000000000, -1.000000000000000000 ) ) ;
#2548 = DIRECTION ( 'NONE',  ( 0.000000000000000000, 0.000000000000000000, 1.000000000000000000 ) ) ;
#2549 = ORIENTED_EDGE ( 'NONE', *, *, #4094, .T. ) ;
#2550 = ORIENTED_EDGE ( 'NONE', *, *, #3730, .T. ) ;
#2551 = SHAPE_DEFINITION_REPRESENTATION ( #5433, #3195 ) ;
#2552 = DIRECTION ( 'NONE',  ( 1.000000000000000000, 0.000000000000000000, 1.248475228922698363E-16 ) ) ;
#2553 = DIRECTION ( 'NONE',  ( -0.000000000000000000, -1.000000000000000000, -0.000000000000000000 ) ) ;
#2554 = AXIS2_PLACEMENT_3D ( 'NONE', #202, #3206, #4510 ) ;
#2555 = EDGE_LOOP ( 'NONE', ( #3445, #2218, #2715, #2307, #3446, #4533 ) ) ;
#2556 = ORIENTED_EDGE ( 'NONE', *, *, #5368, .T. ) ;
#2557 = CARTESIAN_POINT ( 'NONE',  ( -3321.999999999977717, 1010.250000000019895, 604.7999999999997272 ) ) ;
#2558 = DIRECTION ( 'NONE',  ( -2.523234146875355998E-16, 0.000000000000000000, 1.000000000000000000 ) ) ;
#2559 = CARTESIAN_POINT ( 'NONE',  ( 15.90000000000017089, -184.9999999999999432, 20.90000000000000213 ) ) ;
#2560 = VECTOR ( 'NONE', #2986, 1000.000000000000000 ) ;
#2561 = ADVANCED_FACE ( 'NONE', ( #2334, #4019 ), #3552, .T. ) ;
#2562 = ORIENTED_EDGE ( 'NONE', *, *, #4102, .F. ) ;
#2563 = DIRECTION ( 'NONE',  ( 0.000000000000000000, 0.000000000000000000, -1.000000000000000000 ) ) ;
#2564 = AXIS2_PLACEMENT_3D ( 'NONE', #3735, #4189, #1622 ) ;
#2565 = ORIENTED_EDGE ( 'NONE', *, *, #535, .F. ) ;
#2566 = VECTOR ( 'NONE', #2449, 1000.000000000000000 ) ;
#2567 = VERTEX_POINT ( 'NONE', #5261 ) ;
#2568 = CARTESIAN_POINT ( 'NONE',  ( -3305.199999999977990, 1039.750000000020009, 596.7999999999999545 ) ) ;
#2569 = ADVANCED_FACE ( 'NONE', ( #934 ), #713, .F. ) ;
#2570 = AXIS2_PLACEMENT_3D ( 'NONE', #3183, #1494, #1025 ) ;
#2571 = LINE ( 'NONE', #4040, #1705 ) ;
#2572 = CARTESIAN_POINT ( 'NONE',  ( -3329.999999999977263, 210.2500000000200657, 596.7999999999999545 ) ) ;
#2573 = ORIENTED_EDGE ( 'NONE', *, *, #605, .F. ) ;
#2574 = DIRECTION ( 'NONE',  ( 1.000000000000000000, 3.947459643111667973E-16, -0.000000000000000000 ) ) ;
#2575 = VERTEX_POINT ( 'NONE', #3129 ) ;
#2576 = CARTESIAN_POINT ( 'NONE',  ( 15.90000000000017089, -585.0000000000000000, 20.90000000000000213 ) ) ;
#2577 = ORIENTED_EDGE ( 'NONE', *, *, #4802, .T. ) ;
#2578 = DIRECTION ( 'NONE',  ( 0.000000000000000000, -1.000000000000000000, -0.000000000000000000 ) ) ;
#2579 = VECTOR ( 'NONE', #3910, 1000.000000000000000 ) ;
#2580 = CARTESIAN_POINT ( 'NONE',  ( -3313.199999999977990, 1010.250000000019895, 604.7999999999999545 ) ) ;
#2581 = EDGE_CURVE ( 'NONE', #2459, #5539, #4211, .T. ) ;
#2582 = CARTESIAN_POINT ( 'NONE',  ( -3305.199999999977990, 1010.250000000019895, 580.0000000000000000 ) ) ;
#2583 = ORIENTED_EDGE ( 'NONE', *, *, #3124, .F. ) ;
#2584 = CIRCLE ( 'NONE', #3009, 27.00000000000013500 ) ;
#2585 = DIRECTION ( 'NONE',  ( -1.000000000000000000, 0.000000000000000000, 0.000000000000000000 ) ) ;
#2586 = DIRECTION ( 'NONE',  ( 0.000000000000000000, -1.000000000000000000, 0.000000000000000000 ) ) ;
#2587 = EDGE_CURVE ( 'NONE', #4746, #2664, #25, .T. ) ;
#2588 = ORIENTED_EDGE ( 'NONE', *, *, #3028, .T. ) ;
#2589 = ADVANCED_FACE ( 'NONE', ( #1186 ), #2947, .T. ) ;
#2590 = LINE ( 'NONE', #5070, #3663 ) ;
#2591 = CARTESIAN_POINT ( 'NONE',  ( 33.00000000000018474, -1014.999999999999886, 3.000000000000007105 ) ) ;
#2592 = CARTESIAN_POINT ( 'NONE',  ( 15.00000000000016875, 615.0000000000001137, 15.00000000000000000 ) ) ;
#2593 = ORIENTED_EDGE ( 'NONE', *, *, #1893, .T. ) ;
#2594 = VECTOR ( 'NONE', #1094, 1000.000000000000000 ) ;
#2595 = ADVANCED_FACE ( 'NONE', ( #4144, #3080 ), #3517, .F. ) ;
#2596 = AXIS2_PLACEMENT_3D ( 'NONE', #3750, #4202, #4612 ) ;
#2597 = DIRECTION ( 'NONE',  ( -0.000000000000000000, -0.000000000000000000, -1.000000000000000000 ) ) ;
#2598 = CARTESIAN_POINT ( 'NONE',  ( -3321.999999999977717, 2210.250000000020009, 604.7999999999997272 ) ) ;
#2599 = PLANE ( 'NONE',  #1708 ) ;
#2600 = ORIENTED_EDGE ( 'NONE', *, *, #923, .F. ) ;
#2601 = CARTESIAN_POINT ( 'NONE',  ( 15.90000000000017089, -615.0000000000000000, 10.90000000000000036 ) ) ;
#2602 = FACE_BOUND ( 'NONE', #340, .T. ) ;
#2603 = AXIS2_PLACEMENT_3D ( 'NONE', #31, #3107, #481 ) ;
#2604 = ORIENTED_EDGE ( 'NONE', *, *, #293, .T. ) ;
#2605 = DIRECTION ( 'NONE',  ( 0.000000000000000000, -0.000000000000000000, -1.000000000000000000 ) ) ;
#2606 = DIRECTION ( 'NONE',  ( -1.000000000000000000, 0.000000000000000000, -0.000000000000000000 ) ) ;
#2607 = FACE_OUTER_BOUND ( 'NONE', #5460, .T. ) ;
#2608 = DATE_AND_TIME ( #3885, #4426 ) ;
#2609 = CARTESIAN_POINT ( 'NONE',  ( 15.90000000000017089, -1123.500000000000000, 9.400000000000000355 ) ) ;
#2610 = ORIENTED_EDGE ( 'NONE', *, *, #975, .T. ) ;
#2611 = CARTESIAN_POINT ( 'NONE',  ( -3329.999999999977717, 1923.000000000028649, 22.00000000000002132 ) ) ;
#2612 = LINE ( 'NONE', #1104, #2273 ) ;
#2613 = LINE ( 'NONE', #390, #1472 ) ;
#2614 = CARTESIAN_POINT ( 'NONE',  ( -3321.999999999977717, 2210.250000000020009, 604.7999999999997272 ) ) ;
#2615 = SECURITY_CLASSIFICATION ( '', '', #5481 ) ;
#2616 = PERSON_AND_ORGANIZATION ( #682, #186 ) ;
#2617 = EDGE_CURVE ( 'NONE', #3640, #3764, #1796, .T. ) ;
#2618 = ORIENTED_EDGE ( 'NONE', *, *, #2741, .F. ) ;
#2619 = CYLINDRICAL_SURFACE ( 'NONE', #2669, 27.00000000000010658 ) ;
#2620 = DIRECTION ( 'NONE',  ( 1.000000000000000000, 0.000000000000000000, 1.248475228922698363E-16 ) ) ;
#2621 = ADVANCED_FACE ( 'NONE', ( #4487 ), #858, .F. ) ;
#2622 = PERSON_AND_ORGANIZATION ( #682, #186 ) ;
#2623 = PLANE ( 'NONE',  #3246 ) ;
#2624 = ORIENTED_EDGE ( 'NONE', *, *, #4004, .F. ) ;
#2625 = VECTOR ( 'NONE', #2844, 1000.000000000000000 ) ;
#2626 = EDGE_CURVE ( 'NONE', #1247, #3764, #2260, .T. ) ;
#2627 = DIRECTION ( 'NONE',  ( -0.000000000000000000, -1.000000000000000000, -0.000000000000000000 ) ) ;
#2628 = ADVANCED_FACE ( 'NONE', ( #3471 ), #2660, .T. ) ;
#2629 = CARTESIAN_POINT ( 'NONE',  ( 0.000000000000000000, 0.000000000000000000, 580.0000000000000000 ) ) ;
#2630 = ORIENTED_EDGE ( 'NONE', *, *, #33, .T. ) ;
#2631 = ORIENTED_EDGE ( 'NONE', *, *, #2403, .T. ) ;
#2632 = DIRECTION ( 'NONE',  ( 0.000000000000000000, 0.000000000000000000, 1.000000000000000000 ) ) ;
#2633 = DIRECTION ( 'NONE',  ( 0.000000000000000000, 1.000000000000000000, 0.000000000000000000 ) ) ;
#2634 = VERTEX_POINT ( 'NONE', #5281 ) ;
#2635 = CYLINDRICAL_SURFACE ( 'NONE', #514, 15.00000000000000000 ) ;
#2636 = ORIENTED_EDGE ( 'NONE', *, *, #783, .T. ) ;
#2637 = DIRECTION ( 'NONE',  ( -0.000000000000000000, -1.000000000000000000, -0.000000000000000000 ) ) ;
#2638 = EDGE_CURVE ( 'NONE', #4105, #1777, #20, .T. ) ;
#2639 = EDGE_LOOP ( 'NONE', ( #2583, #512, #1791, #3502 ) ) ;
#2640 = EDGE_LOOP ( 'NONE', ( #2723, #149, #5390, #4349, #4875 ) ) ;
#2641 = DIRECTION ( 'NONE',  ( 0.000000000000000000, -0.000000000000000000, -1.000000000000000000 ) ) ;
#2642 = ORIENTED_EDGE ( 'NONE', *, *, #4764, .F. ) ;
#2643 = ORIENTED_EDGE ( 'NONE', *, *, #1432, .F. ) ;
#2644 = VECTOR ( 'NONE', #5226, 1000.000000000000000 ) ;
#2645 = CARTESIAN_POINT ( 'NONE',  ( 15.00000000000016875, -1125.000000000000000, 30.00000000000000000 ) ) ;
#2646 = DIRECTION ( 'NONE',  ( -0.000000000000000000, 1.000000000000000000, -0.000000000000000000 ) ) ;
#2647 = ORIENTED_EDGE ( 'NONE', *, *, #675, .F. ) ;
#2648 = DIRECTION ( 'NONE',  ( 0.000000000000000000, -1.000000000000000000, -0.000000000000000000 ) ) ;
#2649 = ORIENTED_EDGE ( 'NONE', *, *, #2473, .T. ) ;
#2650 = ADVANCED_FACE ( 'NONE', ( #3805, #4964 ), #4385, .F. ) ;
#2651 = AXIS2_PLACEMENT_3D ( 'NONE', #2394, #1573, #3297 ) ;
#2652 = EDGE_CURVE ( 'NONE', #3461, #2815, #437, .T. ) ;
#2653 = DIRECTION ( 'NONE',  ( 0.000000000000000000, -0.000000000000000000, 1.000000000000000000 ) ) ;
#2654 = ORIENTED_EDGE ( 'NONE', *, *, #4608, .T. ) ;
#2655 = DIRECTION ( 'NONE',  ( 0.000000000000000000, 1.000000000000000000, 0.000000000000000000 ) ) ;
#2656 = CIRCLE ( 'NONE', #2938, 27.00000000000013500 ) ;
#2657 = ADVANCED_FACE ( 'NONE', ( #575 ), #603, .T. ) ;
#2658 = DIRECTION ( 'NONE',  ( 0.000000000000000000, 0.000000000000000000, 1.000000000000000000 ) ) ;
#2659 = ORIENTED_EDGE ( 'NONE', *, *, #161, .F. ) ;
#2660 = PLANE ( 'NONE',  #136 ) ;
#2661 = EDGE_CURVE ( 'NONE', #4391, #3980, #4834, .T. ) ;
#2662 = LINE ( 'NONE', #1485, #5086 ) ;
#2663 = CARTESIAN_POINT ( 'NONE',  ( 0.000000000000000000, 1923.000000000028649, 22.00000000000002132 ) ) ;
#2664 = VERTEX_POINT ( 'NONE', #1950 ) ;
#2665 = CIRCLE ( 'NONE', #1596, 5.000000000000000888 ) ;
#2666 = CARTESIAN_POINT ( 'NONE',  ( -5.000000000000000000, 0.000000000000000000, 1000.000000000000000 ) ) ;
#2667 = EDGE_CURVE ( 'NONE', #557, #1958, #294, .T. ) ;
#2668 = CARTESIAN_POINT ( 'NONE',  ( -3313.199999999977990, 1439.750000000020009, 604.7999999999999545 ) ) ;
#2669 = AXIS2_PLACEMENT_3D ( 'NONE', #4469, #631, #126 ) ;
#2670 = EDGE_LOOP ( 'NONE', ( #4214, #2997, #3515, #2488 ) ) ;
#2671 = DIRECTION ( 'NONE',  ( 0.000000000000000000, 0.000000000000000000, -1.000000000000000000 ) ) ;
#2672 = VECTOR ( 'NONE', #581, 1000.000000000000000 ) ;
#2673 = EDGE_LOOP ( 'NONE', ( #3783, #1855, #837, #1769, #5262, #638, #1841, #4862 ) ) ;
#2674 = AXIS2_PLACEMENT_3D ( 'NONE', #3755, #4632, #348 ) ;
#2675 = LINE ( 'NONE', #1242, #1798 ) ;
#2676 = DIRECTION ( 'NONE',  ( -0.000000000000000000, -1.000000000000000000, -0.000000000000000000 ) ) ;
#2677 = CARTESIAN_POINT ( 'NONE',  ( 15.90000000000017089, -1125.000000000000000, 15.90000000000000036 ) ) ;
#2678 = VERTEX_POINT ( 'NONE', #211 ) ;
#2679 = CIRCLE ( 'NONE', #3312, 5.050000000000220979 ) ;
#2680 = VECTOR ( 'NONE', #4572, 1000.000000000000000 ) ;
#2681 = ORGANIZATION ( 'NAUO-ORG3', 'UNSPECIFIED', 'UNSPECIFIED' ) ;
#2682 = AXIS2_PLACEMENT_3D ( 'NONE', #5114, #4684, #1241 ) ;
#2683 = ADVANCED_FACE ( 'NONE', ( #4759 ), #1854, .F. ) ;
#2684 = VERTEX_POINT ( 'NONE', #622 ) ;
#2685 = EDGE_CURVE ( 'NONE', #1527, #5169, #3408, .T. ) ;
#2686 = CIRCLE ( 'NONE', #3889, 6.450000000000001066 ) ;
#2687 = DIRECTION ( 'NONE',  ( -0.000000000000000000, 1.000000000000000000, -0.000000000000000000 ) ) ;
#2688 = FACE_BOUND ( 'NONE', #1304, .T. ) ;
#2689 = CALENDAR_DATE ( 2026, 27, 5 ) ;
#2690 = DIRECTION ( 'NONE',  ( 0.000000000000000000, -1.000000000000000000, 0.000000000000000000 ) ) ;
#2691 = ORIENTED_EDGE ( 'NONE', *, *, #3812, .F. ) ;
#2692 = LINE ( 'NONE', #2384, #2212 ) ;
#2693 = CARTESIAN_POINT ( 'NONE',  ( -3329.999999999977263, 1839.750000000020236, 596.7999999999999545 ) ) ;
#2694 = EDGE_CURVE ( 'NONE', #2293, #1527, #1393, .T. ) ;
#2695 = DIRECTION ( 'NONE',  ( 0.000000000000000000, -0.000000000000000000, 1.000000000000000000 ) ) ;
#2696 = VERTEX_POINT ( 'NONE', #5347 ) ;
#2697 = DIRECTION ( 'NONE',  ( 0.000000000000000000, 0.000000000000000000, -1.000000000000000000 ) ) ;
#2698 = VERTEX_POINT ( 'NONE', #4518 ) ;
#2699 = DIRECTION ( 'NONE',  ( -0.000000000000000000, -0.000000000000000000, -1.000000000000000000 ) ) ;
#2700 = DIRECTION ( 'NONE',  ( -0.000000000000000000, 1.000000000000000000, -0.000000000000000000 ) ) ;
#2701 = EDGE_LOOP ( 'NONE', ( #3968, #1979, #3046, #4344 ) ) ;
#2702 = EDGE_CURVE ( 'NONE', #255, #2115, #4415, .T. ) ;
#2703 = AXIS2_PLACEMENT_3D ( 'NONE', #2992, #401, #1386 ) ;
#2704 = VECTOR ( 'NONE', #119, 1000.000000000000000 ) ;
#2705 = EDGE_LOOP ( 'NONE', ( #4335, #2922, #1389, #403 ) ) ;
#2706 = CARTESIAN_POINT ( 'NONE',  ( 1.708382284810557841E-13, 185.0000000000001705, 30.00000000000000000 ) ) ;
#2707 = CARTESIAN_POINT ( 'NONE',  ( -3329.999999999977263, 2239.750000000020009, 596.7999999999999545 ) ) ;
#2708 = CARTESIAN_POINT ( 'NONE',  ( 0.000000000000000000, 2320.000000000022283, 22.00000000000002132 ) ) ;
#2709 = VECTOR ( 'NONE', #4124, 1000.000000000000000 ) ;
#2710 = CARTESIAN_POINT ( 'NONE',  ( -3353.999999999976808, 85.00000000001949729, 82.00000000000001421 ) ) ;
#2711 = DIRECTION ( 'NONE',  ( 0.000000000000000000, 0.000000000000000000, 1.000000000000000000 ) ) ;
#2712 = DIRECTION ( 'NONE',  ( 0.000000000000000000, 1.000000000000000000, 0.000000000000000000 ) ) ;
#2713 = CARTESIAN_POINT ( 'NONE',  ( -3313.199999999977990, 1410.250000000020009, 604.7999999999999545 ) ) ;
#2714 = FACE_BOUND ( 'NONE', #4074, .T. ) ;
#2715 = ORIENTED_EDGE ( 'NONE', *, *, #3957, .T. ) ;
#2716 = CARTESIAN_POINT ( 'NONE',  ( 1.708382284810557841E-13, -1125.000000000000000, 0.000000000000000000 ) ) ;
#2717 = ORIENTED_EDGE ( 'NONE', *, *, #4236, .F. ) ;
#2718 = CARTESIAN_POINT ( 'NONE',  ( -3329.999999999977717, 1810.250000000020009, 580.0000000000000000 ) ) ;
#2719 = PLANE ( 'NONE',  #1588 ) ;
#2720 = AXIS2_PLACEMENT_3D ( 'NONE', #3599, #1464, #89 ) ;
#2721 = ORIENTED_EDGE ( 'NONE', *, *, #3705, .F. ) ;
#2722 = VECTOR ( 'NONE', #4762, 1000.000000000000000 ) ;
#2723 = ORIENTED_EDGE ( 'NONE', *, *, #4967, .F. ) ;
#2724 = AXIS2_PLACEMENT_3D ( 'NONE', #4597, #5010, #268 ) ;
#2725 = CIRCLE ( 'NONE', #5241, 5.000000000000000888 ) ;
#2726 = DIRECTION ( 'NONE',  ( 0.000000000000000000, 1.000000000000000000, 0.000000000000000000 ) ) ;
#2727 = EDGE_CURVE ( 'NONE', #3253, #5182, #1522, .T. ) ;
#2728 = DIRECTION ( 'NONE',  ( 0.000000000000000000, -0.000000000000000000, -1.000000000000000000 ) ) ;
#2729 = ORIENTED_EDGE ( 'NONE', *, *, #3169, .F. ) ;
#2730 = LINE ( 'NONE', #3543, #4825 ) ;
#2731 = DIRECTION ( 'NONE',  ( 1.000000000000000000, -0.000000000000000000, -0.000000000000000000 ) ) ;
#2732 = ORIENTED_EDGE ( 'NONE', *, *, #5294, .F. ) ;
#2733 = EDGE_CURVE ( 'NONE', #2479, #1581, #4140, .T. ) ;
#2734 = CARTESIAN_POINT ( 'NONE',  ( -3353.999999999976808, 15.00000000001948131, 474.9999999999998863 ) ) ;
#2735 = CARTESIAN_POINT ( 'NONE',  ( 33.00000000000018474, -985.0000000000000000, 3.000000000000007105 ) ) ;
#2736 = LINE ( 'NONE', #637, #5161 ) ;
#2737 = CARTESIAN_POINT ( 'NONE',  ( 1.734723475976807094E-13, 1015.000000000000114, 3.000000000000003109 ) ) ;
#2738 = EDGE_LOOP ( 'NONE', ( #4920, #1257, #4600, #5288 ) ) ;
#2739 = CARTESIAN_POINT ( 'NONE',  ( -3899.999999999977263, 2350.000000000022737, 0.000000000000000000 ) ) ;
#2740 = CYLINDRICAL_SURFACE ( 'NONE', #3074, 15.00000000000000000 ) ;
#2741 = EDGE_CURVE ( 'NONE', #3590, #4081, #5298, .T. ) ;
#2742 = CARTESIAN_POINT ( 'NONE',  ( -33.00000000000001421, 185.0000000000001990, 2.999999999999998668 ) ) ;
#2743 = DIRECTION ( 'NONE',  ( 0.000000000000000000, 0.000000000000000000, 1.000000000000000000 ) ) ;
#2744 = ORIENTED_EDGE ( 'NONE', *, *, #2777, .F. ) ;
#2745 = CARTESIAN_POINT ( 'NONE',  ( -3843.999999999977263, 100.0000000000198526, 502.0000000000000000 ) ) ;
#2746 = CYLINDRICAL_SURFACE ( 'NONE', #3280, 5.000000000000000888 ) ;
#2747 = CARTESIAN_POINT ( 'NONE',  ( -3353.999999999976808, 85.00000000001949729, 82.00000000000001421 ) ) ;
#2748 = EDGE_CURVE ( 'NONE', #3182, #3438, #2127, .T. ) ;
#2749 = APPROVAL_DATE_TIME ( #4151, #696 ) ;
#2750 = AXIS2_PLACEMENT_3D ( 'NONE', #1362, #901, #4366 ) ;
#2751 = ORIENTED_EDGE ( 'NONE', *, *, #4464, .F. ) ;
#2752 = FACE_OUTER_BOUND ( 'NONE', #5326, .T. ) ;
#2753 = CARTESIAN_POINT ( 'NONE',  ( -3313.199999999977990, 639.7500000000200089, 596.7999999999999545 ) ) ;
#2754 = DIRECTION ( 'NONE',  ( 0.000000000000000000, 0.000000000000000000, 1.000000000000000000 ) ) ;
#2755 = VECTOR ( 'NONE', #5482, 1000.000000000000000 ) ;
#2756 = APPROVAL_DATE_TIME ( #3892, #965 ) ;
#2757 = DIRECTION ( 'NONE',  ( 0.000000000000000000, -1.000000000000000000, 0.000000000000000000 ) ) ;
#2758 = ORIENTED_EDGE ( 'NONE', *, *, #2741, .T. ) ;
#2759 = FACE_OUTER_BOUND ( 'NONE', #1113, .T. ) ;
#2760 = AXIS2_PLACEMENT_3D ( 'NONE', #3277, #699, #1139 ) ;
#2761 = PERSON_AND_ORGANIZATION ( #682, #186 ) ;
#2762 = DIRECTION ( 'NONE',  ( 0.000000000000000000, 0.000000000000000000, 1.000000000000000000 ) ) ;
#2763 = VERTEX_POINT ( 'NONE', #2792 ) ;
#2764 = VECTOR ( 'NONE', #2437, 1000.000000000000000 ) ;
#2765 = DIRECTION ( 'NONE',  ( -0.000000000000000000, 1.000000000000000000, -0.000000000000000000 ) ) ;
#2766 = ORIENTED_EDGE ( 'NONE', *, *, #1800, .T. ) ;
#2767 = EDGE_LOOP ( 'NONE', ( #1821, #3563 ) ) ;
#2768 = EDGE_CURVE ( 'NONE', #472, #1162, #3600, .T. ) ;
#2769 = CARTESIAN_POINT ( 'NONE',  ( 0.000000000000000000, 0.000000000000000000, -1.500000000000000000 ) ) ;
#2770 = CARTESIAN_POINT ( 'NONE',  ( -3313.199999999977990, 610.2500000000200089, 604.7999999999999545 ) ) ;
#2771 = ORIENTED_EDGE ( 'NONE', *, *, #1366, .T. ) ;
#2772 = CARTESIAN_POINT ( 'NONE',  ( -3305.199999999977990, 1810.250000000020009, 580.0000000000000000 ) ) ;
#2773 = FACE_OUTER_BOUND ( 'NONE', #5578, .T. ) ;
#2774 = DIRECTION ( 'NONE',  ( 0.000000000000000000, 1.000000000000000000, 0.000000000000000000 ) ) ;
#2775 = ORIENTED_EDGE ( 'NONE', *, *, #4900, .T. ) ;
#2776 = CARTESIAN_POINT ( 'NONE',  ( -3353.999999999976808, 1.948267935869552048E-11, 82.00000000000001421 ) ) ;
#2777 = EDGE_CURVE ( 'NONE', #4982, #207, #2396, .T. ) ;
#2778 = AXIS2_PLACEMENT_3D ( 'NONE', #617, #3620, #5291 ) ;
#2779 = DIRECTION ( 'NONE',  ( 0.000000000000000000, -1.000000000000000000, 0.000000000000000000 ) ) ;
#2780 = FACE_OUTER_BOUND ( 'NONE', #1729, .T. ) ;
#2781 = ORIENTED_EDGE ( 'NONE', *, *, #3407, .T. ) ;
#2782 = ORIENTED_EDGE ( 'NONE', *, *, #133, .F. ) ;
#2783 = EDGE_LOOP ( 'NONE', ( #5371, #2371 ) ) ;
#2784 = FACE_OUTER_BOUND ( 'NONE', #216, .T. ) ;
#2785 = CARTESIAN_POINT ( 'NONE',  ( 15.90000000000017089, 1123.500000000000000, 22.40000000000000213 ) ) ;
#2786 = ORIENTED_EDGE ( 'NONE', *, *, #3769, .F. ) ;
#2787 = AXIS2_PLACEMENT_3D ( 'NONE', #3917, #4313, #4737 ) ;
#2788 = CARTESIAN_POINT ( 'NONE',  ( 33.00000000000018474, 585.0000000000001137, 3.000000000000007105 ) ) ;
#2789 = EDGE_LOOP ( 'NONE', ( #946, #2436, #4197, #541 ) ) ;
#2790 = CARTESIAN_POINT ( 'NONE',  ( 33.00000000000018474, 215.0000000000001990, 3.000000000000007105 ) ) ;
#2791 = ORIENTED_EDGE ( 'NONE', *, *, #3843, .F. ) ;
#2792 = CARTESIAN_POINT ( 'NONE',  ( 1.708382284810557841E-13, -1125.000000000000000, 0.000000000000000000 ) ) ;
#2793 = DIRECTION ( 'NONE',  ( -0.000000000000000000, 1.000000000000000000, -0.000000000000000000 ) ) ;
#2794 = VECTOR ( 'NONE', #1415, 1000.000000000000000 ) ;
#2795 = APPLICATION_CONTEXT ( 'configuration controlled 3d designs of mechanical parts and assemblies' ) ;
#2796 = DIRECTION ( 'NONE',  ( 0.000000000000000000, 0.000000000000000000, -1.000000000000000000 ) ) ;
#2797 = ORIENTED_EDGE ( 'NONE', *, *, #3919, .T. ) ;
#2798 = CARTESIAN_POINT ( 'NONE',  ( -3315.899999999977808, 210.2500000000200657, 596.0000000000000000 ) ) ;
#2799 = CIRCLE ( 'NONE', #1277, 27.00000000000011369 ) ;
#2800 = CARTESIAN_POINT ( 'NONE',  ( 15.00000000000016875, 1125.000000000000000, 30.00000000000000000 ) ) ;
#2801 = CC_DESIGN_PERSON_AND_ORGANIZATION_ASSIGNMENT ( #5312, #1645, ( #1922 ) ) ;
#2802 = EDGE_LOOP ( 'NONE', ( #3141, #1995, #3323, #484 ) ) ;
#2803 = EDGE_CURVE ( 'NONE', #1880, #472, #1319, .T. ) ;
#2804 = FACE_OUTER_BOUND ( 'NONE', #5350, .T. ) ;
#2805 = DIRECTION ( 'NONE',  ( 0.000000000000000000, 1.000000000000000000, -0.000000000000000000 ) ) ;
#2806 = ORIENTED_EDGE ( 'NONE', *, *, #2748, .F. ) ;
#2807 = VECTOR ( 'NONE', #1544, 1000.000000000000000 ) ;
#2808 = DIRECTION ( 'NONE',  ( 0.000000000000000000, -1.000000000000000000, 0.000000000000000000 ) ) ;
#2809 = DIRECTION ( 'NONE',  ( 1.000000000000000000, 0.000000000000000000, -0.000000000000000000 ) ) ;
#2810 = EDGE_CURVE ( 'NONE', #4757, #5182, #2736, .T. ) ;
#2811 = CARTESIAN_POINT ( 'NONE',  ( -3843.999999999977263, 15.00000000001984546, 481.9999999999998295 ) ) ;
#2812 = ORIENTED_EDGE ( 'NONE', *, *, #4279, .F. ) ;
#2813 = FACE_OUTER_BOUND ( 'NONE', #548, .T. ) ;
#2814 = DIRECTION ( 'NONE',  ( 0.000000000000000000, 0.000000000000000000, 1.000000000000000000 ) ) ;
#2815 = VERTEX_POINT ( 'NONE', #1899 ) ;
#2816 = LINE ( 'NONE', #641, #3964 ) ;
#2817 = AXIS2_PLACEMENT_3D ( 'NONE', #2508, #829, #2548 ) ;
#2818 = VECTOR ( 'NONE', #1600, 1000.000000000000000 ) ;
#2819 = COORDINATED_UNIVERSAL_TIME_OFFSET ( 8, 0, .AHEAD. ) ;
#2820 = ORIENTED_EDGE ( 'NONE', *, *, #2581, .T. ) ;
#2821 = CARTESIAN_POINT ( 'NONE',  ( -3315.899999999977808, 1839.750000000020236, 601.0500000000001819 ) ) ;
#2822 = FACE_OUTER_BOUND ( 'NONE', #1521, .T. ) ;
#2823 = CARTESIAN_POINT ( 'NONE',  ( -3353.999999999976808, 15.00000000001948308, 82.00000000000001421 ) ) ;
#2824 = CIRCLE ( 'NONE', #3566, 27.00000000000013500 ) ;
#2825 = PERSON_AND_ORGANIZATION ( #682, #186 ) ;
#2826 = AXIS2_PLACEMENT_3D ( 'NONE', #3021, #5238, #920 ) ;
#2827 = DIRECTION ( 'NONE',  ( 0.000000000000000000, 0.000000000000000000, -1.000000000000000000 ) ) ;
#2828 = ORIENTED_EDGE ( 'NONE', *, *, #2475, .T. ) ;
#2829 = CARTESIAN_POINT ( 'NONE',  ( -3353.999999999976808, 1.948267935869552048E-11, 529.0000000000001137 ) ) ;
#2830 = LINE ( 'NONE', #4091, #2764 ) ;
#2831 = SECURITY_CLASSIFICATION_LEVEL ( 'unclassified' ) ;
#2832 = DATE_AND_TIME ( #4101, #5257 ) ;
#2833 = ORIENTED_EDGE ( 'NONE', *, *, #966, .F. ) ;
#2834 = ORIENTED_EDGE ( 'NONE', *, *, #742, .F. ) ;
#2835 = CARTESIAN_POINT ( 'NONE',  ( -3843.999999999977263, 1.984523656517467316E-11, 529.0000000000001137 ) ) ;
#2836 = CC_DESIGN_APPROVAL ( #2533, ( #1922 ) ) ;
#2837 = CARTESIAN_POINT ( 'NONE',  ( -3305.199999999977990, 210.2500000000200657, 580.0000000000000000 ) ) ;
#2838 = EDGE_CURVE ( 'NONE', #5202, #1919, #369, .T. ) ;
#2839 = CARTESIAN_POINT ( 'NONE',  ( -3353.999999999976808, 1.948267935869552048E-11, 502.0000000000000000 ) ) ;
#2840 = ORIENTED_EDGE ( 'NONE', *, *, #4538, .F. ) ;
#2841 = VERTEX_POINT ( 'NONE', #2829 ) ;
#2842 = LINE ( 'NONE', #2968, #5396 ) ;
#2843 = ORIENTED_EDGE ( 'NONE', *, *, #864, .F. ) ;
#2844 = DIRECTION ( 'NONE',  ( 1.973729821555833740E-16, -1.000000000000000000, 0.000000000000000000 ) ) ;
#2845 = EDGE_CURVE ( 'NONE', #115, #3766, #5022, .T. ) ;
#2846 = ORIENTED_EDGE ( 'NONE', *, *, #2661, .F. ) ;
#2847 = LINE ( 'NONE', #3575, #4176 ) ;
#2848 = ORIENTED_EDGE ( 'NONE', *, *, #4064, .F. ) ;
#2849 = CARTESIAN_POINT ( 'NONE',  ( -3313.199999999977990, 1010.250000000019895, 596.7999999999999545 ) ) ;
#2850 =( NAMED_UNIT ( * ) PLANE_ANGLE_UNIT ( ) SI_UNIT ( $, .RADIAN. ) );
#2851 = DIRECTION ( 'NONE',  ( 0.000000000000000000, 0.000000000000000000, 1.000000000000000000 ) ) ;
#2852 = CIRCLE ( 'NONE', #660, 20.00000000000018474 ) ;
#2853 = ORIENTED_EDGE ( 'NONE', *, *, #4861, .T. ) ;
#2854 = EDGE_CURVE ( 'NONE', #3166, #3300, #2257, .T. ) ;
#2855 = AXIS2_PLACEMENT_3D ( 'NONE', #3984, #567, #956 ) ;
#2856 = ORIENTED_EDGE ( 'NONE', *, *, #2182, .F. ) ;
#2857 = DIRECTION ( 'NONE',  ( -0.000000000000000000, 1.000000000000000000, -0.000000000000000000 ) ) ;
#2858 = CARTESIAN_POINT ( 'NONE',  ( -33.00000000000001421, 985.0000000000001137, 2.999999999999998668 ) ) ;
#2859 = DIRECTION ( 'NONE',  ( 0.000000000000000000, -1.000000000000000000, 0.000000000000000000 ) ) ;
#2860 = EDGE_LOOP ( 'NONE', ( #1851, #3842 ) ) ;
#2861 = VECTOR ( 'NONE', #1300, 1000.000000000000000 ) ;
#2862 = AXIS2_PLACEMENT_3D ( 'NONE', #3036, #2633, #34 ) ;
#2863 = CARTESIAN_POINT ( 'NONE',  ( -3315.899999999977808, 1010.250000000019895, 596.0000000000000000 ) ) ;
#2864 = EDGE_LOOP ( 'NONE', ( #4894, #2317 ) ) ;
#2865 = CIRCLE ( 'NONE', #3397, 6.450000000000001066 ) ;
#2866 = PLANE ( 'NONE',  #2525 ) ;
#2867 = ORIENTED_EDGE ( 'NONE', *, *, #5581, .F. ) ;
#2868 = DIRECTION ( 'NONE',  ( -0.9707755440873244712, 0.000000000000000000, 0.2399892560135961361 ) ) ;
#2869 = CIRCLE ( 'NONE', #844, 7.999999999999785061 ) ;
#2870 = DIRECTION ( 'NONE',  ( 0.000000000000000000, 0.000000000000000000, 1.000000000000000000 ) ) ;
#2871 = ORIENTED_EDGE ( 'NONE', *, *, #568, .T. ) ;
#2872 = PLANE ( 'NONE',  #5464 ) ;
#2873 = VECTOR ( 'NONE', #4009, 1000.000000000000000 ) ;
#2874 = VERTEX_POINT ( 'NONE', #2022 ) ;
#2875 = EDGE_CURVE ( 'NONE', #1023, #5360, #4623, .T. ) ;
#2876 = CIRCLE ( 'NONE', #647, 7.999999999999785061 ) ;
#2877 = DIRECTION ( 'NONE',  ( 0.000000000000000000, 0.000000000000000000, -1.000000000000000000 ) ) ;
#2878 = DIRECTION ( 'NONE',  ( 0.000000000000000000, -1.000000000000000000, 0.000000000000000000 ) ) ;
#2879 = EDGE_LOOP ( 'NONE', ( #2177, #5366 ) ) ;
#2880 = PLANE ( 'NONE',  #208 ) ;
#2881 = FACE_OUTER_BOUND ( 'NONE', #3269, .T. ) ;
#2882 = AXIS2_PLACEMENT_3D ( 'NONE', #321, #4625, #1635 ) ;
#2883 = LOCAL_TIME ( 10, 4, 45.00000000000000000, #872 ) ;
#2884 = APPLICATION_PROTOCOL_DEFINITION ( 'international standard', 'config_control_design', 1994, #197 ) ;
#2885 = DIRECTION ( 'NONE',  ( -0.000000000000000000, 1.000000000000000000, -0.000000000000000000 ) ) ;
#2886 = ORIENTED_EDGE ( 'NONE', *, *, #1294, .T. ) ;
#2888 = ADVANCED_FACE ( 'NONE', ( #2456, #3876 ), #4556, .T. ) ;
#2887 = FACE_OUTER_BOUND ( 'NONE', #4798, .T. ) ;
#2889 = CIRCLE ( 'NONE', #1375, 15.00000000000000000 ) ;
#2890 = DIRECTION ( 'NONE',  ( 0.000000000000000000, 0.000000000000000000, 1.000000000000000000 ) ) ;
#2891 = CARTESIAN_POINT ( 'NONE',  ( -3869.999999999976808, 130.0000000000222826, 580.0000000000000000 ) ) ;
#2892 = PERSON_AND_ORGANIZATION ( #682, #186 ) ;
#2893 = AXIS2_PLACEMENT_3D ( 'NONE', #3667, #1095, #4099 ) ;
#2894 = ORIENTED_EDGE ( 'NONE', *, *, #2046, .T. ) ;
#2895 = LINE ( 'NONE', #1921, #3559 ) ;
#2896 = DIRECTION ( 'NONE',  ( 0.000000000000000000, -0.000000000000000000, 1.000000000000000000 ) ) ;
#2897 = DIRECTION ( 'NONE',  ( 1.000000000000000000, -0.000000000000000000, -0.000000000000000000 ) ) ;
#2898 = PLANE ( 'NONE',  #4360 ) ;
#2899 = ORIENTED_EDGE ( 'NONE', *, *, #3170, .F. ) ;
#2900 = EDGE_LOOP ( 'NONE', ( #5533, #3125 ) ) ;
#2901 = AXIS2_PLACEMENT_3D ( 'NONE', #2055, #5018, #4610 ) ;
#2902 = DIRECTION ( 'NONE',  ( -0.000000000000000000, -0.000000000000000000, -1.000000000000000000 ) ) ;
#2903 = ORIENTED_EDGE ( 'NONE', *, *, #5553, .T. ) ;
#2904 =( REPRESENTATION_RELATIONSHIP ('NONE','NONE', #5039, #3469 ) REPRESENTATION_RELATIONSHIP_WITH_TRANSFORMATION ( #1605 )SHAPE_REPRESENTATION_RELATIONSHIP( ) );
#2905 = ORIENTED_EDGE ( 'NONE', *, *, #52, .T. ) ;
#2906 = CARTESIAN_POINT ( 'NONE',  ( 15.90000000000017089, -1125.000000000000000, 15.90000000000000036 ) ) ;
#2907 = CARTESIAN_POINT ( 'NONE',  ( -3313.199999999977990, 639.7500000000200089, 596.7999999999999545 ) ) ;
#2908 = CC_DESIGN_APPROVAL ( #2144, ( #2615 ) ) ;
#2909 = VERTEX_POINT ( 'NONE', #1987 ) ;
#2910 = CYLINDRICAL_SURFACE ( 'NONE', #4598, 5.050000000000220979 ) ;
#2911 = CARTESIAN_POINT ( 'NONE',  ( 15.90000000000017089, -1125.000000000000000, 15.90000000000000036 ) ) ;
#2912 = ORIENTED_EDGE ( 'NONE', *, *, #229, .F. ) ;
#2913 = EDGE_CURVE ( 'NONE', #3008, #2466, #4897, .T. ) ;
#2914 = CARTESIAN_POINT ( 'NONE',  ( -3305.199999999977990, 210.2500000000200657, 596.7999999999999545 ) ) ;
#2915 = PRODUCT_DEFINITION_SHAPE ( 'NONE', 'NONE',  #5608 ) ;
#2916 = VECTOR ( 'NONE', #3926, 1000.000000000000000 ) ;
#2917 = ORIENTED_EDGE ( 'NONE', *, *, #4170, .F. ) ;
#2918 = EDGE_LOOP ( 'NONE', ( #3495, #1517, #4739, #2654 ) ) ;
#2919 = CARTESIAN_POINT ( 'NONE',  ( 15.90000000000017089, 185.0000000000002842, 20.90000000000000213 ) ) ;
#2920 = ADVANCED_FACE ( 'NONE', ( #3535 ), #3698, .T. ) ;
#2921 = DIRECTION ( 'NONE',  ( -0.000000000000000000, 1.000000000000000000, -0.000000000000000000 ) ) ;
#2922 = ORIENTED_EDGE ( 'NONE', *, *, #5254, .T. ) ;
#2923 = EDGE_CURVE ( 'NONE', #3274, #2874, #5569, .T. ) ;
#2924 = FACE_OUTER_BOUND ( 'NONE', #4096, .T. ) ;
#2925 = DIRECTION ( 'NONE',  ( 0.000000000000000000, -1.000000000000000000, 0.000000000000000000 ) ) ;
#2926 = VERTEX_POINT ( 'NONE', #674 ) ;
#2927 = PERSON_AND_ORGANIZATION_ROLE ( 'creator' ) ;
#2928 = CARTESIAN_POINT ( 'NONE',  ( -3329.999999999977263, -6.572520305780882291E-13, 580.0000000000000000 ) ) ;
#2929 = VERTEX_POINT ( 'NONE', #4134 ) ;
#2930 = AXIS2_PLACEMENT_3D ( 'NONE', #276, #4586, #3656 ) ;
#2931 = CARTESIAN_POINT ( 'NONE',  ( -3869.999999999976808, 1904.999999999999545, 22.00000000000002132 ) ) ;
#2932 = CARTESIAN_POINT ( 'NONE',  ( -3843.999999999977263, 85.00000000001985256, 502.0000000000000000 ) ) ;
#2933 = FACE_OUTER_BOUND ( 'NONE', #3657, .T. ) ;
#2934 = DIRECTION ( 'NONE',  ( -0.000000000000000000, 1.000000000000000000, -0.000000000000000000 ) ) ;
#2935 = VERTEX_POINT ( 'NONE', #5006 ) ;
#2936 = EDGE_CURVE ( 'NONE', #2233, #3944, #1592, .T. ) ;
#2937 = FACE_OUTER_BOUND ( 'NONE', #1557, .T. ) ;
#2938 = AXIS2_PLACEMENT_3D ( 'NONE', #653, #4133, #2827 ) ;
#2939 = CARTESIAN_POINT ( 'NONE',  ( -3329.999999999977263, -6.572520305780882291E-13, 22.00000000000002132 ) ) ;
#2940 = ORIENTED_EDGE ( 'NONE', *, *, #1980, .F. ) ;
#2941 = CIRCLE ( 'NONE', #3349, 5.050000000000220979 ) ;
#2942 = APPROVAL_ROLE ( '' ) ;
#2943 = CARTESIAN_POINT ( 'NONE',  ( 15.00000000000016875, 985.0000000000001137, 30.00000000000000000 ) ) ;
#2944 = AXIS2_PLACEMENT_3D ( 'NONE', #3200, #3572, #140 ) ;
#2945 = VERTEX_POINT ( 'NONE', #2443 ) ;
#2946 = EDGE_CURVE ( 'NONE', #1666, #3580, #4482, .T. ) ;
#2947 = CYLINDRICAL_SURFACE ( 'NONE', #4514, 20.00000000000018474 ) ;
#2948 = ADVANCED_FACE ( 'NONE', ( #989 ), #4280, .F. ) ;
#2949 = DIRECTION ( 'NONE',  ( 0.000000000000000000, 0.000000000000000000, -1.000000000000000000 ) ) ;
#2950 = ORIENTED_EDGE ( 'NONE', *, *, #1398, .F. ) ;
#2951 = VECTOR ( 'NONE', #1133, 1000.000000000000000 ) ;
#2952 = EDGE_CURVE ( 'NONE', #1647, #5119, #4694, .T. ) ;
#2953 = VERTEX_POINT ( 'NONE', #730 ) ;
#2954 = CARTESIAN_POINT ( 'NONE',  ( -6.450000000000001066, 7.898971854500429678E-16, 0.000000000000000000 ) ) ;
#2955 = VECTOR ( 'NONE', #3962, 1000.000000000000000 ) ;
#2956 = CARTESIAN_POINT ( 'NONE',  ( 600.0000000000002274, 1125.000000000000000, 30.00000000000000000 ) ) ;
#2957 = VECTOR ( 'NONE', #1089, 1000.000000000000000 ) ;
#2958 = COORDINATED_UNIVERSAL_TIME_OFFSET ( 8, 0, .AHEAD. ) ;
#2959 = ORIENTED_EDGE ( 'NONE', *, *, #2810, .T. ) ;
#2960 = CIRCLE ( 'NONE', #2961, 20.00000000000018474 ) ;
#2961 = AXIS2_PLACEMENT_3D ( 'NONE', #4700, #2114, #5128 ) ;
#2962 = FACE_OUTER_BOUND ( 'NONE', #497, .T. ) ;
#2963 = APPROVAL_STATUS ( 'not_yet_approved' ) ;
#2964 = CARTESIAN_POINT ( 'NONE',  ( 1.700029006457270953E-13, -214.9999999999999432, 15.00000000000000000 ) ) ;
#2965 = DATE_AND_TIME ( #4095, #3826 ) ;
#2966 = ORIENTED_EDGE ( 'NONE', *, *, #133, .T. ) ;
#2967 = FACE_OUTER_BOUND ( 'NONE', #5552, .T. ) ;
#2968 = CARTESIAN_POINT ( 'NONE',  ( -3315.899999999977808, 610.2500000000200089, 601.0500000000001819 ) ) ;
#2969 = ADVANCED_FACE ( 'NONE', ( #90 ), #155, .F. ) ;
#2970 = DIRECTION ( 'NONE',  ( 0.000000000000000000, 1.000000000000000000, 0.000000000000000000 ) ) ;
#2971 = AXIS2_PLACEMENT_3D ( 'NONE', #4731, #3422, #3386 ) ;
#2972 = ORIENTED_EDGE ( 'NONE', *, *, #3019, .T. ) ;
#2973 = ORIENTED_EDGE ( 'NONE', *, *, #1759, .F. ) ;
#2974 = DIRECTION ( 'NONE',  ( 0.000000000000000000, -0.000000000000000000, -1.000000000000000000 ) ) ;
#2975 = ORIENTED_EDGE ( 'NONE', *, *, #3423, .T. ) ;
#2976 = PERSON ( 'NAUO-PER3', 'UNSPECIFIED', 'UNSPECIFIED', ('UNSPECIFIED'), ('UNSPECIFIED'), ('UNSPECIFIED') ) ;
#2977 = EDGE_LOOP ( 'NONE', ( #4519, #2867, #336, #5518 ) ) ;
#2978 = AXIS2_PLACEMENT_3D ( 'NONE', #1445, #5320, #2743 ) ;
#2979 = CARTESIAN_POINT ( 'NONE',  ( -3305.199999999977990, 239.7500000000200657, 580.0000000000000000 ) ) ;
#2980 = CARTESIAN_POINT ( 'NONE',  ( -3321.999999999977717, 210.2500000000200657, 596.7999999999999545 ) ) ;
#2981 = DIRECTION ( 'NONE',  ( 1.000000000000000000, 0.000000000000000000, -0.000000000000000000 ) ) ;
#2982 = ORIENTED_EDGE ( 'NONE', *, *, #11, .T. ) ;
#2983 = FACE_OUTER_BOUND ( 'NONE', #4511, .T. ) ;
#2984 = VERTEX_POINT ( 'NONE', #325 ) ;
#2985 = DIRECTION ( 'NONE',  ( 1.000000000000000000, 0.000000000000000000, 0.000000000000000000 ) ) ;
#2986 = DIRECTION ( 'NONE',  ( -0.000000000000000000, -0.000000000000000000, -1.000000000000000000 ) ) ;
#2987 = CARTESIAN_POINT ( 'NONE',  ( -3843.999999999977263, 15.00000000001984546, 102.0000000000001990 ) ) ;
#2988 = EDGE_CURVE ( 'NONE', #5452, #1647, #3139, .T. ) ;
#2989 = VECTOR ( 'NONE', #4592, 1000.000000000000000 ) ;
#2990 = ORIENTED_EDGE ( 'NONE', *, *, #948, .T. ) ;
#2991 = ORIENTED_EDGE ( 'NONE', *, *, #2777, .T. ) ;
#2992 = CARTESIAN_POINT ( 'NONE',  ( -3315.899999999977808, 639.7500000000200089, 596.0000000000000000 ) ) ;
#2993 = DIRECTION ( 'NONE',  ( -1.000000000000000000, 0.000000000000000000, 0.000000000000000000 ) ) ;
#2994 = VERTEX_POINT ( 'NONE', #810 ) ;
#2995 = VECTOR ( 'NONE', #365, 1000.000000000000000 ) ;
#2996 = DIRECTION ( 'NONE',  ( -1.000000000000000000, 0.000000000000000000, 0.000000000000000000 ) ) ;
#2997 = ORIENTED_EDGE ( 'NONE', *, *, #3245, .T. ) ;
#2998 = VECTOR ( 'NONE', #3624, 1000.000000000000000 ) ;
#2999 = ADVANCED_FACE ( 'NONE', ( #5432 ), #1981, .T. ) ;
#3000 = AXIS2_PLACEMENT_3D ( 'NONE', #3807, #5572, #422 ) ;
#3001 = PRODUCT_DEFINITION_SHAPE ( 'NONE', 'NONE',  #5609 ) ;
#3002 = PLANE ( 'NONE',  #1669 ) ;
#3003 = DIRECTION ( 'NONE',  ( 0.000000000000000000, -1.000000000000000000, 0.000000000000000000 ) ) ;
#3004 = VERTEX_POINT ( 'NONE', #2531 ) ;
#3005 = CARTESIAN_POINT ( 'NONE',  ( 15.90000000000017089, -1123.500000000000000, 15.90000000000000036 ) ) ;
#3006 = VECTOR ( 'NONE', #1373, 1000.000000000000000 ) ;
#3007 = DIRECTION ( 'NONE',  ( 0.000000000000000000, -1.000000000000000000, 0.000000000000000000 ) ) ;
#3008 = VERTEX_POINT ( 'NONE', #386 ) ;
#3009 = AXIS2_PLACEMENT_3D ( 'NONE', #1740, #1793, #3916 ) ;
#3010 = VECTOR ( 'NONE', #4953, 1000.000000000000000 ) ;
#3011 = DIRECTION ( 'NONE',  ( 0.000000000000000000, 1.000000000000000000, -0.000000000000000000 ) ) ;
#3012 = CARTESIAN_POINT ( 'NONE',  ( -3353.999999999976808, 100.0000000000194831, 82.00000000000001421 ) ) ;
#3013 = ORIENTED_EDGE ( 'NONE', *, *, #479, .T. ) ;
#3014 = DIRECTION ( 'NONE',  ( 0.000000000000000000, 1.000000000000000000, -0.000000000000000000 ) ) ;
#3015 = FACE_BOUND ( 'NONE', #436, .T. ) ;
#3016 = CARTESIAN_POINT ( 'NONE',  ( -3321.999999999977717, 210.2500000000200657, 604.7999999999997272 ) ) ;
#3017 = CC_DESIGN_APPROVAL ( #3582, ( #5217 ) ) ;
#3018 = ORIENTED_EDGE ( 'NONE', *, *, #3539, .T. ) ;
#3019 = EDGE_CURVE ( 'NONE', #954, #1501, #2941, .T. ) ;
#3020 = CIRCLE ( 'NONE', #2232, 5.000000000000000888 ) ;
#3021 = CARTESIAN_POINT ( 'NONE',  ( -3843.999999999977263, 85.00000000001985256, 82.00000000000001421 ) ) ;
#3022 = APPROVAL_PERSON_ORGANIZATION ( #101, #696, #3757 ) ;
#3023 = ADVANCED_FACE ( 'NONE', ( #4017 ), #3202, .T. ) ;
#3024 = CARTESIAN_POINT ( 'NONE',  ( -3315.899999999977808, 1810.250000000020009, 590.9499999999997044 ) ) ;
#3025 = ORIENTED_EDGE ( 'NONE', *, *, #2510, .T. ) ;
#3026 = VECTOR ( 'NONE', #4163, 1000.000000000000000 ) ;
#3027 = CIRCLE ( 'NONE', #686, 6.500000000000002665 ) ;
#3028 = EDGE_CURVE ( 'NONE', #4988, #926, #2665, .T. ) ;
#3029 = COORDINATED_UNIVERSAL_TIME_OFFSET ( 8, 0, .AHEAD. ) ;
#3030 = DIRECTION ( 'NONE',  ( 0.000000000000000000, 1.000000000000000000, 0.000000000000000000 ) ) ;
#3031 = ADVANCED_FACE ( 'NONE', ( #704 ), #4246, .F. ) ;
#3032 = CARTESIAN_POINT ( 'NONE',  ( 0.000000000000000000, 215.0000000000001990, 30.00000000000000000 ) ) ;
#3033 = ORIENTED_EDGE ( 'NONE', *, *, #1180, .T. ) ;
#3034 = VECTOR ( 'NONE', #5474, 1000.000000000000000 ) ;
#3035 = APPROVAL_PERSON_ORGANIZATION ( #4166, #2030, #3307 ) ;
#3036 = CARTESIAN_POINT ( 'NONE',  ( -3315.899999999977808, 610.2500000000200089, 596.0000000000000000 ) ) ;
#3037 = EDGE_CURVE ( 'NONE', #2698, #4693, #1727, .T. ) ;
#3038 = AXIS2_PLACEMENT_3D ( 'NONE', #5032, #4547, #5451 ) ;
#3039 = ORIENTED_EDGE ( 'NONE', *, *, #4392, .T. ) ;
#3040 = VERTEX_POINT ( 'NONE', #767 ) ;
#3041 = DIRECTION ( 'NONE',  ( 0.000000000000000000, -0.000000000000000000, 1.000000000000000000 ) ) ;
#3042 = DIRECTION ( 'NONE',  ( -1.000000000000000000, 0.000000000000000000, 0.000000000000000000 ) ) ;
#3043 = ORIENTED_EDGE ( 'NONE', *, *, #1693, .F. ) ;
#3044 = CYLINDRICAL_SURFACE ( 'NONE', #4484, 5.000000000000000888 ) ;
#3045 = DIRECTION ( 'NONE',  ( 0.000000000000000000, -1.000000000000000000, 0.000000000000000000 ) ) ;
#3046 = ORIENTED_EDGE ( 'NONE', *, *, #1406, .T. ) ;
#3047 = AXIS2_PLACEMENT_3D ( 'NONE', #2745, #3108, #131 ) ;
#3048 = LINE ( 'NONE', #4889, #3571 ) ;
#3049 = VERTEX_POINT ( 'NONE', #5575 ) ;
#3050 = ADVANCED_FACE ( 'NONE', ( #4276, #1917 ), #3853, .T. ) ;
#3051 = DIRECTION ( 'NONE',  ( 0.000000000000000000, 0.000000000000000000, 1.000000000000000000 ) ) ;
#3052 = ORIENTED_EDGE ( 'NONE', *, *, #1623, .T. ) ;
#3053 = ORIENTED_EDGE ( 'NONE', *, *, #4085, .F. ) ;
#3054 = CARTESIAN_POINT ( 'NONE',  ( -3329.999999999977717, 1010.250000000019895, 580.0000000000000000 ) ) ;
#3055 = ORIENTED_EDGE ( 'NONE', *, *, #2546, .T. ) ;
#3056 = FACE_OUTER_BOUND ( 'NONE', #5025, .T. ) ;
#3057 = ADVANCED_FACE ( 'NONE', ( #2804 ), #4346, .T. ) ;
#3058 = ORIENTED_EDGE ( 'NONE', *, *, #3631, .F. ) ;
#3059 = DIRECTION ( 'NONE',  ( 0.000000000000000000, 0.000000000000000000, -1.000000000000000000 ) ) ;
#3060 = ORIENTED_EDGE ( 'NONE', *, *, #494, .T. ) ;
#3061 = DIRECTION ( 'NONE',  ( 0.000000000000000000, 1.000000000000000000, 0.000000000000000000 ) ) ;
#3062 = EDGE_CURVE ( 'NONE', #4147, #5502, #87, .T. ) ;
#3063 = DIRECTION ( 'NONE',  ( 1.000000000000000000, 0.000000000000000000, 0.000000000000000000 ) ) ;
#3064 = ORIENTED_EDGE ( 'NONE', *, *, #1473, .F. ) ;
#3065 = CIRCLE ( 'NONE', #2167, 8.000000000000007105 ) ;
#3066 = CARTESIAN_POINT ( 'NONE',  ( 0.000000000000000000, 0.000000000000000000, 30.00000000000000000 ) ) ;
#3067 = CARTESIAN_POINT ( 'NONE',  ( -3353.999999999976808, 15.00000000001948308, 502.0000000000000000 ) ) ;
#3068 = EDGE_CURVE ( 'NONE', #4446, #3379, #1255, .T. ) ;
#3069 = VERTEX_POINT ( 'NONE', #4205 ) ;
#3070 = VECTOR ( 'NONE', #795, 1000.000000000000000 ) ;
#3071 = DIRECTION ( 'NONE',  ( 0.000000000000000000, 1.000000000000000000, 0.000000000000000000 ) ) ;
#3072 = EDGE_LOOP ( 'NONE', ( #2400, #4315 ) ) ;
#3073 = VECTOR ( 'NONE', #1716, 1000.000000000000000 ) ;
#3074 = AXIS2_PLACEMENT_3D ( 'NONE', #1341, #1742, #2151 ) ;
#3075 = DIRECTION ( 'NONE',  ( 0.000000000000000000, 0.000000000000000000, -1.000000000000000000 ) ) ;
#3076 = DIRECTION ( 'NONE',  ( 0.000000000000000000, -1.000000000000000000, 0.000000000000000000 ) ) ;
#3077 = ADVANCED_FACE ( 'NONE', ( #3946 ), #927, .F. ) ;
#3078 = VERTEX_POINT ( 'NONE', #5177 ) ;
#3079 = DIRECTION ( 'NONE',  ( -1.000000000000000000, 0.000000000000000000, -2.523234146875356491E-16 ) ) ;
#3080 = FACE_OUTER_BOUND ( 'NONE', #2184, .T. ) ;
#3081 = AXIS2_PLACEMENT_3D ( 'NONE', #609, #4035, #2325 ) ;
#3082 = ORIENTED_EDGE ( 'NONE', *, *, #4997, .F. ) ;
#3083 = ADVANCED_FACE ( 'NONE', ( #572, #853 ), #501, .T. ) ;
#3084 = CYLINDRICAL_SURFACE ( 'NONE', #1269, 20.00000000000012790 ) ;
#3085 = CARTESIAN_POINT ( 'NONE',  ( -3353.999999999976808, 1.948267935869552048E-11, 474.9999999999998863 ) ) ;
#3086 = VERTEX_POINT ( 'NONE', #2210 ) ;
#3087 = DIRECTION ( 'NONE',  ( 0.000000000000000000, 0.000000000000000000, -1.000000000000000000 ) ) ;
#3088 = CIRCLE ( 'NONE', #1118, 27.00000000000011369 ) ;
#3089 = CIRCLE ( 'NONE', #1664, 27.00000000000013500 ) ;
#3090 = CARTESIAN_POINT ( 'NONE',  ( -3305.199999999977990, 1439.750000000020009, 596.7999999999999545 ) ) ;
#3091 = SECURITY_CLASSIFICATION ( '', '', #3365 ) ;
#3092 = ORGANIZATION ( 'NAUO-ORG1', 'UNSPECIFIED', 'UNSPECIFIED' ) ;
#3093 = EDGE_CURVE ( 'NONE', #3008, #3580, #5564, .T. ) ;
#3094 = ORIENTED_EDGE ( 'NONE', *, *, #3272, .F. ) ;
#3095 = VECTOR ( 'NONE', #3229, 1000.000000000000000 ) ;
#3096 = DIRECTION ( 'NONE',  ( 0.000000000000000000, 0.000000000000000000, 1.000000000000000000 ) ) ;
#3097 = VECTOR ( 'NONE', #1829, 1000.000000000000000 ) ;
#3098 = PERSON_AND_ORGANIZATION ( #682, #186 ) ;
#3099 = VERTEX_POINT ( 'NONE', #2611 ) ;
#3100 = ORIENTED_EDGE ( 'NONE', *, *, #4012, .F. ) ;
#3101 = EDGE_CURVE ( 'NONE', #4578, #5169, #5426, .T. ) ;
#3102 = DIRECTION ( 'NONE',  ( 0.000000000000000000, 1.000000000000000000, -0.000000000000000000 ) ) ;
#3103 = DATE_AND_TIME ( #3361, #4513 ) ;
#3104 = DIRECTION ( 'NONE',  ( 0.000000000000000000, 1.000000000000000000, -0.000000000000000000 ) ) ;
#3105 = EDGE_LOOP ( 'NONE', ( #4306, #4840 ) ) ;
#3106 = ORIENTED_EDGE ( 'NONE', *, *, #998, .T. ) ;
#3107 = DIRECTION ( 'NONE',  ( 0.000000000000000000, -0.000000000000000000, 1.000000000000000000 ) ) ;
#3108 = DIRECTION ( 'NONE',  ( 0.000000000000000000, -1.000000000000000000, 0.000000000000000000 ) ) ;
#3109 = EDGE_LOOP ( 'NONE', ( #3742, #1068, #2975, #4438 ) ) ;
#3110 = DIRECTION ( 'NONE',  ( -0.000000000000000000, 1.000000000000000000, -0.000000000000000000 ) ) ;
#3111 = ORIENTED_EDGE ( 'NONE', *, *, #2435, .F. ) ;
#3112 = VECTOR ( 'NONE', #2774, 1000.000000000000000 ) ;
#3113 = VERTEX_POINT ( 'NONE', #5215 ) ;
#3114 = ADVANCED_FACE ( 'NONE', ( #3669 ), #442, .T. ) ;
#3115 = CARTESIAN_POINT ( 'NONE',  ( -3313.199999999977990, 1010.250000000019895, 596.7999999999999545 ) ) ;
#3116 = CARTESIAN_POINT ( 'NONE',  ( -28.00000000000001421, 585.0000000000001137, 53.00000000000000711 ) ) ;
#3117 = ORIENTED_EDGE ( 'NONE', *, *, #4565, .T. ) ;
#3118 = ORIENTED_EDGE ( 'NONE', *, *, #2008, .F. ) ;
#3119 = LINE ( 'NONE', #4627, #4121 ) ;
#3120 = ORIENTED_EDGE ( 'NONE', *, *, #708, .F. ) ;
#3121 = DIRECTION ( 'NONE',  ( 0.000000000000000000, -0.000000000000000000, -1.000000000000000000 ) ) ;
#3122 = ORIENTED_EDGE ( 'NONE', *, *, #4323, .T. ) ;
#3123 = APPROVAL ( #3388, '未指定' ) ;
#3124 = EDGE_CURVE ( 'NONE', #5035, #4578, #2869, .T. ) ;
#3125 = ORIENTED_EDGE ( 'NONE', *, *, #4876, .F. ) ;
#3126 = CARTESIAN_POINT ( 'NONE',  ( 15.00000000000016875, 185.0000000000001990, 15.00000000000000000 ) ) ;
#3127 = VECTOR ( 'NONE', #5476, 1000.000000000000000 ) ;
#3128 = VERTEX_POINT ( 'NONE', #3934 ) ;
#3129 = CARTESIAN_POINT ( 'NONE',  ( -3329.999999999977263, 210.2500000000200657, 596.7999999999999545 ) ) ;
#3130 = EDGE_CURVE ( 'NONE', #4990, #1296, #1658, .T. ) ;
#3131 = LINE ( 'NONE', #883, #1041 ) ;
#3132 = CARTESIAN_POINT ( 'NONE',  ( -3329.999999999977263, 2210.250000000020009, 596.7999999999999545 ) ) ;
#3133 = ORIENTED_EDGE ( 'NONE', *, *, #5287, .T. ) ;
#3134 = CARTESIAN_POINT ( 'NONE',  ( 15.00000000000016875, 0.000000000000000000, 15.00000000000000000 ) ) ;
#3135 = EDGE_CURVE ( 'NONE', #1698, #625, #2522, .T. ) ;
#3136 = ORIENTED_EDGE ( 'NONE', *, *, #1733, .T. ) ;
#3137 = CARTESIAN_POINT ( 'NONE',  ( 0.000000000000000000, 585.0000000000001137, 30.00000000000000000 ) ) ;
#3138 = CARTESIAN_POINT ( 'NONE',  ( 15.90000000000017089, -985.0000000000000000, 10.90000000000000036 ) ) ;
#3139 = LINE ( 'NONE', #5081, #709 ) ;
#3140 = DIRECTION ( 'NONE',  ( 0.000000000000000000, -1.000000000000000000, 0.000000000000000000 ) ) ;
#3141 = ORIENTED_EDGE ( 'NONE', *, *, #1772, .F. ) ;
#3142 = VECTOR ( 'NONE', #471, 1000.000000000000000 ) ;
#3143 = PLANE ( 'NONE',  #4772 ) ;
#3144 = DIRECTION ( 'NONE',  ( 1.000000000000000000, 0.000000000000000000, 0.000000000000000000 ) ) ;
#3145 = CARTESIAN_POINT ( 'NONE',  ( -3869.999999999976808, 0.000000000000000000, 22.00000000000002132 ) ) ;
#3146 = VERTEX_POINT ( 'NONE', #483 ) ;
#3147 = VECTOR ( 'NONE', #3160, 1000.000000000000000 ) ;
#3148 = LOCAL_TIME ( 10, 4, 45.00000000000000000, #719 ) ;
#3149 = CARTESIAN_POINT ( 'NONE',  ( -3899.999999999977263, 100.0000000000227374, 0.000000000000000000 ) ) ;
#3150 = AXIS2_PLACEMENT_3D ( 'NONE', #4070, #2379, #1083 ) ;
#3151 = ORIENTED_EDGE ( 'NONE', *, *, #2370, .T. ) ;
#3152 = CIRCLE ( 'NONE', #2930, 20.00000000000018474 ) ;
#3153 = CARTESIAN_POINT ( 'NONE',  ( -3353.999999999976808, 85.00000000001949729, 502.0000000000000000 ) ) ;
#3154 = VECTOR ( 'NONE', #4381, 1000.000000000000000 ) ;
#3155 = LOCAL_TIME ( 10, 4, 45.00000000000000000, #4298 ) ;
#3156 = PLANE ( 'NONE',  #2978 ) ;
#3157 = APPROVAL_DATE_TIME ( #1067, #1849 ) ;
#3158 = VERTEX_POINT ( 'NONE', #3054 ) ;
#3159 = CIRCLE ( 'NONE', #1045, 27.00000000000013500 ) ;
#3160 = DIRECTION ( 'NONE',  ( 1.973729821555833740E-16, -1.000000000000000000, 0.000000000000000000 ) ) ;
#3161 = EDGE_CURVE ( 'NONE', #1050, #1666, #5016, .T. ) ;
#3162 = APPROVAL_DATE_TIME ( #4228, #486 ) ;
#3163 = DIRECTION ( 'NONE',  ( 0.000000000000000000, 0.000000000000000000, 1.000000000000000000 ) ) ;
#3164 = VERTEX_POINT ( 'NONE', #4358 ) ;
#3165 = DIRECTION ( 'NONE',  ( 0.000000000000000000, 0.000000000000000000, 1.000000000000000000 ) ) ;
#3166 = VERTEX_POINT ( 'NONE', #4785 ) ;
#3167 = CARTESIAN_POINT ( 'NONE',  ( -3843.999999999977263, 1.984523656517467316E-11, 474.9999999999998863 ) ) ;
#3168 = DIRECTION ( 'NONE',  ( -1.000000000000000000, 0.000000000000000000, -0.000000000000000000 ) ) ;
#3169 = EDGE_CURVE ( 'NONE', #4081, #557, #5295, .T. ) ;
#3170 = EDGE_CURVE ( 'NONE', #3569, #5389, #5358, .T. ) ;
#3171 = ORIENTED_EDGE ( 'NONE', *, *, #1859, .F. ) ;
#3172 = ORIENTED_EDGE ( 'NONE', *, *, #823, .F. ) ;
#3173 = DIRECTION ( 'NONE',  ( 0.000000000000000000, 0.000000000000000000, 1.000000000000000000 ) ) ;
#3174 = DIRECTION ( 'NONE',  ( 0.000000000000000000, -1.000000000000000000, 0.000000000000000000 ) ) ;
#3175 = CYLINDRICAL_SURFACE ( 'NONE', #1210, 7.999999999999785061 ) ;
#3176 = CARTESIAN_POINT ( 'NONE',  ( 15.90000000000017089, 985.0000000000003411, 20.90000000000000213 ) ) ;
#3177 = ORIENTED_EDGE ( 'NONE', *, *, #2913, .F. ) ;
#3178 = DIRECTION ( 'NONE',  ( 0.000000000000000000, -0.000000000000000000, -1.000000000000000000 ) ) ;
#3179 = AXIS2_PLACEMENT_3D ( 'NONE', #2290, #1431, #2313 ) ;
#3180 = CARTESIAN_POINT ( 'NONE',  ( -3305.199999999977990, 1839.750000000020236, 596.7999999999999545 ) ) ;
#3181 = LINE ( 'NONE', #4508, #5402 ) ;
#3182 = VERTEX_POINT ( 'NONE', #4745 ) ;
#3183 = CARTESIAN_POINT ( 'NONE',  ( -3313.199999999977990, 2239.750000000020009, 596.7999999999999545 ) ) ;
#3184 = AXIS2_PLACEMENT_3D ( 'NONE', #5246, #2627, #960 ) ;
#3185 = ORIENTED_EDGE ( 'NONE', *, *, #2446, .F. ) ;
#3186 = LINE ( 'NONE', #2572, #4607 ) ;
#3187 = CARTESIAN_POINT ( 'NONE',  ( 15.90000000000017089, -1125.000000000000000, 22.40000000000000213 ) ) ;
#3188 = CARTESIAN_POINT ( 'NONE',  ( 33.00000000000017764, -615.0000000000000000, 30.00000000000000000 ) ) ;
#3189 = ORIENTED_EDGE ( 'NONE', *, *, #2685, .F. ) ;
#3190 = PRODUCT_RELATED_PRODUCT_CATEGORY ( 'detail', '', ( #1157 ) ) ;
#3191 = LINE ( 'NONE', #4331, #2318 ) ;
#3192 = EDGE_CURVE ( 'NONE', #5389, #2984, #3267, .T. ) ;
#3193 = ORIENTED_EDGE ( 'NONE', *, *, #222, .T. ) ;
#3194 = CARTESIAN_POINT ( 'NONE',  ( -3315.899999999977808, 1410.250000000020009, 601.0500000000001819 ) ) ;
#3195 = SHAPE_REPRESENTATION ( '高柜01定位销_高柜01定位销', ( #1102 ), #2063 ) ;
#3196 = DIRECTION ( 'NONE',  ( 2.643388153869414414E-14, 0.000000000000000000, 1.000000000000000000 ) ) ;
#3197 = ORIENTED_EDGE ( 'NONE', *, *, #3660, .F. ) ;
#3198 = EDGE_CURVE ( 'NONE', #3040, #3379, #3868, .T. ) ;
#3199 = DIRECTION ( 'NONE',  ( 0.000000000000000000, 0.000000000000000000, 1.000000000000000000 ) ) ;
#3200 = CARTESIAN_POINT ( 'NONE',  ( -3313.199999999977990, 2210.250000000020009, 604.7999999999999545 ) ) ;
#3201 = DIRECTION ( 'NONE',  ( 0.000000000000000000, 1.000000000000000000, 0.000000000000000000 ) ) ;
#3202 = CYLINDRICAL_SURFACE ( 'NONE', #1307, 7.999999999999785061 ) ;
#3203 = ORIENTED_EDGE ( 'NONE', *, *, #4505, .T. ) ;
#3204 = DIRECTION ( 'NONE',  ( 0.000000000000000000, 1.000000000000000000, 0.000000000000000000 ) ) ;
#3205 = CIRCLE ( 'NONE', #1239, 27.00000000000013500 ) ;
#3206 = DIRECTION ( 'NONE',  ( -0.000000000000000000, 1.000000000000000000, -0.000000000000000000 ) ) ;
#3207 = AXIS2_PLACEMENT_3D ( 'NONE', #509, #3519, #4388 ) ;
#3208 = ORIENTED_EDGE ( 'NONE', *, *, #1980, .T. ) ;
#3209 = LINE ( 'NONE', #5072, #2060 ) ;
#3210 = EDGE_CURVE ( 'NONE', #5339, #3913, #2730, .T. ) ;
#3211 = AXIS2_PLACEMENT_3D ( 'NONE', #1392, #981, #2711 ) ;
#3212 = ORIENTED_EDGE ( 'NONE', *, *, #3192, .F. ) ;
#3213 = CYLINDRICAL_SURFACE ( 'NONE', #5271, 5.050000000000220979 ) ;
#3214 = CARTESIAN_POINT ( 'NONE',  ( -3313.199999999977990, 239.7500000000200657, 596.7999999999999545 ) ) ;
#3215 = CARTESIAN_POINT ( 'NONE',  ( -3329.999999999977717, 1039.750000000020009, 580.0000000000000000 ) ) ;
#3216 = FACE_OUTER_BOUND ( 'NONE', #1365, .T. ) ;
#3217 = DIRECTION ( 'NONE',  ( -0.000000000000000000, 0.000000000000000000, 1.000000000000000000 ) ) ;
#3218 = CALENDAR_DATE ( 2026, 27, 5 ) ;
#3219 =( NAMED_UNIT ( * ) PLANE_ANGLE_UNIT ( ) SI_UNIT ( $, .RADIAN. ) );
#3220 = DIRECTION ( 'NONE',  ( 0.000000000000000000, 0.000000000000000000, 1.000000000000000000 ) ) ;
#3221 = EDGE_LOOP ( 'NONE', ( #5075, #385 ) ) ;
#3222 = CIRCLE ( 'NONE', #570, 8.000000000000007105 ) ;
#3223 = CYLINDRICAL_SURFACE ( 'NONE', #5449, 7.999999999999785061 ) ;
#3224 = DIRECTION ( 'NONE',  ( -0.000000000000000000, -1.000000000000000000, -0.000000000000000000 ) ) ;
#3225 = AXIS2_PLACEMENT_3D ( 'NONE', #1887, #3635, #1060 ) ;
#3226 = CARTESIAN_POINT ( 'NONE',  ( -3329.999999999977717, 1810.250000000020009, 580.0000000000000000 ) ) ;
#3227 = LOCAL_TIME ( 10, 4, 45.00000000000000000, #5187 ) ;
#3228 = EDGE_CURVE ( 'NONE', #1109, #4670, #360, .T. ) ;
#3229 = DIRECTION ( 'NONE',  ( 1.000000000000000000, 0.000000000000000000, 1.248475228922698363E-16 ) ) ;
#3230 = ORIENTED_EDGE ( 'NONE', *, *, #2768, .T. ) ;
#3231 = CYLINDRICAL_SURFACE ( 'NONE', #2304, 5.000000000000000888 ) ;
#3232 = PERSON_AND_ORGANIZATION ( #682, #186 ) ;
#3233 = CARTESIAN_POINT ( 'NONE',  ( -3353.999999999976808, 85.00000000001949729, 502.0000000000000000 ) ) ;
#3234 = CARTESIAN_POINT ( 'NONE',  ( -3305.199999999977990, 2210.250000000020009, 596.7999999999999545 ) ) ;
#3235 = EDGE_LOOP ( 'NONE', ( #4786, #2721, #4589, #48 ) ) ;
#3236 = ORIENTED_EDGE ( 'NONE', *, *, #1685, .F. ) ;
#3237 = EDGE_CURVE ( 'NONE', #2140, #3874, #636, .T. ) ;
#3238 = DIRECTION ( 'NONE',  ( -0.000000000000000000, 1.000000000000000000, 0.000000000000000000 ) ) ;
#3239 = ORIENTED_EDGE ( 'NONE', *, *, #998, .F. ) ;
#3240 = ORIENTED_EDGE ( 'NONE', *, *, #2075, .T. ) ;
#3241 = DIRECTION ( 'NONE',  ( -0.000000000000000000, 1.000000000000000000, -0.000000000000000000 ) ) ;
#3242 = LINE ( 'NONE', #839, #958 ) ;
#3243 =( LENGTH_UNIT ( ) NAMED_UNIT ( * ) SI_UNIT ( .MILLI., .METRE. ) );
#3244 = ORIENTED_EDGE ( 'NONE', *, *, #4012, .T. ) ;
#3245 = EDGE_CURVE ( 'NONE', #3987, #4238, #1587, .T. ) ;
#3246 = AXIS2_PLACEMENT_3D ( 'NONE', #2582, #3063, #2563 ) ;
#3247 = DIRECTION ( 'NONE',  ( 0.000000000000000000, 1.000000000000000000, 0.000000000000000000 ) ) ;
#3248 = VECTOR ( 'NONE', #4603, 1000.000000000000000 ) ;
#3249 = DIRECTION ( 'NONE',  ( 0.000000000000000000, 0.000000000000000000, -1.000000000000000000 ) ) ;
#3250 = VERTEX_POINT ( 'NONE', #3973 ) ;
#3251 = CARTESIAN_POINT ( 'NONE',  ( -3353.999999999976808, 1.948267935869552048E-11, 502.0000000000000000 ) ) ;
#3252 = LINE ( 'NONE', #3416, #5341 ) ;
#3253 = VERTEX_POINT ( 'NONE', #3527 ) ;
#3254 = AXIS2_PLACEMENT_3D ( 'NONE', #1754, #1317, #875 ) ;
#3255 = CARTESIAN_POINT ( 'NONE',  ( -28.00000000000001421, -214.9999999999999432, 53.00000000000000711 ) ) ;
#3256 = ORIENTED_EDGE ( 'NONE', *, *, #5007, .F. ) ;
#3257 = DIRECTION ( 'NONE',  ( 0.000000000000000000, -0.000000000000000000, 1.000000000000000000 ) ) ;
#3258 = CIRCLE ( 'NONE', #1454, 27.00000000000013500 ) ;
#3259 = PERSON_AND_ORGANIZATION_ROLE ( 'classification_officer' ) ;
#3260 = CARTESIAN_POINT ( 'NONE',  ( -3843.999999999977263, 15.00000000001984546, 82.00000000000001421 ) ) ;
#3261 = EDGE_CURVE ( 'NONE', #2567, #3086, #2387, .T. ) ;
#3262 = ORIENTED_EDGE ( 'NONE', *, *, #5361, .T. ) ;
#3263 = LINE ( 'NONE', #5146, #3942 ) ;
#3264 = DIRECTION ( 'NONE',  ( 0.000000000000000000, 0.000000000000000000, -1.000000000000000000 ) ) ;
#3265 = EDGE_LOOP ( 'NONE', ( #2806, #1044, #3117, #1412 ) ) ;
#3266 = EDGE_CURVE ( 'NONE', #4460, #4466, #1250, .T. ) ;
#3267 = CIRCLE ( 'NONE', #3047, 27.00000000000013500 ) ;
#3268 = DIRECTION ( 'NONE',  ( 1.000000000000000000, -0.000000000000000000, -0.000000000000000000 ) ) ;
#3269 = EDGE_LOOP ( 'NONE', ( #2950, #4709, #5546, #1080 ) ) ;
#3270 = ADVANCED_FACE ( 'NONE', ( #4476 ), #433, .T. ) ;
#3271 = VECTOR ( 'NONE', #2042, 1000.000000000000000 ) ;
#3272 = EDGE_CURVE ( 'NONE', #3874, #2140, #4545, .T. ) ;
#3273 = DIRECTION ( 'NONE',  ( 0.000000000000000000, 0.000000000000000000, 1.000000000000000000 ) ) ;
#3274 = VERTEX_POINT ( 'NONE', #1035 ) ;
#3275 = ADVANCED_FACE ( 'NONE', ( #2937 ), #4457, .F. ) ;
#3276 = CARTESIAN_POINT ( 'NONE',  ( -3313.199999999977990, 1010.250000000019895, 604.7999999999999545 ) ) ;
#3277 = CARTESIAN_POINT ( 'NONE',  ( 15.00000000000016875, 585.0000000000001137, 15.00000000000000000 ) ) ;
#3278 = EDGE_LOOP ( 'NONE', ( #1416, #3789, #323, #729 ) ) ;
#3279 = DIRECTION ( 'NONE',  ( -0.000000000000000000, -1.000000000000000000, -0.000000000000000000 ) ) ;
#3280 = AXIS2_PLACEMENT_3D ( 'NONE', #171, #2793, #3199 ) ;
#3281 = FACE_OUTER_BOUND ( 'NONE', #398, .T. ) ;
#3282 = APPROVAL_PERSON_ORGANIZATION ( #2349, #1822, #1682 ) ;
#3283 = ORIENTED_EDGE ( 'NONE', *, *, #3957, .F. ) ;
#3284 = CYLINDRICAL_SURFACE ( 'NONE', #311, 27.00000000000010658 ) ;
#3285 = VECTOR ( 'NONE', #2516, 1000.000000000000000 ) ;
#3286 = PERSON_AND_ORGANIZATION ( #682, #186 ) ;
#3287 = AXIS2_PLACEMENT_3D ( 'NONE', #4077, #169, #1930 ) ;
#3288 = VERTEX_POINT ( 'NONE', #3138 ) ;
#3289 = DIRECTION ( 'NONE',  ( 0.000000000000000000, -1.000000000000000000, 0.000000000000000000 ) ) ;
#3290 = FACE_OUTER_BOUND ( 'NONE', #175, .T. ) ;
#3291 = DIRECTION ( 'NONE',  ( 0.000000000000000000, 0.000000000000000000, 1.000000000000000000 ) ) ;
#3292 = ORIENTED_EDGE ( 'NONE', *, *, #4345, .T. ) ;
#3293 = EDGE_LOOP ( 'NONE', ( #2903, #564, #1644, #768 ) ) ;
#3294 = CC_DESIGN_DATE_AND_TIME_ASSIGNMENT ( #657, #4747, ( #995 ) ) ;
#3295 = CARTESIAN_POINT ( 'NONE',  ( 33.00000000000018474, -214.9999999999999432, 3.000000000000007105 ) ) ;
#3296 = CC_DESIGN_PERSON_AND_ORGANIZATION_ASSIGNMENT ( #2761, #5046, ( #1171 ) ) ;
#3297 = DIRECTION ( 'NONE',  ( 0.000000000000000000, 0.000000000000000000, -1.000000000000000000 ) ) ;
#3298 = EDGE_CURVE ( 'NONE', #545, #4117, #5490, .T. ) ;
#3299 = VECTOR ( 'NONE', #4659, 1000.000000000000000 ) ;
#3300 = VERTEX_POINT ( 'NONE', #999 ) ;
#3301 = CARTESIAN_POINT ( 'NONE',  ( -3313.199999999977990, 1810.250000000020009, 604.7999999999999545 ) ) ;
#3302 = CARTESIAN_POINT ( 'NONE',  ( -3315.899999999977808, 210.2500000000200657, 596.0000000000000000 ) ) ;
#3303 = ADVANCED_FACE ( 'NONE', ( #217 ), #3798, .T. ) ;
#3304 = EDGE_CURVE ( 'NONE', #1543, #4888, #3396, .T. ) ;
#3305 = ORIENTED_EDGE ( 'NONE', *, *, #4032, .T. ) ;
#3306 = CARTESIAN_POINT ( 'NONE',  ( 15.90000000000017089, 1125.000000000000000, 22.40000000000000213 ) ) ;
#3307 = APPROVAL_ROLE ( '' ) ;
#3308 = LINE ( 'NONE', #2283, #1433 ) ;
#3309 = VERTEX_POINT ( 'NONE', #1891 ) ;
#3310 = EDGE_LOOP ( 'NONE', ( #4352, #316, #5335, #4606 ) ) ;
#3311 = EDGE_CURVE ( 'NONE', #1947, #472, #1516, .T. ) ;
#3312 = AXIS2_PLACEMENT_3D ( 'NONE', #5365, #154, #1513 ) ;
#3313 = ORIENTED_EDGE ( 'NONE', *, *, #4456, .F. ) ;
#3314 = CARTESIAN_POINT ( 'NONE',  ( -3353.999999999976808, 1.948267935869552048E-11, 109.0000000000001279 ) ) ;
#3315 = CARTESIAN_POINT ( 'NONE',  ( -3843.999999999977263, 15.00000000001984546, 502.0000000000000000 ) ) ;
#3316 = ORIENTED_EDGE ( 'NONE', *, *, #1398, .T. ) ;
#3317 = LINE ( 'NONE', #4784, #2722 ) ;
#3318 = EDGE_CURVE ( 'NONE', #2072, #3113, #4950, .T. ) ;
#3319 = DIRECTION ( 'NONE',  ( 0.000000000000000000, 1.000000000000000000, 0.000000000000000000 ) ) ;
#3320 = ORIENTED_EDGE ( 'NONE', *, *, #2652, .F. ) ;
#3321 = LINE ( 'NONE', #580, #4750 ) ;
#3322 = DIRECTION ( 'NONE',  ( -0.000000000000000000, 1.000000000000000000, -0.000000000000000000 ) ) ;
#3323 = ORIENTED_EDGE ( 'NONE', *, *, #2321, .T. ) ;
#3324 = APPROVAL_STATUS ( 'not_yet_approved' ) ;
#3325 = AXIS2_PLACEMENT_3D ( 'NONE', #582, #4067, #1418 ) ;
#3326 = VECTOR ( 'NONE', #4396, 1000.000000000000000 ) ;
#3327 = ORIENTED_EDGE ( 'NONE', *, *, #3769, .T. ) ;
#3328 = DIRECTION ( 'NONE',  ( 0.000000000000000000, 1.000000000000000000, 0.000000000000000000 ) ) ;
#3329 = DIRECTION ( 'NONE',  ( 0.000000000000000000, 0.000000000000000000, -1.000000000000000000 ) ) ;
#3330 = ORIENTED_EDGE ( 'NONE', *, *, #318, .F. ) ;
#3331 = EDGE_CURVE ( 'NONE', #2451, #4224, #1789, .T. ) ;
#3332 = VECTOR ( 'NONE', #4253, 1000.000000000000000 ) ;
#3333 = CARTESIAN_POINT ( 'NONE',  ( -3305.199999999977990, 239.7500000000200657, 580.0000000000000000 ) ) ;
#3334 = CARTESIAN_POINT ( 'NONE',  ( 600.0000000000002274, 1125.000000000000000, 30.00000000000000000 ) ) ;
#3335 = ORIENTED_EDGE ( 'NONE', *, *, #3261, .F. ) ;
#3336 = DIRECTION ( 'NONE',  ( 0.000000000000000000, 0.000000000000000000, 1.000000000000000000 ) ) ;
#3337 = FACE_OUTER_BOUND ( 'NONE', #4111, .T. ) ;
#3338 = EDGE_CURVE ( 'NONE', #3049, #4836, #2246, .T. ) ;
#3339 = EDGE_CURVE ( 'NONE', #2994, #3250, #2662, .T. ) ;
#3340 = APPLICATION_PROTOCOL_DEFINITION ( 'international standard', 'config_control_design', 1994, #3737 ) ;
#3341 = DIRECTION ( 'NONE',  ( 1.000000000000000000, 0.000000000000000000, 0.000000000000000000 ) ) ;
#3342 = EDGE_LOOP ( 'NONE', ( #906, #373, #905, #5068 ) ) ;
#3343 = CIRCLE ( 'NONE', #4765, 20.00000000000018474 ) ;
#3344 = LINE ( 'NONE', #4550, #1402 ) ;
#3345 = CARTESIAN_POINT ( 'NONE',  ( -3329.999999999977717, 1039.750000000020009, 580.0000000000000000 ) ) ;
#3346 = CARTESIAN_POINT ( 'NONE',  ( -3843.999999999977263, 1.984523656517467316E-11, 54.99999999999990052 ) ) ;
#3347 = LOCAL_TIME ( 10, 4, 45.00000000000000000, #2070 ) ;
#3348 = DIRECTION ( 'NONE',  ( 0.000000000000000000, 0.000000000000000000, 1.000000000000000000 ) ) ;
#3349 = AXIS2_PLACEMENT_3D ( 'NONE', #2513, #5540, #1265 ) ;
#3350 = EDGE_LOOP ( 'NONE', ( #1969, #3171 ) ) ;
#3351 = VECTOR ( 'NONE', #2243, 1000.000000000000000 ) ;
#3352 = LINE ( 'NONE', #987, #3097 ) ;
#3353 = APPROVAL_PERSON_ORGANIZATION ( #46, #1357, #5496 ) ;
#3354 = DIRECTION ( 'NONE',  ( 0.000000000000000000, -0.000000000000000000, 1.000000000000000000 ) ) ;
#3355 = DIRECTION ( 'NONE',  ( 0.000000000000000000, -0.000000000000000000, -1.000000000000000000 ) ) ;
#3356 = ADVANCED_FACE ( 'NONE', ( #4340 ), #4272, .T. ) ;
#3357 = CARTESIAN_POINT ( 'NONE',  ( -3305.199999999977990, 1839.750000000020236, 580.0000000000000000 ) ) ;
#3358 = ORIENTED_EDGE ( 'NONE', *, *, #833, .T. ) ;
#3359 = LINE ( 'NONE', #2287, #5040 ) ;
#3360 = AXIS2_PLACEMENT_3D ( 'NONE', #3583, #2264, #5289 ) ;
#3361 = CALENDAR_DATE ( 2026, 27, 5 ) ;
#3362 = DIRECTION ( 'NONE',  ( 0.000000000000000000, 0.000000000000000000, 1.000000000000000000 ) ) ;
#3363 = EDGE_CURVE ( 'NONE', #4440, #2909, #2045, .T. ) ;
#3364 = ORIENTED_EDGE ( 'NONE', *, *, #1594, .T. ) ;
#3365 = SECURITY_CLASSIFICATION_LEVEL ( 'unclassified' ) ;
#3366 = ORIENTED_EDGE ( 'NONE', *, *, #1066, .T. ) ;
#3367 = DIRECTION ( 'NONE',  ( 0.000000000000000000, 1.000000000000000000, 0.000000000000000000 ) ) ;
#3368 = VERTEX_POINT ( 'NONE', #3818 ) ;
#3369 = CARTESIAN_POINT ( 'NONE',  ( 0.000000000000000000, 0.000000000000000000, -1.500000000000000000 ) ) ;
#3370 = DIRECTION ( 'NONE',  ( 0.000000000000000000, -1.000000000000000000, 0.000000000000000000 ) ) ;
#3371 = CC_DESIGN_SECURITY_CLASSIFICATION ( #1251, ( #667 ) ) ;
#3372 = EDGE_LOOP ( 'NONE', ( #410, #1394, #5329, #1503 ) ) ;
#3373 = CIRCLE ( 'NONE', #2570, 8.000000000000007105 ) ;
#3374 = ORIENTED_EDGE ( 'NONE', *, *, #2065, .F. ) ;
#3375 = EDGE_CURVE ( 'NONE', #1090, #1088, #15, .T. ) ;
#3376 = DIRECTION ( 'NONE',  ( 0.000000000000000000, 0.000000000000000000, 1.000000000000000000 ) ) ;
#3377 = VERTEX_POINT ( 'NONE', #2785 ) ;
#3378 = CYLINDRICAL_SURFACE ( 'NONE', #3909, 8.000000000000007105 ) ;
#3379 = VERTEX_POINT ( 'NONE', #2539 ) ;
#3380 = CARTESIAN_POINT ( 'NONE',  ( 15.90000000000017089, -615.0000000000000000, 15.90000000000000036 ) ) ;
#3381 = CARTESIAN_POINT ( 'NONE',  ( 15.90000000000017089, 1123.500000000000000, 15.90000000000000036 ) ) ;
#3382 = DIRECTION ( 'NONE',  ( 0.000000000000000000, 1.000000000000000000, 0.000000000000000000 ) ) ;
#3383 = EDGE_CURVE ( 'NONE', #4230, #3590, #4621, .T. ) ;
#3384 = VECTOR ( 'NONE', #828, 1000.000000000000000 ) ;
#3385 = ORIENTED_EDGE ( 'NONE', *, *, #4830, .F. ) ;
#3386 = DIRECTION ( 'NONE',  ( 0.000000000000000000, 0.000000000000000000, 1.000000000000000000 ) ) ;
#3387 = ORIENTED_EDGE ( 'NONE', *, *, #4727, .F. ) ;
#3388 = APPROVAL_STATUS ( 'not_yet_approved' ) ;
#3389 = CARTESIAN_POINT ( 'NONE',  ( -3315.899999999977808, 1010.250000000019895, 596.0000000000000000 ) ) ;
#3390 = EDGE_LOOP ( 'NONE', ( #5463, #1960, #3033, #5230, #418 ) ) ;
#3391 = AXIS2_PLACEMENT_3D ( 'NONE', #3454, #1311, #4322 ) ;
#3392 = FACE_OUTER_BOUND ( 'NONE', #3278, .T. ) ;
#3393 = CARTESIAN_POINT ( 'NONE',  ( -3353.999999999976808, 85.00000000001949729, 54.99999999999990052 ) ) ;
#3394 = DIRECTION ( 'NONE',  ( 0.000000000000000000, 1.000000000000000000, 0.000000000000000000 ) ) ;
#3395 = ORIENTED_EDGE ( 'NONE', *, *, #466, .F. ) ;
#3396 = LINE ( 'NONE', #4914, #3326 ) ;
#3397 = AXIS2_PLACEMENT_3D ( 'NONE', #468, #3075, #3042 ) ;
#3398 = CARTESIAN_POINT ( 'NONE',  ( -3329.999999999977263, 610.2500000000200089, 596.7999999999999545 ) ) ;
#3399 = CARTESIAN_POINT ( 'NONE',  ( -28.00000000000001421, -184.9999999999999432, 53.00000000000000711 ) ) ;
#3400 = DIRECTION ( 'NONE',  ( 0.000000000000000000, -0.000000000000000000, -1.000000000000000000 ) ) ;
#3401 = ORIENTED_EDGE ( 'NONE', *, *, #4064, .T. ) ;
#3402 = DIRECTION ( 'NONE',  ( 1.000000000000000000, 0.000000000000000000, 0.000000000000000000 ) ) ;
#3403 = CARTESIAN_POINT ( 'NONE',  ( -3843.999999999977263, 15.00000000001984546, 502.0000000000000000 ) ) ;
#3404 = SECURITY_CLASSIFICATION ( '', '', #2457 ) ;
#3405 = CC_DESIGN_APPROVAL ( #3123, ( #3091 ) ) ;
#3406 = ORIENTED_EDGE ( 'NONE', *, *, #1652, .T. ) ;
#3407 = EDGE_CURVE ( 'NONE', #4583, #3182, #924, .T. ) ;
#3408 = LINE ( 'NONE', #3626, #2332 ) ;
#3409 = CARTESIAN_POINT ( 'NONE',  ( 15.90000000000017089, 585.0000000000000000, 20.90000000000000213 ) ) ;
#3410 = CARTESIAN_POINT ( 'NONE',  ( -3315.899999999977808, 1010.250000000019895, 601.0500000000001819 ) ) ;
#3411 = ADVANCED_FACE ( 'NONE', ( #1381 ), #4232, .T. ) ;
#3412 = ORIENTED_EDGE ( 'NONE', *, *, #2391, .T. ) ;
#3413 = CARTESIAN_POINT ( 'NONE',  ( -3329.999999999977717, 1410.250000000020009, 580.0000000000000000 ) ) ;
#3414 = EDGE_CURVE ( 'NONE', #4869, #1374, #5560, .T. ) ;
#3415 = ORIENTED_EDGE ( 'NONE', *, *, #3478, .T. ) ;
#3416 = CARTESIAN_POINT ( 'NONE',  ( 33.00000000000018474, -615.0000000000000000, 3.000000000000007105 ) ) ;
#3417 = ADVANCED_FACE ( 'NONE', ( #4891 ), #3002, .T. ) ;
#3418 = CARTESIAN_POINT ( 'NONE',  ( 33.00000000000018474, 185.0000000000001990, 3.000000000000007105 ) ) ;
#3419 = CIRCLE ( 'NONE', #2817, 15.00000000000000000 ) ;
#3420 = DIRECTION ( 'NONE',  ( -0.000000000000000000, -0.000000000000000000, -1.000000000000000000 ) ) ;
#3421 = ORIENTED_EDGE ( 'NONE', *, *, #3790, .T. ) ;
#3422 = DIRECTION ( 'NONE',  ( -0.000000000000000000, 1.000000000000000000, -0.000000000000000000 ) ) ;
#3423 = EDGE_CURVE ( 'NONE', #5137, #3465, #3263, .T. ) ;
#3424 = LINE ( 'NONE', #1481, #4571 ) ;
#3425 = AXIS2_PLACEMENT_3D ( 'NONE', #1653, #2970, #375 ) ;
#3426 = CIRCLE ( 'NONE', #5205, 5.000000000000000888 ) ;
#3427 = PERSON_AND_ORGANIZATION_ROLE ( 'classification_officer' ) ;
#3428 = DIRECTION ( 'NONE',  ( 0.000000000000000000, 0.000000000000000000, 1.000000000000000000 ) ) ;
#3429 = DATE_AND_TIME ( #109, #3347 ) ;
#3430 = ORIENTED_EDGE ( 'NONE', *, *, #3423, .F. ) ;
#3431 = LINE ( 'NONE', #4005, #2149 ) ;
#3432 = CARTESIAN_POINT ( 'NONE',  ( -3305.199999999977990, 639.7500000000200089, 580.0000000000000000 ) ) ;
#3433 = DIRECTION ( 'NONE',  ( -0.000000000000000000, -1.000000000000000000, -0.000000000000000000 ) ) ;
#3434 = CARTESIAN_POINT ( 'NONE',  ( -3313.199999999977990, 1410.250000000020009, 596.7999999999999545 ) ) ;
#3435 = DIRECTION ( 'NONE',  ( -1.000000000000000000, 0.000000000000000000, 0.000000000000000000 ) ) ;
#3436 = AXIS2_PLACEMENT_3D ( 'NONE', #3941, #83, #1363 ) ;
#3437 = EDGE_LOOP ( 'NONE', ( #1252, #620, #2550, #1786 ) ) ;
#3438 = VERTEX_POINT ( 'NONE', #2931 ) ;
#3439 = CARTESIAN_POINT ( 'NONE',  ( -3843.999999999977263, 1.984523656517467316E-11, 529.0000000000001137 ) ) ;
#3440 = CARTESIAN_POINT ( 'NONE',  ( -3299.999999999978172, 2350.000000000022283, 580.0000000000000000 ) ) ;
#3441 = VERTEX_POINT ( 'NONE', #3432 ) ;
#3442 = AXIS2_PLACEMENT_3D ( 'NONE', #4447, #4483, #2343 ) ;
#3443 = CARTESIAN_POINT ( 'NONE',  ( 33.00000000000018474, -615.0000000000000000, 3.000000000000007105 ) ) ;
#3444 = DIRECTION ( 'NONE',  ( 0.000000000000000000, -1.000000000000000000, 0.000000000000000000 ) ) ;
#3445 = ORIENTED_EDGE ( 'NONE', *, *, #1582, .T. ) ;
#3446 = ORIENTED_EDGE ( 'NONE', *, *, #3101, .T. ) ;
#3447 = ADVANCED_FACE ( 'NONE', ( #3467, #288 ), #5528, .F. ) ;
#3448 = CARTESIAN_POINT ( 'NONE',  ( 1.739349405246095880E-12, 2350.000000000020009, 0.000000000000000000 ) ) ;
#3449 = DIRECTION ( 'NONE',  ( -1.000000000000000000, 0.000000000000000000, 0.000000000000000000 ) ) ;
#3450 = EDGE_CURVE ( 'NONE', #3770, #1374, #2590, .T. ) ;
#3451 = FACE_OUTER_BOUND ( 'NONE', #2421, .T. ) ;
#3452 = ORIENTED_EDGE ( 'NONE', *, *, #4574, .F. ) ;
#3453 = ORIENTED_EDGE ( 'NONE', *, *, #5164, .T. ) ;
#3454 = CARTESIAN_POINT ( 'NONE',  ( -3843.999999999977263, 85.00000000001985256, 82.00000000000001421 ) ) ;
#3455 = ORIENTED_EDGE ( 'NONE', *, *, #1110, .F. ) ;
#3456 = EDGE_CURVE ( 'NONE', #5446, #99, #2183, .T. ) ;
#3457 = EDGE_CURVE ( 'NONE', #1090, #2420, #2799, .T. ) ;
#3458 = LINE ( 'NONE', #809, #4467 ) ;
#3459 = DIRECTION ( 'NONE',  ( 0.000000000000000000, 1.000000000000000000, -0.000000000000000000 ) ) ;
#3460 = DIRECTION ( 'NONE',  ( -0.000000000000000000, 1.000000000000000000, -0.000000000000000000 ) ) ;
#3461 = VERTEX_POINT ( 'NONE', #3345 ) ;
#3462 = CARTESIAN_POINT ( 'NONE',  ( 15.90000000000017089, -1125.000000000000000, 15.90000000000000036 ) ) ;
#3463 = VECTOR ( 'NONE', #1840, 1000.000000000000000 ) ;
#3464 = AXIS2_PLACEMENT_3D ( 'NONE', #58, #485, #4748 ) ;
#3465 = VERTEX_POINT ( 'NONE', #4676 ) ;
#3466 = DIRECTION ( 'NONE',  ( 0.000000000000000000, -1.000000000000000000, 0.000000000000000000 ) ) ;
#3467 = FACE_BOUND ( 'NONE', #3221, .T. ) ;
#3468 = DIRECTION ( 'NONE',  ( -0.000000000000000000, 1.000000000000000000, -0.000000000000000000 ) ) ;
#3469 = SHAPE_REPRESENTATION ( '高柜05柜体_高柜05柜体', ( #1102 ), #5065 ) ;
#3470 = AXIS2_PLACEMENT_3D ( 'NONE', #5340, #2418, #4432 ) ;
#3471 = FACE_OUTER_BOUND ( 'NONE', #4543, .T. ) ;
#3472 = PLANE ( 'NONE',  #91 ) ;
#3473 = ORIENTED_EDGE ( 'NONE', *, *, #4532, .F. ) ;
#3474 = VECTOR ( 'NONE', #2236, 1000.000000000000000 ) ;
#3475 = PLANE ( 'NONE',  #3974 ) ;
#3476 =( GEOMETRIC_REPRESENTATION_CONTEXT ( 3 ) GLOBAL_UNCERTAINTY_ASSIGNED_CONTEXT ( ( #4203 ) ) GLOBAL_UNIT_ASSIGNED_CONTEXT ( ( #4541, #4989, #2425 ) ) REPRESENTATION_CONTEXT ( 'NONE', 'WORKASPACE' ) );
#3477 = ORIENTED_EDGE ( 'NONE', *, *, #3736, .T. ) ;
#3478 = EDGE_CURVE ( 'NONE', #3004, #3049, #1047, .T. ) ;
#3479 = CIRCLE ( 'NONE', #5168, 5.050000000000220979 ) ;
#3480 = CARTESIAN_POINT ( 'NONE',  ( 33.00000000000018474, -615.0000000000000000, 3.000000000000007105 ) ) ;
#3481 = ORIENTED_EDGE ( 'NONE', *, *, #823, .T. ) ;
#3482 = LINE ( 'NONE', #120, #380 ) ;
#3483 = VECTOR ( 'NONE', #1260, 1000.000000000000000 ) ;
#3484 = EDGE_CURVE ( 'NONE', #4869, #2504, #2453, .T. ) ;
#3485 = DATE_AND_TIME ( #4912, #4641 ) ;
#3486 = DIRECTION ( 'NONE',  ( 0.000000000000000000, -1.000000000000000000, 0.000000000000000000 ) ) ;
#3487 = ORIENTED_EDGE ( 'NONE', *, *, #3450, .T. ) ;
#3488 = VECTOR ( 'NONE', #2017, 1000.000000000000000 ) ;
#3489 = LINE ( 'NONE', #4030, #1938 ) ;
#3490 = ADVANCED_FACE ( 'NONE', ( #1177, #4756 ), #4769, .T. ) ;
#3491 = PERSON_AND_ORGANIZATION ( #682, #186 ) ;
#3492 = CARTESIAN_POINT ( 'NONE',  ( -3299.999999999977263, -1.302661682226841118E-12, 580.0000000000000000 ) ) ;
#3493 = EDGE_CURVE ( 'NONE', #2678, #2575, #2179, .T. ) ;
#3494 = AXIS2_PLACEMENT_3D ( 'NONE', #1888, #4488, #2762 ) ;
#3495 = ORIENTED_EDGE ( 'NONE', *, *, #4503, .F. ) ;
#3496 = ORIENTED_EDGE ( 'NONE', *, *, #1825, .T. ) ;
#3497 = PLANE ( 'NONE',  #2517 ) ;
#3498 = COORDINATED_UNIVERSAL_TIME_OFFSET ( 8, 0, .AHEAD. ) ;
#3499 = ADVANCED_FACE ( 'NONE', ( #1172 ), #4270, .T. ) ;
#3500 = VERTEX_POINT ( 'NONE', #63 ) ;
#3501 = EDGE_CURVE ( 'NONE', #5302, #688, #2725, .T. ) ;
#3502 = ORIENTED_EDGE ( 'NONE', *, *, #1790, .T. ) ;
#3503 = AXIS2_PLACEMENT_3D ( 'NONE', #3960, #506, #3059 ) ;
#3504 = ORIENTED_EDGE ( 'NONE', *, *, #3696, .F. ) ;
#3505 = ORIENTED_EDGE ( 'NONE', *, *, #229, .T. ) ;
#3506 = DIRECTION ( 'NONE',  ( 0.000000000000000000, -1.000000000000000000, 0.000000000000000000 ) ) ;
#3507 = AXIS2_PLACEMENT_3D ( 'NONE', #4107, #1120, #3264 ) ;
#3508 = ORIENTED_EDGE ( 'NONE', *, *, #2946, .T. ) ;
#3509 = VECTOR ( 'NONE', #588, 1000.000000000000000 ) ;
#3510 = VERTEX_POINT ( 'NONE', #42 ) ;
#3511 = EDGE_CURVE ( 'NONE', #1943, #826, #2584, .T. ) ;
#3512 = DIRECTION ( 'NONE',  ( 1.000000000000000000, -0.000000000000000000, -0.000000000000000000 ) ) ;
#3513 = CARTESIAN_POINT ( 'NONE',  ( -3305.199999999977990, 639.7500000000200089, 580.0000000000000000 ) ) ;
#3514 = CIRCLE ( 'NONE', #2203, 7.999999999999785061 ) ;
#3515 = ORIENTED_EDGE ( 'NONE', *, *, #5398, .T. ) ;
#3516 = DIRECTION ( 'NONE',  ( -0.000000000000000000, -0.000000000000000000, -1.000000000000000000 ) ) ;
#3517 = PLANE ( 'NONE',  #3436 ) ;
#3518 = EDGE_CURVE ( 'NONE', #2994, #5067, #2865, .T. ) ;
#3519 = DIRECTION ( 'NONE',  ( 0.000000000000000000, -1.000000000000000000, 0.000000000000000000 ) ) ;
#3520 = EDGE_LOOP ( 'NONE', ( #4182, #2351, #4311, #673 ) ) ;
#3521 = CIRCLE ( 'NONE', #4992, 15.00000000000000000 ) ;
#3522 = ADVANCED_FACE ( 'NONE', ( #4885 ), #490, .T. ) ;
#3523 = EDGE_CURVE ( 'NONE', #1475, #2115, #3593, .T. ) ;
#3524 = DIRECTION ( 'NONE',  ( 0.000000000000000000, 1.000000000000000000, 0.000000000000000000 ) ) ;
#3525 = ORIENTED_EDGE ( 'NONE', *, *, #5321, .T. ) ;
#3526 = DIRECTION ( 'NONE',  ( 0.000000000000000000, 0.000000000000000000, -1.000000000000000000 ) ) ;
#3527 = CARTESIAN_POINT ( 'NONE',  ( -3321.999999999977717, 239.7500000000200657, 604.7999999999997272 ) ) ;
#3528 = ORIENTED_EDGE ( 'NONE', *, *, #466, .T. ) ;
#3529 = EDGE_CURVE ( 'NONE', #1296, #4267, #3191, .T. ) ;
#3530 = AXIS2_PLACEMENT_3D ( 'NONE', #462, #2176, #5200 ) ;
#3531 = CARTESIAN_POINT ( 'NONE',  ( -3313.199999999977990, 1010.250000000019895, 604.7999999999999545 ) ) ;
#3532 = EDGE_LOOP ( 'NONE', ( #760, #1514, #1656, #4663, #3364, #3366 ) ) ;
#3533 = CARTESIAN_POINT ( 'NONE',  ( 600.0000000000002274, -1125.000000000000000, 0.000000000000000000 ) ) ;
#3534 = CARTESIAN_POINT ( 'NONE',  ( 1.734723475976807094E-13, -1014.999999999999886, 3.000000000000003109 ) ) ;
#3535 = FACE_OUTER_BOUND ( 'NONE', #1906, .T. ) ;
#3536 = DIRECTION ( 'NONE',  ( 0.000000000000000000, -1.000000000000000000, 0.000000000000000000 ) ) ;
#3537 = EDGE_LOOP ( 'NONE', ( #4780, #221 ) ) ;
#3538 = CARTESIAN_POINT ( 'NONE',  ( 33.00000000000017764, -985.0000000000000000, 30.00000000000000000 ) ) ;
#3539 = EDGE_CURVE ( 'NONE', #2841, #423, #633, .T. ) ;
#3540 = LINE ( 'NONE', #2772, #305 ) ;
#3541 = CARTESIAN_POINT ( 'NONE',  ( -3869.999999999976808, 0.000000000000000000, 580.0000000000000000 ) ) ;
#3542 = VERTEX_POINT ( 'NONE', #8 ) ;
#3543 = CARTESIAN_POINT ( 'NONE',  ( -3305.199999999977990, 610.2500000000200089, 580.0000000000000000 ) ) ;
#3544 = VECTOR ( 'NONE', #1744, 1000.000000000000000 ) ;
#3545 = LINE ( 'NONE', #1983, #1931 ) ;
#3546 = DIRECTION ( 'NONE',  ( -0.000000000000000000, 1.000000000000000000, -0.000000000000000000 ) ) ;
#3547 = CARTESIAN_POINT ( 'NONE',  ( -3305.199999999977990, 1410.250000000020009, 596.7999999999999545 ) ) ;
#3548 = EDGE_CURVE ( 'NONE', #4767, #72, #3937, .T. ) ;
#3549 = ORIENTED_EDGE ( 'NONE', *, *, #318, .T. ) ;
#3550 = LINE ( 'NONE', #4196, #4712 ) ;
#3551 = CARTESIAN_POINT ( 'NONE',  ( -3321.999999999977717, 1410.250000000020009, 604.7999999999997272 ) ) ;
#3552 = PLANE ( 'NONE',  #1125 ) ;
#3553 = VECTOR ( 'NONE', #1209, 1000.000000000000000 ) ;
#3554 = CALENDAR_DATE ( 2026, 27, 5 ) ;
#3555 = DIRECTION ( 'NONE',  ( -0.000000000000000000, 1.000000000000000000, -0.000000000000000000 ) ) ;
#3556 = DIRECTION ( 'NONE',  ( -1.248475228922698363E-16, 0.000000000000000000, 1.000000000000000000 ) ) ;
#3557 = ORIENTED_EDGE ( 'NONE', *, *, #3919, .F. ) ;
#3558 = EDGE_CURVE ( 'NONE', #985, #5284, #3131, .T. ) ;
#3559 = VECTOR ( 'NONE', #1034, 1000.000000000000000 ) ;
#3560 = EDGE_CURVE ( 'NONE', #3069, #4790, #5218, .T. ) ;
#3561 = CARTESIAN_POINT ( 'NONE',  ( -3305.199999999977990, 239.7500000000200657, 596.7999999999999545 ) ) ;
#3562 = DIRECTION ( 'NONE',  ( 0.000000000000000000, -1.000000000000000000, 0.000000000000000000 ) ) ;
#3563 = ORIENTED_EDGE ( 'NONE', *, *, #1103, .T. ) ;
#3564 = VERTEX_POINT ( 'NONE', #1320 ) ;
#3565 = CARTESIAN_POINT ( 'NONE',  ( 15.90000000000017089, 1123.500000000000000, 15.90000000000000036 ) ) ;
#3566 = AXIS2_PLACEMENT_3D ( 'NONE', #3855, #2143, #5497 ) ;
#3567 = ORIENTED_EDGE ( 'NONE', *, *, #3518, .F. ) ;
#3568 = VECTOR ( 'NONE', #3003, 1000.000000000000000 ) ;
#3569 = VERTEX_POINT ( 'NONE', #3897 ) ;
#3570 = VERTEX_POINT ( 'NONE', #5220 ) ;
#3571 = VECTOR ( 'NONE', #2779, 1000.000000000000000 ) ;
#3572 = DIRECTION ( 'NONE',  ( 0.000000000000000000, -0.000000000000000000, 1.000000000000000000 ) ) ;
#3573 = CARTESIAN_POINT ( 'NONE',  ( 15.90000000000017089, 1123.500000000000000, 9.400000000000000355 ) ) ;
#3574 = AXIS2_PLACEMENT_3D ( 'NONE', #2769, #2373, #1508 ) ;
#3575 = CARTESIAN_POINT ( 'NONE',  ( 1.708382284810557841E-13, -1125.000000000000000, 30.00000000000000000 ) ) ;
#3576 = CYLINDRICAL_SURFACE ( 'NONE', #3081, 20.00000000000018474 ) ;
#3577 = CARTESIAN_POINT ( 'NONE',  ( -3299.999999999977263, -1.302661682226841118E-12, 0.000000000000000000 ) ) ;
#3578 = EDGE_LOOP ( 'NONE', ( #328, #2643, #4126, #1383 ) ) ;
#3579 = PLANE ( 'NONE',  #4286 ) ;
#3580 = VERTEX_POINT ( 'NONE', #1378 ) ;
#3581 = APPROVAL ( #1736, 'UNKNOWN' ) ;
#3582 = APPROVAL ( #2375, '未指定' ) ;
#3583 = CARTESIAN_POINT ( 'NONE',  ( -28.00000000000001421, 1015.000000000000114, 53.00000000000000711 ) ) ;
#3584 = EDGE_CURVE ( 'NONE', #2462, #5083, #1720, .T. ) ;
#3585 = CARTESIAN_POINT ( 'NONE',  ( 15.90000000000017089, -1123.500000000000000, 15.90000000000000036 ) ) ;
#3586 = ORIENTED_EDGE ( 'NONE', *, *, #3712, .F. ) ;
#3587 = CARTESIAN_POINT ( 'NONE',  ( 0.000000000000000000, 615.0000000000001137, 30.00000000000000000 ) ) ;
#3588 = LINE ( 'NONE', #4223, #561 ) ;
#3589 = DIRECTION ( 'NONE',  ( 0.000000000000000000, 0.000000000000000000, -1.000000000000000000 ) ) ;
#3590 = VERTEX_POINT ( 'NONE', #4902 ) ;
#3591 = CARTESIAN_POINT ( 'NONE',  ( 1.708382284810557841E-13, 1125.000000000000000, 15.00000000000000000 ) ) ;
#3592 = EDGE_CURVE ( 'NONE', #3040, #5430, #1444, .T. ) ;
#3593 = CIRCLE ( 'NONE', #2750, 15.00000000000000000 ) ;
#3594 = DIRECTION ( 'NONE',  ( 1.000000000000000000, 0.000000000000000000, -0.000000000000000000 ) ) ;
#3595 = VERTEX_POINT ( 'NONE', #1039 ) ;
#3596 = DIRECTION ( 'NONE',  ( 0.000000000000000000, 1.000000000000000000, 0.000000000000000000 ) ) ;
#3597 = VECTOR ( 'NONE', #2180, 1000.000000000000000 ) ;
#3598 = AXIS2_PLACEMENT_3D ( 'NONE', #4991, #2407, #694 ) ;
#3599 = CARTESIAN_POINT ( 'NONE',  ( 15.90000000000017089, 1015.000000000000114, 15.90000000000000036 ) ) ;
#3600 = LINE ( 'NONE', #4097, #1121 ) ;
#3601 = DIRECTION ( 'NONE',  ( 0.000000000000000000, -0.000000000000000000, 1.000000000000000000 ) ) ;
#3602 = VERTEX_POINT ( 'NONE', #3997 ) ;
#3603 = VECTOR ( 'NONE', #1191, 1000.000000000000000 ) ;
#3604 = CARTESIAN_POINT ( 'NONE',  ( 15.90000000000017089, -1014.999999999999886, 10.90000000000000036 ) ) ;
#3605 = DIRECTION ( 'NONE',  ( 0.000000000000000000, 0.000000000000000000, 1.000000000000000000 ) ) ;
#3606 = CARTESIAN_POINT ( 'NONE',  ( -3305.199999999977990, 1010.250000000019895, 580.0000000000000000 ) ) ;
#3607 = CARTESIAN_POINT ( 'NONE',  ( -3843.999999999977263, 85.00000000001985256, 502.0000000000000000 ) ) ;
#3608 = VERTEX_POINT ( 'NONE', #2316 ) ;
#3609 = FACE_OUTER_BOUND ( 'NONE', #741, .T. ) ;
#3610 = COORDINATED_UNIVERSAL_TIME_OFFSET ( 8, 0, .AHEAD. ) ;
#3611 = CARTESIAN_POINT ( 'NONE',  ( -3315.899999999977808, 239.7500000000200657, 596.0000000000000000 ) ) ;
#3612 = AXIS2_PLACEMENT_3D ( 'NONE', #1881, #173, #5297 ) ;
#3613 = ORIENTED_EDGE ( 'NONE', *, *, #2355, .F. ) ;
#3614 = LINE ( 'NONE', #2483, #5448 ) ;
#3615 = CARTESIAN_POINT ( 'NONE',  ( -3305.199999999977990, 1410.250000000020009, 580.0000000000000000 ) ) ;
#3616 = CIRCLE ( 'NONE', #203, 20.00000000000018474 ) ;
#3617 = PERSON_AND_ORGANIZATION ( #682, #186 ) ;
#3618 = DIRECTION ( 'NONE',  ( -0.000000000000000000, 1.000000000000000000, 0.000000000000000000 ) ) ;
#3619 = ORIENTED_EDGE ( 'NONE', *, *, #2337, .T. ) ;
#3620 = DIRECTION ( 'NONE',  ( 0.000000000000000000, -1.000000000000000000, 0.000000000000000000 ) ) ;
#3621 = CIRCLE ( 'NONE', #2404, 5.000000000000000888 ) ;
#3622 = EDGE_CURVE ( 'NONE', #1052, #3695, #4614, .T. ) ;
#3623 = APPROVAL_PERSON_ORGANIZATION ( #1813, #3582, #214 ) ;
#3624 = DIRECTION ( 'NONE',  ( 0.000000000000000000, 1.000000000000000000, 0.000000000000000000 ) ) ;
#3625 = VERTEX_POINT ( 'NONE', #95 ) ;
#3626 = CARTESIAN_POINT ( 'NONE',  ( -3313.199999999977990, 610.2500000000200089, 604.7999999999999545 ) ) ;
#3627 = VECTOR ( 'NONE', #722, 1000.000000000000000 ) ;
#3628 = DIRECTION ( 'NONE',  ( 0.000000000000000000, 0.000000000000000000, -1.000000000000000000 ) ) ;
#3629 = CARTESIAN_POINT ( 'NONE',  ( -3315.899999999977808, 210.2500000000200657, 596.0000000000000000 ) ) ;
#3630 = SHAPE_REPRESENTATION_RELATIONSHIP ( 'NONE' , 'NONE' ,  #3469, #3898 ) ;
#3631 = EDGE_CURVE ( 'NONE', #2664, #1761, #4947, .T. ) ;
#3632 = EDGE_CURVE ( 'NONE', #2763, #5360, #1309, .T. ) ;
#3633 = EDGE_LOOP ( 'NONE', ( #2624, #2108, #2556, #5472 ) ) ;
#3634 = ORIENTED_EDGE ( 'NONE', *, *, #350, .T. ) ;
#3635 = DIRECTION ( 'NONE',  ( -1.000000000000000000, 0.000000000000000000, -2.523234146875356491E-16 ) ) ;
#3636 = ADVANCED_FACE ( 'NONE', ( #4472 ), #1583, .T. ) ;
#3637 = DIRECTION ( 'NONE',  ( 0.000000000000000000, 0.000000000000000000, -1.000000000000000000 ) ) ;
#3638 = ORIENTED_EDGE ( 'NONE', *, *, #1574, .T. ) ;
#3639 = ORIENTED_EDGE ( 'NONE', *, *, #4057, .T. ) ;
#3640 = VERTEX_POINT ( 'NONE', #1811 ) ;
#3641 = CARTESIAN_POINT ( 'NONE',  ( -3321.999999999977717, 210.2500000000200657, 596.7999999999999545 ) ) ;
#3642 = VERTEX_POINT ( 'NONE', #3979 ) ;
#3643 = CIRCLE ( 'NONE', #5174, 8.000000000000007105 ) ;
#3644 = ORIENTED_EDGE ( 'NONE', *, *, #4764, .T. ) ;
#3645 = VERTEX_POINT ( 'NONE', #1451 ) ;
#3646 = CARTESIAN_POINT ( 'NONE',  ( -3353.999999999976808, 15.00000000001948131, 502.0000000000000000 ) ) ;
#3647 = CARTESIAN_POINT ( 'NONE',  ( 0.000000000000000000, 1904.999999999999545, 22.00000000000002132 ) ) ;
#3648 = CARTESIAN_POINT ( 'NONE',  ( -3353.999999999976808, 85.00000000001949729, 481.9999999999998295 ) ) ;
#3649 = MECHANICAL_CONTEXT ( 'NONE', #1954, 'mechanical' ) ;
#3650 = AXIS2_PLACEMENT_3D ( 'NONE', #260, #1145, #1599 ) ;
#3651 = CYLINDRICAL_SURFACE ( 'NONE', #584, 6.500000000000002665 ) ;
#3652 = ORIENTED_EDGE ( 'NONE', *, *, #2039, .T. ) ;
#3653 = EDGE_LOOP ( 'NONE', ( #773, #2442, #1662, #359, #4630, #3496, #3839, #1488 ) ) ;
#3654 = DIRECTION ( 'NONE',  ( 0.000000000000000000, -0.000000000000000000, 1.000000000000000000 ) ) ;
#3655 = CARTESIAN_POINT ( 'NONE',  ( 33.00000000000018474, 985.0000000000001137, 3.000000000000007105 ) ) ;
#3656 = DIRECTION ( 'NONE',  ( 0.000000000000000000, 0.000000000000000000, -1.000000000000000000 ) ) ;
#3657 = EDGE_LOOP ( 'NONE', ( #1301, #3473 ) ) ;
#3658 = CC_DESIGN_APPROVAL ( #1822, ( #1251 ) ) ;
#3659 = FACE_OUTER_BOUND ( 'NONE', #368, .T. ) ;
#3660 = EDGE_CURVE ( 'NONE', #5169, #2367, #3065, .T. ) ;
#3661 = DIRECTION ( 'NONE',  ( 0.000000000000000000, 1.000000000000000000, 0.000000000000000000 ) ) ;
#3662 = ORIENTED_EDGE ( 'NONE', *, *, #1699, .F. ) ;
#3663 = VECTOR ( 'NONE', #1665, 1000.000000000000000 ) ;
#3664 = DIRECTION ( 'NONE',  ( 0.000000000000000000, 1.000000000000000000, 0.000000000000000000 ) ) ;
#3665 = ORIENTED_EDGE ( 'NONE', *, *, #1110, .T. ) ;
#3666 = EDGE_CURVE ( 'NONE', #1192, #1666, #3321, .T. ) ;
#3667 = CARTESIAN_POINT ( 'NONE',  ( 15.90000000000017089, -1125.000000000000000, 15.90000000000000036 ) ) ;
#3668 = PERSON_AND_ORGANIZATION_ROLE ( 'design_supplier' ) ;
#3669 = FACE_OUTER_BOUND ( 'NONE', #5318, .T. ) ;
#3670 = PLANE ( 'NONE',  #144 ) ;
#3671 = ORIENTED_EDGE ( 'NONE', *, *, #5151, .T. ) ;
#3672 = VECTOR ( 'NONE', #5405, 1000.000000000000000 ) ;
#3673 = PLANE ( 'NONE',  #18 ) ;
#3674 = ORIENTED_EDGE ( 'NONE', *, *, #4025, .F. ) ;
#3675 = FACE_BOUND ( 'NONE', #5094, .T. ) ;
#3676 = AXIS2_PLACEMENT_3D ( 'NONE', #1227, #1584, #3753 ) ;
#3677 = VERTEX_POINT ( 'NONE', #601 ) ;
#3678 = FACE_OUTER_BOUND ( 'NONE', #2415, .T. ) ;
#3679 = CARTESIAN_POINT ( 'NONE',  ( -33.00000000000001421, 585.0000000000001137, 2.999999999999998668 ) ) ;
#3680 = LINE ( 'NONE', #3234, #2680 ) ;
#3681 = DATE_AND_TIME ( #4024, #2883 ) ;
#3682 = DATE_TIME_ROLE ( 'classification_date' ) ;
#3683 = ORIENTED_EDGE ( 'NONE', *, *, #487, .F. ) ;
#3684 = LINE ( 'NONE', #3024, #2544 ) ;
#3685 = CYLINDRICAL_SURFACE ( 'NONE', #427, 27.00000000000013500 ) ;
#3686 = DIRECTION ( 'NONE',  ( 1.000000000000000000, 0.000000000000000000, 0.000000000000000000 ) ) ;
#3687 = CC_DESIGN_SECURITY_CLASSIFICATION ( #3091, ( #1922 ) ) ;
#3688 = APPROVAL_DATE_TIME ( #2412, #3123 ) ;
#3689 = ADVANCED_FACE ( 'NONE', ( #4195 ), #970, .F. ) ;
#3690 = EDGE_CURVE ( 'NONE', #3078, #3640, #5348, .T. ) ;
#3691 = CARTESIAN_POINT ( 'NONE',  ( 15.90000000000017089, -1125.000000000000000, 20.90000000000000213 ) ) ;
#3692 = VERTEX_POINT ( 'NONE', #3604 ) ;
#3693 = CARTESIAN_POINT ( 'NONE',  ( 1.708382284810557841E-13, -984.9999999999998863, 30.00000000000000000 ) ) ;
#3694 = ORIENTED_EDGE ( 'NONE', *, *, #3170, .T. ) ;
#3695 = VERTEX_POINT ( 'NONE', #4847 ) ;
#3696 = EDGE_CURVE ( 'NONE', #4945, #557, #918, .T. ) ;
#3697 = DIRECTION ( 'NONE',  ( 0.000000000000000000, 1.000000000000000000, -0.000000000000000000 ) ) ;
#3698 = PLANE ( 'NONE',  #5090 ) ;
#3699 = EDGE_LOOP ( 'NONE', ( #2972, #3106 ) ) ;
#3700 = ORIENTED_EDGE ( 'NONE', *, *, #5107, .T. ) ;
#3701 = DIRECTION ( 'NONE',  ( 1.000000000000000000, 0.000000000000000000, 0.000000000000000000 ) ) ;
#3702 = FACE_OUTER_BOUND ( 'NONE', #4048, .T. ) ;
#3703 = ORIENTED_EDGE ( 'NONE', *, *, #1066, .F. ) ;
#3704 = CARTESIAN_POINT ( 'NONE',  ( -3305.199999999977990, 1810.250000000020009, 596.7999999999999545 ) ) ;
#3705 = EDGE_CURVE ( 'NONE', #4105, #2909, #565, .T. ) ;
#3706 = AXIS2_PLACEMENT_3D ( 'NONE', #5054, #4643, #3348 ) ;
#3707 = CARTESIAN_POINT ( 'NONE',  ( -3353.999999999976808, 15.00000000001948308, 522.0000000000001137 ) ) ;
#3708 = ORIENTED_EDGE ( 'NONE', *, *, #4434, .T. ) ;
#3709 = LINE ( 'NONE', #1610, #2566 ) ;
#3710 = CARTESIAN_POINT ( 'NONE',  ( 33.00000000000017764, 0.000000000000000000, 30.00000000000000000 ) ) ;
#3711 = DIRECTION ( 'NONE',  ( 0.000000000000000000, 0.000000000000000000, 1.000000000000000000 ) ) ;
#3712 = EDGE_CURVE ( 'NONE', #4564, #5280, #979, .T. ) ;
#3713 = FACE_OUTER_BOUND ( 'NONE', #2485, .T. ) ;
#3714 = VERTEX_POINT ( 'NONE', #137 ) ;
#3715 = AXIS2_PLACEMENT_3D ( 'NONE', #5239, #2697, #96 ) ;
#3716 = DIRECTION ( 'NONE',  ( 0.000000000000000000, -0.000000000000000000, 1.000000000000000000 ) ) ;
#3717 = CARTESIAN_POINT ( 'NONE',  ( -3305.199999999977990, 1810.250000000020009, 580.0000000000000000 ) ) ;
#3718 = EDGE_LOOP ( 'NONE', ( #4857, #2630 ) ) ;
#3719 = DIRECTION ( 'NONE',  ( 0.000000000000000000, -0.000000000000000000, -1.000000000000000000 ) ) ;
#3720 = ORIENTED_EDGE ( 'NONE', *, *, #1859, .T. ) ;
#3721 = DIRECTION ( 'NONE',  ( 0.000000000000000000, 1.000000000000000000, 0.000000000000000000 ) ) ;
#3722 = CIRCLE ( 'NONE', #3676, 27.00000000000013500 ) ;
#3723 =( NAMED_UNIT ( * ) SI_UNIT ( $, .STERADIAN. ) SOLID_ANGLE_UNIT ( ) );
#3724 = ADVANCED_FACE ( 'NONE', ( #4066, #146 ), #3143, .F. ) ;
#3725 = ORIENTED_EDGE ( 'NONE', *, *, #4434, .F. ) ;
#3726 = DIRECTION ( 'NONE',  ( -2.523234146875356491E-16, 0.000000000000000000, 1.000000000000000000 ) ) ;
#3727 = VECTOR ( 'NONE', #1776, 1000.000000000000000 ) ;
#3728 = CARTESIAN_POINT ( 'NONE',  ( 1.708382284810557841E-13, 1125.000000000000000, 30.00000000000000000 ) ) ;
#3729 = ORIENTED_EDGE ( 'NONE', *, *, #1077, .T. ) ;
#3730 = EDGE_CURVE ( 'NONE', #5594, #1634, #5013, .T. ) ;
#3731 = VECTOR ( 'NONE', #5500, 1000.000000000000000 ) ;
#3732 = DIRECTION ( 'NONE',  ( -1.000000000000000000, 0.000000000000000000, -0.000000000000000000 ) ) ;
#3733 = ORIENTED_EDGE ( 'NONE', *, *, #526, .F. ) ;
#3734 = VECTOR ( 'NONE', #139, 1000.000000000000000 ) ;
#3735 = CARTESIAN_POINT ( 'NONE',  ( -3843.999999999977263, 85.00000000001985256, 82.00000000000001421 ) ) ;
#3736 = EDGE_CURVE ( 'NONE', #5069, #5452, #495, .T. ) ;
#3737 = APPLICATION_CONTEXT ( 'configuration controlled 3d designs of mechanical parts and assemblies' ) ;
#3738 = VERTEX_POINT ( 'NONE', #2388 ) ;
#3739 = LINE ( 'NONE', #1321, #3953 ) ;
#3740 = CARTESIAN_POINT ( 'NONE',  ( 15.00000000000016875, 0.000000000000000000, 15.00000000000000000 ) ) ;
#3741 = CARTESIAN_POINT ( 'NONE',  ( -6.450000000000001066, 7.898971854500429678E-16, -1.500000000000000000 ) ) ;
#3742 = ORIENTED_EDGE ( 'NONE', *, *, #4206, .F. ) ;
#3743 = AXIS2_PLACEMENT_3D ( 'NONE', #2353, #1539, #4130 ) ;
#3744 = FACE_OUTER_BOUND ( 'NONE', #5011, .T. ) ;
#3745 = ITEM_DEFINED_TRANSFORMATION ( 'NONE', 'NONE', #2282,  #1102 ) ;
#3746 = EDGE_LOOP ( 'NONE', ( #5376, #4164, #145, #3586 ) ) ;
#3747 = CARTESIAN_POINT ( 'NONE',  ( -3329.999999999977717, 239.7500000000200657, 580.0000000000000000 ) ) ;
#3749 = ADVANCED_FACE ( 'NONE', ( #5485, #2933 ), #1112, .F. ) ;
#3748 = VECTOR ( 'NONE', #4965, 1000.000000000000000 ) ;
#3750 = CARTESIAN_POINT ( 'NONE',  ( 15.90000000000017089, -1014.999999999999886, 15.90000000000000036 ) ) ;
#3751 = CYLINDRICAL_SURFACE ( 'NONE', #2448, 20.00000000000018474 ) ;
#3752 = LOCAL_TIME ( 10, 4, 45.00000000000000000, #4499 ) ;
#3753 = DIRECTION ( 'NONE',  ( 0.000000000000000000, 0.000000000000000000, -1.000000000000000000 ) ) ;
#3754 = VERTEX_POINT ( 'NONE', #209 ) ;
#3755 = CARTESIAN_POINT ( 'NONE',  ( 15.90000000000017089, -1125.000000000000000, 15.90000000000000036 ) ) ;
#3756 = CYLINDRICAL_SURFACE ( 'NONE', #4072, 5.000000000000000888 ) ;
#3757 = APPROVAL_ROLE ( '' ) ;
#3758 = PERSON_AND_ORGANIZATION ( #682, #186 ) ;
#3759 = VERTEX_POINT ( 'NONE', #5345 ) ;
#3760 = VECTOR ( 'NONE', #165, 1000.000000000000114 ) ;
#3761 = APPROVAL ( #4152, '未指定' ) ;
#3762 = EDGE_CURVE ( 'NONE', #5083, #2935, #1782, .T. ) ;
#3763 = SHAPE_REPRESENTATION_RELATIONSHIP ( 'NONE' , 'NONE' ,  #4986, #1487 ) ;
#3764 = VERTEX_POINT ( 'NONE', #1435 ) ;
#3765 = CYLINDRICAL_SURFACE ( 'NONE', #5573, 27.00000000000013500 ) ;
#3766 = VERTEX_POINT ( 'NONE', #5363 ) ;
#3767 = CARTESIAN_POINT ( 'NONE',  ( 1.708382284810557841E-13, 1015.000000000000114, 30.00000000000000000 ) ) ;
#3768 = CARTESIAN_POINT ( 'NONE',  ( 15.90000000000017089, 215.0000000000003126, 20.90000000000000213 ) ) ;
#3769 = EDGE_CURVE ( 'NONE', #5119, #1647, #2656, .T. ) ;
#3770 = VERTEX_POINT ( 'NONE', #4478 ) ;
#3771 = VECTOR ( 'NONE', #4544, 1000.000000000000000 ) ;
#3772 = ADVANCED_FACE ( 'NONE', ( #5419 ), #3794, .T. ) ;
#3773 = ORIENTED_EDGE ( 'NONE', *, *, #635, .F. ) ;
#3774 =( REPRESENTATION_RELATIONSHIP ('NONE','NONE', #5039, #4986 ) REPRESENTATION_RELATIONSHIP_WITH_TRANSFORMATION ( #3745 )SHAPE_REPRESENTATION_RELATIONSHIP( ) );
#3775 = DIRECTION ( 'NONE',  ( 0.000000000000000000, 0.000000000000000000, 1.000000000000000000 ) ) ;
#3776 = LINE ( 'NONE', #3710, #5545 ) ;
#3777 = PRODUCT ( '高柜01定位销_高柜01定位销', '高柜01定位销_高柜01定位销', '', ( #4558 ) ) ;
#3778 = ORIENTED_EDGE ( 'NONE', *, *, #2452, .T. ) ;
#3779 = ORIENTED_EDGE ( 'NONE', *, *, #2231, .T. ) ;
#3780 = EDGE_CURVE ( 'NONE', #273, #5035, #846, .T. ) ;
#3781 = ADVANCED_FACE ( 'NONE', ( #428 ), #4496, .T. ) ;
#3782 = AXIS2_PLACEMENT_3D ( 'NONE', #1079, #5332, #1027 ) ;
#3783 = ORIENTED_EDGE ( 'NONE', *, *, #5076, .F. ) ;
#3784 = DIRECTION ( 'NONE',  ( 0.000000000000000000, 0.000000000000000000, 1.000000000000000000 ) ) ;
#3785 = CARTESIAN_POINT ( 'NONE',  ( 0.000000000000000000, 0.000000000000000000, 0.000000000000000000 ) ) ;
#3786 = FACE_OUTER_BOUND ( 'NONE', #181, .T. ) ;
#3787 = CARTESIAN_POINT ( 'NONE',  ( 0.000000000000000000, 0.000000000000000000, -1.500000000000000000 ) ) ;
#3788 = ORIENTED_EDGE ( 'NONE', *, *, #5186, .F. ) ;
#3789 = ORIENTED_EDGE ( 'NONE', *, *, #2104, .T. ) ;
#3790 = EDGE_CURVE ( 'NONE', #2874, #3069, #3864, .T. ) ;
#3791 = AXIS2_PLACEMENT_3D ( 'NONE', #4952, #284, #785 ) ;
#3792 = ORIENTED_EDGE ( 'NONE', *, *, #52, .F. ) ;
#3793 = UNCERTAINTY_MEASURE_WITH_UNIT (LENGTH_MEASURE( 1.000000000000000082E-05 ), #3243, 'distance_accuracy_value', 'NONE');
#3794 = CYLINDRICAL_SURFACE ( 'NONE', #925, 15.00000000000000000 ) ;
#3795 = VERTEX_POINT ( 'NONE', #1913 ) ;
#3796 = APPROVAL_STATUS ( 'not_yet_approved' ) ;
#3797 = AXIS2_PLACEMENT_3D ( 'NONE', #3611, #2281, #1423 ) ;
#3798 = CYLINDRICAL_SURFACE ( 'NONE', #988, 20.00000000000012790 ) ;
#3799 = EDGE_CURVE ( 'NONE', #2929, #285, #4132, .T. ) ;
#3800 = DIRECTION ( 'NONE',  ( -0.000000000000000000, 1.000000000000000000, -0.000000000000000000 ) ) ;
#3801 = ORIENTED_EDGE ( 'NONE', *, *, #1212, .T. ) ;
#3802 = ORIENTED_EDGE ( 'NONE', *, *, #4285, .F. ) ;
#3803 = EDGE_CURVE ( 'NONE', #978, #1678, #1843, .T. ) ;
#3804 = CARTESIAN_POINT ( 'NONE',  ( 1.700029006457270953E-13, -585.0000000000000000, 15.00000000000000000 ) ) ;
#3805 = FACE_BOUND ( 'NONE', #2860, .T. ) ;
#3806 = CARTESIAN_POINT ( 'NONE',  ( 1.700029006457270953E-13, -985.0000000000000000, 15.00000000000000000 ) ) ;
#3807 = CARTESIAN_POINT ( 'NONE',  ( -3869.999999999976808, 0.000000000000000000, 580.0000000000000000 ) ) ;
#3808 = ORIENTED_EDGE ( 'NONE', *, *, #2397, .T. ) ;
#3809 = CARTESIAN_POINT ( 'NONE',  ( 1.708382284810557841E-13, -1125.000000000000000, 30.00000000000000000 ) ) ;
#3810 = DIRECTION ( 'NONE',  ( 0.000000000000000000, 0.000000000000000000, 1.000000000000000000 ) ) ;
#3811 = FACE_OUTER_BOUND ( 'NONE', #2789, .T. ) ;
#3812 = EDGE_CURVE ( 'NONE', #1162, #910, #282, .T. ) ;
#3813 = AXIS2_PLACEMENT_3D ( 'NONE', #529, #4016, #1399 ) ;
#3814 = PERSON_AND_ORGANIZATION_ROLE ( 'design_supplier' ) ;
#3815 = EDGE_LOOP ( 'NONE', ( #2386, #2253 ) ) ;
#3816 = FACE_BOUND ( 'NONE', #1625, .T. ) ;
#3817 = CIRCLE ( 'NONE', #4915, 15.00000000000000000 ) ;
#3818 = CARTESIAN_POINT ( 'NONE',  ( 33.00000000000018474, 615.0000000000001137, 3.000000000000007105 ) ) ;
#3819 = DIRECTION ( 'NONE',  ( 0.000000000000000000, 1.000000000000000000, 0.000000000000000000 ) ) ;
#3820 = DIRECTION ( 'NONE',  ( -1.000000000000000000, 0.000000000000000000, 0.000000000000000000 ) ) ;
#3821 = AXIS2_PLACEMENT_3D ( 'NONE', #2710, #1016, #4913 ) ;
#3822 = CARTESIAN_POINT ( 'NONE',  ( -3869.999999999976808, 0.000000000000000000, 22.00000000000002132 ) ) ;
#3823 = ORIENTED_EDGE ( 'NONE', *, *, #2946, .F. ) ;
#3824 = CIRCLE ( 'NONE', #1639, 20.00000000000018474 ) ;
#3825 = LINE ( 'NONE', #2928, #4775 ) ;
#3826 = LOCAL_TIME ( 10, 4, 45.00000000000000000, #1072 ) ;
#3827 = CARTESIAN_POINT ( 'NONE',  ( -3353.999999999976808, 15.00000000001948131, 529.0000000000001137 ) ) ;
#3828 = DIRECTION ( 'NONE',  ( 0.000000000000000000, 0.000000000000000000, 1.000000000000000000 ) ) ;
#3829 = EDGE_LOOP ( 'NONE', ( #3064, #821, #5109, #2840 ) ) ;
#3830 = EDGE_LOOP ( 'NONE', ( #138, #3808, #2131, #2833 ) ) ;
#3831 = ADVANCED_FACE ( 'NONE', ( #1511 ), #1971, .T. ) ;
#3832 = AXIS2_PLACEMENT_3D ( 'NONE', #4390, #102, #928 ) ;
#3833 = DIRECTION ( 'NONE',  ( -2.523234146875355998E-16, 0.000000000000000000, 1.000000000000000000 ) ) ;
#3834 = ORIENTED_EDGE ( 'NONE', *, *, #2733, .T. ) ;
#3835 = EDGE_LOOP ( 'NONE', ( #4462, #4987, #1889, #4210, #4020 ) ) ;
#3836 = DIRECTION ( 'NONE',  ( 0.000000000000000000, 0.000000000000000000, 1.000000000000000000 ) ) ;
#3837 = CARTESIAN_POINT ( 'NONE',  ( 33.00000000000018474, 985.0000000000001137, 3.000000000000007105 ) ) ;
#3838 = CARTESIAN_POINT ( 'NONE',  ( 15.90000000000017089, -1125.000000000000000, 20.90000000000000213 ) ) ;
#3839 = ORIENTED_EDGE ( 'NONE', *, *, #3037, .F. ) ;
#3840 = VECTOR ( 'NONE', #2300, 1000.000000000000000 ) ;
#3841 = CARTESIAN_POINT ( 'NONE',  ( -3843.999999999977263, 100.0000000000198526, 109.0000000000001279 ) ) ;
#3842 = ORIENTED_EDGE ( 'NONE', *, *, #544, .F. ) ;
#3843 = EDGE_CURVE ( 'NONE', #2935, #4587, #4008, .T. ) ;
#3844 = CARTESIAN_POINT ( 'NONE',  ( -3843.999999999977263, 15.00000000001984546, 82.00000000000001421 ) ) ;
#3845 = VERTEX_POINT ( 'NONE', #3306 ) ;
#3846 = FACE_OUTER_BOUND ( 'NONE', #3746, .T. ) ;
#3847 = VERTEX_POINT ( 'NONE', #4615 ) ;
#3848 = DIRECTION ( 'NONE',  ( 1.000000000000000000, 0.000000000000000000, 0.000000000000000000 ) ) ;
#3849 = AXIS2_PLACEMENT_3D ( 'NONE', #2116, #53, #3848 ) ;
#3850 = FACE_BOUND ( 'NONE', #3105, .T. ) ;
#3851 = DIRECTION ( 'NONE',  ( 0.000000000000000000, 1.000000000000000000, 0.000000000000000000 ) ) ;
#3852 = ORIENTED_EDGE ( 'NONE', *, *, #2702, .F. ) ;
#3853 = PLANE ( 'NONE',  #4984 ) ;
#3854 = ORIENTED_EDGE ( 'NONE', *, *, #2046, .F. ) ;
#3855 = CARTESIAN_POINT ( 'NONE',  ( -3843.999999999977263, 1.984523656517467316E-11, 502.0000000000000000 ) ) ;
#3856 = EDGE_LOOP ( 'NONE', ( #3703, #2782, #3950, #1327 ) ) ;
#3857 = AXIS2_PLACEMENT_3D ( 'NONE', #5400, #240, #4061 ) ;
#3858 = DIRECTION ( 'NONE',  ( 0.000000000000000000, 1.000000000000000000, 0.000000000000000000 ) ) ;
#3859 = CARTESIAN_POINT ( 'NONE',  ( 15.90000000000017089, 615.0000000000002274, 15.90000000000000036 ) ) ;
#3860 = LINE ( 'NONE', #873, #2861 ) ;
#3861 = CARTESIAN_POINT ( 'NONE',  ( -28.00000000000001421, -985.0000000000000000, 53.00000000000000711 ) ) ;
#3862 = DIRECTION ( 'NONE',  ( 0.000000000000000000, -1.000000000000000000, 0.000000000000000000 ) ) ;
#3863 = ORIENTED_EDGE ( 'NONE', *, *, #2952, .F. ) ;
#3864 = LINE ( 'NONE', #3194, #2998 ) ;
#3865 = CARTESIAN_POINT ( 'NONE',  ( -3843.999999999977263, 85.00000000001985256, 82.00000000000001421 ) ) ;
#3866 = ADVANCED_FACE ( 'NONE', ( #5556 ), #4631, .T. ) ;
#3867 = VERTEX_POINT ( 'NONE', #728 ) ;
#3868 = LINE ( 'NONE', #951, #4411 ) ;
#3869 = DIRECTION ( 'NONE',  ( -0.000000000000000000, 1.000000000000000000, -0.000000000000000000 ) ) ;
#3870 = APPROVAL_ROLE ( '' ) ;
#3871 = CC_DESIGN_DATE_AND_TIME_ASSIGNMENT ( #2608, #4342, ( #1570 ) ) ;
#3872 = DIRECTION ( 'NONE',  ( 1.000000000000000000, -0.000000000000000000, -0.000000000000000000 ) ) ;
#3873 = CC_DESIGN_PERSON_AND_ORGANIZATION_ASSIGNMENT ( #1944, #5408, ( #409 ) ) ;
#3874 = VERTEX_POINT ( 'NONE', #1986 ) ;
#3875 = EDGE_CURVE ( 'NONE', #1527, #4761, #4332, .T. ) ;
#3876 = FACE_OUTER_BOUND ( 'NONE', #4243, .T. ) ;
#3877 = DIRECTION ( 'NONE',  ( -0.000000000000000000, -1.000000000000000000, -0.000000000000000000 ) ) ;
#3878 = DIRECTION ( 'NONE',  ( 0.000000000000000000, 0.000000000000000000, -1.000000000000000000 ) ) ;
#3879 = ORIENTED_EDGE ( 'NONE', *, *, #1830, .T. ) ;
#3880 = CIRCLE ( 'NONE', #2787, 6.500000000000000888 ) ;
#3881 = EDGE_CURVE ( 'NONE', #4479, #5005, #2444, .T. ) ;
#3882 = ORIENTED_EDGE ( 'NONE', *, *, #350, .F. ) ;
#3883 = DIRECTION ( 'NONE',  ( 0.000000000000000000, 0.000000000000000000, -1.000000000000000000 ) ) ;
#3884 = LINE ( 'NONE', #2811, #2532 ) ;
#3885 = CALENDAR_DATE ( 2026, 27, 5 ) ;
#3886 = CARTESIAN_POINT ( 'NONE',  ( -3315.899999999977808, 2210.250000000020009, 596.0000000000000000 ) ) ;
#3887 = ORIENTED_EDGE ( 'NONE', *, *, #3484, .T. ) ;
#3888 = FACE_OUTER_BOUND ( 'NONE', #1965, .T. ) ;
#3889 = AXIS2_PLACEMENT_3D ( 'NONE', #777, #4237, #1631 ) ;
#3890 = LINE ( 'NONE', #2024, #592 ) ;
#3891 = CARTESIAN_POINT ( 'NONE',  ( -3313.199999999977990, 1839.750000000020236, 604.7999999999999545 ) ) ;
#3892 = DATE_AND_TIME ( #172, #5042 ) ;
#3893 = ADVANCED_FACE ( 'NONE', ( #2241 ), #2880, .T. ) ;
#3894 = ORIENTED_EDGE ( 'NONE', *, *, #4975, .F. ) ;
#3895 = DESIGN_CONTEXT ( 'detailed design', #1626, 'design' ) ;
#3896 = VECTOR ( 'NONE', #1049, 1000.000000000000000 ) ;
#3897 = CARTESIAN_POINT ( 'NONE',  ( -3843.999999999977263, 85.00000000001985256, 474.9999999999998863 ) ) ;
#3898 = ADVANCED_BREP_SHAPE_REPRESENTATION ( '', ( #192, #1102 ), #5065 ) ;
#3899 = EDGE_CURVE ( 'NONE', #1642, #5446, #2511, .T. ) ;
#3900 = DATE_AND_TIME ( #5047, #319 ) ;
#3901 = DIRECTION ( 'NONE',  ( -0.000000000000000000, -1.000000000000000000, -0.000000000000000000 ) ) ;
#3902 = AXIS2_PLACEMENT_3D ( 'NONE', #3115, #4402, #1826 ) ;
#3903 = ORIENTED_EDGE ( 'NONE', *, *, #2032, .T. ) ;
#3904 = CIRCLE ( 'NONE', #2778, 20.00000000000018474 ) ;
#3905 = CARTESIAN_POINT ( 'NONE',  ( -3353.999999999976808, 15.00000000001948131, 109.0000000000001279 ) ) ;
#3906 = ORIENTED_EDGE ( 'NONE', *, *, #3780, .T. ) ;
#3907 = VECTOR ( 'NONE', #2339, 1000.000000000000000 ) ;
#3908 = ORIENTED_EDGE ( 'NONE', *, *, #2081, .T. ) ;
#3909 = AXIS2_PLACEMENT_3D ( 'NONE', #1442, #124, #1458 ) ;
#3910 = DIRECTION ( 'NONE',  ( -0.000000000000000000, -0.000000000000000000, -1.000000000000000000 ) ) ;
#3911 = CARTESIAN_POINT ( 'NONE',  ( 15.00000000000016875, 215.0000000000001990, 15.00000000000000000 ) ) ;
#3912 = CARTESIAN_POINT ( 'NONE',  ( -3305.199999999977990, 1810.250000000020009, 580.0000000000000000 ) ) ;
#3913 = VERTEX_POINT ( 'NONE', #4187 ) ;
#3914 = CIRCLE ( 'NONE', #4378, 7.999999999999785061 ) ;
#3915 = ORIENTED_EDGE ( 'NONE', *, *, #2803, .F. ) ;
#3916 = DIRECTION ( 'NONE',  ( 0.000000000000000000, 0.000000000000000000, -1.000000000000000000 ) ) ;
#3917 = CARTESIAN_POINT ( 'NONE',  ( 15.90000000000017089, 1125.000000000000000, 15.90000000000000036 ) ) ;
#3918 = ADVANCED_FACE ( 'NONE', ( #1377, #5480 ), #4577, .F. ) ;
#3919 = EDGE_CURVE ( 'NONE', #2935, #2057, #1168, .T. ) ;
#3920 = LINE ( 'NONE', #2858, #480 ) ;
#3921 = EDGE_LOOP ( 'NONE', ( #2917, #3694, #1379, #3330 ) ) ;
#3922 = DIRECTION ( 'NONE',  ( 0.000000000000000000, 0.000000000000000000, -1.000000000000000000 ) ) ;
#3923 = ORIENTED_EDGE ( 'NONE', *, *, #2626, .F. ) ;
#3924 = EDGE_LOOP ( 'NONE', ( #5265, #578, #1823, #5555, #441, #1608 ) ) ;
#3925 = VECTOR ( 'NONE', #1348, 1000.000000000000000 ) ;
#3926 = DIRECTION ( 'NONE',  ( 0.000000000000000000, -1.000000000000000000, 0.000000000000000000 ) ) ;
#3927 = ADVANCED_FACE ( 'NONE', ( #840, #2382 ), #2866, .F. ) ;
#3928 = DIRECTION ( 'NONE',  ( 0.000000000000000000, 1.000000000000000000, -0.000000000000000000 ) ) ;
#3929 = ORIENTED_EDGE ( 'NONE', *, *, #4379, .F. ) ;
#3930 = EDGE_CURVE ( 'NONE', #5410, #3569, #3722, .T. ) ;
#3931 = EDGE_CURVE ( 'NONE', #5383, #2567, #4003, .T. ) ;
#3932 = EDGE_LOOP ( 'NONE', ( #1185, #4131, #2027, #2301 ) ) ;
#3933 = CARTESIAN_POINT ( 'NONE',  ( -3843.999999999977263, 85.00000000001985256, 502.0000000000000000 ) ) ;
#3934 = CARTESIAN_POINT ( 'NONE',  ( -3321.999999999977717, 2239.750000000020009, 604.7999999999997272 ) ) ;
#3935 = ORIENTED_EDGE ( 'NONE', *, *, #4565, .F. ) ;
#3936 = CARTESIAN_POINT ( 'NONE',  ( -28.00000000000001421, 215.0000000000001990, 53.00000000000000711 ) ) ;
#3937 = LINE ( 'NONE', #3448, #3727 ) ;
#3938 = AXIS2_PLACEMENT_3D ( 'NONE', #2123, #1205, #2996 ) ;
#3939 = CARTESIAN_POINT ( 'NONE',  ( 15.90000000000017089, 585.0000000000000000, 15.90000000000000036 ) ) ;
#3940 = ORIENTED_EDGE ( 'NONE', *, *, #4102, .T. ) ;
#3941 = CARTESIAN_POINT ( 'NONE',  ( -3313.199999999977990, 2239.750000000020009, 596.7999999999999545 ) ) ;
#3942 = VECTOR ( 'NONE', #3800, 1000.000000000000000 ) ;
#3943 = CARTESIAN_POINT ( 'NONE',  ( -33.00000000000001421, 585.0000000000001137, 2.999999999999998668 ) ) ;
#3944 = VERTEX_POINT ( 'NONE', #1621 ) ;
#3945 = AXIS2_PLACEMENT_3D ( 'NONE', #2863, #2726, #2309 ) ;
#3946 = FACE_OUTER_BOUND ( 'NONE', #1353, .T. ) ;
#3947 = PLANE ( 'NONE',  #5093 ) ;
#3948 = DIRECTION ( 'NONE',  ( 0.000000000000000000, 0.000000000000000000, 1.000000000000000000 ) ) ;
#3949 = ADVANCED_FACE ( 'NONE', ( #3659 ), #5285, .T. ) ;
#3950 = ORIENTED_EDGE ( 'NONE', *, *, #3130, .T. ) ;
#3951 = CARTESIAN_POINT ( 'NONE',  ( -3315.899999999977808, 1439.750000000020009, 596.0000000000000000 ) ) ;
#3952 = CARTESIAN_POINT ( 'NONE',  ( 33.00000000000018474, -615.0000000000000000, 3.000000000000007105 ) ) ;
#3953 = VECTOR ( 'NONE', #922, 1000.000000000000000 ) ;
#3954 = DIRECTION ( 'NONE',  ( 0.000000000000000000, 1.000000000000000000, 0.000000000000000000 ) ) ;
#3955 = CC_DESIGN_PERSON_AND_ORGANIZATION_ASSIGNMENT ( #2471, #4173, ( #667 ) ) ;
#3956 = ORIENTED_EDGE ( 'NONE', *, *, #3622, .F. ) ;
#3957 = EDGE_CURVE ( 'NONE', #613, #5035, #3588, .T. ) ;
#3958 = ADVANCED_FACE ( 'NONE', ( #4821 ), #279, .F. ) ;
#3959 = FACE_OUTER_BOUND ( 'NONE', #5247, .T. ) ;
#3960 = CARTESIAN_POINT ( 'NONE',  ( -3305.199999999977990, 1810.250000000020009, 580.0000000000000000 ) ) ;
#3961 = CARTESIAN_POINT ( 'NONE',  ( 15.00000000000016875, -1014.999999999999886, 15.00000000000000000 ) ) ;
#3962 = DIRECTION ( 'NONE',  ( 0.000000000000000000, 1.000000000000000000, 0.000000000000000000 ) ) ;
#3963 = ORIENTED_EDGE ( 'NONE', *, *, #4574, .T. ) ;
#3964 = VECTOR ( 'NONE', #1042, 1000.000000000000000 ) ;
#3965 = FACE_OUTER_BOUND ( 'NONE', #3998, .T. ) ;
#3966 = EDGE_CURVE ( 'NONE', #712, #5056, #4127, .T. ) ;
#3967 = DATE_AND_TIME ( #5105, #1862 ) ;
#3968 = ORIENTED_EDGE ( 'NONE', *, *, #870, .F. ) ;
#3969 = CIRCLE ( 'NONE', #4007, 6.450000000000001066 ) ;
#3970 = CIRCLE ( 'NONE', #5123, 5.050000000000220979 ) ;
#3971 = CALENDAR_DATE ( 2026, 27, 5 ) ;
#3972 = DIRECTION ( 'NONE',  ( 0.000000000000000000, 1.000000000000000000, -0.000000000000000000 ) ) ;
#3973 = CARTESIAN_POINT ( 'NONE',  ( 6.450000000000001066, 0.000000000000000000, 0.000000000000000000 ) ) ;
#3974 = AXIS2_PLACEMENT_3D ( 'NONE', #3936, #1376, #3041 ) ;
#3975 = ORIENTED_EDGE ( 'NONE', *, *, #1008, .F. ) ;
#3976 = CIRCLE ( 'NONE', #1515, 20.00000000000018474 ) ;
#3977 = CARTESIAN_POINT ( 'NONE',  ( 0.000000000000000000, 0.000000000000000000, 999.0000000000000000 ) ) ;
#3978 = SHAPE_DEFINITION_REPRESENTATION ( #1288, #5039 ) ;
#3979 = CARTESIAN_POINT ( 'NONE',  ( -3869.999999999976808, 130.0000000000222826, 22.00000000000002132 ) ) ;
#3980 = VERTEX_POINT ( 'NONE', #4708 ) ;
#3981 = DIRECTION ( 'NONE',  ( 0.000000000000000000, 0.000000000000000000, 1.000000000000000000 ) ) ;
#3982 = ORIENTED_EDGE ( 'NONE', *, *, #5224, .T. ) ;
#3983 = CARTESIAN_POINT ( 'NONE',  ( 15.90000000000017089, -1123.500000000000000, 9.400000000000000355 ) ) ;
#3984 = CARTESIAN_POINT ( 'NONE',  ( -3315.899999999977808, 1810.250000000020009, 596.0000000000000000 ) ) ;
#3985 = AXIS2_PLACEMENT_3D ( 'NONE', #346, #3362, #4595 ) ;
#3986 = ORIENTED_EDGE ( 'NONE', *, *, #2638, .F. ) ;
#3987 = VERTEX_POINT ( 'NONE', #4668 ) ;
#3988 = LINE ( 'NONE', #3606, #740 ) ;
#3989 = ORIENTED_EDGE ( 'NONE', *, *, #5447, .F. ) ;
#3990 = PRODUCT_DEFINITION ( '未知', '', #1922, #3895 ) ;
#3991 = ORIENTED_EDGE ( 'NONE', *, *, #3584, .T. ) ;
#3992 = EDGE_CURVE ( 'NONE', #2575, #523, #3186, .T. ) ;
#3993 = CARTESIAN_POINT ( 'NONE',  ( -3305.199999999977990, 239.7500000000200657, 580.0000000000000000 ) ) ;
#3994 = DIRECTION ( 'NONE',  ( 0.000000000000000000, 0.000000000000000000, -1.000000000000000000 ) ) ;
#3995 = CIRCLE ( 'NONE', #5386, 7.999999999999785061 ) ;
#3996 = ORIENTED_EDGE ( 'NONE', *, *, #3228, .F. ) ;
#3997 = CARTESIAN_POINT ( 'NONE',  ( -3329.999999999977263, 130.0000000000222826, 22.00000000000002132 ) ) ;
#3998 = EDGE_LOOP ( 'NONE', ( #2509, #3094 ) ) ;
#3999 = DIRECTION ( 'NONE',  ( -0.000000000000000000, 1.000000000000000000, -0.000000000000000000 ) ) ;
#4000 = EDGE_CURVE ( 'NONE', #1947, #2333, #1305, .T. ) ;
#4001 = CARTESIAN_POINT ( 'NONE',  ( -3353.999999999976808, 85.00000000001949729, 102.0000000000001990 ) ) ;
#4002 = EDGE_LOOP ( 'NONE', ( #3773, #2856 ) ) ;
#4003 = CIRCLE ( 'NONE', #3985, 4.000000000000003553 ) ;
#4004 = EDGE_CURVE ( 'NONE', #5056, #4460, #4743, .T. ) ;
#4005 = CARTESIAN_POINT ( 'NONE',  ( -3353.999999999976808, 15.00000000001948308, 481.9999999999998295 ) ) ;
#4006 = ORIENTED_EDGE ( 'NONE', *, *, #1800, .F. ) ;
#4007 = AXIS2_PLACEMENT_3D ( 'NONE', #3787, #3329, #2523 ) ;
#4008 = LINE ( 'NONE', #5043, #3127 ) ;
#4009 = DIRECTION ( 'NONE',  ( -2.523234146875355998E-16, 0.000000000000000000, 1.000000000000000000 ) ) ;
#4010 = DIRECTION ( 'NONE',  ( 0.000000000000000000, 0.000000000000000000, 1.000000000000000000 ) ) ;
#4011 = ORIENTED_EDGE ( 'NONE', *, *, #605, .T. ) ;
#4012 = EDGE_CURVE ( 'NONE', #4413, #3086, #1839, .T. ) ;
#4013 = AXIS2_PLACEMENT_3D ( 'NONE', #5148, #3045, #396 ) ;
#4014 = VERTEX_POINT ( 'NONE', #5136 ) ;
#4015 = DIRECTION ( 'NONE',  ( 0.000000000000000000, 0.000000000000000000, -1.000000000000000000 ) ) ;
#4016 = DIRECTION ( 'NONE',  ( 0.000000000000000000, -1.000000000000000000, 0.000000000000000000 ) ) ;
#4017 = FACE_OUTER_BOUND ( 'NONE', #2272, .T. ) ;
#4018 = ORIENTED_EDGE ( 'NONE', *, *, #2248, .T. ) ;
#4019 = FACE_OUTER_BOUND ( 'NONE', #1500, .T. ) ;
#4020 = ORIENTED_EDGE ( 'NONE', *, *, #150, .F. ) ;
#4021 = CARTESIAN_POINT ( 'NONE',  ( -4.000000000000003553, 0.000000000000000000, 1000.000000000000000 ) ) ;
#4022 = CIRCLE ( 'NONE', #1555, 7.999999999999785061 ) ;
#4023 = DIRECTION ( 'NONE',  ( -1.000000000000000000, 0.000000000000000000, -0.000000000000000000 ) ) ;
#4024 = CALENDAR_DATE ( 2026, 27, 5 ) ;
#4025 = EDGE_CURVE ( 'NONE', #1247, #2763, #142, .T. ) ;
#4026 = EDGE_LOOP ( 'NONE', ( #761, #2610, #2359, #1846 ) ) ;
#4027 = FACE_BOUND ( 'NONE', #5150, .T. ) ;
#4028 = VECTOR ( 'NONE', #681, 1000.000000000000000 ) ;
#4029 = CALENDAR_DATE ( 2026, 27, 5 ) ;
#4030 = CARTESIAN_POINT ( 'NONE',  ( 15.90000000000017089, -1125.000000000000000, 10.90000000000000036 ) ) ;
#4031 = ORIENTED_EDGE ( 'NONE', *, *, #5589, .F. ) ;
#4032 = EDGE_CURVE ( 'NONE', #4109, #3078, #2036, .T. ) ;
#4033 = CYLINDRICAL_SURFACE ( 'NONE', #5591, 5.000000000000000888 ) ;
#4034 = DIRECTION ( 'NONE',  ( 0.000000000000000000, -0.000000000000000000, 1.000000000000000000 ) ) ;
#4035 = DIRECTION ( 'NONE',  ( -0.000000000000000000, 1.000000000000000000, -0.000000000000000000 ) ) ;
#4036 = LOCAL_TIME ( 10, 4, 45.00000000000000000, #5112 ) ;
#4037 = CARTESIAN_POINT ( 'NONE',  ( -3315.899999999977808, 610.2500000000200089, 590.9499999999997044 ) ) ;
#4038 = VECTOR ( 'NONE', #4416, 1000.000000000000000 ) ;
#4039 = EDGE_CURVE ( 'NONE', #3645, #3368, #5147, .T. ) ;
#4040 = CARTESIAN_POINT ( 'NONE',  ( -3305.199999999977990, 1039.750000000020009, 580.0000000000000000 ) ) ;
#4041 = AXIS2_PLACEMENT_3D ( 'NONE', #2100, #5115, #2974 ) ;
#4042 = CARTESIAN_POINT ( 'NONE',  ( 15.90000000000017089, -1125.000000000000000, 15.90000000000000036 ) ) ;
#4043 = VERTEX_POINT ( 'NONE', #5557 ) ;
#4044 = ORIENTED_EDGE ( 'NONE', *, *, #382, .F. ) ;
#4045 = CARTESIAN_POINT ( 'NONE',  ( -3313.199999999977990, 1839.750000000020236, 596.7999999999999545 ) ) ;
#4046 = ORIENTED_EDGE ( 'NONE', *, *, #4538, .T. ) ;
#4047 = LINE ( 'NONE', #5012, #3771 ) ;
#4048 = EDGE_LOOP ( 'NONE', ( #250, #2520, #4011, #3505 ) ) ;
#4049 = CARTESIAN_POINT ( 'NONE',  ( -3305.199999999977990, 1410.250000000020009, 580.0000000000000000 ) ) ;
#4050 = AXIS2_PLACEMENT_3D ( 'NONE', #1149, #2005, #1182 ) ;
#4051 = CIRCLE ( 'NONE', #3184, 15.00000000000000000 ) ;
#4052 = EDGE_LOOP ( 'NONE', ( #1226, #2912, #3039, #3879 ) ) ;
#4053 = EDGE_LOOP ( 'NONE', ( #2286, #4357, #3991, #4257 ) ) ;
#4054 = DIRECTION ( 'NONE',  ( 0.000000000000000000, -1.000000000000000000, 0.000000000000000000 ) ) ;
#4055 = ORIENTED_EDGE ( 'NONE', *, *, #3930, .F. ) ;
#4056 = CC_DESIGN_SECURITY_CLASSIFICATION ( #2615, ( #1758 ) ) ;
#4057 = EDGE_CURVE ( 'NONE', #5260, #1815, #3458, .T. ) ;
#4058 = CIRCLE ( 'NONE', #2320, 7.999999999999785061 ) ;
#4059 = DIRECTION ( 'NONE',  ( -0.000000000000000000, 1.000000000000000000, -0.000000000000000000 ) ) ;
#4060 = ORIENTED_EDGE ( 'NONE', *, *, #222, .F. ) ;
#4061 = DIRECTION ( 'NONE',  ( -0.000000000000000000, 0.000000000000000000, -1.000000000000000000 ) ) ;
#4062 = EDGE_LOOP ( 'NONE', ( #1292, #3, #4190, #606 ) ) ;
#4063 = ORIENTED_EDGE ( 'NONE', *, *, #3518, .T. ) ;
#4064 = EDGE_CURVE ( 'NONE', #1923, #3692, #356, .T. ) ;
#4065 = CARTESIAN_POINT ( 'NONE',  ( 0.000000000000000000, 1923.000000000028649, 580.0000000000000000 ) ) ;
#4066 = FACE_BOUND ( 'NONE', #2222, .T. ) ;
#4067 = DIRECTION ( 'NONE',  ( 0.000000000000000000, 1.000000000000000000, 0.000000000000000000 ) ) ;
#4068 = ORIENTED_EDGE ( 'NONE', *, *, #3558, .T. ) ;
#4069 = DIRECTION ( 'NONE',  ( -0.000000000000000000, -1.000000000000000000, -0.000000000000000000 ) ) ;
#4070 = CARTESIAN_POINT ( 'NONE',  ( 15.90000000000017089, -1125.000000000000000, 15.90000000000000036 ) ) ;
#4071 = DIRECTION ( 'NONE',  ( 0.000000000000000000, -0.000000000000000000, -1.000000000000000000 ) ) ;
#4072 = AXIS2_PLACEMENT_3D ( 'NONE', #1460, #994, #4910 ) ;
#4073 = ORIENTED_EDGE ( 'NONE', *, *, #3511, .T. ) ;
#4074 = EDGE_LOOP ( 'NONE', ( #4172, #2432 ) ) ;
#4075 = AXIS2_PLACEMENT_3D ( 'NONE', #2350, #616, #5357 ) ;
#4076 = LINE ( 'NONE', #1724, #443 ) ;
#4077 = CARTESIAN_POINT ( 'NONE',  ( -3313.199999999977990, 1810.250000000020009, 604.7999999999999545 ) ) ;
#4078 = DIRECTION ( 'NONE',  ( 0.000000000000000000, 1.000000000000000000, 0.000000000000000000 ) ) ;
#4079 = APPLICATION_PROTOCOL_DEFINITION ( 'international standard', 'config_control_design', 1994, #1954 ) ;
#4080 = DIRECTION ( 'NONE',  ( -0.000000000000000000, -0.000000000000000000, -1.000000000000000000 ) ) ;
#4081 = VERTEX_POINT ( 'NONE', #3443 ) ;
#4082 = VECTOR ( 'NONE', #3382, 1000.000000000000000 ) ;
#4083 = DIRECTION ( 'NONE',  ( -0.000000000000000000, 1.000000000000000000, -0.000000000000000000 ) ) ;
#4084 = EDGE_LOOP ( 'NONE', ( #672, #645 ) ) ;
#4085 = EDGE_CURVE ( 'NONE', #2233, #5539, #3860, .T. ) ;
#4086 = VECTOR ( 'NONE', #4501, 1000.000000000000000 ) ;
#4087 = CARTESIAN_POINT ( 'NONE',  ( -3329.999999999977717, 2210.250000000020009, 580.0000000000000000 ) ) ;
#4088 = FACE_OUTER_BOUND ( 'NONE', #1991, .T. ) ;
#4089 = ORIENTED_EDGE ( 'NONE', *, *, #2988, .F. ) ;
#4090 = ORIENTED_EDGE ( 'NONE', *, *, #775, .T. ) ;
#4091 = CARTESIAN_POINT ( 'NONE',  ( 33.00000000000018474, 1015.000000000000114, 3.000000000000007105 ) ) ;
#4092 = VECTOR ( 'NONE', #1554, 1000.000000000000000 ) ;
#4093 = CIRCLE ( 'NONE', #3464, 5.050000000000220979 ) ;
#4094 = EDGE_CURVE ( 'NONE', #5020, #2333, #4678, .T. ) ;
#4095 = CALENDAR_DATE ( 2026, 27, 5 ) ;
#4096 = EDGE_LOOP ( 'NONE', ( #19, #3639, #338, #916 ) ) ;
#4097 = CARTESIAN_POINT ( 'NONE',  ( 15.00000000000016875, -1125.000000000000000, 30.00000000000000000 ) ) ;
#4098 = FACE_OUTER_BOUND ( 'NONE', #5074, .T. ) ;
#4099 = DIRECTION ( 'NONE',  ( 0.000000000000000000, 0.000000000000000000, 1.000000000000000000 ) ) ;
#4100 = PERSON_AND_ORGANIZATION_ROLE ( 'design_owner' ) ;
#4101 = CALENDAR_DATE ( 2026, 27, 5 ) ;
#4102 = EDGE_CURVE ( 'NONE', #3754, #1422, #3317, .T. ) ;
#4103 = AXIS2_PLACEMENT_3D ( 'NONE', #2542, #3394, #3376 ) ;
#4104 = ORIENTED_EDGE ( 'NONE', *, *, #2248, .F. ) ;
#4105 = VERTEX_POINT ( 'NONE', #980 ) ;
#4106 = CARTESIAN_POINT ( 'NONE',  ( -3843.999999999977263, 15.00000000001984546, 529.0000000000001137 ) ) ;
#4107 = CARTESIAN_POINT ( 'NONE',  ( -3353.999999999976808, 100.0000000000194831, 82.00000000000001421 ) ) ;
#4108 = CARTESIAN_POINT ( 'NONE',  ( -3321.999999999977717, 610.2500000000200089, 596.7999999999999545 ) ) ;
#4109 = VERTEX_POINT ( 'NONE', #1390 ) ;
#4110 = FACE_OUTER_BOUND ( 'NONE', #3372, .T. ) ;
#4111 = EDGE_LOOP ( 'NONE', ( #5221, #4930, #955, #2647 ) ) ;
#4112 = AXIS2_PLACEMENT_3D ( 'NONE', #4380, #4809, #3087 ) ;
#4113 = CARTESIAN_POINT ( 'NONE',  ( -33.00000000000001421, -1014.999999999999886, 2.999999999999998668 ) ) ;
#4114 = ORIENTED_EDGE ( 'NONE', *, *, #4881, .T. ) ;
#4115 = CIRCLE ( 'NONE', #733, 27.00000000000011369 ) ;
#4116 = ADVANCED_FACE ( 'NONE', ( #2173 ), #213, .T. ) ;
#4117 = VERTEX_POINT ( 'NONE', #1316 ) ;
#4118 = CARTESIAN_POINT ( 'NONE',  ( -3353.999999999976808, 100.0000000000194831, 502.0000000000000000 ) ) ;
#4119 = APPLICATION_CONTEXT ( 'configuration controlled 3d designs of mechanical parts and assemblies' ) ;
#4120 = DIRECTION ( 'NONE',  ( 0.000000000000000000, 0.000000000000000000, -1.000000000000000000 ) ) ;
#4121 = VECTOR ( 'NONE', #2037, 1000.000000000000000 ) ;
#4122 = ORIENTED_EDGE ( 'NONE', *, *, #4906, .T. ) ;
#4123 = ORIENTED_EDGE ( 'NONE', *, *, #3457, .F. ) ;
#4124 = DIRECTION ( 'NONE',  ( -1.000000000000000000, 0.000000000000000000, 0.000000000000000000 ) ) ;
#4125 = CARTESIAN_POINT ( 'NONE',  ( 15.90000000000017089, 1123.500000000000000, 15.90000000000000036 ) ) ;
#4126 = ORIENTED_EDGE ( 'NONE', *, *, #2440, .T. ) ;
#4127 = LINE ( 'NONE', #2530, #5416 ) ;
#4128 = EDGE_CURVE ( 'NONE', #22, #1878, #2110, .T. ) ;
#4129 = CARTESIAN_POINT ( 'NONE',  ( -3315.899999999977808, 2239.750000000020009, 596.0000000000000000 ) ) ;
#4130 = DIRECTION ( 'NONE',  ( 1.000000000000000000, 0.000000000000000000, 1.248475228922698363E-16 ) ) ;
#4131 = ORIENTED_EDGE ( 'NONE', *, *, #5143, .T. ) ;
#4132 = CIRCLE ( 'NONE', #1490, 27.00000000000013500 ) ;
#4133 = DIRECTION ( 'NONE',  ( 0.000000000000000000, -1.000000000000000000, 0.000000000000000000 ) ) ;
#4134 = CARTESIAN_POINT ( 'NONE',  ( -3353.999999999976808, 100.0000000000194831, 474.9999999999998863 ) ) ;
#4135 = ORIENTED_EDGE ( 'NONE', *, *, #1966, .F. ) ;
#4136 = EDGE_CURVE ( 'NONE', #4790, #3069, #1244, .T. ) ;
#4137 = DIRECTION ( 'NONE',  ( -1.000000000000000000, 0.000000000000000000, 0.000000000000000000 ) ) ;
#4138 = ORIENTED_EDGE ( 'NONE', *, *, #870, .T. ) ;
#4139 = DIRECTION ( 'NONE',  ( 0.000000000000000000, -1.000000000000000000, 0.000000000000000000 ) ) ;
#4140 = CIRCLE ( 'NONE', #435, 5.000000000000000888 ) ;
#4141 = DIRECTION ( 'NONE',  ( 0.000000000000000000, -1.000000000000000000, 0.000000000000000000 ) ) ;
#4142 = ORIENTED_EDGE ( 'NONE', *, *, #3375, .T. ) ;
#4143 = CARTESIAN_POINT ( 'NONE',  ( -3315.899999999977808, 2239.750000000020009, 590.9499999999997044 ) ) ;
#4144 = FACE_BOUND ( 'NONE', #3072, .T. ) ;
#4145 = CARTESIAN_POINT ( 'NONE',  ( -3353.999999999976808, 85.00000000001949729, 61.99999999999982947 ) ) ;
#4146 = AXIS2_PLACEMENT_3D ( 'NONE', #3302, #3319, #322 ) ;
#4147 = VERTEX_POINT ( 'NONE', #3085 ) ;
#4148 = DIRECTION ( 'NONE',  ( 0.000000000000000000, 0.000000000000000000, -1.000000000000000000 ) ) ;
#4149 = DIRECTION ( 'NONE',  ( 0.000000000000000000, 0.000000000000000000, 1.000000000000000000 ) ) ;
#4150 = LINE ( 'NONE', #206, #1804 ) ;
#4151 = DATE_AND_TIME ( #1743, #1933 ) ;
#4152 = APPROVAL_STATUS ( 'not_yet_approved' ) ;
#4153 = CARTESIAN_POINT ( 'NONE',  ( -3353.999999999976808, 15.00000000001948308, 102.0000000000001990 ) ) ;
#4154 = EDGE_LOOP ( 'NONE', ( #3401, #2593 ) ) ;
#4155 = LINE ( 'NONE', #3822, #310 ) ;
#4156 = CIRCLE ( 'NONE', #4443, 5.000000000000000888 ) ;
#4157 = DIRECTION ( 'NONE',  ( -1.000000000000000000, 0.000000000000000000, 0.000000000000000000 ) ) ;
#4158 = AXIS2_PLACEMENT_3D ( 'NONE', #1096, #2009, #2868 ) ;
#4159 = CARTESIAN_POINT ( 'NONE',  ( -3329.999999999977717, 1439.750000000020009, 580.0000000000000000 ) ) ;
#4160 = PERSON_AND_ORGANIZATION ( #682, #186 ) ;
#4161 = EDGE_CURVE ( 'NONE', #4730, #4479, #3521, .T. ) ;
#4162 = APPROVAL_PERSON_ORGANIZATION ( #5516, #1849, #3870 ) ;
#4163 = DIRECTION ( 'NONE',  ( 1.000000000000000000, -0.000000000000000000, -0.000000000000000000 ) ) ;
#4164 = ORIENTED_EDGE ( 'NONE', *, *, #5263, .F. ) ;
#4165 = VECTOR ( 'NONE', #4944, 1000.000000000000000 ) ;
#4166 = PERSON_AND_ORGANIZATION ( #682, #186 ) ;
#4167 = CARTESIAN_POINT ( 'NONE',  ( -3313.199999999977990, 1410.250000000020009, 604.7999999999999545 ) ) ;
#4168 = ORIENTED_EDGE ( 'NONE', *, *, #1799, .T. ) ;
#4169 = ORIENTED_EDGE ( 'NONE', *, *, #2188, .T. ) ;
#4170 = EDGE_CURVE ( 'NONE', #3569, #5410, #3258, .T. ) ;
#4171 = CARTESIAN_POINT ( 'NONE',  ( -3313.199999999977990, 610.2500000000200089, 596.7999999999999545 ) ) ;
#4172 = ORIENTED_EDGE ( 'NONE', *, *, #5328, .F. ) ;
#4173 = PERSON_AND_ORGANIZATION_ROLE ( 'creator' ) ;
#4174 = ORIENTED_EDGE ( 'NONE', *, *, #2500, .F. ) ;
#4175 = AXIS2_PLACEMENT_3D ( 'NONE', #3943, #3556, #1437 ) ;
#4176 = VECTOR ( 'NONE', #571, 1000.000000000000000 ) ;
#4177 = DIRECTION ( 'NONE',  ( -0.000000000000000000, -1.000000000000000000, -0.000000000000000000 ) ) ;
#4178 = ORIENTED_EDGE ( 'NONE', *, *, #5470, .F. ) ;
#4179 = CARTESIAN_POINT ( 'NONE',  ( 33.00000000000018474, -214.9999999999999432, 3.000000000000007105 ) ) ;
#4180 = FACE_OUTER_BOUND ( 'NONE', #857, .T. ) ;
#4181 = EDGE_LOOP ( 'NONE', ( #3801, #157 ) ) ;
#4182 = ORIENTED_EDGE ( 'NONE', *, *, #3101, .F. ) ;
#4183 = AXIS2_PLACEMENT_3D ( 'NONE', #1470, #4831, #2251 ) ;
#4184 = CARTESIAN_POINT ( 'NONE',  ( -3353.999999999976808, 100.0000000000194831, 529.0000000000001137 ) ) ;
#4185 = DIRECTION ( 'NONE',  ( 0.000000000000000000, 1.000000000000000000, -0.000000000000000000 ) ) ;
#4186 = FACE_OUTER_BOUND ( 'NONE', #4231, .T. ) ;
#4187 = CARTESIAN_POINT ( 'NONE',  ( -3329.999999999977717, 610.2500000000200089, 580.0000000000000000 ) ) ;
#4188 = ORIENTED_EDGE ( 'NONE', *, *, #3210, .T. ) ;
#4189 = DIRECTION ( 'NONE',  ( 0.000000000000000000, -1.000000000000000000, 0.000000000000000000 ) ) ;
#4190 = ORIENTED_EDGE ( 'NONE', *, *, #5263, .T. ) ;
#4191 = APPROVAL_ROLE ( '' ) ;
#4192 = AXIS2_PLACEMENT_3D ( 'NONE', #2932, #1589, #355 ) ;
#4193 = ORIENTED_EDGE ( 'NONE', *, *, #5186, .T. ) ;
#4194 = DIRECTION ( 'NONE',  ( 0.000000000000000000, 0.000000000000000000, -1.000000000000000000 ) ) ;
#4195 = FACE_OUTER_BOUND ( 'NONE', #3653, .T. ) ;
#4196 = CARTESIAN_POINT ( 'NONE',  ( -3313.199999999977990, 210.2500000000200657, 604.7999999999999545 ) ) ;
#4197 = ORIENTED_EDGE ( 'NONE', *, *, #1905, .F. ) ;
#4198 = EDGE_CURVE ( 'NONE', #5477, #4734, #1713, .T. ) ;
#4199 = VECTOR ( 'NONE', #2288, 1000.000000000000000 ) ;
#4200 = DIRECTION ( 'NONE',  ( -0.000000000000000000, -1.000000000000000000, -0.000000000000000000 ) ) ;
#4201 = ADVANCED_FACE ( 'NONE', ( #4540 ), #75, .T. ) ;
#4202 = DIRECTION ( 'NONE',  ( -0.000000000000000000, -1.000000000000000000, -0.000000000000000000 ) ) ;
#4203 = UNCERTAINTY_MEASURE_WITH_UNIT (LENGTH_MEASURE( 1.000000000000000082E-05 ), #4541, 'distance_accuracy_value', 'NONE');
#4204 = VERTEX_POINT ( 'NONE', #913 ) ;
#4205 = CARTESIAN_POINT ( 'NONE',  ( -3315.899999999977808, 1439.750000000020009, 601.0500000000001819 ) ) ;
#4206 = EDGE_CURVE ( 'NONE', #2363, #2204, #1037, .T. ) ;
#4207 = EDGE_CURVE ( 'NONE', #3113, #2038, #4266, .T. ) ;
#4208 = DATE_TIME_ROLE ( 'creation_date' ) ;
#4209 = CARTESIAN_POINT ( 'NONE',  ( 0.000000000000000000, 2320.000000000022283, 580.0000000000000000 ) ) ;
#4210 = ORIENTED_EDGE ( 'NONE', *, *, #4161, .T. ) ;
#4211 = CIRCLE ( 'NONE', #4401, 27.00000000000011369 ) ;
#4212 = DIRECTION ( 'NONE',  ( -0.000000000000000000, 1.000000000000000000, -0.000000000000000000 ) ) ;
#4213 = CARTESIAN_POINT ( 'NONE',  ( -3353.999999999976808, 85.00000000001949729, 474.9999999999998863 ) ) ;
#4214 = ORIENTED_EDGE ( 'NONE', *, *, #1361, .F. ) ;
#4215 = CYLINDRICAL_SURFACE ( 'NONE', #3821, 27.00000000000010658 ) ;
#4216 = ORIENTED_EDGE ( 'NONE', *, *, #4532, .T. ) ;
#4217 = CARTESIAN_POINT ( 'NONE',  ( 15.90000000000017089, 1123.500000000000000, 20.90000000000000213 ) ) ;
#4218 = LINE ( 'NONE', #5582, #1401 ) ;
#4219 = DIRECTION ( 'NONE',  ( 0.000000000000000000, 0.000000000000000000, 1.000000000000000000 ) ) ;
#4220 = CIRCLE ( 'NONE', #2312, 5.050000000000220979 ) ;
#4221 = DATE_AND_TIME ( #1409, #242 ) ;
#4222 = AXIS2_PLACEMENT_3D ( 'NONE', #781, #4185, #1618 ) ;
#4223 = CARTESIAN_POINT ( 'NONE',  ( -3329.999999999977717, 639.7500000000200089, 580.0000000000000000 ) ) ;
#4224 = VERTEX_POINT ( 'NONE', #1332 ) ;
#4225 = LINE ( 'NONE', #2708, #1013 ) ;
#4226 = CIRCLE ( 'NONE', #127, 8.000000000000007105 ) ;
#4227 = APPLICATION_CONTEXT ( 'configuration controlled 3d designs of mechanical parts and assemblies' ) ;
#4228 = DATE_AND_TIME ( #2689, #2356 ) ;
#4229 = ADVANCED_FACE ( 'NONE', ( #317, #4579 ), #4356, .T. ) ;
#4230 = VERTEX_POINT ( 'NONE', #2191 ) ;
#4231 = EDGE_LOOP ( 'NONE', ( #3136, #5099, #2311, #74 ) ) ;
#4232 = PLANE ( 'NONE',  #4477 ) ;
#4233 = DIRECTION ( 'NONE',  ( -0.000000000000000000, 1.000000000000000000, -0.000000000000000000 ) ) ;
#4234 = CC_DESIGN_PERSON_AND_ORGANIZATION_ASSIGNMENT ( #2616, #2515, ( #1251 ) ) ;
#4235 = DIRECTION ( 'NONE',  ( 0.000000000000000000, 0.000000000000000000, -1.000000000000000000 ) ) ;
#4236 = EDGE_CURVE ( 'NONE', #1015, #1919, #3824, .T. ) ;
#4237 = DIRECTION ( 'NONE',  ( 0.000000000000000000, 0.000000000000000000, -1.000000000000000000 ) ) ;
#4238 = VERTEX_POINT ( 'NONE', #2609 ) ;
#4239 = ORIENTED_EDGE ( 'NONE', *, *, #2303, .F. ) ;
#4240 = DIRECTION ( 'NONE',  ( 1.973729821555833740E-16, -1.000000000000000000, 0.000000000000000000 ) ) ;
#4241 = CARTESIAN_POINT ( 'NONE',  ( -3321.999999999977717, 1810.250000000020009, 596.7999999999999545 ) ) ;
#4242 = EDGE_CURVE ( 'NONE', #688, #5302, #4646, .T. ) ;
#4243 = EDGE_LOOP ( 'NONE', ( #5091, #3043, #695, #2729, #2618 ) ) ;
#4244 = LINE ( 'NONE', #2165, #1696 ) ;
#4245 = ORIENTED_EDGE ( 'NONE', *, *, #568, .F. ) ;
#4246 = PLANE ( 'NONE',  #2484 ) ;
#4247 = APPROVAL_STATUS ( 'not_yet_approved' ) ;
#4248 = CARTESIAN_POINT ( 'NONE',  ( -3315.899999999977808, 639.7500000000200089, 596.0000000000000000 ) ) ;
#4249 = ORIENTED_EDGE ( 'NONE', *, *, #2581, .F. ) ;
#4250 = ORIENTED_EDGE ( 'NONE', *, *, #1187, .T. ) ;
#4251 = DIRECTION ( 'NONE',  ( 0.000000000000000000, -1.000000000000000000, 0.000000000000000000 ) ) ;
#4252 = CARTESIAN_POINT ( 'NONE',  ( 15.90000000000017089, -184.9999999999999432, 15.90000000000000036 ) ) ;
#4253 = DIRECTION ( 'NONE',  ( -0.000000000000000000, 1.000000000000000000, -0.000000000000000000 ) ) ;
#4254 = ADVANCED_FACE ( 'NONE', ( #877 ), #4490, .T. ) ;
#4255 = LINE ( 'NONE', #4648, #4940 ) ;
#4256 = DIRECTION ( 'NONE',  ( 0.000000000000000000, 1.000000000000000000, -0.000000000000000000 ) ) ;
#4257 = ORIENTED_EDGE ( 'NONE', *, *, #2535, .T. ) ;
#4258 = PRODUCT_DEFINITION_SHAPE ( 'NONE', 'NONE',  #3990 ) ;
#4259 = ORIENTED_EDGE ( 'NONE', *, *, #3705, .T. ) ;
#4260 = AXIS2_PLACEMENT_3D ( 'NONE', #1677, #1264, #3402 ) ;
#4261 = CARTESIAN_POINT ( 'NONE',  ( -3899.999999999977263, 0.000000000000000000, 580.0000000000000000 ) ) ;
#4262 = CARTESIAN_POINT ( 'NONE',  ( 33.00000000000017764, -184.9999999999999432, 30.00000000000000000 ) ) ;
#4263 = ADVANCED_FACE ( 'NONE', ( #5172 ), #4454, .T. ) ;
#4264 = CARTESIAN_POINT ( 'NONE',  ( -3329.999999999977717, 2320.000000000022283, 22.00000000000002132 ) ) ;
#4265 = EDGE_LOOP ( 'NONE', ( #2434, #5223, #2490, #4259 ) ) ;
#4266 = LINE ( 'NONE', #1354, #424 ) ;
#4267 = VERTEX_POINT ( 'NONE', #3717 ) ;
#4268 = CC_DESIGN_DATE_AND_TIME_ASSIGNMENT ( #797, #2023, ( #1065 ) ) ;
#4269 = CC_DESIGN_APPROVAL ( #1357, ( #3990 ) ) ;
#4270 = CYLINDRICAL_SURFACE ( 'NONE', #2134, 15.00000000000000000 ) ;
#4271 = EDGE_CURVE ( 'NONE', #3570, #277, #4156, .T. ) ;
#4272 = PLANE ( 'NONE',  #4852 ) ;
#4273 = DIRECTION ( 'NONE',  ( 1.973729821555833740E-16, -1.000000000000000000, 0.000000000000000000 ) ) ;
#4274 = ORIENTED_EDGE ( 'NONE', *, *, #1150, .T. ) ;
#4275 = PLANE ( 'NONE',  #1877 ) ;
#4276 = FACE_BOUND ( 'NONE', #665, .T. ) ;
#4277 = DIRECTION ( 'NONE',  ( -7.401486830834375293E-16, -1.000000000000000000, 0.000000000000000000 ) ) ;
#4278 = ORIENTED_EDGE ( 'NONE', *, *, #2936, .F. ) ;
#4279 = EDGE_CURVE ( 'NONE', #2466, #4926, #5233, .T. ) ;
#4280 = CYLINDRICAL_SURFACE ( 'NONE', #2674, 5.000000000000000888 ) ;
#4281 = CARTESIAN_POINT ( 'NONE',  ( -3843.999999999977263, 85.00000000001985256, 82.00000000000001421 ) ) ;
#4282 = ADVANCED_FACE ( 'NONE', ( #718 ), #2324, .F. ) ;
#4283 = CARTESIAN_POINT ( 'NONE',  ( 15.90000000000017089, -1014.999999999999886, 15.90000000000000036 ) ) ;
#4284 = CIRCLE ( 'NONE', #4294, 6.500000000000002665 ) ;
#4285 = EDGE_CURVE ( 'NONE', #4326, #4949, #4958, .T. ) ;
#4286 = AXIS2_PLACEMENT_3D ( 'NONE', #1867, #4893, #2326 ) ;
#4287 = DIRECTION ( 'NONE',  ( -0.000000000000000000, -1.000000000000000000, -0.000000000000000000 ) ) ;
#4288 = ORIENTED_EDGE ( 'NONE', *, *, #487, .T. ) ;
#4289 = ADVANCED_FACE ( 'NONE', ( #1181, #1384 ), #4860, .F. ) ;
#4290 = CIRCLE ( 'NONE', #2596, 5.000000000000000888 ) ;
#4291 = DIRECTION ( 'NONE',  ( 0.000000000000000000, 0.000000000000000000, -1.000000000000000000 ) ) ;
#4292 = DIRECTION ( 'NONE',  ( 0.000000000000000000, -0.000000000000000000, 1.000000000000000000 ) ) ;
#4293 = ORGANIZATION ( 'NAUO-ORG2', 'UNSPECIFIED', 'UNSPECIFIED' ) ;
#4294 = AXIS2_PLACEMENT_3D ( 'NONE', #3005, #449, #841 ) ;
#4295 = ORIENTED_EDGE ( 'NONE', *, *, #193, .T. ) ;
#4296 = CYLINDRICAL_SURFACE ( 'NONE', #2347, 6.500000000000000888 ) ;
#4297 = VECTOR ( 'NONE', #1646, 1000.000000000000000 ) ;
#4298 = COORDINATED_UNIVERSAL_TIME_OFFSET ( 8, 0, .AHEAD. ) ;
#4299 = DIRECTION ( 'NONE',  ( 0.000000000000000000, -0.000000000000000000, 1.000000000000000000 ) ) ;
#4300 = DIRECTION ( 'NONE',  ( -0.000000000000000000, 1.000000000000000000, -0.000000000000000000 ) ) ;
#4301 = ORIENTED_EDGE ( 'NONE', *, *, #3539, .F. ) ;
#4302 = LINE ( 'NONE', #2077, #947 ) ;
#4303 = AXIS2_PLACEMENT_3D ( 'NONE', #550, #1436, #3594 ) ;
#4304 = LOCAL_TIME ( 10, 4, 45.00000000000000000, #5524 ) ;
#4305 = EDGE_LOOP ( 'NONE', ( #963, #831 ) ) ;
#4306 = ORIENTED_EDGE ( 'NONE', *, *, #4835, .F. ) ;
#4307 = CARTESIAN_POINT ( 'NONE',  ( -28.00000000000001421, -585.0000000000000000, 53.00000000000000711 ) ) ;
#4308 = DIRECTION ( 'NONE',  ( 0.000000000000000000, 0.000000000000000000, 1.000000000000000000 ) ) ;
#4309 = CARTESIAN_POINT ( 'NONE',  ( -3843.999999999977263, 85.00000000001985256, 109.0000000000001279 ) ) ;
#4310 = MANIFOLD_SOLID_BREP ( '倒角1', #351 ) ;
#4311 = ORIENTED_EDGE ( 'NONE', *, *, #2694, .T. ) ;
#4312 = LINE ( 'NONE', #528, #121 ) ;
#4313 = DIRECTION ( 'NONE',  ( 0.000000000000000000, -1.000000000000000000, 0.000000000000000000 ) ) ;
#4314 = ADVANCED_FACE ( 'NONE', ( #3392 ), #4215, .T. ) ;
#4315 = ORIENTED_EDGE ( 'NONE', *, *, #110, .F. ) ;
#4316 = EDGE_CURVE ( 'NONE', #2057, #2378, #3359, .T. ) ;
#4317 = CARTESIAN_POINT ( 'NONE',  ( -3899.999999999977263, 2350.000000000022737, 580.0000000000000000 ) ) ;
#4318 = ORIENTED_EDGE ( 'NONE', *, *, #2473, .F. ) ;
#4319 = VECTOR ( 'NONE', #1456, 1000.000000000000000 ) ;
#4320 = ORIENTED_EDGE ( 'NONE', *, *, #630, .T. ) ;
#4321 = ADVANCED_FACE ( 'NONE', ( #1106 ), #3156, .F. ) ;
#4322 = DIRECTION ( 'NONE',  ( 0.000000000000000000, 0.000000000000000000, -1.000000000000000000 ) ) ;
#4323 = EDGE_CURVE ( 'NONE', #4926, #3625, #5152, .T. ) ;
#4324 = AXIS2_PLACEMENT_3D ( 'NONE', #1350, #1694, #827 ) ;
#4325 = DIRECTION ( 'NONE',  ( 0.000000000000000000, 1.000000000000000000, 0.000000000000000000 ) ) ;
#4326 = VERTEX_POINT ( 'NONE', #3176 ) ;
#4327 = ORIENTED_EDGE ( 'NONE', *, *, #900, .F. ) ;
#4328 = CARTESIAN_POINT ( 'NONE',  ( 1.708382284810557841E-13, 585.0000000000001137, 30.00000000000000000 ) ) ;
#4329 = EDGE_LOOP ( 'NONE', ( #4649, #755 ) ) ;
#4330 = AXIS2_PLACEMENT_3D ( 'NONE', #3641, #2805, #1128 ) ;
#4331 = CARTESIAN_POINT ( 'NONE',  ( -3305.199999999977990, 1810.250000000020009, 580.0000000000000000 ) ) ;
#4332 = CIRCLE ( 'NONE', #4370, 8.000000000000007105 ) ;
#4333 = DIRECTION ( 'NONE',  ( -0.000000000000000000, 1.000000000000000000, -0.000000000000000000 ) ) ;
#4334 = PLANE ( 'NONE',  #2047 ) ;
#4335 = ORIENTED_EDGE ( 'NONE', *, *, #4419, .T. ) ;
#4336 = VECTOR ( 'NONE', #1396, 1000.000000000000000 ) ;
#4337 = PLANE ( 'NONE',  #3832 ) ;
#4338 = ORIENTED_EDGE ( 'NONE', *, *, #382, .T. ) ;
#4339 = ADVANCED_FACE ( 'NONE', ( #4873 ), #3651, .F. ) ;
#4340 = FACE_OUTER_BOUND ( 'NONE', #2126, .T. ) ;
#4341 = CARTESIAN_POINT ( 'NONE',  ( -3313.199999999977990, 610.2500000000200089, 596.7999999999999545 ) ) ;
#4342 = DATE_TIME_ROLE ( 'classification_date' ) ;
#4343 = CC_DESIGN_DATE_AND_TIME_ASSIGNMENT ( #2076, #3682, ( #1684 ) ) ;
#4344 = ORIENTED_EDGE ( 'NONE', *, *, #4726, .T. ) ;
#4345 = EDGE_CURVE ( 'NONE', #2378, #3461, #2571, .T. ) ;
#4346 = CONICAL_SURFACE ( 'NONE', #3938, 4.000000000000003553, 0.7853981633974461696 ) ;
#4347 = ADVANCED_FACE ( 'NONE', ( #553, #1237 ), #1636, .T. ) ;
#4348 = DIRECTION ( 'NONE',  ( -0.000000000000000000, 1.000000000000000000, -0.000000000000000000 ) ) ;
#4349 = ORIENTED_EDGE ( 'NONE', *, *, #3632, .T. ) ;
#4350 = LINE ( 'NONE', #3410, #579 ) ;
#4351 = EDGE_CURVE ( 'NONE', #2909, #333, #4255, .T. ) ;
#4352 = ORIENTED_EDGE ( 'NONE', *, *, #5547, .T. ) ;
#4353 = DIRECTION ( 'NONE',  ( 0.000000000000000000, 1.000000000000000000, 0.000000000000000000 ) ) ;
#4354 = DIRECTION ( 'NONE',  ( 0.000000000000000000, 0.000000000000000000, 1.000000000000000000 ) ) ;
#4355 = CYLINDRICAL_SURFACE ( 'NONE', #62, 27.00000000000013500 ) ;
#4356 = PLANE ( 'NONE',  #4410 ) ;
#4357 = ORIENTED_EDGE ( 'NONE', *, *, #1480, .F. ) ;
#4358 = CARTESIAN_POINT ( 'NONE',  ( -5.000000000000000000, 0.000000000000000000, 0.000000000000000000 ) ) ;
#4359 = LINE ( 'NONE', #1935, #942 ) ;
#4360 = AXIS2_PLACEMENT_3D ( 'NONE', #5493, #2586, #3400 ) ;
#4361 = FACE_OUTER_BOUND ( 'NONE', #3830, .T. ) ;
#4362 = CARTESIAN_POINT ( 'NONE',  ( 1.700029006457270953E-13, 215.0000000000001990, 15.00000000000000000 ) ) ;
#4363 = LOCAL_TIME ( 10, 4, 45.00000000000000000, #5374 ) ;
#4364 = VERTEX_POINT ( 'NONE', #5456 ) ;
#4365 = CYLINDRICAL_SURFACE ( 'NONE', #4619, 6.500000000000000888 ) ;
#4366 = DIRECTION ( 'NONE',  ( 0.000000000000000000, 0.000000000000000000, 1.000000000000000000 ) ) ;
#4367 = VECTOR ( 'NONE', #4794, 1000.000000000000000 ) ;
#4368 = ADVANCED_FACE ( 'NONE', ( #3056 ), #2033, .T. ) ;
#4369 = DATE_AND_TIME ( #734, #1876 ) ;
#4370 = AXIS2_PLACEMENT_3D ( 'NONE', #4171, #2492, #4148 ) ;
#4371 = EDGE_LOOP ( 'NONE', ( #194, #2791, #2797, #1074 ) ) ;
#4372 = VECTOR ( 'NONE', #2289, 1000.000000000000000 ) ;
#4373 = DIRECTION ( 'NONE',  ( 0.000000000000000000, 1.000000000000000000, 0.000000000000000000 ) ) ;
#4374 = ADVANCED_FACE ( 'NONE', ( #4998, #3850 ), #5037, .F. ) ;
#4375 = DIRECTION ( 'NONE',  ( 0.000000000000000000, 0.000000000000000000, 1.000000000000000000 ) ) ;
#4376 = ORIENTED_EDGE ( 'NONE', *, *, #1795, .T. ) ;
#4377 = ORIENTED_EDGE ( 'NONE', *, *, #833, .F. ) ;
#4378 = AXIS2_PLACEMENT_3D ( 'NONE', #5369, #1976, #231 ) ;
#4379 = EDGE_CURVE ( 'NONE', #523, #3253, #4058, .T. ) ;
#4380 = CARTESIAN_POINT ( 'NONE',  ( -3313.199999999977990, 1810.250000000020009, 596.7999999999999545 ) ) ;
#4381 = DIRECTION ( 'NONE',  ( -0.000000000000000000, -0.000000000000000000, -1.000000000000000000 ) ) ;
#4382 = ORIENTED_EDGE ( 'NONE', *, *, #3712, .T. ) ;
#4383 = LINE ( 'NONE', #2598, #2292 ) ;
#4384 = VERTEX_POINT ( 'NONE', #2954 ) ;
#4385 = PLANE ( 'NONE',  #3715 ) ;
#4386 = EDGE_CURVE ( 'NONE', #5050, #2504, #687, .T. ) ;
#4387 = ORIENTED_EDGE ( 'NONE', *, *, #3068, .F. ) ;
#4388 = DIRECTION ( 'NONE',  ( 0.000000000000000000, 0.000000000000000000, -1.000000000000000000 ) ) ;
#4389 = CIRCLE ( 'NONE', #4822, 5.000000000000000888 ) ;
#4390 = CARTESIAN_POINT ( 'NONE',  ( -33.00000000000001421, -214.9999999999999432, 2.999999999999998668 ) ) ;
#4391 = VERTEX_POINT ( 'NONE', #5509 ) ;
#4392 = EDGE_CURVE ( 'NONE', #4995, #1491, #5277, .T. ) ;
#4393 = AXIS2_PLACEMENT_3D ( 'NONE', #1097, #3201, #4939 ) ;
#4394 = ORIENTED_EDGE ( 'NONE', *, *, #4000, .T. ) ;
#4395 = DIRECTION ( 'NONE',  ( 0.000000000000000000, 0.000000000000000000, 1.000000000000000000 ) ) ;
#4396 = DIRECTION ( 'NONE',  ( -0.000000000000000000, -0.000000000000000000, -1.000000000000000000 ) ) ;
#4397 = ORIENTED_EDGE ( 'NONE', *, *, #266, .F. ) ;
#4398 = CARTESIAN_POINT ( 'NONE',  ( 33.00000000000018474, 185.0000000000001990, 3.000000000000007105 ) ) ;
#4399 = VECTOR ( 'NONE', #3833, 1000.000000000000000 ) ;
#4400 = ADVANCED_FACE ( 'NONE', ( #2102, #3713 ), #2506, .T. ) ;
#4401 = AXIS2_PLACEMENT_3D ( 'NONE', #64, #3076, #1812 ) ;
#4402 = DIRECTION ( 'NONE',  ( 0.000000000000000000, 1.000000000000000000, 0.000000000000000000 ) ) ;
#4403 = ORIENTED_EDGE ( 'NONE', *, *, #643, .T. ) ;
#4404 = DIRECTION ( 'NONE',  ( -0.000000000000000000, -1.000000000000000000, -0.000000000000000000 ) ) ;
#4405 = VECTOR ( 'NONE', #2558, 1000.000000000000000 ) ;
#4406 = CARTESIAN_POINT ( 'NONE',  ( -3329.999999999977263, -6.572520305780882291E-13, 580.0000000000000000 ) ) ;
#4407 = CARTESIAN_POINT ( 'NONE',  ( -3329.999999999977717, 2320.000000000022283, 580.0000000000000000 ) ) ;
#4408 = ORIENTED_EDGE ( 'NONE', *, *, #2617, .F. ) ;
#4409 = CARTESIAN_POINT ( 'NONE',  ( -3315.899999999977808, 1839.750000000020236, 590.9499999999997044 ) ) ;
#4410 = AXIS2_PLACEMENT_3D ( 'NONE', #4341, #2690, #950 ) ;
#4411 = VECTOR ( 'NONE', #3460, 1000.000000000000000 ) ;
#4412 = CARTESIAN_POINT ( 'NONE',  ( -3353.999999999976808, 1.948267935869552048E-11, 54.99999999999990052 ) ) ;
#4413 = VERTEX_POINT ( 'NONE', #1163 ) ;
#4414 = DIRECTION ( 'NONE',  ( 0.000000000000000000, 0.000000000000000000, 1.000000000000000000 ) ) ;
#4415 = LINE ( 'NONE', #3591, #2594 ) ;
#4416 = DIRECTION ( 'NONE',  ( -2.523234146875355998E-16, 0.000000000000000000, 1.000000000000000000 ) ) ;
#4417 = DIRECTION ( 'NONE',  ( -0.000000000000000000, -1.000000000000000000, -0.000000000000000000 ) ) ;
#4418 = ORIENTED_EDGE ( 'NONE', *, *, #3272, .T. ) ;
#4419 = EDGE_CURVE ( 'NONE', #1581, #2479, #1367, .T. ) ;
#4420 = VECTOR ( 'NONE', #819, 1000.000000000000000 ) ;
#4421 = CARTESIAN_POINT ( 'NONE',  ( -3315.899999999977808, 239.7500000000200657, 590.9499999999997044 ) ) ;
#4422 = CARTESIAN_POINT ( 'NONE',  ( 1.708382284810557841E-13, 1125.000000000000000, 15.00000000000000000 ) ) ;
#4423 = ORIENTED_EDGE ( 'NONE', *, *, #1406, .F. ) ;
#4424 = CYLINDRICAL_SURFACE ( 'NONE', #793, 20.00000000000018474 ) ;
#4425 = EDGE_CURVE ( 'NONE', #2953, #2945, #1963, .T. ) ;
#4426 = LOCAL_TIME ( 10, 4, 45.00000000000000000, #2819 ) ;
#4427 = CARTESIAN_POINT ( 'NONE',  ( -3305.199999999977990, 1839.750000000020236, 580.0000000000000000 ) ) ;
#4428 = ORIENTED_EDGE ( 'NONE', *, *, #1852, .F. ) ;
#4429 = CYLINDRICAL_SURFACE ( 'NONE', #3425, 15.00000000000000000 ) ;
#4430 = LINE ( 'NONE', #3513, #3154 ) ;
#4431 = APPROVAL_PERSON_ORGANIZATION ( #2277, #965, #812 ) ;
#4432 = DIRECTION ( 'NONE',  ( 0.000000000000000000, -0.000000000000000000, -1.000000000000000000 ) ) ;
#4433 = CARTESIAN_POINT ( 'NONE',  ( -3843.999999999977263, 15.00000000001984546, 502.0000000000000000 ) ) ;
#4434 = EDGE_CURVE ( 'NONE', #4761, #5339, #3119, .T. ) ;
#4435 = AXIS2_PLACEMENT_3D ( 'NONE', #3977, #3994, #1001 ) ;
#4436 = ORIENTED_EDGE ( 'NONE', *, *, #3338, .T. ) ;
#4437 = CIRCLE ( 'NONE', #1624, 20.00000000000018474 ) ;
#4438 = ORIENTED_EDGE ( 'NONE', *, *, #596, .T. ) ;
#4439 = CARTESIAN_POINT ( 'NONE',  ( 15.00000000000016875, -1125.000000000000000, 30.00000000000000000 ) ) ;
#4440 = VERTEX_POINT ( 'NONE', #2455 ) ;
#4441 = CARTESIAN_POINT ( 'NONE',  ( -3869.999999999976808, 130.0000000000222826, 580.0000000000000000 ) ) ;
#4442 = CARTESIAN_POINT ( 'NONE',  ( 600.0000000000002274, -1125.000000000000000, 30.00000000000000000 ) ) ;
#4443 = AXIS2_PLACEMENT_3D ( 'NONE', #3565, #574, #5437 ) ;
#4444 = EDGE_LOOP ( 'NONE', ( #4723, #1061, #1756, #4397 ) ) ;
#4445 = LINE ( 'NONE', #2255, #1421 ) ;
#4446 = VERTEX_POINT ( 'NONE', #2919 ) ;
#4447 = CARTESIAN_POINT ( 'NONE',  ( -3313.199999999977990, 210.2500000000200657, 596.7999999999999545 ) ) ;
#4448 = DIRECTION ( 'NONE',  ( 1.000000000000000000, 0.000000000000000000, 1.248475228922698363E-16 ) ) ;
#4449 = DIRECTION ( 'NONE',  ( 0.000000000000000000, 1.000000000000000000, 0.000000000000000000 ) ) ;
#4450 = CC_DESIGN_DATE_AND_TIME_ASSIGNMENT ( #3681, #1208, ( #3404 ) ) ;
#4451 = CC_DESIGN_PERSON_AND_ORGANIZATION_ASSIGNMENT ( #1752, #366, ( #1758 ) ) ;
#4452 = ORIENTED_EDGE ( 'NONE', *, *, #642, .T. ) ;
#4453 = FACE_OUTER_BOUND ( 'NONE', #4084, .T. ) ;
#4454 = PLANE ( 'NONE',  #3470 ) ;
#4455 = ORIENTED_EDGE ( 'NONE', *, *, #4691, .T. ) ;
#4456 = EDGE_CURVE ( 'NONE', #4494, #5216, #4389, .T. ) ;
#4457 = PLANE ( 'NONE',  #5132 ) ;
#4458 = CIRCLE ( 'NONE', #2651, 5.000000000000000888 ) ;
#4459 = ORIENTED_EDGE ( 'NONE', *, *, #329, .T. ) ;
#4460 = VERTEX_POINT ( 'NONE', #3333 ) ;
#4461 = DIRECTION ( 'NONE',  ( 0.000000000000000000, -1.000000000000000000, 0.000000000000000000 ) ) ;
#4462 = ORIENTED_EDGE ( 'NONE', *, *, #1949, .T. ) ;
#4463 = CARTESIAN_POINT ( 'NONE',  ( 1.708382284810557841E-13, 1125.000000000000000, 30.00000000000000000 ) ) ;
#4464 = EDGE_CURVE ( 'NONE', #3182, #3602, #5135, .T. ) ;
#4465 = DIRECTION ( 'NONE',  ( -1.000000000000000000, 0.000000000000000000, 0.000000000000000000 ) ) ;
#4466 = VERTEX_POINT ( 'NONE', #3747 ) ;
#4467 = VECTOR ( 'NONE', #3851, 1000.000000000000000 ) ;
#4468 = PLANE ( 'NONE',  #3225 ) ;
#4469 = CARTESIAN_POINT ( 'NONE',  ( -3843.999999999977263, 1.984523656517467316E-11, 82.00000000000001421 ) ) ;
#4470 = ORIENTED_EDGE ( 'NONE', *, *, #1905, .T. ) ;
#4471 = AXIS2_PLACEMENT_3D ( 'NONE', #3315, #4679, #2034 ) ;
#4472 = FACE_OUTER_BOUND ( 'NONE', #5356, .T. ) ;
#4473 = DIRECTION ( 'NONE',  ( 0.000000000000000000, -1.000000000000000000, 0.000000000000000000 ) ) ;
#4474 = PLANE ( 'NONE',  #2128 ) ;
#4475 = ORIENTED_EDGE ( 'NONE', *, *, #184, .F. ) ;
#4476 = FACE_OUTER_BOUND ( 'NONE', #5551, .T. ) ;
#4477 = AXIS2_PLACEMENT_3D ( 'NONE', #2518, #2985, #2949 ) ;
#4478 = CARTESIAN_POINT ( 'NONE',  ( 33.00000000000017764, 1015.000000000000114, 30.00000000000000000 ) ) ;
#4479 = VERTEX_POINT ( 'NONE', #3806 ) ;
#4480 = CARTESIAN_POINT ( 'NONE',  ( 33.00000000000018474, -184.9999999999999432, 3.000000000000007105 ) ) ;
#4481 = CARTESIAN_POINT ( 'NONE',  ( 33.00000000000017764, 0.000000000000000000, 30.00000000000000000 ) ) ;
#4482 = LINE ( 'NONE', #5063, #1259 ) ;
#4483 = DIRECTION ( 'NONE',  ( 0.000000000000000000, 1.000000000000000000, -0.000000000000000000 ) ) ;
#4484 = AXIS2_PLACEMENT_3D ( 'NONE', #1235, #1190, #313 ) ;
#4485 = ORIENTED_EDGE ( 'NONE', *, *, #4032, .F. ) ;
#4486 = CARTESIAN_POINT ( 'NONE',  ( -3305.199999999977990, 610.2500000000200089, 596.7999999999999545 ) ) ;
#4487 = FACE_OUTER_BOUND ( 'NONE', #1268, .T. ) ;
#4488 = DIRECTION ( 'NONE',  ( 0.000000000000000000, 1.000000000000000000, 0.000000000000000000 ) ) ;
#4489 = VERTEX_POINT ( 'NONE', #889 ) ;
#4490 = CYLINDRICAL_SURFACE ( 'NONE', #476, 8.000000000000007105 ) ;
#4491 = CARTESIAN_POINT ( 'NONE',  ( -3315.899999999977808, 610.2500000000200089, 596.0000000000000000 ) ) ;
#4492 = CALENDAR_DATE ( 2026, 27, 5 ) ;
#4493 = EDGE_CURVE ( 'NONE', #2664, #4391, #3995, .T. ) ;
#4494 = VERTEX_POINT ( 'NONE', #3768 ) ;
#4495 = FACE_OUTER_BOUND ( 'NONE', #2120, .T. ) ;
#4496 = PLANE ( 'NONE',  #3287 ) ;
#4497 = CARTESIAN_POINT ( 'NONE',  ( 0.000000000000000000, -615.0000000000000000, 30.00000000000000000 ) ) ;
#4498 = VECTOR ( 'NONE', #3546, 1000.000000000000000 ) ;
#4499 = COORDINATED_UNIVERSAL_TIME_OFFSET ( 8, 0, .AHEAD. ) ;
#4500 = CARTESIAN_POINT ( 'NONE',  ( 1.708382284810557841E-13, 1125.000000000000000, 3.000000000000002665 ) ) ;
#4501 = DIRECTION ( 'NONE',  ( 2.643388153869414414E-14, 0.000000000000000000, 1.000000000000000000 ) ) ;
#4502 = ORIENTED_EDGE ( 'NONE', *, *, #3696, .T. ) ;
#4503 = EDGE_CURVE ( 'NONE', #333, #1543, #1832, .T. ) ;
#4504 = LINE ( 'NONE', #1835, #3351 ) ;
#4505 = EDGE_CURVE ( 'NONE', #4081, #874, #3252, .T. ) ;
#4506 = FACE_BOUND ( 'NONE', #2181, .T. ) ;
#4507 = CARTESIAN_POINT ( 'NONE',  ( 15.90000000000017089, 215.0000000000003126, 15.90000000000000036 ) ) ;
#4508 = CARTESIAN_POINT ( 'NONE',  ( -3329.999999999977263, -6.572520305780882291E-13, 580.0000000000000000 ) ) ;
#4509 = COORDINATED_UNIVERSAL_TIME_OFFSET ( 8, 0, .AHEAD. ) ;
#4510 = DIRECTION ( 'NONE',  ( 0.000000000000000000, 0.000000000000000000, 1.000000000000000000 ) ) ;
#4511 = EDGE_LOOP ( 'NONE', ( #1509, #4376 ) ) ;
#4512 = LINE ( 'NONE', #5017, #5117 ) ;
#4513 = LOCAL_TIME ( 10, 4, 45.00000000000000000, #3498 ) ;
#4514 = AXIS2_PLACEMENT_3D ( 'NONE', #4818, #3999, #1827 ) ;
#4515 = CARTESIAN_POINT ( 'NONE',  ( -3843.999999999977263, 1.984523656517467316E-11, 82.00000000000001421 ) ) ;
#4516 = ORIENTED_EDGE ( 'NONE', *, *, #5514, .T. ) ;
#4517 = ORIENTED_EDGE ( 'NONE', *, *, #742, .T. ) ;
#4518 = CARTESIAN_POINT ( 'NONE',  ( -3329.999999999977717, 2239.750000000020009, 580.0000000000000000 ) ) ;
#4519 = ORIENTED_EDGE ( 'NONE', *, *, #349, .F. ) ;
#4520 = VERTEX_POINT ( 'NONE', #5170 ) ;
#4521 = DIRECTION ( 'NONE',  ( 0.000000000000000000, -1.000000000000000000, 0.000000000000000000 ) ) ;
#4522 = LINE ( 'NONE', #4500, #3840 ) ;
#4523 = DIRECTION ( 'NONE',  ( 1.000000000000000000, 0.000000000000000000, 0.000000000000000000 ) ) ;
#4524 = VERTEX_POINT ( 'NONE', #5570 ) ;
#4525 = DIRECTION ( 'NONE',  ( 0.000000000000000000, 1.000000000000000000, 0.000000000000000000 ) ) ;
#4526 = AXIS2_PLACEMENT_3D ( 'NONE', #5535, #1655, #744 ) ;
#4527 = ORIENTED_EDGE ( 'NONE', *, *, #5193, .F. ) ;
#4528 = VECTOR ( 'NONE', #5268, 1000.000000000000000 ) ;
#4529 = VERTEX_POINT ( 'NONE', #420 ) ;
#4530 = CARTESIAN_POINT ( 'NONE',  ( -3329.999999999977717, 639.7500000000200089, 580.0000000000000000 ) ) ;
#4531 = CC_DESIGN_DATE_AND_TIME_ASSIGNMENT ( #3485, #1248, ( #1251 ) ) ;
#4532 = EDGE_CURVE ( 'NONE', #5502, #423, #1098, .T. ) ;
#4533 = ORIENTED_EDGE ( 'NONE', *, *, #3660, .T. ) ;
#4534 = CARTESIAN_POINT ( 'NONE',  ( -3305.199999999977990, 1410.250000000020009, 596.7999999999999545 ) ) ;
#4535 = DIRECTION ( 'NONE',  ( -0.000000000000000000, 1.000000000000000000, -0.000000000000000000 ) ) ;
#4536 = DIRECTION ( 'NONE',  ( 0.000000000000000000, -0.000000000000000000, -1.000000000000000000 ) ) ;
#4537 = ORIENTED_EDGE ( 'NONE', *, *, #2748, .T. ) ;
#4538 = EDGE_CURVE ( 'NONE', #5069, #5119, #2501, .T. ) ;
#4539 = CARTESIAN_POINT ( 'NONE',  ( -3315.899999999977808, 2210.250000000020009, 590.9499999999997044 ) ) ;
#4540 = FACE_OUTER_BOUND ( 'NONE', #4053, .T. ) ;
#4541 =( LENGTH_UNIT ( ) NAMED_UNIT ( * ) SI_UNIT ( .MILLI., .METRE. ) );
#4542 = CARTESIAN_POINT ( 'NONE',  ( 33.00000000000017764, 615.0000000000001137, 30.00000000000000000 ) ) ;
#4543 = EDGE_LOOP ( 'NONE', ( #430, #1405, #4250, #3412 ) ) ;
#4544 = DIRECTION ( 'NONE',  ( 0.000000000000000000, 1.000000000000000000, 0.000000000000000000 ) ) ;
#4545 = CIRCLE ( 'NONE', #24, 27.00000000000011369 ) ;
#4546 = CARTESIAN_POINT ( 'NONE',  ( -3305.199999999977990, 1439.750000000020009, 580.0000000000000000 ) ) ;
#4547 = DIRECTION ( 'NONE',  ( 0.000000000000000000, 1.000000000000000000, 0.000000000000000000 ) ) ;
#4548 = AXIS2_PLACEMENT_3D ( 'NONE', #4779, #2186, #4354 ) ;
#4549 = CARTESIAN_POINT ( 'NONE',  ( -3843.999999999977263, 1.984523656517467316E-11, 82.00000000000001421 ) ) ;
#4550 = CARTESIAN_POINT ( 'NONE',  ( 33.00000000000018474, 615.0000000000001137, 3.000000000000007105 ) ) ;
#4551 = PRODUCT ( '高柜05柜体_高柜05柜体', '高柜05柜体_高柜05柜体', '', ( #5097 ) ) ;
#4552 = ORIENTED_EDGE ( 'NONE', *, *, #17, .T. ) ;
#4553 = AXIS2_PLACEMENT_3D ( 'NONE', #4283, #1715, #425 ) ;
#4554 = VECTOR ( 'NONE', #191, 1000.000000000000000 ) ;
#4555 = DIRECTION ( 'NONE',  ( 0.000000000000000000, -1.000000000000000000, 0.000000000000000000 ) ) ;
#4556 = PLANE ( 'NONE',  #1911 ) ;
#4557 = DIRECTION ( 'NONE',  ( 0.000000000000000000, 1.000000000000000000, 0.000000000000000000 ) ) ;
#4558 = MECHANICAL_CONTEXT ( 'NONE', #4119, 'mechanical' ) ;
#4559 = CARTESIAN_POINT ( 'NONE',  ( 1.708382284810557841E-13, -1125.000000000000000, 15.00000000000000000 ) ) ;
#4560 = ORIENTED_EDGE ( 'NONE', *, *, #4726, .F. ) ;
#4561 = VECTOR ( 'NONE', #2712, 1000.000000000000000 ) ;
#4562 = CC_DESIGN_SECURITY_CLASSIFICATION ( #3404, ( #5607 ) ) ;
#4563 = CARTESIAN_POINT ( 'NONE',  ( 0.000000000000000000, 2320.000000000022283, 580.0000000000000000 ) ) ;
#4564 = VERTEX_POINT ( 'NONE', #4262 ) ;
#4565 = EDGE_CURVE ( 'NONE', #4583, #4734, #1567, .T. ) ;
#4566 = FACE_OUTER_BOUND ( 'NONE', #5213, .T. ) ;
#4567 = CONTEXT_DEPENDENT_SHAPE_REPRESENTATION ( #3774, #5259 ) ;
#4568 = ORIENTED_EDGE ( 'NONE', *, *, #5300, .T. ) ;
#4569 = DIRECTION ( 'NONE',  ( 0.000000000000000000, 0.000000000000000000, -1.000000000000000000 ) ) ;
#4570 = CARTESIAN_POINT ( 'NONE',  ( 33.00000000000018474, 585.0000000000001137, 3.000000000000007105 ) ) ;
#4571 = VECTOR ( 'NONE', #4449, 1000.000000000000000 ) ;
#4572 = DIRECTION ( 'NONE',  ( 0.000000000000000000, 1.000000000000000000, 0.000000000000000000 ) ) ;
#4573 = FACE_OUTER_BOUND ( 'NONE', #1552, .T. ) ;
#4574 = EDGE_CURVE ( 'NONE', #2372, #2014, #2852, .T. ) ;
#4575 = PERSON_AND_ORGANIZATION ( #682, #186 ) ;
#4576 = ADVANCED_FACE ( 'NONE', ( #2714, #1504 ), #848, .F. ) ;
#4577 = PLANE ( 'NONE',  #510 ) ;
#4578 = VERTEX_POINT ( 'NONE', #5133 ) ;
#4579 = FACE_OUTER_BOUND ( 'NONE', #4883, .T. ) ;
#4580 = CARTESIAN_POINT ( 'NONE',  ( 0.000000000000000000, 0.000000000000000000, 0.000000000000000000 ) ) ;
#4581 = EDGE_CURVE ( 'NONE', #3944, #2233, #5550, .T. ) ;
#4582 = AXIS2_PLACEMENT_3D ( 'NONE', #1293, #434, #2641 ) ;
#4583 = VERTEX_POINT ( 'NONE', #2136 ) ;
#4584 = ORIENTED_EDGE ( 'NONE', *, *, #3339, .F. ) ;
#4585 = DIRECTION ( 'NONE',  ( 0.000000000000000000, 1.000000000000000000, 0.000000000000000000 ) ) ;
#4586 = DIRECTION ( 'NONE',  ( 0.000000000000000000, -1.000000000000000000, 0.000000000000000000 ) ) ;
#4587 = VERTEX_POINT ( 'NONE', #2568 ) ;
#4588 = CIRCLE ( 'NONE', #3612, 5.000000000000000888 ) ;
#4589 = ORIENTED_EDGE ( 'NONE', *, *, #2638, .T. ) ;
#4590 = AXIS2_PLACEMENT_3D ( 'NONE', #3961, #4404, #3096 ) ;
#4591 = CARTESIAN_POINT ( 'NONE',  ( 0.000000000000000000, -184.9999999999999432, 30.00000000000000000 ) ) ;
#4592 = DIRECTION ( 'NONE',  ( 1.000000000000000000, 0.000000000000000000, 1.248475228922698363E-16 ) ) ;
#4593 = CARTESIAN_POINT ( 'NONE',  ( -3353.999999999976808, 15.00000000001948131, 82.00000000000001421 ) ) ;
#4594 = ORIENTED_EDGE ( 'NONE', *, *, #458, .T. ) ;
#4595 = DIRECTION ( 'NONE',  ( 1.000000000000000000, 0.000000000000000000, 0.000000000000000000 ) ) ;
#4596 = DIRECTION ( 'NONE',  ( -0.000000000000000000, 1.000000000000000000, -0.000000000000000000 ) ) ;
#4597 = CARTESIAN_POINT ( 'NONE',  ( -3315.899999999977808, 100.0000000000227374, 596.0000000000001137 ) ) ;
#4598 = AXIS2_PLACEMENT_3D ( 'NONE', #2798, #1059, #2870 ) ;
#4599 = LINE ( 'NONE', #629, #3248 ) ;
#4600 = ORIENTED_EDGE ( 'NONE', *, *, #374, .T. ) ;
#4601 = ORIENTED_EDGE ( 'NONE', *, *, #4698, .F. ) ;
#4602 = DIRECTION ( 'NONE',  ( 0.000000000000000000, -1.000000000000000000, 0.000000000000000000 ) ) ;
#4603 = DIRECTION ( 'NONE',  ( 2.643388153869414414E-14, 0.000000000000000000, 1.000000000000000000 ) ) ;
#4604 = ADVANCED_FACE ( 'NONE', ( #4186 ), #5073, .T. ) ;
#4605 = DIRECTION ( 'NONE',  ( 0.000000000000000000, 0.000000000000000000, -1.000000000000000000 ) ) ;
#4606 = ORIENTED_EDGE ( 'NONE', *, *, #1949, .F. ) ;
#4607 = VECTOR ( 'NONE', #406, 1000.000000000000000 ) ;
#4608 = EDGE_CURVE ( 'NONE', #189, #1543, #1902, .T. ) ;
#4609 = DIRECTION ( 'NONE',  ( 0.000000000000000000, 1.000000000000000000, 0.000000000000000000 ) ) ;
#4610 = DIRECTION ( 'NONE',  ( 0.000000000000000000, -0.000000000000000000, -1.000000000000000000 ) ) ;
#4611 = ADVANCED_FACE ( 'NONE', ( #5212, #3786 ), #4760, .T. ) ;
#4612 = DIRECTION ( 'NONE',  ( 0.000000000000000000, 0.000000000000000000, 1.000000000000000000 ) ) ;
#4613 = ORIENTED_EDGE ( 'NONE', *, *, #3632, .F. ) ;
#4614 = LINE ( 'NONE', #2295, #4336 ) ;
#4615 = CARTESIAN_POINT ( 'NONE',  ( 15.00000000000016875, -585.0000000000000000, 30.00000000000000000 ) ) ;
#4616 = DIRECTION ( 'NONE',  ( 0.000000000000000000, 1.000000000000000000, 0.000000000000000000 ) ) ;
#4617 = EDGE_CURVE ( 'NONE', #4489, #3099, #204, .T. ) ;
#4618 = ORIENTED_EDGE ( 'NONE', *, *, #775, .F. ) ;
#4619 = AXIS2_PLACEMENT_3D ( 'NONE', #2226, #2648, #961 ) ;
#4620 = SECURITY_CLASSIFICATION_LEVEL ( 'unclassified' ) ;
#4621 = LINE ( 'NONE', #5102, #3070 ) ;
#4622 = CARTESIAN_POINT ( 'NONE',  ( -3321.999999999977717, 2239.750000000020009, 596.7999999999999545 ) ) ;
#4623 = LINE ( 'NONE', #304, #3271 ) ;
#4624 = AXIS2_PLACEMENT_3D ( 'NONE', #478, #3486, #51 ) ;
#4625 = DIRECTION ( 'NONE',  ( 0.000000000000000000, -1.000000000000000000, 0.000000000000000000 ) ) ;
#4626 = CYLINDRICAL_SURFACE ( 'NONE', #5454, 8.000000000000007105 ) ;
#4627 = CARTESIAN_POINT ( 'NONE',  ( -3305.199999999977990, 610.2500000000200089, 580.0000000000000000 ) ) ;
#4628 = ADVANCED_FACE ( 'NONE', ( #415 ), #3947, .T. ) ;
#4629 = AXIS2_PLACEMENT_3D ( 'NONE', #496, #4353, #4837 ) ;
#4630 = ORIENTED_EDGE ( 'NONE', *, *, #562, .T. ) ;
#4631 = PLANE ( 'NONE',  #2357 ) ;
#4632 = DIRECTION ( 'NONE',  ( -0.000000000000000000, 1.000000000000000000, -0.000000000000000000 ) ) ;
#4633 = CIRCLE ( 'NONE', #278, 15.00000000000000000 ) ;
#4634 = DATE_TIME_ROLE ( 'classification_date' ) ;
#4635 = CARTESIAN_POINT ( 'NONE',  ( -3353.999999999976808, 1.948267935869552048E-11, 82.00000000000001421 ) ) ;
#4636 = ORIENTED_EDGE ( 'NONE', *, *, #2587, .F. ) ;
#4638 = ADVANCED_FACE ( 'NONE', ( #2784 ), #1818, .T. ) ;
#4637 = FACE_OUTER_BOUND ( 'NONE', #1420, .T. ) ;
#4639 = VECTOR ( 'NONE', #92, 1000.000000000000000 ) ;
#4640 = CC_DESIGN_PERSON_AND_ORGANIZATION_ASSIGNMENT ( #3491, #5541, ( #1116 ) ) ;
#4641 = LOCAL_TIME ( 10, 4, 45.00000000000000000, #456 ) ;
#4642 = EDGE_CURVE ( 'NONE', #3625, #1050, #1774, .T. ) ;
#4643 = DIRECTION ( 'NONE',  ( -0.000000000000000000, -1.000000000000000000, -0.000000000000000000 ) ) ;
#4644 = EDGE_LOOP ( 'NONE', ( #4817, #491, #2573, #5044, #1809, #745 ) ) ;
#4645 = LINE ( 'NONE', #4683, #3488 ) ;
#4646 = CIRCLE ( 'NONE', #5211, 5.000000000000000888 ) ;
#4647 = CALENDAR_DATE ( 2026, 27, 5 ) ;
#4648 = CARTESIAN_POINT ( 'NONE',  ( -3313.199999999977990, 1439.750000000020009, 604.7999999999999545 ) ) ;
#4649 = ORIENTED_EDGE ( 'NONE', *, *, #4751, .T. ) ;
#4650 = LINE ( 'NONE', #5359, #4038 ) ;
#4651 = EDGE_CURVE ( 'NONE', #4109, #1109, #624, .T. ) ;
#4652 = PERSON_AND_ORGANIZATION ( #682, #186 ) ;
#4653 = DIRECTION ( 'NONE',  ( 0.000000000000000000, 0.000000000000000000, -1.000000000000000000 ) ) ;
#4654 = EDGE_LOOP ( 'NONE', ( #1290, #2828, #598, #952 ) ) ;
#4655 = APPLICATION_PROTOCOL_DEFINITION ( 'international standard', 'config_control_design', 1994, #2795 ) ;
#4656 = ORIENTED_EDGE ( 'NONE', *, *, #2546, .F. ) ;
#4657 = AXIS2_PLACEMENT_3D ( 'NONE', #849, #4300, #1711 ) ;
#4658 = DIRECTION ( 'NONE',  ( -0.000000000000000000, -0.000000000000000000, 1.000000000000000000 ) ) ;
#4659 = DIRECTION ( 'NONE',  ( 0.000000000000000000, 1.000000000000000000, 0.000000000000000000 ) ) ;
#4660 = CYLINDRICAL_SURFACE ( 'NONE', #3325, 8.000000000000007105 ) ;
#4661 = DIRECTION ( 'NONE',  ( -0.000000000000000000, -0.000000000000000000, 1.000000000000000000 ) ) ;
#4662 = EDGE_LOOP ( 'NONE', ( #4845, #4168 ) ) ;
#4663 = ORIENTED_EDGE ( 'NONE', *, *, #4681, .T. ) ;
#4664 = FACE_OUTER_BOUND ( 'NONE', #2802, .T. ) ;
#4665 = DIRECTION ( 'NONE',  ( -0.000000000000000000, -1.000000000000000000, -0.000000000000000000 ) ) ;
#4666 = ADVANCED_FACE ( 'NONE', ( #2924 ), #2376, .F. ) ;
#4667 = VECTOR ( 'NONE', #977, 1000.000000000000000 ) ;
#4668 = CARTESIAN_POINT ( 'NONE',  ( 15.90000000000017089, -1123.500000000000000, 22.40000000000000213 ) ) ;
#4669 = ORIENTED_EDGE ( 'NONE', *, *, #4207, .T. ) ;
#4670 = VERTEX_POINT ( 'NONE', #3538 ) ;
#4671 = PERSON_AND_ORGANIZATION_ROLE ( 'creator' ) ;
#4672 = DIRECTION ( 'NONE',  ( -0.000000000000000000, 1.000000000000000000, -0.000000000000000000 ) ) ;
#4673 = AXIS2_PLACEMENT_3D ( 'NONE', #5428, #3224, #2364 ) ;
#4674 = EDGE_CURVE ( 'NONE', #910, #1947, #1640, .T. ) ;
#4675 = EDGE_LOOP ( 'NONE', ( #1506, #2322 ) ) ;
#4676 = CARTESIAN_POINT ( 'NONE',  ( -3843.999999999977263, 15.00000000001984546, 109.0000000000001279 ) ) ;
#4677 = CARTESIAN_POINT ( 'NONE',  ( 33.00000000000017764, -214.9999999999999432, 30.00000000000000000 ) ) ;
#4678 = LINE ( 'NONE', #5175, #5009 ) ;
#4679 = DIRECTION ( 'NONE',  ( 0.000000000000000000, -1.000000000000000000, 0.000000000000000000 ) ) ;
#4680 = ORIENTED_EDGE ( 'NONE', *, *, #3237, .T. ) ;
#4681 = EDGE_CURVE ( 'NONE', #1761, #3980, #3514, .T. ) ;
#4682 = VECTOR ( 'NONE', #1214, 1000.000000000000000 ) ;
#4683 = CARTESIAN_POINT ( 'NONE',  ( -3869.999999999976808, 0.000000000000000000, 580.0000000000000000 ) ) ;
#4684 = DIRECTION ( 'NONE',  ( 0.000000000000000000, 1.000000000000000000, -0.000000000000000000 ) ) ;
#4685 = DIRECTION ( 'NONE',  ( 0.000000000000000000, 0.000000000000000000, 1.000000000000000000 ) ) ;
#4686 = ORIENTED_EDGE ( 'NONE', *, *, #816, .F. ) ;
#4687 = ADVANCED_FACE ( 'NONE', ( #488 ), #4337, .T. ) ;
#4688 = VECTOR ( 'NONE', #2653, 1000.000000000000000 ) ;
#4689 = CARTESIAN_POINT ( 'NONE',  ( -33.00000000000001421, 615.0000000000001137, 2.999999999999998668 ) ) ;
#4690 = DIRECTION ( 'NONE',  ( -0.000000000000000000, 0.000000000000000000, 1.000000000000000000 ) ) ;
#4691 = EDGE_CURVE ( 'NONE', #3086, #3164, #2025, .T. ) ;
#4692 = APPROVAL_ROLE ( '' ) ;
#4693 = VERTEX_POINT ( 'NONE', #2707 ) ;
#4694 = CIRCLE ( 'NONE', #1020, 27.00000000000013500 ) ;
#4695 = CARTESIAN_POINT ( 'NONE',  ( 33.00000000000017764, 585.0000000000001137, 30.00000000000000000 ) ) ;
#4696 = CARTESIAN_POINT ( 'NONE',  ( -3305.199999999977990, 610.2500000000200089, 580.0000000000000000 ) ) ;
#4697 = DIRECTION ( 'NONE',  ( 1.000000000000000000, 0.000000000000000000, 0.000000000000000000 ) ) ;
#4698 = EDGE_CURVE ( 'NONE', #1475, #3759, #134, .T. ) ;
#4699 = ORIENTED_EDGE ( 'NONE', *, *, #2617, .T. ) ;
#4700 = CARTESIAN_POINT ( 'NONE',  ( -3353.999999999976808, 15.00000000001948308, 82.00000000000001421 ) ) ;
#4701 = VECTOR ( 'NONE', #4557, 1000.000000000000000 ) ;
#4702 = EDGE_LOOP ( 'NONE', ( #5242, #973, #5397, #3504 ) ) ;
#4703 = CIRCLE ( 'NONE', #3207, 27.00000000000013500 ) ;
#4704 = DIRECTION ( 'NONE',  ( -1.000000000000000000, 0.000000000000000000, -0.000000000000000000 ) ) ;
#4705 = CYLINDRICAL_SURFACE ( 'NONE', #3179, 5.050000000000220979 ) ;
#4706 = APPROVAL_DATE_TIME ( #2541, #1822 ) ;
#4707 = AXIS2_PLACEMENT_3D ( 'NONE', #5231, #2228, #500 ) ;
#4708 = CARTESIAN_POINT ( 'NONE',  ( -3321.999999999977717, 1839.750000000020236, 604.7999999999997272 ) ) ;
#4709 = ORIENTED_EDGE ( 'NONE', *, *, #3298, .T. ) ;
#4710 = EDGE_CURVE ( 'NONE', #5336, #1247, #4051, .T. ) ;
#4711 = DIRECTION ( 'NONE',  ( 2.643388153869414414E-14, 0.000000000000000000, 1.000000000000000000 ) ) ;
#4712 = VECTOR ( 'NONE', #2463, 1000.000000000000000 ) ;
#4713 = FACE_OUTER_BOUND ( 'NONE', #1568, .T. ) ;
#4714 = DIRECTION ( 'NONE',  ( 0.000000000000000000, 0.000000000000000000, 1.000000000000000000 ) ) ;
#4715 = APPROVAL_PERSON_ORGANIZATION ( #4160, #2533, #2942 ) ;
#4716 = ORIENTED_EDGE ( 'NONE', *, *, #1103, .F. ) ;
#4717 = VECTOR ( 'NONE', #4609, 1000.000000000000000 ) ;
#4718 = CARTESIAN_POINT ( 'NONE',  ( -3329.999999999977717, 1904.999999999999545, 580.0000000000000000 ) ) ;
#4719 = CARTESIAN_POINT ( 'NONE',  ( 15.90000000000017089, -585.0000000000000000, 10.90000000000000036 ) ) ;
#4720 = EDGE_CURVE ( 'NONE', #5260, #3510, #1030, .T. ) ;
#4721 = PLANE ( 'NONE',  #1189 ) ;
#4722 = ORIENTED_EDGE ( 'NONE', *, *, #4279, .T. ) ;
#4723 = ORIENTED_EDGE ( 'NONE', *, *, #2845, .T. ) ;
#4724 = CARTESIAN_POINT ( 'NONE',  ( 0.000000000000000000, 0.000000000000000000, 1000.000000000000000 ) ) ;
#4725 = ADVANCED_FACE ( 'NONE', ( #3451 ), #4738, .F. ) ;
#4726 = EDGE_CURVE ( 'NONE', #207, #4982, #753, .T. ) ;
#4727 = EDGE_CURVE ( 'NONE', #72, #5483, #1498, .T. ) ;
#4728 = ORIENTED_EDGE ( 'NONE', *, *, #1123, .F. ) ;
#4729 = FACE_OUTER_BOUND ( 'NONE', #2279, .T. ) ;
#4730 = VERTEX_POINT ( 'NONE', #589 ) ;
#4731 = CARTESIAN_POINT ( 'NONE',  ( 15.90000000000017089, -1125.000000000000000, 15.90000000000000036 ) ) ;
#4732 = ORIENTED_EDGE ( 'NONE', *, *, #3690, .T. ) ;
#4733 = VECTOR ( 'NONE', #4927, 1000.000000000000000 ) ;
#4734 = VERTEX_POINT ( 'NONE', #992 ) ;
#4735 = DIRECTION ( 'NONE',  ( 0.000000000000000000, 1.000000000000000000, 0.000000000000000000 ) ) ;
#4736 = CARTESIAN_POINT ( 'NONE',  ( -3843.999999999977263, 100.0000000000198526, 474.9999999999998863 ) ) ;
#4737 = DIRECTION ( 'NONE',  ( 0.000000000000000000, 0.000000000000000000, -1.000000000000000000 ) ) ;
#4738 = CYLINDRICAL_SURFACE ( 'NONE', #174, 5.000000000000000888 ) ;
#4739 = ORIENTED_EDGE ( 'NONE', *, *, #419, .T. ) ;
#4740 = AXIS2_PLACEMENT_3D ( 'NONE', #1410, #4895, #4414 ) ;
#4741 = CARTESIAN_POINT ( 'NONE',  ( -3329.999999999977717, 1839.750000000020236, 580.0000000000000000 ) ) ;
#4742 = ORIENTED_EDGE ( 'NONE', *, *, #2113, .F. ) ;
#4743 = LINE ( 'NONE', #2979, #2995 ) ;
#4744 = ADVANCED_FACE ( 'NONE', ( #4180 ), #179, .F. ) ;
#4745 = CARTESIAN_POINT ( 'NONE',  ( -3329.999999999977717, 1904.999999999999545, 22.00000000000002132 ) ) ;
#4746 = VERTEX_POINT ( 'NONE', #3226 ) ;
#4747 = DATE_TIME_ROLE ( 'classification_date' ) ;
#4748 = DIRECTION ( 'NONE',  ( 0.000000000000000000, 0.000000000000000000, 1.000000000000000000 ) ) ;
#4749 = CC_DESIGN_PERSON_AND_ORGANIZATION_ASSIGNMENT ( #4980, #679, ( #5217 ) ) ;
#4750 = VECTOR ( 'NONE', #2695, 1000.000000000000000 ) ;
#4751 = EDGE_CURVE ( 'NONE', #2567, #5383, #962, .T. ) ;
#4752 = ADVANCED_FACE ( 'NONE', ( #4664 ), #3576, .T. ) ;
#4753 = CARTESIAN_POINT ( 'NONE',  ( -3843.999999999977263, 85.00000000001985256, 529.0000000000001137 ) ) ;
#4754 = ORIENTED_EDGE ( 'NONE', *, *, #1799, .F. ) ;
#4755 = DIRECTION ( 'NONE',  ( 0.000000000000000000, 1.000000000000000000, 0.000000000000000000 ) ) ;
#4756 = FACE_OUTER_BOUND ( 'NONE', #1762, .T. ) ;
#4757 = VERTEX_POINT ( 'NONE', #1478 ) ;
#4758 = EDGE_CURVE ( 'NONE', #3754, #2696, #902, .T. ) ;
#4759 = FACE_OUTER_BOUND ( 'NONE', #2497, .T. ) ;
#4760 = PLANE ( 'NONE',  #5286 ) ;
#4761 = VERTEX_POINT ( 'NONE', #4486 ) ;
#4762 = DIRECTION ( 'NONE',  ( 0.000000000000000000, -0.000000000000000000, 1.000000000000000000 ) ) ;
#4763 = VECTOR ( 'NONE', #4755, 1000.000000000000000 ) ;
#4764 = EDGE_CURVE ( 'NONE', #2945, #5526, #3308, .T. ) ;
#4765 = AXIS2_PLACEMENT_3D ( 'NONE', #3260, #5024, #4120 ) ;
#4766 = DIRECTION ( 'NONE',  ( 0.000000000000000000, 1.000000000000000000, -0.000000000000000000 ) ) ;
#4767 = VERTEX_POINT ( 'NONE', #2739 ) ;
#4768 = CYLINDRICAL_SURFACE ( 'NONE', #4548, 15.00000000000000000 ) ;
#4769 = PLANE ( 'NONE',  #2826 ) ;
#4770 = VECTOR ( 'NONE', #289, 1000.000000000000000 ) ;
#4771 = ADVANCED_FACE ( 'NONE', ( #339 ), #3378, .T. ) ;
#4772 = AXIS2_PLACEMENT_3D ( 'NONE', #4045, #4555, #4536 ) ;
#4773 = ORIENTED_EDGE ( 'NONE', *, *, #2215, .T. ) ;
#4774 = FACE_BOUND ( 'NONE', #4154, .T. ) ;
#4775 = VECTOR ( 'NONE', #896, 1000.000000000000000 ) ;
#4776 = LOCAL_TIME ( 10, 4, 45.00000000000000000, #315 ) ;
#4777 = CARTESIAN_POINT ( 'NONE',  ( 15.00000000000016875, -1125.000000000000000, 30.00000000000000000 ) ) ;
#4778 = ADVANCED_FACE ( 'NONE', ( #2780 ), #4468, .T. ) ;
#4779 = CARTESIAN_POINT ( 'NONE',  ( 15.00000000000016875, 0.000000000000000000, 15.00000000000000000 ) ) ;
#4780 = ORIENTED_EDGE ( 'NONE', *, *, #5299, .T. ) ;
#4781 = PERSON ( 'NAUO-PER2', 'UNSPECIFIED', 'UNSPECIFIED', ('UNSPECIFIED'), ('UNSPECIFIED'), ('UNSPECIFIED') ) ;
#4782 = LINE ( 'NONE', #4037, #4165 ) ;
#4783 = AXIS2_PLACEMENT_3D ( 'NONE', #1844, #4015, #4465 ) ;
#4784 = CARTESIAN_POINT ( 'NONE',  ( 1.708382284810557841E-13, -214.9999999999998579, 30.00000000000000000 ) ) ;
#4785 = CARTESIAN_POINT ( 'NONE',  ( -3353.999999999976808, 15.00000000001948308, 522.0000000000001137 ) ) ;
#4786 = ORIENTED_EDGE ( 'NONE', *, *, #4351, .F. ) ;
#4787 = LINE ( 'NONE', #280, #3627 ) ;
#4788 = SHAPE_DEFINITION_REPRESENTATION ( #4258, #4986 ) ;
#4789 = CARTESIAN_POINT ( 'NONE',  ( -3315.899999999977808, 1439.750000000020009, 596.0000000000000000 ) ) ;
#4790 = VERTEX_POINT ( 'NONE', #158 ) ;
#4791 = DIRECTION ( 'NONE',  ( 0.000000000000000000, -0.000000000000000000, -1.000000000000000000 ) ) ;
#4792 = EDGE_LOOP ( 'NONE', ( #2642, #4974, #2064, #1450 ) ) ;
#4793 = EDGE_CURVE ( 'NONE', #2678, #3542, #3181, .T. ) ;
#4794 = DIRECTION ( 'NONE',  ( 2.643388153869414414E-14, 0.000000000000000000, 1.000000000000000000 ) ) ;
#4795 = ORIENTED_EDGE ( 'NONE', *, *, #5589, .T. ) ;
#4796 = ORIENTED_EDGE ( 'NONE', *, *, #1615, .T. ) ;
#4797 = CIRCLE ( 'NONE', #5543, 6.450000000000001066 ) ;
#4798 = EDGE_LOOP ( 'NONE', ( #5401, #2565, #3018, #3025 ) ) ;
#4799 = DIRECTION ( 'NONE',  ( 1.000000000000000000, 0.000000000000000000, 0.000000000000000000 ) ) ;
#4800 = EDGE_CURVE ( 'NONE', #4466, #523, #4599, .T. ) ;
#4801 = PLANE ( 'NONE',  #460 ) ;
#4802 = EDGE_CURVE ( 'NONE', #3602, #3642, #1091, .T. ) ;
#4803 = ADVANCED_FACE ( 'NONE', ( #270 ), #4805, .F. ) ;
#4804 = ORIENTED_EDGE ( 'NONE', *, *, #4710, .F. ) ;
#4805 = CYLINDRICAL_SURFACE ( 'NONE', #3150, 5.000000000000000888 ) ;
#4806 = DIRECTION ( 'NONE',  ( 0.000000000000000000, 1.000000000000000000, 0.000000000000000000 ) ) ;
#4807 = ORIENTED_EDGE ( 'NONE', *, *, #3037, .T. ) ;
#4808 = EDGE_LOOP ( 'NONE', ( #1559, #4686, #59, #1400 ) ) ;
#4809 = DIRECTION ( 'NONE',  ( 0.000000000000000000, 1.000000000000000000, -0.000000000000000000 ) ) ;
#4810 = EDGE_LOOP ( 'NONE', ( #4833, #1141, #3986, #1695, #1709, #4245 ) ) ;
#4811 = CARTESIAN_POINT ( 'NONE',  ( -3315.899999999977808, 1410.250000000020009, 596.0000000000000000 ) ) ;
#4812 = MANIFOLD_SOLID_BREP ( '阵列(线性)3', #5255 ) ;
#4813 = ADVANCED_FACE ( 'NONE', ( #1232 ), #1632, .T. ) ;
#4814 = AXIS2_PLACEMENT_3D ( 'NONE', #774, #2197, #2620 ) ;
#4815 = PRODUCT_DEFINITION_SHAPE ( 'NONE', 'NONE',  #1286 ) ;
#4816 = DIRECTION ( 'NONE',  ( 2.643388153869414414E-14, 0.000000000000000000, 1.000000000000000000 ) ) ;
#4817 = ORIENTED_EDGE ( 'NONE', *, *, #5276, .F. ) ;
#4818 = CARTESIAN_POINT ( 'NONE',  ( -3353.999999999976808, 15.00000000001948308, 82.00000000000001421 ) ) ;
#4819 = CARTESIAN_POINT ( 'NONE',  ( 33.00000000000018474, 215.0000000000001990, 3.000000000000007105 ) ) ;
#4820 = VERTEX_POINT ( 'NONE', #4159 ) ;
#4821 = FACE_OUTER_BOUND ( 'NONE', #1627, .T. ) ;
#4822 = AXIS2_PLACEMENT_3D ( 'NONE', #1197, #4200, #3828 ) ;
#4823 = DIRECTION ( 'NONE',  ( 1.000000000000000000, 0.000000000000000000, 1.248475228922698363E-16 ) ) ;
#4824 = ORIENTED_EDGE ( 'NONE', *, *, #757, .F. ) ;
#4825 = VECTOR ( 'NONE', #5305, 1000.000000000000000 ) ;
#4826 = CARTESIAN_POINT ( 'NONE',  ( -3843.999999999977263, 85.00000000001985256, 474.9999999999998863 ) ) ;
#4827 = CARTESIAN_POINT ( 'NONE',  ( -3843.999999999977263, 85.00000000001985256, 481.9999999999998295 ) ) ;
#4828 = CC_DESIGN_PERSON_AND_ORGANIZATION_ASSIGNMENT ( #1611, #3814, ( #667 ) ) ;
#4829 = VERTEX_POINT ( 'NONE', #4962 ) ;
#4830 = EDGE_CURVE ( 'NONE', #4670, #3078, #3776, .T. ) ;
#4831 = DIRECTION ( 'NONE',  ( 1.000000000000000000, 1.973729821555833987E-16, -0.000000000000000000 ) ) ;
#4832 = DIRECTION ( 'NONE',  ( 0.000000000000000000, 1.000000000000000000, 0.000000000000000000 ) ) ;
#4833 = ORIENTED_EDGE ( 'NONE', *, *, #1187, .F. ) ;
#4834 = LINE ( 'NONE', #152, #3672 ) ;
#4835 = EDGE_CURVE ( 'NONE', #277, #3570, #4458, .T. ) ;
#4836 = VERTEX_POINT ( 'NONE', #1553 ) ;
#4837 = DIRECTION ( 'NONE',  ( 0.000000000000000000, 0.000000000000000000, 1.000000000000000000 ) ) ;
#4838 = ADVANCED_FACE ( 'NONE', ( #5066 ), #2872, .T. ) ;
#4839 = FACE_OUTER_BOUND ( 'NONE', #3342, .T. ) ;
#4840 = ORIENTED_EDGE ( 'NONE', *, *, #4271, .F. ) ;
#4841 = FACE_BOUND ( 'NONE', #302, .T. ) ;
#4842 = AXIS2_PLACEMENT_3D ( 'NONE', #1466, #148, #4010 ) ;
#4843 = LINE ( 'NONE', #5019, #100 ) ;
#4844 = CALENDAR_DATE ( 2026, 27, 5 ) ;
#4845 = ORIENTED_EDGE ( 'NONE', *, *, #3331, .T. ) ;
#4846 = VECTOR ( 'NONE', #2132, 1000.000000000000000 ) ;
#4847 = CARTESIAN_POINT ( 'NONE',  ( 15.90000000000017089, 1125.000000000000000, 9.400000000000000355 ) ) ;
#4848 = FACE_OUTER_BOUND ( 'NONE', #5304, .T. ) ;
#4849 = DATE_AND_TIME ( #1541, #3227 ) ;
#4850 = PLANE ( 'NONE',  #1788 ) ;
#4851 = CARTESIAN_POINT ( 'NONE',  ( -3315.899999999977808, 1410.250000000020009, 590.9499999999997044 ) ) ;
#4852 = AXIS2_PLACEMENT_3D ( 'NONE', #3369, #2048, #2109 ) ;
#4853 = ORIENTED_EDGE ( 'NONE', *, *, #5354, .T. ) ;
#4854 = ORIENTED_EDGE ( 'NONE', *, *, #5328, .T. ) ;
#4855 = CARTESIAN_POINT ( 'NONE',  ( -3313.199999999977990, 1810.250000000020009, 604.7999999999999545 ) ) ;
#4856 = DIRECTION ( 'NONE',  ( 0.000000000000000000, 0.000000000000000000, -1.000000000000000000 ) ) ;
#4857 = ORIENTED_EDGE ( 'NONE', *, *, #816, .T. ) ;
#4858 = CC_DESIGN_SECURITY_CLASSIFICATION ( #1570, ( #5609 ) ) ;
#4859 = CC_DESIGN_APPROVAL ( #3761, ( #409 ) ) ;
#4860 = PLANE ( 'NONE',  #3360 ) ;
#4861 = EDGE_CURVE ( 'NONE', #1052, #3377, #1894, .T. ) ;
#4862 = ORIENTED_EDGE ( 'NONE', *, *, #45, .T. ) ;
#4863 = PLANE ( 'NONE',  #3857 ) ;
#4864 = FACE_OUTER_BOUND ( 'NONE', #4879, .T. ) ;
#4865 = ORIENTED_EDGE ( 'NONE', *, *, #5368, .F. ) ;
#4866 = DIRECTION ( 'NONE',  ( 0.000000000000000000, -1.000000000000000000, 0.000000000000000000 ) ) ;
#4867 = CARTESIAN_POINT ( 'NONE',  ( -3305.199999999977990, 1410.250000000020009, 580.0000000000000000 ) ) ;
#4868 = EDGE_CURVE ( 'NONE', #1884, #2678, #1299, .T. ) ;
#4869 = VERTEX_POINT ( 'NONE', #3655 ) ;
#4870 = CYLINDRICAL_SURFACE ( 'NONE', #1497, 27.00000000000013500 ) ;
#4871 = CARTESIAN_POINT ( 'NONE',  ( -3869.999999999976808, 2320.000000000022283, 580.0000000000000000 ) ) ;
#4872 = CARTESIAN_POINT ( 'NONE',  ( -3305.199999999977990, 2239.750000000020009, 596.7999999999999545 ) ) ;
#4873 = FACE_OUTER_BOUND ( 'NONE', #1633, .T. ) ;
#4874 = DIRECTION ( 'NONE',  ( 0.000000000000000000, 0.000000000000000000, 1.000000000000000000 ) ) ;
#4875 = ORIENTED_EDGE ( 'NONE', *, *, #2875, .F. ) ;
#4876 = EDGE_CURVE ( 'NONE', #271, #1088, #1767, .T. ) ;
#4877 = AXIS2_PLACEMENT_3D ( 'NONE', #4996, #3279, #1140 ) ;
#4878 = ORIENTED_EDGE ( 'NONE', *, *, #5118, .F. ) ;
#4879 = EDGE_LOOP ( 'NONE', ( #935, #1691, #4934, #2959 ) ) ;
#4880 = CARTESIAN_POINT ( 'NONE',  ( 4.000000000000003553, 4.898587196589417759E-16, 1000.000000000000000 ) ) ;
#4881 = EDGE_CURVE ( 'NONE', #5477, #3642, #2227, .T. ) ;
#4882 = AXIS2_PLACEMENT_3D ( 'NONE', #2031, #4177, #5486 ) ;
#4883 = EDGE_LOOP ( 'NONE', ( #3725, #1770, #402, #5166, #4, #2389 ) ) ;
#4884 = DIRECTION ( 'NONE',  ( 0.000000000000000000, 0.000000000000000000, 1.000000000000000000 ) ) ;
#4885 = FACE_OUTER_BOUND ( 'NONE', #542, .T. ) ;
#4886 = DIRECTION ( 'NONE',  ( 0.000000000000000000, -1.000000000000000000, 0.000000000000000000 ) ) ;
#4887 = CARTESIAN_POINT ( 'NONE',  ( -3321.999999999977717, 1410.250000000020009, 596.7999999999999545 ) ) ;
#4888 = VERTEX_POINT ( 'NONE', #4546 ) ;
#4889 = CARTESIAN_POINT ( 'NONE',  ( 1.708382284810557841E-13, 1125.000000000000000, 3.000000000000002665 ) ) ;
#4890 = AXIS2_PLACEMENT_3D ( 'NONE', #2907, #4602, #1628 ) ;
#4891 = FACE_OUTER_BOUND ( 'NONE', #3310, .T. ) ;
#4892 = CARTESIAN_POINT ( 'NONE',  ( 600.0000000000002274, 1125.000000000000000, 30.00000000000000000 ) ) ;
#4893 = DIRECTION ( 'NONE',  ( 0.000000000000000000, 1.000000000000000000, 0.000000000000000000 ) ) ;
#4894 = ORIENTED_EDGE ( 'NONE', *, *, #267, .F. ) ;
#4895 = DIRECTION ( 'NONE',  ( -0.000000000000000000, -1.000000000000000000, -0.000000000000000000 ) ) ;
#4896 = DIRECTION ( 'NONE',  ( -1.000000000000000000, 0.000000000000000000, 0.000000000000000000 ) ) ;
#4897 = LINE ( 'NONE', #3679, #2807 ) ;
#4898 = PLANE ( 'NONE',  #5014 ) ;
#4899 = ORIENTED_EDGE ( 'NONE', *, *, #3622, .T. ) ;
#4900 = EDGE_CURVE ( 'NONE', #3625, #3580, #618, .T. ) ;
#4901 = FACE_OUTER_BOUND ( 'NONE', #4810, .T. ) ;
#4902 = CARTESIAN_POINT ( 'NONE',  ( 1.734723475976807094E-13, -615.0000000000000000, 3.000000000000003109 ) ) ;
#4903 = DIRECTION ( 'NONE',  ( 0.000000000000000000, 1.000000000000000000, 0.000000000000000000 ) ) ;
#4904 = CIRCLE ( 'NONE', #164, 20.00000000000018474 ) ;
#4905 = EDGE_CURVE ( 'NONE', #3309, #4869, #3920, .T. ) ;
#4906 = EDGE_CURVE ( 'NONE', #5182, #5056, #3643, .T. ) ;
#4907 = DIRECTION ( 'NONE',  ( 0.000000000000000000, -0.000000000000000000, 1.000000000000000000 ) ) ;
#4908 = EDGE_LOOP ( 'NONE', ( #1820, #4954 ) ) ;
#4909 = LINE ( 'NONE', #254, #1004 ) ;
#4910 = DIRECTION ( 'NONE',  ( 0.000000000000000000, 0.000000000000000000, 1.000000000000000000 ) ) ;
#4911 = CYLINDRICAL_SURFACE ( 'NONE', #4977, 27.00000000000010658 ) ;
#4912 = CALENDAR_DATE ( 2026, 27, 5 ) ;
#4913 = DIRECTION ( 'NONE',  ( 0.000000000000000000, 0.000000000000000000, 1.000000000000000000 ) ) ;
#4914 = CARTESIAN_POINT ( 'NONE',  ( -3305.199999999977990, 1439.750000000020009, 580.0000000000000000 ) ) ;
#4915 = AXIS2_PLACEMENT_3D ( 'NONE', #5587, #1732, #4685 ) ;
#4916 = ORIENTED_EDGE ( 'NONE', *, *, #1961, .F. ) ;
#4917 = VECTOR ( 'NONE', #1908, 1000.000000000000000 ) ;
#4918 = DIRECTION ( 'NONE',  ( 0.000000000000000000, 1.000000000000000000, 0.000000000000000000 ) ) ;
#4919 = APPROVAL_PERSON_ORGANIZATION ( #527, #486, #2406 ) ;
#4920 = ORIENTED_EDGE ( 'NONE', *, *, #2221, .F. ) ;
#4921 = DIRECTION ( 'NONE',  ( 0.000000000000000000, -1.000000000000000000, 0.000000000000000000 ) ) ;
#4922 = ORIENTED_EDGE ( 'NONE', *, *, #5299, .F. ) ;
#4923 = DIRECTION ( 'NONE',  ( -1.000000000000000000, 0.000000000000000000, 0.000000000000000000 ) ) ;
#4924 = AXIS2_PLACEMENT_3D ( 'NONE', #4892, #1425, #1048 ) ;
#4925 = ORIENTED_EDGE ( 'NONE', *, *, #5388, .T. ) ;
#4926 = VERTEX_POINT ( 'NONE', #4695 ) ;
#4927 = DIRECTION ( 'NONE',  ( 0.000000000000000000, 1.000000000000000000, 0.000000000000000000 ) ) ;
#4928 = CC_DESIGN_DATE_AND_TIME_ASSIGNMENT ( #2832, #4956, ( #409 ) ) ;
#4929 = VECTOR ( 'NONE', #2258, 1000.000000000000000 ) ;
#4930 = ORIENTED_EDGE ( 'NONE', *, *, #3592, .T. ) ;
#4931 = EDGE_CURVE ( 'NONE', #5458, #5526, #1161, .T. ) ;
#4932 = PLANE ( 'NONE',  #1229 ) ;
#4933 = ORIENTED_EDGE ( 'NONE', *, *, #1261, .F. ) ;
#4934 = ORIENTED_EDGE ( 'NONE', *, *, #757, .T. ) ;
#4935 = ORIENTED_EDGE ( 'NONE', *, *, #4386, .T. ) ;
#4936 = DIRECTION ( 'NONE',  ( 0.000000000000000000, 0.000000000000000000, 1.000000000000000000 ) ) ;
#4937 = EDGE_CURVE ( 'NONE', #1878, #3500, #200, .T. ) ;
#4938 = CARTESIAN_POINT ( 'NONE',  ( -3843.999999999977263, 1.984523656517467316E-11, 502.0000000000000000 ) ) ;
#4939 = DIRECTION ( 'NONE',  ( 0.000000000000000000, 0.000000000000000000, 1.000000000000000000 ) ) ;
#4940 = VECTOR ( 'NONE', #2897, 1000.000000000000000 ) ;
#4941 = ORIENTED_EDGE ( 'NONE', *, *, #4905, .F. ) ;
#4942 = VERTEX_POINT ( 'NONE', #3187 ) ;
#4943 = DIRECTION ( 'NONE',  ( 1.973729821555833740E-16, -1.000000000000000000, 0.000000000000000000 ) ) ;
#4944 = DIRECTION ( 'NONE',  ( 0.000000000000000000, 1.000000000000000000, 0.000000000000000000 ) ) ;
#4945 = VERTEX_POINT ( 'NONE', #143 ) ;
#4946 = AXIS2_PLACEMENT_3D ( 'NONE', #4593, #2018, #2003 ) ;
#4947 = LINE ( 'NONE', #81, #2450 ) ;
#4948 = DIRECTION ( 'NONE',  ( -1.000000000000000000, 0.000000000000000000, -0.000000000000000000 ) ) ;
#4949 = VERTEX_POINT ( 'NONE', #123 ) ;
#4950 = LINE ( 'NONE', #558, #4199 ) ;
#4951 = AXIS2_PLACEMENT_3D ( 'NONE', #5381, #2808, #1542 ) ;
#4952 = CARTESIAN_POINT ( 'NONE',  ( 15.00000000000016875, 1015.000000000000114, 15.00000000000000000 ) ) ;
#4953 = DIRECTION ( 'NONE',  ( -1.000000000000000000, 0.000000000000000000, 0.000000000000000000 ) ) ;
#4954 = ORIENTED_EDGE ( 'NONE', *, *, #1150, .F. ) ;
#4955 = CARTESIAN_POINT ( 'NONE',  ( 15.00000000000016875, -214.9999999999999432, 15.00000000000000000 ) ) ;
#4956 = DATE_TIME_ROLE ( 'creation_date' ) ;
#4957 = DIRECTION ( 'NONE',  ( -0.000000000000000000, 1.000000000000000000, -0.000000000000000000 ) ) ;
#4958 = CIRCLE ( 'NONE', #4740, 5.000000000000000888 ) ;
#4959 = CARTESIAN_POINT ( 'NONE',  ( -3843.999999999977263, 15.00000000001984546, 502.0000000000000000 ) ) ;
#4960 = AXIS2_PLACEMENT_3D ( 'NONE', #4507, #4069, #627 ) ;
#4961 = ORIENTED_EDGE ( 'NONE', *, *, #4425, .T. ) ;
#4962 = CARTESIAN_POINT ( 'NONE',  ( -3313.199999999977990, 1839.750000000020236, 604.7999999999999545 ) ) ;
#4963 = EDGE_CURVE ( 'NONE', #3590, #5005, #5207, .T. ) ;
#4964 = FACE_OUTER_BOUND ( 'NONE', #736, .T. ) ;
#4965 = DIRECTION ( 'NONE',  ( 0.000000000000000000, 1.000000000000000000, 0.000000000000000000 ) ) ;
#4966 = VECTOR ( 'NONE', #2171, 1000.000000000000000 ) ;
#4967 = EDGE_CURVE ( 'NONE', #5336, #1023, #2847, .T. ) ;
#4968 = ORIENTED_EDGE ( 'NONE', *, *, #4868, .T. ) ;
#4969 = VECTOR ( 'NONE', #2329, 1000.000000000000000 ) ;
#4970 = DIRECTION ( 'NONE',  ( 0.000000000000000000, 1.000000000000000000, -0.000000000000000000 ) ) ;
#4971 = VECTOR ( 'NONE', #187, 1000.000000000000000 ) ;
#4972 = CARTESIAN_POINT ( 'NONE',  ( -3843.999999999977263, 85.00000000001985256, 54.99999999999990052 ) ) ;
#4973 = DIRECTION ( 'NONE',  ( 1.000000000000000000, 0.000000000000000000, 0.000000000000000000 ) ) ;
#4974 = ORIENTED_EDGE ( 'NONE', *, *, #4425, .F. ) ;
#4975 = EDGE_CURVE ( 'NONE', #4734, #3438, #5467, .T. ) ;
#4976 = LINE ( 'NONE', #3691, #4092 ) ;
#4977 = AXIS2_PLACEMENT_3D ( 'NONE', #4635, #5425, #2851 ) ;
#4978 = VECTOR ( 'NONE', #5235, 1000.000000000000000 ) ;
#4979 = CARTESIAN_POINT ( 'NONE',  ( -3329.999999999977717, 1410.250000000020009, 580.0000000000000000 ) ) ;
#4980 = PERSON_AND_ORGANIZATION ( #682, #186 ) ;
#4981 = DIRECTION ( 'NONE',  ( 0.000000000000000000, 0.000000000000000000, -1.000000000000000000 ) ) ;
#4982 = VERTEX_POINT ( 'NONE', #4409 ) ;
#4983 = FACE_OUTER_BOUND ( 'NONE', #3235, .T. ) ;
#4984 = AXIS2_PLACEMENT_3D ( 'NONE', #1643, #1246, #1281 ) ;
#4985 = DIRECTION ( 'NONE',  ( 0.000000000000000000, 0.000000000000000000, -1.000000000000000000 ) ) ;
#4986 = SHAPE_REPRESENTATION ( '高柜02柜门_高柜02柜门', ( #1102 ), #628 ) ;
#4987 = ORIENTED_EDGE ( 'NONE', *, *, #3228, .T. ) ;
#4988 = VERTEX_POINT ( 'NONE', #1046 ) ;
#4989 =( NAMED_UNIT ( * ) PLANE_ANGLE_UNIT ( ) SI_UNIT ( $, .RADIAN. ) );
#4990 = VERTEX_POINT ( 'NONE', #4855 ) ;
#4991 = CARTESIAN_POINT ( 'NONE',  ( 33.00000000000018474, 985.0000000000001137, 3.000000000000007105 ) ) ;
#4992 = AXIS2_PLACEMENT_3D ( 'NONE', #5214, #2175, #2632 ) ;
#4993 = CARTESIAN_POINT ( 'NONE',  ( -3313.199999999977990, 2210.250000000020009, 596.7999999999999545 ) ) ;
#4994 = CIRCLE ( 'NONE', #4673, 5.000000000000000888 ) ;
#4995 = VERTEX_POINT ( 'NONE', #1441 ) ;
#4996 = CARTESIAN_POINT ( 'NONE',  ( 15.90000000000017089, 185.0000000000002842, 15.90000000000000036 ) ) ;
#4997 = EDGE_CURVE ( 'NONE', #4757, #712, #5330, .T. ) ;
#4998 = FACE_OUTER_BOUND ( 'NONE', #1912, .T. ) ;
#4999 = VERTEX_POINT ( 'NONE', #3149 ) ;
#5000 = CARTESIAN_POINT ( 'NONE',  ( -3313.199999999977990, 1810.250000000020009, 604.7999999999999545 ) ) ;
#5001 = ADVANCED_FACE ( 'NONE', ( #334 ), #3175, .T. ) ;
#5002 = CARTESIAN_POINT ( 'NONE',  ( 15.90000000000017089, -1125.000000000000000, 20.90000000000000213 ) ) ;
#5003 = VERTEX_POINT ( 'NONE', #1885 ) ;
#5004 = CARTESIAN_POINT ( 'NONE',  ( -3305.199999999977990, 610.2500000000200089, 580.0000000000000000 ) ) ;
#5005 = VERTEX_POINT ( 'NONE', #5351 ) ;
#5006 = CARTESIAN_POINT ( 'NONE',  ( -3305.199999999977990, 1010.250000000019895, 596.7999999999999545 ) ) ;
#5007 = EDGE_CURVE ( 'NONE', #1884, #4460, #1890, .T. ) ;
#5008 = AXIS2_PLACEMENT_3D ( 'NONE', #1258, #3524, #3948 ) ;
#5009 = VECTOR ( 'NONE', #2, 1000.000000000000000 ) ;
#5010 = DIRECTION ( 'NONE',  ( 0.000000000000000000, 0.9999999999999997780, 0.000000000000000000 ) ) ;
#5011 = EDGE_LOOP ( 'NONE', ( #4114, #2636, #3894, #1601 ) ) ;
#5012 = CARTESIAN_POINT ( 'NONE',  ( -3305.199999999977990, 610.2500000000200089, 596.7999999999999545 ) ) ;
#5013 = CIRCLE ( 'NONE', #1780, 7.999999999999785061 ) ;
#5014 = AXIS2_PLACEMENT_3D ( 'NONE', #5292, #1414, #521 ) ;
#5015 = ORIENTED_EDGE ( 'NONE', *, *, #1594, .F. ) ;
#5016 = CIRCLE ( 'NONE', #5566, 15.00000000000000000 ) ;
#5017 = CARTESIAN_POINT ( 'NONE',  ( -3313.199999999977990, 2239.750000000020009, 604.7999999999999545 ) ) ;
#5018 = DIRECTION ( 'NONE',  ( 0.000000000000000000, -1.000000000000000000, 0.000000000000000000 ) ) ;
#5019 = CARTESIAN_POINT ( 'NONE',  ( -33.00000000000001421, -985.0000000000000000, 2.999999999999998668 ) ) ;
#5020 = VERTEX_POINT ( 'NONE', #5333 ) ;
#5021 = ADVANCED_FACE ( 'NONE', ( #2983 ), #178, .T. ) ;
#5022 = LINE ( 'NONE', #1471, #1730 ) ;
#5023 = CARTESIAN_POINT ( 'NONE',  ( 0.000000000000000000, 0.000000000000000000, 0.000000000000000000 ) ) ;
#5024 = DIRECTION ( 'NONE',  ( 0.000000000000000000, -1.000000000000000000, 0.000000000000000000 ) ) ;
#5025 = EDGE_LOOP ( 'NONE', ( #1745, #5346, #5189, #5190 ) ) ;
#5026 = LINE ( 'NONE', #2091, #5362 ) ;
#5027 = PLANE ( 'NONE',  #4192 ) ;
#5028 = CC_DESIGN_PERSON_AND_ORGANIZATION_ASSIGNMENT ( #4652, #4100, ( #1157 ) ) ;
#5029 = DIRECTION ( 'NONE',  ( -2.523234146875356491E-16, 0.000000000000000000, 1.000000000000000000 ) ) ;
#5030 = EDGE_LOOP ( 'NONE', ( #4854, #2105, #4387, #3989 ) ) ;
#5031 = EDGE_CURVE ( 'NONE', #2684, #4836, #1359, .T. ) ;
#5032 = CARTESIAN_POINT ( 'NONE',  ( -3315.899999999977808, 1039.750000000020009, 596.0000000000000000 ) ) ;
#5033 = CIRCLE ( 'NONE', #3391, 20.00000000000018474 ) ;
#5034 = APPROVAL_PERSON_ORGANIZATION ( #587, #1387, #4692 ) ;
#5035 = VERTEX_POINT ( 'NONE', #5301 ) ;
#5036 = CARTESIAN_POINT ( 'NONE',  ( 15.90000000000017089, 1015.000000000000114, 15.90000000000000036 ) ) ;
#5037 = PLANE ( 'NONE',  #70 ) ;
#5038 = LINE ( 'NONE', #4087, #1680 ) ;
#5039 = SHAPE_REPRESENTATION ( '高柜05', ( #1572, #1990, #2282, #4158, #2724 ), #3476 ) ;
#5040 = VECTOR ( 'NONE', #1429, 1000.000000000000000 ) ;
#5041 = EDGE_CURVE ( 'NONE', #5483, #4999, #746, .T. ) ;
#5042 = LOCAL_TIME ( 10, 4, 45.00000000000000000, #1337 ) ;
#5043 = CARTESIAN_POINT ( 'NONE',  ( -3305.199999999977990, 1010.250000000019895, 596.7999999999999545 ) ) ;
#5044 = ORIENTED_EDGE ( 'NONE', *, *, #3730, .F. ) ;
#5045 = FACE_BOUND ( 'NONE', #4181, .T. ) ;
#5046 = PERSON_AND_ORGANIZATION_ROLE ( 'creator' ) ;
#5047 = CALENDAR_DATE ( 2026, 27, 5 ) ;
#5048 = EDGE_CURVE ( 'NONE', #3004, #3754, #3048, .T. ) ;
#5049 = AXIS2_PLACEMENT_3D ( 'NONE', #4108, #1532, #1962 ) ;
#5050 = VERTEX_POINT ( 'NONE', #2737 ) ;
#5051 = LINE ( 'NONE', #4113, #5256 ) ;
#5052 = PLANE ( 'NONE',  #4890 ) ;
#5053 = ADVANCED_FACE ( 'NONE', ( #474 ), #128, .T. ) ;
#5054 = CARTESIAN_POINT ( 'NONE',  ( 15.90000000000017089, -214.9999999999999716, 15.90000000000000036 ) ) ;
#5055 = FACE_OUTER_BOUND ( 'NONE', #3829, .T. ) ;
#5056 = VERTEX_POINT ( 'NONE', #3561 ) ;
#5057 = DIRECTION ( 'NONE',  ( -0.000000000000000000, -1.000000000000000000, -0.000000000000000000 ) ) ;
#5058 = ADVANCED_FACE ( 'NONE', ( #1828 ), #3670, .F. ) ;
#5059 = ORIENTED_EDGE ( 'NONE', *, *, #1733, .F. ) ;
#5060 = CIRCLE ( 'NONE', #2365, 20.00000000000018474 ) ;
#5061 = ORIENTED_EDGE ( 'NONE', *, *, #4316, .F. ) ;
#5062 = DIRECTION ( 'NONE',  ( -1.000000000000000000, 7.401486830834387126E-16, 0.000000000000000000 ) ) ;
#5063 = CARTESIAN_POINT ( 'NONE',  ( 1.708382284810557841E-13, 1125.000000000000000, 15.00000000000000000 ) ) ;
#5064 = DATE_TIME_ROLE ( 'creation_date' ) ;
#5065 =( GEOMETRIC_REPRESENTATION_CONTEXT ( 3 ) GLOBAL_UNCERTAINTY_ASSIGNED_CONTEXT ( ( #2314 ) ) GLOBAL_UNIT_ASSIGNED_CONTEXT ( ( #711, #3219, #3723 ) ) REPRESENTATION_CONTEXT ( 'NONE', 'WORKASPACE' ) );
#5066 = FACE_OUTER_BOUND ( 'NONE', #959, .T. ) ;
#5067 = VERTEX_POINT ( 'NONE', #1847 ) ;
#5068 = ORIENTED_EDGE ( 'NONE', *, *, #86, .T. ) ;
#5069 = VERTEX_POINT ( 'NONE', #2835 ) ;
#5070 = CARTESIAN_POINT ( 'NONE',  ( 33.00000000000017764, 0.000000000000000000, 30.00000000000000000 ) ) ;
#5071 = CARTESIAN_POINT ( 'NONE',  ( 33.00000000000018474, -214.9999999999999432, 3.000000000000007105 ) ) ;
#5072 = CARTESIAN_POINT ( 'NONE',  ( -3305.199999999977990, 1439.750000000020009, 580.0000000000000000 ) ) ;
#5073 = CYLINDRICAL_SURFACE ( 'NONE', #766, 5.000000000000000000 ) ;
#5074 = EDGE_LOOP ( 'NONE', ( #14, #5395, #257, #3430 ) ) ;
#5075 = ORIENTED_EDGE ( 'NONE', *, *, #337, .T. ) ;
#5076 = EDGE_CURVE ( 'NONE', #5284, #2698, #2299, .T. ) ;
#5077 = DIRECTION ( 'NONE',  ( 0.000000000000000000, -0.000000000000000000, 1.000000000000000000 ) ) ;
#5078 = CARTESIAN_POINT ( 'NONE',  ( 1.739349405246095880E-12, 2350.000000000020009, 580.0000000000000000 ) ) ;
#5079 = ORIENTED_EDGE ( 'NONE', *, *, #2240, .T. ) ;
#5080 = VECTOR ( 'NONE', #4816, 1000.000000000000000 ) ;
#5081 = CARTESIAN_POINT ( 'NONE',  ( -3843.999999999977263, 1.984523656517467316E-11, 474.9999999999998863 ) ) ;
#5082 = EDGE_CURVE ( 'NONE', #4529, #4105, #3914, .T. ) ;
#5083 = VERTEX_POINT ( 'NONE', #3276 ) ;
#5084 = AXIS2_PLACEMENT_3D ( 'NONE', #1069, #1144, #4569 ) ;
#5085 = APPROVAL_STATUS ( 'not_yet_approved' ) ;
#5086 = VECTOR ( 'NONE', #4658, 1000.000000000000000 ) ;
#5087 = ADVANCED_FACE ( 'NONE', ( #5203 ), #2910, .F. ) ;
#5088 = DIRECTION ( 'NONE',  ( -0.000000000000000000, -0.000000000000000000, -1.000000000000000000 ) ) ;
#5089 = CARTESIAN_POINT ( 'NONE',  ( -3321.999999999977717, 610.2500000000200089, 604.7999999999997272 ) ) ;
#5090 = AXIS2_PLACEMENT_3D ( 'NONE', #265, #5422, #1183 ) ;
#5091 = ORIENTED_EDGE ( 'NONE', *, *, #4963, .T. ) ;
#5092 = CARTESIAN_POINT ( 'NONE',  ( -3899.999999999977263, 100.0000000000227374, 580.0000000000000000 ) ) ;
#5093 = AXIS2_PLACEMENT_3D ( 'NONE', #1385, #1783, #4856 ) ;
#5094 = EDGE_LOOP ( 'NONE', ( #4968, #1984, #5343, #2235, #3935, #3193, #957, #1457, #3779, #1176, #747, #690, #2871, #5204, #1670, #5061, #1282, #1371, #2600, #3733, #4188, #2495, #153, #3256 ) ) ;
#5095 = DIRECTION ( 'NONE',  ( 2.643388153869414414E-14, 0.000000000000000000, 1.000000000000000000 ) ) ;
#5096 = FACE_BOUND ( 'NONE', #2673, .T. ) ;
#5097 = MECHANICAL_CONTEXT ( 'NONE', #197, 'mechanical' ) ;
#5098 = DIRECTION ( 'NONE',  ( 0.000000000000000000, 0.000000000000000000, 1.000000000000000000 ) ) ;
#5099 = ORIENTED_EDGE ( 'NONE', *, *, #1904, .T. ) ;
#5100 = LINE ( 'NONE', #2302, #5379 ) ;
#5101 = CYLINDRICAL_SURFACE ( 'NONE', #5488, 5.050000000000220979 ) ;
#5102 = CARTESIAN_POINT ( 'NONE',  ( 1.708382284810557841E-13, 1125.000000000000000, 3.000000000000002665 ) ) ;
#5103 = CC_DESIGN_DATE_AND_TIME_ASSIGNMENT ( #3429, #5064, ( #1286 ) ) ;
#5104 = CARTESIAN_POINT ( 'NONE',  ( 1.708382284810557841E-13, 1125.000000000000000, 0.000000000000000000 ) ) ;
#5105 = CALENDAR_DATE ( 2026, 27, 5 ) ;
#5106 = ADVANCED_FACE ( 'NONE', ( #5130 ), #1159, .T. ) ;
#5107 = EDGE_CURVE ( 'NONE', #4949, #4326, #4994, .T. ) ;
#5108 = PLANE ( 'NONE',  #230 ) ;
#5109 = ORIENTED_EDGE ( 'NONE', *, *, #2952, .T. ) ;
#5110 = FACE_BOUND ( 'NONE', #1564, .T. ) ;
#5111 = LINE ( 'NONE', #4209, #725 ) ;
#5112 = COORDINATED_UNIVERSAL_TIME_OFFSET ( 8, 0, .AHEAD. ) ;
#5113 = DIRECTION ( 'NONE',  ( 0.000000000000000000, 0.000000000000000000, 1.000000000000000000 ) ) ;
#5114 = CARTESIAN_POINT ( 'NONE',  ( -3313.199999999977990, 1439.750000000020009, 596.7999999999999545 ) ) ;
#5115 = DIRECTION ( 'NONE',  ( 0.000000000000000000, -1.000000000000000000, 0.000000000000000000 ) ) ;
#5116 = VERTEX_POINT ( 'NONE', #199 ) ;
#5117 = VECTOR ( 'NONE', #3268, 1000.000000000000000 ) ;
#5118 = EDGE_CURVE ( 'NONE', #3166, #3146, #614, .T. ) ;
#5119 = VERTEX_POINT ( 'NONE', #4106 ) ;
#5120 = PERSON_AND_ORGANIZATION_ROLE ( 'design_owner' ) ;
#5121 = ORIENTED_EDGE ( 'NONE', *, *, #2081, .F. ) ;
#5122 = DIRECTION ( 'NONE',  ( -0.000000000000000000, 1.000000000000000000, -0.000000000000000000 ) ) ;
#5123 = AXIS2_PLACEMENT_3D ( 'NONE', #3389, #3367, #4714 ) ;
#5124 = DIRECTION ( 'NONE',  ( 0.000000000000000000, 1.000000000000000000, 0.000000000000000000 ) ) ;
#5125 = VERTEX_POINT ( 'NONE', #644 ) ;
#5126 = CIRCLE ( 'NONE', #815, 5.000000000000000888 ) ;
#5127 = ORIENTED_EDGE ( 'NONE', *, *, #5361, .F. ) ;
#5128 = DIRECTION ( 'NONE',  ( 0.000000000000000000, 0.000000000000000000, -1.000000000000000000 ) ) ;
#5129 = VERTEX_POINT ( 'NONE', #4979 ) ;
#5130 = FACE_OUTER_BOUND ( 'NONE', #4052, .T. ) ;
#5131 = ORIENTED_EDGE ( 'NONE', *, *, #4271, .T. ) ;
#5132 = AXIS2_PLACEMENT_3D ( 'NONE', #2310, #4473, #3178 ) ;
#5133 = CARTESIAN_POINT ( 'NONE',  ( -3321.999999999977717, 639.7500000000200089, 604.7999999999997272 ) ) ;
#5134 = ADVANCED_FACE ( 'NONE', ( #2773 ), #1700, .T. ) ;
#5135 = LINE ( 'NONE', #2939, #3384 ) ;
#5136 = CARTESIAN_POINT ( 'NONE',  ( -3315.899999999977808, 1039.750000000020009, 601.0500000000001819 ) ) ;
#5137 = VERTEX_POINT ( 'NONE', #1993 ) ;
#5138 = CARTESIAN_POINT ( 'NONE',  ( -3329.999999999977717, 2239.750000000020009, 580.0000000000000000 ) ) ;
#5139 = ORIENTED_EDGE ( 'NONE', *, *, #1772, .T. ) ;
#5140 =( REPRESENTATION_RELATIONSHIP ('NONE','NONE', #5039, #3195 ) REPRESENTATION_RELATIONSHIP_WITH_TRANSFORMATION ( #1272 )SHAPE_REPRESENTATION_RELATIONSHIP( ) );
#5141 = CC_DESIGN_APPROVAL ( #1849, ( #1570 ) ) ;
#5142 = PRODUCT_RELATED_PRODUCT_CATEGORY ( 'detail', '', ( #1116 ) ) ;
#5143 = EDGE_CURVE ( 'NONE', #5216, #4494, #1765, .T. ) ;
#5144 = ADVANCED_FACE ( 'NONE', ( #1629 ), #4870, .T. ) ;
#5145 = EDGE_LOOP ( 'NONE', ( #4594, #4073 ) ) ;
#5146 = CARTESIAN_POINT ( 'NONE',  ( -3843.999999999977263, 1.984523656517467316E-11, 109.0000000000001279 ) ) ;
#5147 = LINE ( 'NONE', #4689, #976 ) ;
#5148 = CARTESIAN_POINT ( 'NONE',  ( -3353.999999999976808, 85.00000000001949729, 82.00000000000001421 ) ) ;
#5149 = CARTESIAN_POINT ( 'NONE',  ( 0.000000000000000000, 1923.000000000028649, 580.0000000000000000 ) ) ;
#5150 = EDGE_LOOP ( 'NONE', ( #4377, #40 ) ) ;
#5151 = EDGE_CURVE ( 'NONE', #4761, #2367, #4047, .T. ) ;
#5152 = LINE ( 'NONE', #3137, #4969 ) ;
#5153 = DIRECTION ( 'NONE',  ( -0.000000000000000000, -0.000000000000000000, -1.000000000000000000 ) ) ;
#5154 = DIRECTION ( 'NONE',  ( 0.000000000000000000, 1.000000000000000000, 0.000000000000000000 ) ) ;
#5155 = ORIENTED_EDGE ( 'NONE', *, *, #2121, .T. ) ;
#5156 = DIRECTION ( 'NONE',  ( 0.000000000000000000, 0.000000000000000000, 1.000000000000000000 ) ) ;
#5157 = DIRECTION ( 'NONE',  ( -0.000000000000000000, 1.000000000000000000, -0.000000000000000000 ) ) ;
#5158 = AXIS2_PLACEMENT_3D ( 'NONE', #3844, #3862, #452 ) ;
#5159 = DIRECTION ( 'NONE',  ( 1.000000000000000000, 0.000000000000000000, 1.248475228922698363E-16 ) ) ;
#5160 = EDGE_LOOP ( 'NONE', ( #5015, #2846, #1238, #2966 ) ) ;
#5161 = VECTOR ( 'NONE', #4078, 1000.000000000000000 ) ;
#5162 = CARTESIAN_POINT ( 'NONE',  ( -3315.899999999977808, 2210.250000000020009, 596.0000000000000000 ) ) ;
#5163 = CARTESIAN_POINT ( 'NONE',  ( 33.00000000000018474, 1015.000000000000114, 3.000000000000007105 ) ) ;
#5164 = EDGE_CURVE ( 'NONE', #2011, #3677, #5060, .T. ) ;
#5165 = ADVANCED_FACE ( 'NONE', ( #549, #1493 ), #1956, .F. ) ;
#5166 = ORIENTED_EDGE ( 'NONE', *, *, #668, .F. ) ;
#5167 = CARTESIAN_POINT ( 'NONE',  ( 0.000000000000000000, -214.9999999999999432, 30.00000000000000000 ) ) ;
#5168 = AXIS2_PLACEMENT_3D ( 'NONE', #1236, #3328, #2461 ) ;
#5169 = VERTEX_POINT ( 'NONE', #1918 ) ;
#5170 = CARTESIAN_POINT ( 'NONE',  ( -3315.899999999977808, 639.7500000000200089, 590.9499999999997044 ) ) ;
#5171 = ADVANCED_FACE ( 'NONE', ( #3846 ), #274, .T. ) ;
#5172 = FACE_OUTER_BOUND ( 'NONE', #2767, .T. ) ;
#5173 = APPROVAL_DATE_TIME ( #3967, #3581 ) ;
#5174 = AXIS2_PLACEMENT_3D ( 'NONE', #3214, #3459, #894 ) ;
#5175 = CARTESIAN_POINT ( 'NONE',  ( 1.708382284810557841E-13, 1125.000000000000000, 0.000000000000000000 ) ) ;
#5176 = EDGE_LOOP ( 'NONE', ( #2717, #3792 ) ) ;
#5177 = CARTESIAN_POINT ( 'NONE',  ( 33.00000000000017764, -1014.999999999999886, 30.00000000000000000 ) ) ;
#5178 = LINE ( 'NONE', #3615, #2409 ) ;
#5179 = CIRCLE ( 'NONE', #982, 8.000000000000007105 ) ;
#5180 = PERSON_AND_ORGANIZATION_ROLE ( 'classification_officer' ) ;
#5181 = APPROVAL_PERSON_ORGANIZATION ( #726, #1850, #1606 ) ;
#5182 = VERTEX_POINT ( 'NONE', #5412 ) ;
#5183 = LINE ( 'NONE', #5568, #2007 ) ;
#5184 = DIRECTION ( 'NONE',  ( 0.000000000000000000, 1.000000000000000000, 0.000000000000000000 ) ) ;
#5185 = DIRECTION ( 'NONE',  ( 0.000000000000000000, 1.000000000000000000, 0.000000000000000000 ) ) ;
#5186 = EDGE_CURVE ( 'NONE', #5210, #2140, #2489, .T. ) ;
#5187 = COORDINATED_UNIVERSAL_TIME_OFFSET ( 8, 0, .AHEAD. ) ;
#5188 = DIRECTION ( 'NONE',  ( 0.000000000000000000, -1.000000000000000000, 0.000000000000000000 ) ) ;
#5189 = ORIENTED_EDGE ( 'NONE', *, *, #2146, .T. ) ;
#5190 = ORIENTED_EDGE ( 'NONE', *, *, #1480, .T. ) ;
#5191 = DIRECTION ( 'NONE',  ( 0.000000000000000000, -1.000000000000000000, 0.000000000000000000 ) ) ;
#5192 = DIRECTION ( 'NONE',  ( 0.000000000000000000, 0.000000000000000000, 1.000000000000000000 ) ) ;
#5193 = EDGE_CURVE ( 'NONE', #3250, #4384, #4797, .T. ) ;
#5194 = AXIS2_PLACEMENT_3D ( 'NONE', #743, #3354, #1178 ) ;
#5195 = ORIENTED_EDGE ( 'NONE', *, *, #932, .T. ) ;
#5196 = CONICAL_SURFACE ( 'NONE', #4783, 4.000000000000003553, 0.7853981633974461696 ) ;
#5197 = ADVANCED_FACE ( 'NONE', ( #5272 ), #2635, .T. ) ;
#5198 = ORIENTED_EDGE ( 'NONE', *, *, #1507, .T. ) ;
#5199 = DIRECTION ( 'NONE',  ( 0.000000000000000000, -1.000000000000000000, 0.000000000000000000 ) ) ;
#5200 = DIRECTION ( 'NONE',  ( 0.000000000000000000, -0.000000000000000000, -1.000000000000000000 ) ) ;
#5201 = CARTESIAN_POINT ( 'NONE',  ( 1.708382284810557841E-13, 615.0000000000001137, 30.00000000000000000 ) ) ;
#5202 = VERTEX_POINT ( 'NONE', #332 ) ;
#5203 = FACE_OUTER_BOUND ( 'NONE', #4792, .T. ) ;
#5204 = ORIENTED_EDGE ( 'NONE', *, *, #1685, .T. ) ;
#5205 = AXIS2_PLACEMENT_3D ( 'NONE', #5559, #4287, #3836 ) ;
#5206 = DIRECTION ( 'NONE',  ( 0.000000000000000000, -1.000000000000000000, 0.000000000000000000 ) ) ;
#5207 = LINE ( 'NONE', #1477, #1024 ) ;
#5208 = ORIENTED_EDGE ( 'NONE', *, *, #1174, .F. ) ;
#5209 = ORIENTED_EDGE ( 'NONE', *, *, #1502, .F. ) ;
#5210 = VERTEX_POINT ( 'NONE', #3314 ) ;
#5211 = AXIS2_PLACEMENT_3D ( 'NONE', #706, #1982, #1871 ) ;
#5212 = FACE_BOUND ( 'NONE', #3699, .T. ) ;
#5213 = EDGE_LOOP ( 'NONE', ( #463, #377, #3887, #1086 ) ) ;
#5214 = CARTESIAN_POINT ( 'NONE',  ( 15.00000000000016875, -985.0000000000000000, 15.00000000000000000 ) ) ;
#5215 = CARTESIAN_POINT ( 'NONE',  ( -3299.999999999977263, 100.0000000000222968, 580.0000000000000000 ) ) ;
#5216 = VERTEX_POINT ( 'NONE', #2013 ) ;
#5217 = PRODUCT_DEFINITION_FORMATION_WITH_SPECIFIED_SOURCE ( '任何', '', #1157, .NOT_KNOWN. ) ;
#5218 = CIRCLE ( 'NONE', #320, 5.050000000000220979 ) ;
#5219 = EDGE_CURVE ( 'NONE', #5210, #5125, #4115, .T. ) ;
#5220 = CARTESIAN_POINT ( 'NONE',  ( 15.90000000000017089, 1123.500000000000000, 10.90000000000000036 ) ) ;
#5221 = ORIENTED_EDGE ( 'NONE', *, *, #3198, .F. ) ;
#5222 = ADVANCED_FACE ( 'NONE', ( #825, #4453 ), #5027, .T. ) ;
#5223 = ORIENTED_EDGE ( 'NONE', *, *, #2075, .F. ) ;
#5224 = EDGE_CURVE ( 'NONE', #3113, #5483, #3709, .T. ) ;
#5225 = VECTOR ( 'NONE', #4711, 1000.000000000000000 ) ;
#5226 = DIRECTION ( 'NONE',  ( 0.000000000000000000, -1.000000000000000000, 0.000000000000000000 ) ) ;
#5227 = ADVANCED_FACE ( 'NONE', ( #263, #1428 ), #5052, .F. ) ;
#5228 = CARTESIAN_POINT ( 'NONE',  ( 1.700029006457270953E-13, 985.0000000000001137, 15.00000000000000000 ) ) ;
#5229 = DIRECTION ( 'NONE',  ( 1.000000000000000000, 0.000000000000000000, 0.000000000000000000 ) ) ;
#5230 = ORIENTED_EDGE ( 'NONE', *, *, #1998, .T. ) ;
#5231 = CARTESIAN_POINT ( 'NONE',  ( -3321.999999999977717, 1810.250000000020009, 596.7999999999999545 ) ) ;
#5232 = DIRECTION ( 'NONE',  ( 0.000000000000000000, 0.000000000000000000, 1.000000000000000000 ) ) ;
#5233 = LINE ( 'NONE', #4570, #2873 ) ;
#5234 = AXIS2_PLACEMENT_3D ( 'NONE', #2747, #3110, #132 ) ;
#5235 = DIRECTION ( 'NONE',  ( 0.000000000000000000, -0.000000000000000000, 1.000000000000000000 ) ) ;
#5236 = ORIENTED_EDGE ( 'NONE', *, *, #535, .T. ) ;
#5237 = LINE ( 'NONE', #363, #4082 ) ;
#5238 = DIRECTION ( 'NONE',  ( 0.000000000000000000, -1.000000000000000000, 0.000000000000000000 ) ) ;
#5239 = CARTESIAN_POINT ( 'NONE',  ( 0.000000000000000000, 0.000000000000000000, 0.000000000000000000 ) ) ;
#5240 = CARTESIAN_POINT ( 'NONE',  ( -3353.999999999976808, 85.00000000001949729, 109.0000000000001279 ) ) ;
#5241 = AXIS2_PLACEMENT_3D ( 'NONE', #3939, #2637, #4308 ) ;
#5242 = ORIENTED_EDGE ( 'NONE', *, *, #1924, .F. ) ;
#5243 = VECTOR ( 'NONE', #2256, 1000.000000000000000 ) ;
#5244 = VECTOR ( 'NONE', #3140, 1000.000000000000000 ) ;
#5245 = COORDINATED_UNIVERSAL_TIME_OFFSET ( 8, 0, .AHEAD. ) ;
#5246 = CARTESIAN_POINT ( 'NONE',  ( 15.00000000000016875, -1125.000000000000000, 15.00000000000000000 ) ) ;
#5247 = EDGE_LOOP ( 'NONE', ( #5434, #5267, #3421, #103 ) ) ;
#5248 = FACE_OUTER_BOUND ( 'NONE', #4702, .T. ) ;
#5249 = CARTESIAN_POINT ( 'NONE',  ( 15.90000000000017089, -1125.000000000000000, 15.90000000000000036 ) ) ;
#5250 = LINE ( 'NONE', #1989, #2755 ) ;
#5251 = CC_DESIGN_PERSON_AND_ORGANIZATION_ASSIGNMENT ( #5516, #1718, ( #1570 ) ) ;
#5252 = AXIS2_PLACEMENT_3D ( 'NONE', #2430, #3247, #2392 ) ;
#5253 = APPROVAL_DATE_TIME ( #802, #2144 ) ;
#5254 = EDGE_CURVE ( 'NONE', #2479, #3714, #2090, .T. ) ;
#5255 = CLOSED_SHELL ( 'NONE', ( #2569, #362, #2395, #2621, #2683, #792, #5258, #498, #13, #1779, #4638, #3499, #727, #5053, #2112, #2507, #4803, #5197, #4725, #3447, #4744, #619, #3031, #3772, #2195, #3417, #763, #2528, #4838, #534, #414, #4374, #4339, #1784, #2217, #4289, #1298, #1278, #968, #2561, #5165, #938, #2948, #2428, #3050, #1561, #4778, #2225, #4687, #71, #4576, #5171, #2969, #2920, #2888, #1673, #859 ) ) ;
#5256 = VECTOR ( 'NONE', #1107, 1000.000000000000000 ) ;
#5257 = LOCAL_TIME ( 10, 4, 45.00000000000000000, #808 ) ;
#5258 = ADVANCED_FACE ( 'NONE', ( #1153 ), #3044, .F. ) ;
#5259 = PRODUCT_DEFINITION_SHAPE ( 'NONE', 'NONE',  #5607 ) ;
#5260 = VERTEX_POINT ( 'NONE', #2069 ) ;
#5261 = CARTESIAN_POINT ( 'NONE',  ( -4.000000000000003553, 0.000000000000000000, 1000.000000000000000 ) ) ;
#5262 = ORIENTED_EDGE ( 'NONE', *, *, #2159, .T. ) ;
#5263 = EDGE_CURVE ( 'NONE', #2696, #1434, #5266, .T. ) ;
#5264 = DIRECTION ( 'NONE',  ( -0.000000000000000000, 1.000000000000000000, -0.000000000000000000 ) ) ;
#5265 = ORIENTED_EDGE ( 'NONE', *, *, #3304, .T. ) ;
#5266 = LINE ( 'NONE', #5071, #3299 ) ;
#5267 = ORIENTED_EDGE ( 'NONE', *, *, #1657, .F. ) ;
#5268 = DIRECTION ( 'NONE',  ( -0.000000000000000000, -0.000000000000000000, -1.000000000000000000 ) ) ;
#5269 = EDGE_CURVE ( 'NONE', #5137, #2363, #2223, .T. ) ;
#5270 = CARTESIAN_POINT ( 'NONE',  ( -3313.199999999977990, 1010.250000000019895, 596.7999999999999545 ) ) ;
#5271 = AXIS2_PLACEMENT_3D ( 'NONE', #3629, #4525, #3220 ) ;
#5272 = FACE_OUTER_BOUND ( 'NONE', #1537, .T. ) ;
#5273 = EDGE_LOOP ( 'NONE', ( #2834, #1495, #1302, #569 ) ) ;
#5274 = CARTESIAN_POINT ( 'NONE',  ( -3353.999999999976808, 15.00000000001948131, 82.00000000000001421 ) ) ;
#5275 = CARTESIAN_POINT ( 'NONE',  ( -3843.999999999977263, 15.00000000001984546, 61.99999999999982947 ) ) ;
#5276 = EDGE_CURVE ( 'NONE', #1491, #615, #196, .T. ) ;
#5277 = CIRCLE ( 'NONE', #4222, 8.000000000000007105 ) ;
#5278 = ORIENTED_EDGE ( 'NONE', *, *, #3548, .F. ) ;
#5279 = AXIS2_PLACEMENT_3D ( 'NONE', #3492, #2574, #16 ) ;
#5280 = VERTEX_POINT ( 'NONE', #4677 ) ;
#5281 = CARTESIAN_POINT ( 'NONE',  ( -3313.199999999977990, 2239.750000000020009, 604.7999999999999545 ) ) ;
#5282 = DIRECTION ( 'NONE',  ( 0.000000000000000000, -1.000000000000000000, 0.000000000000000000 ) ) ;
#5283 = PLANE ( 'NONE',  #4175 ) ;
#5284 = VERTEX_POINT ( 'NONE', #2088 ) ;
#5285 = CYLINDRICAL_SURFACE ( 'NONE', #4050, 27.00000000000010658 ) ;
#5286 = AXIS2_PLACEMENT_3D ( 'NONE', #2169, #5191, #2605 ) ;
#5287 = EDGE_CURVE ( 'NONE', #4043, #3692, #678, .T. ) ;
#5288 = ORIENTED_EDGE ( 'NONE', *, *, #635, .T. ) ;
#5289 = DIRECTION ( 'NONE',  ( 0.000000000000000000, -0.000000000000000000, 1.000000000000000000 ) ) ;
#5290 = DIRECTION ( 'NONE',  ( -0.7071067811865460184, 0.000000000000000000, -0.7071067811865489050 ) ) ;
#5291 = DIRECTION ( 'NONE',  ( 0.000000000000000000, 0.000000000000000000, -1.000000000000000000 ) ) ;
#5292 = CARTESIAN_POINT ( 'NONE',  ( -3353.999999999976808, 1.948267935869552048E-11, 502.0000000000000000 ) ) ;
#5293 = VERTEX_POINT ( 'NONE', #2519 ) ;
#5294 = EDGE_CURVE ( 'NONE', #1196, #4926, #1087, .T. ) ;
#5295 = LINE ( 'NONE', #3952, #3006 ) ;
#5296 = ORIENTED_EDGE ( 'NONE', *, *, #432, .F. ) ;
#5297 = DIRECTION ( 'NONE',  ( 0.000000000000000000, 0.000000000000000000, 1.000000000000000000 ) ) ;
#5298 = LINE ( 'NONE', #654, #1663 ) ;
#5299 = EDGE_CURVE ( 'NONE', #1642, #2926, #1225, .T. ) ;
#5300 = EDGE_CURVE ( 'NONE', #3542, #3602, #2424, .T. ) ;
#5301 = CARTESIAN_POINT ( 'NONE',  ( -3329.999999999977263, 639.7500000000200089, 596.7999999999999545 ) ) ;
#5302 = VERTEX_POINT ( 'NONE', #3409 ) ;
#5303 = CYLINDRICAL_SURFACE ( 'NONE', #1051, 5.000000000000000888 ) ;
#5304 = EDGE_LOOP ( 'NONE', ( #4716, #4338, #4418, #3788 ) ) ;
#5305 = DIRECTION ( 'NONE',  ( -1.000000000000000000, 0.000000000000000000, 0.000000000000000000 ) ) ;
#5306 = FACE_OUTER_BOUND ( 'NONE', #2166, .T. ) ;
#5307 = DIRECTION ( 'NONE',  ( 0.000000000000000000, -1.000000000000000000, 0.000000000000000000 ) ) ;
#5308 = ORIENTED_EDGE ( 'NONE', *, *, #5041, .F. ) ;
#5309 = FACE_OUTER_BOUND ( 'NONE', #2701, .T. ) ;
#5310 = DIRECTION ( 'NONE',  ( 0.000000000000000000, 0.000000000000000000, -1.000000000000000000 ) ) ;
#5311 = VECTOR ( 'NONE', #3071, 1000.000000000000000 ) ;
#5312 = PERSON_AND_ORGANIZATION ( #682, #186 ) ;
#5313 = DIRECTION ( 'NONE',  ( 0.000000000000000000, -1.000000000000000000, 0.000000000000000000 ) ) ;
#5314 = AXIS2_PLACEMENT_3D ( 'NONE', #3886, #830, #5156 ) ;
#5315 = EDGE_LOOP ( 'NONE', ( #921, #3316, #5131, #2426 ) ) ;
#5316 = LINE ( 'NONE', #556, #1070 ) ;
#5317 = APPROVAL_PERSON_ORGANIZATION ( #885, #1461, #788 ) ;
#5318 = EDGE_LOOP ( 'NONE', ( #3982, #3387, #824, #2020 ) ) ;
#5319 = CC_DESIGN_APPROVAL ( #1461, ( #1171 ) ) ;
#5320 = DIRECTION ( 'NONE',  ( -1.000000000000000000, 0.000000000000000000, 0.000000000000000000 ) ) ;
#5321 = EDGE_CURVE ( 'NONE', #5539, #2459, #1291, .T. ) ;
#5322 = DIRECTION ( 'NONE',  ( 0.000000000000000000, -1.000000000000000000, 0.000000000000000000 ) ) ;
#5323 = CARTESIAN_POINT ( 'NONE',  ( -3843.999999999977263, 1.984523656517467316E-11, 502.0000000000000000 ) ) ;
#5324 = ORIENTED_EDGE ( 'NONE', *, *, #5151, .F. ) ;
#5325 = FACE_OUTER_BOUND ( 'NONE', #244, .T. ) ;
#5326 = EDGE_LOOP ( 'NONE', ( #3053, #1556, #3262, #2820 ) ) ;
#5327 = DIRECTION ( 'NONE',  ( 0.000000000000000000, 1.000000000000000000, 0.000000000000000000 ) ) ;
#5328 = EDGE_CURVE ( 'NONE', #5430, #3040, #5126, .T. ) ;
#5329 = ORIENTED_EDGE ( 'NONE', *, *, #4997, .T. ) ;
#5330 = CIRCLE ( 'NONE', #3442, 8.000000000000007105 ) ;
#5331 = ORIENTED_EDGE ( 'NONE', *, *, #4802, .F. ) ;
#5332 = DIRECTION ( 'NONE',  ( -0.000000000000000000, -0.000000000000000000, -1.000000000000000000 ) ) ;
#5333 = CARTESIAN_POINT ( 'NONE',  ( 600.0000000000002274, 1125.000000000000000, 0.000000000000000000 ) ) ;
#5334 = VECTOR ( 'NONE', #5391, 1000.000000000000000 ) ;
#5335 = ORIENTED_EDGE ( 'NONE', *, *, #4651, .T. ) ;
#5336 = VERTEX_POINT ( 'NONE', #861 ) ;
#5337 = EDGE_CURVE ( 'NONE', #1295, #1015, #4312, .T. ) ;
#5338 = CARTESIAN_POINT ( 'NONE',  ( -3329.999999999977263, 239.7500000000200657, 596.7999999999999545 ) ) ;
#5339 = VERTEX_POINT ( 'NONE', #4696 ) ;
#5340 = CARTESIAN_POINT ( 'NONE',  ( -3353.999999999976808, 1.948267935869552048E-11, 82.00000000000001421 ) ) ;
#5341 = VECTOR ( 'NONE', #868, 1000.000000000000000 ) ;
#5342 = DIRECTION ( 'NONE',  ( 0.000000000000000000, 0.000000000000000000, -1.000000000000000000 ) ) ;
#5343 = ORIENTED_EDGE ( 'NONE', *, *, #1261, .T. ) ;
#5344 = AXIS2_PLACEMENT_3D ( 'NONE', #1271, #3858, #1289 ) ;
#5345 = CARTESIAN_POINT ( 'NONE',  ( 15.00000000000016875, 615.0000000000002274, 30.00000000000000000 ) ) ;
#5346 = ORIENTED_EDGE ( 'NONE', *, *, #2215, .F. ) ;
#5347 = CARTESIAN_POINT ( 'NONE',  ( 33.00000000000018474, -214.9999999999999432, 3.000000000000007105 ) ) ;
#5348 = LINE ( 'NONE', #547, #2794 ) ;
#5349 = CARTESIAN_POINT ( 'NONE',  ( -3299.999999999977263, 100.0000000000222968, 0.000000000000000000 ) ) ;
#5350 = EDGE_LOOP ( 'NONE', ( #661, #863, #1836, #3100 ) ) ;
#5351 = CARTESIAN_POINT ( 'NONE',  ( 1.700029006457270953E-13, -615.0000000000000000, 15.00000000000000000 ) ) ;
#5352 = AXIS2_PLACEMENT_3D ( 'NONE', #532, #3536, #990 ) ;
#5353 = VECTOR ( 'NONE', #4059, 1000.000000000000000 ) ;
#5354 = EDGE_CURVE ( 'NONE', #2451, #1105, #2842, .T. ) ;
#5355 = DIRECTION ( 'NONE',  ( -0.000000000000000000, 1.000000000000000000, -0.000000000000000000 ) ) ;
#5356 = EDGE_LOOP ( 'NONE', ( #5209, #991, #5411, #331 ) ) ;
#5357 = DIRECTION ( 'NONE',  ( 0.000000000000000000, 0.000000000000000000, 1.000000000000000000 ) ) ;
#5358 = LINE ( 'NONE', #4826, #776 ) ;
#5359 = CARTESIAN_POINT ( 'NONE',  ( 33.00000000000018474, 185.0000000000001990, 3.000000000000007105 ) ) ;
#5360 = VERTEX_POINT ( 'NONE', #3533 ) ;
#5361 = EDGE_CURVE ( 'NONE', #3944, #2459, #1953, .T. ) ;
#5362 = VECTOR ( 'NONE', #2050, 1000.000000000000000 ) ;
#5363 = CARTESIAN_POINT ( 'NONE',  ( -3869.999999999976808, 1923.000000000028649, 22.00000000000002132 ) ) ;
#5364 = CARTESIAN_POINT ( 'NONE',  ( -3843.999999999977263, 100.0000000000198526, 54.99999999999990052 ) ) ;
#5365 = CARTESIAN_POINT ( 'NONE',  ( -3315.899999999977808, 239.7500000000200657, 596.0000000000000000 ) ) ;
#5366 = ORIENTED_EDGE ( 'NONE', *, *, #2254, .F. ) ;
#5367 = VECTOR ( 'NONE', #796, 1000.000000000000000 ) ;
#5368 = EDGE_CURVE ( 'NONE', #712, #1884, #3242, .T. ) ;
#5369 = CARTESIAN_POINT ( 'NONE',  ( -3321.999999999977717, 1410.250000000020009, 596.7999999999999545 ) ) ;
#5370 = CARTESIAN_POINT ( 'NONE',  ( -3315.899999999977808, 1839.750000000020236, 596.0000000000000000 ) ) ;
#5371 = ORIENTED_EDGE ( 'NONE', *, *, #1432, .T. ) ;
#5372 = LINE ( 'NONE', #4481, #801 ) ;
#5373 = CIRCLE ( 'NONE', #1447, 27.00000000000011369 ) ;
#5374 = COORDINATED_UNIVERSAL_TIME_OFFSET ( 8, 0, .AHEAD. ) ;
#5375 = AXIS2_PLACEMENT_3D ( 'NONE', #5441, #3721, #4149 ) ;
#5376 = ORIENTED_EDGE ( 'NONE', *, *, #2188, .F. ) ;
#5377 = FACE_OUTER_BOUND ( 'NONE', #1124, .T. ) ;
#5378 = PLANE ( 'NONE',  #3743 ) ;
#5379 = VECTOR ( 'NONE', #5313, 1000.000000000000000 ) ;
#5380 = APPROVAL_DATE_TIME ( #2965, #3582 ) ;
#5381 = CARTESIAN_POINT ( 'NONE',  ( -3843.999999999977263, 1.984523656517467316E-11, 502.0000000000000000 ) ) ;
#5382 = ORIENTED_EDGE ( 'NONE', *, *, #1038, .T. ) ;
#5383 = VERTEX_POINT ( 'NONE', #2129 ) ;
#5384 = DIRECTION ( 'NONE',  ( -0.2379802712480276194, 0.000000000000000000, 0.9712699884670148442 ) ) ;
#5385 = DIRECTION ( 'NONE',  ( 0.000000000000000000, 0.000000000000000000, -1.000000000000000000 ) ) ;
#5386 = AXIS2_PLACEMENT_3D ( 'NONE', #4241, #3011, #3883 ) ;
#5387 = APPROVAL_PERSON_ORGANIZATION ( #3232, #3761, #1934 ) ;
#5388 = EDGE_CURVE ( 'NONE', #3608, #4988, #4244, .T. ) ;
#5389 = VERTEX_POINT ( 'NONE', #4736 ) ;
#5390 = ORIENTED_EDGE ( 'NONE', *, *, #4025, .T. ) ;
#5391 = DIRECTION ( 'NONE',  ( -0.000000000000000000, -0.000000000000000000, -1.000000000000000000 ) ) ;
#5392 = DIRECTION ( 'NONE',  ( 0.000000000000000000, -1.000000000000000000, 0.000000000000000000 ) ) ;
#5393 = ORIENTED_EDGE ( 'NONE', *, *, #517, .T. ) ;
#5394 = PRODUCT_RELATED_PRODUCT_CATEGORY ( 'detail', '', ( #4551 ) ) ;
#5395 = ORIENTED_EDGE ( 'NONE', *, *, #4206, .T. ) ;
#5396 = VECTOR ( 'NONE', #5184, 1000.000000000000000 ) ;
#5397 = ORIENTED_EDGE ( 'NONE', *, *, #3169, .T. ) ;
#5398 = EDGE_CURVE ( 'NONE', #4238, #1438, #256, .T. ) ;
#5399 = CARTESIAN_POINT ( 'NONE',  ( -3329.999999999977263, -6.572520305780882291E-13, 580.0000000000000000 ) ) ;
#5400 = CARTESIAN_POINT ( 'NONE',  ( 1.708382284810557841E-13, 1125.000000000000000, 30.00000000000000000 ) ) ;
#5401 = ORIENTED_EDGE ( 'NONE', *, *, #3062, .F. ) ;
#5402 = VECTOR ( 'NONE', #4943, 1000.000000000000000 ) ;
#5403 = ORIENTED_EDGE ( 'NONE', *, *, #3456, .T. ) ;
#5404 = DIRECTION ( 'NONE',  ( 0.000000000000000000, 0.000000000000000000, 1.000000000000000000 ) ) ;
#5405 = DIRECTION ( 'NONE',  ( 0.000000000000000000, 1.000000000000000000, 0.000000000000000000 ) ) ;
#5406 = EDGE_CURVE ( 'NONE', #5116, #850, #60, .T. ) ;
#5407 = CARTESIAN_POINT ( 'NONE',  ( -28.00000000000001421, 985.0000000000001137, 53.00000000000000711 ) ) ;
#5408 = PERSON_AND_ORGANIZATION_ROLE ( 'creator' ) ;
#5409 = CARTESIAN_POINT ( 'NONE',  ( -3353.999999999976808, 100.0000000000194831, 109.0000000000001279 ) ) ;
#5410 = VERTEX_POINT ( 'NONE', #4753 ) ;
#5411 = ORIENTED_EDGE ( 'NONE', *, *, #3762, .T. ) ;
#5412 = CARTESIAN_POINT ( 'NONE',  ( -3313.199999999977990, 239.7500000000200657, 604.7999999999999545 ) ) ;
#5413 = DIRECTION ( 'NONE',  ( 1.000000000000000000, 0.000000000000000000, 1.248475228922698363E-16 ) ) ;
#5414 = DIRECTION ( 'NONE',  ( 0.000000000000000000, -0.000000000000000000, -1.000000000000000000 ) ) ;
#5415 = EDGE_LOOP ( 'NONE', ( #3060, #4169, #5440, #3208, #2534 ) ) ;
#5416 = VECTOR ( 'NONE', #2512, 1000.000000000000000 ) ;
#5417 = DIRECTION ( 'NONE',  ( -0.000000000000000000, 1.000000000000000000, -0.000000000000000000 ) ) ;
#5418 = ORIENTED_EDGE ( 'NONE', *, *, #3875, .T. ) ;
#5419 = FACE_OUTER_BOUND ( 'NONE', #539, .T. ) ;
#5420 = ADVANCED_FACE ( 'NONE', ( #4729 ), #4850, .F. ) ;
#5421 = DIRECTION ( 'NONE',  ( 0.000000000000000000, -1.000000000000000000, 0.000000000000000000 ) ) ;
#5422 = DIRECTION ( 'NONE',  ( -1.248475228922698363E-16, 0.000000000000000000, 1.000000000000000000 ) ) ;
#5423 = EDGE_LOOP ( 'NONE', ( #3453, #4517 ) ) ;
#5424 = DIRECTION ( 'NONE',  ( 0.000000000000000000, 0.000000000000000000, 1.000000000000000000 ) ) ;
#5425 = DIRECTION ( 'NONE',  ( -0.000000000000000000, 1.000000000000000000, -0.000000000000000000 ) ) ;
#5426 = LINE ( 'NONE', #2230, #2122 ) ;
#5427 = CC_DESIGN_PERSON_AND_ORGANIZATION_ASSIGNMENT ( #5443, #5180, ( #995 ) ) ;
#5428 = CARTESIAN_POINT ( 'NONE',  ( 15.90000000000017089, 985.0000000000003411, 15.90000000000000036 ) ) ;
#5429 = CC_DESIGN_PERSON_AND_ORGANIZATION_ASSIGNMENT ( #5586, #327, ( #3091 ) ) ;
#5430 = VERTEX_POINT ( 'NONE', #2559 ) ;
#5431 = EDGE_CURVE ( 'NONE', #1634, #3128, #4383, .T. ) ;
#5432 = FACE_OUTER_BOUND ( 'NONE', #2639, .T. ) ;
#5433 = PRODUCT_DEFINITION_SHAPE ( 'NONE', 'NONE',  #1171 ) ;
#5434 = ORIENTED_EDGE ( 'NONE', *, *, #975, .F. ) ;
#5435 = DIRECTION ( 'NONE',  ( 1.000000000000000000, -0.000000000000000000, -0.000000000000000000 ) ) ;
#5436 = VECTOR ( 'NONE', #3449, 1000.000000000000000 ) ;
#5437 = DIRECTION ( 'NONE',  ( 0.000000000000000000, 0.000000000000000000, -1.000000000000000000 ) ) ;
#5438 = CARTESIAN_POINT ( 'NONE',  ( -3305.199999999977990, 210.2500000000200657, 580.0000000000000000 ) ) ;
#5439 = EDGE_CURVE ( 'NONE', #4746, #4820, #4445, .T. ) ;
#5440 = ORIENTED_EDGE ( 'NONE', *, *, #80, .T. ) ;
#5441 = CARTESIAN_POINT ( 'NONE',  ( -3315.899999999977808, 1410.250000000020009, 596.0000000000000000 ) ) ;
#5442 = LINE ( 'NONE', #1562, #2957 ) ;
#5443 = PERSON_AND_ORGANIZATION ( #2976, #2681 ) ;
#5444 = DIRECTION ( 'NONE',  ( 0.000000000000000000, 0.000000000000000000, 1.000000000000000000 ) ) ;
#5445 = DIRECTION ( 'NONE',  ( -0.000000000000000000, 1.000000000000000000, -0.000000000000000000 ) ) ;
#5446 = VERTEX_POINT ( 'NONE', #1722 ) ;
#5447 = EDGE_CURVE ( 'NONE', #5430, #4446, #2157, .T. ) ;
#5448 = VECTOR ( 'NONE', #904, 1000.000000000000000 ) ;
#5449 = AXIS2_PLACEMENT_3D ( 'NONE', #4887, #2237, #1011 ) ;
#5450 = LINE ( 'NONE', #5523, #4297 ) ;
#5451 = DIRECTION ( 'NONE',  ( 0.000000000000000000, 0.000000000000000000, 1.000000000000000000 ) ) ;
#5452 = VERTEX_POINT ( 'NONE', #3167 ) ;
#5453 = CYLINDRICAL_SURFACE ( 'NONE', #2554, 20.00000000000012790 ) ;
#5454 = AXIS2_PLACEMENT_3D ( 'NONE', #862, #2275, #4884 ) ;
#5455 = DIRECTION ( 'NONE',  ( 0.000000000000000000, 1.000000000000000000, 0.000000000000000000 ) ) ;
#5456 = CARTESIAN_POINT ( 'NONE',  ( 15.90000000000017089, -1123.500000000000000, 20.90000000000000213 ) ) ;
#5457 = DIRECTION ( 'NONE',  ( 0.000000000000000000, 0.000000000000000000, 1.000000000000000000 ) ) ;
#5458 = VERTEX_POINT ( 'NONE', #986 ) ;
#5459 = DIRECTION ( 'NONE',  ( 0.000000000000000000, -0.000000000000000000, 1.000000000000000000 ) ) ;
#5460 = EDGE_LOOP ( 'NONE', ( #2899, #4055, #3549, #5155 ) ) ;
#5461 = LINE ( 'NONE', #2278, #3112 ) ;
#5462 = APPLICATION_PROTOCOL_DEFINITION ( 'international standard', 'config_control_design', 1994, #4227 ) ;
#5463 = ORIENTED_EDGE ( 'NONE', *, *, #1336, .T. ) ;
#5464 = AXIS2_PLACEMENT_3D ( 'NONE', #5468, #1591, #5029 ) ;
#5465 = DIRECTION ( 'NONE',  ( 0.000000000000000000, 0.000000000000000000, -1.000000000000000000 ) ) ;
#5466 = EDGE_LOOP ( 'NONE', ( #4318, #1999 ) ) ;
#5467 = LINE ( 'NONE', #1404, #4319 ) ;
#5468 = CARTESIAN_POINT ( 'NONE',  ( 33.00000000000018474, -1014.999999999999886, 3.000000000000007105 ) ) ;
#5469 = ORIENTED_EDGE ( 'NONE', *, *, #3161, .F. ) ;
#5470 = EDGE_CURVE ( 'NONE', #2057, #3158, #3988, .T. ) ;
#5471 = VECTOR ( 'NONE', #683, 1000.000000000000000 ) ;
#5472 = ORIENTED_EDGE ( 'NONE', *, *, #5007, .T. ) ;
#5473 = ORIENTED_EDGE ( 'NONE', *, *, #2667, .T. ) ;
#5474 = DIRECTION ( 'NONE',  ( 0.000000000000000000, -1.000000000000000000, 0.000000000000000000 ) ) ;
#5475 = ORIENTED_EDGE ( 'NONE', *, *, #2936, .T. ) ;
#5476 = DIRECTION ( 'NONE',  ( 0.000000000000000000, 1.000000000000000000, 0.000000000000000000 ) ) ;
#5477 = VERTEX_POINT ( 'NONE', #4441 ) ;
#5478 = EDGE_CURVE ( 'NONE', #3867, #806, #892, .T. ) ;
#5479 = AXIS2_PLACEMENT_3D ( 'NONE', #2505, #5491, #5534 ) ;
#5480 = FACE_OUTER_BOUND ( 'NONE', #983, .T. ) ;
#5481 = SECURITY_CLASSIFICATION_LEVEL ( 'unclassified' ) ;
#5482 = DIRECTION ( 'NONE',  ( -0.000000000000000000, 1.000000000000000000, -0.000000000000000000 ) ) ;
#5483 = VERTEX_POINT ( 'NONE', #5349 ) ;
#5484 = DIRECTION ( 'NONE',  ( 0.000000000000000000, 1.000000000000000000, 0.000000000000000000 ) ) ;
#5485 = FACE_BOUND ( 'NONE', #453, .T. ) ;
#5486 = DIRECTION ( 'NONE',  ( 0.000000000000000000, 0.000000000000000000, 1.000000000000000000 ) ) ;
#5487 = DIRECTION ( 'NONE',  ( 0.000000000000000000, 0.000000000000000000, 1.000000000000000000 ) ) ;
#5488 = AXIS2_PLACEMENT_3D ( 'NONE', #577, #4918, #560 ) ;
#5489 = ORIENTED_EDGE ( 'NONE', *, *, #1018, .F. ) ;
#5490 = CIRCLE ( 'NONE', #2720, 5.000000000000000888 ) ;
#5491 = DIRECTION ( 'NONE',  ( 0.000000000000000000, 1.000000000000000000, -0.000000000000000000 ) ) ;
#5492 = CARTESIAN_POINT ( 'NONE',  ( -33.00000000000001421, 1015.000000000000114, 2.999999999999998668 ) ) ;
#5493 = CARTESIAN_POINT ( 'NONE',  ( -3353.999999999976808, 85.00000000001949729, 502.0000000000000000 ) ) ;
#5494 = ORIENTED_EDGE ( 'NONE', *, *, #2913, .T. ) ;
#5495 = AXIS2_PLACEMENT_3D ( 'NONE', #1864, #4874, #2306 ) ;
#5496 = APPROVAL_ROLE ( '' ) ;
#5497 = DIRECTION ( 'NONE',  ( 0.000000000000000000, 0.000000000000000000, -1.000000000000000000 ) ) ;
#5498 = ORIENTED_EDGE ( 'NONE', *, *, #5224, .F. ) ;
#5499 = LINE ( 'NONE', #5580, #3142 ) ;
#5500 = DIRECTION ( 'NONE',  ( -0.000000000000000000, 1.000000000000000000, -0.000000000000000000 ) ) ;
#5501 = CC_DESIGN_PERSON_AND_ORGANIZATION_ASSIGNMENT ( #664, #3668, ( #5217 ) ) ;
#5502 = VERTEX_POINT ( 'NONE', #2734 ) ;
#5503 = EDGE_CURVE ( 'NONE', #2953, #5458, #5461, .T. ) ;
#5504 = CARTESIAN_POINT ( 'NONE',  ( 15.90000000000017089, 585.0000000000000000, 10.90000000000000036 ) ) ;
#5505 = VECTOR ( 'NONE', #2606, 1000.000000000000000 ) ;
#5506 = ORGANIZATION ( 'NAUO-ORG4', 'UNSPECIFIED', 'UNSPECIFIED' ) ;
#5507 = EDGE_LOOP ( 'NONE', ( #717, #1630, #2049, #2529 ) ) ;
#5508 = CARTESIAN_POINT ( 'NONE',  ( 1.700029006457270953E-13, 615.0000000000001137, 15.00000000000000000 ) ) ;
#5509 = CARTESIAN_POINT ( 'NONE',  ( -3321.999999999977717, 1810.250000000020009, 604.7999999999997272 ) ) ;
#5511 = ADVANCED_FACE ( 'NONE', ( #4110 ), #4660, .T. ) ;
#5510 = CIRCLE ( 'NONE', #3813, 6.500000000000000888 ) ;
#5512 = DIRECTION ( 'NONE',  ( -0.000000000000000000, -1.000000000000000000, -0.000000000000000000 ) ) ;
#5513 = LINE ( 'NONE', #77, #5244 ) ;
#5514 = EDGE_CURVE ( 'NONE', #2634, #985, #3373, .T. ) ;
#5515 = LOCAL_TIME ( 10, 4, 45.00000000000000000, #2208 ) ;
#5516 = PERSON_AND_ORGANIZATION ( #2056, #5506 ) ;
#5517 = DIRECTION ( 'NONE',  ( 0.000000000000000000, -1.000000000000000000, 0.000000000000000000 ) ) ;
#5518 = ORIENTED_EDGE ( 'NONE', *, *, #939, .F. ) ;
#5519 = DIRECTION ( 'NONE',  ( 0.000000000000000000, -1.000000000000000000, 0.000000000000000000 ) ) ;
#5520 = LINE ( 'NONE', #4412, #2352 ) ;
#5521 = VECTOR ( 'NONE', #2700, 1000.000000000000000 ) ;
#5522 = DATE_TIME_ROLE ( 'creation_date' ) ;
#5523 = CARTESIAN_POINT ( 'NONE',  ( 600.0000000000002274, 1125.000000000000000, 30.00000000000000000 ) ) ;
#5524 = COORDINATED_UNIVERSAL_TIME_OFFSET ( 8, 0, .AHEAD. ) ;
#5525 = AXIS2_PLACEMENT_3D ( 'NONE', #2107, #3775, #2981 ) ;
#5526 = VERTEX_POINT ( 'NONE', #4421 ) ;
#5527 = CIRCLE ( 'NONE', #1547, 5.050000000000220979 ) ;
#5528 = PLANE ( 'NONE',  #5344 ) ;
#5529 = CARTESIAN_POINT ( 'NONE',  ( -3353.999999999976808, 1.948267935869552048E-11, 109.0000000000001279 ) ) ;
#5530 = CARTESIAN_POINT ( 'NONE',  ( -3305.199999999977990, 1039.750000000020009, 580.0000000000000000 ) ) ;
#5531 = DESIGN_CONTEXT ( 'detailed design', #226, 'design' ) ;
#5532 = EDGE_LOOP ( 'NONE', ( #1099, #3720, #2085, #790 ) ) ;
#5533 = ORIENTED_EDGE ( 'NONE', *, *, #2032, .F. ) ;
#5534 = DIRECTION ( 'NONE',  ( 0.000000000000000000, 0.000000000000000000, -1.000000000000000000 ) ) ;
#5535 = CARTESIAN_POINT ( 'NONE',  ( 15.90000000000017089, -585.0000000000000000, 15.90000000000000036 ) ) ;
#5536 = CARTESIAN_POINT ( 'NONE',  ( -3329.999999999977263, 1410.250000000020009, 596.7999999999999545 ) ) ;
#5537 = ORIENTED_EDGE ( 'NONE', *, *, #1904, .F. ) ;
#5538 = ORIENTED_EDGE ( 'NONE', *, *, #3584, .F. ) ;
#5539 = VERTEX_POINT ( 'NONE', #5364 ) ;
#5540 = DIRECTION ( 'NONE',  ( 0.000000000000000000, 1.000000000000000000, 0.000000000000000000 ) ) ;
#5541 = PERSON_AND_ORGANIZATION_ROLE ( 'design_owner' ) ;
#5542 = CC_DESIGN_SECURITY_CLASSIFICATION ( #995, ( #5608 ) ) ;
#5543 = AXIS2_PLACEMENT_3D ( 'NONE', #3785, #5465, #4157 ) ;
#5544 = ORIENTED_EDGE ( 'NONE', *, *, #2875, .T. ) ;
#5545 = VECTOR ( 'NONE', #4139, 1000.000000000000000 ) ;
#5546 = ORIENTED_EDGE ( 'NONE', *, *, #1254, .T. ) ;
#5547 = EDGE_CURVE ( 'NONE', #3595, #1019, #4522, .T. ) ;
#5548 = DIRECTION ( 'NONE',  ( -1.248475228922698363E-16, 0.000000000000000000, 1.000000000000000000 ) ) ;
#5549 = DIRECTION ( 'NONE',  ( 0.000000000000000000, 0.000000000000000000, -1.000000000000000000 ) ) ;
#5550 = CIRCLE ( 'NONE', #888, 27.00000000000011369 ) ;
#5551 = EDGE_LOOP ( 'NONE', ( #1338, #5393, #3528, #4878 ) ) ;
#5552 = EDGE_LOOP ( 'NONE', ( #3940, #1427, #2843, #1092, #1717 ) ) ;
#5553 = EDGE_CURVE ( 'NONE', #3564, #2087, #543, .T. ) ;
#5554 = DIRECTION ( 'NONE',  ( 0.000000000000000000, 0.000000000000000000, -1.000000000000000000 ) ) ;
#5555 = ORIENTED_EDGE ( 'NONE', *, *, #3363, .T. ) ;
#5556 = FACE_OUTER_BOUND ( 'NONE', #2393, .T. ) ;
#5557 = CARTESIAN_POINT ( 'NONE',  ( 15.90000000000017089, -1123.500000000000000, 10.90000000000000036 ) ) ;
#5558 = ORIENTED_EDGE ( 'NONE', *, *, #258, .T. ) ;
#5559 = CARTESIAN_POINT ( 'NONE',  ( 15.90000000000017089, -1123.500000000000000, 15.90000000000000036 ) ) ;
#5560 = LINE ( 'NONE', #1721, #4405 ) ;
#5561 = DIRECTION ( 'NONE',  ( 0.000000000000000000, 0.000000000000000000, 1.000000000000000000 ) ) ;
#5562 = ORIENTED_EDGE ( 'NONE', *, *, #3690, .F. ) ;
#5563 = ADVANCED_FACE ( 'NONE', ( #4864 ), #1010, .T. ) ;
#5564 = LINE ( 'NONE', #4328, #4688 ) ;
#5565 = CARTESIAN_POINT ( 'NONE',  ( -3353.999999999976808, 85.00000000001949729, 529.0000000000001137 ) ) ;
#5566 = AXIS2_PLACEMENT_3D ( 'NONE', #3911, #1771, #5232 ) ;
#5567 = ORIENTED_EDGE ( 'NONE', *, *, #309, .T. ) ;
#5568 = CARTESIAN_POINT ( 'NONE',  ( -33.00000000000001421, 215.0000000000001990, 2.999999999999998668 ) ) ;
#5569 = CIRCLE ( 'NONE', #5375, 5.050000000000220979 ) ;
#5570 = CARTESIAN_POINT ( 'NONE',  ( 15.90000000000017089, -214.9999999999999716, 20.90000000000000213 ) ) ;
#5571 = ADVANCED_FACE ( 'NONE', ( #3702 ), #1453, .T. ) ;
#5572 = DIRECTION ( 'NONE',  ( -1.000000000000000000, 0.000000000000000000, 0.000000000000000000 ) ) ;
#5573 = AXIS2_PLACEMENT_3D ( 'NONE', #4938, #566, #97 ) ;
#5574 = ORIENTED_EDGE ( 'NONE', *, *, #915, .T. ) ;
#5575 = CARTESIAN_POINT ( 'NONE',  ( 1.700029006457270953E-13, -184.9999999999999432, 15.00000000000000000 ) ) ;
#5576 = CIRCLE ( 'NONE', #4013, 27.00000000000011369 ) ;
#5577 = CARTESIAN_POINT ( 'NONE',  ( -33.00000000000001421, -585.0000000000000000, 2.999999999999998668 ) ) ;
#5578 = EDGE_LOOP ( 'NONE', ( #4618, #2216, #2035, #4584 ) ) ;
#5579 = CIRCLE ( 'NONE', #4842, 15.00000000000000000 ) ;
#5580 = CARTESIAN_POINT ( 'NONE',  ( -3305.199999999977990, 1810.250000000020009, 596.7999999999999545 ) ) ;
#5581 = EDGE_CURVE ( 'NONE', #3766, #2087, #470, .T. ) ;
#5582 = CARTESIAN_POINT ( 'NONE',  ( -3899.999999999977263, 0.000000000000000000, 0.000000000000000000 ) ) ;
#5583 = ORIENTED_EDGE ( 'NONE', *, *, #3558, .F. ) ;
#5584 = CIRCLE ( 'NONE', #4877, 5.000000000000000888 ) ;
#5585 = LINE ( 'NONE', #1249, #3285 ) ;
#5586 = PERSON_AND_ORGANIZATION ( #682, #186 ) ;
#5587 = CARTESIAN_POINT ( 'NONE',  ( 15.00000000000016875, -184.9999999999999432, 15.00000000000000000 ) ) ;
#5588 = VERTEX_POINT ( 'NONE', #1055 ) ;
#5589 = EDGE_CURVE ( 'NONE', #3288, #3608, #4588, .T. ) ;
#5590 = FACE_OUTER_BOUND ( 'NONE', #5030, .T. ) ;
#5591 = AXIS2_PLACEMENT_3D ( 'NONE', #5249, #847, #1370 ) ;
#5592 = ADVANCED_FACE ( 'NONE', ( #5055 ), #3765, .T. ) ;
#5593 = CARTESIAN_POINT ( 'NONE',  ( -3321.999999999977717, 639.7500000000200089, 596.7999999999999545 ) ) ;
#5594 = VERTEX_POINT ( 'NONE', #3132 ) ;
#5595 = ORIENTED_EDGE ( 'NONE', *, *, #2727, .T. ) ;
#5596 = CARTESIAN_POINT ( 'NONE',  ( -3313.199999999977990, 610.2500000000200089, 604.7999999999999545 ) ) ;
#5597 = ADVANCED_FACE ( 'NONE', ( #5325 ), #5196, .T. ) ;
#5598 = AXIS2_PLACEMENT_3D ( 'NONE', #2390, #3241, #1900 ) ;
#5599 = DIRECTION ( 'NONE',  ( 1.000000000000000000, 1.973729821555833987E-16, -0.000000000000000000 ) ) ;
#5600 = ORIENTED_EDGE ( 'NONE', *, *, #5354, .F. ) ;
#5601 = VECTOR ( 'NONE', #4233, 1000.000000000000000 ) ;
#5602 = EDGE_LOOP ( 'NONE', ( #3634, #555, #2894, #1452, #1032 ) ) ;
#5603 = PLANE ( 'NONE',  #4582 ) ;
#5604 = ORIENTED_EDGE ( 'NONE', *, *, #1507, .F. ) ;
#5605 = PLANE ( 'NONE',  #3000 ) ;
#5606 = NEXT_ASSEMBLY_USAGE_OCCURRENCE ( 'NAUO1', ' ', ' ', #409, #1286, $ ) ;
#5607 = NEXT_ASSEMBLY_USAGE_OCCURRENCE ( 'NAUO2', ' ', ' ', #409, #3990, $ ) ;
#5608 = NEXT_ASSEMBLY_USAGE_OCCURRENCE ( 'NAUO3', ' ', ' ', #409, #1171, $ ) ;
#5609 = NEXT_ASSEMBLY_USAGE_OCCURRENCE ( 'NAUO4', ' ', ' ', #409, #1171, $ ) ;
ENDSEC;
END-ISO-10303-21;
