ISO-10303-21;
HEADER;
FILE_DESCRIPTION (( 'STEP AP203' ),
    '1' );
FILE_NAME ('柜05.STEP',
    '2026-06-02T06:14:56',
    ( 'Windows 用户' ),
    ( 'Microsoft' ),
    'SwSTEP 2.0',
    'SolidWorks 2018',
    '' );
FILE_SCHEMA (( 'CONFIG_CONTROL_DESIGN' ));
ENDSEC;

DATA;
#1 = AXIS2_PLACEMENT_3D ( 'NONE', #1670, #1017, #828 ) ;
#2 = ORIENTED_EDGE ( 'NONE', *, *, #50, .F. ) ;
#3 = VERTEX_POINT ( 'NONE', #109 ) ;
#4 = CARTESIAN_POINT ( 'NONE',  ( 14.99999999999996092, 1.999999999999999556, 10.00000000000000000 ) ) ;
#5 = ADVANCED_FACE ( 'NONE', ( #1388 ), #1041, .F. ) ;
#6 = CARTESIAN_POINT ( 'NONE',  ( 1282.179044981846573, -160.0000000000001421, 464.9999999999999432 ) ) ;
#7 = DIRECTION ( 'NONE',  ( -1.000000000000000000, 0.000000000000000000, 0.000000000000000000 ) ) ;
#8 = PERSON_AND_ORGANIZATION_ROLE ( 'design_owner' ) ;
#9 = EDGE_LOOP ( 'NONE', ( #1863, #219, #165, #1484 ) ) ;
#10 = CARTESIAN_POINT ( 'NONE',  ( 289.9999999999998863, -1199.999999999999773, 30.00000000000000000 ) ) ;
#11 = ORIENTED_EDGE ( 'NONE', *, *, #54, .F. ) ;
#12 = CARTESIAN_POINT ( 'NONE',  ( 15.00000000000000000, 96.00000000000000000, 395.0000000000000000 ) ) ;
#13 = DIRECTION ( 'NONE',  ( 0.000000000000000000, -6.001205538514360011E-17, 1.000000000000000000 ) ) ;
#14 = VERTEX_POINT ( 'NONE', #1656 ) ;
#15 = EDGE_CURVE ( 'NONE', #1416, #1294, #2270, .T. ) ;
#16 = CARTESIAN_POINT ( 'NONE',  ( -15.00000000000000000, 3.000000000000000000, 385.0000000000000000 ) ) ;
#17 = ORIENTED_EDGE ( 'NONE', *, *, #1903, .F. ) ;
#18 =( LENGTH_UNIT ( ) NAMED_UNIT ( * ) SI_UNIT ( .MILLI., .METRE. ) );
#19 = AXIS2_PLACEMENT_3D ( 'NONE', #278, #1696, #2304 ) ;
#20 = DIRECTION ( 'NONE',  ( 0.000000000000000000, 0.000000000000000000, 1.000000000000000000 ) ) ;
#21 = CARTESIAN_POINT ( 'NONE',  ( -290.0000000000001137, 765.0000000000000000, 465.0000000000000000 ) ) ;
#22 = CYLINDRICAL_SURFACE ( 'NONE', #1457, 8.000000000000000000 ) ;
#23 = APPROVAL_PERSON_ORGANIZATION ( #1943, #1819, #30 ) ;
#24 = DIRECTION ( 'NONE',  ( 0.000000000000000000, 0.000000000000000000, 1.000000000000000000 ) ) ;
#25 = VECTOR ( 'NONE', #2420, 1000.000000000000000 ) ;
#26 = ORIENTED_EDGE ( 'NONE', *, *, #528, .F. ) ;
#27 = CONTEXT_DEPENDENT_SHAPE_REPRESENTATION ( #59, #664 ) ;
#28 = LINE ( 'NONE', #2231, #837 ) ;
#29 = LINE ( 'NONE', #1326, #886 ) ;
#30 = APPROVAL_ROLE ( '' ) ;
#31 = LINE ( 'NONE', #1594, #2104 ) ;
#32 = ORIENTED_EDGE ( 'NONE', *, *, #1528, .T. ) ;
#33 = APPROVAL_DATE_TIME ( #404, #1156 ) ;
#34 = CARTESIAN_POINT ( 'NONE',  ( 289.9999999999999432, 1199.999999999999545, 900.0000000000000000 ) ) ;
#35 = EDGE_CURVE ( 'NONE', #561, #189, #974, .T. ) ;
#36 = VERTEX_POINT ( 'NONE', #1284 ) ;
#37 = CARTESIAN_POINT ( 'NONE',  ( -15.00000000000000000, 0.000000000000000000, 10.00000000000000000 ) ) ;
#38 = AXIS2_PLACEMENT_3D ( 'NONE', #784, #2000, #1792 ) ;
#39 = PERSON_AND_ORGANIZATION_ROLE ( 'design_supplier' ) ;
#40 = ORIENTED_EDGE ( 'NONE', *, *, #1029, .F. ) ;
#41 = DATE_TIME_ROLE ( 'classification_date' ) ;
#42 = APPROVAL ( #1640, '未指定' ) ;
#43 = ORIENTED_EDGE ( 'NONE', *, *, #1735, .F. ) ;
#44 = VECTOR ( 'NONE', #1075, 1000.000000000000000 ) ;
#45 = VECTOR ( 'NONE', #551, 1000.000000000000000 ) ;
#46 = ORIENTED_EDGE ( 'NONE', *, *, #253, .F. ) ;
#47 = ADVANCED_FACE ( 'NONE', ( #887 ), #689, .F. ) ;
#48 = ADVANCED_FACE ( 'NONE', ( #2329 ), #1461, .T. ) ;
#49 = APPLICATION_PROTOCOL_DEFINITION ( 'international standard', 'config_control_design', 1994, #1477 ) ;
#50 = EDGE_CURVE ( 'NONE', #1716, #581, #2145, .T. ) ;
#51 = PLANE ( 'NONE',  #786 ) ;
#52 = ORIENTED_EDGE ( 'NONE', *, *, #1144, .T. ) ;
#53 = DIRECTION ( 'NONE',  ( 0.000000000000000000, 0.000000000000000000, 1.000000000000000000 ) ) ;
#54 = EDGE_CURVE ( 'NONE', #2548, #851, #1740, .T. ) ;
#55 = DIRECTION ( 'NONE',  ( 0.000000000000000000, 0.000000000000000000, 1.000000000000000000 ) ) ;
#56 = APPROVAL_ROLE ( '' ) ;
#57 = APPROVAL ( #456, 'UNKNOWN' ) ;
#58 = CC_DESIGN_SECURITY_CLASSIFICATION ( #2539, ( #1306 ) ) ;
#59 =( REPRESENTATION_RELATIONSHIP ('NONE','NONE', #87, #509 ) REPRESENTATION_RELATIONSHIP_WITH_TRANSFORMATION ( #2549 )SHAPE_REPRESENTATION_RELATIONSHIP( ) );
#60 = DIRECTION ( 'NONE',  ( -2.710505431213761085E-16, -1.000000000000000000, 0.000000000000000000 ) ) ;
#61 = CARTESIAN_POINT ( 'NONE',  ( 0.000000000000000000, 0.000000000000000000, 0.000000000000000000 ) ) ;
#62 = FACE_OUTER_BOUND ( 'NONE', #606, .T. ) ;
#63 = ORIENTED_EDGE ( 'NONE', *, *, #1834, .F. ) ;
#64 = DATE_AND_TIME ( #648, #1146 ) ;
#65 = ORIENTED_EDGE ( 'NONE', *, *, #903, .F. ) ;
#66 = VECTOR ( 'NONE', #930, 1000.000000000000000 ) ;
#67 = VERTEX_POINT ( 'NONE', #1920 ) ;
#68 = PERSON_AND_ORGANIZATION ( #534, #1097 ) ;
#69 = EDGE_LOOP ( 'NONE', ( #2412, #1451, #1958, #1167 ) ) ;
#70 = APPROVAL_ROLE ( '' ) ;
#71 = PERSON_AND_ORGANIZATION ( #534, #1097 ) ;
#72 = PERSON_AND_ORGANIZATION_ROLE ( 'classification_officer' ) ;
#73 = DIRECTION ( 'NONE',  ( -0.000000000000000000, -0.000000000000000000, -1.000000000000000000 ) ) ;
#74 = ORIENTED_EDGE ( 'NONE', *, *, #1445, .F. ) ;
#75 = DIRECTION ( 'NONE',  ( -0.000000000000000000, -1.000000000000000000, -0.000000000000000000 ) ) ;
#76 = EDGE_CURVE ( 'NONE', #2465, #2587, #1386, .T. ) ;
#77 = ORIENTED_EDGE ( 'NONE', *, *, #84, .T. ) ;
#78 = AXIS2_PLACEMENT_3D ( 'NONE', #2359, #782, #1777 ) ;
#79 = APPLICATION_PROTOCOL_DEFINITION ( 'international standard', 'config_control_design', 1994, #1793 ) ;
#80 = DIRECTION ( 'NONE',  ( -0.000000000000000000, -0.000000000000000000, -1.000000000000000000 ) ) ;
#81 = CARTESIAN_POINT ( 'NONE',  ( 260.0000000000001137, -190.0000000000001705, 869.9999999999998863 ) ) ;
#82 = ORIENTED_EDGE ( 'NONE', *, *, #76, .T. ) ;
#83 = ORIENTED_EDGE ( 'NONE', *, *, #2126, .F. ) ;
#84 = EDGE_CURVE ( 'NONE', #1646, #916, #1867, .T. ) ;
#85 = DIRECTION ( 'NONE',  ( -0.000000000000000000, -0.000000000000000000, -1.000000000000000000 ) ) ;
#86 = AXIS2_PLACEMENT_3D ( 'NONE', #631, #2277, #1080 ) ;
#87 = SHAPE_REPRESENTATION ( '柜05', ( #1750, #1622, #1676, #353 ), #1937 ) ;
#88 = CARTESIAN_POINT ( 'NONE',  ( 12.00000000000000000, 4.336808689942017736E-16, 395.0000000000000000 ) ) ;
#89 = VECTOR ( 'NONE', #1981, 1000.000000000000000 ) ;
#90 = APPROVAL ( #1455, '未指定' ) ;
#91 = DIRECTION ( 'NONE',  ( -0.000000000000000000, -0.000000000000000000, 1.000000000000000000 ) ) ;
#92 = FACE_OUTER_BOUND ( 'NONE', #598, .T. ) ;
#93 = DATE_AND_TIME ( #1693, #1176 ) ;
#94 = LINE ( 'NONE', #645, #1754 ) ;
#95 = ORIENTED_EDGE ( 'NONE', *, *, #1797, .T. ) ;
#96 = DIRECTION ( 'NONE',  ( 0.000000000000000000, -0.000000000000000000, 1.000000000000000000 ) ) ;
#97 = CIRCLE ( 'NONE', #166, 2.999999999999999112 ) ;
#98 = DATE_AND_TIME ( #1406, #1314 ) ;
#99 = EDGE_LOOP ( 'NONE', ( #1490, #1746, #43, #2386 ) ) ;
#100 = ORIENTED_EDGE ( 'NONE', *, *, #1896, .F. ) ;
#101 = EDGE_CURVE ( 'NONE', #1574, #2534, #1194, .T. ) ;
#102 = DIRECTION ( 'NONE',  ( 0.000000000000000000, 0.000000000000000000, 1.000000000000000000 ) ) ;
#103 = EDGE_CURVE ( 'NONE', #734, #2587, #2456, .T. ) ;
#104 = EDGE_LOOP ( 'NONE', ( #1501, #2473, #1002, #1136 ) ) ;
#105 = CC_DESIGN_DATE_AND_TIME_ASSIGNMENT ( #98, #653, ( #2539 ) ) ;
#106 = CARTESIAN_POINT ( 'NONE',  ( 12.00000000000000000, 4.336808689942017736E-16, 385.0000000000000000 ) ) ;
#107 = FACE_OUTER_BOUND ( 'NONE', #1668, .T. ) ;
#108 = ORIENTED_EDGE ( 'NONE', *, *, #1554, .F. ) ;
#109 = CARTESIAN_POINT ( 'NONE',  ( 15.00000000000000000, 96.00000000000000000, 0.000000000000000000 ) ) ;
#110 = CARTESIAN_POINT ( 'NONE',  ( -15.00000000000000000, 3.000000000000000000, 395.0000000000000000 ) ) ;
#111 = CARTESIAN_POINT ( 'NONE',  ( 259.9999999999998863, 0.000000000000000000, 869.9999999999998863 ) ) ;
#112 = ADVANCED_FACE ( 'NONE', ( #1263 ), #2274, .F. ) ;
#113 = ORIENTED_EDGE ( 'NONE', *, *, #1165, .T. ) ;
#114 = ADVANCED_BREP_SHAPE_REPRESENTATION ( '', ( #299, #2204 ), #1860 ) ;
#115 = CARTESIAN_POINT ( 'NONE',  ( 12.00000000000000000, 3.000000000000000000, 385.0000000000000000 ) ) ;
#116 = EDGE_CURVE ( 'NONE', #1113, #1059, #352, .T. ) ;
#117 = DIRECTION ( 'NONE',  ( 0.000000000000000000, 2.643388153869421297E-16, -1.000000000000000000 ) ) ;
#118 = CARTESIAN_POINT ( 'NONE',  ( -5.000000000000000888, 37.00000000000000000, 385.0000000000000000 ) ) ;
#119 = VECTOR ( 'NONE', #2067, 1000.000000000000000 ) ;
#120 = ORIENTED_EDGE ( 'NONE', *, *, #1684, .T. ) ;
#121 = ORGANIZATION ( 'NAUO-ORG1', 'UNSPECIFIED', 'UNSPECIFIED' ) ;
#122 = ORIENTED_EDGE ( 'NONE', *, *, #698, .T. ) ;
#123 = ADVANCED_FACE ( 'NONE', ( #1323, #1803 ), #2296, .T. ) ;
#124 = LINE ( 'NONE', #987, #1179 ) ;
#125 = EDGE_LOOP ( 'NONE', ( #656, #1077, #2251, #866 ) ) ;
#126 = APPROVAL_DATE_TIME ( #1603, #42 ) ;
#127 = DIRECTION ( 'NONE',  ( 0.000000000000000000, 0.000000000000000000, -1.000000000000000000 ) ) ;
#128 = CARTESIAN_POINT ( 'NONE',  ( -15.00000000000000000, 96.00000000000000000, 385.0000000000000000 ) ) ;
#129 = ORIENTED_EDGE ( 'NONE', *, *, #2198, .T. ) ;
#130 = CARTESIAN_POINT ( 'NONE',  ( -9.999999999999998224, 6.999999999999999112, 385.0000000000000000 ) ) ;
#131 = EDGE_CURVE ( 'NONE', #408, #14, #663, .T. ) ;
#132 = PLANE ( 'NONE',  #1496 ) ;
#133 = ORIENTED_EDGE ( 'NONE', *, *, #1069, .T. ) ;
#134 = PLANE ( 'NONE',  #806 ) ;
#135 = VECTOR ( 'NONE', #736, 1000.000000000000000 ) ;
#136 = APPROVAL ( #2065, '未指定' ) ;
#137 = ORIENTED_EDGE ( 'NONE', *, *, #1547, .T. ) ;
#138 = ORIENTED_EDGE ( 'NONE', *, *, #1069, .F. ) ;
#139 = DIRECTION ( 'NONE',  ( -0.000000000000000000, 0.000000000000000000, -1.000000000000000000 ) ) ;
#140 = CARTESIAN_POINT ( 'NONE',  ( 0.000000000000000000, 1169.999999999999318, 869.9999999999998863 ) ) ;
#141 = DIRECTION ( 'NONE',  ( 2.710505431213761085E-16, 1.000000000000000000, 0.000000000000000000 ) ) ;
#142 = DIRECTION ( 'NONE',  ( 1.000000000000000000, 0.000000000000000000, 0.000000000000000000 ) ) ;
#143 = EDGE_CURVE ( 'NONE', #1449, #1059, #1421, .T. ) ;
#144 = DIRECTION ( 'NONE',  ( 0.000000000000000000, -0.000000000000000000, 1.000000000000000000 ) ) ;
#145 = LINE ( 'NONE', #168, #612 ) ;
#146 = EDGE_LOOP ( 'NONE', ( #2050, #2171, #521, #1609 ) ) ;
#147 = VECTOR ( 'NONE', #2097, 1000.000000000000000 ) ;
#148 = PERSON_AND_ORGANIZATION ( #2152, #676 ) ;
#149 = VECTOR ( 'NONE', #2478, 1000.000000000000000 ) ;
#150 = CC_DESIGN_APPROVAL ( #683, ( #2045 ) ) ;
#151 = EDGE_LOOP ( 'NONE', ( #1372, #1699, #525, #1731 ) ) ;
#152 = CIRCLE ( 'NONE', #533, 2.999999999999999112 ) ;
#153 = CALENDAR_DATE ( 2026, 2, 6 ) ;
#154 = DIRECTION ( 'NONE',  ( 1.000000000000000000, 0.000000000000000000, -0.000000000000000000 ) ) ;
#155 = ORIENTED_EDGE ( 'NONE', *, *, #1299, .T. ) ;
#156 = DIRECTION ( 'NONE',  ( -0.000000000000000000, -0.000000000000000000, -1.000000000000000000 ) ) ;
#157 = CARTESIAN_POINT ( 'NONE',  ( 289.9999999999999432, -1199.999999999999773, 899.9999999999996589 ) ) ;
#158 = ORIENTED_EDGE ( 'NONE', *, *, #1665, .F. ) ;
#159 = CARTESIAN_POINT ( 'NONE',  ( 14.99999999999998757, 96.00000000000000000, 840.0000000000001137 ) ) ;
#160 = EDGE_CURVE ( 'NONE', #2139, #411, #726, .T. ) ;
#161 = ORIENTED_EDGE ( 'NONE', *, *, #497, .T. ) ;
#162 = PLANE ( 'NONE',  #1801 ) ;
#163 = FACE_OUTER_BOUND ( 'NONE', #2211, .T. ) ;
#164 = LINE ( 'NONE', #1545, #291 ) ;
#165 = ORIENTED_EDGE ( 'NONE', *, *, #1271, .F. ) ;
#166 = AXIS2_PLACEMENT_3D ( 'NONE', #394, #595, #2012 ) ;
#167 = CC_DESIGN_PERSON_AND_ORGANIZATION_ASSIGNMENT ( #1310, #2241, ( #971 ) ) ;
#168 = CARTESIAN_POINT ( 'NONE',  ( 15.00000000000000000, 3.000000000000000000, 395.0000000000000000 ) ) ;
#169 = DIRECTION ( 'NONE',  ( 0.000000000000000000, -1.000000000000000000, -1.387778780781445922E-16 ) ) ;
#170 = CARTESIAN_POINT ( 'NONE',  ( -5.000000000000000888, 32.00000000000000000, 385.0000000000000000 ) ) ;
#171 = EDGE_CURVE ( 'NONE', #1454, #3, #164, .T. ) ;
#172 = DIRECTION ( 'NONE',  ( 0.000000000000000000, -0.000000000000000000, -1.000000000000000000 ) ) ;
#173 = LINE ( 'NONE', #1465, #25 ) ;
#174 = ORIENTED_EDGE ( 'NONE', *, *, #2491, .F. ) ;
#175 = APPROVAL_DATE_TIME ( #1728, #1262 ) ;
#176 = CARTESIAN_POINT ( 'NONE',  ( 0.000000000000000000, -1120.000000000000227, 869.9999999999998863 ) ) ;
#177 = ORIENTED_EDGE ( 'NONE', *, *, #1701, .T. ) ;
#178 = EDGE_CURVE ( 'NONE', #2450, #2465, #757, .T. ) ;
#179 = CARTESIAN_POINT ( 'NONE',  ( -15.00000000000000000, 3.000000000000000000, 0.000000000000000000 ) ) ;
#180 = LINE ( 'NONE', #2400, #1535 ) ;
#181 = ORIENTED_EDGE ( 'NONE', *, *, #2360, .F. ) ;
#182 = APPROVAL_PERSON_ORGANIZATION ( #437, #1241, #1239 ) ;
#183 = DIRECTION ( 'NONE',  ( 0.000000000000000000, -0.000000000000000000, 1.000000000000000000 ) ) ;
#184 = DIRECTION ( 'NONE',  ( -0.000000000000000000, -0.000000000000000000, -1.000000000000000000 ) ) ;
#185 = CC_DESIGN_PERSON_AND_ORGANIZATION_ASSIGNMENT ( #406, #1045, ( #2122 ) ) ;
#186 = APPROVAL_PERSON_ORGANIZATION ( #341, #1170, #2260 ) ;
#187 = PLANE ( 'NONE',  #439 ) ;
#188 = CARTESIAN_POINT ( 'NONE',  ( -290.0000000000001137, -1199.999999999999773, 30.00000000000000000 ) ) ;
#189 = VERTEX_POINT ( 'NONE', #1327 ) ;
#190 = CARTESIAN_POINT ( 'NONE',  ( 0.000000000000000000, 0.000000000000000000, 0.000000000000000000 ) ) ;
#191 = ORIENTED_EDGE ( 'NONE', *, *, #931, .F. ) ;
#192 = DIRECTION ( 'NONE',  ( -0.000000000000000000, -0.000000000000000000, 1.000000000000000000 ) ) ;
#193 = DIRECTION ( 'NONE',  ( -1.807003620809173954E-17, 1.000000000000000000, 0.000000000000000000 ) ) ;
#194 = CARTESIAN_POINT ( 'NONE',  ( -290.0000000000001137, 317.4999999999999432, 435.0000000000000000 ) ) ;
#195 = AXIS2_PLACEMENT_3D ( 'NONE', #1709, #487, #512 ) ;
#196 = ORIENTED_EDGE ( 'NONE', *, *, #2148, .F. ) ;
#197 = CARTESIAN_POINT ( 'NONE',  ( -15.00000000000003730, 0.000000000000000000, 830.0000000000001137 ) ) ;
#198 = ADVANCED_FACE ( 'NONE', ( #1715 ), #1345, .T. ) ;
#199 = CARTESIAN_POINT ( 'NONE',  ( 0.000000000000000000, 0.000000000000000000, 0.000000000000000000 ) ) ;
#200 = AXIS2_PLACEMENT_3D ( 'NONE', #1876, #876, #670 ) ;
#201 = VECTOR ( 'NONE', #1683, 1000.000000000000000 ) ;
#202 = ORIENTED_EDGE ( 'NONE', *, *, #1318, .T. ) ;
#203 = CARTESIAN_POINT ( 'NONE',  ( -290.0000000000001137, -160.0000000000001421, 435.0000000000000000 ) ) ;
#204 = CARTESIAN_POINT ( 'NONE',  ( -12.00000000000000000, 3.000000000000000000, 0.000000000000000000 ) ) ;
#205 = CARTESIAN_POINT ( 'NONE',  ( 15.00000000000000000, 96.00000000000000000, 385.0000000000000000 ) ) ;
#206 = DIRECTION ( 'NONE',  ( 0.000000000000000000, 0.000000000000000000, 1.000000000000000000 ) ) ;
#207 = FACE_BOUND ( 'NONE', #2335, .T. ) ;
#208 = DIRECTION ( 'NONE',  ( -2.710505431213761085E-16, -1.000000000000000000, 0.000000000000000000 ) ) ;
#209 = CARTESIAN_POINT ( 'NONE',  ( -15.00000000000000000, 0.000000000000000000, 10.00000000000000000 ) ) ;
#210 = EDGE_CURVE ( 'NONE', #2325, #1113, #229, .T. ) ;
#211 = VECTOR ( 'NONE', #890, 1000.000000000000000 ) ;
#212 = LINE ( 'NONE', #2477, #647 ) ;
#213 = COORDINATED_UNIVERSAL_TIME_OFFSET ( 8, 0, .AHEAD. ) ;
#214 = FACE_OUTER_BOUND ( 'NONE', #286, .T. ) ;
#215 = DATE_AND_TIME ( #153, #1062 ) ;
#216 = EDGE_LOOP ( 'NONE', ( #292, #715, #1312, #1817 ) ) ;
#217 = CARTESIAN_POINT ( 'NONE',  ( -15.00000000000000000, 96.00000000000000000, 10.00000000000000000 ) ) ;
#218 = ORIENTED_EDGE ( 'NONE', *, *, #2033, .F. ) ;
#219 = ORIENTED_EDGE ( 'NONE', *, *, #573, .T. ) ;
#220 = CARTESIAN_POINT ( 'NONE',  ( 289.9999999999999432, 1200.000000000000227, 0.000000000000000000 ) ) ;
#221 = CC_DESIGN_PERSON_AND_ORGANIZATION_ASSIGNMENT ( #621, #637, ( #2539 ) ) ;
#222 = CIRCLE ( 'NONE', #749, 5.000000000000000888 ) ;
#223 = DIRECTION ( 'NONE',  ( -0.000000000000000000, 2.467162276944792422E-16, -1.000000000000000000 ) ) ;
#224 = VERTEX_POINT ( 'NONE', #1555 ) ;
#225 = ADVANCED_FACE ( 'NONE', ( #2346 ), #132, .T. ) ;
#226 = ORIENTED_EDGE ( 'NONE', *, *, #2033, .T. ) ;
#227 = EDGE_CURVE ( 'NONE', #1549, #658, #1281, .T. ) ;
#228 = FACE_OUTER_BOUND ( 'NONE', #781, .T. ) ;
#229 = LINE ( 'NONE', #1529, #635 ) ;
#230 = CARTESIAN_POINT ( 'NONE',  ( -9.999999999999998224, 6.999999999999999112, 10.00000000000000000 ) ) ;
#231 = ORIENTED_EDGE ( 'NONE', *, *, #1747, .F. ) ;
#232 = CARTESIAN_POINT ( 'NONE',  ( 14.99999999999998757, 96.00000000000000000, 10.00000000000000000 ) ) ;
#233 = EDGE_CURVE ( 'NONE', #1249, #2394, #427, .T. ) ;
#234 = DIRECTION ( 'NONE',  ( -0.000000000000000000, -0.000000000000000000, 1.000000000000000000 ) ) ;
#235 = DATE_TIME_ROLE ( 'creation_date' ) ;
#236 = CC_DESIGN_APPROVAL ( #1392, ( #1888 ) ) ;
#237 = APPROVAL ( #1661, '未指定' ) ;
#238 = DIRECTION ( 'NONE',  ( 1.000000000000000000, 0.000000000000000000, 0.000000000000000000 ) ) ;
#239 = DIRECTION ( 'NONE',  ( -1.000000000000000000, -4.336808689942017120E-17, 0.000000000000000000 ) ) ;
#240 = LINE ( 'NONE', #1524, #1690 ) ;
#241 = CARTESIAN_POINT ( 'NONE',  ( -5.000000000000000888, 37.00000000000000000, 385.0000000000000000 ) ) ;
#242 = VERTEX_POINT ( 'NONE', #2518 ) ;
#243 = PERSON_AND_ORGANIZATION_ROLE ( 'design_owner' ) ;
#244 = VECTOR ( 'NONE', #2243, 1000.000000000000000 ) ;
#245 = ORIENTED_EDGE ( 'NONE', *, *, #1301, .F. ) ;
#246 =( REPRESENTATION_RELATIONSHIP ('NONE','NONE', #87, #1872 ) REPRESENTATION_RELATIONSHIP_WITH_TRANSFORMATION ( #1564 )SHAPE_REPRESENTATION_RELATIONSHIP( ) );
#247 = CARTESIAN_POINT ( 'NONE',  ( -15.00000000000003730, 0.000000000000000000, 0.000000000000000000 ) ) ;
#248 = LINE ( 'NONE', #1426, #2317 ) ;
#249 = ORIENTED_EDGE ( 'NONE', *, *, #2585, .F. ) ;
#250 = APPROVAL_DATE_TIME ( #1857, #1787 ) ;
#251 = PRODUCT_DEFINITION_SHAPE ( 'NONE', 'NONE',  #1806 ) ;
#252 = CARTESIAN_POINT ( 'NONE',  ( 259.9999999999998863, -160.0000000000001421, 30.00000000000000000 ) ) ;
#253 = EDGE_CURVE ( 'NONE', #999, #1059, #1823, .T. ) ;
#254 = APPROVAL_DATE_TIME ( #1791, #237 ) ;
#255 = AXIS2_PLACEMENT_3D ( 'NONE', #115, #2483, #1895 ) ;
#256 = VERTEX_POINT ( 'NONE', #1139 ) ;
#257 = APPLICATION_PROTOCOL_DEFINITION ( 'international standard', 'config_control_design', 1994, #1409 ) ;
#258 = ORIENTED_EDGE ( 'NONE', *, *, #479, .T. ) ;
#259 = DIRECTION ( 'NONE',  ( 0.000000000000000000, -0.000000000000000000, 1.000000000000000000 ) ) ;
#260 = VERTEX_POINT ( 'NONE', #2522 ) ;
#261 = PERSON_AND_ORGANIZATION_ROLE ( 'creator' ) ;
#262 = EDGE_CURVE ( 'NONE', #1900, #1030, #681, .T. ) ;
#263 = SECURITY_CLASSIFICATION_LEVEL ( 'unclassified' ) ;
#264 = DIRECTION ( 'NONE',  ( 0.000000000000000000, 0.000000000000000000, -1.000000000000000000 ) ) ;
#265 = ORIENTED_EDGE ( 'NONE', *, *, #577, .F. ) ;
#266 = DIRECTION ( 'NONE',  ( -0.000000000000000000, -0.000000000000000000, -1.000000000000000000 ) ) ;
#267 = ADVANCED_FACE ( 'NONE', ( #1567 ), #2341, .F. ) ;
#268 = ORIENTED_EDGE ( 'NONE', *, *, #210, .T. ) ;
#269 = PLANE ( 'NONE',  #1839 ) ;
#270 = AXIS2_PLACEMENT_3D ( 'NONE', #1300, #914, #1517 ) ;
#271 = DIRECTION ( 'NONE',  ( 0.000000000000000000, -2.467162276944792422E-16, 1.000000000000000000 ) ) ;
#272 = FACE_BOUND ( 'NONE', #151, .T. ) ;
#273 = LINE ( 'NONE', #2543, #1338 ) ;
#274 = VECTOR ( 'NONE', #690, 1000.000000000000000 ) ;
#275 = VERTEX_POINT ( 'NONE', #717 ) ;
#276 = DATE_AND_TIME ( #1060, #716 ) ;
#277 = VECTOR ( 'NONE', #609, 1000.000000000000000 ) ;
#278 = CARTESIAN_POINT ( 'NONE',  ( -1193.548559846121407, -1120.000000000000000, 0.000000000000000000 ) ) ;
#279 = DIRECTION ( 'NONE',  ( -0.000000000000000000, -0.000000000000000000, -1.000000000000000000 ) ) ;
#280 = CARTESIAN_POINT ( 'NONE',  ( 15.00000000000000000, 96.00000000000000000, 395.0000000000000000 ) ) ;
#281 = ORIENTED_EDGE ( 'NONE', *, *, #321, .F. ) ;
#282 = CARTESIAN_POINT ( 'NONE',  ( -290.0000000000001137, 765.0000000000001137, 30.00000000000002842 ) ) ;
#283 = AXIS2_PLACEMENT_3D ( 'NONE', #972, #1967, #172 ) ;
#284 = CLOSED_SHELL ( 'NONE', ( #1224, #1849, #5, #1006, #1297, #1521, #2497, #2077, #47, #1018, #462, #1438, #1902, #630, #1681, #1288, #1272, #2292, #1316, #289, #2229, #2079 ) ) ;
#285 = DIRECTION ( 'NONE',  ( 1.156482317317871725E-16, -1.000000000000000000, 0.000000000000000000 ) ) ;
#286 = EDGE_LOOP ( 'NONE', ( #2283, #1065, #882, #2091 ) ) ;
#287 = LINE ( 'NONE', #1298, #1829 ) ;
#288 = DIRECTION ( 'NONE',  ( 1.000000000000000000, 0.000000000000000000, -0.000000000000000000 ) ) ;
#289 = ADVANCED_FACE ( 'NONE', ( #1911 ), #2047, .T. ) ;
#290 = LINE ( 'NONE', #1638, #2484 ) ;
#291 = VECTOR ( 'NONE', #1333, 1000.000000000000000 ) ;
#292 = ORIENTED_EDGE ( 'NONE', *, *, #1348, .T. ) ;
#293 = CARTESIAN_POINT ( 'NONE',  ( 4.999999999999997335, 32.00000000000000000, 385.0000000000000000 ) ) ;
#294 = DIRECTION ( 'NONE',  ( 0.000000000000000000, -0.000000000000000000, 1.000000000000000000 ) ) ;
#295 = EDGE_CURVE ( 'NONE', #1472, #1346, #1218, .T. ) ;
#296 = DIRECTION ( 'NONE',  ( -1.000000000000000000, 0.000000000000000000, 0.000000000000000000 ) ) ;
#297 = CARTESIAN_POINT ( 'NONE',  ( 12.99999999999995914, 0.000000000000000000, 10.00000000000000000 ) ) ;
#298 = AXIS2_PLACEMENT_3D ( 'NONE', #407, #2212, #1001 ) ;
#299 = MANIFOLD_SOLID_BREP ( '凸台-拉伸13', #1189 ) ;
#300 = LINE ( 'NONE', #2514, #464 ) ;
#301 = CC_DESIGN_PERSON_AND_ORGANIZATION_ASSIGNMENT ( #68, #2466, ( #1015 ) ) ;
#302 = CARTESIAN_POINT ( 'NONE',  ( -290.0000000000001137, -1199.999999999999773, 30.00000000000000000 ) ) ;
#303 = VECTOR ( 'NONE', #1070, 1000.000000000000000 ) ;
#304 = COORDINATED_UNIVERSAL_TIME_OFFSET ( 8, 0, .AHEAD. ) ;
#305 = CIRCLE ( 'NONE', #86, 2.000000000000000000 ) ;
#306 = EDGE_LOOP ( 'NONE', ( #2107, #1579, #1514, #1764 ) ) ;
#307 = DIRECTION ( 'NONE',  ( -0.000000000000000000, 0.000000000000000000, -1.000000000000000000 ) ) ;
#308 = VECTOR ( 'NONE', #797, 1000.000000000000000 ) ;
#309 = CLOSED_SHELL ( 'NONE', ( #123, #816, #1599, #590, #1704, #484, #613, #48, #422, #2200, #112, #1705, #1408, #2449, #2405, #2432, #476, #1645, #706, #438, #2482, #1066 ) ) ;
#310 = CALENDAR_DATE ( 2026, 2, 6 ) ;
#311 = CALENDAR_DATE ( 2026, 2, 6 ) ;
#312 = DIRECTION ( 'NONE',  ( -0.000000000000000000, -1.000000000000000000, -0.000000000000000000 ) ) ;
#313 = EDGE_CURVE ( 'NONE', #1965, #1574, #1096, .T. ) ;
#314 = ORIENTED_EDGE ( 'NONE', *, *, #321, .T. ) ;
#315 = ORIENTED_EDGE ( 'NONE', *, *, #1953, .T. ) ;
#316 = CARTESIAN_POINT ( 'NONE',  ( 10.00000000000000000, 37.00000000000000000, 830.0000000000001137 ) ) ;
#317 = DIRECTION ( 'NONE',  ( 0.000000000000000000, -0.000000000000000000, -1.000000000000000000 ) ) ;
#318 = ORIENTED_EDGE ( 'NONE', *, *, #178, .F. ) ;
#319 = DIRECTION ( 'NONE',  ( 0.000000000000000000, 0.000000000000000000, -1.000000000000000000 ) ) ;
#320 = ORIENTED_EDGE ( 'NONE', *, *, #143, .F. ) ;
#321 = EDGE_CURVE ( 'NONE', #877, #260, #1024, .T. ) ;
#322 = CC_DESIGN_PERSON_AND_ORGANIZATION_ASSIGNMENT ( #148, #72, ( #1227 ) ) ;
#323 = CC_DESIGN_DATE_AND_TIME_ASSIGNMENT ( #1557, #2460, ( #2122 ) ) ;
#324 = CARTESIAN_POINT ( 'NONE',  ( -13.00000000000003730, 0.000000000000000000, 0.000000000000000000 ) ) ;
#325 = CARTESIAN_POINT ( 'NONE',  ( 1100.535543567313880, 795.0000000000001137, 30.00000000000000000 ) ) ;
#326 = DIRECTION ( 'NONE',  ( 2.312964634635742895E-17, 1.000000000000000000, 0.000000000000000000 ) ) ;
#327 = ORIENTED_EDGE ( 'NONE', *, *, #2376, .F. ) ;
#328 = LINE ( 'NONE', #2113, #1328 ) ;
#329 = DIRECTION ( 'NONE',  ( 0.000000000000000000, -1.000000000000000000, -2.643388153869421297E-16 ) ) ;
#330 = DESIGN_CONTEXT ( 'detailed design', #1409, 'design' ) ;
#331 = DIRECTION ( 'NONE',  ( 0.000000000000000000, -0.000000000000000000, -1.000000000000000000 ) ) ;
#332 = FACE_OUTER_BOUND ( 'NONE', #2083, .T. ) ;
#333 = AXIS2_PLACEMENT_3D ( 'NONE', #1842, #20, #1666 ) ;
#334 = FACE_OUTER_BOUND ( 'NONE', #744, .T. ) ;
#335 = LOCAL_TIME ( 14, 14, 56.00000000000000000, #304 ) ;
#336 = ORIENTED_EDGE ( 'NONE', *, *, #2245, .F. ) ;
#337 = CARTESIAN_POINT ( 'NONE',  ( 1100.535543567313880, -160.0000000000001421, 30.00000000000000000 ) ) ;
#338 = VECTOR ( 'NONE', #766, 1000.000000000000000 ) ;
#339 = COORDINATED_UNIVERSAL_TIME_OFFSET ( 8, 0, .AHEAD. ) ;
#340 = LINE ( 'NONE', #449, #2225 ) ;
#341 = PERSON_AND_ORGANIZATION ( #534, #1097 ) ;
#342 = ORIENTED_EDGE ( 'NONE', *, *, #1652, .T. ) ;
#343 = VECTOR ( 'NONE', #312, 1000.000000000000000 ) ;
#344 = ORIENTED_EDGE ( 'NONE', *, *, #2036, .T. ) ;
#345 = VECTOR ( 'NONE', #1374, 1000.000000000000000 ) ;
#346 = EDGE_CURVE ( 'NONE', #538, #843, #433, .T. ) ;
#347 = DIRECTION ( 'NONE',  ( 1.000000000000000000, -1.734723475976807094E-15, 0.000000000000000000 ) ) ;
#348 = DIRECTION ( 'NONE',  ( -0.000000000000000000, 0.000000000000000000, -1.000000000000000000 ) ) ;
#349 = AXIS2_PLACEMENT_3D ( 'NONE', #1795, #1168, #169 ) ;
#350 = ORIENTED_EDGE ( 'NONE', *, *, #946, .F. ) ;
#351 = VECTOR ( 'NONE', #2226, 1000.000000000000000 ) ;
#352 = LINE ( 'NONE', #2118, #790 ) ;
#353 = AXIS2_PLACEMENT_3D ( 'NONE', #600, #2208, #2032 ) ;
#354 = ORIENTED_EDGE ( 'NONE', *, *, #727, .F. ) ;
#355 = CARTESIAN_POINT ( 'NONE',  ( -290.0000000000001137, -1199.999999999999773, 30.00000000000000000 ) ) ;
#356 = ORIENTED_EDGE ( 'NONE', *, *, #131, .T. ) ;
#357 = CARTESIAN_POINT ( 'NONE',  ( 289.9999999999998863, -1199.999999999999773, 30.00000000000000000 ) ) ;
#358 = CARTESIAN_POINT ( 'NONE',  ( 1100.535543567313880, 795.0000000000001137, 30.00000000000000000 ) ) ;
#359 = DIRECTION ( 'NONE',  ( 0.000000000000000000, 0.000000000000000000, -1.000000000000000000 ) ) ;
#360 = EDGE_CURVE ( 'NONE', #1033, #581, #1446, .T. ) ;
#361 = DIRECTION ( 'NONE',  ( -1.000000000000000000, -4.336808689942017736E-17, 0.000000000000000000 ) ) ;
#362 = EDGE_CURVE ( 'NONE', #67, #2450, #619, .T. ) ;
#363 = DIRECTION ( 'NONE',  ( 0.000000000000000000, 0.000000000000000000, -1.000000000000000000 ) ) ;
#364 = LINE ( 'NONE', #280, #1814 ) ;
#365 = LINE ( 'NONE', #2272, #490 ) ;
#366 = DATE_AND_TIME ( #2582, #1598 ) ;
#367 = CC_DESIGN_APPROVAL ( #237, ( #2539 ) ) ;
#368 = EDGE_LOOP ( 'NONE', ( #556, #202, #2495, #2 ) ) ;
#369 = VECTOR ( 'NONE', #1273, 1000.000000000000000 ) ;
#370 = VECTOR ( 'NONE', #2186, 1000.000000000000000 ) ;
#371 = CIRCLE ( 'NONE', #542, 2.999999999999999112 ) ;
#372 = ORIENTED_EDGE ( 'NONE', *, *, #2163, .F. ) ;
#373 = DATE_AND_TIME ( #524, #393 ) ;
#374 = DIRECTION ( 'NONE',  ( -0.000000000000000000, -0.000000000000000000, -1.000000000000000000 ) ) ;
#375 = ORIENTED_EDGE ( 'NONE', *, *, #1453, .F. ) ;
#376 = ORIENTED_EDGE ( 'NONE', *, *, #513, .T. ) ;
#377 = DIRECTION ( 'NONE',  ( 1.000000000000000000, 0.000000000000000000, 0.000000000000000000 ) ) ;
#378 = ORIENTED_EDGE ( 'NONE', *, *, #662, .T. ) ;
#379 = ORIENTED_EDGE ( 'NONE', *, *, #1797, .F. ) ;
#380 = PLANE ( 'NONE',  #2454 ) ;
#381 = EDGE_CURVE ( 'NONE', #1536, #684, #839, .T. ) ;
#382 = ORIENTED_EDGE ( 'NONE', *, *, #2005, .T. ) ;
#383 = ADVANCED_FACE ( 'NONE', ( #905 ), #965, .F. ) ;
#384 = ADVANCED_BREP_SHAPE_REPRESENTATION ( '', ( #762, #2204 ), #405 ) ;
#385 = DIRECTION ( 'NONE',  ( 1.000000000000000000, 0.000000000000000000, 0.000000000000000000 ) ) ;
#386 = VECTOR ( 'NONE', #2110, 1000.000000000000000 ) ;
#387 = ORIENTED_EDGE ( 'NONE', *, *, #1332, .T. ) ;
#388 = DIRECTION ( 'NONE',  ( 1.000000000000000000, 0.000000000000000000, 0.000000000000000000 ) ) ;
#389 = CARTESIAN_POINT ( 'NONE',  ( 14.99999999999998757, 96.00000000000000000, 0.000000000000000000 ) ) ;
#390 = CYLINDRICAL_SURFACE ( 'NONE', #1428, 5.000000000000000000 ) ;
#391 = DIRECTION ( 'NONE',  ( -0.000000000000000000, -0.000000000000000000, -1.000000000000000000 ) ) ;
#392 = APPLICATION_CONTEXT ( 'configuration controlled 3d designs of mechanical parts and assemblies' ) ;
#393 = LOCAL_TIME ( 14, 14, 56.00000000000000000, #1914 ) ;
#394 = CARTESIAN_POINT ( 'NONE',  ( -12.00000000000000000, 3.000000000000000000, 395.0000000000000000 ) ) ;
#395 = EDGE_CURVE ( 'NONE', #1574, #758, #554, .T. ) ;
#396 = ORIENTED_EDGE ( 'NONE', *, *, #1425, .T. ) ;
#397 = DIRECTION ( 'NONE',  ( -0.000000000000000000, -1.000000000000000000, -0.000000000000000000 ) ) ;
#398 = VECTOR ( 'NONE', #2216, 1000.000000000000000 ) ;
#399 = DIRECTION ( 'NONE',  ( 0.000000000000000000, -1.000000000000000000, -1.387778780781445922E-16 ) ) ;
#400 = AXIS2_PLACEMENT_3D ( 'NONE', #2263, #1230, #239 ) ;
#401 = CARTESIAN_POINT ( 'NONE',  ( 0.000000000000000000, 1169.999999999999318, 30.00000000000000000 ) ) ;
#402 = LOCAL_TIME ( 14, 14, 56.00000000000000000, #932 ) ;
#403 = ORIENTED_EDGE ( 'NONE', *, *, #227, .T. ) ;
#404 = DATE_AND_TIME ( #500, #1947 ) ;
#405 =( GEOMETRIC_REPRESENTATION_CONTEXT ( 3 ) GLOBAL_UNCERTAINTY_ASSIGNED_CONTEXT ( ( #685 ) ) GLOBAL_UNIT_ASSIGNED_CONTEXT ( ( #1193, #1626, #819 ) ) REPRESENTATION_CONTEXT ( 'NONE', 'WORKASPACE' ) );
#406 = PERSON_AND_ORGANIZATION ( #534, #1097 ) ;
#407 = CARTESIAN_POINT ( 'NONE',  ( 1282.179044981846573, -160.0000000000001421, 435.0000000000000000 ) ) ;
#408 = VERTEX_POINT ( 'NONE', #1158 ) ;
#409 = ORIENTED_EDGE ( 'NONE', *, *, #1969, .T. ) ;
#410 = DIRECTION ( 'NONE',  ( 1.000000000000000000, 0.000000000000000000, 0.000000000000000000 ) ) ;
#411 = VERTEX_POINT ( 'NONE', #989 ) ;
#412 = CARTESIAN_POINT ( 'NONE',  ( -10.00000000000000000, 37.00000000000000000, 840.0000000000001137 ) ) ;
#413 = PLANE ( 'NONE',  #419 ) ;
#414 = EDGE_CURVE ( 'NONE', #1030, #1634, #546, .T. ) ;
#415 = FACE_OUTER_BOUND ( 'NONE', #2531, .T. ) ;
#416 = ORIENTED_EDGE ( 'NONE', *, *, #627, .T. ) ;
#417 = DIRECTION ( 'NONE',  ( -1.000000000000000000, 0.000000000000000000, 0.000000000000000000 ) ) ;
#418 = CARTESIAN_POINT ( 'NONE',  ( -13.00000000000003730, 2.000000000000001776, 840.0000000000001137 ) ) ;
#419 = AXIS2_PLACEMENT_3D ( 'NONE', #1826, #13, #611 ) ;
#420 = ORIENTED_EDGE ( 'NONE', *, *, #2096, .T. ) ;
#421 = LINE ( 'NONE', #735, #2488 ) ;
#422 = ADVANCED_FACE ( 'NONE', ( #1853 ), #162, .F. ) ;
#423 = DIRECTION ( 'NONE',  ( -2.312964634635742957E-16, 1.000000000000000000, -0.000000000000000000 ) ) ;
#424 = APPROVAL_ROLE ( '' ) ;
#425 = FACE_OUTER_BOUND ( 'NONE', #2508, .T. ) ;
#426 = ORIENTED_EDGE ( 'NONE', *, *, #1117, .T. ) ;
#427 = LINE ( 'NONE', #1952, #2286 ) ;
#428 = EDGE_CURVE ( 'NONE', #1780, #408, #1503, .T. ) ;
#429 = VECTOR ( 'NONE', #2486, 1000.000000000000000 ) ;
#430 = ORIENTED_EDGE ( 'NONE', *, *, #1847, .T. ) ;
#431 = COORDINATED_UNIVERSAL_TIME_OFFSET ( 8, 0, .AHEAD. ) ;
#432 = VECTOR ( 'NONE', #1394, 1000.000000000000000 ) ;
#433 = LINE ( 'NONE', #2391, #2501 ) ;
#434 = LINE ( 'NONE', #1621, #1730 ) ;
#435 = DIRECTION ( 'NONE',  ( 0.000000000000000000, -0.000000000000000000, 1.000000000000000000 ) ) ;
#436 = EDGE_LOOP ( 'NONE', ( #2567, #129, #1317, #907 ) ) ;
#437 = PERSON_AND_ORGANIZATION ( #534, #1097 ) ;
#438 = ADVANCED_FACE ( 'NONE', ( #107 ), #761, .T. ) ;
#439 = AXIS2_PLACEMENT_3D ( 'NONE', #209, #1178, #2035 ) ;
#440 = DATE_TIME_ROLE ( 'creation_date' ) ;
#441 = CC_DESIGN_DATE_AND_TIME_ASSIGNMENT ( #2133, #2455, ( #971 ) ) ;
#442 = PLANE ( 'NONE',  #1531 ) ;
#443 = ORIENTED_EDGE ( 'NONE', *, *, #560, .T. ) ;
#444 = APPROVAL_STATUS ( 'not_yet_approved' ) ;
#445 = EDGE_CURVE ( 'NONE', #1016, #2534, #2181, .T. ) ;
#446 = VECTOR ( 'NONE', #669, 1000.000000000000000 ) ;
#447 = CARTESIAN_POINT ( 'NONE',  ( -290.0000000000001137, 317.4999999999999432, 435.0000000000000000 ) ) ;
#448 = EDGE_CURVE ( 'NONE', #1294, #1191, #634, .T. ) ;
#449 = CARTESIAN_POINT ( 'NONE',  ( -9.999999999999998224, 28.99999999999999645, 840.0000000000001137 ) ) ;
#450 = ORIENTED_EDGE ( 'NONE', *, *, #1197, .F. ) ;
#451 = APPLICATION_PROTOCOL_DEFINITION ( 'international standard', 'config_control_design', 1994, #983 ) ;
#452 = LINE ( 'NONE', #745, #688 ) ;
#453 = CC_DESIGN_DATE_AND_TIME_ASSIGNMENT ( #1304, #527, ( #1994 ) ) ;
#454 = PRODUCT_DEFINITION_FORMATION_WITH_SPECIFIED_SOURCE ( '任何', '', #1561, .NOT_KNOWN. ) ;
#455 = ORIENTED_EDGE ( 'NONE', *, *, #448, .T. ) ;
#456 = APPROVAL_STATUS ( 'not_yet_approved' ) ;
#457 = DIRECTION ( 'NONE',  ( 1.000000000000000000, 4.336808689942017120E-17, 0.000000000000000000 ) ) ;
#458 = CARTESIAN_POINT ( 'NONE',  ( 259.9999999999998863, 0.000000000000000000, 0.000000000000000000 ) ) ;
#459 = PRODUCT_DEFINITION_SHAPE ( 'NONE', 'NONE',  #1843 ) ;
#460 = CARTESIAN_POINT ( 'NONE',  ( -15.00000000000001243, 96.00000000000000000, 830.0000000000001137 ) ) ;
#461 = ORIENTED_EDGE ( 'NONE', *, *, #15, .F. ) ;
#462 = ADVANCED_FACE ( 'NONE', ( #415, #823 ), #1580, .F. ) ;
#463 = APPROVAL_STATUS ( 'not_yet_approved' ) ;
#464 = VECTOR ( 'NONE', #2328, 1000.000000000000000 ) ;
#465 = PERSON_AND_ORGANIZATION_ROLE ( 'classification_officer' ) ;
#466 = CARTESIAN_POINT ( 'NONE',  ( -15.00000000000000000, 3.000000000000000000, 10.00000000000000000 ) ) ;
#467 = CIRCLE ( 'NONE', #652, 2.000000000000000000 ) ;
#468 = PERSON_AND_ORGANIZATION ( #534, #1097 ) ;
#469 = DIRECTION ( 'NONE',  ( -1.000000000000000000, 0.000000000000000000, 0.000000000000000000 ) ) ;
#470 = AXIS2_PLACEMENT_3D ( 'NONE', #1104, #697, #1724 ) ;
#471 = APPROVAL_PERSON_ORGANIZATION ( #1478, #90, #56 ) ;
#472 = DIRECTION ( 'NONE',  ( 0.000000000000000000, 1.000000000000000000, -0.000000000000000000 ) ) ;
#473 = AXIS2_PLACEMENT_3D ( 'NONE', #1307, #496, #475 ) ;
#474 = ORIENTED_EDGE ( 'NONE', *, *, #2411, .F. ) ;
#475 = DIRECTION ( 'NONE',  ( 2.710505431213761085E-16, 1.000000000000000000, 0.000000000000000000 ) ) ;
#476 = ADVANCED_FACE ( 'NONE', ( #228 ), #1171, .F. ) ;
#477 = ORIENTED_EDGE ( 'NONE', *, *, #1405, .F. ) ;
#478 = ORIENTED_EDGE ( 'NONE', *, *, #1953, .F. ) ;
#479 = EDGE_CURVE ( 'NONE', #1799, #1120, #1231, .T. ) ;
#480 = CARTESIAN_POINT ( 'NONE',  ( 1100.535543567313880, -190.0000000000001705, 869.9999999999998863 ) ) ;
#481 = DIRECTION ( 'NONE',  ( -0.000000000000000000, -0.000000000000000000, 1.000000000000000000 ) ) ;
#482 = FACE_BOUND ( 'NONE', #1155, .T. ) ;
#483 = EDGE_LOOP ( 'NONE', ( #379, #1261, #2141, #2361 ) ) ;
#484 = ADVANCED_FACE ( 'NONE', ( #1108 ), #2415, .F. ) ;
#485 = DIRECTION ( 'NONE',  ( 1.000000000000000000, 0.000000000000000000, 0.000000000000000000 ) ) ;
#486 = AXIS2_PLACEMENT_3D ( 'NONE', #2345, #144, #1552 ) ;
#487 = DIRECTION ( 'NONE',  ( 0.000000000000000000, -1.000000000000000000, 0.000000000000000000 ) ) ;
#488 = CARTESIAN_POINT ( 'NONE',  ( -9.999999999999996447, 6.999999999999999112, 10.00000000000000000 ) ) ;
#489 = CARTESIAN_POINT ( 'NONE',  ( -290.0000000000001137, 317.4999999999999432, 30.00000000000002842 ) ) ;
#490 = VECTOR ( 'NONE', #73, 1000.000000000000000 ) ;
#491 = ORIENTED_EDGE ( 'NONE', *, *, #2360, .T. ) ;
#492 = CALENDAR_DATE ( 2026, 2, 6 ) ;
#493 = FACE_OUTER_BOUND ( 'NONE', #632, .T. ) ;
#494 = VERTEX_POINT ( 'NONE', #1624 ) ;
#495 = CYLINDRICAL_SURFACE ( 'NONE', #1201, 2.999999999999999112 ) ;
#496 = DIRECTION ( 'NONE',  ( 1.000000000000000000, -2.710505431213761085E-16, 0.000000000000000000 ) ) ;
#497 = EDGE_CURVE ( 'NONE', #1191, #2114, #2117, .T. ) ;
#498 = CYLINDRICAL_SURFACE ( 'NONE', #2347, 2.999999999999999112 ) ;
#499 = ORIENTED_EDGE ( 'NONE', *, *, #1105, .T. ) ;
#500 = CALENDAR_DATE ( 2026, 2, 6 ) ;
#501 = CARTESIAN_POINT ( 'NONE',  ( 259.9999999999998863, -1199.999999999999773, 899.9999999999996589 ) ) ;
#502 = ORIENTED_EDGE ( 'NONE', *, *, #448, .F. ) ;
#503 = CARTESIAN_POINT ( 'NONE',  ( 14.99999999999996092, 1.999999999999999556, 830.0000000000001137 ) ) ;
#504 = EDGE_CURVE ( 'NONE', #2355, #1634, #290, .T. ) ;
#505 = ORIENTED_EDGE ( 'NONE', *, *, #414, .F. ) ;
#506 = CARTESIAN_POINT ( 'NONE',  ( -13.00000000000003730, 0.000000000000000000, 10.00000000000000000 ) ) ;
#507 = VERTEX_POINT ( 'NONE', #801 ) ;
#508 = CARTESIAN_POINT ( 'NONE',  ( 260.0000000000001137, 764.9999999999998863, 869.9999999999998863 ) ) ;
#509 = SHAPE_REPRESENTATION ( '板', ( #2204 ), #1205 ) ;
#510 = ADVANCED_FACE ( 'NONE', ( #1650 ), #812, .T. ) ;
#511 = CARTESIAN_POINT ( 'NONE',  ( -12.00000000000000000, 0.000000000000000000, 395.0000000000000000 ) ) ;
#512 = DIRECTION ( 'NONE',  ( 0.000000000000000000, -0.000000000000000000, -1.000000000000000000 ) ) ;
#513 = EDGE_CURVE ( 'NONE', #2548, #2239, #2356, .T. ) ;
#514 = CARTESIAN_POINT ( 'NONE',  ( -290.0000000000000568, -1120.000000000000000, 30.00000000000000000 ) ) ;
#515 = VERTEX_POINT ( 'NONE', #1619 ) ;
#516 = DIRECTION ( 'NONE',  ( -1.000000000000000000, 2.312964634635743203E-17, 0.000000000000000000 ) ) ;
#517 = DIRECTION ( 'NONE',  ( -1.000000000000000000, 0.000000000000000000, 0.000000000000000000 ) ) ;
#518 = CARTESIAN_POINT ( 'NONE',  ( -15.00000000000000000, 0.000000000000000000, 0.000000000000000000 ) ) ;
#519 = LINE ( 'NONE', #2048, #1563 ) ;
#520 = COORDINATED_UNIVERSAL_TIME_OFFSET ( 8, 0, .AHEAD. ) ;
#521 = ORIENTED_EDGE ( 'NONE', *, *, #2383, .T. ) ;
#522 = VECTOR ( 'NONE', #2517, 1000.000000000000000 ) ;
#523 = ORIENTED_EDGE ( 'NONE', *, *, #759, .F. ) ;
#524 = CALENDAR_DATE ( 2026, 2, 6 ) ;
#525 = ORIENTED_EDGE ( 'NONE', *, *, #1768, .T. ) ;
#526 = LOCAL_TIME ( 14, 14, 56.00000000000000000, #2529 ) ;
#527 = DATE_TIME_ROLE ( 'classification_date' ) ;
#528 = EDGE_CURVE ( 'NONE', #1056, #2428, #695, .T. ) ;
#529 = VERTEX_POINT ( 'NONE', #1209 ) ;
#530 = VERTEX_POINT ( 'NONE', #1647 ) ;
#531 = CARTESIAN_POINT ( 'NONE',  ( -290.0000000000003411, 1199.999999999999545, 899.9999999999998863 ) ) ;
#532 = PLANE ( 'NONE',  #270 ) ;
#533 = AXIS2_PLACEMENT_3D ( 'NONE', #1259, #1467, #1462 ) ;
#534 = PERSON ( '未指定', '未指定', '未指定', ('未指定'), ('未指定'), ('未指定') ) ;
#535 = AXIS2_PLACEMENT_3D ( 'NONE', #1934, #1736, #1334 ) ;
#536 = CARTESIAN_POINT ( 'NONE',  ( -13.00000000000003730, 0.000000000000000000, 830.0000000000001137 ) ) ;
#537 = DESIGN_CONTEXT ( 'detailed design', #2070, 'design' ) ;
#538 = VERTEX_POINT ( 'NONE', #831 ) ;
#539 = DIRECTION ( 'NONE',  ( 0.000000000000000000, 1.000000000000000000, 2.643388153869421297E-16 ) ) ;
#540 = ORIENTED_EDGE ( 'NONE', *, *, #2430, .F. ) ;
#541 = CARTESIAN_POINT ( 'NONE',  ( -290.0000000000001137, 795.0000000000001137, 30.00000000000000000 ) ) ;
#542 = AXIS2_PLACEMENT_3D ( 'NONE', #204, #1607, #2029 ) ;
#543 = VECTOR ( 'NONE', #1354, 1000.000000000000000 ) ;
#544 = ORIENTED_EDGE ( 'NONE', *, *, #2265, .F. ) ;
#545 = PLANE ( 'NONE',  #2481 ) ;
#546 = LINE ( 'NONE', #2564, #2496 ) ;
#547 = VECTOR ( 'NONE', #1236, 1000.000000000000000 ) ;
#548 = ORIENTED_EDGE ( 'NONE', *, *, #1161, .F. ) ;
#549 = APPROVAL_PERSON_ORGANIZATION ( #148, #57, #1240 ) ;
#550 = FACE_OUTER_BOUND ( 'NONE', #2106, .T. ) ;
#551 = DIRECTION ( 'NONE',  ( 0.000000000000000000, 1.000000000000000000, 0.000000000000000000 ) ) ;
#552 = VECTOR ( 'NONE', #223, 1000.000000000000000 ) ;
#553 = PLANE ( 'NONE',  #1040 ) ;
#554 = LINE ( 'NONE', #188, #2546 ) ;
#555 = VECTOR ( 'NONE', #2184, 1000.000000000000000 ) ;
#556 = ORIENTED_EDGE ( 'NONE', *, *, #2198, .F. ) ;
#557 = CARTESIAN_POINT ( 'NONE',  ( 14.99999999999996092, 1.999999999999999556, 10.00000000000000000 ) ) ;
#558 = EDGE_LOOP ( 'NONE', ( #1321, #2112, #936, #356 ) ) ;
#559 = DIRECTION ( 'NONE',  ( -0.000000000000000000, -0.000000000000000000, -1.000000000000000000 ) ) ;
#560 = EDGE_CURVE ( 'NONE', #650, #2465, #1962, .T. ) ;
#561 = VERTEX_POINT ( 'NONE', #2443 ) ;
#562 = ORIENTED_EDGE ( 'NONE', *, *, #2327, .T. ) ;
#563 = AXIS2_PLACEMENT_3D ( 'NONE', #458, #854, #53 ) ;
#564 = CARTESIAN_POINT ( 'NONE',  ( 259.9999999999998863, 1169.999999999999318, 30.00000000000000000 ) ) ;
#565 = ORIENTED_EDGE ( 'NONE', *, *, #817, .T. ) ;
#566 = LINE ( 'NONE', #241, #2425 ) ;
#567 = CC_DESIGN_PERSON_AND_ORGANIZATION_ASSIGNMENT ( #810, #1250, ( #1843 ) ) ;
#568 = CARTESIAN_POINT ( 'NONE',  ( 0.000000000000000000, 0.000000000000000000, 30.00000000000000000 ) ) ;
#569 = DIRECTION ( 'NONE',  ( 0.000000000000000000, 1.000000000000000000, 0.000000000000000000 ) ) ;
#570 = ORIENTED_EDGE ( 'NONE', *, *, #1320, .T. ) ;
#571 = VECTOR ( 'NONE', #700, 1000.000000000000000 ) ;
#572 = CARTESIAN_POINT ( 'NONE',  ( -15.00000000000003730, 2.000000000000000444, 10.00000000000000000 ) ) ;
#573 = EDGE_CURVE ( 'NONE', #189, #1279, #566, .T. ) ;
#574 = CARTESIAN_POINT ( 'NONE',  ( -9.999999999999998224, 6.999999999999999112, 385.0000000000000000 ) ) ;
#575 = PRODUCT_DEFINITION_SHAPE ( 'NONE', 'NONE',  #2122 ) ;
#576 = CARTESIAN_POINT ( 'NONE',  ( 9.999999999999998224, 37.00000000000000000, 385.0000000000000000 ) ) ;
#577 = EDGE_CURVE ( 'NONE', #1030, #877, #1772, .T. ) ;
#578 = CARTESIAN_POINT ( 'NONE',  ( 10.00000000000000178, 29.00000000000000000, 830.0000000000001137 ) ) ;
#579 = CARTESIAN_POINT ( 'NONE',  ( 259.9999999999998863, -160.0000000000001421, 869.9999999999998863 ) ) ;
#580 = FACE_OUTER_BOUND ( 'NONE', #1706, .T. ) ;
#581 = VERTEX_POINT ( 'NONE', #1005 ) ;
#582 = CALENDAR_DATE ( 2026, 2, 6 ) ;
#583 = APPROVAL ( #1469, '未指定' ) ;
#584 = CARTESIAN_POINT ( 'NONE',  ( 0.000000000000000000, -1120.000000000000000, 30.00000000000000000 ) ) ;
#585 = LINE ( 'NONE', #159, #776 ) ;
#586 = VERTEX_POINT ( 'NONE', #16 ) ;
#587 = COORDINATED_UNIVERSAL_TIME_OFFSET ( 8, 0, .AHEAD. ) ;
#588 = CARTESIAN_POINT ( 'NONE',  ( -12.00000000000000000, 3.000000000000000000, 395.0000000000000000 ) ) ;
#589 = VERTEX_POINT ( 'NONE', #997 ) ;
#590 = ADVANCED_FACE ( 'NONE', ( #2300 ), #2403, .F. ) ;
#591 =( NAMED_UNIT ( * ) SI_UNIT ( $, .STERADIAN. ) SOLID_ANGLE_UNIT ( ) );
#592 = ORIENTED_EDGE ( 'NONE', *, *, #1577, .F. ) ;
#593 = ORIENTED_EDGE ( 'NONE', *, *, #1144, .F. ) ;
#594 = ORIENTED_EDGE ( 'NONE', *, *, #103, .T. ) ;
#595 = DIRECTION ( 'NONE',  ( 0.000000000000000000, 0.000000000000000000, 1.000000000000000000 ) ) ;
#596 = DIRECTION ( 'NONE',  ( 0.000000000000000000, -2.643388153869420804E-16, 1.000000000000000000 ) ) ;
#597 = AXIS2_PLACEMENT_3D ( 'NONE', #2150, #1960, #142 ) ;
#598 = EDGE_LOOP ( 'NONE', ( #798, #1464, #2358, #1515 ) ) ;
#599 = DIRECTION ( 'NONE',  ( -1.000000000000000000, 0.000000000000000000, 0.000000000000000000 ) ) ;
#600 = CARTESIAN_POINT ( 'NONE',  ( -55.68457252124211720, 654.0800813008135037, -245.0000000000000000 ) ) ;
#601 = VERTEX_POINT ( 'NONE', #1011 ) ;
#602 = CARTESIAN_POINT ( 'NONE',  ( 0.000000000000000000, 0.000000000000000000, 30.00000000000000000 ) ) ;
#603 = ORIENTED_EDGE ( 'NONE', *, *, #627, .F. ) ;
#604 = ORIENTED_EDGE ( 'NONE', *, *, #1879, .T. ) ;
#605 = CARTESIAN_POINT ( 'NONE',  ( 14.99999999999996092, 0.000000000000000000, 830.0000000000001137 ) ) ;
#606 = EDGE_LOOP ( 'NONE', ( #2233, #1542, #181, #592 ) ) ;
#607 = APPLICATION_PROTOCOL_DEFINITION ( 'international standard', 'config_control_design', 1994, #2406 ) ;
#608 = DIRECTION ( 'NONE',  ( -0.000000000000000000, 0.000000000000000000, -1.000000000000000000 ) ) ;
#609 = DIRECTION ( 'NONE',  ( -0.000000000000000000, -0.000000000000000000, -1.000000000000000000 ) ) ;
#610 = EDGE_CURVE ( 'NONE', #1380, #530, #1292, .T. ) ;
#611 = DIRECTION ( 'NONE',  ( 0.000000000000000000, -1.000000000000000000, -6.001205538514360011E-17 ) ) ;
#612 = VECTOR ( 'NONE', #1971, 1000.000000000000000 ) ;
#613 = ADVANCED_FACE ( 'NONE', ( #163 ), #495, .T. ) ;
#614 = DIRECTION ( 'NONE',  ( 1.000000000000000000, 0.000000000000000000, 0.000000000000000000 ) ) ;
#615 = VECTOR ( 'NONE', #80, 1000.000000000000000 ) ;
#616 = LINE ( 'NONE', #2115, #1090 ) ;
#617 = ORIENTED_EDGE ( 'NONE', *, *, #964, .T. ) ;
#618 = FACE_OUTER_BOUND ( 'NONE', #2144, .T. ) ;
#619 = LINE ( 'NONE', #1774, #2441 ) ;
#620 = CC_DESIGN_PERSON_AND_ORGANIZATION_ASSIGNMENT ( #1251, #2234, ( #1561 ) ) ;
#621 = PERSON_AND_ORGANIZATION ( #534, #1097 ) ;
#622 = ORIENTED_EDGE ( 'NONE', *, *, #1479, .T. ) ;
#623 = CARTESIAN_POINT ( 'NONE',  ( -290.0000000000003411, 765.0000000000000000, 869.9999999999998863 ) ) ;
#624 = ORIENTED_EDGE ( 'NONE', *, *, #1367, .F. ) ;
#625 = DIRECTION ( 'NONE',  ( 1.000000000000000000, 0.000000000000000000, -0.000000000000000000 ) ) ;
#626 = APPROVAL_ROLE ( '' ) ;
#627 = EDGE_CURVE ( 'NONE', #1570, #1131, #152, .T. ) ;
#628 = APPROVAL_ROLE ( '' ) ;
#629 = DIRECTION ( 'NONE',  ( -1.000000000000000000, 0.000000000000000000, 0.000000000000000000 ) ) ;
#630 = ADVANCED_FACE ( 'NONE', ( #1566 ), #1660, .T. ) ;
#631 = CARTESIAN_POINT ( 'NONE',  ( 12.99999999999996092, 2.000000000000000000, 10.00000000000000000 ) ) ;
#632 = EDGE_LOOP ( 'NONE', ( #1309, #835, #1762, #2293 ) ) ;
#633 = EDGE_CURVE ( 'NONE', #1129, #1716, #2553, .T. ) ;
#634 = LINE ( 'NONE', #1610, #45 ) ;
#635 = VECTOR ( 'NONE', #2134, 1000.000000000000000 ) ;
#636 = CARTESIAN_POINT ( 'NONE',  ( 10.00000000000000000, 37.00000000000000000, 10.00000000000000000 ) ) ;
#637 = PERSON_AND_ORGANIZATION_ROLE ( 'classification_officer' ) ;
#638 = DIRECTION ( 'NONE',  ( -0.000000000000000000, -0.000000000000000000, -1.000000000000000000 ) ) ;
#639 = CARTESIAN_POINT ( 'NONE',  ( -290.0000000000001137, 1200.000000000000227, 30.00000000000000000 ) ) ;
#640 = CARTESIAN_POINT ( 'NONE',  ( -15.00000000000000000, 0.000000000000000000, 10.00000000000000000 ) ) ;
#641 = SECURITY_CLASSIFICATION_LEVEL ( 'unclassified' ) ;
#642 = CARTESIAN_POINT ( 'NONE',  ( -10.00000000000000000, 37.00000000000000000, 840.0000000000001137 ) ) ;
#643 = SHAPE_DEFINITION_REPRESENTATION ( #251, #87 ) ;
#644 = CARTESIAN_POINT ( 'NONE',  ( -15.00000000000000000, 96.00000000000000000, 395.0000000000000000 ) ) ;
#645 = CARTESIAN_POINT ( 'NONE',  ( 259.9999999999998863, 765.0000000000001137, 30.00000000000002842 ) ) ;
#646 = EDGE_CURVE ( 'NONE', #1361, #2139, #340, .T. ) ;
#647 = VECTOR ( 'NONE', #91, 1000.000000000000000 ) ;
#648 = CALENDAR_DATE ( 2026, 2, 6 ) ;
#649 = FACE_OUTER_BOUND ( 'NONE', #2521, .T. ) ;
#650 = VERTEX_POINT ( 'NONE', #2075 ) ;
#651 = CALENDAR_DATE ( 2026, 2, 6 ) ;
#652 = AXIS2_PLACEMENT_3D ( 'NONE', #1578, #2569, #1365 ) ;
#653 = DATE_TIME_ROLE ( 'classification_date' ) ;
#654 = COORDINATED_UNIVERSAL_TIME_OFFSET ( 8, 0, .AHEAD. ) ;
#655 = CARTESIAN_POINT ( 'NONE',  ( -13.00000000000003730, 2.000000000000001776, 830.0000000000001137 ) ) ;
#656 = ORIENTED_EDGE ( 'NONE', *, *, #610, .F. ) ;
#657 = DIRECTION ( 'NONE',  ( 0.000000000000000000, -0.000000000000000000, 1.000000000000000000 ) ) ;
#658 = VERTEX_POINT ( 'NONE', #2069 ) ;
#659 = PERSON_AND_ORGANIZATION_ROLE ( 'creator' ) ;
#660 = ORIENTED_EDGE ( 'NONE', *, *, #1492, .T. ) ;
#661 = DESIGN_CONTEXT ( 'detailed design', #1477, 'design' ) ;
#662 = EDGE_CURVE ( 'NONE', #1443, #1454, #2343, .T. ) ;
#663 = LINE ( 'NONE', #541, #135 ) ;
#664 = PRODUCT_DEFINITION_SHAPE ( 'NONE', 'NONE',  #2590 ) ;
#665 = VERTEX_POINT ( 'NONE', #1050 ) ;
#666 = ORIENTED_EDGE ( 'NONE', *, *, #2163, .T. ) ;
#667 = DIRECTION ( 'NONE',  ( -0.000000000000000000, 0.000000000000000000, -1.000000000000000000 ) ) ;
#668 = AXIS2_PLACEMENT_3D ( 'NONE', #942, #569, #2566 ) ;
#669 = DIRECTION ( 'NONE',  ( -1.000000000000000000, -0.000000000000000000, -0.000000000000000000 ) ) ;
#670 = DIRECTION ( 'NONE',  ( -1.000000000000000000, 0.000000000000000000, -0.000000000000000000 ) ) ;
#671 = DIRECTION ( 'NONE',  ( -1.000000000000000000, 0.000000000000000000, 0.000000000000000000 ) ) ;
#672 = FACE_OUTER_BOUND ( 'NONE', #1376, .T. ) ;
#673 = ORIENTED_EDGE ( 'NONE', *, *, #573, .F. ) ;
#674 = DIRECTION ( 'NONE',  ( 1.000000000000000000, 0.000000000000000000, 0.000000000000000000 ) ) ;
#675 = LINE ( 'NONE', #1375, #2158 ) ;
#676 = ORGANIZATION ( 'NAUO-ORG2', 'UNSPECIFIED', 'UNSPECIFIED' ) ;
#677 = LINE ( 'NONE', #111, #149 ) ;
#678 = ORIENTED_EDGE ( 'NONE', *, *, #1921, .T. ) ;
#679 = PLANE ( 'NONE',  #888 ) ;
#680 = LINE ( 'NONE', #584, #1280 ) ;
#681 = LINE ( 'NONE', #2123, #1697 ) ;
#682 = ORIENTED_EDGE ( 'NONE', *, *, #1701, .F. ) ;
#683 = APPROVAL ( #827, '未指定' ) ;
#684 = VERTEX_POINT ( 'NONE', #1855 ) ;
#685 = UNCERTAINTY_MEASURE_WITH_UNIT (LENGTH_MEASURE( 1.000000000000000082E-05 ), #1193, 'distance_accuracy_value', 'NONE');
#686 = CARTESIAN_POINT ( 'NONE',  ( 15.00000000000000000, 96.00000000000000000, 10.00000000000000000 ) ) ;
#687 = EDGE_LOOP ( 'NONE', ( #1679, #594, #1219, #2146, #1618, #95 ) ) ;
#688 = VECTOR ( 'NONE', #1550, 1000.000000000000000 ) ;
#689 = PLANE ( 'NONE',  #195 ) ;
#690 = DIRECTION ( 'NONE',  ( -1.156482317317871478E-16, 1.000000000000000000, -0.000000000000000000 ) ) ;
#691 = CARTESIAN_POINT ( 'NONE',  ( 15.00000000000000000, 96.00000000000000000, 10.00000000000000000 ) ) ;
#692 = ORIENTED_EDGE ( 'NONE', *, *, #2480, .T. ) ;
#693 = VERTEX_POINT ( 'NONE', #2258 ) ;
#694 = ADVANCED_FACE ( 'NONE', ( #1695 ), #269, .F. ) ;
#695 = LINE ( 'NONE', #605, #1583 ) ;
#696 = ORIENTED_EDGE ( 'NONE', *, *, #662, .F. ) ;
#697 = DIRECTION ( 'NONE',  ( 0.000000000000000000, 0.000000000000000000, -1.000000000000000000 ) ) ;
#698 = EDGE_CURVE ( 'NONE', #1646, #515, #2162, .T. ) ;
#699 = PLANE ( 'NONE',  #1587 ) ;
#700 = DIRECTION ( 'NONE',  ( -1.000000000000000000, 0.000000000000000000, 0.000000000000000000 ) ) ;
#701 = AXIS2_PLACEMENT_3D ( 'NONE', #1353, #127, #517 ) ;
#702 = DIRECTION ( 'NONE',  ( -0.000000000000000000, -0.000000000000000000, -1.000000000000000000 ) ) ;
#703 = PRODUCT_RELATED_PRODUCT_CATEGORY ( 'detail', '', ( #1957 ) ) ;
#704 = CARTESIAN_POINT ( 'NONE',  ( 14.99999999999996092, 1.999999999999999556, 0.000000000000000000 ) ) ;
#705 = CARTESIAN_POINT ( 'NONE',  ( 14.99999999999998757, 96.00000000000000000, 840.0000000000001137 ) ) ;
#706 = ADVANCED_FACE ( 'NONE', ( #618 ), #2205, .F. ) ;
#707 = LINE ( 'NONE', #991, #1470 ) ;
#708 = LINE ( 'NONE', #2583, #1505 ) ;
#709 = VERTEX_POINT ( 'NONE', #1384 ) ;
#710 = CALENDAR_DATE ( 2026, 2, 6 ) ;
#711 = ORIENTED_EDGE ( 'NONE', *, *, #1595, .F. ) ;
#712 = CARTESIAN_POINT ( 'NONE',  ( 12.00000000000000000, 3.000000000000000000, 395.0000000000000000 ) ) ;
#713 = EDGE_CURVE ( 'NONE', #2404, #1129, #1822, .T. ) ;
#714 = LINE ( 'NONE', #1395, #338 ) ;
#715 = ORIENTED_EDGE ( 'NONE', *, *, #1870, .F. ) ;
#716 = LOCAL_TIME ( 14, 14, 56.00000000000000000, #1790 ) ;
#717 = CARTESIAN_POINT ( 'NONE',  ( 260.0000000000000000, -160.0000000000001421, 464.9999999999999432 ) ) ;
#718 = CALENDAR_DATE ( 2026, 2, 6 ) ;
#719 = AXIS2_PLACEMENT_3D ( 'NONE', #2306, #883, #2490 ) ;
#720 = ORIENTED_EDGE ( 'NONE', *, *, #1445, .T. ) ;
#721 = CC_DESIGN_APPROVAL ( #583, ( #454 ) ) ;
#722 = ADVANCED_FACE ( 'NONE', ( #742 ), #2396, .T. ) ;
#723 = ORIENTED_EDGE ( 'NONE', *, *, #2265, .T. ) ;
#724 = DIRECTION ( 'NONE',  ( -2.312964634635743203E-17, -1.000000000000000000, 0.000000000000000000 ) ) ;
#725 = ORIENTED_EDGE ( 'NONE', *, *, #1834, .T. ) ;
#726 = CIRCLE ( 'NONE', #597, 8.000000000000000000 ) ;
#727 = EDGE_CURVE ( 'NONE', #2476, #1191, #1404, .T. ) ;
#728 = VERTEX_POINT ( 'NONE', #21 ) ;
#729 = CARTESIAN_POINT ( 'NONE',  ( 15.00000000000000000, 3.000000000000000000, 0.000000000000000000 ) ) ;
#730 = DIRECTION ( 'NONE',  ( 0.000000000000000000, 0.000000000000000000, 1.000000000000000000 ) ) ;
#731 = AXIS2_PLACEMENT_3D ( 'NONE', #1099, #294, #896 ) ;
#732 = LINE ( 'NONE', #297, #2332 ) ;
#733 = DIRECTION ( 'NONE',  ( 0.000000000000000000, 0.000000000000000000, -1.000000000000000000 ) ) ;
#734 = VERTEX_POINT ( 'NONE', #1808 ) ;
#735 = CARTESIAN_POINT ( 'NONE',  ( -9.999999999999996447, 6.999999999999999112, 10.00000000000000000 ) ) ;
#736 = DIRECTION ( 'NONE',  ( -0.000000000000000000, 2.643388153869420804E-16, -1.000000000000000000 ) ) ;
#737 = DIRECTION ( 'NONE',  ( -0.000000000000000000, -0.000000000000000000, -1.000000000000000000 ) ) ;
#738 = LINE ( 'NONE', #128, #1942 ) ;
#739 = CYLINDRICAL_SURFACE ( 'NONE', #1258, 8.000000000000000000 ) ;
#740 = VECTOR ( 'NONE', #638, 1000.000000000000000 ) ;
#741 = CALENDAR_DATE ( 2026, 2, 6 ) ;
#742 = FACE_OUTER_BOUND ( 'NONE', #436, .T. ) ;
#743 = APPROVAL_DATE_TIME ( #1184, #136 ) ;
#744 = EDGE_LOOP ( 'NONE', ( #2565, #1776, #2290, #1616 ) ) ;
#745 = CARTESIAN_POINT ( 'NONE',  ( -290.0000000000001137, -160.0000000000001421, 464.9999999999999432 ) ) ;
#746 = EDGE_CURVE ( 'NONE', #2394, #968, #873, .T. ) ;
#747 = ORIENTED_EDGE ( 'NONE', *, *, #1723, .F. ) ;
#748 = FACE_OUTER_BOUND ( 'NONE', #986, .T. ) ;
#749 = AXIS2_PLACEMENT_3D ( 'NONE', #1993, #1729, #2157 ) ;
#750 = CARTESIAN_POINT ( 'NONE',  ( -10.00000000000000178, 32.00000000000000000, 10.00000000000000000 ) ) ;
#751 = EDGE_LOOP ( 'NONE', ( #2348, #137, #100, #1944 ) ) ;
#752 = CC_DESIGN_PERSON_AND_ORGANIZATION_ASSIGNMENT ( #1403, #659, ( #1658 ) ) ;
#753 = DIRECTION ( 'NONE',  ( -4.336808689942017736E-17, 1.000000000000000000, 0.000000000000000000 ) ) ;
#754 = CARTESIAN_POINT ( 'NONE',  ( 0.000000000000000000, 0.000000000000000000, 830.0000000000001137 ) ) ;
#755 = CARTESIAN_POINT ( 'NONE',  ( 15.00000000000000000, 96.00000000000000000, 395.0000000000000000 ) ) ;
#756 = LINE ( 'NONE', #1707, #1714 ) ;
#757 = CIRCLE ( 'NONE', #867, 8.000000000000000000 ) ;
#758 = VERTEX_POINT ( 'NONE', #1606 ) ;
#759 = EDGE_CURVE ( 'NONE', #2423, #1269, #680, .T. ) ;
#760 = DIRECTION ( 'NONE',  ( 0.000000000000000000, -0.000000000000000000, 1.000000000000000000 ) ) ;
#761 = PLANE ( 'NONE',  #1559 ) ;
#762 = MANIFOLD_SOLID_BREP ( '圆角2', #309 ) ;
#763 = EDGE_CURVE ( 'NONE', #1325, #1381, #1023, .T. ) ;
#764 = CARTESIAN_POINT ( 'NONE',  ( 259.9999999999998863, -1120.000000000000000, 30.00000000000000000 ) ) ;
#765 = CC_DESIGN_PERSON_AND_ORGANIZATION_ASSIGNMENT ( #1664, #1877, ( #1994 ) ) ;
#766 = DIRECTION ( 'NONE',  ( 1.156482317317871725E-16, -1.000000000000000000, 0.000000000000000000 ) ) ;
#767 = PRODUCT_RELATED_PRODUCT_CATEGORY ( 'detail', '', ( #1972 ) ) ;
#768 = FACE_OUTER_BOUND ( 'NONE', #869, .T. ) ;
#769 = LINE ( 'NONE', #1930, #2039 ) ;
#770 = PLANE ( 'NONE',  #283 ) ;
#771 = LINE ( 'NONE', #644, #740 ) ;
#772 = LOCAL_TIME ( 14, 14, 56.00000000000000000, #1851 ) ;
#773 = LINE ( 'NONE', #2474, #1786 ) ;
#774 = DIRECTION ( 'NONE',  ( -1.000000000000000000, 0.000000000000000000, 0.000000000000000000 ) ) ;
#775 = VECTOR ( 'NONE', #1390, 1000.000000000000000 ) ;
#776 = VECTOR ( 'NONE', #1798, 1000.000000000000000 ) ;
#777 = ORIENTED_EDGE ( 'NONE', *, *, #2214, .F. ) ;
#778 = CALENDAR_DATE ( 2026, 2, 6 ) ;
#779 = ORIENTED_EDGE ( 'NONE', *, *, #381, .F. ) ;
#780 = PERSON_AND_ORGANIZATION ( #534, #1097 ) ;
#781 = EDGE_LOOP ( 'NONE', ( #2052, #777, #2262, #1539 ) ) ;
#782 = DIRECTION ( 'NONE',  ( 0.000000000000000000, 1.000000000000000000, -0.000000000000000000 ) ) ;
#783 = EDGE_CURVE ( 'NONE', #1074, #999, #2284, .T. ) ;
#784 = CARTESIAN_POINT ( 'NONE',  ( 0.000000000000000000, 0.000000000000000000, 0.000000000000000000 ) ) ;
#785 = DIRECTION ( 'NONE',  ( 0.000000000000000000, 0.000000000000000000, 1.000000000000000000 ) ) ;
#786 = AXIS2_PLACEMENT_3D ( 'NONE', #2034, #1832, #60 ) ;
#787 = ORIENTED_EDGE ( 'NONE', *, *, #2523, .F. ) ;
#788 = DIRECTION ( 'NONE',  ( 0.000000000000000000, 1.000000000000000000, 0.000000000000000000 ) ) ;
#789 = DIRECTION ( 'NONE',  ( 0.000000000000000000, 0.000000000000000000, 1.000000000000000000 ) ) ;
#790 = VECTOR ( 'NONE', #913, 1000.000000000000000 ) ;
#791 = CARTESIAN_POINT ( 'NONE',  ( 259.9999999999998863, 1169.999999999999318, 869.9999999999998863 ) ) ;
#792 = EDGE_LOOP ( 'NONE', ( #2015, #281, #265, #917 ) ) ;
#793 = DIRECTION ( 'NONE',  ( -1.000000000000000000, 0.000000000000000000, 0.000000000000000000 ) ) ;
#794 =( LENGTH_UNIT ( ) NAMED_UNIT ( * ) SI_UNIT ( .MILLI., .METRE. ) );
#795 = ORIENTED_EDGE ( 'NONE', *, *, #1492, .F. ) ;
#796 = LINE ( 'NONE', #1689, #201 ) ;
#797 = DIRECTION ( 'NONE',  ( -1.000000000000000000, 0.000000000000000000, 0.000000000000000000 ) ) ;
#798 = ORIENTED_EDGE ( 'NONE', *, *, #1332, .F. ) ;
#799 = CARTESIAN_POINT ( 'NONE',  ( 289.9999999999999432, 1200.000000000000227, 30.00000000000000000 ) ) ;
#800 = EDGE_CURVE ( 'NONE', #586, #693, #1342, .T. ) ;
#801 = CARTESIAN_POINT ( 'NONE',  ( -290.0000000000001137, -160.0000000000001421, 30.00000000000000000 ) ) ;
#802 = AXIS2_PLACEMENT_3D ( 'NONE', #1901, #1495, #2308 ) ;
#803 =( NAMED_UNIT ( * ) PLANE_ANGLE_UNIT ( ) SI_UNIT ( $, .RADIAN. ) );
#804 = FACE_BOUND ( 'NONE', #2506, .T. ) ;
#805 = PLANE ( 'NONE',  #2174 ) ;
#806 = AXIS2_PLACEMENT_3D ( 'NONE', #302, #1929, #1540 ) ;
#807 = CARTESIAN_POINT ( 'NONE',  ( -9.999999999999996447, 6.999999999999999112, 830.0000000000001137 ) ) ;
#808 = VECTOR ( 'NONE', #1127, 1000.000000000000000 ) ;
#809 = LINE ( 'NONE', #1089, #2253 ) ;
#810 = PERSON_AND_ORGANIZATION ( #534, #1097 ) ;
#811 = VECTOR ( 'NONE', #2267, 1000.000000000000000 ) ;
#812 = PLANE ( 'NONE',  #1072 ) ;
#813 =( NAMED_UNIT ( * ) PLANE_ANGLE_UNIT ( ) SI_UNIT ( $, .RADIAN. ) );
#814 = EDGE_LOOP ( 'NONE', ( #1038, #1756, #1493, #570 ) ) ;
#815 = ORIENTED_EDGE ( 'NONE', *, *, #262, .F. ) ;
#816 = ADVANCED_FACE ( 'NONE', ( #214 ), #187, .F. ) ;
#817 = EDGE_CURVE ( 'NONE', #1033, #1269, #1094, .T. ) ;
#818 = DIRECTION ( 'NONE',  ( -1.000000000000000000, 0.000000000000000000, 0.000000000000000000 ) ) ;
#819 =( NAMED_UNIT ( * ) SI_UNIT ( $, .STERADIAN. ) SOLID_ANGLE_UNIT ( ) );
#820 = VERTEX_POINT ( 'NONE', #623 ) ;
#821 = CC_DESIGN_PERSON_AND_ORGANIZATION_ASSIGNMENT ( #1369, #1858, ( #2045 ) ) ;
#822 = FACE_OUTER_BOUND ( 'NONE', #1212, .T. ) ;
#823 = FACE_BOUND ( 'NONE', #687, .T. ) ;
#824 = VECTOR ( 'NONE', #1275, 1000.000000000000000 ) ;
#825 = ORIENTED_EDGE ( 'NONE', *, *, #1035, .F. ) ;
#826 = CARTESIAN_POINT ( 'NONE',  ( 0.000000000000000000, 0.000000000000000000, 30.00000000000000000 ) ) ;
#827 = APPROVAL_STATUS ( 'not_yet_approved' ) ;
#828 = DIRECTION ( 'NONE',  ( 1.000000000000000000, 0.000000000000000000, 0.000000000000000000 ) ) ;
#829 = EDGE_CURVE ( 'NONE', #2385, #1073, #97, .T. ) ;
#830 = LINE ( 'NONE', #1955, #2524 ) ;
#831 = CARTESIAN_POINT ( 'NONE',  ( 260.0000000000000000, -160.0000000000001421, 435.0000000000000000 ) ) ;
#832 = AXIS2_PLACEMENT_3D ( 'NONE', #2362, #2571, #1436 ) ;
#833 = APPROVAL_ROLE ( '' ) ;
#834 = LINE ( 'NONE', #2237, #547 ) ;
#835 = ORIENTED_EDGE ( 'NONE', *, *, #2536, .T. ) ;
#836 = DATE_AND_TIME ( #1913, #2439 ) ;
#837 = VECTOR ( 'NONE', #1256, 1000.000000000000000 ) ;
#838 = EDGE_LOOP ( 'NONE', ( #1926, #1928, #46, #1602 ) ) ;
#839 = LINE ( 'NONE', #197, #370 ) ;
#840 = DIRECTION ( 'NONE',  ( 1.000000000000000000, 4.336808689942017736E-17, 0.000000000000000000 ) ) ;
#841 = CC_DESIGN_SECURITY_CLASSIFICATION ( #971, ( #454 ) ) ;
#842 = FACE_OUTER_BOUND ( 'NONE', #2485, .T. ) ;
#843 = VERTEX_POINT ( 'NONE', #203 ) ;
#844 = PERSON_AND_ORGANIZATION ( #534, #1097 ) ;
#845 = CARTESIAN_POINT ( 'NONE',  ( 259.9999999999998863, -1120.000000000000227, 869.9999999999998863 ) ) ;
#846 = SHAPE_REPRESENTATION_RELATIONSHIP ( 'NONE' , 'NONE' ,  #1872, #384 ) ;
#847 = ORIENTED_EDGE ( 'NONE', *, *, #2003, .F. ) ;
#848 = DIRECTION ( 'NONE',  ( 1.000000000000000000, 0.000000000000000000, 0.000000000000000000 ) ) ;
#849 = ORIENTED_EDGE ( 'NONE', *, *, #931, .T. ) ;
#850 = PERSON_AND_ORGANIZATION_ROLE ( 'design_supplier' ) ;
#851 = VERTEX_POINT ( 'NONE', #2020 ) ;
#852 = MANIFOLD_SOLID_BREP ( '圆角2', #284 ) ;
#853 = EDGE_CURVE ( 'NONE', #1016, #1968, #1507, .T. ) ;
#854 = DIRECTION ( 'NONE',  ( -1.000000000000000000, 0.000000000000000000, 0.000000000000000000 ) ) ;
#855 = AXIS2_PLACEMENT_3D ( 'NONE', #642, #2252, #1311 ) ;
#856 = VECTOR ( 'NONE', #1719, 1000.000000000000000 ) ;
#857 = CARTESIAN_POINT ( 'NONE',  ( 15.00000000000000000, 0.000000000000000000, 10.00000000000000000 ) ) ;
#858 = APPLICATION_PROTOCOL_DEFINITION ( 'international standard', 'config_control_design', 1994, #2070 ) ;
#859 = AXIS2_PLACEMENT_3D ( 'NONE', #1758, #737, #2353 ) ;
#860 = VERTEX_POINT ( 'NONE', #807 ) ;
#861 = CARTESIAN_POINT ( 'NONE',  ( -12.00000000000000000, 3.000000000000000000, 10.00000000000000000 ) ) ;
#862 = VECTOR ( 'NONE', #359, 1000.000000000000000 ) ;
#863 = CARTESIAN_POINT ( 'NONE',  ( -1190.499861188218119, 1169.999999999999318, 3.673940397442059178E-15 ) ) ;
#864 = SECURITY_CLASSIFICATION_LEVEL ( 'unclassified' ) ;
#865 = DIRECTION ( 'NONE',  ( 0.000000000000000000, -0.000000000000000000, -1.000000000000000000 ) ) ;
#866 = ORIENTED_EDGE ( 'NONE', *, *, #2061, .F. ) ;
#867 = AXIS2_PLACEMENT_3D ( 'NONE', #2154, #2323, #347 ) ;
#868 = FACE_OUTER_BOUND ( 'NONE', #1180, .T. ) ;
#869 = EDGE_LOOP ( 'NONE', ( #2019, #970, #1887, #2219 ) ) ;
#870 = LINE ( 'NONE', #1553, #1982 ) ;
#871 = PERSON_AND_ORGANIZATION ( #534, #1097 ) ;
#872 = AXIS2_PLACEMENT_3D ( 'NONE', #2090, #667, #1491 ) ;
#873 = LINE ( 'NONE', #1812, #277 ) ;
#874 = CARTESIAN_POINT ( 'NONE',  ( 260.0000000000000000, 317.4999999999999432, 30.00000000000002842 ) ) ;
#875 = DIRECTION ( 'NONE',  ( -0.000000000000000000, -0.000000000000000000, 1.000000000000000000 ) ) ;
#876 = DIRECTION ( 'NONE',  ( 0.000000000000000000, 0.000000000000000000, -1.000000000000000000 ) ) ;
#877 = VERTEX_POINT ( 'NONE', #1206 ) ;
#878 = VECTOR ( 'NONE', #1173, 1000.000000000000000 ) ;
#879 = ORIENTED_EDGE ( 'NONE', *, *, #978, .F. ) ;
#880 = FACE_BOUND ( 'NONE', #1789, .T. ) ;
#881 = ADVANCED_FACE ( 'NONE', ( #1442 ), #1623, .T. ) ;
#882 = ORIENTED_EDGE ( 'NONE', *, *, #513, .F. ) ;
#883 = DIRECTION ( 'NONE',  ( 0.000000000000000000, 0.000000000000000000, 1.000000000000000000 ) ) ;
#884 = EDGE_CURVE ( 'NONE', #1841, #1361, #2101, .T. ) ;
#885 = CARTESIAN_POINT ( 'NONE',  ( 1282.179044981846573, 287.4999999999999432, 435.0000000000000000 ) ) ;
#886 = VECTOR ( 'NONE', #2520, 1000.000000000000000 ) ;
#887 = FACE_OUTER_BOUND ( 'NONE', #792, .T. ) ;
#888 = AXIS2_PLACEMENT_3D ( 'NONE', #1287, #96, #288 ) ;
#889 = ORIENTED_EDGE ( 'NONE', *, *, #50, .T. ) ;
#890 = DIRECTION ( 'NONE',  ( -0.000000000000000000, -0.000000000000000000, -1.000000000000000000 ) ) ;
#891 = CC_DESIGN_DATE_AND_TIME_ASSIGNMENT ( #276, #2433, ( #1015 ) ) ;
#892 = PLANE ( 'NONE',  #19 ) ;
#893 = PERSON_AND_ORGANIZATION ( #534, #1097 ) ;
#894 = EDGE_CURVE ( 'NONE', #2099, #1856, #900, .T. ) ;
#895 = ORIENTED_EDGE ( 'NONE', *, *, #2071, .F. ) ;
#896 = DIRECTION ( 'NONE',  ( 1.000000000000000000, 0.000000000000000000, -0.000000000000000000 ) ) ;
#897 = DIRECTION ( 'NONE',  ( 0.000000000000000000, -1.000000000000000000, 0.000000000000000000 ) ) ;
#898 = LINE ( 'NONE', #480, #1145 ) ;
#899 = DATE_AND_TIME ( #582, #772 ) ;
#900 = LINE ( 'NONE', #1460, #1565 ) ;
#901 = ORIENTED_EDGE ( 'NONE', *, *, #2214, .T. ) ;
#902 = CARTESIAN_POINT ( 'NONE',  ( 260.0000000000000000, 765.0000000000000000, 435.0000000000000000 ) ) ;
#903 = EDGE_CURVE ( 'NONE', #851, #2436, #2160, .T. ) ;
#904 = CYLINDRICAL_SURFACE ( 'NONE', #2089, 2.000000000000000000 ) ;
#905 = FACE_OUTER_BOUND ( 'NONE', #2053, .T. ) ;
#906 = VECTOR ( 'NONE', #1207, 1000.000000000000000 ) ;
#907 = ORIENTED_EDGE ( 'NONE', *, *, #713, .F. ) ;
#908 = APPROVAL_PERSON_ORGANIZATION ( #933, #1787, #70 ) ;
#909 = CC_DESIGN_APPROVAL ( #90, ( #1306 ) ) ;
#910 = ADVANCED_FACE ( 'NONE', ( #1633 ), #1869, .T. ) ;
#911 = ORIENTED_EDGE ( 'NONE', *, *, #1183, .T. ) ;
#912 = VERTEX_POINT ( 'NONE', #252 ) ;
#913 = DIRECTION ( 'NONE',  ( -0.000000000000000000, -1.000000000000000000, -0.000000000000000000 ) ) ;
#914 = DIRECTION ( 'NONE',  ( -1.000000000000000000, 0.000000000000000000, 0.000000000000000000 ) ) ;
#915 = CARTESIAN_POINT ( 'NONE',  ( 259.9999999999998863, 1169.999999999999318, 3.673940397442059178E-15 ) ) ;
#916 = VERTEX_POINT ( 'NONE', #1237 ) ;
#917 = ORIENTED_EDGE ( 'NONE', *, *, #414, .T. ) ;
#918 = CARTESIAN_POINT ( 'NONE',  ( -290.0000000000001137, -1199.999999999999773, 899.9999999999998863 ) ) ;
#919 = VECTOR ( 'NONE', #279, 1000.000000000000000 ) ;
#920 = EDGE_CURVE ( 'NONE', #1449, #1074, #957, .T. ) ;
#921 = ORIENTED_EDGE ( 'NONE', *, *, #1183, .F. ) ;
#922 = AXIS2_PLACEMENT_3D ( 'NONE', #1286, #1100, #865 ) ;
#923 = LINE ( 'NONE', #1562, #862 ) ;
#924 = PLANE ( 'NONE',  #2064 ) ;
#925 = ORIENTED_EDGE ( 'NONE', *, *, #1554, .T. ) ;
#926 = DIRECTION ( 'NONE',  ( 1.000000000000000000, 0.000000000000000000, 0.000000000000000000 ) ) ;
#927 = CARTESIAN_POINT ( 'NONE',  ( 14.99999999999998757, 96.00000000000000000, 0.000000000000000000 ) ) ;
#928 = ORIENTED_EDGE ( 'NONE', *, *, #746, .F. ) ;
#929 = CIRCLE ( 'NONE', #1076, 2.000000000000000000 ) ;
#930 = DIRECTION ( 'NONE',  ( 1.156482317317871478E-16, -1.000000000000000000, 0.000000000000000000 ) ) ;
#931 = EDGE_CURVE ( 'NONE', #1232, #2322, #2550, .T. ) ;
#932 = COORDINATED_UNIVERSAL_TIME_OFFSET ( 8, 0, .AHEAD. ) ;
#933 = PERSON_AND_ORGANIZATION ( #534, #1097 ) ;
#934 = APPROVAL_DATE_TIME ( #2588, #1170 ) ;
#935 = PERSON ( 'NAUO-PER1', 'UNSPECIFIED', 'UNSPECIFIED', ('UNSPECIFIED'), ('UNSPECIFIED'), ('UNSPECIFIED') ) ;
#936 = ORIENTED_EDGE ( 'NONE', *, *, #2515, .T. ) ;
#937 = EDGE_LOOP ( 'NONE', ( #725, #409, #1159, #314 ) ) ;
#938 = AXIS2_PLACEMENT_3D ( 'NONE', #2119, #1135, #117 ) ;
#939 = CARTESIAN_POINT ( 'NONE',  ( -13.00000000000003730, 0.000000000000000000, 840.0000000000001137 ) ) ;
#940 = CARTESIAN_POINT ( 'NONE',  ( -290.0000000000001137, 317.4999999999999432, 30.00000000000002842 ) ) ;
#941 = EDGE_LOOP ( 'NONE', ( #1898, #2326, #491, #994 ) ) ;
#942 = CARTESIAN_POINT ( 'NONE',  ( -15.00000000000003730, 0.000000000000000000, 10.00000000000000000 ) ) ;
#943 = ORIENTED_EDGE ( 'NONE', *, *, #560, .F. ) ;
#944 = PLANE ( 'NONE',  #998 ) ;
#945 = ORIENTED_EDGE ( 'NONE', *, *, #2398, .T. ) ;
#946 = EDGE_CURVE ( 'NONE', #2239, #1646, #1980, .T. ) ;
#947 = CARTESIAN_POINT ( 'NONE',  ( 0.000000000000000000, 0.000000000000000000, 869.9999999999998863 ) ) ;
#948 = CARTESIAN_POINT ( 'NONE',  ( -9.999999999999998224, 6.999999999999999112, 385.0000000000000000 ) ) ;
#949 = CC_DESIGN_SECURITY_CLASSIFICATION ( #1227, ( #2590 ) ) ;
#950 = APPROVAL_STATUS ( 'not_yet_approved' ) ;
#951 = DIRECTION ( 'NONE',  ( -1.000000000000000000, 0.000000000000000000, 0.000000000000000000 ) ) ;
#952 = FACE_BOUND ( 'NONE', #814, .T. ) ;
#953 = ORIENTED_EDGE ( 'NONE', *, *, #262, .T. ) ;
#954 = LINE ( 'NONE', #511, #1352 ) ;
#955 = LINE ( 'NONE', #1862, #244 ) ;
#956 = DATE_AND_TIME ( #1632, #1441 ) ;
#957 = LINE ( 'NONE', #2458, #2044 ) ;
#958 = ORIENTED_EDGE ( 'NONE', *, *, #1813, .F. ) ;
#959 = VECTOR ( 'NONE', #374, 1000.000000000000000 ) ;
#960 = VECTOR ( 'NONE', #397, 1000.000000000000000 ) ;
#961 = ORIENTED_EDGE ( 'NONE', *, *, #2545, .F. ) ;
#962 = COORDINATED_UNIVERSAL_TIME_OFFSET ( 8, 0, .AHEAD. ) ;
#963 = CARTESIAN_POINT ( 'NONE',  ( 14.99999999999998757, 96.00000000000000000, 830.0000000000001137 ) ) ;
#964 = EDGE_CURVE ( 'NONE', #1101, #2325, #94, .T. ) ;
#965 = PLANE ( 'NONE',  #38 ) ;
#966 = AXIS2_PLACEMENT_3D ( 'NONE', #2390, #789, #388 ) ;
#967 = CARTESIAN_POINT ( 'NONE',  ( -10.00000000000000000, 37.00000000000000000, 10.00000000000000000 ) ) ;
#968 = VERTEX_POINT ( 'NONE', #1061 ) ;
#969 = CARTESIAN_POINT ( 'NONE',  ( 14.99999999999998757, 96.00000000000000000, 830.0000000000001137 ) ) ;
#970 = ORIENTED_EDGE ( 'NONE', *, *, #978, .T. ) ;
#971 = SECURITY_CLASSIFICATION ( '', '', #864 ) ;
#972 = CARTESIAN_POINT ( 'NONE',  ( 15.00000000000000000, 96.00000000000000000, 10.00000000000000000 ) ) ;
#973 = CARTESIAN_POINT ( 'NONE',  ( 14.99999999999998757, 96.00000000000000000, 830.0000000000001137 ) ) ;
#974 = LINE ( 'NONE', #1502, #446 ) ;
#975 = CARTESIAN_POINT ( 'NONE',  ( 0.000000000000000000, 0.000000000000000000, 10.00000000000000000 ) ) ;
#976 = CARTESIAN_POINT ( 'NONE',  ( -15.00000000000000000, 96.00000000000000000, 395.0000000000000000 ) ) ;
#977 = DIRECTION ( 'NONE',  ( -1.000000000000000000, 0.000000000000000000, 0.000000000000000000 ) ) ;
#978 = EDGE_CURVE ( 'NONE', #1965, #1149, #1370, .T. ) ;
#979 = PLANE ( 'NONE',  #1781 ) ;
#980 = CIRCLE ( 'NONE', #872, 5.000000000000000000 ) ;
#981 = AXIS2_PLACEMENT_3D ( 'NONE', #1355, #1985, #377 ) ;
#982 = EDGE_LOOP ( 'NONE', ( #336, #692, #1389, #1642 ) ) ;
#983 = APPLICATION_CONTEXT ( 'configuration controlled 3d designs of mechanical parts and assemblies' ) ;
#984 = DIRECTION ( 'NONE',  ( -2.710505431213761085E-16, -1.000000000000000000, -0.000000000000000000 ) ) ;
#985 = CC_DESIGN_PERSON_AND_ORGANIZATION_ASSIGNMENT ( #871, #2055, ( #454 ) ) ;
#986 = EDGE_LOOP ( 'NONE', ( #443, #82, #2259, #604 ) ) ;
#987 = CARTESIAN_POINT ( 'NONE',  ( -15.00000000000003730, 0.000000000000000000, 10.00000000000000000 ) ) ;
#988 = FACE_OUTER_BOUND ( 'NONE', #2444, .T. ) ;
#989 = CARTESIAN_POINT ( 'NONE',  ( -2.000000000000000000, 37.00000000000000000, 10.00000000000000000 ) ) ;
#990 = ORIENTED_EDGE ( 'NONE', *, *, #1614, .F. ) ;
#991 = CARTESIAN_POINT ( 'NONE',  ( -15.00000000000000000, 3.000000000000000000, 10.00000000000000000 ) ) ;
#992 = LINE ( 'NONE', #2393, #1880 ) ;
#993 = LOCAL_TIME ( 14, 14, 56.00000000000000000, #1341 ) ;
#994 = ORIENTED_EDGE ( 'NONE', *, *, #1320, .F. ) ;
#995 = CARTESIAN_POINT ( 'NONE',  ( 14.99999999999996092, 1.999999999999999556, 840.0000000000001137 ) ) ;
#996 = ORIENTED_EDGE ( 'NONE', *, *, #497, .F. ) ;
#997 = CARTESIAN_POINT ( 'NONE',  ( 4.999999999999997335, 37.00000000000000000, 385.0000000000000000 ) ) ;
#998 = AXIS2_PLACEMENT_3D ( 'NONE', #337, #1745, #2147 ) ;
#999 = VERTEX_POINT ( 'NONE', #447 ) ;
#1000 = DIRECTION ( 'NONE',  ( 0.000000000000000000, 0.000000000000000000, 1.000000000000000000 ) ) ;
#1001 = DIRECTION ( 'NONE',  ( -1.000000000000000000, 0.000000000000000000, -0.000000000000000000 ) ) ;
#1002 = ORIENTED_EDGE ( 'NONE', *, *, #759, .T. ) ;
#1003 = DIRECTION ( 'NONE',  ( 1.156482317317871478E-16, -1.000000000000000000, 0.000000000000000000 ) ) ;
#1004 = ORIENTED_EDGE ( 'NONE', *, *, #698, .F. ) ;
#1005 = CARTESIAN_POINT ( 'NONE',  ( -290.0000000000000568, -1120.000000000000227, 869.9999999999998863 ) ) ;
#1006 = ADVANCED_FACE ( 'NONE', ( #550 ), #1044, .F. ) ;
#1007 = DIRECTION ( 'NONE',  ( 0.000000000000000000, 0.000000000000000000, 1.000000000000000000 ) ) ;
#1008 = DIRECTION ( 'NONE',  ( -0.000000000000000000, -0.000000000000000000, -1.000000000000000000 ) ) ;
#1009 = EDGE_CURVE ( 'NONE', #67, #1841, #28, .T. ) ;
#1010 = CARTESIAN_POINT ( 'NONE',  ( -9.999999999999998224, 6.999999999999999112, 10.00000000000000000 ) ) ;
#1011 = CARTESIAN_POINT ( 'NONE',  ( 9.999999999999998224, 32.00000000000000000, 10.00000000000000000 ) ) ;
#1012 =( NAMED_UNIT ( * ) SI_UNIT ( $, .STERADIAN. ) SOLID_ANGLE_UNIT ( ) );
#1013 = VECTOR ( 'NONE', #2001, 1000.000000000000000 ) ;
#1014 = CARTESIAN_POINT ( 'NONE',  ( -13.00000000000003730, 2.000000000000000000, 0.000000000000000000 ) ) ;
#1015 = SECURITY_CLASSIFICATION ( '', '', #2269 ) ;
#1016 = VERTEX_POINT ( 'NONE', #34 ) ;
#1017 = DIRECTION ( 'NONE',  ( 0.000000000000000000, -0.000000000000000000, 1.000000000000000000 ) ) ;
#1018 = ADVANCED_FACE ( 'NONE', ( #2374 ), #442, .F. ) ;
#1019 = VECTOR ( 'NONE', #331, 1000.000000000000000 ) ;
#1020 = FACE_OUTER_BOUND ( 'NONE', #9, .T. ) ;
#1021 = PERSON_AND_ORGANIZATION ( #935, #121 ) ;
#1022 = VECTOR ( 'NONE', #2451, 1000.000000000000000 ) ;
#1023 = LINE ( 'NONE', #2401, #1882 ) ;
#1024 = LINE ( 'NONE', #2382, #959 ) ;
#1025 = FACE_OUTER_BOUND ( 'NONE', #1330, .T. ) ;
#1026 = ORIENTED_EDGE ( 'NONE', *, *, #2452, .T. ) ;
#1027 = PERSON_AND_ORGANIZATION ( #534, #1097 ) ;
#1028 = APPROVAL_ROLE ( '' ) ;
#1029 = EDGE_CURVE ( 'NONE', #3, #851, #1214, .T. ) ;
#1030 = VERTEX_POINT ( 'NONE', #232 ) ;
#1031 = APPROVAL_STATUS ( 'not_yet_approved' ) ;
#1032 = PLANE ( 'NONE',  #1483 ) ;
#1033 = VERTEX_POINT ( 'NONE', #845 ) ;
#1034 = ORIENTED_EDGE ( 'NONE', *, *, #101, .T. ) ;
#1035 = EDGE_CURVE ( 'NONE', #529, #1900, #305, .T. ) ;
#1036 = ADVANCED_FACE ( 'NONE', ( #493 ), #1032, .T. ) ;
#1037 = APPROVAL_ROLE ( '' ) ;
#1038 = ORIENTED_EDGE ( 'NONE', *, *, #1516, .F. ) ;
#1039 = PRODUCT_RELATED_PRODUCT_CATEGORY ( 'detail', '', ( #1782 ) ) ;
#1040 = AXIS2_PLACEMENT_3D ( 'NONE', #947, #2542, #1748 ) ;
#1041 = PLANE ( 'NONE',  #855 ) ;
#1042 = VECTOR ( 'NONE', #818, 1000.000000000000000 ) ;
#1043 = CARTESIAN_POINT ( 'NONE',  ( -9.999999999999998224, 28.99999999999999645, 10.00000000000000000 ) ) ;
#1044 = PLANE ( 'NONE',  #400 ) ;
#1045 = PERSON_AND_ORGANIZATION_ROLE ( 'creator' ) ;
#1046 = VECTOR ( 'NONE', #2299, 1000.000000000000000 ) ;
#1047 = CARTESIAN_POINT ( 'NONE',  ( 12.99999999999995914, 2.000000000000000000, 830.0000000000001137 ) ) ;
#1048 = EDGE_CURVE ( 'NONE', #2324, #1249, #677, .T. ) ;
#1049 = SHAPE_REPRESENTATION_RELATIONSHIP ( 'NONE' , 'NONE' ,  #1761, #114 ) ;
#1050 = CARTESIAN_POINT ( 'NONE',  ( -290.0000000000001137, 765.0000000000000000, 435.0000000000000000 ) ) ;
#1051 = AXIS2_PLACEMENT_3D ( 'NONE', #2196, #2210, #2183 ) ;
#1052 = APPROVAL_ROLE ( '' ) ;
#1053 = LINE ( 'NONE', #2218, #429 ) ;
#1054 = ORIENTED_EDGE ( 'NONE', *, *, #1528, .F. ) ;
#1055 = ORIENTED_EDGE ( 'NONE', *, *, #1628, .F. ) ;
#1056 = VERTEX_POINT ( 'NONE', #503 ) ;
#1057 = CARTESIAN_POINT ( 'NONE',  ( -290.0000000000001137, -160.0000000000001421, 435.0000000000000000 ) ) ;
#1058 = VECTOR ( 'NONE', #184, 1000.000000000000000 ) ;
#1059 = VERTEX_POINT ( 'NONE', #489 ) ;
#1060 = CALENDAR_DATE ( 2026, 2, 6 ) ;
#1061 = CARTESIAN_POINT ( 'NONE',  ( -290.0000000000001137, -160.0000000000001421, 464.9999999999999432 ) ) ;
#1062 = LOCAL_TIME ( 14, 14, 56.00000000000000000, #2472 ) ;
#1063 = ORIENTED_EDGE ( 'NONE', *, *, #1969, .F. ) ;
#1064 = DIRECTION ( 'NONE',  ( -1.000000000000000000, 2.710505431213761085E-16, 0.000000000000000000 ) ) ;
#1065 = ORIENTED_EDGE ( 'NONE', *, *, #2585, .T. ) ;
#1066 = ADVANCED_FACE ( 'NONE', ( #1694 ), #390, .T. ) ;
#1067 = APPLICATION_CONTEXT ( 'configuration controlled 3d designs of mechanical parts and assemblies' ) ;
#1068 = ORIENTED_EDGE ( 'NONE', *, *, #2261, .F. ) ;
#1069 = EDGE_CURVE ( 'NONE', #1319, #529, #732, .T. ) ;
#1070 = DIRECTION ( 'NONE',  ( 0.000000000000000000, -2.643388153869421297E-16, 1.000000000000000000 ) ) ;
#1071 = CARTESIAN_POINT ( 'NONE',  ( 12.00000000000000000, 0.000000000000000000, 0.000000000000000000 ) ) ;
#1072 = AXIS2_PLACEMENT_3D ( 'NONE', #826, #435, #1838 ) ;
#1073 = VERTEX_POINT ( 'NONE', #1270 ) ;
#1074 = VERTEX_POINT ( 'NONE', #1107 ) ;
#1075 = DIRECTION ( 'NONE',  ( 1.000000000000000000, -0.000000000000000000, -0.000000000000000000 ) ) ;
#1076 = AXIS2_PLACEMENT_3D ( 'NONE', #418, #1418, #2578 ) ;
#1077 = ORIENTED_EDGE ( 'NONE', *, *, #2242, .T. ) ;
#1078 = DIRECTION ( 'NONE',  ( -1.156482317317871232E-16, 1.000000000000000000, 0.000000000000000000 ) ) ;
#1079 =( REPRESENTATION_RELATIONSHIP ('NONE','NONE', #87, #1761 ) REPRESENTATION_RELATIONSHIP_WITH_TRANSFORMATION ( #2373 )SHAPE_REPRESENTATION_RELATIONSHIP( ) );
#1080 = DIRECTION ( 'NONE',  ( 1.000000000000000000, 0.000000000000000000, 0.000000000000000000 ) ) ;
#1081 = CARTESIAN_POINT ( 'NONE',  ( -290.0000000000000568, 1169.999999999999318, 30.00000000000000000 ) ) ;
#1082 = CARTESIAN_POINT ( 'NONE',  ( -12.00000000000000000, 0.000000000000000000, 10.00000000000000000 ) ) ;
#1083 = CARTESIAN_POINT ( 'NONE',  ( -13.00000000000003730, 0.000000000000000000, 10.00000000000000000 ) ) ;
#1084 = DIRECTION ( 'NONE',  ( 1.000000000000000000, 0.000000000000000000, 0.000000000000000000 ) ) ;
#1085 = EDGE_CURVE ( 'NONE', #860, #2203, #1810, .T. ) ;
#1086 = LINE ( 'NONE', #1779, #543 ) ;
#1087 = ORIENTED_EDGE ( 'NONE', *, *, #894, .F. ) ;
#1088 = FACE_OUTER_BOUND ( 'NONE', #1615, .T. ) ;
#1089 = CARTESIAN_POINT ( 'NONE',  ( 259.9999999999998863, 765.0000000000001137, 30.00000000000002842 ) ) ;
#1090 = VECTOR ( 'NONE', #2285, 1000.000000000000000 ) ;
#1091 = SECURITY_CLASSIFICATION ( '', '', #263 ) ;
#1092 = ADVANCED_FACE ( 'NONE', ( #1268 ), #1295, .T. ) ;
#1093 = ADVANCED_FACE ( 'NONE', ( #1875 ), #1923, .T. ) ;
#1094 = LINE ( 'NONE', #1401, #552 ) ;
#1095 = PLANE ( 'NONE',  #1685 ) ;
#1096 = LINE ( 'NONE', #531, #1151 ) ;
#1097 = ORGANIZATION ( '未指定', '未指定', '' ) ;
#1098 = EDGE_LOOP ( 'NONE', ( #990, #2127, #2132, #1738 ) ) ;
#1099 = CARTESIAN_POINT ( 'NONE',  ( 0.000000000000000000, 0.000000000000000000, 10.00000000000000000 ) ) ;
#1100 = DIRECTION ( 'NONE',  ( 0.000000000000000000, -1.000000000000000000, 0.000000000000000000 ) ) ;
#1101 = VERTEX_POINT ( 'NONE', #902 ) ;
#1102 = ORIENTED_EDGE ( 'NONE', *, *, #2452, .F. ) ;
#1103 = CARTESIAN_POINT ( 'NONE',  ( -15.00000000000001243, 96.00000000000000000, 840.0000000000001137 ) ) ;
#1104 = CARTESIAN_POINT ( 'NONE',  ( 12.00000000000000000, 3.000000000000000000, 10.00000000000000000 ) ) ;
#1105 = EDGE_CURVE ( 'NONE', #2423, #581, #328, .T. ) ;
#1106 = ORIENTED_EDGE ( 'NONE', *, *, #1035, .T. ) ;
#1107 = CARTESIAN_POINT ( 'NONE',  ( 260.0000000000000000, 317.4999999999999432, 435.0000000000000000 ) ) ;
#1108 = FACE_OUTER_BOUND ( 'NONE', #1951, .T. ) ;
#1109 = EDGE_LOOP ( 'NONE', ( #2528, #1257, #318, #2581 ) ) ;
#1110 = AXIS2_PLACEMENT_3D ( 'NONE', #861, #657, #1864 ) ;
#1111 = DIRECTION ( 'NONE',  ( -2.710505431213761085E-16, -1.000000000000000000, -0.000000000000000000 ) ) ;
#1112 = CC_DESIGN_APPROVAL ( #1433, ( #971 ) ) ;
#1113 = VERTEX_POINT ( 'NONE', #282 ) ;
#1114 = LINE ( 'NONE', #88, #211 ) ;
#1115 = CARTESIAN_POINT ( 'NONE',  ( 15.00000000000000000, 96.00000000000000000, 385.0000000000000000 ) ) ;
#1116 = DIRECTION ( 'NONE',  ( 1.000000000000000000, 1.807003620809173954E-17, 0.000000000000000000 ) ) ;
#1117 = EDGE_CURVE ( 'NONE', #256, #728, #1744, .T. ) ;
#1118 = DIRECTION ( 'NONE',  ( 2.710505431213761085E-16, 1.000000000000000000, 0.000000000000000000 ) ) ;
#1119 = LINE ( 'NONE', #247, #1631 ) ;
#1120 = VERTEX_POINT ( 'NONE', #705 ) ;
#1121 = COORDINATED_UNIVERSAL_TIME_OFFSET ( 8, 0, .AHEAD. ) ;
#1122 = LINE ( 'NONE', #10, #1058 ) ;
#1123 = ORIENTED_EDGE ( 'NONE', *, *, #1252, .F. ) ;
#1124 = PERSON_AND_ORGANIZATION ( #534, #1097 ) ;
#1125 = AXIS2_PLACEMENT_3D ( 'NONE', #1556, #1140, #2384 ) ;
#1126 = PERSON_AND_ORGANIZATION ( #534, #1097 ) ;
#1127 = DIRECTION ( 'NONE',  ( 0.000000000000000000, -1.000000000000000000, 0.000000000000000000 ) ) ;
#1128 = ORIENTED_EDGE ( 'NONE', *, *, #1879, .F. ) ;
#1129 = VERTEX_POINT ( 'NONE', #1893 ) ;
#1130 = DIRECTION ( 'NONE',  ( -1.000000000000000000, 0.000000000000000000, 0.000000000000000000 ) ) ;
#1131 = VERTEX_POINT ( 'NONE', #1071 ) ;
#1132 = ORIENTED_EDGE ( 'NONE', *, *, #1348, .F. ) ;
#1133 = CARTESIAN_POINT ( 'NONE',  ( -15.00000000000000000, 0.000000000000000000, 10.00000000000000000 ) ) ;
#1134 = AXIS2_PLACEMENT_3D ( 'NONE', #1940, #139, #1130 ) ;
#1135 = DIRECTION ( 'NONE',  ( 0.000000000000000000, -1.000000000000000000, -2.643388153869421297E-16 ) ) ;
#1136 = ORIENTED_EDGE ( 'NONE', *, *, #2536, .F. ) ;
#1137 = AXIS2_PLACEMENT_3D ( 'NONE', #2535, #329, #2530 ) ;
#1138 = ORIENTED_EDGE ( 'NONE', *, *, #1271, .T. ) ;
#1139 = CARTESIAN_POINT ( 'NONE',  ( 260.0000000000000000, 765.0000000000000000, 464.9999999999999432 ) ) ;
#1140 = DIRECTION ( 'NONE',  ( 0.000000000000000000, -1.000000000000000000, 0.000000000000000000 ) ) ;
#1141 = FACE_OUTER_BOUND ( 'NONE', #1296, .T. ) ;
#1142 = CONTEXT_DEPENDENT_SHAPE_REPRESENTATION ( #246, #2022 ) ;
#1143 = PLANE ( 'NONE',  #1357 ) ;
#1144 = EDGE_CURVE ( 'NONE', #1454, #2548, #1589, .T. ) ;
#1145 = VECTOR ( 'NONE', #296, 1000.000000000000000 ) ;
#1146 = LOCAL_TIME ( 14, 14, 56.00000000000000000, #431 ) ;
#1147 = VECTOR ( 'NONE', #75, 1000.000000000000000 ) ;
#1148 = DIRECTION ( 'NONE',  ( -1.000000000000000000, 0.000000000000000000, 0.000000000000000000 ) ) ;
#1149 = VERTEX_POINT ( 'NONE', #1482 ) ;
#1150 = VECTOR ( 'NONE', #2028, 1000.000000000000000 ) ;
#1151 = VECTOR ( 'NONE', #2143, 1000.000000000000000 ) ;
#1152 = APPROVAL_DATE_TIME ( #1759, #90 ) ;
#1153 = ORIENTED_EDGE ( 'NONE', *, *, #233, .F. ) ;
#1154 = AXIS2_PLACEMENT_3D ( 'NONE', #2215, #2038, #625 ) ;
#1155 = EDGE_LOOP ( 'NONE', ( #682, #1597, #943, #795, #245, #1743 ) ) ;
#1156 = APPROVAL ( #1267, '未指定' ) ;
#1157 = PLANE ( 'NONE',  #78 ) ;
#1158 = CARTESIAN_POINT ( 'NONE',  ( -290.0000000000001137, 794.9999999999998863, 869.9999999999998863 ) ) ;
#1159 = ORIENTED_EDGE ( 'NONE', *, *, #1425, .F. ) ;
#1160 = DIRECTION ( 'NONE',  ( 0.000000000000000000, 0.000000000000000000, -1.000000000000000000 ) ) ;
#1161 = EDGE_CURVE ( 'NONE', #1968, #1149, #796, .T. ) ;
#1162 = VECTOR ( 'NONE', #399, 1000.000000000000000 ) ;
#1163 = VECTOR ( 'NONE', #875, 1000.000000000000000 ) ;
#1164 = EDGE_LOOP ( 'NONE', ( #825, #138, #174, #1123 ) ) ;
#1165 = EDGE_CURVE ( 'NONE', #515, #1443, #1526, .T. ) ;
#1166 = DIRECTION ( 'NONE',  ( 0.000000000000000000, 0.000000000000000000, 1.000000000000000000 ) ) ;
#1167 = ORIENTED_EDGE ( 'NONE', *, *, #964, .F. ) ;
#1168 = DIRECTION ( 'NONE',  ( 0.000000000000000000, -1.387778780781445922E-16, 1.000000000000000000 ) ) ;
#1169 = DIRECTION ( 'NONE',  ( -0.000000000000000000, -0.000000000000000000, -1.000000000000000000 ) ) ;
#1170 = APPROVAL ( #463, '未指定' ) ;
#1171 = PLANE ( 'NONE',  #832 ) ;
#1172 = CARTESIAN_POINT ( 'NONE',  ( 12.99999999999996092, 2.000000000000000000, 0.000000000000000000 ) ) ;
#1173 = DIRECTION ( 'NONE',  ( -1.000000000000000000, -0.000000000000000000, -0.000000000000000000 ) ) ;
#1174 = LINE ( 'NONE', #2092, #2372 ) ;
#1175 = ORIENTED_EDGE ( 'NONE', *, *, #504, .T. ) ;
#1176 = LOCAL_TIME ( 14, 14, 56.00000000000000000, #2249 ) ;
#1177 = ADVANCED_FACE ( 'NONE', ( #1933 ), #679, .T. ) ;
#1178 = DIRECTION ( 'NONE',  ( 1.000000000000000000, 0.000000000000000000, 0.000000000000000000 ) ) ;
#1179 = VECTOR ( 'NONE', #2397, 1000.000000000000000 ) ;
#1180 = EDGE_LOOP ( 'NONE', ( #879, #2078, #2011, #1946 ) ) ;
#1181 = PERSON_AND_ORGANIZATION ( #534, #1097 ) ;
#1182 = DIRECTION ( 'NONE',  ( 0.000000000000000000, -1.000000000000000000, 0.000000000000000000 ) ) ;
#1183 = EDGE_CURVE ( 'NONE', #1232, #1672, #2574, .T. ) ;
#1184 = DATE_AND_TIME ( #311, #1883 ) ;
#1185 = CARTESIAN_POINT ( 'NONE',  ( 12.00000000000000000, 3.000000000000000000, 395.0000000000000000 ) ) ;
#1186 = AXIS2_PLACEMENT_3D ( 'NONE', #1868, #1480, #1688 ) ;
#1187 = ORIENTED_EDGE ( 'NONE', *, *, #727, .T. ) ;
#1188 = CARTESIAN_POINT ( 'NONE',  ( 1282.179044981846573, 317.4999999999999432, 30.00000000000002842 ) ) ;
#1189 = CLOSED_SHELL ( 'NONE', ( #1938, #1092, #2422, #1613, #2316, #1600, #910, #198, #1177, #2228, #2492, #510, #1036, #1093, #2303, #267, #1459, #2395, #383, #1225, #1349, #694, #1510, #722, #225, #1468, #1722, #881, #1625, #1915, #2264 ) ) ;
#1190 = DIRECTION ( 'NONE',  ( 1.000000000000000000, 0.000000000000000000, 0.000000000000000000 ) ) ;
#1191 = VERTEX_POINT ( 'NONE', #1115 ) ;
#1192 = DIRECTION ( 'NONE',  ( 1.000000000000000000, 0.000000000000000000, -0.000000000000000000 ) ) ;
#1193 =( LENGTH_UNIT ( ) NAMED_UNIT ( * ) SI_UNIT ( .MILLI., .METRE. ) );
#1194 = LINE ( 'NONE', #501, #386 ) ;
#1195 = CARTESIAN_POINT ( 'NONE',  ( -15.00000000000003730, 2.000000000000001776, 830.0000000000001137 ) ) ;
#1196 = ORIENTED_EDGE ( 'NONE', *, *, #171, .F. ) ;
#1197 = EDGE_CURVE ( 'NONE', #589, #561, #923, .T. ) ;
#1198 = CARTESIAN_POINT ( 'NONE',  ( 9.999999999999998224, 37.00000000000000000, 385.0000000000000000 ) ) ;
#1199 = ORIENTED_EDGE ( 'NONE', *, *, #2185, .F. ) ;
#1200 = CARTESIAN_POINT ( 'NONE',  ( 15.00000000000000000, 0.000000000000000000, 10.00000000000000000 ) ) ;
#1201 = AXIS2_PLACEMENT_3D ( 'NONE', #1417, #2017, #417 ) ;
#1202 = EDGE_LOOP ( 'NONE', ( #2479, #315, #2165, #1344 ) ) ;
#1203 = MECHANICAL_CONTEXT ( 'NONE', #2406, 'mechanical' ) ;
#1204 = DIRECTION ( 'NONE',  ( 0.000000000000000000, -0.000000000000000000, -1.000000000000000000 ) ) ;
#1205 =( GEOMETRIC_REPRESENTATION_CONTEXT ( 3 ) GLOBAL_UNCERTAINTY_ASSIGNED_CONTEXT ( ( #2176 ) ) GLOBAL_UNIT_ASSIGNED_CONTEXT ( ( #18, #803, #2202 ) ) REPRESENTATION_CONTEXT ( 'NONE', 'WORKASPACE' ) );
#1206 = CARTESIAN_POINT ( 'NONE',  ( -15.00000000000001243, 96.00000000000000000, 10.00000000000000000 ) ) ;
#1207 = DIRECTION ( 'NONE',  ( 0.000000000000000000, 0.000000000000000000, 1.000000000000000000 ) ) ;
#1208 = FACE_OUTER_BOUND ( 'NONE', #1884, .T. ) ;
#1209 = CARTESIAN_POINT ( 'NONE',  ( 12.99999999999995914, 0.000000000000000000, 10.00000000000000000 ) ) ;
#1210 = VERTEX_POINT ( 'NONE', #81 ) ;
#1211 = FACE_OUTER_BOUND ( 'NONE', #1796, .T. ) ;
#1212 = EDGE_LOOP ( 'NONE', ( #562, #2487, #1663, #2257 ) ) ;
#1213 = APPROVAL_DATE_TIME ( #366, #57 ) ;
#1214 = LINE ( 'NONE', #2244, #2223 ) ;
#1215 = ORIENTED_EDGE ( 'NONE', *, *, #800, .T. ) ;
#1216 = CIRCLE ( 'NONE', #1820, 2.999999999999999112 ) ;
#1217 = EDGE_CURVE ( 'NONE', #561, #601, #222, .T. ) ;
#1218 = LINE ( 'NONE', #1538, #1019 ) ;
#1219 = ORIENTED_EDGE ( 'NONE', *, *, #2461, .T. ) ;
#1220 = CARTESIAN_POINT ( 'NONE',  ( -290.0000000000001137, 765.0000000000001137, 30.00000000000002842 ) ) ;
#1221 = VERTEX_POINT ( 'NONE', #750 ) ;
#1222 = ORIENTED_EDGE ( 'NONE', *, *, #646, .F. ) ;
#1223 = FACE_OUTER_BOUND ( 'NONE', #2352, .T. ) ;
#1224 = ADVANCED_FACE ( 'NONE', ( #748 ), #2188, .F. ) ;
#1225 = ADVANCED_FACE ( 'NONE', ( #1765 ), #1973, .T. ) ;
#1226 =( NAMED_UNIT ( * ) PLANE_ANGLE_UNIT ( ) SI_UNIT ( $, .RADIAN. ) );
#1227 = SECURITY_CLASSIFICATION ( '', '', #1235 ) ;
#1228 = AXIS2_PLACEMENT_3D ( 'NONE', #170, #1604, #1586 ) ;
#1229 = ORIENTED_EDGE ( 'NONE', *, *, #2136, .F. ) ;
#1230 = DIRECTION ( 'NONE',  ( -4.336808689942017120E-17, 1.000000000000000000, 0.000000000000000000 ) ) ;
#1231 = LINE ( 'NONE', #2431, #1420 ) ;
#1232 = VERTEX_POINT ( 'NONE', #564 ) ;
#1233 = DIRECTION ( 'NONE',  ( 2.710505431213761085E-16, 1.000000000000000000, 0.000000000000000000 ) ) ;
#1234 = PERSON_AND_ORGANIZATION_ROLE ( 'design_supplier' ) ;
#1235 = SECURITY_CLASSIFICATION_LEVEL ( 'unclassified' ) ;
#1236 = DIRECTION ( 'NONE',  ( 0.000000000000000000, 0.000000000000000000, 1.000000000000000000 ) ) ;
#1237 = CARTESIAN_POINT ( 'NONE',  ( -12.00000000000000000, 0.000000000000000000, 0.000000000000000000 ) ) ;
#1238 = EDGE_CURVE ( 'NONE', #224, #2099, #2350, .T. ) ;
#1239 = APPROVAL_ROLE ( '' ) ;
#1240 = APPROVAL_ROLE ( '' ) ;
#1241 = APPROVAL ( #2447, '未指定' ) ;
#1242 = CARTESIAN_POINT ( 'NONE',  ( -15.00000000000000000, 0.000000000000000000, 0.000000000000000000 ) ) ;
#1243 = VECTOR ( 'NONE', #2462, 1000.000000000000000 ) ;
#1244 = CALENDAR_DATE ( 2026, 2, 6 ) ;
#1245 = CIRCLE ( 'NONE', #1051, 2.000000000000000000 ) ;
#1246 = CARTESIAN_POINT ( 'NONE',  ( -290.0000000000001137, -190.0000000000001705, 30.00000000000000000 ) ) ;
#1247 = VERTEX_POINT ( 'NONE', #1770 ) ;
#1248 = DATE_AND_TIME ( #310, #1450 ) ;
#1249 = VERTEX_POINT ( 'NONE', #579 ) ;
#1250 = PERSON_AND_ORGANIZATION_ROLE ( 'creator' ) ;
#1251 = PERSON_AND_ORGANIZATION ( #534, #1097 ) ;
#1252 = EDGE_CURVE ( 'NONE', #1900, #2355, #2416, .T. ) ;
#1253 = PERSON_AND_ORGANIZATION_ROLE ( 'classification_officer' ) ;
#1254 = CARTESIAN_POINT ( 'NONE',  ( 1282.179044981846573, 287.4999999999999432, 30.00000000000002842 ) ) ;
#1255 = ORIENTED_EDGE ( 'NONE', *, *, #445, .F. ) ;
#1256 = DIRECTION ( 'NONE',  ( -1.000000000000000000, 0.000000000000000000, 0.000000000000000000 ) ) ;
#1257 = ORIENTED_EDGE ( 'NONE', *, *, #76, .F. ) ;
#1258 = AXIS2_PLACEMENT_3D ( 'NONE', #1363, #1315, #2573 ) ;
#1259 = CARTESIAN_POINT ( 'NONE',  ( 12.00000000000000000, 3.000000000000000000, 0.000000000000000000 ) ) ;
#1260 = MECHANICAL_CONTEXT ( 'NONE', #392, 'mechanical' ) ;
#1261 = ORIENTED_EDGE ( 'NONE', *, *, #646, .T. ) ;
#1262 = APPROVAL ( #950, '未指定' ) ;
#1263 = FACE_OUTER_BOUND ( 'NONE', #306, .T. ) ;
#1264 = CARTESIAN_POINT ( 'NONE',  ( 259.9999999999998863, 795.0000000000001137, 30.00000000000000000 ) ) ;
#1265 = ORIENTED_EDGE ( 'NONE', *, *, #1723, .T. ) ;
#1266 = ORIENTED_EDGE ( 'NONE', *, *, #295, .T. ) ;
#1267 = APPROVAL_STATUS ( 'not_yet_approved' ) ;
#1268 = FACE_OUTER_BOUND ( 'NONE', #1290, .T. ) ;
#1269 = VERTEX_POINT ( 'NONE', #764 ) ;
#1270 = CARTESIAN_POINT ( 'NONE',  ( -12.00000000000000000, 4.336808689942017736E-16, 395.0000000000000000 ) ) ;
#1271 = EDGE_CURVE ( 'NONE', #589, #1279, #1954, .T. ) ;
#1272 = ADVANCED_FACE ( 'NONE', ( #2413 ), #739, .T. ) ;
#1273 = DIRECTION ( 'NONE',  ( 0.000000000000000000, -1.000000000000000000, 0.000000000000000000 ) ) ;
#1274 = LINE ( 'NONE', #1907, #1364 ) ;
#1275 = DIRECTION ( 'NONE',  ( 0.000000000000000000, 0.000000000000000000, -1.000000000000000000 ) ) ;
#1276 = CARTESIAN_POINT ( 'NONE',  ( -290.0000000000001137, 287.4999999999999432, 435.0000000000000000 ) ) ;
#1277 = VECTOR ( 'NONE', #840, 1000.000000000000000 ) ;
#1278 = LOCAL_TIME ( 14, 14, 56.00000000000000000, #2282 ) ;
#1279 = VERTEX_POINT ( 'NONE', #118 ) ;
#1280 = VECTOR ( 'NONE', #1190, 1000.000000000000000 ) ;
#1281 = LINE ( 'NONE', #1932, #1560 ) ;
#1282 = EDGE_LOOP ( 'NONE', ( #320, #1489, #268, #2297 ) ) ;
#1283 = CARTESIAN_POINT ( 'NONE',  ( 15.00000000000000000, 3.000000000000000000, 10.00000000000000000 ) ) ;
#1284 = CARTESIAN_POINT ( 'NONE',  ( 289.9999999999998863, -1199.999999999999773, 0.000000000000000000 ) ) ;
#1285 = EDGE_CURVE ( 'NONE', #684, #658, #273, .T. ) ;
#1286 = CARTESIAN_POINT ( 'NONE',  ( -10.00000000000000178, 37.00000000000000000, 385.0000000000000000 ) ) ;
#1287 = CARTESIAN_POINT ( 'NONE',  ( 0.000000000000000000, 0.000000000000000000, 30.00000000000000000 ) ) ;
#1288 = ADVANCED_FACE ( 'NONE', ( #2338 ), #1584, .T. ) ;
#1289 = ORIENTED_EDGE ( 'NONE', *, *, #2512, .T. ) ;
#1290 = EDGE_LOOP ( 'NONE', ( #2007, #382, #2161, #2557 ) ) ;
#1291 = CIRCLE ( 'NONE', #2320, 5.000000000000000888 ) ;
#1292 = LINE ( 'NONE', #2031, #351 ) ;
#1293 = CC_DESIGN_APPROVAL ( #1156, ( #1015 ) ) ;
#1294 = VERTEX_POINT ( 'NONE', #2387 ) ;
#1295 = PLANE ( 'NONE',  #802 ) ;
#1296 = EDGE_LOOP ( 'NONE', ( #1794, #666, #226, #133 ) ) ;
#1297 = ADVANCED_FACE ( 'NONE', ( #1359, #482 ), #2371, .T. ) ;
#1298 = CARTESIAN_POINT ( 'NONE',  ( -290.0000000000001137, -160.0000000000001421, 30.00000000000000000 ) ) ;
#1299 = EDGE_CURVE ( 'NONE', #2325, #1449, #1966, .T. ) ;
#1300 = CARTESIAN_POINT ( 'NONE',  ( 15.00000000000000000, 3.000000000000000000, 395.0000000000000000 ) ) ;
#1301 = EDGE_CURVE ( 'NONE', #2139, #2203, #2464, .T. ) ;
#1302 = VECTOR ( 'NONE', #951, 1000.000000000000000 ) ;
#1303 = VECTOR ( 'NONE', #2059, 1000.000000000000000 ) ;
#1304 = DATE_AND_TIME ( #1244, #2314 ) ;
#1305 = CC_DESIGN_DATE_AND_TIME_ASSIGNMENT ( #836, #1677, ( #1091 ) ) ;
#1306 = PRODUCT_DEFINITION_FORMATION_WITH_SPECIFIED_SOURCE ( '任何', '', #1972, .NOT_KNOWN. ) ;
#1307 = CARTESIAN_POINT ( 'NONE',  ( 14.99999999999996092, 0.000000000000000000, 830.0000000000001137 ) ) ;
#1308 = LINE ( 'NONE', #1198, #2131 ) ;
#1309 = ORIENTED_EDGE ( 'NONE', *, *, #2275, .T. ) ;
#1310 = PERSON_AND_ORGANIZATION ( #534, #1097 ) ;
#1311 = DIRECTION ( 'NONE',  ( -1.156482317317871478E-16, 1.000000000000000000, 0.000000000000000000 ) ) ;
#1312 = ORIENTED_EDGE ( 'NONE', *, *, #101, .F. ) ;
#1313 = PLANE ( 'NONE',  #938 ) ;
#1314 = LOCAL_TIME ( 14, 14, 56.00000000000000000, #2138 ) ;
#1315 = DIRECTION ( 'NONE',  ( 0.000000000000000000, 0.000000000000000000, -1.000000000000000000 ) ) ;
#1316 = ADVANCED_FACE ( 'NONE', ( #332 ), #904, .T. ) ;
#1317 = ORIENTED_EDGE ( 'NONE', *, *, #633, .F. ) ;
#1318 = EDGE_CURVE ( 'NONE', #1210, #1033, #1444, .T. ) ;
#1319 = VERTEX_POINT ( 'NONE', #1686 ) ;
#1320 = EDGE_CURVE ( 'NONE', #843, #507, #287, .T. ) ;
#1321 = ORIENTED_EDGE ( 'NONE', *, *, #1385, .F. ) ;
#1322 = DIRECTION ( 'NONE',  ( -1.000000000000000000, 0.000000000000000000, 0.000000000000000000 ) ) ;
#1323 = FACE_OUTER_BOUND ( 'NONE', #2271, .T. ) ;
#1324 = AXIS2_PLACEMENT_3D ( 'NONE', #1133, #1331, #1527 ) ;
#1325 = VERTEX_POINT ( 'NONE', #2273 ) ;
#1326 = CARTESIAN_POINT ( 'NONE',  ( -15.00000000000003730, 2.000000000000001776, 830.0000000000001137 ) ) ;
#1327 = CARTESIAN_POINT ( 'NONE',  ( -5.000000000000000888, 37.00000000000000000, 10.00000000000000000 ) ) ;
#1328 = VECTOR ( 'NONE', #271, 1000.000000000000000 ) ;
#1329 = DIRECTION ( 'NONE',  ( 1.000000000000000000, 0.000000000000000000, 0.000000000000000000 ) ) ;
#1330 = EDGE_LOOP ( 'NONE', ( #1215, #1102, #1639, #901 ) ) ;
#1331 = DIRECTION ( 'NONE',  ( 0.000000000000000000, 1.000000000000000000, 0.000000000000000000 ) ) ;
#1332 = EDGE_CURVE ( 'NONE', #1074, #1101, #1886, .T. ) ;
#1333 = DIRECTION ( 'NONE',  ( -0.000000000000000000, -0.000000000000000000, -1.000000000000000000 ) ) ;
#1334 = DIRECTION ( 'NONE',  ( 1.000000000000000000, 0.000000000000000000, 0.000000000000000000 ) ) ;
#1335 = VECTOR ( 'NONE', #264, 1000.000000000000000 ) ;
#1336 = APPROVAL_DATE_TIME ( #2337, #1819 ) ;
#1337 = ORIENTED_EDGE ( 'NONE', *, *, #2295, .F. ) ;
#1338 = VECTOR ( 'NONE', #2365, 1000.000000000000000 ) ;
#1339 = LINE ( 'NONE', #1950, #522 ) ;
#1340 = ORIENTED_EDGE ( 'NONE', *, *, #2512, .F. ) ;
#1341 = COORDINATED_UNIVERSAL_TIME_OFFSET ( 8, 0, .AHEAD. ) ;
#1342 = CIRCLE ( 'NONE', #966, 2.999999999999999112 ) ;
#1343 = PERSON_AND_ORGANIZATION ( #534, #1097 ) ;
#1344 = ORIENTED_EDGE ( 'NONE', *, *, #1591, .T. ) ;
#1345 = PLANE ( 'NONE',  #1134 ) ;
#1346 = VERTEX_POINT ( 'NONE', #1081 ) ;
#1347 = ORIENTED_EDGE ( 'NONE', *, *, #84, .F. ) ;
#1348 = EDGE_CURVE ( 'NONE', #758, #36, #1712, .T. ) ;
#1349 = ADVANCED_FACE ( 'NONE', ( #1815 ), #892, .F. ) ;
#1350 = DIRECTION ( 'NONE',  ( 1.000000000000000000, -2.710505431213761085E-16, 0.000000000000000000 ) ) ;
#1351 = ORIENTED_EDGE ( 'NONE', *, *, #35, .F. ) ;
#1352 = VECTOR ( 'NONE', #1116, 1000.000000000000000 ) ;
#1353 = CARTESIAN_POINT ( 'NONE',  ( 12.99999999999996092, 2.000000000000000000, 10.00000000000000000 ) ) ;
#1354 = DIRECTION ( 'NONE',  ( 1.156482317317871725E-16, -1.000000000000000000, 0.000000000000000000 ) ) ;
#1355 = CARTESIAN_POINT ( 'NONE',  ( 0.000000000000000000, 0.000000000000000000, 840.0000000000001137 ) ) ;
#1356 = CC_DESIGN_PERSON_AND_ORGANIZATION_ASSIGNMENT ( #1784, #39, ( #2045 ) ) ;
#1357 = AXIS2_PLACEMENT_3D ( 'NONE', #568, #760, #154 ) ;
#1358 = ORIENTED_EDGE ( 'NONE', *, *, #2376, .T. ) ;
#1359 = FACE_OUTER_BOUND ( 'NONE', #1983, .T. ) ;
#1360 = DIRECTION ( 'NONE',  ( -1.000000000000000000, 0.000000000000000000, 0.000000000000000000 ) ) ;
#1361 = VERTEX_POINT ( 'NONE', #1885 ) ;
#1362 = APPROVAL_STATUS ( 'not_yet_approved' ) ;
#1363 = CARTESIAN_POINT ( 'NONE',  ( -1.999999999999999112, 28.99999999999999645, 840.0000000000001137 ) ) ;
#1364 = VECTOR ( 'NONE', #2137, 1000.000000000000000 ) ;
#1365 = DIRECTION ( 'NONE',  ( 1.000000000000000000, 0.000000000000000000, 0.000000000000000000 ) ) ;
#1366 = VECTOR ( 'NONE', #1396, 1000.000000000000000 ) ;
#1367 = EDGE_CURVE ( 'NONE', #709, #589, #1291, .T. ) ;
#1368 = LINE ( 'NONE', #1264, #303 ) ;
#1369 = PERSON_AND_ORGANIZATION ( #534, #1097 ) ;
#1370 = LINE ( 'NONE', #639, #2500 ) ;
#1371 = LINE ( 'NONE', #2380, #555 ) ;
#1372 = ORIENTED_EDGE ( 'NONE', *, *, #116, .F. ) ;
#1373 = DATE_AND_TIME ( #778, #993 ) ;
#1374 = DIRECTION ( 'NONE',  ( 1.000000000000000000, 4.336808689942017736E-17, 0.000000000000000000 ) ) ;
#1375 = CARTESIAN_POINT ( 'NONE',  ( 14.99999999999996092, 1.999999999999999556, 830.0000000000001137 ) ) ;
#1376 = EDGE_LOOP ( 'NONE', ( #1871, #673, #74, #2525 ) ) ;
#1377 = CC_DESIGN_APPROVAL ( #1241, ( #1843 ) ) ;
#1378 = DIRECTION ( 'NONE',  ( 0.000000000000000000, 1.000000000000000000, -0.000000000000000000 ) ) ;
#1379 = DESIGN_CONTEXT ( 'detailed design', #1067, 'design' ) ;
#1380 = VERTEX_POINT ( 'NONE', #2084 ) ;
#1381 = VERTEX_POINT ( 'NONE', #1103 ) ;
#1382 = PLANE ( 'NONE',  #1125 ) ;
#1383 = ORIENTED_EDGE ( 'NONE', *, *, #2344, .T. ) ;
#1384 = CARTESIAN_POINT ( 'NONE',  ( 9.999999999999998224, 32.00000000000000000, 385.0000000000000000 ) ) ;
#1385 = EDGE_CURVE ( 'NONE', #1346, #14, #616, .T. ) ;
#1386 = LINE ( 'NONE', #2085, #1163 ) ;
#1387 = CARTESIAN_POINT ( 'NONE',  ( -290.0000000000002274, -190.0000000000001705, 869.9999999999998863 ) ) ;
#1388 = FACE_OUTER_BOUND ( 'NONE', #483, .T. ) ;
#1389 = ORIENTED_EDGE ( 'NONE', *, *, #131, .F. ) ;
#1390 = DIRECTION ( 'NONE',  ( -1.000000000000000000, 0.000000000000000000, 0.000000000000000000 ) ) ;
#1391 = VERTEX_POINT ( 'NONE', #506 ) ;
#1392 = APPROVAL ( #1362, 'UNKNOWN' ) ;
#1393 = AXIS2_PLACEMENT_3D ( 'NONE', #2555, #2363, #774 ) ;
#1394 = DIRECTION ( 'NONE',  ( -0.000000000000000000, -0.000000000000000000, -1.000000000000000000 ) ) ;
#1395 = CARTESIAN_POINT ( 'NONE',  ( -290.0000000000003411, 1199.999999999999545, 869.9999999999998863 ) ) ;
#1396 = DIRECTION ( 'NONE',  ( -1.000000000000000000, 0.000000000000000000, 0.000000000000000000 ) ) ;
#1397 = CARTESIAN_POINT ( 'NONE',  ( 0.000000000000000000, 0.000000000000000000, 0.000000000000000000 ) ) ;
#1398 = ORIENTED_EDGE ( 'NONE', *, *, #2056, .F. ) ;
#1399 = CIRCLE ( 'NONE', #535, 2.000000000000000000 ) ;
#1400 = CARTESIAN_POINT ( 'NONE',  ( -15.00000000000003730, 0.000000000000000000, 830.0000000000001137 ) ) ;
#1401 = CARTESIAN_POINT ( 'NONE',  ( 259.9999999999998863, -1120.000000000000000, 0.000000000000000000 ) ) ;
#1402 = LINE ( 'NONE', #2410, #1667 ) ;
#1403 = PERSON_AND_ORGANIZATION ( #534, #1097 ) ;
#1404 = LINE ( 'NONE', #12, #1635 ) ;
#1405 = EDGE_CURVE ( 'NONE', #2030, #1294, #756, .T. ) ;
#1406 = CALENDAR_DATE ( 2026, 2, 6 ) ;
#1407 = CARTESIAN_POINT ( 'NONE',  ( 14.99999999999998757, 96.00000000000000000, 10.00000000000000000 ) ) ;
#1408 = ADVANCED_FACE ( 'NONE', ( #1223, #880 ), #2309, .F. ) ;
#1409 = APPLICATION_CONTEXT ( 'configuration controlled 3d designs of mechanical parts and assemblies' ) ;
#1410 = CC_DESIGN_APPROVAL ( #57, ( #1227 ) ) ;
#1411 = ORIENTED_EDGE ( 'NONE', *, *, #1813, .T. ) ;
#1412 = LINE ( 'NONE', #1522, #343 ) ;
#1413 = ORIENTED_EDGE ( 'NONE', *, *, #2570, .T. ) ;
#1414 = PLANE ( 'NONE',  #1906 ) ;
#1415 = CARTESIAN_POINT ( 'NONE',  ( -10.00000000000000178, 32.00000000000000000, 385.0000000000000000 ) ) ;
#1416 = VERTEX_POINT ( 'NONE', #106 ) ;
#1417 = CARTESIAN_POINT ( 'NONE',  ( -12.00000000000000000, 3.000000000000000000, 10.00000000000000000 ) ) ;
#1418 = DIRECTION ( 'NONE',  ( -0.000000000000000000, 0.000000000000000000, 1.000000000000000000 ) ) ;
#1419 = CARTESIAN_POINT ( 'NONE',  ( 259.9999999999998863, 0.000000000000000000, 30.00000000000000000 ) ) ;
#1420 = VECTOR ( 'NONE', #2054, 1000.000000000000000 ) ;
#1421 = LINE ( 'NONE', #2532, #2426 ) ;
#1422 = CARTESIAN_POINT ( 'NONE',  ( -15.00000000000000000, 96.00000000000000000, 385.0000000000000000 ) ) ;
#1423 = EDGE_LOOP ( 'NONE', ( #523, #499, #1873, #565 ) ) ;
#1424 = DIRECTION ( 'NONE',  ( -1.000000000000000000, -1.807003620809173954E-17, 0.000000000000000000 ) ) ;
#1425 = EDGE_CURVE ( 'NONE', #877, #2149, #773, .T. ) ;
#1426 = CARTESIAN_POINT ( 'NONE',  ( -10.00000000000000000, 37.00000000000000000, 830.0000000000001137 ) ) ;
#1427 = ORIENTED_EDGE ( 'NONE', *, *, #1117, .F. ) ;
#1428 = AXIS2_PLACEMENT_3D ( 'NONE', #1703, #1509, #671 ) ;
#1429 = ORIENTED_EDGE ( 'NONE', *, *, #1931, .F. ) ;
#1430 = CARTESIAN_POINT ( 'NONE',  ( -10.00000000000000178, 37.00000000000000000, 385.0000000000000000 ) ) ;
#1431 = UNCERTAINTY_MEASURE_WITH_UNIT (LENGTH_MEASURE( 1.000000000000000082E-05 ), #2192, 'distance_accuracy_value', 'NONE');
#1432 = DIRECTION ( 'NONE',  ( 1.000000000000000000, 0.000000000000000000, 0.000000000000000000 ) ) ;
#1433 = APPROVAL ( #444, '未指定' ) ;
#1434 = CARTESIAN_POINT ( 'NONE',  ( 259.9999999999998863, 0.000000000000000000, 0.000000000000000000 ) ) ;
#1435 = LINE ( 'NONE', #2025, #398 ) ;
#1436 = DIRECTION ( 'NONE',  ( -0.000000000000000000, 0.000000000000000000, -1.000000000000000000 ) ) ;
#1437 = ORIENTED_EDGE ( 'NONE', *, *, #1105, .F. ) ;
#1438 = ADVANCED_FACE ( 'NONE', ( #2040 ), #2511, .T. ) ;
#1439 = MECHANICAL_CONTEXT ( 'NONE', #983, 'mechanical' ) ;
#1440 = VECTOR ( 'NONE', #1657, 1000.000000000000000 ) ;
#1441 = LOCAL_TIME ( 14, 14, 56.00000000000000000, #1537 ) ;
#1442 = FACE_OUTER_BOUND ( 'NONE', #1098, .T. ) ;
#1443 = VERTEX_POINT ( 'NONE', #1283 ) ;
#1444 = LINE ( 'NONE', #1916, #369 ) ;
#1445 = EDGE_CURVE ( 'NONE', #1221, #189, #980, .T. ) ;
#1446 = LINE ( 'NONE', #176, #1366 ) ;
#1447 = CARTESIAN_POINT ( 'NONE',  ( 1100.535543567313880, 764.9999999999998863, 869.9999999999998863 ) ) ;
#1448 = LINE ( 'NONE', #6, #1945 ) ;
#1449 = VERTEX_POINT ( 'NONE', #874 ) ;
#1450 = LOCAL_TIME ( 14, 14, 56.00000000000000000, #2076 ) ;
#1451 = ORIENTED_EDGE ( 'NONE', *, *, #2021, .F. ) ;
#1452 = CARTESIAN_POINT ( 'NONE',  ( 259.9999999999998863, 0.000000000000000000, 30.00000000000000000 ) ) ;
#1453 = EDGE_CURVE ( 'NONE', #2446, #1416, #1114, .T. ) ;
#1454 = VERTEX_POINT ( 'NONE', #686 ) ;
#1455 = APPROVAL_STATUS ( 'not_yet_approved' ) ;
#1456 = CC_DESIGN_PERSON_AND_ORGANIZATION_ASSIGNMENT ( #1021, #1253, ( #1888 ) ) ;
#1457 = AXIS2_PLACEMENT_3D ( 'NONE', #1530, #733, #1922 ) ;
#1458 = CARTESIAN_POINT ( 'NONE',  ( -290.0000000000003411, 1199.999999999999545, 899.9999999999998863 ) ) ;
#1459 = ADVANCED_FACE ( 'NONE', ( #822 ), #1095, .F. ) ;
#1460 = CARTESIAN_POINT ( 'NONE',  ( 10.00000000000000178, 7.000000000000000000, 385.0000000000000000 ) ) ;
#1461 = CYLINDRICAL_SURFACE ( 'NONE', #470, 2.999999999999999112 ) ;
#1462 = DIRECTION ( 'NONE',  ( 1.000000000000000000, 0.000000000000000000, 0.000000000000000000 ) ) ;
#1463 = APPLICATION_PROTOCOL_DEFINITION ( 'international standard', 'config_control_design', 1994, #1067 ) ;
#1464 = ORIENTED_EDGE ( 'NONE', *, *, #783, .T. ) ;
#1465 = CARTESIAN_POINT ( 'NONE',  ( -15.00000000000001243, 96.00000000000000000, 830.0000000000001137 ) ) ;
#1466 = EDGE_CURVE ( 'NONE', #2446, #2030, #1216, .T. ) ;
#1467 = DIRECTION ( 'NONE',  ( -0.000000000000000000, 0.000000000000000000, -1.000000000000000000 ) ) ;
#1468 = ADVANCED_FACE ( 'NONE', ( #1963 ), #1534, .T. ) ;
#1469 = APPROVAL_STATUS ( 'not_yet_approved' ) ;
#1470 = VECTOR ( 'NONE', #2006, 1000.000000000000000 ) ;
#1471 = CARTESIAN_POINT ( 'NONE',  ( 9.999999999999998224, 37.00000000000000000, 10.00000000000000000 ) ) ;
#1472 = VERTEX_POINT ( 'NONE', #2294 ) ;
#1473 = LINE ( 'NONE', #1430, #2278 ) ;
#1474 = LINE ( 'NONE', #2213, #906 ) ;
#1475 = ORIENTED_EDGE ( 'NONE', *, *, #1735, .T. ) ;
#1476 = LOCAL_TIME ( 14, 14, 56.00000000000000000, #962 ) ;
#1477 = APPLICATION_CONTEXT ( 'configuration controlled 3d designs of mechanical parts and assemblies' ) ;
#1478 = PERSON_AND_ORGANIZATION ( #534, #1097 ) ;
#1479 = EDGE_CURVE ( 'NONE', #1837, #2385, #769, .T. ) ;
#1480 = DIRECTION ( 'NONE',  ( -1.000000000000000000, 0.000000000000000000, 0.000000000000000000 ) ) ;
#1481 = VERTEX_POINT ( 'NONE', #324 ) ;
#1482 = CARTESIAN_POINT ( 'NONE',  ( -290.0000000000001137, 1200.000000000000227, 0.000000000000000000 ) ) ;
#1483 = AXIS2_PLACEMENT_3D ( 'NONE', #1434, #2471, #1713 ) ;
#1484 = ORIENTED_EDGE ( 'NONE', *, *, #1197, .T. ) ;
#1485 = CARTESIAN_POINT ( 'NONE',  ( 289.9999999999998863, -1199.999999999999773, 0.000000000000000000 ) ) ;
#1486 = AXIS2_PLACEMENT_3D ( 'NONE', #1397, #206, #2418 ) ;
#1487 = SECURITY_CLASSIFICATION_LEVEL ( 'unclassified' ) ;
#1488 = CARTESIAN_POINT ( 'NONE',  ( 1282.179044981846573, 765.0000000000000000, 465.0000000000000000 ) ) ;
#1489 = ORIENTED_EDGE ( 'NONE', *, *, #1299, .F. ) ;
#1490 = ORIENTED_EDGE ( 'NONE', *, *, #2126, .T. ) ;
#1491 = DIRECTION ( 'NONE',  ( 1.000000000000000000, 0.000000000000000000, 0.000000000000000000 ) ) ;
#1492 = EDGE_CURVE ( 'NONE', #2203, #650, #421, .T. ) ;
#1493 = ORIENTED_EDGE ( 'NONE', *, *, #2232, .T. ) ;
#1494 = DIRECTION ( 'NONE',  ( -0.000000000000000000, -1.000000000000000000, -0.000000000000000000 ) ) ;
#1495 = DIRECTION ( 'NONE',  ( -1.000000000000000000, 0.000000000000000000, 0.000000000000000000 ) ) ;
#1496 = AXIS2_PLACEMENT_3D ( 'NONE', #325, #539, #1755 ) ;
#1497 = CC_DESIGN_APPROVAL ( #1262, ( #1994 ) ) ;
#1498 = AXIS2_PLACEMENT_3D ( 'NONE', #975, #183, #1590 ) ;
#1499 = DIRECTION ( 'NONE',  ( -0.000000000000000000, -0.000000000000000000, -1.000000000000000000 ) ) ;
#1500 = CYLINDRICAL_SURFACE ( 'NONE', #859, 2.999999999999999112 ) ;
#1501 = ORIENTED_EDGE ( 'NONE', *, *, #713, .T. ) ;
#1502 = CARTESIAN_POINT ( 'NONE',  ( -10.00000000000000178, 37.00000000000000000, 10.00000000000000000 ) ) ;
#1503 = LINE ( 'NONE', #2577, #775 ) ;
#1504 = PLANE ( 'NONE',  #1186 ) ;
#1505 = VECTOR ( 'NONE', #192, 1000.000000000000000 ) ;
#1506 = COORDINATED_UNIVERSAL_TIME_OFFSET ( 8, 0, .AHEAD. ) ;
#1507 = LINE ( 'NONE', #799, #432 ) ;
#1508 = ORIENTED_EDGE ( 'NONE', *, *, #1896, .T. ) ;
#1509 = DIRECTION ( 'NONE',  ( 0.000000000000000000, 0.000000000000000000, -1.000000000000000000 ) ) ;
#1510 = ADVANCED_FACE ( 'NONE', ( #1649 ), #944, .T. ) ;
#1511 = FACE_OUTER_BOUND ( 'NONE', #1751, .T. ) ;
#1512 = ORIENTED_EDGE ( 'NONE', *, *, #160, .F. ) ;
#1513 = APPROVAL_DATE_TIME ( #1919, #1433 ) ;
#1514 = ORIENTED_EDGE ( 'NONE', *, *, #1595, .T. ) ;
#1515 = ORIENTED_EDGE ( 'NONE', *, *, #2312, .F. ) ;
#1516 = EDGE_CURVE ( 'NONE', #1247, #507, #1412, .T. ) ;
#1517 = DIRECTION ( 'NONE',  ( 0.000000000000000000, 0.000000000000000000, 1.000000000000000000 ) ) ;
#1518 = CARTESIAN_POINT ( 'NONE',  ( -9.999999999999996447, 6.999999999999999112, 840.0000000000001137 ) ) ;
#1519 = EDGE_LOOP ( 'NONE', ( #177, #945, #2289, #2178 ) ) ;
#1520 = EDGE_LOOP ( 'NONE', ( #2086, #2102, #2552, #2318 ) ) ;
#1521 = ADVANCED_FACE ( 'NONE', ( #1936 ), #924, .F. ) ;
#1522 = CARTESIAN_POINT ( 'NONE',  ( -290.0000000000001137, -1199.999999999999773, 30.00000000000000000 ) ) ;
#1523 = CC_DESIGN_DATE_AND_TIME_ASSIGNMENT ( #1248, #235, ( #1843 ) ) ;
#1524 = CARTESIAN_POINT ( 'NONE',  ( -2.000000000000000000, 37.00000000000000000, 840.0000000000001137 ) ) ;
#1525 = CARTESIAN_POINT ( 'NONE',  ( 10.00000000000000000, 37.00000000000000000, 840.0000000000001137 ) ) ;
#1526 = CIRCLE ( 'NONE', #1671, 2.999999999999999112 ) ;
#1527 = DIRECTION ( 'NONE',  ( 0.000000000000000000, -0.000000000000000000, 1.000000000000000000 ) ) ;
#1528 = EDGE_CURVE ( 'NONE', #968, #728, #452, .T. ) ;
#1529 = CARTESIAN_POINT ( 'NONE',  ( 1100.535543567313880, 765.0000000000001137, 30.00000000000002842 ) ) ;
#1530 = CARTESIAN_POINT ( 'NONE',  ( 2.000000000000001776, 28.99999999999999645, 840.0000000000001137 ) ) ;
#1531 = AXIS2_PLACEMENT_3D ( 'NONE', #61, #259, #2463 ) ;
#1532 = LINE ( 'NONE', #140, #2544 ) ;
#1533 = EDGE_LOOP ( 'NONE', ( #17, #1068, #787, #1710 ) ) ;
#1534 = PLANE ( 'NONE',  #1137 ) ;
#1535 = VECTOR ( 'NONE', #1169, 1000.000000000000000 ) ;
#1536 = VERTEX_POINT ( 'NONE', #536 ) ;
#1537 = COORDINATED_UNIVERSAL_TIME_OFFSET ( 8, 0, .AHEAD. ) ;
#1538 = CARTESIAN_POINT ( 'NONE',  ( -290.0000000000000568, 1169.999999999999318, 3.673940397442059178E-15 ) ) ;
#1539 = ORIENTED_EDGE ( 'NONE', *, *, #1987, .T. ) ;
#1540 = DIRECTION ( 'NONE',  ( 0.000000000000000000, 0.000000000000000000, -1.000000000000000000 ) ) ;
#1541 = PERSON_AND_ORGANIZATION ( #534, #1097 ) ;
#1542 = ORIENTED_EDGE ( 'NONE', *, *, #1516, .T. ) ;
#1543 = ORIENTED_EDGE ( 'NONE', *, *, #1252, .T. ) ;
#1544 = DIRECTION ( 'NONE',  ( 1.000000000000000000, 0.000000000000000000, 0.000000000000000000 ) ) ;
#1545 = CARTESIAN_POINT ( 'NONE',  ( 15.00000000000000000, 96.00000000000000000, 10.00000000000000000 ) ) ;
#1546 = ORIENTED_EDGE ( 'NONE', *, *, #2545, .T. ) ;
#1547 = EDGE_CURVE ( 'NONE', #1894, #494, #29, .T. ) ;
#1548 = ORIENTED_EDGE ( 'NONE', *, *, #1581, .T. ) ;
#1549 = VERTEX_POINT ( 'NONE', #939 ) ;
#1550 = DIRECTION ( 'NONE',  ( 0.000000000000000000, 1.000000000000000000, 6.001205538514358779E-17 ) ) ;
#1551 = ORIENTED_EDGE ( 'NONE', *, *, #1747, .T. ) ;
#1552 = DIRECTION ( 'NONE',  ( 1.000000000000000000, 0.000000000000000000, 0.000000000000000000 ) ) ;
#1553 = CARTESIAN_POINT ( 'NONE',  ( 260.0000000000000000, -160.0000000000001421, 435.0000000000000000 ) ) ;
#1554 = EDGE_CURVE ( 'NONE', #1073, #2446, #954, .T. ) ;
#1555 = CARTESIAN_POINT ( 'NONE',  ( -9.999999999999998224, 6.999999999999999112, 385.0000000000000000 ) ) ;
#1556 = CARTESIAN_POINT ( 'NONE',  ( 15.00000000000000000, 96.00000000000000000, 395.0000000000000000 ) ) ;
#1557 = DATE_AND_TIME ( #492, #402 ) ;
#1558 = ORIENTED_EDGE ( 'NONE', *, *, #829, .T. ) ;
#1559 = AXIS2_PLACEMENT_3D ( 'NONE', #1185, #1800, #1192 ) ;
#1560 = VECTOR ( 'NONE', #926, 1000.000000000000000 ) ;
#1561 = PRODUCT ( '板02', '板02', '', ( #1439 ) ) ;
#1562 = CARTESIAN_POINT ( 'NONE',  ( 4.999999999999997335, 37.00000000000000000, 385.0000000000000000 ) ) ;
#1563 = VECTOR ( 'NONE', #457, 1000.000000000000000 ) ;
#1564 = ITEM_DEFINED_TRANSFORMATION ( 'NONE', 'NONE', #353,  #2204 ) ;
#1565 = VECTOR ( 'NONE', #2060, 1000.000000000000000 ) ;
#1566 = FACE_OUTER_BOUND ( 'NONE', #751, .T. ) ;
#1567 = FACE_OUTER_BOUND ( 'NONE', #216, .T. ) ;
#1568 = PRODUCT_DEFINITION ( '未知', '', #2045, #661 ) ;
#1569 = LINE ( 'NONE', #2142, #66 ) ;
#1570 = VERTEX_POINT ( 'NONE', #729 ) ;
#1571 = COORDINATED_UNIVERSAL_TIME_OFFSET ( 8, 0, .AHEAD. ) ;
#1572 = DIRECTION ( 'NONE',  ( 0.000000000000000000, 1.000000000000000000, 0.000000000000000000 ) ) ;
#1573 = DIRECTION ( 'NONE',  ( -0.000000000000000000, -0.000000000000000000, -1.000000000000000000 ) ) ;
#1574 = VERTEX_POINT ( 'NONE', #918 ) ;
#1575 = DIRECTION ( 'NONE',  ( -1.000000000000000000, -2.312964634635742957E-16, 0.000000000000000000 ) ) ;
#1576 = ORIENTED_EDGE ( 'NONE', *, *, #313, .T. ) ;
#1577 = EDGE_CURVE ( 'NONE', #530, #912, #2357, .T. ) ;
#1578 = CARTESIAN_POINT ( 'NONE',  ( 12.99999999999995914, 2.000000000000000000, 840.0000000000001137 ) ) ;
#1579 = ORIENTED_EDGE ( 'NONE', *, *, #2429, .T. ) ;
#1580 = PLANE ( 'NONE',  #2280 ) ;
#1581 = EDGE_CURVE ( 'NONE', #224, #1767, #2442, .T. ) ;
#1582 = DIRECTION ( 'NONE',  ( -1.000000000000000000, 0.000000000000000000, 0.000000000000000000 ) ) ;
#1583 = VECTOR ( 'NONE', #1844, 1000.000000000000000 ) ;
#1584 = PLANE ( 'NONE',  #981 ) ;
#1585 = CC_DESIGN_SECURITY_CLASSIFICATION ( #1994, ( #2045 ) ) ;
#1586 = DIRECTION ( 'NONE',  ( 1.000000000000000000, 0.000000000000000000, 0.000000000000000000 ) ) ;
#1587 = AXIS2_PLACEMENT_3D ( 'NONE', #2124, #897, #317 ) ;
#1588 = DIRECTION ( 'NONE',  ( -1.000000000000000000, -0.000000000000000000, -0.000000000000000000 ) ) ;
#1589 = LINE ( 'NONE', #691, #1046 ) ;
#1590 = DIRECTION ( 'NONE',  ( 1.000000000000000000, 0.000000000000000000, -0.000000000000000000 ) ) ;
#1591 = EDGE_CURVE ( 'NONE', #2428, #1120, #1339, .T. ) ;
#1592 = DIRECTION ( 'NONE',  ( 0.000000000000000000, 1.000000000000000000, -0.000000000000000000 ) ) ;
#1593 = SHAPE_REPRESENTATION_RELATIONSHIP ( 'NONE' , 'NONE' ,  #509, #2440 ) ;
#1594 = CARTESIAN_POINT ( 'NONE',  ( -10.00000000000000000, 37.00000000000000000, 10.00000000000000000 ) ) ;
#1595 = EDGE_CURVE ( 'NONE', #1221, #1767, #1569, .T. ) ;
#1596 = CYLINDRICAL_SURFACE ( 'NONE', #333, 2.000000000000000000 ) ;
#1597 = ORIENTED_EDGE ( 'NONE', *, *, #178, .T. ) ;
#1598 = LOCAL_TIME ( 14, 14, 56.00000000000000000, #213 ) ;
#1599 = ADVANCED_FACE ( 'NONE', ( #2503 ), #2334, .F. ) ;
#1600 = ADVANCED_FACE ( 'NONE', ( #2556 ), #1143, .T. ) ;
#1601 = FACE_OUTER_BOUND ( 'NONE', #125, .T. ) ;
#1602 = ORIENTED_EDGE ( 'NONE', *, *, #783, .F. ) ;
#1603 = DATE_AND_TIME ( #651, #1476 ) ;
#1604 = DIRECTION ( 'NONE',  ( 0.000000000000000000, 0.000000000000000000, 1.000000000000000000 ) ) ;
#1605 = COORDINATED_UNIVERSAL_TIME_OFFSET ( 8, 0, .AHEAD. ) ;
#1606 = CARTESIAN_POINT ( 'NONE',  ( -290.0000000000001137, -1199.999999999999773, 0.000000000000000000 ) ) ;
#1607 = DIRECTION ( 'NONE',  ( -0.000000000000000000, 0.000000000000000000, -1.000000000000000000 ) ) ;
#1608 = EDGE_LOOP ( 'NONE', ( #696, #2378, #2427, #1196 ) ) ;
#1609 = ORIENTED_EDGE ( 'NONE', *, *, #2120, .T. ) ;
#1610 = CARTESIAN_POINT ( 'NONE',  ( 15.00000000000000000, 3.000000000000000000, 385.0000000000000000 ) ) ;
#1611 = CARTESIAN_POINT ( 'NONE',  ( -55.68457252124208168, -300.9199186991866668, -685.0000000000000000 ) ) ;
#1612 = DIRECTION ( 'NONE',  ( 0.000000000000000000, -0.000000000000000000, -1.000000000000000000 ) ) ;
#1613 = ADVANCED_FACE ( 'NONE', ( #1511 ), #1157, .T. ) ;
#1614 = EDGE_CURVE ( 'NONE', #538, #1380, #870, .T. ) ;
#1615 = EDGE_LOOP ( 'NONE', ( #815, #1543, #1175, #505 ) ) ;
#1616 = ORIENTED_EDGE ( 'NONE', *, *, #1778, .T. ) ;
#1617 = APPROVAL_ROLE ( '' ) ;
#1618 = ORIENTED_EDGE ( 'NONE', *, *, #884, .T. ) ;
#1619 = CARTESIAN_POINT ( 'NONE',  ( 12.00000000000000000, 0.000000000000000000, 10.00000000000000000 ) ) ;
#1620 = ORIENTED_EDGE ( 'NONE', *, *, #2245, .T. ) ;
#1621 = CARTESIAN_POINT ( 'NONE',  ( -15.00000000000003730, 0.000000000000000000, 0.000000000000000000 ) ) ;
#1622 = AXIS2_PLACEMENT_3D ( 'NONE', #1830, #785, #614 ) ;
#1623 = PLANE ( 'NONE',  #298 ) ;
#1624 = CARTESIAN_POINT ( 'NONE',  ( -15.00000000000003730, 2.000000000000001776, 840.0000000000001137 ) ) ;
#1625 = ADVANCED_FACE ( 'NONE', ( #1601 ), #979, .T. ) ;
#1626 =( NAMED_UNIT ( * ) PLANE_ANGLE_UNIT ( ) SI_UNIT ( $, .RADIAN. ) );
#1627 = VECTOR ( 'NONE', #2151, 1000.000000000000000 ) ;
#1628 = EDGE_CURVE ( 'NONE', #1965, #1016, #1371, .T. ) ;
#1629 = DIRECTION ( 'NONE',  ( -1.000000000000000000, 0.000000000000000000, 0.000000000000000000 ) ) ;
#1630 = DIRECTION ( 'NONE',  ( 0.000000000000000000, -1.000000000000000000, 0.000000000000000000 ) ) ;
#1631 = VECTOR ( 'NONE', #238, 1000.000000000000000 ) ;
#1632 = CALENDAR_DATE ( 2026, 2, 6 ) ;
#1633 = FACE_OUTER_BOUND ( 'NONE', #2349, .T. ) ;
#1634 = VERTEX_POINT ( 'NONE', #389 ) ;
#1635 = VECTOR ( 'NONE', #1008, 1000.000000000000000 ) ;
#1636 = EDGE_CURVE ( 'NONE', #1129, #2423, #2074, .T. ) ;
#1637 = COORDINATED_UNIVERSAL_TIME_OFFSET ( 8, 0, .AHEAD. ) ;
#1638 = CARTESIAN_POINT ( 'NONE',  ( 14.99999999999996092, 0.000000000000000000, 0.000000000000000000 ) ) ;
#1639 = ORIENTED_EDGE ( 'NONE', *, *, #829, .F. ) ;
#1640 = APPROVAL_STATUS ( 'not_yet_approved' ) ;
#1641 = CC_DESIGN_SECURITY_CLASSIFICATION ( #1091, ( #2591 ) ) ;
#1642 = ORIENTED_EDGE ( 'NONE', *, *, #428, .F. ) ;
#1643 = ORIENTED_EDGE ( 'NONE', *, *, #2398, .F. ) ;
#1644 = DIRECTION ( 'NONE',  ( 1.000000000000000000, 0.000000000000000000, 0.000000000000000000 ) ) ;
#1645 = ADVANCED_FACE ( 'NONE', ( #1025 ), #498, .T. ) ;
#1646 = VERTEX_POINT ( 'NONE', #1977 ) ;
#1647 = CARTESIAN_POINT ( 'NONE',  ( 260.0000000000000000, 287.4999999999999432, 30.00000000000002842 ) ) ;
#1648 = MECHANICAL_CONTEXT ( 'NONE', #1793, 'mechanical' ) ;
#1649 = FACE_OUTER_BOUND ( 'NONE', #941, .T. ) ;
#1650 = FACE_OUTER_BOUND ( 'NONE', #104, .T. ) ;
#1651 = CARTESIAN_POINT ( 'NONE',  ( 15.00000000000000000, 3.000000000000000000, 10.00000000000000000 ) ) ;
#1652 = EDGE_CURVE ( 'NONE', #658, #1799, #467, .T. ) ;
#1653 = AXIS2_PLACEMENT_3D ( 'NONE', #1525, #1575, #2354 ) ;
#1654 = ORIENTED_EDGE ( 'NONE', *, *, #1763, .T. ) ;
#1655 = DATE_TIME_ROLE ( 'creation_date' ) ;
#1656 = CARTESIAN_POINT ( 'NONE',  ( -290.0000000000001137, 795.0000000000001137, 30.00000000000000000 ) ) ;
#1657 = DIRECTION ( 'NONE',  ( 0.000000000000000000, 0.000000000000000000, -1.000000000000000000 ) ) ;
#1658 = PRODUCT_DEFINITION_FORMATION_WITH_SPECIFIED_SOURCE ( '任何', '', #1957, .NOT_KNOWN. ) ;
#1659 = DIRECTION ( 'NONE',  ( 0.000000000000000000, 2.643388153869421297E-16, -1.000000000000000000 ) ) ;
#1660 = PLANE ( 'NONE',  #2364 ) ;
#1661 = APPROVAL_STATUS ( 'not_yet_approved' ) ;
#1662 = CIRCLE ( 'NONE', #2302, 2.000000000000000000 ) ;
#1663 = ORIENTED_EDGE ( 'NONE', *, *, #445, .T. ) ;
#1664 = PERSON_AND_ORGANIZATION ( #534, #1097 ) ;
#1665 = EDGE_CURVE ( 'NONE', #1120, #1381, #585, .T. ) ;
#1666 = DIRECTION ( 'NONE',  ( 1.000000000000000000, 0.000000000000000000, 0.000000000000000000 ) ) ;
#1667 = VECTOR ( 'NONE', #788, 1000.000000000000000 ) ;
#1668 = EDGE_LOOP ( 'NONE', ( #1760, #1289, #723, #622, #1558, #925 ) ) ;
#1669 = PERSON_AND_ORGANIZATION ( #534, #1097 ) ;
#1670 = CARTESIAN_POINT ( 'NONE',  ( -1.999999999999999112, 28.99999999999999645, 830.0000000000001137 ) ) ;
#1671 = AXIS2_PLACEMENT_3D ( 'NONE', #2291, #2103, #1084 ) ;
#1672 = VERTEX_POINT ( 'NONE', #791 ) ;
#1673 = DIRECTION ( 'NONE',  ( -1.000000000000000000, 0.000000000000000000, 0.000000000000000000 ) ) ;
#1674 = EDGE_LOOP ( 'NONE', ( #624, #1229, #2221, #450 ) ) ;
#1675 = PERSON_AND_ORGANIZATION_ROLE ( 'creator' ) ;
#1676 = AXIS2_PLACEMENT_3D ( 'NONE', #1611, #2392, #2230 ) ;
#1677 = DATE_TIME_ROLE ( 'classification_date' ) ;
#1678 = PLANE ( 'NONE',  #200 ) ;
#1679 = ORIENTED_EDGE ( 'NONE', *, *, #2087, .T. ) ;
#1680 = DIRECTION ( 'NONE',  ( 0.000000000000000000, 0.000000000000000000, -1.000000000000000000 ) ) ;
#1681 = ADVANCED_FACE ( 'NONE', ( #2469 ), #545, .T. ) ;
#1682 = CARTESIAN_POINT ( 'NONE',  ( -15.00000000000003730, 2.000000000000000444, 10.00000000000000000 ) ) ;
#1683 = DIRECTION ( 'NONE',  ( -1.000000000000000000, 0.000000000000000000, 0.000000000000000000 ) ) ;
#1684 = EDGE_CURVE ( 'NONE', #1391, #529, #124, .T. ) ;
#1685 = AXIS2_PLACEMENT_3D ( 'NONE', #2489, #516, #724 ) ;
#1686 = CARTESIAN_POINT ( 'NONE',  ( 12.99999999999995914, 0.000000000000000000, 0.000000000000000000 ) ) ;
#1687 = CARTESIAN_POINT ( 'NONE',  ( -15.00000000000000000, 96.00000000000000000, 10.00000000000000000 ) ) ;
#1688 = DIRECTION ( 'NONE',  ( 0.000000000000000000, 0.000000000000000000, 1.000000000000000000 ) ) ;
#1689 = CARTESIAN_POINT ( 'NONE',  ( 289.9999999999999432, 1200.000000000000227, 0.000000000000000000 ) ) ;
#1690 = VECTOR ( 'NONE', #1725, 1000.000000000000000 ) ;
#1691 = ORIENTED_EDGE ( 'NONE', *, *, #884, .F. ) ;
#1692 = LINE ( 'NONE', #1651, #1440 ) ;
#1693 = CALENDAR_DATE ( 2026, 2, 6 ) ;
#1694 = FACE_OUTER_BOUND ( 'NONE', #1674, .T. ) ;
#1695 = FACE_OUTER_BOUND ( 'NONE', #2018, .T. ) ;
#1696 = DIRECTION ( 'NONE',  ( 0.000000000000000000, -1.000000000000000000, -2.467162276944792422E-16 ) ) ;
#1697 = VECTOR ( 'NONE', #1118, 1000.000000000000000 ) ;
#1698 = PERSON_AND_ORGANIZATION ( #534, #1097 ) ;
#1699 = ORIENTED_EDGE ( 'NONE', *, *, #2021, .T. ) ;
#1700 = CARTESIAN_POINT ( 'NONE',  ( -10.00000000000000178, 37.00000000000000000, 385.0000000000000000 ) ) ;
#1701 = EDGE_CURVE ( 'NONE', #2450, #411, #31, .T. ) ;
#1702 = DIRECTION ( 'NONE',  ( -1.000000000000000000, 0.000000000000000000, 0.000000000000000000 ) ) ;
#1703 = CARTESIAN_POINT ( 'NONE',  ( 4.999999999999997335, 32.00000000000000000, 385.0000000000000000 ) ) ;
#1704 = ADVANCED_FACE ( 'NONE', ( #842 ), #770, .F. ) ;
#1705 = ADVANCED_FACE ( 'NONE', ( #2377 ), #380, .F. ) ;
#1706 = EDGE_LOOP ( 'NONE', ( #2330, #387, #617, #155 ) ) ;
#1707 = CARTESIAN_POINT ( 'NONE',  ( 15.00000000000000000, 3.000000000000000000, 395.0000000000000000 ) ) ;
#1708 = PRODUCT_RELATED_PRODUCT_CATEGORY ( 'detail', '', ( #1561 ) ) ;
#1709 = CARTESIAN_POINT ( 'NONE',  ( 14.99999999999998757, 96.00000000000000000, 10.00000000000000000 ) ) ;
#1710 = ORIENTED_EDGE ( 'NONE', *, *, #1547, .F. ) ;
#1711 = CARTESIAN_POINT ( 'NONE',  ( -15.00000000000000000, 3.000000000000000000, 395.0000000000000000 ) ) ;
#1712 = LINE ( 'NONE', #1485, #44 ) ;
#1713 = DIRECTION ( 'NONE',  ( 0.000000000000000000, 0.000000000000000000, 1.000000000000000000 ) ) ;
#1714 = VECTOR ( 'NONE', #702, 1000.000000000000000 ) ;
#1715 = FACE_OUTER_BOUND ( 'NONE', #146, .T. ) ;
#1716 = VERTEX_POINT ( 'NONE', #1387 ) ;
#1717 = DIRECTION ( 'NONE',  ( 0.000000000000000000, 1.000000000000000000, 0.000000000000000000 ) ) ;
#1718 = EDGE_CURVE ( 'NONE', #2324, #256, #809, .T. ) ;
#1719 = DIRECTION ( 'NONE',  ( -2.312964634635742957E-16, 1.000000000000000000, 0.000000000000000000 ) ) ;
#1720 = CARTESIAN_POINT ( 'NONE',  ( 259.9999999999998863, 795.0000000000001137, 30.00000000000000000 ) ) ;
#1721 = DIRECTION ( 'NONE',  ( -1.000000000000000000, 0.000000000000000000, 0.000000000000000000 ) ) ;
#1722 = ADVANCED_FACE ( 'NONE', ( #649 ), #413, .T. ) ;
#1723 = EDGE_CURVE ( 'NONE', #275, #968, #1448, .T. ) ;
#1724 = DIRECTION ( 'NONE',  ( -1.000000000000000000, 0.000000000000000000, 0.000000000000000000 ) ) ;
#1725 = DIRECTION ( 'NONE',  ( -0.000000000000000000, -0.000000000000000000, 1.000000000000000000 ) ) ;
#1726 = VECTOR ( 'NONE', #1899, 1000.000000000000000 ) ;
#1727 = ORIENTED_EDGE ( 'NONE', *, *, #2003, .T. ) ;
#1728 = DATE_AND_TIME ( #741, #1278 ) ;
#1729 = DIRECTION ( 'NONE',  ( -0.000000000000000000, 0.000000000000000000, -1.000000000000000000 ) ) ;
#1730 = VECTOR ( 'NONE', #984, 1000.000000000000000 ) ;
#1731 = ORIENTED_EDGE ( 'NONE', *, *, #253, .T. ) ;
#1732 = PERSON_AND_ORGANIZATION ( #534, #1097 ) ;
#1733 = ORIENTED_EDGE ( 'NONE', *, *, #1385, .T. ) ;
#1734 = DIRECTION ( 'NONE',  ( 0.000000000000000000, 1.000000000000000000, -0.000000000000000000 ) ) ;
#1735 = EDGE_CURVE ( 'NONE', #2099, #709, #1308, .T. ) ;
#1736 = DIRECTION ( 'NONE',  ( 0.000000000000000000, -0.000000000000000000, 1.000000000000000000 ) ) ;
#1737 = ORIENTED_EDGE ( 'NONE', *, *, #1591, .F. ) ;
#1738 = ORIENTED_EDGE ( 'NONE', *, *, #2242, .F. ) ;
#1739 = DIRECTION ( 'NONE',  ( 0.000000000000000000, -1.000000000000000000, 0.000000000000000000 ) ) ;
#1740 = LINE ( 'NONE', #1687, #919 ) ;
#1741 = DIRECTION ( 'NONE',  ( -1.000000000000000000, 0.000000000000000000, 0.000000000000000000 ) ) ;
#1742 = CARTESIAN_POINT ( 'NONE',  ( 289.9999999999998863, -1199.999999999999773, 0.000000000000000000 ) ) ;
#1743 = ORIENTED_EDGE ( 'NONE', *, *, #160, .T. ) ;
#1744 = LINE ( 'NONE', #1488, #571 ) ;
#1745 = DIRECTION ( 'NONE',  ( 0.000000000000000000, 1.000000000000000000, -0.000000000000000000 ) ) ;
#1746 = ORIENTED_EDGE ( 'NONE', *, *, #2136, .T. ) ;
#1747 = EDGE_CURVE ( 'NONE', #916, #2436, #371, .T. ) ;
#1748 = DIRECTION ( 'NONE',  ( -1.000000000000000000, 0.000000000000000000, 0.000000000000000000 ) ) ;
#1749 = CIRCLE ( 'NONE', #486, 8.000000000000000000 ) ;
#1750 = AXIS2_PLACEMENT_3D ( 'NONE', #190, #24, #385 ) ;
#1751 = EDGE_LOOP ( 'NONE', ( #1265, #928, #1153, #2266 ) ) ;
#1752 = FACE_OUTER_BOUND ( 'NONE', #1533, .T. ) ;
#1753 = LOCAL_TIME ( 14, 14, 56.00000000000000000, #520 ) ;
#1754 = VECTOR ( 'NONE', #1659, 1000.000000000000000 ) ;
#1755 = DIRECTION ( 'NONE',  ( 0.000000000000000000, -2.643388153869421297E-16, 1.000000000000000000 ) ) ;
#1756 = ORIENTED_EDGE ( 'NONE', *, *, #2116, .T. ) ;
#1757 = VECTOR ( 'NONE', #55, 1000.000000000000000 ) ;
#1758 = CARTESIAN_POINT ( 'NONE',  ( 12.00000000000000000, 3.000000000000000000, 395.0000000000000000 ) ) ;
#1759 = DATE_AND_TIME ( #2288, #1949 ) ;
#1760 = ORIENTED_EDGE ( 'NONE', *, *, #1466, .T. ) ;
#1761 = SHAPE_REPRESENTATION ( '05', ( #2204 ), #1860 ) ;
#1762 = ORIENTED_EDGE ( 'NONE', *, *, #817, .F. ) ;
#1763 = EDGE_CURVE ( 'NONE', #728, #820, #1788, .T. ) ;
#1764 = ORIENTED_EDGE ( 'NONE', *, *, #1581, .F. ) ;
#1765 = FACE_OUTER_BOUND ( 'NONE', #2459, .T. ) ;
#1766 = DIRECTION ( 'NONE',  ( -0.000000000000000000, -1.000000000000000000, -0.000000000000000000 ) ) ;
#1767 = VERTEX_POINT ( 'NONE', #1010 ) ;
#1768 = EDGE_CURVE ( 'NONE', #665, #999, #2049, .T. ) ;
#1769 = CARTESIAN_POINT ( 'NONE',  ( 2.000000000000001776, 37.00000000000000000, 10.00000000000000000 ) ) ;
#1770 = CARTESIAN_POINT ( 'NONE',  ( -290.0000000000001137, 287.4999999999999432, 30.00000000000002842 ) ) ;
#1771 = CC_DESIGN_SECURITY_CLASSIFICATION ( #1888, ( #2589 ) ) ;
#1772 = LINE ( 'NONE', #1407, #1897 ) ;
#1773 = ORIENTED_EDGE ( 'NONE', *, *, #1238, .F. ) ;
#1774 = CARTESIAN_POINT ( 'NONE',  ( 2.000000000000001776, 37.00000000000000000, 840.0000000000001137 ) ) ;
#1775 = DIRECTION ( 'NONE',  ( 0.000000000000000000, -1.000000000000000000, 0.000000000000000000 ) ) ;
#1776 = ORIENTED_EDGE ( 'NONE', *, *, #610, .T. ) ;
#1777 = DIRECTION ( 'NONE',  ( 0.000000000000000000, 0.000000000000000000, 1.000000000000000000 ) ) ;
#1778 = EDGE_CURVE ( 'NONE', #912, #538, #1474, .T. ) ;
#1779 = CARTESIAN_POINT ( 'NONE',  ( -290.0000000000003411, 1199.999999999999545, 869.9999999999998863 ) ) ;
#1780 = VERTEX_POINT ( 'NONE', #1809 ) ;
#1781 = AXIS2_PLACEMENT_3D ( 'NONE', #1998, #1182, #2563 ) ;
#1782 = PRODUCT ( '05', '05', '', ( #1648 ) ) ;
#1783 = LINE ( 'NONE', #1057, #1243 ) ;
#1784 = PERSON_AND_ORGANIZATION ( #534, #1097 ) ;
#1785 = DIRECTION ( 'NONE',  ( 0.000000000000000000, -0.000000000000000000, 1.000000000000000000 ) ) ;
#1786 = VECTOR ( 'NONE', #1111, 1000.000000000000000 ) ;
#1787 = APPROVAL ( #1840, '未指定' ) ;
#1788 = LINE ( 'NONE', #1220, #2407 ) ;
#1789 = EDGE_LOOP ( 'NONE', ( #1827, #1475, #2140, #1138, #678, #1413 ) ) ;
#1790 = COORDINATED_UNIVERSAL_TIME_OFFSET ( 8, 0, .AHEAD. ) ;
#1791 = DATE_AND_TIME ( #718, #526 ) ;
#1792 = DIRECTION ( 'NONE',  ( 1.000000000000000000, 0.000000000000000000, -0.000000000000000000 ) ) ;
#1793 = APPLICATION_CONTEXT ( 'configuration controlled 3d designs of mechanical parts and assemblies' ) ;
#1794 = ORIENTED_EDGE ( 'NONE', *, *, #1684, .F. ) ;
#1795 = CARTESIAN_POINT ( 'NONE',  ( 259.9999999999998863, 1199.999999999999545, 900.0000000000000000 ) ) ;
#1796 = EDGE_LOOP ( 'NONE', ( #2305, #478, #2509, #2129 ) ) ;
#1797 = EDGE_CURVE ( 'NONE', #1361, #860, #248, .T. ) ;
#1798 = DIRECTION ( 'NONE',  ( -1.000000000000000000, 0.000000000000000000, 0.000000000000000000 ) ) ;
#1799 = VERTEX_POINT ( 'NONE', #995 ) ;
#1800 = DIRECTION ( 'NONE',  ( 0.000000000000000000, 0.000000000000000000, 1.000000000000000000 ) ) ;
#1801 = AXIS2_PLACEMENT_3D ( 'NONE', #576, #2191, #2168 ) ;
#1802 = DIRECTION ( 'NONE',  ( 1.156482317317871478E-16, -1.000000000000000000, 0.000000000000000000 ) ) ;
#1803 = FACE_BOUND ( 'NONE', #2419, .T. ) ;
#1804 = DIRECTION ( 'NONE',  ( 0.000000000000000000, -1.000000000000000000, 0.000000000000000000 ) ) ;
#1805 = CC_DESIGN_DATE_AND_TIME_ASSIGNMENT ( #899, #41, ( #1227 ) ) ;
#1806 = PRODUCT_DEFINITION ( '未知', '', #1306, #330 ) ;
#1807 = PRODUCT_DEFINITION_SHAPE ( 'NONE', 'NONE',  #2589 ) ;
#1808 = CARTESIAN_POINT ( 'NONE',  ( 10.00000000000000711, 7.000000000000000000, 830.0000000000001137 ) ) ;
#1809 = CARTESIAN_POINT ( 'NONE',  ( 259.9999999999998863, 794.9999999999998863, 869.9999999999998863 ) ) ;
#1810 = LINE ( 'NONE', #1518, #2519 ) ;
#1811 = DIRECTION ( 'NONE',  ( 0.000000000000000000, -1.000000000000000000, 0.000000000000000000 ) ) ;
#1812 = CARTESIAN_POINT ( 'NONE',  ( -290.0000000000001137, -160.0000000000001421, 30.00000000000000000 ) ) ;
#1813 = EDGE_CURVE ( 'NONE', #820, #2394, #714, .T. ) ;
#1814 = VECTOR ( 'NONE', #1891, 1000.000000000000000 ) ;
#1815 = FACE_OUTER_BOUND ( 'NONE', #1423, .T. ) ;
#1816 = LINE ( 'NONE', #230, #1277 ) ;
#1817 = ORIENTED_EDGE ( 'NONE', *, *, #395, .T. ) ;
#1818 = APPROVAL_DATE_TIME ( #64, #1392 ) ;
#1819 = APPROVAL ( #1031, 'UNKNOWN' ) ;
#1820 = AXIS2_PLACEMENT_3D ( 'NONE', #712, #2130, #1544 ) ;
#1821 = ORIENTED_EDGE ( 'NONE', *, *, #171, .T. ) ;
#1822 = LINE ( 'NONE', #1825, #1150 ) ;
#1823 = LINE ( 'NONE', #940, #2437 ) ;
#1824 = DIRECTION ( 'NONE',  ( 0.000000000000000000, -1.000000000000000000, 0.000000000000000000 ) ) ;
#1825 = CARTESIAN_POINT ( 'NONE',  ( 1100.535543567313880, -190.0000000000001705, 30.00000000000000000 ) ) ;
#1826 = CARTESIAN_POINT ( 'NONE',  ( 1282.179044981846573, -160.0000000000001421, 464.9999999999999432 ) ) ;
#1827 = ORIENTED_EDGE ( 'NONE', *, *, #1238, .T. ) ;
#1828 = VERTEX_POINT ( 'NONE', #1415 ) ;
#1829 = VECTOR ( 'NONE', #1499, 1000.000000000000000 ) ;
#1830 = CARTESIAN_POINT ( 'NONE',  ( -40.68457252124202483, -14.91991869918654601, -715.0000000000000000 ) ) ;
#1831 = ORIENTED_EDGE ( 'NONE', *, *, #2523, .T. ) ;
#1832 = DIRECTION ( 'NONE',  ( -1.000000000000000000, 2.710505431213761085E-16, 0.000000000000000000 ) ) ;
#1833 = DIRECTION ( 'NONE',  ( 0.000000000000000000, 0.000000000000000000, 1.000000000000000000 ) ) ;
#1834 = EDGE_CURVE ( 'NONE', #260, #242, #434, .T. ) ;
#1835 = ORIENTED_EDGE ( 'NONE', *, *, #1165, .F. ) ;
#1836 = VECTOR ( 'NONE', #423, 1000.000000000000000 ) ;
#1837 = VERTEX_POINT ( 'NONE', #976 ) ;
#1838 = DIRECTION ( 'NONE',  ( 1.000000000000000000, 0.000000000000000000, -0.000000000000000000 ) ) ;
#1839 = AXIS2_PLACEMENT_3D ( 'NONE', #863, #472, #2063 ) ;
#1840 = APPROVAL_STATUS ( 'not_yet_approved' ) ;
#1841 = VERTEX_POINT ( 'NONE', #2388 ) ;
#1842 = CARTESIAN_POINT ( 'NONE',  ( 12.99999999999995914, 2.000000000000000000, 830.0000000000001137 ) ) ;
#1843 = PRODUCT_DEFINITION ( '未知', '', #1658, #537 ) ;
#1844 = DIRECTION ( 'NONE',  ( 2.710505431213761085E-16, 1.000000000000000000, 0.000000000000000000 ) ) ;
#1845 = PERSON_AND_ORGANIZATION_ROLE ( 'design_owner' ) ;
#1846 = VECTOR ( 'NONE', #2533, 1000.000000000000000 ) ;
#1847 = EDGE_CURVE ( 'NONE', #2428, #1325, #2193, .T. ) ;
#1848 = DIRECTION ( 'NONE',  ( -0.000000000000000000, 0.000000000000000000, -1.000000000000000000 ) ) ;
#1849 = ADVANCED_FACE ( 'NONE', ( #2526 ), #2575, .F. ) ;
#1850 = CIRCLE ( 'NONE', #1228, 5.000000000000000000 ) ;
#1851 = COORDINATED_UNIVERSAL_TIME_OFFSET ( 8, 0, .AHEAD. ) ;
#1852 = EDGE_CURVE ( 'NONE', #1570, #3, #1402, .T. ) ;
#1853 = FACE_OUTER_BOUND ( 'NONE', #99, .T. ) ;
#1854 = VECTOR ( 'NONE', #1766, 1000.000000000000000 ) ;
#1855 = CARTESIAN_POINT ( 'NONE',  ( 12.99999999999995914, 0.000000000000000000, 830.0000000000001137 ) ) ;
#1856 = VERTEX_POINT ( 'NONE', #2375 ) ;
#1857 = DATE_AND_TIME ( #2379, #2319 ) ;
#1858 = PERSON_AND_ORGANIZATION_ROLE ( 'creator' ) ;
#1859 = CC_DESIGN_DATE_AND_TIME_ASSIGNMENT ( #93, #2066, ( #1888 ) ) ;
#1860 =( GEOMETRIC_REPRESENTATION_CONTEXT ( 3 ) GLOBAL_UNCERTAINTY_ASSIGNED_CONTEXT ( ( #2093 ) ) GLOBAL_UNIT_ASSIGNED_CONTEXT ( ( #794, #813, #591 ) ) REPRESENTATION_CONTEXT ( 'NONE', 'WORKASPACE' ) );
#1861 = DIRECTION ( 'NONE',  ( 1.156482317317871478E-16, -1.000000000000000000, 0.000000000000000000 ) ) ;
#1862 = CARTESIAN_POINT ( 'NONE',  ( 259.9999999999998863, -160.0000000000001421, 30.00000000000000000 ) ) ;
#1863 = ORIENTED_EDGE ( 'NONE', *, *, #35, .T. ) ;
#1864 = DIRECTION ( 'NONE',  ( 1.000000000000000000, 0.000000000000000000, 0.000000000000000000 ) ) ;
#1865 = ORIENTED_EDGE ( 'NONE', *, *, #1405, .T. ) ;
#1866 = SECURITY_CLASSIFICATION_LEVEL ( 'unclassified' ) ;
#1867 = LINE ( 'NONE', #1082, #824 ) ;
#1868 = CARTESIAN_POINT ( 'NONE',  ( 259.9999999999998863, 0.000000000000000000, 0.000000000000000000 ) ) ;
#1869 = PLANE ( 'NONE',  #563 ) ;
#1870 = EDGE_CURVE ( 'NONE', #2534, #36, #1122, .T. ) ;
#1871 = ORIENTED_EDGE ( 'NONE', *, *, #1921, .F. ) ;
#1872 = SHAPE_REPRESENTATION ( '板02', ( #2204 ), #405 ) ;
#1873 = ORIENTED_EDGE ( 'NONE', *, *, #360, .F. ) ;
#1874 = APPLICATION_PROTOCOL_DEFINITION ( 'international standard', 'config_control_design', 1994, #392 ) ;
#1875 = FACE_OUTER_BOUND ( 'NONE', #368, .T. ) ;
#1876 = CARTESIAN_POINT ( 'NONE',  ( 1282.179044981846573, 317.4999999999999432, 435.0000000000000000 ) ) ;
#1877 = PERSON_AND_ORGANIZATION_ROLE ( 'classification_officer' ) ;
#1878 = LINE ( 'NONE', #2276, #1335 ) ;
#1879 = EDGE_CURVE ( 'NONE', #734, #650, #180, .T. ) ;
#1880 = VECTOR ( 'NONE', #208, 1000.000000000000000 ) ;
#1881 = APPROVAL_PERSON_ORGANIZATION ( #2445, #1433, #1052 ) ;
#1882 = VECTOR ( 'NONE', #1833, 1000.000000000000000 ) ;
#1883 = LOCAL_TIME ( 14, 14, 56.00000000000000000, #1637 ) ;
#1884 = EDGE_LOOP ( 'NONE', ( #455, #354, #1340, #1865 ) ) ;
#1885 = CARTESIAN_POINT ( 'NONE',  ( -9.999999999999998224, 28.99999999999999645, 830.0000000000001137 ) ) ;
#1886 = LINE ( 'NONE', #2108, #2475 ) ;
#1887 = ORIENTED_EDGE ( 'NONE', *, *, #2185, .T. ) ;
#1888 = SECURITY_CLASSIFICATION ( '', '', #1487 ) ;
#1889 = VECTOR ( 'NONE', #1160, 1000.000000000000000 ) ;
#1890 = DIRECTION ( 'NONE',  ( 1.000000000000000000, 1.156482317317871232E-16, -0.000000000000000000 ) ) ;
#1891 = DIRECTION ( 'NONE',  ( -1.000000000000000000, 0.000000000000000000, 0.000000000000000000 ) ) ;
#1892 = PRODUCT_DEFINITION_SHAPE ( 'NONE', 'NONE',  #1568 ) ;
#1893 = CARTESIAN_POINT ( 'NONE',  ( -290.0000000000001137, -190.0000000000001705, 30.00000000000000000 ) ) ;
#1894 = VERTEX_POINT ( 'NONE', #1195 ) ;
#1895 = DIRECTION ( 'NONE',  ( 1.000000000000000000, 0.000000000000000000, -0.000000000000000000 ) ) ;
#1896 = EDGE_CURVE ( 'NONE', #1381, #494, #992, .T. ) ;
#1897 = VECTOR ( 'NONE', #599, 1000.000000000000000 ) ;
#1898 = ORIENTED_EDGE ( 'NONE', *, *, #346, .F. ) ;
#1899 = DIRECTION ( 'NONE',  ( 0.000000000000000000, -1.000000000000000000, -6.001205538514360011E-17 ) ) ;
#1900 = VERTEX_POINT ( 'NONE', #4 ) ;
#1901 = CARTESIAN_POINT ( 'NONE',  ( 259.9999999999998863, 0.000000000000000000, 0.000000000000000000 ) ) ;
#1902 = ADVANCED_FACE ( 'NONE', ( #2013 ), #1986, .T. ) ;
#1903 = EDGE_CURVE ( 'NONE', #1536, #1894, #1245, .T. ) ;
#1904 = VECTOR ( 'NONE', #1804, 1000.000000000000000 ) ;
#1905 = CC_DESIGN_APPROVAL ( #1819, ( #1091 ) ) ;
#1906 = AXIS2_PLACEMENT_3D ( 'NONE', #602, #1785, #2010 ) ;
#1907 = CARTESIAN_POINT ( 'NONE',  ( 1282.179044981846573, 765.0000000000000000, 435.0000000000000000 ) ) ;
#1908 = CARTESIAN_POINT ( 'NONE',  ( 0.000000000000000000, 0.000000000000000000, 869.9999999999998863 ) ) ;
#1909 = LINE ( 'NONE', #927, #2217 ) ;
#1910 = ORIENTED_EDGE ( 'NONE', *, *, #1636, .F. ) ;
#1911 = FACE_OUTER_BOUND ( 'NONE', #1164, .T. ) ;
#1912 = VECTOR ( 'NONE', #1702, 1000.000000000000000 ) ;
#1913 = CALENDAR_DATE ( 2026, 2, 6 ) ;
#1914 = COORDINATED_UNIVERSAL_TIME_OFFSET ( 8, 0, .AHEAD. ) ;
#1915 = ADVANCED_FACE ( 'NONE', ( #2586 ), #805, .T. ) ;
#1916 = CARTESIAN_POINT ( 'NONE',  ( 259.9999999999998863, 0.000000000000000000, 869.9999999999998863 ) ) ;
#1917 = VECTOR ( 'NONE', #2321, 1000.000000000000000 ) ;
#1918 = ORIENTED_EDGE ( 'NONE', *, *, #1987, .F. ) ;
#1919 = DATE_AND_TIME ( #1984, #2505 ) ;
#1920 = CARTESIAN_POINT ( 'NONE',  ( 2.000000000000001776, 37.00000000000000000, 830.0000000000001137 ) ) ;
#1921 = EDGE_CURVE ( 'NONE', #1279, #1828, #1850, .T. ) ;
#1922 = DIRECTION ( 'NONE',  ( -1.000000000000000000, 0.000000000000000000, 0.000000000000000000 ) ) ;
#1923 = PLANE ( 'NONE',  #1935 ) ;
#1924 = ORIENTED_EDGE ( 'NONE', *, *, #633, .T. ) ;
#1925 = AXIS2_PLACEMENT_3D ( 'NONE', #1014, #1848, #1432 ) ;
#1926 = ORIENTED_EDGE ( 'NONE', *, *, #920, .F. ) ;
#1927 = CC_DESIGN_PERSON_AND_ORGANIZATION_ASSIGNMENT ( #1124, #2080, ( #1658 ) ) ;
#1928 = ORIENTED_EDGE ( 'NONE', *, *, #143, .T. ) ;
#1929 = DIRECTION ( 'NONE',  ( 1.000000000000000000, 0.000000000000000000, 0.000000000000000000 ) ) ;
#1930 = CARTESIAN_POINT ( 'NONE',  ( -15.00000000000000000, 96.00000000000000000, 395.0000000000000000 ) ) ;
#1931 = EDGE_CURVE ( 'NONE', #1131, #515, #708, .T. ) ;
#1932 = CARTESIAN_POINT ( 'NONE',  ( -15.00000000000003730, 0.000000000000000000, 840.0000000000001137 ) ) ;
#1933 = FACE_OUTER_BOUND ( 'NONE', #1282, .T. ) ;
#1934 = CARTESIAN_POINT ( 'NONE',  ( -13.00000000000003730, 2.000000000000000000, 10.00000000000000000 ) ) ;
#1935 = AXIS2_PLACEMENT_3D ( 'NONE', #1908, #307, #1721 ) ;
#1936 = FACE_OUTER_BOUND ( 'NONE', #937, .T. ) ;
#1937 =( GEOMETRIC_REPRESENTATION_CONTEXT ( 3 ) GLOBAL_UNCERTAINTY_ASSIGNED_CONTEXT ( ( #1431 ) ) GLOBAL_UNIT_ASSIGNED_CONTEXT ( ( #2192, #1226, #1012 ) ) REPRESENTATION_CONTEXT ( 'NONE', 'WORKASPACE' ) );
#1938 = ADVANCED_FACE ( 'NONE', ( #62 ), #1414, .T. ) ;
#1939 = ORIENTED_EDGE ( 'NONE', *, *, #2096, .F. ) ;
#1940 = CARTESIAN_POINT ( 'NONE',  ( 0.000000000000000000, 0.000000000000000000, 869.9999999999998863 ) ) ;
#1941 = CARTESIAN_POINT ( 'NONE',  ( -290.0000000000001137, -160.0000000000001421, 869.9999999999998863 ) ) ;
#1942 = VECTOR ( 'NONE', #1775, 1000.000000000000000 ) ;
#1943 = PERSON_AND_ORGANIZATION ( #2172, #2494 ) ;
#1944 = ORIENTED_EDGE ( 'NONE', *, *, #763, .F. ) ;
#1945 = VECTOR ( 'NONE', #2224, 1000.000000000000000 ) ;
#1946 = ORIENTED_EDGE ( 'NONE', *, *, #1161, .T. ) ;
#1947 = LOCAL_TIME ( 14, 14, 56.00000000000000000, #2043 ) ;
#1948 = EDGE_LOOP ( 'NONE', ( #161, #1918, #544, #1187 ) ) ;
#1949 = LOCAL_TIME ( 14, 14, 56.00000000000000000, #654 ) ;
#1950 = CARTESIAN_POINT ( 'NONE',  ( 14.99999999999998757, 96.00000000000000000, 830.0000000000001137 ) ) ;
#1951 = EDGE_LOOP ( 'NONE', ( #2414, #1551, #65, #40, #1999, #416 ) ) ;
#1952 = CARTESIAN_POINT ( 'NONE',  ( 1100.535543567313880, -160.0000000000001421, 869.9999999999998863 ) ) ;
#1953 = EDGE_CURVE ( 'NONE', #1799, #1056, #675, .T. ) ;
#1954 = LINE ( 'NONE', #2173, #878 ) ;
#1955 = CARTESIAN_POINT ( 'NONE',  ( -10.00000000000000178, 32.00000000000000000, 385.0000000000000000 ) ) ;
#1956 = EDGE_LOOP ( 'NONE', ( #218, #420, #63, #1337, #2057, #2254 ) ) ;
#1957 = PRODUCT ( '板', '板', '', ( #1260 ) ) ;
#1958 = ORIENTED_EDGE ( 'NONE', *, *, #210, .F. ) ;
#1959 = DIRECTION ( 'NONE',  ( 1.000000000000000000, 4.336808689942017120E-17, 0.000000000000000000 ) ) ;
#1960 = DIRECTION ( 'NONE',  ( -0.000000000000000000, 0.000000000000000000, -1.000000000000000000 ) ) ;
#1961 = CARTESIAN_POINT ( 'NONE',  ( 259.9999999999998863, 0.000000000000000000, 0.000000000000000000 ) ) ;
#1962 = LINE ( 'NONE', #636, #1836 ) ;
#1963 = FACE_OUTER_BOUND ( 'NONE', #69, .T. ) ;
#1964 = ORIENTED_EDGE ( 'NONE', *, *, #1048, .T. ) ;
#1965 = VERTEX_POINT ( 'NONE', #1458 ) ;
#1966 = LINE ( 'NONE', #1419, #1904 ) ;
#1967 = DIRECTION ( 'NONE',  ( 0.000000000000000000, -1.000000000000000000, 0.000000000000000000 ) ) ;
#1968 = VERTEX_POINT ( 'NONE', #220 ) ;
#1969 = EDGE_CURVE ( 'NONE', #242, #2149, #2339, .T. ) ;
#1970 = DIRECTION ( 'NONE',  ( 0.000000000000000000, 0.000000000000000000, -1.000000000000000000 ) ) ;
#1971 = DIRECTION ( 'NONE',  ( 0.000000000000000000, 1.000000000000000000, 0.000000000000000000 ) ) ;
#1972 = PRODUCT ( '柜05', '柜05', '', ( #1203 ) ) ;
#1973 = PLANE ( 'NONE',  #349 ) ;
#1974 = CIRCLE ( 'NONE', #2516, 2.000000000000000000 ) ;
#1975 = CC_DESIGN_PERSON_AND_ORGANIZATION_ASSIGNMENT ( #844, #1234, ( #454 ) ) ;
#1976 = ORIENTED_EDGE ( 'NONE', *, *, #577, .T. ) ;
#1977 = CARTESIAN_POINT ( 'NONE',  ( -12.00000000000000000, 0.000000000000000000, 10.00000000000000000 ) ) ;
#1978 = LINE ( 'NONE', #2082, #1726 ) ;
#1979 = CONTEXT_DEPENDENT_SHAPE_REPRESENTATION ( #1079, #1807 ) ;
#1980 = CIRCLE ( 'NONE', #1110, 2.999999999999999112 ) ;
#1981 = DIRECTION ( 'NONE',  ( 1.000000000000000000, 1.807003620809173954E-17, 0.000000000000000000 ) ) ;
#1982 = VECTOR ( 'NONE', #1572, 1000.000000000000000 ) ;
#1983 = EDGE_LOOP ( 'NONE', ( #396, #1358, #120, #1106, #953, #1976 ) ) ;
#1984 = CALENDAR_DATE ( 2026, 2, 6 ) ;
#1985 = DIRECTION ( 'NONE',  ( -0.000000000000000000, 0.000000000000000000, 1.000000000000000000 ) ) ;
#1986 = PLANE ( 'NONE',  #2008 ) ;
#1987 = EDGE_CURVE ( 'NONE', #1837, #2114, #771, .T. ) ;
#1988 = ORIENTED_EDGE ( 'NONE', *, *, #1931, .T. ) ;
#1989 = DIRECTION ( 'NONE',  ( 0.000000000000000000, -0.000000000000000000, 1.000000000000000000 ) ) ;
#1990 = ORIENTED_EDGE ( 'NONE', *, *, #1085, .T. ) ;
#1991 = EDGE_CURVE ( 'NONE', #1767, #1856, #1816, .T. ) ;
#1992 = CARTESIAN_POINT ( 'NONE',  ( 10.00000000000000178, 29.00000000000000000, 10.00000000000000000 ) ) ;
#1993 = CARTESIAN_POINT ( 'NONE',  ( 4.999999999999997335, 32.00000000000000000, 10.00000000000000888 ) ) ;
#1994 = SECURITY_CLASSIFICATION ( '', '', #641 ) ;
#1995 = DIRECTION ( 'NONE',  ( -0.000000000000000000, -0.000000000000000000, -1.000000000000000000 ) ) ;
#1996 = CC_DESIGN_PERSON_AND_ORGANIZATION_ASSIGNMENT ( #1541, #261, ( #1806 ) ) ;
#1997 = VECTOR ( 'NONE', #285, 1000.000000000000000 ) ;
#1998 = CARTESIAN_POINT ( 'NONE',  ( 1282.179044981846573, 287.4999999999999432, 30.00000000000002842 ) ) ;
#1999 = ORIENTED_EDGE ( 'NONE', *, *, #1852, .F. ) ;
#2000 = DIRECTION ( 'NONE',  ( 0.000000000000000000, -0.000000000000000000, 1.000000000000000000 ) ) ;
#2001 = DIRECTION ( 'NONE',  ( -1.000000000000000000, 0.000000000000000000, 0.000000000000000000 ) ) ;
#2002 = CARTESIAN_POINT ( 'NONE',  ( -13.00000000000003730, 2.000000000000000000, 10.00000000000000000 ) ) ;
#2003 = EDGE_CURVE ( 'NONE', #2324, #820, #2042, .T. ) ;
#2004 = DIRECTION ( 'NONE',  ( 0.000000000000000000, -0.000000000000000000, -1.000000000000000000 ) ) ;
#2005 = EDGE_CURVE ( 'NONE', #275, #1249, #955, .T. ) ;
#2006 = DIRECTION ( 'NONE',  ( -0.000000000000000000, -0.000000000000000000, 1.000000000000000000 ) ) ;
#2007 = ORIENTED_EDGE ( 'NONE', *, *, #2148, .T. ) ;
#2008 = AXIS2_PLACEMENT_3D ( 'NONE', #1400, #1811, #1204 ) ;
#2009 = CYLINDRICAL_SURFACE ( 'NONE', #1393, 5.000000000000000888 ) ;
#2010 = DIRECTION ( 'NONE',  ( 1.000000000000000000, 0.000000000000000000, -0.000000000000000000 ) ) ;
#2011 = ORIENTED_EDGE ( 'NONE', *, *, #853, .T. ) ;
#2012 = DIRECTION ( 'NONE',  ( 1.000000000000000000, 0.000000000000000000, 0.000000000000000000 ) ) ;
#2013 = FACE_OUTER_BOUND ( 'NONE', #1520, .T. ) ;
#2014 = SHAPE_DEFINITION_REPRESENTATION ( #575, #1872 ) ;
#2015 = ORIENTED_EDGE ( 'NONE', *, *, #2295, .T. ) ;
#2016 = LOCAL_TIME ( 14, 14, 56.00000000000000000, #1605 ) ;
#2017 = DIRECTION ( 'NONE',  ( 0.000000000000000000, 0.000000000000000000, -1.000000000000000000 ) ) ;
#2018 = EDGE_LOOP ( 'NONE', ( #961, #911, #2209, #1266 ) ) ;
#2019 = ORIENTED_EDGE ( 'NONE', *, *, #313, .F. ) ;
#2020 = CARTESIAN_POINT ( 'NONE',  ( -15.00000000000000000, 96.00000000000000000, 0.000000000000000000 ) ) ;
#2021 = EDGE_CURVE ( 'NONE', #1113, #665, #2313, .T. ) ;
#2022 = PRODUCT_DEFINITION_SHAPE ( 'NONE', 'NONE',  #2591 ) ;
#2023 = ORIENTED_EDGE ( 'NONE', *, *, #1991, .F. ) ;
#2024 = DIRECTION ( 'NONE',  ( 0.000000000000000000, 0.000000000000000000, 1.000000000000000000 ) ) ;
#2025 = CARTESIAN_POINT ( 'NONE',  ( 259.9999999999998863, 0.000000000000000000, 30.00000000000000000 ) ) ;
#2026 = CC_DESIGN_PERSON_AND_ORGANIZATION_ASSIGNMENT ( #468, #1845, ( #1782 ) ) ;
#2027 = EDGE_LOOP ( 'NONE', ( #2342, #191, #1546, #1733 ) ) ;
#2028 = DIRECTION ( 'NONE',  ( -1.000000000000000000, 0.000000000000000000, 0.000000000000000000 ) ) ;
#2029 = DIRECTION ( 'NONE',  ( 1.000000000000000000, 0.000000000000000000, 0.000000000000000000 ) ) ;
#2030 = VERTEX_POINT ( 'NONE', #2457 ) ;
#2031 = CARTESIAN_POINT ( 'NONE',  ( 260.0000000000000000, 287.4999999999999432, 30.00000000000002842 ) ) ;
#2032 = DIRECTION ( 'NONE',  ( 1.000000000000000000, 0.000000000000000000, 0.000000000000000000 ) ) ;
#2033 = EDGE_CURVE ( 'NONE', #1481, #1319, #1119, .T. ) ;
#2034 = CARTESIAN_POINT ( 'NONE',  ( 14.99999999999996092, 0.000000000000000000, 10.00000000000000000 ) ) ;
#2035 = DIRECTION ( 'NONE',  ( 0.000000000000000000, 0.000000000000000000, -1.000000000000000000 ) ) ;
#2036 = EDGE_CURVE ( 'NONE', #1056, #684, #1662, .T. ) ;
#2037 = LINE ( 'NONE', #518, #1846 ) ;
#2038 = DIRECTION ( 'NONE',  ( 0.000000000000000000, -0.000000000000000000, 1.000000000000000000 ) ) ;
#2039 = VECTOR ( 'NONE', #1739, 1000.000000000000000 ) ;
#2040 = FACE_OUTER_BOUND ( 'NONE', #1202, .T. ) ;
#2041 = PERSON_AND_ORGANIZATION_ROLE ( 'creator' ) ;
#2042 = LINE ( 'NONE', #1447, #2220 ) ;
#2043 = COORDINATED_UNIVERSAL_TIME_OFFSET ( 8, 0, .AHEAD. ) ;
#2044 = VECTOR ( 'NONE', #2240, 1000.000000000000000 ) ;
#2045 = PRODUCT_DEFINITION_FORMATION_WITH_SPECIFIED_SOURCE ( '任何', '', #1782, .NOT_KNOWN. ) ;
#2046 = VECTOR ( 'NONE', #848, 1000.000000000000000 ) ;
#2047 = CYLINDRICAL_SURFACE ( 'NONE', #701, 2.000000000000000000 ) ;
#2048 = CARTESIAN_POINT ( 'NONE',  ( -9.999999999999996447, 6.999999999999999112, 830.0000000000001137 ) ) ;
#2049 = LINE ( 'NONE', #194, #960 ) ;
#2050 = ORIENTED_EDGE ( 'NONE', *, *, #428, .T. ) ;
#2051 = SHAPE_DEFINITION_REPRESENTATION ( #1892, #1761 ) ;
#2052 = ORIENTED_EDGE ( 'NONE', *, *, #2411, .T. ) ;
#2053 = EDGE_LOOP ( 'NONE', ( #1199, #548, #2510, #1132 ) ) ;
#2054 = DIRECTION ( 'NONE',  ( 2.710505431213761085E-16, 1.000000000000000000, 0.000000000000000000 ) ) ;
#2055 = PERSON_AND_ORGANIZATION_ROLE ( 'creator' ) ;
#2056 = EDGE_CURVE ( 'NONE', #1443, #1570, #1692, .T. ) ;
#2057 = ORIENTED_EDGE ( 'NONE', *, *, #504, .F. ) ;
#2058 = ORIENTED_EDGE ( 'NONE', *, *, #15, .T. ) ;
#2059 = DIRECTION ( 'NONE',  ( -0.000000000000000000, -0.000000000000000000, 1.000000000000000000 ) ) ;
#2060 = DIRECTION ( 'NONE',  ( -0.000000000000000000, -0.000000000000000000, -1.000000000000000000 ) ) ;
#2061 = EDGE_CURVE ( 'NONE', #530, #1247, #2281, .T. ) ;
#2062 = ORIENTED_EDGE ( 'NONE', *, *, #1029, .T. ) ;
#2063 = DIRECTION ( 'NONE',  ( 0.000000000000000000, 0.000000000000000000, 1.000000000000000000 ) ) ;
#2064 = AXIS2_PLACEMENT_3D ( 'NONE', #2540, #1350, #141 ) ;
#2065 = APPROVAL_STATUS ( 'not_yet_approved' ) ;
#2066 = DATE_TIME_ROLE ( 'classification_date' ) ;
#2067 = DIRECTION ( 'NONE',  ( 0.000000000000000000, -2.643388153869420804E-16, 1.000000000000000000 ) ) ;
#2068 = VECTOR ( 'NONE', #2315, 1000.000000000000000 ) ;
#2069 = CARTESIAN_POINT ( 'NONE',  ( 12.99999999999995914, 0.000000000000000000, 840.0000000000001137 ) ) ;
#2070 = APPLICATION_CONTEXT ( 'configuration controlled 3d designs of mechanical parts and assemblies' ) ;
#2071 = EDGE_CURVE ( 'NONE', #1325, #1894, #173, .T. ) ;
#2072 = ORIENTED_EDGE ( 'NONE', *, *, #233, .T. ) ;
#2073 = VECTOR ( 'NONE', #326, 1000.000000000000000 ) ;
#2074 = LINE ( 'NONE', #355, #1854 ) ;
#2075 = CARTESIAN_POINT ( 'NONE',  ( 10.00000000000000711, 7.000000000000000000, 10.00000000000000000 ) ) ;
#2076 = COORDINATED_UNIVERSAL_TIME_OFFSET ( 8, 0, .AHEAD. ) ;
#2077 = ADVANCED_FACE ( 'NONE', ( #1088 ), #51, .F. ) ;
#2078 = ORIENTED_EDGE ( 'NONE', *, *, #1628, .T. ) ;
#2079 = ADVANCED_FACE ( 'NONE', ( #1211 ), #1596, .T. ) ;
#2080 = PERSON_AND_ORGANIZATION_ROLE ( 'design_supplier' ) ;
#2081 = CC_DESIGN_APPROVAL ( #136, ( #1806 ) ) ;
#2082 = CARTESIAN_POINT ( 'NONE',  ( 260.0000000000000000, -160.0000000000001421, 464.9999999999999432 ) ) ;
#2083 = EDGE_LOOP ( 'NONE', ( #327, #1063, #1939, #372 ) ) ;
#2084 = CARTESIAN_POINT ( 'NONE',  ( 260.0000000000000000, 287.4999999999999432, 435.0000000000000000 ) ) ;
#2085 = CARTESIAN_POINT ( 'NONE',  ( 10.00000000000000178, 29.00000000000000000, 840.0000000000001137 ) ) ;
#2086 = ORIENTED_EDGE ( 'NONE', *, *, #227, .F. ) ;
#2087 = EDGE_CURVE ( 'NONE', #860, #734, #519, .T. ) ;
#2088 = ORIENTED_EDGE ( 'NONE', *, *, #746, .T. ) ;
#2089 = AXIS2_PLACEMENT_3D ( 'NONE', #2002, #319, #1673 ) ;
#2090 = CARTESIAN_POINT ( 'NONE',  ( -5.000000000000000888, 32.00000000000000000, 10.00000000000000888 ) ) ;
#2091 = ORIENTED_EDGE ( 'NONE', *, *, #54, .T. ) ;
#2092 = CARTESIAN_POINT ( 'NONE',  ( -290.0000000000001137, -1199.999999999999773, 0.000000000000000000 ) ) ;
#2093 = UNCERTAINTY_MEASURE_WITH_UNIT (LENGTH_MEASURE( 1.000000000000000082E-05 ), #794, 'distance_accuracy_value', 'NONE');
#2094 = DIRECTION ( 'NONE',  ( 0.000000000000000000, 0.000000000000000000, 1.000000000000000000 ) ) ;
#2095 = FACE_OUTER_BOUND ( 'NONE', #2559, .T. ) ;
#2096 = EDGE_CURVE ( 'NONE', #1481, #242, #2098, .T. ) ;
#2097 = DIRECTION ( 'NONE',  ( 0.000000000000000000, 0.000000000000000000, -1.000000000000000000 ) ) ;
#2098 = CIRCLE ( 'NONE', #1925, 2.000000000000000000 ) ;
#2099 = VERTEX_POINT ( 'NONE', #2435 ) ;
#2100 = APPROVAL_PERSON_ORGANIZATION ( #2499, #1262, #1617 ) ;
#2101 = CIRCLE ( 'NONE', #1, 8.000000000000000000 ) ;
#2102 = ORIENTED_EDGE ( 'NONE', *, *, #2261, .T. ) ;
#2103 = DIRECTION ( 'NONE',  ( 0.000000000000000000, -0.000000000000000000, 1.000000000000000000 ) ) ;
#2104 = VECTOR ( 'NONE', #1588, 1000.000000000000000 ) ;
#2105 = APPROVAL_DATE_TIME ( #373, #583 ) ;
#2106 = EDGE_LOOP ( 'NONE', ( #2370, #1990, #660, #1128 ) ) ;
#2107 = ORIENTED_EDGE ( 'NONE', *, *, #2570, .F. ) ;
#2108 = CARTESIAN_POINT ( 'NONE',  ( 260.0000000000000000, 317.4999999999999432, 435.0000000000000000 ) ) ;
#2109 = CC_DESIGN_APPROVAL ( #1787, ( #1658 ) ) ;
#2110 = DIRECTION ( 'NONE',  ( 1.000000000000000000, 0.000000000000000000, 0.000000000000000000 ) ) ;
#2111 = CARTESIAN_POINT ( 'NONE',  ( 259.9999999999998863, 765.0000000000001137, 30.00000000000002842 ) ) ;
#2112 = ORIENTED_EDGE ( 'NONE', *, *, #295, .F. ) ;
#2113 = CARTESIAN_POINT ( 'NONE',  ( -290.0000000000000568, -1120.000000000000000, 0.000000000000000000 ) ) ;
#2114 = VERTEX_POINT ( 'NONE', #1422 ) ;
#2115 = CARTESIAN_POINT ( 'NONE',  ( -290.0000000000001137, -1199.999999999999773, 30.00000000000000000 ) ) ;
#2116 = EDGE_CURVE ( 'NONE', #1247, #2199, #834, .T. ) ;
#2117 = LINE ( 'NONE', #205, #1042 ) ;
#2118 = CARTESIAN_POINT ( 'NONE',  ( -290.0000000000001137, -1199.999999999999773, 30.00000000000000000 ) ) ;
#2119 = CARTESIAN_POINT ( 'NONE',  ( 1100.535543567313880, 765.0000000000001137, 30.00000000000002842 ) ) ;
#2120 = EDGE_CURVE ( 'NONE', #1672, #1780, #1053, .T. ) ;
#2121 = CC_DESIGN_PERSON_AND_ORGANIZATION_ASSIGNMENT ( #1943, #465, ( #1091 ) ) ;
#2122 = PRODUCT_DEFINITION ( '未知', '', #454, #1379 ) ;
#2123 = CARTESIAN_POINT ( 'NONE',  ( 14.99999999999996092, 0.000000000000000000, 10.00000000000000000 ) ) ;
#2124 = CARTESIAN_POINT ( 'NONE',  ( 289.9999999999999432, 1200.000000000000227, 30.00000000000000000 ) ) ;
#2125 = VECTOR ( 'NONE', #1629, 1000.000000000000000 ) ;
#2126 = EDGE_CURVE ( 'NONE', #1856, #601, #2498, .T. ) ;
#2127 = ORIENTED_EDGE ( 'NONE', *, *, #346, .T. ) ;
#2128 = APPROVAL_DATE_TIME ( #2222, #683 ) ;
#2129 = ORIENTED_EDGE ( 'NONE', *, *, #1285, .F. ) ;
#2130 = DIRECTION ( 'NONE',  ( 0.000000000000000000, 0.000000000000000000, 1.000000000000000000 ) ) ;
#2131 = VECTOR ( 'NONE', #2424, 1000.000000000000000 ) ;
#2132 = ORIENTED_EDGE ( 'NONE', *, *, #2232, .F. ) ;
#2133 = DATE_AND_TIME ( #2255, #2408 ) ;
#2134 = DIRECTION ( 'NONE',  ( -1.000000000000000000, 0.000000000000000000, 0.000000000000000000 ) ) ;
#2135 = ORIENTED_EDGE ( 'NONE', *, *, #2430, .T. ) ;
#2136 = EDGE_CURVE ( 'NONE', #601, #709, #212, .T. ) ;
#2137 = DIRECTION ( 'NONE',  ( -1.000000000000000000, 0.000000000000000000, 0.000000000000000000 ) ) ;
#2138 = COORDINATED_UNIVERSAL_TIME_OFFSET ( 8, 0, .AHEAD. ) ;
#2139 = VERTEX_POINT ( 'NONE', #1043 ) ;
#2140 = ORIENTED_EDGE ( 'NONE', *, *, #1367, .T. ) ;
#2141 = ORIENTED_EDGE ( 'NONE', *, *, #1301, .T. ) ;
#2142 = CARTESIAN_POINT ( 'NONE',  ( -10.00000000000000178, 37.00000000000000000, 10.00000000000000000 ) ) ;
#2143 = DIRECTION ( 'NONE',  ( 1.156482317317871725E-16, -1.000000000000000000, 0.000000000000000000 ) ) ;
#2144 = EDGE_LOOP ( 'NONE', ( #2135, #375, #108, #1026 ) ) ;
#2145 = LINE ( 'NONE', #2311, #1997 ) ;
#2146 = ORIENTED_EDGE ( 'NONE', *, *, #1009, .T. ) ;
#2147 = DIRECTION ( 'NONE',  ( 0.000000000000000000, 0.000000000000000000, 1.000000000000000000 ) ) ;
#2148 = EDGE_CURVE ( 'NONE', #256, #275, #1978, .T. ) ;
#2149 = VERTEX_POINT ( 'NONE', #1682 ) ;
#2150 = CARTESIAN_POINT ( 'NONE',  ( -1.999999999999999112, 28.99999999999999645, 10.00000000000000888 ) ) ;
#2151 = DIRECTION ( 'NONE',  ( -0.000000000000000000, -0.000000000000000000, -1.000000000000000000 ) ) ;
#2152 = PERSON ( 'NAUO-PER2', 'UNSPECIFIED', 'UNSPECIFIED', ('UNSPECIFIED'), ('UNSPECIFIED'), ('UNSPECIFIED') ) ;
#2153 = CC_DESIGN_DATE_AND_TIME_ASSIGNMENT ( #215, #440, ( #1806 ) ) ;
#2154 = CARTESIAN_POINT ( 'NONE',  ( 2.000000000000001776, 28.99999999999999645, 10.00000000000000888 ) ) ;
#2155 = CARTESIAN_POINT ( 'NONE',  ( 12.00000000000000000, 4.336808689942017736E-16, 395.0000000000000000 ) ) ;
#2156 = LINE ( 'NONE', #358, #1302 ) ;
#2157 = DIRECTION ( 'NONE',  ( 1.000000000000000000, 0.000000000000000000, 0.000000000000000000 ) ) ;
#2158 = VECTOR ( 'NONE', #1995, 1000.000000000000000 ) ;
#2159 = APPROVAL_PERSON_ORGANIZATION ( #2190, #683, #1028 ) ;
#2160 = LINE ( 'NONE', #1242, #1147 ) ;
#2161 = ORIENTED_EDGE ( 'NONE', *, *, #1048, .F. ) ;
#2162 = LINE ( 'NONE', #640, #2046 ) ;
#2163 = EDGE_CURVE ( 'NONE', #1391, #1481, #2189, .T. ) ;
#2164 = APPROVAL_PERSON_ORGANIZATION ( #780, #237, #2246 ) ;
#2165 = ORIENTED_EDGE ( 'NONE', *, *, #528, .T. ) ;
#2166 = DIRECTION ( 'NONE',  ( 0.000000000000000000, 2.643388153869421297E-16, -1.000000000000000000 ) ) ;
#2167 = EDGE_LOOP ( 'NONE', ( #1508, #1831, #403, #342, #258, #2182 ) ) ;
#2168 = DIRECTION ( 'NONE',  ( 1.156482317317871232E-16, -1.000000000000000000, 0.000000000000000000 ) ) ;
#2169 = AXIS2_PLACEMENT_3D ( 'NONE', #1700, #1890, #1078 ) ;
#2170 = CARTESIAN_POINT ( 'NONE',  ( -12.00000000000000000, 0.000000000000000000, 385.0000000000000000 ) ) ;
#2171 = ORIENTED_EDGE ( 'NONE', *, *, #2515, .F. ) ;
#2172 = PERSON ( 'NAUO-PER3', 'UNSPECIFIED', 'UNSPECIFIED', ('UNSPECIFIED'), ('UNSPECIFIED'), ('UNSPECIFIED') ) ;
#2173 = CARTESIAN_POINT ( 'NONE',  ( -10.00000000000000178, 37.00000000000000000, 385.0000000000000000 ) ) ;
#2174 = AXIS2_PLACEMENT_3D ( 'NONE', #1188, #1592, #1000 ) ;
#2175 = ORIENTED_EDGE ( 'NONE', *, *, #1903, .T. ) ;
#2176 = UNCERTAINTY_MEASURE_WITH_UNIT (LENGTH_MEASURE( 1.000000000000000082E-05 ), #18, 'distance_accuracy_value', 'NONE');
#2177 = DIRECTION ( 'NONE',  ( 0.000000000000000000, 0.000000000000000000, 1.000000000000000000 ) ) ;
#2178 = ORIENTED_EDGE ( 'NONE', *, *, #362, .T. ) ;
#2179 = CARTESIAN_POINT ( 'NONE',  ( 289.9999999999999432, 1199.999999999999545, 900.0000000000000000 ) ) ;
#2180 = CARTESIAN_POINT ( 'NONE',  ( -12.00000000000000000, 4.336808689942017736E-16, 395.0000000000000000 ) ) ;
#2181 = LINE ( 'NONE', #2179, #1162 ) ;
#2182 = ORIENTED_EDGE ( 'NONE', *, *, #1665, .T. ) ;
#2183 = DIRECTION ( 'NONE',  ( 1.000000000000000000, 0.000000000000000000, 0.000000000000000000 ) ) ;
#2184 = DIRECTION ( 'NONE',  ( 1.000000000000000000, 0.000000000000000000, 0.000000000000000000 ) ) ;
#2185 = EDGE_CURVE ( 'NONE', #1149, #758, #1174, .T. ) ;
#2186 = DIRECTION ( 'NONE',  ( 1.000000000000000000, 0.000000000000000000, 0.000000000000000000 ) ) ;
#2187 = AXIS2_PLACEMENT_3D ( 'NONE', #412, #1824, #1612 ) ;
#2188 = PLANE ( 'NONE',  #1653 ) ;
#2189 = LINE ( 'NONE', #1083, #147 ) ;
#2190 = PERSON_AND_ORGANIZATION ( #534, #1097 ) ;
#2191 = DIRECTION ( 'NONE',  ( -1.000000000000000000, -1.156482317317871232E-16, 0.000000000000000000 ) ) ;
#2192 =( LENGTH_UNIT ( ) NAMED_UNIT ( * ) SI_UNIT ( .MILLI., .METRE. ) );
#2193 = LINE ( 'NONE', #969, #308 ) ;
#2194 = ORIENTED_EDGE ( 'NONE', *, *, #1466, .F. ) ;
#2195 = APPROVAL_DATE_TIME ( #1373, #1241 ) ;
#2196 = CARTESIAN_POINT ( 'NONE',  ( -13.00000000000003730, 2.000000000000001776, 830.0000000000001137 ) ) ;
#2197 = CARTESIAN_POINT ( 'NONE',  ( 1100.535543567313880, -190.0000000000001705, 30.00000000000000000 ) ) ;
#2198 = EDGE_CURVE ( 'NONE', #1210, #1716, #898, .T. ) ;
#2199 = VERTEX_POINT ( 'NONE', #1276 ) ;
#2200 = ADVANCED_FACE ( 'NONE', ( #1020 ), #2298, .F. ) ;
#2201 = AXIS2_PLACEMENT_3D ( 'NONE', #1200, #7, #2024 ) ;
#2202 =( NAMED_UNIT ( * ) SI_UNIT ( $, .STERADIAN. ) SOLID_ANGLE_UNIT ( ) );
#2203 = VERTEX_POINT ( 'NONE', #488 ) ;
#2204 = AXIS2_PLACEMENT_3D ( 'NONE', #199, #1007, #410 ) ;
#2205 = PLANE ( 'NONE',  #2331 ) ;
#2206 = EDGE_LOOP ( 'NONE', ( #1004, #77, #1383, #1988 ) ) ;
#2207 = DIRECTION ( 'NONE',  ( -0.000000000000000000, -1.000000000000000000, -0.000000000000000000 ) ) ;
#2208 = DIRECTION ( 'NONE',  ( 0.000000000000000000, 0.000000000000000000, 1.000000000000000000 ) ) ;
#2209 = ORIENTED_EDGE ( 'NONE', *, *, #2383, .F. ) ;
#2210 = DIRECTION ( 'NONE',  ( -0.000000000000000000, 0.000000000000000000, -1.000000000000000000 ) ) ;
#2211 = EDGE_LOOP ( 'NONE', ( #350, #249, #231, #1347 ) ) ;
#2212 = DIRECTION ( 'NONE',  ( 0.000000000000000000, 0.000000000000000000, -1.000000000000000000 ) ) ;
#2213 = CARTESIAN_POINT ( 'NONE',  ( 259.9999999999998863, -160.0000000000001421, 30.00000000000000000 ) ) ;
#2214 = EDGE_CURVE ( 'NONE', #2385, #586, #2247, .T. ) ;
#2215 = CARTESIAN_POINT ( 'NONE',  ( 0.000000000000000000, 0.000000000000000000, 0.000000000000000000 ) ) ;
#2216 = DIRECTION ( 'NONE',  ( 0.000000000000000000, -1.000000000000000000, 0.000000000000000000 ) ) ;
#2217 = VECTOR ( 'NONE', #1322, 1000.000000000000000 ) ;
#2218 = CARTESIAN_POINT ( 'NONE',  ( 259.9999999999998863, 0.000000000000000000, 869.9999999999998863 ) ) ;
#2219 = ORIENTED_EDGE ( 'NONE', *, *, #395, .F. ) ;
#2220 = VECTOR ( 'NONE', #629, 1000.000000000000000 ) ;
#2221 = ORIENTED_EDGE ( 'NONE', *, *, #1217, .F. ) ;
#2222 = DATE_AND_TIME ( #710, #1753 ) ;
#2223 = VECTOR ( 'NONE', #469, 1000.000000000000000 ) ;
#2224 = DIRECTION ( 'NONE',  ( -1.000000000000000000, 0.000000000000000000, 0.000000000000000000 ) ) ;
#2225 = VECTOR ( 'NONE', #1680, 1000.000000000000000 ) ;
#2226 = DIRECTION ( 'NONE',  ( 0.000000000000000000, 0.000000000000000000, -1.000000000000000000 ) ) ;
#2227 = EDGE_LOOP ( 'NONE', ( #1691, #1643, #1512, #1222 ) ) ;
#2228 = ADVANCED_FACE ( 'NONE', ( #580 ), #1504, .T. ) ;
#2229 = ADVANCED_FACE ( 'NONE', ( #1752 ), #2438, .T. ) ;
#2230 = DIRECTION ( 'NONE',  ( 1.000000000000000000, 0.000000000000000000, 0.000000000000000000 ) ) ;
#2231 = CARTESIAN_POINT ( 'NONE',  ( -10.00000000000000000, 37.00000000000000000, 830.0000000000001137 ) ) ;
#2232 = EDGE_CURVE ( 'NONE', #2199, #843, #1783, .T. ) ;
#2233 = ORIENTED_EDGE ( 'NONE', *, *, #2061, .T. ) ;
#2234 = PERSON_AND_ORGANIZATION_ROLE ( 'design_owner' ) ;
#2235 = ORIENTED_EDGE ( 'NONE', *, *, #1718, .F. ) ;
#2236 = VECTOR ( 'NONE', #2207, 1000.000000000000000 ) ;
#2237 = CARTESIAN_POINT ( 'NONE',  ( -290.0000000000001137, 287.4999999999999432, 30.00000000000002842 ) ) ;
#2238 = CC_DESIGN_APPROVAL ( #42, ( #1568 ) ) ;
#2239 = VERTEX_POINT ( 'NONE', #466 ) ;
#2240 = DIRECTION ( 'NONE',  ( 0.000000000000000000, 0.000000000000000000, 1.000000000000000000 ) ) ;
#2241 = PERSON_AND_ORGANIZATION_ROLE ( 'classification_officer' ) ;
#2242 = EDGE_CURVE ( 'NONE', #1380, #2199, #2547, .T. ) ;
#2243 = DIRECTION ( 'NONE',  ( 0.000000000000000000, 0.000000000000000000, 1.000000000000000000 ) ) ;
#2244 = CARTESIAN_POINT ( 'NONE',  ( 15.00000000000000000, 96.00000000000000000, 0.000000000000000000 ) ) ;
#2245 = EDGE_CURVE ( 'NONE', #2322, #1780, #1368, .T. ) ;
#2246 = APPROVAL_ROLE ( '' ) ;
#2247 = LINE ( 'NONE', #1711, #615 ) ;
#2248 = ORIENTED_EDGE ( 'NONE', *, *, #946, .T. ) ;
#2249 = COORDINATED_UNIVERSAL_TIME_OFFSET ( 8, 0, .AHEAD. ) ;
#2250 = CC_DESIGN_APPROVAL ( #1170, ( #2122 ) ) ;
#2251 = ORIENTED_EDGE ( 'NONE', *, *, #2116, .F. ) ;
#2252 = DIRECTION ( 'NONE',  ( 1.000000000000000000, 1.156482317317871478E-16, -0.000000000000000000 ) ) ;
#2253 = VECTOR ( 'NONE', #2166, 1000.000000000000000 ) ;
#2254 = ORIENTED_EDGE ( 'NONE', *, *, #2491, .T. ) ;
#2255 = CALENDAR_DATE ( 2026, 2, 6 ) ;
#2256 = CALENDAR_DATE ( 2026, 2, 6 ) ;
#2257 = ORIENTED_EDGE ( 'NONE', *, *, #1870, .T. ) ;
#2258 = CARTESIAN_POINT ( 'NONE',  ( -12.00000000000000000, 4.336808689942017736E-16, 385.0000000000000000 ) ) ;
#2259 = ORIENTED_EDGE ( 'NONE', *, *, #103, .F. ) ;
#2260 = APPROVAL_ROLE ( '' ) ;
#2261 = EDGE_CURVE ( 'NONE', #1549, #1536, #365, .T. ) ;
#2262 = ORIENTED_EDGE ( 'NONE', *, *, #1479, .F. ) ;
#2263 = CARTESIAN_POINT ( 'NONE',  ( -9.999999999999996447, 6.999999999999999112, 840.0000000000001137 ) ) ;
#2264 = ADVANCED_FACE ( 'NONE', ( #92 ), #1678, .T. ) ;
#2265 = EDGE_CURVE ( 'NONE', #2476, #1837, #364, .T. ) ;
#2266 = ORIENTED_EDGE ( 'NONE', *, *, #2005, .F. ) ;
#2267 = DIRECTION ( 'NONE',  ( 0.000000000000000000, 1.000000000000000000, 0.000000000000000000 ) ) ;
#2268 = AXIS2_PLACEMENT_3D ( 'NONE', #655, #102, #674 ) ;
#2269 = SECURITY_CLASSIFICATION_LEVEL ( 'unclassified' ) ;
#2270 = CIRCLE ( 'NONE', #719, 2.999999999999999112 ) ;
#2271 = EDGE_LOOP ( 'NONE', ( #376, #2248, #122, #113, #378, #52 ) ) ;
#2272 = CARTESIAN_POINT ( 'NONE',  ( -13.00000000000003730, 0.000000000000000000, 830.0000000000001137 ) ) ;
#2273 = CARTESIAN_POINT ( 'NONE',  ( -15.00000000000001243, 96.00000000000000000, 830.0000000000001137 ) ) ;
#2274 = PLANE ( 'NONE',  #2169 ) ;
#2275 = EDGE_CURVE ( 'NONE', #1210, #2404, #1878, .T. ) ;
#2276 = CARTESIAN_POINT ( 'NONE',  ( 259.9999999999998863, -190.0000000000001705, 30.00000000000000000 ) ) ;
#2277 = DIRECTION ( 'NONE',  ( 0.000000000000000000, -0.000000000000000000, 1.000000000000000000 ) ) ;
#2278 = VECTOR ( 'NONE', #1802, 1000.000000000000000 ) ;
#2279 = EDGE_LOOP ( 'NONE', ( #158, #1737, #430, #2310 ) ) ;
#2280 = AXIS2_PLACEMENT_3D ( 'NONE', #754, #1989, #2551 ) ;
#2281 = LINE ( 'NONE', #1254, #2125 ) ;
#2282 = COORDINATED_UNIVERSAL_TIME_OFFSET ( 8, 0, .AHEAD. ) ;
#2283 = ORIENTED_EDGE ( 'NONE', *, *, #903, .T. ) ;
#2284 = LINE ( 'NONE', #2576, #2409 ) ;
#2285 = DIRECTION ( 'NONE',  ( -0.000000000000000000, -1.000000000000000000, -0.000000000000000000 ) ) ;
#2286 = VECTOR ( 'NONE', #1148, 1000.000000000000000 ) ;
#2287 = CC_DESIGN_PERSON_AND_ORGANIZATION_ASSIGNMENT ( #1126, #1675, ( #1306 ) ) ;
#2288 = CALENDAR_DATE ( 2026, 2, 6 ) ;
#2289 = ORIENTED_EDGE ( 'NONE', *, *, #1009, .F. ) ;
#2290 = ORIENTED_EDGE ( 'NONE', *, *, #1577, .T. ) ;
#2291 = CARTESIAN_POINT ( 'NONE',  ( 12.00000000000000000, 3.000000000000000000, 10.00000000000000000 ) ) ;
#2292 = ADVANCED_FACE ( 'NONE', ( #2434 ), #22, .T. ) ;
#2293 = ORIENTED_EDGE ( 'NONE', *, *, #1318, .F. ) ;
#2294 = CARTESIAN_POINT ( 'NONE',  ( -290.0000000000000568, 1169.999999999999318, 869.9999999999998863 ) ) ;
#2295 = EDGE_CURVE ( 'NONE', #1634, #260, #1909, .T. ) ;
#2296 = PLANE ( 'NONE',  #731 ) ;
#2297 = ORIENTED_EDGE ( 'NONE', *, *, #116, .T. ) ;
#2298 = PLANE ( 'NONE',  #922 ) ;
#2299 = DIRECTION ( 'NONE',  ( -1.000000000000000000, 0.000000000000000000, 0.000000000000000000 ) ) ;
#2300 = FACE_OUTER_BOUND ( 'NONE', #1608, .T. ) ;
#2301 = ORIENTED_EDGE ( 'NONE', *, *, #2120, .F. ) ;
#2302 = AXIS2_PLACEMENT_3D ( 'NONE', #1047, #608, #1644 ) ;
#2303 = ADVANCED_FACE ( 'NONE', ( #952, #207, #272, #804, #2467, #768 ), #134, .F. ) ;
#2304 = DIRECTION ( 'NONE',  ( 0.000000000000000000, 2.467162276944792422E-16, -1.000000000000000000 ) ) ;
#2305 = ORIENTED_EDGE ( 'NONE', *, *, #2036, .F. ) ;
#2306 = CARTESIAN_POINT ( 'NONE',  ( 12.00000000000000000, 3.000000000000000000, 385.0000000000000000 ) ) ;
#2307 = CARTESIAN_POINT ( 'NONE',  ( 259.9999999999998863, -190.0000000000001705, 30.00000000000000000 ) ) ;
#2308 = DIRECTION ( 'NONE',  ( 0.000000000000000000, 0.000000000000000000, 1.000000000000000000 ) ) ;
#2309 = PLANE ( 'NONE',  #255 ) ;
#2310 = ORIENTED_EDGE ( 'NONE', *, *, #763, .T. ) ;
#2311 = CARTESIAN_POINT ( 'NONE',  ( -290.0000000000003411, 1199.999999999999545, 869.9999999999998863 ) ) ;
#2312 = EDGE_CURVE ( 'NONE', #1101, #665, #1274, .T. ) ;
#2313 = LINE ( 'NONE', #2448, #119 ) ;
#2314 = LOCAL_TIME ( 14, 14, 56.00000000000000000, #1121 ) ;
#2315 = DIRECTION ( 'NONE',  ( 0.000000000000000000, 0.000000000000000000, 1.000000000000000000 ) ) ;
#2316 = ADVANCED_FACE ( 'NONE', ( #425 ), #1313, .T. ) ;
#2317 = VECTOR ( 'NONE', #1003, 1000.000000000000000 ) ;
#2318 = ORIENTED_EDGE ( 'NONE', *, *, #1285, .T. ) ;
#2319 = LOCAL_TIME ( 14, 14, 56.00000000000000000, #587 ) ;
#2320 = AXIS2_PLACEMENT_3D ( 'NONE', #293, #2094, #485 ) ;
#2321 = DIRECTION ( 'NONE',  ( -0.000000000000000000, -0.000000000000000000, -1.000000000000000000 ) ) ;
#2322 = VERTEX_POINT ( 'NONE', #1720 ) ;
#2323 = DIRECTION ( 'NONE',  ( -0.000000000000000000, 0.000000000000000000, -1.000000000000000000 ) ) ;
#2324 = VERTEX_POINT ( 'NONE', #508 ) ;
#2325 = VERTEX_POINT ( 'NONE', #2111 ) ;
#2326 = ORIENTED_EDGE ( 'NONE', *, *, #1778, .F. ) ;
#2327 = EDGE_CURVE ( 'NONE', #36, #1968, #2580, .T. ) ;
#2328 = DIRECTION ( 'NONE',  ( -1.000000000000000000, 0.000000000000000000, 0.000000000000000000 ) ) ;
#2329 = FACE_OUTER_BOUND ( 'NONE', #2537, .T. ) ;
#2330 = ORIENTED_EDGE ( 'NONE', *, *, #920, .T. ) ;
#2331 = AXIS2_PLACEMENT_3D ( 'NONE', #2584, #193, #1424 ) ;
#2332 = VECTOR ( 'NONE', #481, 1000.000000000000000 ) ;
#2333 = CC_DESIGN_PERSON_AND_ORGANIZATION_ASSIGNMENT ( #1343, #8, ( #1972 ) ) ;
#2334 = PLANE ( 'NONE',  #1324 ) ;
#2335 = EDGE_LOOP ( 'NONE', ( #2088, #32, #1654, #1411 ) ) ;
#2336 = FACE_OUTER_BOUND ( 'NONE', #1948, .T. ) ;
#2337 = DATE_AND_TIME ( #2369, #335 ) ;
#2338 = FACE_OUTER_BOUND ( 'NONE', #2167, .T. ) ;
#2339 = LINE ( 'NONE', #572, #1303 ) ;
#2340 = APPROVAL_PERSON_ORGANIZATION ( #1021, #1392, #628 ) ;
#2341 = PLANE ( 'NONE',  #2554 ) ;
#2342 = ORIENTED_EDGE ( 'NONE', *, *, #2480, .F. ) ;
#2343 = LINE ( 'NONE', #857, #811 ) ;
#2344 = EDGE_CURVE ( 'NONE', #916, #1131, #2037, .T. ) ;
#2345 = CARTESIAN_POINT ( 'NONE',  ( 2.000000000000001776, 28.99999999999999645, 830.0000000000001137 ) ) ;
#2346 = FACE_OUTER_BOUND ( 'NONE', #982, .T. ) ;
#2347 = AXIS2_PLACEMENT_3D ( 'NONE', #588, #559, #1360 ) ;
#2348 = ORIENTED_EDGE ( 'NONE', *, *, #2071, .T. ) ;
#2349 = EDGE_LOOP ( 'NONE', ( #1620, #2301, #921, #849 ) ) ;
#2350 = LINE ( 'NONE', #948, #345 ) ;
#2351 = CARTESIAN_POINT ( 'NONE',  ( 259.9999999999998863, 0.000000000000000000, 30.00000000000000000 ) ) ;
#2352 = EDGE_LOOP ( 'NONE', ( #461, #540, #2468, #474, #996, #502 ) ) ;
#2353 = DIRECTION ( 'NONE',  ( -1.000000000000000000, 0.000000000000000000, 0.000000000000000000 ) ) ;
#2354 = DIRECTION ( 'NONE',  ( 2.312964634635742957E-16, -1.000000000000000000, 0.000000000000000000 ) ) ;
#2355 = VERTEX_POINT ( 'NONE', #704 ) ;
#2356 = LINE ( 'NONE', #37, #2236 ) ;
#2357 = LINE ( 'NONE', #2351, #808 ) ;
#2358 = ORIENTED_EDGE ( 'NONE', *, *, #1768, .F. ) ;
#2359 = CARTESIAN_POINT ( 'NONE',  ( 1100.535543567313880, -160.0000000000001421, 30.00000000000000000 ) ) ;
#2360 = EDGE_CURVE ( 'NONE', #912, #507, #300, .T. ) ;
#2361 = ORIENTED_EDGE ( 'NONE', *, *, #1085, .F. ) ;
#2362 = CARTESIAN_POINT ( 'NONE',  ( -15.00000000000000000, 96.00000000000000000, 395.0000000000000000 ) ) ;
#2363 = DIRECTION ( 'NONE',  ( 0.000000000000000000, 0.000000000000000000, -1.000000000000000000 ) ) ;
#2364 = AXIS2_PLACEMENT_3D ( 'NONE', #460, #1064, #2453 ) ;
#2365 = DIRECTION ( 'NONE',  ( 0.000000000000000000, 0.000000000000000000, 1.000000000000000000 ) ) ;
#2366 = CC_DESIGN_PERSON_AND_ORGANIZATION_ASSIGNMENT ( #1669, #2041, ( #1568 ) ) ;
#2367 = DIRECTION ( 'NONE',  ( 1.000000000000000000, 0.000000000000000000, 0.000000000000000000 ) ) ;
#2368 = LINE ( 'NONE', #2170, #89 ) ;
#2369 = CALENDAR_DATE ( 2026, 2, 6 ) ;
#2370 = ORIENTED_EDGE ( 'NONE', *, *, #2087, .F. ) ;
#2371 = PLANE ( 'NONE',  #1498 ) ;
#2372 = VECTOR ( 'NONE', #1494, 1000.000000000000000 ) ;
#2373 = ITEM_DEFINED_TRANSFORMATION ( 'NONE', 'NONE', #1622,  #2204 ) ;
#2374 = FACE_OUTER_BOUND ( 'NONE', #1956, .T. ) ;
#2375 = CARTESIAN_POINT ( 'NONE',  ( 10.00000000000000178, 7.000000000000000000, 10.00000000000000000 ) ) ;
#2376 = EDGE_CURVE ( 'NONE', #2149, #1391, #1399, .T. ) ;
#2377 = FACE_OUTER_BOUND ( 'NONE', #2579, .T. ) ;
#2378 = ORIENTED_EDGE ( 'NONE', *, *, #2056, .T. ) ;
#2379 = CALENDAR_DATE ( 2026, 2, 6 ) ;
#2380 = CARTESIAN_POINT ( 'NONE',  ( 259.9999999999998863, 1199.999999999999545, 900.0000000000000000 ) ) ;
#2381 = APPROVAL_PERSON_ORGANIZATION ( #1698, #136, #833 ) ;
#2382 = CARTESIAN_POINT ( 'NONE',  ( -15.00000000000001243, 96.00000000000000000, 10.00000000000000000 ) ) ;
#2383 = EDGE_CURVE ( 'NONE', #1472, #1672, #1532, .T. ) ;
#2384 = DIRECTION ( 'NONE',  ( 0.000000000000000000, -0.000000000000000000, -1.000000000000000000 ) ) ;
#2385 = VERTEX_POINT ( 'NONE', #110 ) ;
#2386 = ORIENTED_EDGE ( 'NONE', *, *, #894, .T. ) ;
#2387 = CARTESIAN_POINT ( 'NONE',  ( 15.00000000000000000, 3.000000000000000000, 385.0000000000000000 ) ) ;
#2388 = CARTESIAN_POINT ( 'NONE',  ( -2.000000000000000000, 37.00000000000000000, 830.0000000000001137 ) ) ;
#2389 = AXIS2_PLACEMENT_3D ( 'NONE', #1961, #1582, #1166 ) ;
#2390 = CARTESIAN_POINT ( 'NONE',  ( -12.00000000000000000, 3.000000000000000000, 385.0000000000000000 ) ) ;
#2391 = CARTESIAN_POINT ( 'NONE',  ( 1282.179044981846573, -160.0000000000001421, 435.0000000000000000 ) ) ;
#2392 = DIRECTION ( 'NONE',  ( 0.000000000000000000, 0.000000000000000000, 1.000000000000000000 ) ) ;
#2393 = CARTESIAN_POINT ( 'NONE',  ( -15.00000000000001243, 96.00000000000000000, 840.0000000000001137 ) ) ;
#2394 = VERTEX_POINT ( 'NONE', #1941 ) ;
#2395 = ADVANCED_FACE ( 'NONE', ( #868 ), #699, .F. ) ;
#2396 = PLANE ( 'NONE',  #2417 ) ;
#2397 = DIRECTION ( 'NONE',  ( 1.000000000000000000, 0.000000000000000000, 0.000000000000000000 ) ) ;
#2398 = EDGE_CURVE ( 'NONE', #411, #1841, #240, .T. ) ;
#2399 = VECTOR ( 'NONE', #1861, 1000.000000000000000 ) ;
#2400 = CARTESIAN_POINT ( 'NONE',  ( 10.00000000000000711, 7.000000000000000000, 840.0000000000001137 ) ) ;
#2401 = CARTESIAN_POINT ( 'NONE',  ( -15.00000000000001243, 96.00000000000000000, 830.0000000000001137 ) ) ;
#2402 = LINE ( 'NONE', #2180, #1627 ) ;
#2403 = PLANE ( 'NONE',  #2201 ) ;
#2404 = VERTEX_POINT ( 'NONE', #2307 ) ;
#2405 = ADVANCED_FACE ( 'NONE', ( #1208 ), #532, .F. ) ;
#2406 = APPLICATION_CONTEXT ( 'configuration controlled 3d designs of mechanical parts and assemblies' ) ;
#2407 = VECTOR ( 'NONE', #596, 1000.000000000000000 ) ;
#2408 = LOCAL_TIME ( 14, 14, 56.00000000000000000, #339 ) ;
#2409 = VECTOR ( 'NONE', #977, 1000.000000000000000 ) ;
#2410 = CARTESIAN_POINT ( 'NONE',  ( 15.00000000000000000, 0.000000000000000000, 0.000000000000000000 ) ) ;
#2411 = EDGE_CURVE ( 'NONE', #2114, #586, #738, .T. ) ;
#2412 = ORIENTED_EDGE ( 'NONE', *, *, #2312, .T. ) ;
#2413 = FACE_OUTER_BOUND ( 'NONE', #2227, .T. ) ;
#2414 = ORIENTED_EDGE ( 'NONE', *, *, #2344, .F. ) ;
#2415 = PLANE ( 'NONE',  #1154 ) ;
#2416 = LINE ( 'NONE', #557, #1889 ) ;
#2417 = AXIS2_PLACEMENT_3D ( 'NONE', #2197, #1630, #2004 ) ;
#2418 = DIRECTION ( 'NONE',  ( 1.000000000000000000, 0.000000000000000000, 0.000000000000000000 ) ) ;
#2419 = EDGE_LOOP ( 'NONE', ( #1351, #2504, #83, #2023, #711, #720 ) ) ;
#2420 = DIRECTION ( 'NONE',  ( -2.710505431213761085E-16, -1.000000000000000000, 0.000000000000000000 ) ) ;
#2421 = CC_DESIGN_PERSON_AND_ORGANIZATION_ASSIGNMENT ( #1027, #243, ( #1957 ) ) ;
#2422 = ADVANCED_FACE ( 'NONE', ( #334 ), #2507, .T. ) ;
#2423 = VERTEX_POINT ( 'NONE', #514 ) ;
#2424 = DIRECTION ( 'NONE',  ( -1.156482317317871478E-16, 1.000000000000000000, -0.000000000000000000 ) ) ;
#2425 = VECTOR ( 'NONE', #234, 1000.000000000000000 ) ;
#2426 = VECTOR ( 'NONE', #1741, 1000.000000000000000 ) ;
#2427 = ORIENTED_EDGE ( 'NONE', *, *, #1852, .T. ) ;
#2428 = VERTEX_POINT ( 'NONE', #973 ) ;
#2429 = EDGE_CURVE ( 'NONE', #1828, #1221, #830, .T. ) ;
#2430 = EDGE_CURVE ( 'NONE', #693, #1416, #2368, .T. ) ;
#2431 = CARTESIAN_POINT ( 'NONE',  ( 14.99999999999996092, 0.000000000000000000, 840.0000000000001137 ) ) ;
#2432 = ADVANCED_FACE ( 'NONE', ( #2336 ), #1382, .F. ) ;
#2433 = DATE_TIME_ROLE ( 'classification_date' ) ;
#2434 = FACE_OUTER_BOUND ( 'NONE', #1109, .T. ) ;
#2435 = CARTESIAN_POINT ( 'NONE',  ( 10.00000000000000178, 7.000000000000000000, 385.0000000000000000 ) ) ;
#2436 = VERTEX_POINT ( 'NONE', #179 ) ;
#2437 = VECTOR ( 'NONE', #156, 1000.000000000000000 ) ;
#2438 = CYLINDRICAL_SURFACE ( 'NONE', #2268, 2.000000000000000000 ) ;
#2439 = LOCAL_TIME ( 14, 14, 56.00000000000000000, #1506 ) ;
#2440 = ADVANCED_BREP_SHAPE_REPRESENTATION ( '', ( #852, #2204 ), #1205 ) ;
#2441 = VECTOR ( 'NONE', #1970, 1000.000000000000000 ) ;
#2442 = LINE ( 'NONE', #130, #1917 ) ;
#2443 = CARTESIAN_POINT ( 'NONE',  ( 4.999999999999997335, 37.00000000000000000, 10.00000000000000000 ) ) ;
#2444 = EDGE_LOOP ( 'NONE', ( #2058, #477, #2194, #2562 ) ) ;
#2445 = PERSON_AND_ORGANIZATION ( #534, #1097 ) ;
#2446 = VERTEX_POINT ( 'NONE', #2155 ) ;
#2447 = APPROVAL_STATUS ( 'not_yet_approved' ) ;
#2448 = CARTESIAN_POINT ( 'NONE',  ( -290.0000000000001137, 765.0000000000001137, 30.00000000000002842 ) ) ;
#2449 = ADVANCED_FACE ( 'NONE', ( #988 ), #1500, .T. ) ;
#2450 = VERTEX_POINT ( 'NONE', #1769 ) ;
#2451 = DIRECTION ( 'NONE',  ( 0.000000000000000000, -1.000000000000000000, 0.000000000000000000 ) ) ;
#2452 = EDGE_CURVE ( 'NONE', #1073, #693, #2402, .T. ) ;
#2453 = DIRECTION ( 'NONE',  ( -2.710505431213761085E-16, -1.000000000000000000, 0.000000000000000000 ) ) ;
#2454 = AXIS2_PLACEMENT_3D ( 'NONE', #574, #753, #361 ) ;
#2455 = DATE_TIME_ROLE ( 'classification_date' ) ;
#2456 = LINE ( 'NONE', #316, #856 ) ;
#2457 = CARTESIAN_POINT ( 'NONE',  ( 15.00000000000000000, 3.000000000000000000, 395.0000000000000000 ) ) ;
#2458 = CARTESIAN_POINT ( 'NONE',  ( 260.0000000000000000, 317.4999999999999432, 30.00000000000002842 ) ) ;
#2459 = EDGE_LOOP ( 'NONE', ( #1255, #1055, #1576, #1034 ) ) ;
#2460 = DATE_TIME_ROLE ( 'creation_date' ) ;
#2461 = EDGE_CURVE ( 'NONE', #2587, #67, #1749, .T. ) ;
#2462 = DIRECTION ( 'NONE',  ( -0.000000000000000000, -1.000000000000000000, -0.000000000000000000 ) ) ;
#2463 = DIRECTION ( 'NONE',  ( 1.000000000000000000, 0.000000000000000000, -0.000000000000000000 ) ) ;
#2464 = LINE ( 'NONE', #967, #2399 ) ;
#2465 = VERTEX_POINT ( 'NONE', #1992 ) ;
#2466 = PERSON_AND_ORGANIZATION_ROLE ( 'classification_officer' ) ;
#2467 = FACE_BOUND ( 'NONE', #558, .T. ) ;
#2468 = ORIENTED_EDGE ( 'NONE', *, *, #800, .F. ) ;
#2469 = FACE_OUTER_BOUND ( 'NONE', #2279, .T. ) ;
#2470 = APPROVAL_PERSON_ORGANIZATION ( #1732, #1156, #626 ) ;
#2471 = DIRECTION ( 'NONE',  ( -1.000000000000000000, 0.000000000000000000, 0.000000000000000000 ) ) ;
#2472 = COORDINATED_UNIVERSAL_TIME_OFFSET ( 8, 0, .AHEAD. ) ;
#2473 = ORIENTED_EDGE ( 'NONE', *, *, #1636, .T. ) ;
#2474 = CARTESIAN_POINT ( 'NONE',  ( -15.00000000000003730, 0.000000000000000000, 10.00000000000000000 ) ) ;
#2475 = VECTOR ( 'NONE', #1717, 1000.000000000000000 ) ;
#2476 = VERTEX_POINT ( 'NONE', #755 ) ;
#2477 = CARTESIAN_POINT ( 'NONE',  ( 9.999999999999998224, 32.00000000000000000, 385.0000000000000000 ) ) ;
#2478 = DIRECTION ( 'NONE',  ( 0.000000000000000000, -1.000000000000000000, 0.000000000000000000 ) ) ;
#2479 = ORIENTED_EDGE ( 'NONE', *, *, #479, .F. ) ;
#2480 = EDGE_CURVE ( 'NONE', #2322, #14, #2156, .T. ) ;
#2481 = AXIS2_PLACEMENT_3D ( 'NONE', #963, #1378, #2177 ) ;
#2482 = ADVANCED_FACE ( 'NONE', ( #672 ), #2009, .T. ) ;
#2483 = DIRECTION ( 'NONE',  ( 0.000000000000000000, 0.000000000000000000, 1.000000000000000000 ) ) ;
#2484 = VECTOR ( 'NONE', #1233, 1000.000000000000000 ) ;
#2485 = EDGE_LOOP ( 'NONE', ( #2062, #11, #593, #1821 ) ) ;
#2486 = DIRECTION ( 'NONE',  ( 0.000000000000000000, -1.000000000000000000, 0.000000000000000000 ) ) ;
#2487 = ORIENTED_EDGE ( 'NONE', *, *, #853, .F. ) ;
#2488 = VECTOR ( 'NONE', #1959, 1000.000000000000000 ) ;
#2489 = CARTESIAN_POINT ( 'NONE',  ( 289.9999999999998863, -1199.999999999999773, 30.00000000000000000 ) ) ;
#2490 = DIRECTION ( 'NONE',  ( 1.000000000000000000, 0.000000000000000000, 0.000000000000000000 ) ) ;
#2491 = EDGE_CURVE ( 'NONE', #2355, #1319, #1974, .T. ) ;
#2492 = ADVANCED_FACE ( 'NONE', ( #2095 ), #553, .T. ) ;
#2493 = LINE ( 'NONE', #401, #1013 ) ;
#2494 = ORGANIZATION ( 'NAUO-ORG3', 'UNSPECIFIED', 'UNSPECIFIED' ) ;
#2495 = ORIENTED_EDGE ( 'NONE', *, *, #360, .T. ) ;
#2496 = VECTOR ( 'NONE', #391, 1000.000000000000000 ) ;
#2497 = ADVANCED_FACE ( 'NONE', ( #1141 ), #2572, .F. ) ;
#2498 = LINE ( 'NONE', #1471, #274 ) ;
#2499 = PERSON_AND_ORGANIZATION ( #534, #1097 ) ;
#2500 = VECTOR ( 'NONE', #266, 1000.000000000000000 ) ;
#2501 = VECTOR ( 'NONE', #793, 1000.000000000000000 ) ;
#2502 = CC_DESIGN_SECURITY_CLASSIFICATION ( #1015, ( #1658 ) ) ;
#2503 = FACE_OUTER_BOUND ( 'NONE', #2206, .T. ) ;
#2504 = ORIENTED_EDGE ( 'NONE', *, *, #1217, .T. ) ;
#2505 = LOCAL_TIME ( 14, 14, 56.00000000000000000, #1571 ) ;
#2506 = EDGE_LOOP ( 'NONE', ( #1910, #1924, #889, #1437 ) ) ;
#2507 = PLANE ( 'NONE',  #2389 ) ;
#2508 = EDGE_LOOP ( 'NONE', ( #1427, #2235, #1727, #2513 ) ) ;
#2509 = ORIENTED_EDGE ( 'NONE', *, *, #1652, .F. ) ;
#2510 = ORIENTED_EDGE ( 'NONE', *, *, #2327, .F. ) ;
#2511 = PLANE ( 'NONE',  #473 ) ;
#2512 = EDGE_CURVE ( 'NONE', #2030, #2476, #145, .T. ) ;
#2513 = ORIENTED_EDGE ( 'NONE', *, *, #1763, .F. ) ;
#2514 = CARTESIAN_POINT ( 'NONE',  ( 1100.535543567313880, -160.0000000000001421, 30.00000000000000000 ) ) ;
#2515 = EDGE_CURVE ( 'NONE', #1472, #408, #1086, .T. ) ;
#2516 = AXIS2_PLACEMENT_3D ( 'NONE', #1172, #348, #2367 ) ;
#2517 = DIRECTION ( 'NONE',  ( 0.000000000000000000, 0.000000000000000000, 1.000000000000000000 ) ) ;
#2518 = CARTESIAN_POINT ( 'NONE',  ( -15.00000000000003730, 2.000000000000000444, 0.000000000000000000 ) ) ;
#2519 = VECTOR ( 'NONE', #85, 1000.000000000000000 ) ;
#2520 = DIRECTION ( 'NONE',  ( 0.000000000000000000, 0.000000000000000000, 1.000000000000000000 ) ) ;
#2521 = EDGE_LOOP ( 'NONE', ( #196, #426, #1054, #747 ) ) ;
#2522 = CARTESIAN_POINT ( 'NONE',  ( -15.00000000000001243, 96.00000000000000000, 0.000000000000000000 ) ) ;
#2523 = EDGE_CURVE ( 'NONE', #494, #1549, #929, .T. ) ;
#2524 = VECTOR ( 'NONE', #363, 1000.000000000000000 ) ;
#2525 = ORIENTED_EDGE ( 'NONE', *, *, #2429, .F. ) ;
#2526 = FACE_OUTER_BOUND ( 'NONE', #1519, .T. ) ;
#2527 = APPROVAL_PERSON_ORGANIZATION ( #1181, #42, #424 ) ;
#2528 = ORIENTED_EDGE ( 'NONE', *, *, #2461, .F. ) ;
#2529 = COORDINATED_UNIVERSAL_TIME_OFFSET ( 8, 0, .AHEAD. ) ;
#2530 = DIRECTION ( 'NONE',  ( 0.000000000000000000, 2.643388153869421297E-16, -1.000000000000000000 ) ) ;
#2531 = EDGE_LOOP ( 'NONE', ( #779, #2175, #895, #2538, #26, #344 ) ) ;
#2532 = CARTESIAN_POINT ( 'NONE',  ( 1282.179044981846573, 317.4999999999999432, 30.00000000000002842 ) ) ;
#2533 = DIRECTION ( 'NONE',  ( 1.000000000000000000, 0.000000000000000000, 0.000000000000000000 ) ) ;
#2534 = VERTEX_POINT ( 'NONE', #157 ) ;
#2535 = CARTESIAN_POINT ( 'NONE',  ( 1100.535543567313880, 765.0000000000001137, 30.00000000000002842 ) ) ;
#2536 = EDGE_CURVE ( 'NONE', #2404, #1269, #1435, .T. ) ;
#2537 = EDGE_LOOP ( 'NONE', ( #1835, #1429, #603, #1398 ) ) ;
#2538 = ORIENTED_EDGE ( 'NONE', *, *, #1847, .F. ) ;
#2539 = SECURITY_CLASSIFICATION ( '', '', #1866 ) ;
#2540 = CARTESIAN_POINT ( 'NONE',  ( -15.00000000000003730, 0.000000000000000000, 10.00000000000000000 ) ) ;
#2541 = ORIENTED_EDGE ( 'NONE', *, *, #1991, .T. ) ;
#2542 = DIRECTION ( 'NONE',  ( -0.000000000000000000, 0.000000000000000000, -1.000000000000000000 ) ) ;
#2543 = CARTESIAN_POINT ( 'NONE',  ( 12.99999999999995914, 0.000000000000000000, 830.0000000000001137 ) ) ;
#2544 = VECTOR ( 'NONE', #1329, 1000.000000000000000 ) ;
#2545 = EDGE_CURVE ( 'NONE', #1232, #1346, #2493, .T. ) ;
#2546 = VECTOR ( 'NONE', #1573, 1000.000000000000000 ) ;
#2547 = LINE ( 'NONE', #885, #1912 ) ;
#2548 = VERTEX_POINT ( 'NONE', #217 ) ;
#2549 = ITEM_DEFINED_TRANSFORMATION ( 'NONE', 'NONE', #1676,  #2204 ) ;
#2550 = LINE ( 'NONE', #1452, #1022 ) ;
#2551 = DIRECTION ( 'NONE',  ( 1.000000000000000000, 0.000000000000000000, -0.000000000000000000 ) ) ;
#2552 = ORIENTED_EDGE ( 'NONE', *, *, #381, .T. ) ;
#2553 = LINE ( 'NONE', #1246, #1757 ) ;
#2554 = AXIS2_PLACEMENT_3D ( 'NONE', #357, #1734, #730 ) ;
#2555 = CARTESIAN_POINT ( 'NONE',  ( -5.000000000000000888, 32.00000000000000000, 385.0000000000000000 ) ) ;
#2556 = FACE_OUTER_BOUND ( 'NONE', #2027, .T. ) ;
#2557 = ORIENTED_EDGE ( 'NONE', *, *, #1718, .T. ) ;
#2558 = SHAPE_DEFINITION_REPRESENTATION ( #459, #509 ) ;
#2559 = EDGE_LOOP ( 'NONE', ( #847, #1964, #2072, #958 ) ) ;
#2560 = CC_DESIGN_DATE_AND_TIME_ASSIGNMENT ( #956, #1655, ( #1568 ) ) ;
#2561 = CC_DESIGN_PERSON_AND_ORGANIZATION_ASSIGNMENT ( #71, #850, ( #1306 ) ) ;
#2562 = ORIENTED_EDGE ( 'NONE', *, *, #1453, .T. ) ;
#2563 = DIRECTION ( 'NONE',  ( 0.000000000000000000, -0.000000000000000000, -1.000000000000000000 ) ) ;
#2564 = CARTESIAN_POINT ( 'NONE',  ( 14.99999999999998757, 96.00000000000000000, 10.00000000000000000 ) ) ;
#2565 = ORIENTED_EDGE ( 'NONE', *, *, #1614, .T. ) ;
#2566 = DIRECTION ( 'NONE',  ( 0.000000000000000000, -0.000000000000000000, 1.000000000000000000 ) ) ;
#2567 = ORIENTED_EDGE ( 'NONE', *, *, #2275, .F. ) ;
#2568 = APPROVAL_PERSON_ORGANIZATION ( #893, #583, #1037 ) ;
#2569 = DIRECTION ( 'NONE',  ( -0.000000000000000000, 0.000000000000000000, 1.000000000000000000 ) ) ;
#2570 = EDGE_CURVE ( 'NONE', #1828, #224, #1473, .T. ) ;
#2571 = DIRECTION ( 'NONE',  ( 1.000000000000000000, 0.000000000000000000, -0.000000000000000000 ) ) ;
#2572 = PLANE ( 'NONE',  #668 ) ;
#2573 = DIRECTION ( 'NONE',  ( -1.000000000000000000, 0.000000000000000000, 0.000000000000000000 ) ) ;
#2574 = LINE ( 'NONE', #915, #2068 ) ;
#2575 = PLANE ( 'NONE',  #2187 ) ;
#2576 = CARTESIAN_POINT ( 'NONE',  ( 1282.179044981846573, 317.4999999999999432, 435.0000000000000000 ) ) ;
#2577 = CARTESIAN_POINT ( 'NONE',  ( 1100.535543567313880, 794.9999999999998863, 869.9999999999998863 ) ) ;
#2578 = DIRECTION ( 'NONE',  ( 1.000000000000000000, 0.000000000000000000, 0.000000000000000000 ) ) ;
#2579 = EDGE_LOOP ( 'NONE', ( #2541, #1087, #1773, #1548 ) ) ;
#2580 = LINE ( 'NONE', #1742, #2073 ) ;
#2581 = ORIENTED_EDGE ( 'NONE', *, *, #362, .F. ) ;
#2582 = CALENDAR_DATE ( 2026, 2, 6 ) ;
#2583 = CARTESIAN_POINT ( 'NONE',  ( 12.00000000000000000, 0.000000000000000000, 10.00000000000000000 ) ) ;
#2584 = CARTESIAN_POINT ( 'NONE',  ( -12.00000000000000000, 0.000000000000000000, 395.0000000000000000 ) ) ;
#2585 = EDGE_CURVE ( 'NONE', #2436, #2239, #707, .T. ) ;
#2586 = FACE_OUTER_BOUND ( 'NONE', #838, .T. ) ;
#2587 = VERTEX_POINT ( 'NONE', #578 ) ;
#2588 = DATE_AND_TIME ( #2256, #2016 ) ;
#2589 = NEXT_ASSEMBLY_USAGE_OCCURRENCE ( 'NAUO1', ' ', ' ', #1806, #1568, $ ) ;
#2590 = NEXT_ASSEMBLY_USAGE_OCCURRENCE ( 'NAUO2', ' ', ' ', #1806, #1843, $ ) ;
#2591 = NEXT_ASSEMBLY_USAGE_OCCURRENCE ( 'NAUO3', ' ', ' ', #1806, #2122, $ ) ;
ENDSEC;
END-ISO-10303-21;
