ISO-10303-21;
HEADER;
FILE_DESCRIPTION (( 'STEP AP203' ),
    '1' );
FILE_NAME ('柜06.STEP',
    '2026-06-02T06:24:56',
    ( 'Windows 用户' ),
    ( 'Microsoft' ),
    'SwSTEP 2.0',
    'SolidWorks 2018',
    '' );
FILE_SCHEMA (( 'CONFIG_CONTROL_DESIGN' ));
ENDSEC;

DATA;
#1 = AXIS2_PLACEMENT_3D ( 'NONE', #1363, #2125, #703 ) ;
#2 = LINE ( 'NONE', #250, #1405 ) ;
#3 = PLANE ( 'NONE',  #1748 ) ;
#4 = DIRECTION ( 'NONE',  ( 0.000000000000000000, 0.000000000000000000, 1.000000000000000000 ) ) ;
#5 = CALENDAR_DATE ( 2026, 2, 6 ) ;
#6 = CC_DESIGN_APPROVAL ( #2526, ( #2486 ) ) ;
#7 = VECTOR ( 'NONE', #1229, 1000.000000000000000 ) ;
#8 = COORDINATED_UNIVERSAL_TIME_OFFSET ( 8, 0, .AHEAD. ) ;
#9 = DIRECTION ( 'NONE',  ( 0.000000000000000000, -0.000000000000000000, -1.000000000000000000 ) ) ;
#10 = DIRECTION ( 'NONE',  ( 1.000000000000000000, 4.336808689942017120E-17, 0.000000000000000000 ) ) ;
#11 = ORIENTED_EDGE ( 'NONE', *, *, #411, .T. ) ;
#12 = CARTESIAN_POINT ( 'NONE',  ( 358.0000000000000000, 23.00000000000000355, 0.000000000000000000 ) ) ;
#13 = DIRECTION ( 'NONE',  ( -1.211399075402798533E-16, -1.000000000000000000, 0.000000000000000000 ) ) ;
#14 = ORIENTED_EDGE ( 'NONE', *, *, #1448, .F. ) ;
#15 = EDGE_CURVE ( 'NONE', #927, #788, #1456, .T. ) ;
#16 = AXIS2_PLACEMENT_3D ( 'NONE', #1757, #2602, #1352 ) ;
#17 = VERTEX_POINT ( 'NONE', #1074 ) ;
#18 = DIRECTION ( 'NONE',  ( -2.710505431213761085E-16, -1.000000000000000000, 0.000000000000000000 ) ) ;
#19 = CARTESIAN_POINT ( 'NONE',  ( -358.0000000000000568, 92.00000000000000000, 22.00000000000000000 ) ) ;
#20 = APPROVAL ( #1000, '未指定' ) ;
#21 = VECTOR ( 'NONE', #469, 1000.000000000000000 ) ;
#22 = CARTESIAN_POINT ( 'NONE',  ( 219.0000000000001421, 3.999999999999989786, 37.00000000000000711 ) ) ;
#23 = ADVANCED_FACE ( 'NONE', ( #2474 ), #2148, .T. ) ;
#24 = PLANE ( 'NONE',  #627 ) ;
#25 = CARTESIAN_POINT ( 'NONE',  ( 358.0000000000000000, 23.00000000000000355, -247.5000000000000000 ) ) ;
#26 = DIRECTION ( 'NONE',  ( 1.000000000000000000, 0.000000000000000000, -2.418786546024306141E-16 ) ) ;
#27 = VERTEX_POINT ( 'NONE', #868 ) ;
#28 = EDGE_CURVE ( 'NONE', #1634, #2304, #475, .T. ) ;
#29 = ORIENTED_EDGE ( 'NONE', *, *, #2206, .F. ) ;
#30 = ORIENTED_EDGE ( 'NONE', *, *, #233, .T. ) ;
#31 = VECTOR ( 'NONE', #639, 1000.000000000000000 ) ;
#32 = ORIENTED_EDGE ( 'NONE', *, *, #272, .T. ) ;
#33 = DIRECTION ( 'NONE',  ( -0.000000000000000000, 0.000000000000000000, -1.000000000000000000 ) ) ;
#34 = VECTOR ( 'NONE', #1930, 1000.000000000000000 ) ;
#35 = EDGE_CURVE ( 'NONE', #2360, #369, #552, .T. ) ;
#36 = CARTESIAN_POINT ( 'NONE',  ( -358.0000000000000568, -92.00000000000000000, 0.000000000000000000 ) ) ;
#37 = DATE_AND_TIME ( #713, #2620 ) ;
#38 = DIRECTION ( 'NONE',  ( -0.000000000000000000, 0.000000000000000000, -1.000000000000000000 ) ) ;
#39 = VECTOR ( 'NONE', #1996, 1000.000000000000000 ) ;
#40 = CALENDAR_DATE ( 2026, 2, 6 ) ;
#41 = DIRECTION ( 'NONE',  ( 1.156482317317871725E-16, -1.000000000000000000, 0.000000000000000000 ) ) ;
#42 = CARTESIAN_POINT ( 'NONE',  ( -290.0000000000001137, 1200.000000000000227, 0.000000000000000000 ) ) ;
#43 = ADVANCED_FACE ( 'NONE', ( #1720 ), #2120, .T. ) ;
#44 = LINE ( 'NONE', #1886, #1381 ) ;
#45 = VECTOR ( 'NONE', #462, 1000.000000000000000 ) ;
#46 = CC_DESIGN_DATE_AND_TIME_ASSIGNMENT ( #2387, #2673, ( #2617 ) ) ;
#47 = DIRECTION ( 'NONE',  ( -0.000000000000000000, 0.000000000000000000, -1.000000000000000000 ) ) ;
#48 = ORIENTED_EDGE ( 'NONE', *, *, #2638, .T. ) ;
#49 = PLANE ( 'NONE',  #397 ) ;
#50 = EDGE_LOOP ( 'NONE', ( #754, #1221, #1392, #2458 ) ) ;
#51 = CARTESIAN_POINT ( 'NONE',  ( 1100.535543567313880, -719.9999999999997726, 30.00000000000000000 ) ) ;
#52 = CARTESIAN_POINT ( 'NONE',  ( 259.9999999999998863, -749.9999999999997726, 30.00000000000000000 ) ) ;
#53 = EDGE_LOOP ( 'NONE', ( #1609, #1861, #474, #594 ) ) ;
#54 = VERTEX_POINT ( 'NONE', #253 ) ;
#55 = ADVANCED_FACE ( 'NONE', ( #311 ), #49, .T. ) ;
#56 = ORIENTED_EDGE ( 'NONE', *, *, #595, .F. ) ;
#57 = LINE ( 'NONE', #1237, #1240 ) ;
#58 = DIRECTION ( 'NONE',  ( 1.000000000000000000, 0.000000000000000000, 0.000000000000000000 ) ) ;
#59 =( GEOMETRIC_REPRESENTATION_CONTEXT ( 3 ) GLOBAL_UNCERTAINTY_ASSIGNED_CONTEXT ( ( #739 ) ) GLOBAL_UNIT_ASSIGNED_CONTEXT ( ( #1557, #1803, #723 ) ) REPRESENTATION_CONTEXT ( 'NONE', 'WORKASPACE' ) );
#60 = CIRCLE ( 'NONE', #1604, 8.000000000000000000 ) ;
#61 = DIRECTION ( 'NONE',  ( -1.000000000000000000, 0.000000000000000000, 0.000000000000000000 ) ) ;
#62 = DIRECTION ( 'NONE',  ( 0.000000000000000000, 1.000000000000000000, -1.387778780781445182E-16 ) ) ;
#63 = CIRCLE ( 'NONE', #400, 8.000000000000000000 ) ;
#64 = DIRECTION ( 'NONE',  ( -1.000000000000000000, 0.000000000000000000, 0.000000000000000000 ) ) ;
#65 =( NAMED_UNIT ( * ) PLANE_ANGLE_UNIT ( ) SI_UNIT ( $, .RADIAN. ) );
#66 = VERTEX_POINT ( 'NONE', #1709 ) ;
#67 = ADVANCED_FACE ( 'NONE', ( #2227 ), #1491, .F. ) ;
#68 = LINE ( 'NONE', #1488, #1346 ) ;
#69 = CARTESIAN_POINT ( 'NONE',  ( -339.9999999999996589, 23.00000000000008527, 0.000000000000000000 ) ) ;
#70 = CALENDAR_DATE ( 2026, 2, 6 ) ;
#71 = PLANE ( 'NONE',  #16 ) ;
#72 = LINE ( 'NONE', #238, #324 ) ;
#73 = APPROVAL_PERSON_ORGANIZATION ( #1972, #1373, #1155 ) ;
#74 = DIRECTION ( 'NONE',  ( -1.214306433183764966E-16, 1.000000000000000000, 0.000000000000000000 ) ) ;
#75 = CARTESIAN_POINT ( 'NONE',  ( -210.0000000000000853, -1149.999999999999773, 89.99999999999998579 ) ) ;
#76 = EDGE_LOOP ( 'NONE', ( #2291, #1401, #1264, #1447 ) ) ;
#77 = EDGE_CURVE ( 'NONE', #1852, #534, #2612, .T. ) ;
#78 = ORIENTED_EDGE ( 'NONE', *, *, #2183, .F. ) ;
#79 = ADVANCED_FACE ( 'NONE', ( #2351 ), #24, .T. ) ;
#80 = ORIENTED_EDGE ( 'NONE', *, *, #480, .F. ) ;
#81 = CARTESIAN_POINT ( 'NONE',  ( -9.999999999999998224, 28.99999999999999645, 830.0000000000001137 ) ) ;
#82 = DIRECTION ( 'NONE',  ( 1.156482317317871725E-16, -1.000000000000000000, 0.000000000000000000 ) ) ;
#83 = VERTEX_POINT ( 'NONE', #894 ) ;
#84 = DIRECTION ( 'NONE',  ( 0.000000000000000000, -0.000000000000000000, 1.000000000000000000 ) ) ;
#85 = ORIENTED_EDGE ( 'NONE', *, *, #347, .F. ) ;
#86 = ORIENTED_EDGE ( 'NONE', *, *, #1133, .T. ) ;
#87 = EDGE_CURVE ( 'NONE', #544, #404, #185, .T. ) ;
#88 = CARTESIAN_POINT ( 'NONE',  ( -100.0000000000000142, -16.00000000000000711, 22.00000000000000000 ) ) ;
#89 = DIRECTION ( 'NONE',  ( 0.000000000000000000, 0.000000000000000000, 1.000000000000000000 ) ) ;
#90 = DIRECTION ( 'NONE',  ( -0.000000000000000000, -0.000000000000000000, 1.000000000000000000 ) ) ;
#91 = LINE ( 'NONE', #2193, #1824 ) ;
#92 = CARTESIAN_POINT ( 'NONE',  ( 259.9999999999998863, 0.000000000000000000, 0.000000000000000000 ) ) ;
#93 = APPROVAL_ROLE ( '' ) ;
#94 = CARTESIAN_POINT ( 'NONE',  ( 10.00000000000000711, 7.000000000000000000, 840.0000000000001137 ) ) ;
#95 = VECTOR ( 'NONE', #830, 1000.000000000000000 ) ;
#96 = ADVANCED_FACE ( 'NONE', ( #1218 ), #2597, .F. ) ;
#97 = CARTESIAN_POINT ( 'NONE',  ( -13.00000000000003730, 2.000000000000000000, 10.00000000000000000 ) ) ;
#98 = LINE ( 'NONE', #893, #2618 ) ;
#99 = PERSON_AND_ORGANIZATION ( #2340, #2519 ) ;
#100 = CARTESIAN_POINT ( 'NONE',  ( 99.99999999999998579, 3.999999999999989786, 72.00000000000001421 ) ) ;
#101 = VERTEX_POINT ( 'NONE', #2388 ) ;
#102 = FACE_OUTER_BOUND ( 'NONE', #270, .T. ) ;
#103 = PERSON_AND_ORGANIZATION ( #2340, #2519 ) ;
#104 = PLANE ( 'NONE',  #307 ) ;
#105 = VECTOR ( 'NONE', #795, 1000.000000000000000 ) ;
#106 = AXIS2_PLACEMENT_3D ( 'NONE', #240, #273, #1979 ) ;
#107 = PLANE ( 'NONE',  #2364 ) ;
#108 = CARTESIAN_POINT ( 'NONE',  ( -15.00000000000003730, 2.000000000000001776, 840.0000000000001137 ) ) ;
#109 = EDGE_CURVE ( 'NONE', #1983, #607, #2420, .T. ) ;
#110 = EDGE_CURVE ( 'NONE', #2644, #27, #2164, .T. ) ;
#111 = CC_DESIGN_PERSON_AND_ORGANIZATION_ASSIGNMENT ( #1805, #2059, ( #998 ) ) ;
#112 = DIRECTION ( 'NONE',  ( 1.224646799147353207E-16, 1.500301384628590373E-16, 1.000000000000000000 ) ) ;
#113 = EDGE_LOOP ( 'NONE', ( #829, #1227, #2241, #637 ) ) ;
#114 = VERTEX_POINT ( 'NONE', #1552 ) ;
#115 = EDGE_CURVE ( 'NONE', #669, #1046, #2543, .T. ) ;
#116 = ORIENTED_EDGE ( 'NONE', *, *, #642, .F. ) ;
#117 = DIRECTION ( 'NONE',  ( 0.000000000000000000, 1.541976423090495633E-16, 1.000000000000000000 ) ) ;
#118 = DIRECTION ( 'NONE',  ( -1.000000000000000000, -0.000000000000000000, 8.163404592832033966E-17 ) ) ;
#119 = VERTEX_POINT ( 'NONE', #81 ) ;
#120 = CARTESIAN_POINT ( 'NONE',  ( -100.0000000000000142, 15.99999999999998934, 64.00000000000000000 ) ) ;
#121 = CARTESIAN_POINT ( 'NONE',  ( -15.00000000000003730, 0.000000000000000000, 10.00000000000000000 ) ) ;
#122 = EDGE_LOOP ( 'NONE', ( #787, #1194, #721, #463 ) ) ;
#123 = VECTOR ( 'NONE', #10, 1000.000000000000000 ) ;
#124 = EDGE_CURVE ( 'NONE', #1821, #1362, #2287, .T. ) ;
#125 = ORIENTED_EDGE ( 'NONE', *, *, #408, .F. ) ;
#126 = VECTOR ( 'NONE', #118, 1000.000000000000000 ) ;
#127 = AXIS2_PLACEMENT_3D ( 'NONE', #1148, #2627, #2610 ) ;
#128 = CARTESIAN_POINT ( 'NONE',  ( -188.0000000000000853, -919.9999999999997726, 90.00000000000000000 ) ) ;
#129 = DIRECTION ( 'NONE',  ( 0.000000000000000000, -1.000000000000000000, 0.000000000000000000 ) ) ;
#130 = DIRECTION ( 'NONE',  ( 1.000000000000000000, 0.000000000000000000, 0.000000000000000000 ) ) ;
#131 = VECTOR ( 'NONE', #2522, 1000.000000000000000 ) ;
#132 = VECTOR ( 'NONE', #2599, 1000.000000000000000 ) ;
#133 = VECTOR ( 'NONE', #1259, 1000.000000000000000 ) ;
#134 = DATE_AND_TIME ( #655, #1941 ) ;
#135 = CARTESIAN_POINT ( 'NONE',  ( -1.999999999999999112, 28.99999999999999645, 830.0000000000001137 ) ) ;
#136 = VECTOR ( 'NONE', #186, 1000.000000000000000 ) ;
#137 = PERSON_AND_ORGANIZATION ( #2340, #2519 ) ;
#138 = APPROVAL_STATUS ( 'not_yet_approved' ) ;
#139 = CARTESIAN_POINT ( 'NONE',  ( -15.00000000000003730, 2.000000000000000444, 0.000000000000000000 ) ) ;
#140 = EDGE_CURVE ( 'NONE', #1634, #943, #1995, .T. ) ;
#141 = AXIS2_PLACEMENT_3D ( 'NONE', #492, #936, #1139 ) ;
#142 = ORIENTED_EDGE ( 'NONE', *, *, #989, .T. ) ;
#143 = DIRECTION ( 'NONE',  ( 0.000000000000000000, 0.000000000000000000, -1.000000000000000000 ) ) ;
#144 = SECURITY_CLASSIFICATION ( '', '', #154 ) ;
#145 = PLANE ( 'NONE',  #696 ) ;
#146 = PERSON_AND_ORGANIZATION_ROLE ( 'creator' ) ;
#147 = ORIENTED_EDGE ( 'NONE', *, *, #850, .F. ) ;
#148 = EDGE_CURVE ( 'NONE', #1289, #2243, #2224, .T. ) ;
#149 = PLANE ( 'NONE',  #1353 ) ;
#150 = EDGE_LOOP ( 'NONE', ( #1788, #1255, #1816, #569 ) ) ;
#151 = ORIENTED_EDGE ( 'NONE', *, *, #2094, .F. ) ;
#152 = DIRECTION ( 'NONE',  ( 1.156482317317871478E-16, -1.000000000000000000, 0.000000000000000000 ) ) ;
#153 = PRODUCT_DEFINITION_SHAPE ( 'NONE', 'NONE',  #2709 ) ;
#154 = SECURITY_CLASSIFICATION_LEVEL ( 'unclassified' ) ;
#155 = VECTOR ( 'NONE', #966, 1000.000000000000000 ) ;
#156 = AXIS2_PLACEMENT_3D ( 'NONE', #51, #2151, #1068 ) ;
#157 = PLANE ( 'NONE',  #1102 ) ;
#158 = ORIENTED_EDGE ( 'NONE', *, *, #1091, .T. ) ;
#159 = AXIS2_PLACEMENT_3D ( 'NONE', #1172, #1980, #2223 ) ;
#160 = ORIENTED_EDGE ( 'NONE', *, *, #1874, .T. ) ;
#161 = VECTOR ( 'NONE', #1399, 1000.000000000000000 ) ;
#162 = CARTESIAN_POINT ( 'NONE',  ( -290.0000000000001137, -1199.999999999999773, 899.9999999999998863 ) ) ;
#163 = VECTOR ( 'NONE', #2407, 1000.000000000000000 ) ;
#164 = DATE_AND_TIME ( #1968, #2517 ) ;
#165 = DIRECTION ( 'NONE',  ( 0.000000000000000000, -0.000000000000000000, -1.000000000000000000 ) ) ;
#166 = LINE ( 'NONE', #1783, #920 ) ;
#167 = COORDINATED_UNIVERSAL_TIME_OFFSET ( 8, 0, .AHEAD. ) ;
#168 = LINE ( 'NONE', #2534, #2333 ) ;
#169 = VERTEX_POINT ( 'NONE', #2366 ) ;
#170 = EDGE_CURVE ( 'NONE', #514, #1263, #2284, .T. ) ;
#171 = EDGE_LOOP ( 'NONE', ( #2273, #2226, #1127, #1846 ) ) ;
#172 = ORIENTED_EDGE ( 'NONE', *, *, #2446, .T. ) ;
#173 = DIRECTION ( 'NONE',  ( 1.000000000000000000, 0.000000000000000000, 0.000000000000000000 ) ) ;
#174 = AXIS2_PLACEMENT_3D ( 'NONE', #1105, #47, #1081 ) ;
#175 = ORIENTED_EDGE ( 'NONE', *, *, #482, .F. ) ;
#176 = DIRECTION ( 'NONE',  ( 0.000000000000000000, -1.000000000000000000, -1.387778780781445922E-16 ) ) ;
#177 = MANIFOLD_SOLID_BREP ( '圆角2', #899 ) ;
#178 = DIRECTION ( 'NONE',  ( -1.000000000000000000, 0.000000000000000000, 0.000000000000000000 ) ) ;
#179 = EDGE_LOOP ( 'NONE', ( #701, #1875, #792, #1579 ) ) ;
#180 = DIRECTION ( 'NONE',  ( -1.000000000000000000, 0.000000000000000000, 2.418786546024306634E-16 ) ) ;
#181 = CARTESIAN_POINT ( 'NONE',  ( -290.0000000000003411, 765.0000000000000000, 869.9999999999998863 ) ) ;
#182 = LINE ( 'NONE', #317, #839 ) ;
#183 = DIRECTION ( 'NONE',  ( -1.000000000000000000, -1.214306433183764966E-16, -1.517883041479706208E-16 ) ) ;
#184 = ORIENTED_EDGE ( 'NONE', *, *, #2029, .T. ) ;
#185 = LINE ( 'NONE', #720, #735 ) ;
#186 = DIRECTION ( 'NONE',  ( -1.000000000000000000, 0.000000000000000000, 0.000000000000000000 ) ) ;
#187 = ADVANCED_FACE ( 'NONE', ( #673 ), #71, .F. ) ;
#188 = CARTESIAN_POINT ( 'NONE',  ( 980.6247289678586867, -919.9999999999997726, 809.9999999999998863 ) ) ;
#189 = FACE_OUTER_BOUND ( 'NONE', #209, .T. ) ;
#190 = ORIENTED_EDGE ( 'NONE', *, *, #446, .T. ) ;
#191 = LOCAL_TIME ( 14, 24, 56.00000000000000000, #2584 ) ;
#192 = PRODUCT_DEFINITION_FORMATION_WITH_SPECIFIED_SOURCE ( '任何', '', #476, .NOT_KNOWN. ) ;
#193 = PLANE ( 'NONE',  #2520 ) ;
#194 = PRODUCT_DEFINITION_SHAPE ( 'NONE', 'NONE',  #2710 ) ;
#195 = LINE ( 'NONE', #2460, #1804 ) ;
#196 = DIRECTION ( 'NONE',  ( 0.000000000000000000, 0.000000000000000000, 1.000000000000000000 ) ) ;
#197 = CALENDAR_DATE ( 2026, 2, 6 ) ;
#198 = DATE_TIME_ROLE ( 'classification_date' ) ;
#199 = EDGE_CURVE ( 'NONE', #2243, #1057, #60, .T. ) ;
#200 = ORIENTED_EDGE ( 'NONE', *, *, #1596, .T. ) ;
#201 = LINE ( 'NONE', #1770, #784 ) ;
#202 = LOCAL_TIME ( 14, 24, 56.00000000000000000, #817 ) ;
#203 = CARTESIAN_POINT ( 'NONE',  ( -188.0000000000000853, -1120.000000000000000, 89.99999999999998579 ) ) ;
#204 = DIRECTION ( 'NONE',  ( 0.000000000000000000, -0.000000000000000000, -1.000000000000000000 ) ) ;
#205 = EDGE_CURVE ( 'NONE', #616, #1883, #1493, .T. ) ;
#206 = DIRECTION ( 'NONE',  ( -0.000000000000000000, -0.000000000000000000, -1.000000000000000000 ) ) ;
#207 = DIRECTION ( 'NONE',  ( 0.000000000000000000, -2.643388153869421297E-16, 1.000000000000000000 ) ) ;
#208 = DIRECTION ( 'NONE',  ( 0.000000000000000000, -1.000000000000000000, -1.387778780781445922E-16 ) ) ;
#209 = EDGE_LOOP ( 'NONE', ( #679, #1840, #2600, #2594 ) ) ;
#210 = AXIS2_PLACEMENT_3D ( 'NONE', #2677, #370, #1444 ) ;
#211 = ORIENTED_EDGE ( 'NONE', *, *, #2106, .T. ) ;
#212 = ORIENTED_EDGE ( 'NONE', *, *, #1890, .F. ) ;
#213 = ORIENTED_EDGE ( 'NONE', *, *, #2071, .F. ) ;
#214 = CARTESIAN_POINT ( 'NONE',  ( 99.99999999999998579, 8.000000000000014211, 72.00000000000001421 ) ) ;
#215 = ADVANCED_FACE ( 'NONE', ( #1859 ), #1329, .F. ) ;
#216 = DIRECTION ( 'NONE',  ( 0.000000000000000000, 0.000000000000000000, 1.000000000000000000 ) ) ;
#217 = LINE ( 'NONE', #750, #2056 ) ;
#218 = DIRECTION ( 'NONE',  ( -0.000000000000000000, -0.000000000000000000, 1.000000000000000000 ) ) ;
#219 = LINE ( 'NONE', #1078, #280 ) ;
#220 = ORIENTED_EDGE ( 'NONE', *, *, #2697, .F. ) ;
#221 = CARTESIAN_POINT ( 'NONE',  ( 14.99999999999998757, 96.00000000000000000, 0.000000000000000000 ) ) ;
#222 = EDGE_CURVE ( 'NONE', #1161, #2465, #1173, .T. ) ;
#223 = CARTESIAN_POINT ( 'NONE',  ( -358.0000000000000568, -107.0000000000000000, 22.00000000000000000 ) ) ;
#224 = DIRECTION ( 'NONE',  ( -1.000000000000000000, -0.000000000000000000, -0.000000000000000000 ) ) ;
#225 = EDGE_LOOP ( 'NONE', ( #2691, #1358, #2501, #1613, #935, #1684 ) ) ;
#226 = VECTOR ( 'NONE', #2049, 1000.000000000000000 ) ;
#227 = AXIS2_PLACEMENT_3D ( 'NONE', #393, #1201, #409 ) ;
#228 = LINE ( 'NONE', #2154, #1077 ) ;
#229 = CARTESIAN_POINT ( 'NONE',  ( -188.0000000000000853, -919.9999999999997726, 809.9999999999997726 ) ) ;
#230 = CARTESIAN_POINT ( 'NONE',  ( -188.0000000000000853, -950.0000000000000000, 809.9999999999997726 ) ) ;
#231 = ADVANCED_FACE ( 'NONE', ( #1656 ), #107, .F. ) ;
#232 = LOCAL_TIME ( 14, 24, 56.00000000000000000, #2139 ) ;
#233 = EDGE_CURVE ( 'NONE', #2110, #1056, #2706, .T. ) ;
#234 = DIRECTION ( 'NONE',  ( -1.000000000000000000, 0.000000000000000000, 0.000000000000000000 ) ) ;
#235 = VECTOR ( 'NONE', #1196, 1000.000000000000000 ) ;
#236 = APPROVAL_DATE_TIME ( #1870, #437 ) ;
#237 = PRODUCT ( '06', '06', '', ( #1812 ) ) ;
#238 = CARTESIAN_POINT ( 'NONE',  ( 0.000000000000000000, 1169.999999999999318, 30.00000000000000000 ) ) ;
#239 = VECTOR ( 'NONE', #1700, 1000.000000000000000 ) ;
#240 = CARTESIAN_POINT ( 'NONE',  ( 289.9999999999998863, -1199.999999999999773, 30.00000000000000000 ) ) ;
#241 = CARTESIAN_POINT ( 'NONE',  ( -339.9999999999999432, -60.99999999999995737, -229.4999999999999716 ) ) ;
#242 = ORIENTED_EDGE ( 'NONE', *, *, #1311, .F. ) ;
#243 = VERTEX_POINT ( 'NONE', #1782 ) ;
#244 = DIRECTION ( 'NONE',  ( 1.000000000000000000, 0.000000000000000000, 0.000000000000000000 ) ) ;
#245 = ORIENTED_EDGE ( 'NONE', *, *, #28, .T. ) ;
#246 = AXIS2_PLACEMENT_3D ( 'NONE', #1686, #435, #1908 ) ;
#247 = ORIENTED_EDGE ( 'NONE', *, *, #675, .F. ) ;
#248 = CARTESIAN_POINT ( 'NONE',  ( -209.9999999999997442, -719.9999999999997726, 869.9999999999998863 ) ) ;
#249 = CC_DESIGN_APPROVAL ( #1373, ( #2402 ) ) ;
#250 = CARTESIAN_POINT ( 'NONE',  ( -100.0000000000000142, -16.00000000000000711, 72.00000000000001421 ) ) ;
#251 = LINE ( 'NONE', #1189, #1894 ) ;
#252 = EDGE_CURVE ( 'NONE', #1983, #571, #1307, .T. ) ;
#253 = CARTESIAN_POINT ( 'NONE',  ( -15.00000000000001243, 96.00000000000000000, 10.00000000000000000 ) ) ;
#254 = VERTEX_POINT ( 'NONE', #1645 ) ;
#255 = VECTOR ( 'NONE', #269, 1000.000000000000000 ) ;
#256 =( LENGTH_UNIT ( ) NAMED_UNIT ( * ) SI_UNIT ( .MILLI., .METRE. ) );
#257 = ADVANCED_FACE ( 'NONE', ( #1658, #610 ), #1467, .F. ) ;
#258 = CARTESIAN_POINT ( 'NONE',  ( 358.0000000000000000, -77.00000000000000000, -247.5000000000000000 ) ) ;
#259 = VECTOR ( 'NONE', #1041, 1000.000000000000000 ) ;
#260 = EDGE_CURVE ( 'NONE', #790, #1065, #878, .T. ) ;
#261 = ORIENTED_EDGE ( 'NONE', *, *, #1876, .T. ) ;
#262 = LINE ( 'NONE', #1219, #2356 ) ;
#263 = CALENDAR_DATE ( 2026, 2, 6 ) ;
#264 = AXIS2_PLACEMENT_3D ( 'NONE', #1393, #2457, #1605 ) ;
#265 = DIRECTION ( 'NONE',  ( -0.000000000000000000, -1.000000000000000000, -0.000000000000000000 ) ) ;
#266 = DIRECTION ( 'NONE',  ( 0.000000000000000000, 0.000000000000000000, -1.000000000000000000 ) ) ;
#267 = FACE_OUTER_BOUND ( 'NONE', #1713, .T. ) ;
#268 = CALENDAR_DATE ( 2026, 2, 6 ) ;
#269 = DIRECTION ( 'NONE',  ( -1.000000000000000000, 0.000000000000000000, 0.000000000000000000 ) ) ;
#270 = EDGE_LOOP ( 'NONE', ( #1320, #1751, #1985, #2568 ) ) ;
#271 = ORIENTED_EDGE ( 'NONE', *, *, #2331, .T. ) ;
#272 = EDGE_CURVE ( 'NONE', #697, #66, #1590, .T. ) ;
#273 = DIRECTION ( 'NONE',  ( -1.000000000000000000, 2.312964634635743203E-17, 0.000000000000000000 ) ) ;
#274 = DIRECTION ( 'NONE',  ( 1.000000000000000000, 0.000000000000000000, 0.000000000000000000 ) ) ;
#275 = CARTESIAN_POINT ( 'NONE',  ( 259.9999999999998863, 1169.999999999999318, 30.00000000000000000 ) ) ;
#276 = ORIENTED_EDGE ( 'NONE', *, *, #2563, .T. ) ;
#277 = ORIENTED_EDGE ( 'NONE', *, *, #1104, .F. ) ;
#278 = ADVANCED_FACE ( 'NONE', ( #1716 ), #2481, .F. ) ;
#279 = VECTOR ( 'NONE', #2178, 1000.000000000000000 ) ;
#280 = VECTOR ( 'NONE', #41, 1000.000000000000000 ) ;
#281 = DIRECTION ( 'NONE',  ( 0.000000000000000000, 0.000000000000000000, -1.000000000000000000 ) ) ;
#282 = PERSON ( 'NAUO-PER3', 'UNSPECIFIED', 'UNSPECIFIED', ('UNSPECIFIED'), ('UNSPECIFIED'), ('UNSPECIFIED') ) ;
#283 = ORIENTED_EDGE ( 'NONE', *, *, #2446, .F. ) ;
#284 = FACE_OUTER_BOUND ( 'NONE', #171, .T. ) ;
#285 = CARTESIAN_POINT ( 'NONE',  ( -100.0000000000000142, -16.00000000000000711, 22.00000000000000000 ) ) ;
#286 =( NAMED_UNIT ( * ) PLANE_ANGLE_UNIT ( ) SI_UNIT ( $, .RADIAN. ) );
#287 = ORIENTED_EDGE ( 'NONE', *, *, #1725, .T. ) ;
#288 = VECTOR ( 'NONE', #1558, 1000.000000000000000 ) ;
#289 = CARTESIAN_POINT ( 'NONE',  ( 664.4749683231339077, -749.9999999999997726, 90.00000000000000000 ) ) ;
#290 = CALENDAR_DATE ( 2026, 2, 6 ) ;
#291 = DIRECTION ( 'NONE',  ( -0.000000000000000000, -0.000000000000000000, -1.000000000000000000 ) ) ;
#292 = FACE_OUTER_BOUND ( 'NONE', #179, .T. ) ;
#293 = DIRECTION ( 'NONE',  ( 0.000000000000000000, -0.000000000000000000, -1.000000000000000000 ) ) ;
#294 = CC_DESIGN_APPROVAL ( #20, ( #900 ) ) ;
#295 = VECTOR ( 'NONE', #1485, 1000.000000000000000 ) ;
#296 = PERSON_AND_ORGANIZATION_ROLE ( 'design_owner' ) ;
#297 = ORIENTED_EDGE ( 'NONE', *, *, #1445, .T. ) ;
#298 = EDGE_LOOP ( 'NONE', ( #944, #1481, #1520, #2662 ) ) ;
#299 = ORIENTED_EDGE ( 'NONE', *, *, #925, .T. ) ;
#300 = EDGE_CURVE ( 'NONE', #1920, #2472, #1037, .T. ) ;
#301 = ORIENTED_EDGE ( 'NONE', *, *, #1043, .F. ) ;
#302 = VERTEX_POINT ( 'NONE', #203 ) ;
#303 = APPLICATION_PROTOCOL_DEFINITION ( 'international standard', 'config_control_design', 1994, #716 ) ;
#304 = ADVANCED_FACE ( 'NONE', ( #1428 ), #2281, .T. ) ;
#305 = ORIENTED_EDGE ( 'NONE', *, *, #675, .T. ) ;
#306 = DIRECTION ( 'NONE',  ( 0.000000000000000000, -0.000000000000000000, -1.000000000000000000 ) ) ;
#307 = AXIS2_PLACEMENT_3D ( 'NONE', #1789, #1765, #1993 ) ;
#308 = CARTESIAN_POINT ( 'NONE',  ( 99.99999999999998579, 5.753049524455751573, 39.19131190556969813 ) ) ;
#309 = LINE ( 'NONE', #329, #2539 ) ;
#310 = APPLICATION_PROTOCOL_DEFINITION ( 'international standard', 'config_control_design', 1994, #1162 ) ;
#311 = FACE_OUTER_BOUND ( 'NONE', #1386, .T. ) ;
#312 = DIRECTION ( 'NONE',  ( 1.000000000000000000, 0.000000000000000000, 0.000000000000000000 ) ) ;
#313 = ORIENTED_EDGE ( 'NONE', *, *, #442, .F. ) ;
#314 = CARTESIAN_POINT ( 'NONE',  ( -100.0000000000000142, 15.99999999999998934, 52.00000000000000711 ) ) ;
#315 = VECTOR ( 'NONE', #1012, 1000.000000000000000 ) ;
#316 = ITEM_DEFINED_TRANSFORMATION ( 'NONE', 'NONE', #665,  #1952 ) ;
#317 = CARTESIAN_POINT ( 'NONE',  ( 14.99999999999996092, 1.999999999999999556, 830.0000000000001137 ) ) ;
#318 = DIRECTION ( 'NONE',  ( 0.000000000000000000, 0.000000000000000000, 1.000000000000000000 ) ) ;
#319 = EDGE_CURVE ( 'NONE', #1511, #806, #57, .T. ) ;
#320 = LINE ( 'NONE', #1470, #2654 ) ;
#321 = LOCAL_TIME ( 14, 24, 56.00000000000000000, #1319 ) ;
#322 = CARTESIAN_POINT ( 'NONE',  ( -15.00000000000001243, 96.00000000000000000, 10.00000000000000000 ) ) ;
#323 = ORIENTED_EDGE ( 'NONE', *, *, #1826, .T. ) ;
#324 = VECTOR ( 'NONE', #422, 1000.000000000000000 ) ;
#325 = LOCAL_TIME ( 14, 24, 56.00000000000000000, #2010 ) ;
#326 = CARTESIAN_POINT ( 'NONE',  ( 10.00000000000000178, 29.00000000000000000, 840.0000000000001137 ) ) ;
#327 = EDGE_CURVE ( 'NONE', #353, #2510, #971, .T. ) ;
#328 = CC_DESIGN_PERSON_AND_ORGANIZATION_ASSIGNMENT ( #390, #1632, ( #192 ) ) ;
#329 = CARTESIAN_POINT ( 'NONE',  ( 289.9999999999999432, 1200.000000000000227, 0.000000000000000000 ) ) ;
#330 = APPROVAL_ROLE ( '' ) ;
#331 = ORIENTED_EDGE ( 'NONE', *, *, #2180, .F. ) ;
#332 = ORIENTED_EDGE ( 'NONE', *, *, #831, .F. ) ;
#333 = ORIENTED_EDGE ( 'NONE', *, *, #1430, .F. ) ;
#334 = ORIENTED_EDGE ( 'NONE', *, *, #2314, .T. ) ;
#335 = ORIENTED_EDGE ( 'NONE', *, *, #2569, .F. ) ;
#336 = EDGE_CURVE ( 'NONE', #2328, #2219, #1101, .T. ) ;
#337 = DIRECTION ( 'NONE',  ( -1.000000000000000000, 0.000000000000000000, 0.000000000000000000 ) ) ;
#338 = VECTOR ( 'NONE', #2322, 1000.000000000000000 ) ;
#339 = APPROVAL_ROLE ( '' ) ;
#340 = AXIS2_PLACEMENT_3D ( 'NONE', #1679, #2473, #1040 ) ;
#341 = CARTESIAN_POINT ( 'NONE',  ( -15.00000000000003730, 0.000000000000000000, 0.000000000000000000 ) ) ;
#342 = FACE_OUTER_BOUND ( 'NONE', #1089, .T. ) ;
#343 = LINE ( 'NONE', #2025, #2507 ) ;
#344 = AXIS2_PLACEMENT_3D ( 'NONE', #436, #2100, #1061 ) ;
#345 = DIRECTION ( 'NONE',  ( -0.000000000000000000, -1.000000000000000000, -0.000000000000000000 ) ) ;
#346 = APPROVAL_STATUS ( 'not_yet_approved' ) ;
#347 = EDGE_CURVE ( 'NONE', #996, #1969, #412, .T. ) ;
#348 = LINE ( 'NONE', #2653, #161 ) ;
#349 = DIRECTION ( 'NONE',  ( 0.000000000000000000, 1.541976423090495633E-16, 1.000000000000000000 ) ) ;
#350 = LINE ( 'NONE', #2386, #2514 ) ;
#351 = CALENDAR_DATE ( 2026, 2, 6 ) ;
#352 = DIRECTION ( 'NONE',  ( 0.000000000000000000, 0.000000000000000000, -1.000000000000000000 ) ) ;
#353 = VERTEX_POINT ( 'NONE', #1253 ) ;
#354 = VECTOR ( 'NONE', #345, 1000.000000000000000 ) ;
#355 = DIRECTION ( 'NONE',  ( -1.000000000000000000, 0.000000000000000000, 0.000000000000000000 ) ) ;
#356 = DATE_AND_TIME ( #268, #2625 ) ;
#357 = DATE_TIME_ROLE ( 'classification_date' ) ;
#358 = EDGE_CURVE ( 'NONE', #1559, #1511, #1098, .T. ) ;
#359 = VECTOR ( 'NONE', #2557, 1000.000000000000000 ) ;
#360 = PLANE ( 'NONE',  #2645 ) ;
#361 = AXIS2_PLACEMENT_3D ( 'NONE', #2410, #768, #1372 ) ;
#362 = ORIENTED_EDGE ( 'NONE', *, *, #77, .T. ) ;
#363 = DIRECTION ( 'NONE',  ( 0.000000000000000000, 0.000000000000000000, -1.000000000000000000 ) ) ;
#364 = ORIENTED_EDGE ( 'NONE', *, *, #1708, .T. ) ;
#365 = ORIENTED_EDGE ( 'NONE', *, *, #574, .F. ) ;
#366 = ORIENTED_EDGE ( 'NONE', *, *, #1137, .T. ) ;
#367 = CC_DESIGN_DATE_AND_TIME_ASSIGNMENT ( #979, #198, ( #1213 ) ) ;
#368 = EDGE_LOOP ( 'NONE', ( #881, #1236, #1747, #464 ) ) ;
#369 = VERTEX_POINT ( 'NONE', #838 ) ;
#370 = DIRECTION ( 'NONE',  ( 0.000000000000000000, -1.000000000000000000, 0.000000000000000000 ) ) ;
#371 = ORIENTED_EDGE ( 'NONE', *, *, #446, .F. ) ;
#372 = ADVANCED_BREP_SHAPE_REPRESENTATION ( '', ( #660, #1952 ), #2092 ) ;
#373 = DIRECTION ( 'NONE',  ( 0.000000000000000000, 0.000000000000000000, 1.000000000000000000 ) ) ;
#374 = VECTOR ( 'NONE', #538, 1000.000000000000000 ) ;
#375 = ORIENTED_EDGE ( 'NONE', *, *, #1223, .T. ) ;
#376 = AXIS2_PLACEMENT_3D ( 'NONE', #92, #64, #1773 ) ;
#377 = CARTESIAN_POINT ( 'NONE',  ( -15.00000000000003730, 0.000000000000000000, 0.000000000000000000 ) ) ;
#378 = VECTOR ( 'NONE', #1281, 1000.000000000000000 ) ;
#379 = AXIS2_PLACEMENT_3D ( 'NONE', #2214, #2414, #112 ) ;
#380 = DIRECTION ( 'NONE',  ( 0.000000000000000000, -1.387778780781445922E-16, 1.000000000000000000 ) ) ;
#381 = CARTESIAN_POINT ( 'NONE',  ( 12.99999999999995914, 2.000000000000000000, 840.0000000000001137 ) ) ;
#382 = SECURITY_CLASSIFICATION_LEVEL ( 'unclassified' ) ;
#383 = VECTOR ( 'NONE', #117, 1000.000000000000000 ) ;
#384 = VERTEX_POINT ( 'NONE', #2090 ) ;
#385 = ITEM_DEFINED_TRANSFORMATION ( 'NONE', 'NONE', #379,  #1952 ) ;
#386 = CARTESIAN_POINT ( 'NONE',  ( 99.99999999999998579, 8.000000000000014211, 64.00000000000000000 ) ) ;
#387 = PLANE ( 'NONE',  #1339 ) ;
#388 = VECTOR ( 'NONE', #2285, 1000.000000000000000 ) ;
#389 = ADVANCED_FACE ( 'NONE', ( #1929 ), #3, .F. ) ;
#390 = PERSON_AND_ORGANIZATION ( #2340, #2519 ) ;
#391 = EDGE_CURVE ( 'NONE', #669, #788, #2160, .T. ) ;
#392 = ORIENTED_EDGE ( 'NONE', *, *, #588, .T. ) ;
#393 = CARTESIAN_POINT ( 'NONE',  ( 99.99999999999998579, 8.000000000000014211, 54.80624847486573259 ) ) ;
#394 = FACE_OUTER_BOUND ( 'NONE', #2461, .T. ) ;
#395 = PERSON_AND_ORGANIZATION ( #2340, #2519 ) ;
#396 = DIRECTION ( 'NONE',  ( 0.000000000000000000, 1.000000000000000000, 0.000000000000000000 ) ) ;
#397 = AXIS2_PLACEMENT_3D ( 'NONE', #2529, #2355, #1905 ) ;
#398 = PERSON_AND_ORGANIZATION_ROLE ( 'classification_officer' ) ;
#399 = CARTESIAN_POINT ( 'NONE',  ( 99.99999999999998579, -15.99999999999998579, 22.00000000000000000 ) ) ;
#400 = AXIS2_PLACEMENT_3D ( 'NONE', #2282, #1256, #2701 ) ;
#401 = PLANE ( 'NONE',  #1823 ) ;
#402 = EDGE_CURVE ( 'NONE', #369, #601, #1525, .T. ) ;
#403 = ADVANCED_FACE ( 'NONE', ( #2057 ), #2309, .T. ) ;
#404 = VERTEX_POINT ( 'NONE', #2556 ) ;
#405 = VECTOR ( 'NONE', #479, 1000.000000000000000 ) ;
#406 = DIRECTION ( 'NONE',  ( 0.000000000000000000, 1.000000000000000000, 0.000000000000000000 ) ) ;
#407 = CARTESIAN_POINT ( 'NONE',  ( -13.00000000000003730, 2.000000000000001776, 830.0000000000001137 ) ) ;
#408 = EDGE_CURVE ( 'NONE', #1165, #497, #2575, .T. ) ;
#409 = DIRECTION ( 'NONE',  ( 0.000000000000000000, 0.000000000000000000, 1.000000000000000000 ) ) ;
#410 = VECTOR ( 'NONE', #265, 1000.000000000000000 ) ;
#411 = EDGE_CURVE ( 'NONE', #353, #927, #219, .T. ) ;
#412 = LINE ( 'NONE', #608, #1169 ) ;
#413 = PLANE ( 'NONE',  #2350 ) ;
#414 = AXIS2_PLACEMENT_3D ( 'NONE', #135, #1591, #2015 ) ;
#415 = DIRECTION ( 'NONE',  ( 0.000000000000000000, 1.387778780781445182E-16, 1.000000000000000000 ) ) ;
#416 = LINE ( 'NONE', #562, #1900 ) ;
#417 = EDGE_LOOP ( 'NONE', ( #213, #2395, #2661, #1728 ) ) ;
#418 = EDGE_CURVE ( 'NONE', #302, #790, #1338, .T. ) ;
#419 = CC_DESIGN_SECURITY_CLASSIFICATION ( #144, ( #1019 ) ) ;
#420 = DIRECTION ( 'NONE',  ( 0.000000000000000000, 1.000000000000000000, 0.000000000000000000 ) ) ;
#421 = LINE ( 'NONE', #1973, #1180 ) ;
#422 = DIRECTION ( 'NONE',  ( -1.000000000000000000, 0.000000000000000000, 0.000000000000000000 ) ) ;
#423 = CALENDAR_DATE ( 2026, 2, 6 ) ;
#424 = LINE ( 'NONE', #2023, #354 ) ;
#425 = SHAPE_DEFINITION_REPRESENTATION ( #759, #842 ) ;
#426 = CARTESIAN_POINT ( 'NONE',  ( -290.0000000000001137, 1200.000000000000227, 30.00000000000000000 ) ) ;
#427 = CARTESIAN_POINT ( 'NONE',  ( 1100.535543567313880, 794.9999999999998863, 869.9999999999998863 ) ) ;
#428 = VERTEX_POINT ( 'NONE', #1494 ) ;
#429 = PLANE ( 'NONE',  #2007 ) ;
#430 = ORIENTED_EDGE ( 'NONE', *, *, #140, .T. ) ;
#431 = CARTESIAN_POINT ( 'NONE',  ( -15.00000000000003730, 2.000000000000000444, 10.00000000000000000 ) ) ;
#432 = ADVANCED_FACE ( 'NONE', ( #1895 ), #645, .T. ) ;
#433 = ORIENTED_EDGE ( 'NONE', *, *, #2515, .F. ) ;
#434 = ORIENTED_EDGE ( 'NONE', *, *, #2018, .T. ) ;
#435 = DIRECTION ( 'NONE',  ( -1.000000000000000000, -1.040834085586084257E-16, 0.000000000000000000 ) ) ;
#436 = CARTESIAN_POINT ( 'NONE',  ( 14.99999999999996092, 0.000000000000000000, 10.00000000000000000 ) ) ;
#437 = APPROVAL ( #2263, '未指定' ) ;
#438 = EDGE_LOOP ( 'NONE', ( #1198, #762, #2097, #2031 ) ) ;
#439 = CARTESIAN_POINT ( 'NONE',  ( -100.0000000000000142, 3.999999999999989786, 34.19375152513431004 ) ) ;
#440 = CYLINDRICAL_SURFACE ( 'NONE', #1032, 7.999999999999998224 ) ;
#441 = CARTESIAN_POINT ( 'NONE',  ( 99.99999999999998579, 13.26829268292683395, 48.58536585365855132 ) ) ;
#442 = EDGE_CURVE ( 'NONE', #2466, #497, #771, .T. ) ;
#443 = ADVANCED_FACE ( 'NONE', ( #2376, #1461 ), #1694, .F. ) ;
#444 = VECTOR ( 'NONE', #1650, 1000.000000000000000 ) ;
#445 = CARTESIAN_POINT ( 'NONE',  ( -339.9999999999999432, 23.00000000000004974, -229.4999999999999716 ) ) ;
#446 = EDGE_CURVE ( 'NONE', #1771, #1883, #2028, .T. ) ;
#447 = VERTEX_POINT ( 'NONE', #2538 ) ;
#448 = CARTESIAN_POINT ( 'NONE',  ( -358.0000000000000568, 92.00000000000000000, 22.00000000000000000 ) ) ;
#449 = CARTESIAN_POINT ( 'NONE',  ( 219.0000000000001421, 15.99999999999998934, 52.00000000000000711 ) ) ;
#450 = LINE ( 'NONE', #2540, #1691 ) ;
#451 = VECTOR ( 'NONE', #2165, 1000.000000000000000 ) ;
#452 = DIRECTION ( 'NONE',  ( 1.000000000000000000, 0.000000000000000000, -0.000000000000000000 ) ) ;
#453 = CARTESIAN_POINT ( 'NONE',  ( -290.0000000000001137, -1149.999999999999773, 30.00000000000002842 ) ) ;
#454 = PERSON_AND_ORGANIZATION ( #2340, #2519 ) ;
#455 = CC_DESIGN_DATE_AND_TIME_ASSIGNMENT ( #37, #357, ( #144 ) ) ;
#456 = DIRECTION ( 'NONE',  ( 0.000000000000000000, 0.000000000000000000, -1.000000000000000000 ) ) ;
#457 = FACE_OUTER_BOUND ( 'NONE', #1018, .T. ) ;
#458 = PERSON_AND_ORGANIZATION ( #2340, #2519 ) ;
#459 = ADVANCED_FACE ( 'NONE', ( #1398 ), #1711, .F. ) ;
#460 = LINE ( 'NONE', #597, #2070 ) ;
#461 = ORIENTED_EDGE ( 'NONE', *, *, #595, .T. ) ;
#462 = DIRECTION ( 'NONE',  ( -0.000000000000000000, -0.000000000000000000, -1.000000000000000000 ) ) ;
#463 = ORIENTED_EDGE ( 'NONE', *, *, #2089, .F. ) ;
#464 = ORIENTED_EDGE ( 'NONE', *, *, #2089, .T. ) ;
#465 = ORIENTED_EDGE ( 'NONE', *, *, #692, .T. ) ;
#466 = CARTESIAN_POINT ( 'NONE',  ( -1.999999999999999112, 28.99999999999999645, 10.00000000000000888 ) ) ;
#467 = AXIS2_PLACEMENT_3D ( 'NONE', #1641, #1215, #775 ) ;
#468 = VERTEX_POINT ( 'NONE', #2325 ) ;
#469 = DIRECTION ( 'NONE',  ( 0.000000000000000000, -0.000000000000000000, -1.000000000000000000 ) ) ;
#470 = CARTESIAN_POINT ( 'NONE',  ( -210.0000000000000853, -1149.999999999999773, 869.9999999999998863 ) ) ;
#471 = ADVANCED_FACE ( 'NONE', ( #2348 ), #1304, .T. ) ;
#472 = EDGE_CURVE ( 'NONE', #2417, #114, #2574, .T. ) ;
#473 = SECURITY_CLASSIFICATION ( '', '', #2272 ) ;
#474 = ORIENTED_EDGE ( 'NONE', *, *, #1529, .T. ) ;
#475 = LINE ( 'NONE', #668, #378 ) ;
#476 = PRODUCT ( '柜筒', '柜筒', '', ( #2255 ) ) ;
#477 = LINE ( 'NONE', #2696, #444 ) ;
#478 = CARTESIAN_POINT ( 'NONE',  ( -2.000000000000000000, 37.00000000000000000, 10.00000000000000000 ) ) ;
#479 = DIRECTION ( 'NONE',  ( 1.156482317317871478E-16, -1.000000000000000000, 0.000000000000000000 ) ) ;
#480 = EDGE_CURVE ( 'NONE', #2582, #2417, #2315, .T. ) ;
#481 = VECTOR ( 'NONE', #609, 1000.000000000000000 ) ;
#482 = EDGE_CURVE ( 'NONE', #493, #514, #937, .T. ) ;
#483 = CARTESIAN_POINT ( 'NONE',  ( -100.0000000000000284, 11.99999999999998757, 34.19375152513431004 ) ) ;
#484 = VECTOR ( 'NONE', #1512, 1000.000000000000000 ) ;
#485 = COORDINATED_UNIVERSAL_TIME_OFFSET ( 8, 0, .AHEAD. ) ;
#486 = DIRECTION ( 'NONE',  ( 1.000000000000000000, 0.000000000000000000, 0.000000000000000000 ) ) ;
#487 = FACE_BOUND ( 'NONE', #298, .T. ) ;
#488 = PERSON_AND_ORGANIZATION ( #2340, #2519 ) ;
#489 = CARTESIAN_POINT ( 'NONE',  ( 1100.535543567313880, -719.9999999999997726, 869.9999999999998863 ) ) ;
#490 = VECTOR ( 'NONE', #2374, 1000.000000000000000 ) ;
#491 = DIRECTION ( 'NONE',  ( 0.000000000000000000, 0.000000000000000000, 1.000000000000000000 ) ) ;
#492 = CARTESIAN_POINT ( 'NONE',  ( -188.0000000000000853, 0.000000000000000000, 0.000000000000000000 ) ) ;
#493 = VERTEX_POINT ( 'NONE', #2159 ) ;
#494 = EDGE_LOOP ( 'NONE', ( #2258, #2277, #898, #2079, #942, #80 ) ) ;
#495 = DIRECTION ( 'NONE',  ( 1.000000000000000000, 1.040834085586084257E-16, 0.000000000000000000 ) ) ;
#496 = CARTESIAN_POINT ( 'NONE',  ( -13.00000000000003730, 0.000000000000000000, 840.0000000000001137 ) ) ;
#497 = VERTEX_POINT ( 'NONE', #229 ) ;
#498 = ADVANCED_FACE ( 'NONE', ( #1992 ), #1001, .T. ) ;
#499 = PRODUCT_DEFINITION_SHAPE ( 'NONE', 'NONE',  #2712 ) ;
#500 = ORIENTED_EDGE ( 'NONE', *, *, #1838, .T. ) ;
#501 = EDGE_CURVE ( 'NONE', #254, #2535, #2669, .T. ) ;
#502 = CARTESIAN_POINT ( 'NONE',  ( 259.9999999999998863, -749.9999999999997726, 90.00000000000000000 ) ) ;
#503 = VERTEX_POINT ( 'NONE', #25 ) ;
#504 = ORIENTED_EDGE ( 'NONE', *, *, #871, .T. ) ;
#505 = ORIENTED_EDGE ( 'NONE', *, *, #2066, .T. ) ;
#506 = EDGE_LOOP ( 'NONE', ( #2019, #2186, #869, #1389, #2561, #2133, #1672, #1710, #1521, #1094 ) ) ;
#507 = ORIENTED_EDGE ( 'NONE', *, *, #2319, .F. ) ;
#508 = CARTESIAN_POINT ( 'NONE',  ( 339.9999999999999432, -60.99999999999995737, -229.5000000000000284 ) ) ;
#509 = PERSON_AND_ORGANIZATION_ROLE ( 'creator' ) ;
#510 = CC_DESIGN_PERSON_AND_ORGANIZATION_ASSIGNMENT ( #1695, #2279, ( #1213 ) ) ;
#511 = VECTOR ( 'NONE', #1567, 1000.000000000000000 ) ;
#512 = CARTESIAN_POINT ( 'NONE',  ( -9.999999999999996447, 6.999999999999999112, 830.0000000000001137 ) ) ;
#513 = ADVANCED_FACE ( 'NONE', ( #1958 ), #2531, .F. ) ;
#514 = VERTEX_POINT ( 'NONE', #2358 ) ;
#515 = ORIENTED_EDGE ( 'NONE', *, *, #87, .F. ) ;
#516 = FACE_OUTER_BOUND ( 'NONE', #50, .T. ) ;
#517 = APPROVAL_ROLE ( '' ) ;
#518 = ORIENTED_EDGE ( 'NONE', *, *, #615, .F. ) ;
#519 = COORDINATED_UNIVERSAL_TIME_OFFSET ( 8, 0, .AHEAD. ) ;
#520 = VECTOR ( 'NONE', #1939, 1000.000000000000000 ) ;
#521 = EDGE_LOOP ( 'NONE', ( #1704, #1845, #2346, #271 ) ) ;
#522 = COORDINATED_UNIVERSAL_TIME_OFFSET ( 8, 0, .AHEAD. ) ;
#523 = AXIS2_PLACEMENT_3D ( 'NONE', #2631, #2016, #1820 ) ;
#524 = VECTOR ( 'NONE', #756, 1000.000000000000000 ) ;
#525 = COORDINATED_UNIVERSAL_TIME_OFFSET ( 8, 0, .AHEAD. ) ;
#526 = DIRECTION ( 'NONE',  ( 0.000000000000000000, 0.000000000000000000, -1.000000000000000000 ) ) ;
#527 = EDGE_CURVE ( 'NONE', #541, #2045, #1620, .T. ) ;
#528 = AXIS2_PLACEMENT_3D ( 'NONE', #1991, #318, #130 ) ;
#529 = CIRCLE ( 'NONE', #1174, 2.000000000000000000 ) ;
#530 = DIRECTION ( 'NONE',  ( 0.000000000000000000, 0.000000000000000000, -1.000000000000000000 ) ) ;
#531 = APPROVAL_DATE_TIME ( #2554, #1793 ) ;
#532 = APPROVAL_STATUS ( 'not_yet_approved' ) ;
#533 = ORIENTED_EDGE ( 'NONE', *, *, #110, .F. ) ;
#534 = VERTEX_POINT ( 'NONE', #1348 ) ;
#535 = CARTESIAN_POINT ( 'NONE',  ( 259.9999999999998863, 1169.999999999999318, 869.9999999999998863 ) ) ;
#536 = EDGE_CURVE ( 'NONE', #243, #1814, #1425, .T. ) ;
#537 = EDGE_LOOP ( 'NONE', ( #1140, #335, #2433, #2601 ) ) ;
#538 = DIRECTION ( 'NONE',  ( 0.000000000000000000, -1.000000000000000000, 0.000000000000000000 ) ) ;
#539 = APPROVAL_STATUS ( 'not_yet_approved' ) ;
#540 = ORIENTED_EDGE ( 'NONE', *, *, #2247, .T. ) ;
#541 = VERTEX_POINT ( 'NONE', #715 ) ;
#542 = EDGE_CURVE ( 'NONE', #1418, #1997, #1854, .T. ) ;
#543 = DIRECTION ( 'NONE',  ( 0.000000000000000000, -1.000000000000000000, 0.000000000000000000 ) ) ;
#544 = VERTEX_POINT ( 'NONE', #2565 ) ;
#545 = EDGE_LOOP ( 'NONE', ( #1582, #331, #1847, #1522 ) ) ;
#546 = AXIS2_PLACEMENT_3D ( 'NONE', #1480, #2511, #1052 ) ;
#547 = DIRECTION ( 'NONE',  ( -0.000000000000000000, -0.000000000000000000, 1.000000000000000000 ) ) ;
#548 = VECTOR ( 'NONE', #2502, 1000.000000000000000 ) ;
#549 = CARTESIAN_POINT ( 'NONE',  ( 10.00000000000000178, 29.00000000000000000, 830.0000000000001137 ) ) ;
#550 = ORIENTED_EDGE ( 'NONE', *, *, #408, .T. ) ;
#551 = PERSON_AND_ORGANIZATION_ROLE ( 'design_owner' ) ;
#552 = CIRCLE ( 'NONE', #1660, 8.000000000000000000 ) ;
#553 = DESIGN_CONTEXT ( 'detailed design', #1145, 'design' ) ;
#554 = DIRECTION ( 'NONE',  ( 0.000000000000000000, -1.000000000000000000, 0.000000000000000000 ) ) ;
#555 = EDGE_CURVE ( 'NONE', #2704, #1852, #1305, .T. ) ;
#556 = CIRCLE ( 'NONE', #1769, 8.000000000000007105 ) ;
#557 = EDGE_LOOP ( 'NONE', ( #661, #1575, #2492, #1842 ) ) ;
#558 = DIRECTION ( 'NONE',  ( -1.000000000000000000, 0.000000000000000000, 0.000000000000000000 ) ) ;
#559 = APPLICATION_CONTEXT ( 'configuration controlled 3d designs of mechanical parts and assemblies' ) ;
#560 = FACE_OUTER_BOUND ( 'NONE', #2633, .T. ) ;
#561 = LOCAL_TIME ( 14, 24, 56.00000000000000000, #167 ) ;
#562 = CARTESIAN_POINT ( 'NONE',  ( 259.9999999999998863, -919.9999999999997726, 809.9999999999998863 ) ) ;
#563 = ORIENTED_EDGE ( 'NONE', *, *, #347, .T. ) ;
#564 = LINE ( 'NONE', #2665, #7 ) ;
#565 = CALENDAR_DATE ( 2026, 2, 6 ) ;
#566 = ORIENTED_EDGE ( 'NONE', *, *, #2194, .T. ) ;
#567 = CC_DESIGN_PERSON_AND_ORGANIZATION_ASSIGNMENT ( #1629, #398, ( #2114 ) ) ;
#568 = APPROVAL_ROLE ( '' ) ;
#569 = ORIENTED_EDGE ( 'NONE', *, *, #1039, .T. ) ;
#570 = DIRECTION ( 'NONE',  ( 0.000000000000000000, -1.000000000000000000, -2.467162276944792422E-16 ) ) ;
#571 = VERTEX_POINT ( 'NONE', #705 ) ;
#572 = ORIENTED_EDGE ( 'NONE', *, *, #1855, .F. ) ;
#573 = APPROVAL_ROLE ( '' ) ;
#574 = EDGE_CURVE ( 'NONE', #1294, #847, #1489, .T. ) ;
#575 = CARTESIAN_POINT ( 'NONE',  ( -9.999999999999998224, 28.99999999999999645, 10.00000000000000000 ) ) ;
#576 = LINE ( 'NONE', #1785, #155 ) ;
#577 = CC_DESIGN_PERSON_AND_ORGANIZATION_ASSIGNMENT ( #921, #551, ( #1514 ) ) ;
#578 = FACE_OUTER_BOUND ( 'NONE', #2048, .T. ) ;
#579 = ORIENTED_EDGE ( 'NONE', *, *, #2194, .F. ) ;
#580 = CARTESIAN_POINT ( 'NONE',  ( -290.0000000000001137, -1199.999999999999773, 30.00000000000000000 ) ) ;
#581 = CONTEXT_DEPENDENT_SHAPE_REPRESENTATION ( #2698, #499 ) ;
#582 = LINE ( 'NONE', #2174, #34 ) ;
#583 = APPROVAL_PERSON_ORGANIZATION ( #1149, #2422, #1889 ) ;
#584 = CARTESIAN_POINT ( 'NONE',  ( 980.6247289678586867, -950.0000000000000000, 809.9999999999998863 ) ) ;
#585 = LINE ( 'NONE', #1186, #39 ) ;
#586 = DIRECTION ( 'NONE',  ( -1.000000000000000000, -0.000000000000000000, -0.000000000000000000 ) ) ;
#587 = APPROVAL_PERSON_ORGANIZATION ( #683, #20, #2454 ) ;
#588 = EDGE_CURVE ( 'NONE', #1161, #806, #2192, .T. ) ;
#589 = LINE ( 'NONE', #431, #1974 ) ;
#590 = CARTESIAN_POINT ( 'NONE',  ( 12.99999999999995914, 0.000000000000000000, 830.0000000000001137 ) ) ;
#591 = ORIENTED_EDGE ( 'NONE', *, *, #15, .T. ) ;
#592 = CARTESIAN_POINT ( 'NONE',  ( 357.9999999999999432, -92.00000000000000000, 22.00000000000000000 ) ) ;
#593 = ORIENTED_EDGE ( 'NONE', *, *, #917, .F. ) ;
#594 = ORIENTED_EDGE ( 'NONE', *, *, #2331, .F. ) ;
#595 = EDGE_CURVE ( 'NONE', #1920, #821, #2441, .T. ) ;
#596 = CC_DESIGN_APPROVAL ( #699, ( #144 ) ) ;
#597 = CARTESIAN_POINT ( 'NONE',  ( -210.0000000000000853, -1149.999999999999773, 30.00000000000002842 ) ) ;
#598 = ADVANCED_FACE ( 'NONE', ( #1337 ), #923, .F. ) ;
#599 = VERTEX_POINT ( 'NONE', #2384 ) ;
#600 = DIRECTION ( 'NONE',  ( -1.000000000000000000, -0.000000000000000000, -0.000000000000000000 ) ) ;
#601 = VERTEX_POINT ( 'NONE', #1340 ) ;
#602 = EDGE_LOOP ( 'NONE', ( #2456, #1652, #1948, #931 ) ) ;
#603 = CARTESIAN_POINT ( 'NONE',  ( 14.99999999999998757, 96.00000000000000000, 10.00000000000000000 ) ) ;
#604 = ORIENTED_EDGE ( 'NONE', *, *, #2651, .F. ) ;
#605 = CARTESIAN_POINT ( 'NONE',  ( 358.0000000000000000, -77.00000000000000000, -247.5000000000000000 ) ) ;
#606 = FACE_OUTER_BOUND ( 'NONE', #2338, .T. ) ;
#607 = VERTEX_POINT ( 'NONE', #1524 ) ;
#608 = CARTESIAN_POINT ( 'NONE',  ( -358.0000000000000000, -76.99999999999991473, -247.5000000000000000 ) ) ;
#609 = DIRECTION ( 'NONE',  ( -0.000000000000000000, -0.000000000000000000, -1.000000000000000000 ) ) ;
#610 = FACE_OUTER_BOUND ( 'NONE', #113, .T. ) ;
#611 = ADVANCED_FACE ( 'NONE', ( #873 ), #440, .T. ) ;
#612 = CC_DESIGN_PERSON_AND_ORGANIZATION_ASSIGNMENT ( #1601, #296, ( #2560 ) ) ;
#613 = ORIENTED_EDGE ( 'NONE', *, *, #778, .F. ) ;
#614 = LINE ( 'NONE', #2547, #1075 ) ;
#615 = EDGE_CURVE ( 'NONE', #1719, #2341, #799, .T. ) ;
#616 = VERTEX_POINT ( 'NONE', #1144 ) ;
#617 = LINE ( 'NONE', #1136, #712 ) ;
#618 = DIRECTION ( 'NONE',  ( 0.000000000000000000, 0.000000000000000000, -1.000000000000000000 ) ) ;
#619 = DIRECTION ( 'NONE',  ( 1.000000000000000000, 0.000000000000000000, 0.000000000000000000 ) ) ;
#620 = ORIENTED_EDGE ( 'NONE', *, *, #871, .F. ) ;
#621 = APPROVAL_PERSON_ORGANIZATION ( #1836, #2187, #2246 ) ;
#622 = CARTESIAN_POINT ( 'NONE',  ( 0.000000000000000000, 0.000000000000000000, 0.000000000000000000 ) ) ;
#623 = VECTOR ( 'NONE', #1490, 1000.000000000000000 ) ;
#624 = DATE_AND_TIME ( #2655, #325 ) ;
#625 = ADVANCED_FACE ( 'NONE', ( #1792 ), #1131, .T. ) ;
#626 = EDGE_CURVE ( 'NONE', #1362, #1046, #733, .T. ) ;
#627 = AXIS2_PLACEMENT_3D ( 'NONE', #1950, #1336, #928 ) ;
#628 = PERSON_AND_ORGANIZATION_ROLE ( 'classification_officer' ) ;
#629 = VERTEX_POINT ( 'NONE', #478 ) ;
#630 = ORIENTED_EDGE ( 'NONE', *, *, #1736, .F. ) ;
#631 = CARTESIAN_POINT ( 'NONE',  ( -15.00000000000001243, 96.00000000000000000, 0.000000000000000000 ) ) ;
#632 = ORIENTED_EDGE ( 'NONE', *, *, #2533, .F. ) ;
#633 = CARTESIAN_POINT ( 'NONE',  ( 1100.535543567313880, 765.0000000000001137, 30.00000000000002842 ) ) ;
#634 = PERSON ( 'NAUO-PER4', 'UNSPECIFIED', 'UNSPECIFIED', ('UNSPECIFIED'), ('UNSPECIFIED'), ('UNSPECIFIED') ) ;
#635 = ORIENTED_EDGE ( 'NONE', *, *, #758, .F. ) ;
#636 = ORIENTED_EDGE ( 'NONE', *, *, #358, .F. ) ;
#637 = ORIENTED_EDGE ( 'NONE', *, *, #1423, .T. ) ;
#638 = DIRECTION ( 'NONE',  ( 1.000000000000000000, 0.000000000000000000, 0.000000000000000000 ) ) ;
#639 = DIRECTION ( 'NONE',  ( -0.000000000000000000, -0.000000000000000000, 1.000000000000000000 ) ) ;
#640 = PLANE ( 'NONE',  #2676 ) ;
#641 = VECTOR ( 'NONE', #932, 1000.000000000000000 ) ;
#642 = EDGE_CURVE ( 'NONE', #2472, #1093, #91, .T. ) ;
#643 = PLANE ( 'NONE',  #2480 ) ;
#644 = AXIS2_PLACEMENT_3D ( 'NONE', #1446, #1862, #1638 ) ;
#645 = PLANE ( 'NONE',  #710 ) ;
#646 = ORIENTED_EDGE ( 'NONE', *, *, #536, .T. ) ;
#647 = LINE ( 'NONE', #2055, #95 ) ;
#648 = ORIENTED_EDGE ( 'NONE', *, *, #2206, .T. ) ;
#649 = CARTESIAN_POINT ( 'NONE',  ( -358.0000000000000568, -107.0000000000000000, 0.000000000000000000 ) ) ;
#650 = LINE ( 'NONE', #489, #1831 ) ;
#651 = CARTESIAN_POINT ( 'NONE',  ( 99.99999999999998579, -15.99999999999998579, 72.00000000000001421 ) ) ;
#653 = ORIENTED_EDGE ( 'NONE', *, *, #482, .T. ) ;
#652 = LOCAL_TIME ( 14, 24, 56.00000000000000000, #2265 ) ;
#654 = CYLINDRICAL_SURFACE ( 'NONE', #1644, 8.000000000000000000 ) ;
#655 = CALENDAR_DATE ( 2026, 2, 6 ) ;
#656 = DIRECTION ( 'NONE',  ( 0.000000000000000000, -0.000000000000000000, 1.000000000000000000 ) ) ;
#657 = LINE ( 'NONE', #854, #855 ) ;
#658 = DIRECTION ( 'NONE',  ( 1.000000000000000000, 0.000000000000000000, 0.000000000000000000 ) ) ;
#659 = VERTEX_POINT ( 'NONE', #687 ) ;
#660 = MANIFOLD_SOLID_BREP ( '圆角2', #1935 ) ;
#661 = ORIENTED_EDGE ( 'NONE', *, *, #1426, .F. ) ;
#662 = ORIENTED_EDGE ( 'NONE', *, *, #2609, .F. ) ;
#663 = DIRECTION ( 'NONE',  ( -0.000000000000000000, 1.000000000000000000, -0.000000000000000000 ) ) ;
#664 = CARTESIAN_POINT ( 'NONE',  ( 259.9999999999998863, -1120.000000000000000, 90.00000000000005684 ) ) ;
#665 = AXIS2_PLACEMENT_3D ( 'NONE', #1786, #1383, #2404 ) ;
#666 = CARTESIAN_POINT ( 'NONE',  ( 10.00000000000000000, 37.00000000000000000, 830.0000000000001137 ) ) ;
#667 = ORIENTED_EDGE ( 'NONE', *, *, #472, .T. ) ;
#668 = CARTESIAN_POINT ( 'NONE',  ( 1100.535543567313880, 764.9999999999998863, 869.9999999999998863 ) ) ;
#669 = VERTEX_POINT ( 'NONE', #737 ) ;
#670 = DIRECTION ( 'NONE',  ( -8.163404592832035198E-17, 0.000000000000000000, -1.000000000000000000 ) ) ;
#671 = VECTOR ( 'NONE', #959, 1000.000000000000000 ) ;
#672 = CARTESIAN_POINT ( 'NONE',  ( -100.0000000000000142, -8.000000000000007105, 72.00000000000001421 ) ) ;
#673 = FACE_OUTER_BOUND ( 'NONE', #2598, .T. ) ;
#674 = DIRECTION ( 'NONE',  ( 0.000000000000000000, 0.000000000000000000, -1.000000000000000000 ) ) ;
#675 = EDGE_CURVE ( 'NONE', #2349, #1300, #1273, .T. ) ;
#676 = LINE ( 'NONE', #2335, #2477 ) ;
#677 = CARTESIAN_POINT ( 'NONE',  ( -15.00000000000001243, 96.00000000000000000, 830.0000000000001137 ) ) ;
#678 =( LENGTH_UNIT ( ) NAMED_UNIT ( * ) SI_UNIT ( .MILLI., .METRE. ) );
#679 = ORIENTED_EDGE ( 'NONE', *, *, #2563, .F. ) ;
#680 = COORDINATED_UNIVERSAL_TIME_OFFSET ( 8, 0, .AHEAD. ) ;
#681 = CARTESIAN_POINT ( 'NONE',  ( 99.99999999999998579, -7.999999999999986677, 72.00000000000001421 ) ) ;
#682 = LINE ( 'NONE', #1617, #1318 ) ;
#683 = PERSON_AND_ORGANIZATION ( #2340, #2519 ) ;
#684 = DIRECTION ( 'NONE',  ( 1.000000000000000000, -0.000000000000000000, -0.000000000000000000 ) ) ;
#685 = LINE ( 'NONE', #991, #955 ) ;
#686 = COORDINATED_UNIVERSAL_TIME_OFFSET ( 8, 0, .AHEAD. ) ;
#687 = CARTESIAN_POINT ( 'NONE',  ( -100.0000000000000142, -16.00000000000000711, 64.00000000000000000 ) ) ;
#688 = SHAPE_REPRESENTATION_RELATIONSHIP ( 'NONE' , 'NONE' ,  #842, #1238 ) ;
#689 = DIRECTION ( 'NONE',  ( -1.000000000000000000, -0.000000000000000000, -0.000000000000000000 ) ) ;
#690 = VERTEX_POINT ( 'NONE', #1364 ) ;
#691 = ORIENTED_EDGE ( 'NONE', *, *, #1692, .T. ) ;
#692 = EDGE_CURVE ( 'NONE', #967, #707, #2256, .T. ) ;
#693 = CARTESIAN_POINT ( 'NONE',  ( 14.99999999999998757, 96.00000000000000000, 10.00000000000000000 ) ) ;
#694 = ORIENTED_EDGE ( 'NONE', *, *, #1212, .T. ) ;
#695 = DIRECTION ( 'NONE',  ( 0.000000000000000000, 0.000000000000000000, -1.000000000000000000 ) ) ;
#696 = AXIS2_PLACEMENT_3D ( 'NONE', #2034, #2671, #355 ) ;
#697 = VERTEX_POINT ( 'NONE', #549 ) ;
#698 = CARTESIAN_POINT ( 'NONE',  ( 339.9999999999999432, -60.99999999999995737, -229.5000000000000284 ) ) ;
#699 = APPROVAL ( #1828, '未指定' ) ;
#700 = EDGE_LOOP ( 'NONE', ( #1482, #1220, #518, #1565 ) ) ;
#701 = ORIENTED_EDGE ( 'NONE', *, *, #272, .F. ) ;
#702 = ADVANCED_FACE ( 'NONE', ( #342 ), #1794, .F. ) ;
#703 = DIRECTION ( 'NONE',  ( 1.000000000000000000, 0.000000000000000000, 0.000000000000000000 ) ) ;
#704 = LINE ( 'NONE', #2413, #2608 ) ;
#705 = CARTESIAN_POINT ( 'NONE',  ( 10.00000000000000711, 7.000000000000000000, 830.0000000000001137 ) ) ;
#706 = CARTESIAN_POINT ( 'NONE',  ( -358.0000000000000568, -92.00000000000000000, 22.00000000000000000 ) ) ;
#707 = VERTEX_POINT ( 'NONE', #1154 ) ;
#708 = VERTEX_POINT ( 'NONE', #2009 ) ;
#709 = VECTOR ( 'NONE', #2690, 1000.000000000000000 ) ;
#710 = AXIS2_PLACEMENT_3D ( 'NONE', #2142, #656, #452 ) ;
#711 = PLANE ( 'NONE',  #141 ) ;
#712 = VECTOR ( 'NONE', #1125, 1000.000000000000000 ) ;
#713 = CALENDAR_DATE ( 2026, 2, 6 ) ;
#714 = APPROVAL ( #138, '未指定' ) ;
#715 = CARTESIAN_POINT ( 'NONE',  ( -100.0000000000000142, 3.999999999999989786, 22.00000000000000000 ) ) ;
#716 = APPLICATION_CONTEXT ( 'configuration controlled 3d designs of mechanical parts and assemblies' ) ;
#717 = LINE ( 'NONE', #1388, #2104 ) ;
#718 = APPROVAL_DATE_TIME ( #1379, #2187 ) ;
#719 = FACE_OUTER_BOUND ( 'NONE', #545, .T. ) ;
#720 = CARTESIAN_POINT ( 'NONE',  ( 259.9999999999998863, -749.9999999999997726, 90.00000000000000000 ) ) ;
#721 = ORIENTED_EDGE ( 'NONE', *, *, #1621, .T. ) ;
#722 = EDGE_CURVE ( 'NONE', #740, #1326, #1069, .T. ) ;
#723 =( NAMED_UNIT ( * ) SI_UNIT ( $, .STERADIAN. ) SOLID_ANGLE_UNIT ( ) );
#724 = ORIENTED_EDGE ( 'NONE', *, *, #2443, .T. ) ;
#725 = ORIENTED_EDGE ( 'NONE', *, *, #2412, .F. ) ;
#726 = EDGE_CURVE ( 'NONE', #1891, #1515, #1135, .T. ) ;
#727 = CARTESIAN_POINT ( 'NONE',  ( -339.9999999999999432, -60.99999999999995737, -229.4999999999999716 ) ) ;
#728 = ORIENTED_EDGE ( 'NONE', *, *, #770, .T. ) ;
#729 = DIRECTION ( 'NONE',  ( -0.000000000000000000, 0.6246950475544241765, 0.7808688094430302762 ) ) ;
#730 = DIRECTION ( 'NONE',  ( -0.000000000000000000, -0.000000000000000000, -1.000000000000000000 ) ) ;
#731 = DIRECTION ( 'NONE',  ( 0.000000000000000000, 0.000000000000000000, 1.000000000000000000 ) ) ;
#732 = CC_DESIGN_DATE_AND_TIME_ASSIGNMENT ( #1562, #1440, ( #2114 ) ) ;
#733 = LINE ( 'NONE', #1990, #2027 ) ;
#734 = PLANE ( 'NONE',  #1432 ) ;
#735 = VECTOR ( 'NONE', #1750, 1000.000000000000000 ) ;
#736 = EDGE_CURVE ( 'NONE', #447, #17, #2506, .T. ) ;
#737 = CARTESIAN_POINT ( 'NONE',  ( 289.9999999999999432, 1199.999999999999545, 900.0000000000000000 ) ) ;
#738 = MECHANICAL_CONTEXT ( 'NONE', #716, 'mechanical' ) ;
#739 = UNCERTAINTY_MEASURE_WITH_UNIT (LENGTH_MEASURE( 1.000000000000000082E-05 ), #1557, 'distance_accuracy_value', 'NONE');
#740 = VERTEX_POINT ( 'NONE', #972 ) ;
#741 = FACE_OUTER_BOUND ( 'NONE', #1117, .T. ) ;
#742 = DIRECTION ( 'NONE',  ( 1.000000000000000000, -0.000000000000000000, -0.000000000000000000 ) ) ;
#743 = CALENDAR_DATE ( 2026, 2, 6 ) ;
#744 = AXIS2_PLACEMENT_3D ( 'NONE', #1027, #380, #176 ) ;
#745 = ORIENTED_EDGE ( 'NONE', *, *, #1316, .F. ) ;
#746 = COORDINATED_UNIVERSAL_TIME_OFFSET ( 8, 0, .AHEAD. ) ;
#747 = CARTESIAN_POINT ( 'NONE',  ( -290.0000000000000568, 1169.999999999999318, 30.00000000000000000 ) ) ;
#748 = CC_DESIGN_PERSON_AND_ORGANIZATION_ASSIGNMENT ( #1249, #984, ( #2078 ) ) ;
#749 = VECTOR ( 'NONE', #803, 1000.000000000000000 ) ;
#750 = CARTESIAN_POINT ( 'NONE',  ( 259.9999999999998863, 0.000000000000000000, 30.00000000000000000 ) ) ;
#751 = LOCAL_TIME ( 14, 24, 56.00000000000000000, #853 ) ;
#752 = LINE ( 'NONE', #1723, #359 ) ;
#753 = EDGE_CURVE ( 'NONE', #2130, #2000, #182, .T. ) ;
#754 = ORIENTED_EDGE ( 'NONE', *, *, #1024, .F. ) ;
#755 = DIRECTION ( 'NONE',  ( -1.000000000000000000, -4.336808689942017120E-17, 0.000000000000000000 ) ) ;
#756 = DIRECTION ( 'NONE',  ( 1.000000000000000000, 0.000000000000000000, 0.000000000000000000 ) ) ;
#757 = ORIENTED_EDGE ( 'NONE', *, *, #1817, .T. ) ;
#758 = EDGE_CURVE ( 'NONE', #690, #967, #251, .T. ) ;
#759 = PRODUCT_DEFINITION_SHAPE ( 'NONE', 'NONE',  #1989 ) ;
#760 = ORIENTED_EDGE ( 'NONE', *, *, #989, .F. ) ;
#761 = DIRECTION ( 'NONE',  ( -1.000000000000000000, 0.000000000000000000, 0.000000000000000000 ) ) ;
#762 = ORIENTED_EDGE ( 'NONE', *, *, #1235, .F. ) ;
#763 = AXIS2_PLACEMENT_3D ( 'NONE', #1931, #884, #1274 ) ;
#764 = CARTESIAN_POINT ( 'NONE',  ( 0.000000000000000000, 0.000000000000000000, 30.00000000000000000 ) ) ;
#765 = ORIENTED_EDGE ( 'NONE', *, *, #1066, .T. ) ;
#766 = ORIENTED_EDGE ( 'NONE', *, *, #124, .F. ) ;
#767 = AXIS2_PLACEMENT_3D ( 'NONE', #407, #4, #619 ) ;
#768 = DIRECTION ( 'NONE',  ( 0.000000000000000000, -0.000000000000000000, 1.000000000000000000 ) ) ;
#769 = VECTOR ( 'NONE', #1944, 1000.000000000000000 ) ;
#770 = EDGE_CURVE ( 'NONE', #943, #101, #217, .T. ) ;
#771 = LINE ( 'NONE', #1924, #1825 ) ;
#772 = ORIENTED_EDGE ( 'NONE', *, *, #1982, .T. ) ;
#773 = LINE ( 'NONE', #2242, #2419 ) ;
#774 = LOCAL_TIME ( 14, 24, 56.00000000000000000, #519 ) ;
#775 = DIRECTION ( 'NONE',  ( -1.156482317317871478E-16, 1.000000000000000000, 0.000000000000000000 ) ) ;
#776 = SECURITY_CLASSIFICATION_LEVEL ( 'unclassified' ) ;
#777 = LINE ( 'NONE', #502, #1564 ) ;
#778 = EDGE_CURVE ( 'NONE', #1046, #2510, #309, .T. ) ;
#779 = CONTEXT_DEPENDENT_SHAPE_REPRESENTATION ( #2629, #194 ) ;
#780 = DIRECTION ( 'NONE',  ( 0.000000000000000000, 1.000000000000000000, -0.000000000000000000 ) ) ;
#781 = FACE_OUTER_BOUND ( 'NONE', #1175, .T. ) ;
#782 = PERSON_AND_ORGANIZATION ( #2340, #2519 ) ;
#783 = CARTESIAN_POINT ( 'NONE',  ( -2.000000000000000000, 37.00000000000000000, 830.0000000000001137 ) ) ;
#784 = VECTOR ( 'NONE', #929, 1000.000000000000000 ) ;
#785 = ORIENTED_EDGE ( 'NONE', *, *, #2680, .T. ) ;
#786 = CARTESIAN_POINT ( 'NONE',  ( 259.9999999999998863, -950.0000000000000000, 809.9999999999998863 ) ) ;
#787 = ORIENTED_EDGE ( 'NONE', *, *, #252, .F. ) ;
#788 = VERTEX_POINT ( 'NONE', #1811 ) ;
#789 = ORIENTED_EDGE ( 'NONE', *, *, #1368, .T. ) ;
#790 = VERTEX_POINT ( 'NONE', #2648 ) ;
#791 = DIRECTION ( 'NONE',  ( -1.000000000000000000, -0.000000000000000000, -0.000000000000000000 ) ) ;
#792 = ORIENTED_EDGE ( 'NONE', *, *, #1838, .F. ) ;
#793 = ORIENTED_EDGE ( 'NONE', *, *, #402, .F. ) ;
#794 = DIRECTION ( 'NONE',  ( 1.000000000000000000, 1.214306433183764966E-16, -0.000000000000000000 ) ) ;
#795 = DIRECTION ( 'NONE',  ( -1.000000000000000000, -0.000000000000000000, -0.000000000000000000 ) ) ;
#796 = ORIENTED_EDGE ( 'NONE', *, *, #1066, .F. ) ;
#797 = AXIS2_PLACEMENT_3D ( 'NONE', #1913, #13, #2528 ) ;
#798 = PLANE ( 'NONE',  #210 ) ;
#799 = LINE ( 'NONE', #100, #641 ) ;
#800 = APPROVAL ( #539, '未指定' ) ;
#801 = CARTESIAN_POINT ( 'NONE',  ( 259.9999999999998863, -719.9999999999997726, 30.00000000000000000 ) ) ;
#802 = VECTOR ( 'NONE', #684, 1000.000000000000000 ) ;
#803 = DIRECTION ( 'NONE',  ( 1.000000000000000000, 0.000000000000000000, 0.000000000000000000 ) ) ;
#804 = DIRECTION ( 'NONE',  ( 0.000000000000000000, -1.000000000000000000, 1.387778780781445182E-16 ) ) ;
#805 = ORIENTED_EDGE ( 'NONE', *, *, #1962, .F. ) ;
#806 = VERTEX_POINT ( 'NONE', #2221 ) ;
#807 = DIRECTION ( 'NONE',  ( 0.000000000000000000, -0.000000000000000000, -1.000000000000000000 ) ) ;
#808 = FACE_OUTER_BOUND ( 'NONE', #1818, .T. ) ;
#809 = APPROVAL_DATE_TIME ( #164, #699 ) ;
#810 = DIRECTION ( 'NONE',  ( 2.418786546024306634E-16, 0.000000000000000000, 1.000000000000000000 ) ) ;
#811 = FACE_OUTER_BOUND ( 'NONE', #76, .T. ) ;
#812 = CARTESIAN_POINT ( 'NONE',  ( 289.9999999999999432, 1200.000000000000227, 0.000000000000000000 ) ) ;
#813 = ADVANCED_FACE ( 'NONE', ( #2375 ), #1554, .T. ) ;
#814 = COORDINATED_UNIVERSAL_TIME_OFFSET ( 8, 0, .AHEAD. ) ;
#815 = AXIS2_PLACEMENT_3D ( 'NONE', #1292, #38, #1085 ) ;
#816 = FACE_OUTER_BOUND ( 'NONE', #1167, .T. ) ;
#817 = COORDINATED_UNIVERSAL_TIME_OFFSET ( 8, 0, .AHEAD. ) ;
#818 = DIRECTION ( 'NONE',  ( 0.000000000000000000, 0.000000000000000000, 1.000000000000000000 ) ) ;
#819 = CARTESIAN_POINT ( 'NONE',  ( -358.0000000000000568, 92.00000000000000000, 0.000000000000000000 ) ) ;
#820 = AXIS2_PLACEMENT_3D ( 'NONE', #2416, #1166, #2225 ) ;
#821 = VERTEX_POINT ( 'NONE', #2238 ) ;
#822 = DIRECTION ( 'NONE',  ( 0.000000000000000000, 0.000000000000000000, 1.000000000000000000 ) ) ;
#823 = VERTEX_POINT ( 'NONE', #949 ) ;
#824 = EDGE_CURVE ( 'NONE', #2110, #708, #576, .T. ) ;
#825 = ORIENTED_EDGE ( 'NONE', *, *, #1572, .F. ) ;
#826 = PLANE ( 'NONE',  #1119 ) ;
#827 = SECURITY_CLASSIFICATION_LEVEL ( 'unclassified' ) ;
#828 = ORIENTED_EDGE ( 'NONE', *, *, #1533, .T. ) ;
#829 = ORIENTED_EDGE ( 'NONE', *, *, #961, .T. ) ;
#830 = DIRECTION ( 'NONE',  ( -1.000000000000000000, 0.000000000000000000, 0.000000000000000000 ) ) ;
#831 = EDGE_CURVE ( 'NONE', #353, #669, #704, .T. ) ;
#832 = ADVANCED_FACE ( 'NONE', ( #2124 ), #2429, .T. ) ;
#833 = ORIENTED_EDGE ( 'NONE', *, *, #2147, .F. ) ;
#834 = DIRECTION ( 'NONE',  ( 1.000000000000000000, 0.000000000000000000, 0.000000000000000000 ) ) ;
#835 = ORIENTED_EDGE ( 'NONE', *, *, #736, .F. ) ;
#836 = EDGE_CURVE ( 'NONE', #468, #2542, #1233, .T. ) ;
#837 = PLANE ( 'NONE',  #977 ) ;
#838 = CARTESIAN_POINT ( 'NONE',  ( -100.0000000000000142, 14.24695047554423155, 49.80868809443030898 ) ) ;
#839 = VECTOR ( 'NONE', #730, 1000.000000000000000 ) ;
#840 = DIRECTION ( 'NONE',  ( -2.418786546024306141E-16, 0.000000000000000000, -1.000000000000000000 ) ) ;
#841 = VECTOR ( 'NONE', #1313, 1000.000000000000000 ) ;
#842 = SHAPE_REPRESENTATION ( '板', ( #1952 ), #2236 ) ;
#843 = CC_DESIGN_PERSON_AND_ORGANIZATION_ASSIGNMENT ( #1435, #858, ( #2486 ) ) ;
#844 = DIRECTION ( 'NONE',  ( -1.000000000000000000, 0.000000000000000000, 0.000000000000000000 ) ) ;
#845 = ADVANCED_FACE ( 'NONE', ( #2471 ), #145, .T. ) ;
#846 = CIRCLE ( 'NONE', #820, 2.000000000000000000 ) ;
#847 = VERTEX_POINT ( 'NONE', #2639 ) ;
#848 = LINE ( 'NONE', #289, #946 ) ;
#849 = ITEM_DEFINED_TRANSFORMATION ( 'NONE', 'NONE', #2369,  #1952 ) ;
#850 = EDGE_CURVE ( 'NONE', #1065, #964, #343, .T. ) ;
#851 = CARTESIAN_POINT ( 'NONE',  ( 0.000000000000000000, 0.000000000000000000, 10.00000000000000000 ) ) ;
#852 = LINE ( 'NONE', #314, #2518 ) ;
#853 = COORDINATED_UNIVERSAL_TIME_OFFSET ( 8, 0, .AHEAD. ) ;
#854 = CARTESIAN_POINT ( 'NONE',  ( 12.99999999999995914, 0.000000000000000000, 830.0000000000001137 ) ) ;
#855 = VECTOR ( 'NONE', #1029, 1000.000000000000000 ) ;
#856 = VECTOR ( 'NONE', #1955, 1000.000000000000000 ) ;
#857 = AXIS2_PLACEMENT_3D ( 'NONE', #1060, #879, #2128 ) ;
#858 = PERSON_AND_ORGANIZATION_ROLE ( 'classification_officer' ) ;
#859 = CARTESIAN_POINT ( 'NONE',  ( -290.0000000000001137, 795.0000000000001137, 30.00000000000000000 ) ) ;
#860 = ORIENTED_EDGE ( 'NONE', *, *, #850, .T. ) ;
#861 = ADVANCED_FACE ( 'NONE', ( #606 ), #982, .F. ) ;
#862 = PRODUCT_DEFINITION ( '未知', '', #2402, #553 ) ;
#863 = ORIENTED_EDGE ( 'NONE', *, *, #2266, .T. ) ;
#864 = ORIENTED_EDGE ( 'NONE', *, *, #1960, .T. ) ;
#865 = CARTESIAN_POINT ( 'NONE',  ( -13.00000000000003730, 0.000000000000000000, 830.0000000000001137 ) ) ;
#866 = ORIENTED_EDGE ( 'NONE', *, *, #626, .T. ) ;
#867 = ORIENTED_EDGE ( 'NONE', *, *, #2029, .F. ) ;
#868 = CARTESIAN_POINT ( 'NONE',  ( -210.0000000000000853, -749.9999999999997726, 90.00000000000000000 ) ) ;
#869 = ORIENTED_EDGE ( 'NONE', *, *, #1822, .F. ) ;
#870 = DIRECTION ( 'NONE',  ( 1.000000000000000000, -1.211399075402798533E-16, -0.000000000000000000 ) ) ;
#871 = EDGE_CURVE ( 'NONE', #2216, #2644, #477, .T. ) ;
#872 = PLANE ( 'NONE',  #911 ) ;
#873 = FACE_OUTER_BOUND ( 'NONE', #2495, .T. ) ;
#874 = EDGE_CURVE ( 'NONE', #1449, #1300, #1925, .T. ) ;
#875 = CARTESIAN_POINT ( 'NONE',  ( -10.00000000000000000, 37.00000000000000000, 830.0000000000001137 ) ) ;
#876 = CARTESIAN_POINT ( 'NONE',  ( 259.9999999999998863, -1199.999999999999773, 899.9999999999996589 ) ) ;
#877 = ORIENTED_EDGE ( 'NONE', *, *, #1529, .F. ) ;
#878 = LINE ( 'NONE', #1268, #1796 ) ;
#879 = DIRECTION ( 'NONE',  ( 0.000000000000000000, -0.000000000000000000, 1.000000000000000000 ) ) ;
#880 = DIRECTION ( 'NONE',  ( 1.214306433183764966E-16, -1.000000000000000000, 0.000000000000000000 ) ) ;
#881 = ORIENTED_EDGE ( 'NONE', *, *, #336, .T. ) ;
#882 = FACE_OUTER_BOUND ( 'NONE', #2432, .T. ) ;
#883 = CALENDAR_DATE ( 2026, 2, 6 ) ;
#884 = DIRECTION ( 'NONE',  ( 0.000000000000000000, -1.000000000000000000, 0.000000000000000000 ) ) ;
#885 = LINE ( 'NONE', #875, #2067 ) ;
#887 = ORIENTED_EDGE ( 'NONE', *, *, #2443, .F. ) ;
#886 = LOCAL_TIME ( 14, 24, 56.00000000000000000, #746 ) ;
#888 = CARTESIAN_POINT ( 'NONE',  ( -210.0000000000000853, -1149.999999999999773, 869.9999999999998863 ) ) ;
#889 = DIRECTION ( 'NONE',  ( -2.418786546024306141E-16, -0.000000000000000000, -1.000000000000000000 ) ) ;
#890 = ADVANCED_FACE ( 'NONE', ( #968 ), #1631, .T. ) ;
#891 = FACE_OUTER_BOUND ( 'NONE', #2527, .T. ) ;
#892 = PERSON_AND_ORGANIZATION ( #2340, #2519 ) ;
#893 = CARTESIAN_POINT ( 'NONE',  ( -358.0000000000000000, 23.00000000000008882, -247.5000000000000000 ) ) ;
#894 = CARTESIAN_POINT ( 'NONE',  ( 259.9999999999998863, -719.9999999999997726, 869.9999999999998863 ) ) ;
#895 = AXIS2_PLACEMENT_3D ( 'NONE', #2170, #2606, #486 ) ;
#896 = ORIENTED_EDGE ( 'NONE', *, *, #222, .T. ) ;
#897 =( NAMED_UNIT ( * ) SI_UNIT ( $, .STERADIAN. ) SOLID_ANGLE_UNIT ( ) );
#898 = ORIENTED_EDGE ( 'NONE', *, *, #28, .F. ) ;
#899 = CLOSED_SHELL ( 'NONE', ( #598, #231, #915, #2117, #1667, #702, #2396, #2544, #2276, #215, #443, #55, #79, #1936, #471, #2087, #813, #1321, #1134, #1896, #2378, #1262 ) ) ;
#900 = PRODUCT_DEFINITION ( '未知', '', #192, #1113 ) ;
#901 = ORIENTED_EDGE ( 'NONE', *, *, #736, .T. ) ;
#902 = EDGE_CURVE ( 'NONE', #2336, #629, #1153, .T. ) ;
#903 = ORIENTED_EDGE ( 'NONE', *, *, #2680, .F. ) ;
#904 = DIRECTION ( 'NONE',  ( 2.312964634635742895E-17, 1.000000000000000000, 0.000000000000000000 ) ) ;
#905 = DIRECTION ( 'NONE',  ( 0.000000000000000000, 0.000000000000000000, 1.000000000000000000 ) ) ;
#906 = EDGE_CURVE ( 'NONE', #1800, #2435, #2687, .T. ) ;
#907 = VECTOR ( 'NONE', #1170, 1000.000000000000000 ) ;
#908 = VECTOR ( 'NONE', #2546, 1000.000000000000000 ) ;
#909 = DIRECTION ( 'NONE',  ( -1.000000000000000000, 2.710505431213761085E-16, 0.000000000000000000 ) ) ;
#910 = AXIS2_PLACEMENT_3D ( 'NONE', #2707, #2689, #638 ) ;
#911 = AXIS2_PLACEMENT_3D ( 'NONE', #1090, #674, #1327 ) ;
#912 = FACE_OUTER_BOUND ( 'NONE', #1662, .T. ) ;
#913 = CARTESIAN_POINT ( 'NONE',  ( 357.9999999999999432, 92.00000000000000000, 22.00000000000000000 ) ) ;
#914 = ORIENTED_EDGE ( 'NONE', *, *, #2459, .F. ) ;
#915 = ADVANCED_FACE ( 'NONE', ( #394 ), #1849, .F. ) ;
#916 = LINE ( 'NONE', #2619, #132 ) ;
#917 = EDGE_CURVE ( 'NONE', #384, #2130, #529, .T. ) ;
#918 = COORDINATED_UNIVERSAL_TIME_OFFSET ( 8, 0, .AHEAD. ) ;
#919 = ORIENTED_EDGE ( 'NONE', *, *, #758, .T. ) ;
#920 = VECTOR ( 'NONE', #1130, 1000.000000000000000 ) ;
#921 = PERSON_AND_ORGANIZATION ( #2340, #2519 ) ;
#922 = DIRECTION ( 'NONE',  ( 0.000000000000000000, -1.000000000000000000, 0.000000000000000000 ) ) ;
#923 = PLANE ( 'NONE',  #1730 ) ;
#924 = VECTOR ( 'NONE', #266, 1000.000000000000000 ) ;
#925 = EDGE_CURVE ( 'NONE', #943, #254, #1086, .T. ) ;
#926 = CARTESIAN_POINT ( 'NONE',  ( 358.0000000000000000, 23.00000000000000355, -247.5000000000000000 ) ) ;
#927 = VERTEX_POINT ( 'NONE', #162 ) ;
#928 = DIRECTION ( 'NONE',  ( 0.000000000000000000, -0.000000000000000000, -1.000000000000000000 ) ) ;
#929 = DIRECTION ( 'NONE',  ( 0.000000000000000000, 1.000000000000000000, 0.000000000000000000 ) ) ;
#930 = ORIENTED_EDGE ( 'NONE', *, *, #1653, .T. ) ;
#931 = ORIENTED_EDGE ( 'NONE', *, *, #2113, .T. ) ;
#932 = DIRECTION ( 'NONE',  ( 0.000000000000000000, 0.000000000000000000, 1.000000000000000000 ) ) ;
#933 = CARTESIAN_POINT ( 'NONE',  ( -40.68457252124202483, -14.91991869918654601, -715.0000000000000000 ) ) ;
#934 = EDGE_CURVE ( 'NONE', #17, #964, #2270, .T. ) ;
#935 = ORIENTED_EDGE ( 'NONE', *, *, #1892, .T. ) ;
#936 = DIRECTION ( 'NONE',  ( -1.000000000000000000, -0.000000000000000000, 0.000000000000000000 ) ) ;
#937 = LINE ( 'NONE', #677, #2411 ) ;
#938 = CARTESIAN_POINT ( 'NONE',  ( 259.9999999999998863, 0.000000000000000000, 30.00000000000000000 ) ) ;
#939 = APPROVAL_STATUS ( 'not_yet_approved' ) ;
#940 = VECTOR ( 'NONE', #1744, 1000.000000000000000 ) ;
#941 = DIRECTION ( 'NONE',  ( 0.000000000000000000, 1.000000000000000000, 0.000000000000000000 ) ) ;
#942 = ORIENTED_EDGE ( 'NONE', *, *, #1946, .T. ) ;
#943 = VERTEX_POINT ( 'NONE', #2666 ) ;
#944 = ORIENTED_EDGE ( 'NONE', *, *, #2595, .F. ) ;
#945 = CARTESIAN_POINT ( 'NONE',  ( -188.0000000000001705, -950.0000000000000000, 90.00000000000005684 ) ) ;
#946 = VECTOR ( 'NONE', #1756, 1000.000000000000000 ) ;
#947 = APPROVAL_PERSON_ORGANIZATION ( #1435, #2526, #1107 ) ;
#948 = CC_DESIGN_DATE_AND_TIME_ASSIGNMENT ( #624, #1357, ( #1989 ) ) ;
#949 = CARTESIAN_POINT ( 'NONE',  ( -13.00000000000003730, 0.000000000000000000, 0.000000000000000000 ) ) ;
#950 =( NAMED_UNIT ( * ) SI_UNIT ( $, .STERADIAN. ) SOLID_ANGLE_UNIT ( ) );
#951 = ADVANCED_BREP_SHAPE_REPRESENTATION ( '', ( #2408, #1952 ), #1523 ) ;
#952 = LINE ( 'NONE', #1583, #1971 ) ;
#953 = LOCAL_TIME ( 14, 24, 56.00000000000000000, #814 ) ;
#954 = DIRECTION ( 'NONE',  ( 0.000000000000000000, 0.000000000000000000, -1.000000000000000000 ) ) ;
#955 = VECTOR ( 'NONE', #2452, 1000.000000000000000 ) ;
#956 = APPROVAL_DATE_TIME ( #1510, #1649 ) ;
#957 = ORIENTED_EDGE ( 'NONE', *, *, #1133, .F. ) ;
#958 = EDGE_LOOP ( 'NONE', ( #1486, #505, #125, #1413 ) ) ;
#959 = DIRECTION ( 'NONE',  ( -0.000000000000000000, 2.467162276944792422E-16, -1.000000000000000000 ) ) ;
#960 = ORIENTED_EDGE ( 'NONE', *, *, #2147, .T. ) ;
#961 = EDGE_CURVE ( 'NONE', #2436, #1920, #2392, .T. ) ;
#962 = EDGE_LOOP ( 'NONE', ( #86, #864, #1978, #694 ) ) ;
#963 = ORIENTED_EDGE ( 'NONE', *, *, #2440, .F. ) ;
#964 = VERTEX_POINT ( 'NONE', #2684 ) ;
#965 = CARTESIAN_POINT ( 'NONE',  ( -100.0000000000000142, -16.00000000000000711, 64.00000000000000000 ) ) ;
#966 = DIRECTION ( 'NONE',  ( -0.000000000000000000, -0.000000000000000000, -1.000000000000000000 ) ) ;
#967 = VERTEX_POINT ( 'NONE', #2463 ) ;
#968 = FACE_OUTER_BOUND ( 'NONE', #962, .T. ) ;
#969 = DIRECTION ( 'NONE',  ( 1.000000000000000000, 0.000000000000000000, 0.000000000000000000 ) ) ;
#970 = VECTOR ( 'NONE', #1458, 1000.000000000000000 ) ;
#971 = LINE ( 'NONE', #426, #1034 ) ;
#972 = CARTESIAN_POINT ( 'NONE',  ( -290.0000000000000568, 1169.999999999999318, 869.9999999999998863 ) ) ;
#973 = APPLICATION_PROTOCOL_DEFINITION ( 'international standard', 'config_control_design', 1994, #2011 ) ;
#974 = EDGE_CURVE ( 'NONE', #2045, #2311, #685, .T. ) ;
#975 = LINE ( 'NONE', #377, #2545 ) ;
#976 = PLANE ( 'NONE',  #1576 ) ;
#977 = AXIS2_PLACEMENT_3D ( 'NONE', #2107, #2295, #2497 ) ;
#978 = LINE ( 'NONE', #52, #520 ) ;
#979 = DATE_AND_TIME ( #290, #652 ) ;
#980 = CARTESIAN_POINT ( 'NONE',  ( -210.0000000000001990, -749.9999999999997726, 30.00000000000000000 ) ) ;
#981 = VECTOR ( 'NONE', #1844, 1000.000000000000000 ) ;
#982 = PLANE ( 'NONE',  #1452 ) ;
#983 = CALENDAR_DATE ( 2026, 2, 6 ) ;
#984 = PERSON_AND_ORGANIZATION_ROLE ( 'creator' ) ;
#985 = LINE ( 'NONE', #1324, #2524 ) ;
#986 = CARTESIAN_POINT ( 'NONE',  ( 10.00000000000000178, 29.00000000000000000, 10.00000000000000000 ) ) ;
#987 = EDGE_LOOP ( 'NONE', ( #1790, #160, #32, #1760, #2153, #1654 ) ) ;
#988 = DIRECTION ( 'NONE',  ( -1.000000000000000000, 0.000000000000000000, 0.000000000000000000 ) ) ;
#989 = EDGE_CURVE ( 'NONE', #114, #2216, #460, .T. ) ;
#990 = EDGE_LOOP ( 'NONE', ( #1483, #1359, #1878, #1354 ) ) ;
#991 = CARTESIAN_POINT ( 'NONE',  ( 99.99999999999998579, -15.99999999999998579, 22.00000000000000000 ) ) ;
#992 = VERTEX_POINT ( 'NONE', #786 ) ;
#993 = ORIENTED_EDGE ( 'NONE', *, *, #1533, .F. ) ;
#994 = EDGE_CURVE ( 'NONE', #1916, #2337, #2623, .T. ) ;
#995 = CARTESIAN_POINT ( 'NONE',  ( 99.99999999999998579, 8.000000000000014211, 54.80624847486573259 ) ) ;
#996 = VERTEX_POINT ( 'NONE', #2245 ) ;
#997 = EDGE_LOOP ( 'NONE', ( #1724, #1463, #1058, #2667 ) ) ;
#998 = SECURITY_CLASSIFICATION ( '', '', #776 ) ;
#999 = CARTESIAN_POINT ( 'NONE',  ( 357.9999999999999432, -92.00000000000000000, 22.00000000000000000 ) ) ;
#1000 = APPROVAL_STATUS ( 'not_yet_approved' ) ;
#1001 = CYLINDRICAL_SURFACE ( 'NONE', #246, 8.000000000000000000 ) ;
#1002 = CARTESIAN_POINT ( 'NONE',  ( -339.9999999999999432, 23.00000000000004974, -229.4999999999999716 ) ) ;
#1003 = ORIENTED_EDGE ( 'NONE', *, *, #1653, .F. ) ;
#1004 = CARTESIAN_POINT ( 'NONE',  ( 259.9999999999998863, 0.000000000000000000, 0.000000000000000000 ) ) ;
#1005 = VECTOR ( 'NONE', #1919, 999.9999999999998863 ) ;
#1006 = APPROVAL_STATUS ( 'not_yet_approved' ) ;
#1007 = LINE ( 'NONE', #1484, #1764 ) ;
#1008 = EDGE_CURVE ( 'NONE', #740, #428, #2455, .T. ) ;
#1009 = EDGE_LOOP ( 'NONE', ( #430, #728, #1545, #2155 ) ) ;
#1010 = PERSON_AND_ORGANIZATION ( #2340, #2519 ) ;
#1011 = CARTESIAN_POINT ( 'NONE',  ( 289.9999999999999432, 1199.999999999999545, 900.0000000000000000 ) ) ;
#1012 = DIRECTION ( 'NONE',  ( -0.000000000000000000, -0.000000000000000000, 1.000000000000000000 ) ) ;
#1013 = LINE ( 'NONE', #603, #2483 ) ;
#1014 = LOCAL_TIME ( 14, 24, 56.00000000000000000, #2357 ) ;
#1015 = AXIS2_PLACEMENT_3D ( 'NONE', #1365, #731, #969 ) ;
#1016 = DIRECTION ( 'NONE',  ( -0.000000000000000000, -0.000000000000000000, -1.000000000000000000 ) ) ;
#1017 = VECTOR ( 'NONE', #1462, 1000.000000000000000 ) ;
#1018 = EDGE_LOOP ( 'NONE', ( #1880, #332, #11, #591 ) ) ;
#1019 = PRODUCT_DEFINITION_FORMATION_WITH_SPECIFIED_SOURCE ( '任何', '', #237, .NOT_KNOWN. ) ;
#1020 = DIRECTION ( 'NONE',  ( -2.418786546024306141E-16, -0.000000000000000000, -1.000000000000000000 ) ) ;
#1021 = ORIENTED_EDGE ( 'NONE', *, *, #906, .T. ) ;
#1022 = CARTESIAN_POINT ( 'NONE',  ( -15.00000000000003730, 0.000000000000000000, 840.0000000000001137 ) ) ;
#1023 = ORIENTED_EDGE ( 'NONE', *, *, #1156, .F. ) ;
#1024 = EDGE_CURVE ( 'NONE', #1544, #1912, #1701, .T. ) ;
#1025 = ADVANCED_FACE ( 'NONE', ( #267 ), #837, .T. ) ;
#1026 = EDGE_LOOP ( 'NONE', ( #371, #242, #1615, #2500, #963, #636, #1003, #1584 ) ) ;
#1027 = CARTESIAN_POINT ( 'NONE',  ( 259.9999999999998863, 1199.999999999999545, 900.0000000000000000 ) ) ;
#1028 = EDGE_CURVE ( 'NONE', #1891, #1330, #72, .T. ) ;
#1029 = DIRECTION ( 'NONE',  ( 0.000000000000000000, 0.000000000000000000, 1.000000000000000000 ) ) ;
#1030 = ORIENTED_EDGE ( 'NONE', *, *, #1223, .F. ) ;
#1031 = ORIENTED_EDGE ( 'NONE', *, *, #148, .T. ) ;
#1032 = AXIS2_PLACEMENT_3D ( 'NONE', #2576, #1331, #74 ) ;
#1033 = PLANE ( 'NONE',  #1623 ) ;
#1034 = VECTOR ( 'NONE', #2109, 1000.000000000000000 ) ;
#1035 = CC_DESIGN_PERSON_AND_ORGANIZATION_ASSIGNMENT ( #395, #2394, ( #862 ) ) ;
#1036 = CARTESIAN_POINT ( 'NONE',  ( -15.00000000000001243, 96.00000000000000000, 830.0000000000001137 ) ) ;
#1037 = LINE ( 'NONE', #1857, #1527 ) ;
#1038 = ADVANCED_FACE ( 'NONE', ( #1837 ), #1250, .F. ) ;
#1039 = EDGE_CURVE ( 'NONE', #740, #1330, #1772, .T. ) ;
#1040 = DIRECTION ( 'NONE',  ( -1.000000000000000000, 0.000000000000000000, -0.000000000000000000 ) ) ;
#1041 = DIRECTION ( 'NONE',  ( -1.000000000000000000, -0.000000000000000000, -0.000000000000000000 ) ) ;
#1042 = LINE ( 'NONE', #1022, #1866 ) ;
#1043 = EDGE_CURVE ( 'NONE', #119, #2244, #1217, .T. ) ;
#1044 = DIRECTION ( 'NONE',  ( -1.000000000000000000, -0.000000000000000000, 0.000000000000000000 ) ) ;
#1045 = VECTOR ( 'NONE', #1893, 1000.000000000000000 ) ;
#1046 = VERTEX_POINT ( 'NONE', #812 ) ;
#1047 = DIRECTION ( 'NONE',  ( -0.000000000000000000, -0.000000000000000000, 1.000000000000000000 ) ) ;
#1048 = PERSON_AND_ORGANIZATION ( #2340, #2519 ) ;
#1049 =( REPRESENTATION_RELATIONSHIP ('NONE','NONE', #1798, #2603 ) REPRESENTATION_RELATIONSHIP_WITH_TRANSFORMATION ( #849 )SHAPE_REPRESENTATION_RELATIONSHIP( ) );
#1050 = VECTOR ( 'NONE', #152, 1000.000000000000000 ) ;
#1051 = LOCAL_TIME ( 14, 24, 56.00000000000000000, #686 ) ;
#1052 = DIRECTION ( 'NONE',  ( 1.000000000000000000, 0.000000000000000000, 0.000000000000000000 ) ) ;
#1053 = ADVANCED_FACE ( 'NONE', ( #2488 ), #826, .F. ) ;
#1054 = AXIS2_PLACEMENT_3D ( 'NONE', #622, #1055, #1683 ) ;
#1055 = DIRECTION ( 'NONE',  ( 0.000000000000000000, 0.000000000000000000, -1.000000000000000000 ) ) ;
#1056 = VERTEX_POINT ( 'NONE', #214 ) ;
#1057 = VERTEX_POINT ( 'NONE', #439 ) ;
#1058 = ORIENTED_EDGE ( 'NONE', *, *, #974, .F. ) ;
#1059 = ORIENTED_EDGE ( 'NONE', *, *, #140, .F. ) ;
#1060 = CARTESIAN_POINT ( 'NONE',  ( 0.000000000000000000, 0.000000000000000000, 830.0000000000001137 ) ) ;
#1061 = DIRECTION ( 'NONE',  ( -2.710505431213761085E-16, -1.000000000000000000, 0.000000000000000000 ) ) ;
#1062 = ORIENTED_EDGE ( 'NONE', *, *, #1708, .F. ) ;
#1063 = ORIENTED_EDGE ( 'NONE', *, *, #319, .T. ) ;
#1064 = CARTESIAN_POINT ( 'NONE',  ( 99.99999999999998579, 3.999999999999989786, 22.00000000000000000 ) ) ;
#1065 = VERTEX_POINT ( 'NONE', #2289 ) ;
#1066 = EDGE_CURVE ( 'NONE', #2337, #384, #657, .T. ) ;
#1067 = ADVANCED_FACE ( 'NONE', ( #2361 ), #413, .T. ) ;
#1068 = DIRECTION ( 'NONE',  ( 0.000000000000000000, 0.000000000000000000, 1.000000000000000000 ) ) ;
#1069 = LINE ( 'NONE', #2204, #1366 ) ;
#1070 = CARTESIAN_POINT ( 'NONE',  ( 357.9999999999999432, 23.00000000000004974, 0.000000000000000000 ) ) ;
#1071 = CC_DESIGN_APPROVAL ( #1696, ( #1752 ) ) ;
#1072 = CARTESIAN_POINT ( 'NONE',  ( -290.0000000000001137, -1199.999999999999773, 0.000000000000000000 ) ) ;
#1073 = DIRECTION ( 'NONE',  ( -0.000000000000000000, -1.000000000000000000, -0.000000000000000000 ) ) ;
#1074 = CARTESIAN_POINT ( 'NONE',  ( -210.0000000000000853, -749.9999999999997726, 809.9999999999998863 ) ) ;
#1075 = VECTOR ( 'NONE', #1306, 1000.000000000000000 ) ;
#1076 = EDGE_LOOP ( 'NONE', ( #2532, #1888, #212, #901 ) ) ;
#1077 = VECTOR ( 'NONE', #61, 1000.000000000000000 ) ;
#1078 = CARTESIAN_POINT ( 'NONE',  ( -290.0000000000003411, 1199.999999999999545, 899.9999999999998863 ) ) ;
#1079 = ADVANCED_FACE ( 'NONE', ( #816 ), #643, .T. ) ;
#1080 = CALENDAR_DATE ( 2026, 2, 6 ) ;
#1081 = DIRECTION ( 'NONE',  ( 1.000000000000000000, -1.734723475976807094E-15, 0.000000000000000000 ) ) ;
#1082 = VECTOR ( 'NONE', #2614, 1000.000000000000000 ) ;
#1083 = LOCAL_TIME ( 14, 24, 56.00000000000000000, #485 ) ;
#1084 = PLANE ( 'NONE',  #1224 ) ;
#1085 = DIRECTION ( 'NONE',  ( -1.000000000000000000, 0.000000000000000000, 0.000000000000000000 ) ) ;
#1086 = LINE ( 'NONE', #1865, #2426 ) ;
#1087 = CARTESIAN_POINT ( 'NONE',  ( 358.0000000000000000, 23.00000000000000355, 0.000000000000000000 ) ) ;
#1088 = CC_DESIGN_PERSON_AND_ORGANIZATION_ASSIGNMENT ( #1670, #1568, ( #2402 ) ) ;
#1089 = EDGE_LOOP ( 'NONE', ( #1266, #158, #283, #566 ) ) ;
#1090 = CARTESIAN_POINT ( 'NONE',  ( 0.000000000000000000, 0.000000000000000000, 0.000000000000000000 ) ) ;
#1091 = EDGE_CURVE ( 'NONE', #2138, #1418, #589, .T. ) ;
#1092 = ADVANCED_FACE ( 'NONE', ( #2210 ), #2313, .F. ) ;
#1093 = VERTEX_POINT ( 'NONE', #223 ) ;
#1094 = ORIENTED_EDGE ( 'NONE', *, *, #527, .T. ) ;
#1095 = CARTESIAN_POINT ( 'NONE',  ( 259.9999999999998863, 794.9999999999998863, 869.9999999999998863 ) ) ;
#1096 = EDGE_LOOP ( 'NONE', ( #375, #2462, #563, #772 ) ) ;
#1097 = CARTESIAN_POINT ( 'NONE',  ( 14.99999999999996092, 0.000000000000000000, 840.0000000000001137 ) ) ;
#1098 = LINE ( 'NONE', #1661, #548 ) ;
#1099 = EDGE_CURVE ( 'NONE', #2582, #2695, #44, .T. ) ;
#1100 = ORIENTED_EDGE ( 'NONE', *, *, #1759, .F. ) ;
#1101 = LINE ( 'NONE', #2700, #2088 ) ;
#1102 = AXIS2_PLACEMENT_3D ( 'NONE', #764, #1588, #2013 ) ;
#1103 = DIRECTION ( 'NONE',  ( 0.000000000000000000, 2.467162276944792422E-16, -1.000000000000000000 ) ) ;
#1104 = EDGE_CURVE ( 'NONE', #1891, #1326, #1910, .T. ) ;
#1105 = CARTESIAN_POINT ( 'NONE',  ( 2.000000000000001776, 28.99999999999999645, 10.00000000000000888 ) ) ;
#1106 = FACE_OUTER_BOUND ( 'NONE', #225, .T. ) ;
#1107 = APPROVAL_ROLE ( '' ) ;
#1108 = VECTOR ( 'NONE', #2303, 1000.000000000000000 ) ;
#1109 = ORIENTED_EDGE ( 'NONE', *, *, #770, .F. ) ;
#1110 = PERSON_AND_ORGANIZATION ( #2340, #2519 ) ;
#1111 = DIRECTION ( 'NONE',  ( -1.000000000000000000, -2.312964634635742957E-16, 0.000000000000000000 ) ) ;
#1112 = DIRECTION ( 'NONE',  ( 0.000000000000000000, 0.000000000000000000, -1.000000000000000000 ) ) ;
#1113 = DESIGN_CONTEXT ( 'detailed design', #2649, 'design' ) ;
#1114 = VECTOR ( 'NONE', #794, 1000.000000000000000 ) ;
#1115 = DATE_AND_TIME ( #565, #202 ) ;
#1116 = EDGE_CURVE ( 'NONE', #964, #2582, #1738, .T. ) ;
#1117 = EDGE_LOOP ( 'NONE', ( #1927, #1947, #1781, #147, #2692, #2401, #620, #334 ) ) ;
#1118 = DIRECTION ( 'NONE',  ( 1.000000000000000000, -0.000000000000000000, -0.000000000000000000 ) ) ;
#1119 = AXIS2_PLACEMENT_3D ( 'NONE', #22, #2086, #1690 ) ;
#1120 = VERTEX_POINT ( 'NONE', #2321 ) ;
#1121 = EDGE_LOOP ( 'NONE', ( #504, #1657, #297, #1252, #1159, #1914, #667, #142 ) ) ;
#1122 = CARTESIAN_POINT ( 'NONE',  ( 980.6247289678586867, -950.0000000000000000, 90.00000000000005684 ) ) ;
#1123 = CARTESIAN_POINT ( 'NONE',  ( -290.0000000000001137, -1149.999999999999773, 869.9999999999998863 ) ) ;
#1124 = VERTEX_POINT ( 'NONE', #2095 ) ;
#1125 = DIRECTION ( 'NONE',  ( -1.000000000000000000, -0.000000000000000000, -0.000000000000000000 ) ) ;
#1126 = ORIENTED_EDGE ( 'NONE', *, *, #2314, .F. ) ;
#1127 = ORIENTED_EDGE ( 'NONE', *, *, #115, .T. ) ;
#1128 = DIRECTION ( 'NONE',  ( -0.000000000000000000, -0.000000000000000000, -1.000000000000000000 ) ) ;
#1129 = ORIENTED_EDGE ( 'NONE', *, *, #1212, .F. ) ;
#1130 = DIRECTION ( 'NONE',  ( -1.000000000000000000, 0.000000000000000000, 0.000000000000000000 ) ) ;
#1131 = PLANE ( 'NONE',  #376 ) ;
#1132 = DIRECTION ( 'NONE',  ( -0.000000000000000000, 1.000000000000000000, -0.000000000000000000 ) ) ;
#1133 = EDGE_CURVE ( 'NONE', #992, #2349, #1410, .T. ) ;
#1134 = ADVANCED_FACE ( 'NONE', ( #891 ), #1942, .T. ) ;
#1135 = LINE ( 'NONE', #938, #374 ) ;
#1136 = CARTESIAN_POINT ( 'NONE',  ( 219.0000000000001421, 3.999999999999989786, 22.00000000000000000 ) ) ;
#1137 = EDGE_CURVE ( 'NONE', #1852, #1056, #1639, .T. ) ;
#1138 = DIRECTION ( 'NONE',  ( 0.000000000000000000, 2.643388153869421297E-16, -1.000000000000000000 ) ) ;
#1139 = DIRECTION ( 'NONE',  ( 0.000000000000000000, 0.000000000000000000, 1.000000000000000000 ) ) ;
#1140 = ORIENTED_EDGE ( 'NONE', *, *, #1839, .F. ) ;
#1141 = CC_DESIGN_APPROVAL ( #1649, ( #1899 ) ) ;
#1142 = ORIENTED_EDGE ( 'NONE', *, *, #1876, .F. ) ;
#1143 = LINE ( 'NONE', #2326, #1496 ) ;
#1144 = CARTESIAN_POINT ( 'NONE',  ( -339.9999999999998863, -60.99999999999995737, 0.000000000000000000 ) ) ;
#1145 = APPLICATION_CONTEXT ( 'configuration controlled 3d designs of mechanical parts and assemblies' ) ;
#1146 = ORIENTED_EDGE ( 'NONE', *, *, #1897, .T. ) ;
#1147 = VECTOR ( 'NONE', #2570, 1000.000000000000000 ) ;
#1148 = CARTESIAN_POINT ( 'NONE',  ( 99.99999999999998579, -15.99999999999998579, 72.00000000000001421 ) ) ;
#1149 = PERSON_AND_ORGANIZATION ( #282, #1566 ) ;
#1150 = CARTESIAN_POINT ( 'NONE',  ( -10.00000000000000000, 37.00000000000000000, 840.0000000000001137 ) ) ;
#1151 = LINE ( 'NONE', #965, #1570 ) ;
#1152 = APPROVAL_PERSON_ORGANIZATION ( #1668, #714, #339 ) ;
#1153 = LINE ( 'NONE', #1197, #105 ) ;
#1154 = CARTESIAN_POINT ( 'NONE',  ( -358.0000000000000000, -76.99999999999991473, 0.000000000000000000 ) ) ;
#1155 = APPROVAL_ROLE ( '' ) ;
#1156 = EDGE_CURVE ( 'NONE', #707, #1411, #1441, .T. ) ;
#1157 = ORIENTED_EDGE ( 'NONE', *, *, #1743, .T. ) ;
#1158 = PLANE ( 'NONE',  #2283 ) ;
#1159 = ORIENTED_EDGE ( 'NONE', *, *, #1116, .T. ) ;
#1160 = DIRECTION ( 'NONE',  ( -0.000000000000000000, -0.000000000000000000, 1.000000000000000000 ) ) ;
#1161 = VERTEX_POINT ( 'NONE', #508 ) ;
#1162 = APPLICATION_CONTEXT ( 'configuration controlled 3d designs of mechanical parts and assemblies' ) ;
#1163 = APPROVAL ( #1251, 'UNKNOWN' ) ;
#1164 = EDGE_LOOP ( 'NONE', ( #860, #2181, #835, #867, #550, #313, #2021, #1129, #1394, #2301 ) ) ;
#1165 = VERTEX_POINT ( 'NONE', #1553 ) ;
#1166 = DIRECTION ( 'NONE',  ( 0.000000000000000000, -0.000000000000000000, 1.000000000000000000 ) ) ;
#1167 = EDGE_LOOP ( 'NONE', ( #333, #2308, #725, #1580 ) ) ;
#1168 = CARTESIAN_POINT ( 'NONE',  ( 99.99999999999998579, -15.99999999999998579, 22.00000000000000000 ) ) ;
#1169 = VECTOR ( 'NONE', #406, 1000.000000000000000 ) ;
#1170 = DIRECTION ( 'NONE',  ( -1.000000000000000000, 1.162943112386686542E-16, 0.000000000000000000 ) ) ;
#1171 = ORIENTED_EDGE ( 'NONE', *, *, #1156, .T. ) ;
#1172 = CARTESIAN_POINT ( 'NONE',  ( 0.000000000000000000, 0.000000000000000000, 0.000000000000000000 ) ) ;
#1173 = LINE ( 'NONE', #727, #126 ) ;
#1174 = AXIS2_PLACEMENT_3D ( 'NONE', #381, #2262, #1429 ) ;
#1175 = EDGE_LOOP ( 'NONE', ( #1681, #2525, #593, #796 ) ) ;
#1176 = DIRECTION ( 'NONE',  ( -1.000000000000000000, -0.000000000000000000, -0.000000000000000000 ) ) ;
#1177 = CC_DESIGN_PERSON_AND_ORGANIZATION_ASSIGNMENT ( #1699, #1850, ( #192 ) ) ;
#1178 = DIRECTION ( 'NONE',  ( 1.000000000000000000, 0.000000000000000000, 0.000000000000000000 ) ) ;
#1179 = APPLICATION_PROTOCOL_DEFINITION ( 'international standard', 'config_control_design', 1994, #2229 ) ;
#1180 = VECTOR ( 'NONE', #941, 1000.000000000000000 ) ;
#1181 = FACE_BOUND ( 'NONE', #2699, .T. ) ;
#1182 = DATE_AND_TIME ( #1505, #953 ) ;
#1183 = EDGE_CURVE ( 'NONE', #1544, #243, #1807, .T. ) ;
#1184 = CARTESIAN_POINT ( 'NONE',  ( 99.99999999999998579, 16.00000000000001421, 64.00000000000000000 ) ) ;
#1185 = VECTOR ( 'NONE', #2305, 1000.000000000000000 ) ;
#1186 = CARTESIAN_POINT ( 'NONE',  ( 259.9999999999998863, 795.0000000000001137, 30.00000000000000000 ) ) ;
#1187 = LINE ( 'NONE', #2566, #924 ) ;
#1188 = ORIENTED_EDGE ( 'NONE', *, *, #1260, .T. ) ;
#1189 = CARTESIAN_POINT ( 'NONE',  ( 357.9999999999999432, -92.00000000000000000, 0.000000000000000000 ) ) ;
#1190 = PERSON_AND_ORGANIZATION_ROLE ( 'classification_officer' ) ;
#1191 = ORIENTED_EDGE ( 'NONE', *, *, #2290, .T. ) ;
#1192 = ORIENTED_EDGE ( 'NONE', *, *, #2042, .F. ) ;
#1193 = DIRECTION ( 'NONE',  ( -4.336808689942017120E-17, 1.000000000000000000, 0.000000000000000000 ) ) ;
#1194 = ORIENTED_EDGE ( 'NONE', *, *, #109, .T. ) ;
#1195 = AXIS2_PLACEMENT_3D ( 'NONE', #1335, #1519, #1528 ) ;
#1196 = DIRECTION ( 'NONE',  ( -0.000000000000000000, 0.000000000000000000, 1.000000000000000000 ) ) ;
#1197 = CARTESIAN_POINT ( 'NONE',  ( -10.00000000000000000, 37.00000000000000000, 10.00000000000000000 ) ) ;
#1198 = ORIENTED_EDGE ( 'NONE', *, *, #1616, .F. ) ;
#1199 = PERSON_AND_ORGANIZATION_ROLE ( 'design_owner' ) ;
#1200 = VECTOR ( 'NONE', #1753, 1000.000000000000000 ) ;
#1201 = DIRECTION ( 'NONE',  ( -1.000000000000000000, -1.214306433183764966E-16, -1.517883041479706208E-16 ) ) ;
#1202 = DIRECTION ( 'NONE',  ( 0.000000000000000000, -1.000000000000000000, -3.469446951953614805E-17 ) ) ;
#1203 = PERSON_AND_ORGANIZATION_ROLE ( 'creator' ) ;
#1204 = EDGE_CURVE ( 'NONE', #847, #1263, #1351, .T. ) ;
#1205 = ORIENTED_EDGE ( 'NONE', *, *, #974, .T. ) ;
#1206 = LINE ( 'NONE', #2316, #131 ) ;
#1207 = ORIENTED_EDGE ( 'NONE', *, *, #753, .T. ) ;
#1208 = CARTESIAN_POINT ( 'NONE',  ( -9.999999999999996447, 6.999999999999999112, 840.0000000000001137 ) ) ;
#1209 = LINE ( 'NONE', #1097, #451 ) ;
#1210 = CARTESIAN_POINT ( 'NONE',  ( 0.000000000000000000, 0.000000000000000000, 869.9999999999998863 ) ) ;
#1211 = DIRECTION ( 'NONE',  ( 0.000000000000000000, 0.000000000000000000, 1.000000000000000000 ) ) ;
#1212 = EDGE_CURVE ( 'NONE', #468, #992, #201, .T. ) ;
#1213 = SECURITY_CLASSIFICATION ( '', '', #827 ) ;
#1214 = CIRCLE ( 'NONE', #2073, 8.000000000000000000 ) ;
#1215 = DIRECTION ( 'NONE',  ( 1.000000000000000000, 1.156482317317871478E-16, -0.000000000000000000 ) ) ;
#1216 = APPROVAL_DATE_TIME ( #1571, #20 ) ;
#1217 = LINE ( 'NONE', #1677, #295 ) ;
#1218 = FACE_OUTER_BOUND ( 'NONE', #2280, .T. ) ;
#1219 = CARTESIAN_POINT ( 'NONE',  ( 99.99999999999998579, 16.00000000000001421, 54.80624847486573259 ) ) ;
#1220 = ORIENTED_EDGE ( 'NONE', *, *, #2569, .T. ) ;
#1221 = ORIENTED_EDGE ( 'NONE', *, *, #1183, .T. ) ;
#1222 = DATE_TIME_ROLE ( 'classification_date' ) ;
#1223 = EDGE_CURVE ( 'NONE', #503, #2663, #1872, .T. ) ;
#1224 = AXIS2_PLACEMENT_3D ( 'NONE', #448, #922, #293 ) ;
#1225 = CARTESIAN_POINT ( 'NONE',  ( -9.999999999999996447, 6.999999999999999112, 830.0000000000001137 ) ) ;
#1226 = DIRECTION ( 'NONE',  ( -1.000000000000000000, -0.000000000000000000, 8.163404592832033966E-17 ) ) ;
#1227 = ORIENTED_EDGE ( 'NONE', *, *, #300, .T. ) ;
#1228 = CC_DESIGN_PERSON_AND_ORGANIZATION_ASSIGNMENT ( #458, #2672, ( #476 ) ) ;
#1229 = DIRECTION ( 'NONE',  ( -0.000000000000000000, 1.000000000000000000, -0.000000000000000000 ) ) ;
#1230 = ORIENTED_EDGE ( 'NONE', *, *, #2113, .F. ) ;
#1231 = CARTESIAN_POINT ( 'NONE',  ( 14.99999999999998757, 96.00000000000000000, 0.000000000000000000 ) ) ;
#1232 = ADVANCED_FACE ( 'NONE', ( #719 ), #711, .T. ) ;
#1233 = LINE ( 'NONE', #2213, #671 ) ;
#1234 = APPROVAL_ROLE ( '' ) ;
#1235 = EDGE_CURVE ( 'NONE', #2628, #1916, #2621, .T. ) ;
#1236 = ORIENTED_EDGE ( 'NONE', *, *, #1391, .T. ) ;
#1237 = CARTESIAN_POINT ( 'NONE',  ( 339.9999999999999432, 23.00000000000004974, -229.5000000000000284 ) ) ;
#1238 = ADVANCED_BREP_SHAPE_REPRESENTATION ( '', ( #177, #1952 ), #2236 ) ;
#1239 = CARTESIAN_POINT ( 'NONE',  ( 259.9999999999998863, -950.0000000000000000, 90.00000000000005684 ) ) ;
#1240 = VECTOR ( 'NONE', #1020, 1000.000000000000000 ) ;
#1241 = VECTOR ( 'NONE', #1284, 1000.000000000000000 ) ;
#1242 = ORIENTED_EDGE ( 'NONE', *, *, #836, .T. ) ;
#1243 = CARTESIAN_POINT ( 'NONE',  ( -210.0000000000000853, -1149.999999999999773, 30.00000000000002842 ) ) ;
#1244 = LINE ( 'NONE', #1036, #1108 ) ;
#1245 = ADVANCED_FACE ( 'NONE', ( #1286 ), #1084, .F. ) ;
#1246 = COORDINATED_UNIVERSAL_TIME_OFFSET ( 8, 0, .AHEAD. ) ;
#1247 = AXIS2_PLACEMENT_3D ( 'NONE', #2579, #281, #2136 ) ;
#1248 = VECTOR ( 'NONE', #526, 1000.000000000000000 ) ;
#1249 = PERSON_AND_ORGANIZATION ( #2340, #2519 ) ;
#1250 = PLANE ( 'NONE',  #1400 ) ;
#1251 = APPROVAL_STATUS ( 'not_yet_approved' ) ;
#1252 = ORIENTED_EDGE ( 'NONE', *, *, #934, .T. ) ;
#1253 = CARTESIAN_POINT ( 'NONE',  ( -290.0000000000003411, 1199.999999999999545, 899.9999999999998863 ) ) ;
#1254 = ORIENTED_EDGE ( 'NONE', *, *, #925, .F. ) ;
#1255 = ORIENTED_EDGE ( 'NONE', *, *, #1104, .T. ) ;
#1256 = DIRECTION ( 'NONE',  ( -1.000000000000000000, -0.000000000000000000, -0.000000000000000000 ) ) ;
#1257 = EDGE_CURVE ( 'NONE', #2304, #2695, #1767, .T. ) ;
#1258 = ORIENTED_EDGE ( 'NONE', *, *, #1311, .T. ) ;
#1259 = DIRECTION ( 'NONE',  ( 1.000000000000000000, 0.000000000000000000, 0.000000000000000000 ) ) ;
#1260 = EDGE_CURVE ( 'NONE', #2668, #1294, #1698, .T. ) ;
#1261 = DIRECTION ( 'NONE',  ( 1.156482317317871725E-16, -1.000000000000000000, 0.000000000000000000 ) ) ;
#1262 = ADVANCED_FACE ( 'NONE', ( #781 ), #1669, .T. ) ;
#1263 = VERTEX_POINT ( 'NONE', #108 ) ;
#1264 = ORIENTED_EDGE ( 'NONE', *, *, #260, .T. ) ;
#1265 = ORIENTED_EDGE ( 'NONE', *, *, #402, .T. ) ;
#1266 = ORIENTED_EDGE ( 'NONE', *, *, #2319, .T. ) ;
#1267 = AXIS2_PLACEMENT_3D ( 'NONE', #1734, #2370, #1762 ) ;
#1268 = CARTESIAN_POINT ( 'NONE',  ( -188.0000000000000853, -1149.999999999999773, 89.99999999999998579 ) ) ;
#1269 = DIRECTION ( 'NONE',  ( -1.000000000000000000, 0.000000000000000000, 0.000000000000000000 ) ) ;
#1270 = EDGE_CURVE ( 'NONE', #66, #1492, #885, .T. ) ;
#1271 = CC_DESIGN_SECURITY_CLASSIFICATION ( #2486, ( #2709 ) ) ;
#1272 = DIRECTION ( 'NONE',  ( -0.000000000000000000, -0.000000000000000000, -1.000000000000000000 ) ) ;
#1273 = LINE ( 'NONE', #1122, #1459 ) ;
#1274 = DIRECTION ( 'NONE',  ( 0.000000000000000000, -0.000000000000000000, -1.000000000000000000 ) ) ;
#1275 = DIRECTION ( 'NONE',  ( -1.000000000000000000, 0.000000000000000000, 8.163404592832035198E-17 ) ) ;
#1276 = DIRECTION ( 'NONE',  ( 1.000000000000000000, 1.214306433183764966E-16, 0.000000000000000000 ) ) ;
#1277 = EDGE_LOOP ( 'NONE', ( #1191, #1369, #2498, #392 ) ) ;
#1278 = VECTOR ( 'NONE', #2233, 1000.000000000000000 ) ;
#1279 = ORGANIZATION ( 'NAUO-ORG4', 'UNSPECIFIED', 'UNSPECIFIED' ) ;
#1280 = CYLINDRICAL_SURFACE ( 'NONE', #1469, 8.000000000000000000 ) ;
#1281 = DIRECTION ( 'NONE',  ( -1.000000000000000000, 0.000000000000000000, 0.000000000000000000 ) ) ;
#1282 = VECTOR ( 'NONE', #90, 1000.000000000000000 ) ;
#1283 = APPROVAL_DATE_TIME ( #2175, #714 ) ;
#1284 = DIRECTION ( 'NONE',  ( -0.000000000000000000, 2.643388153869420804E-16, -1.000000000000000000 ) ) ;
#1285 = PRODUCT_RELATED_PRODUCT_CATEGORY ( 'detail', '', ( #2560 ) ) ;
#1286 = FACE_OUTER_BOUND ( 'NONE', #1863, .T. ) ;
#1287 = CARTESIAN_POINT ( 'NONE',  ( -100.0000000000000142, 7.999999999999989342, 72.00000000000001421 ) ) ;
#1288 = PERSON ( 'NAUO-PER2', 'UNSPECIFIED', 'UNSPECIFIED', ('UNSPECIFIED'), ('UNSPECIFIED'), ('UNSPECIFIED') ) ;
#1289 = VERTEX_POINT ( 'NONE', #308 ) ;
#1290 = DIRECTION ( 'NONE',  ( 0.000000000000000000, 0.000000000000000000, -1.000000000000000000 ) ) ;
#1291 = ADVANCED_FACE ( 'NONE', ( #2389 ), #2400, .T. ) ;
#1292 = CARTESIAN_POINT ( 'NONE',  ( 664.4749683231339077, -749.9999999999997726, 809.9999999999998863 ) ) ;
#1293 = ORIENTED_EDGE ( 'NONE', *, *, #1301, .F. ) ;
#1294 = VERTEX_POINT ( 'NONE', #1302 ) ;
#1295 = DIRECTION ( 'NONE',  ( 0.000000000000000000, 0.000000000000000000, 1.000000000000000000 ) ) ;
#1296 = PLANE ( 'NONE',  #1387 ) ;
#1297 = EDGE_CURVE ( 'NONE', #1515, #599, #166, .T. ) ;
#1298 = ORIENTED_EDGE ( 'NONE', *, *, #2306, .F. ) ;
#1299 = DIRECTION ( 'NONE',  ( 1.000000000000000000, 0.000000000000000000, 0.000000000000000000 ) ) ;
#1300 = VERTEX_POINT ( 'NONE', #945 ) ;
#1301 = EDGE_CURVE ( 'NONE', #629, #1492, #2140, .T. ) ;
#1302 = CARTESIAN_POINT ( 'NONE',  ( 14.99999999999998757, 96.00000000000000000, 840.0000000000001137 ) ) ;
#1303 = AXIS2_PLACEMENT_3D ( 'NONE', #851, #2292, #1697 ) ;
#1304 = PLANE ( 'NONE',  #2537 ) ;
#1305 = LINE ( 'NONE', #1538, #1755 ) ;
#1306 = DIRECTION ( 'NONE',  ( 1.000000000000000000, -0.000000000000000000, -0.000000000000000000 ) ) ;
#1307 = LINE ( 'NONE', #1225, #123 ) ;
#1308 = CC_DESIGN_PERSON_AND_ORGANIZATION_ASSIGNMENT ( #454, #1611, ( #144 ) ) ;
#1309 = PLANE ( 'NONE',  #1860 ) ;
#1310 = PERSON ( 'NAUO-PER1', 'UNSPECIFIED', 'UNSPECIFIED', ('UNSPECIFIED'), ('UNSPECIFIED'), ('UNSPECIFIED') ) ;
#1311 = EDGE_CURVE ( 'NONE', #1124, #1771, #424, .T. ) ;
#1312 = LINE ( 'NONE', #580, #481 ) ;
#1313 = DIRECTION ( 'NONE',  ( -1.000000000000000000, 0.000000000000000000, 0.000000000000000000 ) ) ;
#1314 = CARTESIAN_POINT ( 'NONE',  ( -100.0000000000000142, -16.00000000000000711, 72.00000000000001421 ) ) ;
#1315 = COORDINATED_UNIVERSAL_TIME_OFFSET ( 8, 0, .AHEAD. ) ;
#1316 = EDGE_CURVE ( 'NONE', #503, #2438, #717, .T. ) ;
#1317 = ORIENTED_EDGE ( 'NONE', *, *, #2515, .T. ) ;
#1318 = VECTOR ( 'NONE', #2682, 1000.000000000000000 ) ;
#1319 = COORDINATED_UNIVERSAL_TIME_OFFSET ( 8, 0, .AHEAD. ) ;
#1320 = ORIENTED_EDGE ( 'NONE', *, *, #1297, .F. ) ;
#1321 = ADVANCED_FACE ( 'NONE', ( #292 ), #654, .T. ) ;
#1322 = VECTOR ( 'NONE', #1073, 1000.000000000000000 ) ;
#1323 = PERSON_AND_ORGANIZATION ( #2340, #2519 ) ;
#1324 = CARTESIAN_POINT ( 'NONE',  ( -188.0000000000001705, -1120.000000000000000, 0.000000000000000000 ) ) ;
#1325 = CC_DESIGN_SECURITY_CLASSIFICATION ( #998, ( #2078 ) ) ;
#1326 = VERTEX_POINT ( 'NONE', #535 ) ;
#1327 = DIRECTION ( 'NONE',  ( -1.000000000000000000, 0.000000000000000000, -0.000000000000000000 ) ) ;
#1328 = ORIENTED_EDGE ( 'NONE', *, *, #87, .T. ) ;
#1329 = PLANE ( 'NONE',  #2499 ) ;
#1330 = VERTEX_POINT ( 'NONE', #747 ) ;
#1331 = DIRECTION ( 'NONE',  ( 1.000000000000000000, 1.214306433183764966E-16, 0.000000000000000000 ) ) ;
#1332 = ORIENTED_EDGE ( 'NONE', *, *, #1817, .F. ) ;
#1333 = ADVANCED_FACE ( 'NONE', ( #102 ), #2212, .T. ) ;
#1334 = EDGE_LOOP ( 'NONE', ( #1298, #2121, #2156, #765 ) ) ;
#1335 = CARTESIAN_POINT ( 'NONE',  ( 99.99999999999998579, 11.99999999999998757, 34.19375152513431004 ) ) ;
#1336 = DIRECTION ( 'NONE',  ( 0.000000000000000000, -1.000000000000000000, 0.000000000000000000 ) ) ;
#1337 = FACE_OUTER_BOUND ( 'NONE', #368, .T. ) ;
#1338 = LINE ( 'NONE', #1933, #1959 ) ;
#1339 = AXIS2_PLACEMENT_3D ( 'NONE', #1243, #1453, #204 ) ;
#1340 = CARTESIAN_POINT ( 'NONE',  ( 99.99999999999998579, 14.24695047554426353, 49.80868809443033740 ) ) ;
#1341 = CARTESIAN_POINT ( 'NONE',  ( 0.000000000000000000, 0.000000000000000000, 0.000000000000000000 ) ) ;
#1342 = VECTOR ( 'NONE', #1797, 1000.000000000000000 ) ;
#1343 = ORIENTED_EDGE ( 'NONE', *, *, #170, .T. ) ;
#1344 = CARTESIAN_POINT ( 'NONE',  ( 99.99999999999998579, -7.999999999999986677, 64.00000000000000000 ) ) ;
#1345 = CARTESIAN_POINT ( 'NONE',  ( -2.000000000000000000, 37.00000000000000000, 840.0000000000001137 ) ) ;
#1346 = VECTOR ( 'NONE', #1673, 1000.000000000000000 ) ;
#1347 = LOCAL_TIME ( 14, 24, 56.00000000000000000, #918 ) ;
#1348 = CARTESIAN_POINT ( 'NONE',  ( 99.99999999999998579, -15.99999999999998579, 64.00000000000000000 ) ) ;
#1349 = LINE ( 'NONE', #2044, #2423 ) ;
#1350 = COORDINATED_UNIVERSAL_TIME_OFFSET ( 8, 0, .AHEAD. ) ;
#1351 = LINE ( 'NONE', #1988, #623 ) ;
#1352 = DIRECTION ( 'NONE',  ( -1.000000000000000000, -1.040834085586084257E-16, 0.000000000000000000 ) ) ;
#1353 = AXIS2_PLACEMENT_3D ( 'NONE', #2249, #780, #1806 ) ;
#1354 = ORIENTED_EDGE ( 'NONE', *, *, #2572, .T. ) ;
#1355 = ORIENTED_EDGE ( 'NONE', *, *, #2158, .F. ) ;
#1356 = DIRECTION ( 'NONE',  ( 2.312964634635742957E-16, -1.000000000000000000, 0.000000000000000000 ) ) ;
#1357 = DATE_TIME_ROLE ( 'creation_date' ) ;
#1358 = ORIENTED_EDGE ( 'NONE', *, *, #2231, .T. ) ;
#1359 = ORIENTED_EDGE ( 'NONE', *, *, #205, .F. ) ;
#1360 = ORIENTED_EDGE ( 'NONE', *, *, #2266, .F. ) ;
#1361 = DATE_TIME_ROLE ( 'classification_date' ) ;
#1362 = VERTEX_POINT ( 'NONE', #1819 ) ;
#1363 = CARTESIAN_POINT ( 'NONE',  ( 12.99999999999995914, 2.000000000000000000, 830.0000000000001137 ) ) ;
#1364 = CARTESIAN_POINT ( 'NONE',  ( 357.9999999999999432, -107.0000000000000000, 0.000000000000000000 ) ) ;
#1365 = CARTESIAN_POINT ( 'NONE',  ( 0.000000000000000000, 0.000000000000000000, 0.000000000000000000 ) ) ;
#1366 = VECTOR ( 'NONE', #1178, 1000.000000000000000 ) ;
#1367 = CARTESIAN_POINT ( 'NONE',  ( 14.99999999999996092, 1.999999999999999556, 830.0000000000001137 ) ) ;
#1368 = EDGE_CURVE ( 'NONE', #534, #659, #1151, .T. ) ;
#1369 = ORIENTED_EDGE ( 'NONE', *, *, #2572, .F. ) ;
#1370 = VECTOR ( 'NONE', #1128, 1000.000000000000000 ) ;
#1371 = DIRECTION ( 'NONE',  ( 0.000000000000000000, -0.000000000000000000, 1.000000000000000000 ) ) ;
#1372 = DIRECTION ( 'NONE',  ( 1.000000000000000000, 0.000000000000000000, -0.000000000000000000 ) ) ;
#1373 = APPROVAL ( #1374, '未指定' ) ;
#1374 = APPROVAL_STATUS ( 'not_yet_approved' ) ;
#1375 = LINE ( 'NONE', #2434, #2445 ) ;
#1376 = DIRECTION ( 'NONE',  ( -2.710505431213761085E-16, -1.000000000000000000, 0.000000000000000000 ) ) ;
#1377 = LOCAL_TIME ( 14, 24, 56.00000000000000000, #522 ) ;
#1378 = CIRCLE ( 'NONE', #2380, 2.000000000000000000 ) ;
#1379 = DATE_AND_TIME ( #2268, #1768 ) ;
#1380 = CARTESIAN_POINT ( 'NONE',  ( -358.0000000000000568, -107.0000000000000000, 0.000000000000000000 ) ) ;
#1381 = VECTOR ( 'NONE', #1474, 1000.000000000000000 ) ;
#1382 = DATE_AND_TIME ( #2362, #1051 ) ;
#1383 = DIRECTION ( 'NONE',  ( -1.000000000000000000, -1.500301384628590126E-16, 1.224646799147353454E-16 ) ) ;
#1384 = AXIS2_PLACEMENT_3D ( 'NONE', #449, #2126, #1476 ) ;
#1385 = CARTESIAN_POINT ( 'NONE',  ( -100.0000000000000142, 5.753049524455748909, 39.19131190556970523 ) ) ;
#1386 = EDGE_LOOP ( 'NONE', ( #2530, #1207, #2119, #1188 ) ) ;
#1387 = AXIS2_PLACEMENT_3D ( 'NONE', #1688, #26, #840 ) ;
#1388 = CARTESIAN_POINT ( 'NONE',  ( 358.0000000000000000, 23.00000000000000355, -247.5000000000000000 ) ) ;
#1389 = ORIENTED_EDGE ( 'NONE', *, *, #2347, .T. ) ;
#1390 = CARTESIAN_POINT ( 'NONE',  ( 358.0000000000000000, -77.00000000000000000, -0.000000000000000000 ) ) ;
#1391 = EDGE_CURVE ( 'NONE', #2219, #697, #1536, .T. ) ;
#1392 = ORIENTED_EDGE ( 'NONE', *, *, #2042, .T. ) ;
#1393 = CARTESIAN_POINT ( 'NONE',  ( 0.000000000000000000, -60.99999999999995737, 0.000000000000000000 ) ) ;
#1394 = ORIENTED_EDGE ( 'NONE', *, *, #1725, .F. ) ;
#1395 = CARTESIAN_POINT ( 'NONE',  ( -100.0000000000000142, -8.000000000000007105, 64.00000000000000000 ) ) ;
#1396 = APPROVAL_STATUS ( 'not_yet_approved' ) ;
#1397 = VECTOR ( 'NONE', #1556, 1000.000000000000000 ) ;
#1398 = FACE_OUTER_BOUND ( 'NONE', #1277, .T. ) ;
#1399 = DIRECTION ( 'NONE',  ( 0.000000000000000000, 0.000000000000000000, 1.000000000000000000 ) ) ;
#1400 = AXIS2_PLACEMENT_3D ( 'NONE', #1685, #1450, #2116 ) ;
#1401 = ORIENTED_EDGE ( 'NONE', *, *, #418, .T. ) ;
#1402 = PLANE ( 'NONE',  #744 ) ;
#1403 = LINE ( 'NONE', #94, #2708 ) ;
#1404 = PERSON_AND_ORGANIZATION_ROLE ( 'design_supplier' ) ;
#1405 = VECTOR ( 'NONE', #1707, 1000.000000000000000 ) ;
#1406 = ORGANIZATION ( 'NAUO-ORG1', 'UNSPECIFIED', 'UNSPECIFIED' ) ;
#1407 = FACE_OUTER_BOUND ( 'NONE', #53, .T. ) ;
#1408 = APPROVAL_PERSON_ORGANIZATION ( #2072, #1793, #93 ) ;
#1409 = DIRECTION ( 'NONE',  ( 0.000000000000000000, -1.000000000000000000, 0.000000000000000000 ) ) ;
#1410 = LINE ( 'NONE', #1977, #1573 ) ;
#1411 = VERTEX_POINT ( 'NONE', #1380 ) ;
#1412 = DATE_TIME_ROLE ( 'creation_date' ) ;
#1413 = ORIENTED_EDGE ( 'NONE', *, *, #2163, .F. ) ;
#1414 = EDGE_CURVE ( 'NONE', #1492, #119, #2329, .T. ) ;
#1415 = DIRECTION ( 'NONE',  ( 0.000000000000000000, 2.467162276944792422E-16, -1.000000000000000000 ) ) ;
#1416 = ORIENTED_EDGE ( 'NONE', *, *, #2180, .T. ) ;
#1417 = VERTEX_POINT ( 'NONE', #120 ) ;
#1418 = VERTEX_POINT ( 'NONE', #2418 ) ;
#1419 = CC_DESIGN_DATE_AND_TIME_ASSIGNMENT ( #2041, #1585, ( #1899 ) ) ;
#1420 = CARTESIAN_POINT ( 'NONE',  ( -290.0000000000001137, -1199.999999999999773, 30.00000000000000000 ) ) ;
#1421 = ORIENTED_EDGE ( 'NONE', *, *, #2459, .T. ) ;
#1422 = APPROVAL_ROLE ( '' ) ;
#1423 = EDGE_CURVE ( 'NONE', #1093, #2436, #1471, .T. ) ;
#1424 = DIRECTION ( 'NONE',  ( 0.000000000000000000, -1.000000000000000000, 0.000000000000000000 ) ) ;
#1425 = CIRCLE ( 'NONE', #1267, 2.000000000000000000 ) ;
#1426 = EDGE_CURVE ( 'NONE', #659, #2704, #1214, .T. ) ;
#1427 = EDGE_LOOP ( 'NONE', ( #1258, #1332, #85, #1421, #1171, #276, #116, #540 ) ) ;
#1428 = FACE_OUTER_BOUND ( 'NONE', #1956, .T. ) ;
#1429 = DIRECTION ( 'NONE',  ( 1.000000000000000000, 0.000000000000000000, 0.000000000000000000 ) ) ;
#1430 = EDGE_CURVE ( 'NONE', #1515, #2657, #585, .T. ) ;
#1431 = SECURITY_CLASSIFICATION_LEVEL ( 'unclassified' ) ;
#1432 = AXIS2_PLACEMENT_3D ( 'NONE', #2217, #543, #165 ) ;
#1433 = FACE_OUTER_BOUND ( 'NONE', #2664, .T. ) ;
#1434 = ORIENTED_EDGE ( 'NONE', *, *, #824, .T. ) ;
#1435 = PERSON_AND_ORGANIZATION ( #1310, #1406 ) ;
#1436 = PLANE ( 'NONE',  #2252 ) ;
#1437 = CC_DESIGN_DATE_AND_TIME_ASSIGNMENT ( #2203, #1361, ( #2486 ) ) ;
#1438 = VECTOR ( 'NONE', #2487, 1000.000000000000000 ) ;
#1439 = APPROVAL_PERSON_ORGANIZATION ( #103, #437, #1422 ) ;
#1440 = DATE_TIME_ROLE ( 'classification_date' ) ;
#1441 = LINE ( 'NONE', #36, #1322 ) ;
#1442 = CALENDAR_DATE ( 2026, 2, 6 ) ;
#1443 = DIRECTION ( 'NONE',  ( -2.312964634635742957E-16, 1.000000000000000000, -0.000000000000000000 ) ) ;
#1444 = DIRECTION ( 'NONE',  ( 0.000000000000000000, -0.000000000000000000, -1.000000000000000000 ) ) ;
#1445 = EDGE_CURVE ( 'NONE', #27, #17, #2208, .T. ) ;
#1446 = CARTESIAN_POINT ( 'NONE',  ( 289.9999999999998863, -1199.999999999999773, 30.00000000000000000 ) ) ;
#1447 = ORIENTED_EDGE ( 'NONE', *, *, #1550, .T. ) ;
#1448 = EDGE_CURVE ( 'NONE', #119, #1983, #2176, .T. ) ;
#1449 = VERTEX_POINT ( 'NONE', #128 ) ;
#1450 = DIRECTION ( 'NONE',  ( 0.000000000000000000, -0.000000000000000000, 1.000000000000000000 ) ) ;
#1451 = EDGE_CURVE ( 'NONE', #541, #1057, #952, .T. ) ;
#1452 = AXIS2_PLACEMENT_3D ( 'NONE', #605, #2271, #2470 ) ;
#1453 = DIRECTION ( 'NONE',  ( 0.000000000000000000, -1.000000000000000000, 0.000000000000000000 ) ) ;
#1454 = ORIENTED_EDGE ( 'NONE', *, *, #35, .F. ) ;
#1455 = CC_DESIGN_PERSON_AND_ORGANIZATION_ASSIGNMENT ( #1110, #1190, ( #473 ) ) ;
#1456 = LINE ( 'NONE', #876, #338 ) ;
#1457 = CARTESIAN_POINT ( 'NONE',  ( -290.0000000000000568, 1169.999999999999318, 3.673940397442059178E-15 ) ) ;
#1458 = DIRECTION ( 'NONE',  ( 1.000000000000000000, 1.214306433183764966E-16, 1.517883041479706454E-16 ) ) ;
#1459 = VECTOR ( 'NONE', #761, 1000.000000000000000 ) ;
#1460 = CARTESIAN_POINT ( 'NONE',  ( 10.00000000000000711, 7.000000000000000000, 10.00000000000000000 ) ) ;
#1461 = FACE_BOUND ( 'NONE', #987, .T. ) ;
#1462 = DIRECTION ( 'NONE',  ( 2.710505431213761085E-16, 1.000000000000000000, 0.000000000000000000 ) ) ;
#1463 = ORIENTED_EDGE ( 'NONE', *, *, #1473, .F. ) ;
#1464 = LINE ( 'NONE', #2425, #2383 ) ;
#1465 = EDGE_CURVE ( 'NONE', #2243, #369, #852, .T. ) ;
#1466 = LINE ( 'NONE', #2589, #383 ) ;
#1467 = PLANE ( 'NONE',  #340 ) ;
#1468 = EDGE_CURVE ( 'NONE', #254, #2304, #752, .T. ) ;
#1469 = AXIS2_PLACEMENT_3D ( 'NONE', #1534, #658, #456 ) ;
#1470 = CARTESIAN_POINT ( 'NONE',  ( -339.9999999999999432, 23.00000000000004974, -229.4999999999999716 ) ) ;
#1471 = LINE ( 'NONE', #1577, #524 ) ;
#1472 = CALENDAR_DATE ( 2026, 2, 6 ) ;
#1473 = EDGE_CURVE ( 'NONE', #2311, #1719, #1504, .T. ) ;
#1474 = DIRECTION ( 'NONE',  ( -1.000000000000000000, -0.000000000000000000, -0.000000000000000000 ) ) ;
#1475 = ADVANCED_FACE ( 'NONE', ( #457 ), #1402, .T. ) ;
#1476 = DIRECTION ( 'NONE',  ( 0.000000000000000000, -0.6246950475544241765, -0.7808688094430302762 ) ) ;
#1477 = ORIENTED_EDGE ( 'NONE', *, *, #1270, .F. ) ;
#1478 = LINE ( 'NONE', #2577, #490 ) ;
#1479 = ORIENTED_EDGE ( 'NONE', *, *, #1826, .F. ) ;
#1480 = CARTESIAN_POINT ( 'NONE',  ( -13.00000000000003730, 2.000000000000000000, 0.000000000000000000 ) ) ;
#1481 = ORIENTED_EDGE ( 'NONE', *, *, #501, .F. ) ;
#1482 = ORIENTED_EDGE ( 'NONE', *, *, #1451, .T. ) ;
#1483 = ORIENTED_EDGE ( 'NONE', *, *, #1675, .T. ) ;
#1484 = CARTESIAN_POINT ( 'NONE',  ( 99.99999999999998579, -15.99999999999998579, 72.00000000000001421 ) ) ;
#1485 = DIRECTION ( 'NONE',  ( 0.000000000000000000, 0.000000000000000000, -1.000000000000000000 ) ) ;
#1486 = ORIENTED_EDGE ( 'NONE', *, *, #2158, .T. ) ;
#1487 = ADVANCED_FACE ( 'NONE', ( #2267 ), #1853, .F. ) ;
#1488 = CARTESIAN_POINT ( 'NONE',  ( -1193.548559846121407, -1120.000000000000227, 809.9999999999998863 ) ) ;
#1489 = LINE ( 'NONE', #2188, #1687 ) ;
#1490 = DIRECTION ( 'NONE',  ( -2.710505431213761085E-16, -1.000000000000000000, 0.000000000000000000 ) ) ;
#1491 = PLANE ( 'NONE',  #1384 ) ;
#1492 = VERTEX_POINT ( 'NONE', #783 ) ;
#1493 = LINE ( 'NONE', #1729, #940 ) ;
#1494 = CARTESIAN_POINT ( 'NONE',  ( -290.0000000000001137, 794.9999999999998863, 869.9999999999998863 ) ) ;
#1495 = ORIENTED_EDGE ( 'NONE', *, *, #588, .F. ) ;
#1496 = VECTOR ( 'NONE', #2129, 1000.000000000000000 ) ;
#1497 = ORIENTED_EDGE ( 'NONE', *, *, #2638, .F. ) ;
#1498 = EDGE_LOOP ( 'NONE', ( #1059, #245, #2047, #1254 ) ) ;
#1499 = DIRECTION ( 'NONE',  ( -0.000000000000000000, 0.000000000000000000, -1.000000000000000000 ) ) ;
#1500 = CYLINDRICAL_SURFACE ( 'NONE', #1247, 2.000000000000000000 ) ;
#1501 = DATE_AND_TIME ( #1080, #1347 ) ;
#1502 = APPROVAL_STATUS ( 'not_yet_approved' ) ;
#1503 = AXIS2_PLACEMENT_3D ( 'NONE', #1966, #2536, #2381 ) ;
#1504 = LINE ( 'NONE', #1168, #388 ) ;
#1505 = CALENDAR_DATE ( 2026, 2, 6 ) ;
#1506 = DIRECTION ( 'NONE',  ( 0.000000000000000000, -1.000000000000000000, -3.469446951953614805E-17 ) ) ;
#1507 = CARTESIAN_POINT ( 'NONE',  ( 0.000000000000000000, 0.000000000000000000, 0.000000000000000000 ) ) ;
#1508 = CC_DESIGN_PERSON_AND_ORGANIZATION_ASSIGNMENT ( #782, #1795, ( #2402 ) ) ;
#1509 = VECTOR ( 'NONE', #196, 1000.000000000000000 ) ;
#1510 = DATE_AND_TIME ( #983, #2427 ) ;
#1511 = VERTEX_POINT ( 'NONE', #1626 ) ;
#1512 = DIRECTION ( 'NONE',  ( -2.312964634635742957E-16, 1.000000000000000000, 0.000000000000000000 ) ) ;
#1513 = EDGE_CURVE ( 'NONE', #992, #2466, #2005, .T. ) ;
#1514 = PRODUCT ( '柜06', '柜06', '', ( #738 ) ) ;
#1515 = VERTEX_POINT ( 'NONE', #2693 ) ;
#1516 = ORIENTED_EDGE ( 'NONE', *, *, #2406, .T. ) ;
#1517 = ORIENTED_EDGE ( 'NONE', *, *, #1043, .T. ) ;
#1518 = ADVANCED_FACE ( 'NONE', ( #2550 ), #401, .F. ) ;
#1519 = DIRECTION ( 'NONE',  ( -1.000000000000000000, 0.000000000000000000, 0.000000000000000000 ) ) ;
#1520 = ORIENTED_EDGE ( 'NONE', *, *, #1468, .T. ) ;
#1521 = ORIENTED_EDGE ( 'NONE', *, *, #1451, .F. ) ;
#1522 = ORIENTED_EDGE ( 'NONE', *, *, #2066, .F. ) ;
#1523 =( GEOMETRIC_REPRESENTATION_CONTEXT ( 3 ) GLOBAL_UNCERTAINTY_ASSIGNED_CONTEXT ( ( #1928 ) ) GLOBAL_UNIT_ASSIGNED_CONTEXT ( ( #678, #2161, #897 ) ) REPRESENTATION_CONTEXT ( 'NONE', 'WORKASPACE' ) );
#1524 = CARTESIAN_POINT ( 'NONE',  ( -9.999999999999996447, 6.999999999999999112, 10.00000000000000000 ) ) ;
#1525 = LINE ( 'NONE', #2300, #970 ) ;
#1526 = EDGE_CURVE ( 'NONE', #1912, #1800, #1013, .T. ) ;
#1527 = VECTOR ( 'NONE', #600, 1000.000000000000000 ) ;
#1528 = DIRECTION ( 'NONE',  ( 0.000000000000000000, 0.000000000000000000, 1.000000000000000000 ) ) ;
#1529 = EDGE_CURVE ( 'NONE', #2510, #1821, #2237, .T. ) ;
#1530 = LINE ( 'NONE', #1851, #1799 ) ;
#1531 = CARTESIAN_POINT ( 'NONE',  ( -10.00000000000000000, 37.00000000000000000, 10.00000000000000000 ) ) ;
#1532 = FACE_OUTER_BOUND ( 'NONE', #2485, .T. ) ;
#1533 = EDGE_CURVE ( 'NONE', #1417, #2110, #2451, .T. ) ;
#1534 = CARTESIAN_POINT ( 'NONE',  ( 219.0000000000001421, 11.99999999999998757, 34.19375152513431004 ) ) ;
#1535 = PERSON_AND_ORGANIZATION ( #2340, #2519 ) ;
#1536 = LINE ( 'NONE', #326, #1636 ) ;
#1537 = PERSON_AND_ORGANIZATION ( #2340, #2519 ) ;
#1538 = CARTESIAN_POINT ( 'NONE',  ( 99.99999999999998579, -7.999999999999986677, 72.00000000000001421 ) ) ;
#1539 = LINE ( 'NONE', #1735, #856 ) ;
#1540 = ADVANCED_FACE ( 'NONE', ( #1906 ), #1436, .T. ) ;
#1541 = CC_DESIGN_APPROVAL ( #2422, ( #2617 ) ) ;
#1542 = DIRECTION ( 'NONE',  ( -0.000000000000000000, -1.000000000000000000, -0.000000000000000000 ) ) ;
#1543 = DIRECTION ( 'NONE',  ( -1.000000000000000000, 0.000000000000000000, 0.000000000000000000 ) ) ;
#1544 = VERTEX_POINT ( 'NONE', #2065 ) ;
#1545 = ORIENTED_EDGE ( 'NONE', *, *, #1572, .T. ) ;
#1546 = DIRECTION ( 'NONE',  ( 1.000000000000000000, 0.000000000000000000, 0.000000000000000000 ) ) ;
#1547 = ORIENTED_EDGE ( 'NONE', *, *, #2533, .T. ) ;
#1548 = ORIENTED_EDGE ( 'NONE', *, *, #2094, .T. ) ;
#1549 = PLANE ( 'NONE',  #127 ) ;
#1550 = EDGE_CURVE ( 'NONE', #1065, #1120, #564, .T. ) ;
#1551 = ADVANCED_FACE ( 'NONE', ( #487, #2040, #1407 ), #193, .F. ) ;
#1552 = CARTESIAN_POINT ( 'NONE',  ( -210.0000000000000853, -719.9999999999998863, 30.00000000000002842 ) ) ;
#1553 = CARTESIAN_POINT ( 'NONE',  ( 259.9999999999998863, -919.9999999999997726, 809.9999999999998863 ) ) ;
#1554 = CYLINDRICAL_SURFACE ( 'NONE', #1877, 8.000000000000000000 ) ;
#1555 = CC_DESIGN_APPROVAL ( #1793, ( #1989 ) ) ;
#1556 = DIRECTION ( 'NONE',  ( -0.000000000000000000, 1.000000000000000000, -0.000000000000000000 ) ) ;
#1557 =( LENGTH_UNIT ( ) NAMED_UNIT ( * ) SI_UNIT ( .MILLI., .METRE. ) );
#1558 = DIRECTION ( 'NONE',  ( -1.000000000000000000, -1.214306433183764966E-16, 0.000000000000000000 ) ) ;
#1559 = VERTEX_POINT ( 'NONE', #2475 ) ;
#1560 = LINE ( 'NONE', #2189, #2583 ) ;
#1561 = ORIENTED_EDGE ( 'NONE', *, *, #2660, .T. ) ;
#1562 = DATE_AND_TIME ( #2616, #774 ) ;
#1563 = DIRECTION ( 'NONE',  ( 1.000000000000000000, 0.000000000000000000, -0.000000000000000000 ) ) ;
#1564 = VECTOR ( 'NONE', #2195, 1000.000000000000000 ) ;
#1565 = ORIENTED_EDGE ( 'NONE', *, *, #2014, .T. ) ;
#1566 = ORGANIZATION ( 'NAUO-ORG3', 'UNSPECIFIED', 'UNSPECIFIED' ) ;
#1567 = DIRECTION ( 'NONE',  ( -1.000000000000000000, 0.000000000000000000, 0.000000000000000000 ) ) ;
#1568 = PERSON_AND_ORGANIZATION_ROLE ( 'design_supplier' ) ;
#1569 = ORIENTED_EDGE ( 'NONE', *, *, #336, .F. ) ;
#1570 = VECTOR ( 'NONE', #2032, 1000.000000000000000 ) ;
#1571 = DATE_AND_TIME ( #2551, #1733 ) ;
#1572 = EDGE_CURVE ( 'NONE', #101, #83, #2683, .T. ) ;
#1573 = VECTOR ( 'NONE', #1290, 1000.000000000000000 ) ;
#1574 = PERSON_AND_ORGANIZATION ( #2340, #2519 ) ;
#1575 = ORIENTED_EDGE ( 'NONE', *, *, #1368, .F. ) ;
#1576 = AXIS2_PLACEMENT_3D ( 'NONE', #1208, #1193, #755 ) ;
#1577 = CARTESIAN_POINT ( 'NONE',  ( -358.0000000000000568, -107.0000000000000000, 22.00000000000000000 ) ) ;
#1578 = CARTESIAN_POINT ( 'NONE',  ( 664.4749683231339077, -749.9999999999997726, 809.9999999999998863 ) ) ;
#1579 = ORIENTED_EDGE ( 'NONE', *, *, #2431, .F. ) ;
#1580 = ORIENTED_EDGE ( 'NONE', *, *, #2552, .F. ) ;
#1581 = ORIENTED_EDGE ( 'NONE', *, *, #1183, .F. ) ;
#1582 = ORIENTED_EDGE ( 'NONE', *, *, #874, .T. ) ;
#1583 = CARTESIAN_POINT ( 'NONE',  ( -100.0000000000000142, 3.999999999999989786, 37.00000000000000711 ) ) ;
#1584 = ORIENTED_EDGE ( 'NONE', *, *, #205, .T. ) ;
#1585 = DATE_TIME_ROLE ( 'classification_date' ) ;
#1586 = EDGE_CURVE ( 'NONE', #2465, #616, #1349, .T. ) ;
#1587 = VECTOR ( 'NONE', #208, 1000.000000000000000 ) ;
#1588 = DIRECTION ( 'NONE',  ( 0.000000000000000000, -0.000000000000000000, 1.000000000000000000 ) ) ;
#1589 = AXIS2_PLACEMENT_3D ( 'NONE', #97, #2185, #1543 ) ;
#1590 = CIRCLE ( 'NONE', #910, 8.000000000000000000 ) ;
#1591 = DIRECTION ( 'NONE',  ( 0.000000000000000000, -0.000000000000000000, 1.000000000000000000 ) ) ;
#1592 = PRODUCT_DEFINITION_SHAPE ( 'NONE', 'NONE',  #1752 ) ;
#1593 = CC_DESIGN_DATE_AND_TIME_ASSIGNMENT ( #2235, #1222, ( #473 ) ) ;
#1594 = ORIENTED_EDGE ( 'NONE', *, *, #626, .F. ) ;
#1595 = LINE ( 'NONE', #1002, #1964 ) ;
#1596 = EDGE_CURVE ( 'NONE', #708, #2360, #262, .T. ) ;
#1597 = APPROVAL_DATE_TIME ( #2678, #2012 ) ;
#1598 = LINE ( 'NONE', #649, #1045 ) ;
#1599 = PERSON_AND_ORGANIZATION ( #2340, #2519 ) ;
#1600 = VECTOR ( 'NONE', #1211, 1000.000000000000000 ) ;
#1601 = PERSON_AND_ORGANIZATION ( #2340, #2519 ) ;
#1602 = DATE_TIME_ROLE ( 'creation_date' ) ;
#1603 = LINE ( 'NONE', #1746, #2428 ) ;
#1604 = AXIS2_PLACEMENT_3D ( 'NONE', #483, #1957, #695 ) ;
#1605 = DIRECTION ( 'NONE',  ( 0.000000000000000000, -0.000000000000000000, 1.000000000000000000 ) ) ;
#1606 = ORIENTED_EDGE ( 'NONE', *, *, #1982, .F. ) ;
#1607 = ORIENTED_EDGE ( 'NONE', *, *, #1675, .F. ) ;
#1608 = PRODUCT_RELATED_PRODUCT_CATEGORY ( 'detail', '', ( #1514 ) ) ;
#1609 = ORIENTED_EDGE ( 'NONE', *, *, #411, .F. ) ;
#1610 = CARTESIAN_POINT ( 'NONE',  ( -15.00000000000003730, 0.000000000000000000, 830.0000000000001137 ) ) ;
#1611 = PERSON_AND_ORGANIZATION_ROLE ( 'classification_officer' ) ;
#1612 = EDGE_CURVE ( 'NONE', #1634, #83, #195, .T. ) ;
#1613 = ORIENTED_EDGE ( 'NONE', *, *, #917, .T. ) ;
#1614 = DIRECTION ( 'NONE',  ( 0.000000000000000000, 0.000000000000000000, -1.000000000000000000 ) ) ;
#1615 = ORIENTED_EDGE ( 'NONE', *, *, #2406, .F. ) ;
#1616 = EDGE_CURVE ( 'NONE', #1916, #514, #1378, .T. ) ;
#1617 = CARTESIAN_POINT ( 'NONE',  ( -9.999999999999996447, 6.999999999999999112, 10.00000000000000000 ) ) ;
#1618 = DIRECTION ( 'NONE',  ( -0.000000000000000000, -1.000000000000000000, -0.000000000000000000 ) ) ;
#1619 = APPLICATION_PROTOCOL_DEFINITION ( 'international standard', 'config_control_design', 1994, #2649 ) ;
#1620 = LINE ( 'NONE', #285, #279 ) ;
#1621 = EDGE_CURVE ( 'NONE', #607, #2328, #682, .T. ) ;
#1622 = PLANE ( 'NONE',  #1918 ) ;
#1623 = AXIS2_PLACEMENT_3D ( 'NONE', #1858, #1424, #807 ) ;
#1624 = ORIENTED_EDGE ( 'NONE', *, *, #1204, .F. ) ;
#1625 = EDGE_LOOP ( 'NONE', ( #2135, #2054, #366, #434 ) ) ;
#1626 = CARTESIAN_POINT ( 'NONE',  ( 340.0000000000000000, 23.00000000000004974, 0.000000000000000000 ) ) ;
#1627 = LINE ( 'NONE', #441, #1005 ) ;
#1628 = ORIENTED_EDGE ( 'NONE', *, *, #1316, .T. ) ;
#1629 = PERSON_AND_ORGANIZATION ( #634, #1279 ) ;
#1630 = CC_DESIGN_APPROVAL ( #1970, ( #1019 ) ) ;
#1631 = PLANE ( 'NONE',  #2573 ) ;
#1632 = PERSON_AND_ORGANIZATION_ROLE ( 'creator' ) ;
#1633 = FACE_OUTER_BOUND ( 'NONE', #1498, .T. ) ;
#1634 = VERTEX_POINT ( 'NONE', #1902 ) ;
#1635 = APPROVAL_DATE_TIME ( #1904, #1163 ) ;
#1636 = VECTOR ( 'NONE', #1160, 1000.000000000000000 ) ;
#1637 = APPROVAL_DATE_TIME ( #2424, #1696 ) ;
#1638 = DIRECTION ( 'NONE',  ( 0.000000000000000000, 0.000000000000000000, 1.000000000000000000 ) ) ;
#1639 = LINE ( 'NONE', #651, #2008 ) ;
#1640 = SHAPE_DEFINITION_REPRESENTATION ( #2085, #1798 ) ;
#1641 = CARTESIAN_POINT ( 'NONE',  ( -10.00000000000000000, 37.00000000000000000, 840.0000000000001137 ) ) ;
#1642 = ADVANCED_FACE ( 'NONE', ( #1869 ), #1940, .T. ) ;
#1643 = APPROVAL_STATUS ( 'not_yet_approved' ) ;
#1644 = AXIS2_PLACEMENT_3D ( 'NONE', #2636, #143, #2646 ) ;
#1645 = CARTESIAN_POINT ( 'NONE',  ( -290.0000000000001137, 765.0000000000001137, 30.00000000000002842 ) ) ;
#1646 = EDGE_LOOP ( 'NONE', ( #2157, #1651, #825, #2702 ) ) ;
#1647 = ORIENTED_EDGE ( 'NONE', *, *, #358, .T. ) ;
#1648 = DIRECTION ( 'NONE',  ( 1.000000000000000000, 0.000000000000000000, 0.000000000000000000 ) ) ;
#1649 = APPROVAL ( #532, '未指定' ) ;
#1650 = DIRECTION ( 'NONE',  ( 0.000000000000000000, 0.000000000000000000, 1.000000000000000000 ) ) ;
#1651 = ORIENTED_EDGE ( 'NONE', *, *, #1946, .F. ) ;
#1652 = ORIENTED_EDGE ( 'NONE', *, *, #1008, .F. ) ;
#1653 = EDGE_CURVE ( 'NONE', #616, #1559, #2294, .T. ) ;
#1654 = ORIENTED_EDGE ( 'NONE', *, *, #1448, .T. ) ;
#1655 = ADVANCED_FACE ( 'NONE', ( #811 ), #640, .T. ) ;
#1656 = FACE_OUTER_BOUND ( 'NONE', #2118, .T. ) ;
#1657 = ORIENTED_EDGE ( 'NONE', *, *, #110, .T. ) ;
#1658 = FACE_BOUND ( 'NONE', #997, .T. ) ;
#1659 = CARTESIAN_POINT ( 'NONE',  ( -210.0000000000000853, -1149.999999999999773, 30.00000000000002842 ) ) ;
#1660 = AXIS2_PLACEMENT_3D ( 'NONE', #1718, #224, #1923 ) ;
#1661 = CARTESIAN_POINT ( 'NONE',  ( 340.0000000000000000, -60.99999999999995737, 0.000000000000000000 ) ) ;
#1662 = EDGE_LOOP ( 'NONE', ( #2022, #930, #785, #896 ) ) ;
#1663 = AXIS2_PLACEMENT_3D ( 'NONE', #2143, #880, #1276 ) ;
#1664 = VECTOR ( 'NONE', #870, 1000.000000000000000 ) ;
#1665 = DIRECTION ( 'NONE',  ( -0.000000000000000000, 0.000000000000000000, -1.000000000000000000 ) ) ;
#1666 = FACE_OUTER_BOUND ( 'NONE', #1026, .T. ) ;
#1667 = ADVANCED_FACE ( 'NONE', ( #1732, #1181 ), #2505, .T. ) ;
#1668 = PERSON_AND_ORGANIZATION ( #2340, #2519 ) ;
#1669 = CYLINDRICAL_SURFACE ( 'NONE', #1, 2.000000000000000000 ) ;
#1670 = PERSON_AND_ORGANIZATION ( #2340, #2519 ) ;
#1671 = FACE_OUTER_BOUND ( 'NONE', #506, .T. ) ;
#1672 = ORIENTED_EDGE ( 'NONE', *, *, #1465, .F. ) ;
#1673 = DIRECTION ( 'NONE',  ( 1.000000000000000000, 0.000000000000000000, 0.000000000000000000 ) ) ;
#1674 = ORIENTED_EDGE ( 'NONE', *, *, #1137, .F. ) ;
#1675 = EDGE_CURVE ( 'NONE', #1864, #1883, #320, .T. ) ;
#1676 = ORIENTED_EDGE ( 'NONE', *, *, #961, .F. ) ;
#1677 = CARTESIAN_POINT ( 'NONE',  ( -9.999999999999998224, 28.99999999999999645, 840.0000000000001137 ) ) ;
#1678 = ORIENTED_EDGE ( 'NONE', *, *, #2290, .F. ) ;
#1679 = CARTESIAN_POINT ( 'NONE',  ( 0.000000000000000000, 0.000000000000000000, 22.00000000000000000 ) ) ;
#1680 = CARTESIAN_POINT ( 'NONE',  ( 357.9999999999999432, -107.0000000000000000, 22.00000000000000000 ) ) ;
#1681 = ORIENTED_EDGE ( 'NONE', *, *, #1787, .F. ) ;
#1682 = CC_DESIGN_SECURITY_CLASSIFICATION ( #2617, ( #2711 ) ) ;
#1683 = DIRECTION ( 'NONE',  ( -1.000000000000000000, 0.000000000000000000, -0.000000000000000000 ) ) ;
#1684 = ORIENTED_EDGE ( 'NONE', *, *, #574, .T. ) ;
#1685 = CARTESIAN_POINT ( 'NONE',  ( 0.000000000000000000, 0.000000000000000000, -247.5000000000000000 ) ) ;
#1686 = CARTESIAN_POINT ( 'NONE',  ( 8.326672684688671095E-16, -7.999999999999996447, 64.00000000000000000 ) ) ;
#1687 = VECTOR ( 'NONE', #2393, 1000.000000000000000 ) ;
#1688 = CARTESIAN_POINT ( 'NONE',  ( 339.9999999999999432, -60.99999999999995737, -229.5000000000000284 ) ) ;
#1689 = EDGE_LOOP ( 'NONE', ( #1901, #635, #2075, #1023 ) ) ;
#1690 = DIRECTION ( 'NONE',  ( 0.000000000000000000, -0.000000000000000000, -1.000000000000000000 ) ) ;
#1691 = VECTOR ( 'NONE', #218, 1000.000000000000000 ) ;
#1692 = EDGE_CURVE ( 'NONE', #2438, #821, #168, .T. ) ;
#1693 = VECTOR ( 'NONE', #234, 1000.000000000000000 ) ;
#1694 = PLANE ( 'NONE',  #857 ) ;
#1695 = PERSON_AND_ORGANIZATION ( #1288, #2548 ) ;
#1696 = APPROVAL ( #1396, '未指定' ) ;
#1697 = DIRECTION ( 'NONE',  ( 1.000000000000000000, 0.000000000000000000, -0.000000000000000000 ) ) ;
#1698 = LINE ( 'NONE', #2332, #1082 ) ;
#1699 = PERSON_AND_ORGANIZATION ( #2340, #2519 ) ;
#1700 = DIRECTION ( 'NONE',  ( -0.000000000000000000, -1.000000000000000000, -0.000000000000000000 ) ) ;
#1701 = LINE ( 'NONE', #2254, #1017 ) ;
#1702 = LINE ( 'NONE', #1961, #45 ) ;
#1703 = CARTESIAN_POINT ( 'NONE',  ( 12.99999999999995914, 0.000000000000000000, 10.00000000000000000 ) ) ;
#1704 = ORIENTED_EDGE ( 'NONE', *, *, #124, .T. ) ;
#1705 = ORIENTED_EDGE ( 'NONE', *, *, #1260, .F. ) ;
#1706 = EDGE_LOOP ( 'NONE', ( #172, #1984, #1146, #1548, #2232, #2196 ) ) ;
#1707 = DIRECTION ( 'NONE',  ( -0.000000000000000000, -1.000000000000000000, -0.000000000000000000 ) ) ;
#1708 = EDGE_CURVE ( 'NONE', #493, #847, #1244, .T. ) ;
#1709 = CARTESIAN_POINT ( 'NONE',  ( 2.000000000000001776, 37.00000000000000000, 830.0000000000001137 ) ) ;
#1710 = ORIENTED_EDGE ( 'NONE', *, *, #199, .T. ) ;
#1711 = PLANE ( 'NONE',  #2127 ) ;
#1712 = CARTESIAN_POINT ( 'NONE',  ( 14.99999999999998757, 96.00000000000000000, 830.0000000000001137 ) ) ;
#1713 = EDGE_LOOP ( 'NONE', ( #2320, #184, #2635, #1328 ) ) ;
#1714 = CC_DESIGN_PERSON_AND_ORGANIZATION_ASSIGNMENT ( #1149, #628, ( #2617 ) ) ;
#1715 = CARTESIAN_POINT ( 'NONE',  ( -15.00000000000001243, 96.00000000000000000, 830.0000000000001137 ) ) ;
#1716 = FACE_OUTER_BOUND ( 'NONE', #990, .T. ) ;
#1717 = ADVANCED_FACE ( 'NONE', ( #1633 ), #429, .T. ) ;
#1718 = CARTESIAN_POINT ( 'NONE',  ( -100.0000000000000142, 7.999999999999989342, 54.80624847486570417 ) ) ;
#1719 = VERTEX_POINT ( 'NONE', #1064 ) ;
#1720 = FACE_OUTER_BOUND ( 'NONE', #1164, .T. ) ;
#1721 = EDGE_CURVE ( 'NONE', #1411, #690, #1598, .T. ) ;
#1722 = CARTESIAN_POINT ( 'NONE',  ( -210.0000000000001990, -719.9999999999997726, 30.00000000000000000 ) ) ;
#1723 = CARTESIAN_POINT ( 'NONE',  ( -290.0000000000001137, 765.0000000000001137, 30.00000000000002842 ) ) ;
#1724 = ORIENTED_EDGE ( 'NONE', *, *, #2014, .F. ) ;
#1725 = EDGE_CURVE ( 'NONE', #1120, #468, #68, .T. ) ;
#1726 = PRODUCT_DEFINITION_SHAPE ( 'NONE', 'NONE',  #900 ) ;
#1727 = LINE ( 'NONE', #819, #259 ) ;
#1728 = ORIENTED_EDGE ( 'NONE', *, *, #2412, .T. ) ;
#1729 = CARTESIAN_POINT ( 'NONE',  ( -339.9999999999998863, -60.99999999999995737, 0.000000000000000000 ) ) ;
#1730 = AXIS2_PLACEMENT_3D ( 'NONE', #2373, #1111, #1356 ) ;
#1731 = LINE ( 'NONE', #1885, #2137 ) ;
#1732 = FACE_OUTER_BOUND ( 'NONE', #1706, .T. ) ;
#1733 = LOCAL_TIME ( 14, 24, 56.00000000000000000, #2296 ) ;
#1734 = CARTESIAN_POINT ( 'NONE',  ( 12.99999999999996092, 2.000000000000000000, 0.000000000000000000 ) ) ;
#1735 = CARTESIAN_POINT ( 'NONE',  ( 14.99999999999996092, 0.000000000000000000, 830.0000000000001137 ) ) ;
#1736 = EDGE_CURVE ( 'NONE', #1417, #2360, #1731, .T. ) ;
#1737 = CC_DESIGN_SECURITY_CLASSIFICATION ( #473, ( #192 ) ) ;
#1738 = LINE ( 'NONE', #1659, #1185 ) ;
#1739 = COORDINATED_UNIVERSAL_TIME_OFFSET ( 8, 0, .AHEAD. ) ;
#1740 = DIRECTION ( 'NONE',  ( -0.000000000000000000, -0.000000000000000000, 1.000000000000000000 ) ) ;
#1741 = SHAPE_REPRESENTATION ( '柜筒', ( #1952 ), #2092 ) ;
#1742 = LINE ( 'NONE', #698, #2240 ) ;
#1743 = EDGE_CURVE ( 'NONE', #534, #2311, #1007, .T. ) ;
#1744 = DIRECTION ( 'NONE',  ( -0.000000000000000000, 1.000000000000000000, -0.000000000000000000 ) ) ;
#1745 = ORIENTED_EDGE ( 'NONE', *, *, #2278, .F. ) ;
#1746 = CARTESIAN_POINT ( 'NONE',  ( -188.0000000000000853, -1149.999999999999773, 89.99999999999998579 ) ) ;
#1747 = ORIENTED_EDGE ( 'NONE', *, *, #1874, .F. ) ;
#1748 = AXIS2_PLACEMENT_3D ( 'NONE', #2509, #2491, #618 ) ;
#1749 = ADVANCED_FACE ( 'NONE', ( #1666 ), #2103, .T. ) ;
#1750 = DIRECTION ( 'NONE',  ( 0.000000000000000000, -1.000000000000000000, 1.387778780781445182E-16 ) ) ;
#1751 = ORIENTED_EDGE ( 'NONE', *, *, #726, .F. ) ;
#1752 = PRODUCT_DEFINITION ( '未知', '', #1019, #1775 ) ;
#1753 = DIRECTION ( 'NONE',  ( -0.000000000000000000, -0.000000000000000000, -1.000000000000000000 ) ) ;
#1754 = CARTESIAN_POINT ( 'NONE',  ( 358.0000000000000000, -77.00000000000000000, -247.5000000000000000 ) ) ;
#1755 = VECTOR ( 'NONE', #495, 1000.000000000000000 ) ;
#1756 = DIRECTION ( 'NONE',  ( -1.000000000000000000, 0.000000000000000000, 0.000000000000000000 ) ) ;
#1757 = CARTESIAN_POINT ( 'NONE',  ( 99.99999999999998579, -15.99999999999998579, 72.00000000000001421 ) ) ;
#1758 = CARTESIAN_POINT ( 'NONE',  ( 358.0000000000000000, -77.00000000000000000, -247.5000000000000000 ) ) ;
#1759 = EDGE_CURVE ( 'NONE', #1912, #54, #2324, .T. ) ;
#1760 = ORIENTED_EDGE ( 'NONE', *, *, #1270, .T. ) ;
#1761 = FACE_OUTER_BOUND ( 'NONE', #1779, .T. ) ;
#1762 = DIRECTION ( 'NONE',  ( 1.000000000000000000, 0.000000000000000000, 0.000000000000000000 ) ) ;
#1763 = APPROVAL_STATUS ( 'not_yet_approved' ) ;
#1764 = VECTOR ( 'NONE', #206, 1000.000000000000000 ) ;
#1765 = DIRECTION ( 'NONE',  ( -0.000000000000000000, 0.000000000000000000, 1.000000000000000000 ) ) ;
#1766 = CONTEXT_DEPENDENT_SHAPE_REPRESENTATION ( #1049, #153 ) ;
#1767 = LINE ( 'NONE', #2342, #1834 ) ;
#1768 = LOCAL_TIME ( 14, 24, 56.00000000000000000, #2006 ) ;
#1769 = AXIS2_PLACEMENT_3D ( 'NONE', #995, #742, #2634 ) ;
#1770 = CARTESIAN_POINT ( 'NONE',  ( 259.9999999999998863, -749.9999999999997726, 809.9999999999998863 ) ) ;
#1771 = VERTEX_POINT ( 'NONE', #1911 ) ;
#1772 = LINE ( 'NONE', #1457, #2144 ) ;
#1773 = DIRECTION ( 'NONE',  ( 0.000000000000000000, 0.000000000000000000, 1.000000000000000000 ) ) ;
#1774 = ORIENTED_EDGE ( 'NONE', *, *, #233, .F. ) ;
#1775 = DESIGN_CONTEXT ( 'detailed design', #559, 'design' ) ;
#1776 = CC_DESIGN_APPROVAL ( #1163, ( #1213 ) ) ;
#1777 = EDGE_LOOP ( 'NONE', ( #833, #724, #507, #2494, #1192, #646 ) ) ;
#1778 = CARTESIAN_POINT ( 'NONE',  ( 14.99999999999996092, 0.000000000000000000, 0.000000000000000000 ) ) ;
#1779 = EDGE_LOOP ( 'NONE', ( #1021, #579, #1100, #2611 ) ) ;
#1780 = ORIENTED_EDGE ( 'NONE', *, *, #536, .F. ) ;
#1781 = ORIENTED_EDGE ( 'NONE', *, *, #1116, .F. ) ;
#1782 = CARTESIAN_POINT ( 'NONE',  ( 14.99999999999996092, 1.999999999999999556, 0.000000000000000000 ) ) ;
#1783 = CARTESIAN_POINT ( 'NONE',  ( 1100.535543567313880, 795.0000000000001137, 30.00000000000000000 ) ) ;
#1784 = ORIENTED_EDGE ( 'NONE', *, *, #824, .F. ) ;
#1785 = CARTESIAN_POINT ( 'NONE',  ( 99.99999999999998579, 16.00000000000001421, 72.00000000000001421 ) ) ;
#1786 = CARTESIAN_POINT ( 'NONE',  ( -228.6845725212421314, -1057.919918699187065, -265.0000000000000000 ) ) ;
#1787 = EDGE_CURVE ( 'NONE', #2000, #2337, #1967, .T. ) ;
#1788 = ORIENTED_EDGE ( 'NONE', *, *, #1028, .F. ) ;
#1789 = CARTESIAN_POINT ( 'NONE',  ( 0.000000000000000000, 0.000000000000000000, 840.0000000000001137 ) ) ;
#1790 = ORIENTED_EDGE ( 'NONE', *, *, #252, .T. ) ;
#1791 = CARTESIAN_POINT ( 'NONE',  ( -10.00000000000000000, 37.00000000000000000, 830.0000000000001137 ) ) ;
#1792 = FACE_OUTER_BOUND ( 'NONE', #1009, .T. ) ;
#1793 = APPROVAL ( #1763, '未指定' ) ;
#1794 = PLANE ( 'NONE',  #2299 ) ;
#1795 = PERSON_AND_ORGANIZATION_ROLE ( 'creator' ) ;
#1796 = VECTOR ( 'NONE', #216, 1000.000000000000000 ) ;
#1797 = DIRECTION ( 'NONE',  ( -0.000000000000000000, -0.000000000000000000, -1.000000000000000000 ) ) ;
#1798 = SHAPE_REPRESENTATION ( '柜06', ( #159, #2369, #379, #665, #528 ), #59 ) ;
#1799 = VECTOR ( 'NONE', #791, 1000.000000000000000 ) ;
#1800 = VERTEX_POINT ( 'NONE', #221 ) ;
#1801 = ITEM_DEFINED_TRANSFORMATION ( 'NONE', 'NONE', #528,  #1952 ) ;
#1802 = CARTESIAN_POINT ( 'NONE',  ( -1.999999999999999112, 28.99999999999999645, 840.0000000000001137 ) ) ;
#1803 =( NAMED_UNIT ( * ) PLANE_ANGLE_UNIT ( ) SI_UNIT ( $, .RADIAN. ) );
#1804 = VECTOR ( 'NONE', #1409, 1000.000000000000000 ) ;
#1805 = PERSON_AND_ORGANIZATION ( #2340, #2519 ) ;
#1806 = DIRECTION ( 'NONE',  ( 0.000000000000000000, 0.000000000000000000, 1.000000000000000000 ) ) ;
#1807 = LINE ( 'NONE', #2391, #1248 ) ;
#1808 = APPROVAL_DATE_TIME ( #1382, #2352 ) ;
#1809 = AXIS2_PLACEMENT_3D ( 'NONE', #1341, #84, #2152 ) ;
#1810 = ORIENTED_EDGE ( 'NONE', *, *, #115, .F. ) ;
#1811 = CARTESIAN_POINT ( 'NONE',  ( 289.9999999999999432, -1199.999999999999773, 899.9999999999996589 ) ) ;
#1812 = MECHANICAL_CONTEXT ( 'NONE', #2011, 'mechanical' ) ;
#1813 = VERTEX_POINT ( 'NONE', #1287 ) ;
#1814 = VERTEX_POINT ( 'NONE', #2513 ) ;
#1815 = DIRECTION ( 'NONE',  ( -1.000000000000000000, 0.000000000000000000, 0.000000000000000000 ) ) ;
#1816 = ORIENTED_EDGE ( 'NONE', *, *, #722, .F. ) ;
#1817 = EDGE_CURVE ( 'NONE', #1969, #1771, #98, .T. ) ;
#1818 = EDGE_LOOP ( 'NONE', ( #2250, #1126, #760, #1745, #1109, #299 ) ) ;
#1819 = CARTESIAN_POINT ( 'NONE',  ( 289.9999999999998863, -1199.999999999999773, 0.000000000000000000 ) ) ;
#1820 = DIRECTION ( 'NONE',  ( 0.000000000000000000, 0.000000000000000000, -1.000000000000000000 ) ) ;
#1821 = VERTEX_POINT ( 'NONE', #1072 ) ;
#1822 = EDGE_CURVE ( 'NONE', #1813, #2704, #2, .T. ) ;
#1823 = AXIS2_PLACEMENT_3D ( 'NONE', #592, #2275, #2269 ) ;
#1824 = VECTOR ( 'NONE', #1953, 1000.000000000000000 ) ;
#1825 = VECTOR ( 'NONE', #663, 1000.000000000000000 ) ;
#1826 = EDGE_CURVE ( 'NONE', #2542, #302, #228, .T. ) ;
#1827 = CARTESIAN_POINT ( 'NONE',  ( 259.9999999999998863, 0.000000000000000000, 0.000000000000000000 ) ) ;
#1828 = APPROVAL_STATUS ( 'not_yet_approved' ) ;
#1829 = LINE ( 'NONE', #341, #226 ) ;
#1830 = CARTESIAN_POINT ( 'NONE',  ( -358.0000000000000568, 92.00000000000000000, 22.00000000000000000 ) ) ;
#1831 = VECTOR ( 'NONE', #2398, 1000.000000000000000 ) ;
#1832 = APPROVAL_DATE_TIME ( #2037, #2422 ) ;
#1833 = ORIENTED_EDGE ( 'NONE', *, *, #1839, .T. ) ;
#1834 = VECTOR ( 'NONE', #82, 1000.000000000000000 ) ;
#1835 = CARTESIAN_POINT ( 'NONE',  ( -188.0000000000000853, -749.9999999999997726, 90.00000000000000000 ) ) ;
#1836 = PERSON_AND_ORGANIZATION ( #2340, #2519 ) ;
#1837 = FACE_OUTER_BOUND ( 'NONE', #1096, .T. ) ;
#1838 = EDGE_CURVE ( 'NONE', #2336, #2219, #2234, .T. ) ;
#1839 = EDGE_CURVE ( 'NONE', #2341, #1289, #2650, .T. ) ;
#1840 = ORIENTED_EDGE ( 'NONE', *, *, #1721, .T. ) ;
#1841 = CARTESIAN_POINT ( 'NONE',  ( 358.0000000000000000, -77.00000000000000000, -247.5000000000000000 ) ) ;
#1842 = ORIENTED_EDGE ( 'NONE', *, *, #555, .F. ) ;
#1843 = CC_DESIGN_APPROVAL ( #437, ( #192 ) ) ;
#1844 = DIRECTION ( 'NONE',  ( -0.000000000000000000, -1.000000000000000000, -0.000000000000000000 ) ) ;
#1845 = ORIENTED_EDGE ( 'NONE', *, *, #2660, .F. ) ;
#1846 = ORIENTED_EDGE ( 'NONE', *, *, #778, .T. ) ;
#1847 = ORIENTED_EDGE ( 'NONE', *, *, #442, .T. ) ;
#1848 = ORIENTED_EDGE ( 'NONE', *, *, #1473, .T. ) ;
#1849 = PLANE ( 'NONE',  #467 ) ;
#1850 = PERSON_AND_ORGANIZATION_ROLE ( 'design_supplier' ) ;
#1851 = CARTESIAN_POINT ( 'NONE',  ( -210.0000000000000853, -1149.999999999999773, 30.00000000000002842 ) ) ;
#1852 = VERTEX_POINT ( 'NONE', #681 ) ;
#1853 = PLANE ( 'NONE',  #644 ) ;
#1854 = CIRCLE ( 'NONE', #895, 2.000000000000000000 ) ;
#1855 = EDGE_CURVE ( 'NONE', #2663, #996, #2448, .T. ) ;
#1856 = APPROVAL_ROLE ( '' ) ;
#1857 = CARTESIAN_POINT ( 'NONE',  ( -358.0000000000000568, 92.00000000000000000, 22.00000000000000000 ) ) ;
#1858 = CARTESIAN_POINT ( 'NONE',  ( -358.0000000000000568, -107.0000000000000000, -716.1571056688609360 ) ) ;
#1859 = FACE_OUTER_BOUND ( 'NONE', #1777, .T. ) ;
#1860 = AXIS2_PLACEMENT_3D ( 'NONE', #1715, #909, #1376 ) ;
#1861 = ORIENTED_EDGE ( 'NONE', *, *, #327, .T. ) ;
#1862 = DIRECTION ( 'NONE',  ( 0.000000000000000000, 1.000000000000000000, -0.000000000000000000 ) ) ;
#1863 = EDGE_LOOP ( 'NONE', ( #1516, #2312, #2659, #461 ) ) ;
#1864 = VERTEX_POINT ( 'NONE', #445 ) ;
#1865 = CARTESIAN_POINT ( 'NONE',  ( 1100.535543567313880, 765.0000000000001137, 30.00000000000002842 ) ) ;
#1866 = VECTOR ( 'NONE', #1648, 1000.000000000000000 ) ;
#1867 = LOCAL_TIME ( 14, 24, 56.00000000000000000, #2327 ) ;
#1868 = CARTESIAN_POINT ( 'NONE',  ( -339.9999999999999432, -60.99999999999995737, -229.4999999999999716 ) ) ;
#1869 = FACE_OUTER_BOUND ( 'NONE', #2184, .T. ) ;
#1870 = DATE_AND_TIME ( #70, #1014 ) ;
#1871 = DIRECTION ( 'NONE',  ( 2.418786546024306634E-16, 0.000000000000000000, 1.000000000000000000 ) ) ;
#1872 = LINE ( 'NONE', #1758, #239 ) ;
#1873 = CALENDAR_DATE ( 2026, 2, 6 ) ;
#1874 = EDGE_CURVE ( 'NONE', #571, #697, #2679, .T. ) ;
#1875 = ORIENTED_EDGE ( 'NONE', *, *, #1391, .F. ) ;
#1876 = EDGE_CURVE ( 'NONE', #2244, #629, #2385, .T. ) ;
#1877 = AXIS2_PLACEMENT_3D ( 'NONE', #1802, #530, #337 ) ;
#1878 = ORIENTED_EDGE ( 'NONE', *, *, #1586, .F. ) ;
#1879 = CARTESIAN_POINT ( 'NONE',  ( -100.0000000000000142, 15.99999999999998934, 54.80624847486570417 ) ) ;
#1880 = ORIENTED_EDGE ( 'NONE', *, *, #391, .F. ) ;
#1881 = ADVANCED_FACE ( 'NONE', ( #2098 ), #872, .T. ) ;
#1882 = ORIENTED_EDGE ( 'NONE', *, *, #1513, .T. ) ;
#1883 = VERTEX_POINT ( 'NONE', #69 ) ;
#1884 = CC_DESIGN_PERSON_AND_ORGANIZATION_ASSIGNMENT ( #2330, #1199, ( #237 ) ) ;
#1885 = CARTESIAN_POINT ( 'NONE',  ( -100.0000000000000142, 15.99999999999998934, 72.00000000000001421 ) ) ;
#1886 = CARTESIAN_POINT ( 'NONE',  ( -210.0000000000000853, -1149.999999999999773, 869.9999999999998863 ) ) ;
#1887 = ORIENTED_EDGE ( 'NONE', *, *, #1301, .T. ) ;
#1888 = ORIENTED_EDGE ( 'NONE', *, *, #2002, .F. ) ;
#1889 = APPROVAL_ROLE ( '' ) ;
#1890 = EDGE_CURVE ( 'NONE', #447, #544, #978, .T. ) ;
#1891 = VERTEX_POINT ( 'NONE', #275 ) ;
#1892 = EDGE_CURVE ( 'NONE', #2130, #1294, #1209, .T. ) ;
#1893 = DIRECTION ( 'NONE',  ( 1.000000000000000000, 0.000000000000000000, 0.000000000000000000 ) ) ;
#1894 = VECTOR ( 'NONE', #1998, 1000.000000000000000 ) ;
#1895 = FACE_OUTER_BOUND ( 'NONE', #1625, .T. ) ;
#1896 = ADVANCED_FACE ( 'NONE', ( #2063 ), #1500, .T. ) ;
#1897 = EDGE_CURVE ( 'NONE', #1997, #169, #582, .T. ) ;
#1898 = DIRECTION ( 'NONE',  ( 0.000000000000000000, -0.000000000000000000, 1.000000000000000000 ) ) ;
#1899 = SECURITY_CLASSIFICATION ( '', '', #2421 ) ;
#1900 = VECTOR ( 'NONE', #349, 1000.000000000000000 ) ;
#1901 = ORIENTED_EDGE ( 'NONE', *, *, #692, .F. ) ;
#1902 = CARTESIAN_POINT ( 'NONE',  ( 260.0000000000001137, 764.9999999999998863, 869.9999999999998863 ) ) ;
#1903 = LINE ( 'NONE', #926, #2264 ) ;
#1904 = DATE_AND_TIME ( #883, #1377 ) ;
#1905 = DIRECTION ( 'NONE',  ( 2.710505431213761085E-16, 1.000000000000000000, 0.000000000000000000 ) ) ;
#1906 = FACE_OUTER_BOUND ( 'NONE', #1981, .T. ) ;
#1907 = DATE_AND_TIME ( #1442, #751 ) ;
#1908 = DIRECTION ( 'NONE',  ( 1.040834085586084133E-16, -1.000000000000000000, 0.000000000000000000 ) ) ;
#1909 = DIRECTION ( 'NONE',  ( 0.000000000000000000, 0.000000000000000000, -1.000000000000000000 ) ) ;
#1910 = LINE ( 'NONE', #2705, #1509 ) ;
#1911 = CARTESIAN_POINT ( 'NONE',  ( -358.0000000000000568, 23.00000000000004974, 0.000000000000000000 ) ) ;
#1912 = VERTEX_POINT ( 'NONE', #693 ) ;
#1913 = CARTESIAN_POINT ( 'NONE',  ( 358.0000000000000000, 23.00000000000000355, -247.5000000000000000 ) ) ;
#1914 = ORIENTED_EDGE ( 'NONE', *, *, #480, .T. ) ;
#1915 = ORIENTED_EDGE ( 'NONE', *, *, #726, .T. ) ;
#1916 = VERTEX_POINT ( 'NONE', #2363 ) ;
#1917 = ORIENTED_EDGE ( 'NONE', *, *, #2581, .T. ) ;
#1918 = AXIS2_PLACEMENT_3D ( 'NONE', #2062, #1926, #1898 ) ;
#1919 = DIRECTION ( 'NONE',  ( 0.000000000000000000, 0.6246950475544241765, 0.7808688094430303872 ) ) ;
#1920 = VERTEX_POINT ( 'NONE', #2146 ) ;
#1921 = DIRECTION ( 'NONE',  ( 0.000000000000000000, 1.000000000000000000, 0.000000000000000000 ) ) ;
#1922 = ADVANCED_FACE ( 'NONE', ( #2293 ), #1280, .F. ) ;
#1923 = DIRECTION ( 'NONE',  ( 0.000000000000000000, 3.469446951953614189E-15, -1.000000000000000000 ) ) ;
#1924 = CARTESIAN_POINT ( 'NONE',  ( -188.0000000000000853, -749.9999999999997726, 809.9999999999997726 ) ) ;
#1925 = LINE ( 'NONE', #1835, #2442 ) ;
#1926 = DIRECTION ( 'NONE',  ( 0.000000000000000000, 1.000000000000000000, 0.000000000000000000 ) ) ;
#1927 = ORIENTED_EDGE ( 'NONE', *, *, #2595, .T. ) ;
#1928 = UNCERTAINTY_MEASURE_WITH_UNIT (LENGTH_MEASURE( 1.000000000000000082E-05 ), #678, 'distance_accuracy_value', 'NONE');
#1929 = FACE_OUTER_BOUND ( 'NONE', #1121, .T. ) ;
#1930 = DIRECTION ( 'NONE',  ( 1.000000000000000000, 0.000000000000000000, 0.000000000000000000 ) ) ;
#1931 = CARTESIAN_POINT ( 'NONE',  ( 1100.535543567313880, -749.9999999999997726, 30.00000000000000000 ) ) ;
#1932 = CYLINDRICAL_SURFACE ( 'NONE', #767, 2.000000000000000000 ) ;
#1933 = CARTESIAN_POINT ( 'NONE',  ( -188.0000000000000853, -749.9999999999997726, 90.00000000000000000 ) ) ;
#1934 =( LENGTH_UNIT ( ) NAMED_UNIT ( * ) SI_UNIT ( .MILLI., .METRE. ) );
#1935 = CLOSED_SHELL ( 'NONE', ( #257, #1749, #1518, #1245, #2077, #1881, #861, #1092, #1038, #278, #459, #2504, #2131, #2345, #2586, #187, #1975, #2558, #432, #1053, #67, #498, #611, #1642, #1922 ) ) ;
#1936 = ADVANCED_FACE ( 'NONE', ( #560 ), #1309, .T. ) ;
#1937 = APPROVAL_DATE_TIME ( #2652, #1970 ) ;
#1938 = CC_DESIGN_DATE_AND_TIME_ASSIGNMENT ( #1182, #1412, ( #900 ) ) ;
#1939 = DIRECTION ( 'NONE',  ( 0.000000000000000000, 0.000000000000000000, -1.000000000000000000 ) ) ;
#1940 = CYLINDRICAL_SURFACE ( 'NONE', #227, 8.000000000000007105 ) ;
#1941 = LOCAL_TIME ( 14, 24, 56.00000000000000000, #1246 ) ;
#1942 = CYLINDRICAL_SURFACE ( 'NONE', #1589, 2.000000000000000000 ) ;
#1943 = APPROVAL_PERSON_ORGANIZATION ( #892, #2352, #2205 ) ;
#1944 = DIRECTION ( 'NONE',  ( 0.000000000000000000, 1.000000000000000000, 0.000000000000000000 ) ) ;
#1945 = PLANE ( 'NONE',  #2613 ) ;
#1946 = EDGE_CURVE ( 'NONE', #83, #2417, #650, .T. ) ;
#1947 = ORIENTED_EDGE ( 'NONE', *, *, #1099, .F. ) ;
#1948 = ORIENTED_EDGE ( 'NONE', *, *, #722, .T. ) ;
#1949 = AXIS2_PLACEMENT_3D ( 'NONE', #1344, #1118, #491 ) ;
#1950 = CARTESIAN_POINT ( 'NONE',  ( -15.00000000000003730, 0.000000000000000000, 830.0000000000001137 ) ) ;
#1951 = ORIENTED_EDGE ( 'NONE', *, *, #902, .F. ) ;
#1952 = AXIS2_PLACEMENT_3D ( 'NONE', #1507, #905, #58 ) ;
#1953 = DIRECTION ( 'NONE',  ( -0.000000000000000000, -1.000000000000000000, -0.000000000000000000 ) ) ;
#1954 = EDGE_LOOP ( 'NONE', ( #1882, #1416, #247, #957 ) ) ;
#1955 = DIRECTION ( 'NONE',  ( 2.710505431213761085E-16, 1.000000000000000000, 0.000000000000000000 ) ) ;
#1956 = EDGE_LOOP ( 'NONE', ( #2251, #1479, #2397, #305, #2274, #1355, #515, #1987, #533, #604 ) ) ;
#1957 = DIRECTION ( 'NONE',  ( 1.000000000000000000, 0.000000000000000000, 0.000000000000000000 ) ) ;
#1958 = FACE_OUTER_BOUND ( 'NONE', #2050, .T. ) ;
#1959 = VECTOR ( 'NONE', #1506, 1000.000000000000000 ) ;
#1960 = EDGE_CURVE ( 'NONE', #2349, #2542, #777, .T. ) ;
#1961 = CARTESIAN_POINT ( 'NONE',  ( 289.9999999999998863, -1199.999999999999773, 30.00000000000000000 ) ) ;
#1962 = EDGE_CURVE ( 'NONE', #2668, #493, #916, .T. ) ;
#1963 = DIRECTION ( 'NONE',  ( 1.000000000000000000, -1.211399075402798533E-16, -0.000000000000000000 ) ) ;
#1964 = VECTOR ( 'NONE', #1226, 1000.000000000000000 ) ;
#1965 = LOCAL_TIME ( 14, 24, 56.00000000000000000, #680 ) ;
#1966 = CARTESIAN_POINT ( 'NONE',  ( 980.6247289678586867, -919.9999999999997726, 809.9999999999998863 ) ) ;
#1967 = CIRCLE ( 'NONE', #2467, 2.000000000000000000 ) ;
#1968 = CALENDAR_DATE ( 2026, 2, 6 ) ;
#1969 = VERTEX_POINT ( 'NONE', #2549 ) ;
#1970 = APPROVAL ( #346, '未指定' ) ;
#1971 = VECTOR ( 'NONE', #2656, 1000.000000000000000 ) ;
#1972 = PERSON_AND_ORGANIZATION ( #2340, #2519 ) ;
#1973 = CARTESIAN_POINT ( 'NONE',  ( 259.9999999999998863, -749.9999999999997726, 809.9999999999998863 ) ) ;
#1974 = VECTOR ( 'NONE', #1047, 1000.000000000000000 ) ;
#1975 = ADVANCED_FACE ( 'NONE', ( #1532 ), #1549, .F. ) ;
#1976 = CARTESIAN_POINT ( 'NONE',  ( 289.9999999999999432, 1200.000000000000227, 30.00000000000000000 ) ) ;
#1977 = CARTESIAN_POINT ( 'NONE',  ( 259.9999999999998863, -950.0000000000000000, 809.9999999999998863 ) ) ;
#1978 = ORIENTED_EDGE ( 'NONE', *, *, #836, .F. ) ;
#1979 = DIRECTION ( 'NONE',  ( -2.312964634635743203E-17, -1.000000000000000000, 0.000000000000000000 ) ) ;
#1980 = DIRECTION ( 'NONE',  ( 0.000000000000000000, 0.000000000000000000, 1.000000000000000000 ) ) ;
#1981 = EDGE_LOOP ( 'NONE', ( #2367, #1230, #277, #1915 ) ) ;
#1982 = EDGE_CURVE ( 'NONE', #1969, #503, #1903, .T. ) ;
#1983 = VERTEX_POINT ( 'NONE', #512 ) ;
#1984 = ORIENTED_EDGE ( 'NONE', *, *, #542, .T. ) ;
#1985 = ORIENTED_EDGE ( 'NONE', *, *, #1028, .T. ) ;
#1986 = CARTESIAN_POINT ( 'NONE',  ( -100.0000000000000284, 5.753049524455749797, 39.19131190556970523 ) ) ;
#1987 = ORIENTED_EDGE ( 'NONE', *, *, #2002, .T. ) ;
#1988 = CARTESIAN_POINT ( 'NONE',  ( -15.00000000000001243, 96.00000000000000000, 840.0000000000001137 ) ) ;
#1989 = PRODUCT_DEFINITION ( '未知', '', #2078, #2607 ) ;
#1990 = CARTESIAN_POINT ( 'NONE',  ( 289.9999999999998863, -1199.999999999999773, 0.000000000000000000 ) ) ;
#1991 = CARTESIAN_POINT ( 'NONE',  ( -55.68457252124208168, 654.0800813008133900, -685.0000000000000000 ) ) ;
#1992 = FACE_OUTER_BOUND ( 'NONE', #557, .T. ) ;
#1993 = DIRECTION ( 'NONE',  ( 1.000000000000000000, 0.000000000000000000, 0.000000000000000000 ) ) ;
#1994 = ORIENTED_EDGE ( 'NONE', *, *, #1897, .F. ) ;
#1995 = LINE ( 'NONE', #2571, #2091 ) ;
#1996 = DIRECTION ( 'NONE',  ( 0.000000000000000000, -2.643388153869421297E-16, 1.000000000000000000 ) ) ;
#1997 = VERTEX_POINT ( 'NONE', #2377 ) ;
#1998 = DIRECTION ( 'NONE',  ( 0.000000000000000000, 1.000000000000000000, 0.000000000000000000 ) ) ;
#1999 = DATE_TIME_ROLE ( 'creation_date' ) ;
#2000 = VERTEX_POINT ( 'NONE', #1367 ) ;
#2001 = FACE_OUTER_BOUND ( 'NONE', #438, .T. ) ;
#2002 = EDGE_CURVE ( 'NONE', #544, #27, #848, .T. ) ;
#2003 = DIRECTION ( 'NONE',  ( -0.000000000000000000, -0.000000000000000000, -1.000000000000000000 ) ) ;
#2004 = APPROVAL_PERSON_ORGANIZATION ( #1695, #1163, #1856 ) ;
#2005 = LINE ( 'NONE', #584, #1438 ) ;
#2006 = COORDINATED_UNIVERSAL_TIME_OFFSET ( 8, 0, .AHEAD. ) ;
#2007 = AXIS2_PLACEMENT_3D ( 'NONE', #633, #2318, #2093 ) ;
#2008 = VECTOR ( 'NONE', #1921, 1000.000000000000000 ) ;
#2009 = CARTESIAN_POINT ( 'NONE',  ( 99.99999999999998579, 16.00000000000001421, 54.80624847486573259 ) ) ;
#2010 = COORDINATED_UNIVERSAL_TIME_OFFSET ( 8, 0, .AHEAD. ) ;
#2011 = APPLICATION_CONTEXT ( 'configuration controlled 3d designs of mechanical parts and assemblies' ) ;
#2012 = APPROVAL ( #1643, 'UNKNOWN' ) ;
#2013 = DIRECTION ( 'NONE',  ( 1.000000000000000000, 0.000000000000000000, -0.000000000000000000 ) ) ;
#2014 = EDGE_CURVE ( 'NONE', #1719, #541, #617, .T. ) ;
#2015 = DIRECTION ( 'NONE',  ( 1.000000000000000000, 0.000000000000000000, 0.000000000000000000 ) ) ;
#2016 = DIRECTION ( 'NONE',  ( 0.000000000000000000, -1.000000000000000000, -0.000000000000000000 ) ) ;
#2017 = MECHANICAL_CONTEXT ( 'NONE', #1162, 'mechanical' ) ;
#2018 = EDGE_CURVE ( 'NONE', #1056, #1813, #2173, .T. ) ;
#2019 = ORIENTED_EDGE ( 'NONE', *, *, #2106, .F. ) ;
#2020 = PLANE ( 'NONE',  #264 ) ;
#2021 = ORIENTED_EDGE ( 'NONE', *, *, #1513, .F. ) ;
#2022 = ORIENTED_EDGE ( 'NONE', *, *, #1586, .T. ) ;
#2023 = CARTESIAN_POINT ( 'NONE',  ( -358.0000000000000568, -92.00000000000000000, 0.000000000000000000 ) ) ;
#2024 = CC_DESIGN_APPROVAL ( #2187, ( #998 ) ) ;
#2025 = CARTESIAN_POINT ( 'NONE',  ( -188.0000000000000853, -1149.999999999999773, 809.9999999999997726 ) ) ;
#2026 = APPLICATION_PROTOCOL_DEFINITION ( 'international standard', 'config_control_design', 1994, #559 ) ;
#2027 = VECTOR ( 'NONE', #904, 1000.000000000000000 ) ;
#2028 = LINE ( 'NONE', #1087, #908 ) ;
#2029 = EDGE_CURVE ( 'NONE', #1165, #447, #421, .T. ) ;
#2030 = CARTESIAN_POINT ( 'NONE',  ( -100.0000000000000142, -16.00000000000000711, 72.00000000000001421 ) ) ;
#2031 = ORIENTED_EDGE ( 'NONE', *, *, #170, .F. ) ;
#2032 = DIRECTION ( 'NONE',  ( -1.000000000000000000, -1.040834085586084257E-16, -0.000000000000000000 ) ) ;
#2033 = LINE ( 'NONE', #2030, #1278 ) ;
#2034 = CARTESIAN_POINT ( 'NONE',  ( 0.000000000000000000, 0.000000000000000000, 869.9999999999998863 ) ) ;
#2035 = PERSON_AND_ORGANIZATION_ROLE ( 'creator' ) ;
#2036 = LINE ( 'NONE', #1778, #163 ) ;
#2037 = DATE_AND_TIME ( #423, #191 ) ;
#2038 = AXIS2_PLACEMENT_3D ( 'NONE', #2074, #415, #804 ) ;
#2039 = CARTESIAN_POINT ( 'NONE',  ( -1193.548559846121407, -1120.000000000000000, 0.000000000000000000 ) ) ;
#2040 = FACE_BOUND ( 'NONE', #417, .T. ) ;
#2041 = DATE_AND_TIME ( #1472, #2298 ) ;
#2042 = EDGE_CURVE ( 'NONE', #243, #1800, #2036, .T. ) ;
#2043 = CC_DESIGN_PERSON_AND_ORGANIZATION_ASSIGNMENT ( #137, #2640, ( #1899 ) ) ;
#2044 = CARTESIAN_POINT ( 'NONE',  ( -339.9999999999999432, -60.99999999999995737, -229.4999999999999716 ) ) ;
#2045 = VERTEX_POINT ( 'NONE', #88 ) ;
#2046 = APPLICATION_PROTOCOL_DEFINITION ( 'international standard', 'config_control_design', 1994, #2430 ) ;
#2047 = ORIENTED_EDGE ( 'NONE', *, *, #1468, .F. ) ;
#2048 = EDGE_LOOP ( 'NONE', ( #1063, #1495, #903, #1647 ) ) ;
#2049 = DIRECTION ( 'NONE',  ( 1.000000000000000000, 0.000000000000000000, 0.000000000000000000 ) ) ;
#2050 = EDGE_LOOP ( 'NONE', ( #866, #1810, #2215, #1561 ) ) ;
#2051 = ORIENTED_EDGE ( 'NONE', *, *, #2347, .F. ) ;
#2052 = CARTESIAN_POINT ( 'NONE',  ( -13.00000000000003730, 2.000000000000001776, 830.0000000000001137 ) ) ;
#2053 = CARTESIAN_POINT ( 'NONE',  ( -210.0000000000000853, -749.9999999999997726, 809.9999999999998863 ) ) ;
#2054 = ORIENTED_EDGE ( 'NONE', *, *, #555, .T. ) ;
#2055 = CARTESIAN_POINT ( 'NONE',  ( 1100.535543567313880, -719.9999999999997726, 30.00000000000000000 ) ) ;
#2056 = VECTOR ( 'NONE', #129, 1000.000000000000000 ) ;
#2057 = FACE_OUTER_BOUND ( 'NONE', #1646, .T. ) ;
#2058 = DIRECTION ( 'NONE',  ( -1.000000000000000000, 0.000000000000000000, 0.000000000000000000 ) ) ;
#2059 = PERSON_AND_ORGANIZATION_ROLE ( 'classification_officer' ) ;
#2060 = SECURITY_CLASSIFICATION_LEVEL ( 'unclassified' ) ;
#2061 = FACE_OUTER_BOUND ( 'NONE', #2371, .T. ) ;
#2062 = CARTESIAN_POINT ( 'NONE',  ( -15.00000000000003730, 0.000000000000000000, 10.00000000000000000 ) ) ;
#2063 = FACE_OUTER_BOUND ( 'NONE', #2365, .T. ) ;
#2064 = CONTEXT_DEPENDENT_SHAPE_REPRESENTATION ( #2478, #2261 ) ;
#2065 = CARTESIAN_POINT ( 'NONE',  ( 14.99999999999996092, 1.999999999999999556, 10.00000000000000000 ) ) ;
#2066 = EDGE_CURVE ( 'NONE', #1449, #497, #1466, .T. ) ;
#2067 = VECTOR ( 'NONE', #2593, 1000.000000000000000 ) ;
#2068 = CARTESIAN_POINT ( 'NONE',  ( -290.0000000000003411, 1199.999999999999545, 869.9999999999998863 ) ) ;
#2069 = APPROVAL_PERSON_ORGANIZATION ( #2141, #1970, #568 ) ;
#2070 = VECTOR ( 'NONE', #1618, 1000.000000000000000 ) ;
#2071 = EDGE_CURVE ( 'NONE', #1330, #599, #350, .T. ) ;
#2072 = PERSON_AND_ORGANIZATION ( #2340, #2519 ) ;
#2073 = AXIS2_PLACEMENT_3D ( 'NONE', #1395, #1176, #352 ) ;
#2074 = CARTESIAN_POINT ( 'NONE',  ( 664.4749683231339077, -749.9999999999997726, 90.00000000000000000 ) ) ;
#2075 = ORIENTED_EDGE ( 'NONE', *, *, #1721, .F. ) ;
#2076 = DIRECTION ( 'NONE',  ( -0.000000000000000000, 0.000000000000000000, 1.000000000000000000 ) ) ;
#2077 = ADVANCED_FACE ( 'NONE', ( #2202 ), #1158, .F. ) ;
#2078 = PRODUCT_DEFINITION_FORMATION_WITH_SPECIFIED_SOURCE ( '任何', '', #2560, .NOT_KNOWN. ) ;
#2079 = ORIENTED_EDGE ( 'NONE', *, *, #1612, .T. ) ;
#2080 = DIRECTION ( 'NONE',  ( 1.000000000000000000, -0.000000000000000000, -0.000000000000000000 ) ) ;
#2081 = CARTESIAN_POINT ( 'NONE',  ( 99.99999999999998579, 3.999999999999989786, 34.19375152513431004 ) ) ;
#2082 = ORIENTED_EDGE ( 'NONE', *, *, #2440, .T. ) ;
#2083 = CARTESIAN_POINT ( 'NONE',  ( -339.9999999999998863, -60.99999999999995737, 0.000000000000000000 ) ) ;
#2084 = ORIENTED_EDGE ( 'NONE', *, *, #1465, .T. ) ;
#2085 = PRODUCT_DEFINITION_SHAPE ( 'NONE', 'NONE',  #862 ) ;
#2086 = DIRECTION ( 'NONE',  ( 0.000000000000000000, -1.000000000000000000, 0.000000000000000000 ) ) ;
#2087 = ADVANCED_FACE ( 'NONE', ( #1106 ), #104, .T. ) ;
#2088 = VECTOR ( 'NONE', #1443, 1000.000000000000000 ) ;
#2089 = EDGE_CURVE ( 'NONE', #571, #2328, #1403, .T. ) ;
#2090 = CARTESIAN_POINT ( 'NONE',  ( 12.99999999999995914, 0.000000000000000000, 840.0000000000001137 ) ) ;
#2091 = VECTOR ( 'NONE', #1138, 1000.000000000000000 ) ;
#2092 =( GEOMETRIC_REPRESENTATION_CONTEXT ( 3 ) GLOBAL_UNCERTAINTY_ASSIGNED_CONTEXT ( ( #2694 ) ) GLOBAL_UNIT_ASSIGNED_CONTEXT ( ( #1934, #65, #2359 ) ) REPRESENTATION_CONTEXT ( 'NONE', 'WORKASPACE' ) );
#2093 = DIRECTION ( 'NONE',  ( 0.000000000000000000, 2.643388153869421297E-16, -1.000000000000000000 ) ) ;
#2094 = EDGE_CURVE ( 'NONE', #169, #1544, #846, .T. ) ;
#2095 = CARTESIAN_POINT ( 'NONE',  ( -358.0000000000000568, 92.00000000000000000, 0.000000000000000000 ) ) ;
#2096 = FACE_OUTER_BOUND ( 'NONE', #150, .T. ) ;
#2097 = ORIENTED_EDGE ( 'NONE', *, *, #2231, .F. ) ;
#2098 = FACE_OUTER_BOUND ( 'NONE', #1689, .T. ) ;
#2099 = DIRECTION ( 'NONE',  ( 2.418786546024306634E-16, 0.000000000000000000, 1.000000000000000000 ) ) ;
#2100 = DIRECTION ( 'NONE',  ( -1.000000000000000000, 2.710505431213761085E-16, 0.000000000000000000 ) ) ;
#2101 = ADVANCED_FACE ( 'NONE', ( #284 ), #734, .F. ) ;
#2102 = APPROVAL_DATE_TIME ( #1501, #2526 ) ;
#2103 = PLANE ( 'NONE',  #1054 ) ;
#2104 = VECTOR ( 'NONE', #547, 1000.000000000000000 ) ;
#2105 = APPROVAL_PERSON_ORGANIZATION ( #1323, #800, #517 ) ;
#2106 = EDGE_CURVE ( 'NONE', #659, #2045, #2033, .T. ) ;
#2107 = CARTESIAN_POINT ( 'NONE',  ( 259.9999999999998863, 0.000000000000000000, 0.000000000000000000 ) ) ;
#2108 = EDGE_LOOP ( 'NONE', ( #2248, #1293, #1142, #301 ) ) ;
#2109 = DIRECTION ( 'NONE',  ( -0.000000000000000000, -0.000000000000000000, -1.000000000000000000 ) ) ;
#2110 = VERTEX_POINT ( 'NONE', #1184 ) ;
#2111 = PLANE ( 'NONE',  #344 ) ;
#2112 = ORIENTED_EDGE ( 'NONE', *, *, #1596, .F. ) ;
#2113 = EDGE_CURVE ( 'NONE', #1326, #2657, #1464, .T. ) ;
#2114 = SECURITY_CLASSIFICATION ( '', '', #1431 ) ;
#2115 = CARTESIAN_POINT ( 'NONE',  ( -188.0000000000000853, 0.000000000000000000, 0.000000000000000000 ) ) ;
#2116 = DIRECTION ( 'NONE',  ( 1.000000000000000000, 0.000000000000000000, -0.000000000000000000 ) ) ;
#2117 = ADVANCED_FACE ( 'NONE', ( #2580 ), #976, .F. ) ;
#2118 = EDGE_LOOP ( 'NONE', ( #2286, #1887, #1477, #2564 ) ) ;
#2119 = ORIENTED_EDGE ( 'NONE', *, *, #2609, .T. ) ;
#2120 = PLANE ( 'NONE',  #815 ) ;
#2121 = ORIENTED_EDGE ( 'NONE', *, *, #1235, .T. ) ;
#2122 = CARTESIAN_POINT ( 'NONE',  ( -290.0000000000001137, -1199.999999999999773, 30.00000000000000000 ) ) ;
#2123 = CARTESIAN_POINT ( 'NONE',  ( 12.99999999999995914, 2.000000000000000000, 830.0000000000001137 ) ) ;
#2124 = FACE_OUTER_BOUND ( 'NONE', #1954, .T. ) ;
#2125 = DIRECTION ( 'NONE',  ( 0.000000000000000000, 0.000000000000000000, 1.000000000000000000 ) ) ;
#2126 = DIRECTION ( 'NONE',  ( 0.000000000000000000, -0.7808688094430303872, 0.6246950475544242876 ) ) ;
#2127 = AXIS2_PLACEMENT_3D ( 'NONE', #2521, #670, #1275 ) ;
#2128 = DIRECTION ( 'NONE',  ( 1.000000000000000000, 0.000000000000000000, -0.000000000000000000 ) ) ;
#2129 = DIRECTION ( 'NONE',  ( -2.710505431213761085E-16, -1.000000000000000000, -0.000000000000000000 ) ) ;
#2130 = VERTEX_POINT ( 'NONE', #2643 ) ;
#2131 = ADVANCED_FACE ( 'NONE', ( #912 ), #2020, .T. ) ;
#2132 = CC_DESIGN_PERSON_AND_ORGANIZATION_ASSIGNMENT ( #2209, #1203, ( #900 ) ) ;
#2133 = ORIENTED_EDGE ( 'NONE', *, *, #35, .T. ) ;
#2134 = LINE ( 'NONE', #1531, #405 ) ;
#2135 = ORIENTED_EDGE ( 'NONE', *, *, #1822, .T. ) ;
#2136 = DIRECTION ( 'NONE',  ( -1.000000000000000000, 0.000000000000000000, 0.000000000000000000 ) ) ;
#2137 = VECTOR ( 'NONE', #1272, 1000.000000000000000 ) ;
#2138 = VERTEX_POINT ( 'NONE', #139 ) ;
#2139 = COORDINATED_UNIVERSAL_TIME_OFFSET ( 8, 0, .AHEAD. ) ;
#2140 = LINE ( 'NONE', #1345, #1282 ) ;
#2141 = PERSON_AND_ORGANIZATION ( #2340, #2519 ) ;
#2142 = CARTESIAN_POINT ( 'NONE',  ( 0.000000000000000000, 0.000000000000000000, 72.00000000000001421 ) ) ;
#2143 = CARTESIAN_POINT ( 'NONE',  ( 99.99999999999998579, 16.00000000000001421, 72.00000000000001421 ) ) ;
#2144 = VECTOR ( 'NONE', #9, 1000.000000000000000 ) ;
#2145 = APPROVAL_DATE_TIME ( #1115, #1373 ) ;
#2146 = CARTESIAN_POINT ( 'NONE',  ( 357.9999999999999432, 92.00000000000000000, 22.00000000000000000 ) ) ;
#2147 = EDGE_CURVE ( 'NONE', #823, #1814, #1829, .T. ) ;
#2148 = PLANE ( 'NONE',  #763 ) ;
#2149 = ORIENTED_EDGE ( 'NONE', *, *, #1743, .F. ) ;
#2150 = AXIS2_PLACEMENT_3D ( 'NONE', #2493, #2076, #173 ) ;
#2151 = DIRECTION ( 'NONE',  ( 0.000000000000000000, 1.000000000000000000, -0.000000000000000000 ) ) ;
#2152 = DIRECTION ( 'NONE',  ( 1.000000000000000000, 0.000000000000000000, -0.000000000000000000 ) ) ;
#2153 = ORIENTED_EDGE ( 'NONE', *, *, #1414, .T. ) ;
#2154 = CARTESIAN_POINT ( 'NONE',  ( -1193.548559846121407, -1120.000000000000000, 90.00000000000005684 ) ) ;
#2155 = ORIENTED_EDGE ( 'NONE', *, *, #1612, .F. ) ;
#2156 = ORIENTED_EDGE ( 'NONE', *, *, #994, .T. ) ;
#2157 = ORIENTED_EDGE ( 'NONE', *, *, #472, .F. ) ;
#2158 = EDGE_CURVE ( 'NONE', #404, #1449, #1375, .T. ) ;
#2159 = CARTESIAN_POINT ( 'NONE',  ( -15.00000000000001243, 96.00000000000000000, 830.0000000000001137 ) ) ;
#2160 = LINE ( 'NONE', #1011, #1587 ) ;
#2161 =( NAMED_UNIT ( * ) PLANE_ANGLE_UNIT ( ) SI_UNIT ( $, .RADIAN. ) );
#2162 = ADVANCED_FACE ( 'NONE', ( #808 ), #157, .T. ) ;
#2163 = EDGE_CURVE ( 'NONE', #404, #1165, #416, .T. ) ;
#2164 = LINE ( 'NONE', #2166, #2641 ) ;
#2165 = DIRECTION ( 'NONE',  ( 2.710505431213761085E-16, 1.000000000000000000, 0.000000000000000000 ) ) ;
#2166 = CARTESIAN_POINT ( 'NONE',  ( -210.0000000000000853, -749.9999999999997726, 90.00000000000000000 ) ) ;
#2167 = ORIENTED_EDGE ( 'NONE', *, *, #1621, .F. ) ;
#2168 = ORIENTED_EDGE ( 'NONE', *, *, #1616, .T. ) ;
#2169 = LINE ( 'NONE', #322, #1342 ) ;
#2170 = CARTESIAN_POINT ( 'NONE',  ( -13.00000000000003730, 2.000000000000000000, 10.00000000000000000 ) ) ;
#2171 = APPROVAL_PERSON_ORGANIZATION ( #1629, #2012, #1234 ) ;
#2172 = CC_DESIGN_APPROVAL ( #714, ( #473 ) ) ;
#2173 = LINE ( 'NONE', #2182, #288 ) ;
#2174 = CARTESIAN_POINT ( 'NONE',  ( -15.00000000000003730, 0.000000000000000000, 10.00000000000000000 ) ) ;
#2175 = DATE_AND_TIME ( #5, #561 ) ;
#2176 = LINE ( 'NONE', #1791, #1050 ) ;
#2177 = APPROVAL_PERSON_ORGANIZATION ( #1574, #1649, #330 ) ;
#2178 = DIRECTION ( 'NONE',  ( -0.000000000000000000, -1.000000000000000000, -0.000000000000000000 ) ) ;
#2179 = SHAPE_REPRESENTATION_RELATIONSHIP ( 'NONE' , 'NONE' ,  #2603, #951 ) ;
#2180 = EDGE_CURVE ( 'NONE', #2466, #1300, #773, .T. ) ;
#2181 = ORIENTED_EDGE ( 'NONE', *, *, #934, .F. ) ;
#2182 = CARTESIAN_POINT ( 'NONE',  ( -100.0000000000000142, 7.999999999999989342, 72.00000000000001421 ) ) ;
#2183 = EDGE_CURVE ( 'NONE', #690, #2436, #348, .T. ) ;
#2184 = EDGE_LOOP ( 'NONE', ( #29, #793, #1454, #2112 ) ) ;
#2185 = DIRECTION ( 'NONE',  ( 0.000000000000000000, 0.000000000000000000, -1.000000000000000000 ) ) ;
#2186 = ORIENTED_EDGE ( 'NONE', *, *, #1426, .T. ) ;
#2187 = APPROVAL ( #1006, '未指定' ) ;
#2188 = CARTESIAN_POINT ( 'NONE',  ( 14.99999999999998757, 96.00000000000000000, 840.0000000000001137 ) ) ;
#2189 = CARTESIAN_POINT ( 'NONE',  ( -339.9999999999999432, -60.99999999999995737, -229.4999999999999716 ) ) ;
#2190 = ADVANCED_FACE ( 'NONE', ( #882 ), #360, .F. ) ;
#2191 = ORIENTED_EDGE ( 'NONE', *, *, #1787, .T. ) ;
#2192 = LINE ( 'NONE', #2585, #1397 ) ;
#2193 = CARTESIAN_POINT ( 'NONE',  ( -358.0000000000000568, -92.00000000000000000, 22.00000000000000000 ) ) ;
#2194 = EDGE_CURVE ( 'NONE', #54, #2435, #2169, .T. ) ;
#2195 = DIRECTION ( 'NONE',  ( 0.000000000000000000, -1.000000000000000000, 1.387778780781445182E-16 ) ) ;
#2196 = ORIENTED_EDGE ( 'NONE', *, *, #1759, .T. ) ;
#2197 = VECTOR ( 'NONE', #1269, 1000.000000000000000 ) ;
#2198 = CLOSED_SHELL ( 'NONE', ( #1291, #832, #2190, #1333, #1540, #845, #2162, #625, #1067, #1551, #1487, #513, #2101, #96, #1475, #2199, #403, #1079, #1717, #389, #2354, #1025, #23, #890, #43, #304, #1655, #1232 ) ) ;
#2199 = ADVANCED_FACE ( 'NONE', ( #2096 ), #149, .F. ) ;
#2200 = CALENDAR_DATE ( 2026, 2, 6 ) ;
#2201 = EDGE_LOOP ( 'NONE', ( #365, #1705, #2674, #364 ) ) ;
#2202 = FACE_OUTER_BOUND ( 'NONE', #1427, .T. ) ;
#2203 = DATE_AND_TIME ( #351, #1867 ) ;
#2204 = CARTESIAN_POINT ( 'NONE',  ( 0.000000000000000000, 1169.999999999999318, 869.9999999999998863 ) ) ;
#2205 = APPROVAL_ROLE ( '' ) ;
#2206 = EDGE_CURVE ( 'NONE', #601, #708, #556, .T. ) ;
#2207 = CC_DESIGN_PERSON_AND_ORGANIZATION_ASSIGNMENT ( #1010, #2035, ( #1019 ) ) ;
#2208 = LINE ( 'NONE', #980, #235 ) ;
#2209 = PERSON_AND_ORGANIZATION ( #2340, #2519 ) ;
#2210 = FACE_OUTER_BOUND ( 'NONE', #2382, .T. ) ;
#2211 = DIRECTION ( 'NONE',  ( 0.000000000000000000, -1.000000000000000000, 0.000000000000000000 ) ) ;
#2212 = PLANE ( 'NONE',  #361 ) ;
#2213 = CARTESIAN_POINT ( 'NONE',  ( 259.9999999999998863, -1120.000000000000000, 0.000000000000000000 ) ) ;
#2214 = CARTESIAN_POINT ( 'NONE',  ( -228.6845725212420746, -857.9199186991864963, -265.0000000000000000 ) ) ;
#2215 = ORIENTED_EDGE ( 'NONE', *, *, #391, .T. ) ;
#2216 = VERTEX_POINT ( 'NONE', #2257 ) ;
#2217 = CARTESIAN_POINT ( 'NONE',  ( 289.9999999999999432, 1200.000000000000227, 30.00000000000000000 ) ) ;
#2218 = UNCERTAINTY_MEASURE_WITH_UNIT (LENGTH_MEASURE( 1.000000000000000082E-05 ), #256, 'distance_accuracy_value', 'NONE');
#2219 = VERTEX_POINT ( 'NONE', #986 ) ;
#2220 = CC_DESIGN_PERSON_AND_ORGANIZATION_ASSIGNMENT ( #488, #2464, ( #2078 ) ) ;
#2221 = CARTESIAN_POINT ( 'NONE',  ( 339.9999999999999432, 23.00000000000004974, -229.5000000000000284 ) ) ;
#2222 = EDGE_LOOP ( 'NONE', ( #2343, #2168, #175, #805, #662, #2191 ) ) ;
#2223 = DIRECTION ( 'NONE',  ( 1.000000000000000000, 0.000000000000000000, 0.000000000000000000 ) ) ;
#2224 = LINE ( 'NONE', #1986, #255 ) ;
#2225 = DIRECTION ( 'NONE',  ( 1.000000000000000000, 0.000000000000000000, 0.000000000000000000 ) ) ;
#2226 = ORIENTED_EDGE ( 'NONE', *, *, #831, .T. ) ;
#2227 = FACE_OUTER_BOUND ( 'NONE', #2405, .T. ) ;
#2228 = DIRECTION ( 'NONE',  ( 1.000000000000000000, -2.710505431213761085E-16, 0.000000000000000000 ) ) ;
#2229 = APPLICATION_CONTEXT ( 'configuration controlled 3d designs of mechanical parts and assemblies' ) ;
#2230 = LINE ( 'NONE', #12, #1664 ) ;
#2231 = EDGE_CURVE ( 'NONE', #1263, #2628, #2647, .T. ) ;
#2232 = ORIENTED_EDGE ( 'NONE', *, *, #1024, .T. ) ;
#2233 = DIRECTION ( 'NONE',  ( -0.000000000000000000, -0.000000000000000000, -1.000000000000000000 ) ) ;
#2234 = CIRCLE ( 'NONE', #174, 8.000000000000000000 ) ;
#2235 = DATE_AND_TIME ( #40, #886 ) ;
#2236 =( GEOMETRIC_REPRESENTATION_CONTEXT ( 3 ) GLOBAL_UNCERTAINTY_ASSIGNED_CONTEXT ( ( #2218 ) ) GLOBAL_UNIT_ASSIGNED_CONTEXT ( ( #256, #286, #950 ) ) REPRESENTATION_CONTEXT ( 'NONE', 'WORKASPACE' ) );
#2237 = LINE ( 'NONE', #2259, #981 ) ;
#2238 = CARTESIAN_POINT ( 'NONE',  ( 357.9999999999999432, 92.00000000000000000, 0.000000000000000000 ) ) ;
#2239 = LOCAL_TIME ( 14, 24, 56.00000000000000000, #2489 ) ;
#2240 = VECTOR ( 'NONE', #889, 1000.000000000000000 ) ;
#2241 = ORIENTED_EDGE ( 'NONE', *, *, #642, .T. ) ;
#2242 = CARTESIAN_POINT ( 'NONE',  ( -188.0000000000001705, -950.0000000000000000, 809.9999999999998863 ) ) ;
#2243 = VERTEX_POINT ( 'NONE', #1385 ) ;
#2244 = VERTEX_POINT ( 'NONE', #575 ) ;
#2245 = CARTESIAN_POINT ( 'NONE',  ( -358.0000000000000000, -76.99999999999991473, -247.5000000000000000 ) ) ;
#2246 = APPROVAL_ROLE ( '' ) ;
#2247 = EDGE_CURVE ( 'NONE', #2472, #1124, #2512, .T. ) ;
#2248 = ORIENTED_EDGE ( 'NONE', *, *, #1414, .F. ) ;
#2249 = CARTESIAN_POINT ( 'NONE',  ( -1190.499861188218119, 1169.999999999999318, 3.673940397442059178E-15 ) ) ;
#2250 = ORIENTED_EDGE ( 'NONE', *, *, #501, .T. ) ;
#2251 = ORIENTED_EDGE ( 'NONE', *, *, #418, .F. ) ;
#2252 = AXIS2_PLACEMENT_3D ( 'NONE', #1004, #988, #2703 ) ;
#2253 = CC_DESIGN_SECURITY_CLASSIFICATION ( #1213, ( #2710 ) ) ;
#2254 = CARTESIAN_POINT ( 'NONE',  ( 14.99999999999996092, 0.000000000000000000, 10.00000000000000000 ) ) ;
#2255 = MECHANICAL_CONTEXT ( 'NONE', #2430, 'mechanical' ) ;
#2256 = LINE ( 'NONE', #1390, #907 ) ;
#2257 = CARTESIAN_POINT ( 'NONE',  ( -210.0000000000000853, -1149.999999999999773, 30.00000000000002842 ) ) ;
#2258 = ORIENTED_EDGE ( 'NONE', *, *, #1099, .T. ) ;
#2259 = CARTESIAN_POINT ( 'NONE',  ( -290.0000000000001137, -1199.999999999999773, 0.000000000000000000 ) ) ;
#2260 = LINE ( 'NONE', #1703, #31 ) ;
#2261 = PRODUCT_DEFINITION_SHAPE ( 'NONE', 'NONE',  #2711 ) ;
#2262 = DIRECTION ( 'NONE',  ( -0.000000000000000000, 0.000000000000000000, 1.000000000000000000 ) ) ;
#2263 = APPROVAL_STATUS ( 'not_yet_approved' ) ;
#2264 = VECTOR ( 'NONE', #1963, 1000.000000000000000 ) ;
#2265 = COORDINATED_UNIVERSAL_TIME_OFFSET ( 8, 0, .AHEAD. ) ;
#2266 = EDGE_CURVE ( 'NONE', #2663, #967, #2323, .T. ) ;
#2267 = FACE_OUTER_BOUND ( 'NONE', #521, .T. ) ;
#2268 = CALENDAR_DATE ( 2026, 2, 6 ) ;
#2269 = DIRECTION ( 'NONE',  ( 0.000000000000000000, 0.000000000000000000, 1.000000000000000000 ) ) ;
#2270 = LINE ( 'NONE', #2053, #2553 ) ;
#2271 = DIRECTION ( 'NONE',  ( 1.162943112386686542E-16, 1.000000000000000000, 0.000000000000000000 ) ) ;
#2272 = SECURITY_CLASSIFICATION_LEVEL ( 'unclassified' ) ;
#2273 = ORIENTED_EDGE ( 'NONE', *, *, #327, .F. ) ;
#2274 = ORIENTED_EDGE ( 'NONE', *, *, #874, .F. ) ;
#2275 = DIRECTION ( 'NONE',  ( -1.000000000000000000, 0.000000000000000000, 0.000000000000000000 ) ) ;
#2276 = ADVANCED_FACE ( 'NONE', ( #1761 ), #798, .F. ) ;
#2277 = ORIENTED_EDGE ( 'NONE', *, *, #1257, .F. ) ;
#2278 = EDGE_CURVE ( 'NONE', #101, #114, #647, .T. ) ;
#2279 = PERSON_AND_ORGANIZATION_ROLE ( 'classification_officer' ) ;
#2280 = EDGE_LOOP ( 'NONE', ( #877, #613, #1594, #766 ) ) ;
#2281 = PLANE ( 'NONE',  #2038 ) ;
#2282 = CARTESIAN_POINT ( 'NONE',  ( -100.0000000000000142, 7.999999999999989342, 64.00000000000000000 ) ) ;
#2283 = AXIS2_PLACEMENT_3D ( 'NONE', #706, #312, #954 ) ;
#2284 = LINE ( 'NONE', #2592, #2415 ) ;
#2285 = DIRECTION ( 'NONE',  ( 0.000000000000000000, 1.000000000000000000, 0.000000000000000000 ) ) ;
#2286 = ORIENTED_EDGE ( 'NONE', *, *, #902, .T. ) ;
#2287 = LINE ( 'NONE', #2379, #802 ) ;
#2288 = CC_DESIGN_PERSON_AND_ORGANIZATION_ASSIGNMENT ( #99, #1404, ( #1019 ) ) ;
#2289 = CARTESIAN_POINT ( 'NONE',  ( -188.0000000000000853, -1149.999999999999773, 809.9999999999997726 ) ) ;
#2290 = EDGE_CURVE ( 'NONE', #806, #1864, #1595, .T. ) ;
#2291 = ORIENTED_EDGE ( 'NONE', *, *, #2697, .T. ) ;
#2292 = DIRECTION ( 'NONE',  ( 0.000000000000000000, -0.000000000000000000, 1.000000000000000000 ) ) ;
#2293 = FACE_OUTER_BOUND ( 'NONE', #537, .T. ) ;
#2294 = LINE ( 'NONE', #2083, #133 ) ;
#2295 = DIRECTION ( 'NONE',  ( -1.000000000000000000, 0.000000000000000000, 0.000000000000000000 ) ) ;
#2296 = COORDINATED_UNIVERSAL_TIME_OFFSET ( 8, 0, .AHEAD. ) ;
#2297 = VECTOR ( 'NONE', #1261, 1000.000000000000000 ) ;
#2298 = LOCAL_TIME ( 14, 24, 56.00000000000000000, #8 ) ;
#2299 = AXIS2_PLACEMENT_3D ( 'NONE', #121, #2228, #2403 ) ;
#2300 = CARTESIAN_POINT ( 'NONE',  ( 219.0000000000001421, 14.24695047554427241, 49.80868809443035872 ) ) ;
#2301 = ORIENTED_EDGE ( 'NONE', *, *, #1550, .F. ) ;
#2302 = PRODUCT_RELATED_PRODUCT_CATEGORY ( 'detail', '', ( #476 ) ) ;
#2303 = DIRECTION ( 'NONE',  ( 0.000000000000000000, 0.000000000000000000, 1.000000000000000000 ) ) ;
#2304 = VERTEX_POINT ( 'NONE', #181 ) ;
#2305 = DIRECTION ( 'NONE',  ( 0.000000000000000000, 0.000000000000000000, 1.000000000000000000 ) ) ;
#2306 = EDGE_CURVE ( 'NONE', #2628, #384, #1042, .T. ) ;
#2307 = ORIENTED_EDGE ( 'NONE', *, *, #2581, .F. ) ;
#2308 = ORIENTED_EDGE ( 'NONE', *, *, #1297, .T. ) ;
#2309 = PLANE ( 'NONE',  #156 ) ;
#2310 = PLANE ( 'NONE',  #1663 ) ;
#2311 = VERTEX_POINT ( 'NONE', #399 ) ;
#2312 = ORIENTED_EDGE ( 'NONE', *, *, #2247, .F. ) ;
#2313 = PLANE ( 'NONE',  #797 ) ;
#2314 = EDGE_CURVE ( 'NONE', #2216, #2535, #1530, .T. ) ;
#2315 = LINE ( 'NONE', #888, #769 ) ;
#2316 = CARTESIAN_POINT ( 'NONE',  ( -358.0000000000000568, -107.0000000000000000, -716.1571056688609360 ) ) ;
#2317 = CC_DESIGN_SECURITY_CLASSIFICATION ( #1899, ( #2402 ) ) ;
#2318 = DIRECTION ( 'NONE',  ( 0.000000000000000000, -1.000000000000000000, -2.643388153869421297E-16 ) ) ;
#2319 = EDGE_CURVE ( 'NONE', #2435, #2138, #975, .T. ) ;
#2320 = ORIENTED_EDGE ( 'NONE', *, *, #2163, .T. ) ;
#2321 = CARTESIAN_POINT ( 'NONE',  ( -188.0000000000001705, -1120.000000000000227, 809.9999999999998863 ) ) ;
#2322 = DIRECTION ( 'NONE',  ( 1.000000000000000000, 0.000000000000000000, 0.000000000000000000 ) ) ;
#2323 = LINE ( 'NONE', #1841, #315 ) ;
#2324 = LINE ( 'NONE', #2496, #1693 ) ;
#2325 = CARTESIAN_POINT ( 'NONE',  ( 259.9999999999998863, -1120.000000000000227, 809.9999999999998863 ) ) ;
#2326 = CARTESIAN_POINT ( 'NONE',  ( -15.00000000000003730, 0.000000000000000000, 10.00000000000000000 ) ) ;
#2327 = COORDINATED_UNIVERSAL_TIME_OFFSET ( 8, 0, .AHEAD. ) ;
#2328 = VERTEX_POINT ( 'NONE', #1460 ) ;
#2329 = CIRCLE ( 'NONE', #414, 8.000000000000000000 ) ;
#2330 = PERSON_AND_ORGANIZATION ( #2340, #2519 ) ;
#2331 = EDGE_CURVE ( 'NONE', #927, #1821, #1312, .T. ) ;
#2332 = CARTESIAN_POINT ( 'NONE',  ( 14.99999999999998757, 96.00000000000000000, 830.0000000000001137 ) ) ;
#2333 = VECTOR ( 'NONE', #420, 1000.000000000000000 ) ;
#2334 = CARTESIAN_POINT ( 'NONE',  ( 14.99999999999998757, 96.00000000000000000, 830.0000000000001137 ) ) ;
#2335 = CARTESIAN_POINT ( 'NONE',  ( 2.000000000000001776, 37.00000000000000000, 840.0000000000001137 ) ) ;
#2336 = VERTEX_POINT ( 'NONE', #2503 ) ;
#2337 = VERTEX_POINT ( 'NONE', #590 ) ;
#2338 = EDGE_LOOP ( 'NONE', ( #465, #914, #572, #863 ) ) ;
#2339 = CC_DESIGN_PERSON_AND_ORGANIZATION_ASSIGNMENT ( #1048, #146, ( #1752 ) ) ;
#2340 = PERSON ( '未指定', '未指定', '未指定', ('未指定'), ('未指定'), ('未指定') ) ;
#2341 = VERTEX_POINT ( 'NONE', #2081 ) ;
#2342 = CARTESIAN_POINT ( 'NONE',  ( -290.0000000000003411, 1199.999999999999545, 869.9999999999998863 ) ) ;
#2343 = ORIENTED_EDGE ( 'NONE', *, *, #994, .F. ) ;
#2344 = DIRECTION ( 'NONE',  ( 0.000000000000000000, 1.000000000000000000, -0.000000000000000000 ) ) ;
#2345 = ADVANCED_FACE ( 'NONE', ( #189 ), #1033, .T. ) ;
#2346 = ORIENTED_EDGE ( 'NONE', *, *, #15, .F. ) ;
#2347 = EDGE_CURVE ( 'NONE', #1813, #1417, #63, .T. ) ;
#2348 = FACE_OUTER_BOUND ( 'NONE', #2201, .T. ) ;
#2349 = VERTEX_POINT ( 'NONE', #1239 ) ;
#2350 = AXIS2_PLACEMENT_3D ( 'NONE', #1210, #2508, #844 ) ;
#2351 = FACE_OUTER_BOUND ( 'NONE', #1334, .T. ) ;
#2352 = APPROVAL ( #939, '未指定' ) ;
#2353 = LINE ( 'NONE', #859, #1241 ) ;
#2354 = ADVANCED_FACE ( 'NONE', ( #741 ), #387, .F. ) ;
#2355 = DIRECTION ( 'NONE',  ( 1.000000000000000000, -2.710505431213761085E-16, 0.000000000000000000 ) ) ;
#2356 = VECTOR ( 'NONE', #183, 1000.000000000000000 ) ;
#2357 = COORDINATED_UNIVERSAL_TIME_OFFSET ( 8, 0, .AHEAD. ) ;
#2358 = CARTESIAN_POINT ( 'NONE',  ( -15.00000000000003730, 2.000000000000001776, 830.0000000000001137 ) ) ;
#2359 =( NAMED_UNIT ( * ) SI_UNIT ( $, .STERADIAN. ) SOLID_ANGLE_UNIT ( ) );
#2360 = VERTEX_POINT ( 'NONE', #1879 ) ;
#2361 = FACE_OUTER_BOUND ( 'NONE', #494, .T. ) ;
#2362 = CALENDAR_DATE ( 2026, 2, 6 ) ;
#2363 = CARTESIAN_POINT ( 'NONE',  ( -13.00000000000003730, 0.000000000000000000, 830.0000000000001137 ) ) ;
#2364 = AXIS2_PLACEMENT_3D ( 'NONE', #1150, #2211, #306 ) ;
#2365 = EDGE_LOOP ( 'NONE', ( #151, #433, #1780, #1581 ) ) ;
#2366 = CARTESIAN_POINT ( 'NONE',  ( 12.99999999999995914, 0.000000000000000000, 10.00000000000000000 ) ) ;
#2367 = ORIENTED_EDGE ( 'NONE', *, *, #1430, .T. ) ;
#2368 = ORIENTED_EDGE ( 'NONE', *, *, #615, .T. ) ;
#2369 = AXIS2_PLACEMENT_3D ( 'NONE', #933, #2626, #1546 ) ;
#2370 = DIRECTION ( 'NONE',  ( -0.000000000000000000, 0.000000000000000000, -1.000000000000000000 ) ) ;
#2371 = EDGE_LOOP ( 'NONE', ( #630, #828, #1434, #200 ) ) ;
#2372 = ORIENTED_EDGE ( 'NONE', *, *, #319, .F. ) ;
#2373 = CARTESIAN_POINT ( 'NONE',  ( 10.00000000000000000, 37.00000000000000000, 840.0000000000001137 ) ) ;
#2374 = DIRECTION ( 'NONE',  ( 0.000000000000000000, 0.000000000000000000, 1.000000000000000000 ) ) ;
#2375 = FACE_OUTER_BOUND ( 'NONE', #2108, .T. ) ;
#2376 = FACE_OUTER_BOUND ( 'NONE', #2222, .T. ) ;
#2377 = CARTESIAN_POINT ( 'NONE',  ( -13.00000000000003730, 0.000000000000000000, 10.00000000000000000 ) ) ;
#2378 = ADVANCED_FACE ( 'NONE', ( #2001 ), #1932, .T. ) ;
#2379 = CARTESIAN_POINT ( 'NONE',  ( 289.9999999999998863, -1199.999999999999773, 0.000000000000000000 ) ) ;
#2380 = AXIS2_PLACEMENT_3D ( 'NONE', #2052, #1665, #834 ) ;
#2381 = DIRECTION ( 'NONE',  ( 0.000000000000000000, 1.541976423090495633E-16, 1.000000000000000000 ) ) ;
#2382 = EDGE_LOOP ( 'NONE', ( #190, #1607, #1678, #2372, #2082, #745, #1606, #757 ) ) ;
#2383 = VECTOR ( 'NONE', #554, 1000.000000000000000 ) ;
#2384 = CARTESIAN_POINT ( 'NONE',  ( -290.0000000000001137, 795.0000000000001137, 30.00000000000000000 ) ) ;
#2385 = CIRCLE ( 'NONE', #2555, 8.000000000000000000 ) ;
#2386 = CARTESIAN_POINT ( 'NONE',  ( -290.0000000000001137, -1199.999999999999773, 30.00000000000000000 ) ) ;
#2387 = DATE_AND_TIME ( #743, #232 ) ;
#2388 = CARTESIAN_POINT ( 'NONE',  ( 259.9999999999998863, -719.9999999999997726, 30.00000000000000000 ) ) ;
#2389 = FACE_OUTER_BOUND ( 'NONE', #958, .T. ) ;
#2390 = CALENDAR_DATE ( 2026, 2, 6 ) ;
#2391 = CARTESIAN_POINT ( 'NONE',  ( 14.99999999999996092, 1.999999999999999556, 10.00000000000000000 ) ) ;
#2392 = LINE ( 'NONE', #999, #2523 ) ;
#2393 = DIRECTION ( 'NONE',  ( -1.000000000000000000, 0.000000000000000000, 0.000000000000000000 ) ) ;
#2394 = PERSON_AND_ORGANIZATION_ROLE ( 'creator' ) ;
#2395 = ORIENTED_EDGE ( 'NONE', *, *, #1039, .F. ) ;
#2396 = ADVANCED_FACE ( 'NONE', ( #1433 ), #1622, .F. ) ;
#2397 = ORIENTED_EDGE ( 'NONE', *, *, #1960, .F. ) ;
#2398 = DIRECTION ( 'NONE',  ( -1.000000000000000000, 0.000000000000000000, 0.000000000000000000 ) ) ;
#2399 = ORIENTED_EDGE ( 'NONE', *, *, #109, .F. ) ;
#2400 = PLANE ( 'NONE',  #1503 ) ;
#2401 = ORIENTED_EDGE ( 'NONE', *, *, #2651, .T. ) ;
#2402 = PRODUCT_DEFINITION_FORMATION_WITH_SPECIFIED_SOURCE ( '任何', '', #1514, .NOT_KNOWN. ) ;
#2403 = DIRECTION ( 'NONE',  ( 2.710505431213761085E-16, 1.000000000000000000, 0.000000000000000000 ) ) ;
#2404 = DIRECTION ( 'NONE',  ( 1.224646799147353207E-16, 1.500301384628590373E-16, 1.000000000000000000 ) ) ;
#2405 = EDGE_LOOP ( 'NONE', ( #2084, #1265, #632, #1031 ) ) ;
#2406 = EDGE_CURVE ( 'NONE', #821, #1124, #1727, .T. ) ;
#2407 = DIRECTION ( 'NONE',  ( 2.710505431213761085E-16, 1.000000000000000000, 0.000000000000000000 ) ) ;
#2408 = MANIFOLD_SOLID_BREP ( '切除-拉伸2', #2198 ) ;
#2409 = CARTESIAN_POINT ( 'NONE',  ( 0.000000000000000000, 0.000000000000000000, 0.000000000000000000 ) ) ;
#2410 = CARTESIAN_POINT ( 'NONE',  ( 0.000000000000000000, 0.000000000000000000, 30.00000000000000000 ) ) ;
#2411 = VECTOR ( 'NONE', #18, 1000.000000000000000 ) ;
#2412 = EDGE_CURVE ( 'NONE', #428, #599, #2353, .T. ) ;
#2413 = CARTESIAN_POINT ( 'NONE',  ( 259.9999999999998863, 1199.999999999999545, 900.0000000000000000 ) ) ;
#2414 = DIRECTION ( 'NONE',  ( -1.000000000000000000, -1.500301384628590126E-16, 1.224646799147353454E-16 ) ) ;
#2415 = VECTOR ( 'NONE', #89, 1000.000000000000000 ) ;
#2416 = CARTESIAN_POINT ( 'NONE',  ( 12.99999999999996092, 2.000000000000000000, 10.00000000000000000 ) ) ;
#2417 = VERTEX_POINT ( 'NONE', #248 ) ;
#2418 = CARTESIAN_POINT ( 'NONE',  ( -15.00000000000003730, 2.000000000000000444, 10.00000000000000000 ) ) ;
#2419 = VECTOR ( 'NONE', #1614, 1000.000000000000000 ) ;
#2420 = LINE ( 'NONE', #2562, #2637 ) ;
#2421 = SECURITY_CLASSIFICATION_LEVEL ( 'unclassified' ) ;
#2422 = APPROVAL ( #2686, 'UNKNOWN' ) ;
#2423 = VECTOR ( 'NONE', #810, 1000.000000000000000 ) ;
#2424 = DATE_AND_TIME ( #263, #2622 ) ;
#2425 = CARTESIAN_POINT ( 'NONE',  ( 259.9999999999998863, 0.000000000000000000, 869.9999999999998863 ) ) ;
#2426 = VECTOR ( 'NONE', #2058, 1000.000000000000000 ) ;
#2427 = LOCAL_TIME ( 14, 24, 56.00000000000000000, #1739 ) ;
#2428 = VECTOR ( 'NONE', #689, 1000.000000000000000 ) ;
#2429 = PLANE ( 'NONE',  #523 ) ;
#2430 = APPLICATION_CONTEXT ( 'configuration controlled 3d designs of mechanical parts and assemblies' ) ;
#2431 = EDGE_CURVE ( 'NONE', #66, #2336, #676, .T. ) ;
#2432 = EDGE_LOOP ( 'NONE', ( #220, #287, #1242, #323 ) ) ;
#2433 = ORIENTED_EDGE ( 'NONE', *, *, #199, .F. ) ;
#2434 = CARTESIAN_POINT ( 'NONE',  ( 980.6247289678586867, -919.9999999999998863, 90.00000000000000000 ) ) ;
#2435 = VERTEX_POINT ( 'NONE', #631 ) ;
#2436 = VERTEX_POINT ( 'NONE', #1680 ) ;
#2437 = CC_DESIGN_APPROVAL ( #2012, ( #2114 ) ) ;
#2438 = VERTEX_POINT ( 'NONE', #1070 ) ;
#2439 = DATE_TIME_ROLE ( 'classification_date' ) ;
#2440 = EDGE_CURVE ( 'NONE', #1511, #2438, #2230, .T. ) ;
#2441 = LINE ( 'NONE', #913, #1200 ) ;
#2442 = VECTOR ( 'NONE', #1202, 1000.000000000000000 ) ;
#2443 = EDGE_CURVE ( 'NONE', #823, #2138, #2675, .T. ) ;
#2444 = DIRECTION ( 'NONE',  ( 0.000000000000000000, -1.000000000000000000, 0.000000000000000000 ) ) ;
#2445 = VECTOR ( 'NONE', #1815, 1000.000000000000000 ) ;
#2446 = EDGE_CURVE ( 'NONE', #54, #1418, #1143, .T. ) ;
#2447 = ORIENTED_EDGE ( 'NONE', *, *, #2018, .F. ) ;
#2448 = LINE ( 'NONE', #258, #1147 ) ;
#2449 = COORDINATED_UNIVERSAL_TIME_OFFSET ( 8, 0, .AHEAD. ) ;
#2450 = CC_DESIGN_DATE_AND_TIME_ASSIGNMENT ( #134, #2439, ( #998 ) ) ;
#2451 = LINE ( 'NONE', #2670, #1114 ) ;
#2452 = DIRECTION ( 'NONE',  ( 1.000000000000000000, 1.040834085586084257E-16, -0.000000000000000000 ) ) ;
#2453 = APPROVAL_DATE_TIME ( #1907, #800 ) ;
#2454 = APPROVAL_ROLE ( '' ) ;
#2455 = LINE ( 'NONE', #2068, #2297 ) ;
#2456 = ORIENTED_EDGE ( 'NONE', *, *, #2552, .T. ) ;
#2457 = DIRECTION ( 'NONE',  ( 0.000000000000000000, 1.000000000000000000, 0.000000000000000000 ) ) ;
#2458 = ORIENTED_EDGE ( 'NONE', *, *, #1526, .F. ) ;
#2459 = EDGE_CURVE ( 'NONE', #996, #707, #450, .T. ) ;
#2460 = CARTESIAN_POINT ( 'NONE',  ( 259.9999999999998863, 0.000000000000000000, 869.9999999999998863 ) ) ;
#2461 = EDGE_LOOP ( 'NONE', ( #14, #1517, #1917, #2399 ) ) ;
#2462 = ORIENTED_EDGE ( 'NONE', *, *, #1855, .T. ) ;
#2463 = CARTESIAN_POINT ( 'NONE',  ( 357.9999999999999432, -76.99999999999995737, 0.000000000000000000 ) ) ;
#2464 = PERSON_AND_ORGANIZATION_ROLE ( 'design_supplier' ) ;
#2465 = VERTEX_POINT ( 'NONE', #241 ) ;
#2466 = VERTEX_POINT ( 'NONE', #230 ) ;
#2467 = AXIS2_PLACEMENT_3D ( 'NONE', #2123, #33, #244 ) ;
#2468 = DIRECTION ( 'NONE',  ( 1.000000000000000000, 0.000000000000000000, 0.000000000000000000 ) ) ;
#2469 = PRODUCT_RELATED_PRODUCT_CATEGORY ( 'detail', '', ( #237 ) ) ;
#2470 = DIRECTION ( 'NONE',  ( -1.000000000000000000, 1.162943112386686542E-16, 0.000000000000000000 ) ) ;
#2471 = FACE_OUTER_BOUND ( 'NONE', #602, .T. ) ;
#2472 = VERTEX_POINT ( 'NONE', #19 ) ;
#2473 = DIRECTION ( 'NONE',  ( 0.000000000000000000, 0.000000000000000000, -1.000000000000000000 ) ) ;
#2474 = FACE_OUTER_BOUND ( 'NONE', #1076, .T. ) ;
#2475 = CARTESIAN_POINT ( 'NONE',  ( 340.0000000000000000, -60.99999999999995737, 0.000000000000000000 ) ) ;
#2476 = ORIENTED_EDGE ( 'NONE', *, *, #1091, .F. ) ;
#2477 = VECTOR ( 'NONE', #1909, 1000.000000000000000 ) ;
#2478 =( REPRESENTATION_RELATIONSHIP ('NONE','NONE', #1798, #1741 ) REPRESENTATION_RELATIONSHIP_WITH_TRANSFORMATION ( #316 )SHAPE_REPRESENTATION_RELATIONSHIP( ) );
#2479 = APPROVAL_PERSON_ORGANIZATION ( #1535, #699, #573 ) ;
#2480 = AXIS2_PLACEMENT_3D ( 'NONE', #2516, #2490, #207 ) ;
#2481 = PLANE ( 'NONE',  #2591 ) ;
#2482 = DIRECTION ( 'NONE',  ( -2.710505431213761085E-16, -1.000000000000000000, -0.000000000000000000 ) ) ;
#2483 = VECTOR ( 'NONE', #1016, 1000.000000000000000 ) ;
#2485 = EDGE_LOOP ( 'NONE', ( #1674, #362, #1157, #1848, #2368, #1833, #1547, #648, #1784, #30 ) ) ;
#2484 = APPROVAL_PERSON_ORGANIZATION ( #1599, #1696, #2658 ) ;
#2486 = SECURITY_CLASSIFICATION ( '', '', #382 ) ;
#2487 = DIRECTION ( 'NONE',  ( -1.000000000000000000, 0.000000000000000000, 0.000000000000000000 ) ) ;
#2488 = FACE_OUTER_BOUND ( 'NONE', #700, .T. ) ;
#2489 = COORDINATED_UNIVERSAL_TIME_OFFSET ( 8, 0, .AHEAD. ) ;
#2490 = DIRECTION ( 'NONE',  ( 0.000000000000000000, 1.000000000000000000, 2.643388153869421297E-16 ) ) ;
#2491 = DIRECTION ( 'NONE',  ( 1.000000000000000000, 0.000000000000000000, 0.000000000000000000 ) ) ;
#2492 = ORIENTED_EDGE ( 'NONE', *, *, #77, .F. ) ;
#2493 = CARTESIAN_POINT ( 'NONE',  ( -13.00000000000003730, 2.000000000000001776, 840.0000000000001137 ) ) ;
#2494 = ORIENTED_EDGE ( 'NONE', *, *, #906, .F. ) ;
#2495 = EDGE_LOOP ( 'NONE', ( #1774, #993, #2051, #2447 ) ) ;
#2496 = CARTESIAN_POINT ( 'NONE',  ( 14.99999999999998757, 96.00000000000000000, 10.00000000000000000 ) ) ;
#2497 = DIRECTION ( 'NONE',  ( 0.000000000000000000, 0.000000000000000000, 1.000000000000000000 ) ) ;
#2498 = ORIENTED_EDGE ( 'NONE', *, *, #222, .F. ) ;
#2499 = AXIS2_PLACEMENT_3D ( 'NONE', #2409, #1371, #1563 ) ;
#2500 = ORIENTED_EDGE ( 'NONE', *, *, #1692, .F. ) ;
#2501 = ORIENTED_EDGE ( 'NONE', *, *, #2306, .T. ) ;
#2502 = DIRECTION ( 'NONE',  ( -0.000000000000000000, 1.000000000000000000, -0.000000000000000000 ) ) ;
#2503 = CARTESIAN_POINT ( 'NONE',  ( 2.000000000000001776, 37.00000000000000000, 10.00000000000000000 ) ) ;
#2504 = ADVANCED_FACE ( 'NONE', ( #578 ), #1296, .F. ) ;
#2505 = PLANE ( 'NONE',  #1303 ) ;
#2506 = LINE ( 'NONE', #1578, #511 ) ;
#2507 = VECTOR ( 'NONE', #586, 1000.000000000000000 ) ;
#2508 = DIRECTION ( 'NONE',  ( -0.000000000000000000, 0.000000000000000000, -1.000000000000000000 ) ) ;
#2509 = CARTESIAN_POINT ( 'NONE',  ( -210.0000000000000853, 0.000000000000000000, 0.000000000000000000 ) ) ;
#2510 = VERTEX_POINT ( 'NONE', #42 ) ;
#2511 = DIRECTION ( 'NONE',  ( -0.000000000000000000, 0.000000000000000000, -1.000000000000000000 ) ) ;
#2512 = LINE ( 'NONE', #1830, #709 ) ;
#2513 = CARTESIAN_POINT ( 'NONE',  ( 12.99999999999995914, 0.000000000000000000, 0.000000000000000000 ) ) ;
#2514 = VECTOR ( 'NONE', #1542, 1000.000000000000000 ) ;
#2515 = EDGE_CURVE ( 'NONE', #1814, #169, #2260, .T. ) ;
#2516 = CARTESIAN_POINT ( 'NONE',  ( 1100.535543567313880, 795.0000000000001137, 30.00000000000000000 ) ) ;
#2517 = LOCAL_TIME ( 14, 24, 56.00000000000000000, #2449 ) ;
#2518 = VECTOR ( 'NONE', #729, 1000.000000000000114 ) ;
#2519 = ORGANIZATION ( '未指定', '未指定', '' ) ;
#2520 = AXIS2_PLACEMENT_3D ( 'NONE', #1420, #2468, #363 ) ;
#2521 = CARTESIAN_POINT ( 'NONE',  ( -339.9999999999999432, -60.99999999999995737, -229.4999999999999716 ) ) ;
#2522 = DIRECTION ( 'NONE',  ( 0.000000000000000000, 0.000000000000000000, 1.000000000000000000 ) ) ;
#2523 = VECTOR ( 'NONE', #396, 1000.000000000000000 ) ;
#2524 = VECTOR ( 'NONE', #1103, 1000.000000000000000 ) ;
#2525 = ORIENTED_EDGE ( 'NONE', *, *, #753, .F. ) ;
#2526 = APPROVAL ( #1502, 'UNKNOWN' ) ;
#2527 = EDGE_LOOP ( 'NONE', ( #2604, #2476, #887, #1497 ) ) ;
#2528 = DIRECTION ( 'NONE',  ( 1.000000000000000000, -1.211399075402798533E-16, 0.000000000000000000 ) ) ;
#2529 = CARTESIAN_POINT ( 'NONE',  ( 14.99999999999996092, 0.000000000000000000, 830.0000000000001137 ) ) ;
#2530 = ORIENTED_EDGE ( 'NONE', *, *, #1892, .F. ) ;
#2531 = PLANE ( 'NONE',  #106 ) ;
#2532 = ORIENTED_EDGE ( 'NONE', *, *, #1445, .F. ) ;
#2533 = EDGE_CURVE ( 'NONE', #1289, #601, #1627, .T. ) ;
#2534 = CARTESIAN_POINT ( 'NONE',  ( 357.9999999999999432, -92.00000000000000000, 0.000000000000000000 ) ) ;
#2535 = VERTEX_POINT ( 'NONE', #453 ) ;
#2536 = DIRECTION ( 'NONE',  ( 0.000000000000000000, 1.000000000000000000, -1.541976423090495633E-16 ) ) ;
#2537 = AXIS2_PLACEMENT_3D ( 'NONE', #2334, #2344, #1295 ) ;
#2538 = CARTESIAN_POINT ( 'NONE',  ( 259.9999999999998863, -749.9999999999997726, 809.9999999999998863 ) ) ;
#2539 = VECTOR ( 'NONE', #558, 1000.000000000000000 ) ;
#2540 = CARTESIAN_POINT ( 'NONE',  ( -358.0000000000000000, -76.99999999999991473, -247.5000000000000000 ) ) ;
#2541 = CC_DESIGN_APPROVAL ( #2352, ( #2078 ) ) ;
#2542 = VERTEX_POINT ( 'NONE', #664 ) ;
#2543 = LINE ( 'NONE', #1976, #1370 ) ;
#2544 = ADVANCED_FACE ( 'NONE', ( #516 ), #2111, .F. ) ;
#2545 = VECTOR ( 'NONE', #2482, 1000.000000000000000 ) ;
#2546 = DIRECTION ( 'NONE',  ( 1.000000000000000000, -1.211399075402798533E-16, -0.000000000000000000 ) ) ;
#2547 = CARTESIAN_POINT ( 'NONE',  ( 99.99999999999998579, 3.999999999999989786, 34.19375152513431004 ) ) ;
#2548 = ORGANIZATION ( 'NAUO-ORG2', 'UNSPECIFIED', 'UNSPECIFIED' ) ;
#2549 = CARTESIAN_POINT ( 'NONE',  ( -358.0000000000000000, 23.00000000000008882, -247.5000000000000000 ) ) ;
#2550 = FACE_OUTER_BOUND ( 'NONE', #2567, .T. ) ;
#2551 = CALENDAR_DATE ( 2026, 2, 6 ) ;
#2552 = EDGE_CURVE ( 'NONE', #2657, #428, #2615, .T. ) ;
#2553 = VECTOR ( 'NONE', #2444, 1000.000000000000000 ) ;
#2554 = DATE_AND_TIME ( #1873, #2239 ) ;
#2555 = AXIS2_PLACEMENT_3D ( 'NONE', #466, #1499, #1299 ) ;
#2556 = CARTESIAN_POINT ( 'NONE',  ( 259.9999999999998863, -919.9999999999998863, 90.00000000000000000 ) ) ;
#2557 = DIRECTION ( 'NONE',  ( 0.000000000000000000, -2.643388153869420804E-16, 1.000000000000000000 ) ) ;
#2558 = ADVANCED_FACE ( 'NONE', ( #2061 ), #2310, .F. ) ;
#2559 = CC_DESIGN_SECURITY_CLASSIFICATION ( #2114, ( #2712 ) ) ;
#2560 = PRODUCT ( '板', '板', '', ( #2017 ) ) ;
#2561 = ORIENTED_EDGE ( 'NONE', *, *, #1736, .T. ) ;
#2562 = CARTESIAN_POINT ( 'NONE',  ( -9.999999999999996447, 6.999999999999999112, 840.0000000000001137 ) ) ;
#2563 = EDGE_CURVE ( 'NONE', #1411, #1093, #1206, .T. ) ;
#2564 = ORIENTED_EDGE ( 'NONE', *, *, #2431, .T. ) ;
#2565 = CARTESIAN_POINT ( 'NONE',  ( 259.9999999999998863, -749.9999999999997726, 90.00000000000000000 ) ) ;
#2566 = CARTESIAN_POINT ( 'NONE',  ( -13.00000000000003730, 0.000000000000000000, 10.00000000000000000 ) ) ;
#2567 = EDGE_LOOP ( 'NONE', ( #919, #1360, #1030, #1628, #691, #56, #1676, #78 ) ) ;
#2568 = ORIENTED_EDGE ( 'NONE', *, *, #2071, .T. ) ;
#2569 = EDGE_CURVE ( 'NONE', #1057, #2341, #614, .T. ) ;
#2570 = DIRECTION ( 'NONE',  ( -1.000000000000000000, 1.162943112386686542E-16, 0.000000000000000000 ) ) ;
#2571 = CARTESIAN_POINT ( 'NONE',  ( 259.9999999999998863, 765.0000000000001137, 30.00000000000002842 ) ) ;
#2572 = EDGE_CURVE ( 'NONE', #2465, #1864, #1560, .T. ) ;
#2573 = AXIS2_PLACEMENT_3D ( 'NONE', #1827, #178, #373 ) ;
#2574 = LINE ( 'NONE', #1722, #21 ) ;
#2575 = LINE ( 'NONE', #188, #841 ) ;
#2576 = CARTESIAN_POINT ( 'NONE',  ( -9.714451465470121701E-16, 8.000000000000001776, 64.00000000000000000 ) ) ;
#2577 = CARTESIAN_POINT ( 'NONE',  ( -290.0000000000001137, -1149.999999999999773, 30.00000000000002842 ) ) ;
#2578 = CC_DESIGN_DATE_AND_TIME_ASSIGNMENT ( #2685, #1602, ( #1752 ) ) ;
#2579 = CARTESIAN_POINT ( 'NONE',  ( 12.99999999999996092, 2.000000000000000000, 10.00000000000000000 ) ) ;
#2580 = FACE_OUTER_BOUND ( 'NONE', #122, .T. ) ;
#2581 = EDGE_CURVE ( 'NONE', #2244, #607, #2134, .T. ) ;
#2582 = VERTEX_POINT ( 'NONE', #470 ) ;
#2583 = VECTOR ( 'NONE', #1132, 1000.000000000000000 ) ;
#2584 = COORDINATED_UNIVERSAL_TIME_OFFSET ( 8, 0, .AHEAD. ) ;
#2585 = CARTESIAN_POINT ( 'NONE',  ( 339.9999999999999432, -60.99999999999995737, -229.5000000000000284 ) ) ;
#2586 = ADVANCED_FACE ( 'NONE', ( #1671 ), #1945, .F. ) ;
#2587 = VECTOR ( 'NONE', #2605, 1000.000000000000000 ) ;
#2588 = SHAPE_DEFINITION_REPRESENTATION ( #1592, #2603 ) ;
#2589 = CARTESIAN_POINT ( 'NONE',  ( -188.0000000000001705, -919.9999999999997726, 809.9999999999998863 ) ) ;
#2590 = SHAPE_REPRESENTATION_RELATIONSHIP ( 'NONE' , 'NONE' ,  #1741, #372 ) ;
#2591 = AXIS2_PLACEMENT_3D ( 'NONE', #1868, #180, #2099 ) ;
#2592 = CARTESIAN_POINT ( 'NONE',  ( -15.00000000000003730, 2.000000000000001776, 830.0000000000001137 ) ) ;
#2593 = DIRECTION ( 'NONE',  ( -1.000000000000000000, 0.000000000000000000, 0.000000000000000000 ) ) ;
#2594 = ORIENTED_EDGE ( 'NONE', *, *, #1423, .F. ) ;
#2595 = EDGE_CURVE ( 'NONE', #2535, #2695, #1478, .T. ) ;
#2596 = CC_DESIGN_DATE_AND_TIME_ASSIGNMENT ( #356, #1999, ( #862 ) ) ;
#2597 = PLANE ( 'NONE',  #1809 ) ;
#2598 = EDGE_LOOP ( 'NONE', ( #2149, #789, #211, #1205 ) ) ;
#2599 = DIRECTION ( 'NONE',  ( -1.000000000000000000, 0.000000000000000000, 0.000000000000000000 ) ) ;
#2600 = ORIENTED_EDGE ( 'NONE', *, *, #2183, .T. ) ;
#2601 = ORIENTED_EDGE ( 'NONE', *, *, #148, .F. ) ;
#2602 = DIRECTION ( 'NONE',  ( -1.040834085586084257E-16, 1.000000000000000000, 0.000000000000000000 ) ) ;
#2603 = SHAPE_REPRESENTATION ( '06', ( #1952 ), #1523 ) ;
#2604 = ORIENTED_EDGE ( 'NONE', *, *, #542, .F. ) ;
#2605 = DIRECTION ( 'NONE',  ( -0.000000000000000000, -0.000000000000000000, -1.000000000000000000 ) ) ;
#2606 = DIRECTION ( 'NONE',  ( 0.000000000000000000, -0.000000000000000000, 1.000000000000000000 ) ) ;
#2607 = DESIGN_CONTEXT ( 'detailed design', #2229, 'design' ) ;
#2608 = VECTOR ( 'NONE', #2624, 1000.000000000000000 ) ;
#2609 = EDGE_CURVE ( 'NONE', #2000, #2668, #1539, .T. ) ;
#2610 = DIRECTION ( 'NONE',  ( 0.000000000000000000, 0.000000000000000000, 1.000000000000000000 ) ) ;
#2611 = ORIENTED_EDGE ( 'NONE', *, *, #1526, .T. ) ;
#2612 = CIRCLE ( 'NONE', #1949, 8.000000000000007105 ) ;
#2613 = AXIS2_PLACEMENT_3D ( 'NONE', #1314, #274, #1112 ) ;
#2614 = DIRECTION ( 'NONE',  ( 0.000000000000000000, 0.000000000000000000, 1.000000000000000000 ) ) ;
#2615 = LINE ( 'NONE', #427, #2197 ) ;
#2616 = CALENDAR_DATE ( 2026, 2, 6 ) ;
#2617 = SECURITY_CLASSIFICATION ( '', '', #2060 ) ;
#2618 = VECTOR ( 'NONE', #1740, 1000.000000000000000 ) ;
#2619 = CARTESIAN_POINT ( 'NONE',  ( 14.99999999999998757, 96.00000000000000000, 830.0000000000001137 ) ) ;
#2620 = LOCAL_TIME ( 14, 24, 56.00000000000000000, #1315 ) ;
#2621 = LINE ( 'NONE', #865, #2587 ) ;
#2622 = LOCAL_TIME ( 14, 24, 56.00000000000000000, #525 ) ;
#2623 = LINE ( 'NONE', #1610, #749 ) ;
#2624 = DIRECTION ( 'NONE',  ( 1.000000000000000000, 0.000000000000000000, 0.000000000000000000 ) ) ;
#2625 = LOCAL_TIME ( 14, 24, 56.00000000000000000, #1350 ) ;
#2626 = DIRECTION ( 'NONE',  ( 0.000000000000000000, 0.000000000000000000, 1.000000000000000000 ) ) ;
#2627 = DIRECTION ( 'NONE',  ( -1.000000000000000000, 0.000000000000000000, 0.000000000000000000 ) ) ;
#2628 = VERTEX_POINT ( 'NONE', #496 ) ;
#2629 =( REPRESENTATION_RELATIONSHIP ('NONE','NONE', #1798, #1741 ) REPRESENTATION_RELATIONSHIP_WITH_TRANSFORMATION ( #385 )SHAPE_REPRESENTATION_RELATIONSHIP( ) );
#2630 = CC_DESIGN_APPROVAL ( #800, ( #862 ) ) ;
#2631 = CARTESIAN_POINT ( 'NONE',  ( 980.6247289678586867, -950.0000000000000000, 809.9999999999998863 ) ) ;
#2632 = APPLICATION_PROTOCOL_DEFINITION ( 'international standard', 'config_control_design', 1994, #1145 ) ;
#2633 = EDGE_LOOP ( 'NONE', ( #653, #1343, #1624, #1062 ) ) ;
#2634 = DIRECTION ( 'NONE',  ( 0.000000000000000000, 0.000000000000000000, 1.000000000000000000 ) ) ;
#2635 = ORIENTED_EDGE ( 'NONE', *, *, #1890, .T. ) ;
#2636 = CARTESIAN_POINT ( 'NONE',  ( 2.000000000000001776, 28.99999999999999645, 840.0000000000001137 ) ) ;
#2637 = VECTOR ( 'NONE', #291, 1000.000000000000000 ) ;
#2638 = EDGE_CURVE ( 'NONE', #1997, #823, #1187, .T. ) ;
#2639 = CARTESIAN_POINT ( 'NONE',  ( -15.00000000000001243, 96.00000000000000000, 840.0000000000001137 ) ) ;
#2640 = PERSON_AND_ORGANIZATION_ROLE ( 'classification_officer' ) ;
#2641 = VECTOR ( 'NONE', #62, 1000.000000000000000 ) ;
#2642 = AXIS2_PLACEMENT_3D ( 'NONE', #386, #2080, #818 ) ;
#2643 = CARTESIAN_POINT ( 'NONE',  ( 14.99999999999996092, 1.999999999999999556, 840.0000000000001137 ) ) ;
#2644 = VERTEX_POINT ( 'NONE', #75 ) ;
#2645 = AXIS2_PLACEMENT_3D ( 'NONE', #2039, #570, #1415 ) ;
#2646 = DIRECTION ( 'NONE',  ( -1.000000000000000000, 0.000000000000000000, 0.000000000000000000 ) ) ;
#2647 = CIRCLE ( 'NONE', #2150, 2.000000000000000000 ) ;
#2648 = CARTESIAN_POINT ( 'NONE',  ( -188.0000000000000853, -1149.999999999999773, 89.99999999999998579 ) ) ;
#2649 = APPLICATION_CONTEXT ( 'configuration controlled 3d designs of mechanical parts and assemblies' ) ;
#2650 = CIRCLE ( 'NONE', #1195, 8.000000000000000000 ) ;
#2651 = EDGE_CURVE ( 'NONE', #790, #2644, #1603, .T. ) ;
#2652 = DATE_AND_TIME ( #197, #321 ) ;
#2653 = CARTESIAN_POINT ( 'NONE',  ( 357.9999999999999432, -107.0000000000000000, -716.1571056688609360 ) ) ;
#2654 = VECTOR ( 'NONE', #1871, 1000.000000000000000 ) ;
#2655 = CALENDAR_DATE ( 2026, 2, 6 ) ;
#2656 = DIRECTION ( 'NONE',  ( -0.000000000000000000, -0.000000000000000000, 1.000000000000000000 ) ) ;
#2657 = VERTEX_POINT ( 'NONE', #1095 ) ;
#2658 = APPROVAL_ROLE ( '' ) ;
#2659 = ORIENTED_EDGE ( 'NONE', *, *, #300, .F. ) ;
#2660 = EDGE_CURVE ( 'NONE', #788, #1362, #1702, .T. ) ;
#2661 = ORIENTED_EDGE ( 'NONE', *, *, #1008, .T. ) ;
#2662 = ORIENTED_EDGE ( 'NONE', *, *, #1257, .T. ) ;
#2663 = VERTEX_POINT ( 'NONE', #1754 ) ;
#2664 = EDGE_LOOP ( 'NONE', ( #1994, #48, #960, #1317 ) ) ;
#2665 = CARTESIAN_POINT ( 'NONE',  ( -188.0000000000000853, -749.9999999999997726, 809.9999999999997726 ) ) ;
#2666 = CARTESIAN_POINT ( 'NONE',  ( 259.9999999999998863, 765.0000000000001137, 30.00000000000002842 ) ) ;
#2667 = ORIENTED_EDGE ( 'NONE', *, *, #527, .F. ) ;
#2668 = VERTEX_POINT ( 'NONE', #1712 ) ;
#2669 = LINE ( 'NONE', #2122, #410 ) ;
#2670 = CARTESIAN_POINT ( 'NONE',  ( 99.99999999999998579, 16.00000000000001421, 64.00000000000000000 ) ) ;
#2671 = DIRECTION ( 'NONE',  ( -0.000000000000000000, 0.000000000000000000, -1.000000000000000000 ) ) ;
#2672 = PERSON_AND_ORGANIZATION_ROLE ( 'design_owner' ) ;
#2673 = DATE_TIME_ROLE ( 'classification_date' ) ;
#2674 = ORIENTED_EDGE ( 'NONE', *, *, #1962, .T. ) ;
#2675 = CIRCLE ( 'NONE', #546, 2.000000000000000000 ) ;
#2676 = AXIS2_PLACEMENT_3D ( 'NONE', #2115, #1044, #822 ) ;
#2677 = CARTESIAN_POINT ( 'NONE',  ( 14.99999999999998757, 96.00000000000000000, 10.00000000000000000 ) ) ;
#2678 = DATE_AND_TIME ( #2200, #1965 ) ;
#2679 = LINE ( 'NONE', #666, #484 ) ;
#2680 = EDGE_CURVE ( 'NONE', #1559, #1161, #1742, .T. ) ;
#2681 = CC_DESIGN_PERSON_AND_ORGANIZATION_ASSIGNMENT ( #1537, #509, ( #1989 ) ) ;
#2682 = DIRECTION ( 'NONE',  ( 1.000000000000000000, 4.336808689942017120E-17, 0.000000000000000000 ) ) ;
#2683 = LINE ( 'NONE', #801, #1600 ) ;
#2684 = CARTESIAN_POINT ( 'NONE',  ( -210.0000000000000853, -1149.999999999999773, 809.9999999999997726 ) ) ;
#2685 = DATE_AND_TIME ( #2390, #1083 ) ;
#2686 = APPROVAL_STATUS ( 'not_yet_approved' ) ;
#2687 = LINE ( 'NONE', #1231, #136 ) ;
#2688 = SHAPE_DEFINITION_REPRESENTATION ( #1726, #1741 ) ;
#2689 = DIRECTION ( 'NONE',  ( 0.000000000000000000, -0.000000000000000000, 1.000000000000000000 ) ) ;
#2690 = DIRECTION ( 'NONE',  ( -0.000000000000000000, -0.000000000000000000, -1.000000000000000000 ) ) ;
#2691 = ORIENTED_EDGE ( 'NONE', *, *, #1204, .T. ) ;
#2692 = ORIENTED_EDGE ( 'NONE', *, *, #260, .F. ) ;
#2693 = CARTESIAN_POINT ( 'NONE',  ( 259.9999999999998863, 795.0000000000001137, 30.00000000000000000 ) ) ;
#2694 = UNCERTAINTY_MEASURE_WITH_UNIT (LENGTH_MEASURE( 1.000000000000000082E-05 ), #1934, 'distance_accuracy_value', 'NONE');
#2695 = VERTEX_POINT ( 'NONE', #1123 ) ;
#2696 = CARTESIAN_POINT ( 'NONE',  ( -210.0000000000000853, -1149.999999999999773, 30.00000000000002842 ) ) ;
#2697 = EDGE_CURVE ( 'NONE', #1120, #302, #985, .T. ) ;
#2698 =( REPRESENTATION_RELATIONSHIP ('NONE','NONE', #1798, #842 ) REPRESENTATION_RELATIONSHIP_WITH_TRANSFORMATION ( #1801 )SHAPE_REPRESENTATION_RELATIONSHIP( ) );
#2699 = EDGE_LOOP ( 'NONE', ( #1951, #500, #1569, #2167, #2307, #261 ) ) ;
#2700 = CARTESIAN_POINT ( 'NONE',  ( 10.00000000000000000, 37.00000000000000000, 10.00000000000000000 ) ) ;
#2701 = DIRECTION ( 'NONE',  ( 0.000000000000000000, 0.000000000000000000, -1.000000000000000000 ) ) ;
#2702 = ORIENTED_EDGE ( 'NONE', *, *, #2278, .T. ) ;
#2703 = DIRECTION ( 'NONE',  ( 0.000000000000000000, 0.000000000000000000, 1.000000000000000000 ) ) ;
#2704 = VERTEX_POINT ( 'NONE', #672 ) ;
#2705 = CARTESIAN_POINT ( 'NONE',  ( 259.9999999999998863, 1169.999999999999318, 3.673940397442059178E-15 ) ) ;
#2706 = CIRCLE ( 'NONE', #2642, 8.000000000000007105 ) ;
#2707 = CARTESIAN_POINT ( 'NONE',  ( 2.000000000000001776, 28.99999999999999645, 830.0000000000001137 ) ) ;
#2708 = VECTOR ( 'NONE', #2003, 1000.000000000000000 ) ;
#2709 = NEXT_ASSEMBLY_USAGE_OCCURRENCE ( 'NAUO1', ' ', ' ', #862, #1752, $ ) ;
#2710 = NEXT_ASSEMBLY_USAGE_OCCURRENCE ( 'NAUO2', ' ', ' ', #862, #900, $ ) ;
#2711 = NEXT_ASSEMBLY_USAGE_OCCURRENCE ( 'NAUO3', ' ', ' ', #862, #900, $ ) ;
#2712 = NEXT_ASSEMBLY_USAGE_OCCURRENCE ( 'NAUO4', ' ', ' ', #862, #1989, $ ) ;
ENDSEC;
END-ISO-10303-21;
