ISO-10303-21;
HEADER;
FILE_DESCRIPTION (( 'STEP AP203' ),
    '1' );
FILE_NAME ('柜09.STEP',
    '2026-06-02T06:42:54',
    ( 'Windows 用户' ),
    ( 'Microsoft' ),
    'SwSTEP 2.0',
    'SolidWorks 2018',
    '' );
FILE_SCHEMA (( 'CONFIG_CONTROL_DESIGN' ));
ENDSEC;

DATA;
#1 = DIRECTION ( 'NONE',  ( 1.000000000000000000, 0.000000000000000000, 0.000000000000000000 ) ) ;
#2 = AXIS2_PLACEMENT_3D ( 'NONE', #2338, #1464, #1245 ) ;
#3 = ORIENTED_EDGE ( 'NONE', *, *, #2530, .F. ) ;
#4 = VECTOR ( 'NONE', #1762, 1000.000000000000000 ) ;
#5 = DIRECTION ( 'NONE',  ( 0.000000000000000000, -0.000000000000000000, 1.000000000000000000 ) ) ;
#6 = CARTESIAN_POINT ( 'NONE',  ( 99.99999999999998579, 3.999999999999989786, 34.19375152513431004 ) ) ;
#7 = CARTESIAN_POINT ( 'NONE',  ( -1.999999999999999112, 28.99999999999999645, 830.0000000000001137 ) ) ;
#8 = DIRECTION ( 'NONE',  ( 1.000000000000000000, 0.000000000000000000, 0.000000000000000000 ) ) ;
#9 = LINE ( 'NONE', #1129, #1726 ) ;
#10 = DIRECTION ( 'NONE',  ( -0.000000000000000000, -0.000000000000000000, -1.000000000000000000 ) ) ;
#11 = LINE ( 'NONE', #334, #1629 ) ;
#12 = CARTESIAN_POINT ( 'NONE',  ( 0.000000000000000000, -1120.000000000000000, 30.00000000000000000 ) ) ;
#13 = DATE_AND_TIME ( #2409, #192 ) ;
#14 = CARTESIAN_POINT ( 'NONE',  ( 259.9999999999998863, 1169.999999999999318, 30.00000000000000000 ) ) ;
#15 = EDGE_CURVE ( 'NONE', #579, #1604, #179, .T. ) ;
#16 = LOCAL_TIME ( 14, 42, 54.00000000000000000, #591 ) ;
#17 = FACE_OUTER_BOUND ( 'NONE', #2246, .T. ) ;
#18 = EDGE_CURVE ( 'NONE', #2671, #489, #1332, .T. ) ;
#19 = EDGE_LOOP ( 'NONE', ( #2466, #2263, #1124, #837 ) ) ;
#20 = DIRECTION ( 'NONE',  ( 0.000000000000000000, -1.000000000000000000, 7.709882115452479399E-17 ) ) ;
#21 = APPLICATION_PROTOCOL_DEFINITION ( 'international standard', 'config_control_design', 1994, #54 ) ;
#22 = PERSON_AND_ORGANIZATION ( #178, #1059 ) ;
#23 = ORIENTED_EDGE ( 'NONE', *, *, #452, .T. ) ;
#24 = ORIENTED_EDGE ( 'NONE', *, *, #209, .T. ) ;
#25 = CARTESIAN_POINT ( 'NONE',  ( 1100.535543567313880, 794.9999999999998863, 869.9999999999998863 ) ) ;
#26 = CARTESIAN_POINT ( 'NONE',  ( 14.99999999999996092, 0.000000000000000000, 10.00000000000000000 ) ) ;
#27 = DIRECTION ( 'NONE',  ( 0.000000000000000000, -0.000000000000000000, 1.000000000000000000 ) ) ;
#28 = DIRECTION ( 'NONE',  ( 0.000000000000000000, -0.000000000000000000, -1.000000000000000000 ) ) ;
#29 = PERSON_AND_ORGANIZATION_ROLE ( 'creator' ) ;
#30 = VECTOR ( 'NONE', #1480, 1000.000000000000000 ) ;
#31 = PLANE ( 'NONE',  #1954 ) ;
#32 = FACE_OUTER_BOUND ( 'NONE', #444, .T. ) ;
#33 = DIRECTION ( 'NONE',  ( 0.000000000000000000, 0.000000000000000000, 1.000000000000000000 ) ) ;
#34 = ORIENTED_EDGE ( 'NONE', *, *, #2298, .F. ) ;
#35 = EDGE_CURVE ( 'NONE', #1687, #1388, #2069, .T. ) ;
#36 = DIRECTION ( 'NONE',  ( -0.000000000000000000, 0.000000000000000000, -1.000000000000000000 ) ) ;
#37 = ORIENTED_EDGE ( 'NONE', *, *, #18, .T. ) ;
#38 = CC_DESIGN_DATE_AND_TIME_ASSIGNMENT ( #1663, #745, ( #2074 ) ) ;
#39 = DIRECTION ( 'NONE',  ( -1.000000000000000000, -1.214306433183764966E-16, 0.000000000000000000 ) ) ;
#40 = ORIENTED_EDGE ( 'NONE', *, *, #2565, .F. ) ;
#41 = EDGE_LOOP ( 'NONE', ( #1040, #915, #1705, #24 ) ) ;
#42 = DIRECTION ( 'NONE',  ( 0.000000000000000000, -1.000000000000000000, 0.000000000000000000 ) ) ;
#43 = APPROVAL_STATUS ( 'not_yet_approved' ) ;
#44 = CIRCLE ( 'NONE', #1073, 2.000000000000000000 ) ;
#45 = EDGE_CURVE ( 'NONE', #2217, #2035, #52, .T. ) ;
#46 = VECTOR ( 'NONE', #1359, 1000.000000000000000 ) ;
#47 = ORIENTED_EDGE ( 'NONE', *, *, #2059, .F. ) ;
#48 = CARTESIAN_POINT ( 'NONE',  ( 10.00000000000000000, 37.00000000000000000, 840.0000000000001137 ) ) ;
#49 = AXIS2_PLACEMENT_3D ( 'NONE', #1374, #1364, #2609 ) ;
#50 = DIRECTION ( 'NONE',  ( -0.000000000000000000, -0.000000000000000000, -1.000000000000000000 ) ) ;
#51 = CARTESIAN_POINT ( 'NONE',  ( -290.0000000000000568, -1120.000000000000000, 0.000000000000000000 ) ) ;
#52 = CIRCLE ( 'NONE', #885, 8.000000000000000000 ) ;
#53 = PLANE ( 'NONE',  #1441 ) ;
#54 = APPLICATION_CONTEXT ( 'configuration controlled 3d designs of mechanical parts and assemblies' ) ;
#55 = VECTOR ( 'NONE', #1438, 1000.000000000000000 ) ;
#56 = ITEM_DEFINED_TRANSFORMATION ( 'NONE', 'NONE', #157,  #1553 ) ;
#57 = PLANE ( 'NONE',  #2680 ) ;
#58 = CARTESIAN_POINT ( 'NONE',  ( -188.0000000000000853, -575.0000000000003411, 809.9999999999998863 ) ) ;
#59 = APPROVAL_PERSON_ORGANIZATION ( #627, #2034, #1561 ) ;
#60 = DIRECTION ( 'NONE',  ( -0.000000000000000000, -1.000000000000000000, -0.000000000000000000 ) ) ;
#61 = VERTEX_POINT ( 'NONE', #2118 ) ;
#62 = CC_DESIGN_PERSON_AND_ORGANIZATION_ASSIGNMENT ( #2479, #29, ( #1107 ) ) ;
#63 = CARTESIAN_POINT ( 'NONE',  ( -358.0000000000000568, 92.00000000000000000, 22.00000000000000000 ) ) ;
#64 = LINE ( 'NONE', #1130, #307 ) ;
#65 = ORIENTED_EDGE ( 'NONE', *, *, #1888, .F. ) ;
#66 = EDGE_CURVE ( 'NONE', #1142, #1927, #1290, .T. ) ;
#67 = DIRECTION ( 'NONE',  ( -0.000000000000000000, 0.000000000000000000, -1.000000000000000000 ) ) ;
#68 = APPLICATION_CONTEXT ( 'configuration controlled 3d designs of mechanical parts and assemblies' ) ;
#69 = ORIENTED_EDGE ( 'NONE', *, *, #758, .T. ) ;
#70 = CARTESIAN_POINT ( 'NONE',  ( 1100.535543567313880, 764.9999999999998863, 869.9999999999998863 ) ) ;
#71 = AXIS2_PLACEMENT_3D ( 'NONE', #1956, #664, #1091 ) ;
#72 = DIRECTION ( 'NONE',  ( -1.000000000000000000, -1.214306433183764966E-16, -1.517883041479706208E-16 ) ) ;
#73 = DIRECTION ( 'NONE',  ( -1.000000000000000000, 2.710505431213761085E-16, 0.000000000000000000 ) ) ;
#74 = VECTOR ( 'NONE', #1972, 1000.000000000000000 ) ;
#75 = EDGE_LOOP ( 'NONE', ( #2063, #377, #1828, #250, #569, #2604, #2352, #321, #560, #2058 ) ) ;
#76 = LINE ( 'NONE', #2540, #173 ) ;
#77 = APPROVAL_ROLE ( '' ) ;
#78 = ORIENTED_EDGE ( 'NONE', *, *, #1676, .F. ) ;
#79 = CARTESIAN_POINT ( 'NONE',  ( -15.00000000000001243, 96.00000000000000000, 830.0000000000001137 ) ) ;
#80 = DIRECTION ( 'NONE',  ( 0.000000000000000000, 3.469446951953614189E-15, -1.000000000000000000 ) ) ;
#81 = ORIENTED_EDGE ( 'NONE', *, *, #850, .F. ) ;
#82 = VERTEX_POINT ( 'NONE', #1468 ) ;
#83 = LINE ( 'NONE', #79, #1283 ) ;
#84 = AXIS2_PLACEMENT_3D ( 'NONE', #2756, #660, #1479 ) ;
#85 = CARTESIAN_POINT ( 'NONE',  ( 259.9999999999998863, 0.000000000000000000, 0.000000000000000000 ) ) ;
#86 = EDGE_CURVE ( 'NONE', #2185, #2640, #2095, .T. ) ;
#87 = EDGE_LOOP ( 'NONE', ( #1850, #1768, #2135, #830 ) ) ;
#88 = LINE ( 'NONE', #567, #2525 ) ;
#89 = DATE_TIME_ROLE ( 'classification_date' ) ;
#90 = DIRECTION ( 'NONE',  ( 0.000000000000000000, 0.000000000000000000, 1.000000000000000000 ) ) ;
#91 = CARTESIAN_POINT ( 'NONE',  ( 1100.535543567313880, -345.0000000000002842, 809.9999999999998863 ) ) ;
#92 = LINE ( 'NONE', #2438, #586 ) ;
#93 = ADVANCED_BREP_SHAPE_REPRESENTATION ( '', ( #583, #1553 ), #2356 ) ;
#94 = LINE ( 'NONE', #1232, #1659 ) ;
#95 = LOCAL_TIME ( 14, 42, 54.00000000000000000, #954 ) ;
#96 = PLANE ( 'NONE',  #1802 ) ;
#97 = APPROVAL_DATE_TIME ( #1123, #1622 ) ;
#98 = VERTEX_POINT ( 'NONE', #1270 ) ;
#99 = VERTEX_POINT ( 'NONE', #2747 ) ;
#100 = ORIENTED_EDGE ( 'NONE', *, *, #744, .F. ) ;
#101 = EDGE_CURVE ( 'NONE', #1882, #1616, #1483, .T. ) ;
#102 = CC_DESIGN_PERSON_AND_ORGANIZATION_ASSIGNMENT ( #1524, #1808, ( #1134 ) ) ;
#103 = PERSON_AND_ORGANIZATION ( #178, #1059 ) ;
#104 = VERTEX_POINT ( 'NONE', #851 ) ;
#105 = EDGE_LOOP ( 'NONE', ( #2581, #1211, #1879, #1200 ) ) ;
#106 = DIRECTION ( 'NONE',  ( 0.000000000000000000, -1.000000000000000000, 0.000000000000000000 ) ) ;
#107 = EDGE_CURVE ( 'NONE', #353, #2693, #769, .T. ) ;
#108 = DIRECTION ( 'NONE',  ( -1.000000000000000000, 0.000000000000000000, 0.000000000000000000 ) ) ;
#109 = CARTESIAN_POINT ( 'NONE',  ( -100.0000000000000142, 3.999999999999989786, 34.19375152513431004 ) ) ;
#110 = VECTOR ( 'NONE', #688, 1000.000000000000000 ) ;
#111 = VECTOR ( 'NONE', #1987, 1000.000000000000000 ) ;
#112 = ORIENTED_EDGE ( 'NONE', *, *, #1440, .T. ) ;
#113 = ORIENTED_EDGE ( 'NONE', *, *, #1113, .F. ) ;
#114 = ORIENTED_EDGE ( 'NONE', *, *, #2441, .T. ) ;
#115 = DIRECTION ( 'NONE',  ( -0.000000000000000000, 0.000000000000000000, 1.000000000000000000 ) ) ;
#116 = ORIENTED_EDGE ( 'NONE', *, *, #1884, .T. ) ;
#117 = CC_DESIGN_SECURITY_CLASSIFICATION ( #1296, ( #1899 ) ) ;
#118 = DIRECTION ( 'NONE',  ( 0.000000000000000000, 0.000000000000000000, -1.000000000000000000 ) ) ;
#119 = LINE ( 'NONE', #363, #1009 ) ;
#120 = EDGE_CURVE ( 'NONE', #2273, #2509, #1423, .T. ) ;
#121 = VECTOR ( 'NONE', #946, 1000.000000000000000 ) ;
#122 = EDGE_LOOP ( 'NONE', ( #1853, #661, #40, #81 ) ) ;
#123 = EDGE_CURVE ( 'NONE', #1084, #2348, #2192, .T. ) ;
#124 = AXIS2_PLACEMENT_3D ( 'NONE', #507, #1105, #2630 ) ;
#125 = VECTOR ( 'NONE', #706, 1000.000000000000000 ) ;
#126 = ADVANCED_FACE ( 'NONE', ( #2044 ), #222, .F. ) ;
#127 = DIRECTION ( 'NONE',  ( 1.000000000000000000, 0.000000000000000000, 0.000000000000000000 ) ) ;
#128 = FACE_OUTER_BOUND ( 'NONE', #1758, .T. ) ;
#129 = CALENDAR_DATE ( 2026, 2, 6 ) ;
#130 = CALENDAR_DATE ( 2026, 2, 6 ) ;
#131 = VERTEX_POINT ( 'NONE', #859 ) ;
#132 = ORIENTED_EDGE ( 'NONE', *, *, #1504, .F. ) ;
#133 = ADVANCED_FACE ( 'NONE', ( #619 ), #443, .T. ) ;
#134 = CARTESIAN_POINT ( 'NONE',  ( -9.999999999999998224, 28.99999999999999645, 840.0000000000001137 ) ) ;
#135 = EDGE_CURVE ( 'NONE', #333, #2657, #2404, .T. ) ;
#136 = CC_DESIGN_PERSON_AND_ORGANIZATION_ASSIGNMENT ( #627, #2647, ( #2624 ) ) ;
#137 = ADVANCED_FACE ( 'NONE', ( #1975 ), #1488, .T. ) ;
#138 = LINE ( 'NONE', #399, #1858 ) ;
#139 = LINE ( 'NONE', #867, #1791 ) ;
#140 = DIRECTION ( 'NONE',  ( 1.000000000000000000, -0.000000000000000000, -0.000000000000000000 ) ) ;
#141 = DIRECTION ( 'NONE',  ( 0.000000000000000000, 0.000000000000000000, -1.000000000000000000 ) ) ;
#142 = ORIENTED_EDGE ( 'NONE', *, *, #120, .T. ) ;
#143 = VERTEX_POINT ( 'NONE', #2766 ) ;
#144 = ADVANCED_FACE ( 'NONE', ( #1692 ), #1289, .T. ) ;
#145 = EDGE_LOOP ( 'NONE', ( #2741, #2727, #2122, #1268 ) ) ;
#146 = VECTOR ( 'NONE', #603, 1000.000000000000000 ) ;
#147 = CLOSED_SHELL ( 'NONE', ( #1894, #1431, #2079, #1832, #589, #144, #2267, #2698, #980, #1647, #1631, #1643, #1873, #1235, #2499, #542, #2296, #1855, #1187, #785, #1870, #2085, #2253, #369, #779 ) ) ;
#148 = DIRECTION ( 'NONE',  ( -1.000000000000000000, 0.000000000000000000, 0.000000000000000000 ) ) ;
#149 = CIRCLE ( 'NONE', #1428, 8.000000000000000000 ) ;
#150 = ADVANCED_FACE ( 'NONE', ( #739 ), #1061, .F. ) ;
#151 = DIRECTION ( 'NONE',  ( 1.000000000000000000, 1.156482317317871478E-16, -0.000000000000000000 ) ) ;
#152 = CC_DESIGN_PERSON_AND_ORGANIZATION_ASSIGNMENT ( #1818, #1333, ( #390 ) ) ;
#153 = DIRECTION ( 'NONE',  ( 0.000000000000000000, 0.000000000000000000, -1.000000000000000000 ) ) ;
#154 = VECTOR ( 'NONE', #1946, 1000.000000000000000 ) ;
#155 = EDGE_CURVE ( 'NONE', #2037, #1494, #329, .T. ) ;
#156 = LINE ( 'NONE', #162, #1809 ) ;
#157 = AXIS2_PLACEMENT_3D ( 'NONE', #810, #2749, #618 ) ;
#158 = DIRECTION ( 'NONE',  ( 1.000000000000000000, 0.000000000000000000, 0.000000000000000000 ) ) ;
#159 = ADVANCED_FACE ( 'NONE', ( #492 ), #245, .F. ) ;
#160 = APPROVAL_DATE_TIME ( #772, #2115 ) ;
#161 = CARTESIAN_POINT ( 'NONE',  ( -1.999999999999999112, 28.99999999999999645, 10.00000000000000888 ) ) ;
#162 = CARTESIAN_POINT ( 'NONE',  ( -2.000000000000000000, 37.00000000000000000, 840.0000000000001137 ) ) ;
#163 = VERTEX_POINT ( 'NONE', #1976 ) ;
#164 = LINE ( 'NONE', #2200, #2334 ) ;
#165 = ORIENTED_EDGE ( 'NONE', *, *, #2441, .F. ) ;
#166 = COORDINATED_UNIVERSAL_TIME_OFFSET ( 8, 0, .AHEAD. ) ;
#167 = ORIENTED_EDGE ( 'NONE', *, *, #413, .T. ) ;
#168 = CARTESIAN_POINT ( 'NONE',  ( 259.9999999999998863, -145.0000000000002274, 30.00000000000000000 ) ) ;
#169 = EDGE_CURVE ( 'NONE', #403, #1388, #2527, .T. ) ;
#170 = EDGE_CURVE ( 'NONE', #521, #1002, #1395, .T. ) ;
#171 = ADVANCED_FACE ( 'NONE', ( #2559 ), #31, .T. ) ;
#172 = LINE ( 'NONE', #2193, #840 ) ;
#173 = VECTOR ( 'NONE', #1642, 1000.000000000000000 ) ;
#174 = PLANE ( 'NONE',  #1287 ) ;
#175 = ORIENTED_EDGE ( 'NONE', *, *, #193, .F. ) ;
#176 = ORIENTED_EDGE ( 'NONE', *, *, #614, .F. ) ;
#177 = CARTESIAN_POINT ( 'NONE',  ( 1100.535543567313880, -145.0000000000002274, 869.9999999999998863 ) ) ;
#178 = PERSON ( '未指定', '未指定', '未指定', ('未指定'), ('未指定'), ('未指定') ) ;
#179 = LINE ( 'NONE', #1279, #2010 ) ;
#180 = EDGE_LOOP ( 'NONE', ( #2684, #1021, #482, #662 ) ) ;
#181 = VECTOR ( 'NONE', #570, 1000.000000000000000 ) ;
#182 = DIRECTION ( 'NONE',  ( 1.000000000000000000, 0.000000000000000000, 0.000000000000000000 ) ) ;
#183 = ORIENTED_EDGE ( 'NONE', *, *, #470, .T. ) ;
#184 = LINE ( 'NONE', #952, #2121 ) ;
#185 = EDGE_LOOP ( 'NONE', ( #1573, #1719, #1846, #2405 ) ) ;
#186 = CARTESIAN_POINT ( 'NONE',  ( 12.99999999999995914, 0.000000000000000000, 830.0000000000001137 ) ) ;
#187 = EDGE_CURVE ( 'NONE', #2471, #1198, #826, .T. ) ;
#188 = CC_DESIGN_APPROVAL ( #2060, ( #951 ) ) ;
#189 = CARTESIAN_POINT ( 'NONE',  ( 99.99999999999998579, 8.000000000000014211, 64.00000000000000000 ) ) ;
#190 = VECTOR ( 'NONE', #1532, 1000.000000000000000 ) ;
#191 = CIRCLE ( 'NONE', #2139, 8.000000000000007105 ) ;
#192 = LOCAL_TIME ( 14, 42, 54.00000000000000000, #657 ) ;
#193 = EDGE_CURVE ( 'NONE', #2480, #61, #557, .T. ) ;
#194 = PERSON_AND_ORGANIZATION_ROLE ( 'creator' ) ;
#195 = DATE_AND_TIME ( #1081, #2048 ) ;
#196 = VERTEX_POINT ( 'NONE', #1117 ) ;
#197 = CARTESIAN_POINT ( 'NONE',  ( -13.00000000000003730, 2.000000000000001776, 830.0000000000001137 ) ) ;
#198 = VERTEX_POINT ( 'NONE', #679 ) ;
#199 = VECTOR ( 'NONE', #1666, 1000.000000000000000 ) ;
#200 = ORIENTED_EDGE ( 'NONE', *, *, #600, .T. ) ;
#201 = CARTESIAN_POINT ( 'NONE',  ( -13.00000000000003730, 2.000000000000000000, 10.00000000000000000 ) ) ;
#202 = EDGE_LOOP ( 'NONE', ( #23, #2182, #1897, #2437 ) ) ;
#203 = CARTESIAN_POINT ( 'NONE',  ( -228.6845725212420746, -482.9199186991868942, -264.9999999999999432 ) ) ;
#204 = CC_DESIGN_APPROVAL ( #2688, ( #1257 ) ) ;
#205 = CARTESIAN_POINT ( 'NONE',  ( -10.00000000000000000, 37.00000000000000000, 10.00000000000000000 ) ) ;
#206 = CYLINDRICAL_SURFACE ( 'NONE', #504, 2.000000000000000000 ) ;
#207 = CARTESIAN_POINT ( 'NONE',  ( -358.0000000000000568, -107.0000000000000000, 22.00000000000000000 ) ) ;
#208 = FACE_OUTER_BOUND ( 'NONE', #274, .T. ) ;
#209 = EDGE_CURVE ( 'NONE', #2769, #2682, #1841, .T. ) ;
#210 = ORIENTED_EDGE ( 'NONE', *, *, #209, .F. ) ;
#211 = CARTESIAN_POINT ( 'NONE',  ( 259.9999999999998863, -175.0000000000002558, 809.9999999999998863 ) ) ;
#212 = EDGE_LOOP ( 'NONE', ( #979, #458, #2572, #65 ) ) ;
#213 = ORIENTED_EDGE ( 'NONE', *, *, #309, .F. ) ;
#214 = FACE_OUTER_BOUND ( 'NONE', #2521, .T. ) ;
#215 = CARTESIAN_POINT ( 'NONE',  ( 1100.535543567313880, -175.0000000000002558, 30.00000000000000000 ) ) ;
#216 = VERTEX_POINT ( 'NONE', #2148 ) ;
#217 = DIRECTION ( 'NONE',  ( -1.000000000000000000, 0.000000000000000000, 0.000000000000000000 ) ) ;
#218 = CIRCLE ( 'NONE', #2274, 8.000000000000000000 ) ;
#219 = CARTESIAN_POINT ( 'NONE',  ( -187.9999999999994884, -375.0000000000002842, 90.00000000000005684 ) ) ;
#220 = LINE ( 'NONE', #1517, #953 ) ;
#221 = CIRCLE ( 'NONE', #835, 8.000000000000000000 ) ;
#222 = PLANE ( 'NONE',  #2440 ) ;
#223 = EDGE_CURVE ( 'NONE', #2550, #2391, #386, .T. ) ;
#224 = CARTESIAN_POINT ( 'NONE',  ( 0.000000000000000000, 0.000000000000000000, 30.00000000000000000 ) ) ;
#225 = LOCAL_TIME ( 14, 42, 54.00000000000000000, #624 ) ;
#226 = ORIENTED_EDGE ( 'NONE', *, *, #1322, .T. ) ;
#227 = CARTESIAN_POINT ( 'NONE',  ( -290.0000000000001137, -1199.999999999999773, 30.00000000000000000 ) ) ;
#228 = CARTESIAN_POINT ( 'NONE',  ( -290.0000000000001137, 795.0000000000001137, 30.00000000000000000 ) ) ;
#229 = LINE ( 'NONE', #912, #746 ) ;
#230 = ORIENTED_EDGE ( 'NONE', *, *, #889, .F. ) ;
#231 = ORIENTED_EDGE ( 'NONE', *, *, #515, .F. ) ;
#232 = CARTESIAN_POINT ( 'NONE',  ( -100.0000000000000142, 3.999999999999989786, 22.00000000000000000 ) ) ;
#233 = AXIS2_PLACEMENT_3D ( 'NONE', #2463, #115, #332 ) ;
#234 = PLANE ( 'NONE',  #790 ) ;
#235 = LOCAL_TIME ( 14, 42, 54.00000000000000000, #1529 ) ;
#236 = CARTESIAN_POINT ( 'NONE',  ( 99.99999999999998579, 16.00000000000001421, 64.00000000000000000 ) ) ;
#237 = APPLICATION_CONTEXT ( 'configuration controlled 3d designs of mechanical parts and assemblies' ) ;
#238 = CARTESIAN_POINT ( 'NONE',  ( -15.00000000000003730, 0.000000000000000000, 830.0000000000001137 ) ) ;
#239 = DIRECTION ( 'NONE',  ( 2.312964634635742895E-17, 1.000000000000000000, 0.000000000000000000 ) ) ;
#240 = EDGE_CURVE ( 'NONE', #2037, #762, #2476, .T. ) ;
#241 = DIRECTION ( 'NONE',  ( 1.000000000000000000, 0.000000000000000000, 0.000000000000000000 ) ) ;
#242 = VECTOR ( 'NONE', #1135, 1000.000000000000000 ) ;
#243 = DIRECTION ( 'NONE',  ( 0.000000000000000000, -7.709882115452479399E-17, -1.000000000000000000 ) ) ;
#244 = VECTOR ( 'NONE', #1935, 1000.000000000000000 ) ;
#245 = PLANE ( 'NONE',  #1865 ) ;
#246 = CARTESIAN_POINT ( 'NONE',  ( 664.4749683231336803, -575.0000000000003411, 30.00000000000004263 ) ) ;
#247 = APPROVAL_ROLE ( '' ) ;
#248 = ORIENTED_EDGE ( 'NONE', *, *, #1151, .T. ) ;
#249 = EDGE_CURVE ( 'NONE', #2761, #2471, #2590, .T. ) ;
#250 = ORIENTED_EDGE ( 'NONE', *, *, #650, .T. ) ;
#251 = ORIENTED_EDGE ( 'NONE', *, *, #2059, .T. ) ;
#252 = ORIENTED_EDGE ( 'NONE', *, *, #45, .T. ) ;
#253 = LINE ( 'NONE', #2209, #1764 ) ;
#254 = DIRECTION ( 'NONE',  ( 0.000000000000000000, 0.000000000000000000, -1.000000000000000000 ) ) ;
#255 = DIRECTION ( 'NONE',  ( -1.000000000000000000, 0.000000000000000000, 0.000000000000000000 ) ) ;
#256 = ORIENTED_EDGE ( 'NONE', *, *, #2507, .T. ) ;
#257 = CYLINDRICAL_SURFACE ( 'NONE', #959, 8.000000000000000000 ) ;
#258 = DIRECTION ( 'NONE',  ( 0.000000000000000000, -7.709882115452479399E-17, -1.000000000000000000 ) ) ;
#259 = APPROVAL_STATUS ( 'not_yet_approved' ) ;
#260 = CARTESIAN_POINT ( 'NONE',  ( 259.9999999999998863, -545.0000000000002274, 90.00000000000005684 ) ) ;
#261 = LINE ( 'NONE', #1094, #190 ) ;
#262 = ORIENTED_EDGE ( 'NONE', *, *, #2151, .F. ) ;
#263 = CARTESIAN_POINT ( 'NONE',  ( 260.0000000000001137, -375.0000000000002842, 90.00000000000005684 ) ) ;
#264 = APPROVAL ( #2318, '未指定' ) ;
#265 = CALENDAR_DATE ( 2026, 2, 6 ) ;
#266 = DIRECTION ( 'NONE',  ( -1.000000000000000000, -1.040834085586084257E-16, 0.000000000000000000 ) ) ;
#267 = DATE_AND_TIME ( #2260, #16 ) ;
#268 = ORIENTED_EDGE ( 'NONE', *, *, #1434, .T. ) ;
#269 = EDGE_CURVE ( 'NONE', #762, #1777, #261, .T. ) ;
#270 = ORIENTED_EDGE ( 'NONE', *, *, #1172, .T. ) ;
#271 = SECURITY_CLASSIFICATION_LEVEL ( 'unclassified' ) ;
#272 = DIRECTION ( 'NONE',  ( 0.000000000000000000, 0.000000000000000000, -1.000000000000000000 ) ) ;
#273 = AXIS2_PLACEMENT_3D ( 'NONE', #2385, #2593, #877 ) ;
#274 = EDGE_LOOP ( 'NONE', ( #348, #2411, #1545, #914 ) ) ;
#275 = DIRECTION ( 'NONE',  ( 0.000000000000000000, -1.000000000000000000, 1.387778780781445922E-16 ) ) ;
#276 = PLANE ( 'NONE',  #1267 ) ;
#277 = VERTEX_POINT ( 'NONE', #260 ) ;
#278 = DIRECTION ( 'NONE',  ( 0.000000000000000000, 0.000000000000000000, -1.000000000000000000 ) ) ;
#279 = CARTESIAN_POINT ( 'NONE',  ( 1100.535543567313880, -375.0000000000002274, 809.9999999999998863 ) ) ;
#280 = PERSON_AND_ORGANIZATION_ROLE ( 'creator' ) ;
#281 = LINE ( 'NONE', #1732, #1239 ) ;
#282 = DIRECTION ( 'NONE',  ( -1.000000000000000000, 0.000000000000000000, 2.418786546024306634E-16 ) ) ;
#283 = VECTOR ( 'NONE', #2307, 1000.000000000000000 ) ;
#284 = CARTESIAN_POINT ( 'NONE',  ( -358.0000000000000568, -92.00000000000000000, 22.00000000000000000 ) ) ;
#285 = ORIENTED_EDGE ( 'NONE', *, *, #2709, .F. ) ;
#286 = EDGE_CURVE ( 'NONE', #1777, #2387, #794, .T. ) ;
#287 = EDGE_LOOP ( 'NONE', ( #1246, #69, #2535, #2066 ) ) ;
#288 = DIRECTION ( 'NONE',  ( 0.000000000000000000, -0.000000000000000000, 1.000000000000000000 ) ) ;
#289 = ORIENTED_EDGE ( 'NONE', *, *, #187, .T. ) ;
#290 = DIRECTION ( 'NONE',  ( -0.000000000000000000, 1.000000000000000000, -0.000000000000000000 ) ) ;
#291 = FACE_OUTER_BOUND ( 'NONE', #565, .T. ) ;
#292 = DIRECTION ( 'NONE',  ( -1.000000000000000000, 0.000000000000000000, 0.000000000000000000 ) ) ;
#293 = VECTOR ( 'NONE', #2601, 1000.000000000000000 ) ;
#294 = CARTESIAN_POINT ( 'NONE',  ( 339.9999999999999432, 23.00000000000004974, -229.5000000000000284 ) ) ;
#295 = AXIS2_PLACEMENT_3D ( 'NONE', #1871, #805, #812 ) ;
#296 = ORIENTED_EDGE ( 'NONE', *, *, #1362, .F. ) ;
#297 = DIRECTION ( 'NONE',  ( 1.000000000000000000, -0.000000000000000000, -0.000000000000000000 ) ) ;
#298 = VECTOR ( 'NONE', #2179, 1000.000000000000000 ) ;
#299 = CARTESIAN_POINT ( 'NONE',  ( 260.0000000000001137, 764.9999999999998863, 869.9999999999998863 ) ) ;
#300 = PERSON_AND_ORGANIZATION_ROLE ( 'classification_officer' ) ;
#301 = EDGE_LOOP ( 'NONE', ( #1053, #2752, #1476, #574, #576, #735, #1526, #440, #2701, #1881 ) ) ;
#302 = LINE ( 'NONE', #763, #2327 ) ;
#303 = DIRECTION ( 'NONE',  ( -0.000000000000000000, 0.000000000000000000, -1.000000000000000000 ) ) ;
#304 = MANIFOLD_SOLID_BREP ( '圆角2', #687 ) ;
#305 = DATE_AND_TIME ( #2723, #1979 ) ;
#306 = CC_DESIGN_APPROVAL ( #2734, ( #2255 ) ) ;
#307 = VECTOR ( 'NONE', #1568, 1000.000000000000000 ) ;
#308 = ORIENTED_EDGE ( 'NONE', *, *, #1920, .F. ) ;
#309 = EDGE_CURVE ( 'NONE', #2619, #1375, #2500, .T. ) ;
#310 = CARTESIAN_POINT ( 'NONE',  ( 358.0000000000000000, -77.00000000000000000, -247.5000000000000000 ) ) ;
#311 = APPROVAL_STATUS ( 'not_yet_approved' ) ;
#312 = CALENDAR_DATE ( 2026, 2, 6 ) ;
#313 = EDGE_LOOP ( 'NONE', ( #963, #175, #296, #1861 ) ) ;
#314 = CARTESIAN_POINT ( 'NONE',  ( 1100.535543567313880, 795.0000000000001137, 30.00000000000000000 ) ) ;
#315 = AXIS2_PLACEMENT_3D ( 'NONE', #203, #1455, #838 ) ;
#316 = DIRECTION ( 'NONE',  ( -1.000000000000000000, 0.000000000000000000, 0.000000000000000000 ) ) ;
#317 = LINE ( 'NONE', #2607, #2515 ) ;
#318 = DIRECTION ( 'NONE',  ( -1.000000000000000000, 0.000000000000000000, 0.000000000000000000 ) ) ;
#319 = CARTESIAN_POINT ( 'NONE',  ( -100.0000000000000142, 7.999999999999989342, 54.80624847486570417 ) ) ;
#320 = ORIENTED_EDGE ( 'NONE', *, *, #864, .F. ) ;
#321 = ORIENTED_EDGE ( 'NONE', *, *, #1852, .T. ) ;
#322 = AXIS2_PLACEMENT_3D ( 'NONE', #961, #2272, #1205 ) ;
#323 = PLANE ( 'NONE',  #2713 ) ;
#324 = EDGE_CURVE ( 'NONE', #216, #536, #1518, .T. ) ;
#325 = EDGE_LOOP ( 'NONE', ( #1179, #863, #1508, #558, #1684, #2243, #784, #984 ) ) ;
#326 = LINE ( 'NONE', #974, #2064 ) ;
#327 = FACE_OUTER_BOUND ( 'NONE', #1541, .T. ) ;
#328 = DIRECTION ( 'NONE',  ( -1.000000000000000000, 1.162943112386686542E-16, 0.000000000000000000 ) ) ;
#329 = LINE ( 'NONE', #1321, #1908 ) ;
#330 = DATE_AND_TIME ( #2667, #1779 ) ;
#331 = CONTEXT_DEPENDENT_SHAPE_REPRESENTATION ( #941, #466 ) ;
#332 = DIRECTION ( 'NONE',  ( 1.000000000000000000, 0.000000000000000000, 0.000000000000000000 ) ) ;
#333 = VERTEX_POINT ( 'NONE', #871 ) ;
#334 = CARTESIAN_POINT ( 'NONE',  ( 219.0000000000001421, 14.24695047554427241, 49.80868809443035872 ) ) ;
#335 = EDGE_CURVE ( 'NONE', #366, #933, #220, .T. ) ;
#336 = CALENDAR_DATE ( 2026, 2, 6 ) ;
#337 = ORIENTED_EDGE ( 'NONE', *, *, #1640, .F. ) ;
#338 = PRODUCT_DEFINITION_SHAPE ( 'NONE', 'NONE',  #1013 ) ;
#339 = DIRECTION ( 'NONE',  ( 0.000000000000000000, 1.000000000000000000, -0.000000000000000000 ) ) ;
#340 = AXIS2_PLACEMENT_3D ( 'NONE', #752, #1474, #422 ) ;
#341 = CARTESIAN_POINT ( 'NONE',  ( 99.99999999999998579, -15.99999999999998579, 72.00000000000001421 ) ) ;
#342 = CIRCLE ( 'NONE', #1741, 2.000000000000000000 ) ;
#343 = ADVANCED_FACE ( 'NONE', ( #699 ), #1970, .T. ) ;
#344 = VECTOR ( 'NONE', #2557, 1000.000000000000000 ) ;
#345 = VERTEX_POINT ( 'NONE', #58 ) ;
#346 = ORIENTED_EDGE ( 'NONE', *, *, #2191, .F. ) ;
#347 = CARTESIAN_POINT ( 'NONE',  ( 99.99999999999998579, -15.99999999999998579, 22.00000000000000000 ) ) ;
#348 = ORIENTED_EDGE ( 'NONE', *, *, #1132, .T. ) ;
#349 = CC_DESIGN_SECURITY_CLASSIFICATION ( #1000, ( #1257 ) ) ;
#350 = DIRECTION ( 'NONE',  ( -1.000000000000000000, 0.000000000000000000, 0.000000000000000000 ) ) ;
#351 = FACE_OUTER_BOUND ( 'NONE', #989, .T. ) ;
#352 = LINE ( 'NONE', #514, #2555 ) ;
#353 = VERTEX_POINT ( 'NONE', #1749 ) ;
#354 = VECTOR ( 'NONE', #625, 999.9999999999998863 ) ;
#355 = ADVANCED_FACE ( 'NONE', ( #2442 ), #891, .T. ) ;
#356 = CARTESIAN_POINT ( 'NONE',  ( 259.9999999999998863, -145.0000000000002274, 869.9999999999998863 ) ) ;
#357 = CARTESIAN_POINT ( 'NONE',  ( -188.0000000000000568, -545.0000000000002274, 809.9999999999998863 ) ) ;
#358 = EDGE_LOOP ( 'NONE', ( #516, #610, #1817, #2420 ) ) ;
#359 = LINE ( 'NONE', #134, #2196 ) ;
#360 = APPROVAL_PERSON_ORGANIZATION ( #590, #2115, #1350 ) ;
#361 = VECTOR ( 'NONE', #1774, 1000.000000000000000 ) ;
#362 = ORIENTED_EDGE ( 'NONE', *, *, #634, .F. ) ;
#363 = CARTESIAN_POINT ( 'NONE',  ( 99.99999999999998579, 3.999999999999989786, 72.00000000000001421 ) ) ;
#364 = DIRECTION ( 'NONE',  ( -0.000000000000000000, -0.000000000000000000, -1.000000000000000000 ) ) ;
#365 = PERSON_AND_ORGANIZATION ( #178, #1059 ) ;
#366 = VERTEX_POINT ( 'NONE', #479 ) ;
#367 = AXIS2_PLACEMENT_3D ( 'NONE', #1982, #1103, #2610 ) ;
#368 = EDGE_CURVE ( 'NONE', #2568, #277, #1937, .T. ) ;
#369 = ADVANCED_FACE ( 'NONE', ( #1367 ), #1872, .T. ) ;
#370 = CARTESIAN_POINT ( 'NONE',  ( -290.0000000000003411, 1199.999999999999545, 899.9999999999998863 ) ) ;
#371 = CYLINDRICAL_SURFACE ( 'NONE', #1889, 2.000000000000000000 ) ;
#372 = AXIS2_PLACEMENT_3D ( 'NONE', #2076, #1206, #1772 ) ;
#373 = CARTESIAN_POINT ( 'NONE',  ( -188.0000000000000853, -575.0000000000003411, 90.00000000000007105 ) ) ;
#374 = ORIENTED_EDGE ( 'NONE', *, *, #35, .F. ) ;
#375 = PRODUCT_DEFINITION_SHAPE ( 'NONE', 'NONE',  #2776 ) ;
#376 = UNCERTAINTY_MEASURE_WITH_UNIT (LENGTH_MEASURE( 1.000000000000000082E-05 ), #1708, 'distance_accuracy_value', 'NONE');
#377 = ORIENTED_EDGE ( 'NONE', *, *, #1451, .T. ) ;
#378 = ORIENTED_EDGE ( 'NONE', *, *, #135, .F. ) ;
#379 = DIRECTION ( 'NONE',  ( 1.000000000000000000, 1.214306433183764966E-16, 0.000000000000000000 ) ) ;
#380 = LINE ( 'NONE', #370, #761 ) ;
#381 = ADVANCED_FACE ( 'NONE', ( #1192 ), #1566, .F. ) ;
#382 = EDGE_CURVE ( 'NONE', #1531, #1242, #1154, .T. ) ;
#383 = CC_DESIGN_PERSON_AND_ORGANIZATION_ASSIGNMENT ( #2197, #900, ( #531 ) ) ;
#384 = DIRECTION ( 'NONE',  ( -1.000000000000000000, 0.000000000000000000, 0.000000000000000000 ) ) ;
#385 = DIRECTION ( 'NONE',  ( 1.000000000000000000, 0.000000000000000000, 0.000000000000000000 ) ) ;
#386 = LINE ( 'NONE', #2157, #1625 ) ;
#387 = CARTESIAN_POINT ( 'NONE',  ( -188.0000000000000853, -375.0000000000002274, 809.9999999999998863 ) ) ;
#388 = DATE_AND_TIME ( #129, #95 ) ;
#389 = DIRECTION ( 'NONE',  ( 1.000000000000000000, -0.000000000000000000, -0.000000000000000000 ) ) ;
#390 = PRODUCT ( '板', '板', '', ( #917 ) ) ;
#391 = EDGE_CURVE ( 'NONE', #2744, #1903, #2566, .T. ) ;
#392 = VERTEX_POINT ( 'NONE', #1390 ) ;
#393 = ORIENTED_EDGE ( 'NONE', *, *, #2332, .F. ) ;
#394 = PERSON_AND_ORGANIZATION_ROLE ( 'design_owner' ) ;
#395 = LOCAL_TIME ( 14, 42, 54.00000000000000000, #2266 ) ;
#396 = ORIENTED_EDGE ( 'NONE', *, *, #2374, .T. ) ;
#397 = CC_DESIGN_PERSON_AND_ORGANIZATION_ASSIGNMENT ( #1707, #1516, ( #1899 ) ) ;
#398 = DIRECTION ( 'NONE',  ( 1.156482317317871725E-16, -1.000000000000000000, 0.000000000000000000 ) ) ;
#399 = CARTESIAN_POINT ( 'NONE',  ( -358.0000000000000568, -92.00000000000000000, 0.000000000000000000 ) ) ;
#400 = EDGE_CURVE ( 'NONE', #1903, #98, #417, .T. ) ;
#401 = LINE ( 'NONE', #1949, #2577 ) ;
#402 = FACE_OUTER_BOUND ( 'NONE', #1104, .T. ) ;
#403 = VERTEX_POINT ( 'NONE', #2465 ) ;
#404 = CARTESIAN_POINT ( 'NONE',  ( 289.9999999999998863, -1199.999999999999773, 30.00000000000000000 ) ) ;
#405 = CARTESIAN_POINT ( 'NONE',  ( 1100.535543567313880, -375.0000000000002274, 809.9999999999998863 ) ) ;
#406 = ORIENTED_EDGE ( 'NONE', *, *, #2229, .F. ) ;
#407 = VERTEX_POINT ( 'NONE', #1160 ) ;
#408 = VECTOR ( 'NONE', #108, 1000.000000000000000 ) ;
#409 =( LENGTH_UNIT ( ) NAMED_UNIT ( * ) SI_UNIT ( .MILLI., .METRE. ) );
#410 = LINE ( 'NONE', #2212, #1905 ) ;
#411 = ORIENTED_EDGE ( 'NONE', *, *, #1816, .F. ) ;
#412 = CARTESIAN_POINT ( 'NONE',  ( -188.0000000000001705, -545.0000000000002274, 30.00000000000004263 ) ) ;
#413 = EDGE_CURVE ( 'NONE', #1604, #1054, #2288, .T. ) ;
#414 = CARTESIAN_POINT ( 'NONE',  ( 2.000000000000001776, 28.99999999999999645, 10.00000000000000888 ) ) ;
#415 = APPROVAL ( #259, '未指定' ) ;
#416 = DIRECTION ( 'NONE',  ( 0.000000000000000000, -0.000000000000000000, 1.000000000000000000 ) ) ;
#417 = LINE ( 'NONE', #2666, #923 ) ;
#418 = ORIENTED_EDGE ( 'NONE', *, *, #1466, .F. ) ;
#419 = FACE_OUTER_BOUND ( 'NONE', #1988, .T. ) ;
#420 = CALENDAR_DATE ( 2026, 2, 6 ) ;
#421 = CARTESIAN_POINT ( 'NONE',  ( -228.6845725212420746, -282.9199186991869510, -265.0000000000000000 ) ) ;
#422 = DIRECTION ( 'NONE',  ( 0.000000000000000000, 0.000000000000000000, -1.000000000000000000 ) ) ;
#423 = LOCAL_TIME ( 14, 42, 54.00000000000000000, #2231 ) ;
#424 = ORIENTED_EDGE ( 'NONE', *, *, #983, .F. ) ;
#425 = AXIS2_PLACEMENT_3D ( 'NONE', #1230, #1237, #1450 ) ;
#426 = CARTESIAN_POINT ( 'NONE',  ( 14.99999999999998757, 96.00000000000000000, 830.0000000000001137 ) ) ;
#427 = DIRECTION ( 'NONE',  ( 0.000000000000000000, -1.000000000000000000, -1.387778780781445922E-16 ) ) ;
#428 = ORIENTED_EDGE ( 'NONE', *, *, #2586, .F. ) ;
#429 = DATE_AND_TIME ( #2207, #568 ) ;
#430 = DIRECTION ( 'NONE',  ( 0.000000000000000000, 0.000000000000000000, 1.000000000000000000 ) ) ;
#431 = CC_DESIGN_APPROVAL ( #1540, ( #544 ) ) ;
#432 = CARTESIAN_POINT ( 'NONE',  ( 339.9999999999999432, -60.99999999999995737, -229.5000000000000284 ) ) ;
#433 = DIRECTION ( 'NONE',  ( -0.000000000000000000, 0.000000000000000000, -1.000000000000000000 ) ) ;
#434 = DIRECTION ( 'NONE',  ( -0.000000000000000000, -1.000000000000000000, -0.000000000000000000 ) ) ;
#435 = VECTOR ( 'NONE', #1534, 1000.000000000000000 ) ;
#436 = EDGE_CURVE ( 'NONE', #2495, #407, #654, .T. ) ;
#437 = DIRECTION ( 'NONE',  ( -0.000000000000000000, -1.000000000000000000, -0.000000000000000000 ) ) ;
#438 = DIRECTION ( 'NONE',  ( 0.000000000000000000, 1.000000000000000000, -0.000000000000000000 ) ) ;
#439 = AXIS2_PLACEMENT_3D ( 'NONE', #2554, #2106, #385 ) ;
#440 = ORIENTED_EDGE ( 'NONE', *, *, #889, .T. ) ;
#441 = ORIENTED_EDGE ( 'NONE', *, *, #2032, .F. ) ;
#442 = DIRECTION ( 'NONE',  ( 0.000000000000000000, 0.000000000000000000, -1.000000000000000000 ) ) ;
#443 = PLANE ( 'NONE',  #84 ) ;
#444 = EDGE_LOOP ( 'NONE', ( #2316, #1068, #3, #1178 ) ) ;
#445 = APPROVAL_ROLE ( '' ) ;
#446 = VECTOR ( 'NONE', #2254, 1000.000000000000000 ) ;
#447 = CARTESIAN_POINT ( 'NONE',  ( -358.0000000000000000, -76.99999999999991473, -247.5000000000000000 ) ) ;
#448 = CARTESIAN_POINT ( 'NONE',  ( -290.0000000000001137, 795.0000000000001137, 30.00000000000000000 ) ) ;
#449 = EDGE_CURVE ( 'NONE', #2468, #2761, #92, .T. ) ;
#450 = FACE_OUTER_BOUND ( 'NONE', #874, .T. ) ;
#451 = DIRECTION ( 'NONE',  ( 0.000000000000000000, -1.000000000000000000, 0.000000000000000000 ) ) ;
#452 = EDGE_CURVE ( 'NONE', #2052, #462, #9, .T. ) ;
#453 = DIRECTION ( 'NONE',  ( -0.000000000000000000, -0.000000000000000000, -1.000000000000000000 ) ) ;
#454 = APPLICATION_CONTEXT ( 'configuration controlled 3d designs of mechanical parts and assemblies' ) ;
#455 = PERSON_AND_ORGANIZATION ( #178, #1059 ) ;
#456 = CONTEXT_DEPENDENT_SHAPE_REPRESENTATION ( #1371, #1674 ) ;
#457 = CARTESIAN_POINT ( 'NONE',  ( -188.0000000000000853, -311.1571300390681927, 90.00000000000007105 ) ) ;
#458 = ORIENTED_EDGE ( 'NONE', *, *, #1004, .F. ) ;
#459 = CARTESIAN_POINT ( 'NONE',  ( -15.00000000000003730, 0.000000000000000000, 10.00000000000000000 ) ) ;
#460 = PLANE ( 'NONE',  #1304 ) ;
#461 = LOCAL_TIME ( 14, 42, 54.00000000000000000, #1745 ) ;
#462 = VERTEX_POINT ( 'NONE', #1382 ) ;
#463 = DIRECTION ( 'NONE',  ( 0.000000000000000000, 0.000000000000000000, 1.000000000000000000 ) ) ;
#464 = PLANE ( 'NONE',  #1006 ) ;
#465 = APPROVAL_STATUS ( 'not_yet_approved' ) ;
#466 = PRODUCT_DEFINITION_SHAPE ( 'NONE', 'NONE',  #2777 ) ;
#467 = DIRECTION ( 'NONE',  ( -1.000000000000000000, -0.000000000000000000, -0.000000000000000000 ) ) ;
#468 = DIRECTION ( 'NONE',  ( -2.312964634635742957E-16, 1.000000000000000000, 0.000000000000000000 ) ) ;
#469 = DIRECTION ( 'NONE',  ( 1.000000000000000000, 0.000000000000000000, 0.000000000000000000 ) ) ;
#470 = EDGE_CURVE ( 'NONE', #1930, #196, #2720, .T. ) ;
#471 = CARTESIAN_POINT ( 'NONE',  ( -100.0000000000000284, 11.99999999999998757, 34.19375152513431004 ) ) ;
#472 = LINE ( 'NONE', #675, #435 ) ;
#473 = SECURITY_CLASSIFICATION ( '', '', #2594 ) ;
#474 = DIRECTION ( 'NONE',  ( 0.000000000000000000, 0.000000000000000000, 1.000000000000000000 ) ) ;
#475 = VECTOR ( 'NONE', #1275, 1000.000000000000000 ) ;
#476 = DIRECTION ( 'NONE',  ( 0.000000000000000000, -0.000000000000000000, -1.000000000000000000 ) ) ;
#477 = VERTEX_POINT ( 'NONE', #1149 ) ;
#478 = DIRECTION ( 'NONE',  ( -2.418786546024306141E-16, 0.000000000000000000, -1.000000000000000000 ) ) ;
#479 = CARTESIAN_POINT ( 'NONE',  ( -13.00000000000003730, 0.000000000000000000, 840.0000000000001137 ) ) ;
#480 = ORIENTED_EDGE ( 'NONE', *, *, #1867, .F. ) ;
#481 = PLANE ( 'NONE',  #1495 ) ;
#482 = ORIENTED_EDGE ( 'NONE', *, *, #391, .T. ) ;
#483 = LINE ( 'NONE', #63, #4 ) ;
#484 = SHAPE_REPRESENTATION ( '09', ( #1553 ), #2216 ) ;
#485 = LINE ( 'NONE', #12, #886 ) ;
#486 = CARTESIAN_POINT ( 'NONE',  ( 12.99999999999995914, 0.000000000000000000, 0.000000000000000000 ) ) ;
#487 = PERSON_AND_ORGANIZATION_ROLE ( 'classification_officer' ) ;
#488 = SHAPE_REPRESENTATION ( '板', ( #1553 ), #2510 ) ;
#489 = VERTEX_POINT ( 'NONE', #930 ) ;
#490 = CARTESIAN_POINT ( 'NONE',  ( 259.9999999999998863, 765.0000000000001137, 30.00000000000002842 ) ) ;
#491 = DIRECTION ( 'NONE',  ( 0.000000000000000000, -0.000000000000000000, 1.000000000000000000 ) ) ;
#492 = FACE_OUTER_BOUND ( 'NONE', #748, .T. ) ;
#493 = CC_DESIGN_APPROVAL ( #2349, ( #1899 ) ) ;
#494 = CARTESIAN_POINT ( 'NONE',  ( 289.9999999999998863, -1199.999999999999773, 0.000000000000000000 ) ) ;
#495 = ORIENTED_EDGE ( 'NONE', *, *, #1888, .T. ) ;
#496 = VECTOR ( 'NONE', #364, 1000.000000000000000 ) ;
#497 = CALENDAR_DATE ( 2026, 2, 6 ) ;
#498 = CALENDAR_DATE ( 2026, 2, 6 ) ;
#499 = EDGE_CURVE ( 'NONE', #2550, #1548, #1072, .T. ) ;
#500 = ORIENTED_EDGE ( 'NONE', *, *, #170, .F. ) ;
#501 = ADVANCED_FACE ( 'NONE', ( #2357, #1219, #2226 ), #1139, .F. ) ;
#503 = CARTESIAN_POINT ( 'NONE',  ( 358.0000000000000000, 23.00000000000000355, -247.5000000000000000 ) ) ;
#502 = SHAPE_REPRESENTATION_RELATIONSHIP ( 'NONE' , 'NONE' ,  #2283, #93 ) ;
#504 = AXIS2_PLACEMENT_3D ( 'NONE', #201, #633, #217 ) ;
#505 = ORIENTED_EDGE ( 'NONE', *, *, #413, .F. ) ;
#506 = DIRECTION ( 'NONE',  ( -1.000000000000000000, -0.000000000000000000, 8.163404592832033966E-17 ) ) ;
#507 = CARTESIAN_POINT ( 'NONE',  ( 14.99999999999996092, 0.000000000000000000, 830.0000000000001137 ) ) ;
#508 = APPROVAL_PERSON_ORGANIZATION ( #1639, #264, #1255 ) ;
#509 = ORIENTED_EDGE ( 'NONE', *, *, #814, .F. ) ;
#510 = APPROVAL_STATUS ( 'not_yet_approved' ) ;
#511 = CARTESIAN_POINT ( 'NONE',  ( -290.0000000000001137, -1199.999999999999773, 30.00000000000000000 ) ) ;
#512 = VECTOR ( 'NONE', #2637, 1000.000000000000000 ) ;
#513 = EDGE_CURVE ( 'NONE', #593, #1531, #1563, .T. ) ;
#514 = CARTESIAN_POINT ( 'NONE',  ( 10.00000000000000178, 29.00000000000000000, 840.0000000000001137 ) ) ;
#515 = EDGE_CURVE ( 'NONE', #2147, #1882, #221, .T. ) ;
#516 = ORIENTED_EDGE ( 'NONE', *, *, #998, .F. ) ;
#517 = ORIENTED_EDGE ( 'NONE', *, *, #925, .T. ) ;
#518 = APPROVAL_ROLE ( '' ) ;
#519 = CARTESIAN_POINT ( 'NONE',  ( -15.00000000000003730, 0.000000000000000000, 10.00000000000000000 ) ) ;
#520 = CARTESIAN_POINT ( 'NONE',  ( 358.0000000000000000, -77.00000000000000000, -247.5000000000000000 ) ) ;
#521 = VERTEX_POINT ( 'NONE', #1366 ) ;
#522 = DIRECTION ( 'NONE',  ( 1.156482317317871725E-16, -1.000000000000000000, 0.000000000000000000 ) ) ;
#523 = VECTOR ( 'NONE', #1427, 1000.000000000000000 ) ;
#524 = DIRECTION ( 'NONE',  ( -1.000000000000000000, 0.000000000000000000, 0.000000000000000000 ) ) ;
#525 = LINE ( 'NONE', #494, #1320 ) ;
#526 = FACE_OUTER_BOUND ( 'NONE', #1323, .T. ) ;
#527 = DIRECTION ( 'NONE',  ( -0.000000000000000000, -0.000000000000000000, -1.000000000000000000 ) ) ;
#528 = CARTESIAN_POINT ( 'NONE',  ( 99.99999999999998579, 8.000000000000014211, 54.80624847486573259 ) ) ;
#529 = EDGE_CURVE ( 'NONE', #2547, #731, #1157, .T. ) ;
#530 = LOCAL_TIME ( 14, 42, 54.00000000000000000, #2447 ) ;
#531 = PRODUCT_DEFINITION_FORMATION_WITH_SPECIFIED_SOURCE ( '任何', '', #1460, .NOT_KNOWN. ) ;
#532 = DIRECTION ( 'NONE',  ( -1.000000000000000000, 0.000000000000000000, 0.000000000000000000 ) ) ;
#533 = ITEM_DEFINED_TRANSFORMATION ( 'NONE', 'NONE', #2588,  #1553 ) ;
#534 = EDGE_LOOP ( 'NONE', ( #1356, #1635, #1681, #1634 ) ) ;
#535 = EDGE_CURVE ( 'NONE', #2468, #2261, #559, .T. ) ;
#536 = VERTEX_POINT ( 'NONE', #2030 ) ;
#537 = CARTESIAN_POINT ( 'NONE',  ( 0.000000000000000000, 0.000000000000000000, 0.000000000000000000 ) ) ;
#538 = AXIS2_PLACEMENT_3D ( 'NONE', #2576, #2145, #1469 ) ;
#539 = PLANE ( 'NONE',  #1404 ) ;
#540 = VECTOR ( 'NONE', #681, 1000.000000000000000 ) ;
#541 = FACE_OUTER_BOUND ( 'NONE', #2502, .T. ) ;
#542 = ADVANCED_FACE ( 'NONE', ( #450 ), #1215, .F. ) ;
#543 = DIRECTION ( 'NONE',  ( 1.000000000000000000, 0.000000000000000000, -0.000000000000000000 ) ) ;
#544 = SECURITY_CLASSIFICATION ( '', '', #271 ) ;
#545 = DIRECTION ( 'NONE',  ( -1.000000000000000000, 0.000000000000000000, 0.000000000000000000 ) ) ;
#546 = ORIENTED_EDGE ( 'NONE', *, *, #956, .T. ) ;
#547 = VERTEX_POINT ( 'NONE', #919 ) ;
#548 = VERTEX_POINT ( 'NONE', #1811 ) ;
#549 = EDGE_CURVE ( 'NONE', #2467, #609, #985, .T. ) ;
#550 = ORIENTED_EDGE ( 'NONE', *, *, #1997, .T. ) ;
#551 = VECTOR ( 'NONE', #770, 1000.000000000000000 ) ;
#552 = AXIS2_PLACEMENT_3D ( 'NONE', #1523, #255, #1752 ) ;
#553 = LINE ( 'NONE', #1317, #293 ) ;
#554 = ORIENTED_EDGE ( 'NONE', *, *, #1453, .F. ) ;
#555 = ADVANCED_FACE ( 'NONE', ( #1696 ), #1121, .T. ) ;
#556 = DIRECTION ( 'NONE',  ( -1.000000000000000000, -0.000000000000000000, -0.000000000000000000 ) ) ;
#557 = LINE ( 'NONE', #447, #2629 ) ;
#558 = ORIENTED_EDGE ( 'NONE', *, *, #1829, .F. ) ;
#559 = LINE ( 'NONE', #91, #1599 ) ;
#560 = ORIENTED_EDGE ( 'NONE', *, *, #1093, .F. ) ;
#561 = CARTESIAN_POINT ( 'NONE',  ( 259.9999999999998863, 0.000000000000000000, 869.9999999999998863 ) ) ;
#562 = ORIENTED_EDGE ( 'NONE', *, *, #601, .T. ) ;
#563 = CARTESIAN_POINT ( 'NONE',  ( 12.99999999999995914, 0.000000000000000000, 830.0000000000001137 ) ) ;
#564 = EDGE_CURVE ( 'NONE', #392, #82, #1730, .T. ) ;
#565 = EDGE_LOOP ( 'NONE', ( #2132, #971, #2774, #268 ) ) ;
#566 = ADVANCED_FACE ( 'NONE', ( #419 ), #2265, .T. ) ;
#567 = CARTESIAN_POINT ( 'NONE',  ( -15.00000000000003730, 2.000000000000000444, 10.00000000000000000 ) ) ;
#568 = LOCAL_TIME ( 14, 42, 54.00000000000000000, #2051 ) ;
#569 = ORIENTED_EDGE ( 'NONE', *, *, #1547, .T. ) ;
#570 = DIRECTION ( 'NONE',  ( 0.000000000000000000, 0.000000000000000000, 1.000000000000000000 ) ) ;
#571 = LINE ( 'NONE', #457, #74 ) ;
#572 = EDGE_LOOP ( 'NONE', ( #480, #1024, #2389, #428 ) ) ;
#573 = VECTOR ( 'NONE', #1288, 1000.000000000000000 ) ;
#574 = ORIENTED_EDGE ( 'NONE', *, *, #1020, .T. ) ;
#575 = CARTESIAN_POINT ( 'NONE',  ( 99.99999999999998579, 16.00000000000001421, 72.00000000000001421 ) ) ;
#576 = ORIENTED_EDGE ( 'NONE', *, *, #2517, .T. ) ;
#577 = ADVANCED_FACE ( 'NONE', ( #2408 ), #588, .T. ) ;
#578 = DIRECTION ( 'NONE',  ( 0.000000000000000000, -1.000000000000000000, 0.000000000000000000 ) ) ;
#579 = VERTEX_POINT ( 'NONE', #1619 ) ;
#580 = CC_DESIGN_SECURITY_CLASSIFICATION ( #544, ( #2255 ) ) ;
#581 = EDGE_LOOP ( 'NONE', ( #1128, #783, #1939, #1102 ) ) ;
#582 = VECTOR ( 'NONE', #1203, 1000.000000000000000 ) ;
#583 = MANIFOLD_SOLID_BREP ( '圆角2', #147 ) ;
#584 = EDGE_CURVE ( 'NONE', #2195, #1186, #2359, .T. ) ;
#585 = AXIS2_PLACEMENT_3D ( 'NONE', #1465, #2574, #876 ) ;
#586 = VECTOR ( 'NONE', #943, 1000.000000000000000 ) ;
#587 = CARTESIAN_POINT ( 'NONE',  ( 259.9999999999998863, 0.000000000000000000, 30.00000000000000000 ) ) ;
#588 = CYLINDRICAL_SURFACE ( 'NONE', #322, 2.000000000000000000 ) ;
#589 = ADVANCED_FACE ( 'NONE', ( #927 ), #539, .F. ) ;
#590 = PERSON_AND_ORGANIZATION ( #178, #1059 ) ;
#591 = COORDINATED_UNIVERSAL_TIME_OFFSET ( 8, 0, .AHEAD. ) ;
#592 = LINE ( 'NONE', #284, #1299 ) ;
#593 = VERTEX_POINT ( 'NONE', #2256 ) ;
#594 = ORIENTED_EDGE ( 'NONE', *, *, #601, .F. ) ;
#595 = CARTESIAN_POINT ( 'NONE',  ( -290.0000000000000568, 1169.999999999999318, 869.9999999999998863 ) ) ;
#596 = DIRECTION ( 'NONE',  ( 1.000000000000000000, 0.000000000000000000, 0.000000000000000000 ) ) ;
#597 = DATE_AND_TIME ( #2370, #1461 ) ;
#598 = ORIENTED_EDGE ( 'NONE', *, *, #1492, .T. ) ;
#599 = VERTEX_POINT ( 'NONE', #357 ) ;
#600 = EDGE_CURVE ( 'NONE', #2035, #1166, #359, .T. ) ;
#601 = EDGE_CURVE ( 'NONE', #2213, #1948, #858, .T. ) ;
#602 =( NAMED_UNIT ( * ) PLANE_ANGLE_UNIT ( ) SI_UNIT ( $, .RADIAN. ) );
#603 = DIRECTION ( 'NONE',  ( 0.000000000000000000, 0.000000000000000000, 1.000000000000000000 ) ) ;
#604 = VECTOR ( 'NONE', #434, 1000.000000000000000 ) ;
#605 = CARTESIAN_POINT ( 'NONE',  ( -290.0000000000003411, 1199.999999999999545, 899.9999999999998863 ) ) ;
#606 = PRODUCT ( '柜筒', '柜筒', '', ( #2188 ) ) ;
#607 = VECTOR ( 'NONE', #1689, 1000.000000000000000 ) ;
#608 = ORIENTED_EDGE ( 'NONE', *, *, #1067, .F. ) ;
#609 = VERTEX_POINT ( 'NONE', #1848 ) ;
#610 = ORIENTED_EDGE ( 'NONE', *, *, #335, .T. ) ;
#611 = ORIENTED_EDGE ( 'NONE', *, *, #2080, .T. ) ;
#612 = DIRECTION ( 'NONE',  ( -1.000000000000000000, 0.000000000000000000, 0.000000000000000000 ) ) ;
#613 = LINE ( 'NONE', #1909, #1185 ) ;
#614 = EDGE_CURVE ( 'NONE', #818, #82, #2561, .T. ) ;
#615 = DIRECTION ( 'NONE',  ( -1.000000000000000000, 0.000000000000000000, 0.000000000000000000 ) ) ;
#616 = CARTESIAN_POINT ( 'NONE',  ( 259.9999999999998863, -345.0000000000002842, 809.9999999999998863 ) ) ;
#617 = LINE ( 'NONE', #1765, #1934 ) ;
#618 = DIRECTION ( 'NONE',  ( 1.000000000000000000, 0.000000000000000000, 0.000000000000000000 ) ) ;
#619 = FACE_OUTER_BOUND ( 'NONE', #145, .T. ) ;
#620 = AXIS2_PLACEMENT_3D ( 'NONE', #2383, #955, #1603 ) ;
#621 = CARTESIAN_POINT ( 'NONE',  ( 259.9999999999998863, -1120.000000000000227, 869.9999999999998863 ) ) ;
#622 = VERTEX_POINT ( 'NONE', #109 ) ;
#623 = CYLINDRICAL_SURFACE ( 'NONE', #1018, 8.000000000000000000 ) ;
#624 = COORDINATED_UNIVERSAL_TIME_OFFSET ( 8, 0, .AHEAD. ) ;
#625 = DIRECTION ( 'NONE',  ( 0.000000000000000000, 0.6246950475544241765, 0.7808688094430303872 ) ) ;
#626 = DIRECTION ( 'NONE',  ( -1.000000000000000000, 0.000000000000000000, 0.000000000000000000 ) ) ;
#627 = PERSON_AND_ORGANIZATION ( #1912, #1163 ) ;
#628 = ORIENTED_EDGE ( 'NONE', *, *, #1955, .F. ) ;
#629 = DIRECTION ( 'NONE',  ( 0.000000000000000000, 0.000000000000000000, 1.000000000000000000 ) ) ;
#630 = VERTEX_POINT ( 'NONE', #993 ) ;
#631 = CC_DESIGN_DATE_AND_TIME_ASSIGNMENT ( #1272, #1756, ( #544 ) ) ;
#632 = CARTESIAN_POINT ( 'NONE',  ( 289.9999999999998863, -1199.999999999999773, 30.00000000000000000 ) ) ;
#633 = DIRECTION ( 'NONE',  ( 0.000000000000000000, 0.000000000000000000, -1.000000000000000000 ) ) ;
#634 = EDGE_CURVE ( 'NONE', #1375, #2471, #655, .T. ) ;
#635 = VECTOR ( 'NONE', #239, 1000.000000000000000 ) ;
#636 =( NAMED_UNIT ( * ) SI_UNIT ( $, .STERADIAN. ) SOLID_ANGLE_UNIT ( ) );
#637 = CARTESIAN_POINT ( 'NONE',  ( -13.00000000000003730, 2.000000000000000000, 10.00000000000000000 ) ) ;
#638 = LINE ( 'NONE', #1965, #111 ) ;
#639 = DIRECTION ( 'NONE',  ( 0.000000000000000000, -0.7808688094430303872, 0.6246950475544242876 ) ) ;
#640 = ORIENTED_EDGE ( 'NONE', *, *, #2315, .T. ) ;
#641 = DIRECTION ( 'NONE',  ( -0.000000000000000000, -0.000000000000000000, 1.000000000000000000 ) ) ;
#642 = CARTESIAN_POINT ( 'NONE',  ( 259.9999999999998863, -175.0000000000002558, 90.00000000000000000 ) ) ;
#643 = ORIENTED_EDGE ( 'NONE', *, *, #719, .T. ) ;
#644 = ORIENTED_EDGE ( 'NONE', *, *, #513, .F. ) ;
#645 = VECTOR ( 'NONE', #2281, 1000.000000000000000 ) ;
#646 = CARTESIAN_POINT ( 'NONE',  ( -15.00000000000001243, 96.00000000000000000, 830.0000000000001137 ) ) ;
#647 = EDGE_LOOP ( 'NONE', ( #2492, #1248, #2432, #554 ) ) ;
#648 = VECTOR ( 'NONE', #524, 1000.000000000000000 ) ;
#649 = CARTESIAN_POINT ( 'NONE',  ( -9.999999999999998224, 28.99999999999999645, 10.00000000000000000 ) ) ;
#650 = EDGE_CURVE ( 'NONE', #1444, #548, #302, .T. ) ;
#651 = CARTESIAN_POINT ( 'NONE',  ( 1100.535543567313880, -345.0000000000002842, 90.00000000000005684 ) ) ;
#652 = EDGE_CURVE ( 'NONE', #1142, #2619, #1291, .T. ) ;
#653 = CARTESIAN_POINT ( 'NONE',  ( 358.0000000000000000, -77.00000000000000000, -247.5000000000000000 ) ) ;
#654 = LINE ( 'NONE', #1171, #1657 ) ;
#655 = LINE ( 'NONE', #2485, #1075 ) ;
#656 = PLANE ( 'NONE',  #1365 ) ;
#657 = COORDINATED_UNIVERSAL_TIME_OFFSET ( 8, 0, .AHEAD. ) ;
#658 = AXIS2_PLACEMENT_3D ( 'NONE', #1202, #2692, #2653 ) ;
#659 = ITEM_DEFINED_TRANSFORMATION ( 'NONE', 'NONE', #315,  #1553 ) ;
#660 = DIRECTION ( 'NONE',  ( -1.000000000000000000, 0.000000000000000000, 0.000000000000000000 ) ) ;
#661 = ORIENTED_EDGE ( 'NONE', *, *, #564, .F. ) ;
#662 = ORIENTED_EDGE ( 'NONE', *, *, #400, .T. ) ;
#663 = ORIENTED_EDGE ( 'NONE', *, *, #223, .T. ) ;
#664 = DIRECTION ( 'NONE',  ( 0.000000000000000000, -1.000000000000000000, -2.467162276944792422E-16 ) ) ;
#665 = APPROVAL_STATUS ( 'not_yet_approved' ) ;
#666 = APPROVAL_DATE_TIME ( #1233, #264 ) ;
#667 = ORIENTED_EDGE ( 'NONE', *, *, #107, .T. ) ;
#668 = CARTESIAN_POINT ( 'NONE',  ( 259.9999999999998863, 0.000000000000000000, 30.00000000000000000 ) ) ;
#669 = CARTESIAN_POINT ( 'NONE',  ( -210.0000000000000853, -145.0000000000002274, 30.00000000000000355 ) ) ;
#670 = EDGE_CURVE ( 'NONE', #1198, #1586, #2444, .T. ) ;
#671 = CC_DESIGN_SECURITY_CLASSIFICATION ( #951, ( #2778 ) ) ;
#672 = DIRECTION ( 'NONE',  ( 0.000000000000000000, 1.000000000000000000, 2.643388153869421297E-16 ) ) ;
#673 = CARTESIAN_POINT ( 'NONE',  ( 14.99999999999996092, 0.000000000000000000, 0.000000000000000000 ) ) ;
#674 = CARTESIAN_POINT ( 'NONE',  ( 357.9999999999999432, -107.0000000000000000, -716.1571056688609360 ) ) ;
#675 = CARTESIAN_POINT ( 'NONE',  ( -339.9999999999998863, -60.99999999999995737, 0.000000000000000000 ) ) ;
#676 = PERSON_AND_ORGANIZATION_ROLE ( 'design_supplier' ) ;
#677 = LINE ( 'NONE', #869, #30 ) ;
#678 = EDGE_LOOP ( 'NONE', ( #424, #2101, #1403, #517 ) ) ;
#679 = CARTESIAN_POINT ( 'NONE',  ( 259.9999999999998863, -375.0000000000002274, 809.9999999999998863 ) ) ;
#680 = FACE_OUTER_BOUND ( 'NONE', #287, .T. ) ;
#681 = DIRECTION ( 'NONE',  ( 0.000000000000000000, 0.000000000000000000, 1.000000000000000000 ) ) ;
#682 = AXIS2_PLACEMENT_3D ( 'NONE', #426, #839, #1926 ) ;
#683 = ORIENTED_EDGE ( 'NONE', *, *, #1492, .F. ) ;
#684 = ORIENTED_EDGE ( 'NONE', *, *, #2709, .T. ) ;
#685 = CARTESIAN_POINT ( 'NONE',  ( -100.0000000000000142, 7.999999999999989342, 72.00000000000001421 ) ) ;
#686 = VERTEX_POINT ( 'NONE', #563 ) ;
#687 = CLOSED_SHELL ( 'NONE', ( #2717, #996, #1443, #806, #1418, #768, #1201, #2514, #150, #381, #1220, #2728, #343, #2711, #1883, #795, #1208, #1015, #2504, #555, #577, #2284 ) ) ;
#688 = DIRECTION ( 'NONE',  ( 0.000000000000000000, -0.000000000000000000, -1.000000000000000000 ) ) ;
#689 = APPROVAL_ROLE ( '' ) ;
#690 = LINE ( 'NONE', #800, #1513 ) ;
#691 = CARTESIAN_POINT ( 'NONE',  ( -290.0000000000003411, 765.0000000000000000, 869.9999999999998863 ) ) ;
#692 = DIRECTION ( 'NONE',  ( 0.000000000000000000, 0.000000000000000000, -1.000000000000000000 ) ) ;
#693 = LINE ( 'NONE', #2172, #2397 ) ;
#694 = VERTEX_POINT ( 'NONE', #2068 ) ;
#695 = DIRECTION ( 'NONE',  ( 0.000000000000000000, 1.000000000000000000, -0.000000000000000000 ) ) ;
#696 = CC_DESIGN_APPROVAL ( #264, ( #2641 ) ) ;
#697 = CARTESIAN_POINT ( 'NONE',  ( 664.4749683231336803, -175.0000000000002558, 809.9999999999998863 ) ) ;
#698 = EDGE_CURVE ( 'NONE', #1242, #1616, #11, .T. ) ;
#699 = FACE_OUTER_BOUND ( 'NONE', #358, .T. ) ;
#700 = EDGE_CURVE ( 'NONE', #2467, #2213, #1778, .T. ) ;
#701 = PLANE ( 'NONE',  #2696 ) ;
#702 = PERSON_AND_ORGANIZATION_ROLE ( 'classification_officer' ) ;
#703 = ORIENTED_EDGE ( 'NONE', *, *, #1506, .T. ) ;
#704 = VECTOR ( 'NONE', #2292, 1000.000000000000000 ) ;
#705 = PERSON_AND_ORGANIZATION ( #178, #1059 ) ;
#706 = DIRECTION ( 'NONE',  ( 0.000000000000000000, 0.000000000000000000, -1.000000000000000000 ) ) ;
#707 = PERSON_AND_ORGANIZATION ( #1026, #2098 ) ;
#708 = DIRECTION ( 'NONE',  ( -1.000000000000000000, -2.312964634635742957E-16, 0.000000000000000000 ) ) ;
#709 = ORIENTED_EDGE ( 'NONE', *, *, #391, .F. ) ;
#710 = ORIENTED_EDGE ( 'NONE', *, *, #2580, .T. ) ;
#711 = CARTESIAN_POINT ( 'NONE',  ( 14.99999999999998757, 96.00000000000000000, 840.0000000000001137 ) ) ;
#712 = FACE_OUTER_BOUND ( 'NONE', #202, .T. ) ;
#713 = ORIENTED_EDGE ( 'NONE', *, *, #2244, .T. ) ;
#714 = CARTESIAN_POINT ( 'NONE',  ( 664.4749683231336803, -575.0000000000003411, 90.00000000000007105 ) ) ;
#715 = SECURITY_CLASSIFICATION_LEVEL ( 'unclassified' ) ;
#716 = CARTESIAN_POINT ( 'NONE',  ( -15.00000000000003730, 0.000000000000000000, 10.00000000000000000 ) ) ;
#717 = DIRECTION ( 'NONE',  ( 0.000000000000000000, 0.000000000000000000, -1.000000000000000000 ) ) ;
#718 = CARTESIAN_POINT ( 'NONE',  ( -15.00000000000001243, 96.00000000000000000, 830.0000000000001137 ) ) ;
#719 = EDGE_CURVE ( 'NONE', #1648, #1702, #2289, .T. ) ;
#720 = LINE ( 'NONE', #862, #635 ) ;
#721 = CC_DESIGN_PERSON_AND_ORGANIZATION_ASSIGNMENT ( #2259, #1325, ( #473 ) ) ;
#722 = VECTOR ( 'NONE', #2082, 1000.000000000000000 ) ;
#723 = CARTESIAN_POINT ( 'NONE',  ( 259.9999999999998863, 0.000000000000000000, 869.9999999999998863 ) ) ;
#724 = DATE_TIME_ROLE ( 'classification_date' ) ;
#725 = VERTEX_POINT ( 'NONE', #1653 ) ;
#726 = CARTESIAN_POINT ( 'NONE',  ( 1100.535543567313880, -545.0000000000002274, 30.00000000000004263 ) ) ;
#727 = ORIENTED_EDGE ( 'NONE', *, *, #670, .T. ) ;
#728 = CARTESIAN_POINT ( 'NONE',  ( 358.0000000000000000, 23.00000000000000355, -247.5000000000000000 ) ) ;
#729 = ORIENTED_EDGE ( 'NONE', *, *, #1980, .F. ) ;
#730 = LINE ( 'NONE', #901, #1864 ) ;
#731 = VERTEX_POINT ( 'NONE', #373 ) ;
#732 = LINE ( 'NONE', #1051, #2625 ) ;
#733 = DIRECTION ( 'NONE',  ( -1.000000000000000000, 1.162943112386686542E-16, 0.000000000000000000 ) ) ;
#734 = SECURITY_CLASSIFICATION_LEVEL ( 'unclassified' ) ;
#735 = ORIENTED_EDGE ( 'NONE', *, *, #382, .T. ) ;
#736 = CARTESIAN_POINT ( 'NONE',  ( -210.0000000000000853, -175.0000000000002558, 90.00000000000000000 ) ) ;
#737 = DIRECTION ( 'NONE',  ( -0.000000000000000000, -0.000000000000000000, -1.000000000000000000 ) ) ;
#738 = DIRECTION ( 'NONE',  ( -1.000000000000000000, -0.000000000000000000, -0.000000000000000000 ) ) ;
#739 = FACE_OUTER_BOUND ( 'NONE', #2617, .T. ) ;
#740 = EDGE_CURVE ( 'NONE', #2035, #2337, #1487, .T. ) ;
#741 = APPROVAL ( #1999, '未指定' ) ;
#742 = LINE ( 'NONE', #1662, #2753 ) ;
#743 = DATE_AND_TIME ( #2096, #530 ) ;
#744 = EDGE_CURVE ( 'NONE', #1882, #1007, #94, .T. ) ;
#745 = DATE_TIME_ROLE ( 'classification_date' ) ;
#747 = CARTESIAN_POINT ( 'NONE',  ( -100.0000000000000142, -16.00000000000000711, 72.00000000000001421 ) ) ;
#746 = VECTOR ( 'NONE', #60, 1000.000000000000000 ) ;
#748 = EDGE_LOOP ( 'NONE', ( #176, #248, #2482, #1180 ) ) ;
#749 = COORDINATED_UNIVERSAL_TIME_OFFSET ( 8, 0, .AHEAD. ) ;
#750 = ORIENTED_EDGE ( 'NONE', *, *, #123, .T. ) ;
#751 = EDGE_LOOP ( 'NONE', ( #396, #1164, #337, #546 ) ) ;
#752 = CARTESIAN_POINT ( 'NONE',  ( -100.0000000000000142, 7.999999999999989342, 64.00000000000000000 ) ) ;
#753 = PRODUCT_DEFINITION_SHAPE ( 'NONE', 'NONE',  #2778 ) ;
#754 = DIRECTION ( 'NONE',  ( 0.000000000000000000, -1.000000000000000000, 1.387778780781445922E-16 ) ) ;
#755 = CARTESIAN_POINT ( 'NONE',  ( -210.0000000000000853, -63.89081592605361237, 30.00000000000000355 ) ) ;
#756 = LINE ( 'NONE', #1584, #967 ) ;
#757 = VECTOR ( 'NONE', #1900, 1000.000000000000000 ) ;
#758 = EDGE_CURVE ( 'NONE', #1142, #2195, #1259, .T. ) ;
#759 = EDGE_LOOP ( 'NONE', ( #799, #774, #1649, #1300, #1417, #2712, #1057, #1898 ) ) ;
#760 = VERTEX_POINT ( 'NONE', #1261 ) ;
#761 = VECTOR ( 'NONE', #398, 1000.000000000000000 ) ;
#762 = VERTEX_POINT ( 'NONE', #807 ) ;
#763 = CARTESIAN_POINT ( 'NONE',  ( 99.99999999999998579, -15.99999999999998579, 22.00000000000000000 ) ) ;
#764 = FACE_OUTER_BOUND ( 'NONE', #2006, .T. ) ;
#765 = ORIENTED_EDGE ( 'NONE', *, *, #1378, .T. ) ;
#766 = VECTOR ( 'NONE', #1097, 1000.000000000000000 ) ;
#767 = ORIENTED_EDGE ( 'NONE', *, *, #2606, .F. ) ;
#768 = ADVANCED_FACE ( 'NONE', ( #1940 ), #2322, .F. ) ;
#769 = LINE ( 'NONE', #2333, #855 ) ;
#770 = DIRECTION ( 'NONE',  ( -0.000000000000000000, -1.000000000000000000, -0.000000000000000000 ) ) ;
#771 = EDGE_CURVE ( 'NONE', #1648, #579, #1049, .T. ) ;
#772 = DATE_AND_TIME ( #1910, #2531 ) ;
#773 = COORDINATED_UNIVERSAL_TIME_OFFSET ( 8, 0, .AHEAD. ) ;
#774 = ORIENTED_EDGE ( 'NONE', *, *, #436, .F. ) ;
#775 = ORIENTED_EDGE ( 'NONE', *, *, #864, .T. ) ;
#776 = DIRECTION ( 'NONE',  ( -1.000000000000000000, -0.000000000000000000, -0.000000000000000000 ) ) ;
#777 = FACE_OUTER_BOUND ( 'NONE', #2237, .T. ) ;
#778 = ORIENTED_EDGE ( 'NONE', *, *, #836, .T. ) ;
#779 = ADVANCED_FACE ( 'NONE', ( #526 ), #623, .F. ) ;
#780 = LINE ( 'NONE', #1669, #1175 ) ;
#781 = CARTESIAN_POINT ( 'NONE',  ( -210.0000000000000853, -575.0000000000003411, 90.00000000000007105 ) ) ;
#782 = PRODUCT_RELATED_PRODUCT_CATEGORY ( 'detail', '', ( #390 ) ) ;
#783 = ORIENTED_EDGE ( 'NONE', *, *, #2586, .T. ) ;
#784 = ORIENTED_EDGE ( 'NONE', *, *, #1906, .F. ) ;
#785 = ADVANCED_FACE ( 'NONE', ( #1876 ), #2532, .F. ) ;
#786 = EDGE_CURVE ( 'NONE', #407, #61, #742, .T. ) ;
#787 = ORIENTED_EDGE ( 'NONE', *, *, #2507, .F. ) ;
#788 = DIRECTION ( 'NONE',  ( -1.000000000000000000, 2.710505431213761085E-16, 0.000000000000000000 ) ) ;
#789 = LINE ( 'NONE', #825, #146 ) ;
#790 = AXIS2_PLACEMENT_3D ( 'NONE', #1074, #1729, #2116 ) ;
#791 = ORIENTED_EDGE ( 'NONE', *, *, #1338, .T. ) ;
#792 = LINE ( 'NONE', #459, #766 ) ;
#793 = DIRECTION ( 'NONE',  ( -1.000000000000000000, 0.000000000000000000, 0.000000000000000000 ) ) ;
#794 = LINE ( 'NONE', #25, #2125 ) ;
#795 = ADVANCED_FACE ( 'NONE', ( #2158 ), #1240, .T. ) ;
#796 = VECTOR ( 'NONE', #545, 1000.000000000000000 ) ;
#797 = DIRECTION ( 'NONE',  ( 1.214306433183764966E-16, -1.000000000000000000, 0.000000000000000000 ) ) ;
#798 = PERSON_AND_ORGANIZATION ( #178, #1059 ) ;
#799 = ORIENTED_EDGE ( 'NONE', *, *, #1797, .T. ) ;
#800 = CARTESIAN_POINT ( 'NONE',  ( 0.000000000000000000, -1120.000000000000227, 869.9999999999998863 ) ) ;
#801 = DIRECTION ( 'NONE',  ( -4.336808689942017120E-17, 1.000000000000000000, 0.000000000000000000 ) ) ;
#802 = LINE ( 'NONE', #1511, #1880 ) ;
#803 = EDGE_CURVE ( 'NONE', #2705, #1444, #1842, .T. ) ;
#804 = ORIENTED_EDGE ( 'NONE', *, *, #1867, .T. ) ;
#805 = DIRECTION ( 'NONE',  ( 0.000000000000000000, -1.000000000000000000, 0.000000000000000000 ) ) ;
#806 = ADVANCED_FACE ( 'NONE', ( #128 ), #2084, .F. ) ;
#807 = CARTESIAN_POINT ( 'NONE',  ( 259.9999999999998863, 795.0000000000001137, 30.00000000000000000 ) ) ;
#808 = VERTEX_POINT ( 'NONE', #1001 ) ;
#809 = FACE_OUTER_BOUND ( 'NONE', #2020, .T. ) ;
#810 = CARTESIAN_POINT ( 'NONE',  ( -40.68457252124202483, -14.91991869918654601, -715.0000000000000000 ) ) ;
#811 = VECTOR ( 'NONE', #1703, 1000.000000000000000 ) ;
#812 = DIRECTION ( 'NONE',  ( 0.000000000000000000, -0.000000000000000000, -1.000000000000000000 ) ) ;
#813 = ORIENTED_EDGE ( 'NONE', *, *, #1694, .F. ) ;
#814 = EDGE_CURVE ( 'NONE', #2348, #2330, #191, .T. ) ;
#815 = ORIENTED_EDGE ( 'NONE', *, *, #1836, .F. ) ;
#816 = PRODUCT_RELATED_PRODUCT_CATEGORY ( 'detail', '', ( #1460 ) ) ;
#817 = DIRECTION ( 'NONE',  ( 0.000000000000000000, -0.000000000000000000, -1.000000000000000000 ) ) ;
#818 = VERTEX_POINT ( 'NONE', #605 ) ;
#819 = ORIENTED_EDGE ( 'NONE', *, *, #1735, .F. ) ;
#820 = VECTOR ( 'NONE', #895, 1000.000000000000000 ) ;
#821 = EDGE_CURVE ( 'NONE', #547, #2217, #156, .T. ) ;
#822 = DIRECTION ( 'NONE',  ( 1.000000000000000000, 0.000000000000000000, 0.000000000000000000 ) ) ;
#823 = FACE_BOUND ( 'NONE', #1414, .T. ) ;
#824 = AXIS2_PLACEMENT_3D ( 'NONE', #2219, #106, #2449 ) ;
#825 = CARTESIAN_POINT ( 'NONE',  ( 259.9999999999998863, -145.0000000000002274, 30.00000000000000000 ) ) ;
#826 = LINE ( 'NONE', #2618, #1118 ) ;
#827 = DESIGN_CONTEXT ( 'detailed design', #2112, 'design' ) ;
#828 = APPROVAL_DATE_TIME ( #330, #1540 ) ;
#829 = ORIENTED_EDGE ( 'NONE', *, *, #719, .F. ) ;
#830 = ORIENTED_EDGE ( 'NONE', *, *, #1572, .F. ) ;
#831 = CC_DESIGN_PERSON_AND_ORGANIZATION_ASSIGNMENT ( #934, #1783, ( #2255 ) ) ;
#832 = DIRECTION ( 'NONE',  ( -0.000000000000000000, 0.000000000000000000, -1.000000000000000000 ) ) ;
#833 = SHAPE_REPRESENTATION_RELATIONSHIP ( 'NONE' , 'NONE' ,  #484, #1286 ) ;
#834 = EDGE_LOOP ( 'NONE', ( #509, #1342, #2534, #1782 ) ) ;
#835 = AXIS2_PLACEMENT_3D ( 'NONE', #2021, #1579, #2426 ) ;
#836 = EDGE_CURVE ( 'NONE', #1473, #2391, #2258, .T. ) ;
#837 = ORIENTED_EDGE ( 'NONE', *, *, #368, .T. ) ;
#838 = DIRECTION ( 'NONE',  ( 1.224646799147353207E-16, 1.500301384628590373E-16, 1.000000000000000000 ) ) ;
#839 = DIRECTION ( 'NONE',  ( 0.000000000000000000, 1.000000000000000000, -0.000000000000000000 ) ) ;
#840 = VECTOR ( 'NONE', #1125, 1000.000000000000000 ) ;
#841 = DIRECTION ( 'NONE',  ( 0.000000000000000000, -0.000000000000000000, 1.000000000000000000 ) ) ;
#842 = CARTESIAN_POINT ( 'NONE',  ( -100.0000000000000142, -16.00000000000000711, 22.00000000000000000 ) ) ;
#843 = VECTOR ( 'NONE', #1945, 1000.000000000000000 ) ;
#844 = ORIENTED_EDGE ( 'NONE', *, *, #1292, .T. ) ;
#845 = ORIENTED_EDGE ( 'NONE', *, *, #223, .F. ) ;
#846 = DIRECTION ( 'NONE',  ( 1.000000000000000000, 0.000000000000000000, 0.000000000000000000 ) ) ;
#847 = ORIENTED_EDGE ( 'NONE', *, *, #740, .T. ) ;
#848 = CARTESIAN_POINT ( 'NONE',  ( -188.0000000000001705, -345.0000000000002842, 809.9999999999998863 ) ) ;
#849 = LINE ( 'NONE', #2481, #2685 ) ;
#850 = EDGE_CURVE ( 'NONE', #2378, #2450, #525, .T. ) ;
#851 = CARTESIAN_POINT ( 'NONE',  ( 12.99999999999995914, 0.000000000000000000, 10.00000000000000000 ) ) ;
#852 = PLANE ( 'NONE',  #929 ) ;
#853 = VECTOR ( 'NONE', #1305, 1000.000000000000000 ) ;
#854 = DIRECTION ( 'NONE',  ( 0.000000000000000000, 1.000000000000000000, 0.000000000000000000 ) ) ;
#855 = VECTOR ( 'NONE', #1044, 1000.000000000000000 ) ;
#856 = CARTESIAN_POINT ( 'NONE',  ( -358.0000000000000568, -107.0000000000000000, 0.000000000000000000 ) ) ;
#857 = VERTEX_POINT ( 'NONE', #1109 ) ;
#858 = LINE ( 'NONE', #1612, #2503 ) ;
#859 = CARTESIAN_POINT ( 'NONE',  ( 259.9999999999998863, -175.0000000000002558, 90.00000000000000000 ) ) ;
#860 = CARTESIAN_POINT ( 'NONE',  ( 357.9999999999999432, 92.00000000000000000, 22.00000000000000000 ) ) ;
#861 = COORDINATED_UNIVERSAL_TIME_OFFSET ( 8, 0, .AHEAD. ) ;
#862 = CARTESIAN_POINT ( 'NONE',  ( 289.9999999999998863, -1199.999999999999773, 0.000000000000000000 ) ) ;
#863 = ORIENTED_EDGE ( 'NONE', *, *, #2036, .F. ) ;
#864 = EDGE_CURVE ( 'NONE', #1862, #2261, #553, .T. ) ;
#865 = DIRECTION ( 'NONE',  ( -0.000000000000000000, 0.6246950475544241765, 0.7808688094430302762 ) ) ;
#866 = CC_DESIGN_DATE_AND_TIME_ASSIGNMENT ( #305, #2422, ( #1107 ) ) ;
#867 = CARTESIAN_POINT ( 'NONE',  ( 14.99999999999996092, 1.999999999999999556, 10.00000000000000000 ) ) ;
#868 = LOCAL_TIME ( 14, 42, 54.00000000000000000, #2571 ) ;
#869 = CARTESIAN_POINT ( 'NONE',  ( -358.0000000000000000, -76.99999999999991473, -247.5000000000000000 ) ) ;
#870 = EDGE_CURVE ( 'NONE', #1002, #2213, #1253, .T. ) ;
#871 = CARTESIAN_POINT ( 'NONE',  ( 259.9999999999998863, -345.0000000000002842, 90.00000000000005684 ) ) ;
#872 = CARTESIAN_POINT ( 'NONE',  ( -15.00000000000001243, 96.00000000000000000, 10.00000000000000000 ) ) ;
#873 = AXIS2_PLACEMENT_3D ( 'NONE', #246, #42, #476 ) ;
#874 = EDGE_LOOP ( 'NONE', ( #1420, #2218, #765, #1457 ) ) ;
#875 = LINE ( 'NONE', #2569, #2143 ) ;
#876 = DIRECTION ( 'NONE',  ( -1.000000000000000000, 0.000000000000000000, -0.000000000000000000 ) ) ;
#877 = DIRECTION ( 'NONE',  ( -1.214306433183764966E-16, 1.000000000000000000, 0.000000000000000000 ) ) ;
#878 = PERSON_AND_ORGANIZATION_ROLE ( 'design_owner' ) ;
#879 = EDGE_LOOP ( 'NONE', ( #1680, #975, #2714, #898 ) ) ;
#880 = ORIENTED_EDGE ( 'NONE', *, *, #2674, .T. ) ;
#881 = DIRECTION ( 'NONE',  ( 0.000000000000000000, 0.000000000000000000, 1.000000000000000000 ) ) ;
#882 = CARTESIAN_POINT ( 'NONE',  ( -10.00000000000000000, 37.00000000000000000, 10.00000000000000000 ) ) ;
#883 = ORIENTED_EDGE ( 'NONE', *, *, #187, .F. ) ;
#884 = FACE_OUTER_BOUND ( 'NONE', #1672, .T. ) ;
#885 = AXIS2_PLACEMENT_3D ( 'NONE', #7, #841, #2153 ) ;
#886 = VECTOR ( 'NONE', #846, 1000.000000000000000 ) ;
#887 = CARTESIAN_POINT ( 'NONE',  ( -9.999999999999996447, 6.999999999999999112, 840.0000000000001137 ) ) ;
#888 = DIRECTION ( 'NONE',  ( 0.000000000000000000, -0.000000000000000000, -1.000000000000000000 ) ) ;
#889 = EDGE_CURVE ( 'NONE', #1007, #622, #218, .T. ) ;
#890 = APPROVAL_STATUS ( 'not_yet_approved' ) ;
#891 = PLANE ( 'NONE',  #367 ) ;
#892 = VECTOR ( 'NONE', #2373, 1000.000000000000000 ) ;
#893 = DIRECTION ( 'NONE',  ( 1.156482317317871478E-16, -1.000000000000000000, 0.000000000000000000 ) ) ;
#894 = APPROVAL_PERSON_ORGANIZATION ( #1294, #2688, #1535 ) ;
#895 = DIRECTION ( 'NONE',  ( 2.710505431213761085E-16, 1.000000000000000000, 0.000000000000000000 ) ) ;
#896 = APPROVAL_DATE_TIME ( #2697, #2060 ) ;
#897 = EDGE_LOOP ( 'NONE', ( #2519, #2013, #1785, #165, #767, #1244 ) ) ;
#898 = ORIENTED_EDGE ( 'NONE', *, *, #1713, .F. ) ;
#899 = PLANE ( 'NONE',  #1641 ) ;
#900 = PERSON_AND_ORGANIZATION_ROLE ( 'creator' ) ;
#901 = CARTESIAN_POINT ( 'NONE',  ( 664.4749683231336803, -545.0000000000002274, 90.00000000000005684 ) ) ;
#902 = ORIENTED_EDGE ( 'NONE', *, *, #1155, .T. ) ;
#903 = CARTESIAN_POINT ( 'NONE',  ( -210.0000000000000853, -575.0000000000003411, 30.00000000000004263 ) ) ;
#904 = EDGE_CURVE ( 'NONE', #198, #2568, #693, .T. ) ;
#905 = APPROVAL ( #890, '未指定' ) ;
#906 = CARTESIAN_POINT ( 'NONE',  ( 14.99999999999998757, 96.00000000000000000, 840.0000000000001137 ) ) ;
#907 = APPROVAL_ROLE ( '' ) ;
#908 = LINE ( 'NONE', #2558, #1174 ) ;
#909 = CARTESIAN_POINT ( 'NONE',  ( 99.99999999999998579, 14.24695047554426353, 49.80868809443033740 ) ) ;
#910 = DIRECTION ( 'NONE',  ( -1.000000000000000000, 0.000000000000000000, 0.000000000000000000 ) ) ;
#911 = LINE ( 'NONE', #205, #573 ) ;
#912 = CARTESIAN_POINT ( 'NONE',  ( -290.0000000000001137, -1199.999999999999773, 0.000000000000000000 ) ) ;
#913 = AXIS2_PLACEMENT_3D ( 'NONE', #519, #1372, #2028 ) ;
#914 = ORIENTED_EDGE ( 'NONE', *, *, #35, .T. ) ;
#915 = ORIENTED_EDGE ( 'NONE', *, *, #240, .F. ) ;
#916 = ORIENTED_EDGE ( 'NONE', *, *, #86, .F. ) ;
#917 = MECHANICAL_CONTEXT ( 'NONE', #454, 'mechanical' ) ;
#918 = LINE ( 'NONE', #747, #551 ) ;
#919 = CARTESIAN_POINT ( 'NONE',  ( -2.000000000000000000, 37.00000000000000000, 10.00000000000000000 ) ) ;
#920 = FACE_OUTER_BOUND ( 'NONE', #1048, .T. ) ;
#921 = PLANE ( 'NONE',  #124 ) ;
#922 = CC_DESIGN_DATE_AND_TIME_ASSIGNMENT ( #2023, #2400, ( #1296 ) ) ;
#923 = VECTOR ( 'NONE', #506, 1000.000000000000000 ) ;
#924 = ORIENTED_EDGE ( 'NONE', *, *, #499, .T. ) ;
#925 = EDGE_CURVE ( 'NONE', #1193, #104, #1724, .T. ) ;
#926 = ORIENTED_EDGE ( 'NONE', *, *, #1997, .F. ) ;
#927 = FACE_OUTER_BOUND ( 'NONE', #2163, .T. ) ;
#928 = CARTESIAN_POINT ( 'NONE',  ( 339.9999999999999432, -60.99999999999995737, -229.5000000000000284 ) ) ;
#929 = AXIS2_PLACEMENT_3D ( 'NONE', #224, #416, #2542 ) ;
#930 = CARTESIAN_POINT ( 'NONE',  ( 289.9999999999999432, -1199.999999999999773, 899.9999999999996589 ) ) ;
#931 = CONTEXT_DEPENDENT_SHAPE_REPRESENTATION ( #2223, #375 ) ;
#932 = LINE ( 'NONE', #2418, #361 ) ;
#933 = VERTEX_POINT ( 'NONE', #1339 ) ;
#934 = PERSON_AND_ORGANIZATION ( #178, #1059 ) ;
#935 = ORIENTED_EDGE ( 'NONE', *, *, #2606, .T. ) ;
#936 = DIRECTION ( 'NONE',  ( -1.000000000000000000, -1.214306433183764966E-16, -1.517883041479706208E-16 ) ) ;
#937 = DIRECTION ( 'NONE',  ( 0.000000000000000000, 0.000000000000000000, -1.000000000000000000 ) ) ;
#938 = EDGE_CURVE ( 'NONE', #1868, #2387, #410, .T. ) ;
#939 = LINE ( 'NONE', #714, #2304 ) ;
#940 = DIRECTION ( 'NONE',  ( 1.000000000000000000, 0.000000000000000000, 0.000000000000000000 ) ) ;
#941 =( REPRESENTATION_RELATIONSHIP ('NONE','NONE', #1411, #2283 ) REPRESENTATION_RELATIONSHIP_WITH_TRANSFORMATION ( #659 )SHAPE_REPRESENTATION_RELATIONSHIP( ) );
#942 = CARTESIAN_POINT ( 'NONE',  ( -339.9999999999999432, -60.99999999999995737, -229.4999999999999716 ) ) ;
#943 = DIRECTION ( 'NONE',  ( 0.000000000000000000, 1.000000000000000000, 0.000000000000000000 ) ) ;
#944 = EDGE_LOOP ( 'NONE', ( #2346, #926, #2277, #2518 ) ) ;
#945 = ORIENTED_EDGE ( 'NONE', *, *, #1594, .F. ) ;
#946 = DIRECTION ( 'NONE',  ( -1.000000000000000000, 0.000000000000000000, 0.000000000000000000 ) ) ;
#947 = ORIENTED_EDGE ( 'NONE', *, *, #1243, .T. ) ;
#948 = VECTOR ( 'NONE', #578, 1000.000000000000000 ) ;
#949 = PLANE ( 'NONE',  #1096 ) ;
#950 = EDGE_CURVE ( 'NONE', #2758, #1444, #978, .T. ) ;
#951 = SECURITY_CLASSIFICATION ( '', '', #734 ) ;
#952 = CARTESIAN_POINT ( 'NONE',  ( -15.00000000000003730, 0.000000000000000000, 840.0000000000001137 ) ) ;
#953 = VECTOR ( 'NONE', #10, 1000.000000000000000 ) ;
#954 = COORDINATED_UNIVERSAL_TIME_OFFSET ( 8, 0, .AHEAD. ) ;
#955 = DIRECTION ( 'NONE',  ( 0.000000000000000000, -0.000000000000000000, 1.000000000000000000 ) ) ;
#956 = EDGE_CURVE ( 'NONE', #2693, #694, #617, .T. ) ;
#957 = APPROVAL_PERSON_ORGANIZATION ( #1524, #1622, #518 ) ;
#958 = CARTESIAN_POINT ( 'NONE',  ( -13.00000000000003730, 2.000000000000001776, 840.0000000000001137 ) ) ;
#959 = AXIS2_PLACEMENT_3D ( 'NONE', #1595, #2456, #318 ) ;
#960 = ORIENTED_EDGE ( 'NONE', *, *, #970, .F. ) ;
#961 = CARTESIAN_POINT ( 'NONE',  ( -13.00000000000003730, 2.000000000000001776, 830.0000000000001137 ) ) ;
#962 = DATE_AND_TIME ( #2455, #235 ) ;
#963 = ORIENTED_EDGE ( 'NONE', *, *, #786, .T. ) ;
#964 = CARTESIAN_POINT ( 'NONE',  ( 99.99999999999998579, -7.999999999999986677, 72.00000000000001421 ) ) ;
#965 = APPROVAL ( #1126, '未指定' ) ;
#966 = CARTESIAN_POINT ( 'NONE',  ( -188.0000000000000853, 0.000000000000000000, 0.000000000000000000 ) ) ;
#967 = VECTOR ( 'NONE', #1045, 1000.000000000000000 ) ;
#968 = ORIENTED_EDGE ( 'NONE', *, *, #2393, .T. ) ;
#969 = VECTOR ( 'NONE', #737, 1000.000000000000000 ) ;
#970 = EDGE_CURVE ( 'NONE', #1586, #1548, #1361, .T. ) ;
#971 = ORIENTED_EDGE ( 'NONE', *, *, #470, .F. ) ;
#972 = AXIS2_PLACEMENT_3D ( 'NONE', #2345, #1493, #33 ) ;
#973 = ORIENTED_EDGE ( 'NONE', *, *, #1727, .F. ) ;
#974 = CARTESIAN_POINT ( 'NONE',  ( -339.9999999999999432, -60.99999999999995737, -229.4999999999999716 ) ) ;
#975 = ORIENTED_EDGE ( 'NONE', *, *, #1797, .F. ) ;
#976 = DIRECTION ( 'NONE',  ( -1.000000000000000000, 0.000000000000000000, 0.000000000000000000 ) ) ;
#977 = VECTOR ( 'NONE', #328, 1000.000000000000000 ) ;
#978 = LINE ( 'NONE', #1569, #2065 ) ;
#979 = ORIENTED_EDGE ( 'NONE', *, *, #1155, .F. ) ;
#980 = ADVANCED_FACE ( 'NONE', ( #2439 ), #1542, .F. ) ;
#981 = VECTOR ( 'NONE', #854, 1000.000000000000000 ) ;
#982 = CARTESIAN_POINT ( 'NONE',  ( 12.99999999999996092, 2.000000000000000000, 10.00000000000000000 ) ) ;
#983 = EDGE_CURVE ( 'NONE', #1387, #104, #792, .T. ) ;
#984 = ORIENTED_EDGE ( 'NONE', *, *, #86, .T. ) ;
#985 = LINE ( 'NONE', #1177, #1425 ) ;
#986 = LOCAL_TIME ( 14, 42, 54.00000000000000000, #1564 ) ;
#987 = PERSON_AND_ORGANIZATION ( #2323, #1567 ) ;
#988 = ORIENTED_EDGE ( 'NONE', *, *, #1392, .F. ) ;
#989 = EDGE_LOOP ( 'NONE', ( #132, #787, #594, #1281, #500, #1964, #346, #183 ) ) ;
#990 = VERTEX_POINT ( 'NONE', #711 ) ;
#991 = ADVANCED_FACE ( 'NONE', ( #920 ), #1330, .T. ) ;
#992 = CARTESIAN_POINT ( 'NONE',  ( 99.99999999999998579, -7.999999999999986677, 64.00000000000000000 ) ) ;
#993 = CARTESIAN_POINT ( 'NONE',  ( 12.99999999999995914, 0.000000000000000000, 840.0000000000001137 ) ) ;
#994 = APPROVAL_DATE_TIME ( #962, #965 ) ;
#995 = ORIENTED_EDGE ( 'NONE', *, *, #2567, .T. ) ;
#996 = ADVANCED_FACE ( 'NONE', ( #2686 ), #2644, .F. ) ;
#997 = CARTESIAN_POINT ( 'NONE',  ( 14.99999999999996092, 1.999999999999999556, 830.0000000000001137 ) ) ;
#998 = EDGE_CURVE ( 'NONE', #366, #630, #184, .T. ) ;
#999 = VECTOR ( 'NONE', #2120, 1000.000000000000000 ) ;
#1000 = SECURITY_CLASSIFICATION ( '', '', #715 ) ;
#1001 = CARTESIAN_POINT ( 'NONE',  ( -358.0000000000000568, -107.0000000000000000, 0.000000000000000000 ) ) ;
#1002 = VERTEX_POINT ( 'NONE', #1598 ) ;
#1003 = ADVANCED_FACE ( 'NONE', ( #1837 ), #323, .T. ) ;
#1004 = EDGE_CURVE ( 'NONE', #462, #536, #352, .T. ) ;
#1005 = VERTEX_POINT ( 'NONE', #1814 ) ;
#1006 = AXIS2_PLACEMENT_3D ( 'NONE', #2053, #788, #1346 ) ;
#1007 = VERTEX_POINT ( 'NONE', #1143 ) ;
#1008 = CARTESIAN_POINT ( 'NONE',  ( 1100.535543567313880, -375.0000000000002842, 90.00000000000005684 ) ) ;
#1009 = VECTOR ( 'NONE', #90, 1000.000000000000000 ) ;
#1010 = CARTESIAN_POINT ( 'NONE',  ( -15.00000000000003730, 0.000000000000000000, 10.00000000000000000 ) ) ;
#1011 = CARTESIAN_POINT ( 'NONE',  ( 14.99999999999998757, 96.00000000000000000, 830.0000000000001137 ) ) ;
#1012 = VECTOR ( 'NONE', #1627, 1000.000000000000000 ) ;
#1013 = PRODUCT_DEFINITION ( '未知', '', #531, #2166 ) ;
#1014 = CARTESIAN_POINT ( 'NONE',  ( 10.00000000000000711, 7.000000000000000000, 840.0000000000001137 ) ) ;
#1015 = ADVANCED_FACE ( 'NONE', ( #1039 ), #2251, .T. ) ;
#1016 = CALENDAR_DATE ( 2026, 2, 6 ) ;
#1017 = CARTESIAN_POINT ( 'NONE',  ( -10.00000000000000000, 37.00000000000000000, 830.0000000000001137 ) ) ;
#1018 = AXIS2_PLACEMENT_3D ( 'NONE', #2541, #1429, #153 ) ;
#1019 = LOCAL_TIME ( 14, 42, 54.00000000000000000, #2131 ) ;
#1020 = EDGE_CURVE ( 'NONE', #1399, #1084, #2319, .T. ) ;
#1021 = ORIENTED_EDGE ( 'NONE', *, *, #2191, .T. ) ;
#1022 = CARTESIAN_POINT ( 'NONE',  ( -100.0000000000000142, -16.00000000000000711, 22.00000000000000000 ) ) ;
#1023 = PERSON_AND_ORGANIZATION ( #178, #1059 ) ;
#1024 = ORIENTED_EDGE ( 'NONE', *, *, #335, .F. ) ;
#1025 = CARTESIAN_POINT ( 'NONE',  ( 259.9999999999998863, -1199.999999999999773, 899.9999999999996589 ) ) ;
#1026 = PERSON ( 'NAUO-PER1', 'UNSPECIFIED', 'UNSPECIFIED', ('UNSPECIFIED'), ('UNSPECIFIED'), ('UNSPECIFIED') ) ;
#1027 = LINE ( 'NONE', #2206, #242 ) ;
#1028 = CARTESIAN_POINT ( 'NONE',  ( -290.0000000000000568, 1169.999999999999318, 30.00000000000000000 ) ) ;
#1029 = LINE ( 'NONE', #1919, #475 ) ;
#1030 = CARTESIAN_POINT ( 'NONE',  ( 14.99999999999998757, 96.00000000000000000, 0.000000000000000000 ) ) ;
#1031 = ORIENTED_EDGE ( 'NONE', *, *, #1713, .T. ) ;
#1032 = EDGE_CURVE ( 'NONE', #2220, #2217, #1686, .T. ) ;
#1033 = CARTESIAN_POINT ( 'NONE',  ( 259.9999999999998863, -575.0000000000003411, 30.00000000000004263 ) ) ;
#1034 = DIRECTION ( 'NONE',  ( 0.000000000000000000, 0.000000000000000000, -1.000000000000000000 ) ) ;
#1035 = EDGE_LOOP ( 'NONE', ( #2183, #2643, #1301, #1065, #1442, #1512, #829, #2599 ) ) ;
#1036 = ORIENTED_EDGE ( 'NONE', *, *, #970, .T. ) ;
#1037 = LINE ( 'NONE', #1213, #523 ) ;
#1038 = APPLICATION_CONTEXT ( 'configuration controlled 3d designs of mechanical parts and assemblies' ) ;
#1039 = FACE_OUTER_BOUND ( 'NONE', #212, .T. ) ;
#1040 = ORIENTED_EDGE ( 'NONE', *, *, #1406, .F. ) ;
#1041 = CARTESIAN_POINT ( 'NONE',  ( -100.0000000000000142, 15.99999999999998934, 52.00000000000000711 ) ) ;
#1042 = AXIS2_PLACEMENT_3D ( 'NONE', #537, #2238, #1596 ) ;
#1043 = CARTESIAN_POINT ( 'NONE',  ( -188.0000000000000853, -311.1571300390681927, 809.9999999999998863 ) ) ;
#1044 = DIRECTION ( 'NONE',  ( -1.000000000000000000, 0.000000000000000000, 0.000000000000000000 ) ) ;
#1045 = DIRECTION ( 'NONE',  ( -0.000000000000000000, -1.000000000000000000, -0.000000000000000000 ) ) ;
#1046 = VECTOR ( 'NONE', #275, 1000.000000000000000 ) ;
#1047 = DIRECTION ( 'NONE',  ( -0.000000000000000000, 0.000000000000000000, 1.000000000000000000 ) ) ;
#1048 = EDGE_LOOP ( 'NONE', ( #2335, #2138, #1328, #2236, #2167, #320, #1588, #393, #2099, #308 ) ) ;
#1049 = LINE ( 'NONE', #2516, #55 ) ;
#1050 = COORDINATED_UNIVERSAL_TIME_OFFSET ( 8, 0, .AHEAD. ) ;
#1051 = CARTESIAN_POINT ( 'NONE',  ( 259.9999999999998863, 1199.999999999999545, 900.0000000000000000 ) ) ;
#1052 = ITEM_DEFINED_TRANSFORMATION ( 'NONE', 'NONE', #439,  #1553 ) ;
#1053 = ORIENTED_EDGE ( 'NONE', *, *, #1378, .F. ) ;
#1054 = VERTEX_POINT ( 'NONE', #2762 ) ;
#1055 = CC_DESIGN_PERSON_AND_ORGANIZATION_ASSIGNMENT ( #2137, #2414, ( #2772 ) ) ;
#1056 = CARTESIAN_POINT ( 'NONE',  ( 99.99999999999998579, 5.753049524455751573, 39.19131190556969813 ) ) ;
#1057 = ORIENTED_EDGE ( 'NONE', *, *, #1132, .F. ) ;
#1058 = EDGE_CURVE ( 'NONE', #1387, #2273, #1416, .T. ) ;
#1059 = ORGANIZATION ( '未指定', '未指定', '' ) ;
#1060 = CARTESIAN_POINT ( 'NONE',  ( -15.00000000000003730, 2.000000000000000444, 10.00000000000000000 ) ) ;
#1061 = PLANE ( 'NONE',  #2737 ) ;
#1062 = CARTESIAN_POINT ( 'NONE',  ( -210.0000000000000853, -175.0000000000002558, 809.9999999999998863 ) ) ;
#1063 = LINE ( 'NONE', #723, #512 ) ;
#1064 = ORIENTED_EDGE ( 'NONE', *, *, #1506, .F. ) ;
#1065 = ORIENTED_EDGE ( 'NONE', *, *, #2173, .T. ) ;
#1066 = CARTESIAN_POINT ( 'NONE',  ( -358.0000000000000000, 23.00000000000008882, -247.5000000000000000 ) ) ;
#1067 = EDGE_CURVE ( 'NONE', #131, #1198, #2498, .T. ) ;
#1068 = ORIENTED_EDGE ( 'NONE', *, *, #1406, .T. ) ;
#1069 = DIRECTION ( 'NONE',  ( -1.000000000000000000, 0.000000000000000000, 0.000000000000000000 ) ) ;
#1070 = FACE_OUTER_BOUND ( 'NONE', #944, .T. ) ;
#1071 = DIRECTION ( 'NONE',  ( 1.000000000000000000, 0.000000000000000000, 0.000000000000000000 ) ) ;
#1072 = LINE ( 'NONE', #755, #1597 ) ;
#1073 = AXIS2_PLACEMENT_3D ( 'NONE', #1626, #2700, #1419 ) ;
#1074 = CARTESIAN_POINT ( 'NONE',  ( 0.000000000000000000, -60.99999999999995737, 0.000000000000000000 ) ) ;
#1075 = VECTOR ( 'NONE', #2483, 1000.000000000000000 ) ;
#1076 = DIRECTION ( 'NONE',  ( 0.000000000000000000, -0.000000000000000000, -1.000000000000000000 ) ) ;
#1077 = CARTESIAN_POINT ( 'NONE',  ( -100.0000000000000142, 3.999999999999989786, 37.00000000000000711 ) ) ;
#1078 = APPROVAL_STATUS ( 'not_yet_approved' ) ;
#1079 = APPROVAL_PERSON_ORGANIZATION ( #1426, #741, #689 ) ;
#1080 = CARTESIAN_POINT ( 'NONE',  ( 0.000000000000000000, 0.000000000000000000, 869.9999999999998863 ) ) ;
#1081 = CALENDAR_DATE ( 2026, 2, 6 ) ;
#1082 = CARTESIAN_POINT ( 'NONE',  ( -358.0000000000000568, 23.00000000000004974, 0.000000000000000000 ) ) ;
#1083 = ORIENTED_EDGE ( 'NONE', *, *, #2276, .T. ) ;
#1084 = VERTEX_POINT ( 'NONE', #1709 ) ;
#1085 = EDGE_CURVE ( 'NONE', #163, #1186, #485, .T. ) ;
#1086 = CC_DESIGN_DATE_AND_TIME_ASSIGNMENT ( #267, #724, ( #951 ) ) ;
#1087 = PLANE ( 'NONE',  #552 ) ;
#1088 = APPROVAL_PERSON_ORGANIZATION ( #103, #2349, #2109 ) ;
#1089 = ORIENTED_EDGE ( 'NONE', *, *, #1587, .T. ) ;
#1090 = DIRECTION ( 'NONE',  ( 0.000000000000000000, 0.000000000000000000, -1.000000000000000000 ) ) ;
#1091 = DIRECTION ( 'NONE',  ( 0.000000000000000000, 2.467162276944792422E-16, -1.000000000000000000 ) ) ;
#1092 = PERSON_AND_ORGANIZATION_ROLE ( 'design_supplier' ) ;
#1093 = EDGE_CURVE ( 'NONE', #2348, #593, #1869, .T. ) ;
#1094 = CARTESIAN_POINT ( 'NONE',  ( 259.9999999999998863, 795.0000000000001137, 30.00000000000000000 ) ) ;
#1095 = CARTESIAN_POINT ( 'NONE',  ( -188.0000000000000853, -345.0000000000002842, 90.00000000000007105 ) ) ;
#1096 = AXIS2_PLACEMENT_3D ( 'NONE', #1381, #339, #1158 ) ;
#1097 = DIRECTION ( 'NONE',  ( 1.000000000000000000, 0.000000000000000000, 0.000000000000000000 ) ) ;
#1098 = LINE ( 'NONE', #1507, #1613 ) ;
#1099 = VECTOR ( 'NONE', #148, 1000.000000000000000 ) ;
#1100 = APPLICATION_PROTOCOL_DEFINITION ( 'international standard', 'config_control_design', 1994, #1343 ) ;
#1101 = ORIENTED_EDGE ( 'NONE', *, *, #155, .T. ) ;
#1102 = ORIENTED_EDGE ( 'NONE', *, *, #1656, .F. ) ;
#1103 = DIRECTION ( 'NONE',  ( 0.000000000000000000, -1.000000000000000000, -2.643388153869421297E-16 ) ) ;
#1104 = EDGE_LOOP ( 'NONE', ( #2396, #1615, #2127, #1182 ) ) ;
#1105 = DIRECTION ( 'NONE',  ( 1.000000000000000000, -2.710505431213761085E-16, 0.000000000000000000 ) ) ;
#1106 = ORIENTED_EDGE ( 'NONE', *, *, #904, .F. ) ;
#1107 = PRODUCT_DEFINITION ( '未知', '', #1257, #1593 ) ;
#1108 = VECTOR ( 'NONE', #1845, 1000.000000000000000 ) ;
#1109 = CARTESIAN_POINT ( 'NONE',  ( -290.0000000000001137, -1199.999999999999773, 899.9999999999998863 ) ) ;
#1110 = AXIS2_PLACEMENT_3D ( 'NONE', #1721, #1090, #1525 ) ;
#1111 = LINE ( 'NONE', #1952, #1555 ) ;
#1112 = ORIENTED_EDGE ( 'NONE', *, *, #614, .T. ) ;
#1113 = EDGE_CURVE ( 'NONE', #933, #686, #1111, .T. ) ;
#1114 = DIRECTION ( 'NONE',  ( -0.000000000000000000, -1.000000000000000000, -0.000000000000000000 ) ) ;
#1115 = SECURITY_CLASSIFICATION_LEVEL ( 'unclassified' ) ;
#1116 = PLANE ( 'NONE',  #2202 ) ;
#1117 = CARTESIAN_POINT ( 'NONE',  ( -339.9999999999996589, 23.00000000000008527, 0.000000000000000000 ) ) ;
#1118 = VECTOR ( 'NONE', #692, 1000.000000000000000 ) ;
#1119 = DIRECTION ( 'NONE',  ( 1.000000000000000000, 1.040834085586084257E-16, -0.000000000000000000 ) ) ;
#1120 = EDGE_LOOP ( 'NONE', ( #2114, #1746, #37, #550 ) ) ;
#1121 = CYLINDRICAL_SURFACE ( 'NONE', #2119, 2.000000000000000000 ) ;
#1122 = DATE_AND_TIME ( #497, #2695 ) ;
#1123 = DATE_AND_TIME ( #1914, #1781 ) ;
#1124 = ORIENTED_EDGE ( 'NONE', *, *, #904, .T. ) ;
#1125 = DIRECTION ( 'NONE',  ( -0.000000000000000000, 2.467162276944792422E-16, -1.000000000000000000 ) ) ;
#1126 = APPROVAL_STATUS ( 'not_yet_approved' ) ;
#1127 = CARTESIAN_POINT ( 'NONE',  ( 14.99999999999998757, 96.00000000000000000, 10.00000000000000000 ) ) ;
#1128 = ORIENTED_EDGE ( 'NONE', *, *, #1836, .T. ) ;
#1129 = CARTESIAN_POINT ( 'NONE',  ( 10.00000000000000000, 37.00000000000000000, 10.00000000000000000 ) ) ;
#1130 = CARTESIAN_POINT ( 'NONE',  ( 358.0000000000000000, 23.00000000000000355, -247.5000000000000000 ) ) ;
#1131 = DATE_AND_TIME ( #2765, #395 ) ;
#1132 = EDGE_CURVE ( 'NONE', #1388, #2467, #2005, .T. ) ;
#1133 = CARTESIAN_POINT ( 'NONE',  ( 12.99999999999995914, 0.000000000000000000, 10.00000000000000000 ) ) ;
#1134 = SECURITY_CLASSIFICATION ( '', '', #2435 ) ;
#1135 = DIRECTION ( 'NONE',  ( -1.000000000000000000, 0.000000000000000000, 0.000000000000000000 ) ) ;
#1136 = APPROVAL_STATUS ( 'not_yet_approved' ) ;
#1137 = CALENDAR_DATE ( 2026, 2, 6 ) ;
#1138 = DIRECTION ( 'NONE',  ( -8.163404592832035198E-17, 0.000000000000000000, -1.000000000000000000 ) ) ;
#1139 = PLANE ( 'NONE',  #1813 ) ;
#1140 = FACE_BOUND ( 'NONE', #105, .T. ) ;
#1141 = AXIS2_PLACEMENT_3D ( 'NONE', #197, #1503, #2369 ) ;
#1142 = VERTEX_POINT ( 'NONE', #2347 ) ;
#1143 = CARTESIAN_POINT ( 'NONE',  ( -100.0000000000000142, 5.753049524455748909, 39.19131190556970523 ) ) ;
#1144 = ORIENTED_EDGE ( 'NONE', *, *, #2605, .T. ) ;
#1145 = ORIENTED_EDGE ( 'NONE', *, *, #1434, .F. ) ;
#1146 = DIRECTION ( 'NONE',  ( 1.000000000000000000, 0.000000000000000000, 0.000000000000000000 ) ) ;
#1147 = DIRECTION ( 'NONE',  ( 1.000000000000000000, 0.000000000000000000, 0.000000000000000000 ) ) ;
#1148 = VERTEX_POINT ( 'NONE', #232 ) ;
#1149 = CARTESIAN_POINT ( 'NONE',  ( -100.0000000000000142, -16.00000000000000711, 64.00000000000000000 ) ) ;
#1150 = VECTOR ( 'NONE', #278, 1000.000000000000000 ) ;
#1151 = EDGE_CURVE ( 'NONE', #818, #2671, #732, .T. ) ;
#1152 = CC_DESIGN_APPROVAL ( #2115, ( #1000 ) ) ;
#1153 = DIRECTION ( 'NONE',  ( -1.000000000000000000, 0.000000000000000000, 0.000000000000000000 ) ) ;
#1154 = CIRCLE ( 'NONE', #2227, 8.000000000000000000 ) ;
#1155 = EDGE_CURVE ( 'NONE', #536, #2220, #149, .T. ) ;
#1156 = DIRECTION ( 'NONE',  ( 0.000000000000000000, -0.000000000000000000, 1.000000000000000000 ) ) ;
#1157 = LINE ( 'NONE', #1804, #2694 ) ;
#1158 = DIRECTION ( 'NONE',  ( 0.000000000000000000, 0.000000000000000000, 1.000000000000000000 ) ) ;
#1159 = AXIS2_PLACEMENT_3D ( 'NONE', #1744, #2184, #474 ) ;
#1160 = CARTESIAN_POINT ( 'NONE',  ( 357.9999999999999432, -76.99999999999995737, 0.000000000000000000 ) ) ;
#1161 = APPROVAL_DATE_TIME ( #1195, #741 ) ;
#1162 = CARTESIAN_POINT ( 'NONE',  ( -10.00000000000000000, 37.00000000000000000, 830.0000000000001137 ) ) ;
#1163 = ORGANIZATION ( 'NAUO-ORG3', 'UNSPECIFIED', 'UNSPECIFIED' ) ;
#1164 = ORIENTED_EDGE ( 'NONE', *, *, #1210, .T. ) ;
#1165 = VECTOR ( 'NONE', #1941, 1000.000000000000000 ) ;
#1166 = VERTEX_POINT ( 'NONE', #649 ) ;
#1167 = PERSON_AND_ORGANIZATION ( #178, #1059 ) ;
#1168 = ORIENTED_EDGE ( 'NONE', *, *, #2100, .T. ) ;
#1169 = DIRECTION ( 'NONE',  ( 0.000000000000000000, -1.000000000000000000, -1.387778780781445922E-16 ) ) ;
#1170 = APPROVAL ( #2616, '未指定' ) ;
#1171 = CARTESIAN_POINT ( 'NONE',  ( 358.0000000000000000, -77.00000000000000000, -247.5000000000000000 ) ) ;
#1172 = EDGE_CURVE ( 'NONE', #2636, #1387, #1393, .T. ) ;
#1173 = EDGE_CURVE ( 'NONE', #1007, #1242, #2354, .T. ) ;
#1174 = VECTOR ( 'NONE', #2353, 1000.000000000000000 ) ;
#1175 = VECTOR ( 'NONE', #1458, 1000.000000000000000 ) ;
#1176 = PLANE ( 'NONE',  #2286 ) ;
#1177 = CARTESIAN_POINT ( 'NONE',  ( -358.0000000000000568, 92.00000000000000000, 22.00000000000000000 ) ) ;
#1178 = ORIENTED_EDGE ( 'NONE', *, *, #286, .F. ) ;
#1179 = ORIENTED_EDGE ( 'NONE', *, *, #1504, .T. ) ;
#1180 = ORIENTED_EDGE ( 'NONE', *, *, #564, .T. ) ;
#1181 = EDGE_LOOP ( 'NONE', ( #2245, #663, #1739, #973 ) ) ;
#1182 = ORIENTED_EDGE ( 'NONE', *, *, #744, .T. ) ;
#1183 = LINE ( 'NONE', #673, #820 ) ;
#1184 = PRODUCT_DEFINITION_SHAPE ( 'NONE', 'NONE',  #1107 ) ;
#1185 = VECTOR ( 'NONE', #1890, 1000.000000000000000 ) ;
#1186 = VERTEX_POINT ( 'NONE', #1601 ) ;
#1187 = ADVANCED_FACE ( 'NONE', ( #1971 ), #1835, .T. ) ;
#1188 = CARTESIAN_POINT ( 'NONE',  ( 0.000000000000000000, 0.000000000000000000, 10.00000000000000000 ) ) ;
#1189 = DIRECTION ( 'NONE',  ( 1.000000000000000000, 1.214306433183764966E-16, 1.517883041479706454E-16 ) ) ;
#1190 = EDGE_CURVE ( 'NONE', #2337, #2287, #1218, .T. ) ;
#1191 = CC_DESIGN_DATE_AND_TIME_ASSIGNMENT ( #1122, #1527, ( #473 ) ) ;
#1192 = FACE_OUTER_BOUND ( 'NONE', #1931, .T. ) ;
#1193 = VERTEX_POINT ( 'NONE', #486 ) ;
#1194 = VECTOR ( 'NONE', #976, 1000.000000000000000 ) ;
#1195 = DATE_AND_TIME ( #1943, #1877 ) ;
#1196 = ADVANCED_FACE ( 'NONE', ( #2282 ), #1307, .T. ) ;
#1197 = DATE_AND_TIME ( #1632, #2757 ) ;
#1198 = VERTEX_POINT ( 'NONE', #736 ) ;
#1199 = FACE_OUTER_BOUND ( 'NONE', #1181, .T. ) ;
#1200 = ORIENTED_EDGE ( 'NONE', *, *, #2459, .F. ) ;
#1201 = ADVANCED_FACE ( 'NONE', ( #1805 ), #2648, .F. ) ;
#1202 = CARTESIAN_POINT ( 'NONE',  ( 0.000000000000000000, 0.000000000000000000, 830.0000000000001137 ) ) ;
#1203 = DIRECTION ( 'NONE',  ( 0.000000000000000000, -0.000000000000000000, 1.000000000000000000 ) ) ;
#1204 = PRODUCT_RELATED_PRODUCT_CATEGORY ( 'detail', '', ( #606 ) ) ;
#1205 = DIRECTION ( 'NONE',  ( 1.000000000000000000, 0.000000000000000000, 0.000000000000000000 ) ) ;
#1206 = DIRECTION ( 'NONE',  ( 0.000000000000000000, -1.000000000000000000, 0.000000000000000000 ) ) ;
#1207 = VECTOR ( 'NONE', #1983, 1000.000000000000000 ) ;
#1208 = ADVANCED_FACE ( 'NONE', ( #1623 ), #257, .T. ) ;
#1209 = LINE ( 'NONE', #1953, #2242 ) ;
#1210 = EDGE_CURVE ( 'NONE', #2509, #2636, #88, .T. ) ;
#1211 = ORIENTED_EDGE ( 'NONE', *, *, #650, .F. ) ;
#1212 = ORIENTED_EDGE ( 'NONE', *, *, #1829, .T. ) ;
#1213 = CARTESIAN_POINT ( 'NONE',  ( 358.0000000000000000, 23.00000000000000355, 0.000000000000000000 ) ) ;
#1214 = EDGE_LOOP ( 'NONE', ( #2632, #116, #1234, #791 ) ) ;
#1215 = PLANE ( 'NONE',  #1995 ) ;
#1216 = LINE ( 'NONE', #2745, #645 ) ;
#1217 = ORIENTED_EDGE ( 'NONE', *, *, #249, .T. ) ;
#1218 = LINE ( 'NONE', #887, #1767 ) ;
#1219 = FACE_BOUND ( 'NONE', #2388, .T. ) ;
#1220 = ADVANCED_FACE ( 'NONE', ( #327, #823 ), #2490, .F. ) ;
#1221 = CARTESIAN_POINT ( 'NONE',  ( 259.9999999999998863, -345.0000000000002842, 809.9999999999998863 ) ) ;
#1222 = DIRECTION ( 'NONE',  ( 2.710505431213761085E-16, 1.000000000000000000, 0.000000000000000000 ) ) ;
#1223 = AXIS2_PLACEMENT_3D ( 'NONE', #2040, #491, #2009 ) ;
#1224 = VECTOR ( 'NONE', #1606, 1000.000000000000000 ) ;
#1225 = EDGE_CURVE ( 'NONE', #2201, #1820, #2470, .T. ) ;
#1226 = PERSON_AND_ORGANIZATION ( #178, #1059 ) ;
#1227 = ADVANCED_FACE ( 'NONE', ( #2472 ), #2358, .T. ) ;
#1228 = EDGE_LOOP ( 'NONE', ( #2087, #200, #935, #2427 ) ) ;
#1229 = EDGE_LOOP ( 'NONE', ( #2091, #2342, #1284, #844, #684, #2416 ) ) ;
#1230 = CARTESIAN_POINT ( 'NONE',  ( 99.99999999999998579, 8.000000000000014211, 54.80624847486573259 ) ) ;
#1231 = AXIS2_PLACEMENT_3D ( 'NONE', #992, #140, #1637 ) ;
#1232 = CARTESIAN_POINT ( 'NONE',  ( -100.0000000000000284, 5.753049524455749797, 39.19131190556970523 ) ) ;
#1233 = DATE_AND_TIME ( #2081, #1607 ) ;
#1234 = ORIENTED_EDGE ( 'NONE', *, *, #1547, .F. ) ;
#1235 = ADVANCED_FACE ( 'NONE', ( #2622 ), #1654, .T. ) ;
#1236 =( LENGTH_UNIT ( ) NAMED_UNIT ( * ) SI_UNIT ( .MILLI., .METRE. ) );
#1237 = DIRECTION ( 'NONE',  ( 1.000000000000000000, -0.000000000000000000, -0.000000000000000000 ) ) ;
#1238 = EDGE_CURVE ( 'NONE', #760, #1005, #1551, .T. ) ;
#1239 = VECTOR ( 'NONE', #1515, 1000.000000000000000 ) ;
#1240 = PLANE ( 'NONE',  #1609 ) ;
#1241 = VECTOR ( 'NONE', #2410, 1000.000000000000000 ) ;
#1242 = VERTEX_POINT ( 'NONE', #2591 ) ;
#1243 = EDGE_CURVE ( 'NONE', #609, #1948, #483, .T. ) ;
#1244 = ORIENTED_EDGE ( 'NONE', *, *, #1528, .T. ) ;
#1245 = DIRECTION ( 'NONE',  ( 1.000000000000000000, 0.000000000000000000, 0.000000000000000000 ) ) ;
#1246 = ORIENTED_EDGE ( 'NONE', *, *, #66, .F. ) ;
#1247 = AXIS2_PLACEMENT_3D ( 'NONE', #1188, #1400, #543 ) ;
#1248 = ORIENTED_EDGE ( 'NONE', *, *, #2032, .T. ) ;
#1249 = CARTESIAN_POINT ( 'NONE',  ( -339.9999999999999432, 23.00000000000004974, -229.4999999999999716 ) ) ;
#1250 = CIRCLE ( 'NONE', #1231, 8.000000000000007105 ) ;
#1251 = CARTESIAN_POINT ( 'NONE',  ( 0.000000000000000000, 0.000000000000000000, 840.0000000000001137 ) ) ;
#1252 = PERSON ( 'NAUO-PER2', 'UNSPECIFIED', 'UNSPECIFIED', ('UNSPECIFIED'), ('UNSPECIFIED'), ('UNSPECIFIED') ) ;
#1253 = LINE ( 'NONE', #2204, #1481 ) ;
#1254 = ORIENTED_EDGE ( 'NONE', *, *, #2174, .F. ) ;
#1255 = APPROVAL_ROLE ( '' ) ;
#1256 = VECTOR ( 'NONE', #437, 1000.000000000000000 ) ;
#1257 = PRODUCT_DEFINITION_FORMATION_WITH_SPECIFIED_SOURCE ( '任何', '', #606, .NOT_KNOWN. ) ;
#1258 = ORIENTED_EDGE ( 'NONE', *, *, #1656, .T. ) ;
#1259 = LINE ( 'NONE', #1033, #704 ) ;
#1260 = APPROVAL_DATE_TIME ( #13, #1315 ) ;
#1261 = CARTESIAN_POINT ( 'NONE',  ( -15.00000000000001243, 96.00000000000000000, 840.0000000000001137 ) ) ;
#1262 = APPROVAL_DATE_TIME ( #1844, #2275 ) ;
#1263 = EDGE_CURVE ( 'NONE', #2655, #1509, #1183, .T. ) ;
#1264 = ORIENTED_EDGE ( 'NONE', *, *, #382, .F. ) ;
#1265 =( NAMED_UNIT ( * ) SI_UNIT ( $, .STERADIAN. ) SOLID_ANGLE_UNIT ( ) );
#1266 = FACE_OUTER_BOUND ( 'NONE', #2308, .T. ) ;
#1267 = AXIS2_PLACEMENT_3D ( 'NONE', #1345, #695, #2620 ) ;
#1268 = ORIENTED_EDGE ( 'NONE', *, *, #2401, .T. ) ;
#1269 = CARTESIAN_POINT ( 'NONE',  ( -358.0000000000000568, 92.00000000000000000, 0.000000000000000000 ) ) ;
#1270 = CARTESIAN_POINT ( 'NONE',  ( -339.9999999999999432, -60.99999999999995737, -229.4999999999999716 ) ) ;
#1271 = CARTESIAN_POINT ( 'NONE',  ( -210.0000000000000853, -145.0000000000002274, 869.9999999999998863 ) ) ;
#1272 = DATE_AND_TIME ( #1137, #868 ) ;
#1273 = CARTESIAN_POINT ( 'NONE',  ( 0.000000000000000000, 0.000000000000000000, 0.000000000000000000 ) ) ;
#1274 = LINE ( 'NONE', #6, #811 ) ;
#1275 = DIRECTION ( 'NONE',  ( 1.000000000000000000, -1.211399075402798533E-16, -0.000000000000000000 ) ) ;
#1276 = ORIENTED_EDGE ( 'NONE', *, *, #821, .T. ) ;
#1277 = EDGE_CURVE ( 'NONE', #2031, #462, #1685, .T. ) ;
#1278 = CC_DESIGN_SECURITY_CLASSIFICATION ( #1134, ( #2776 ) ) ;
#1279 = CARTESIAN_POINT ( 'NONE',  ( -290.0000000000001137, 765.0000000000001137, 30.00000000000002842 ) ) ;
#1280 = CARTESIAN_POINT ( 'NONE',  ( 289.9999999999998863, -1199.999999999999773, 0.000000000000000000 ) ) ;
#1281 = ORIENTED_EDGE ( 'NONE', *, *, #870, .F. ) ;
#1282 = ORIENTED_EDGE ( 'NONE', *, *, #925, .F. ) ;
#1283 = VECTOR ( 'NONE', #1578, 1000.000000000000000 ) ;
#1284 = ORIENTED_EDGE ( 'NONE', *, *, #998, .T. ) ;
#1285 = VECTOR ( 'NONE', #2770, 1000.000000000000000 ) ;
#1286 = ADVANCED_BREP_SHAPE_REPRESENTATION ( '', ( #1583, #1553 ), #2216 ) ;
#1287 = AXIS2_PLACEMENT_3D ( 'NONE', #575, #797, #379 ) ;
#1288 = DIRECTION ( 'NONE',  ( -1.000000000000000000, -0.000000000000000000, -0.000000000000000000 ) ) ;
#1289 = PLANE ( 'NONE',  #1110 ) ;
#1290 = LINE ( 'NONE', #1499, #154 ) ;
#1291 = LINE ( 'NONE', #2475, #1194 ) ;
#1292 = EDGE_CURVE ( 'NONE', #630, #2201, #2189, .T. ) ;
#1293 = DIRECTION ( 'NONE',  ( 0.000000000000000000, -0.000000000000000000, 1.000000000000000000 ) ) ;
#1294 = PERSON_AND_ORGANIZATION ( #178, #1059 ) ;
#1295 = ORIENTED_EDGE ( 'NONE', *, *, #169, .T. ) ;
#1296 = SECURITY_CLASSIFICATION ( '', '', #1115 ) ;
#1297 = CARTESIAN_POINT ( 'NONE',  ( -9.999999999999998224, 28.99999999999999645, 830.0000000000001137 ) ) ;
#1298 = ORIENTED_EDGE ( 'NONE', *, *, #2173, .F. ) ;
#1299 = VECTOR ( 'NONE', #2406, 1000.000000000000000 ) ;
#1300 = ORIENTED_EDGE ( 'NONE', *, *, #2721, .T. ) ;
#1301 = ORIENTED_EDGE ( 'NONE', *, *, #584, .F. ) ;
#1302 = CARTESIAN_POINT ( 'NONE',  ( 259.9999999999998863, -175.0000000000002558, 30.00000000000000000 ) ) ;
#1303 = PERSON_AND_ORGANIZATION ( #178, #1059 ) ;
#1304 = AXIS2_PLACEMENT_3D ( 'NONE', #1514, #672, #2161 ) ;
#1305 = DIRECTION ( 'NONE',  ( 0.000000000000000000, 0.000000000000000000, -1.000000000000000000 ) ) ;
#1306 = CARTESIAN_POINT ( 'NONE',  ( 219.0000000000001421, 15.99999999999998934, 52.00000000000000711 ) ) ;
#1307 = PLANE ( 'NONE',  #620 ) ;
#1308 = CARTESIAN_POINT ( 'NONE',  ( -290.0000000000000568, 1169.999999999999318, 3.673940397442059178E-15 ) ) ;
#1309 = APPROVAL_ROLE ( '' ) ;
#1310 = VECTOR ( 'NONE', #290, 1000.000000000000000 ) ;
#1311 = ORIENTED_EDGE ( 'NONE', *, *, #1572, .T. ) ;
#1312 = DIRECTION ( 'NONE',  ( -0.000000000000000000, 0.000000000000000000, -1.000000000000000000 ) ) ;
#1313 = LINE ( 'NONE', #1025, #757 ) ;
#1314 = CARTESIAN_POINT ( 'NONE',  ( -188.0000000000000853, -545.0000000000001137, 90.00000000000007105 ) ) ;
#1315 = APPROVAL ( #1078, '未指定' ) ;
#1316 = EDGE_LOOP ( 'NONE', ( #1351, #2669, #1144, #611 ) ) ;
#1317 = CARTESIAN_POINT ( 'NONE',  ( -188.0000000000000853, -311.1571300390681927, 809.9999999999998863 ) ) ;
#1318 = ORIENTED_EDGE ( 'NONE', *, *, #670, .F. ) ;
#1319 = CARTESIAN_POINT ( 'NONE',  ( 0.000000000000000000, 0.000000000000000000, 0.000000000000000000 ) ) ;
#1320 = VECTOR ( 'NONE', #297, 1000.000000000000000 ) ;
#1321 = CARTESIAN_POINT ( 'NONE',  ( 259.9999999999998863, 1169.999999999999318, 3.673940397442059178E-15 ) ) ;
#1322 = EDGE_CURVE ( 'NONE', #599, #99, #849, .T. ) ;
#1323 = EDGE_LOOP ( 'NONE', ( #231, #2149, #230, #100 ) ) ;
#1324 = CARTESIAN_POINT ( 'NONE',  ( 99.99999999999998579, 3.999999999999989786, 34.19375152513431004 ) ) ;
#1325 = PERSON_AND_ORGANIZATION_ROLE ( 'classification_officer' ) ;
#1326 = VECTOR ( 'NONE', #2310, 1000.000000000000000 ) ;
#1327 = VECTOR ( 'NONE', #865, 1000.000000000000114 ) ;
#1328 = ORIENTED_EDGE ( 'NONE', *, *, #249, .F. ) ;
#1329 = PLANE ( 'NONE',  #972 ) ;
#1330 = PLANE ( 'NONE',  #1580 ) ;
#1331 = DIRECTION ( 'NONE',  ( 2.418786546024306634E-16, 0.000000000000000000, 1.000000000000000000 ) ) ;
#1332 = LINE ( 'NONE', #1690, #1773 ) ;
#1333 = PERSON_AND_ORGANIZATION_ROLE ( 'design_owner' ) ;
#1334 = PERSON_AND_ORGANIZATION ( #178, #1059 ) ;
#1335 = DIRECTION ( 'NONE',  ( -1.000000000000000000, 0.000000000000000000, 0.000000000000000000 ) ) ;
#1336 = LOCAL_TIME ( 14, 42, 54.00000000000000000, #2597 ) ;
#1337 = EDGE_LOOP ( 'NONE', ( #1424, #1675, #2579, #1258 ) ) ;
#1338 = EDGE_CURVE ( 'NONE', #548, #1148, #2585, .T. ) ;
#1339 = CARTESIAN_POINT ( 'NONE',  ( -13.00000000000003730, 0.000000000000000000, 830.0000000000001137 ) ) ;
#1340 = CC_DESIGN_PERSON_AND_ORGANIZATION_ASSIGNMENT ( #707, #2027, ( #2074 ) ) ;
#1341 = PLANE ( 'NONE',  #2124 ) ;
#1342 = ORIENTED_EDGE ( 'NONE', *, *, #123, .F. ) ;
#1343 = APPLICATION_CONTEXT ( 'configuration controlled 3d designs of mechanical parts and assemblies' ) ;
#1344 = DIRECTION ( 'NONE',  ( 1.000000000000000000, 0.000000000000000000, -2.418786546024306141E-16 ) ) ;
#1345 = CARTESIAN_POINT ( 'NONE',  ( 1100.535543567313880, -145.0000000000002274, 30.00000000000000000 ) ) ;
#1346 = DIRECTION ( 'NONE',  ( -2.710505431213761085E-16, -1.000000000000000000, 0.000000000000000000 ) ) ;
#1347 = FACE_OUTER_BOUND ( 'NONE', #313, .T. ) ;
#1348 = LINE ( 'NONE', #1030, #1099 ) ;
#1349 = CARTESIAN_POINT ( 'NONE',  ( -13.00000000000003730, 0.000000000000000000, 0.000000000000000000 ) ) ;
#1350 = APPROVAL_ROLE ( '' ) ;
#1351 = ORIENTED_EDGE ( 'NONE', *, *, #1421, .T. ) ;
#1352 = DIRECTION ( 'NONE',  ( 2.418786546024306634E-16, 0.000000000000000000, 1.000000000000000000 ) ) ;
#1353 = CARTESIAN_POINT ( 'NONE',  ( 99.99999999999998579, 16.00000000000001421, 54.80624847486573259 ) ) ;
#1354 = ORIENTED_EDGE ( 'NONE', *, *, #1973, .T. ) ;
#1355 = DIRECTION ( 'NONE',  ( -2.710505431213761085E-16, -1.000000000000000000, 0.000000000000000000 ) ) ;
#1356 = ORIENTED_EDGE ( 'NONE', *, *, #269, .T. ) ;
#1357 = PRODUCT_RELATED_PRODUCT_CATEGORY ( 'detail', '', ( #2302 ) ) ;
#1358 = FACE_OUTER_BOUND ( 'NONE', #2205, .T. ) ;
#1359 = DIRECTION ( 'NONE',  ( -0.000000000000000000, -0.000000000000000000, 1.000000000000000000 ) ) ;
#1360 = ADVANCED_FACE ( 'NONE', ( #2117 ), #2679, .T. ) ;
#1361 = LINE ( 'NONE', #2407, #1150 ) ;
#1362 = EDGE_CURVE ( 'NONE', #2495, #2480, #2221, .T. ) ;
#1363 = DATE_TIME_ROLE ( 'classification_date' ) ;
#1364 = DIRECTION ( 'NONE',  ( -1.000000000000000000, 0.000000000000000000, 0.000000000000000000 ) ) ;
#1365 = AXIS2_PLACEMENT_3D ( 'NONE', #1725, #438, #1951 ) ;
#1366 = CARTESIAN_POINT ( 'NONE',  ( 340.0000000000000000, 23.00000000000004974, 0.000000000000000000 ) ) ;
#1367 = FACE_OUTER_BOUND ( 'NONE', #1790, .T. ) ;
#1368 = LINE ( 'NONE', #882, #2294 ) ;
#1369 = PERSON_AND_ORGANIZATION ( #178, #1059 ) ;
#1370 = CARTESIAN_POINT ( 'NONE',  ( 259.9999999999998863, -175.0000000000002558, 809.9999999999998863 ) ) ;
#1371 =( REPRESENTATION_RELATIONSHIP ('NONE','NONE', #1411, #484 ) REPRESENTATION_RELATIONSHIP_WITH_TRANSFORMATION ( #56 )SHAPE_REPRESENTATION_RELATIONSHIP( ) );
#1372 = DIRECTION ( 'NONE',  ( 0.000000000000000000, 1.000000000000000000, 0.000000000000000000 ) ) ;
#1374 = CARTESIAN_POINT ( 'NONE',  ( -188.0000000000000853, 0.000000000000000000, 0.000000000000000000 ) ) ;
#1373 = FACE_OUTER_BOUND ( 'NONE', #325, .T. ) ;
#1375 = VERTEX_POINT ( 'NONE', #2056 ) ;
#1376 = DATE_AND_TIME ( #336, #461 ) ;
#1377 = ORIENTED_EDGE ( 'NONE', *, *, #821, .F. ) ;
#1378 = EDGE_CURVE ( 'NONE', #477, #2758, #1651, .T. ) ;
#1379 = CARTESIAN_POINT ( 'NONE',  ( 99.99999999999998579, 16.00000000000001421, 64.00000000000000000 ) ) ;
#1380 = SECURITY_CLASSIFICATION_LEVEL ( 'unclassified' ) ;
#1381 = CARTESIAN_POINT ( 'NONE',  ( 289.9999999999998863, -1199.999999999999773, 30.00000000000000000 ) ) ;
#1382 = CARTESIAN_POINT ( 'NONE',  ( 10.00000000000000178, 29.00000000000000000, 10.00000000000000000 ) ) ;
#1383 = VECTOR ( 'NONE', #1069, 1000.000000000000000 ) ;
#1384 = AXIS2_PLACEMENT_3D ( 'NONE', #1776, #27, #2394 ) ;
#1385 = LINE ( 'NONE', #2340, #843 ) ;
#1386 = ORIENTED_EDGE ( 'NONE', *, *, #2090, .F. ) ;
#1387 = VERTEX_POINT ( 'NONE', #2038 ) ;
#1388 = VERTEX_POINT ( 'NONE', #2232 ) ;
#1389 = ORIENTED_EDGE ( 'NONE', *, *, #956, .F. ) ;
#1390 = CARTESIAN_POINT ( 'NONE',  ( 289.9999999999999432, 1200.000000000000227, 0.000000000000000000 ) ) ;
#1391 = VECTOR ( 'NONE', #2001, 1000.000000000000000 ) ;
#1392 = EDGE_CURVE ( 'NONE', #725, #1701, #1620, .T. ) ;
#1393 = CIRCLE ( 'NONE', #2448, 2.000000000000000000 ) ;
#1394 = EDGE_CURVE ( 'NONE', #98, #1930, #326, .T. ) ;
#1395 = LINE ( 'NONE', #2384, #2750 ) ;
#1396 = AXIS2_PLACEMENT_3D ( 'NONE', #1693, #2551, #2336 ) ;
#1397 = COORDINATED_UNIVERSAL_TIME_OFFSET ( 8, 0, .AHEAD. ) ;
#1398 = CLOSED_SHELL ( 'NONE', ( #2270, #2208, #1658, #2706, #2094, #1196, #2672, #171, #1611, #2493, #2062, #1227, #501, #1405, #126, #159, #2067, #1435, #2247, #2690, #2073, #355, #2477, #133, #137, #1003, #991, #1360, #566, #1636 ) ) ;
#1399 = VERTEX_POINT ( 'NONE', #2457 ) ;
#1400 = DIRECTION ( 'NONE',  ( 0.000000000000000000, -0.000000000000000000, 1.000000000000000000 ) ) ;
#1401 = CC_DESIGN_PERSON_AND_ORGANIZATION_ASSIGNMENT ( #798, #676, ( #1257 ) ) ;
#1402 = CARTESIAN_POINT ( 'NONE',  ( -358.0000000000000568, -92.00000000000000000, 22.00000000000000000 ) ) ;
#1403 = ORIENTED_EDGE ( 'NONE', *, *, #2663, .T. ) ;
#1404 = AXIS2_PLACEMENT_3D ( 'NONE', #1402, #1863, #2708 ) ;
#1405 = ADVANCED_FACE ( 'NONE', ( #1070 ), #949, .F. ) ;
#1406 = EDGE_CURVE ( 'NONE', #762, #2682, #2746, .T. ) ;
#1407 = VECTOR ( 'NONE', #453, 1000.000000000000000 ) ;
#1408 = CIRCLE ( 'NONE', #425, 8.000000000000007105 ) ;
#1409 = PLANE ( 'NONE',  #1247 ) ;
#1410 = DIRECTION ( 'NONE',  ( 0.000000000000000000, 1.000000000000000000, 0.000000000000000000 ) ) ;
#1411 = SHAPE_REPRESENTATION ( '柜09', ( #2501, #157, #2588, #315, #439 ), #1793 ) ;
#1412 = ORIENTED_EDGE ( 'NONE', *, *, #2290, .F. ) ;
#1413 = ORIENTED_EDGE ( 'NONE', *, *, #2486, .F. ) ;
#1414 = EDGE_LOOP ( 'NONE', ( #880, #1716, #902, #1761, #252, #847 ) ) ;
#1415 = LINE ( 'NONE', #1221, #582 ) ;
#1416 = LINE ( 'NONE', #2126, #853 ) ;
#1417 = ORIENTED_EDGE ( 'NONE', *, *, #870, .T. ) ;
#1418 = ADVANCED_FACE ( 'NONE', ( #764, #2250 ), #1409, .T. ) ;
#1419 = DIRECTION ( 'NONE',  ( 1.000000000000000000, 0.000000000000000000, 0.000000000000000000 ) ) ;
#1420 = ORIENTED_EDGE ( 'NONE', *, *, #803, .F. ) ;
#1421 = EDGE_CURVE ( 'NONE', #1399, #725, #918, .T. ) ;
#1422 = CC_DESIGN_APPROVAL ( #905, ( #531 ) ) ;
#1423 = CIRCLE ( 'NONE', #2313, 2.000000000000000000 ) ;
#1424 = ORIENTED_EDGE ( 'NONE', *, *, #2262, .F. ) ;
#1425 = VECTOR ( 'NONE', #776, 1000.000000000000000 ) ;
#1426 = PERSON_AND_ORGANIZATION ( #178, #1059 ) ;
#1427 = DIRECTION ( 'NONE',  ( 1.000000000000000000, -1.211399075402798533E-16, -0.000000000000000000 ) ) ;
#1428 = AXIS2_PLACEMENT_3D ( 'NONE', #1484, #5, #1942 ) ;
#1429 = DIRECTION ( 'NONE',  ( 1.000000000000000000, 0.000000000000000000, 0.000000000000000000 ) ) ;
#1430 = ORIENTED_EDGE ( 'NONE', *, *, #1676, .T. ) ;
#1431 = ADVANCED_FACE ( 'NONE', ( #351 ), #2029, .T. ) ;
#1432 = COORDINATED_UNIVERSAL_TIME_OFFSET ( 8, 0, .AHEAD. ) ;
#1433 = ORIENTED_EDGE ( 'NONE', *, *, #771, .F. ) ;
#1434 = EDGE_CURVE ( 'NONE', #98, #1763, #2092, .T. ) ;
#1435 = ADVANCED_FACE ( 'NONE', ( #1478 ), #1176, .T. ) ;
#1436 = CARTESIAN_POINT ( 'NONE',  ( 14.99999999999998757, 96.00000000000000000, 0.000000000000000000 ) ) ;
#1437 = CC_DESIGN_PERSON_AND_ORGANIZATION_ASSIGNMENT ( #2730, #702, ( #1296 ) ) ;
#1438 = DIRECTION ( 'NONE',  ( -1.000000000000000000, 0.000000000000000000, 0.000000000000000000 ) ) ;
#1439 = VECTOR ( 'NONE', #2615, 1000.000000000000000 ) ;
#1440 = EDGE_CURVE ( 'NONE', #104, #143, #44, .T. ) ;
#1441 = AXIS2_PLACEMENT_3D ( 'NONE', #310, #1807, #733 ) ;
#1442 = ORIENTED_EDGE ( 'NONE', *, *, #499, .F. ) ;
#1443 = ADVANCED_FACE ( 'NONE', ( #1834 ), #2665, .F. ) ;
#1444 = VERTEX_POINT ( 'NONE', #347 ) ;
#1445 = CARTESIAN_POINT ( 'NONE',  ( 219.0000000000001421, 3.999999999999989786, 37.00000000000000711 ) ) ;
#1446 = ORIENTED_EDGE ( 'NONE', *, *, #1691, .T. ) ;
#1447 = VECTOR ( 'NONE', #2649, 1000.000000000000000 ) ;
#1448 = DIRECTION ( 'NONE',  ( -2.418786546024306141E-16, -0.000000000000000000, -1.000000000000000000 ) ) ;
#1449 = CC_DESIGN_APPROVAL ( #1315, ( #1013 ) ) ;
#1450 = DIRECTION ( 'NONE',  ( 0.000000000000000000, 0.000000000000000000, 1.000000000000000000 ) ) ;
#1451 = EDGE_CURVE ( 'NONE', #1701, #2705, #1250, .T. ) ;
#1452 = VECTOR ( 'NONE', #2360, 1000.000000000000000 ) ;
#1453 = EDGE_CURVE ( 'NONE', #333, #2468, #1415, .T. ) ;
#1454 = APPROVAL_DATE_TIME ( #2595, #905 ) ;
#1455 = DIRECTION ( 'NONE',  ( -1.000000000000000000, -1.500301384628590126E-16, 1.224646799147353454E-16 ) ) ;
#1456 = APPROVAL_DATE_TIME ( #195, #2034 ) ;
#1457 = ORIENTED_EDGE ( 'NONE', *, *, #950, .T. ) ;
#1458 = DIRECTION ( 'NONE',  ( -2.710505431213761085E-16, -1.000000000000000000, 0.000000000000000000 ) ) ;
#1459 = CARTESIAN_POINT ( 'NONE',  ( -9.999999999999996447, 6.999999999999999112, 840.0000000000001137 ) ) ;
#1460 = PRODUCT ( '09', '09', '', ( #1989 ) ) ;
#1461 = LOCAL_TIME ( 14, 42, 54.00000000000000000, #1667 ) ;
#1462 = ORIENTED_EDGE ( 'NONE', *, *, #1520, .T. ) ;
#1463 = CARTESIAN_POINT ( 'NONE',  ( -358.0000000000000000, -76.99999999999991473, -247.5000000000000000 ) ) ;
#1464 = DIRECTION ( 'NONE',  ( 0.000000000000000000, 0.000000000000000000, 1.000000000000000000 ) ) ;
#1465 = CARTESIAN_POINT ( 'NONE',  ( 0.000000000000000000, 0.000000000000000000, 22.00000000000000000 ) ) ;
#1466 = EDGE_CURVE ( 'NONE', #2309, #1473, #2553, .T. ) ;
#1467 = FACE_OUTER_BOUND ( 'NONE', #75, .T. ) ;
#1468 = CARTESIAN_POINT ( 'NONE',  ( -290.0000000000001137, 1200.000000000000227, 0.000000000000000000 ) ) ;
#1469 = DIRECTION ( 'NONE',  ( 0.000000000000000000, 0.000000000000000000, -1.000000000000000000 ) ) ;
#1470 = LINE ( 'NONE', #1043, #244 ) ;
#1471 = EDGE_LOOP ( 'NONE', ( #945, #406, #2538, #988 ) ) ;
#1472 = DIRECTION ( 'NONE',  ( -1.000000000000000000, -1.500301384628590126E-16, 1.224646799147353454E-16 ) ) ;
#1473 = VERTEX_POINT ( 'NONE', #356 ) ;
#1474 = DIRECTION ( 'NONE',  ( -1.000000000000000000, -0.000000000000000000, -0.000000000000000000 ) ) ;
#1475 = AXIS2_PLACEMENT_3D ( 'NONE', #928, #1344, #478 ) ;
#1476 = ORIENTED_EDGE ( 'NONE', *, *, #1421, .F. ) ;
#1477 = PLANE ( 'NONE',  #682 ) ;
#1478 = FACE_OUTER_BOUND ( 'NONE', #1966, .T. ) ;
#1479 = DIRECTION ( 'NONE',  ( 0.000000000000000000, 0.000000000000000000, 1.000000000000000000 ) ) ;
#1480 = DIRECTION ( 'NONE',  ( 0.000000000000000000, 1.000000000000000000, 0.000000000000000000 ) ) ;
#1481 = VECTOR ( 'NONE', #1558, 1000.000000000000000 ) ;
#1482 = ORIENTED_EDGE ( 'NONE', *, *, #700, .T. ) ;
#1483 = LINE ( 'NONE', #1704, #354 ) ;
#1484 = CARTESIAN_POINT ( 'NONE',  ( 2.000000000000001776, 28.99999999999999645, 830.0000000000001137 ) ) ;
#1485 = CC_DESIGN_PERSON_AND_ORGANIZATION_ASSIGNMENT ( #1334, #2194, ( #1000 ) ) ;
#1486 = CARTESIAN_POINT ( 'NONE',  ( 2.000000000000001776, 37.00000000000000000, 10.00000000000000000 ) ) ;
#1487 = LINE ( 'NONE', #1017, #2722 ) ;
#1488 = PLANE ( 'NONE',  #2661 ) ;
#1489 = DIRECTION ( 'NONE',  ( 0.000000000000000000, 2.643388153869421297E-16, -1.000000000000000000 ) ) ;
#1490 = DATE_AND_TIME ( #130, #1336 ) ;
#1491 = ORIENTED_EDGE ( 'NONE', *, *, #2401, .F. ) ;
#1492 = EDGE_CURVE ( 'NONE', #808, #1687, #2523, .T. ) ;
#1493 = DIRECTION ( 'NONE',  ( -1.000000000000000000, 0.000000000000000000, 0.000000000000000000 ) ) ;
#1494 = VERTEX_POINT ( 'NONE', #2083 ) ;
#1495 = AXIS2_PLACEMENT_3D ( 'NONE', #718, #73, #1355 ) ;
#1496 = ORIENTED_EDGE ( 'NONE', *, *, #1190, .T. ) ;
#1497 = PERSON_AND_ORGANIZATION ( #178, #1059 ) ;
#1498 = ORIENTED_EDGE ( 'NONE', *, *, #400, .F. ) ;
#1499 = CARTESIAN_POINT ( 'NONE',  ( 259.9999999999998863, 0.000000000000000000, 869.9999999999998863 ) ) ;
#1500 = DIRECTION ( 'NONE',  ( -1.000000000000000000, 0.000000000000000000, 0.000000000000000000 ) ) ;
#1501 = DIRECTION ( 'NONE',  ( 1.000000000000000000, 0.000000000000000000, 0.000000000000000000 ) ) ;
#1502 = LINE ( 'NONE', #1706, #1383 ) ;
#1503 = DIRECTION ( 'NONE',  ( -0.000000000000000000, 0.000000000000000000, -1.000000000000000000 ) ) ;
#1504 = EDGE_CURVE ( 'NONE', #2640, #196, #1037, .T. ) ;
#1505 = CARTESIAN_POINT ( 'NONE',  ( -13.00000000000003730, 2.000000000000000000, 0.000000000000000000 ) ) ;
#1506 = EDGE_CURVE ( 'NONE', #1927, #1054, #690, .T. ) ;
#1507 = CARTESIAN_POINT ( 'NONE',  ( 664.4749683231336803, -575.0000000000003411, 30.00000000000004263 ) ) ;
#1508 = ORIENTED_EDGE ( 'NONE', *, *, #1520, .F. ) ;
#1509 = VERTEX_POINT ( 'NONE', #1436 ) ;
#1510 = CARTESIAN_POINT ( 'NONE',  ( 10.00000000000000000, 37.00000000000000000, 830.0000000000001137 ) ) ;
#1511 = CARTESIAN_POINT ( 'NONE',  ( 259.9999999999998863, -545.0000000000002274, 30.00000000000004263 ) ) ;
#1512 = ORIENTED_EDGE ( 'NONE', *, *, #1610, .F. ) ;
#1513 = VECTOR ( 'NONE', #793, 1000.000000000000000 ) ;
#1514 = CARTESIAN_POINT ( 'NONE',  ( 1100.535543567313880, 795.0000000000001137, 30.00000000000000000 ) ) ;
#1515 = DIRECTION ( 'NONE',  ( -1.000000000000000000, -1.040834085586084257E-16, -0.000000000000000000 ) ) ;
#1516 = PERSON_AND_ORGANIZATION_ROLE ( 'design_supplier' ) ;
#1517 = CARTESIAN_POINT ( 'NONE',  ( -13.00000000000003730, 0.000000000000000000, 830.0000000000001137 ) ) ;
#1518 = LINE ( 'NONE', #1510, #1559 ) ;
#1519 = CARTESIAN_POINT ( 'NONE',  ( 289.9999999999999432, 1199.999999999999545, 900.0000000000000000 ) ) ;
#1520 = EDGE_CURVE ( 'NONE', #2732, #1763, #2004, .T. ) ;
#1521 = COORDINATED_UNIVERSAL_TIME_OFFSET ( 8, 0, .AHEAD. ) ;
#1522 = CC_DESIGN_SECURITY_CLASSIFICATION ( #473, ( #531 ) ) ;
#1523 = CARTESIAN_POINT ( 'NONE',  ( 357.9999999999999432, -92.00000000000000000, 22.00000000000000000 ) ) ;
#1524 = PERSON_AND_ORGANIZATION ( #1252, #1737 ) ;
#1525 = DIRECTION ( 'NONE',  ( -1.000000000000000000, 0.000000000000000000, -0.000000000000000000 ) ) ;
#1526 = ORIENTED_EDGE ( 'NONE', *, *, #1173, .F. ) ;
#1527 = DATE_TIME_ROLE ( 'classification_date' ) ;
#1528 = EDGE_CURVE ( 'NONE', #1166, #547, #1592, .T. ) ;
#1529 = COORDINATED_UNIVERSAL_TIME_OFFSET ( 8, 0, .AHEAD. ) ;
#1530 = ORIENTED_EDGE ( 'NONE', *, *, #66, .T. ) ;
#1531 = VERTEX_POINT ( 'NONE', #1874 ) ;
#1532 = DIRECTION ( 'NONE',  ( 0.000000000000000000, -2.643388153869421297E-16, 1.000000000000000000 ) ) ;
#1533 = CARTESIAN_POINT ( 'NONE',  ( -15.00000000000003730, 0.000000000000000000, 0.000000000000000000 ) ) ;
#1534 = DIRECTION ( 'NONE',  ( 1.000000000000000000, 0.000000000000000000, 0.000000000000000000 ) ) ;
#1535 = APPROVAL_ROLE ( '' ) ;
#1536 = FACE_OUTER_BOUND ( 'NONE', #185, .T. ) ;
#1537 = CARTESIAN_POINT ( 'NONE',  ( 259.9999999999998863, -175.0000000000002558, 90.00000000000000000 ) ) ;
#1538 = LINE ( 'NONE', #1014, #969 ) ;
#1539 = DIRECTION ( 'NONE',  ( -1.211399075402798533E-16, -1.000000000000000000, 0.000000000000000000 ) ) ;
#1540 = APPROVAL ( #1978, '未指定' ) ;
#1541 = EDGE_LOOP ( 'NONE', ( #113, #804, #815, #1413, #262, #1446 ) ) ;
#1542 = PLANE ( 'NONE',  #1384 ) ;
#1543 = DIRECTION ( 'NONE',  ( 0.000000000000000000, -0.000000000000000000, 1.000000000000000000 ) ) ;
#1544 = AXIS2_PLACEMENT_3D ( 'NONE', #1445, #1645, #817 ) ;
#1545 = ORIENTED_EDGE ( 'NONE', *, *, #2691, .T. ) ;
#1546 = DIRECTION ( 'NONE',  ( 1.000000000000000000, 0.000000000000000000, -0.000000000000000000 ) ) ;
#1547 = EDGE_CURVE ( 'NONE', #548, #2147, #119, .T. ) ;
#1548 = VERTEX_POINT ( 'NONE', #2285 ) ;
#1549 = PLANE ( 'NONE',  #873 ) ;
#1550 = DATE_TIME_ROLE ( 'creation_date' ) ;
#1551 = LINE ( 'NONE', #1928, #1901 ) ;
#1552 = CARTESIAN_POINT ( 'NONE',  ( -339.9999999999999432, -60.99999999999995737, -229.4999999999999716 ) ) ;
#1553 = AXIS2_PLACEMENT_3D ( 'NONE', #1933, #629, #822 ) ;
#1554 = CARTESIAN_POINT ( 'NONE',  ( -339.9999999999998863, -60.99999999999995737, 0.000000000000000000 ) ) ;
#1555 = VECTOR ( 'NONE', #1501, 1000.000000000000000 ) ;
#1556 = ORIENTED_EDGE ( 'NONE', *, *, #1920, .T. ) ;
#1557 = PLANE ( 'NONE',  #2650 ) ;
#1558 = DIRECTION ( 'NONE',  ( 0.000000000000000000, 1.000000000000000000, 0.000000000000000000 ) ) ;
#1559 = VECTOR ( 'NONE', #468, 1000.000000000000000 ) ;
#1560 = DIRECTION ( 'NONE',  ( 0.000000000000000000, 1.000000000000000000, 0.000000000000000000 ) ) ;
#1561 = APPROVAL_ROLE ( '' ) ;
#1562 = ORIENTED_EDGE ( 'NONE', *, *, #2691, .F. ) ;
#1563 = LINE ( 'NONE', #1353, #2014 ) ;
#1564 = COORDINATED_UNIVERSAL_TIME_OFFSET ( 8, 0, .AHEAD. ) ;
#1565 = PLANE ( 'NONE',  #49 ) ;
#1566 = PLANE ( 'NONE',  #1223 ) ;
#1567 = ORGANIZATION ( 'NAUO-ORG4', 'UNSPECIFIED', 'UNSPECIFIED' ) ;
#1568 = DIRECTION ( 'NONE',  ( -0.000000000000000000, -0.000000000000000000, 1.000000000000000000 ) ) ;
#1569 = CARTESIAN_POINT ( 'NONE',  ( 99.99999999999998579, -15.99999999999998579, 22.00000000000000000 ) ) ;
#1570 = CC_DESIGN_APPROVAL ( #2034, ( #2624 ) ) ;
#1571 = FACE_OUTER_BOUND ( 'NONE', #581, .T. ) ;
#1572 = EDGE_CURVE ( 'NONE', #353, #1509, #2659, .T. ) ;
#1573 = ORIENTED_EDGE ( 'NONE', *, *, #1691, .F. ) ;
#1574 = CARTESIAN_POINT ( 'NONE',  ( 12.99999999999995914, 2.000000000000000000, 830.0000000000001137 ) ) ;
#1575 =( REPRESENTATION_RELATIONSHIP ('NONE','NONE', #1411, #488 ) REPRESENTATION_RELATIONSHIP_WITH_TRANSFORMATION ( #1052 )SHAPE_REPRESENTATION_RELATIONSHIP( ) );
#1576 = APPROVAL_PERSON_ORGANIZATION ( #1303, #1170, #907 ) ;
#1577 = ORIENTED_EDGE ( 'NONE', *, *, #286, .T. ) ;
#1578 = DIRECTION ( 'NONE',  ( 0.000000000000000000, 0.000000000000000000, 1.000000000000000000 ) ) ;
#1579 = DIRECTION ( 'NONE',  ( -1.000000000000000000, 0.000000000000000000, 0.000000000000000000 ) ) ;
#1580 = AXIS2_PLACEMENT_3D ( 'NONE', #697, #36, #1581 ) ;
#1581 = DIRECTION ( 'NONE',  ( -1.000000000000000000, 0.000000000000000000, 0.000000000000000000 ) ) ;
#1582 = LINE ( 'NONE', #642, #999 ) ;
#1583 = MANIFOLD_SOLID_BREP ( '切除-拉伸2', #1398 ) ;
#1584 = CARTESIAN_POINT ( 'NONE',  ( -290.0000000000001137, -1199.999999999999773, 30.00000000000000000 ) ) ;
#1585 = SECURITY_CLASSIFICATION_LEVEL ( 'unclassified' ) ;
#1586 = VERTEX_POINT ( 'NONE', #781 ) ;
#1587 = EDGE_CURVE ( 'NONE', #2309, #1604, #1969, .T. ) ;
#1588 = ORIENTED_EDGE ( 'NONE', *, *, #2393, .F. ) ;
#1589 = CC_DESIGN_PERSON_AND_ORGANIZATION_ASSIGNMENT ( #1497, #280, ( #2255 ) ) ;
#1590 = CARTESIAN_POINT ( 'NONE',  ( 664.4749683231336803, -175.0000000000002558, 90.00000000000000000 ) ) ;
#1591 = ORIENTED_EDGE ( 'NONE', *, *, #2663, .F. ) ;
#1592 = CIRCLE ( 'NONE', #1839, 8.000000000000000000 ) ;
#1593 = DESIGN_CONTEXT ( 'detailed design', #1343, 'design' ) ;
#1594 = EDGE_CURVE ( 'NONE', #477, #725, #2317, .T. ) ;
#1595 = CARTESIAN_POINT ( 'NONE',  ( -1.999999999999999112, 28.99999999999999645, 840.0000000000001137 ) ) ;
#1596 = DIRECTION ( 'NONE',  ( -1.000000000000000000, 0.000000000000000000, -0.000000000000000000 ) ) ;
#1597 = VECTOR ( 'NONE', #2658, 1000.000000000000000 ) ;
#1598 = CARTESIAN_POINT ( 'NONE',  ( 357.9999999999999432, 23.00000000000004974, 0.000000000000000000 ) ) ;
#1599 = VECTOR ( 'NONE', #316, 1000.000000000000000 ) ;
#1600 = PERSON_AND_ORGANIZATION ( #178, #1059 ) ;
#1601 = CARTESIAN_POINT ( 'NONE',  ( 259.9999999999998863, -1120.000000000000000, 30.00000000000000000 ) ) ;
#1602 = CARTESIAN_POINT ( 'NONE',  ( -210.0000000000000853, 0.000000000000000000, 0.000000000000000000 ) ) ;
#1603 = DIRECTION ( 'NONE',  ( 1.000000000000000000, 0.000000000000000000, -0.000000000000000000 ) ) ;
#1604 = VERTEX_POINT ( 'NONE', #691 ) ;
#1605 = CC_DESIGN_PERSON_AND_ORGANIZATION_ASSIGNMENT ( #2563, #1748, ( #1013 ) ) ;
#1606 = DIRECTION ( 'NONE',  ( -0.000000000000000000, -0.000000000000000000, -1.000000000000000000 ) ) ;
#1607 = LOCAL_TIME ( 14, 42, 54.00000000000000000, #166 ) ;
#1608 = ORIENTED_EDGE ( 'NONE', *, *, #1727, .T. ) ;
#1609 = AXIS2_PLACEMENT_3D ( 'NONE', #1251, #2736, #596 ) ;
#1610 = EDGE_CURVE ( 'NONE', #1702, #2550, #253, .T. ) ;
#1611 = ADVANCED_FACE ( 'NONE', ( #884 ), #1981, .T. ) ;
#1612 = CARTESIAN_POINT ( 'NONE',  ( -358.0000000000000568, 92.00000000000000000, 0.000000000000000000 ) ) ;
#1613 = VECTOR ( 'NONE', #1998, 1000.000000000000000 ) ;
#1614 = FACE_OUTER_BOUND ( 'NONE', #1337, .T. ) ;
#1615 = ORIENTED_EDGE ( 'NONE', *, *, #698, .T. ) ;
#1616 = VERTEX_POINT ( 'NONE', #909 ) ;
#1617 = DIRECTION ( 'NONE',  ( 2.418786546024306634E-16, 0.000000000000000000, 1.000000000000000000 ) ) ;
#1618 = ORIENTED_EDGE ( 'NONE', *, *, #2015, .F. ) ;
#1619 = CARTESIAN_POINT ( 'NONE',  ( -290.0000000000001137, 765.0000000000001137, 30.00000000000002842 ) ) ;
#1620 = LINE ( 'NONE', #964, #446 ) ;
#1621 = EDGE_CURVE ( 'NONE', #277, #2547, #730, .T. ) ;
#1622 = APPROVAL ( #311, 'UNKNOWN' ) ;
#1623 = FACE_OUTER_BOUND ( 'NONE', #1918, .T. ) ;
#1624 = ORIENTED_EDGE ( 'NONE', *, *, #2421, .F. ) ;
#1625 = VECTOR ( 'NONE', #2596, 1000.000000000000000 ) ;
#1626 = CARTESIAN_POINT ( 'NONE',  ( 12.99999999999996092, 2.000000000000000000, 10.00000000000000000 ) ) ;
#1627 = DIRECTION ( 'NONE',  ( 0.000000000000000000, -1.000000000000000000, 0.000000000000000000 ) ) ;
#1628 = VERTEX_POINT ( 'NONE', #503 ) ;
#1629 = VECTOR ( 'NONE', #1189, 1000.000000000000000 ) ;
#1630 = PERSON_AND_ORGANIZATION ( #178, #1059 ) ;
#1631 = ADVANCED_FACE ( 'NONE', ( #2279 ), #57, .F. ) ;
#1632 = CALENDAR_DATE ( 2026, 2, 6 ) ;
#1633 = ORIENTED_EDGE ( 'NONE', *, *, #1243, .F. ) ;
#1634 = ORIENTED_EDGE ( 'NONE', *, *, #240, .T. ) ;
#1635 = ORIENTED_EDGE ( 'NONE', *, *, #2315, .F. ) ;
#1636 = ADVANCED_FACE ( 'NONE', ( #2351 ), #1565, .T. ) ;
#1637 = DIRECTION ( 'NONE',  ( 0.000000000000000000, 0.000000000000000000, 1.000000000000000000 ) ) ;
#1638 = CC_DESIGN_PERSON_AND_ORGANIZATION_ASSIGNMENT ( #365, #487, ( #544 ) ) ;
#1639 = PERSON_AND_ORGANIZATION ( #178, #1059 ) ;
#1640 = EDGE_CURVE ( 'NONE', #2693, #2636, #1800, .T. ) ;
#1641 = AXIS2_PLACEMENT_3D ( 'NONE', #2215, #1560, #1156 ) ;
#1642 = DIRECTION ( 'NONE',  ( -2.418786546024306141E-16, -0.000000000000000000, -1.000000000000000000 ) ) ;
#1643 = ADVANCED_FACE ( 'NONE', ( #214 ), #1771, .F. ) ;
#1644 = VECTOR ( 'NONE', #2764, 1000.000000000000000 ) ;
#1645 = DIRECTION ( 'NONE',  ( 0.000000000000000000, -1.000000000000000000, 0.000000000000000000 ) ) ;
#1646 = ORIENTED_EDGE ( 'NONE', *, *, #1093, .T. ) ;
#1647 = ADVANCED_FACE ( 'NONE', ( #291 ), #1116, .F. ) ;
#1648 = VERTEX_POINT ( 'NONE', #490 ) ;
#1649 = ORIENTED_EDGE ( 'NONE', *, *, #2244, .F. ) ;
#1650 = CARTESIAN_POINT ( 'NONE',  ( -15.00000000000003730, 2.000000000000001776, 830.0000000000001137 ) ) ;
#1651 = LINE ( 'NONE', #1821, #2392 ) ;
#1652 = DIRECTION ( 'NONE',  ( -1.156482317317871478E-16, 1.000000000000000000, 0.000000000000000000 ) ) ;
#1653 = CARTESIAN_POINT ( 'NONE',  ( -100.0000000000000142, -8.000000000000007105, 72.00000000000001421 ) ) ;
#1654 = PLANE ( 'NONE',  #372 ) ;
#1655 = AXIS2_PLACEMENT_3D ( 'NONE', #966, #2681, #2702 ) ;
#1656 = EDGE_CURVE ( 'NONE', #2536, #760, #83, .T. ) ;
#1657 = VECTOR ( 'NONE', #1822, 1000.000000000000000 ) ;
#1658 = ADVANCED_FACE ( 'NONE', ( #1358 ), #1801, .T. ) ;
#1659 = VECTOR ( 'NONE', #384, 1000.000000000000000 ) ;
#1660 = CARTESIAN_POINT ( 'NONE',  ( 12.99999999999995914, 2.000000000000000000, 830.0000000000001137 ) ) ;
#1661 = APPROVAL_PERSON_ORGANIZATION ( #2230, #1540, #1957 ) ;
#1662 = CARTESIAN_POINT ( 'NONE',  ( 358.0000000000000000, -77.00000000000000000, -0.000000000000000000 ) ) ;
#1663 = DATE_AND_TIME ( #1700, #1019 ) ;
#1664 = EDGE_LOOP ( 'NONE', ( #995, #2743, #775, #441 ) ) ;
#1665 = ORIENTED_EDGE ( 'NONE', *, *, #1694, .T. ) ;
#1666 = DIRECTION ( 'NONE',  ( 0.000000000000000000, 0.000000000000000000, 1.000000000000000000 ) ) ;
#1667 = COORDINATED_UNIVERSAL_TIME_OFFSET ( 8, 0, .AHEAD. ) ;
#1668 = ORIENTED_EDGE ( 'NONE', *, *, #120, .F. ) ;
#1669 = CARTESIAN_POINT ( 'NONE',  ( -15.00000000000001243, 96.00000000000000000, 830.0000000000001137 ) ) ;
#1670 = EDGE_CURVE ( 'NONE', #1005, #366, #2436, .T. ) ;
#1671 = DIRECTION ( 'NONE',  ( 1.000000000000000000, -1.734723475976807094E-15, 0.000000000000000000 ) ) ;
#1672 = EDGE_LOOP ( 'NONE', ( #1893, #643, #1608, #418 ) ) ;
#1673 = VECTOR ( 'NONE', #626, 1000.000000000000000 ) ;
#1674 = PRODUCT_DEFINITION_SHAPE ( 'NONE', 'NONE',  #2775 ) ;
#1675 = ORIENTED_EDGE ( 'NONE', *, *, #2751, .F. ) ;
#1676 = EDGE_CURVE ( 'NONE', #1903, #2732, #1216, .T. ) ;
#1677 = APPLICATION_PROTOCOL_DEFINITION ( 'international standard', 'config_control_design', 1994, #1038 ) ;
#1678 = FACE_OUTER_BOUND ( 'NONE', #759, .T. ) ;
#1679 = AXIS2_PLACEMENT_3D ( 'NONE', #2512, #151, #1652 ) ;
#1680 = ORIENTED_EDGE ( 'NONE', *, *, #786, .F. ) ;
#1681 = ORIENTED_EDGE ( 'NONE', *, *, #155, .F. ) ;
#1682 = DIRECTION ( 'NONE',  ( -0.000000000000000000, -0.000000000000000000, -1.000000000000000000 ) ) ;
#1683 = ORIENTED_EDGE ( 'NONE', *, *, #1210, .F. ) ;
#1684 = ORIENTED_EDGE ( 'NONE', *, *, #170, .T. ) ;
#1685 = CIRCLE ( 'NONE', #1875, 8.000000000000000000 ) ;
#1686 = LINE ( 'NONE', #1162, #648 ) ;
#1687 = VERTEX_POINT ( 'NONE', #2093 ) ;
#1688 = CC_DESIGN_PERSON_AND_ORGANIZATION_ASSIGNMENT ( #2235, #394, ( #2302 ) ) ;
#1689 = DIRECTION ( 'NONE',  ( 0.000000000000000000, 0.000000000000000000, -1.000000000000000000 ) ) ;
#1690 = CARTESIAN_POINT ( 'NONE',  ( 289.9999999999999432, 1199.999999999999545, 900.0000000000000000 ) ) ;
#1691 = EDGE_CURVE ( 'NONE', #1820, #686, #2497, .T. ) ;
#1692 = FACE_OUTER_BOUND ( 'NONE', #879, .T. ) ;
#1693 = CARTESIAN_POINT ( 'NONE',  ( 0.000000000000000000, 0.000000000000000000, 869.9999999999998863 ) ) ;
#1694 = EDGE_CURVE ( 'NONE', #2568, #2699, #2748, .T. ) ;
#1695 = EDGE_LOOP ( 'NONE', ( #562, #1633, #2654, #1482 ) ) ;
#1696 = FACE_OUTER_BOUND ( 'NONE', #2491, .T. ) ;
#1697 = APPROVAL_DATE_TIME ( #2634, #415 ) ;
#1698 =( NAMED_UNIT ( * ) PLANE_ANGLE_UNIT ( ) SI_UNIT ( $, .RADIAN. ) );
#1699 = DIRECTION ( 'NONE',  ( 1.000000000000000000, 0.000000000000000000, 0.000000000000000000 ) ) ;
#1700 = CALENDAR_DATE ( 2026, 2, 6 ) ;
#1701 = VERTEX_POINT ( 'NONE', #2321 ) ;
#1702 = VERTEX_POINT ( 'NONE', #168 ) ;
#1703 = DIRECTION ( 'NONE',  ( 1.000000000000000000, -0.000000000000000000, -0.000000000000000000 ) ) ;
#1704 = CARTESIAN_POINT ( 'NONE',  ( 99.99999999999998579, 13.26829268292683395, 48.58536585365855132 ) ) ;
#1705 = ORIENTED_EDGE ( 'NONE', *, *, #2298, .T. ) ;
#1706 = CARTESIAN_POINT ( 'NONE',  ( 14.99999999999998757, 96.00000000000000000, 830.0000000000001137 ) ) ;
#1707 = PERSON_AND_ORGANIZATION ( #178, #1059 ) ;
#1708 =( LENGTH_UNIT ( ) NAMED_UNIT ( * ) SI_UNIT ( .MILLI., .METRE. ) );
#1709 = CARTESIAN_POINT ( 'NONE',  ( -100.0000000000000142, 15.99999999999998934, 64.00000000000000000 ) ) ;
#1710 = VECTOR ( 'NONE', #1738, 1000.000000000000000 ) ;
#1711 = CC_DESIGN_DATE_AND_TIME_ASSIGNMENT ( #1197, #1363, ( #2624 ) ) ;
#1712 = DIRECTION ( 'NONE',  ( 0.000000000000000000, -2.643388153869420804E-16, 1.000000000000000000 ) ) ;
#1713 = EDGE_CURVE ( 'NONE', #61, #808, #613, .T. ) ;
#1714 = CARTESIAN_POINT ( 'NONE',  ( -15.00000000000003730, 2.000000000000000444, 0.000000000000000000 ) ) ;
#1715 = FACE_OUTER_BOUND ( 'NONE', #1695, .T. ) ;
#1716 = ORIENTED_EDGE ( 'NONE', *, *, #324, .T. ) ;
#1717 = ORIENTED_EDGE ( 'NONE', *, *, #2674, .F. ) ;
#1718 = DIRECTION ( 'NONE',  ( 0.000000000000000000, 1.000000000000000000, 0.000000000000000000 ) ) ;
#1719 = ORIENTED_EDGE ( 'NONE', *, *, #1225, .F. ) ;
#1720 = DIRECTION ( 'NONE',  ( 0.000000000000000000, -0.6246950475544241765, -0.7808688094430302762 ) ) ;
#1721 = CARTESIAN_POINT ( 'NONE',  ( 0.000000000000000000, 0.000000000000000000, 0.000000000000000000 ) ) ;
#1722 = ORIENTED_EDGE ( 'NONE', *, *, #1621, .F. ) ;
#1723 = PLANE ( 'NONE',  #2159 ) ;
#1724 = LINE ( 'NONE', #1133, #46 ) ;
#1725 = CARTESIAN_POINT ( 'NONE',  ( -1190.499861188218119, 1169.999999999999318, 3.673940397442059178E-15 ) ) ;
#1726 = VECTOR ( 'NONE', #2458, 1000.000000000000000 ) ;
#1727 = EDGE_CURVE ( 'NONE', #1702, #1473, #789, .T. ) ;
#1728 = CC_DESIGN_PERSON_AND_ORGANIZATION_ASSIGNMENT ( #1226, #878, ( #1460 ) ) ;
#1729 = DIRECTION ( 'NONE',  ( 0.000000000000000000, 1.000000000000000000, 0.000000000000000000 ) ) ;
#1730 = LINE ( 'NONE', #1840, #796 ) ;
#1731 = DIRECTION ( 'NONE',  ( -1.000000000000000000, 2.312964634635743203E-17, 0.000000000000000000 ) ) ;
#1732 = CARTESIAN_POINT ( 'NONE',  ( -100.0000000000000142, -16.00000000000000711, 64.00000000000000000 ) ) ;
#1733 = APPLICATION_PROTOCOL_DEFINITION ( 'international standard', 'config_control_design', 1994, #454 ) ;
#1734 = COORDINATED_UNIVERSAL_TIME_OFFSET ( 8, 0, .AHEAD. ) ;
#1735 = EDGE_CURVE ( 'NONE', #818, #857, #380, .T. ) ;
#1736 = DIRECTION ( 'NONE',  ( 0.000000000000000000, -1.000000000000000000, 0.000000000000000000 ) ) ;
#1737 = ORGANIZATION ( 'NAUO-ORG2', 'UNSPECIFIED', 'UNSPECIFIED' ) ;
#1738 = DIRECTION ( 'NONE',  ( -0.000000000000000000, -0.000000000000000000, -1.000000000000000000 ) ) ;
#1739 = ORIENTED_EDGE ( 'NONE', *, *, #836, .F. ) ;
#1740 = VECTOR ( 'NONE', #1071, 1000.000000000000000 ) ;
#1741 = AXIS2_PLACEMENT_3D ( 'NONE', #2026, #67, #1146 ) ;
#1742 = ORIENTED_EDGE ( 'NONE', *, *, #938, .T. ) ;
#1743 = CARTESIAN_POINT ( 'NONE',  ( 99.99999999999998579, 16.00000000000001421, 72.00000000000001421 ) ) ;
#1744 = CARTESIAN_POINT ( 'NONE',  ( 259.9999999999998863, 0.000000000000000000, 0.000000000000000000 ) ) ;
#1745 = COORDINATED_UNIVERSAL_TIME_OFFSET ( 8, 0, .AHEAD. ) ;
#1746 = ORIENTED_EDGE ( 'NONE', *, *, #2739, .F. ) ;
#1747 = CARTESIAN_POINT ( 'NONE',  ( 289.9999999999999432, 1200.000000000000227, 30.00000000000000000 ) ) ;
#1748 = PERSON_AND_ORGANIZATION_ROLE ( 'creator' ) ;
#1749 = CARTESIAN_POINT ( 'NONE',  ( 14.99999999999998757, 96.00000000000000000, 10.00000000000000000 ) ) ;
#1750 = CC_DESIGN_DATE_AND_TIME_ASSIGNMENT ( #597, #2544, ( #2641 ) ) ;
#1751 = VECTOR ( 'NONE', #1034, 1000.000000000000000 ) ;
#1752 = DIRECTION ( 'NONE',  ( 0.000000000000000000, 0.000000000000000000, 1.000000000000000000 ) ) ;
#1753 = FACE_OUTER_BOUND ( 'NONE', #122, .T. ) ;
#1754 = CARTESIAN_POINT ( 'NONE',  ( 14.99999999999998757, 96.00000000000000000, 10.00000000000000000 ) ) ;
#1755 = EDGE_CURVE ( 'NONE', #857, #489, #1313, .T. ) ;
#1756 = DATE_TIME_ROLE ( 'classification_date' ) ;
#1757 = EDGE_LOOP ( 'NONE', ( #47, #2264, #2731, #167 ) ) ;
#1758 = EDGE_LOOP ( 'NONE', ( #1717, #1496, #114, #1386 ) ) ;
#1759 = DIRECTION ( 'NONE',  ( -1.000000000000000000, 0.000000000000000000, 0.000000000000000000 ) ) ;
#1760 = CARTESIAN_POINT ( 'NONE',  ( 664.4749683231336803, -175.0000000000002558, 809.9999999999998863 ) ) ;
#1761 = ORIENTED_EDGE ( 'NONE', *, *, #1032, .T. ) ;
#1762 = DIRECTION ( 'NONE',  ( -0.000000000000000000, -0.000000000000000000, -1.000000000000000000 ) ) ;
#1763 = VERTEX_POINT ( 'NONE', #1249 ) ;
#1764 = VECTOR ( 'NONE', #1759, 1000.000000000000000 ) ;
#1765 = CARTESIAN_POINT ( 'NONE',  ( -15.00000000000001243, 96.00000000000000000, 10.00000000000000000 ) ) ;
#1766 = DIRECTION ( 'NONE',  ( 1.000000000000000000, 0.000000000000000000, -0.000000000000000000 ) ) ;
#1767 = VECTOR ( 'NONE', #2152, 1000.000000000000000 ) ;
#1768 = ORIENTED_EDGE ( 'NONE', *, *, #2015, .T. ) ;
#1769 = PLANE ( 'NONE',  #71 ) ;
#1770 = PERSON_AND_ORGANIZATION_ROLE ( 'creator' ) ;
#1771 = PLANE ( 'NONE',  #1475 ) ;
#1772 = DIRECTION ( 'NONE',  ( 0.000000000000000000, -0.000000000000000000, -1.000000000000000000 ) ) ;
#1773 = VECTOR ( 'NONE', #427, 1000.000000000000000 ) ;
#1774 = DIRECTION ( 'NONE',  ( 2.710505431213761085E-16, 1.000000000000000000, 0.000000000000000000 ) ) ;
#1775 = EDGE_CURVE ( 'NONE', #686, #630, #1924, .T. ) ;
#1776 = CARTESIAN_POINT ( 'NONE',  ( 0.000000000000000000, 0.000000000000000000, -247.5000000000000000 ) ) ;
#1777 = VERTEX_POINT ( 'NONE', #2529 ) ;
#1778 = LINE ( 'NONE', #2729, #2228 ) ;
#1779 = LOCAL_TIME ( 14, 42, 54.00000000000000000, #1397 ) ;
#1780 = CC_DESIGN_APPROVAL ( #415, ( #473 ) ) ;
#1781 = LOCAL_TIME ( 14, 42, 54.00000000000000000, #2329 ) ;
#1782 = ORIENTED_EDGE ( 'NONE', *, *, #2080, .F. ) ;
#1783 = PERSON_AND_ORGANIZATION_ROLE ( 'design_supplier' ) ;
#1784 = DIRECTION ( 'NONE',  ( -2.710505431213761085E-16, -1.000000000000000000, -0.000000000000000000 ) ) ;
#1785 = ORIENTED_EDGE ( 'NONE', *, *, #452, .F. ) ;
#1786 = DIRECTION ( 'NONE',  ( 1.000000000000000000, 0.000000000000000000, 0.000000000000000000 ) ) ;
#1787 = DIRECTION ( 'NONE',  ( 2.312964634635742957E-16, -1.000000000000000000, 0.000000000000000000 ) ) ;
#1788 = CARTESIAN_POINT ( 'NONE',  ( 99.99999999999998579, -15.99999999999998579, 72.00000000000001421 ) ) ;
#1789 = LINE ( 'NONE', #2170, #1207 ) ;
#1790 = EDGE_LOOP ( 'NONE', ( #2203, #2511, #1264, #644 ) ) ;
#1791 = VECTOR ( 'NONE', #442, 1000.000000000000000 ) ;
#1792 = DIRECTION ( 'NONE',  ( -0.000000000000000000, -0.000000000000000000, -1.000000000000000000 ) ) ;
#1793 =( GEOMETRIC_REPRESENTATION_CONTEXT ( 3 ) GLOBAL_UNCERTAINTY_ASSIGNED_CONTEXT ( ( #2660 ) ) GLOBAL_UNIT_ASSIGNED_CONTEXT ( ( #1236, #602, #636 ) ) REPRESENTATION_CONTEXT ( 'NONE', 'WORKASPACE' ) );
#1794 = ORIENTED_EDGE ( 'NONE', *, *, #368, .F. ) ;
#1795 = EDGE_LOOP ( 'NONE', ( #713, #1984, #1819, #2234 ) ) ;
#1796 = UNCERTAINTY_MEASURE_WITH_UNIT (LENGTH_MEASURE( 1.000000000000000082E-05 ), #409, 'distance_accuracy_value', 'NONE');
#1797 = EDGE_CURVE ( 'NONE', #403, #407, #2771, .T. ) ;
#1798 = EDGE_LOOP ( 'NONE', ( #1462, #1145, #1498, #1430 ) ) ;
#1799 = DIRECTION ( 'NONE',  ( 0.000000000000000000, 1.000000000000000000, 0.000000000000000000 ) ) ;
#1800 = LINE ( 'NONE', #716, #1932 ) ;
#1801 = PLANE ( 'NONE',  #2339 ) ;
#1802 = AXIS2_PLACEMENT_3D ( 'NONE', #1788, #2646, #2434 ) ;
#1803 = VERTEX_POINT ( 'NONE', #1650 ) ;
#1804 = CARTESIAN_POINT ( 'NONE',  ( -188.0000000000000853, -311.1571300390681927, 90.00000000000007105 ) ) ;
#1805 = FACE_OUTER_BOUND ( 'NONE', #678, .T. ) ;
#1806 = VECTOR ( 'NONE', #522, 1000.000000000000000 ) ;
#1807 = DIRECTION ( 'NONE',  ( 1.162943112386686542E-16, 1.000000000000000000, 0.000000000000000000 ) ) ;
#1808 = PERSON_AND_ORGANIZATION_ROLE ( 'classification_officer' ) ;
#1809 = VECTOR ( 'NONE', #641, 1000.000000000000000 ) ;
#1810 = CARTESIAN_POINT ( 'NONE',  ( 219.0000000000001421, 3.999999999999989786, 22.00000000000000000 ) ) ;
#1811 = CARTESIAN_POINT ( 'NONE',  ( 99.99999999999998579, 3.999999999999989786, 22.00000000000000000 ) ) ;
#1812 = SHAPE_DEFINITION_REPRESENTATION ( #338, #484 ) ;
#1813 = AXIS2_PLACEMENT_3D ( 'NONE', #511, #1786, #717 ) ;
#1814 = CARTESIAN_POINT ( 'NONE',  ( -15.00000000000003730, 2.000000000000001776, 840.0000000000001137 ) ) ;
#1815 = ORIENTED_EDGE ( 'NONE', *, *, #2123, .T. ) ;
#1816 = EDGE_CURVE ( 'NONE', #1509, #694, #1348, .T. ) ;
#1817 = ORIENTED_EDGE ( 'NONE', *, *, #1113, .T. ) ;
#1818 = PERSON_AND_ORGANIZATION ( #178, #1059 ) ;
#1819 = ORIENTED_EDGE ( 'NONE', *, *, #2461, .T. ) ;
#1820 = VERTEX_POINT ( 'NONE', #997 ) ;
#1821 = CARTESIAN_POINT ( 'NONE',  ( -100.0000000000000142, -16.00000000000000711, 72.00000000000001421 ) ) ;
#1822 = DIRECTION ( 'NONE',  ( -0.000000000000000000, -0.000000000000000000, 1.000000000000000000 ) ) ;
#1823 = DIRECTION ( 'NONE',  ( 0.000000000000000000, 0.000000000000000000, 1.000000000000000000 ) ) ;
#1824 = FACE_OUTER_BOUND ( 'NONE', #87, .T. ) ;
#1825 = DESIGN_CONTEXT ( 'detailed design', #54, 'design' ) ;
#1826 = VECTOR ( 'NONE', #2564, 1000.000000000000000 ) ;
#1827 = DIRECTION ( 'NONE',  ( 0.000000000000000000, 1.387778780781445922E-16, 1.000000000000000000 ) ) ;
#1828 = ORIENTED_EDGE ( 'NONE', *, *, #803, .T. ) ;
#1829 = EDGE_CURVE ( 'NONE', #521, #2732, #76, .T. ) ;
#1830 = ORIENTED_EDGE ( 'NONE', *, *, #983, .T. ) ;
#1831 = ORIENTED_EDGE ( 'NONE', *, *, #107, .F. ) ;
#1832 = ADVANCED_FACE ( 'NONE', ( #1715 ), #2107, .F. ) ;
#1833 = ORIENTED_EDGE ( 'NONE', *, *, #2623, .F. ) ;
#1834 = FACE_OUTER_BOUND ( 'NONE', #1228, .T. ) ;
#1835 = PLANE ( 'NONE',  #2022 ) ;
#1836 = EDGE_CURVE ( 'NONE', #2536, #1803, #780, .T. ) ;
#1837 = FACE_OUTER_BOUND ( 'NONE', #19, .T. ) ;
#1838 = ORIENTED_EDGE ( 'NONE', *, *, #2151, .T. ) ;
#1839 = AXIS2_PLACEMENT_3D ( 'NONE', #161, #303, #1147 ) ;
#1840 = CARTESIAN_POINT ( 'NONE',  ( 289.9999999999999432, 1200.000000000000227, 0.000000000000000000 ) ) ;
#1841 = LINE ( 'NONE', #227, #1256 ) ;
#1842 = LINE ( 'NONE', #1911, #496 ) ;
#1843 = COORDINATED_UNIVERSAL_TIME_OFFSET ( 8, 0, .AHEAD. ) ;
#1844 = DATE_AND_TIME ( #2668, #2199 ) ;
#1845 = DIRECTION ( 'NONE',  ( -0.000000000000000000, 1.000000000000000000, -0.000000000000000000 ) ) ;
#1846 = ORIENTED_EDGE ( 'NONE', *, *, #1292, .F. ) ;
#1847 = CC_DESIGN_PERSON_AND_ORGANIZATION_ASSIGNMENT ( #22, #2176, ( #1899 ) ) ;
#1848 = CARTESIAN_POINT ( 'NONE',  ( -358.0000000000000568, 92.00000000000000000, 22.00000000000000000 ) ) ;
#1849 = LINE ( 'NONE', #1011, #199 ) ;
#1850 = ORIENTED_EDGE ( 'NONE', *, *, #2645, .F. ) ;
#1851 = AXIS2_PLACEMENT_3D ( 'NONE', #528, #72, #2446 ) ;
#1852 = EDGE_CURVE ( 'NONE', #1616, #593, #1408, .T. ) ;
#1853 = ORIENTED_EDGE ( 'NONE', *, *, #2724, .F. ) ;
#1854 = AXIS2_PLACEMENT_3D ( 'NONE', #1306, #639, #1720 ) ;
#1855 = ADVANCED_FACE ( 'NONE', ( #2428 ), #174, .F. ) ;
#1856 = CARTESIAN_POINT ( 'NONE',  ( -358.0000000000000568, -107.0000000000000000, -716.1571056688609360 ) ) ;
#1857 = DIRECTION ( 'NONE',  ( 0.000000000000000000, -1.000000000000000000, 1.387778780781445922E-16 ) ) ;
#1858 = VECTOR ( 'NONE', #1913, 1000.000000000000000 ) ;
#1859 = FACE_OUTER_BOUND ( 'NONE', #180, .T. ) ;
#1860 = ORIENTED_EDGE ( 'NONE', *, *, #2047, .T. ) ;
#1861 = ORIENTED_EDGE ( 'NONE', *, *, #436, .T. ) ;
#1862 = VERTEX_POINT ( 'NONE', #387 ) ;
#1863 = DIRECTION ( 'NONE',  ( 1.000000000000000000, 0.000000000000000000, 0.000000000000000000 ) ) ;
#1864 = VECTOR ( 'NONE', #292, 1000.000000000000000 ) ;
#1865 = AXIS2_PLACEMENT_3D ( 'NONE', #1747, #451, #28 ) ;
#1866 = CC_DESIGN_PERSON_AND_ORGANIZATION_ASSIGNMENT ( #987, #300, ( #951 ) ) ;
#1867 = EDGE_CURVE ( 'NONE', #933, #1803, #2382, .T. ) ;
#1868 = VERTEX_POINT ( 'NONE', #595 ) ;
#1869 = LINE ( 'NONE', #1743, #1285 ) ;
#1870 = ADVANCED_FACE ( 'NONE', ( #402 ), #2350, .F. ) ;
#1871 = CARTESIAN_POINT ( 'NONE',  ( -358.0000000000000568, 92.00000000000000000, 22.00000000000000000 ) ) ;
#1872 = CYLINDRICAL_SURFACE ( 'NONE', #1851, 8.000000000000007105 ) ;
#1873 = ADVANCED_FACE ( 'NONE', ( #1859 ), #234, .T. ) ;
#1874 = CARTESIAN_POINT ( 'NONE',  ( -100.0000000000000142, 15.99999999999998934, 54.80624847486570417 ) ) ;
#1875 = AXIS2_PLACEMENT_3D ( 'NONE', #414, #2718, #1671 ) ;
#1876 = FACE_OUTER_BOUND ( 'NONE', #1214, .T. ) ;
#1877 = LOCAL_TIME ( 14, 42, 54.00000000000000000, #1843 ) ;
#1878 = ORIENTED_EDGE ( 'NONE', *, *, #45, .F. ) ;
#1879 = ORIENTED_EDGE ( 'NONE', *, *, #950, .F. ) ;
#1880 = VECTOR ( 'NONE', #430, 1000.000000000000000 ) ;
#1881 = ORIENTED_EDGE ( 'NONE', *, *, #2459, .T. ) ;
#1882 = VERTEX_POINT ( 'NONE', #1056 ) ;
#1883 = ADVANCED_FACE ( 'NONE', ( #1614 ), #1477, .T. ) ;
#1884 = EDGE_CURVE ( 'NONE', #622, #2147, #1274, .T. ) ;
#1885 = CC_DESIGN_APPROVAL ( #1622, ( #1134 ) ) ;
#1886 = DIRECTION ( 'NONE',  ( 1.156482317317871478E-16, -1.000000000000000000, 0.000000000000000000 ) ) ;
#1887 = LOCAL_TIME ( 14, 42, 54.00000000000000000, #1432 ) ;
#1888 = EDGE_CURVE ( 'NONE', #2220, #2031, #1996, .T. ) ;
#1889 = AXIS2_PLACEMENT_3D ( 'NONE', #1574, #2443, #940 ) ;
#1890 = DIRECTION ( 'NONE',  ( -0.000000000000000000, -1.000000000000000000, -0.000000000000000000 ) ) ;
#1891 = LINE ( 'NONE', #1302, #1751 ) ;
#1892 = VECTOR ( 'NONE', #2602, 1000.000000000000000 ) ;
#1893 = ORIENTED_EDGE ( 'NONE', *, *, #2478, .T. ) ;
#1894 = ADVANCED_FACE ( 'NONE', ( #1140, #208 ), #2773, .F. ) ;
#1895 = ORIENTED_EDGE ( 'NONE', *, *, #1466, .T. ) ;
#1896 =( NAMED_UNIT ( * ) PLANE_ANGLE_UNIT ( ) SI_UNIT ( $, .RADIAN. ) );
#1897 = ORIENTED_EDGE ( 'NONE', *, *, #324, .F. ) ;
#1898 = ORIENTED_EDGE ( 'NONE', *, *, #169, .F. ) ;
#1899 = PRODUCT_DEFINITION_FORMATION_WITH_SPECIFIED_SOURCE ( '任何', '', #2302, .NOT_KNOWN. ) ;
#1900 = DIRECTION ( 'NONE',  ( 1.000000000000000000, 0.000000000000000000, 0.000000000000000000 ) ) ;
#1901 = VECTOR ( 'NONE', #2224, 1000.000000000000000 ) ;
#1902 = DIRECTION ( 'NONE',  ( 0.000000000000000000, 0.000000000000000000, 1.000000000000000000 ) ) ;
#1903 = VERTEX_POINT ( 'NONE', #432 ) ;
#1904 = AXIS2_PLACEMENT_3D ( 'NONE', #1459, #801, #2301 ) ;
#1905 = VECTOR ( 'NONE', #2379, 1000.000000000000000 ) ;
#1906 = EDGE_CURVE ( 'NONE', #2185, #1628, #1029, .T. ) ;
#1907 = APPLICATION_PROTOCOL_DEFINITION ( 'international standard', 'config_control_design', 1994, #2112 ) ;
#1908 = VECTOR ( 'NONE', #463, 1000.000000000000000 ) ;
#1909 = CARTESIAN_POINT ( 'NONE',  ( -358.0000000000000568, -92.00000000000000000, 0.000000000000000000 ) ) ;
#1910 = CALENDAR_DATE ( 2026, 2, 6 ) ;
#1911 = CARTESIAN_POINT ( 'NONE',  ( 99.99999999999998579, -15.99999999999998579, 72.00000000000001421 ) ) ;
#1912 = PERSON ( 'NAUO-PER3', 'UNSPECIFIED', 'UNSPECIFIED', ('UNSPECIFIED'), ('UNSPECIFIED'), ('UNSPECIFIED') ) ;
#1913 = DIRECTION ( 'NONE',  ( -0.000000000000000000, -1.000000000000000000, -0.000000000000000000 ) ) ;
#1914 = CALENDAR_DATE ( 2026, 2, 6 ) ;
#1915 = EDGE_LOOP ( 'NONE', ( #1217, #289, #608, #1624 ) ) ;
#1916 = ORIENTED_EDGE ( 'NONE', *, *, #652, .T. ) ;
#1917 =( NAMED_UNIT ( * ) PLANE_ANGLE_UNIT ( ) SI_UNIT ( $, .RADIAN. ) );
#1918 = EDGE_LOOP ( 'NONE', ( #1878, #1377, #2146, #2452 ) ) ;
#1919 = CARTESIAN_POINT ( 'NONE',  ( 358.0000000000000000, 23.00000000000000355, -247.5000000000000000 ) ) ;
#1920 = EDGE_CURVE ( 'NONE', #345, #599, #1470, .T. ) ;
#1921 = DIRECTION ( 'NONE',  ( 1.000000000000000000, 0.000000000000000000, 0.000000000000000000 ) ) ;
#1922 = CARTESIAN_POINT ( 'NONE',  ( -290.0000000000001137, 794.9999999999998863, 869.9999999999998863 ) ) ;
#1923 = LINE ( 'NONE', #1077, #2054 ) ;
#1924 = LINE ( 'NONE', #186, #283 ) ;
#1925 = AXIS2_PLACEMENT_3D ( 'NONE', #2687, #1827, #754 ) ;
#1926 = DIRECTION ( 'NONE',  ( 0.000000000000000000, 0.000000000000000000, 1.000000000000000000 ) ) ;
#1927 = VERTEX_POINT ( 'NONE', #621 ) ;
#1928 = CARTESIAN_POINT ( 'NONE',  ( -15.00000000000001243, 96.00000000000000000, 840.0000000000001137 ) ) ;
#1929 = PLANE ( 'NONE',  #538 ) ;
#1930 = VERTEX_POINT ( 'NONE', #2136 ) ;
#1931 = EDGE_LOOP ( 'NONE', ( #1591, #142, #2344, #411, #2320, #1083 ) ) ;
#1932 = VECTOR ( 'NONE', #1784, 1000.000000000000000 ) ;
#1933 = CARTESIAN_POINT ( 'NONE',  ( 0.000000000000000000, 0.000000000000000000, 0.000000000000000000 ) ) ;
#1934 = VECTOR ( 'NONE', #50, 1000.000000000000000 ) ;
#1935 = DIRECTION ( 'NONE',  ( -0.000000000000000000, 1.000000000000000000, -0.000000000000000000 ) ) ;
#1936 = APPROVAL_STATUS ( 'not_yet_approved' ) ;
#1937 = LINE ( 'NONE', #1537, #1046 ) ;
#1938 = EDGE_CURVE ( 'NONE', #808, #403, #2343, .T. ) ;
#1939 = ORIENTED_EDGE ( 'NONE', *, *, #1238, .F. ) ;
#1940 = FACE_OUTER_BOUND ( 'NONE', #751, .T. ) ;
#1941 = DIRECTION ( 'NONE',  ( 1.000000000000000000, 4.336808689942017120E-17, 0.000000000000000000 ) ) ;
#1942 = DIRECTION ( 'NONE',  ( 1.000000000000000000, 0.000000000000000000, 0.000000000000000000 ) ) ;
#1943 = CALENDAR_DATE ( 2026, 2, 6 ) ;
#1944 = EDGE_LOOP ( 'NONE', ( #2042, #750, #1646, #2061 ) ) ;
#1945 = DIRECTION ( 'NONE',  ( -1.000000000000000000, 0.000000000000000000, 0.000000000000000000 ) ) ;
#1946 = DIRECTION ( 'NONE',  ( 0.000000000000000000, -1.000000000000000000, 0.000000000000000000 ) ) ;
#1947 = FACE_OUTER_BOUND ( 'NONE', #534, .T. ) ;
#1948 = VERTEX_POINT ( 'NONE', #1269 ) ;
#1949 = CARTESIAN_POINT ( 'NONE',  ( 259.9999999999998863, 765.0000000000001137, 30.00000000000002842 ) ) ;
#1950 = APPROVAL_DATE_TIME ( #2704, #2349 ) ;
#1951 = DIRECTION ( 'NONE',  ( 0.000000000000000000, 0.000000000000000000, 1.000000000000000000 ) ) ;
#1952 = CARTESIAN_POINT ( 'NONE',  ( -15.00000000000003730, 0.000000000000000000, 830.0000000000001137 ) ) ;
#1953 = CARTESIAN_POINT ( 'NONE',  ( -339.9999999999999432, 23.00000000000004974, -229.4999999999999716 ) ) ;
#1954 = AXIS2_PLACEMENT_3D ( 'NONE', #1080, #1312, #910 ) ;
#1955 = EDGE_CURVE ( 'NONE', #2547, #599, #2489, .T. ) ;
#1956 = CARTESIAN_POINT ( 'NONE',  ( -1193.548559846121407, -1120.000000000000000, 0.000000000000000000 ) ) ;
#1957 = APPROVAL_ROLE ( '' ) ;
#1958 = ORIENTED_EDGE ( 'NONE', *, *, #1085, .F. ) ;
#1959 = LINE ( 'NONE', #2453, #1310 ) ;
#1960 = PRODUCT_DEFINITION_SHAPE ( 'NONE', 'NONE',  #2641 ) ;
#1961 = DIRECTION ( 'NONE',  ( -1.000000000000000000, 0.000000000000000000, 0.000000000000000000 ) ) ;
#1962 = CARTESIAN_POINT ( 'NONE',  ( -100.0000000000000142, 15.99999999999998934, 72.00000000000001421 ) ) ;
#1963 = EDGE_LOOP ( 'NONE', ( #1577, #2314, #2280, #640 ) ) ;
#1964 = ORIENTED_EDGE ( 'NONE', *, *, #2580, .F. ) ;
#1965 = CARTESIAN_POINT ( 'NONE',  ( -188.0000000000000568, -575.0000000000003411, 30.00000000000004263 ) ) ;
#1966 = EDGE_LOOP ( 'NONE', ( #2105, #1986, #2303, #2560 ) ) ;
#1967 = DIRECTION ( 'NONE',  ( -0.000000000000000000, -0.000000000000000000, 1.000000000000000000 ) ) ;
#1968 = APPLICATION_PROTOCOL_DEFINITION ( 'international standard', 'config_control_design', 1994, #237 ) ;
#1969 = LINE ( 'NONE', #70, #1391 ) ;
#1970 = PLANE ( 'NONE',  #2089 ) ;
#1971 = FACE_OUTER_BOUND ( 'NONE', #1316, .T. ) ;
#1972 = DIRECTION ( 'NONE',  ( 0.000000000000000000, -1.000000000000000000, 0.000000000000000000 ) ) ;
#1973 = EDGE_CURVE ( 'NONE', #2031, #547, #911, .T. ) ;
#1974 = CC_DESIGN_DATE_AND_TIME_ASSIGNMENT ( #1490, #89, ( #1134 ) ) ;
#1975 = FACE_OUTER_BOUND ( 'NONE', #1915, .T. ) ;
#1976 = CARTESIAN_POINT ( 'NONE',  ( -290.0000000000000568, -1120.000000000000000, 30.00000000000000000 ) ) ;
#1977 = CARTESIAN_POINT ( 'NONE',  ( -188.0000000000000853, -345.0000000000002842, 809.9999999999998863 ) ) ;
#1978 = APPROVAL_STATUS ( 'not_yet_approved' ) ;
#1979 = LOCAL_TIME ( 14, 42, 54.00000000000000000, #861 ) ;
#1980 = EDGE_CURVE ( 'NONE', #345, #1375, #1385, .T. ) ;
#1981 = PLANE ( 'NONE',  #2539 ) ;
#1982 = CARTESIAN_POINT ( 'NONE',  ( 1100.535543567313880, 765.0000000000001137, 30.00000000000002842 ) ) ;
#1983 = DIRECTION ( 'NONE',  ( -0.000000000000000000, 1.000000000000000000, -0.000000000000000000 ) ) ;
#1984 = ORIENTED_EDGE ( 'NONE', *, *, #1362, .T. ) ;
#1985 = AXIS2_PLACEMENT_3D ( 'NONE', #2025, #937, #1153 ) ;
#1986 = ORIENTED_EDGE ( 'NONE', *, *, #1151, .F. ) ;
#1987 = DIRECTION ( 'NONE',  ( 0.000000000000000000, 0.000000000000000000, -1.000000000000000000 ) ) ;
#1988 = EDGE_LOOP ( 'NONE', ( #1556, #628, #2088, #2002 ) ) ;
#1989 = MECHANICAL_CONTEXT ( 'NONE', #68, 'mechanical' ) ;
#1990 = EDGE_LOOP ( 'NONE', ( #1354, #1276, #2715, #495 ) ) ;
#1991 = CARTESIAN_POINT ( 'NONE',  ( 259.9999999999998863, 0.000000000000000000, 0.000000000000000000 ) ) ;
#1992 = PLANE ( 'NONE',  #2464 ) ;
#1993 = CC_DESIGN_DATE_AND_TIME_ASSIGNMENT ( #743, #2627, ( #1000 ) ) ;
#1994 = FACE_OUTER_BOUND ( 'NONE', #2077, .T. ) ;
#1995 = AXIS2_PLACEMENT_3D ( 'NONE', #341, #2496, #2057 ) ;
#1996 = LINE ( 'NONE', #2331, #607 ) ;
#1997 = EDGE_CURVE ( 'NONE', #489, #2450, #2545, .T. ) ;
#1998 = DIRECTION ( 'NONE',  ( -1.000000000000000000, 0.000000000000000000, 0.000000000000000000 ) ) ;
#1999 = APPROVAL_STATUS ( 'not_yet_approved' ) ;
#2000 = ORIENTED_EDGE ( 'NONE', *, *, #2724, .T. ) ;
#2001 = DIRECTION ( 'NONE',  ( -1.000000000000000000, 0.000000000000000000, 0.000000000000000000 ) ) ;
#2002 = ORIENTED_EDGE ( 'NONE', *, *, #2049, .F. ) ;
#2003 = ORIENTED_EDGE ( 'NONE', *, *, #2240, .F. ) ;
#2004 = LINE ( 'NONE', #2271, #2716 ) ;
#2005 = LINE ( 'NONE', #2562, #2190 ) ;
#2006 = EDGE_LOOP ( 'NONE', ( #2433, #270, #1830, #112, #2759, #667 ) ) ;
#2007 = CARTESIAN_POINT ( 'NONE',  ( 99.99999999999998579, 8.000000000000014211, 72.00000000000001421 ) ) ;
#2008 = APPROVAL_ROLE ( '' ) ;
#2009 = DIRECTION ( 'NONE',  ( 1.000000000000000000, 0.000000000000000000, -0.000000000000000000 ) ) ;
#2010 = VECTOR ( 'NONE', #1712, 1000.000000000000000 ) ;
#2011 = CARTESIAN_POINT ( 'NONE',  ( 340.0000000000000000, -60.99999999999995737, 0.000000000000000000 ) ) ;
#2012 = DIRECTION ( 'NONE',  ( 0.000000000000000000, -7.709882115452479399E-17, -1.000000000000000000 ) ) ;
#2013 = ORIENTED_EDGE ( 'NONE', *, *, #1277, .T. ) ;
#2014 = VECTOR ( 'NONE', #936, 1000.000000000000000 ) ;
#2015 = EDGE_CURVE ( 'NONE', #143, #2655, #139, .T. ) ;
#2016 = SHAPE_DEFINITION_REPRESENTATION ( #2297, #488 ) ;
#2017 = CARTESIAN_POINT ( 'NONE',  ( -9.999999999999996447, 6.999999999999999112, 830.0000000000001137 ) ) ;
#2019 = DIRECTION ( 'NONE',  ( 0.000000000000000000, 1.000000000000000000, -0.000000000000000000 ) ) ;
#2018 = VECTOR ( 'NONE', #1448, 1000.000000000000000 ) ;
#2020 = EDGE_LOOP ( 'NONE', ( #968, #1860, #813, #1106 ) ) ;
#2021 = CARTESIAN_POINT ( 'NONE',  ( 99.99999999999998579, 11.99999999999998757, 34.19375152513431004 ) ) ;
#2022 = AXIS2_PLACEMENT_3D ( 'NONE', #2614, #288, #1546 ) ;
#2023 = DATE_AND_TIME ( #312, #1887 ) ;
#2024 = ORIENTED_EDGE ( 'NONE', *, *, #2677, .F. ) ;
#2025 = CARTESIAN_POINT ( 'NONE',  ( 2.000000000000001776, 28.99999999999999645, 840.0000000000001137 ) ) ;
#2026 = CARTESIAN_POINT ( 'NONE',  ( 12.99999999999996092, 2.000000000000000000, 0.000000000000000000 ) ) ;
#2027 = PERSON_AND_ORGANIZATION_ROLE ( 'classification_officer' ) ;
#2028 = DIRECTION ( 'NONE',  ( 0.000000000000000000, -0.000000000000000000, 1.000000000000000000 ) ) ;
#2029 = PLANE ( 'NONE',  #1042 ) ;
#2030 = CARTESIAN_POINT ( 'NONE',  ( 10.00000000000000178, 29.00000000000000000, 830.0000000000001137 ) ) ;
#2031 = VERTEX_POINT ( 'NONE', #1486 ) ;
#2032 = EDGE_CURVE ( 'NONE', #2657, #2261, #2214, .T. ) ;
#2033 = LINE ( 'NONE', #906, #1439 ) ;
#2034 = APPROVAL ( #2454, 'UNKNOWN' ) ;
#2035 = VERTEX_POINT ( 'NONE', #1297 ) ;
#2036 = EDGE_CURVE ( 'NONE', #1763, #196, #1209, .T. ) ;
#2037 = VERTEX_POINT ( 'NONE', #14 ) ;
#2038 = CARTESIAN_POINT ( 'NONE',  ( -13.00000000000003730, 0.000000000000000000, 10.00000000000000000 ) ) ;
#2039 = ORIENTED_EDGE ( 'NONE', *, *, #1440, .F. ) ;
#2040 = CARTESIAN_POINT ( 'NONE',  ( 0.000000000000000000, 0.000000000000000000, 0.000000000000000000 ) ) ;
#2041 = VECTOR ( 'NONE', #2473, 1000.000000000000000 ) ;
#2042 = ORIENTED_EDGE ( 'NONE', *, *, #2517, .F. ) ;
#2043 = DIRECTION ( 'NONE',  ( -0.000000000000000000, -0.000000000000000000, 1.000000000000000000 ) ) ;
#2044 = FACE_OUTER_BOUND ( 'NONE', #1120, .T. ) ;
#2045 = CC_DESIGN_APPROVAL ( #965, ( #2772 ) ) ;
#2046 = APPROVAL_DATE_TIME ( #2505, #2688 ) ;
#2047 = EDGE_CURVE ( 'NONE', #1862, #2699, #2269, .T. ) ;
#2048 = LOCAL_TIME ( 14, 42, 54.00000000000000000, #2293 ) ;
#2049 = EDGE_CURVE ( 'NONE', #345, #731, #638, .T. ) ;
#2050 = ORIENTED_EDGE ( 'NONE', *, *, #2240, .T. ) ;
#2051 = COORDINATED_UNIVERSAL_TIME_OFFSET ( 8, 0, .AHEAD. ) ;
#2052 = VERTEX_POINT ( 'NONE', #2395 ) ;
#2053 = CARTESIAN_POINT ( 'NONE',  ( 14.99999999999996092, 0.000000000000000000, 10.00000000000000000 ) ) ;
#2054 = VECTOR ( 'NONE', #1967, 1000.000000000000000 ) ;
#2055 = LINE ( 'NONE', #2133, #540 ) ;
#2056 = CARTESIAN_POINT ( 'NONE',  ( -210.0000000000000853, -575.0000000000003411, 809.9999999999998863 ) ) ;
#2057 = DIRECTION ( 'NONE',  ( -1.000000000000000000, -1.040834085586084257E-16, 0.000000000000000000 ) ) ;
#2058 = ORIENTED_EDGE ( 'NONE', *, *, #814, .T. ) ;
#2059 = EDGE_CURVE ( 'NONE', #163, #1054, #2305, .T. ) ;
#2060 = APPROVAL ( #1136, 'UNKNOWN' ) ;
#2061 = ORIENTED_EDGE ( 'NONE', *, *, #513, .T. ) ;
#2062 = ADVANCED_FACE ( 'NONE', ( #680 ), #2612, .T. ) ;
#2063 = ORIENTED_EDGE ( 'NONE', *, *, #2605, .F. ) ;
#2064 = VECTOR ( 'NONE', #1617, 1000.000000000000000 ) ;
#2065 = VECTOR ( 'NONE', #1119, 1000.000000000000000 ) ;
#2066 = ORIENTED_EDGE ( 'NONE', *, *, #2100, .F. ) ;
#2067 = ADVANCED_FACE ( 'NONE', ( #1753 ), #1341, .F. ) ;
#2068 = CARTESIAN_POINT ( 'NONE',  ( -15.00000000000001243, 96.00000000000000000, 0.000000000000000000 ) ) ;
#2069 = LINE ( 'NONE', #207, #2325 ) ;
#2070 = DIRECTION ( 'NONE',  ( -0.000000000000000000, -0.000000000000000000, 1.000000000000000000 ) ) ;
#2071 = VECTOR ( 'NONE', #615, 1000.000000000000000 ) ;
#2072 = PERSON_AND_ORGANIZATION ( #178, #1059 ) ;
#2073 = ADVANCED_FACE ( 'NONE', ( #32 ), #460, .T. ) ;
#2074 = SECURITY_CLASSIFICATION ( '', '', #1380 ) ;
#2075 = CARTESIAN_POINT ( 'NONE',  ( -290.0000000000001137, 1200.000000000000227, 30.00000000000000000 ) ) ;
#2076 = CARTESIAN_POINT ( 'NONE',  ( -358.0000000000000568, -107.0000000000000000, -716.1571056688609360 ) ) ;
#2077 = EDGE_LOOP ( 'NONE', ( #960, #1318, #883, #362, #213, #2430, #845, #924 ) ) ;
#2078 = EDGE_LOOP ( 'NONE', ( #683, #2740, #1295, #374 ) ) ;
#2079 = ADVANCED_FACE ( 'NONE', ( #1678 ), #1087, .F. ) ;
#2080 = EDGE_CURVE ( 'NONE', #2330, #1399, #2180, .T. ) ;
#2081 = CALENDAR_DATE ( 2026, 2, 6 ) ;
#2082 = DIRECTION ( 'NONE',  ( 0.000000000000000000, 1.000000000000000000, 0.000000000000000000 ) ) ;
#2083 = CARTESIAN_POINT ( 'NONE',  ( 259.9999999999998863, 1169.999999999999318, 869.9999999999998863 ) ) ;
#2084 = PLANE ( 'NONE',  #1904 ) ;
#2085 = ADVANCED_FACE ( 'NONE', ( #2110 ), #2613, .T. ) ;
#2086 = LINE ( 'NONE', #842, #604 ) ;
#2087 = ORIENTED_EDGE ( 'NONE', *, *, #740, .F. ) ;
#2088 = ORIENTED_EDGE ( 'NONE', *, *, #529, .T. ) ;
#2089 = AXIS2_PLACEMENT_3D ( 'NONE', #238, #1736, #2403 ) ;
#2090 = EDGE_CURVE ( 'NONE', #216, #2052, #1538, .T. ) ;
#2091 = ORIENTED_EDGE ( 'NONE', *, *, #1238, .T. ) ;
#2092 = LINE ( 'NONE', #942, #1108 ) ;
#2093 = CARTESIAN_POINT ( 'NONE',  ( -358.0000000000000568, -107.0000000000000000, 22.00000000000000000 ) ) ;
#2094 = ADVANCED_FACE ( 'NONE', ( #541 ), #1549, .T. ) ;
#2095 = LINE ( 'NONE', #1066, #2664 ) ;
#2096 = CALENDAR_DATE ( 2026, 2, 6 ) ;
#2097 = DIRECTION ( 'NONE',  ( 0.000000000000000000, 0.000000000000000000, 1.000000000000000000 ) ) ;
#2098 = ORGANIZATION ( 'NAUO-ORG1', 'UNSPECIFIED', 'UNSPECIFIED' ) ;
#2099 = ORIENTED_EDGE ( 'NONE', *, *, #1322, .F. ) ;
#2100 = EDGE_CURVE ( 'NONE', #1927, #1186, #172, .T. ) ;
#2101 = ORIENTED_EDGE ( 'NONE', *, *, #1058, .T. ) ;
#2102 = CARTESIAN_POINT ( 'NONE',  ( 14.99999999999996092, 1.999999999999999556, 830.0000000000001137 ) ) ;
#2103 = DIRECTION ( 'NONE',  ( 0.000000000000000000, -1.000000000000000000, 0.000000000000000000 ) ) ;
#2104 = APPROVAL_PERSON_ORGANIZATION ( #2299, #965, #445 ) ;
#2105 = ORIENTED_EDGE ( 'NONE', *, *, #18, .F. ) ;
#2106 = DIRECTION ( 'NONE',  ( 0.000000000000000000, 0.000000000000000000, 1.000000000000000000 ) ) ;
#2107 = PLANE ( 'NONE',  #295 ) ;
#2108 = FACE_OUTER_BOUND ( 'NONE', #834, .T. ) ;
#2109 = APPROVAL_ROLE ( '' ) ;
#2110 = FACE_OUTER_BOUND ( 'NONE', #1471, .T. ) ;
#2111 = ORIENTED_EDGE ( 'NONE', *, *, #2123, .F. ) ;
#2112 = APPLICATION_CONTEXT ( 'configuration controlled 3d designs of mechanical parts and assemblies' ) ;
#2113 = EDGE_LOOP ( 'NONE', ( #703, #505, #2300, #1895, #778, #1412, #2371, #1530 ) ) ;
#2114 = ORIENTED_EDGE ( 'NONE', *, *, #2565, .T. ) ;
#2115 = APPROVAL ( #665, '未指定' ) ;
#2116 = DIRECTION ( 'NONE',  ( 0.000000000000000000, -0.000000000000000000, 1.000000000000000000 ) ) ;
#2117 = FACE_OUTER_BOUND ( 'NONE', #2683, .T. ) ;
#2118 = CARTESIAN_POINT ( 'NONE',  ( -358.0000000000000000, -76.99999999999991473, 0.000000000000000000 ) ) ;
#2119 = AXIS2_PLACEMENT_3D ( 'NONE', #982, #141, #350 ) ;
#2120 = DIRECTION ( 'NONE',  ( 0.000000000000000000, -1.000000000000000000, 1.387778780781445922E-16 ) ) ;
#2121 = VECTOR ( 'NONE', #2662, 1000.000000000000000 ) ;
#2122 = ORIENTED_EDGE ( 'NONE', *, *, #2421, .T. ) ;
#2123 = EDGE_CURVE ( 'NONE', #1586, #731, #939, .T. ) ;
#2124 = AXIS2_PLACEMENT_3D ( 'NONE', #1319, #1543, #1766 ) ;
#2125 = VECTOR ( 'NONE', #1335, 1000.000000000000000 ) ;
#2126 = CARTESIAN_POINT ( 'NONE',  ( -13.00000000000003730, 0.000000000000000000, 10.00000000000000000 ) ) ;
#2127 = ORIENTED_EDGE ( 'NONE', *, *, #101, .F. ) ;
#2128 = VECTOR ( 'NONE', #2103, 1000.000000000000000 ) ;
#2129 = APPROVAL_PERSON_ORGANIZATION ( #2072, #415, #2008 ) ;
#2130 = DIRECTION ( 'NONE',  ( -2.710505431213761085E-16, -1.000000000000000000, -0.000000000000000000 ) ) ;
#2131 = COORDINATED_UNIVERSAL_TIME_OFFSET ( 8, 0, .AHEAD. ) ;
#2132 = ORIENTED_EDGE ( 'NONE', *, *, #2036, .T. ) ;
#2133 = CARTESIAN_POINT ( 'NONE',  ( -15.00000000000003730, 2.000000000000001776, 830.0000000000001137 ) ) ;
#2134 = LINE ( 'NONE', #2578, #1165 ) ;
#2135 = ORIENTED_EDGE ( 'NONE', *, *, #1263, .T. ) ;
#2136 = CARTESIAN_POINT ( 'NONE',  ( -339.9999999999998863, -60.99999999999995737, 0.000000000000000000 ) ) ;
#2137 = PERSON_AND_ORGANIZATION ( #178, #1059 ) ;
#2138 = ORIENTED_EDGE ( 'NONE', *, *, #634, .T. ) ;
#2139 = AXIS2_PLACEMENT_3D ( 'NONE', #189, #389, #1902 ) ;
#2140 = CC_DESIGN_PERSON_AND_ORGANIZATION_ASSIGNMENT ( #1630, #1092, ( #531 ) ) ;
#2141 = DIRECTION ( 'NONE',  ( 0.000000000000000000, -1.000000000000000000, 0.000000000000000000 ) ) ;
#2142 = EDGE_CURVE ( 'NONE', #1148, #622, #1923, .T. ) ;
#2143 = VECTOR ( 'NONE', #2130, 1000.000000000000000 ) ;
#2144 = DIRECTION ( 'NONE',  ( -0.000000000000000000, -0.000000000000000000, 1.000000000000000000 ) ) ;
#2145 = DIRECTION ( 'NONE',  ( 1.000000000000000000, 0.000000000000000000, 0.000000000000000000 ) ) ;
#2146 = ORIENTED_EDGE ( 'NONE', *, *, #1528, .F. ) ;
#2147 = VERTEX_POINT ( 'NONE', #1324 ) ;
#2148 = CARTESIAN_POINT ( 'NONE',  ( 10.00000000000000711, 7.000000000000000000, 830.0000000000001137 ) ) ;
#2149 = ORIENTED_EDGE ( 'NONE', *, *, #1884, .F. ) ;
#2150 = VECTOR ( 'NONE', #612, 1000.000000000000000 ) ;
#2151 = EDGE_CURVE ( 'NONE', #1820, #2469, #317, .T. ) ;
#2152 = DIRECTION ( 'NONE',  ( -0.000000000000000000, -0.000000000000000000, -1.000000000000000000 ) ) ;
#2153 = DIRECTION ( 'NONE',  ( 1.000000000000000000, 0.000000000000000000, 0.000000000000000000 ) ) ;
#2154 = CARTESIAN_POINT ( 'NONE',  ( -2.000000000000000000, 37.00000000000000000, 830.0000000000001137 ) ) ;
#2155 = APPLICATION_PROTOCOL_DEFINITION ( 'international standard', 'config_control_design', 1994, #68 ) ;
#2156 = VECTOR ( 'NONE', #2210, 1000.000000000000000 ) ;
#2157 = CARTESIAN_POINT ( 'NONE',  ( -210.0000000000001990, -145.0000000000002274, 30.00000000000000000 ) ) ;
#2158 = FACE_OUTER_BOUND ( 'NONE', #1229, .T. ) ;
#2159 = AXIS2_PLACEMENT_3D ( 'NONE', #1602, #1500, #2361 ) ;
#2160 = APPROVAL_PERSON_ORGANIZATION ( #455, #1315, #1309 ) ;
#2161 = DIRECTION ( 'NONE',  ( 0.000000000000000000, -2.643388153869421297E-16, 1.000000000000000000 ) ) ;
#2162 = APPROVAL_PERSON_ORGANIZATION ( #707, #2275, #2638 ) ;
#2163 = EDGE_LOOP ( 'NONE', ( #256, #916, #2186, #2248, #1031, #598, #1562, #947 ) ) ;
#2164 = CARTESIAN_POINT ( 'NONE',  ( 259.9999999999998863, -575.0000000000003411, 30.00000000000004263 ) ) ;
#2165 = DATE_TIME_ROLE ( 'creation_date' ) ;
#2166 = DESIGN_CONTEXT ( 'detailed design', #2376, 'design' ) ;
#2167 = ORIENTED_EDGE ( 'NONE', *, *, #535, .T. ) ;
#2168 = CALENDAR_DATE ( 2026, 2, 6 ) ;
#2169 = ORIENTED_EDGE ( 'NONE', *, *, #2530, .T. ) ;
#2170 = CARTESIAN_POINT ( 'NONE',  ( 340.0000000000000000, -60.99999999999995737, 0.000000000000000000 ) ) ;
#2171 = CC_DESIGN_PERSON_AND_ORGANIZATION_ASSIGNMENT ( #1023, #194, ( #2641 ) ) ;
#2172 = CARTESIAN_POINT ( 'NONE',  ( 259.9999999999998863, -375.0000000000002274, 809.9999999999998863 ) ) ;
#2173 = EDGE_CURVE ( 'NONE', #2195, #1548, #1098, .T. ) ;
#2174 = EDGE_CURVE ( 'NONE', #857, #2378, #2380, .T. ) ;
#2175 = CARTESIAN_POINT ( 'NONE',  ( 358.0000000000000000, -77.00000000000000000, -247.5000000000000000 ) ) ;
#2176 = PERSON_AND_ORGANIZATION_ROLE ( 'creator' ) ;
#2177 = FACE_OUTER_BOUND ( 'NONE', #1035, .T. ) ;
#2178 = DIRECTION ( 'NONE',  ( -1.000000000000000000, 0.000000000000000000, 0.000000000000000000 ) ) ;
#2179 = DIRECTION ( 'NONE',  ( 0.000000000000000000, -1.000000000000000000, 0.000000000000000000 ) ) ;
#2180 = LINE ( 'NONE', #685, #2678 ) ;
#2181 = DIRECTION ( 'NONE',  ( 1.000000000000000000, -1.211399075402798533E-16, 0.000000000000000000 ) ) ;
#2182 = ORIENTED_EDGE ( 'NONE', *, *, #1004, .T. ) ;
#2183 = ORIENTED_EDGE ( 'NONE', *, *, #2355, .T. ) ;
#2184 = DIRECTION ( 'NONE',  ( -1.000000000000000000, 0.000000000000000000, 0.000000000000000000 ) ) ;
#2185 = VERTEX_POINT ( 'NONE', #2375 ) ;
#2186 = ORIENTED_EDGE ( 'NONE', *, *, #2461, .F. ) ;
#2187 = CARTESIAN_POINT ( 'NONE',  ( 357.9999999999999432, 92.00000000000000000, 0.000000000000000000 ) ) ;
#2188 = MECHANICAL_CONTEXT ( 'NONE', #237, 'mechanical' ) ;
#2189 = CIRCLE ( 'NONE', #233, 2.000000000000000000 ) ;
#2190 = VECTOR ( 'NONE', #1718, 1000.000000000000000 ) ;
#2191 = EDGE_CURVE ( 'NONE', #1930, #2744, #472, .T. ) ;
#2192 = LINE ( 'NONE', #236, #892 ) ;
#2193 = CARTESIAN_POINT ( 'NONE',  ( 259.9999999999998863, -1120.000000000000000, 0.000000000000000000 ) ) ;
#2194 = PERSON_AND_ORGANIZATION_ROLE ( 'classification_officer' ) ;
#2195 = VERTEX_POINT ( 'NONE', #2164 ) ;
#2196 = VECTOR ( 'NONE', #118, 1000.000000000000000 ) ;
#2197 = PERSON_AND_ORGANIZATION ( #178, #1059 ) ;
#2198 = DIRECTION ( 'NONE',  ( 0.000000000000000000, 0.000000000000000000, 1.000000000000000000 ) ) ;
#2199 = LOCAL_TIME ( 14, 42, 54.00000000000000000, #773 ) ;
#2200 = CARTESIAN_POINT ( 'NONE',  ( 289.9999999999999432, 1200.000000000000227, 30.00000000000000000 ) ) ;
#2201 = VERTEX_POINT ( 'NONE', #2413 ) ;
#2202 = AXIS2_PLACEMENT_3D ( 'NONE', #1552, #282, #1352 ) ;
#2203 = ORIENTED_EDGE ( 'NONE', *, *, #1852, .F. ) ;
#2204 = CARTESIAN_POINT ( 'NONE',  ( 357.9999999999999432, -92.00000000000000000, 0.000000000000000000 ) ) ;
#2205 = EDGE_LOOP ( 'NONE', ( #2528, #2398, #226, #1833 ) ) ;
#2206 = CARTESIAN_POINT ( 'NONE',  ( 0.000000000000000000, 1169.999999999999318, 30.00000000000000000 ) ) ;
#2207 = CALENDAR_DATE ( 2026, 2, 6 ) ;
#2208 = ADVANCED_FACE ( 'NONE', ( #809 ), #701, .T. ) ;
#2209 = CARTESIAN_POINT ( 'NONE',  ( 1100.535543567313880, -145.0000000000002274, 30.00000000000000000 ) ) ;
#2210 = DIRECTION ( 'NONE',  ( -0.000000000000000000, 1.000000000000000000, -0.000000000000000000 ) ) ;
#2211 = CC_DESIGN_APPROVAL ( #1170, ( #1296 ) ) ;
#2212 = CARTESIAN_POINT ( 'NONE',  ( -290.0000000000003411, 1199.999999999999545, 869.9999999999998863 ) ) ;
#2213 = VERTEX_POINT ( 'NONE', #2187 ) ;
#2214 = LINE ( 'NONE', #848, #1892 ) ;
#2215 = CARTESIAN_POINT ( 'NONE',  ( 1100.535543567313880, -345.0000000000002842, 809.9999999999998863 ) ) ;
#2216 =( GEOMETRIC_REPRESENTATION_CONTEXT ( 3 ) GLOBAL_UNCERTAINTY_ASSIGNED_CONTEXT ( ( #1796 ) ) GLOBAL_UNIT_ASSIGNED_CONTEXT ( ( #409, #1917, #2733 ) ) REPRESENTATION_CONTEXT ( 'NONE', 'WORKASPACE' ) );
#2217 = VERTEX_POINT ( 'NONE', #2154 ) ;
#2218 = ORIENTED_EDGE ( 'NONE', *, *, #2229, .T. ) ;
#2219 = CARTESIAN_POINT ( 'NONE',  ( -10.00000000000000000, 37.00000000000000000, 840.0000000000001137 ) ) ;
#2220 = VERTEX_POINT ( 'NONE', #2583 ) ;
#2221 = LINE ( 'NONE', #520, #977 ) ;
#2222 = CARTESIAN_POINT ( 'NONE',  ( -9.999999999999996447, 6.999999999999999112, 10.00000000000000000 ) ) ;
#2223 =( REPRESENTATION_RELATIONSHIP ('NONE','NONE', #1411, #2283 ) REPRESENTATION_RELATIONSHIP_WITH_TRANSFORMATION ( #533 )SHAPE_REPRESENTATION_RELATIONSHIP( ) );
#2224 = DIRECTION ( 'NONE',  ( -2.710505431213761085E-16, -1.000000000000000000, 0.000000000000000000 ) ) ;
#2225 = CARTESIAN_POINT ( 'NONE',  ( -290.0000000000003411, 1199.999999999999545, 869.9999999999998863 ) ) ;
#2226 = FACE_OUTER_BOUND ( 'NONE', #2582, .T. ) ;
#2227 = AXIS2_PLACEMENT_3D ( 'NONE', #319, #738, #80 ) ;
#2228 = VECTOR ( 'NONE', #1682, 1000.000000000000000 ) ;
#2229 = EDGE_CURVE ( 'NONE', #2705, #477, #281, .T. ) ;
#2230 = PERSON_AND_ORGANIZATION ( #178, #1059 ) ;
#2231 = COORDINATED_UNIVERSAL_TIME_OFFSET ( 8, 0, .AHEAD. ) ;
#2232 = CARTESIAN_POINT ( 'NONE',  ( 357.9999999999999432, -107.0000000000000000, 22.00000000000000000 ) ) ;
#2233 = ORIENTED_EDGE ( 'NONE', *, *, #1816, .T. ) ;
#2234 = ORIENTED_EDGE ( 'NONE', *, *, #1906, .T. ) ;
#2235 = PERSON_AND_ORGANIZATION ( #178, #1059 ) ;
#2236 = ORIENTED_EDGE ( 'NONE', *, *, #449, .F. ) ;
#2237 = EDGE_LOOP ( 'NONE', ( #2311, #1683, #1668, #2621 ) ) ;
#2238 = DIRECTION ( 'NONE',  ( 0.000000000000000000, 0.000000000000000000, -1.000000000000000000 ) ) ;
#2239 = CARTESIAN_POINT ( 'NONE',  ( -210.0000000000000853, -175.0000000000002558, 90.00000000000000000 ) ) ;
#2240 = EDGE_CURVE ( 'NONE', #1868, #2769, #2460, .T. ) ;
#2241 = FACE_OUTER_BOUND ( 'NONE', #647, .T. ) ;
#2242 = VECTOR ( 'NONE', #1331, 1000.000000000000000 ) ;
#2243 = ORIENTED_EDGE ( 'NONE', *, *, #2721, .F. ) ;
#2244 = EDGE_CURVE ( 'NONE', #1628, #2495, #2487, .T. ) ;
#2245 = ORIENTED_EDGE ( 'NONE', *, *, #1610, .T. ) ;
#2246 = EDGE_LOOP ( 'NONE', ( #285, #2295, #1838, #2366 ) ) ;
#2247 = ADVANCED_FACE ( 'NONE', ( #2676 ), #1769, .F. ) ;
#2248 = ORIENTED_EDGE ( 'NONE', *, *, #193, .T. ) ;
#2249 = CARTESIAN_POINT ( 'NONE',  ( 259.9999999999998863, 0.000000000000000000, 30.00000000000000000 ) ) ;
#2250 = FACE_BOUND ( 'NONE', #897, .T. ) ;
#2251 = CYLINDRICAL_SURFACE ( 'NONE', #1985, 8.000000000000000000 ) ;
#2252 = VECTOR ( 'NONE', #881, 1000.000000000000000 ) ;
#2253 = ADVANCED_FACE ( 'NONE', ( #2108 ), #2735, .T. ) ;
#2254 = DIRECTION ( 'NONE',  ( 1.000000000000000000, 1.040834085586084257E-16, 0.000000000000000000 ) ) ;
#2255 = PRODUCT_DEFINITION_FORMATION_WITH_SPECIFIED_SOURCE ( '任何', '', #390, .NOT_KNOWN. ) ;
#2256 = CARTESIAN_POINT ( 'NONE',  ( 99.99999999999998579, 16.00000000000001421, 54.80624847486573259 ) ) ;
#2257 = ORIENTED_EDGE ( 'NONE', *, *, #309, .T. ) ;
#2258 = LINE ( 'NONE', #177, #2071 ) ;
#2259 = PERSON_AND_ORGANIZATION ( #178, #1059 ) ;
#2260 = CALENDAR_DATE ( 2026, 2, 6 ) ;
#2261 = VERTEX_POINT ( 'NONE', #1977 ) ;
#2262 = EDGE_CURVE ( 'NONE', #990, #760, #2033, .T. ) ;
#2263 = ORIENTED_EDGE ( 'NONE', *, *, #2332, .T. ) ;
#2264 = ORIENTED_EDGE ( 'NONE', *, *, #2355, .F. ) ;
#2265 = PLANE ( 'NONE',  #1655 ) ;
#2266 = COORDINATED_UNIVERSAL_TIME_OFFSET ( 8, 0, .AHEAD. ) ;
#2267 = ADVANCED_FACE ( 'NONE', ( #1347 ), #53, .F. ) ;
#2268 = LINE ( 'NONE', #1962, #1710 ) ;
#2269 = LINE ( 'NONE', #2589, #2462 ) ;
#2270 = ADVANCED_FACE ( 'NONE', ( #2241 ), #899, .T. ) ;
#2271 = CARTESIAN_POINT ( 'NONE',  ( -339.9999999999999432, 23.00000000000004974, -229.4999999999999716 ) ) ;
#2272 = DIRECTION ( 'NONE',  ( 0.000000000000000000, 0.000000000000000000, 1.000000000000000000 ) ) ;
#2273 = VERTEX_POINT ( 'NONE', #1349 ) ;
#2274 = AXIS2_PLACEMENT_3D ( 'NONE', #471, #2431, #254 ) ;
#2275 = APPROVAL ( #510, 'UNKNOWN' ) ;
#2276 = EDGE_CURVE ( 'NONE', #2655, #1193, #342, .T. ) ;
#2277 = ORIENTED_EDGE ( 'NONE', *, *, #1755, .F. ) ;
#2278 = ORIENTED_EDGE ( 'NONE', *, *, #2567, .F. ) ;
#2279 = FACE_OUTER_BOUND ( 'NONE', #1798, .T. ) ;
#2280 = ORIENTED_EDGE ( 'NONE', *, *, #2677, .T. ) ;
#2281 = DIRECTION ( 'NONE',  ( -0.000000000000000000, 1.000000000000000000, -0.000000000000000000 ) ) ;
#2282 = FACE_OUTER_BOUND ( 'NONE', #41, .T. ) ;
#2283 = SHAPE_REPRESENTATION ( '柜筒', ( #1553 ), #2356 ) ;
#2284 = ADVANCED_FACE ( 'NONE', ( #1536 ), #371, .T. ) ;
#2285 = CARTESIAN_POINT ( 'NONE',  ( -210.0000000000000853, -575.0000000000003411, 30.00000000000004263 ) ) ;
#2286 = AXIS2_PLACEMENT_3D ( 'NONE', #2673, #2656, #1169 ) ;
#2287 = VERTEX_POINT ( 'NONE', #2222 ) ;
#2288 = LINE ( 'NONE', #2225, #1806 ) ;
#2289 = LINE ( 'NONE', #587, #2128 ) ;
#2290 = EDGE_CURVE ( 'NONE', #2619, #2391, #1959, .T. ) ;
#2291 = APPROVAL_PERSON_ORGANIZATION ( #1600, #905, #2386 ) ;
#2292 = DIRECTION ( 'NONE',  ( 0.000000000000000000, 0.000000000000000000, -1.000000000000000000 ) ) ;
#2293 = COORDINATED_UNIVERSAL_TIME_OFFSET ( 8, 0, .AHEAD. ) ;
#2294 = VECTOR ( 'NONE', #893, 1000.000000000000000 ) ;
#2295 = ORIENTED_EDGE ( 'NONE', *, *, #1225, .T. ) ;
#2296 = ADVANCED_FACE ( 'NONE', ( #1467 ), #96, .F. ) ;
#2297 = PRODUCT_DEFINITION_SHAPE ( 'NONE', 'NONE',  #2772 ) ;
#2298 = EDGE_CURVE ( 'NONE', #2037, #2769, #1027, .T. ) ;
#2299 = PERSON_AND_ORGANIZATION ( #178, #1059 ) ;
#2300 = ORIENTED_EDGE ( 'NONE', *, *, #1587, .F. ) ;
#2301 = DIRECTION ( 'NONE',  ( -1.000000000000000000, -4.336808689942017120E-17, 0.000000000000000000 ) ) ;
#2302 = PRODUCT ( '柜09', '柜09', '', ( #2537 ) ) ;
#2303 = ORIENTED_EDGE ( 'NONE', *, *, #1735, .T. ) ;
#2304 = VECTOR ( 'NONE', #8, 1000.000000000000000 ) ;
#2305 = LINE ( 'NONE', #51, #1241 ) ;
#2306 = CC_DESIGN_DATE_AND_TIME_ASSIGNMENT ( #388, #2165, ( #1013 ) ) ;
#2307 = DIRECTION ( 'NONE',  ( 0.000000000000000000, 0.000000000000000000, 1.000000000000000000 ) ) ;
#2308 = EDGE_LOOP ( 'NONE', ( #34, #1101, #2024, #2050 ) ) ;
#2309 = VERTEX_POINT ( 'NONE', #299 ) ;
#2310 = DIRECTION ( 'NONE',  ( -0.000000000000000000, -0.000000000000000000, -1.000000000000000000 ) ) ;
#2311 = ORIENTED_EDGE ( 'NONE', *, *, #1172, .F. ) ;
#2312 = DIRECTION ( 'NONE',  ( 1.000000000000000000, -2.710505431213761085E-16, 0.000000000000000000 ) ) ;
#2313 = AXIS2_PLACEMENT_3D ( 'NONE', #1505, #433, #1921 ) ;
#2314 = ORIENTED_EDGE ( 'NONE', *, *, #938, .F. ) ;
#2315 = EDGE_CURVE ( 'NONE', #1494, #1777, #1063, .T. ) ;
#2316 = ORIENTED_EDGE ( 'NONE', *, *, #269, .F. ) ;
#2317 = CIRCLE ( 'NONE', #2494, 8.000000000000000000 ) ;
#2318 = APPROVAL_STATUS ( 'not_yet_approved' ) ;
#2319 = CIRCLE ( 'NONE', #340, 8.000000000000000000 ) ;
#2320 = ORIENTED_EDGE ( 'NONE', *, *, #1263, .F. ) ;
#2321 = CARTESIAN_POINT ( 'NONE',  ( 99.99999999999998579, -7.999999999999986677, 72.00000000000001421 ) ) ;
#2322 = PLANE ( 'NONE',  #2372 ) ;
#2323 = PERSON ( 'NAUO-PER4', 'UNSPECIFIED', 'UNSPECIFIED', ('UNSPECIFIED'), ('UNSPECIFIED'), ('UNSPECIFIED') ) ;
#2324 = CARTESIAN_POINT ( 'NONE',  ( -290.0000000000001137, -1199.999999999999773, 0.000000000000000000 ) ) ;
#2325 = VECTOR ( 'NONE', #2575, 1000.000000000000000 ) ;
#2326 = ORIENTED_EDGE ( 'NONE', *, *, #2478, .F. ) ;
#2327 = VECTOR ( 'NONE', #1410, 1000.000000000000000 ) ;
#2328 = LOCAL_TIME ( 14, 42, 54.00000000000000000, #1734 ) ;
#2329 = COORDINATED_UNIVERSAL_TIME_OFFSET ( 8, 0, .AHEAD. ) ;
#2330 = VERTEX_POINT ( 'NONE', #2007 ) ;
#2331 = CARTESIAN_POINT ( 'NONE',  ( 2.000000000000001776, 37.00000000000000000, 840.0000000000001137 ) ) ;
#2332 = EDGE_CURVE ( 'NONE', #99, #198, #2652, .T. ) ;
#2333 = CARTESIAN_POINT ( 'NONE',  ( 14.99999999999998757, 96.00000000000000000, 10.00000000000000000 ) ) ;
#2334 = VECTOR ( 'NONE', #1792, 1000.000000000000000 ) ;
#2335 = ORIENTED_EDGE ( 'NONE', *, *, #1980, .T. ) ;
#2336 = DIRECTION ( 'NONE',  ( -1.000000000000000000, 0.000000000000000000, 0.000000000000000000 ) ) ;
#2337 = VERTEX_POINT ( 'NONE', #2017 ) ;
#2338 = CARTESIAN_POINT ( 'NONE',  ( 0.000000000000000000, 0.000000000000000000, 0.000000000000000000 ) ) ;
#2339 = AXIS2_PLACEMENT_3D ( 'NONE', #726, #2019, #2198 ) ;
#2340 = CARTESIAN_POINT ( 'NONE',  ( 664.4749683231336803, -575.0000000000003411, 809.9999999999998863 ) ) ;
#2341 = VECTOR ( 'NONE', #2365, 1000.000000000000000 ) ;
#2342 = ORIENTED_EDGE ( 'NONE', *, *, #1670, .T. ) ;
#2343 = LINE ( 'NONE', #856, #1644 ) ;
#2344 = ORIENTED_EDGE ( 'NONE', *, *, #2374, .F. ) ;
#2345 = CARTESIAN_POINT ( 'NONE',  ( 259.9999999999998863, 0.000000000000000000, 0.000000000000000000 ) ) ;
#2346 = ORIENTED_EDGE ( 'NONE', *, *, #850, .T. ) ;
#2347 = CARTESIAN_POINT ( 'NONE',  ( 259.9999999999998863, -575.0000000000001137, 869.9999999999998863 ) ) ;
#2348 = VERTEX_POINT ( 'NONE', #1379 ) ;
#2349 = APPROVAL ( #1936, '未指定' ) ;
#2350 = PLANE ( 'NONE',  #1854 ) ;
#2351 = FACE_OUTER_BOUND ( 'NONE', #1664, .T. ) ;
#2352 = ORIENTED_EDGE ( 'NONE', *, *, #101, .T. ) ;
#2353 = DIRECTION ( 'NONE',  ( 1.000000000000000000, 4.336808689942017120E-17, 0.000000000000000000 ) ) ;
#2354 = LINE ( 'NONE', #1041, #1327 ) ;
#2355 = EDGE_CURVE ( 'NONE', #579, #163, #756, .T. ) ;
#2356 =( GEOMETRIC_REPRESENTATION_CONTEXT ( 3 ) GLOBAL_UNCERTAINTY_ASSIGNED_CONTEXT ( ( #376 ) ) GLOBAL_UNIT_ASSIGNED_CONTEXT ( ( #1708, #1698, #2520 ) ) REPRESENTATION_CONTEXT ( 'NONE', 'WORKASPACE' ) );
#2357 = FACE_BOUND ( 'NONE', #1757, .T. ) ;
#2358 = PLANE ( 'NONE',  #1396 ) ;
#2359 = LINE ( 'NONE', #2249, #1012 ) ;
#2360 = DIRECTION ( 'NONE',  ( -1.000000000000000000, 0.000000000000000000, 0.000000000000000000 ) ) ;
#2361 = DIRECTION ( 'NONE',  ( 0.000000000000000000, 0.000000000000000000, 1.000000000000000000 ) ) ;
#2362 = UNCERTAINTY_MEASURE_WITH_UNIT (LENGTH_MEASURE( 1.000000000000000082E-05 ), #2742, 'distance_accuracy_value', 'NONE');
#2363 = SHAPE_DEFINITION_REPRESENTATION ( #1184, #2283 ) ;
#2364 = DIRECTION ( 'NONE',  ( -0.000000000000000000, -0.000000000000000000, 1.000000000000000000 ) ) ;
#2365 = DIRECTION ( 'NONE',  ( -0.000000000000000000, 2.643388153869420804E-16, -1.000000000000000000 ) ) ;
#2366 = ORIENTED_EDGE ( 'NONE', *, *, #2751, .T. ) ;
#2367 = VECTOR ( 'NONE', #2377, 1000.000000000000000 ) ;
#2368 = EDGE_LOOP ( 'NONE', ( #2326, #1089, #2506, #1433 ) ) ;
#2369 = DIRECTION ( 'NONE',  ( 1.000000000000000000, 0.000000000000000000, 0.000000000000000000 ) ) ;
#2370 = CALENDAR_DATE ( 2026, 2, 6 ) ;
#2371 = ORIENTED_EDGE ( 'NONE', *, *, #652, .F. ) ;
#2372 = AXIS2_PLACEMENT_3D ( 'NONE', #1010, #2312, #1222 ) ;
#2373 = DIRECTION ( 'NONE',  ( 1.000000000000000000, 1.214306433183764966E-16, -0.000000000000000000 ) ) ;
#2374 = EDGE_CURVE ( 'NONE', #694, #2509, #875, .T. ) ;
#2375 = CARTESIAN_POINT ( 'NONE',  ( -358.0000000000000000, 23.00000000000008882, -247.5000000000000000 ) ) ;
#2376 = APPLICATION_CONTEXT ( 'configuration controlled 3d designs of mechanical parts and assemblies' ) ;
#2377 = DIRECTION ( 'NONE',  ( 2.710505431213761085E-16, 1.000000000000000000, 0.000000000000000000 ) ) ;
#2378 = VERTEX_POINT ( 'NONE', #2324 ) ;
#2379 = DIRECTION ( 'NONE',  ( 1.156482317317871725E-16, -1.000000000000000000, 0.000000000000000000 ) ) ;
#2380 = LINE ( 'NONE', #2399, #1407 ) ;
#2381 = CARTESIAN_POINT ( 'NONE',  ( 8.326672684688671095E-16, -7.999999999999996447, 64.00000000000000000 ) ) ;
#2382 = CIRCLE ( 'NONE', #1141, 2.000000000000000000 ) ;
#2383 = CARTESIAN_POINT ( 'NONE',  ( 0.000000000000000000, 0.000000000000000000, 30.00000000000000000 ) ) ;
#2384 = CARTESIAN_POINT ( 'NONE',  ( 358.0000000000000000, 23.00000000000000355, 0.000000000000000000 ) ) ;
#2385 = CARTESIAN_POINT ( 'NONE',  ( -9.714451465470121701E-16, 8.000000000000001776, 64.00000000000000000 ) ) ;
#2386 = APPROVAL_ROLE ( '' ) ;
#2387 = VERTEX_POINT ( 'NONE', #1922 ) ;
#2388 = EDGE_LOOP ( 'NONE', ( #210, #2003, #1742, #2169 ) ) ;
#2389 = ORIENTED_EDGE ( 'NONE', *, *, #1670, .F. ) ;
#2390 = CARTESIAN_POINT ( 'NONE',  ( 14.99999999999996092, 1.999999999999999556, 0.000000000000000000 ) ) ;
#2391 = VERTEX_POINT ( 'NONE', #1271 ) ;
#2392 = VECTOR ( 'NONE', #527, 1000.000000000000000 ) ;
#2393 = EDGE_CURVE ( 'NONE', #198, #1862, #2543, .T. ) ;
#2394 = DIRECTION ( 'NONE',  ( 1.000000000000000000, 0.000000000000000000, -0.000000000000000000 ) ) ;
#2395 = CARTESIAN_POINT ( 'NONE',  ( 10.00000000000000711, 7.000000000000000000, 10.00000000000000000 ) ) ;
#2396 = ORIENTED_EDGE ( 'NONE', *, *, #1173, .T. ) ;
#2397 = VECTOR ( 'NONE', #2012, 1000.000000000000000 ) ;
#2398 = ORIENTED_EDGE ( 'NONE', *, *, #1955, .T. ) ;
#2399 = CARTESIAN_POINT ( 'NONE',  ( -290.0000000000001137, -1199.999999999999773, 30.00000000000000000 ) ) ;
#2400 = DATE_TIME_ROLE ( 'classification_date' ) ;
#2401 = EDGE_CURVE ( 'NONE', #131, #333, #1582, .T. ) ;
#2402 = DIRECTION ( 'NONE',  ( -1.000000000000000000, 0.000000000000000000, 8.163404592832035198E-17 ) ) ;
#2403 = DIRECTION ( 'NONE',  ( 0.000000000000000000, -0.000000000000000000, -1.000000000000000000 ) ) ;
#2404 = LINE ( 'NONE', #651, #1452 ) ;
#2405 = ORIENTED_EDGE ( 'NONE', *, *, #1775, .F. ) ;
#2406 = DIRECTION ( 'NONE',  ( -0.000000000000000000, -1.000000000000000000, -0.000000000000000000 ) ) ;
#2407 = CARTESIAN_POINT ( 'NONE',  ( -210.0000000000000853, -575.0000000000003411, 30.00000000000004263 ) ) ;
#2408 = FACE_OUTER_BOUND ( 'NONE', #572, .T. ) ;
#2409 = CALENDAR_DATE ( 2026, 2, 6 ) ;
#2410 = DIRECTION ( 'NONE',  ( 0.000000000000000000, -2.467162276944792422E-16, 1.000000000000000000 ) ) ;
#2411 = ORIENTED_EDGE ( 'NONE', *, *, #549, .T. ) ;
#2412 = ORIENTED_EDGE ( 'NONE', *, *, #758, .F. ) ;
#2413 = CARTESIAN_POINT ( 'NONE',  ( 14.99999999999996092, 1.999999999999999556, 840.0000000000001137 ) ) ;
#2414 = PERSON_AND_ORGANIZATION_ROLE ( 'creator' ) ;
#2415 = SHAPE_DEFINITION_REPRESENTATION ( #1960, #1411 ) ;
#2416 = ORIENTED_EDGE ( 'NONE', *, *, #2262, .T. ) ;
#2417 = DIRECTION ( 'NONE',  ( 1.000000000000000000, -1.211399075402798533E-16, -0.000000000000000000 ) ) ;
#2418 = CARTESIAN_POINT ( 'NONE',  ( 14.99999999999996092, 0.000000000000000000, 840.0000000000001137 ) ) ;
#2419 = CC_DESIGN_APPROVAL ( #741, ( #1107 ) ) ;
#2420 = ORIENTED_EDGE ( 'NONE', *, *, #1775, .T. ) ;
#2421 = EDGE_CURVE ( 'NONE', #2761, #131, #1891, .T. ) ;
#2422 = DATE_TIME_ROLE ( 'creation_date' ) ;
#2423 = LINE ( 'NONE', #448, #2341 ) ;
#2424 = CARTESIAN_POINT ( 'NONE',  ( -100.0000000000000142, -8.000000000000007105, 64.00000000000000000 ) ) ;
#2425 = AXIS2_PLACEMENT_3D ( 'NONE', #2381, #266, #2719 ) ;
#2426 = DIRECTION ( 'NONE',  ( 0.000000000000000000, 0.000000000000000000, 1.000000000000000000 ) ) ;
#2427 = ORIENTED_EDGE ( 'NONE', *, *, #1190, .F. ) ;
#2428 = FACE_OUTER_BOUND ( 'NONE', #1944, .T. ) ;
#2429 = CARTESIAN_POINT ( 'NONE',  ( 99.99999999999998579, -15.99999999999998579, 64.00000000000000000 ) ) ;
#2430 = ORIENTED_EDGE ( 'NONE', *, *, #2290, .T. ) ;
#2431 = DIRECTION ( 'NONE',  ( 1.000000000000000000, 0.000000000000000000, 0.000000000000000000 ) ) ;
#2432 = ORIENTED_EDGE ( 'NONE', *, *, #535, .F. ) ;
#2433 = ORIENTED_EDGE ( 'NONE', *, *, #1640, .T. ) ;
#2434 = DIRECTION ( 'NONE',  ( 0.000000000000000000, 0.000000000000000000, 1.000000000000000000 ) ) ;
#2435 = SECURITY_CLASSIFICATION_LEVEL ( 'unclassified' ) ;
#2436 = CIRCLE ( 'NONE', #2631, 2.000000000000000000 ) ;
#2437 = ORIENTED_EDGE ( 'NONE', *, *, #2090, .T. ) ;
#2438 = CARTESIAN_POINT ( 'NONE',  ( 259.9999999999998863, -175.0000000000002558, 809.9999999999998863 ) ) ;
#2439 = FACE_OUTER_BOUND ( 'NONE', #1795, .T. ) ;
#2440 = AXIS2_PLACEMENT_3D ( 'NONE', #404, #1731, #2548 ) ;
#2441 = EDGE_CURVE ( 'NONE', #2287, #2052, #908, .T. ) ;
#2442 = FACE_OUTER_BOUND ( 'NONE', #2368, .T. ) ;
#2443 = DIRECTION ( 'NONE',  ( 0.000000000000000000, 0.000000000000000000, 1.000000000000000000 ) ) ;
#2444 = LINE ( 'NONE', #2239, #2633 ) ;
#2445 = DIRECTION ( 'NONE',  ( 0.000000000000000000, 0.000000000000000000, 1.000000000000000000 ) ) ;
#2446 = DIRECTION ( 'NONE',  ( 0.000000000000000000, 0.000000000000000000, 1.000000000000000000 ) ) ;
#2447 = COORDINATED_UNIVERSAL_TIME_OFFSET ( 8, 0, .AHEAD. ) ;
#2448 = AXIS2_PLACEMENT_3D ( 'NONE', #637, #1293, #1699 ) ;
#2449 = DIRECTION ( 'NONE',  ( 0.000000000000000000, -0.000000000000000000, -1.000000000000000000 ) ) ;
#2450 = VERTEX_POINT ( 'NONE', #1280 ) ;
#2451 = LINE ( 'NONE', #26, #2367 ) ;
#2452 = ORIENTED_EDGE ( 'NONE', *, *, #600, .F. ) ;
#2453 = CARTESIAN_POINT ( 'NONE',  ( -210.0000000000000853, -63.89081592605361237, 869.9999999999998863 ) ) ;
#2454 = APPROVAL_STATUS ( 'not_yet_approved' ) ;
#2455 = CALENDAR_DATE ( 2026, 2, 6 ) ;
#2456 = DIRECTION ( 'NONE',  ( 0.000000000000000000, 0.000000000000000000, -1.000000000000000000 ) ) ;
#2457 = CARTESIAN_POINT ( 'NONE',  ( -100.0000000000000142, 7.999999999999989342, 72.00000000000001421 ) ) ;
#2458 = DIRECTION ( 'NONE',  ( -2.312964634635742957E-16, 1.000000000000000000, -0.000000000000000000 ) ) ;
#2459 = EDGE_CURVE ( 'NONE', #1148, #2758, #2086, .T. ) ;
#2460 = LINE ( 'NONE', #1308, #110 ) ;
#2461 = EDGE_CURVE ( 'NONE', #2480, #2185, #677, .T. ) ;
#2462 = VECTOR ( 'NONE', #243, 1000.000000000000000 ) ;
#2463 = CARTESIAN_POINT ( 'NONE',  ( 12.99999999999995914, 2.000000000000000000, 840.0000000000001137 ) ) ;
#2464 = AXIS2_PLACEMENT_3D ( 'NONE', #48, #708, #1787 ) ;
#2465 = CARTESIAN_POINT ( 'NONE',  ( 357.9999999999999432, -107.0000000000000000, 0.000000000000000000 ) ) ;
#2466 = ORIENTED_EDGE ( 'NONE', *, *, #2623, .T. ) ;
#2467 = VERTEX_POINT ( 'NONE', #860 ) ;
#2468 = VERTEX_POINT ( 'NONE', #616 ) ;
#2469 = VERTEX_POINT ( 'NONE', #2549 ) ;
#2470 = LINE ( 'NONE', #2102, #1326 ) ;
#2471 = VERTEX_POINT ( 'NONE', #1062 ) ;
#2472 = FACE_OUTER_BOUND ( 'NONE', #2113, .T. ) ;
#2473 = DIRECTION ( 'NONE',  ( -1.000000000000000000, -0.000000000000000000, -0.000000000000000000 ) ) ;
#2474 = CC_DESIGN_PERSON_AND_ORGANIZATION_ASSIGNMENT ( #705, #2608, ( #606 ) ) ;
#2475 = CARTESIAN_POINT ( 'NONE',  ( 664.4749683231336803, -575.0000000000001137, 869.9999999999998863 ) ) ;
#2476 = LINE ( 'NONE', #668, #298 ) ;
#2477 = ADVANCED_FACE ( 'NONE', ( #1994 ), #1723, .T. ) ;
#2478 = EDGE_CURVE ( 'NONE', #2309, #1648, #401, .T. ) ;
#2479 = PERSON_AND_ORGANIZATION ( #178, #1059 ) ;
#2480 = VERTEX_POINT ( 'NONE', #1463 ) ;
#2481 = CARTESIAN_POINT ( 'NONE',  ( 664.4749683231336803, -545.0000000000002274, 809.9999999999998863 ) ) ;
#2482 = ORIENTED_EDGE ( 'NONE', *, *, #2739, .T. ) ;
#2483 = DIRECTION ( 'NONE',  ( 0.000000000000000000, 1.000000000000000000, 0.000000000000000000 ) ) ;
#2484 = ORIENTED_EDGE ( 'NONE', *, *, #529, .F. ) ;
#2485 = CARTESIAN_POINT ( 'NONE',  ( -210.0000000000000853, -175.0000000000002558, 809.9999999999998863 ) ) ;
#2486 = EDGE_CURVE ( 'NONE', #2469, #2536, #1502, .T. ) ;
#2487 = LINE ( 'NONE', #2175, #2611 ) ;
#2488 = CC_DESIGN_APPROVAL ( #2275, ( #2074 ) ) ;
#2489 = LINE ( 'NONE', #412, #1826 ) ;
#2490 = PLANE ( 'NONE',  #658 ) ;
#2491 = EDGE_LOOP ( 'NONE', ( #2039, #1282, #2556, #1618 ) ) ;
#2492 = ORIENTED_EDGE ( 'NONE', *, *, #135, .T. ) ;
#2493 = ADVANCED_FACE ( 'NONE', ( #2177 ), #852, .T. ) ;
#2494 = AXIS2_PLACEMENT_3D ( 'NONE', #2424, #467, #272 ) ;
#2495 = VERTEX_POINT ( 'NONE', #653 ) ;
#2496 = DIRECTION ( 'NONE',  ( -1.040834085586084257E-16, 1.000000000000000000, 0.000000000000000000 ) ) ;
#2497 = CIRCLE ( 'NONE', #2763, 2.000000000000000000 ) ;
#2498 = LINE ( 'NONE', #1590, #121 ) ;
#2499 = ADVANCED_FACE ( 'NONE', ( #2767 ), #1929, .F. ) ;
#2500 = LINE ( 'NONE', #903, #125 ) ;
#2501 = AXIS2_PLACEMENT_3D ( 'NONE', #1273, #2097, #182 ) ;
#2502 = EDGE_LOOP ( 'NONE', ( #2111, #1036, #1298, #2412, #1916, #2257, #729, #2703 ) ) ;
#2503 = VECTOR ( 'NONE', #556, 1000.000000000000000 ) ;
#2504 = ADVANCED_FACE ( 'NONE', ( #777 ), #206, .T. ) ;
#2505 = DATE_AND_TIME ( #265, #225 ) ;
#2506 = ORIENTED_EDGE ( 'NONE', *, *, #15, .F. ) ;
#2507 = EDGE_CURVE ( 'NONE', #1948, #2640, #138, .T. ) ;
#2508 = VECTOR ( 'NONE', #1, 1000.000000000000000 ) ;
#2509 = VERTEX_POINT ( 'NONE', #1714 ) ;
#2510 =( GEOMETRIC_REPRESENTATION_CONTEXT ( 3 ) GLOBAL_UNCERTAINTY_ASSIGNED_CONTEXT ( ( #2362 ) ) GLOBAL_UNIT_ASSIGNED_CONTEXT ( ( #2742, #1896, #1265 ) ) REPRESENTATION_CONTEXT ( 'NONE', 'WORKASPACE' ) );
#2511 = ORIENTED_EDGE ( 'NONE', *, *, #698, .F. ) ;
#2512 = CARTESIAN_POINT ( 'NONE',  ( -10.00000000000000000, 37.00000000000000000, 840.0000000000001137 ) ) ;
#2513 = LOCAL_TIME ( 14, 42, 54.00000000000000000, #749 ) ;
#2514 = ADVANCED_FACE ( 'NONE', ( #1824 ), #464, .F. ) ;
#2515 = VECTOR ( 'NONE', #2626, 1000.000000000000000 ) ;
#2516 = CARTESIAN_POINT ( 'NONE',  ( 1100.535543567313880, 765.0000000000001137, 30.00000000000002842 ) ) ;
#2517 = EDGE_CURVE ( 'NONE', #1084, #1531, #2268, .T. ) ;
#2518 = ORIENTED_EDGE ( 'NONE', *, *, #2174, .T. ) ;
#2519 = ORIENTED_EDGE ( 'NONE', *, *, #1973, .F. ) ;
#2520 =( NAMED_UNIT ( * ) SI_UNIT ( $, .STERADIAN. ) SOLID_ANGLE_UNIT ( ) );
#2521 = EDGE_LOOP ( 'NONE', ( #1212, #78, #709, #710 ) ) ;
#2522 = CARTESIAN_POINT ( 'NONE',  ( 357.9999999999999432, -92.00000000000000000, 0.000000000000000000 ) ) ;
#2523 = LINE ( 'NONE', #1856, #181 ) ;
#2524 = DIRECTION ( 'NONE',  ( -1.000000000000000000, 1.162943112386686542E-16, 0.000000000000000000 ) ) ;
#2525 = VECTOR ( 'NONE', #2070, 1000.000000000000000 ) ;
#2526 = CARTESIAN_POINT ( 'NONE',  ( 339.9999999999999432, -60.99999999999995737, -229.5000000000000284 ) ) ;
#2527 = LINE ( 'NONE', #674, #2252 ) ;
#2528 = ORIENTED_EDGE ( 'NONE', *, *, #1621, .T. ) ;
#2529 = CARTESIAN_POINT ( 'NONE',  ( 259.9999999999998863, 794.9999999999998863, 869.9999999999998863 ) ) ;
#2530 = EDGE_CURVE ( 'NONE', #2387, #2682, #2423, .T. ) ;
#2531 = LOCAL_TIME ( 14, 42, 54.00000000000000000, #1521 ) ;
#2532 = PLANE ( 'NONE',  #1544 ) ;
#2533 = APPROVAL_PERSON_ORGANIZATION ( #987, #2060, #77 ) ;
#2534 = ORIENTED_EDGE ( 'NONE', *, *, #1020, .F. ) ;
#2535 = ORIENTED_EDGE ( 'NONE', *, *, #584, .T. ) ;
#2536 = VERTEX_POINT ( 'NONE', #646 ) ;
#2537 = MECHANICAL_CONTEXT ( 'NONE', #1038, 'mechanical' ) ;
#2538 = ORIENTED_EDGE ( 'NONE', *, *, #1451, .F. ) ;
#2539 = AXIS2_PLACEMENT_3D ( 'NONE', #1991, #2178, #2445 ) ;
#2540 = CARTESIAN_POINT ( 'NONE',  ( 339.9999999999999432, 23.00000000000004974, -229.5000000000000284 ) ) ;
#2541 = CARTESIAN_POINT ( 'NONE',  ( 219.0000000000001421, 11.99999999999998757, 34.19375152513431004 ) ) ;
#2542 = DIRECTION ( 'NONE',  ( 1.000000000000000000, 0.000000000000000000, -0.000000000000000000 ) ) ;
#2543 = LINE ( 'NONE', #405, #1673 ) ;
#2544 = DATE_TIME_ROLE ( 'creation_date' ) ;
#2545 = LINE ( 'NONE', #632, #344 ) ;
#2546 = CC_DESIGN_DATE_AND_TIME_ASSIGNMENT ( #1131, #1550, ( #2772 ) ) ;
#2547 = VERTEX_POINT ( 'NONE', #1314 ) ;
#2548 = DIRECTION ( 'NONE',  ( -2.312964634635743203E-17, -1.000000000000000000, 0.000000000000000000 ) ) ;
#2549 = CARTESIAN_POINT ( 'NONE',  ( 14.99999999999998757, 96.00000000000000000, 830.0000000000001137 ) ) ;
#2550 = VERTEX_POINT ( 'NONE', #669 ) ;
#2551 = DIRECTION ( 'NONE',  ( -0.000000000000000000, 0.000000000000000000, -1.000000000000000000 ) ) ;
#2552 = EDGE_LOOP ( 'NONE', ( #1958, #251, #1064, #1168 ) ) ;
#2553 = LINE ( 'NONE', #561, #948 ) ;
#2554 = CARTESIAN_POINT ( 'NONE',  ( -55.68457252124208168, 654.0800813008133900, -685.0000000000000000 ) ) ;
#2555 = VECTOR ( 'NONE', #2043, 1000.000000000000000 ) ;
#2556 = ORIENTED_EDGE ( 'NONE', *, *, #2276, .F. ) ;
#2557 = DIRECTION ( 'NONE',  ( -0.000000000000000000, -0.000000000000000000, -1.000000000000000000 ) ) ;
#2558 = CARTESIAN_POINT ( 'NONE',  ( -9.999999999999996447, 6.999999999999999112, 10.00000000000000000 ) ) ;
#2559 = FACE_OUTER_BOUND ( 'NONE', #1963, .T. ) ;
#2560 = ORIENTED_EDGE ( 'NONE', *, *, #1755, .T. ) ;
#2561 = LINE ( 'NONE', #2075, #1224 ) ;
#2562 = CARTESIAN_POINT ( 'NONE',  ( 357.9999999999999432, -92.00000000000000000, 22.00000000000000000 ) ) ;
#2563 = PERSON_AND_ORGANIZATION ( #178, #1059 ) ;
#2564 = DIRECTION ( 'NONE',  ( 0.000000000000000000, 0.000000000000000000, 1.000000000000000000 ) ) ;
#2565 = EDGE_CURVE ( 'NONE', #2450, #392, #720, .T. ) ;
#2566 = LINE ( 'NONE', #2526, #2018 ) ;
#2567 = EDGE_CURVE ( 'NONE', #2657, #2699, #571, .T. ) ;
#2568 = VERTEX_POINT ( 'NONE', #263 ) ;
#2569 = CARTESIAN_POINT ( 'NONE',  ( -15.00000000000003730, 0.000000000000000000, 0.000000000000000000 ) ) ;
#2570 = ADVANCED_BREP_SHAPE_REPRESENTATION ( '', ( #304, #1553 ), #2510 ) ;
#2571 = COORDINATED_UNIVERSAL_TIME_OFFSET ( 8, 0, .AHEAD. ) ;
#2572 = ORIENTED_EDGE ( 'NONE', *, *, #1277, .F. ) ;
#2573 = CARTESIAN_POINT ( 'NONE',  ( 0.000000000000000000, 1169.999999999999318, 869.9999999999998863 ) ) ;
#2574 = DIRECTION ( 'NONE',  ( 0.000000000000000000, 0.000000000000000000, -1.000000000000000000 ) ) ;
#2575 = DIRECTION ( 'NONE',  ( 1.000000000000000000, 0.000000000000000000, 0.000000000000000000 ) ) ;
#2576 = CARTESIAN_POINT ( 'NONE',  ( -100.0000000000000142, -16.00000000000000711, 72.00000000000001421 ) ) ;
#2577 = VECTOR ( 'NONE', #1489, 1000.000000000000000 ) ;
#2578 = CARTESIAN_POINT ( 'NONE',  ( -9.999999999999996447, 6.999999999999999112, 830.0000000000001137 ) ) ;
#2579 = ORIENTED_EDGE ( 'NONE', *, *, #2486, .T. ) ;
#2580 = EDGE_CURVE ( 'NONE', #2744, #521, #1789, .T. ) ;
#2581 = ORIENTED_EDGE ( 'NONE', *, *, #1338, .F. ) ;
#2582 = EDGE_LOOP ( 'NONE', ( #819, #1112, #2000, #1254 ) ) ;
#2583 = CARTESIAN_POINT ( 'NONE',  ( 2.000000000000001776, 37.00000000000000000, 830.0000000000001137 ) ) ;
#2584 = APPLICATION_PROTOCOL_DEFINITION ( 'international standard', 'config_control_design', 1994, #2376 ) ;
#2585 = LINE ( 'NONE', #1810, #2041 ) ;
#2586 = EDGE_CURVE ( 'NONE', #1803, #1005, #2055, .T. ) ;
#2587 = CARTESIAN_POINT ( 'NONE',  ( -210.0000000000000853, -575.0000000000003411, 869.9999999999998863 ) ) ;
#2588 = AXIS2_PLACEMENT_3D ( 'NONE', #421, #1472, #2725 ) ;
#2589 = CARTESIAN_POINT ( 'NONE',  ( -188.0000000000001705, -375.0000000000002274, 809.9999999999998863 ) ) ;
#2590 = LINE ( 'NONE', #1760, #2689 ) ;
#2591 = CARTESIAN_POINT ( 'NONE',  ( -100.0000000000000142, 14.24695047554423155, 49.80868809443030898 ) ) ;
#2592 = DIRECTION ( 'NONE',  ( 0.000000000000000000, -1.000000000000000000, 0.000000000000000000 ) ) ;
#2593 = DIRECTION ( 'NONE',  ( 1.000000000000000000, 1.214306433183764966E-16, 0.000000000000000000 ) ) ;
#2594 = SECURITY_CLASSIFICATION_LEVEL ( 'unclassified' ) ;
#2595 = DATE_AND_TIME ( #1016, #2328 ) ;
#2596 = DIRECTION ( 'NONE',  ( 0.000000000000000000, 0.000000000000000000, 1.000000000000000000 ) ) ;
#2597 = COORDINATED_UNIVERSAL_TIME_OFFSET ( 8, 0, .AHEAD. ) ;
#2598 = SHAPE_REPRESENTATION_RELATIONSHIP ( 'NONE' , 'NONE' ,  #488, #2570 ) ;
#2599 = ORIENTED_EDGE ( 'NONE', *, *, #771, .T. ) ;
#2600 = CC_DESIGN_PERSON_AND_ORGANIZATION_ASSIGNMENT ( #1369, #1770, ( #1257 ) ) ;
#2601 = DIRECTION ( 'NONE',  ( -0.000000000000000000, 1.000000000000000000, -0.000000000000000000 ) ) ;
#2602 = DIRECTION ( 'NONE',  ( 0.000000000000000000, -0.000000000000000000, 1.000000000000000000 ) ) ;
#2603 = APPROVAL_PERSON_ORGANIZATION ( #1167, #2734, #247 ) ;
#2604 = ORIENTED_EDGE ( 'NONE', *, *, #515, .T. ) ;
#2605 = EDGE_CURVE ( 'NONE', #1701, #2330, #2738, .T. ) ;
#2606 = EDGE_CURVE ( 'NONE', #1166, #2287, #1368, .T. ) ;
#2607 = CARTESIAN_POINT ( 'NONE',  ( 14.99999999999996092, 0.000000000000000000, 830.0000000000001137 ) ) ;
#2608 = PERSON_AND_ORGANIZATION_ROLE ( 'design_owner' ) ;
#2609 = DIRECTION ( 'NONE',  ( 0.000000000000000000, 0.000000000000000000, 1.000000000000000000 ) ) ;
#2610 = DIRECTION ( 'NONE',  ( 0.000000000000000000, 2.643388153869421297E-16, -1.000000000000000000 ) ) ;
#2611 = VECTOR ( 'NONE', #1114, 1000.000000000000000 ) ;
#2612 = PLANE ( 'NONE',  #1159 ) ;
#2613 = CYLINDRICAL_SURFACE ( 'NONE', #2425, 8.000000000000000000 ) ;
#2614 = CARTESIAN_POINT ( 'NONE',  ( 0.000000000000000000, 0.000000000000000000, 72.00000000000001421 ) ) ;
#2615 = DIRECTION ( 'NONE',  ( -1.000000000000000000, 0.000000000000000000, 0.000000000000000000 ) ) ;
#2616 = APPROVAL_STATUS ( 'not_yet_approved' ) ;
#2617 = EDGE_LOOP ( 'NONE', ( #2233, #1389, #1831, #1311 ) ) ;
#2618 = CARTESIAN_POINT ( 'NONE',  ( -210.0000000000001990, -175.0000000000002558, 30.00000000000000000 ) ) ;
#2619 = VERTEX_POINT ( 'NONE', #2587 ) ;
#2620 = DIRECTION ( 'NONE',  ( 0.000000000000000000, 0.000000000000000000, 1.000000000000000000 ) ) ;
#2621 = ORIENTED_EDGE ( 'NONE', *, *, #1058, .F. ) ;
#2622 = FACE_OUTER_BOUND ( 'NONE', #2078, .T. ) ;
#2623 = EDGE_CURVE ( 'NONE', #277, #99, #802, .T. ) ;
#2624 = SECURITY_CLASSIFICATION ( '', '', #1585 ) ;
#2625 = VECTOR ( 'NONE', #241, 1000.000000000000000 ) ;
#2626 = DIRECTION ( 'NONE',  ( 2.710505431213761085E-16, 1.000000000000000000, 0.000000000000000000 ) ) ;
#2627 = DATE_TIME_ROLE ( 'classification_date' ) ;
#2628 = CARTESIAN_POINT ( 'NONE',  ( -339.9999999999999432, -60.99999999999995737, -229.4999999999999716 ) ) ;
#2629 = VECTOR ( 'NONE', #2364, 1000.000000000000000 ) ;
#2630 = DIRECTION ( 'NONE',  ( 2.710505431213761085E-16, 1.000000000000000000, 0.000000000000000000 ) ) ;
#2631 = AXIS2_PLACEMENT_3D ( 'NONE', #958, #1047, #469 ) ;
#2632 = ORIENTED_EDGE ( 'NONE', *, *, #2142, .T. ) ;
#2633 = VECTOR ( 'NONE', #1857, 1000.000000000000000 ) ;
#2634 = DATE_AND_TIME ( #420, #986 ) ;
#2635 = CONTEXT_DEPENDENT_SHAPE_REPRESENTATION ( #1575, #753 ) ;
#2636 = VERTEX_POINT ( 'NONE', #1060 ) ;
#2637 = DIRECTION ( 'NONE',  ( 0.000000000000000000, -1.000000000000000000, 0.000000000000000000 ) ) ;
#2638 = APPROVAL_ROLE ( '' ) ;
#2639 = LINE ( 'NONE', #1533, #1740 ) ;
#2640 = VERTEX_POINT ( 'NONE', #1082 ) ;
#2641 = PRODUCT_DEFINITION ( '未知', '', #1899, #827 ) ;
#2642 = APPROVAL_DATE_TIME ( #429, #2734 ) ;
#2643 = ORIENTED_EDGE ( 'NONE', *, *, #1085, .T. ) ;
#2644 = PLANE ( 'NONE',  #824 ) ;
#2645 = EDGE_CURVE ( 'NONE', #143, #353, #2451, .T. ) ;
#2646 = DIRECTION ( 'NONE',  ( -1.000000000000000000, 0.000000000000000000, 0.000000000000000000 ) ) ;
#2647 = PERSON_AND_ORGANIZATION_ROLE ( 'classification_officer' ) ;
#2648 = PLANE ( 'NONE',  #913 ) ;
#2649 = DIRECTION ( 'NONE',  ( -0.000000000000000000, -0.000000000000000000, -1.000000000000000000 ) ) ;
#2650 = AXIS2_PLACEMENT_3D ( 'NONE', #728, #1539, #2181 ) ;
#2651 = DIRECTION ( 'NONE',  ( 0.000000000000000000, -1.000000000000000000, 0.000000000000000000 ) ) ;
#2652 = LINE ( 'NONE', #1370, #2710 ) ;
#2653 = DIRECTION ( 'NONE',  ( 1.000000000000000000, 0.000000000000000000, -0.000000000000000000 ) ) ;
#2654 = ORIENTED_EDGE ( 'NONE', *, *, #549, .F. ) ;
#2655 = VERTEX_POINT ( 'NONE', #2390 ) ;
#2656 = DIRECTION ( 'NONE',  ( 0.000000000000000000, -1.387778780781445922E-16, 1.000000000000000000 ) ) ;
#2657 = VERTEX_POINT ( 'NONE', #1095 ) ;
#2658 = DIRECTION ( 'NONE',  ( 0.000000000000000000, -1.000000000000000000, 0.000000000000000000 ) ) ;
#2659 = LINE ( 'NONE', #1127, #1447 ) ;
#2660 = UNCERTAINTY_MEASURE_WITH_UNIT (LENGTH_MEASURE( 1.000000000000000082E-05 ), #1236, 'distance_accuracy_value', 'NONE');
#2661 = AXIS2_PLACEMENT_3D ( 'NONE', #215, #2141, #1076 ) ;
#2662 = DIRECTION ( 'NONE',  ( 1.000000000000000000, 0.000000000000000000, 0.000000000000000000 ) ) ;
#2663 = EDGE_CURVE ( 'NONE', #2273, #1193, #2639, .T. ) ;
#2664 = VECTOR ( 'NONE', #2144, 1000.000000000000000 ) ;
#2665 = PLANE ( 'NONE',  #1679 ) ;
#2666 = CARTESIAN_POINT ( 'NONE',  ( -339.9999999999999432, -60.99999999999995737, -229.4999999999999716 ) ) ;
#2667 = CALENDAR_DATE ( 2026, 2, 6 ) ;
#2668 = CALENDAR_DATE ( 2026, 2, 6 ) ;
#2669 = ORIENTED_EDGE ( 'NONE', *, *, #1392, .T. ) ;
#2670 = APPROVAL_DATE_TIME ( #1376, #1170 ) ;
#2671 = VERTEX_POINT ( 'NONE', #1519 ) ;
#2672 = ADVANCED_FACE ( 'NONE', ( #1947 ), #1329, .T. ) ;
#2673 = CARTESIAN_POINT ( 'NONE',  ( 259.9999999999998863, 1199.999999999999545, 900.0000000000000000 ) ) ;
#2674 = EDGE_CURVE ( 'NONE', #2337, #216, #2134, .T. ) ;
#2675 = CC_DESIGN_SECURITY_CLASSIFICATION ( #2074, ( #2775 ) ) ;
#2676 = FACE_OUTER_BOUND ( 'NONE', #2552, .T. ) ;
#2677 = EDGE_CURVE ( 'NONE', #1868, #1494, #2760, .T. ) ;
#2678 = VECTOR ( 'NONE', #39, 1000.000000000000000 ) ;
#2679 = PLANE ( 'NONE',  #1925 ) ;
#2680 = AXIS2_PLACEMENT_3D ( 'NONE', #2628, #1138, #2402 ) ;
#2681 = DIRECTION ( 'NONE',  ( -1.000000000000000000, 0.000000000000000000, 0.000000000000000000 ) ) ;
#2682 = VERTEX_POINT ( 'NONE', #228 ) ;
#2683 = EDGE_LOOP ( 'NONE', ( #727, #1815, #2484, #1722, #1794, #1665, #2278, #378, #1491, #2754 ) ) ;
#2684 = ORIENTED_EDGE ( 'NONE', *, *, #1394, .T. ) ;
#2685 = VECTOR ( 'NONE', #127, 1000.000000000000000 ) ;
#2686 = FACE_OUTER_BOUND ( 'NONE', #1990, .T. ) ;
#2687 = CARTESIAN_POINT ( 'NONE',  ( 664.4749683231336803, -175.0000000000002558, 90.00000000000000000 ) ) ;
#2688 = APPROVAL ( #43, '未指定' ) ;
#2689 = VECTOR ( 'NONE', #1961, 1000.000000000000000 ) ;
#2690 = ADVANCED_FACE ( 'NONE', ( #1266 ), #656, .F. ) ;
#2691 = EDGE_CURVE ( 'NONE', #609, #1687, #592, .T. ) ;
#2692 = DIRECTION ( 'NONE',  ( 0.000000000000000000, -0.000000000000000000, 1.000000000000000000 ) ) ;
#2693 = VERTEX_POINT ( 'NONE', #872 ) ;
#2694 = VECTOR ( 'NONE', #2651, 1000.000000000000000 ) ;
#2695 = LOCAL_TIME ( 14, 42, 54.00000000000000000, #1050 ) ;
#2696 = AXIS2_PLACEMENT_3D ( 'NONE', #279, #20, #258 ) ;
#2697 = DATE_AND_TIME ( #498, #423 ) ;
#2698 = ADVANCED_FACE ( 'NONE', ( #1373 ), #1557, .F. ) ;
#2699 = VERTEX_POINT ( 'NONE', #219 ) ;
#2700 = DIRECTION ( 'NONE',  ( 0.000000000000000000, -0.000000000000000000, 1.000000000000000000 ) ) ;
#2701 = ORIENTED_EDGE ( 'NONE', *, *, #2142, .F. ) ;
#2702 = DIRECTION ( 'NONE',  ( 0.000000000000000000, 0.000000000000000000, 1.000000000000000000 ) ) ;
#2703 = ORIENTED_EDGE ( 'NONE', *, *, #2049, .T. ) ;
#2704 = DATE_AND_TIME ( #2168, #2513 ) ;
#2705 = VERTEX_POINT ( 'NONE', #2429 ) ;
#2706 = ADVANCED_FACE ( 'NONE', ( #1199 ), #276, .T. ) ;
#2707 = DIRECTION ( 'NONE',  ( -1.000000000000000000, -0.000000000000000000, 8.163404592832033966E-17 ) ) ;
#2708 = DIRECTION ( 'NONE',  ( 0.000000000000000000, 0.000000000000000000, -1.000000000000000000 ) ) ;
#2709 = EDGE_CURVE ( 'NONE', #2201, #990, #932, .T. ) ;
#2710 = VECTOR ( 'NONE', #1799, 1000.000000000000000 ) ;
#2711 = ADVANCED_FACE ( 'NONE', ( #1571 ), #481, .T. ) ;
#2712 = ORIENTED_EDGE ( 'NONE', *, *, #700, .F. ) ;
#2713 = AXIS2_PLACEMENT_3D ( 'NONE', #85, #532, #1823 ) ;
#2714 = ORIENTED_EDGE ( 'NONE', *, *, #1938, .F. ) ;
#2715 = ORIENTED_EDGE ( 'NONE', *, *, #1032, .F. ) ;
#2716 = VECTOR ( 'NONE', #2707, 1000.000000000000000 ) ;
#2717 = ADVANCED_FACE ( 'NONE', ( #712 ), #1992, .F. ) ;
#2718 = DIRECTION ( 'NONE',  ( -0.000000000000000000, 0.000000000000000000, -1.000000000000000000 ) ) ;
#2719 = DIRECTION ( 'NONE',  ( 1.040834085586084133E-16, -1.000000000000000000, 0.000000000000000000 ) ) ;
#2720 = LINE ( 'NONE', #1554, #2156 ) ;
#2721 = EDGE_CURVE ( 'NONE', #1628, #1002, #64, .T. ) ;
#2722 = VECTOR ( 'NONE', #1886, 1000.000000000000000 ) ;
#2723 = CALENDAR_DATE ( 2026, 2, 6 ) ;
#2724 = EDGE_CURVE ( 'NONE', #82, #2378, #229, .T. ) ;
#2725 = DIRECTION ( 'NONE',  ( 1.224646799147353207E-16, 1.500301384628590373E-16, 1.000000000000000000 ) ) ;
#2726 = COORDINATED_UNIVERSAL_TIME_OFFSET ( 8, 0, .AHEAD. ) ;
#2727 = ORIENTED_EDGE ( 'NONE', *, *, #449, .T. ) ;
#2728 = ADVANCED_FACE ( 'NONE', ( #17 ), #921, .T. ) ;
#2729 = CARTESIAN_POINT ( 'NONE',  ( 357.9999999999999432, 92.00000000000000000, 22.00000000000000000 ) ) ;
#2730 = PERSON_AND_ORGANIZATION ( #178, #1059 ) ;
#2731 = ORIENTED_EDGE ( 'NONE', *, *, #15, .T. ) ;
#2732 = VERTEX_POINT ( 'NONE', #294 ) ;
#2733 =( NAMED_UNIT ( * ) SI_UNIT ( $, .STERADIAN. ) SOLID_ANGLE_UNIT ( ) );
#2734 = APPROVAL ( #465, '未指定' ) ;
#2735 = CYLINDRICAL_SURFACE ( 'NONE', #273, 7.999999999999998224 ) ;
#2736 = DIRECTION ( 'NONE',  ( -0.000000000000000000, 0.000000000000000000, 1.000000000000000000 ) ) ;
#2737 = AXIS2_PLACEMENT_3D ( 'NONE', #1754, #2592, #888 ) ;
#2738 = LINE ( 'NONE', #2768, #981 ) ;
#2739 = EDGE_CURVE ( 'NONE', #2671, #392, #164, .T. ) ;
#2740 = ORIENTED_EDGE ( 'NONE', *, *, #1938, .T. ) ;
#2741 = ORIENTED_EDGE ( 'NONE', *, *, #1453, .T. ) ;
#2742 =( LENGTH_UNIT ( ) NAMED_UNIT ( * ) SI_UNIT ( .MILLI., .METRE. ) );
#2743 = ORIENTED_EDGE ( 'NONE', *, *, #2047, .F. ) ;
#2744 = VERTEX_POINT ( 'NONE', #2011 ) ;
#2745 = CARTESIAN_POINT ( 'NONE',  ( 339.9999999999999432, -60.99999999999995737, -229.5000000000000284 ) ) ;
#2746 = LINE ( 'NONE', #314, #408 ) ;
#2747 = CARTESIAN_POINT ( 'NONE',  ( 259.9999999999998863, -545.0000000000002274, 809.9999999999998863 ) ) ;
#2748 = LINE ( 'NONE', #1008, #2150 ) ;
#2749 = DIRECTION ( 'NONE',  ( 0.000000000000000000, 0.000000000000000000, 1.000000000000000000 ) ) ;
#2750 = VECTOR ( 'NONE', #2417, 1000.000000000000000 ) ;
#2751 = EDGE_CURVE ( 'NONE', #2469, #990, #1849, .T. ) ;
#2752 = ORIENTED_EDGE ( 'NONE', *, *, #1594, .T. ) ;
#2753 = VECTOR ( 'NONE', #2524, 1000.000000000000000 ) ;
#2754 = ORIENTED_EDGE ( 'NONE', *, *, #1067, .T. ) ;
#2755 = CC_DESIGN_SECURITY_CLASSIFICATION ( #2624, ( #2777 ) ) ;
#2756 = CARTESIAN_POINT ( 'NONE',  ( 259.9999999999998863, 0.000000000000000000, 0.000000000000000000 ) ) ;
#2757 = LOCAL_TIME ( 14, 42, 54.00000000000000000, #2726 ) ;
#2758 = VERTEX_POINT ( 'NONE', #1022 ) ;
#2759 = ORIENTED_EDGE ( 'NONE', *, *, #2645, .T. ) ;
#2760 = LINE ( 'NONE', #2573, #2508 ) ;
#2761 = VERTEX_POINT ( 'NONE', #211 ) ;
#2762 = CARTESIAN_POINT ( 'NONE',  ( -290.0000000000000568, -1120.000000000000227, 869.9999999999998863 ) ) ;
#2763 = AXIS2_PLACEMENT_3D ( 'NONE', #1660, #832, #158 ) ;
#2764 = DIRECTION ( 'NONE',  ( 1.000000000000000000, 0.000000000000000000, 0.000000000000000000 ) ) ;
#2765 = CALENDAR_DATE ( 2026, 2, 6 ) ;
#2766 = CARTESIAN_POINT ( 'NONE',  ( 14.99999999999996092, 1.999999999999999556, 10.00000000000000000 ) ) ;
#2767 = FACE_OUTER_BOUND ( 'NONE', #301, .T. ) ;
#2768 = CARTESIAN_POINT ( 'NONE',  ( 99.99999999999998579, -15.99999999999998579, 72.00000000000001421 ) ) ;
#2769 = VERTEX_POINT ( 'NONE', #1028 ) ;
#2770 = DIRECTION ( 'NONE',  ( -0.000000000000000000, -0.000000000000000000, -1.000000000000000000 ) ) ;
#2771 = LINE ( 'NONE', #2522, #722 ) ;
#2772 = PRODUCT_DEFINITION ( '未知', '', #2255, #1825 ) ;
#2773 = PLANE ( 'NONE',  #585 ) ;
#2774 = ORIENTED_EDGE ( 'NONE', *, *, #1394, .F. ) ;
#2775 = NEXT_ASSEMBLY_USAGE_OCCURRENCE ( 'NAUO1', ' ', ' ', #2641, #1013, $ ) ;
#2776 = NEXT_ASSEMBLY_USAGE_OCCURRENCE ( 'NAUO2', ' ', ' ', #2641, #1107, $ ) ;
#2777 = NEXT_ASSEMBLY_USAGE_OCCURRENCE ( 'NAUO3', ' ', ' ', #2641, #1107, $ ) ;
#2778 = NEXT_ASSEMBLY_USAGE_OCCURRENCE ( 'NAUO4', ' ', ' ', #2641, #2772, $ ) ;
ENDSEC;
END-ISO-10303-21;
